date,symbol,series,isin,open,high,low,close,volume,turnover
2010-01-04,CIPLA,,,338,339.5,336,337.55,635013,214367063.05
2010-01-05,CIPLA,,,338.55,342.4,330.5,331.5,1664976,556076497.15
2010-01-06,CIPLA,,,332,348.9,330.35,344.9,3580916,1225458223.15
2010-01-07,CIPLA,,,346,350.4,340.5,342.05,1555841,536230481.25
2010-01-08,CIPLA,,,345,346.5,340.2,341.1,913410,313388176.55
2010-01-11,CIPLA,,,343.8,346.2,341,342.3,741426,254524595.75
2010-01-12,CIPLA,,,342.3,344.4,336.55,339.65,1083070,368171552.6
2010-01-13,CIPLA,,,338.9,345.7,337,341.85,957815,327160263.5
2010-01-14,CIPLA,,,344.45,345,340,340.8,750438,256670667.45
2010-01-15,CIPLA,,,341.3,353,338.65,350.2,2637077,918868306.55
2010-01-18,CIPLA,,,349.5,358.4,345.1,348.05,1472491,512915301.3
2010-01-19,CIPLA,,,348.9,351.5,341,342.45,717425,248045516.15
2010-01-20,CIPLA,,,343,347.7,341.4,342.55,713101,245686389.65
2010-01-21,CIPLA,,,342.55,347.95,336,337.5,764069,261694105.65
2010-01-22,CIPLA,,,335.8,337,323.35,330.3,1541620,509211949.85
2010-01-25,CIPLA,,,325,332.7,320,326.95,527544,173182763.9
2010-01-27,CIPLA,,,326,326.85,310,313.5,1479710,468381877.2
2010-01-28,CIPLA,,,316.1,328,314.2,317.85,2473512,791508509.15
2010-01-29,CIPLA,,,318.1,323.75,303,317.2,2282638,714777183.85
2010-02-01,CIPLA,,,319,327.9,316.5,326.05,964639,311473225.7
2010-02-02,CIPLA,,,326.05,329.9,311.25,313.75,1101300,351840186.6
2010-02-03,CIPLA,,,318.85,327,316,320.7,668662,213995095.55
2010-02-04,CIPLA,,,320.5,320.7,310.6,313.15,883457,278098104.3
2010-02-05,CIPLA,,,310,313,304.6,309.5,1380008,427599887.3
2010-02-08,CIPLA,,,311.5,318,304.45,316.75,790303,247101590.75
2010-02-09,CIPLA,,,317,322.9,314.35,321.4,837918,267838623.45
2010-02-10,CIPLA,,,323,325.6,311.25,312.25,930007,293682877.6
2010-02-11,CIPLA,,,313,317.75,311.35,312.1,536129,168252534.7
2010-02-15,CIPLA,,,313,317.95,312,316.7,722606,228405897
2010-02-16,CIPLA,,,317,323.5,316.35,322.5,770797,247082300.8
2010-02-17,CIPLA,,,323,325.9,317.05,318.8,906159,291468183.4
2010-02-18,CIPLA,,,319,324.75,317.1,318,565791,181635420.8
2010-02-19,CIPLA,,,318,319,313.1,316.15,510660,161562960.15
2010-02-22,CIPLA,,,317.15,320.4,311.1,312.8,756896,238331692.9
2010-02-23,CIPLA,,,312.55,312.95,305.35,309.9,816336,253116396.05
2010-02-24,CIPLA,,,309,309.5,302.05,303.15,1128945,344405923.75
2010-02-25,CIPLA,,,304.5,309.8,301.8,303.55,1838444,561099967.05
2010-02-26,CIPLA,,,305,319,303.35,316.15,1066163,333409205.95
2010-03-02,CIPLA,,,311,319.95,311,315.3,699176,221074049.4
2010-03-03,CIPLA,,,316,321.9,315.55,320.55,1130913,361668959.55
2010-03-04,CIPLA,,,320.55,321.9,315.2,318.25,1419352,450812993.5
2010-03-05,CIPLA,,,321,325.5,319.75,321.3,1365247,440856323.4
2010-03-08,CIPLA,,,321.5,324.9,318.05,321.6,841443,271375412.85
2010-03-09,CIPLA,,,322,323.85,314,314.45,915288,289762672.85
2010-03-10,CIPLA,,,315,320,314.5,316.2,852963,270205616.35
2010-03-11,CIPLA,,,316.5,320.45,316.1,318.3,1038962,330572122.7
2010-03-12,CIPLA,,,319.05,321.3,315.1,316,462648,146991911.5
2010-03-15,CIPLA,,,316.1,321,313.1,314.4,370546,116513643.9
2010-03-16,CIPLA,,,314.5,319.9,314.5,317.8,372492,118041374.5
2010-03-17,CIPLA,,,318.5,334.3,318.5,332.2,2491427,815395278.9
2010-03-18,CIPLA,,,334,336,327.55,329.25,1336085,442227148.15
2010-03-19,CIPLA,,,330,335,328.3,333.5,1063228,352447244.3
2010-03-22,CIPLA,,,326,338.3,326,333.35,1169177,392129693.9
2010-03-23,CIPLA,,,334,343.9,334,342,2492255,849542020
2010-03-25,CIPLA,,,342,351.8,339,348.8,3023465,1048045092.15
2010-03-26,CIPLA,,,350,354.75,343.5,344.8,1259723,437569823.1
2010-03-29,CIPLA,,,340,348.4,335.7,342.55,1190836,408570450.5
2010-03-30,CIPLA,,,344,354.85,336.2,338.15,674617,230832049.5
2010-03-31,CIPLA,,,339,341.55,334,338.35,707879,239997380.6
2010-04-01,CIPLA,,,339,342.85,337.65,339,738013,250639767.8
2010-04-05,CIPLA,,,340,351.35,340,349.95,1279262,442628588.95
2010-04-06,CIPLA,,,351,351.9,338,338.4,1274158,434659425.55
2010-04-07,CIPLA,,,340,340.95,333.55,336.3,1274324,428101337.9
2010-04-08,CIPLA,,,337.9,338.5,330.6,335.2,1067527,357613132.85
2010-04-09,CIPLA,,,337,338,332.1,335.4,1244003,417088323.35
2010-04-12,CIPLA,,,335.4,336,329.1,334,1961948,654795454.55
2010-04-13,CIPLA,,,335.5,336.5,333.1,334.8,1017904,340405312.2
2010-04-15,CIPLA,,,337,337.9,327.65,330.2,1240752,413755107.95
2010-04-16,CIPLA,,,330,333.85,324.45,330.4,968600,319620711.95
2010-04-19,CIPLA,,,329,335,322.1,333.1,985314,324067803.55
2010-04-20,CIPLA,,,335,335.75,327.4,329.05,1580997,525494685.85
2010-04-21,CIPLA,,,332,336.8,329.1,334.25,1815910,604629289.35
2010-04-22,CIPLA,,,335.5,339.95,328.5,331.95,1324223,446959939.15
2010-04-23,CIPLA,,,333,333.9,329.15,331.6,637429,211332073
2010-04-26,CIPLA,,,333,336.5,328.9,329.75,477958,158833756.45
2010-04-27,CIPLA,,,327,336.25,327,335.05,913362,304849369.85
2010-04-28,CIPLA,,,333.75,338.45,330.4,336.75,1131512,380436964.5
2010-04-29,CIPLA,,,338,340.45,331.1,332.7,1231208,413071740.6
2010-04-30,CIPLA,,,336,345,335.05,343.15,2069080,706318041.25
2010-05-03,CIPLA,,,345,345,336.55,337.65,959786,326512997.6
2010-05-04,CIPLA,,,338,340.9,332.1,334.8,683342,230623020.45
2010-05-05,CIPLA,,,331,339.8,328,335.2,1222625,410318746.55
2010-05-06,CIPLA,,,337,348.5,335.2,345.6,2542312,875261513.6
2010-05-07,CIPLA,,,343,353.85,339.85,342.05,2889590,999812095.05
2010-05-10,CIPLA,,,344,345,309.8,319,4312483,1390464377.45
2010-05-11,CIPLA,,,318,324.5,312.05,313.9,2504025,797135462.85
2010-05-12,CIPLA,,,315,319,313.9,315.5,1299609,411092189
2010-05-13,CIPLA,,,320.1,320.1,314.1,314.65,754474,238350453.15
2010-05-14,CIPLA,,,314.5,318.8,312.05,313.15,697682,220556598.6
2010-05-17,CIPLA,,,312,316,306.1,314.95,911844,283290349.45
2010-05-18,CIPLA,,,316,317.4,310,311.2,903395,283129766.5
2010-05-19,CIPLA,,,309.7,314.9,309,312.35,1832136,570869214
2010-05-20,CIPLA,,,314,321,310.1,317.65,1531012,482157104.3
2010-05-21,CIPLA,,,313,324,311.75,316.6,2239427,715573172.9
2010-05-24,CIPLA,,,319.6,322.7,312,313.35,904502,285293187.2
2010-05-25,CIPLA,,,313.5,315.4,309.65,312.9,1332477,417219695.25
2010-05-26,CIPLA,,,316,320.8,314,319.4,910166,289104021.95
2010-05-27,CIPLA,,,320,320.9,314.45,317,1618806,514603539.4
2010-05-28,CIPLA,,,319,321.8,317.75,320.35,1028008,328624671.45
2010-05-31,CIPLA,,,321,325.45,317.1,319,1770808,566446556.6
2010-06-01,CIPLA,,,319.5,325,317.25,324,2248169,725973220.15
2010-06-02,CIPLA,,,323,327.95,322.2,324.75,1282374,417192252.9
2010-06-03,CIPLA,,,326,327.45,322,323.9,1018702,330559514.55
2010-06-04,CIPLA,,,323.9,326.7,323.9,325.1,345058,112237642.75
2010-06-07,CIPLA,,,321,323.5,318.25,322.05,1507894,484343339.4
2010-06-08,CIPLA,,,324,327.4,321,324.05,1425716,462815790.3
2010-06-09,CIPLA,,,326,326.8,320.7,324.4,605746,196551644.8
2010-06-10,CIPLA,,,324.4,337,324.15,335.45,1520702,503247033.35
2010-06-11,CIPLA,,,337,342.25,334.05,337.6,1475551,499886584.6
2010-06-14,CIPLA,,,338.5,341.65,335.7,340.3,740459,251252964.95
2010-06-15,CIPLA,,,340.05,341,332.7,338,718333,242106545.4
2010-06-16,CIPLA,,,340.2,344.95,330.55,333.4,1739491,586617334.05
2010-06-17,CIPLA,,,334,336.25,329.25,334.65,734646,244451247.1
2010-06-18,CIPLA,,,335.15,339,331.25,338.1,919252,309590883.85
2010-06-21,CIPLA,,,339,341.35,337.75,340,691196,234859351.2
2010-06-22,CIPLA,,,340,340,335.4,336.35,641050,216321160.65
2010-06-23,CIPLA,,,336.35,340.4,333.55,339.1,1027595,347947021.25
2010-06-24,CIPLA,,,340,342.8,337.05,341.3,1418902,483030305.5
2010-06-25,CIPLA,,,340.8,350.5,340.8,347.1,1515760,527303744.45
2010-06-28,CIPLA,,,348,352,344.3,348.4,779746,271250824
2010-06-29,CIPLA,,,348.4,348.4,340,340.6,491114,168294385.05
2010-06-30,CIPLA,,,338,341.7,334.35,338.5,1223210,413405733.8
2010-07-01,CIPLA,,,338,339.8,334.55,335.25,417953,140544209.85
2010-07-02,CIPLA,,,334.5,338.8,334.5,336.8,348768,117507185.85
2010-07-05,CIPLA,,,338,342.9,336.05,337.3,711437,241628090
2010-07-06,CIPLA,,,340,341.8,338,338.9,623902,211550793.25
2010-07-07,CIPLA,,,339.5,340,333.3,334.65,718631,241066101
2010-07-08,CIPLA,,,336,340.75,335.7,339.45,634822,215472949
2010-07-09,CIPLA,,,339.45,340.2,336.55,338.35,375238,126904189.05
2010-07-12,CIPLA,,,336,338.5,330.2,335.9,395923,133081231.05
2010-07-13,CIPLA,,,336.5,337.6,334.5,335.6,378885,127191628.45
2010-07-14,CIPLA,,,337,341,328.1,329.75,779905,260572056
2010-07-15,CIPLA,,,332,334.6,325.5,327.6,771358,253081222.1
2010-07-16,CIPLA,,,328,331.2,326.3,330.6,997589,328925146.6
2010-07-19,CIPLA,,,330.6,332,328,330.05,369844,122050586.4
2010-07-20,CIPLA,,,329.05,331.45,326,326.6,309968,101866411.2
2010-07-21,CIPLA,,,325,328.75,324.2,325.3,735426,239924065.7
2010-07-22,CIPLA,,,327,330.8,326.15,328.05,888355,291590456.5
2010-07-23,CIPLA,,,330,330,325,325.55,659872,215584933.8
2010-07-26,CIPLA,,,327,329.2,324.8,325.5,565030,184630183.05
2010-07-27,CIPLA,,,326.5,328.45,323.9,325.7,501605,163636901.5
2010-07-28,CIPLA,,,326,332.4,326,330.45,1775487,586485713.85
2010-07-29,CIPLA,,,331,333.8,326,327.3,1271940,419585979.35
2010-07-30,CIPLA,,,328,330.9,323.35,326.3,853518,278912383.15
2010-08-02,CIPLA,,,327,328.45,325,325.65,623879,203686164.2
2010-08-03,CIPLA,,,326.5,327,323.1,325.85,458255,149096716
2010-08-04,CIPLA,,,325.3,326.05,322.05,323.65,574790,185975582.5
2010-08-05,CIPLA,,,323.9,325,320.1,320.65,613506,197235297.95
2010-08-06,CIPLA,,,320.65,323.45,320.5,321.5,777731,250556499.2
2010-08-09,CIPLA,,,322.8,324.9,318.35,319.9,663602,212487155.85
2010-08-10,CIPLA,,,321.05,321.05,317,319.1,558974,177952559.65
2010-08-11,CIPLA,,,318.7,319.95,312.5,313.15,1338432,421160501.15
2010-08-12,CIPLA,,,313,316.9,310.5,313.35,765067,240338177
2010-08-13,CIPLA,,,314.9,318.6,313.35,314.85,926238,293355968.25
2010-08-16,CIPLA,,,316,317.95,302.5,304,3631450,1109902513.65
2010-08-17,CIPLA,,,305,310,303.35,304.4,1738465,531584892.65
2010-08-18,CIPLA,,,306,307.35,300,304.1,1596675,485769562.05
2010-08-19,CIPLA,,,305,307.35,303.55,304.5,1264601,385825701.85
2010-08-20,CIPLA,,,305,312.9,304.75,310.2,2355601,729721427.45
2010-08-23,CIPLA,,,310,319.45,310,317.4,2925575,926036589.7
2010-08-24,CIPLA,,,321,321,313.8,316.7,1864286,589780895.95
2010-08-25,CIPLA,,,317,319.9,305,308.8,3021132,942910125.15
2010-08-26,CIPLA,,,307,310,305.35,307.65,2190530,672723527.15
2010-08-27,CIPLA,,,308,309.9,302.1,302.9,1097558,333588541.3
2010-08-30,CIPLA,,,305,306.5,303.1,304.6,867251,264630629.85
2010-08-31,CIPLA,,,304,306.8,302,303.25,1507141,458390153
2010-09-01,CIPLA,,,304,306.4,303.25,305.4,1001984,305243082.45
2010-09-02,CIPLA,,,306,307.75,303.6,305.35,1014271,309503632.25
2010-09-03,CIPLA,,,306,309.4,305,307.05,1021604,314343079.6
2010-09-06,CIPLA,,,308.05,310.6,307.6,309.9,1045581,323555963.45
2010-09-07,CIPLA,,,311,315.4,309.1,312.95,1858323,582353775.15
2010-09-08,CIPLA,,,316,316,309.65,310.7,854618,265951387.7
2010-09-09,CIPLA,,,311.1,312.95,304.55,306.5,2242978,686477909.05
2010-09-13,CIPLA,,,308,309.95,304.6,305.55,1411122,432419060.8
2010-09-14,CIPLA,,,306.7,314.5,306.05,310.45,1434576,446045806.85
2010-09-15,CIPLA,,,313,315,306.65,307.55,2750483,857240886.45
2010-09-16,CIPLA,,,307.55,311.15,304.55,305.5,1474508,452471488.25
2010-09-17,CIPLA,,,306,310.9,305.7,308.9,2181230,672737436.55
2010-09-20,CIPLA,,,311,316.5,310.2,315.95,2154362,676456927.65
2010-09-21,CIPLA,,,318,323.4,315.5,321.6,2516779,805858069.15
2010-09-22,CIPLA,,,322,324,318.35,319.75,1178947,378203426.8
2010-09-23,CIPLA,,,320,321.6,312,314.15,1479627,468566331.1
2010-09-24,CIPLA,,,315,318.55,314.25,316.15,1087899,344382246.3
2010-09-27,CIPLA,,,321,324.95,319.15,321.3,997138,320197271.75
2010-09-28,CIPLA,,,321,323.25,319.95,320.85,1155589,371466415.9
2010-09-29,CIPLA,,,321,322.4,315.35,317.1,1489638,473705236.4
2010-09-30,CIPLA,,,319,323.75,314.05,322.35,1451799,464423441.75
2010-10-01,CIPLA,,,323.9,328.65,322.35,323.8,1918195,624866726.1
2010-10-04,CIPLA,,,325,329.4,324.05,328.05,966340,315935358.7
2010-10-05,CIPLA,,,329,333.2,326.85,329.35,1259245,416805003.75
2010-10-06,CIPLA,,,333,333.75,325.85,326.9,1263282,416402340.2
2010-10-07,CIPLA,,,327,332.95,326.5,331.15,1841608,608282546.95
2010-10-08,CIPLA,,,332.2,340.3,332.15,337.2,3123274,1052311685.9
2010-10-11,CIPLA,,,334,341.8,330,339.45,1285119,436132023.95
2010-10-12,CIPLA,,,339.9,341.5,334.9,339.85,1361105,460404573.3
2010-10-13,CIPLA,,,340.5,342.15,338,339.7,1334489,453942083.25
2010-10-14,CIPLA,,,340,342.6,332.6,334.4,947779,319484904
2010-10-15,CIPLA,,,335.4,337.4,330.3,331.7,1120792,373778664.35
2010-10-18,CIPLA,,,326.15,334,323.5,326,2096324,685767727.9
2010-10-19,CIPLA,,,326.5,337.35,326.5,331.95,2200748,733227079.9
2010-10-20,CIPLA,,,332,336,331.5,333,751669,251299734.5
2010-10-21,CIPLA,,,335.1,348.25,335.1,345.25,3160737,1082112664.2
2010-10-22,CIPLA,,,348.7,348.7,341.05,344.35,898132,309603276.5
2010-10-25,CIPLA,,,345.2,356.2,345,352.8,3177781,1120443979.55
2010-10-26,CIPLA,,,355,358.95,351.15,355.45,1779662,633514428.25
2010-10-27,CIPLA,,,358.4,359.8,346.1,350.55,1484467,524007891.95
2010-10-28,CIPLA,,,353,357.95,347.65,350.15,2497525,877893448.9
2010-10-29,CIPLA,,,353,355.95,341.65,352.95,1725896,606438866.6
2010-11-01,CIPLA,,,355,362.8,354.05,356.6,1996703,715585159.75
2010-11-02,CIPLA,,,358,358,348.35,350.75,1831772,646550907.8
2010-11-03,CIPLA,,,353.8,353.8,345.45,347.25,1475000,515968202.3
2010-11-04,CIPLA,,,351.8,352.6,349.05,349.95,888346,311400015.8
2010-11-05,CIPLA,,,352.4,354.25,351.25,352.95,203074,71632450.3
2010-11-08,CIPLA,,,351,354.95,347.65,348.9,2022753,709689676.15
2010-11-09,CIPLA,,,350.2,351.05,346.55,349.95,977010,341553766.55
2010-11-10,CIPLA,,,349.1,350,342.05,342.7,830584,285581258.65
2010-11-11,CIPLA,,,345.25,346.45,330.5,331.85,1524864,515214997.35
2010-11-12,CIPLA,,,329,340.75,327,329.65,3881595,1293228132.75
2010-11-15,CIPLA,,,332.4,345.05,325.75,343.85,2800064,950277500.25
2010-11-16,CIPLA,,,343.1,345.5,333.1,339.25,1927773,652105191.05
2010-11-18,CIPLA,,,341.45,356.6,337.4,353.95,5092075,1779590916.65
2010-11-19,CIPLA,,,355,356,338.1,342.8,2509779,874114716.5
2010-11-22,CIPLA,,,345.95,350,338.55,348.1,1740652,602104417.3
2010-11-23,CIPLA,,,345,348,332,346.15,1500870,514099387.65
2010-11-24,CIPLA,,,345,347.85,338,340.7,992522,342138864.6
2010-11-25,CIPLA,,,339.5,342.9,331.05,333.9,2388401,803532829.25
2010-11-26,CIPLA,,,336.9,344.45,325.5,340.1,1988714,672834295.75
2010-11-29,CIPLA,,,338.75,344.9,336.05,338.1,619282,211498327.75
2010-11-30,CIPLA,,,337.8,345.9,335,343.3,1815025,620697006.35
2010-12-01,CIPLA,,,344.5,372.8,343.05,365.15,4470574,1613559265.4
2010-12-02,CIPLA,,,369.5,370.8,358.25,364.95,3062176,1120125329.8
2010-12-03,CIPLA,,,365.9,375.4,363.9,370.25,3143948,1164512651.75
2010-12-06,CIPLA,,,375,379.8,368.2,370,1919944,718962415.5
2010-12-07,CIPLA,,,371,373.65,363.75,371.35,1250421,461260575.7
2010-12-08,CIPLA,,,370.95,373,366.65,368.65,1254106,463829807.65
2010-12-09,CIPLA,,,368.95,370,346,349.9,1592776,563698442.7
2010-12-10,CIPLA,,,350.5,366.95,337,347.45,3581551,1268969849.1
2010-12-13,CIPLA,,,348,360,347.5,355.4,1878412,668300966.7
2010-12-14,CIPLA,,,358,362.35,355.55,359,1116925,401371570.55
2010-12-15,CIPLA,,,357.5,359.6,349.15,354.5,951023,336103495.9
2010-12-16,CIPLA,,,355,358.8,349.25,356.7,743954,262324768.3
2010-12-20,CIPLA,,,357.6,368.1,357.3,365.75,2001522,725801971.85
2010-12-21,CIPLA,,,368.8,371.75,363.75,366.6,1227905,452492899.65
2010-12-22,CIPLA,,,368,368,357,361.8,959250,346463965
2010-12-23,CIPLA,,,361.05,364.45,358,359.7,605999,218455285.75
2010-12-24,CIPLA,,,359,366.9,355.1,363.7,798349,288526194.6
2010-12-27,CIPLA,,,364,371.9,363.85,370.1,1189445,437512449.7
2010-12-28,CIPLA,,,372,374.25,366.3,371.15,1821832,676721515.65
2010-12-29,CIPLA,,,368.55,371.05,363.7,366.65,823125,302128297
2010-12-30,CIPLA,,,367.4,371.8,363.55,369.05,1181554,434963465.9
2010-12-31,CIPLA,,,370.05,371.9,368.1,369.8,540435,199952148.7
2011-01-03,CIPLA,,,370.9,376.5,367.55,372.5,1385467,515829050.85
2011-01-04,CIPLA,,,375,381,370.05,379.25,1826723,687988077.5
2011-01-05,CIPLA,,,378.8,379.85,373.4,376.35,1056769,397979807.55
2011-01-06,CIPLA,,,377.25,378.15,361.25,363.6,2097557,766036275
2011-01-07,CIPLA,,,363.55,369.95,353.25,357,901911,328303661.65
2011-01-10,CIPLA,,,357.05,357.35,345.6,348.1,794175,278313513
2011-01-11,CIPLA,,,350.05,354.9,344.05,346.65,1196018,415684235.8
2011-01-12,CIPLA,,,350,351.8,338.1,346.8,1372041,474088689.55
2011-01-13,CIPLA,,,348.5,350,339.35,344.5,1042736,359286124.75
2011-01-14,CIPLA,,,344.5,355.4,338.05,339.5,1202286,416449068.9
2011-01-17,CIPLA,,,341,348.1,337.5,346.8,1386575,478228606.5
2011-01-18,CIPLA,,,347.55,357,347.4,354.6,1447030,512277241
2011-01-19,CIPLA,,,355.75,359.5,350,351.55,1405651,499190914.45
2011-01-20,CIPLA,,,347.2,353.2,344,351.35,859912,300186766.8
2011-01-21,CIPLA,,,347.15,355,345.25,354,856676,300677275.25
2011-01-24,CIPLA,,,353.05,356,347.5,348.5,569047,199848195.3
2011-01-25,CIPLA,,,349.9,351.9,341.1,343.15,575872,199424309.1
2011-01-27,CIPLA,,,348.8,349.5,332.4,333.45,1991066,671098895.85
2011-01-28,CIPLA,,,340.1,340.9,324.75,335.1,2036442,674190210.5
2011-01-31,CIPLA,,,334,336.7,326,332.15,1470117,489532923.15
2011-02-01,CIPLA,,,332.5,334.6,327.25,329,663464,218922310.9
2011-02-02,CIPLA,,,332.55,334,322.45,325.5,1167093,381830671.05
2011-02-03,CIPLA,,,324.4,332.85,324,329.4,1111962,366877213.05
2011-02-04,CIPLA,,,329.4,329.4,322,324.3,2033304,662319607.3
2011-02-07,CIPLA,,,313.1,319.9,308.5,314.55,2238367,702776433.1
2011-02-08,CIPLA,,,318.8,322.4,314.65,316.8,1192460,379829201.85
2011-02-09,CIPLA,,,317.5,318.4,308.8,311.6,1820152,573454416.45
2011-02-10,CIPLA,,,312,315,296.3,310.7,2212388,676978034
2011-02-11,CIPLA,,,312,313.5,306.95,311.15,780201,241659360.15
2011-02-14,CIPLA,,,313,318.65,310.1,313,504557,158927324.6
2011-02-15,CIPLA,,,315,317.7,307.5,309.85,974648,302770509.4
2011-02-16,CIPLA,,,311.9,313.7,304.95,305.8,873172,269242271.8
2011-02-17,CIPLA,,,306,307.2,302.2,305.2,963579,293922319.1
2011-02-18,CIPLA,,,306,311.95,305.55,307.25,2018104,622153339.9
2011-02-21,CIPLA,,,308,309.3,304.15,306.2,1014326,310425605.45
2011-02-22,CIPLA,,,305.1,306.3,302,305.2,1019667,310150690.2
2011-02-23,CIPLA,,,305,307.9,302,303.15,1016685,310914022.65
2011-02-24,CIPLA,,,300,305.85,295.65,298.7,2313090,694900995.25
2011-02-25,CIPLA,,,301.9,307,299.05,301.65,1527706,464811504.1
2011-02-28,CIPLA,,,302,305,298.15,299.65,814837,246024411.05
2011-03-01,CIPLA,,,300,306.4,300,305.9,1219413,371428552.1
2011-03-03,CIPLA,,,306.25,309.25,303,305.8,1978911,606134449.1
2011-03-04,CIPLA,,,310.45,310.8,303.2,304.15,1862924,570364448.7
2011-03-07,CIPLA,,,304,306.75,302,305.3,1168347,355926985.5
2011-03-08,CIPLA,,,309.4,309.4,306,307.4,1343011,413010032.1
2011-03-09,CIPLA,,,308,309.4,300.1,301.5,1853817,561550360.9
2011-03-10,CIPLA,,,303,303,298.2,299.9,910790,273179716.5
2011-03-11,CIPLA,,,298.75,300.65,289,295.25,1732461,511695580.8
2011-03-14,CIPLA,,,295,301.55,291.3,300.1,860558,254803961.7
2011-03-15,CIPLA,,,296.55,301,292.15,297.65,1730529,512725403.55
2011-03-16,CIPLA,,,298.5,303.45,295.3,296,965062,288880587.7
2011-03-17,CIPLA,,,295,300,294,298.15,703456,209734233.9
2011-03-18,CIPLA,,,301.5,301.85,289.75,293.05,1955596,572535737.95
2011-03-21,CIPLA,,,294.1,295.5,286.05,287.75,928949,269343126.05
2011-03-22,CIPLA,,,288.3,293.8,288.2,291.6,2032750,592119183.65
2011-03-23,CIPLA,,,293,306,292.8,303.95,1365504,409424732.75
2011-03-24,CIPLA,,,304.85,306.5,302.4,305.95,716604,219096824
2011-03-25,CIPLA,,,306.5,309.95,304.6,307.6,1190776,364771635.05
2011-03-28,CIPLA,,,308.5,312.75,302.15,308.1,2006325,615535839.45
2011-03-29,CIPLA,,,308.1,316,306.5,314,1016484,316702061.6
2011-03-30,CIPLA,,,313.6,332.75,313.25,327.85,1611381,521139659.75
2011-03-31,CIPLA,,,329,329.25,318.4,321.65,2717130,874146587.55
2011-04-01,CIPLA,,,322.9,326.45,317.2,319.85,1310131,419586514.65
2011-04-04,CIPLA,,,323.7,323.7,315.25,316.15,1267899,400890053.9
2011-04-05,CIPLA,,,318.5,322.25,317.25,321.2,826522,264293790.8
2011-04-06,CIPLA,,,322,326,318.2,319.95,1374425,441672974.45
2011-04-07,CIPLA,,,320.5,322.45,319.4,320.45,641702,205550307.25
2011-04-08,CIPLA,,,323.25,323.25,317.05,318.05,959923,305499307.9
2011-04-11,CIPLA,,,318,321.9,317.5,319.45,973892,311245611.3
2011-04-13,CIPLA,,,319.25,325,317,324.25,1129432,364703788.95
2011-04-15,CIPLA,,,325,325,320,321.65,687572,221572063.9
2011-04-18,CIPLA,,,321.9,321.9,313.6,316.6,735023,233445936.7
2011-04-19,CIPLA,,,315.1,320.95,313.6,317.8,465402,147834539.75
2011-04-20,CIPLA,,,319.2,323.8,316.2,322.05,708840,226542459.75
2011-04-21,CIPLA,,,322.25,323.4,318.2,321.5,702285,225669474.3
2011-04-25,CIPLA,,,320,323.95,318.75,319.75,494776,158627160.7
2011-04-26,CIPLA,,,319.95,321.7,312.5,317.7,670265,212404727.6
2011-04-27,CIPLA,,,318.5,320.2,315.55,319.35,582802,185590395.55
2011-04-28,CIPLA,,,316,319.9,304.65,308.9,1930464,598717674.6
2011-04-29,CIPLA,,,311,312.6,305.55,309.5,1790789,553221959.2
2011-05-02,CIPLA,,,312.5,315.85,310.05,314.9,485952,152324246.1
2011-05-03,CIPLA,,,312.2,315,309,310.3,671267,209010494.6
2011-05-04,CIPLA,,,309.7,313.7,305.5,309.2,826435,255799473.2
2011-05-05,CIPLA,,,309,309,300,303.65,901442,274037716.1
2011-05-06,CIPLA,,,299,311.75,295.5,305.55,1998125,611788381.3
2011-05-09,CIPLA,,,305.3,307.9,302.4,303,1621129,492148317.05
2011-05-10,CIPLA,,,304.5,306.6,302.25,304.75,422029,128618784.7
2011-05-11,CIPLA,,,304.95,307.1,303.6,304.5,492997,150642680.55
2011-05-12,CIPLA,,,304,305.35,302,303.85,456815,138657583.35
2011-05-13,CIPLA,,,303.8,312.5,300.1,308.2,2078679,633848333.8
2011-05-16,CIPLA,,,309.3,309.7,302.2,304.3,1284416,390294411.1
2011-05-17,CIPLA,,,306.8,308.8,303.65,306,487160,149149237.65
2011-05-18,CIPLA,,,308.9,308.9,303.55,305.25,795153,242447943.4
2011-05-19,CIPLA,,,304.75,307.7,304.4,306.8,339286,103834136.4
2011-05-20,CIPLA,,,307.05,316.7,305.5,315.5,700623,219413013.15
2011-05-23,CIPLA,,,315.9,316,305.1,310.1,1264900,391695185.65
2011-05-24,CIPLA,,,312.8,314.75,309.15,313.95,851889,266863488.5
2011-05-25,CIPLA,,,313,315.7,311.1,311.95,473800,148685602.2
2011-05-26,CIPLA,,,312.7,323.95,308,320.35,3108874,987077327.35
2011-05-27,CIPLA,,,318.65,324,317.3,318.85,927631,296805719.1
2011-05-30,CIPLA,,,319,331,319,329.5,1490087,486882489.25
2011-05-31,CIPLA,,,334.9,334.9,324.4,326.05,2143111,700822344.45
2011-06-01,CIPLA,,,326.05,328.5,324.25,327.25,644602,210393271.9
2011-06-02,CIPLA,,,324,333.5,324,325.2,1433409,471642882
2011-06-03,CIPLA,,,328,328.8,323.35,324.6,492898,160589732.65
2011-06-06,CIPLA,,,325.95,332.5,324,331.7,1655179,546043221.35
2011-06-07,CIPLA,,,331.5,339,331,337.6,2421958,817275103.05
2011-06-08,CIPLA,,,335.9,337.6,329.7,334.95,567554,189824400.35
2011-06-09,CIPLA,,,335,337.95,332.2,335.6,390171,130777053
2011-06-10,CIPLA,,,336,337.45,330.1,332.45,662065,220784995.2
2011-06-13,CIPLA,,,332,341.8,330.6,339.9,1859632,630580063.15
2011-06-14,CIPLA,,,340,340.95,334.3,335.4,1341901,452455390.2
2011-06-15,CIPLA,,,335.2,336.8,332,333.05,1120164,373605761.9
2011-06-16,CIPLA,,,332,334.95,327.5,329.6,1028314,339915824.75
2011-06-17,CIPLA,,,330.5,332.15,324,328.4,572793,188068191
2011-06-20,CIPLA,,,326.65,329.7,310.1,317.6,1809566,575655960.25
2011-06-21,CIPLA,,,318.4,319.2,312.7,315.95,1277281,403225498.65
2011-06-22,CIPLA,,,317,323.7,315.5,322.7,787196,250878994.55
2011-06-23,CIPLA,,,320.6,321.05,314,316,1474766,466718435.25
2011-06-24,CIPLA,,,316.55,329.8,316.5,326.75,1467053,477303374.4
2011-06-27,CIPLA,,,329,334,322.45,331.3,892242,295160887.25
2011-06-28,CIPLA,,,331.5,336.3,328.6,331.35,925087,307564610.85
2011-06-29,CIPLA,,,330.8,334.5,329.35,332.2,1522486,505529488
2011-06-30,CIPLA,,,331.6,335.8,324.5,331.05,2509477,827753325.35
2011-07-01,CIPLA,,,330.7,331.5,325.25,326.9,357118,116942787.4
2011-07-04,CIPLA,,,327.55,332.8,327.55,329.95,569271,188098982.7
2011-07-05,CIPLA,,,330,333,326.65,327.95,490638,161428452.85
2011-07-06,CIPLA,,,330,331,325.5,327.45,375460,123435411.95
2011-07-07,CIPLA,,,329.4,335.5,327.1,334.75,624035,207578603.7
2011-07-08,CIPLA,,,336.15,337.95,331.45,332.6,488170,163903669.1
2011-07-11,CIPLA,,,334.95,334.95,327.05,328.2,543641,179741261.75
2011-07-12,CIPLA,,,325.2,327.95,319.75,322.6,1045989,337692605.9
2011-07-13,CIPLA,,,324.1,325,318.4,322.95,897243,289207679.75
2011-07-14,CIPLA,,,322.15,330.65,321.5,329.1,703778,230558784.6
2011-07-15,CIPLA,,,329,330,322.5,324.1,1029496,333727599.25
2011-07-18,CIPLA,,,323.5,324.05,314.45,317.05,3285461,1040264070.55
2011-07-19,CIPLA,,,320,320.5,316.3,319.05,1175581,373857842.35
2011-07-20,CIPLA,,,320,320.95,315.05,317.65,917360,290769057.2
2011-07-21,CIPLA,,,316.55,317.8,312.5,316.05,1711669,539482541.3
2011-07-22,CIPLA,,,319.75,323,316.25,321.45,869331,277762556.45
2011-07-25,CIPLA,,,323.5,323.5,315,316.95,1236691,392449357.25
2011-07-26,CIPLA,,,318,318.95,311,311.7,860383,270244797.2
2011-07-27,CIPLA,,,312,314.45,307.3,311.2,1295582,402745159.55
2011-07-28,CIPLA,,,311,312,307.15,308,1830649,564752966.4
2011-07-29,CIPLA,,,309.4,310.4,305,306.6,1110033,341272839.1
2011-08-01,CIPLA,,,310,310.5,305.6,306.9,403072,123869209.05
2011-08-02,CIPLA,,,307.5,315,305.5,313.55,1343721,418054124.15
2011-08-03,CIPLA,,,310.8,314.6,310,313.3,649365,202873930.4
2011-08-04,CIPLA,,,313.6,315.45,305,306.6,835136,258300868.95
2011-08-05,CIPLA,,,303,312.1,296.5,308.3,2018495,617199472.8
2011-08-08,CIPLA,,,303.9,309.2,298.1,304.2,1317365,400752030.35
2011-08-09,CIPLA,,,299,299,290,292.4,2647287,778938522.95
2011-08-10,CIPLA,,,297,300.4,293.35,298.8,1854213,550948840
2011-08-11,CIPLA,,,298,303.35,291.6,293.9,1110907,328926139.95
2011-08-12,CIPLA,,,298.5,298.5,291.65,293,1230527,362500657.3
2011-08-16,CIPLA,,,296.85,296.85,281.1,285.35,917021,264864630.3
2011-08-17,CIPLA,,,288.95,291.4,281.15,289.6,1048823,299299226.6
2011-08-18,CIPLA,,,291.5,291.5,282.9,284.5,792200,227897356.2
2011-08-19,CIPLA,,,277.55,287.6,274.5,285.05,1531095,429073275.15
2011-08-22,CIPLA,,,286,291.95,278.75,290,1106711,313588797.85
2011-08-23,CIPLA,,,291.5,292.45,280.7,282.2,1635742,462573259.65
2011-08-24,CIPLA,,,283,287.6,280.05,281,1502948,426198167.7
2011-08-25,CIPLA,,,283.5,285,278,279.85,1543896,432967277.65
2011-08-26,CIPLA,,,281,283.8,274.3,277.2,815774,227965552.55
2011-08-29,CIPLA,,,280,282.6,274.2,279.1,934052,259964240.85
2011-08-30,CIPLA,,,277.4,282.45,277.4,280.7,1206185,337789712.15
2011-09-02,CIPLA,,,289.1,289.9,277.55,279.8,1878819,527866802.15
2011-09-05,CIPLA,,,279.75,284.15,273.05,274.5,1578501,437380052.95
2011-09-06,CIPLA,,,274.5,277,272.85,276.05,791743,218091204.2
2011-09-07,CIPLA,,,278,284.45,276.2,283.5,1282518,360103158.1
2011-09-08,CIPLA,,,285,292.95,282.55,291.5,1226712,353094589.85
2011-09-09,CIPLA,,,293.5,294,286,287.35,1635398,474120764.05
2011-09-12,CIPLA,,,286.45,292.8,281.9,291.4,1787978,515862480.45
2011-09-13,CIPLA,,,293.7,299.6,286.1,287.1,1919198,564393780.2
2011-09-14,CIPLA,,,289.9,290.75,281,282.2,1619641,459312283.85
2011-09-15,CIPLA,,,284.5,285,281.3,284.05,603352,170818333.2
2011-09-16,CIPLA,,,284,287.85,281.55,282.7,706838,200935403.05
2011-09-19,CIPLA,,,283.5,283.5,274.65,277.25,1715520,475664531.6
2011-09-20,CIPLA,,,278.65,283,277.05,282.4,928700,261198109.3
2011-09-21,CIPLA,,,282.35,285.9,281,283.5,680118,192957698.35
2011-09-22,CIPLA,,,281,284.2,276.35,277.75,876968,246055655.15
2011-09-23,CIPLA,,,277.75,286.3,277,283.85,1396370,393906780.05
2011-09-26,CIPLA,,,286.5,288.75,280.75,286.95,1029803,293987449.2
2011-09-27,CIPLA,,,289,290,284.6,285.85,698612,200442814.8
2011-09-28,CIPLA,,,289.4,289.4,282.9,287.65,990180,283249149.45
2011-09-29,CIPLA,,,287.65,290,284,288.35,1105889,318385533.6
2011-09-30,CIPLA,,,288.45,288.8,277,281.35,1002433,283664384.35
2011-10-03,CIPLA,,,280.05,287.25,276.15,284.35,836310,234922712.1
2011-10-04,CIPLA,,,284.75,287,278.65,279.85,773286,217996847.25
2011-10-05,CIPLA,,,282,283.65,278.1,281.15,1009809,283092192.8
2011-10-07,CIPLA,,,285,289.85,283.15,285.1,1048259,301194476.6
2011-10-10,CIPLA,,,285,288.65,280.8,282.55,1340422,380508645.1
2011-10-11,CIPLA,,,285.5,286.9,279.55,280.75,1364283,385563618.2
2011-10-12,CIPLA,,,283.15,286.95,281.5,286.3,756934,215981402.5
2011-10-13,CIPLA,,,287.7,290.2,285.5,287.75,661663,189934968.5
2011-10-14,CIPLA,,,288,291.25,283.05,287.5,2068403,593631845.85
2011-10-17,CIPLA,,,289,290.9,284.1,289.8,1533751,441720039.2
2011-10-18,CIPLA,,,286.55,289,285,286,1961097,561363593.65
2011-10-19,CIPLA,,,288,291.45,286,288.9,2735464,786587114
2011-10-20,CIPLA,,,288,290,285.6,288.8,865538,249625384.95
2011-10-21,CIPLA,,,288.95,289.6,286.2,286.9,1327476,381329897.45
2011-10-24,CIPLA,,,288.4,290.8,287.8,289.1,463472,134118117.7
2011-10-25,CIPLA,,,292.35,294.6,287.2,288.5,2941452,848457445.6
2011-10-26,CIPLA,,,294,294.5,291.15,293,145263,42611726.4
2011-10-28,CIPLA,,,298.9,300,294.05,297.6,1146804,340879896.6
2011-10-31,CIPLA,,,299.2,299.2,292.05,295.4,739899,217930043.3
2011-11-01,CIPLA,,,292.35,295.75,287.3,289,2449813,708066086.65
2011-11-02,CIPLA,,,288.95,290,286.35,289.85,2896907,838608946.15
2011-11-03,CIPLA,,,290.15,292.35,287.6,291.05,927129,269646750.5
2011-11-04,CIPLA,,,292.4,294.85,291.5,294.1,523145,153523638.75
2011-11-08,CIPLA,,,293.5,293.95,289,290.9,297449,86567751.8
2011-11-09,CIPLA,,,292.85,292.85,287.05,288,391721,113058358
2011-11-11,CIPLA,,,286.55,289.2,284,286.9,1307991,375261842.55
2011-11-14,CIPLA,,,289.45,291,285.5,288.1,973134,280364754.05
2011-11-15,CIPLA,,,295,308.6,293.4,306.85,7112668,2165953113.7
2011-11-16,CIPLA,,,308,313.45,305,310.5,2683485,831727433.2
2011-11-17,CIPLA,,,310.5,320.7,309.5,310.8,2492271,784583343.75
2011-11-18,CIPLA,,,311,318.45,310,314.1,2029913,639940797.7
2011-11-21,CIPLA,,,317,317.7,307.3,309.5,1727095,541571466.6
2011-11-22,CIPLA,,,310.15,318.2,310.15,316.7,1228521,388122988.2
2011-11-23,CIPLA,,,315.45,319,312.05,313.7,1696679,535386157.15
2011-11-24,CIPLA,,,313.8,319.25,308,314.45,1138590,357380940.55
2011-11-25,CIPLA,,,314.5,323,313.25,315.9,1552974,494961694.85
2011-11-28,CIPLA,,,317.1,325,317.1,324.65,1332447,431234549
2011-11-29,CIPLA,,,326.45,329.5,325.1,326.8,1301001,425824207.4
2011-11-30,CIPLA,,,325,329.4,324,328.05,1272622,416293769.4
2011-12-01,CIPLA,,,332.25,334.05,326.05,329.9,1424873,470158127.35
2011-12-02,CIPLA,,,329.95,332.65,328,331,1140724,377351192.7
2011-12-05,CIPLA,,,331,332.5,328.55,329.3,659712,217860728.6
2011-12-07,CIPLA,,,330.5,330.5,322.5,325.05,1497033,487839373.9
2011-12-08,CIPLA,,,323.05,330.35,321.35,328.25,1255901,410170821.85
2011-12-09,CIPLA,,,325,329,323.9,325.65,968288,316135093.8
2011-12-12,CIPLA,,,325.65,326.65,320.55,323.85,741997,239591649.3
2011-12-13,CIPLA,,,322.85,329.85,321.6,329,1003840,329097446.5
2011-12-14,CIPLA,,,328.95,333.5,324.4,326.55,1375455,453943234.8
2011-12-15,CIPLA,,,323.7,330.75,321.5,329.45,1809587,594089941.65
2011-12-16,CIPLA,,,330,340,325.4,331.7,1888200,632259507.7
2011-12-19,CIPLA,,,331.7,336.9,326.1,332.8,2012608,670082995.45
2011-12-20,CIPLA,,,332.8,334.85,326.7,328.8,847263,280387082.8
2011-12-21,CIPLA,,,330.2,335.8,325.6,333.35,1694875,559385584.3
2011-12-22,CIPLA,,,332.45,337.4,330,333.05,842722,280673969.45
2011-12-23,CIPLA,,,335.95,335.95,328.1,330.6,726169,239999920.1
2011-12-26,CIPLA,,,329,331.95,326.65,328.55,440101,145049640.2
2011-12-27,CIPLA,,,328,328.45,319.1,319.9,1190651,383959241.8
2011-12-28,CIPLA,,,317.35,324.4,315,322.35,1122107,359580963.8
2011-12-29,CIPLA,,,322,324.9,319.8,321.45,1235842,398002255.8
2011-12-30,CIPLA,,,322.3,325.55,318,319.9,1210890,390291790.1
2012-01-02,CIPLA,,,320.9,324.15,316.5,320.75,550952,177378551.35
2012-01-03,CIPLA,,,322.7,329.35,322.2,327.95,819196,267334528.2
2012-01-04,CIPLA,,,328,332.15,325.35,330.85,1239328,409538902.15
2012-01-05,CIPLA,,,330.85,338.2,330.85,335,1446292,485052603.85
2012-01-06,CIPLA,,,335.5,338.95,332.3,338.45,764727,256830641.85
2012-01-09,CIPLA,,,335.45,346.5,333.25,344.65,2368862,807519541.6
2012-01-10,CIPLA,,,345,349.2,343.5,345.8,1198771,415660716.2
2012-01-11,CIPLA,,,346.95,347.65,340,340.55,1091338,372911994.65
2012-01-12,CIPLA,,,340,345,337.9,338.95,794478,270942150.55
2012-01-13,CIPLA,,,340.65,342.35,334.5,338.5,761454,258210903.45
2012-01-16,CIPLA,,,335.55,337.25,331.6,332.45,594867,198099949.4
2012-01-17,CIPLA,,,332.5,340.5,331.5,338.3,786285,265701852.75
2012-01-18,CIPLA,,,338,343,331.05,332.4,969633,325792406.15
2012-01-19,CIPLA,,,335,335.95,328.7,332,1101256,365098001.25
2012-01-20,CIPLA,,,333.5,340.5,331.5,337.85,933672,313070375.6
2012-01-23,CIPLA,,,340.75,343.9,337.9,341.65,1177690,402789278.45
2012-01-24,CIPLA,,,342.05,346.45,341.25,344.6,1602434,551849768.6
2012-01-25,CIPLA,,,345,346,340.7,342.3,756243,259146684.35
2012-01-27,CIPLA,,,346.4,348.4,341.35,345.55,1135637,393037359.1
2012-01-30,CIPLA,,,343.1,348,339.7,341.45,1011443,347227164.9
2012-01-31,CIPLA,,,344.9,352.8,339.65,350.25,1068217,370000593.9
2012-02-01,CIPLA,,,350.25,354.7,347.4,348.85,1192931,418189873.3
2012-02-02,CIPLA,,,349.05,350.1,338.1,340.35,1340236,459833801.85
2012-02-03,CIPLA,,,341,347.8,340.3,345.15,1054585,363753404.55
2012-02-06,CIPLA,,,350.7,355.05,348,352.85,1529667,538036846
2012-02-07,CIPLA,,,359.95,359.95,351.1,353.75,1164332,412658433.65
2012-02-08,CIPLA,,,354.45,356.3,348.1,352.25,1007241,355423092.85
2012-02-09,CIPLA,,,350.25,355.85,350.25,352.4,1110970,391901143.95
2012-02-10,CIPLA,,,352.4,353.75,346.6,349.75,1348441,472353164.8
2012-02-13,CIPLA,,,353.3,353.3,339.1,342.1,1501856,514640656.45
2012-02-14,CIPLA,,,336.55,336.55,320.1,321.2,5296934,1723984371.05
2012-02-15,CIPLA,,,325.5,326.9,316.9,318.4,3535742,1139494743.35
2012-02-16,CIPLA,,,318,329,316.2,325.15,2001270,650106066
2012-02-17,CIPLA,,,327.9,328.35,319.3,321.75,1768936,571435572.3
2012-02-21,CIPLA,,,323.7,325.9,321,321.95,764907,247067449.9
2012-02-22,CIPLA,,,323,324.65,316.35,318.1,1137084,363503934.3
2012-02-23,CIPLA,,,317,322,313.1,315.3,2104238,664836133.6
2012-02-24,CIPLA,,,316.05,319.15,313.1,313.9,1081680,340435990.45
2012-02-27,CIPLA,,,317.9,320,311.3,313.55,1423323,450546917.4
2012-02-28,CIPLA,,,315,322.3,314.15,319.2,1173064,373740119.05
2012-02-29,CIPLA,,,321,325.95,316,316.95,1252248,401421205
2012-03-01,CIPLA,,,318.9,320,311.35,315.15,1201944,380692791.25
2012-03-02,CIPLA,,,318.9,318.9,314,315.5,1129556,356620797.05
2012-03-05,CIPLA,,,312.4,314.95,310,313.05,482920,151173063
2012-03-06,CIPLA,,,314.95,314.95,304.5,306.35,1648717,508684941.65
2012-03-07,CIPLA,,,306.35,310.6,303.6,309,1856834,571012709.65
2012-03-09,CIPLA,,,311,311.5,307,307.55,1291983,399295802.55
2012-03-12,CIPLA,,,311,311.1,300.6,302.5,3205351,968923382.3
2012-03-13,CIPLA,,,305.25,309.35,303.1,307.8,884064,270061143.1
2012-03-14,CIPLA,,,309.95,313,309,309.85,4585070,1422395135.05
2012-03-15,CIPLA,,,311.4,311.4,306.5,307.8,407449,125669606.75
2012-03-16,CIPLA,,,308.1,310.5,300.25,302.2,720011,221093950.4
2012-03-19,CIPLA,,,304.35,304.75,300,301.35,510642,154264488.75
2012-03-20,CIPLA,,,301.5,306.5,301,305.35,740948,225678435.4
2012-03-21,CIPLA,,,306,308.9,302.6,306.95,741547,226870348.95
2012-03-22,CIPLA,,,306.55,306.55,298,299.6,1025331,310148794.9
2012-03-23,CIPLA,,,298,302.85,297.1,301.2,1408089,423801358.7
2012-03-26,CIPLA,,,301.2,301.2,286.3,289,4507034,1333782278.15
2012-03-27,CIPLA,,,293.9,303,291,299.95,9810527,2924597364.1
2012-03-28,CIPLA,,,300,303,298.1,300.45,1815715,544460340.05
2012-03-29,CIPLA,,,299.9,301.7,295,299.25,1258331,375134995.15
2012-03-30,CIPLA,,,301.2,305.95,300.5,305.1,695442,211606504.3
2012-04-02,CIPLA,,,305,309.95,304.05,309.15,444510,137035685.95
2012-04-03,CIPLA,,,311,313.8,310,311.55,1018547,318022603.4
2012-04-04,CIPLA,,,308,311.5,305,305.65,475752,146090703.5
2012-04-09,CIPLA,,,303,312,302.2,310.6,782999,240766311.75
2012-04-10,CIPLA,,,313,313.95,307.8,311,865847,269357938.5
2012-04-11,CIPLA,,,310.9,313.75,309.2,310.15,1154930,359496712.1
2012-04-12,CIPLA,,,311.3,316,310.25,311.95,1661288,519159301.6
2012-04-13,CIPLA,,,314.7,315.9,312,314.05,1367848,429527751.1
2012-04-16,CIPLA,,,312.05,317.6,311.5,312.45,433148,136115432.3
2012-04-17,CIPLA,,,316,316.6,313.1,314.05,1106571,348168090.55
2012-04-18,CIPLA,,,314.25,319.75,313,313.95,878193,277619766.45
2012-04-19,CIPLA,,,314.95,321.7,314.3,319.8,973969,310890624.3
2012-04-20,CIPLA,,,320.9,323,318.3,321.85,1324004,425713255.6
2012-04-23,CIPLA,,,323.95,324.95,314.5,315.3,745472,237789213.75
2012-04-24,CIPLA,,,318.7,318.7,312.65,313.85,571537,180618696.65
2012-04-25,CIPLA,,,315.9,318.1,311.65,312.1,887751,278513960.7
2012-04-26,CIPLA,,,314.8,315.4,305,308.55,1778499,552869224.95
2012-04-27,CIPLA,,,308.1,312,306.6,310.55,1100954,341931789.65
2012-04-30,CIPLA,,,310.9,314.7,310.9,312,2006375,626210220.85
2012-05-02,CIPLA,,,312.25,318.9,310.35,318.05,1568155,493304425.85
2012-05-03,CIPLA,,,320,322.9,315.75,317.65,1289672,412436796.15
2012-05-04,CIPLA,,,319.15,329.6,319.15,326,4511925,1473188268.85
2012-05-07,CIPLA,,,330,331.3,326,327.55,3128065,1026393264.7
2012-05-08,CIPLA,,,327.9,329.4,321.6,325,2100908,684284856.05
2012-05-09,CIPLA,,,324,326.55,317.05,322.9,1228030,394585324.65
2012-05-10,CIPLA,,,326.95,331.15,320.6,326.4,2621395,858887040.25
2012-05-11,CIPLA,,,328.9,331.2,316,318.9,1542531,501181936.3
2012-05-14,CIPLA,,,318.7,322.65,312.85,320.4,1039803,330503480.05
2012-05-15,CIPLA,,,319,327.55,318.8,324.75,1133689,368176213.4
2012-05-16,CIPLA,,,322,325.55,320.05,321.8,871437,280700158.65
2012-05-17,CIPLA,,,323,325.2,311.5,314,2394051,754177293.65
2012-05-18,CIPLA,,,312.7,318.6,309,316.35,936240,293490225.3
2012-05-21,CIPLA,,,315,318.4,312,312.45,662807,207771053.15
2012-05-22,CIPLA,,,315.95,316.5,310.75,311.55,859193,268900219.95
2012-05-23,CIPLA,,,312.35,314.2,307.65,309.95,871363,270712145.15
2012-05-24,CIPLA,,,310.4,312,308.05,309.65,668709,207158669.55
2012-05-25,CIPLA,,,310,310.7,307.1,309.3,505242,155884008.05
2012-05-28,CIPLA,,,310,315.6,309.45,313.55,534748,167557121.9
2012-05-29,CIPLA,,,315.3,316.1,308.1,310.3,1474569,459666066.45
2012-05-30,CIPLA,,,310.4,311.35,305,306.3,758573,233956290.05
2012-05-31,CIPLA,,,306,311.45,303.8,309.9,2356059,729421013.8
2012-06-01,CIPLA,,,310.7,311.3,306.6,308.55,1007264,311368696.55
2012-06-04,CIPLA,,,307.7,307.7,303.05,304.6,397437,120975441.35
2012-06-05,CIPLA,,,305,310.2,304.65,309.75,832799,256919617.55
2012-06-06,CIPLA,,,311.3,311.9,307.5,309.15,938541,290282504.25
2012-06-07,CIPLA,,,311.75,312.25,307,308,579491,179246072.45
2012-06-08,CIPLA,,,302.35,310,301.05,309.2,920120,281783340.05
2012-06-11,CIPLA,,,309.9,311.1,301.05,301.8,1222161,372108344.4
2012-06-12,CIPLA,,,300.55,305.15,300,304.2,1042642,316147179.05
2012-06-13,CIPLA,,,306,306.75,302.6,303.25,2002747,611473292.4
2012-06-14,CIPLA,,,303.8,308.25,303.1,306.65,956446,292384298.75
2012-06-15,CIPLA,,,305.55,310.75,304,308.45,1910992,589582863.35
2012-06-18,CIPLA,,,310,312.45,304.5,305.5,767775,235481679.95
2012-06-19,CIPLA,,,307.2,310.15,306.6,309.95,1410524,436881287.05
2012-06-20,CIPLA,,,310,310.75,307.35,308.7,891021,275963978.95
2012-06-21,CIPLA,,,309.4,311,308.15,310,530095,163985793.85
2012-06-22,CIPLA,,,309,316.9,308.55,313.75,825032,259453788.7
2012-06-25,CIPLA,,,315.8,316,305,306.25,744627,231570533.35
2012-06-26,CIPLA,,,306.25,311.5,305.75,308,1211155,374093788.45
2012-06-27,CIPLA,,,309,310.5,305.75,308.45,737342,227301984.9
2012-06-28,CIPLA,,,309.95,310.05,306.25,308,1037836,320231551.9
2012-06-29,CIPLA,,,309.5,317.9,309.15,316.55,2159352,680547873.7
2012-07-02,CIPLA,,,316.25,319.8,313.7,315.45,1064183,338366164.8
2012-07-03,CIPLA,,,315.6,319.5,313.3,314.05,849875,269086589.6
2012-07-04,CIPLA,,,318,318.85,315.3,316.25,437634,138689300.2
2012-07-05,CIPLA,,,314.8,325,314.4,324.45,1301985,419996238.35
2012-07-06,CIPLA,,,325.1,329.7,322.4,327.9,1255086,411051378.75
2012-07-09,CIPLA,,,326.85,328.15,321.8,322.95,482683,156447870.2
2012-07-10,CIPLA,,,321.05,329.25,321,327.4,1516731,493919298.65
2012-07-11,CIPLA,,,328,328,323.5,324.95,919965,298425495.3
2012-07-12,CIPLA,,,324,327.75,324,326.45,894092,291179127.35
2012-07-13,CIPLA,,,326.9,332.45,326.5,328.85,1489295,491920453.15
2012-07-16,CIPLA,,,328.05,335.65,328.05,332.95,1041425,347333037.9
2012-07-17,CIPLA,,,334,337.5,329.75,331.9,1042014,347781746.25
2012-07-18,CIPLA,,,334.1,334.75,328.05,329.9,710533,234425437.7
2012-07-19,CIPLA,,,331.3,335,331.3,332.55,606579,201962396.1
2012-07-20,CIPLA,,,332.1,332.75,324.75,325.65,468739,153602627.35
2012-07-23,CIPLA,,,324.15,329.4,324.15,327.95,801928,261597575.05
2012-07-24,CIPLA,,,329.4,330.1,324.4,325.9,681402,222232607.2
2012-07-25,CIPLA,,,327.1,329.7,324,328.15,1222772,397956310.85
2012-07-26,CIPLA,,,330,332.2,325.1,327.6,1712900,563392755.15
2012-07-27,CIPLA,,,329,330.5,325,326.5,514074,168264800.95
2012-07-30,CIPLA,,,329,335.8,329,333.15,1135243,378816635.65
2012-07-31,CIPLA,,,336,342.35,335.1,338.6,2641073,896338600.45
2012-08-01,CIPLA,,,360,363.6,350.1,354,6571518,2340877938.6
2012-08-02,CIPLA,,,354,354,348.45,349.15,1868257,654079905.75
2012-08-03,CIPLA,,,348.9,353.75,345,349.9,1776920,622564735
2012-08-06,CIPLA,,,354.65,354.65,350.05,351.45,755121,265841300.25
2012-08-07,CIPLA,,,352.25,353.95,350.2,351.75,837285,294785374.05
2012-08-08,CIPLA,,,352.05,354.95,350.1,351.05,1206082,425060196.7
2012-08-09,CIPLA,,,352.25,353.95,349.45,351.95,1178923,414874484.55
2012-08-10,CIPLA,,,349.4,355.95,346.65,349.95,1006539,353639403.6
2012-08-13,CIPLA,,,346.65,352.95,346.65,349.9,740797,259679445.35
2012-08-14,CIPLA,,,347.55,352.9,347.55,349.5,786725,275280748.5
2012-08-16,CIPLA,,,351.75,360.45,350.4,356,2587741,924019352.75
2012-08-17,CIPLA,,,357,358.6,352.1,354.95,1742431,619468247.9
2012-08-21,CIPLA,,,356.45,365.4,356.05,359.95,2452224,885126920.9
2012-08-22,CIPLA,,,361.3,364,359,360.3,1371314,495451101.3
2012-08-23,CIPLA,,,363.85,367.9,361.5,364.1,1848883,675132022.65
2012-08-24,CIPLA,,,364,367.95,361.2,366.65,1811574,662397678.7
2012-08-27,CIPLA,,,367.7,371.95,364.85,368.15,998529,368855603.35
2012-08-28,CIPLA,,,370,371.75,362.5,367.75,1314100,482742115.25
2012-08-29,CIPLA,,,369.95,372.85,365.75,366.45,1687287,623009586.45
2012-08-30,CIPLA,,,368.7,374.9,365.6,372.3,2867423,1064340484.5
2012-08-31,CIPLA,,,372,383.1,371.95,376.45,3405168,1285808124.6
2012-09-03,CIPLA,,,377.25,386.55,377.25,384.8,2102747,807191003.3
2012-09-04,CIPLA,,,384.9,384.9,378.1,379.75,1149112,436972212.4
2012-09-05,CIPLA,,,376.1,382.1,372.25,373.6,939283,352679864.65
2012-09-06,CIPLA,,,373.8,378.65,371.55,375,1184777,445378143
2012-09-07,CIPLA,,,378,382.9,375.7,381.3,2121094,805938982.05
2012-09-10,CIPLA,,,394.95,395.4,385.25,387.15,2883138,1123613052.8
2012-09-11,CIPLA,,,387.9,391.95,387.05,389.55,1344010,523689222.95
2012-09-12,CIPLA,,,392,392,377.85,379.5,2700739,1034385230.9
2012-09-13,CIPLA,,,379.5,379.85,366.35,369.6,4000689,1481212649.65
2012-09-14,CIPLA,,,375,375,366.75,369.3,2461131,911382677.55
2012-09-17,CIPLA,,,369,371,357.3,369.7,3307433,1208207094.7
2012-09-18,CIPLA,,,369.7,373.95,363.9,364.75,1185503,435588822.3
2012-09-20,CIPLA,,,363,364.3,356.8,360.9,2283728,823779422.05
2012-09-21,CIPLA,,,361.2,366.95,358.3,361.3,3633903,1318503455.05
2012-09-24,CIPLA,,,360.1,364,352.5,355.6,3217311,1145978195.95
2012-09-25,CIPLA,,,355,365.6,355,363,3822261,1389383160.3
2012-09-26,CIPLA,,,363,374.7,363,373.45,2759519,1025490451.75
2012-09-27,CIPLA,,,375,375.95,369.3,371.45,1693677,629542754.85
2012-09-28,CIPLA,,,369.6,382.1,365.1,380.1,3138518,1186009539.45
2012-10-01,CIPLA,,,382,387.2,378.2,378.9,1100715,420677678.05
2012-10-03,CIPLA,,,379.5,385.45,379.05,381.05,2073432,791872560.65
2012-10-04,CIPLA,,,379.9,382.25,363.9,366.05,4661063,1739651500.2
2012-10-05,CIPLA,,,369.2,370.8,320.3,364.25,4565990,1661170230.5
2012-10-08,CIPLA,,,364,371,363,367.4,1298736,478105291.9
2012-10-09,CIPLA,,,369.8,374.5,367.65,371.9,1134986,422436370.2
2012-10-10,CIPLA,,,372,376.5,365,367.3,1757299,652949777.35
2012-10-11,CIPLA,,,369.25,370.4,357.35,360.25,2736262,996164368.2
2012-10-12,CIPLA,,,361.9,366.1,361.25,364.1,1106140,402109264.55
2012-10-15,CIPLA,,,362,370.1,360.8,369.75,1284811,473064818.4
2012-10-16,CIPLA,,,370.55,370.95,361.6,363.1,1018357,373320884
2012-10-17,CIPLA,,,365.1,366.35,358.6,361.8,735921,266116388.75
2012-10-18,CIPLA,,,362.5,365.9,361.35,362.95,1166800,423611433.35
2012-10-19,CIPLA,,,363,364.5,356.9,359.1,1235703,444927850.35
2012-10-22,CIPLA,,,358,365.25,358,364.5,1104824,402000187.1
2012-10-23,CIPLA,,,363.1,368.4,363.1,365.8,1058090,387505724.1
2012-10-25,CIPLA,,,364.1,366.95,360.3,361.95,1741399,631083620.6
2012-10-26,CIPLA,,,360.5,362.5,353.1,354.95,780738,277939012.65
2012-10-29,CIPLA,,,355.95,360.8,355.95,359.95,710576,255141598.7
2012-10-30,CIPLA,,,358,359.25,353.2,354.65,573868,204227749.3
2012-10-31,CIPLA,,,356.8,365.3,354.95,363.3,1203379,433841769.45
2012-11-01,CIPLA,,,365.1,376.25,365.1,375.3,1523764,566549780.4
2012-11-02,CIPLA,,,379.5,380.95,375.5,377,2104477,795551383.4
2012-11-05,CIPLA,,,379.4,386,377.2,380.2,3798873,1450346055.15
2012-11-06,CIPLA,,,394.5,398.9,389.05,396.85,9964130,3920530762
2012-11-07,CIPLA,,,397.7,400.95,393.1,396.35,2523892,1004353692.8
2012-11-08,CIPLA,,,393.7,400.5,390.1,393.4,1558177,615651091
2012-11-09,CIPLA,,,393.8,397.4,392.15,393.4,975854,385169655.8
2012-11-12,CIPLA,,,393.55,396.4,391,392.05,574049,225523057.2
2012-11-13,CIPLA,,,393.8,395.25,392.15,394.15,171384,67566647.35
2012-11-15,CIPLA,,,393.7,398,386.05,388.8,1454577,567993477.85
2012-11-16,CIPLA,,,387,390.45,377.85,379.55,1503725,576201298.25
2012-11-19,CIPLA,,,381.8,384.7,378.95,382.7,1102346,421797684.85
2012-11-20,CIPLA,,,384,384.7,377.15,379.85,716283,272600359
2012-11-21,CIPLA,,,380,392.75,380,389.4,3367381,1303283974
2012-11-22,CIPLA,,,395.5,395.5,384.15,387.25,2337369,911287474.35
2012-11-23,CIPLA,,,387,387.4,378.6,381.7,974479,371879866.8
2012-11-26,CIPLA,,,380.25,384.8,378.5,381.6,764393,292409127.95
2012-11-27,CIPLA,,,383,393.5,381.55,390.8,2350611,915769106.35
2012-11-29,CIPLA,,,394,407.5,391.65,404.55,5320498,2140389603.15
2012-11-30,CIPLA,,,409.9,416.9,406.3,414.65,2875574,1182992418.15
2012-12-03,CIPLA,,,416.9,416.9,409.1,413.55,1311415,541591791.2
2012-12-04,CIPLA,,,411.8,420.6,410.1,411.35,1667172,690386657.6
2012-12-05,CIPLA,,,415,416,411.15,414.55,1245858,515858588.2
2012-12-06,CIPLA,,,416.5,416.9,407.2,411.75,1409286,578282131.25
2012-12-07,CIPLA,,,413.25,414.95,406.25,410.7,1278702,525085984.45
2012-12-10,CIPLA,,,409,419,409,417.35,1913185,795226995.5
2012-12-11,CIPLA,,,419.95,423,411.2,416.3,2524271,1054216911.3
2012-12-12,CIPLA,,,419.8,419.8,410.55,415.25,1429028,592497336.05
2012-12-13,CIPLA,,,416.25,418.2,404.95,406.9,947387,389150202.85
2012-12-14,CIPLA,,,407.25,410.5,402.05,403,1224616,495329847.85
2012-12-17,CIPLA,,,405.95,410.95,403,409.25,877337,356983440.15
2012-12-18,CIPLA,,,411,417,410.1,412.3,1254873,518820114.65
2012-12-19,CIPLA,,,414.7,420.75,413.4,419.85,1840280,769349804.25
2012-12-20,CIPLA,,,420,429.5,418.75,424.85,2775721,1181170642.2
2012-12-21,CIPLA,,,424.7,430.1,418.1,419.75,1318439,560211846.15
2012-12-24,CIPLA,,,421,424.2,415.25,418.75,972238,408675629.9
2012-12-26,CIPLA,,,419.65,423.9,419.5,420.25,708327,298516413.05
2012-12-27,CIPLA,,,422.7,424.4,413.65,415.1,1538127,641847902.55
2012-12-28,CIPLA,,,418,421.85,415.45,416.4,702962,293622629.75
2012-12-31,CIPLA,,,417.2,419.1,413.3,414.25,654260,271233514.75
2013-01-01,CIPLA,,,416,420.8,415.5,417.45,727832,304118206.6
2013-01-02,CIPLA,,,419.8,425,417,420.45,2136297,900418071.3
2013-01-03,CIPLA,,,421.1,422.3,416.05,417.85,1107370,463402485.15
2013-01-04,CIPLA,,,420,421.5,415.25,416.15,1589431,662819423.6
2013-01-07,CIPLA,,,419.9,429.7,417.6,424.35,2172227,921883876.45
2013-01-08,CIPLA,,,426.8,431.9,423.85,429.5,3215124,1378893366.8
2013-01-09,CIPLA,,,432.9,435,426.25,428.4,2631466,1136241315.85
2013-01-10,CIPLA,,,430.1,431.8,424,425.45,1595163,681615696.85
2013-01-11,CIPLA,,,427.05,428.45,420,421.5,839019,355447722.55
2013-01-14,CIPLA,,,422,422,414.6,416.3,1573682,655398597.75
2013-01-15,CIPLA,,,417.2,422.9,415.7,418.8,1540527,646295088.7
2013-01-16,CIPLA,,,418.25,423.95,414.5,416.05,1360509,572540011.4
2013-01-17,CIPLA,,,416,416.95,406.6,407.4,1493804,611715685.4
2013-01-18,CIPLA,,,408.7,413.15,408.05,409.8,1809419,742216478.25
2013-01-21,CIPLA,,,410.1,411.8,402.1,404,1340055,542637948.65
2013-01-22,CIPLA,,,404,407.55,402.5,405.3,1193800,484338383.15
2013-01-23,CIPLA,,,406,410.8,404.45,406.1,1517174,618936674.45
2013-01-24,CIPLA,,,406.1,407.45,388.7,391.05,1368406,541272656.15
2013-01-25,CIPLA,,,390.25,399.7,385.95,397.9,1752022,694276497.55
2013-01-28,CIPLA,,,398,404.4,398,399.65,759123,304542592.35
2013-01-29,CIPLA,,,399.15,405.85,395.65,397.9,1955552,784407040.9
2013-01-30,CIPLA,,,399,408.6,396.05,407.75,2286887,926513886.65
2013-01-31,CIPLA,,,407.2,410.8,405.5,407.05,3175669,1294474016.6
2013-02-01,CIPLA,,,407,415.15,407,414.4,1562599,646026222.3
2013-02-04,CIPLA,,,415.5,417.55,401.4,403.45,3494416,1422396515.9
2013-02-05,CIPLA,,,402.95,409,398.6,407.3,2468796,998391131.95
2013-02-06,CIPLA,,,408.7,409.8,401,405,4484347,1819992131
2013-02-07,CIPLA,,,396.6,400.45,392.5,394.1,7134955,2826508191.3
2013-02-08,CIPLA,,,393,393.05,378.5,380.65,4826509,1846823999.5
2013-02-11,CIPLA,,,382,396.25,378.65,395,2478271,969359449.1
2013-02-12,CIPLA,,,396,397.55,390.5,393.15,1348089,530067194.25
2013-02-13,CIPLA,,,393.45,395.6,385.3,387.85,1155959,451269692.1
2013-02-14,CIPLA,,,388.1,388.95,380,381.7,1587057,606536493
2013-02-15,CIPLA,,,379.8,383.75,375.05,381.7,1671122,633840401.3
2013-02-18,CIPLA,,,381,385.5,378.5,379.8,1222225,466286853.9
2013-02-19,CIPLA,,,379,388.45,379,387.6,1159275,447551522.1
2013-02-20,CIPLA,,,388.9,388.9,381,381.6,1450610,555731854.05
2013-02-21,CIPLA,,,381.1,384.6,378.1,381.8,2069458,791000968.9
2013-02-22,CIPLA,,,379,385.6,378.6,380.7,2907761,1109184508
2013-02-25,CIPLA,,,382,382.9,369.25,370.4,1480380,552071121.4
2013-02-26,CIPLA,,,371.6,371.6,359.5,361.5,1615878,588071308.35
2013-02-27,CIPLA,,,362.9,369.8,362.3,364.15,1339909,490061025.8
2013-02-28,CIPLA,,,367,370.2,355.75,359.85,3174611,1151227612.65
2013-03-01,CIPLA,,,358,372,354,370.1,1666456,609921264.9
2013-03-04,CIPLA,,,370,373.4,363.4,371.6,1599432,588485589.1
2013-03-05,CIPLA,,,373,385,369.3,382.3,2457482,930182000.15
2013-03-06,CIPLA,,,383,384,377.55,382,956825,365065981.5
2013-03-07,CIPLA,,,381.1,387.9,378.3,386.4,1250263,481574665.2
2013-03-08,CIPLA,,,386.25,393,386.25,391.8,1288925,503090372
2013-03-11,CIPLA,,,395,395.95,388.25,393.35,2453299,965051521.6
2013-03-12,CIPLA,,,389,395.4,386.2,387.35,417576,162632226.05
2013-03-13,CIPLA,,,385,386,382.25,383.5,571576,219419234.4
2013-03-14,CIPLA,,,385.8,386.5,380.15,385.25,1063553,408205959.6
2013-03-15,CIPLA,,,387.85,392.4,381.7,383.75,1295135,501062378.8
2013-03-18,CIPLA,,,381.9,392.2,380,391.35,1245055,483004861.85
2013-03-19,CIPLA,,,394.8,394.85,382,383.55,1396431,540651154.35
2013-03-20,CIPLA,,,382,393.65,382,389.75,1801592,703268862.9
2013-03-21,CIPLA,,,390.05,394.45,381.2,382.55,896447,347430027.05
2013-03-22,CIPLA,,,384.85,384.85,377.8,382,945182,360553608.45
2013-03-25,CIPLA,,,385,386,379.6,380.4,967047,369172255.15
2013-03-26,CIPLA,,,380.9,384.45,376.25,379.3,625109,237606441.85
2013-03-28,CIPLA,,,380.35,384.75,377.15,379.75,1880216,715692290
2013-04-01,CIPLA,,,383.75,390,379.65,384.6,1254854,484190493
2013-04-02,CIPLA,,,387.5,393.5,386,392.05,1219812,475721631.35
2013-04-03,CIPLA,,,392.7,398.7,386.85,389.3,1640608,645457898.85
2013-04-04,CIPLA,,,386.05,392,382,383.4,1236015,479069433.95
2013-04-05,CIPLA,,,383.5,390.25,382,386.85,786302,304124920.15
2013-04-08,CIPLA,,,387.45,396.85,387,395,742653,292622012.85
2013-04-09,CIPLA,,,397.35,401,388.85,390.9,1128997,447289827.25
2013-04-10,CIPLA,,,396.7,400.55,391.55,399,1191028,471294857.9
2013-04-11,CIPLA,,,403,407,399.15,405.75,1652950,667501640
2013-04-12,CIPLA,,,406,410.55,403.7,405.55,1277480,520555485.8
2013-04-15,CIPLA,,,405,409.35,396.1,396.95,1218350,490332713.7
2013-04-16,CIPLA,,,396.95,402,394.5,399.95,1184653,472205400.25
2013-04-17,CIPLA,,,400,403.15,395,401.35,1568351,627818445.85
2013-04-18,CIPLA,,,399.1,403.4,396.1,401.15,1271094,509938547.1
2013-04-22,CIPLA,,,401.5,404.6,396,397.25,735850,293272544.2
2013-04-23,CIPLA,,,397,397.5,392.1,396,598218,236254247.65
2013-04-25,CIPLA,,,398.05,409.35,396.5,407,1646543,664062385.05
2013-04-26,CIPLA,,,408,412.4,406.1,409.85,1064859,436151678.3
2013-04-29,CIPLA,,,410.85,413.85,405.1,407.5,919198,377864269.05
2013-04-30,CIPLA,,,410.55,412.6,404.2,405.3,964246,393129317.2
2013-05-02,CIPLA,,,407.05,413.25,405.8,409.05,1002488,410612010.75
2013-05-03,CIPLA,,,410.95,411.1,399.05,400.65,989546,400414137.75
2013-05-06,CIPLA,,,401,406.15,401,405.05,566516,229174247.4
2013-05-07,CIPLA,,,406,409.7,403,408.05,906339,369540332.65
2013-05-08,CIPLA,,,409.85,412,404.5,406.05,1202178,488956705.6
2013-05-09,CIPLA,,,405,407.8,398.7,400.05,1077931,434521042.55
2013-05-10,CIPLA,,,397.85,398.95,394.15,397.55,1025051,406214504.7
2013-05-13,CIPLA,,,400.05,406.4,394,395.05,1078667,430454718.1
2013-05-14,CIPLA,,,396.25,400.5,392.25,398.65,480898,191415660.35
2013-05-15,CIPLA,,,398.4,412.9,397.6,411.1,1604567,651610286.65
2013-05-16,CIPLA,,,411,425,409,422.1,2601211,1093353511.8
2013-05-17,CIPLA,,,422,428,415.7,425.6,2126588,900975022.3
2013-05-20,CIPLA,,,426.95,426.95,416.05,417.35,976850,410348805.15
2013-05-21,CIPLA,,,417.5,420.5,414.65,418.05,800809,334647829.8
2013-05-22,CIPLA,,,419.8,422.4,414.25,415.7,597852,249713632.45
2013-05-23,CIPLA,,,414.85,418,411.25,414.85,904509,374947213.1
2013-05-24,CIPLA,,,417,418,406.1,408.5,1107334,452812459.2
2013-05-27,CIPLA,,,408,409,399.4,401.5,838566,337987253.7
2013-05-28,CIPLA,,,399.7,406.95,396,396.3,1559336,623130528.85
2013-05-29,CIPLA,,,396.5,403,392.75,401.7,2492144,991676200.75
2013-05-30,CIPLA,,,392,403.35,381,383,7939979,3083129972.75
2013-05-31,CIPLA,,,383.5,384,368,370.55,2647020,994460961.75
2013-06-03,CIPLA,,,371.55,375.7,364,367.55,1399483,517047594.7
2013-06-04,CIPLA,,,369,380.1,368.8,375.2,1936385,730713052.6
2013-06-05,CIPLA,,,376.05,377.2,369.6,375.55,2132512,798341641.05
2013-06-06,CIPLA,,,375.5,380.1,374,375.55,1416392,533963662.1
2013-06-07,CIPLA,,,373.05,375.4,371.5,373.3,1426740,532299698
2013-06-10,CIPLA,,,373.35,376,369.6,374.2,1465436,546258807.75
2013-06-11,CIPLA,,,371.6,381.25,371.6,379.9,1466111,554421012.55
2013-06-12,CIPLA,,,381,385.45,380.25,384.05,2014328,771868104.45
2013-06-13,CIPLA,,,382.9,382.9,375,378.5,1435428,543275877.3
2013-06-14,CIPLA,,,379.9,381.2,372.75,377.9,2197305,825335441.3
2013-06-17,CIPLA,,,378.1,381.5,373.55,380.25,875560,331642801.6
2013-06-18,CIPLA,,,380.3,381.5,375.3,379.65,1270859,480869979.65
2013-06-19,CIPLA,,,379,382,376.05,379.5,997883,378161625.45
2013-06-20,CIPLA,,,376.8,382.8,373.05,379.1,2055603,779495895.25
2013-06-21,CIPLA,,,380,382.3,374.6,381.3,2001208,760082275.75
2013-06-24,CIPLA,,,380.8,382.7,372.2,380.1,1519576,572986755.9
2013-06-25,CIPLA,,,380,381.5,375,379.4,1718172,651288025.6
2013-06-26,CIPLA,,,380,381.5,377.6,379.6,1402616,532765013.45
2013-06-27,CIPLA,,,381.4,390.6,379.7,387.7,1860142,719509799.8
2013-06-28,CIPLA,,,389,393.5,385.5,391.95,1568530,612915884.7
2013-07-01,CIPLA,,,391.05,398.75,389.35,397.75,1111324,438318237.95
2013-07-02,CIPLA,,,398,398.4,392.55,397.2,872981,346037924.85
2013-07-03,CIPLA,,,395.4,399.75,393,396.95,992534,393946790.95
2013-07-04,CIPLA,,,398.25,401.9,392.4,394.6,897272,355754850.5
2013-07-05,CIPLA,,,397.45,400.8,395.5,399.05,1123372,447904339.8
2013-07-08,CIPLA,,,397.9,403.25,395.55,396.5,972159,387612202.7
2013-07-09,CIPLA,,,396.25,402.15,396.25,400.15,559483,223638082.45
2013-07-10,CIPLA,,,400,405.45,398.3,400.1,661899,266019132.65
2013-07-11,CIPLA,,,403.55,404.35,398.65,400,745692,298930547.1
2013-07-12,CIPLA,,,397.9,406.8,391.15,405.45,1574902,631488647.05
2013-07-15,CIPLA,,,408,409.55,405,407.7,671824,273876729.35
2013-07-16,CIPLA,,,402,408.5,399.15,402.2,572326,230770073.55
2013-07-17,CIPLA,,,402.25,411,399.2,406.8,1203163,486468162.5
2013-07-18,CIPLA,,,408.2,416.5,406.6,413.3,1120322,463087590.05
2013-07-19,CIPLA,,,411,418.5,408.15,415.55,1230613,511114492.7
2013-07-22,CIPLA,,,412.1,417.8,410.15,411.55,566057,234577990.45
2013-07-23,CIPLA,,,413.25,415,405,409.15,703021,288791260.9
2013-07-24,CIPLA,,,409.15,416.95,407,415.3,939074,387153701.55
2013-07-25,CIPLA,,,418.3,419.85,405.4,409.3,1153706,475536803.05
2013-07-26,CIPLA,,,410.4,416.3,409.8,415.05,1511816,625162227
2013-07-29,CIPLA,,,413.15,416.9,408.75,412.25,1076847,444531512.85
2013-07-30,CIPLA,,,413.2,415.75,407.15,408.7,822828,337731361.55
2013-07-31,CIPLA,,,405.05,407.5,397.55,400.3,2371558,950976303.65
2013-08-01,CIPLA,,,401.85,408.4,396,403.35,677074,273012450.45
2013-08-02,CIPLA,,,405.1,405.9,396.1,399.9,656648,262629484.55
2013-08-05,CIPLA,,,400,401.05,391.3,395.75,1054375,415925344.3
2013-08-06,CIPLA,,,395.5,395.5,387,391.5,2161665,844518416.9
2013-08-07,CIPLA,,,393.7,395,384.35,390.35,925903,361118216.85
2013-08-08,CIPLA,,,391.75,413.9,381.65,409.4,3071245,1228180553.4
2013-08-12,CIPLA,,,427,428.95,413.6,415.5,3422954,1439462396.35
2013-08-13,CIPLA,,,418,427.5,414.35,424.85,1910148,809197016.95
2013-08-14,CIPLA,,,424.9,429.8,419.55,420.4,1298053,549336403.05
2013-08-16,CIPLA,,,420,425.75,412.5,414.7,1676509,699354561.1
2013-08-19,CIPLA,,,415,419.7,395.05,400.2,1412434,571071717.25
2013-08-20,CIPLA,,,397.9,407.95,391.25,402.2,1370434,549886061.75
2013-08-21,CIPLA,,,404.9,406.25,391,392.7,1198064,476127777.1
2013-08-22,CIPLA,,,391.9,403.2,389.2,401.4,1326156,526041661.65
2013-08-23,CIPLA,,,402.8,404,392.5,396,1505564,596965065.2
2013-08-26,CIPLA,,,396.5,403.45,391.1,399.25,986582,392739221.35
2013-08-27,CIPLA,,,395,402.6,392.45,396.65,1389978,551946959.45
2013-08-28,CIPLA,,,393.35,401,383.35,398.6,1776784,698046895.45
2013-08-29,CIPLA,,,400,402,393.1,397.65,2000822,796537622.3
2013-08-30,CIPLA,,,397.45,419.7,393,416.95,2873899,1183962071.85
2013-09-02,CIPLA,,,418,424,414.05,417.85,932389,391509347.65
2013-09-03,CIPLA,,,418.2,422,403.4,406.15,887841,365864634.4
2013-09-04,CIPLA,,,407,421.3,403.85,419.8,1481535,616803245.6
2013-09-05,CIPLA,,,424.5,425.6,417.25,418.6,826194,347184158.4
2013-09-06,CIPLA,,,420.25,440.8,419.15,437.05,2382882,1031594218
2013-09-10,CIPLA,,,441,446.7,436.8,440.9,1859689,821852702.3
2013-09-11,CIPLA,,,439,442.85,428.5,433.75,1674548,728154304.4
2013-09-12,CIPLA,,,437.15,444.5,434.1,438.15,985827,433703694.05
2013-09-13,CIPLA,,,436.9,443.95,436.9,441.55,787196,347636831.05
2013-09-16,CIPLA,,,445.85,450.4,428,430.55,1248660,549426032.2
2013-09-17,CIPLA,,,429,435,424,432.05,912502,392283406.7
2013-09-18,CIPLA,,,433.5,440.8,433.5,437,971303,424998262.1
2013-09-19,CIPLA,,,445,445,430,439.7,1539956,676019127.65
2013-09-20,CIPLA,,,437.75,444.95,421.65,430.05,2071797,893354966.4
2013-09-23,CIPLA,,,428,435.15,423.65,425.95,1202592,515435517.45
2013-09-24,CIPLA,,,422.3,435.2,422.3,431.95,1665360,720592938.75
2013-09-25,CIPLA,,,432.45,439.75,429,438.75,874221,381142040.5
2013-09-26,CIPLA,,,439,440.95,433.55,435.8,1041444,454183026.85
2013-09-27,CIPLA,,,437.9,439.9,432.1,434.3,696621,303336415.35
2013-09-30,CIPLA,,,432,438.5,430.9,432.5,686309,297704029.9
2013-10-01,CIPLA,,,432,435.9,430.65,431.9,488339,211457386.15
2013-10-03,CIPLA,,,436.8,441.55,435,435.9,943945,412671213.9
2013-10-04,CIPLA,,,435,444.8,434.6,437.95,1437160,633671122.15
2013-10-07,CIPLA,,,437.05,442.8,437.05,439.8,1036750,456499696.3
2013-10-08,CIPLA,,,441.9,443,434,434.7,546510,238835423.9
2013-10-09,CIPLA,,,432.5,437.8,429.5,431.6,1238140,536246919.45
2013-10-10,CIPLA,,,431,438.5,431,433,894958,388885956.6
2013-10-11,CIPLA,,,437.2,437.2,428,429.2,569732,245627523.75
2013-10-14,CIPLA,,,430,431.85,420,421.9,1024542,434787126.25
2013-10-15,CIPLA,,,422.1,428.7,420,423.1,741927,314800935.75
2013-10-17,CIPLA,,,424.9,426,413.8,414.9,1396794,584386649
2013-10-18,CIPLA,,,415.35,419.45,413.6,415.3,1438997,598621323.85
2013-10-21,CIPLA,,,416.95,422.9,413.35,416.8,1365372,569787292
2013-10-22,CIPLA,,,417.9,420.6,410.2,412.25,1382573,571272739.7
2013-10-23,CIPLA,,,412.6,424.95,411.5,423.8,2311179,969315939.25
2013-10-24,CIPLA,,,423.9,425.55,417.75,420.2,1077405,453798779.95
2013-10-25,CIPLA,,,418.25,421,413,415.5,871750,362907688
2013-10-28,CIPLA,,,416.25,418.9,411,411.75,551183,227470922.85
2013-10-29,CIPLA,,,411.65,419.75,408.7,417.75,1093035,454151642.6
2013-10-30,CIPLA,,,418.55,420.35,416.05,419.4,927553,388068083.05
2013-10-31,CIPLA,,,420,421,411.85,413.2,1884285,780556701.45
2013-11-01,CIPLA,,,414.5,418.2,413.5,416.3,576321,239927626.15
2013-11-05,CIPLA,,,418,423.8,415.55,420.65,1198094,503739480.45
2013-11-06,CIPLA,,,421,427.8,421,424.65,1264818,537581709.75
2013-11-07,CIPLA,,,425.75,429.75,419.9,421.6,970555,413010607.75
2013-11-08,CIPLA,,,421.05,426.5,420.3,423.15,1121043,474669317.4
2013-11-11,CIPLA,,,423,428.25,420.5,421.95,964562,409855092.15
2013-11-12,CIPLA,,,422.7,426.65,418.4,420.85,924373,391364422.45
2013-11-13,CIPLA,,,419.55,419.55,410.05,412.3,1255137,520623946.95
2013-11-18,CIPLA,,,403.1,407.05,401.35,402.2,1141893,460715971
2013-11-19,CIPLA,,,403.1,405.85,399.25,400.75,1269712,509928512.5
2013-11-20,CIPLA,,,400.35,401.8,391.8,392.85,1951113,770188624.15
2013-11-21,CIPLA,,,393.5,396.25,385.6,386.65,1706437,665813917.65
2013-11-22,CIPLA,,,389.95,390,383.8,385,1184733,457712527.75
2013-11-25,CIPLA,,,389,392.4,385.25,387.1,1229132,478106021.5
2013-11-26,CIPLA,,,388,391.3,384.25,386.2,1169016,452789997.3
2013-11-27,CIPLA,,,385,386.3,381,381.95,934508,357851035.55
2013-11-28,CIPLA,,,382.5,385.25,378.55,379.95,2011901,768840953
2013-11-29,CIPLA,,,382,392.75,382,391.25,1713523,667551497.65
2013-12-02,CIPLA,,,392,395.85,391.25,391.9,975507,383568955.45
2013-12-03,CIPLA,,,392,394.4,388.1,390.6,809592,316323811.05
2013-12-04,CIPLA,,,390,394,387.2,390.05,887970,347147722.7
2013-12-05,CIPLA,,,394.45,394.7,385.6,387.55,691977,269756904.25
2013-12-06,CIPLA,,,386.5,391.45,386,388.75,555641,216004385.95
2013-12-09,CIPLA,,,396,396,384.25,385.4,1495597,578825314.8
2013-12-10,CIPLA,,,387,391,385.65,388.6,986823,383357006.25
2013-12-11,CIPLA,,,388,391.9,386.15,387.1,546841,212207470.9
2013-12-12,CIPLA,,,385.05,387.15,380.15,380.95,1052271,403001155.85
2013-12-13,CIPLA,,,380,381.7,375.35,376.7,1849657,697807258.45
2013-12-16,CIPLA,,,375.5,379.25,373.2,375.9,1085951,407935770.35
2013-12-17,CIPLA,,,381,389.9,378,387.8,3377248,1308336688.5
2013-12-18,CIPLA,,,390.75,396.5,385,392.75,2330228,911053595.6
2013-12-19,CIPLA,,,393.85,401.5,388,399.5,1558022,617093647.85
2013-12-20,CIPLA,,,402,403.4,399.95,401.75,1573136,632180438.1
2013-12-23,CIPLA,,,403.1,408.7,399.3,405.15,1563675,633450587.45
2013-12-24,CIPLA,,,406,409.5,398.45,399.65,895726,361949570.15
2013-12-26,CIPLA,,,402,404.9,396,398.05,2154435,859540047.4
2013-12-27,CIPLA,,,399,407.9,398.45,405.15,1221207,493638142.35
2013-12-30,CIPLA,,,407.25,407.65,398.75,400.05,718101,288618952.7
2013-12-31,CIPLA,,,402.75,404.35,399.4,400.8,550785,221139498.3
2014-01-01,CIPLA,,,402.5,405.9,400.8,401.75,429074,173026650.7
2014-01-02,CIPLA,,,402,406.35,391.5,392.3,734194,293025455.05
2014-01-03,CIPLA,,,391.55,394,386,391.75,998001,388702978.2
2014-01-06,CIPLA,,,393.9,395.95,387.65,391.6,752348,294700425.7
2014-01-07,CIPLA,,,393.9,394.9,389,390.85,955034,373162148.3
2014-01-08,CIPLA,,,391.1,405,389.1,404.2,1768447,707663553.5
2014-01-09,CIPLA,,,404,407.4,400,403.1,1161659,468853594.15
2014-01-10,CIPLA,,,401.2,406.7,397,399.1,875765,351825151.4
2014-01-13,CIPLA,,,396.35,403.45,396.35,402.25,770671,308426068.65
2014-01-14,CIPLA,,,400.9,412.25,400.9,411.15,1375742,560713847.55
2014-01-15,CIPLA,,,414.35,423.9,414.35,418.05,2737981,1146959926.65
2014-01-16,CIPLA,,,419,420.95,412,412.65,1332490,554132359.55
2014-01-17,CIPLA,,,412.5,421.95,412.5,417.6,1369311,571630257.1
2014-01-20,CIPLA,,,419,421.7,416.15,419.85,825525,346195021.75
2014-01-21,CIPLA,,,420.25,424,416.35,417.4,757294,318286268.8
2014-01-22,CIPLA,,,417.7,425.85,415.3,422.7,1159013,489996828.05
2014-01-23,CIPLA,,,422.9,425.05,417.4,419.55,657695,276856056.3
2014-01-24,CIPLA,,,418,423,413.4,414.4,994905,415339768.85
2014-01-27,CIPLA,,,411.5,418,407.75,415,1305152,539729732.9
2014-01-28,CIPLA,,,416.3,420.5,406.8,409.25,988099,406533856.7
2014-01-29,CIPLA,,,411,418.5,409.5,414.5,1227506,509667740.3
2014-01-30,CIPLA,,,410.95,415.9,407.95,413.45,1344614,555289379.65
2014-01-31,CIPLA,,,415,419,408.55,410.6,529559,218549507.3
2014-02-03,CIPLA,,,408.5,415.75,408.5,412.5,883601,364131282.2
2014-02-04,CIPLA,,,410.7,417.95,410,415.15,1076767,447266493.2
2014-02-05,CIPLA,,,416.9,416.9,410.5,415.15,1340045,554213318.95
2014-02-06,CIPLA,,,417.5,420,409.25,410.05,1533292,633631186.95
2014-02-07,CIPLA,,,412.85,418,412.5,417.05,943897,392226516.75
2014-02-10,CIPLA,,,419.45,423.6,409.7,414.55,1133469,475105402.55
2014-02-11,CIPLA,,,415,415,405.2,412.5,2568431,1053999277.55
2014-02-12,CIPLA,,,414.9,414.9,408,412.75,2956000,1216186491.6
2014-02-13,CIPLA,,,390,404.25,379,380.3,10135980,3945085856.75
2014-02-14,CIPLA,,,384.7,384.7,370,373.35,3269119,1226852778.1
2014-02-17,CIPLA,,,373.35,378.05,371.15,374.35,1218421,456654537.15
2014-02-18,CIPLA,,,374,377.7,371.25,371.9,1787070,668730045.35
2014-02-19,CIPLA,,,373,375.2,371,373.2,891444,332810539.95
2014-02-20,CIPLA,,,373.2,376.6,370.4,371.2,1607125,598621415.15
2014-02-21,CIPLA,,,374,374,367.75,369.2,2004530,740773074.4
2014-02-24,CIPLA,,,366.5,372.8,366.5,367.5,1554990,573257468.75
2014-02-25,CIPLA,,,367.55,375.5,367.55,374.75,2141819,797665788.75
2014-02-26,CIPLA,,,377.4,379.45,373,375.3,2983431,1121790327.6
2014-02-28,CIPLA,,,379,385,374.5,384.3,2480770,947134868.2
2014-03-03,CIPLA,,,386,387.7,375.05,376.6,1038366,394501911.5
2014-03-04,CIPLA,,,377,381.9,377,378.65,783416,297190789
2014-03-05,CIPLA,,,379.3,386.2,379.3,385.5,1224021,469429288.15
2014-03-06,CIPLA,,,386,387.3,378.15,379.75,1568154,599446640.15
2014-03-07,CIPLA,,,382.1,382.4,374.3,381.2,1616118,612258238.25
2014-03-10,CIPLA,,,381.75,381.75,373.85,375.4,2565231,965273207.4
2014-03-11,CIPLA,,,375.25,380.3,375.25,376.95,1770830,668558751.75
2014-03-12,CIPLA,,,377.2,380.8,376.45,378.7,1247912,473412085.15
2014-03-13,CIPLA,,,379.4,383.55,378.4,380.4,979770,374025591.9
2014-03-14,CIPLA,,,379.65,387,378.75,386.5,1056579,405442567.7
2014-03-18,CIPLA,,,388,390.95,382,385.85,1045604,405262368.9
2014-03-19,CIPLA,,,387,389.9,382.25,382.8,1190320,459251385.45
2014-03-20,CIPLA,,,380.5,388.95,379,387.25,1355616,523391392.25
2014-03-21,CIPLA,,,388,389.45,384,387.95,1005845,390187046.7
2014-03-24,CIPLA,,,398,401.6,390.1,391.05,1479217,584305958.5
2014-03-25,CIPLA,,,393.5,394.5,388.1,391.25,1796133,701681295.75
2014-03-26,CIPLA,,,392.65,393.9,385.55,387.1,1590602,618693403.95
2014-03-27,CIPLA,,,390,391.7,382.55,386.4,2349700,909295431
2014-03-28,CIPLA,,,386.35,391.55,383.55,386.95,1196519,462916629.35
2014-03-31,CIPLA,,,388.2,389.75,381.8,382.8,950977,365874825.9
2014-04-01,CIPLA,,,383.7,385.75,379.15,381.5,1470749,561998943
2014-04-02,CIPLA,,,384.8,392,381.55,389.25,2670463,1035742894.95
2014-04-03,CIPLA,,,391.5,397.5,389.25,396.4,1714910,675666743.8
2014-04-04,CIPLA,,,398,406.1,396.25,404.1,1879042,754799871.65
2014-04-07,CIPLA,,,407.9,410.1,392.2,396.6,1371865,545557722.05
2014-04-09,CIPLA,,,398.25,401.85,393.7,401,1026656,410434791.25
2014-04-10,CIPLA,,,401.4,402.2,394.2,397.4,1703713,675850292.1
2014-04-11,CIPLA,,,397.5,403.45,396.25,402.05,1525144,612867902.35
2014-04-15,CIPLA,,,402.25,402.8,395.15,400.65,841008,335629687
2014-04-16,CIPLA,,,401.1,404.05,393.6,396.9,891565,354323244.95
2014-04-17,CIPLA,,,399.5,401.3,394.6,400.7,1189809,475090372.8
2014-04-21,CIPLA,,,400,404.75,397,399.8,745738,298725365.85
2014-04-22,CIPLA,,,400.15,402.8,395,396.5,1162409,462163071.25
2014-04-23,CIPLA,,,397.3,400.25,397.3,399.05,748544,298345380.55
2014-04-25,CIPLA,,,397.25,401,392.4,394.25,630377,248851126.25
2014-04-28,CIPLA,,,394.25,409.5,394.25,406.9,1950705,787635473.95
2014-04-29,CIPLA,,,407.8,408.75,397.7,401.2,1115634,448357796.05
2014-04-30,CIPLA,,,401.2,404.9,392.55,397.45,810330,322766237.05
2014-05-02,CIPLA,,,397.5,406.5,397.5,402.1,989246,398164165.3
2014-05-05,CIPLA,,,402.05,404.4,391.3,392.8,1734530,686263972.9
2014-05-06,CIPLA,,,395.65,395.65,389.5,390.9,1302895,511069749.3
2014-05-07,CIPLA,,,391.15,396.35,381.3,382.6,1677331,651220168.8
2014-05-08,CIPLA,,,391,395,386.1,388.65,1878821,732735439.55
2014-05-09,CIPLA,,,388.35,394,385.1,392.3,1030990,403470296.2
2014-05-12,CIPLA,,,393.1,394.8,384.5,387.75,1522838,590975205.15
2014-05-13,CIPLA,,,391,392.9,386.1,390.6,2079198,810330774.05
2014-05-14,CIPLA,,,392.2,396.8,390.8,394.55,1474530,581660642.2
2014-05-15,CIPLA,,,394.7,402.45,393.5,398.1,1681151,669484364.15
2014-05-16,CIPLA,,,401.4,425,387.45,388.25,2820584,1118313175.35
2014-05-19,CIPLA,,,390.15,394.4,382.05,384.75,2386910,920076715.45
2014-05-20,CIPLA,,,383,391.5,378.9,389.35,1790091,690288147.8
2014-05-21,CIPLA,,,390,394,386.3,389.65,2123860,829304994.7
2014-05-22,CIPLA,,,391.4,392.4,384.35,387.85,1343373,522236673.7
2014-05-23,CIPLA,,,388.2,392.9,384.05,387.9,1067882,415452310.35
2014-05-26,CIPLA,,,388.35,390.8,379.1,381.3,1422191,544946392.75
2014-05-27,CIPLA,,,382,386.05,377.3,378,2348760,892417252.2
2014-05-28,CIPLA,,,378.6,382.4,376.6,379.85,1105072,419702665.95
2014-05-29,CIPLA,,,380.1,382,370.85,372.45,2231881,834552796.7
2014-05-30,CIPLA,,,370,385.9,367.5,384.55,2158135,821480820.15
2014-06-02,CIPLA,,,389,389,381.2,387.2,907555,350613196.2
2014-06-03,CIPLA,,,386.05,390.4,384.2,389,755694,293507895.3
2014-06-04,CIPLA,,,387.35,391.9,387.35,390.8,853453,332960734.3
2014-06-05,CIPLA,,,391.2,392,385,387.2,853847,330307309.65
2014-06-06,CIPLA,,,387.95,397.3,386.6,396.15,1582458,621874375.25
2014-06-09,CIPLA,,,398,402,393.25,396.55,1581828,629478796.25
2014-06-10,CIPLA,,,399,409.35,396.05,407.6,2777554,1125031775.5
2014-06-11,CIPLA,,,408,417.5,408,413.15,2536080,1048458658.55
2014-06-12,CIPLA,,,414,419,411.4,416.15,1333274,554409996.95
2014-06-13,CIPLA,,,415.5,420.9,407.5,414.1,1137084,471088258.4
2014-06-16,CIPLA,,,414.75,418,410.15,413.6,2036826,841980085.8
2014-06-17,CIPLA,,,417,417,410.65,412.95,750090,309817161.2
2014-06-18,CIPLA,,,420,443.25,418.1,425.1,8551040,3677601641.6
2014-06-19,CIPLA,,,429.9,429.9,419.65,425.95,1709421,727048259.25
2014-06-20,CIPLA,,,426.6,437.95,422.25,425.65,2313373,994834684.4
2014-06-23,CIPLA,,,427.2,428.65,418.05,423.9,1003896,423752826.25
2014-06-24,CIPLA,,,427.8,429.8,423.25,427.4,826911,353462269.75
2014-06-25,CIPLA,,,427.8,430.9,424,426.45,743792,318114028.2
2014-06-26,CIPLA,,,427,433.3,421.05,425.55,4161224,1768990780.95
2014-06-27,CIPLA,,,423,442.8,423,436.9,1649698,713854088.5
2014-06-30,CIPLA,,,442.7,445,435.7,438,1645312,725023288.5
2014-07-01,CIPLA,,,439,441.5,436.1,437.25,1068729,468851385.75
2014-07-02,CIPLA,,,437.15,446.55,436.5,444.3,1773781,785065381.5
2014-07-03,CIPLA,,,445,449.9,442,447.7,1828531,817251880.9
2014-07-04,CIPLA,,,448.9,453.15,441.5,449.3,1472541,660931725.8
2014-07-07,CIPLA,,,449,453.7,444.7,449.65,1432449,643195005.4
2014-07-08,CIPLA,,,451,460.65,437.1,442,2390257,1085341357.2
2014-07-09,CIPLA,,,443.5,447.4,433.55,436.25,854107,376646615.85
2014-07-10,CIPLA,,,436.25,442.95,425.25,436.05,1223859,529590879.95
2014-07-11,CIPLA,,,432,445,430,436,1176692,516038805.35
2014-07-14,CIPLA,,,437,437.5,428.8,432.65,641001,277301938.65
2014-07-15,CIPLA,,,433.15,434.7,427.65,431.85,834688,359480438.75
2014-07-16,CIPLA,,,432.65,436.2,429.55,432.15,823933,355742586.85
2014-07-17,CIPLA,,,430,441.4,430,437.05,899509,393968280.85
2014-07-18,CIPLA,,,440.3,444.15,439,441.35,1460037,644995848.2
2014-07-21,CIPLA,,,444.65,444.65,436,438.3,564182,247982127.4
2014-07-22,CIPLA,,,438.55,444,437,441.25,713693,313798740.6
2014-07-23,CIPLA,,,441.75,447.8,438,442,794876,352154288.4
2014-07-24,CIPLA,,,441,444.35,437.3,439.55,674032,296168229.05
2014-07-25,CIPLA,,,441.45,446.5,438.9,445.65,930167,412606608.1
2014-07-28,CIPLA,,,446.95,446.95,437.35,440.95,425731,187960784.9
2014-07-30,CIPLA,,,440.5,451.4,439.1,448.2,1339082,594361470.35
2014-07-31,CIPLA,,,447,463.35,447,456.5,2893807,1323677856.25
2014-08-01,CIPLA,,,455,460.5,440.15,442.5,919050,414595808.15
2014-08-04,CIPLA,,,444,447.5,437.2,440.8,1540481,678672339.85
2014-08-05,CIPLA,,,442.55,443.2,435,440.5,785917,346115308.15
2014-08-06,CIPLA,,,438.9,441,433.25,435.6,1184099,517146952.9
2014-08-07,CIPLA,,,435,439.65,432.05,434.95,799428,348192116
2014-08-08,CIPLA,,,431,437.65,430,436.7,613238,266221543.15
2014-08-11,CIPLA,,,441.4,443.25,436.7,437.5,961184,423194841.55
2014-08-12,CIPLA,,,439.85,445.55,437.05,444.85,1011391,447826238.8
2014-08-13,CIPLA,,,446,450.8,437.1,440.35,1542958,686779909.45
2014-08-14,CIPLA,,,439.7,452.25,432.75,448.6,2478440,1097525296.95
2014-08-18,CIPLA,,,447.8,472.6,442.25,471.05,3374069,1549791880.9
2014-08-19,CIPLA,,,472.5,476.6,465.5,474.55,1982745,934746984.5
2014-08-20,CIPLA,,,474.05,496.8,472,492.35,2686295,1309421910.65
2014-08-21,CIPLA,,,492.35,499.75,486.15,492.85,1635039,807020455.55
2014-08-22,CIPLA,,,496.4,502,491.3,499.3,2077957,1032669443.45
2014-08-25,CIPLA,,,498,509.4,495,507.4,1211454,610817032.4
2014-08-26,CIPLA,,,506.3,517.4,505.3,512.4,1497790,768043433.4
2014-08-27,CIPLA,,,513.7,517.4,508.7,513.35,1397996,716173682.6
2014-08-28,CIPLA,,,513.3,516,506.5,514.2,2615834,1341216022.65
2014-09-01,CIPLA,,,516.3,531.1,514.7,529.15,1876424,986784980.05
2014-09-02,CIPLA,,,534,575,533.5,557.05,5384451,3022616868.9
2014-09-03,CIPLA,,,559.9,562.5,550,553.2,2999971,1667746817.5
2014-09-04,CIPLA,,,554,569,549.1,552.3,3561169,1982725378.75
2014-09-05,CIPLA,,,553.2,559.9,545.65,557.5,2710206,1500560532.5
2014-09-08,CIPLA,,,562,565.65,558.75,563.45,2158860,1213475267.7
2014-09-09,CIPLA,,,567.1,578.1,567,574.9,1883699,1078812476.2
2014-09-10,CIPLA,,,578,582.4,574.8,577.35,1450646,839151717.05
2014-09-11,CIPLA,,,577,579.4,566.85,575.2,1346966,771150670.25
2014-09-12,CIPLA,,,578,616.9,576,612.75,4515925,2709135147.8
2014-09-15,CIPLA,,,612.6,634.4,609.8,630.25,4011059,2520175246.55
2014-09-16,CIPLA,,,632,639.1,614.15,619.7,2498982,1565440944.75
2014-09-17,CIPLA,,,623,627.75,604.2,610.15,2534042,1549963713
2014-09-18,CIPLA,,,612,622.95,606.75,620.05,1768643,1091303340.2
2014-09-19,CIPLA,,,625,637.7,620.1,628.1,2601536,1640552972.4
2014-09-22,CIPLA,,,626,626,607.55,612.9,2877030,1762374979.75
2014-09-23,CIPLA,,,624,624,578.95,584.3,5293569,3164239147.45
2014-09-24,CIPLA,,,587.15,603.25,573.7,600,3224447,1887866894.5
2014-09-25,CIPLA,,,607.35,617.5,597.95,608.45,2631825,1606032410.9
2014-09-26,CIPLA,,,610.9,616.45,587.5,611.95,2038811,1232049711.75
2014-09-29,CIPLA,,,612,622.1,608.9,616.85,1105338,683131618.3
2014-09-30,CIPLA,,,614.1,628.1,613.8,626.8,1661328,1035612368.85
2014-10-01,CIPLA,,,626.8,631.4,621.1,624.3,1220240,762308094.4
2014-10-07,CIPLA,,,629.7,630.35,598.25,602.2,2218559,1358477453.1
2014-10-08,CIPLA,,,603.9,603.9,578.8,585.65,2870865,1682394387.15
2014-10-09,CIPLA,,,589.75,605,587.2,591.7,1833911,1094796261.9
2014-10-10,CIPLA,,,590.4,598.45,580,592.4,2277836,1346774768.4
2014-10-13,CIPLA,,,591,591,574.45,575.95,1570550,908612582.7
2014-10-14,CIPLA,,,574.7,586.6,570.2,578.5,1235691,718154310.85
2014-10-16,CIPLA,,,578.85,592.9,575.2,578.65,1899046,1108538466.55
2014-10-17,CIPLA,,,575.5,601,575.5,595.6,1717922,1013248075.6
2014-10-20,CIPLA,,,600,610.8,599.5,604.25,1386961,839932255.55
2014-10-21,CIPLA,,,604,611.25,599.75,608.3,1375706,834400266.55
2014-10-22,CIPLA,,,612,633.7,609.75,628.4,2149219,1336889822
2014-10-27,CIPLA,,,629.8,631.1,620.1,628.1,1316795,824895258.95
2014-10-28,CIPLA,,,630,648.8,625.7,646.15,1860143,1188853111
2014-10-29,CIPLA,,,652.9,658.8,649,656.9,2970820,1944783024.6
2014-10-30,CIPLA,,,656.25,663.8,647,650.6,2236206,1464950707.8
2014-10-31,CIPLA,,,652.7,673,647.8,666.55,1185420,780842418.85
2014-11-03,CIPLA,,,670,671,658.75,663.1,796370,528426303.8
2014-11-05,CIPLA,,,664.9,670.7,651.8,658.5,1178035,776669723.45
2014-11-07,CIPLA,,,657.5,667.7,647.7,650.15,1670668,1098288048.95
2014-11-10,CIPLA,,,652,653,639.15,643,672490,433107248.4
2014-11-11,CIPLA,,,647.7,651.65,634,637,1156064,739790417.65
2014-11-12,CIPLA,,,639.95,642.8,616,618.3,2128988,1335726631.9
2014-11-13,CIPLA,,,620,635,618.15,623.65,1824599,1143847653.1
2014-11-14,CIPLA,,,615.5,629.75,606.95,609.2,2551434,1565537005.5
2014-11-17,CIPLA,,,609,618,606.05,613.3,1168089,714681335.8
2014-11-18,CIPLA,,,612,617.7,606,607.85,1828374,1114797375.25
2014-11-19,CIPLA,,,611,613.75,593,599.2,1553551,932670222
2014-11-20,CIPLA,,,600,623.95,595.65,618.5,2261492,1383763026
2014-11-21,CIPLA,,,626.45,645,624.25,627.05,2847855,1807112517.6
2014-11-24,CIPLA,,,627,632,616.3,618.15,1703235,1059924431.05
2014-11-25,CIPLA,,,619,628.9,608,624.25,4011692,2484401065.95
2014-11-26,CIPLA,,,630,638,624.1,628.95,2164082,1367347657.1
2014-11-27,CIPLA,,,630,642,626.3,637.55,2119129,1346270485.65
2014-11-28,CIPLA,,,642,646.6,632.6,635.15,2330230,1486038166.75
2014-12-01,CIPLA,,,636.85,649.55,629.4,643.05,2014699,1293732881.5
2014-12-02,CIPLA,,,643,651.85,637.05,639.45,1582287,1019010493.15
2014-12-03,CIPLA,,,642,663,637,650.2,4859501,3111634306.35
2014-12-04,CIPLA,,,660,667.3,654,659.25,1897979,1250818590.75
2014-12-05,CIPLA,,,657.1,664.5,645.75,647.3,1448690,945860000.7
2014-12-08,CIPLA,,,651,655,641,651.9,1732385,1125396858.85
2014-12-09,CIPLA,,,651,652.45,636,640,801143,515574405.3
2014-12-10,CIPLA,,,641,652,636.05,649.85,1467006,949763483.7
2014-12-11,CIPLA,,,650,651.1,640.1,642.45,1179422,760105608.1
2014-12-12,CIPLA,,,644,649.8,636.65,640.9,1119398,719749534.9
2014-12-15,CIPLA,,,641,643.85,623.35,632.1,1055655,665747923.2
2014-12-16,CIPLA,,,630,631.3,616.9,623.4,1512132,943701900.95
2014-12-17,CIPLA,,,618,619.7,597.8,605.5,2116349,1283722577.45
2014-12-18,CIPLA,,,609,629,609,625.35,1579359,980457209.6
2014-12-19,CIPLA,,,632,634.45,616.85,618.95,1260103,784935939.3
2014-12-22,CIPLA,,,621.1,622.8,614,618.25,751698,464671638.2
2014-12-23,CIPLA,,,619.5,633.9,612.55,630.1,1378766,859110808.7
2014-12-24,CIPLA,,,635.1,636.45,622,625.1,2697412,1692115903.35
2014-12-26,CIPLA,,,626,629.8,619.4,622.8,525600,327822885.85
2014-12-29,CIPLA,,,623.25,632.4,618.6,622.85,686818,429784333
2014-12-30,CIPLA,,,624.5,628.85,621.35,625.25,481982,301531255.55
2014-12-31,CIPLA,,,625,629.2,624,626.4,789136,494252468.3
2015-01-01,CIPLA,,,626.5,634.8,626.5,628.4,596787,376407400.55
2015-01-02,CIPLA,,,633,637.55,629.35,630.15,688999,436107243
2015-01-05,CIPLA,,,626,638,626,633,1282895,812698604.05
2015-01-06,CIPLA,,,631,632,610.5,614.35,1615490,1001214102.45
2015-01-07,CIPLA,,,614.35,617.8,604.5,611.95,813936,497722158.1
2015-01-08,CIPLA,,,615,621.5,612,618.2,1273014,786786308.4
2015-01-09,CIPLA,,,624,641.5,621,632.35,2151608,1364099104.35
2015-01-12,CIPLA,,,630.9,637,625.95,630.75,1094136,691664435.95
2015-01-13,CIPLA,,,631,645.3,628.2,636.4,1261489,806243504.85
2015-01-14,CIPLA,,,638.8,641.85,629.05,631.4,1033679,655165345.95
2015-01-15,CIPLA,,,638.9,640,632.6,638.05,1229115,783346031.7
2015-01-16,CIPLA,,,641.7,650,639,647.35,1245788,804486781.95
2015-01-19,CIPLA,,,652,661.55,649,657.8,1536486,1009701026.35
2015-01-20,CIPLA,,,661.95,666.45,657.35,661.8,1537603,1019964334.85
2015-01-21,CIPLA,,,663,663.85,641,643.45,1541897,996024565.5
2015-01-22,CIPLA,,,643.5,657.2,641.35,654.8,1642285,1070034960
2015-01-23,CIPLA,,,659.9,686.5,654.6,677.65,2255956,1507647243.7
2015-01-27,CIPLA,,,687,710,683,707.05,2067849,1441352897.9
2015-01-28,CIPLA,,,706.9,707,692.55,703.55,1379608,965907697.4
2015-01-29,CIPLA,,,699.95,711.9,686.5,697.45,2245977,1568557660.7
2015-01-30,CIPLA,,,699,702.8,691.2,695.75,1061983,739501665.05
2015-02-02,CIPLA,,,698,706.5,691.25,695.5,878717,613890462.6
2015-02-03,CIPLA,,,695.15,699.75,672.05,677.4,772717,531458148.2
2015-02-04,CIPLA,,,680.4,688,666.6,678,1326140,900605602.35
2015-02-05,CIPLA,,,676.55,676.55,657.25,662.4,913021,609337362.75
2015-02-06,CIPLA,,,672,682.7,645.65,655.05,1572398,1054919539.9
2015-02-09,CIPLA,,,650,656,626.25,629.65,1213162,773494210.3
2015-02-10,CIPLA,,,630,642.8,623.45,640.15,1834808,1166783284.5
2015-02-11,CIPLA,,,640.15,640.8,631.05,636.45,1671824,1062286357.1
2015-02-12,CIPLA,,,641,665.55,633.05,660.65,4022095,2632460786.3
2015-02-13,CIPLA,,,661,701.85,659,667.25,6373168,4307027097.95
2015-02-16,CIPLA,,,670.3,678.9,668,671.55,1056625,711596870.45
2015-02-18,CIPLA,,,672.7,684,667.55,677.65,975390,658554062.6
2015-02-19,CIPLA,,,683,692,672.1,682.45,1803177,1229753253.6
2015-02-20,CIPLA,,,686.2,690,673.55,675.95,1323954,902112712.45
2015-02-23,CIPLA,,,678,684.35,666,669.15,1030305,695664584.65
2015-02-24,CIPLA,,,673,679.6,670,677.3,745543,503319553.65
2015-02-25,CIPLA,,,679.55,685.2,671.45,676.35,865007,587154346.95
2015-02-26,CIPLA,,,680.5,682.45,656.15,659.45,1754632,1166885316.55
2015-02-27,CIPLA,,,662.4,677,655.4,669.85,1632882,1086406717.65
2015-03-02,CIPLA,,,683.55,725,681.35,716.95,2226858,1565448545.7
2015-03-03,CIPLA,,,720,738.7,715.1,731.9,2346080,1709680752.1
2015-03-04,CIPLA,,,736,747.5,722,727.05,1975785,1453313737.3
2015-03-05,CIPLA,,,730,746.4,725,739.5,1863532,1372937249.3
2015-03-09,CIPLA,,,739.5,742.5,730.05,734.2,886869,651438223
2015-03-10,CIPLA,,,740,752.85,725,729.45,2224099,1637392591.8
2015-03-11,CIPLA,,,734,737.45,712.4,717.7,1656569,1189983768.35
2015-03-12,CIPLA,,,719.15,728,711,720.2,1970544,1421337054.85
2015-03-13,CIPLA,,,725,727.65,701.1,703.85,1031988,733176927.3
2015-03-16,CIPLA,,,706.15,707.8,683.6,693.65,2758251,1908224573.85
2015-03-17,CIPLA,,,698.4,716,696.65,710.55,1832519,1298918270.75
2015-03-18,CIPLA,,,714,720.8,708.05,711.95,1470026,1048020592.15
2015-03-19,CIPLA,,,716,726.8,705.6,710.35,1697308,1220134582.05
2015-03-20,CIPLA,,,713.85,718.4,693.75,699.8,1874430,1318147848.3
2015-03-23,CIPLA,,,703.5,712.3,694,701.3,825791,581502091.55
2015-03-24,CIPLA,,,700.75,713.95,698.5,710.25,976875,691219006.3
2015-03-25,CIPLA,,,714.4,718.45,706.3,711.45,1175071,837105584.95
2015-03-26,CIPLA,,,710.5,717.25,697.1,700.95,2634979,1858884011.8
2015-03-27,CIPLA,,,707,709,687.2,694,2072818,1450148982.95
2015-03-30,CIPLA,,,695.1,710.95,695.1,702.2,1612745,1135627311.45
2015-03-31,CIPLA,,,705,717.7,700.25,712.45,2267378,1605385600.1
2015-04-01,CIPLA,,,714,716.5,703.85,709.6,1693796,1203773392.3
2015-04-06,CIPLA,,,714,739.1,711.55,735.65,2457940,1788794823.1
2015-04-07,CIPLA,,,740,744.7,722.4,728.2,1652776,1208270779.75
2015-04-08,CIPLA,,,732,746.1,724.6,736.7,2259141,1666161748.8
2015-04-09,CIPLA,,,741.7,741.85,715.3,719.45,1409699,1019477606.6
2015-04-10,CIPLA,,,710,715.95,694,701.15,2038210,1434114910.05
2015-04-13,CIPLA,,,702,714.6,691,712.4,1497566,1053718104.85
2015-04-15,CIPLA,,,713.45,717,690.1,692.9,1604656,1124732056.65
2015-04-16,CIPLA,,,695.4,695.4,673,678.85,1787533,1218173476.85
2015-04-17,CIPLA,,,679,689,672.1,680.4,2231820,1522209723.85
2015-04-20,CIPLA,,,679.8,683.9,658.55,660,1915626,1276190031
2015-04-21,CIPLA,,,660,665.25,645,652.6,2144141,1404980503.3
2015-04-22,CIPLA,,,655,668,645,656.7,1969424,1290475074.3
2015-04-23,CIPLA,,,660,668.8,657,663.95,3600202,2389049753.35
2015-04-24,CIPLA,,,664.45,664.45,635,637.65,1623284,1044844394.15
2015-04-27,CIPLA,,,638.8,639.75,621.25,628.45,1502771,944989555.3
2015-04-28,CIPLA,,,625,635,618.75,631.65,1434089,904142225.4
2015-04-29,CIPLA,,,632.65,640,625.6,629.25,1272786,804025713.7
2015-04-30,CIPLA,,,626.5,642.4,620,636,2844112,1802122709.6
2015-05-04,CIPLA,,,642,681.1,640,673.7,3045985,2015931166.5
2015-05-05,CIPLA,,,674.6,675.65,657.15,662.3,2220174,1469485694.3
2015-05-06,CIPLA,,,662,662,631.1,636.25,3640420,2337743748.5
2015-05-07,CIPLA,,,636,642.5,620.4,627.8,1896392,1199076607
2015-05-08,CIPLA,,,633,660.95,632.95,654.7,2770332,1808777803.9
2015-05-11,CIPLA,,,667.45,672.95,662.45,666.1,2078211,1389189358.6
2015-05-12,CIPLA,,,665.25,674.9,654.25,664.1,2714276,1803114944.65
2015-05-13,CIPLA,,,665,679,660.45,676.6,1858476,1246780524.85
2015-05-14,CIPLA,,,679.35,695.95,678,686,2412197,1660769638.95
2015-05-15,CIPLA,,,684.85,686.7,672.65,683.35,1187367,807639230.4
2015-05-18,CIPLA,,,683.3,690,678.05,685.55,864835,591217704.25
2015-05-19,CIPLA,,,683.5,693.9,678.9,682.7,848057,582875482.7
2015-05-20,CIPLA,,,683.9,690.7,681.1,688.55,884919,607858148.6
2015-05-21,CIPLA,,,688.45,688.45,669.4,674.35,1596030,1077859754.95
2015-05-22,CIPLA,,,676,680.5,667.9,673.9,1181691,795505870.25
2015-05-25,CIPLA,,,676.4,677.5,657.2,660.2,1333330,886350009.9
2015-05-26,CIPLA,,,662,665.5,652.1,659.05,989654,651435176.5
2015-05-27,CIPLA,,,657.8,669.65,653,661.1,1529286,1011353634.65
2015-05-28,CIPLA,,,665,666,639.8,644,2667994,1723886274.5
2015-05-29,CIPLA,,,646.85,660,641.2,650.45,3757040,2446224387.2
2015-06-01,CIPLA,,,645.5,672.75,645.5,662.1,2655528,1764583505.4
2015-06-02,CIPLA,,,666,667.8,639.35,641.3,1725187,1121278855.95
2015-06-03,CIPLA,,,642.2,643.55,631.1,635.15,1140795,727577378.55
2015-06-04,CIPLA,,,638.7,643.9,625.3,630.45,965314,611918556
2015-06-05,CIPLA,,,629.9,636.9,620,622.65,1161230,730868354.55
2015-06-08,CIPLA,,,619.9,621.7,609,614.7,1535540,943898478.7
2015-06-09,CIPLA,,,608,610,587.7,591.95,1880172,1125735142
2015-06-10,CIPLA,,,590,600,585.8,592.75,1518836,902259215.05
2015-06-11,CIPLA,,,595,599,571.25,574.35,2025695,1178551820.65
2015-06-12,CIPLA,,,574.1,586,571.8,581.65,1768081,1025653709.25
2015-06-15,CIPLA,,,581.7,592.6,571.6,585.7,1358401,795846545.05
2015-06-16,CIPLA,,,583,592,575.7,590.35,1586626,926320124.1
2015-06-17,CIPLA,,,592,617.7,591.1,612.9,3226832,1971179511.2
2015-06-18,CIPLA,,,618.4,622.6,602.1,607.05,2134429,1302368889.35
2015-06-19,CIPLA,,,607,614.7,599,606.65,2017997,1225579494.8
2015-06-22,CIPLA,,,612,617.5,607,613.5,1609442,985546666.9
2015-06-23,CIPLA,,,618.5,631.5,612.5,630.35,1700335,1062960655.7
2015-06-24,CIPLA,,,632,634.2,616.35,621.75,1350706,847161626.5
2015-06-25,CIPLA,,,618,620,600,610.75,1916121,1175350183.3
2015-06-26,CIPLA,,,612,621.75,612,619.3,2088582,1293699235.9
2015-06-29,CIPLA,,,610,613.9,600.1,610.95,1359591,825198019.2
2015-06-30,CIPLA,,,607.2,618,606.55,615.4,2352929,1439866954.95
2015-07-01,CIPLA,,,619,637.2,616.75,634.9,1789439,1129869430.45
2015-07-02,CIPLA,,,634.9,636.85,625.1,626.35,1018273,641894015.8
2015-07-03,CIPLA,,,626.25,638.95,626,631.55,1062854,674051281
2015-07-06,CIPLA,,,627,655.95,623.35,653.7,2193898,1417722066.05
2015-07-07,CIPLA,,,654.9,658.65,644.1,646.5,1151563,748607094.55
2015-07-08,CIPLA,,,643,655.75,631.7,646.2,1553260,1000546445.55
2015-07-09,CIPLA,,,647,654.9,637.35,641.15,1165623,752261941.45
2015-07-10,CIPLA,,,643.3,650.5,634,648,1329511,853251641.4
2015-07-13,CIPLA,,,653,664.9,651.95,661.25,1334312,881076963.45
2015-07-14,CIPLA,,,663.75,671.65,660.25,665.95,966237,643960400.9
2015-07-15,CIPLA,,,667,673,663.1,670.6,790552,528193454.35
2015-07-16,CIPLA,,,672.15,682,665.55,679.8,1342722,904777218
2015-07-17,CIPLA,,,680.05,687.7,678.55,685.2,1180811,808948833.6
2015-07-20,CIPLA,,,685.55,691.45,680,683.1,756355,517325364.75
2015-07-21,CIPLA,,,683,688.75,660.1,662.5,1019824,689513522.45
2015-07-22,CIPLA,,,664,680,663.5,674.6,1412682,954080297.9
2015-07-23,CIPLA,,,675,676.9,663.25,673.2,759001,511138348.95
2015-07-24,CIPLA,,,675,685.8,671.75,678.1,1177924,800549497.25
2015-07-27,CIPLA,,,676.75,688.75,673,675.35,807908,550170448.9
2015-07-28,CIPLA,,,676.95,680,665.1,671.9,832236,559576900.55
2015-07-29,CIPLA,,,674.9,683.75,667,679.55,1183157,798382403.1
2015-07-30,CIPLA,,,685.1,714.7,685.1,711.05,2842736,1999193231.7
2015-07-31,CIPLA,,,719.9,724,706,709.05,2031688,1452906847.1
2015-08-03,CIPLA,,,713.8,716.95,705,712.3,916688,651512384.95
2015-08-04,CIPLA,,,717.95,717.95,703.1,709.65,1237267,878477106.1
2015-08-05,CIPLA,,,710.95,721.9,709,718.6,1274983,913386760.55
2015-08-06,CIPLA,,,720.25,731.1,718.05,723.4,1374485,996731672.15
2015-08-07,CIPLA,,,724.7,728.85,713.5,715.15,980254,704452737.85
2015-08-10,CIPLA,,,717.4,723.5,710.75,715.25,914543,657368168.5
2015-08-11,CIPLA,,,719,729,713.95,719.2,1636795,1181297583.9
2015-08-12,CIPLA,,,718.45,724.3,696.75,707.65,2149755,1525054649.7
2015-08-13,CIPLA,,,711.8,730,710.5,725.5,2079678,1505840921.6
2015-08-14,CIPLA,,,735,741.75,730.25,739.6,3238561,2387185689.5
2015-08-17,CIPLA,,,744.95,745,701,703.15,7582133,5397844175.4
2015-08-18,CIPLA,,,709,709.4,680.8,683.8,5972184,4122091538.2
2015-08-19,CIPLA,,,687,703.4,686.9,696.1,2593642,1808077785
2015-08-20,CIPLA,,,697.5,708,688.4,691.6,2267326,1582801088.45
2015-08-21,CIPLA,,,680,700.95,671.1,697.4,2011811,1384485685.45
2015-08-24,CIPLA,,,675,681.9,626,635.85,4568527,3011489602.45
2015-08-25,CIPLA,,,649,654,605.7,645.4,4891926,3121062005.45
2015-08-26,CIPLA,,,648,649,633.5,637.45,2031606,1303127777.15
2015-08-27,CIPLA,,,652,667.8,640,660.95,3929856,2587530971.3
2015-08-28,CIPLA,,,675,679.7,655,659.85,2111583,1406042559.35
2015-08-31,CIPLA,,,659.8,685,655.1,682.15,2172057,1467188426.55
2015-09-01,CIPLA,,,682,688.4,657,663.15,2567389,1725479255.65
2015-09-02,CIPLA,,,665,669.75,644.1,648.3,2734383,1784328269.75
2015-09-03,CIPLA,,,659,663.75,651.8,655.65,3366027,2215482810.75
2015-09-04,CIPLA,,,676.25,679.8,646.5,649.55,4428049,2923562207.3
2015-09-07,CIPLA,,,656,662,647.25,649.55,1844881,1207928509.4
2015-09-08,CIPLA,,,652,654.1,623.5,650,2197872,1402298143.45
2015-09-09,CIPLA,,,662.85,668,650.1,656.45,1561345,1025301338.6
2015-09-10,CIPLA,,,649,657.5,640.7,653.7,1254979,817309765.45
2015-09-11,CIPLA,,,660,662.75,648.9,653.15,1179996,772961529.85
2015-09-14,CIPLA,,,654.75,663,650.5,660.7,796196,524217418.45
2015-09-15,CIPLA,,,665.95,667,653.5,658.9,921666,607863388.1
2015-09-16,CIPLA,,,660.2,665.7,657,661.6,1038816,687723708.6
2015-09-18,CIPLA,,,667,669,647.05,652,2152655,1415780247.5
2015-09-21,CIPLA,,,648,652,639.6,649.25,1001552,647416975.8
2015-09-22,CIPLA,,,653,653.3,642.1,644.15,1673424,1084274845.35
2015-09-23,CIPLA,,,638.8,644,633.5,642.15,1098608,703317400.05
2015-09-24,CIPLA,,,640,650.8,639,643.1,2130588,1379098358.95
2015-09-28,CIPLA,,,648,653.85,639.05,641.9,2002727,1298611036.1
2015-09-29,CIPLA,,,636.8,644.8,628.5,636.5,1385234,881218999.05
2015-09-30,CIPLA,,,638,639.95,631.2,636.05,3135198,1993830902.2
2015-10-01,CIPLA,,,642.9,649,631.45,633.55,2945165,1881710962.05
2015-10-05,CIPLA,,,639.65,642,633.65,640.1,2469393,1576065722.05
2015-10-06,CIPLA,,,643.9,666.45,641.35,664,2513511,1656269412.7
2015-10-07,CIPLA,,,668.9,683.6,660.6,680.8,2160153,1456612813.8
2015-10-08,CIPLA,,,688,689.5,672.05,680.25,2304302,1569501473.1
2015-10-09,CIPLA,,,684.4,691.9,679.25,689.55,1867010,1279055374.5
2015-10-12,CIPLA,,,692,692.8,675,676.35,980356,666123501.35
2015-10-13,CIPLA,,,676.25,681,673.5,679.05,1215291,823725423.45
2015-10-14,CIPLA,,,673,680.2,660,679.2,1219164,821859062.55
2015-10-15,CIPLA,,,683.75,683.95,669.4,670.95,1232379,830440613.1
2015-10-16,CIPLA,,,674.4,680.5,669,679.45,1925227,1297979038.9
2015-10-19,CIPLA,,,679.5,689.7,677,688.45,2154963,1478386114.3
2015-10-20,CIPLA,,,689.65,689.65,658.6,673.6,5642920,3776209297.5
2015-10-21,CIPLA,,,673.6,681.9,672,678,2005358,1358163869.75
2015-10-23,CIPLA,,,682.1,686,679.3,682.2,1705211,1163861707.85
2015-10-26,CIPLA,,,683.4,684,673.4,681.25,1217235,827214500.1
2015-10-27,CIPLA,,,676,688,672.25,684.7,1610215,1092476890.45
2015-10-28,CIPLA,,,682.25,702.25,675.8,696.05,1537365,1058477221.75
2015-10-29,CIPLA,,,699,704.9,689.5,691.55,2975896,2070896962.55
2015-10-30,CIPLA,,,699,703.9,688.05,690.45,1885373,1310592252.9
2015-11-02,CIPLA,,,688.95,688.95,674.4,680.25,766804,522897132.55
2015-11-03,CIPLA,,,686.05,686.05,671.1,675.4,1048233,711507795.05
2015-11-04,CIPLA,,,680,680.95,668.1,670.7,1321427,890156256.35
2015-11-05,CIPLA,,,675,675.4,655.2,658.05,1833741,1220404601.75
2015-11-06,CIPLA,,,655,672.7,651,658.15,1715887,1134805448.2
2015-11-09,CIPLA,,,644.1,649.7,638.6,647.6,1192556,769047744.8
2015-11-10,CIPLA,,,647,648.5,637.5,641.9,1166182,750445063.2
2015-11-13,CIPLA,,,635,635.95,615.1,617.9,2193410,1369308780.2
2015-11-16,CIPLA,,,617.85,631.15,613.15,625.8,1127051,702435105.95
2015-11-17,CIPLA,,,628.95,638.9,628,635.75,808720,513863737.85
2015-11-18,CIPLA,,,634.8,642,627.4,629.75,1026565,652674803.15
2015-11-19,CIPLA,,,635,637.4,629.85,635.65,523990,332541923.15
2015-11-20,CIPLA,,,635.9,648.9,631.1,646.85,1070873,687855575.5
2015-11-23,CIPLA,,,647.6,648,633.5,641.45,878175,561038273.3
2015-11-24,CIPLA,,,640,646.8,635,637.3,909556,584049651.4
2015-11-26,CIPLA,,,639.8,641.9,633.1,634.55,1319195,838622755
2015-11-27,CIPLA,,,637.4,645.7,635.55,643.65,1110713,711310744.1
2015-11-30,CIPLA,,,643,651.5,639,643.65,2146672,1385976803.45
2015-12-01,CIPLA,,,645.5,650,645,648.55,670534,434119925.85
2015-12-02,CIPLA,,,648.6,661.4,648.5,658.4,1610659,1057420485.4
2015-12-03,CIPLA,,,652.75,656,642.25,651.2,1484709,963164221.25
2015-12-04,CIPLA,,,649.65,655,643.6,645.8,1127553,731440847.9
2015-12-07,CIPLA,,,647.95,654,640.1,645.2,921343,594864384.2
2015-12-08,CIPLA,,,642,648.5,638.4,642.6,730708,470092217.65
2015-12-09,CIPLA,,,642.05,644.9,620,623.8,1044192,658934316.8
2015-12-10,CIPLA,,,625.05,640.85,622,636.8,1030589,651194341.25
2015-12-11,CIPLA,,,636.55,642.95,630.75,639.25,1104857,703692130.7
2015-12-14,CIPLA,,,637.9,643.8,631.05,637.05,721113,459887684.75
2015-12-15,CIPLA,,,637.05,641.5,636.55,638.9,948636,606294323.3
2015-12-16,CIPLA,,,642.95,643.95,637.1,638.65,1166504,746510494.2
2015-12-17,CIPLA,,,639,644.95,636.3,642.9,1333918,856278442.75
2015-12-18,CIPLA,,,642.8,649.3,640.1,642.1,995474,641336743.35
2015-12-21,CIPLA,,,649.8,649.8,641.1,643.7,738842,476947631.6
2015-12-22,CIPLA,,,643.95,648,641.5,644.2,508379,327805614.2
2015-12-23,CIPLA,,,646,649.4,644.5,647.45,342498,221631409.3
2015-12-24,CIPLA,,,648.8,654.4,645.2,648.2,395801,257249924.65
2015-12-28,CIPLA,,,648.15,659.45,647.3,657.6,793844,519809372.6
2015-12-29,CIPLA,,,660,660,652,653.85,472504,309562230.75
2015-12-30,CIPLA,,,653.8,657,650.1,653.2,587218,384237505.5
2015-12-31,CIPLA,,,653,655,647.2,649.75,765254,498267986.3
2016-01-01,CIPLA,,,653.2,658.45,648.5,655.35,556012,364088638.75
2016-01-04,CIPLA,,,652.05,653.8,639.4,645.65,631534,407691014.2
2016-01-05,CIPLA,,,646.2,649.95,638.05,640.85,642269,414014184.85
2016-01-06,CIPLA,,,639.7,655.95,638.7,652.1,1234096,801005000.3
2016-01-07,CIPLA,,,648,650,629,637.45,732335,471122397.5
2016-01-08,CIPLA,,,637.3,645,614,622.35,1553402,971031238.85
2016-01-11,CIPLA,,,617.4,617.4,604.25,610.05,1668698,1015967399.75
2016-01-12,CIPLA,,,609,616.9,605.7,611.45,1278522,781734675.2
2016-01-13,CIPLA,,,615.25,615.95,596.1,608.65,794118,484012783.45
2016-01-14,CIPLA,,,603.4,617.05,596.75,614.3,986574,601405231.45
2016-01-15,CIPLA,,,616,616.95,602.35,609.1,1119442,683432579.6
2016-01-18,CIPLA,,,608,608.05,586.4,591.05,1435098,856466979.45
2016-01-19,CIPLA,,,590.35,600.8,583,598.05,849433,503579883.6
2016-01-20,CIPLA,,,594.8,603.15,588,593.15,1002709,594897325.45
2016-01-21,CIPLA,,,600.25,601.45,576.55,580.25,1452498,855178188.5
2016-01-22,CIPLA,,,582.8,588.5,577.4,581.9,1297154,756267740
2016-01-25,CIPLA,,,590,590,579.2,580.6,910559,532844153.65
2016-01-27,CIPLA,,,582,587.65,572.3,580.5,982504,571351572
2016-01-28,CIPLA,,,581,585.5,575,577.8,1336930,774691270.15
2016-01-29,CIPLA,,,579.95,592,578.1,585.1,1146060,668169113.5
2016-02-01,CIPLA,,,591.9,605.95,589.15,599.45,1045333,627898574.3
2016-02-02,CIPLA,,,601,606.05,562,574,1779141,1037819510.45
2016-02-03,CIPLA,,,570,578.8,559.4,562.05,1188642,675528972
2016-02-04,CIPLA,,,567,570.4,540.05,550.4,1614064,889044714.65
2016-02-05,CIPLA,,,555,573.3,544.1,570.15,864080,484605005.55
2016-02-08,CIPLA,,,574.95,575.75,561.1,566.85,1264314,716268358.5
2016-02-09,CIPLA,,,564.9,571.2,551.1,555.85,1357674,755450880.45
2016-02-10,CIPLA,,,555,558.95,534,538.6,2425499,1320719103.35
2016-02-11,CIPLA,,,530,548.7,517.3,540.85,5647601,3023087462.35
2016-02-12,CIPLA,,,543,543.55,525.05,528.6,1981976,1057482259.6
2016-02-15,CIPLA,,,533.05,542,528.5,539.7,2467275,1324499926.1
2016-02-16,CIPLA,,,545.95,549.5,520.45,524.05,2664696,1420890817.55
2016-02-17,CIPLA,,,526,526.5,513.4,519.1,1924596,997467099.75
2016-02-18,CIPLA,,,527.1,529.4,520.6,524.4,1967772,1031503881.3
2016-02-19,CIPLA,,,525.95,531,519.2,524.65,1054082,553337979.9
2016-02-22,CIPLA,,,529.35,531.85,525,530.5,1236400,655094192.3
2016-02-23,CIPLA,,,531.9,532.9,517.5,522.6,1047760,549295846
2016-02-24,CIPLA,,,522.2,523.05,510.5,513.95,1836770,945699244.85
2016-02-25,CIPLA,,,518,521.8,510,519,2723564,1411470169.95
2016-02-26,CIPLA,,,522.85,527.75,519,524,1985528,1040260493.2
2016-02-29,CIPLA,,,528,528,505,514.15,3487816,1793525231.25
2016-03-01,CIPLA,,,515,521.4,509.6,516.35,2146110,1108627579.85
2016-03-02,CIPLA,,,523.5,532,519.4,525.6,3422308,1796714859.15
2016-03-03,CIPLA,,,530,531,523.4,527.1,3101778,1634307523.5
2016-03-04,CIPLA,,,533.7,545.6,530.25,537.7,2693406,1454822318
2016-03-08,CIPLA,,,539.8,549.7,528.8,532.35,1409496,757958526.2
2016-03-09,CIPLA,,,533.85,535,521.35,529.3,4376676,2305174820.2
2016-03-10,CIPLA,,,530.2,540.2,530,533.95,3609343,1927686564.45
2016-03-11,CIPLA,,,534.5,538.55,530.95,534.6,2806975,1501577612.1
2016-03-14,CIPLA,,,538,543.75,530.1,537.6,3909833,2102301062.6
2016-03-15,CIPLA,,,538.6,539,522,525.05,2961527,1568175230.15
2016-03-16,CIPLA,,,524.9,534.8,516.2,531,2221318,1166283554.25
2016-03-17,CIPLA,,,536.3,537,521.55,524.55,2100095,1112219199.45
2016-03-18,CIPLA,,,529,530.05,517.5,528.25,4345885,2283277163.2
2016-03-21,CIPLA,,,530,538.4,527.5,535.85,1221223,650929433.2
2016-03-22,CIPLA,,,537.5,539,531.05,535.3,1529194,816425706.05
2016-03-23,CIPLA,,,534.8,536.3,525.55,532.8,1361735,724584133
2016-03-28,CIPLA,,,536.3,537.35,522.1,524.2,1947564,1029777145.65
2016-03-29,CIPLA,,,521.05,525,494.55,503.5,6503207,3301513932.35
2016-03-30,CIPLA,,,506.95,516.5,502.5,512.35,4372138,2217540276.95
2016-03-31,CIPLA,,,513,518,507.9,511.95,3086978,1583907275.2
2016-04-01,CIPLA,,,513.8,517.3,510,514.55,1239447,637971906.9
2016-04-04,CIPLA,,,519,519,512.15,514.3,768318,395796956.9
2016-04-05,CIPLA,,,513,516,501.45,503,1086907,552257357.1
2016-04-06,CIPLA,,,503.35,507.5,497,504.95,1820374,911865187
2016-04-07,CIPLA,,,505.75,513.05,501.7,506.4,2102922,1069829829.05
2016-04-08,CIPLA,,,509.8,510.6,503.25,504.45,1262329,639327810.05
2016-04-11,CIPLA,,,505.5,506,497.05,502.15,2929584,1465159406.4
2016-04-12,CIPLA,,,502.7,508.85,499.7,501.95,3622355,1830749659.15
2016-04-13,CIPLA,,,505.15,515,504,511.9,3642720,1854136249.05
2016-04-18,CIPLA,,,515,525.7,507.1,524.1,3507933,1825638509.95
2016-04-20,CIPLA,,,525,530.4,519.25,527.2,2898556,1525197405.45
2016-04-21,CIPLA,,,530,534,526.6,532,3392813,1799067358.65
2016-04-22,CIPLA,,,529.7,536.55,527,531.35,1880283,1001786891.65
2016-04-25,CIPLA,,,532.5,533.85,523.5,526.5,1959119,1031212197.1
2016-04-26,CIPLA,,,524.65,542.25,524.15,540.5,1855477,992880209.5
2016-04-27,CIPLA,,,539.5,544.3,534.5,540.2,1456338,785315363.6
2016-04-28,CIPLA,,,538.9,543.75,525,528.25,3088525,1643026386.4
2016-04-29,CIPLA,,,527.2,538.4,527.1,537,932705,498999163.45
2016-05-02,CIPLA,,,536.95,544.6,535,540.65,1336667,723856949
2016-05-03,CIPLA,,,540,547,526.55,536.85,1524809,822423047.2
2016-05-04,CIPLA,,,534,541.35,529,533.2,785756,421007756.5
2016-05-05,CIPLA,,,535.5,544,533.5,541.8,1025103,553004274.65
2016-05-06,CIPLA,,,540,542.75,535.1,537.35,511789,275177627.05
2016-05-09,CIPLA,,,538.3,540.2,533.25,536.55,727957,390553995.1
2016-05-10,CIPLA,,,537,539.5,532.75,537.05,669096,358611226.25
2016-05-11,CIPLA,,,532,539.5,530.75,536.6,943441,505886371.35
2016-05-12,CIPLA,,,536.95,542.45,534.35,536.3,670055,360969973.2
2016-05-13,CIPLA,,,534.45,538.7,530.05,531.7,891484,474894653.3
2016-05-16,CIPLA,,,533.85,533.85,520.35,521.8,883516,463641424.55
2016-05-17,CIPLA,,,523,528.65,522.5,523.75,679688,356842559.7
2016-05-18,CIPLA,,,522.55,526.75,520.05,524.55,653047,341584000.45
2016-05-19,CIPLA,,,524.1,525.9,510.2,512.7,1062398,548870880.75
2016-05-20,CIPLA,,,514.3,515.25,501.2,507.1,1700932,861051970.15
2016-05-23,CIPLA,,,510,510,494.8,497.4,2021694,1014189851.7
2016-05-24,CIPLA,,,499.95,505.2,491.55,494.05,2526624,1259355775.8
2016-05-25,CIPLA,,,480,480,457.45,469.8,15183389,7109604559.85
2016-05-26,CIPLA,,,472.7,473.9,466,467.95,4432025,2077490476.95
2016-05-27,CIPLA,,,470.9,478.5,469.1,473.45,2638981,1250294889.35
2016-05-30,CIPLA,,,476.95,478.5,470,473.55,1183625,561725163.55
2016-05-31,CIPLA,,,475.4,479.25,471,472.65,2368362,1122890944.9
2016-06-01,CIPLA,,,474.7,474.7,462.75,464.9,1247617,586191853.6
2016-06-02,CIPLA,,,464.45,470,459,468.1,1354914,630294369
2016-06-03,CIPLA,,,470.5,473.95,462.3,465.2,1318109,618164661.3
2016-06-06,CIPLA,,,468.95,471.5,465.4,466.65,1409144,660399690.55
2016-06-07,CIPLA,,,466.65,471.9,466.65,468.35,1797918,843831392.1
2016-06-08,CIPLA,,,471.85,474,468,472.15,811331,382584061
2016-06-09,CIPLA,,,473.55,481.95,469.1,479.1,1695845,809548745.3
2016-06-10,CIPLA,,,475,486.6,474.5,476.45,1704257,819422581
2016-06-13,CIPLA,,,474.95,479.9,465.55,468.7,1271568,598168005.55
2016-06-14,CIPLA,,,470.1,484,469.55,482.7,2522251,1206397578.6
2016-06-15,CIPLA,,,485.9,492.55,483.8,490.05,1860880,909446780.45
2016-06-16,CIPLA,,,487.8,488.85,479.35,486.65,1239939,600638674.1
2016-06-17,CIPLA,,,487,490,484.05,486.45,593507,289135664.35
2016-06-20,CIPLA,,,486.65,490.9,482.55,488.25,1026672,500868138
2016-06-21,CIPLA,,,490,490,480.3,483.4,861422,417236080.75
2016-06-22,CIPLA,,,483.85,486.5,480,482.45,673949,325188253.05
2016-06-23,CIPLA,,,481.1,483,474.65,475.75,1918112,914934079.65
2016-06-24,CIPLA,,,468,478,459.6,476.55,1875935,881852486.55
2016-06-27,CIPLA,,,475,491,474,489.05,2362093,1133390744.65
2016-06-28,CIPLA,,,490,499,486.55,497.35,1775304,876548165.3
2016-06-29,CIPLA,,,498.8,504,496.05,502.45,1048438,525954717.05
2016-06-30,CIPLA,,,505,506.8,499.45,501,2152521,1082819369.95
2016-07-01,CIPLA,,,502,510,499.85,508.6,1008068,510255964.85
2016-07-04,CIPLA,,,510.7,513.4,508.1,510.2,1055119,539011012.1
2016-07-05,CIPLA,,,510.2,511.1,502.7,507,689915,349590192.3
2016-07-07,CIPLA,,,505.5,517.35,504.05,514.3,2078580,1065773786.25
2016-07-08,CIPLA,,,518,522.45,513.05,520.3,1828792,948842202.55
2016-07-11,CIPLA,,,525.4,528.25,520,522,1441960,754160788.55
2016-07-12,CIPLA,,,522.5,522.9,514.1,515.7,891315,460236557.65
2016-07-13,CIPLA,,,516,519.45,511.2,514.6,1202156,619311551.6
2016-07-14,CIPLA,,,515.9,516.6,507,511.95,1257722,642874315.7
2016-07-15,CIPLA,,,513.95,518.9,510.2,516.4,1004156,517810472.75
2016-07-18,CIPLA,,,517.05,517.3,505.3,506.95,1459230,745779211.85
2016-07-19,CIPLA,,,507,510.4,500.55,505.8,1027246,519899111
2016-07-20,CIPLA,,,507.45,519.4,505.25,517.85,3584904,1828544462.35
2016-07-21,CIPLA,,,522.5,526.95,514,515.85,2274652,1185736787.8
2016-07-22,CIPLA,,,516,522.9,512.35,520.4,1188747,615772343.7
2016-07-25,CIPLA,,,514.05,526.5,513,524.6,1337348,700411167.7
2016-07-26,CIPLA,,,527.5,530.15,521.75,523.55,2105457,1110650856.2
2016-07-27,CIPLA,,,523,529.15,516.95,523.15,894972,467773925.9
2016-07-28,CIPLA,,,523.9,527.95,519,520.65,1347889,703825000.3
2016-07-29,CIPLA,,,522.4,535.5,520,527.4,1785352,946584831.75
2016-08-01,CIPLA,,,528.8,535,521.5,524.05,955999,504052110.3
2016-08-02,CIPLA,,,525.1,529.95,516.2,517.9,1009436,527910250
2016-08-03,CIPLA,,,517,534.9,515.3,529.45,1846161,974905730.05
2016-08-04,CIPLA,,,531.2,534,523,526.95,1564658,827645238.3
2016-08-05,CIPLA,,,530.9,534.6,527.25,533.25,699384,371364295.55
2016-08-08,CIPLA,,,533.9,541.2,531.95,535.4,852842,457959279
2016-08-09,CIPLA,,,537.8,540,530.15,532.95,886532,473791242.5
2016-08-10,CIPLA,,,532.5,533.95,519.5,521.25,809814,425169632.85
2016-08-11,CIPLA,,,521.5,525.5,517.9,523.95,761596,397732874.3
2016-08-12,CIPLA,,,524,526.4,512.1,515.95,2124886,1100766298.65
2016-08-16,CIPLA,,,510.2,557.55,510.2,554.15,8817547,4759503747.6
2016-08-17,CIPLA,,,552,564,547.2,549.85,3819727,2119158085.95
2016-08-18,CIPLA,,,553.7,557.5,548,552.65,1434412,792750299.2
2016-08-19,CIPLA,,,552.85,560.55,552.5,556.8,1598177,890653078.25
2016-08-22,CIPLA,,,557,564.9,552.3,557.6,1218782,680840189.9
2016-08-23,CIPLA,,,557.6,557.75,552.05,555.65,874783,485426717.15
2016-08-24,CIPLA,,,559.8,572,553.85,567.2,2340210,1327004892.2
2016-08-25,CIPLA,,,570,574.55,560,562.9,3471437,1970107062.2
2016-08-26,CIPLA,,,567.5,571.7,562.35,567.25,2196070,1248969849.55
2016-08-29,CIPLA,,,568.3,570.35,562.9,568,1085860,613870293.9
2016-08-30,CIPLA,,,570,581.45,567.7,576.1,1075723,615992621.95
2016-08-31,CIPLA,,,581.05,587.5,570,572.95,3596264,2077360453.05
2016-09-01,CIPLA,,,575,581.3,571,579.15,960422,553345256.6
2016-09-02,CIPLA,,,580.3,581.1,571.5,577.95,880437,506767164
2016-09-06,CIPLA,,,585,586.3,576,578.6,1189215,688475274.95
2016-09-07,CIPLA,,,580.05,585.95,575.1,580.75,1786522,1039631382.25
2016-09-08,CIPLA,,,581.2,598.4,581.2,595.15,1573263,929811148.2
2016-09-09,CIPLA,,,595.1,595.6,578,580.5,1513978,887051136.5
2016-09-12,CIPLA,,,572.2,579.2,562.3,570.1,1296182,743510639.55
2016-09-14,CIPLA,,,570,583.7,569.8,577.5,1579482,913241421.7
2016-09-15,CIPLA,,,579,591,576.85,585.4,1294197,759338589.65
2016-09-16,CIPLA,,,587.1,596,586.1,593.55,2145891,1269217421.2
2016-09-19,CIPLA,,,594.9,600,593.25,597.8,1213754,724721887.55
2016-09-20,CIPLA,,,598.7,607.5,596,602.85,2209606,1331757607
2016-09-21,CIPLA,,,602.85,607,597.1,601.35,1578461,950098388.05
2016-09-22,CIPLA,,,605,610.95,603.9,609.1,1926725,1171526375.75
2016-09-23,CIPLA,,,609,617.8,604.7,611.55,1225528,751577337.4
2016-09-26,CIPLA,,,609,615,603,604.5,1796225,1091719729.65
2016-09-27,CIPLA,,,604,610.3,601.85,607.2,1443938,877682014.4
2016-09-28,CIPLA,,,608.7,612.4,602.25,605.8,1561039,946869269.8
2016-09-29,CIPLA,,,608,611,585.75,602.85,2252434,1352346880.15
2016-09-30,CIPLA,,,601.85,603.9,562.25,580.05,6967821,4039304140.35
2016-10-03,CIPLA,,,584.7,591.7,582.2,588.85,1146677,672900755.9
2016-10-04,CIPLA,,,590.3,603.85,590.3,597.8,1656807,988085006.95
2016-10-05,CIPLA,,,600,600.15,590,591.65,961556,571394694.7
2016-10-06,CIPLA,,,592.5,596.8,576.85,578.8,1504743,881582298.35
2016-10-07,CIPLA,,,578.85,583.4,566.5,570.05,1317543,753775023.3
2016-10-10,CIPLA,,,570.25,584.4,570.25,580.65,929998,539641490.9
2016-10-13,CIPLA,,,596.95,599,580.5,582,3834775,2255436690.7
2016-10-14,CIPLA,,,584.75,590,583,587,1054501,619582404.75
2016-10-17,CIPLA,,,589,592.05,583.65,586,1344977,789721021.2
2016-10-18,CIPLA,,,587,594,582.25,592.75,1213156,715019519.45
2016-10-19,CIPLA,,,591.2,598.8,591.2,596.35,1001409,596864473.6
2016-10-20,CIPLA,,,596.5,600.5,593.8,596.6,913371,544997131.9
2016-10-21,CIPLA,,,597.5,597.5,570,583.25,1792780,1039574596.6
2016-10-24,CIPLA,,,585,594.4,582,584.7,992033,581760413.4
2016-10-25,CIPLA,,,586,594.5,582.7,584.5,831989,488574525.75
2016-10-26,CIPLA,,,583,584.9,575.15,577.65,814132,472204294.35
2016-10-27,CIPLA,,,578,588,570.5,585.75,779140,453763519.8
2016-10-28,CIPLA,,,585.5,586.85,573.7,575.15,911117,525922804.4
2016-11-01,CIPLA,,,579.45,579.45,570.1,571.75,880843,504953898.6
2016-11-02,CIPLA,,,569.95,569.95,557.55,560.1,806345,454294813.3
2016-11-03,CIPLA,,,556,563.8,556,560,701598,392964580.9
2016-11-04,CIPLA,,,556.1,565.5,538,544.7,1517311,834990078.8
2016-11-07,CIPLA,,,549.5,555.75,544,545.75,939497,515791635.7
2016-11-08,CIPLA,,,549.7,550.9,530.2,535.3,1015538,545506636.3
2016-11-09,CIPLA,,,512.1,532,486.55,526.3,3810958,1992084585.3
2016-11-10,CIPLA,,,545,568,545,563.7,3982787,2228622360.7
2016-11-11,CIPLA,,,559.7,564,545.25,547.95,1232505,682170856.9
2016-11-15,CIPLA,,,547.6,561.05,528.6,552.4,1505372,820625445.6
2016-11-16,CIPLA,,,562,564.85,535.5,538.15,1169205,637452687.1
2016-11-17,CIPLA,,,539,549.35,536.1,545.7,924167,504037617.6
2016-11-18,CIPLA,,,541.2,555.65,541.2,550.95,1214083,667565981
2016-11-21,CIPLA,,,550,555.35,542.1,545.1,1056778,576879006.95
2016-11-22,CIPLA,,,547.1,559.35,543.5,550.5,1300502,718582566.5
2016-11-23,CIPLA,,,554.9,559.4,547.15,552.8,1520986,840841492.9
2016-11-24,CIPLA,,,551.4,558.3,545.05,553.65,1816603,1003901431.8
2016-11-25,CIPLA,,,557,569.95,548.5,565.05,1022658,574677074.9
2016-11-28,CIPLA,,,569.3,577,568.05,570.55,1224023,700799126.65
2016-11-29,CIPLA,,,573,573.95,564.3,569.15,832424,473733706.6
2016-11-30,CIPLA,,,570,573.25,563.5,566.6,1366319,775449481.7
2016-12-01,CIPLA,,,567,579.85,566.1,568.2,1064251,608974287
2016-12-02,CIPLA,,,566,573.9,566,571.2,984594,561656379.4
2016-12-05,CIPLA,,,573.5,581.4,571.35,573,1158108,667329443.5
2016-12-06,CIPLA,,,575,580.45,570.95,574.85,779936,448918109.75
2016-12-07,CIPLA,,,577.45,577.6,569.4,570.85,694556,398593898.8
2016-12-08,CIPLA,,,573.5,583.9,570.2,582.75,1177494,682016512.15
2016-12-09,CIPLA,,,586,586,576.45,578.9,539344,312817981.75
2016-12-12,CIPLA,,,576.4,582,572.6,574.8,848042,490171700.25
2016-12-13,CIPLA,,,574.1,581.2,570.5,578.85,553306,319038717.15
2016-12-14,CIPLA,,,579,579.65,564.25,568,585671,334082145.3
2016-12-15,CIPLA,,,568,576.55,559.1,563.15,1032429,584563324.35
2016-12-16,CIPLA,,,562.9,569.9,561.35,566.2,665505,376152199.25
2016-12-19,CIPLA,,,565,574.5,561.4,569.15,997716,568215844.05
2016-12-20,CIPLA,,,572.85,573.8,562,563.1,873053,494299871.6
2016-12-21,CIPLA,,,565,567.4,561.9,562.8,743830,419595569.1
2016-12-22,CIPLA,,,562.3,565.95,560,561.4,1870565,1049624614.25
2016-12-23,CIPLA,,,561,589.15,552,582.3,2585856,1481492868.25
2016-12-26,CIPLA,,,581.3,581.3,548.1,554.95,2106357,1177811568.75
2016-12-27,CIPLA,,,559,566.2,555.15,563.65,1063407,598851753.05
2016-12-28,CIPLA,,,567,572,560.8,562.4,743252,421142959.45
2016-12-29,CIPLA,,,563.1,569,562.75,564.85,985947,557015876.05
2016-12-30,CIPLA,,,565.6,573.45,565.6,568.8,673901,384092947.45
2017-01-02,CIPLA,,,569.75,572.45,563.25,566,520139,295154695.2
2017-01-03,CIPLA,,,566.8,576.8,562,573.65,626867,357557807.05
2017-01-04,CIPLA,,,572.95,576,567.5,568.25,729355,415585328.7
2017-01-05,CIPLA,,,570.2,581.5,569.3,579.85,919562,529804136.85
2017-01-06,CIPLA,,,580.05,591,577.2,582.85,851729,495596993.35
2017-01-09,CIPLA,,,583.55,588.95,574.9,576.7,545949,317725957.45
2017-01-10,CIPLA,,,577.5,582.9,573.6,574.9,430654,248676683.3
2017-01-11,CIPLA,,,576.95,579,569.5,576.95,543706,312360846.35
2017-01-12,CIPLA,,,573.95,587.8,567.3,586.25,1086059,630560490.6
2017-01-13,CIPLA,,,587,589.1,579.45,583.4,557024,325517293.5
2017-01-16,CIPLA,,,577.4,592,577.4,588.8,634510,372559063.65
2017-01-17,CIPLA,,,590.5,592,581.2,587.25,737937,431931192.15
2017-01-18,CIPLA,,,588.8,593.4,577.35,580.8,591422,346992596.8
2017-01-19,CIPLA,,,582.3,587.4,573.35,580.35,772657,447906070.4
2017-01-20,CIPLA,,,583.8,592.5,574.4,577.6,1100568,643238755.35
2017-01-23,CIPLA,,,574.45,583.45,573,575.75,1197343,690371675.4
2017-01-24,CIPLA,,,574.7,581.3,574.1,579.9,527089,304767214.95
2017-01-25,CIPLA,,,581.25,588.85,577.65,585.65,888914,518575458.7
2017-01-27,CIPLA,,,584.7,591.4,579.45,580.15,622149,361739166
2017-01-30,CIPLA,,,578.7,584.55,577.15,582.25,589553,343033927.05
2017-01-31,CIPLA,,,581.55,583,572.6,575.35,712955,412937381.15
2017-02-01,CIPLA,,,573,579.25,566.3,572.15,873328,500305200.45
2017-02-02,CIPLA,,,575,587,567.05,584.35,1033116,599899500.2
2017-02-03,CIPLA,,,584.3,611.5,580.4,607.9,2491068,1503226785.85
2017-02-06,CIPLA,,,610.35,621.25,599.1,601.6,2513820,1530313238.45
2017-02-07,CIPLA,,,601.8,608,594.6,597.55,1084820,652171092.3
2017-02-08,CIPLA,,,600,609,597.75,603.2,2122225,1281545095.35
2017-02-09,CIPLA,,,611,611.55,584.45,587.65,4192748,2506010777.3
2017-02-10,CIPLA,,,592,593.75,576.8,579.95,1485266,864832352.4
2017-02-13,CIPLA,,,582.7,585.4,576.05,582.65,946922,549869632.55
2017-02-14,CIPLA,,,582,586.6,574.1,576.05,816754,473036415.45
2017-02-15,CIPLA,,,577.5,578.65,571.15,574.25,1441907,827737333.1
2017-02-16,CIPLA,,,575,585.4,574.5,584.6,1156826,671245179.15
2017-02-17,CIPLA,,,585.9,596.45,580.65,593.25,1209276,715100774.85
2017-02-20,CIPLA,,,593.2,597.75,582,592.75,1008015,596197886.35
2017-02-21,CIPLA,,,591.9,595,588.5,593.1,712028,421477585.05
2017-02-22,CIPLA,,,592.2,592.9,586,589.25,942703,555401914.95
2017-02-23,CIPLA,,,589.3,594.2,586.05,592.4,1263865,748219915.55
2017-02-27,CIPLA,,,592,594.9,581.35,585.25,867683,509121254.95
2017-02-28,CIPLA,,,587.7,592.8,582.6,583.7,749802,439095988.2
2017-03-01,CIPLA,,,585.7,592.9,584.2,586.3,808027,475690568.45
2017-03-02,CIPLA,,,588.3,591.95,586.4,589.25,1571599,926010416.7
2017-03-03,CIPLA,,,588.95,596.7,585,588.6,759454,448098171.95
2017-03-06,CIPLA,,,592,595,588.2,590.1,943409,557186414.85
2017-03-07,CIPLA,,,591.7,591.7,586.1,588.05,475240,279596722.8
2017-03-08,CIPLA,,,591.75,593.35,583.05,591.85,1055453,623025766
2017-03-09,CIPLA,,,588.8,593.45,585.25,589.2,690612,407021248.25
2017-03-10,CIPLA,,,589.2,591.5,587.05,589.1,558480,329449606.3
2017-03-14,CIPLA,,,597,601.5,590.35,600.2,1324778,790394543.3
2017-03-15,CIPLA,,,602,605.85,598.55,600.2,1479366,888880165.95
2017-03-16,CIPLA,,,605.1,605.9,598.05,601.4,852049,512359507.25
2017-03-17,CIPLA,,,604.5,604.5,594.25,597.3,2189719,1308732060.85
2017-03-20,CIPLA,,,597.5,601.5,593.45,596.3,1027093,613787343.45
2017-03-21,CIPLA,,,598.5,598.5,590.3,591.85,861663,510761600.1
2017-03-22,CIPLA,,,588.9,598.45,587.9,595.2,1018355,605110494
2017-03-23,CIPLA,,,595.8,598.2,582.2,596.25,1555876,923812211.05
2017-03-24,CIPLA,,,595,598.25,591.5,593.95,930175,552245076.25
2017-03-27,CIPLA,,,597,597,590,592.1,1038435,614979516.2
2017-03-28,CIPLA,,,592,596,591.45,594.15,772698,458940171.2
2017-03-29,CIPLA,,,595,596.55,591.9,593.15,1047812,621757100.75
2017-03-30,CIPLA,,,594.5,600.85,591.8,598.35,2096305,1248999815.15
2017-03-31,CIPLA,,,598,598.9,591,592.95,2242680,1329304689.4
2017-04-03,CIPLA,,,595.3,595.3,590.1,592.65,758083,448972330.4
2017-04-05,CIPLA,,,600,603.9,590.45,593.05,1926049,1144258327.4
2017-04-06,CIPLA,,,591.5,593.65,587.05,590.3,1436914,846759630.4
2017-04-07,CIPLA,,,590.35,593.45,585.15,590,1958876,1153939858.15
2017-04-10,CIPLA,,,591,594.2,588.25,589.65,1177737,695061528.55
2017-04-11,CIPLA,,,590,591.65,575.1,580.05,2103296,1227643033.5
2017-04-12,CIPLA,,,575,582,570.65,579.4,1188457,683423453.15
2017-04-13,CIPLA,,,580.5,582.95,574.7,577.25,1038273,599723453.05
2017-04-17,CIPLA,,,580,580,573.05,576.5,487497,280941975.9
2017-04-18,CIPLA,,,576.5,578.25,573.25,575.8,1062574,611788083.1
2017-04-19,CIPLA,,,576,577,572.75,575.4,1078477,620593262.55
2017-04-20,CIPLA,,,576,577.2,573.3,574.05,1339006,769987286.7
2017-04-21,CIPLA,,,573,574,562.7,564.45,1256922,712021531.9
2017-04-24,CIPLA,,,565,565.1,553.65,557.05,1997176,1111100938.8
2017-04-25,CIPLA,,,556.95,561.6,550.3,552.95,1543039,857334668.4
2017-04-26,CIPLA,,,549.8,561,545.4,556.75,1425158,784499874.65
2017-04-27,CIPLA,,,560,564.8,555.05,561.7,2343761,1313110011.3
2017-04-28,CIPLA,,,561.95,561.95,555,557.45,865584,482206151.1
2017-05-02,CIPLA,,,558,559,553.8,555.35,1380964,767347024.75
2017-05-03,CIPLA,,,554.6,558.35,553.2,556.05,798476,443418052.75
2017-05-04,CIPLA,,,557.6,557.6,548.2,549.95,1271612,700455099.15
2017-05-05,CIPLA,,,549,554.4,544.15,549.95,560799,307418845.75
2017-05-08,CIPLA,,,549.95,554.8,546.5,551.55,302450,166606804.45
2017-05-09,CIPLA,,,552,554,545.05,552.95,652189,357865005.65
2017-05-10,CIPLA,,,552.85,562.55,551.25,561.05,718502,401934405.1
2017-05-11,CIPLA,,,562.45,565,558.3,561.95,566621,318234895
2017-05-12,CIPLA,,,560.1,569.85,557.15,567.95,725246,410984397.25
2017-05-15,CIPLA,,,567,572.45,561,569,606569,344636374.8
2017-05-16,CIPLA,,,566.65,570,564,565.6,330195,186850407.4
2017-05-17,CIPLA,,,565.1,566,560.05,562.35,895238,503128350.25
2017-05-18,CIPLA,,,559.3,564.95,556.8,560.1,2155599,1207477343.35
2017-05-19,CIPLA,,,561.3,566.65,558.65,564.95,685662,385248719.65
2017-05-22,CIPLA,,,567,567.7,553.1,563.1,948063,533996871.45
2017-05-23,CIPLA,,,558.6,558.8,531.25,533.2,1225772,659597733.45
2017-05-24,CIPLA,,,531,536.35,514,519.65,1340656,700753145.45
2017-05-25,CIPLA,,,522,525,496.4,504,4378940,2213673893
2017-05-26,CIPLA,,,483,504.75,480.2,488.9,7010307,3431015679.55
2017-05-29,CIPLA,,,492,507.5,488.9,505.35,4118338,2044165727.55
2017-05-30,CIPLA,,,504.8,517.6,501.4,510.5,1047968,536865305.85
2017-05-31,CIPLA,,,514.8,520.1,505,516.35,1366315,702224797.8
2017-06-01,CIPLA,,,519.7,529.9,513.05,515.55,1433241,743649419
2017-06-02,CIPLA,,,517.7,533.9,517.7,530.05,2152367,1140168635.2
2017-06-05,CIPLA,,,531.3,536.7,528,534.8,802335,428098105.6
2017-06-06,CIPLA,,,537.7,539.55,522.35,534.65,765557,405794665.35
2017-06-07,CIPLA,,,536.4,543.45,530.7,540.2,719071,387489410.25
2017-06-08,CIPLA,,,538.75,554.7,537.1,550.15,1396596,765658064.6
2017-06-09,CIPLA,,,554.5,555.8,545.25,551.1,867969,477490836.6
2017-06-12,CIPLA,,,549,555.2,544.55,553.35,910344,501646363.2
2017-06-13,CIPLA,,,553.35,555,546.55,551.55,946713,523563080.8
2017-06-14,CIPLA,,,551.5,554.5,536.35,539.9,1176535,638014115.55
2017-06-15,CIPLA,,,539.7,550.9,537.05,549.45,826366,451271620.1
2017-06-16,CIPLA,,,548,551.95,535.05,536.75,1127326,608755940.95
2017-06-19,CIPLA,,,537.1,542.5,524,539.75,1723168,914098712.3
2017-06-20,CIPLA,,,539.75,549.5,536,547.85,774728,421992936.6
2017-06-21,CIPLA,,,544.5,546,535.2,541,784293,422976804.95
2017-06-22,CIPLA,,,540,545.55,539.05,540.15,750732,406620852.35
2017-06-23,CIPLA,,,540.9,544,538.3,541.15,603986,326782519.2
2017-06-27,CIPLA,,,542.5,551.6,533.1,534.65,1038604,560366123
2017-06-28,CIPLA,,,535.4,538.65,531,536.85,601643,321950114.45
2017-06-29,CIPLA,,,538.45,546.95,534.25,543.75,1252382,676864654.5
2017-06-30,CIPLA,,,545,558.9,542.5,555.6,830751,458873305.9
2017-07-03,CIPLA,,,559,559.9,548.85,551.85,490390,271518700.3
2017-07-04,CIPLA,,,557.7,558,543.3,545.05,559358,307799228.4
2017-07-05,CIPLA,,,546.1,547.8,541.45,545.9,833105,454242779.65
2017-07-06,CIPLA,,,546.35,547.9,540.1,542.85,556426,303141163.4
2017-07-07,CIPLA,,,542.6,552,541.5,547.15,893680,490667359.15
2017-07-10,CIPLA,,,550,560,546,549.2,123415,67834518.9
2017-07-11,CIPLA,,,550.5,552.65,536.05,538.45,1526837,824773677.8
2017-07-12,CIPLA,,,539.45,543.5,537,539.95,1039208,560817722
2017-07-13,CIPLA,,,540.2,544.45,538.85,543.65,694180,376272276.5
2017-07-14,CIPLA,,,544.25,551.15,540.85,548.05,960041,525566006
2017-07-17,CIPLA,,,549,559,546.7,556.5,692893,382686291.8
2017-07-18,CIPLA,,,558,567,555.1,559.75,1319574,741572220.75
2017-07-19,CIPLA,,,560.2,569.45,560.2,568.25,761444,431666649.3
2017-07-20,CIPLA,,,569,577,562.65,571.9,1090882,624533344.95
2017-07-21,CIPLA,,,570,570,560.15,566.2,672906,379726484.95
2017-07-24,CIPLA,,,564,575.5,562.1,569.75,873677,498884290.8
2017-07-25,CIPLA,,,571,571.4,562.4,564.4,510032,288258731.2
2017-07-26,CIPLA,,,564.7,577.45,563.5,575.45,864728,492950503.6
2017-07-27,CIPLA,,,573.7,579.4,565,568.7,1853099,1056804187.7
2017-07-28,CIPLA,,,566.75,570.9,556.5,566.1,907951,512085875.3
2017-07-31,CIPLA,,,567.55,568.95,556.8,560.1,753415,422058822.9
2017-08-01,CIPLA,,,560.1,565.9,558.5,562.45,712732,400509853.55
2017-08-02,CIPLA,,,562.85,570.9,560,568.55,664681,375863184.35
2017-08-03,CIPLA,,,568.55,575,553.8,557.15,1065451,603698072
2017-08-04,CIPLA,,,551.9,571.7,543.05,568.7,1004233,561456496.6
2017-08-07,CIPLA,,,566.5,571.1,553,566.5,769606,435090550.25
2017-08-08,CIPLA,,,560.8,580,560.8,578.6,1367344,782720116.7
2017-08-09,CIPLA,,,581,581,557.25,561.85,1801630,1021967883.85
2017-08-10,CIPLA,,,560,569.85,541.5,548.2,1217416,677938792.95
2017-08-11,CIPLA,,,545,563.7,525.45,541.4,4337214,2363186656.15
2017-08-14,CIPLA,,,560,576,552.1,570.05,4029605,2291621842.35
2017-08-16,CIPLA,,,569.5,593.7,561.05,590.45,1838012,1063141120.15
2017-08-17,CIPLA,,,593.4,594,569.9,573.2,1422631,826427837.9
2017-08-18,CIPLA,,,573.4,575.8,560.2,565.3,1680225,951651149.05
2017-08-21,CIPLA,,,566.9,570,555.15,561.75,1222907,685422587.8
2017-08-22,CIPLA,,,562.05,567.65,558,559.25,848353,477255423.25
2017-08-23,CIPLA,,,561.7,565,556.65,559.15,848822,476142631.05
2017-08-24,CIPLA,,,559,575.75,557.3,574.05,1866440,1061768103.5
2017-08-28,CIPLA,,,575.5,581,570.55,574.1,905222,521919950.7
2017-08-29,CIPLA,,,570.55,574.05,564.5,568.9,608351,345868343.75
2017-08-30,CIPLA,,,574,576,565.5,566.35,596376,340387312.95
2017-08-31,CIPLA,,,570,578,562,571.9,1908728,1087830533.05
2017-09-01,CIPLA,,,573,577.35,565.1,568.4,891591,508368613.45
2017-09-04,CIPLA,,,574.5,577,557.55,561.7,1731377,978356489.5
2017-09-05,CIPLA,,,564.7,565.85,556.9,559.6,928770,520277759.9
2017-09-06,CIPLA,,,558.9,560.6,553.85,558.3,581901,325103405.9
2017-09-07,CIPLA,,,560,561,551.3,554.2,885205,491821779.8
2017-09-08,CIPLA,,,554.5,558,549.15,552,775272,429198207.9
2017-09-11,CIPLA,,,555.1,558.15,550,553.85,523800,290512512.5
2017-09-12,CIPLA,,,554.4,562.8,543.35,560.5,1330724,737543115.05
2017-09-13,CIPLA,,,556,562.1,552.55,554.4,1159840,646930139
2017-09-14,CIPLA,,,556,567.3,555.45,565.95,1600717,902838446.75
2017-09-15,CIPLA,,,564.85,565.75,556.55,561.4,926019,519461051.35
2017-09-18,CIPLA,,,563.2,572.15,560.65,570.7,649831,369409516.25
2017-09-19,CIPLA,,,571.7,574.5,564.5,573.4,675306,384913696.6
2017-09-20,CIPLA,,,572.5,573.8,565.2,569.7,759531,432879652.5
2017-09-21,CIPLA,,,570.05,594,570.05,591.9,3102522,1819475920.05
2017-09-22,CIPLA,,,591.9,600,582.45,585.35,4003845,2381569683.85
2017-09-25,CIPLA,,,581.9,594.4,564.35,577.2,2389495,1388973021.6
2017-09-26,CIPLA,,,582,582,570,579,978323,564810991.8
2017-09-27,CIPLA,,,579.6,580.7,563,570.1,561243,320253315.6
2017-09-28,CIPLA,,,565,589,564.15,582.65,2993535,1736187785.6
2017-09-29,CIPLA,,,580,592,577.75,586.1,1021610,598609118.25
2017-10-03,CIPLA,,,590.1,592.75,575.5,578.9,522462,305167922.65
2017-10-04,CIPLA,,,579.9,587.4,579.3,581.05,631463,368598757.15
2017-10-05,CIPLA,,,583,590,579.05,585.35,647977,380304418.25
2017-10-06,CIPLA,,,586.1,589.2,582.85,585.4,462656,271383553
2017-10-09,CIPLA,,,584.9,595.5,578.5,585.55,1116280,658975127.45
2017-10-10,CIPLA,,,590,593.45,585.55,590.15,741493,436955231.7
2017-10-11,CIPLA,,,591,594,579.55,586.15,1053561,619108177.35
2017-10-12,CIPLA,,,589.45,593.35,580.3,589.65,751507,439841008.6
2017-10-13,CIPLA,,,590.3,598.25,588.3,592.85,936015,555441067.7
2017-10-16,CIPLA,,,595,608.9,594.3,606.75,1716771,1037462172.05
2017-10-17,CIPLA,,,606,635.9,602,632.1,2563968,1590880492.6
2017-10-18,CIPLA,,,631,631,609,611,1185323,730505130
2017-10-23,CIPLA,,,613,619.45,589.5,592.9,1413195,846498247.25
2017-10-24,CIPLA,,,600.3,600.65,591.3,595.05,1138645,679221180.1
2017-10-25,CIPLA,,,599,604,589.5,592.65,991374,592751809.55
2017-10-26,CIPLA,,,595.4,616.8,592.55,611.5,2002276,1217416271.85
2017-10-27,CIPLA,,,625,629.8,616.2,625.05,2198491,1372093738.7
2017-10-30,CIPLA,,,623.25,630,614.55,626.05,1045267,652534102.25
2017-10-31,CIPLA,,,629,634.9,621.6,627.6,1522851,957265682
2017-11-01,CIPLA,,,628.25,633.35,621.15,626.75,1359809,855243422.05
2017-11-02,CIPLA,,,626.4,642.8,625.15,636,2058898,1310605076.6
2017-11-03,CIPLA,,,640,648.15,629.55,640.1,1722647,1102945578.65
2017-11-06,CIPLA,,,637.1,661,636.9,654.8,2195805,1425718217.1
2017-11-07,CIPLA,,,663.4,663.4,602,607.55,7331364,4609651324.75
2017-11-08,CIPLA,,,624.85,637.8,620,622.6,5570213,3502306212
2017-11-09,CIPLA,,,624,628,611.6,614.55,1809019,1116718195.9
2017-11-10,CIPLA,,,617.5,621.5,603.65,609.3,1400233,859076870.2
2017-11-13,CIPLA,,,610.3,611.3,595.7,602.1,1109147,668811205.95
2017-11-14,CIPLA,,,598,613.3,598,602.45,1498244,909490365.4
2017-11-15,CIPLA,,,602.65,607.95,590.2,593.65,1171698,701272130.45
2017-11-16,CIPLA,,,595.35,599.45,590,592.85,1228065,728639618.5
2017-11-17,CIPLA,,,607,614.9,600.65,608.55,1448847,882702591.55
2017-11-20,CIPLA,,,605.55,608,596.1,604.25,1609788,967417726.4
2017-11-21,CIPLA,,,607,624,607,616.1,2222545,1372279206.55
2017-11-22,CIPLA,,,616.9,625.7,614,619.25,2014698,1249860545.3
2017-11-23,CIPLA,,,619.25,625.2,615,617.6,792383,490775168.2
2017-11-24,CIPLA,,,619.5,623.9,613.25,615.7,1118354,692211184.7
2017-11-27,CIPLA,,,617,619.9,611.05,614.8,1388114,852323437.35
2017-11-28,CIPLA,,,616,621.7,609.8,611.8,1486189,915107007.6
2017-11-29,CIPLA,,,615,619.4,605.25,607.9,1465289,895483060.25
2017-11-30,CIPLA,,,605,607.85,597.05,600.9,1612910,968217855.3
2017-12-01,CIPLA,,,604.5,606,593.7,598.1,747562,447351299.65
2017-12-04,CIPLA,,,599.3,602.8,588.8,596.7,660077,392697045.45
2017-12-05,CIPLA,,,595,599.85,591.75,596.45,979009,582460056.7
2017-12-06,CIPLA,,,595.8,603.8,594.5,596.45,919271,549986831.55
2017-12-07,CIPLA,,,598,600,588.3,593.45,752359,447196687.75
2017-12-08,CIPLA,,,595,607,592.45,603.1,606123,362859187
2017-12-11,CIPLA,,,612,612.95,597.2,603.65,850998,512920618.75
2017-12-12,CIPLA,,,604.7,606,590,591.65,762200,454576102.8
2017-12-13,CIPLA,,,591.5,598.15,576.35,578.15,1197264,702076161.1
2017-12-14,CIPLA,,,580,593.7,575.1,590.45,1428906,832262677.95
2017-12-15,CIPLA,,,597,597,573.2,576.45,4312419,2498910999.85
2017-12-18,CIPLA,,,578.4,594.9,571.65,591.65,2379562,1400025147.25
2017-12-19,CIPLA,,,592.45,605.7,592.45,603.9,1474696,884920400
2017-12-20,CIPLA,,,605.7,611,597.75,600.65,1068145,645964325.7
2017-12-21,CIPLA,,,602.95,608.7,596,599.8,1274585,768981377.8
2017-12-22,CIPLA,,,603,604,598.85,601.2,668806,402089719.05
2017-12-26,CIPLA,,,604.05,614.9,596.1,611.75,1239536,754792005.55
2017-12-27,CIPLA,,,613,623.75,610.2,612.65,1765029,1090366330.95
2017-12-28,CIPLA,,,614,616.15,603.2,606.05,1428319,869740242.2
2017-12-29,CIPLA,,,606.15,611.9,604.1,608.5,702774,427426995.4
2018-01-01,CIPLA,,,608,617.85,607,611.5,873546,534903891.5
2018-01-02,CIPLA,,,614.2,619,605.5,607.8,1038258,635863120.15
2018-01-03,CIPLA,,,611,613.9,604.55,606.8,771828,470411398.15
2018-01-04,CIPLA,,,609.45,618.4,603.45,616.75,990602,603402889.75
2018-01-05,CIPLA,,,617,619.85,611.1,615.15,1072254,660462307.55
2018-01-08,CIPLA,,,618.5,627.5,612.2,615.05,1061612,656855962.35
2018-01-09,CIPLA,,,617,618.65,610.65,615.6,846158,520839834.05
2018-01-10,CIPLA,,,616,624.15,612.85,619.75,1207313,747600809.05
2018-01-11,CIPLA,,,619,619,609.1,612.35,1092457,668464356.5
2018-01-12,CIPLA,,,614,618.4,603.1,612.1,891848,544712636.8
2018-01-15,CIPLA,,,612.5,615.5,608.2,610.25,470386,287731067.35
2018-01-16,CIPLA,,,610.15,613.5,599,601.4,1088762,658194427
2018-01-17,CIPLA,,,601.05,610.6,597.05,607.15,883340,533392696.05
2018-01-18,CIPLA,,,608.1,612.95,598.25,603.65,1028921,621680039.05
2018-01-19,CIPLA,,,603.65,605.1,600.15,602.75,818518,493036458.7
2018-01-22,CIPLA,,,604.4,605,593.1,601.15,933769,558853448.4
2018-01-23,CIPLA,,,602.5,625,600.3,622.35,2105060,1300798389.9
2018-01-24,CIPLA,,,621.95,623.75,612.9,618.3,1089562,673541999.85
2018-01-25,CIPLA,,,618.15,631,613.7,621.4,2973765,1848966980.95
2018-01-29,CIPLA,,,624.95,628.4,611.1,615,1564268,967813094.6
2018-01-30,CIPLA,,,613,613.1,603.2,605.95,596682,362471240.8
2018-01-31,CIPLA,,,608,608.5,590,592.15,1264055,751874917.7
2018-02-01,CIPLA,,,591.9,597,580.2,587.05,1050098,618808220
2018-02-02,CIPLA,,,586,593.9,575.1,581.15,998752,585668646.25
2018-02-05,CIPLA,,,576,582.1,571.2,580.1,797017,459310065.85
2018-02-06,CIPLA,,,561,572,558.05,564.25,1284112,723724433.85
2018-02-07,CIPLA,,,578.5,579.9,554.2,569.25,3161498,1786896466.25
2018-02-08,CIPLA,,,584,617.15,580.15,612.65,8349913,5054434530
2018-02-09,CIPLA,,,595,626,595,621.4,2373799,1454947096.25
2018-02-12,CIPLA,,,629.35,635,618.85,621.65,1957424,1226965228.2
2018-02-14,CIPLA,,,622.1,630.3,611.5,616.15,1306512,812072619.45
2018-02-15,CIPLA,,,613.25,621.45,602.95,605.85,1391858,852958651.4
2018-02-16,CIPLA,,,611.3,613.95,605.5,611.1,906025,552829097.45
2018-02-19,CIPLA,,,612,612.15,594.35,600.4,1216005,730333179.55
2018-02-20,CIPLA,,,603.45,606.1,592,603.45,1599249,957469220.35
2018-02-21,CIPLA,,,607,607.75,589.25,597.25,1409752,841941842.6
2018-02-22,CIPLA,,,595,597.25,586.6,589.65,1859008,1098451899.2
2018-02-23,CIPLA,,,591.8,605,590,595.65,1576584,942521102.55
2018-02-26,CIPLA,,,596.25,598.3,588.75,590.1,1417465,840072974.65
2018-02-27,CIPLA,,,591.7,598.9,583.1,586.5,1349590,796305481.15
2018-02-28,CIPLA,,,590,596.6,587.1,589.65,2255189,1335695161.7
2018-03-01,CIPLA,,,593.9,593.9,580.4,581.7,1343806,786663635.35
2018-03-05,CIPLA,,,582.1,585,578.05,579.25,1179725,685205241.6
2018-03-06,CIPLA,,,581.6,589.4,580.05,584.1,1891302,1107025403.5
2018-03-07,CIPLA,,,587.45,589.1,578.2,580.2,1849650,1079256441.7
2018-03-08,CIPLA,,,584,584,574,578,1084582,627977637.4
2018-03-09,CIPLA,,,579.95,585.2,568.05,571.05,1149194,663134195.45
2018-03-12,CIPLA,,,575.05,582.2,563.55,580.65,919792,527827403.15
2018-03-13,CIPLA,,,579,582.9,575.15,578.75,801792,464496250.95
2018-03-14,CIPLA,,,578.35,583.8,571.65,577.9,811747,467504896.65
2018-03-15,CIPLA,,,578,579.6,569,571.15,849222,487105092.75
2018-03-16,CIPLA,,,570.1,574,557.05,559.4,1867538,1048914215.8
2018-03-19,CIPLA,,,563.65,566.9,555.4,559.75,1447941,812007561.75
2018-03-20,CIPLA,,,555.1,561.85,522.9,552.9,9119209,4985721539.6
2018-03-21,CIPLA,,,558.5,567.45,546.4,551.05,3091963,1729908902.7
2018-03-22,CIPLA,,,551.9,555,538.15,540.75,1506405,821921006.35
2018-03-23,CIPLA,,,539,540.7,534,538.4,1203262,646784724.2
2018-03-26,CIPLA,,,538.15,544.6,532.95,541.8,1105319,598055510.4
2018-03-27,CIPLA,,,541,549,541,545.05,2206872,1202624571.45
2018-03-28,CIPLA,,,544,548.8,534,545.45,2667979,1446077238.45
2018-04-02,CIPLA,,,548,578.95,545.9,576.25,2823880,1606680223.6
2018-04-03,CIPLA,,,572,578.35,568.8,570.3,2493190,1427080985.55
2018-04-04,CIPLA,,,572.35,575.45,564.5,569.8,1852997,1055012101.05
2018-04-05,CIPLA,,,574,578.55,558.35,560.35,2396864,1351681592.1
2018-04-06,CIPLA,,,560.3,571,557.25,558.95,2420324,1361154204.45
2018-04-09,CIPLA,,,565.9,565.9,555.5,556.75,1470765,823112935.15
2018-04-10,CIPLA,,,558,567,556.6,558.15,1591682,893938904.25
2018-04-11,CIPLA,,,560.7,564,558.5,561.5,1789789,1003733353.15
2018-04-12,CIPLA,,,562.9,562.95,554.8,556.15,1309557,730112683.2
2018-04-13,CIPLA,,,557.55,561.15,552.55,555.5,1019158,567511498.6
2018-04-16,CIPLA,,,553.05,587.8,553.05,584.95,6741354,3891675302.1
2018-04-17,CIPLA,,,585.55,588.35,575.7,579.95,2688507,1562710727
2018-04-18,CIPLA,,,582,597,582,584.6,3853951,2273651438.55
2018-04-19,CIPLA,,,584.25,592,583.05,584.4,1525419,894034469.5
2018-04-20,CIPLA,,,582.35,593.4,581.5,589.05,1641179,965603063
2018-04-23,CIPLA,,,576,601.75,576,600.15,3016500,1789296636.2
2018-04-24,CIPLA,,,601,604.9,595.1,601.9,2782988,1672269254.65
2018-04-25,CIPLA,,,600.5,600.5,586.2,593.05,1125208,665987834.35
2018-04-26,CIPLA,,,591,602.9,590.55,599.95,1503008,899380161.25
2018-04-27,CIPLA,,,602,607,593,599.85,1031376,619327441.2
2018-04-30,CIPLA,,,602.2,609,602,607.4,687828,416686921.7
2018-05-02,CIPLA,,,610,621.9,608.95,612,1862999,1146600367.9
2018-05-03,CIPLA,,,613,613.1,597,609.3,999887,603247518.65
2018-05-04,CIPLA,,,612.1,612.45,595.5,597,925559,556296303.2
2018-05-07,CIPLA,,,598.6,600.1,585,591.05,1046885,619416058.85
2018-05-08,CIPLA,,,592.4,601.95,586.55,590.65,1039491,616281459.55
2018-05-09,CIPLA,,,591.4,596,585.55,588,652527,384781027.25
2018-05-10,CIPLA,,,594,594.6,572.5,575.5,2163326,1259006482.95
2018-05-11,CIPLA,,,577.05,580.75,565.1,573.7,921890,528305650.25
2018-05-14,CIPLA,,,575,580.5,570.85,578.5,888370,512074947.45
2018-05-15,CIPLA,,,579.8,593,573.1,575.8,2049528,1186159827.55
2018-05-16,CIPLA,,,575,575,546,559.9,4071898,2271323302.35
2018-05-17,CIPLA,,,557.9,560,538.8,553.75,3719963,2044638130.25
2018-05-18,CIPLA,,,555,556,530,533.05,1708157,923506119.4
2018-05-21,CIPLA,,,531.65,536.8,516,520.45,2013336,1057616194.1
2018-05-22,CIPLA,,,524.8,531.1,507.2,524,3080285,1603038681.25
2018-05-23,CIPLA,,,515,564.9,515,532.4,7413823,4026910539.95
2018-05-24,CIPLA,,,536.5,544.55,530,533.5,1925524,1032199520.1
2018-05-25,CIPLA,,,538.85,538.85,527.5,536.65,1525355,813147256.7
2018-05-28,CIPLA,,,534,548.3,534,539.5,1460566,793141164.6
2018-05-29,CIPLA,,,539.1,542.6,527.7,530.6,2656979,1416811582.05
2018-05-30,CIPLA,,,529.1,529.1,519.55,525.6,2156315,1131408459.2
2018-05-31,CIPLA,,,528.6,533.65,521.05,524.8,3539206,1860285406.6
2018-06-01,CIPLA,,,526.95,530.75,521.05,524.5,1625446,853986002.85
2018-06-04,CIPLA,,,527.5,529,517.15,520.7,1247023,651879304.8
2018-06-05,CIPLA,,,520.3,544.75,517.7,542.1,3398337,1812783111.65
2018-06-06,CIPLA,,,542.1,548,533.4,538.45,2909756,1571301491.05
2018-06-07,CIPLA,,,541.95,542.55,537.2,540.7,1119973,604631434.05
2018-06-08,CIPLA,,,541.8,562,538.75,559.65,4815940,2669543516.6
2018-06-11,CIPLA,,,560,570,559,560.8,3113604,1756473523.7
2018-06-12,CIPLA,,,561.9,573,561,567.1,3234303,1839623001.35
2018-06-13,CIPLA,,,569.95,593.5,569.95,582.1,4657712,2720956242.2
2018-06-14,CIPLA,,,588.95,592.9,583.5,588.05,3244655,1905551368
2018-06-15,CIPLA,,,590,614.55,589.8,611.6,7125922,4319039871.95
2018-06-18,CIPLA,,,612,618.8,600.3,606.5,2518169,1532872479.6
2018-06-19,CIPLA,,,606.25,610.45,598.2,601.85,2992184,1806562737.25
2018-06-20,CIPLA,,,613,622.75,600.35,602.85,9121187,5571631192.3
2018-06-21,CIPLA,,,608.8,609.7,602,603.5,3052143,1848921552.7
2018-06-22,CIPLA,,,604,618.05,595.25,615.75,3245849,1971411044.9
2018-06-25,CIPLA,,,615.1,622.55,608,611.4,3253606,1995014480.6
2018-06-26,CIPLA,,,606,608.7,597.25,599.5,2323337,1397249234.1
2018-06-27,CIPLA,,,602.5,606.95,593,602.3,2520918,1513771651.95
2018-06-28,CIPLA,,,604.5,609.9,596,600.9,4173735,2510041079.7
2018-06-29,CIPLA,,,601.5,619.9,599.9,616.65,1525608,929710455.05
2018-07-02,CIPLA,,,620,620,611,617,1502606,924009942.8
2018-07-03,CIPLA,,,617,644.65,608.05,640.4,5271600,3326784431
2018-07-04,CIPLA,,,644.95,648,623.8,628.9,5043141,3208523097.15
2018-07-05,CIPLA,,,632,637,623.1,626.55,2127794,1344097470.65
2018-07-06,CIPLA,,,624.9,631,610.4,612.5,2514518,1561577598.15
2018-07-09,CIPLA,,,616.85,625,615,622.9,1462808,907958102.95
2018-07-10,CIPLA,,,626.6,633.9,620.15,632.05,1872744,1175133292.3
2018-07-11,CIPLA,,,626.3,630.5,621.3,625.3,1669583,1044807559.8
2018-07-12,CIPLA,,,629.4,636.7,622.7,633.35,2177684,1375184216.5
2018-07-13,CIPLA,,,634,634,624.2,626.7,1475306,926384293.9
2018-07-16,CIPLA,,,629.4,636,611.15,620.95,2211200,1382541977.3
2018-07-17,CIPLA,,,621.9,639.6,620.1,637.45,2228377,1413519490.7
2018-07-18,CIPLA,,,640,644,625.1,627.4,2348371,1486265102.1
2018-07-19,CIPLA,,,629.8,632.1,606.15,610.1,1424272,882216681.05
2018-07-20,CIPLA,,,614.95,630,602.15,625.8,2832150,1737953961.8
2018-07-23,CIPLA,,,623.15,637.3,617.25,634.1,1553101,976789250.9
2018-07-24,CIPLA,,,633.95,633.95,624.5,627.35,1319369,828732583.15
2018-07-25,CIPLA,,,629,631,613.45,623.9,1413265,877033968.7
2018-07-26,CIPLA,,,619,631.25,617.45,627.85,3163498,1984448082.25
2018-07-27,CIPLA,,,627.75,641.9,625.9,636.2,1508269,957124528.25
2018-07-30,CIPLA,,,633,636.25,628,634.3,990056,626129443.05
2018-07-31,CIPLA,,,636.95,647,628.1,641.35,2469759,1580040796.65
2018-08-01,CIPLA,,,641,641.55,635,639.15,2411436,1537895015.4
2018-08-02,CIPLA,,,635,651.9,633.05,638.5,3974559,2556689042.9
2018-08-03,CIPLA,,,640.95,647.6,639,641.05,1530341,983017340
2018-08-06,CIPLA,,,647,648.8,635.3,637.95,2716402,1742357364.1
2018-08-07,CIPLA,,,642.9,642.9,627.1,629.45,2414434,1521846098.75
2018-08-08,CIPLA,,,629,645.45,623.6,632.55,4121062,2601228894.55
2018-08-09,CIPLA,,,649,662.5,616.7,619.15,9996909,6368945006.65
2018-08-10,CIPLA,,,624.95,628.5,614.5,621.05,3168280,1971268223.55
2018-08-13,CIPLA,,,622,631.55,619.2,628.3,2374657,1491562566.75
2018-08-14,CIPLA,,,629.1,647,624,642.75,2451003,1562478261.9
2018-08-16,CIPLA,,,644.7,660,634.25,648.35,3925549,2555413084.2
2018-08-17,CIPLA,,,650.05,655.5,643.7,646.9,2915387,1896098617.15
2018-08-20,CIPLA,,,649.9,653.5,642.4,643.85,1296664,837498804.9
2018-08-21,CIPLA,,,647.9,654.45,644,650.25,1981523,1286212691.75
2018-08-23,CIPLA,,,653.45,665,652.7,657.95,2891829,1910216414.1
2018-08-24,CIPLA,,,658,658,645,651.2,1904031,1235846441.6
2018-08-27,CIPLA,,,653,662.5,648.2,659.6,1381724,903208091.85
2018-08-28,CIPLA,,,662,677.5,644.65,648.3,5237362,3482873163.05
2018-08-29,CIPLA,,,650,653.65,640,643.5,1891523,1223477208.75
2018-08-30,CIPLA,,,645,651.9,640.5,649.45,2124122,1374842563.1
2018-08-31,CIPLA,,,649.55,664,649.55,662.15,3056580,2018661478.7
2018-09-03,CIPLA,,,665.5,671.2,646.6,649.1,1971733,1303964741.85
2018-09-04,CIPLA,,,649.8,655,638.4,643.9,2249087,1450174595.45
2018-09-05,CIPLA,,,645.05,650.9,637.2,646.55,2542543,1637817803.25
2018-09-06,CIPLA,,,651,664.7,647,662.1,2841096,1870229934.35
2018-09-07,CIPLA,,,663.85,669.5,656.3,664.75,2431363,1613368654.05
2018-09-10,CIPLA,,,665,678,664,668.05,3453432,2314364316.7
2018-09-11,CIPLA,,,670.1,675,650.6,654.9,3399042,2258401868.45
2018-09-12,CIPLA,,,654.9,662,643.25,656.45,3302191,2157111699.75
2018-09-14,CIPLA,,,664,670,659.05,666.4,1512857,1007329171.7
2018-09-17,CIPLA,,,673,673,660.4,664.9,2220455,1479121930.9
2018-09-18,CIPLA,,,665,673,660.6,663.7,1814726,1212198602.05
2018-09-19,CIPLA,,,668,678.45,645.75,660.6,3043018,2028683317.2
2018-09-21,CIPLA,,,668,671.55,638.4,653.2,2276641,1499364379.15
2018-09-24,CIPLA,,,662,668.95,640.8,645.6,2766326,1817041128.1
2018-09-25,CIPLA,,,644,665.8,643,661.75,2295464,1510562375.95
2018-09-26,CIPLA,,,664.45,675.25,656,672.8,2131833,1427903158.8
2018-09-27,CIPLA,,,675,677,655.95,659.35,3433359,2279595547.3
2018-09-28,CIPLA,,,659.35,663,647.2,654.05,1862405,1219582362.7
2018-10-01,CIPLA,,,653.05,659,643.5,654.15,1309530,850920088.85
2018-10-03,CIPLA,,,650,663.95,650,654.55,1533990,1008642350.5
2018-10-04,CIPLA,,,650.1,654.65,632.1,638.4,1736407,1117319954.7
2018-10-05,CIPLA,,,635.3,649.55,631,636.65,1806150,1159424879.05
2018-10-08,CIPLA,,,636.6,642.65,628.45,638.8,1564640,995776796.75
2018-10-09,CIPLA,,,639.5,643.1,625.25,639.35,1535781,975965011.9
2018-10-10,CIPLA,,,639.35,651,633.3,639.6,1881053,1207058897.05
2018-10-11,CIPLA,,,627.5,633.8,613.05,616.2,1707508,1067754770.3
2018-10-12,CIPLA,,,620,627.2,612.6,622.9,2085360,1292397727.65
2018-10-15,CIPLA,,,623,649.8,618.05,647.85,2666868,1707518476.4
2018-10-16,CIPLA,,,647.85,651.65,637.35,639.75,1510216,969262149.7
2018-10-17,CIPLA,,,644.9,646,637,640.45,1280980,821028170.9
2018-10-19,CIPLA,,,640.3,645.55,626.1,633.8,2267774,1434439042.3
2018-10-22,CIPLA,,,635.2,640.65,626.85,629.65,1399755,886719844.65
2018-10-23,CIPLA,,,628.8,632,616,622.35,1370461,852966201
2018-10-24,CIPLA,,,625.5,635,615.6,621.3,987144,614967843.05
2018-10-25,CIPLA,,,618.55,624,605.15,609,5739386,3506655994.4
2018-10-26,CIPLA,,,609.2,612.35,598.65,603.7,1935618,1168254385.7
2018-10-29,CIPLA,,,602.35,638.2,601.45,635.15,1614423,1005258784.25
2018-10-30,CIPLA,,,636,636.7,608.1,610.35,2418471,1495001810.45
2018-10-31,CIPLA,,,612,631.75,606.3,629.25,2305046,1432910880.65
2018-11-01,CIPLA,,,630,631.95,614,615.4,1442392,892161409.6
2018-11-02,CIPLA,,,619.95,619.95,605.5,607.1,1566053,957594210.2
2018-11-05,CIPLA,,,607.4,617.5,557.1,563.05,12941350,7479960322.95
2018-11-06,CIPLA,,,555,555,527.35,530.8,16941828,9067507142.55
2018-11-09,CIPLA,,,535.5,535.8,524,526.95,6125274,3231077900.7
2018-11-12,CIPLA,,,530,541.9,529.05,531.85,7669697,4103115920.75
2018-11-13,CIPLA,,,534,534,526.5,528.1,2410643,1275031511.9
2018-11-14,CIPLA,,,530.6,532.6,517,519.55,2740756,1430470270.55
2018-11-15,CIPLA,,,521.9,525,514.45,519.15,2661535,1383652897.3
2018-11-16,CIPLA,,,521.7,534,521.1,530.6,3483625,1845160545.8
2018-11-19,CIPLA,,,535,536,523.95,528.25,1913914,1013787347.85
2018-11-20,CIPLA,,,528,529.85,518.65,520.7,1707971,893857057.4
2018-11-21,CIPLA,,,522.8,528.05,521.3,522.15,1749806,916905739.3
2018-11-22,CIPLA,,,523,525,511.75,517.95,2045318,1058507863.95
2018-11-26,CIPLA,,,520,523.75,512.8,522.1,1728468,898539139.55
2018-11-27,CIPLA,,,526,526.95,513.05,517.65,2100159,1089980139.4
2018-11-28,CIPLA,,,519.2,523.95,513.6,515.3,2003272,1037586902.45
2018-11-29,CIPLA,,,518,526.4,516,524.7,2799578,1464929133.15
2018-11-30,CIPLA,,,528,542,527,540.85,3855382,2066747833.25
2018-12-03,CIPLA,,,542,545.4,534.1,535.8,2033213,1096730349.1
2018-12-04,CIPLA,,,536,549,535.05,546.45,3400053,1853739510.75
2018-12-05,CIPLA,,,546,548.9,525.3,528.45,2192065,1173417759.65
2018-12-06,CIPLA,,,528,528,511,515.3,2562048,1327241883.2
2018-12-07,CIPLA,,,520,530.65,512,513.6,3503808,1820735331.05
2018-12-10,CIPLA,,,509.9,514.85,503.1,512.55,2201377,1122854803.85
2018-12-11,CIPLA,,,503,523.95,503,518.7,2326059,1199045606.4
2018-12-12,CIPLA,,,522.9,534.3,521.1,531.3,1683131,885705010.95
2018-12-13,CIPLA,,,532,533.8,519.2,527,2234487,1177638507.7
2018-12-14,CIPLA,,,528.35,533.8,516.65,521.75,1950888,1023332278.35
2018-12-17,CIPLA,,,524,529.35,520.7,523.65,1196871,627186993.1
2018-12-18,CIPLA,,,524,527,520.05,522.9,1628240,851722124.9
2018-12-19,CIPLA,,,524,528.6,522.55,524.75,1241000,652095062.95
2018-12-20,CIPLA,,,523.7,526,515.4,520.25,2074097,1077708986.1
2018-12-21,CIPLA,,,521,523.95,514.3,516.65,1758710,911424251.15
2018-12-24,CIPLA,,,518.8,520.8,513,518.8,1214348,628594153.45
2018-12-26,CIPLA,,,515.6,519,507.3,514.3,1318560,675348050.5
2018-12-27,CIPLA,,,518.9,521,514,517.9,1351636,698829315.95
2018-12-28,CIPLA,,,514.3,525.35,514.3,522,1933464,1010465019.8
2018-12-31,CIPLA,,,522,526,517.2,519.5,1897948,986729979.45
2019-01-01,CIPLA,,,520,524,518.65,523.05,1361809,710897917.95
2019-01-02,CIPLA,,,521.9,522.5,513.15,514.55,1243067,641939610.45
2019-01-03,CIPLA,,,516.5,520.5,511.2,512.4,2086150,1073257313.75
2019-01-04,CIPLA,,,513,514.9,508.05,512.8,1651456,845246260.4
2019-01-07,CIPLA,,,516,517.75,510.3,514.05,1168002,601248667.9
2019-01-08,CIPLA,,,516,517.2,511.25,513.65,1765015,906313070.95
2019-01-09,CIPLA,,,515.55,516.75,507.5,510.1,1929305,984697636.1
2019-01-10,CIPLA,,,509,514.9,509,513.25,1252439,642102129.75
2019-01-11,CIPLA,,,513.4,519,508.25,510.2,2051418,1051988870.2
2019-01-14,CIPLA,,,510.2,514,505.6,511.95,1472415,748876394.75
2019-01-15,CIPLA,,,514.5,515.35,509.5,514.95,1177377,604436661.5
2019-01-16,CIPLA,,,515,515.95,509,511.5,1446921,740353906.6
2019-01-17,CIPLA,,,512.5,514.95,507.6,509.6,1598184,816444144.75
2019-01-18,CIPLA,,,510.2,513,507.3,509.4,1502360,766454916.15
2019-01-21,CIPLA,,,510,514.2,508.2,509.25,1150380,587513166.6
2019-01-22,CIPLA,,,510,511.4,502.45,507.1,1455953,737265270.6
2019-01-23,CIPLA,,,510,511.7,507.1,509.3,1358623,692038421.9
2019-01-24,CIPLA,,,510,510.7,496.1,500.7,1620195,816611408.6
2019-01-25,CIPLA,,,502.1,508.6,501.35,507.65,1193442,602992984.8
2019-01-28,CIPLA,,,509,509,489.1,492.15,3215535,1586441907.1
2019-01-29,CIPLA,,,489.1,507.55,483.75,505.05,2675481,1337086291.6
2019-01-30,CIPLA,,,504.95,507.1,497.7,505.8,1524621,767831113.35
2019-01-31,CIPLA,,,506,519.85,504.25,517.3,2203919,1129445711.65
2019-02-01,CIPLA,,,517.65,522.55,512.5,521.35,1380838,715949647.7
2019-02-04,CIPLA,,,521,521,506.2,509.6,1480952,756988299.55
2019-02-05,CIPLA,,,506.55,514,501.2,508,4358002,2209666966.45
2019-02-06,CIPLA,,,510.5,546.7,504.1,534.95,8775759,4589285443
2019-02-07,CIPLA,,,537.1,546.6,528.15,532.9,4417618,2365347684.4
2019-02-08,CIPLA,,,532.85,543.7,531.2,534.25,2747159,1477186464.85
2019-02-11,CIPLA,,,538.7,545.9,535.85,543.3,2989919,1621538876.45
2019-02-12,CIPLA,,,540.05,545.7,536.1,543.3,2252766,1222844596.65
2019-02-13,CIPLA,,,543,545.65,538.2,543.5,1752070,949930331.25
2019-02-14,CIPLA,,,542.9,556,537.4,542.9,2766535,1511389735
2019-02-15,CIPLA,,,540,551.4,528.5,540.55,2491806,1341296846.9
2019-02-18,CIPLA,,,542,545.05,532.3,541.15,1590101,855158051.2
2019-02-19,CIPLA,,,544.8,545,536.75,539.65,1879600,1017299772.3
2019-02-20,CIPLA,,,540.2,543.2,538.65,541.1,1208930,653847907.95
2019-02-21,CIPLA,,,542.85,547.9,540.5,545.5,1093548,595979525.2
2019-02-22,CIPLA,,,543.8,546.1,539.1,541.3,1592112,861821992.25
2019-02-25,CIPLA,,,541.5,550.85,541,548.3,1961905,1073662735.8
2019-02-26,CIPLA,,,545.1,553.65,538.05,550.4,1952961,1067348624.65
2019-02-27,CIPLA,,,551,555.35,544.25,551.9,2389977,1315522200.75
2019-02-28,CIPLA,,,555,558.3,546,554.55,2618486,1444944177.5
2019-03-01,CIPLA,,,555,555.3,547.4,551.55,2430914,1337226766.3
2019-03-05,CIPLA,,,550,551.5,546.55,548.65,1644098,903011019.15
2019-03-06,CIPLA,,,551,552,541.95,547.55,1587182,867600860.2
2019-03-07,CIPLA,,,547.65,550,539.65,541.35,1144534,622725277.25
2019-03-08,CIPLA,,,541,543.4,538.25,539.95,2618767,1416853802.7
2019-03-11,CIPLA,,,542,542,535.5,540.1,2342102,1263481202.3
2019-03-12,CIPLA,,,541.9,543.65,537.3,538.75,2049339,1106576347.95
2019-03-13,CIPLA,,,542,542.5,531,532.8,1582245,846974426.45
2019-03-14,CIPLA,,,532.05,534.1,530.5,532.75,1490894,794042596.85
2019-03-15,CIPLA,,,534.1,535.4,528.95,532.6,2019240,1075695822.75
2019-03-18,CIPLA,,,533.05,535.8,529,534.5,1266863,675790418.7
2019-03-19,CIPLA,,,537.15,537.7,530.2,533.65,874797,467351140.8
2019-03-20,CIPLA,,,532,534.8,531.1,533.25,1255306,669149244.95
2019-03-22,CIPLA,,,534.9,539,523.6,526.8,1579084,838214435.85
2019-03-25,CIPLA,,,525.6,528.7,516.2,526.85,1874898,981213600.45
2019-03-26,CIPLA,,,528.5,532.5,525.7,529.3,3044792,1609231645.65
2019-03-27,CIPLA,,,531.4,533.6,524.05,525.5,1217387,640951433.85
2019-03-28,CIPLA,,,525.3,527.35,522.3,525.6,4133379,2171557356.4
2019-03-29,CIPLA,,,525.75,530.7,524,528.9,2162632,1140712756.85
2019-04-01,CIPLA,,,516.3,528.75,516.3,525.65,4091454,2148258620.6
2019-04-02,CIPLA,,,529.95,529.95,521.15,522.65,1268431,664657979.85
2019-04-03,CIPLA,,,523,524.8,519.1,520.45,3276338,1713000982.6
2019-04-04,CIPLA,,,519,522,517.5,521,5555991,2892449704.3
2019-04-05,CIPLA,,,531.4,541,526,532.1,9784780,5235852144.25
2019-04-08,CIPLA,,,536.5,536.9,522.7,525.4,2429845,1279642559.9
2019-04-09,CIPLA,,,526.25,534.5,525.4,532,2301681,1220697377.05
2019-04-10,CIPLA,,,531.55,551.75,530.8,546.45,5992326,3274229711.2
2019-04-11,CIPLA,,,546.35,554.7,542,544.85,2977870,1634911740.8
2019-04-12,CIPLA,,,547.95,556.7,545.3,554.85,4347530,2402737961.55
2019-04-15,CIPLA,,,555,569.2,552,566.3,2252373,1261588698.9
2019-04-16,CIPLA,,,570,571.75,556.6,559.35,2246831,1262167293.35
2019-04-18,CIPLA,,,562,566.65,553.2,561.55,2306549,1292807482.05
2019-04-22,CIPLA,,,560,566,556.6,561.1,1205612,677612519.6
2019-04-23,CIPLA,,,562.5,575.95,560.4,561.7,2179959,1234610677.3
2019-04-24,CIPLA,,,561.4,564.5,553.2,558.55,1896565,1059439547.4
2019-04-25,CIPLA,,,558.7,563.95,551.15,555.6,2416194,1347614397.2
2019-04-26,CIPLA,,,558.25,572.9,557.2,567.95,2593397,1471611372.75
2019-04-30,CIPLA,,,569.9,571.05,558.65,565,1914026,1079264961.85
2019-05-02,CIPLA,,,563,569.7,556.7,565.6,1700976,958002277.6
2019-05-03,CIPLA,,,568,573,561.65,564.5,2758638,1563608340.55
2019-05-06,CIPLA,,,556,564.5,556,563.35,1715311,962740281.95
2019-05-07,CIPLA,,,564,566.3,555.15,557.95,1478212,828716850.2
2019-05-08,CIPLA,,,556,561.4,549,558,1890174,1050132122.95
2019-05-09,CIPLA,,,559.9,561.05,548.7,557.75,1672967,927262424.85
2019-05-10,CIPLA,,,557.75,562.7,551,555.55,1687480,940338775.35
2019-05-13,CIPLA,,,552,556.75,529.6,546.7,2027570,1113590824.85
2019-05-14,CIPLA,,,546,560.75,541.2,556,1822829,1006336457.55
2019-05-15,CIPLA,,,554,562.5,551.5,555.7,1396473,778160305.45
2019-05-16,CIPLA,,,554,556.7,541.05,550.2,2589467,1422280304
2019-05-17,CIPLA,,,549,551.95,541,544.15,1194005,650569870
2019-05-20,CIPLA,,,560,567,550.4,565.45,1586746,888870091.7
2019-05-21,CIPLA,,,565.45,580,552.75,559.35,4286383,2430185293.5
2019-05-22,CIPLA,,,562,574,550.05,553,7762734,4369865685.6
2019-05-23,CIPLA,,,561.9,568.9,543.75,564.75,5640728,3160630322.85
2019-05-24,CIPLA,,,569.2,572.5,559.45,570.6,1796355,1019898069.85
2019-05-27,CIPLA,,,570,586,568,578.7,1959075,1136031108.55
2019-05-28,CIPLA,,,579,584.2,571.5,577.95,2469586,1427500704.85
2019-05-29,CIPLA,,,577.4,582.45,559.9,564.35,1948077,1114218559.3
2019-05-30,CIPLA,,,560.1,563.5,554.25,561.95,2577559,1444405598.45
2019-05-31,CIPLA,,,562.7,569,550.85,558.85,1912387,1072376365.35
2019-06-03,CIPLA,,,559,569.45,552.5,568.25,1284381,721993789.75
2019-06-04,CIPLA,,,564,575,561.1,562.65,1558827,883110952.65
2019-06-06,CIPLA,,,565,568.3,556.55,559.8,1750285,985275084.9
2019-06-07,CIPLA,,,565,565,542,549.5,2696228,1480186755.6
2019-06-10,CIPLA,,,550.6,562.6,550,554.55,1708042,949373536.1
2019-06-11,CIPLA,,,555.4,566.4,551,559.85,2518184,1411648068.6
2019-06-12,CIPLA,,,558.9,567,556.25,561.6,1253337,705445985.15
2019-06-13,CIPLA,,,560.05,566.6,559.25,564.6,1594956,899252138.9
2019-06-14,CIPLA,,,560.15,564.45,554.15,555.6,1808363,1010028891.85
2019-06-17,CIPLA,,,555.5,556.6,543.85,545.15,1267159,695879344.45
2019-06-18,CIPLA,,,545.2,555.5,545.05,547.6,1257992,692678954.15
2019-06-19,CIPLA,,,550.6,551.9,532.55,533.7,1137906,615945772.4
2019-06-20,CIPLA,,,531.8,552.45,528.65,551.3,1986432,1075387804.7
2019-06-21,CIPLA,,,549.85,553.8,545.2,551.55,1534007,844273537.4
2019-06-24,CIPLA,,,548.55,552.45,545.1,549.9,981017,538578146.2
2019-06-25,CIPLA,,,548.95,554.95,546.55,550.05,805704,443848912.95
2019-06-26,CIPLA,,,550,558.8,548,556.55,1020879,566945446.15
2019-06-27,CIPLA,,,556.85,563.9,550.3,551.95,1323494,735916240.5
2019-06-28,CIPLA,,,551.9,556.7,546.35,553.45,996578,549764365.8
2019-07-01,CIPLA,,,555.7,559.35,553.15,555.8,565463,314559815.35
2019-07-02,CIPLA,,,557.15,558.5,551.5,555.35,565414,313622940.1
2019-07-03,CIPLA,,,555.35,556.7,549.45,553.25,797387,439826937.9
2019-07-04,CIPLA,,,554.65,555.65,550.6,551.55,639531,353000693.8
2019-07-05,CIPLA,,,551.55,554.25,549.2,550,796604,438514348.65
2019-07-08,CIPLA,,,547,549,534.65,538.45,1490078,807176467.25
2019-07-09,CIPLA,,,536.8,552.45,536.8,548.8,1472836,805344592.75
2019-07-10,CIPLA,,,545.35,551.15,541.85,544.95,1045560,571454474.2
2019-07-11,CIPLA,,,549,553.8,546,552.4,726448,400858879.45
2019-07-12,CIPLA,,,554,566.5,547.2,556.8,1485506,827701934.4
2019-07-15,CIPLA,,,559.9,560.5,548.6,550.55,842129,466521136.65
2019-07-16,CIPLA,,,554.75,558.45,549.4,553.55,1460303,808802624.6
2019-07-17,CIPLA,,,554,558.5,547.45,557.55,1034734,573040447.55
2019-07-18,CIPLA,,,558.85,559,545.5,547,1355289,747077582.25
2019-07-19,CIPLA,,,550.8,552,535.5,536.7,783708,423555775.05
2019-07-22,CIPLA,,,536.7,540,526.2,530.95,1816845,970135629.45
2019-07-23,CIPLA,,,531,535.2,521,528.9,2353027,1238283498.05
2019-07-24,CIPLA,,,529,529,517.05,518.75,2707033,1407929684.55
2019-07-25,CIPLA,,,521.35,539.2,519,536.65,3183510,1705096646.35
2019-07-26,CIPLA,,,533.2,539.9,528.25,532.1,1371242,734737369.9
2019-07-29,CIPLA,,,531.6,534.95,520.25,522.25,735045,385949446.15
2019-07-30,CIPLA,,,522.2,533.6,517.8,520,1665158,870026374.1
2019-07-31,CIPLA,,,516.9,522.7,506,521.1,1828077,942781667.3
2019-08-01,CIPLA,,,516.15,519.45,509.2,512.45,1289007,660697321.1
2019-08-02,CIPLA,,,509,519.7,508.7,516.1,1574251,811871580.2
2019-08-05,CIPLA,,,513.8,520.8,512.25,518.9,2162918,1118320691.15
2019-08-06,CIPLA,,,518,527,496.85,500.15,7425849,3753498120.45
2019-08-07,CIPLA,,,502.7,525.85,501.65,518.3,4668643,2402175127.3
2019-08-08,CIPLA,,,504.75,510,493.8,503.05,6750611,3381417104.5
2019-08-09,CIPLA,,,505.9,511.7,481.55,484.5,5172748,2560263420.25
2019-08-13,CIPLA,,,484.5,486.9,473.05,475.75,2952687,1408448485.05
2019-08-14,CIPLA,,,477.45,483.25,465,478.3,2376714,1128799125.95
2019-08-16,CIPLA,,,477,483.4,474.5,476.1,1279325,611456552.45
2019-08-19,CIPLA,,,478.5,485.55,474.6,475.85,1211272,582449177.55
2019-08-20,CIPLA,,,478.85,481.7,470.55,478.7,1606901,764058183.9
2019-08-21,CIPLA,,,478.6,479,466.95,468.05,1065506,501894407.8
2019-08-22,CIPLA,,,464.9,469.95,460.6,464,1398888,650294743.05
2019-08-23,CIPLA,,,464,467.35,449.2,465.9,2217428,1019585795.9
2019-08-26,CIPLA,,,468.1,470.95,454.9,466.55,2158865,1000981581.55
2019-08-27,CIPLA,,,468.5,469.85,458.45,465.35,2992115,1389291176.85
2019-08-28,CIPLA,,,465.8,476.2,460.15,464.25,2193022,1029014325.35
2019-08-29,CIPLA,,,465.5,468,456.55,465.2,1410078,653927407.25
2019-08-30,CIPLA,,,468,475.2,461.45,472.45,1126818,527907714.35
2019-09-03,CIPLA,,,467,471.25,461,469.55,1564714,731101999.45
2019-09-04,CIPLA,,,471.1,475,467.05,471.4,2339657,1101219228.95
2019-09-05,CIPLA,,,472,479.75,470.6,478.4,1216510,579301813.25
2019-09-06,CIPLA,,,479,482.5,473.75,474.9,1668897,795758937.3
2019-09-09,CIPLA,,,475,478.7,472.1,475,780846,371722621.9
2019-09-11,CIPLA,,,474,478.3,468.05,471.8,996410,471002312.2
2019-09-12,CIPLA,,,474,474,464.4,467.8,1179858,553596742.35
2019-09-13,CIPLA,,,468.05,469.65,464.5,469,818854,382611868.9
2019-09-16,CIPLA,,,467,472,464.1,470.5,1257381,590151135.7
2019-09-17,CIPLA,,,471.95,472.4,457,460.65,1753611,810042876.1
2019-09-18,CIPLA,,,461.4,462.8,454.35,458.65,1656705,758249140.3
2019-09-19,CIPLA,,,458.65,461.95,449.9,452.05,1027073,467811317.6
2019-09-20,CIPLA,,,454.2,465,445.5,463.3,2558072,1172195132.85
2019-09-23,CIPLA,,,468,472.3,445,448.9,2819792,1276056403
2019-09-24,CIPLA,,,450,455.05,446.6,450.25,1959468,884306275.5
2019-09-25,CIPLA,,,449.9,450,432.2,434.6,3524655,1546423156.8
2019-09-26,CIPLA,,,439,440.45,430.4,438.45,3960277,1721910395.1
2019-09-27,CIPLA,,,438.45,446,435.7,439.4,3151119,1393891867.95
2019-09-30,CIPLA,,,430,432.8,418,425.5,6307161,2679206499.15
2019-10-01,CIPLA,,,426.9,426.9,402.7,412.65,4914716,2032977573.2
2019-10-03,CIPLA,,,411,421,406.5,418.1,2639852,1101476751.35
2019-10-04,CIPLA,,,419.5,431.3,416.15,418.35,4182360,1777152385.65
2019-10-07,CIPLA,,,419.95,419.95,405.5,408.25,2564196,1053926200.15
2019-10-09,CIPLA,,,408.3,427,407.5,423.35,4117690,1720348683.4
2019-10-10,CIPLA,,,423.1,427.3,418.55,422.15,2381621,1007735804.65
2019-10-11,CIPLA,,,422.55,443,389.55,441.35,17354782,7332270604.75
2019-10-14,CIPLA,,,441.35,446.45,433.5,440.9,5861895,2576419203.85
2019-10-15,CIPLA,,,440,448.5,435.35,446.55,3153015,1399930321.65
2019-10-16,CIPLA,,,446.3,447.85,438.95,446.8,2180925,966739858.7
2019-10-17,CIPLA,,,445.3,447.7,439.4,446.3,1818421,805972384.1
2019-10-18,CIPLA,,,448.5,451.15,440.1,444.15,2850227,1270314041
2019-10-22,CIPLA,,,441.25,457.75,440.2,453.9,2333810,1053412411.95
2019-10-23,CIPLA,,,453.65,456.8,448.1,454.25,2262575,1026696225.9
2019-10-24,CIPLA,,,455,456,443.55,446.85,1733751,778774060.1
2019-10-25,CIPLA,,,447.1,461.45,441.75,459.85,2647759,1194012913.9
2019-10-29,CIPLA,,,463.9,478.4,462,473.05,3498572,1652529815.55
2019-10-30,CIPLA,,,478.95,478.95,462.25,465,2640132,1229366281.15
2019-10-31,CIPLA,,,465,472.7,460.15,466.85,3944718,1834670249
2019-11-01,CIPLA,,,467.3,474.2,462.4,469.2,3649879,1711429581.5
2019-11-04,CIPLA,,,471.4,478.5,467.05,468.3,2393325,1128751066.8
2019-11-05,CIPLA,,,470.15,475.5,465.15,467.85,1391429,654305311.45
2019-11-06,CIPLA,,,469.05,487.95,464.25,480.85,17751556,8472961828.15
2019-11-07,CIPLA,,,482,487.4,470,471.85,5892783,2818714068.6
2019-11-08,CIPLA,,,470.1,470.1,461.25,462.5,4300075,1994733369
2019-11-11,CIPLA,,,459.4,459.4,451.75,454.85,4109355,1871583537.05
2019-11-13,CIPLA,,,452,455,446,447.9,3001272,1354321380.25
2019-11-14,CIPLA,,,445.2,458.2,442.65,451.4,2659601,1196580300.1
2019-11-15,CIPLA,,,448,468.05,435.4,463.25,10693852,4823863391.8
2019-11-18,CIPLA,,,463,472,457.65,460.6,2847404,1322003632.1
2019-11-19,CIPLA,,,461.2,477.5,459.55,472.1,5080106,2404619598.7
2019-11-20,CIPLA,,,472,483.7,468.65,482.6,4080054,1955197804.15
2019-11-21,CIPLA,,,482.6,492.3,476.6,485.5,5600894,2722795663.55
2019-11-22,CIPLA,,,485,485,472.7,478.85,2778328,1330291276.6
2019-11-25,CIPLA,,,478.25,485.35,475.9,483.5,1465490,706417935.35
2019-11-26,CIPLA,,,483,490.55,476.7,478.55,3880896,1872950407.75
2019-11-27,CIPLA,,,475,475,464.55,468,3494515,1635752636.55
2019-11-28,CIPLA,,,472,476.5,464.1,468.35,2933958,1378798680.8
2019-11-29,CIPLA,,,469.65,473.4,465.6,466.7,1307574,612634443.75
2019-12-02,CIPLA,,,469.6,469.6,455.35,464,2492362,1151138958.25
2019-12-03,CIPLA,,,465,465.85,460,464.25,1067139,493816897.4
2019-12-04,CIPLA,,,463,471.85,462,470,1426757,668232427.6
2019-12-05,CIPLA,,,469.5,470.3,460.4,461.6,1483537,688191365.7
2019-12-06,CIPLA,,,463,467,454,455.45,2520045,1163419053.85
2019-12-09,CIPLA,,,457.4,457.75,444.6,447.9,3761784,1692881319.3
2019-12-10,CIPLA,,,450.6,454.95,449.5,453.05,2807906,1271817711.95
2019-12-11,CIPLA,,,453,453.1,446.7,449.95,1806996,812298140.4
2019-12-12,CIPLA,,,452.2,463.1,452.2,461.05,2730092,1254302302.6
2019-12-13,CIPLA,,,461.05,465,456.6,461.25,1213599,559287927.75
2019-12-16,CIPLA,,,463.05,464.75,457.5,458.25,903737,416778395.55
2019-12-17,CIPLA,,,462.05,466.2,460.35,463.95,2434853,1127718660.8
2019-12-18,CIPLA,,,464,469.25,461.5,467.8,1705929,795401298.3
2019-12-19,CIPLA,,,465.65,471.5,464.8,467.6,1485123,695213767.75
2019-12-20,CIPLA,,,466.9,474.45,463.9,465.75,2248997,1054460477.3
2019-12-23,CIPLA,,,467,469,464.5,467.85,866023,403925240.35
2019-12-24,CIPLA,,,467.25,480,465.5,478.7,3262749,1546777415.4
2019-12-26,CIPLA,,,478.7,482.55,472.25,474.15,2887784,1379790700.4
2019-12-27,CIPLA,,,474.55,483.5,472.8,481.1,2005404,963610254.2
2019-12-30,CIPLA,,,481.1,487,478.25,479.95,1809828,873147826.5
2019-12-31,CIPLA,,,479.95,484.3,476.95,478.2,1640854,788764029.35
2020-01-01,CIPLA,,,481,481,474.45,475.9,1316812,628456121.8
2020-01-02,CIPLA,,,478.85,479.9,472.3,473.5,1406381,668921740.6
2020-01-03,CIPLA,,,475.8,475.8,467.25,469.95,2252752,1061592460.6
2020-01-06,CIPLA,,,469.8,469.95,461.2,466.75,1501855,699442317.2
2020-01-07,CIPLA,,,466,470,463.65,468.6,2365554,1103398181.75
2020-01-08,CIPLA,,,467.8,470.1,461.6,464.75,1507276,702136832.6
2020-01-09,CIPLA,,,467.5,473.3,467.5,470.1,1700600,800366607
2020-01-10,CIPLA,,,470.1,477,469.75,473.5,1213600,575911564.65
2020-01-13,CIPLA,,,474.5,482.45,474.5,477.65,1229969,588066735.3
2020-01-14,CIPLA,,,480.6,485.2,479.2,484.25,2160301,1042824246.6
2020-01-15,CIPLA,,,484,486.85,479.55,484,1413668,682489251.3
2020-01-16,CIPLA,,,484,487.45,479,480.25,1694372,817253115.95
2020-01-17,CIPLA,,,480,482.95,476.55,480.3,2039387,979864386.4
2020-01-20,CIPLA,,,480.45,483.15,476.65,480.15,1206931,579469991.8
2020-01-21,CIPLA,,,478.95,479.55,472.2,473.4,1448808,689466313.55
2020-01-22,CIPLA,,,474.5,480.3,470.25,471.6,2380518,1134603844.85
2020-01-23,CIPLA,,,464.5,475.85,459.35,465.15,5783749,2717742843.65
2020-01-24,CIPLA,,,465,467.75,456.85,458.85,2713370,1253858930.1
2020-01-27,CIPLA,,,457.5,466.5,454.2,464.45,5849003,2708743192.15
2020-01-28,CIPLA,,,465,468,458.95,464.7,3592413,1669112532.5
2020-01-29,CIPLA,,,464.7,467.4,460.35,461.55,1737293,805835141.95
2020-01-30,CIPLA,,,461,461,446.35,451,2766881,1252587139.85
2020-01-31,CIPLA,,,453.95,453.95,442.1,446.9,2184609,979214843.75
2020-02-03,CIPLA,,,444,450.65,439.4,444.55,1690394,750694733.4
2020-02-04,CIPLA,,,446.7,452.45,444.2,448.45,2030860,912598588.8
2020-02-05,CIPLA,,,449.55,459.15,437.5,447.55,3637403,1626518024.3
2020-02-06,CIPLA,,,462.5,464.35,435.35,439.65,7118843,3176117734.15
2020-02-07,CIPLA,,,440,445.9,437.3,443.2,6386193,2824548750.5
2020-02-10,CIPLA,,,444.2,451,442.1,444.75,3557480,1586627262
2020-02-11,CIPLA,,,447.1,452,443.35,450.6,1889638,847944097.5
2020-02-12,CIPLA,,,454.95,454.95,445,446.8,1683136,753917497.5
2020-02-13,CIPLA,,,446.8,448.9,440.5,443.4,2041017,906823799.05
2020-02-14,CIPLA,,,444,448.9,441.5,447.1,1814780,808448425.95
2020-02-17,CIPLA,,,444.5,445.75,430.1,431.9,4581786,1987395912.15
2020-02-18,CIPLA,,,433,437.65,428.1,436,2453801,1063077853.8
2020-02-19,CIPLA,,,437.8,449.2,437.4,447.5,2359566,1050162091.6
2020-02-20,CIPLA,,,448,448.8,434.5,435.75,3048500,1341189231.45
2020-02-24,CIPLA,,,436,436.7,426.55,430.15,2569563,1105175982.05
2020-02-25,CIPLA,,,430.2,431.2,420,425.8,2438218,1036528239.2
2020-02-26,CIPLA,,,406,425,405.8,422.2,8068909,3382786584.55
2020-02-27,CIPLA,,,411.1,424,409,421.2,5109022,2124267375.5
2020-02-28,CIPLA,,,413,416.45,398.05,402.1,4200936,1712263112.65
2020-03-02,CIPLA,,,407,411.25,394.65,401.95,3460583,1406523363.75
2020-03-03,CIPLA,,,402,429.2,402,425.3,5476676,2300514977
2020-03-04,CIPLA,,,425.6,449.8,420,447.65,9297945,4086987028.8
2020-03-05,CIPLA,,,447.85,472,437.45,440.6,9637431,4328415093.5
2020-03-06,CIPLA,,,425,438.15,423.05,434.4,2916146,1261268570.95
2020-03-09,CIPLA,,,425,432.65,423.5,426.15,2986596,1277406528.15
2020-03-11,CIPLA,,,425,426.15,410.2,417.1,5314548,2213276171.6
2020-03-12,CIPLA,,,412.5,412.5,390.75,394.75,5636464,2235998268.25
2020-03-13,CIPLA,,,388,434.95,355.3,425.55,6096909,2496794731.05
2020-03-16,CIPLA,,,416,423.9,392.75,396.4,5394615,2198420979.7
2020-03-17,CIPLA,,,397,422,390.75,401.75,2989674,1226642212.6
2020-03-18,CIPLA,,,411.8,411.8,381.7,386,4200582,1672726649.75
2020-03-19,CIPLA,,,374.8,390.75,362.9,374.7,2926155,1102602163.5
2020-03-20,CIPLA,,,379.8,399.8,372.45,392.8,4718358,1846385923
2020-03-23,CIPLA,,,370,406.9,370,375.25,5507004,2123288368.1
2020-03-24,CIPLA,,,380,409.75,372.55,377.45,6652237,2603600592.35
2020-03-25,CIPLA,,,378,394.9,374,376.45,6419109,2452756641.05
2020-03-26,CIPLA,,,383,394.7,380.5,386.15,4291225,1660261184.6
2020-03-27,CIPLA,,,393,411,391.95,407.65,6471292,2608694470.25
2020-03-30,CIPLA,,,413.8,438.7,407.65,431.75,9021027,3805120197.1
2020-03-31,CIPLA,,,446,446.6,420,422.85,9434756,4081519674.35
2020-04-01,CIPLA,,,424.9,430.9,410.4,413.75,6329718,2657544430.4
2020-04-03,CIPLA,,,425,454.7,416.25,449.2,17906777,7932340266.2
2020-04-07,CIPLA,,,479,513.4,452,492.25,20843854,10155335956.7
2020-04-08,CIPLA,,,496.95,530,490,512.75,19456194,10058531580.45
2020-04-09,CIPLA,,,564,610,564,579.6,27207928,15854975819.05
2020-04-13,CIPLA,,,605,605,583,592.85,15483866,9165439971.8
2020-04-15,CIPLA,,,604.45,614,578.6,592.35,16213849,9751835989.8
2020-04-16,CIPLA,,,590,612.8,582,600.45,12716392,7619691909.55
2020-04-17,CIPLA,,,615,615,595,598,8304296,5005793111.05
2020-04-20,CIPLA,,,598,599.4,580,585.4,5856240,3440508754.45
2020-04-21,CIPLA,,,578,609.8,570,592.1,14471886,8647157437.05
2020-04-22,CIPLA,,,594.9,599.75,585,587.2,6182389,3661548159.8
2020-04-23,CIPLA,,,590,603.9,579.05,586.7,6277909,3721988288.1
2020-04-24,CIPLA,,,586.4,606,583.6,599.3,11127892,6664525196.9
2020-04-27,CIPLA,,,600,632.65,600,608.7,14089884,8704616726.7
2020-04-28,CIPLA,,,616.8,621.25,593.25,598.6,8193432,4924678826
2020-04-29,CIPLA,,,605,607.9,590.1,596.25,6767185,4048344366.65
2020-04-30,CIPLA,,,607.9,611.45,586.1,589.6,9100084,5427778522.7
2020-05-04,CIPLA,,,589,616.95,580.6,611.85,16816196,10226896214.25
2020-05-05,CIPLA,,,623.05,623.05,595,596.9,9257197,5623333826.35
2020-05-06,CIPLA,,,597.5,606,590,591.75,6979140,4156487024.5
2020-05-07,CIPLA,,,598,601.8,587.5,589.55,4620871,2749062636.6
2020-05-08,CIPLA,,,598,601.2,589.5,591.9,5051381,2999819151
2020-05-11,CIPLA,,,600.95,600.95,583.45,586.05,5853898,3457665384.1
2020-05-12,CIPLA,,,587,593.8,566.2,570.15,8868988,5103089279.3
2020-05-13,CIPLA,,,600,605,568.9,570.2,10438684,6013921178.75
2020-05-14,CIPLA,,,571,577.9,566.1,569.75,8546052,4881773765.4
2020-05-15,CIPLA,,,572,585,565.6,570.3,14388640,8255822496.65
2020-05-18,CIPLA,,,570.6,605,570.5,600.45,22898149,13528325423.25
2020-05-19,CIPLA,,,600,608.8,590.2,594.95,10952723,6564908742.2
2020-05-20,CIPLA,,,597,624.35,595.4,620.65,13441070,8228127113.25
2020-05-21,CIPLA,,,620.65,626.85,612.3,616.6,7916847,4901908425.95
2020-05-22,CIPLA,,,616.7,641.85,610.1,639.35,10875625,6828715774.85
2020-05-26,CIPLA,,,640,646.9,624.05,627.7,8859499,5626360826.4
2020-05-27,CIPLA,,,630,637.8,625.8,633.05,7710110,4874284889.95
2020-05-28,CIPLA,,,634,637.65,626.05,628.35,5488725,3465586321.6
2020-05-29,CIPLA,,,633,650.95,631,648.15,10580213,6822505065.4
2020-06-01,CIPLA,,,649,652.6,634.55,642.5,7439126,4776515732.35
2020-06-02,CIPLA,,,644.9,658.65,636,637.6,6883613,4450820309.7
2020-06-03,CIPLA,,,646.85,649.5,635.3,641.2,5044705,3246526883.65
2020-06-04,CIPLA,,,643,664.8,642.5,660.55,10452588,6849586989.65
2020-06-05,CIPLA,,,665,669.75,649,650.9,6481383,4262776167.65
2020-06-08,CIPLA,,,656.7,657.8,633.05,635.1,6263354,4009624744.8
2020-06-09,CIPLA,,,638.9,654.3,637.05,640.05,8968473,5794493919.5
2020-06-10,CIPLA,,,646.8,650.75,639.8,642.95,5426109,3504538812.35
2020-06-11,CIPLA,,,645.65,646.95,632.8,635,3172467,2031959200.1
2020-06-12,CIPLA,,,616.3,645,616.3,643.6,5579264,3540642950.7
2020-06-15,CIPLA,,,643,653.5,637,643.65,4520269,2917905146.8
2020-06-16,CIPLA,,,644.5,650,632.45,637.8,2927072,1880193284.15
2020-06-17,CIPLA,,,640,643.8,635,640.35,2648049,1692579541.85
2020-06-18,CIPLA,,,641.65,644.8,636.4,642.05,2161531,1385574424.5
2020-06-19,CIPLA,,,648.85,648.85,631.5,636.2,4476030,2863676250.2
2020-06-22,CIPLA,,,691,692.5,651.65,655.95,29313468,19581044090.4
2020-06-23,CIPLA,,,674,674,655.4,659.8,8287942,5483610488.5
2020-06-24,CIPLA,,,660,662.25,628.3,631.2,6955964,4477515359.35
2020-06-25,CIPLA,,,632,642,629.15,634.9,5816412,3690547076.1
2020-06-26,CIPLA,,,639,643.65,631.6,634.9,3847867,2448516665.75
2020-06-29,CIPLA,,,637,648,635.4,644.9,6772345,4357304298.95
2020-06-30,CIPLA,,,647.95,649.9,638,640.25,4319890,2779279865.45
2020-07-01,CIPLA,,,642.6,642.6,621.05,627.1,4809654,3024951238.75
2020-07-02,CIPLA,,,630,654.45,626,646.2,6169883,3934340599.25
2020-07-03,CIPLA,,,652.95,652.95,635.5,638.8,5380124,3449968807.15
2020-07-06,CIPLA,,,640,644.25,629.2,634.6,5604898,3560688039.4
2020-07-07,CIPLA,,,637.95,642.6,635.2,636.55,3781547,2415469626.05
2020-07-08,CIPLA,,,643.45,648,632.5,634.4,6953560,4446544732.65
2020-07-09,CIPLA,,,643.95,643.95,636.25,639.05,4354463,2783866871.6
2020-07-10,CIPLA,,,640,647,636.7,638.9,4119833,2647218035.15
2020-07-13,CIPLA,,,641,646,636.6,638.35,3450074,2210350646
2020-07-14,CIPLA,,,639.95,644,631.25,632.3,5432821,3471847472.25
2020-07-15,CIPLA,,,634.4,643.5,633.1,638.2,4253994,2715419937.15
2020-07-16,CIPLA,,,639.95,677.4,635.9,674.5,16098367,10630272505.25
2020-07-17,CIPLA,,,674.5,696.65,669.25,689.1,15244105,10457729266.65
2020-07-20,CIPLA,,,689,690.85,672.35,674.35,5469496,3711333902.7
2020-07-21,CIPLA,,,676.1,682.1,660,662.3,4314960,2882326709.35
2020-07-22,CIPLA,,,666.15,677.8,657.5,661.7,5918154,3944333455.05
2020-07-23,CIPLA,,,663.95,674,662.2,671.45,4620517,3095911606.35
2020-07-24,CIPLA,,,673,681,658.2,666.05,4962946,3317186837.9
2020-07-27,CIPLA,,,673.95,673.95,650.4,652.9,4465120,2930175973.65
2020-07-28,CIPLA,,,651,665.75,644.25,662.6,4583122,3016125553.25
2020-07-29,CIPLA,,,662.6,685.55,662.6,681.25,7288841,4930391212.5
2020-07-30,CIPLA,,,681.2,698.95,681,685.95,7171188,4953962689.35
2020-07-31,CIPLA,,,687,724,687,720.15,18897332,13446763108.25
2020-08-03,CIPLA,,,724,734.2,701,710.4,12500684,8969138527.05
2020-08-04,CIPLA,,,708,718.9,703.2,713.85,6971075,4958144709.75
2020-08-05,CIPLA,,,720.8,729.95,716,722.15,5263247,3801624840.95
2020-08-06,CIPLA,,,724.95,739.7,720.1,731.1,9663912,7079412130.4
2020-08-07,CIPLA,,,738,739.65,724.5,728.65,6159882,4503680438.7
2020-08-10,CIPLA,,,760,814.5,751.35,795.6,56895564,44989022123
2020-08-11,CIPLA,,,801.1,801.85,768.75,778,14861526,11621292789.9
2020-08-12,CIPLA,,,778,778,755.6,762.1,7841606,5977147740.9
2020-08-13,CIPLA,,,765.95,782.9,754.1,760.25,13741283,10552568522.9
2020-08-14,CIPLA,,,762,787.75,752.55,771.8,16276397,12605568092.3
2020-08-17,CIPLA,,,779,781,765.5,771.65,6145819,4745382571
2020-08-18,CIPLA,,,772,779.65,763,764.85,5520727,4245551775.3
2020-08-19,CIPLA,,,770,772.7,756.65,758.35,6296081,4806078351.2
2020-08-20,CIPLA,,,758.35,771.75,758.35,762.7,8167571,6243129239.15
2020-08-21,CIPLA,,,768.85,770.6,759.05,760.75,4700989,3594798546.45
2020-08-24,CIPLA,,,763,767,750.25,751.75,4942354,3732137608.6
2020-08-25,CIPLA,,,756.25,758,745.25,747.75,3424068,2568062988.5
2020-08-26,CIPLA,,,751.5,754,744.2,748,3730761,2794148299.7
2020-08-27,CIPLA,,,750.8,764,749.95,756.2,6989244,5292658053.5
2020-08-28,CIPLA,,,763,771,746.7,748.6,8206125,6222046378.1
2020-08-31,CIPLA,,,752,755.7,705.2,713.55,7649142,5574864607.5
2020-09-01,CIPLA,,,713.55,741,710,736.55,6260042,4539660769.8
2020-09-02,CIPLA,,,739.95,748.5,729.2,738.25,5583378,4125368210.65
2020-09-03,CIPLA,,,742.7,745.95,735,738.6,3560610,2632648436.6
2020-09-04,CIPLA,,,733.75,750,717.1,724.6,7473320,5517484471.25
2020-09-07,CIPLA,,,728,733.8,707,716.75,4688730,3353789585.15
2020-09-08,CIPLA,,,716.75,726.45,704.4,708.2,4818231,3446542725.5
2020-09-09,CIPLA,,,709.15,734.95,705.2,727.55,9082720,6543720063.05
2020-09-10,CIPLA,,,729,735.9,719.25,726.8,4571167,3321352841.75
2020-09-11,CIPLA,,,725.8,731.5,720.25,725.95,2465472,1786801307.5
2020-09-14,CIPLA,,,729,730.25,717.75,721.6,3104687,2244552578.1
2020-09-15,CIPLA,,,723,754,722.65,742.45,14548327,10844859754.3
2020-09-16,CIPLA,,,743.95,756.5,732,752.6,6773204,5032135170.4
2020-09-17,CIPLA,,,751,762,746.7,751.5,7105873,5356528974.1
2020-09-18,CIPLA,,,780,819.3,776.15,806.25,35527345,28424054194
2020-09-21,CIPLA,,,806.25,811.95,762,768.1,12576401,9902184576.45
2020-09-22,CIPLA,,,777.05,787.95,755.15,777.65,14483986,11240039129.05
2020-09-23,CIPLA,,,783.95,784,761.8,767.4,6236596,4817878011.45
2020-09-24,CIPLA,,,764.45,766.65,730,733.45,7123765,5329794600.25
2020-09-25,CIPLA,,,752,777,740.4,770.1,13365213,10164947967.65
2020-09-28,CIPLA,,,772.1,778,755.6,774.8,9291117,7140372438.35
2020-09-29,CIPLA,,,777.6,786,759.05,762.35,6583112,5060771624
2020-09-30,CIPLA,,,762.35,794.9,761.05,774.7,14333238,11205591551.35
2020-10-01,CIPLA,,,779.8,781,765.75,773,5852563,4525251271.8
2020-10-05,CIPLA,,,776,784.05,762.05,778.65,6798053,5254043170.3
2020-10-06,CIPLA,,,782,788,777,780.35,4789613,3743091548.9
2020-10-07,CIPLA,,,780,790.65,771,773.6,6086372,4734504778.3
2020-10-08,CIPLA,,,775,815.6,774.9,811.45,12019994,9585982185.65
2020-10-09,CIPLA,,,813,825,800.35,803.15,11673228,9491307203.9
2020-10-12,CIPLA,,,805,819.75,800.15,813.65,6612623,5347740446.75
2020-10-13,CIPLA,,,810,829.05,778.5,787.15,13964627,11306793695.9
2020-10-14,CIPLA,,,788.8,794.55,766.8,781.5,8675723,6773882697.9
2020-10-15,CIPLA,,,780.65,788,762.9,768.3,6291197,4883306221.3
2020-10-16,CIPLA,,,766.95,787.5,758.4,782.35,9099048,7061888798.2
2020-10-19,CIPLA,,,783,784.1,762.15,764,4351957,3345500022.65
2020-10-20,CIPLA,,,765,774.7,756.3,764.3,6029721,4616604211.55
2020-10-21,CIPLA,,,771.8,771.8,756.5,767.1,6932538,5303959271.65
2020-10-22,CIPLA,,,765,769.85,744,757.5,8429302,6368223480.65
2020-10-23,CIPLA,,,761.25,774.65,755,757.55,8515910,6517438100.45
2020-10-26,CIPLA,,,761.2,763.75,742.3,747.15,4665293,3512356978.65
2020-10-27,CIPLA,,,750,773.55,747,770.25,7004115,5340411647.3
2020-10-28,CIPLA,,,771.4,780,762.15,765.25,7050213,5440322799.45
2020-10-29,CIPLA,,,766.1,774.65,757,762.3,6084021,4653701605.7
2020-10-30,CIPLA,,,765.7,767.5,746,754.5,4126277,3125610833.2
2020-11-02,CIPLA,,,757.5,762.35,744.4,751.25,3265890,2453490162.4
2020-11-03,CIPLA,,,756.1,770.55,750.75,759.3,5390467,4091554788.3
2020-11-04,CIPLA,,,757.8,783.8,757.2,781.15,9035451,7010150895.55
2020-11-05,CIPLA,,,786,796.1,778.3,793.5,6656549,5241823500.8
2020-11-06,CIPLA,,,797.4,802,786.55,789.95,7765316,6152332118.75
2020-11-09,CIPLA,,,795.1,804,752.3,763.2,21178707,16382141405.45
2020-11-10,CIPLA,,,769.8,769.8,706.5,717.3,22558440,16400907579.65
2020-11-11,CIPLA,,,727,745.5,718.6,742.35,18892977,13886659396.4
2020-11-12,CIPLA,,,742.4,758.85,733.5,739.7,10422659,7785039235.15
2020-11-13,CIPLA,,,742.5,751,740.15,744.65,6955531,5187026071.3
2020-11-17,CIPLA,,,747.4,751.9,734,742.55,7313289,5432688475.6
2020-11-18,CIPLA,,,747.3,752,733.5,742.95,7190828,5328724671.6
2020-11-19,CIPLA,,,742.55,751.9,737.95,742.1,5804230,4319594117.25
2020-11-20,CIPLA,,,742,748.45,732.25,739.9,5394676,3988431647.85
2020-11-23,CIPLA,,,741.65,758.05,739.4,746.3,8690680,6523626753.55
2020-11-24,CIPLA,,,748.3,752,741.6,748.45,5471533,4090847612.9
2020-11-25,CIPLA,,,750.1,754.55,728.2,731.65,6060158,4489164613.25
2020-11-26,CIPLA,,,734,741,726.5,738.7,6088729,4466317521.9
2020-11-27,CIPLA,,,741,749,735,745.6,12777697,9516941317.75
2020-12-01,CIPLA,,,753,760,746.15,755.6,6241872,4706032015.3
2020-12-02,CIPLA,,,758,761,751.15,758.35,3983393,3012690459.65
2020-12-03,CIPLA,,,760,764.8,756.05,762.15,3765555,2865336641.9
2020-12-04,CIPLA,,,763,770.6,757,766.95,5423289,4146787257.1
2020-12-07,CIPLA,,,766.95,782.5,766,773.15,6779545,5253255591.8
2020-12-08,CIPLA,,,777,779.45,757.8,766,4166424,3200009732.95
2020-12-09,CIPLA,,,769.9,773.9,759.95,762.4,4045201,3100168253.1
2020-12-10,CIPLA,,,763,767.7,755.1,762.75,3679209,2804162419.4
2020-12-11,CIPLA,,,764,766.1,753,755.85,3178041,2412966661.85
2020-12-14,CIPLA,,,778.3,793.3,776.35,789.3,19785595,15552565167.6
2020-12-15,CIPLA,,,789.3,798,779.25,781.65,8249684,6506727911.05
2020-12-16,CIPLA,,,790.35,790.35,782.3,786.8,3817724,3000720156.5
2020-12-17,CIPLA,,,790.75,794.85,781.1,783.2,3984988,3139547407.55
2020-12-18,CIPLA,,,784.25,796,781.5,793.45,6487014,5128965382.25
2020-12-21,CIPLA,,,793,816.9,760,778.5,14465355,11567698357.95
2020-12-22,CIPLA,,,782,798,761.1,795,6139589,4793005985.55
2020-12-23,CIPLA,,,796.35,827,792.25,824.65,8520251,6934873099.95
2020-12-24,CIPLA,,,828.8,834.9,815.3,833.2,7294578,6022224914
2020-12-28,CIPLA,,,837.6,839,825.2,830.15,4810932,4008260788.65
2020-12-29,CIPLA,,,830.15,835.75,817.5,827.95,3311293,2737184583.2
2020-12-30,CIPLA,,,830,830,816.05,823.8,2715404,2230021015.35
2020-12-31,CIPLA,,,824,833.35,816.4,819.95,4842886,3991520661.45
2021-01-01,CIPLA,,,822.8,828.95,820.65,826.6,2474916,2044692332.9
2021-01-04,CIPLA,,,831,837.3,826.55,832.25,3487801,2902752557.8
2021-01-05,CIPLA,,,832.25,843.75,825.3,827.25,4559213,3791349413.3
2021-01-06,CIPLA,,,829,834.4,815.25,824.8,3318460,2743047281.35
2021-01-07,CIPLA,,,830,830.45,818,826.55,2879675,2373308391.5
2021-01-08,CIPLA,,,830.7,846.2,827.4,838.7,5072916,4252438018.8
2021-01-11,CIPLA,,,839,860,832.75,856.85,5332109,4524003157.3
2021-01-12,CIPLA,,,860,864.6,841,843.15,4338010,3697257149.8
2021-01-13,CIPLA,,,847.35,852,832.5,841.7,3596529,3033266616.95
2021-01-14,CIPLA,,,841.7,847.55,829,840.9,3652930,3058293399.35
2021-01-15,CIPLA,,,839,844.9,821,823.7,3137877,2605875426.85
2021-01-18,CIPLA,,,822,826.65,796.2,801.75,3742440,3023231872.9
2021-01-19,CIPLA,,,802.5,825.4,802.5,822.45,3791378,3092880549
2021-01-20,CIPLA,,,822.5,834.9,822.3,832.8,3056546,2532392573.95
2021-01-21,CIPLA,,,835,839.3,809,812.75,3326213,2746528293.65
2021-01-22,CIPLA,,,815.8,822.5,798.25,808.3,3883231,3151475334.35
2021-01-25,CIPLA,,,813,857,808.25,836.8,10704200,8984052307.35
2021-01-27,CIPLA,,,839.9,856.45,825.2,842.5,7410174,6247389509.85
2021-01-28,CIPLA,,,835.5,848.85,825.7,841.9,4489853,3768212473.6
2021-01-29,CIPLA,,,847.95,850.85,820.75,825.9,7185812,6002117718.6
2021-02-01,CIPLA,,,815,831,779.95,806.4,13856367,11261783138.5
2021-02-02,CIPLA,,,807,826.35,801.5,821.6,8486828,6905067694.75
2021-02-03,CIPLA,,,826,878.9,824.2,849.25,15674616,13454708049.65
2021-02-04,CIPLA,,,847.55,856.5,832.6,834.45,4639606,3917492519
2021-02-05,CIPLA,,,839.6,854.9,830.5,847.7,7381183,6234453905.15
2021-02-08,CIPLA,,,852,859.25,841.05,847.25,4244906,3611127804.8
2021-02-09,CIPLA,,,848,856.85,839,841.75,4200281,3562380308.65
2021-02-10,CIPLA,,,847.6,867,841,863.4,5665209,4841082010.8
2021-02-11,CIPLA,,,868,874.9,856,859.8,5347864,4613322913.8
2021-02-12,CIPLA,,,859,864.35,845.5,848.55,2473012,2113701205.1
2021-02-15,CIPLA,,,850.1,856.6,842,844.3,2531913,2150948023.6
2021-02-16,CIPLA,,,850,852.25,841.25,848.35,2808115,2379153038.05
2021-02-17,CIPLA,,,849.45,854.7,833,835.7,2539649,2138662289.3
2021-02-18,CIPLA,,,835,843.45,822.5,825.45,4114251,3427330047.3
2021-02-19,CIPLA,,,823.8,825.45,799,807.35,3834443,3117851526.95
2021-02-22,CIPLA,,,811.4,817.5,786.05,792.45,4090429,3291936116.3
2021-02-23,CIPLA,,,795,803.15,788.4,790.95,3264477,2595855904.3
2021-02-24,CIPLA,,,794,798.1,776.25,789.05,1587082,1254599863.55
2021-02-25,CIPLA,,,795,814,790.45,809.15,5478169,4417462361.3
2021-02-26,CIPLA,,,805,820,780,787.05,7549015,6058510362.85
2021-03-01,CIPLA,,,795,800.5,782,789.8,2748271,2172842111.6
2021-03-02,CIPLA,,,792.6,815,790.8,811.8,4275166,3435846455.75
2021-03-03,CIPLA,,,817.95,818.15,807.6,812.5,3265559,2652563520.35
2021-03-04,CIPLA,,,807.4,818,803.7,806.75,3640996,2948688564.1
2021-03-05,CIPLA,,,806.5,812,800.25,805.15,3832170,3093115422
2021-03-08,CIPLA,,,807.95,819,806.2,809.25,2915298,2372171350.6
2021-03-09,CIPLA,,,812.6,816.7,792.1,797,2783825,2232225189
2021-03-10,CIPLA,,,806,814.75,801,812.4,2512573,2029319225.35
2021-03-12,CIPLA,,,816.5,818.7,802,805.95,2082799,1689289459.9
2021-03-15,CIPLA,,,807.9,808.9,790,805.5,2651062,2119201259.75
2021-03-16,CIPLA,,,805.1,808.5,787,792.3,3671229,2919573057.3
2021-03-17,CIPLA,,,794.8,794.8,770,772.15,3246092,2529602963.75
2021-03-18,CIPLA,,,776,778.45,750.85,755.15,2894624,2209261613.7
2021-03-19,CIPLA,,,751,767.25,738.1,760.65,5262000,3985174228.6
2021-03-22,CIPLA,,,762,784.6,758.7,772.85,3563266,2759513577.6
2021-03-23,CIPLA,,,775,779.4,768.4,776.1,2118532,1641558986.6
2021-03-24,CIPLA,,,777.8,798.7,772.65,792.95,6904173,5453024598.75
2021-03-25,CIPLA,,,796.9,802.3,783.3,787.25,5292130,4191119320.2
2021-03-26,CIPLA,,,791,799,781.25,787.45,2934548,2316946351.35
2021-03-30,CIPLA,,,790.25,815.9,790.25,812.2,4453933,3598929231.55
2021-03-31,CIPLA,,,811,823.95,805,815.1,3075406,2513459042.65
2021-04-01,CIPLA,,,819.5,824,811.6,818.3,1910949,1563771915.3
2021-04-05,CIPLA,,,825,827,806.1,819.75,2920638,2382108657.4
2021-04-06,CIPLA,,,824,845,821.85,836.15,4569120,3808341443.75
2021-04-07,CIPLA,,,836.15,844.9,830.25,840.85,2404472,2018308718.8
2021-04-08,CIPLA,,,843,850.45,838.4,842,2459821,2077988300.3
2021-04-09,CIPLA,,,840.9,892.3,836.65,883.05,11189432,9793506835.2
2021-04-12,CIPLA,,,890,940,879.15,902.4,30141861,27544017319.3
2021-04-13,CIPLA,,,921.95,932.6,878.3,885.2,11667200,10497456751.45
2021-04-15,CIPLA,,,898.8,925.4,883.9,914.2,13218002,12056725127.15
2021-04-16,CIPLA,,,919.75,944.25,910.9,938.05,13746268,12778681124.65
2021-04-19,CIPLA,,,945.25,955,924,946.3,17805574,16837930206.45
2021-04-20,CIPLA,,,965.1,966.35,941.1,949.3,10205616,9713696400.95
2021-04-22,CIPLA,,,958.8,963.15,938.85,944.35,8522208,8111022828.8
2021-04-23,CIPLA,,,944.35,952.85,922.75,935.6,7972589,7449235489.55
2021-04-26,CIPLA,,,935.6,940,902.15,905.4,10255697,9374884792.95
2021-04-27,CIPLA,,,913,919.5,901,912.4,5669049,5154419938
2021-04-28,CIPLA,,,914.35,918,902.95,910.2,7251009,6597970442.4
2021-04-29,CIPLA,,,911.95,917.4,904,906.5,4953091,4508420763.5
2021-04-30,CIPLA,,,900.75,921,900.75,910.35,6459737,5887824394.6
2021-05-03,CIPLA,,,919.1,924.4,906.4,910.2,6330144,5781867441.8
2021-05-04,CIPLA,,,912.9,912.9,876,878.45,8347795,7420006578.45
2021-05-05,CIPLA,,,885,899,869,888.65,10491085,9303661589.95
2021-05-06,CIPLA,,,907,916.7,880.9,884.3,17973153,16123111016.1
2021-05-07,CIPLA,,,893,895.5,877,882.9,5479029,4855658305.15
2021-05-10,CIPLA,,,892.5,906.45,877.5,900.25,8379304,7499686193.75
2021-05-11,CIPLA,,,899.95,905.95,888.2,890.9,5864464,5250538515.4
2021-05-12,CIPLA,,,889.3,906.75,884.3,898.6,5224240,4684534170.7
2021-05-14,CIPLA,,,909,921,900.8,904.05,15048471,13691719072.4
2021-05-17,CIPLA,,,895,905,870,881.2,14122085,12441867926.35
2021-05-18,CIPLA,,,887,888.35,878.45,884.4,5129966,4528406343.65
2021-05-19,CIPLA,,,887.85,905.95,881,903.95,7242643,6496193950.15
2021-05-20,CIPLA,,,906,927.9,905,924.2,12378690,11384763445.3
2021-05-21,CIPLA,,,930,935,922.3,926.9,6740711,6254010392.05
2021-05-24,CIPLA,,,931,945.5,926.15,931.25,6420035,6006138969.55
2021-05-25,CIPLA,,,939.65,940,930,935.6,3695242,3455668350.1
2021-05-26,CIPLA,,,941,951.95,939.05,945.15,5445187,5153153102.25
2021-05-27,CIPLA,,,946,948.75,934.05,942.35,6249606,5882526222.95
2021-05-28,CIPLA,,,940.2,947.35,931,934.35,2156991,2024194805.95
2021-05-31,CIPLA,,,934.35,951,924,949.35,3183414,2991406194.2
2021-06-01,CIPLA,,,952,958,943.55,946.45,2904962,2758456829.45
2021-06-02,CIPLA,,,946.45,960.5,946.45,954.7,2449102,2338416797.45
2021-06-03,CIPLA,,,955,959.7,946,948.25,2258695,2147146199.85
2021-06-04,CIPLA,,,948,951.5,936.5,946.4,3057699,2888184104
2021-06-07,CIPLA,,,951.75,951.75,937.55,939.8,2028426,1908704305.7
2021-06-08,CIPLA,,,939.8,955,931.85,953.75,2278534,2152771347
2021-06-09,CIPLA,,,954.8,975,950.2,958.65,5498857,5299693413.95
2021-06-10,CIPLA,,,960.95,975,960,974.2,4754350,4620451961.55
2021-06-11,CIPLA,,,975,982.3,965.5,967.85,3480545,3386007127.95
2021-06-14,CIPLA,,,972.7,979,957,976.15,2377279,2311888311.3
2021-06-15,CIPLA,,,975,978.85,967.15,969.7,1289684,1252919618.95
2021-06-16,CIPLA,,,969,971.15,953.8,956.75,1684500,1621466742.55
2021-06-17,CIPLA,,,955,959.75,943.5,950.95,2429291,2309333574.15
2021-06-18,CIPLA,,,950.95,967.65,945.35,960.9,4978288,4771662460.95
2021-06-21,CIPLA,,,958,962.7,950.5,960.15,1625660,1557370254.25
2021-06-22,CIPLA,,,956.2,960.9,949.15,955.85,2344400,2235572086.35
2021-06-23,CIPLA,,,956,966,954.2,957.75,1807471,1734271981.95
2021-06-24,CIPLA,,,957.8,958.7,944,950.9,1769651,1680843480
2021-06-25,CIPLA,,,951,961,948.95,957.1,2134441,2036948441.8
2021-06-28,CIPLA,,,962,971.35,957.1,963.05,1759671,1699502701.15
2021-06-29,CIPLA,,,964,989,960.05,979.6,4300755,4193722856.25
2021-06-30,CIPLA,,,992.2,997,969.15,971.9,7195632,7050763123.65
2021-07-01,CIPLA,,,977.2,980,967.2,978.1,2291137,2232692730.9
2021-07-02,CIPLA,,,981.85,985.8,975.1,979.2,1421148,1392378427.7
2021-07-05,CIPLA,,,979.3,983.85,973.1,974.7,1286458,1257632086.15
2021-07-06,CIPLA,,,975,975,964.75,969.1,1157576,1122023322.65
2021-07-07,CIPLA,,,968,968.95,961,965.2,1740439,1679471630.65
2021-07-08,CIPLA,,,965.5,968,944.8,950.65,1662518,1585723050.55
2021-07-09,CIPLA,,,952,965.6,949.95,959.8,1301555,1246928587.05
2021-07-12,CIPLA,,,960,967.95,955.85,959.85,1122802,1078017587.9
2021-07-13,CIPLA,,,962.2,969.85,956.05,965.65,1317621,1271451049.5
2021-07-14,CIPLA,,,961.1,978.4,961.1,977.15,1729994,1681374523.9
2021-07-15,CIPLA,,,979,981,972.05,973.6,979315,954971862.9
2021-07-16,CIPLA,,,973.6,989.9,973.6,977.15,2087320,2050559011.9
2021-07-19,CIPLA,,,972.1,983.6,971.25,974,854347,833980372.4
2021-07-20,CIPLA,,,972,974.1,952.65,955.15,1520300,1456798731
2021-07-22,CIPLA,,,958.1,958.95,946.65,949.9,1783069,1693457044.2
2021-07-23,CIPLA,,,952,957.7,946.95,948,1056183,1003691738.65
2021-07-26,CIPLA,,,948,960,947,950.55,1306026,1246292149.05
2021-07-27,CIPLA,,,952.5,958.5,909,913.1,3366104,3112523180.15
2021-07-28,CIPLA,,,921.6,921.6,886.65,889.9,5094903,4566171984.7
2021-07-29,CIPLA,,,894.35,899.95,872,883.1,4929314,4348328429.75
2021-07-30,CIPLA,,,885.1,929.9,877.75,920.05,6280365,5708902679.6
2021-08-02,CIPLA,,,928.3,933.6,913.4,921.05,2981630,2744919445.2
2021-08-03,CIPLA,,,925,929.55,918.5,928.15,2014511,1861970135.65
2021-08-04,CIPLA,,,928.15,942.5,927,939.65,2517694,2356058336.15
2021-08-05,CIPLA,,,944.2,953,932,945.4,4022548,3798462083.35
2021-08-06,CIPLA,,,939,939,909,911.3,9727673,8938116033.55
2021-08-09,CIPLA,,,912.1,920,897.4,918.65,3310964,3019666452.2
2021-08-10,CIPLA,,,920,923.8,905,912.6,2552532,2337711252.85
2021-08-11,CIPLA,,,912.9,914,891.05,909.85,2174054,1965129438.55
2021-08-12,CIPLA,,,912,916.2,903.7,905.3,2127392,1937222912.55
2021-08-13,CIPLA,,,906,910.95,892.35,894.4,2919925,2628789783.05
2021-08-16,CIPLA,,,896,901.1,886.05,888.25,1954152,1741377508.25
2021-08-17,CIPLA,,,891,906.3,889.9,904.65,3767678,3387967832.9
2021-08-18,CIPLA,,,900.2,910.7,900,908.85,2323095,2102671111
2021-08-20,CIPLA,,,908.9,909.05,887,890.85,2354874,2110237775.05
2021-08-23,CIPLA,,,898,908,888.65,898.35,2081206,1871195116.85
2021-08-24,CIPLA,,,903,919.55,897.65,917.65,2588128,2354917449.5
2021-08-25,CIPLA,,,917,923.6,905.95,912.6,1697757,1550469404.05
2021-08-26,CIPLA,,,912.6,916.75,906.3,911.3,1522032,1386995709.8
2021-08-27,CIPLA,,,913.8,925.45,907.5,923.9,1878603,1729694244.55
2021-08-30,CIPLA,,,924,936.5,920.45,934.7,2016968,1879481949.9
2021-08-31,CIPLA,,,935,949.7,930.3,947.8,2463088,2320466387.05
2021-09-01,CIPLA,,,949,954.9,920,922.85,4434153,4142225530.45
2021-09-02,CIPLA,,,927,960,923.4,955.25,3688123,3487661936.25
2021-09-03,CIPLA,,,956.1,963,930.65,941.1,3110583,2938925307.3
2021-09-06,CIPLA,,,945.85,958,942.65,950.2,1699875,1617733239.25
2021-09-07,CIPLA,,,950.2,957.3,944.05,950.5,1113880,1059125472.3
2021-09-08,CIPLA,,,948,953.15,940,951.8,1600457,1516963511.4
2021-09-09,CIPLA,,,951.15,952.1,926,949.3,3769007,3529139942
2021-09-13,CIPLA,,,946,953.9,942.55,950.45,865538,822196003.3
2021-09-14,CIPLA,,,954.8,958.35,949.6,953.15,1373821,1309479676.75
2021-09-15,CIPLA,,,955,956.6,948.3,952.95,2509424,2386687783.25
2021-09-16,CIPLA,,,954.5,964.8,950.2,954,3574908,3425360026.4
2021-09-17,CIPLA,,,960,962.5,948.05,954.05,2006356,1916692509.15
2021-09-20,CIPLA,,,953,953,929.8,938.1,2308294,2169091174.8
2021-09-21,CIPLA,,,935,959,933,956.1,2438464,2317023044.05
2021-09-22,CIPLA,,,952.25,974.25,951.65,963.5,2267730,2189476475.55
2021-09-23,CIPLA,,,965.45,970,959.5,968.1,1297533,1252228657.1
2021-09-24,CIPLA,,,969.6,983.4,960.45,967.65,1803409,1750397695.95
2021-09-27,CIPLA,,,965,970.05,952.3,962.7,1217035,1168256092.9
2021-09-28,CIPLA,,,960.5,977,950.8,971,1542732,1481583366.75
2021-09-29,CIPLA,,,970.5,1005,965.15,987.6,4052980,4004381540.7
2021-09-30,CIPLA,,,988,999.75,976.35,983.55,2312926,2279038375.3
2021-10-01,CIPLA,,,980,991.9,973.1,986.2,1948517,1918008766.3
2021-10-04,CIPLA,,,986,996.95,954.9,957.5,4097873,3987056479.15
2021-10-05,CIPLA,,,961.8,961.9,928.45,934.55,4986700,4670891194.8
2021-10-06,CIPLA,,,935.55,938.55,911.15,913.45,2615582,2420866484.5
2021-10-07,CIPLA,,,920,922.25,898,916.05,7008049,6356671815.45
2021-10-08,CIPLA,,,923,929.45,911.65,917.1,2075219,1909632314.35
2021-10-11,CIPLA,,,922.8,923.15,910,913.75,1449593,1327358962.05
2021-10-12,CIPLA,,,913.5,924.7,907.85,915.95,1164581,1066214759.65
2021-10-13,CIPLA,,,921.65,924.45,912.05,913.5,1821818,1668179262.65
2021-10-14,CIPLA,,,917.45,920.5,909.9,911.35,913675,835944053.65
2021-10-18,CIPLA,,,911.35,915.9,899.5,903.75,1913667,1730634688
2021-10-19,CIPLA,,,906,917.3,903.25,906.2,1360282,1236860557.8
2021-10-20,CIPLA,,,905,912.7,900,905.9,1941581,1759872317.65
2021-10-21,CIPLA,,,914.45,917.9,901.6,911.55,2723509,2477743225.75
2021-10-22,CIPLA,,,911.55,915,889.35,896.35,1360319,1223567884.7
2021-10-25,CIPLA,,,895.9,913,890,901.85,1901039,1718745301.55
2021-10-26,CIPLA,,,908.9,914.15,900,907.5,1405411,1273859319.8
2021-10-27,CIPLA,,,916.95,926.9,902.45,922.5,5111161,4696031271.25
2021-10-28,CIPLA,,,922.4,928.55,886.3,891.75,2224983,2015703147.7
2021-10-29,CIPLA,,,893,917,885.25,905.05,2783659,2514980496.15
2021-11-01,CIPLA,,,917,918.55,902.2,909.25,986133,896863172.4
2021-11-02,CIPLA,,,910,912.85,900.5,903.4,1038025,939131910.5
2021-11-03,CIPLA,,,909.55,914.7,903.7,912.65,1275433,1159566456.95
2021-11-08,CIPLA,,,917.95,917.95,898.7,913.7,860650,781699081.3
2021-11-09,CIPLA,,,913,925,909.65,914.15,843911,773611654.55
2021-11-10,CIPLA,,,910,924.5,910,912.45,1597922,1466401702.8
2021-11-11,CIPLA,,,912.45,912.45,896,904.9,1180372,1065206173.6
2021-11-12,CIPLA,,,910.8,917,905,915.95,936613,853643730
2021-11-15,CIPLA,,,915,939.85,910.1,938.15,2615304,2436276134.8
2021-11-16,CIPLA,,,943.15,943.9,919,921.75,1925000,1791187946.5
2021-11-17,CIPLA,,,921.75,921.75,901,905.35,1996857,1813660169.6
2021-11-18,CIPLA,,,905.3,907,891,892.3,1009418,904373626.95
2021-11-22,CIPLA,,,893,909,883,895.4,1443344,1292701285.25
2021-11-23,CIPLA,,,891.7,918.55,890,910.6,1820473,1649941955.25
2021-11-24,CIPLA,,,911,915.4,891.35,893.45,1392190,1253913818.65
2021-11-25,CIPLA,,,894,902.45,884,899.95,1325422,1185921377.15
2021-11-26,CIPLA,,,892,976.05,890.65,966.7,14458893,13809087476.6
2021-11-29,CIPLA,,,974,998,956,965,8303735,8082801188.1
2021-11-30,CIPLA,,,965,984,958.6,971.3,4771579,4635931811
2021-12-01,CIPLA,,,980.75,986.7,921.85,928.15,3879683,3692550554.7
2021-12-02,CIPLA,,,937.95,937.95,917.5,921.25,2749084,2543008979.75
2021-12-03,CIPLA,,,930,930,908.3,912.05,2388529,2182018533.85
2021-12-06,CIPLA,,,915.1,915.8,892.5,894.95,1573419,1416702774.95
2021-12-07,CIPLA,,,898.3,898.3,884,889.25,2471419,2197892033.65
2021-12-08,CIPLA,,,895,902,890.3,897.95,1663728,1490102933
2021-12-09,CIPLA,,,900,902,890.05,894.5,1645541,1470610235
2021-12-10,CIPLA,,,895,901,891,893.9,947538,849020851.8
2021-12-13,CIPLA,,,895.2,903,886.55,891.3,1785608,1595992312
2021-12-14,CIPLA,,,893.5,907.85,891,895.6,2651452,2381955856.55
2021-12-15,CIPLA,,,896.2,901.85,891.7,895.7,1192775,1070193390.6
2021-12-16,CIPLA,,,903.5,903.5,878.25,881,2280037,2022270499.8
2021-12-17,CIPLA,,,882,884.5,850,860.2,2824703,2435677637.9
2021-12-20,CIPLA,,,864,898.45,861.1,893.8,8501360,7506896610.65
2021-12-21,CIPLA,,,893.8,897.4,882.05,886.75,2301316,2045474240.7
2021-12-22,CIPLA,,,889,893.85,880.95,889.7,1271710,1127957146.55
2021-12-23,CIPLA,,,892,912.5,891.25,909.75,1970110,1782086387
2021-12-24,CIPLA,,,910.2,912.9,901.8,908.3,1114033,1010878373.9
2021-12-27,CIPLA,,,912.9,933.15,910.15,930.25,4596248,4246607947.1
2021-12-28,CIPLA,,,932,936.3,923.05,933.3,1907169,1776806717.35
2021-12-29,CIPLA,,,938,947.6,933.25,935.55,2687014,2528777392.1
2021-12-30,CIPLA,,,937,955,936.1,952.75,1729705,1638223753.35
2021-12-31,CIPLA,,,955,957.25,942,944.1,2039044,1931756153.7
2022-01-03,CIPLA,,,947.05,947.9,925.8,930.5,2013140,1876074732.6
2022-01-04,CIPLA,,,937.45,937.45,920.25,924.25,1238138,1145801164.25
2022-01-05,CIPLA,,,926.5,931.8,919,928.55,1407995,1304814825.15
2022-01-06,CIPLA,,,928.55,935.95,919.3,922,1384402,1280948303.75
2022-01-07,CIPLA,,,926.4,926.65,913.35,914.75,1546099,1418070080.5
2022-01-10,CIPLA,,,914.75,917.85,908.65,916.2,1637506,1498403051.05
2022-01-11,CIPLA,,,917.5,921.75,913,915.95,1578147,1448092556.25
2022-01-12,CIPLA,,,918.4,918.4,901.2,906.2,2090537,1896107883.85
2022-01-13,CIPLA,,,912,929.15,908.7,924.05,2739659,2524848815.65
2022-01-14,CIPLA,,,926.05,933,916.3,921.5,2321761,2146773130.25
2022-01-17,CIPLA,,,915.6,920.2,909,910.2,1058857,966414277.2
2022-01-18,CIPLA,,,910.2,914.6,898.45,902.15,1830577,1652450551.9
2022-01-19,CIPLA,,,900.05,901.6,885.1,895.65,1413292,1263729868.4
2022-01-20,CIPLA,,,895,899.9,880.05,882.35,1614683,1430371986.7
2022-01-21,CIPLA,,,880,880,860,867.45,1669132,1449284375.3
2022-01-24,CIPLA,,,871.5,895,867.45,892.1,4992078,4424880210.15
2022-01-25,CIPLA,,,891.4,909,881.1,905.65,2322693,2083922857.5
2022-01-27,CIPLA,,,901,931.5,887,927.6,7859401,7211461430.65
2022-01-28,CIPLA,,,926.55,942,917.45,932.25,2428175,2272625991.9
2022-01-31,CIPLA,,,939,950,930.65,945,2008278,1898635867.45
2022-02-01,CIPLA,,,948,959,938.8,946.4,2033319,1932680586.2
2022-02-02,CIPLA,,,945.5,958.5,944.75,951.8,1735750,1651207781.8
2022-02-03,CIPLA,,,953,957,944.55,952.75,1116446,1062895506.5
2022-02-04,CIPLA,,,951.25,957.75,940,946.1,1428601,1352092015.3
2022-02-07,CIPLA,,,946.2,947,927.05,933.3,949273,886985612.55
2022-02-08,CIPLA,,,933.3,951,931.1,948.05,1812035,1709761919.5
2022-02-09,CIPLA,,,954.8,972.5,950.25,968.25,2513281,2425926231.65
2022-02-10,CIPLA,,,969,977.35,963,975.05,2044733,1989647801
2022-02-11,CIPLA,,,956.5,976.05,953,958.5,1292417,1239248396.3
2022-02-14,CIPLA,,,947,962.9,938.85,954.9,2346622,2241063962.2
2022-02-15,CIPLA,,,916.55,938.8,912.3,921.85,8304774,7667021468.5
2022-02-16,CIPLA,,,938,940.25,920.1,933.1,2480569,2302097695.4
2022-02-17,CIPLA,,,934.8,955.5,925.7,928.2,2843010,2674911817.35
2022-02-18,CIPLA,,,927.5,929.85,903.05,909.1,3643338,3313277878.3
2022-02-21,CIPLA,,,903.1,913.7,896,907.25,1860041,1687081089.7
2022-02-22,CIPLA,,,893.2,918,890.75,913.4,1884736,1705441412.75
2022-02-23,CIPLA,,,915.25,921.3,910.25,914.9,1399309,1282023551.1
2022-02-24,CIPLA,,,899.8,908.75,888.15,895.8,2003438,1797191538.3
2022-02-25,CIPLA,,,903,926.7,890.95,923.65,2825642,2574219777.65
2022-02-28,CIPLA,,,920.05,929.95,911,925.05,1534018,1417174052.25
2022-03-02,CIPLA,,,911.1,931.3,911.1,923.1,3276260,3020863620.75
2022-03-03,CIPLA,,,925,945,919.55,934.9,2622469,2455686571.95
2022-03-04,CIPLA,,,929,941,920.25,931.2,2453781,2291440069
2022-03-07,CIPLA,,,921.9,946,917.05,941.15,2604231,2433071165.15
2022-03-08,CIPLA,,,938,977,935.4,969.55,5826939,5602905969.55
2022-03-09,CIPLA,,,969.55,987.55,960.05,981.55,3501351,3429356796.05
2022-03-10,CIPLA,,,982.05,992.9,975,987.05,4146797,4084946701
2022-03-11,CIPLA,,,984.25,1053.75,981.35,1043.95,11106725,11367099739.15
2022-03-14,CIPLA,,,1045,1058,1036.75,1048.65,5590771,5851719161
2022-03-15,CIPLA,,,1045,1083,1045,1068.05,7945333,8490093362.2
2022-03-16,CIPLA,,,1077,1078,1049.15,1055.8,3379138,3569307835.5
2022-03-17,CIPLA,,,1056,1066.4,1045.7,1048.5,3712730,3905491242.05
2022-03-21,CIPLA,,,1067.8,1071,1049.1,1050.3,2039889,2158131933.75
2022-03-22,CIPLA,,,1045,1049.25,1024,1032.6,2269544,2344557834.85
2022-03-23,CIPLA,,,1044.9,1044.9,1011.25,1014.45,2781735,2854177182.25
2022-03-24,CIPLA,,,1014,1040.1,1001.75,1029,3344649,3421946129.75
2022-03-25,CIPLA,,,1033.3,1033.3,1006,1013.5,1680031,1702866368.35
2022-03-28,CIPLA,,,1022,1044.25,1008.9,1017.1,3847112,3930685238
2022-03-29,CIPLA,,,1020.2,1041,1020.2,1038.85,3194089,3300248645.5
2022-03-30,CIPLA,,,1043,1054.8,1025.2,1028.95,3083750,3199804897.5
2022-03-31,CIPLA,,,1030,1035,1013.6,1018.05,1976418,2012893683.05
2022-04-01,CIPLA,,,1023,1025.9,1006,1014.85,1285646,1303550557.95
2022-04-04,CIPLA,,,1018,1029.65,1003.45,1027.8,1665075,1692948087.3
2022-04-05,CIPLA,,,1035,1036,1017,1021.45,1596381,1637171801.35
2022-04-06,CIPLA,,,1014,1033.85,1014,1029,1487844,1527023169.05
2022-04-07,CIPLA,,,1036,1062.65,1032.3,1036.7,3496357,3655977298.25
2022-04-08,CIPLA,,,1038.45,1038.45,1005,1011.6,3001682,3038098105.1
2022-04-11,CIPLA,,,1012,1028.3,1011.6,1025.5,2094493,2136520894.2
2022-04-12,CIPLA,,,1021.5,1031.7,1013,1027.25,2746930,2808784584.65
2022-04-13,CIPLA,,,1031,1033.8,1012.2,1016.6,1890795,1929358658
2022-04-18,CIPLA,,,1016.6,1035,1010.1,1027.85,2092141,2137326607.9
2022-04-19,CIPLA,,,1034.7,1038.9,980.35,1000.3,1813890,1843246102.75
2022-04-20,CIPLA,,,1001.9,1015,990.05,1012.05,1796999,1807782815.5
2022-04-21,CIPLA,,,1016.05,1020,996.7,998.55,1526774,1530871143.3
2022-04-22,CIPLA,,,998,998.55,959,967,2455188,2390481524.85
2022-04-25,CIPLA,,,957.1,963,946.3,953.15,1309361,1249097758.95
2022-04-26,CIPLA,,,958.15,980.6,957.05,978.4,1806747,1759197146.45
2022-04-27,CIPLA,,,965.2,980.25,964,977.75,1033333,1005452058.1
2022-04-28,CIPLA,,,988,990.6,977.95,981.2,1840948,1809619521.9
2022-04-29,CIPLA,,,981.3,994.9,976.5,981.2,1972427,1941726069.4
2022-05-02,CIPLA,,,979,989.75,971.8,976.6,1767117,1732230238.05
2022-05-04,CIPLA,,,977.5,983,947.05,957.55,2086372,1997137868.65
2022-05-05,CIPLA,,,959.95,967.2,944,948.4,2161283,2067907778.5
2022-05-06,CIPLA,,,937.8,946.35,925.4,934.75,1828238,1708987304.4
2022-05-09,CIPLA,,,934.75,942,922,938.3,2047297,1914514026.55
2022-05-10,CIPLA,,,930,939.6,918.55,926.15,1662201,1540884213.15
2022-05-11,CIPLA,,,912,942.6,904.25,937.6,5296875,4908463779.15
2022-05-12,CIPLA,,,935,937,915.5,920.75,2242769,2072913945.55
2022-05-13,CIPLA,,,924.1,940.1,922.2,934.6,1734146,1616981013.6
2022-05-16,CIPLA,,,926.05,945,926.05,933.4,1456551,1362462159.7
2022-05-17,CIPLA,,,935,941.05,916.2,938,2301253,2133385049.9
2022-05-18,CIPLA,,,945.8,961.2,941.35,957.1,2580102,2460425202.05
2022-05-19,CIPLA,,,940,953.95,934.4,938,1198917,1131193590.4
2022-05-20,CIPLA,,,950,982.6,939,978.4,2594816,2525106057.3
2022-05-23,CIPLA,,,978.8,987.7,966.45,970.05,1220231,1193425804.75
2022-05-24,CIPLA,,,977,977.7,961.75,970.4,1622192,1574699969.6
2022-05-25,CIPLA,,,972.4,985.9,969.45,971.85,1950710,1904489275.8
2022-05-26,CIPLA,,,972.1,977.35,960.25,964.55,1630614,1576144756.7
2022-05-27,CIPLA,,,970.1,977.8,960,966.35,1249374,1207828304.9
2022-05-30,CIPLA,,,968.4,992,968,986.8,2171285,2142001936.9
2022-05-31,CIPLA,,,988.9,1004.9,978.7,992.95,4874664,4842325513.75
2022-06-01,CIPLA,,,994.5,998.65,980.35,983.55,1285579,1270524433.35
2022-06-02,CIPLA,,,977.5,1006.85,977.5,987.1,2639988,2615276578.7
2022-06-03,CIPLA,,,990.05,998.75,957.15,960.95,1057504,1029082395.85
2022-06-06,CIPLA,,,960.95,979.7,960.5,976.05,1412548,1375555391.4
2022-06-07,CIPLA,,,971.55,979.65,962,972.75,1759986,1709654534.25
2022-06-08,CIPLA,,,972,976.05,956.9,962.95,1874689,1806809744.9
2022-06-09,CIPLA,,,962.9,974.3,955,971.95,1405851,1360253367.65
2022-06-10,CIPLA,,,960,971.6,960,966.8,776457,750198088.3
2022-06-13,CIPLA,,,955,984.75,947.8,954.75,3016612,2914947660.45
2022-06-14,CIPLA,,,955,970.8,950.8,964.7,1570434,1508452888.75
2022-06-15,CIPLA,,,965,974.9,964,968.8,1112618,1078384642.95
2022-06-16,CIPLA,,,976,977.75,927.8,940.95,1898194,1791196787.55
2022-06-17,CIPLA,,,932.2,944.55,910.8,914.75,2715476,2501707078.8
2022-06-20,CIPLA,,,914.75,928.15,902,925.85,942685,863392022
2022-06-21,CIPLA,,,927.1,944.45,927.1,938.2,521963,489678816.7
2022-06-22,CIPLA,,,931,945,912.8,916.9,1698830,1571263428.95
2022-06-23,CIPLA,,,917,937.3,914.4,933.35,615616,571700741.25
2022-06-24,CIPLA,,,933,943.5,930,933.7,722838,676690676.8
2022-06-27,CIPLA,,,936,946.4,930.55,932.35,846797,793832936.1
2022-06-28,CIPLA,,,935,947.8,921.85,945.1,931109,869757009.65
2022-06-29,CIPLA,,,937.05,961.9,922.9,947.65,2455089,2304266939.6
2022-06-30,CIPLA,,,944,944,911.4,917.2,2433648,2243617850.55
2022-07-01,CIPLA,,,911.2,956.05,911.2,949.3,1793834,1677601214.5
2022-07-04,CIPLA,,,944.6,950,928.5,930.65,1004832,939144464.05
2022-07-05,CIPLA,,,935,949.65,930.25,937.4,1532205,1442646149.65
2022-07-06,CIPLA,,,940,950,933.15,945.6,1390651,1309126077.35
2022-07-07,CIPLA,,,950.35,950.35,933.3,935.25,1390277,1306481442.4
2022-07-08,CIPLA,,,942.25,942.25,927.85,935.45,1072803,1001580960.45
2022-07-11,CIPLA,,,938,950,927.05,947.55,1037956,975511952.7
2022-07-12,CIPLA,,,941.9,947.35,934,935.75,672406,632590824.45
2022-07-13,CIPLA,,,940.45,958.9,932.15,953.35,1511059,1436228925.1
2022-07-14,CIPLA,,,953.4,968.65,945.15,951.15,1713101,1641087009.25
2022-07-15,CIPLA,,,963,968,951.5,966.05,1046876,1004939563.85
2022-07-18,CIPLA,,,971.65,975.4,960.05,967.35,846036,817600379.15
2022-07-19,CIPLA,,,958.2,974,955.4,960.65,1162631,1119996648.95
2022-07-20,CIPLA,,,965.7,982.95,958.85,981.5,1627220,1589029751.4
2022-07-21,CIPLA,,,985,989.5,966.35,968.5,1681422,1645265486.2
2022-07-22,CIPLA,,,973.5,976.5,967.5,972.1,977238,949927569.45
2022-07-25,CIPLA,,,976,979.8,955.05,959.8,1024751,989541022.35
2022-07-26,CIPLA,,,959.95,962,944.5,955.7,988405,942892891.95
2022-07-27,CIPLA,,,956.9,976.25,951.8,974.05,904733,876211123.7
2022-07-28,CIPLA,,,977,978.95,964.2,967.45,1043837,1012154540
2022-07-29,CIPLA,,,973.7,983.95,953,977.4,2941566,2846900977.55
2022-08-01,CIPLA,,,990,1031,988.3,1004.55,4647912,4680105149.3
2022-08-02,CIPLA,,,1003.65,1006.1,992,1004.2,1184696,1182772034.75
2022-08-03,CIPLA,,,1010,1028.75,1004.5,1011.85,4052763,4128147189.1
2022-08-04,CIPLA,,,1017.8,1046.9,1015,1044.5,2865077,2962333438.8
2022-08-05,CIPLA,,,1040,1045.95,1032,1034.2,1561405,1620110722.85
2022-08-08,CIPLA,,,1036.2,1039.5,1024.1,1029.55,767289,789468930
2022-08-10,CIPLA,,,1035.55,1046.3,1029.05,1038.35,1293683,1339435119.65
2022-08-11,CIPLA,,,1040.5,1049,1035,1038.4,838963,873151407.2
2022-08-12,CIPLA,,,1043.6,1043.6,1022.35,1027.15,1140717,1175479039
2022-08-16,CIPLA,,,1027.15,1036,1025.25,1034.55,776409,800720581.95
2022-08-17,CIPLA,,,1039.75,1042.95,1024.2,1025.75,1102323,1134149854
2022-08-18,CIPLA,,,1028.5,1034.05,1007.35,1032.2,1201720,1226134429.35
2022-08-19,CIPLA,,,1029.05,1036.6,1020.1,1030.1,654004,672453102.25
2022-08-22,CIPLA,,,1016,1029.85,1015.5,1022.55,993053,1015166744.05
2022-08-23,CIPLA,,,1010.2,1046.8,1010.2,1040.65,1868332,1939743984.55
2022-08-24,CIPLA,,,1041,1053.85,1026.05,1037.35,1562062,1621325688
2022-08-25,CIPLA,,,1043.95,1043.95,1020.55,1025.75,1112617,1145455831.9
2022-08-26,CIPLA,,,1030.9,1035.7,1018.5,1020.8,1264070,1296870143
2022-08-29,CIPLA,,,1000,1024,991.3,1017.3,1305557,1321334773.65
2022-08-30,CIPLA,,,1018.5,1042.2,1016.1,1038.45,1571042,1620565965.35
2022-09-01,CIPLA,,,1026,1044.25,1019.4,1023,1528731,1575963554.85
2022-09-02,CIPLA,,,1024,1031.2,1012.05,1015.6,1655229,1686212565.4
2022-09-05,CIPLA,,,1012.5,1030.45,1012,1025.65,1275368,1307698595.95
2022-09-06,CIPLA,,,1025,1042,1024.9,1040.85,1369910,1421964250.3
2022-09-07,CIPLA,,,1033.85,1061.85,1033,1051.5,2471263,2590707437.55
2022-09-08,CIPLA,,,1058.5,1059.75,1044,1056.05,1755391,1844633274.25
2022-09-09,CIPLA,,,1060,1065.95,1055,1058.3,1092235,1158278239.85
2022-09-12,CIPLA,,,1058.3,1068.5,1057.1,1064.75,936787,996760501.95
2022-09-13,CIPLA,,,1057.05,1063,1052.65,1058.9,1144685,1211045249.35
2022-09-14,CIPLA,,,1040,1068,1040,1059.95,998799,1060495698
2022-09-15,CIPLA,,,1060,1062.95,1028.5,1033.3,927244,961754113.55
2022-09-16,CIPLA,,,1038.5,1060,1034,1043.5,2850439,2989580320.6
2022-09-19,CIPLA,,,1043.95,1043.95,1015,1036.3,2073673,2133488867.65
2022-09-20,CIPLA,,,1041.5,1097.55,1039.5,1092.3,2491392,2682909938.3
2022-09-21,CIPLA,,,1100,1101.85,1064.25,1070.4,2283817,2474746100.75
2022-09-22,CIPLA,,,1061.15,1071.8,1051,1061.9,1634304,1731832814.25
2022-09-23,CIPLA,,,1067.25,1093,1063.25,1068.1,3268298,3515591971.95
2022-09-26,CIPLA,,,1065.7,1081.2,1050.85,1065.65,1219450,1301898595.4
2022-09-27,CIPLA,,,1070.95,1104.9,1069,1098.7,2343041,2546523944.3
2022-09-28,CIPLA,,,1101,1117.7,1087.65,1097.15,3450534,3797537361.6
2022-09-29,CIPLA,,,1100.55,1121.65,1088.1,1115.85,2093772,2326318353.65
2022-09-30,CIPLA,,,1119.75,1128,1105.05,1114.95,1834565,2048875595.95
2022-10-03,CIPLA,,,1116.8,1144.9,1115,1130.75,2601710,2951089027
2022-10-04,CIPLA,,,1138.85,1147.5,1133,1144.65,1911413,2184862277.1
2022-10-06,CIPLA,,,1150.4,1150.4,1124,1134.45,1561938,1768557042.25
2022-10-07,CIPLA,,,1135,1147.2,1129.05,1130.5,1182984,1343774079.45
2022-10-10,CIPLA,,,1110,1131.5,1110,1118.85,1583891,1772376720.75
2022-10-11,CIPLA,,,1121.8,1127.15,1103.8,1110.1,1538943,1713252438.2
2022-10-12,CIPLA,,,1111.6,1118.05,1099.2,1108.45,1231143,1363581483.4
2022-10-13,CIPLA,,,1108.4,1127.85,1101.1,1103.65,1438932,1599425304.25
2022-10-14,CIPLA,,,1115.1,1120,1105.4,1108.9,1131139,1258168946.25
2022-10-17,CIPLA,,,1108,1113.05,1098.8,1108.15,1076392,1191241817.8
2022-10-18,CIPLA,,,1113.7,1130.2,1110.3,1125.85,960283,1074467272.35
2022-10-19,CIPLA,,,1131.5,1145,1119.1,1122,1300144,1469653449.8
2022-10-20,CIPLA,,,1122,1142,1117,1136.8,1633570,1850453221.65
2022-10-21,CIPLA,,,1136.8,1148,1132.5,1134.75,1349759,1536576006.85
2022-10-25,CIPLA,,,1147,1164.85,1146.9,1155.9,2210622,2554418577.65
2022-10-27,CIPLA,,,1169.95,1180.1,1156.3,1165.9,2359658,2754838950.45
2022-10-28,CIPLA,,,1169,1171.8,1151,1155.2,1087865,1263980513.25
2022-10-31,CIPLA,,,1161,1177.85,1159.05,1167.4,1554670,1814955555.05
2022-11-01,CIPLA,,,1167.5,1185.25,1163.6,1173.4,1491658,1751891227.7
2022-11-02,CIPLA,,,1173.55,1178.4,1156.2,1159.25,1479828,1724085129.4
2022-11-03,CIPLA,,,1152.2,1176,1151.1,1163.1,1992697,2322268998.2
2022-11-04,CIPLA,,,1167.85,1175.25,1141,1146.1,1712836,1982549493.8
2022-11-07,CIPLA,,,1146.1,1152,1116.5,1130.9,2006468,2262657726.15
2022-11-09,CIPLA,,,1141.1,1154.95,1125,1129.4,2068940,2354935351.7
2022-11-10,CIPLA,,,1130,1152,1119,1122.3,2028565,2298330216.6
2022-11-11,CIPLA,,,1130,1143.85,1116.65,1121.4,1513809,1708391697.65
2022-11-14,CIPLA,,,1124.5,1133.6,1118.2,1129.5,1501491,1688467384.25
2022-11-15,CIPLA,,,1134.95,1134.95,1110.85,1118.75,1262746,1413885155.95
2022-11-16,CIPLA,,,1120.95,1136.45,1117.25,1121.2,1649021,1854353594.15
2022-11-17,CIPLA,,,1125,1132.45,1116.45,1119.5,1270387,1428474639.45
2022-11-18,CIPLA,,,1124,1127.05,1099.45,1102.4,1486381,1648144236.4
2022-11-21,CIPLA,,,1104.95,1108.2,1093.75,1104.45,1488424,1635309258.5
2022-11-22,CIPLA,,,1107.45,1109.7,1097.2,1104.1,1302811,1436643249.25
2022-11-23,CIPLA,,,1108.9,1124.55,1098.65,1108,2192276,2433219631.85
2022-11-24,CIPLA,,,1113.55,1117.65,1092.4,1095.35,2933085,3225833539.4
2022-11-25,CIPLA,,,1093.05,1107,1078.5,1105.35,1454838,1592146755.1
2022-11-28,CIPLA,,,1100,1110,1094.1,1101.75,673339,741139303.95
2022-11-29,CIPLA,,,1106,1125.85,1105,1121.15,1899345,2124086660.75
2022-11-30,CIPLA,,,1121.15,1149,1120,1139.65,2680903,3040890939.95
2022-12-01,CIPLA,,,1145,1145.2,1117,1124.9,1360439,1529806743.7
2022-12-02,CIPLA,,,1124.9,1124.9,1099,1114.35,2586376,2868789758.75
2022-12-05,CIPLA,,,1114.35,1122.55,1108.15,1115.35,1236554,1376027851
2022-12-06,CIPLA,,,1115,1117.8,1103.4,1109.6,1180968,1307804907.4
2022-12-07,CIPLA,,,1111,1122.65,1103.4,1105.3,1031921,1147265542.05
2022-12-08,CIPLA,,,1109.2,1113,1103.15,1107.5,808315,894582025.8
2022-12-09,CIPLA,,,1115,1115.85,1101.1,1107.9,994866,1103472905.75
2022-12-12,CIPLA,,,1105,1110,1093.1,1096.8,1544297,1695532976.95
2022-12-13,CIPLA,,,1096.95,1112.5,1088.2,1109.9,1282727,1412083058.8
2022-12-14,CIPLA,,,1114,1119,1106.15,1112.7,1013627,1127577322.45
2022-12-15,CIPLA,,,1111.2,1118.1,1099.35,1101.8,710477,786943208.1
2022-12-16,CIPLA,,,1096.3,1108,1086.1,1089.4,1309491,1434039604.25
2022-12-19,CIPLA,,,1090.35,1100.5,1084.45,1096.65,779326,853794600.75
2022-12-20,CIPLA,,,1096,1097.4,1088.45,1091.15,795748,867904863.25
2022-12-21,CIPLA,,,1096.1,1130,1085.65,1128,3224730,3580152673.45
2022-12-22,CIPLA,,,1135,1147.35,1117.05,1122.45,2070809,2339730636.9
2022-12-23,CIPLA,,,1121,1146.95,1113.2,1119.15,2773210,3137089076.1
2022-12-26,CIPLA,,,1127,1135,1094,1096.5,1279529,1416621693.05
2022-12-27,CIPLA,,,1094.05,1104.9,1090.1,1095.85,1209316,1326016684.95
2022-12-28,CIPLA,,,1094,1103.15,1084.1,1085.8,872940,952095374.2
2022-12-29,CIPLA,,,1086,1098,1070,1087.55,1625961,1761279044.8
2022-12-30,CIPLA,,,1094.95,1095,1073.5,1075.95,1185711,1279949729.4
2023-01-02,CIPLA,,,1080.25,1082,1063.85,1070.95,895053,956654580.05
2023-01-03,CIPLA,,,1070.05,1080.95,1066.4,1075.9,952230,1022262951
2023-01-04,CIPLA,,,1078.95,1081.95,1063.95,1066.9,1369415,1467563709.25
2023-01-05,CIPLA,,,1075,1093.2,1067.4,1088.35,1605744,1739607766.35
2023-01-06,CIPLA,,,1088.35,1093.1,1073.5,1076.35,824772,891190608.4
2023-01-09,CIPLA,,,1081.75,1096.95,1076.9,1087.45,893437,972779119.4
2023-01-10,CIPLA,,,1086.5,1090.25,1074.85,1078.7,594426,642232684.55
2023-01-11,CIPLA,,,1078.7,1083.95,1043,1047.6,2168577,2279272889.45
2023-01-12,CIPLA,,,1052.8,1064.1,1043.15,1061.15,1188988,1254775368.35
2023-01-13,CIPLA,,,1064,1070.6,1053.25,1067.75,1089004,1158186781.65
2023-01-16,CIPLA,,,1070.5,1074.7,1051,1059.6,825308,873585111.6
2023-01-17,CIPLA,,,1062.8,1071.1,1053.35,1069.1,762941,810820869.35
2023-01-18,CIPLA,,,1068.9,1072,1059.35,1063.4,1299797,1381712363.6
2023-01-19,CIPLA,,,1063.5,1069.6,1058.55,1064.85,376954,400978102.95
2023-01-20,CIPLA,,,1067,1067,1050.45,1053.45,954230,1010398483.15
2023-01-23,CIPLA,,,1053.4,1064.25,1050.7,1062.55,750581,795011566.6
2023-01-24,CIPLA,,,1065,1074.9,1055.05,1062.15,712627,759557201.5
2023-01-25,CIPLA,,,1064.9,1068.25,1020,1035.25,2226483,2310234268.1
2023-01-27,CIPLA,,,1023.25,1072.95,1023.25,1047.25,2947920,3103983698.15
2023-01-30,CIPLA,,,1057,1057,1028.5,1034.4,2118395,2200416085.4
2023-01-31,CIPLA,,,1043,1043,1007.5,1017.95,2705095,2761197668.15
2023-02-01,CIPLA,,,1019,1035.9,1015.1,1032.05,1598213,1644274760.75
2023-02-02,CIPLA,,,1026.1,1032.8,1017.3,1025.3,1291262,1322327527.4
2023-02-03,CIPLA,,,1022,1027.8,1010.5,1022.3,1617105,1649749403.75
2023-02-06,CIPLA,,,1020,1033.6,1010.15,1029.8,979035,1002096179.15
2023-02-07,CIPLA,,,1029.8,1034.85,1021.3,1031.3,965322,993408134.45
2023-02-08,CIPLA,,,1035,1041.2,1019.15,1039.1,746863,770484212.95
2023-02-09,CIPLA,,,1025.3,1044.6,1020,1021.5,1331902,1369330475.65
2023-02-10,CIPLA,,,1021,1036.85,1015.05,1033.2,1106858,1137866927.7
2023-02-13,CIPLA,,,1036,1040.6,1019,1021.95,1042379,1068188426
2023-02-14,CIPLA,,,1026.7,1032.45,1017.6,1028.35,759416,780119427.85
2023-02-15,CIPLA,,,1026.85,1033.45,1016.1,1030.8,662924,680186043.45
2023-02-16,CIPLA,,,1031.75,1038,1028.35,1035.5,667265,689734384.75
2023-02-17,CIPLA,,,1035.5,1035.75,1021.15,1025.75,1509783,1548292635.75
2023-02-20,CIPLA,,,998,998,955.25,964,5829572,5632134264.65
2023-02-21,CIPLA,,,969.8,979.1,963.5,965.95,2042234,1983934466.15
2023-02-22,CIPLA,,,966.6,972.8,959.05,962.55,1602953,1548320718.8
2023-02-23,CIPLA,,,965,967.45,956,960.3,1216409,1168773739.05
2023-02-24,CIPLA,,,961.1,966,955,961.8,1585383,1521410737.05
2023-02-27,CIPLA,,,965.6,968.6,948.65,950.2,1377270,1316810820.15
2023-02-28,CIPLA,,,945.9,945.9,903.1,906.4,5380673,4943095705.65
2023-03-01,CIPLA,,,907.8,910.25,896,899.6,3496231,3152689365.5
2023-03-02,CIPLA,,,901.95,903,884.5,886.45,1887367,1678620722.9
2023-03-03,CIPLA,,,891,892,877,878.65,1892639,1669695512.15
2023-03-06,CIPLA,,,885,885.55,869.05,880.9,4090356,3588417534.85
2023-03-08,CIPLA,,,883.7,883.8,871.1,877.25,2933956,2568995553.4
2023-03-09,CIPLA,,,877.25,896.85,877,881.75,6176157,5476011390.3
2023-03-10,CIPLA,,,879.15,884.6,871.3,881.2,1718841,1511040749.3
2023-03-13,CIPLA,,,882.6,889.1,872.15,874.8,1697362,1491754946.6
2023-03-14,CIPLA,,,873,883.7,853.85,872.05,2444217,2133016361.35
2023-03-15,CIPLA,,,875,883.4,872.6,877.95,1286900,1130509716.5
2023-03-16,CIPLA,,,881,890,876.75,883.45,2023997,1792514720.6
2023-03-17,CIPLA,,,887.35,888.4,870,874.05,2205087,1938522223.4
2023-03-20,CIPLA,,,874.05,876.9,861.8,866.7,997827,865666856.6
2023-03-21,CIPLA,,,866.8,872.4,860.6,862.35,888443,769176356.95
2023-03-22,CIPLA,,,864,866,852,863.4,1622488,1390878444.5
2023-03-23,CIPLA,,,868,870.9,861.25,869.1,1865868,1616846659.9
2023-03-24,CIPLA,,,869.1,879,866.15,877.25,3166046,2768408482.3
2023-03-27,CIPLA,,,881.05,891.35,876.05,889.3,3986238,3533455834.9
2023-03-28,CIPLA,,,891.8,894.25,886.4,889.5,3623017,3224100075.75
2023-03-29,CIPLA,,,893.95,896.6,885.35,887.7,3049688,2709159776.45
2023-03-31,CIPLA,,,888.8,902.7,886.7,900.5,2320879,2083022564.1
2023-04-03,CIPLA,,,910,910,887.05,891.45,2623264,2341048877.85
2023-04-05,CIPLA,,,889,897.35,886.3,895.75,1612376,1439869497.75
2023-04-06,CIPLA,,,899,899.75,889,893.35,1512783,1351575682.35
2023-04-10,CIPLA,,,896.95,904.5,894.2,901.85,919722,828017827.7
2023-04-11,CIPLA,,,905,908.15,902,907.15,1778775,1611312744.85
2023-04-12,CIPLA,,,909,920.9,908.2,917.95,3449942,3160470835.2
2023-04-13,CIPLA,,,921.9,923.05,912.3,915.75,1068355,978943922.9
2023-04-17,CIPLA,,,915,917.45,901.1,906.45,2604979,2357712697.45
2023-04-18,CIPLA,,,905,925.5,897,924.25,1949777,1784408058.5
2023-04-19,CIPLA,,,925.95,925.95,909,911.9,1538261,1410379910.3
2023-04-20,CIPLA,,,912,913.7,898.95,904,4446158,4021076059.35
2023-04-21,CIPLA,,,903,918.55,903,915.05,3481218,3173146386.6
2023-04-24,CIPLA,,,916,917.2,901.15,903,1784945,1614192372.85
2023-04-25,CIPLA,,,904.6,912,896.3,909.65,2440358,2209067175.95
2023-04-26,CIPLA,,,911.85,914.2,900.05,911.1,1400796,1272421777.65
2023-04-27,CIPLA,,,911.2,917.3,903,913.95,2457652,2234402342.15
2023-04-28,CIPLA,,,918.85,919,905.15,908.05,2695819,2450695003.9
2023-05-02,CIPLA,,,910.4,921,906.1,917.7,1857324,1694766414.1
2023-05-03,CIPLA,,,920.95,924.5,917,920.65,2566561,2363503209.55
2023-05-04,CIPLA,,,920.65,935.4,920.65,933.5,3393228,3155948163.4
2023-05-05,CIPLA,,,935,935.2,920.85,924.8,2262141,2093050381.4
2023-05-08,CIPLA,,,927.2,934.9,919.65,933.3,3877794,3583838199.1
2023-05-09,CIPLA,,,935,943,929.1,939.2,2657968,2491678044.5
2023-05-10,CIPLA,,,943.5,946.7,933.2,944.4,1618668,1521300967.25
2023-05-11,CIPLA,,,946.45,947,935,943.6,1537103,1448373644
2023-05-12,CIPLA,,,948.85,953,913,937.45,3850078,3628444421.25
2023-05-15,CIPLA,,,940,940,896.85,922.8,5487301,5010331712.5
2023-05-16,CIPLA,,,927.4,942.65,918.4,922.1,2964696,2758547373.85
2023-05-17,CIPLA,,,924.95,932,917,923.95,1866976,1724798436.65
2023-05-18,CIPLA,,,929,929.65,911.55,914.5,1881606,1727681954.4
2023-05-19,CIPLA,,,917,922,913,916.25,1168086,1071308384.2
2023-05-22,CIPLA,,,916.25,931.05,915.45,924.95,1402783,1298467749.3
2023-05-23,CIPLA,,,926.4,932.3,919.5,930.4,1577827,1465130219.4
2023-05-24,CIPLA,,,923.5,939.9,923.5,938,1034319,966077897.4
2023-05-25,CIPLA,,,941.45,947,935,945.45,2178211,2054166504.3
2023-05-26,CIPLA,,,945.9,952.75,940.5,951.35,1130476,1072176480.4
2023-05-29,CIPLA,,,952,959.2,945.1,956.25,1744868,1659804464.35
2023-05-30,CIPLA,,,957.6,961.5,951,959.85,1337311,1280902582.7
2023-05-31,CIPLA,,,960.2,965,942.3,953.05,3561991,3404054382.5
2023-06-01,CIPLA,,,950,966.5,946.75,964.75,1132919,1086919301.85
2023-06-02,CIPLA,,,965.9,969.65,954.65,965.85,1098485,1056789964.5
2023-06-05,CIPLA,,,970,976.9,959.15,974.8,1469770,1426322379.6
2023-06-06,CIPLA,,,972.9,974.95,964.05,972.05,2079735,2017648115.75
2023-06-07,CIPLA,,,972.95,977.9,958.5,960.45,1614117,1558541573.45
2023-06-08,CIPLA,,,964.9,969.85,963,965.4,1481632,1431357288.85
2023-06-09,CIPLA,,,966,971,959.15,969.25,717024,693113200.6
2023-06-12,CIPLA,,,973.25,973.25,955.15,959.95,1239721,1194229879.6
2023-06-13,CIPLA,,,963,983.85,957,981.5,2158120,2092014010.6
2023-06-14,CIPLA,,,981.5,981.9,972.6,978.7,1831109,1790309971.55
2023-06-15,CIPLA,,,981.95,1000,980.6,998.2,1804458,1791326970.75
2023-06-16,CIPLA,,,1000,1007.15,993.75,1006.05,1572197,1575826479.45
2023-06-19,CIPLA,,,1006.25,1017.55,999.2,1011.25,1015057,1024920371.3
2023-06-20,CIPLA,,,1013.85,1018.8,1002.6,1011.15,1413571,1427335745.35
2023-06-21,CIPLA,,,1010.2,1013.45,1002.25,1008.9,1140198,1149652533.35
2023-06-22,CIPLA,,,1003.1,1007,990.1,998.3,2852669,2852355270.6
2023-06-23,CIPLA,,,999.95,999.95,985.65,989.4,1776614,1760874541.95
2023-06-26,CIPLA,,,989.35,1025,989.35,1021.9,2313439,2345779482.45
2023-06-27,CIPLA,,,1024,1026.1,1005,1009.25,1651238,1668974708.9
2023-06-28,CIPLA,,,1007,1018.5,1004.05,1009.9,1653212,1671322021
2023-06-30,CIPLA,,,1009.9,1021.45,1005,1014.95,1963457,1991559101.45
2023-07-03,CIPLA,,,1020.5,1029.9,999,1001.8,1454455,1473355277.7
2023-07-04,CIPLA,,,1007.95,1016,996.5,1011.85,1112255,1117684725.7
2023-07-05,CIPLA,,,1017,1018.8,1005.4,1010.8,748219,757574676.85
2023-07-06,CIPLA,,,1012,1023.55,1011.4,1021.25,1236819,1259600672.75
2023-07-07,CIPLA,,,1009.45,1028.75,998.05,1020.65,1914093,1944325045.3
2023-07-10,CIPLA,,,1024,1026,1013,1016.7,1142988,1165880485.8
2023-07-11,CIPLA,,,1018.95,1033.5,1018,1027.8,814514,837158590.8
2023-07-12,CIPLA,,,1025,1032.9,1019.95,1022.2,1163653,1192078818.1
2023-07-13,CIPLA,,,1027.85,1036,1018.05,1020.7,1419223,1453976367.3
2023-07-14,CIPLA,,,1026.15,1034.8,1019.35,1030.9,787233,808754790
2023-07-17,CIPLA,,,1036.2,1039,1025.4,1032.65,1047614,1081294410.1
2023-07-18,CIPLA,,,1032.65,1035.2,1019.5,1030.8,780402,801481076.15
2023-07-19,CIPLA,,,1030,1042,1022.7,1035.8,1069988,1105439927.3
2023-07-20,CIPLA,,,1038.95,1057.9,1027,1056.55,1280545,1339417967.15
2023-07-21,CIPLA,,,1048.9,1062,1045.05,1048.95,879139,924133118.2
2023-07-24,CIPLA,,,1048.95,1053,1038,1048.95,936947,981007029
2023-07-25,CIPLA,,,1058,1061.75,1049.4,1054.75,599999,633084143.25
2023-07-26,CIPLA,,,1060,1082.05,1042.15,1068.5,1854416,1964156171.25
2023-07-27,CIPLA,,,1115,1219.4,1108.55,1171.45,14590950,16999172333.7
2023-07-28,CIPLA,,,1171.45,1190.4,1155.7,1177.8,4454009,5219977882.05
2023-07-31,CIPLA,,,1181.8,1184.75,1165.4,1175,2221571,2605777853.85
2023-08-01,CIPLA,,,1175,1187.3,1168.1,1178.35,1362536,1606688181.05
2023-08-02,CIPLA,,,1185,1185,1153.55,1168.3,1861901,2166764712.6
2023-08-03,CIPLA,,,1166.05,1178.95,1150,1165.85,2574025,2995214036.65
2023-08-04,CIPLA,,,1171,1238.7,1171,1209.75,8359856,10167455341
2023-08-07,CIPLA,,,1195,1228.5,1174.2,1223.65,2468250,2982996673.2
2023-08-08,CIPLA,,,1225,1269,1224.05,1266.45,5064238,6364737964.5
2023-08-09,CIPLA,,,1270,1271.65,1252.25,1266.05,2105178,2659280874.05
2023-08-10,CIPLA,,,1266,1277.9,1248.1,1258.95,2102129,2652940102.3
2023-08-11,CIPLA,,,1258.3,1258.8,1245,1250.2,1286301,1611197464.45
2023-08-14,CIPLA,,,1250.2,1252,1231.65,1235.6,830936,1029623880.2
2023-08-16,CIPLA,,,1231.55,1246,1226.05,1243.55,1665083,2062946874.3
2023-08-17,CIPLA,,,1235,1245.85,1226.05,1241,1855386,2289685030.45
2023-08-18,CIPLA,,,1239,1257,1231,1236.4,1292509,1607516076.25
2023-08-21,CIPLA,,,1237.45,1245.3,1230.3,1233.8,1101408,1361868648.3
2023-08-22,CIPLA,,,1233.8,1240.25,1218.05,1221,1379445,1687016099.15
2023-08-23,CIPLA,,,1252.05,1259.9,1225.05,1230.65,2562635,3166162945.95
2023-08-24,CIPLA,,,1235.2,1239.65,1217,1220.5,848018,1040499974.95
2023-08-25,CIPLA,,,1217.95,1219.9,1205,1209.4,887533,1075848330.9
2023-08-28,CIPLA,,,1212,1237,1211,1228.9,1666004,2047743842
2023-08-29,CIPLA,,,1232,1245.65,1227.3,1229.75,1209087,1492802847.15
2023-08-30,CIPLA,,,1234.7,1256.8,1231.15,1236.15,1282450,1594264096.3
2023-08-31,CIPLA,,,1240.15,1266.1,1223.2,1257.6,3103295,3864960693.05
2023-09-01,CIPLA,,,1264.9,1268.9,1239.65,1245.4,1167597,1463984134.45
2023-09-04,CIPLA,,,1250.3,1255.4,1232.55,1238.85,1126182,1395606847.45
2023-09-05,CIPLA,,,1255,1266,1235.1,1238.95,2179947,2717403122.65
2023-09-06,CIPLA,,,1246.15,1267,1242.6,1256.75,2721714,3419989336
2023-09-07,CIPLA,,,1259,1261,1245,1249.3,849621,1062064383.1
2023-09-08,CIPLA,,,1249.5,1262,1239,1244.6,787710,982411850.1
2023-09-11,CIPLA,,,1244.6,1252.75,1236.5,1247.35,1162138,1443017580.4
2023-09-12,CIPLA,,,1247.95,1259.9,1234.95,1239.8,1132283,1408271837.1
2023-09-13,CIPLA,,,1242,1250,1223.3,1228.5,1627384,2004415662.2
2023-09-14,CIPLA,,,1230,1244.25,1225,1233.75,1713142,2112644634.55
2023-09-15,CIPLA,,,1234.8,1241.95,1228.3,1235.5,1938487,2392529048.65
2023-09-18,CIPLA,,,1240.95,1257.6,1237.05,1240.55,1864030,2322728841.05
2023-09-20,CIPLA,,,1243.25,1252.6,1236,1239.7,1701959,2114968701.9
2023-09-21,CIPLA,,,1232,1240.25,1204,1206.4,1895731,2304875159.55
2023-09-22,CIPLA,,,1207.4,1209.1,1168.55,1185.9,2796199,3308010853.15
2023-09-25,CIPLA,,,1186,1197.15,1177,1179.35,1267600,1500055822.6
2023-09-26,CIPLA,,,1181,1185,1161.5,1163.65,1056359,1238033309.1
2023-09-27,CIPLA,,,1187,1189,1170.1,1180.5,2165043,2556285921.55
2023-09-28,CIPLA,,,1180.5,1185,1158.9,1164.05,1303811,1522974534
2023-09-29,CIPLA,,,1169.9,1199.2,1165,1186.15,1878381,2231452144
2023-10-03,CIPLA,,,1184,1185.7,1170.95,1182.8,1581125,1869606296.25
2023-10-04,CIPLA,,,1178.1,1185,1161.3,1167.05,999123,1169386014.9
2023-10-05,CIPLA,,,1170.1,1172.95,1155.25,1161.1,1446743,1682177658.2
2023-10-06,CIPLA,,,1165,1181.7,1160.45,1163,928951,1084715867.85
2023-10-09,CIPLA,,,1159,1166.85,1151.65,1159.5,822110,953752979.45
2023-10-10,CIPLA,,,1160.1,1163.6,1150.5,1155.05,822199,949276480.25
2023-10-11,CIPLA,,,1151,1175,1146.5,1171.95,1465239,1712592882.55
2023-10-12,CIPLA,,,1179.05,1186.35,1152.45,1157.9,2533930,2942214395.2
2023-10-13,CIPLA,,,1156,1169.2,1150,1167.75,940547,1095707800.45
2023-10-16,CIPLA,,,1166.3,1170.1,1158.8,1164.4,802207,935397505.65
2023-10-17,CIPLA,,,1168,1178.05,1160.65,1173.5,877856,1029773163.8
2023-10-18,CIPLA,,,1185,1219.45,1176.15,1210.6,7367540,8888867093.25
2023-10-19,CIPLA,,,1210.5,1225,1189.65,1223.3,2157683,2613385308.1
2023-10-20,CIPLA,,,1221.85,1221.85,1198.25,1200.2,692067,834032761.35
2023-10-23,CIPLA,,,1200,1210.2,1178.45,1183.8,957929,1141233890.65
2023-10-25,CIPLA,,,1184.5,1188.75,1154.05,1157.45,1433911,1669655086.75
2023-10-26,CIPLA,,,1154.8,1155,1132,1150.85,2016469,2305175639.55
2023-10-27,CIPLA,,,1152,1197.9,1149.25,1174.25,1775011,2087973738.8
2023-10-30,CIPLA,,,1186,1212.4,1177.5,1193.45,2853500,3423038183.9
2023-10-31,CIPLA,,,1199.95,1206.1,1191.1,1200,1720955,2062226334.55
2023-11-01,CIPLA,,,1200,1208.7,1186.55,1201.25,1051902,1260627035.1
2023-11-02,CIPLA,,,1205.5,1211.85,1194.65,1208.5,1556467,1877060626.05
2023-11-03,CIPLA,,,1215,1219.75,1204,1206.35,772013,935609041.85
2023-11-06,CIPLA,,,1211.95,1217,1197.25,1204.1,1262938,1520125233.3
2023-11-07,CIPLA,,,1205,1217.5,1200.75,1216.45,1210644,1469027874.6
2023-11-08,CIPLA,,,1222,1242.4,1220,1241,1107006,1366851790.8
2023-11-09,CIPLA,,,1242,1245,1232,1238.15,751433,931499748.7
2023-11-10,CIPLA,,,1237.85,1242,1230,1240.1,576673,713042730.5
2023-11-13,CIPLA,,,1243,1243,1230.65,1240.55,689808,853061713.1
2023-11-15,CIPLA,,,1260,1260,1237.7,1241.75,1323010,1644027866.75
2023-11-16,CIPLA,,,1241.05,1246.3,1232.65,1234.8,1251094,1549534943.5
2023-11-17,CIPLA,,,1236,1256.1,1235.5,1249.4,992848,1239349824.85
2023-11-20,CIPLA,,,1241.5,1256,1241,1247.1,848916,1058681113.95
2023-11-21,CIPLA,,,1246.95,1255,1242.15,1253.25,594738,743673883.5
2023-11-22,CIPLA,,,1256.95,1283.55,1254,1271.5,1735497,2209746968.15
2023-11-23,CIPLA,,,1270,1270,1164.55,1170.65,7643376,9122020404.3
2023-11-24,CIPLA,,,1190.05,1205,1178,1198.65,5331201,6374138842.65
2023-11-28,CIPLA,,,1200,1202.75,1188,1192.3,1691543,2021926441.15
2023-11-29,CIPLA,,,1198.75,1206.8,1191.75,1201.55,2173427,2608543883.15
2023-11-30,CIPLA,,,1200,1217.65,1198.1,1212.3,3219799,3885077639.35
2023-12-01,CIPLA,,,1213.45,1217.85,1203.5,1205.7,1078680,1303260970.75
2023-12-04,CIPLA,,,1212.3,1219.1,1206.25,1216.5,2097408,2543881031.8
2023-12-05,CIPLA,,,1222.6,1229,1216,1224.45,2132150,2606088795.15
2023-12-06,CIPLA,,,1225,1229.85,1201,1205.2,1416770,1712332146.95
2023-12-07,CIPLA,,,1206,1225,1197,1222.8,1269290,1546418296.75
2023-12-08,CIPLA,,,1225,1231.2,1204,1219.1,1453955,1767822679.5
2023-12-11,CIPLA,,,1217.6,1218.95,1195.05,1202.3,1565455,1881555307.65
2023-12-12,CIPLA,,,1210.6,1214.25,1195.2,1198.65,899911,1082238214.8
2023-12-13,CIPLA,,,1198.65,1217.95,1195.2,1216.5,1809563,2188676331.8
2023-12-14,CIPLA,,,1219.05,1222.55,1201.1,1204.65,1809248,2186425633
2023-12-15,CIPLA,,,1215,1217.6,1202.85,1207.1,1976112,2390958535.4
2023-12-18,CIPLA,,,1205.6,1218.95,1192.1,1216.8,1995091,2420390106.15
2023-12-19,CIPLA,,,1219.45,1240.15,1212.2,1237.1,1738507,2131132599.7
2023-12-20,CIPLA,,,1239,1248,1231,1236.2,2484819,3077027075.4
2023-12-21,CIPLA,,,1236.2,1236.2,1205.85,1221.85,1580136,1929373640.7
2023-12-22,CIPLA,,,1230.05,1242.5,1221.65,1235.6,1969524,2429335481
2023-12-26,CIPLA,,,1240,1250,1231.85,1244.95,820163,1020359654.55
2023-12-27,CIPLA,,,1247,1250.35,1236.7,1239.75,2528609,3139476963.7
2023-12-28,CIPLA,,,1239.75,1263.8,1239.75,1260.8,2592699,3245931730.05
2023-12-29,CIPLA,,,1264,1267.6,1242.05,1246.3,1794218,2243641263.1
2024-01-01,CIPLA,,,1252.45,1256.8,1246.7,1251,343584,429927015.25
2024-01-02,CIPLA,,,1255.1,1285,1252.1,1281.55,2589484,3300133753.25
2024-01-03,CIPLA,,,1291,1307,1274.05,1300.15,2357093,3050842592.75
2024-01-04,CIPLA,,,1304,1308,1286.65,1296.65,1248143,1620873637.55
2024-01-05,CIPLA,,,1300,1301.55,1276.15,1286.9,1013196,1302149975.15
2024-01-08,CIPLA,,,1296.65,1297,1266.2,1271.75,740848,945181291.95
2024-01-09,CIPLA,,,1284,1295,1273.4,1289.35,1133466,1458720454.95
2024-01-10,CIPLA,,,1296,1331.5,1294.3,1329.2,3625567,4774968018.2
2024-01-11,CIPLA,,,1339.85,1340,1323.05,1325.65,1097204,1461801827.95
2024-01-12,CIPLA,,,1324.2,1325.65,1300.4,1308,2051301,2684728251.9
2024-01-15,CIPLA,,,1316,1327.75,1306.6,1313.15,762036,1003402582.35
2024-01-16,CIPLA,,,1313.15,1314.4,1298.25,1302.35,1030845,1346528368.6
2024-01-17,CIPLA,,,1299.35,1312.9,1282.1,1294,2073596,2680833769.45
2024-01-18,CIPLA,,,1285.05,1327.2,1267.9,1322.95,1723297,2252183372.65
2024-01-19,CIPLA,,,1330.95,1330.95,1316.6,1327.95,1135846,1504966854.05
2024-01-20,CIPLA,,,1335.65,1337.95,1307.05,1316.25,353704,467940814.9
2024-01-23,CIPLA,,,1385,1425,1368.7,1409,7556815,10613076841.15
2024-01-24,CIPLA,,,1409,1423.05,1394.85,1417.35,1808713,2552089769.2
2024-01-25,CIPLA,,,1413.35,1413.45,1353.5,1369.65,1801468,2476530482.9
2024-01-29,CIPLA,,,1365,1365,1325.3,1336.85,2480508,3315747531.8
2024-01-30,CIPLA,,,1345,1352,1314.15,1317.1,1908926,2543807908.1
2024-01-31,CIPLA,,,1317.1,1352.9,1312,1351,1723379,2316712691.55
2024-02-01,CIPLA,,,1359.7,1394.85,1352.05,1387.65,2784507,3837478689.5
2024-02-02,CIPLA,,,1387,1404.7,1385,1392.65,1161705,1619588366.55
2024-02-05,CIPLA,,,1400.65,1447,1394.3,1433.9,2369316,3388530215.65
2024-02-06,CIPLA,,,1444.85,1445.9,1412.55,1425.45,979752,1397521907.55
2024-02-07,CIPLA,,,1436,1444.5,1420.85,1438.75,890299,1275757476.9
2024-02-08,CIPLA,,,1448,1457.7,1417.65,1420.2,1447767,2072060500.55
2024-02-09,CIPLA,,,1428.1,1447.55,1417.05,1439.75,1215784,1744572711.35
2024-02-12,CIPLA,,,1440,1452.75,1425,1434.75,453460,651680002
2024-02-13,CIPLA,,,1439,1463.55,1430,1457.75,981536,1425303248.4
2024-02-14,CIPLA,,,1454.8,1454.8,1410.45,1425.35,1113254,1585488713.6
2024-02-15,CIPLA,,,1425.35,1437.95,1412,1422.35,1402161,1988895114.1
2024-02-16,CIPLA,,,1430,1449,1425.9,1440.7,857301,1234295084.4
2024-02-19,CIPLA,,,1444.95,1473.6,1438.95,1470.35,888909,1299324803.65
2024-02-20,CIPLA,,,1475,1479,1436,1451.65,1550412,2253361309.15
2024-02-21,CIPLA,,,1452,1462.5,1433.45,1447.3,1074054,1558578128.3
2024-02-22,CIPLA,,,1455.55,1456,1420.55,1453.3,1582836,2281911474.35
2024-02-23,CIPLA,,,1456.15,1482.35,1449.75,1466.4,1308103,1923655503.55
2024-02-26,CIPLA,,,1473.5,1481.2,1461.55,1469.85,898290,1321832559.7
2024-02-27,CIPLA,,,1473.45,1491,1469.7,1487.45,1231196,1824624586.25
2024-02-28,CIPLA,,,1491.45,1493.95,1470,1477,1083605,1604522330.6
2024-02-29,CIPLA,,,1475.95,1490,1451.4,1480.35,4923680,7274348247.7
2024-03-01,CIPLA,,,1494,1494,1460,1470.9,1982189,2916589446.55
2024-03-04,CIPLA,,,1483,1495.3,1469.75,1471.5,1147249,1696576710.15
2024-03-05,CIPLA,,,1465.15,1479.7,1452.8,1473.45,1306046,1916237185.65
2024-03-06,CIPLA,,,1476,1489.9,1448.15,1485.25,1158132,1700784881.5
2024-03-07,CIPLA,,,1485.25,1490.45,1475.5,1483.15,1569074,2326096773.7
2024-03-11,CIPLA,,,1493,1519,1488.55,1504.1,2183994,3291247801.65
2024-03-12,CIPLA,,,1512,1514,1460,1465.75,1855916,2734482386
2024-03-13,CIPLA,,,1470,1479,1449,1471.25,1720173,2519733155.15
2024-03-14,CIPLA,,,1467.1,1501.45,1454.35,1496.65,1748907,2592779787.4
2024-03-15,CIPLA,,,1494.8,1496.2,1466.05,1488.05,1537072,2281743342.5
2024-03-18,CIPLA,,,1489,1495.85,1471,1488.45,996530,1482765866.95
2024-03-19,CIPLA,,,1482.55,1486.8,1431.1,1435.7,1647925,2385824657.95
2024-03-20,CIPLA,,,1435.8,1444.9,1415.6,1417.4,1728210,2467205756.95
2024-03-21,CIPLA,,,1427,1455.1,1420.2,1448.7,1699939,2457128732.1
2024-03-22,CIPLA,,,1453,1489.6,1451.05,1481.25,1746930,2574388263.4
2024-03-26,CIPLA,,,1473,1481.25,1460,1472.25,1635695,2407856738.9
2024-03-27,CIPLA,,,1484,1496,1458,1463.35,1642266,2415250138.5
2024-03-28,CIPLA,,,1472,1514.2,1461.15,1496.95,2110407,3150128406.6
2024-04-01,CIPLA,,,1510,1510,1493.8,1498.65,563831,846184132.7
2024-04-02,CIPLA,,,1502.9,1502.9,1483.3,1489.4,614238,914194606.75
2024-04-03,CIPLA,,,1493.35,1501.55,1467,1471.5,1465540,2169819910.55
2024-04-04,CIPLA,,,1479,1481.2,1445.1,1459.55,1474799,2152549062.15
2024-04-05,CIPLA,,,1439,1474,1437.5,1449.4,1211684,1763572382.05
2024-04-08,CIPLA,,,1457.15,1472.85,1449.4,1462.45,1039235,1522484906.15
2024-04-09,CIPLA,,,1467.75,1470,1447.1,1450.3,1225255,1781850822.6
2024-04-10,CIPLA,,,1453.15,1455.3,1406,1422.95,2493253,3544932850.2
2024-04-12,CIPLA,,,1423,1424.85,1388,1396.8,2190583,3077436962.6
2024-04-15,CIPLA,,,1389.95,1399,1375.55,1381.4,1125072,1559251145.75
2024-04-16,CIPLA,,,1385,1391.95,1371.55,1375.2,1433760,1980133919.5
2024-04-18,CIPLA,,,1376,1383.65,1342.4,1347.3,2974196,4055047339.35
2024-04-19,CIPLA,,,1347,1357.7,1335,1345.75,1173025,1579225189.3
2024-04-22,CIPLA,,,1350.25,1361.95,1348,1354.85,974434,1320954856.7
2024-04-23,CIPLA,,,1369.75,1369.75,1344.5,1346.7,1031497,1400509184
2024-04-24,CIPLA,,,1353.45,1401.9,1352.2,1398.2,4415480,6124552560.6
2024-04-25,CIPLA,,,1407,1410.45,1384.1,1406.2,2027213,2837751976.85
2024-04-26,CIPLA,,,1413.1,1417.2,1401.25,1409.15,695034,980016530.75
2024-04-29,CIPLA,,,1419,1420.1,1392.4,1408,1082487,1517837268.55
2024-04-30,CIPLA,,,1415.05,1418.95,1395.05,1400,1327606,1865197382.55
2024-05-02,CIPLA,,,1400,1426,1398.15,1420.05,1540210,2182959623.9
2024-05-03,CIPLA,,,1428,1434,1415.2,1424.75,804513,1146051509.3
2024-05-06,CIPLA,,,1431,1431.85,1405.05,1423.4,929301,1318512831.25
2024-05-07,CIPLA,,,1423.4,1428.85,1377.75,1387.2,1085239,1509274996.95
2024-05-08,CIPLA,,,1375.05,1398.15,1375.05,1384.75,1497782,2081469719.85
2024-05-09,CIPLA,,,1387.85,1392.2,1353,1358.8,1152636,1573605559.25
2024-05-10,CIPLA,,,1371.35,1396.9,1317.25,1339.55,5080539,6874691683.55
2024-05-13,CIPLA,,,1371,1425.95,1369.55,1414.65,7910590,11158352655.75
2024-05-14,CIPLA,,,1410,1410,1350.1,1357.35,3721994,5113397042.45
2024-05-15,CIPLA,,,1395,1428.45,1386.7,1406.7,7893092,11118886469.65
2024-05-16,CIPLA,,,1409,1425.9,1387.3,1421.1,3226214,4543608971.4
2024-05-17,CIPLA,,,1417.1,1419.9,1396.4,1399.05,3443452,4830842207
2024-05-21,CIPLA,,,1410,1445.95,1396.4,1442.3,2939271,4191914259.35
2024-05-22,CIPLA,,,1450.95,1494.8,1437.25,1482.3,4216347,6211342887.75
2024-05-23,CIPLA,,,1482,1504.55,1462.7,1489.15,4389470,6535272971.15
2024-05-24,CIPLA,,,1489.15,1493.9,1479.05,1486.45,758326,1128080256.9
2024-05-27,CIPLA,,,1491,1492.55,1475.2,1478.65,1393334,2065172504.8
2024-05-28,CIPLA,,,1482.95,1494.75,1475.2,1479.45,784496,1163474469.45
2024-05-29,CIPLA,,,1475.25,1497.6,1472.6,1493.55,1607691,2391202368.2
2024-05-30,CIPLA,,,1495.05,1496.55,1454,1466.6,1732140,2549526165.3
2024-05-31,CIPLA,,,1466.95,1472.7,1440,1447.2,3270743,4740969338.05
2024-06-03,CIPLA,,,1482,1483,1446.05,1452.35,1335614,1941103213.55
2024-06-04,CIPLA,,,1460,1476.95,1418.55,1462.55,2049577,2985256687.55
2024-06-05,CIPLA,,,1490,1514,1466.85,1496.95,1834280,2745563806.35
2024-06-06,CIPLA,,,1500,1501,1464,1477,1605122,2367408211.6
2024-06-07,CIPLA,,,1484,1503.4,1479.3,1497.25,1591055,2374847137.35
2024-06-10,CIPLA,,,1506.9,1540.85,1502,1534.25,2751606,4208068588.5
2024-06-11,CIPLA,,,1545,1546.45,1527,1530.25,1699446,2612735323.55
2024-06-12,CIPLA,,,1542.45,1549,1532,1540.95,1578793,2435137533
2024-06-13,CIPLA,,,1550,1551,1520.4,1544.55,1525789,2348377937.75
2024-06-14,CIPLA,,,1545,1567,1535.8,1564.75,1845043,2875030566.15
2024-06-18,CIPLA,,,1570,1576.95,1563.6,1574.8,2068897,3250382871.95
2024-06-19,CIPLA,,,1577.4,1582,1553.4,1559.8,1881544,2943435975.4
2024-06-20,CIPLA,,,1558,1559.15,1540,1544.85,1705002,2637378136.45
2024-06-21,CIPLA,,,1549.9,1562.9,1533.5,1541.55,2613883,4037928881.55
2024-06-24,CIPLA,,,1528,1528,1495.05,1504.4,1283529,1936282870.75
2024-06-25,CIPLA,,,1511.6,1517.8,1495.5,1499.7,1199626,1801319517.45
2024-06-26,CIPLA,,,1503.7,1507.2,1475,1479.1,1930909,2868221252.4
2024-06-27,CIPLA,,,1481,1486.2,1465.3,1480.9,2792582,4121461483.35
2024-06-28,CIPLA,,,1486.3,1492.2,1476.05,1480.8,2087765,3092217802.6
2024-07-01,CIPLA,,,1484.95,1493.7,1472.2,1479.1,1313651,1946503282.75
2024-07-02,CIPLA,,,1480,1492.75,1479.25,1488.65,1191962,1773298124.2
2024-07-03,CIPLA,,,1494,1500,1474.6,1483.75,1061247,1575689997.45
2024-07-04,CIPLA,,,1477.75,1488.95,1467,1480.75,1498413,2213893200.55
2024-07-05,CIPLA,,,1487,1516,1486,1509.9,2188675,3297728859.9
2024-07-08,CIPLA,,,1516,1524.65,1483.2,1487.05,1524489,2287354157.3
2024-07-09,CIPLA,,,1496.9,1515,1487.3,1512.05,1791406,2697936380.7
2024-07-10,CIPLA,,,1512.1,1517.25,1492.25,1513.2,671042,1010939110.6
2024-07-11,CIPLA,,,1517,1519,1495,1506,1314312,1976102494.05
2024-07-12,CIPLA,,,1506.05,1515,1502.4,1512.05,1192685,1801506846.15
2024-07-15,CIPLA,,,1516.6,1531.95,1513.25,1517.2,1825510,2781480430.85
2024-07-16,CIPLA,,,1517.2,1524.45,1503.1,1510.4,963199,1457379833.65
2024-07-18,CIPLA,,,1497,1513,1485.6,1506.65,2169744,3262295217.35
2024-07-19,CIPLA,,,1501.6,1506,1480.2,1485.5,868261,1293080503.55
2024-07-22,CIPLA,,,1475.05,1507.05,1470.65,1490,1328847,1984568094.25
2024-07-23,CIPLA,,,1490,1504,1475.15,1497.9,1241630,1852658489.65
2024-07-24,CIPLA,,,1495.35,1511.3,1485,1503.5,2266300,3404751810.15
2024-07-25,CIPLA,,,1498,1508.7,1489.8,1500.05,2200932,3304768416.7
2024-07-26,CIPLA,,,1504.75,1600,1501,1575,4687416,7283677071.85
2024-07-29,CIPLA,,,1588,1589,1528.8,1553.95,3983153,6166439117.55
2024-07-30,CIPLA,,,1554,1564.05,1526,1528.9,2988651,4589205593.15
2024-07-31,CIPLA,,,1530.1,1548.55,1523.55,1544.3,1645138,2532905402.35
2024-08-01,CIPLA,,,1545.95,1552.5,1535.55,1546.2,1529481,2360564566.45
2024-08-02,CIPLA,,,1529,1541.4,1523.7,1528.8,1353707,2073502080.85
2024-08-05,CIPLA,,,1472,1527.95,1472,1515.05,1719770,2597412062.55
2024-08-06,CIPLA,,,1513,1542.35,1505.7,1531.9,1775016,2719984623.55
2024-08-07,CIPLA,,,1532.1,1556.9,1532.1,1553.55,1359682,2102797942.6
2024-08-08,CIPLA,,,1545,1589.65,1545,1569.95,3541556,5573912688.35
2024-08-09,CIPLA,,,1574.8,1581.2,1561.5,1574.75,956684,1503603983.55
2024-08-12,CIPLA,,,1574.7,1593,1571.05,1586.25,1731555,2745723298
2024-08-13,CIPLA,,,1600,1606.7,1580,1583.45,2281463,3636852019.5
2024-08-14,CIPLA,,,1597,1597,1555,1563.8,896638,1407934640.25
2024-08-16,CIPLA,,,1567,1580.45,1560,1576.1,909870,1432268072.4
2024-08-19,CIPLA,,,1578.45,1584.95,1569.7,1575.5,742635,1171750274.65
2024-08-20,CIPLA,,,1576.5,1579,1558.2,1562.85,1413845,2210351792.1
2024-08-21,CIPLA,,,1565.65,1596.15,1561,1594.6,1074905,1705489148.7
2024-08-22,CIPLA,,,1599,1599,1576.05,1585.8,906819,1436823138.2
2024-08-23,CIPLA,,,1580.05,1585.8,1568.45,1574.55,770573,1213972517.25
2024-08-26,CIPLA,,,1570,1596,1566.55,1593.95,658120,1044584194.3
2024-08-27,CIPLA,,,1586.5,1619.8,1586.5,1598.05,1570234,2524773865.05
2024-08-28,CIPLA,,,1604,1630,1595.2,1618.2,1433847,2310843598.7
2024-08-29,CIPLA,,,1622,1642.3,1609,1618.55,2749546,4463368934.45
2024-08-30,CIPLA,,,1615,1663.7,1615,1654.9,3296701,5441098694.65
2024-09-02,CIPLA,,,1669,1681.6,1642,1646.65,1306971,2161338376.75
2024-09-03,CIPLA,,,1643.3,1659.85,1643.3,1653.2,1264708,2089769436.2
2024-09-04,CIPLA,,,1635.05,1658,1630.8,1651.9,1019049,1679877367.2
2024-09-05,CIPLA,,,1651.1,1659.95,1623.4,1627.75,1081756,1772473906.8
2024-09-06,CIPLA,,,1627.75,1631.95,1608.05,1611.05,913336,1477222913.3
2024-09-09,CIPLA,,,1611.05,1636.8,1610,1620.15,1003511,1630137175.6
2024-09-10,CIPLA,,,1633,1644.35,1624.3,1632,1248269,2041766841.7
2024-09-11,CIPLA,,,1627.1,1652.3,1624.25,1628.35,1243738,2036097219.3
2024-09-12,CIPLA,,,1635,1660,1630.55,1657.25,1728200,2851677420.2
2024-09-13,CIPLA,,,1658.9,1669.2,1643.5,1659.7,747149,1238461744.6
2024-09-16,CIPLA,,,1661.2,1671.85,1654.15,1659.4,683436,1137276581.75
2024-09-17,CIPLA,,,1660,1683,1656.7,1671.8,958137,1601656080.35
2024-09-18,CIPLA,,,1673,1673,1638.05,1651.6,1084127,1792027042.2
2024-09-19,CIPLA,,,1660,1668,1632.75,1637.7,2048750,3370252632
2024-09-20,CIPLA,,,1645.9,1652.6,1609.8,1638.65,2504382,4093912902.3
2024-09-23,CIPLA,,,1646.85,1664.85,1638,1658.15,1129445,1866029758
2024-09-24,CIPLA,,,1625,1659.6,1624.95,1637.55,1476260,2428093987.35
2024-09-25,CIPLA,,,1638,1649,1618.25,1643.2,759761,1240280645.35
2024-09-26,CIPLA,,,1643.2,1652.45,1602.3,1621.8,2613098,4236503910.3
2024-09-27,CIPLA,,,1630.15,1679.05,1630,1672.5,3866952,6415723669.2
2024-09-30,CIPLA,,,1675,1678.9,1646.3,1654.1,1313437,2176113118.85
2024-10-01,CIPLA,,,1660,1667.05,1651.55,1664.85,945740,1569433690.6
2024-10-03,CIPLA,,,1661.25,1678,1640.35,1656.55,1533472,2544176554.55
2024-10-04,CIPLA,,,1645.1,1656.4,1577.3,1623.3,2371220,3825868232.2
2024-10-07,CIPLA,,,1623,1644.85,1612.05,1624.65,1553239,2533329006.8
2024-10-08,CIPLA,,,1624.65,1653.2,1623.85,1640.7,1239808,2037814668.35
2024-10-09,CIPLA,,,1630.5,1702.05,1630.5,1680.5,1671718,2803762073.7
2024-10-10,CIPLA,,,1693.95,1694,1614.1,1618.9,2288313,3757329990.65
2024-10-11,CIPLA,,,1602.1,1613.8,1573.75,1595.75,1894245,3023778556.25
2024-10-14,CIPLA,,,1600,1605.95,1571.05,1598.45,2301224,3656052055.7
2024-10-15,CIPLA,,,1601.9,1604.95,1568,1571.75,2206500,3485048883.3
2024-10-16,CIPLA,,,1561.4,1573,1550.4,1562.2,2519123,3932110953.3
2024-10-17,CIPLA,,,1562.2,1578.7,1552.15,1558.7,1498368,2342623353.1
2024-10-18,CIPLA,,,1549.05,1562.05,1536.35,1551.7,1879293,2911930431.35
2024-10-21,CIPLA,,,1552,1561.25,1517.15,1523.75,1297970,1989239131.1
2024-10-22,CIPLA,,,1523,1526.7,1501.5,1510.35,1757792,2656738722.75
2024-10-23,CIPLA,,,1504.75,1514.1,1482.3,1485.6,1925211,2886585792.8
2024-10-24,CIPLA,,,1496,1508,1482.05,1492.3,1178365,1759953907.65
2024-10-25,CIPLA,,,1492.3,1506.75,1478.8,1488.9,1175088,1748652739.55
2024-10-28,CIPLA,,,1496.8,1513.2,1471.7,1503.15,928896,1388944752.3
2024-10-29,CIPLA,,,1510,1517.15,1450,1477.55,3475282,5116903479.55
2024-10-30,CIPLA,,,1440,1440,1403,1418.25,5064434,7190511392.9
2024-10-31,CIPLA,,,1560.05,1565.95,1518.05,1551.75,17447689,26958699176.1
2024-11-04,CIPLA,,,1584,1602.95,1563,1584.6,4190449,6620957172.1
2024-11-05,CIPLA,,,1583.6,1609.95,1577.65,1601.2,2238168,3577534748.6
2024-11-06,CIPLA,,,1610.2,1612.35,1581,1594.05,2074821,3305074068.6
2024-11-07,CIPLA,,,1600,1602,1558.55,1576.15,1512145,2377138215.75
2024-11-08,CIPLA,,,1575.1,1597.75,1568.7,1592.6,1718495,2720966517.95
2024-11-11,CIPLA,,,1590.1,1599.75,1544.5,1552.8,1725382,2694768606.6
2024-11-12,CIPLA,,,1551.05,1556.95,1521.95,1525.15,2782808,4277169729.75
2024-11-13,CIPLA,,,1516.5,1525.9,1501.2,1505.6,1552443,2346118626.25
2024-11-14,CIPLA,,,1497,1517,1490.25,1499.75,1469143,2204208230.45
2024-11-18,CIPLA,,,1497.5,1505.15,1460.85,1465.25,1760344,2602682379.25
2024-11-19,CIPLA,,,1465,1485.85,1456.85,1471.55,1116002,1644174607.25
2024-11-21,CIPLA,,,1470,1478.1,1453.85,1465.5,1363706,1998955373.7
2024-11-22,CIPLA,,,1466,1496.15,1460.05,1486.5,704859,1047287749.15
2024-11-25,CIPLA,,,1495.9,1507.5,1487.5,1503.3,2453548,3682828604
2024-11-26,CIPLA,,,1515,1515,1490.05,1492.7,873585,1309080781.6
2024-11-27,CIPLA,,,1487.1,1502,1468.5,1491.15,1676606,2484219998.55
2024-11-28,CIPLA,,,1485.1,1505,1473.9,1492.75,4358321,6476736931.65
2024-11-29,CIPLA,,,1490,1547.7,1490,1533.9,3256635,4988925711.2
2024-12-02,CIPLA,,,1532,1548.5,1504.3,1507.7,5328936,8080970170.1
2024-12-03,CIPLA,,,1517.05,1549.4,1508.5,1533.9,1951182,2993392481
2024-12-04,CIPLA,,,1530,1536.75,1492.25,1500.85,2971135,4478379714
2024-12-05,CIPLA,,,1507,1507,1470.1,1498.25,4084059,6082559904.55
2024-12-06,CIPLA,,,1513.25,1513.25,1476,1477.4,3768932,5580559072.95
2024-12-09,CIPLA,,,1480,1484.75,1467.3,1469,2144057,3156868176.45
2024-12-10,CIPLA,,,1476.95,1479,1452.3,1455.2,3397465,4963170215.95
2024-12-11,CIPLA,,,1456.1,1467.9,1448,1454.1,2448702,3573768927.95
2024-12-12,CIPLA,,,1460,1461.35,1438.6,1445.4,2651833,3833450947.8
2024-12-13,CIPLA,,,1445.1,1449.5,1423.8,1447.3,1318852,1896105546.7
2024-12-16,CIPLA,,,1448,1457.55,1436.1,1448.45,2076469,3004124297.45
2024-12-17,CIPLA,,,1470,1483,1448,1450.85,3500888,5120018736.7
2024-12-18,CIPLA,,,1455,1482.95,1453.2,1472.4,2499842,3684782174.55
2024-12-19,CIPLA,,,1450,1510.05,1449.9,1506.55,3426222,5111134333.75
2024-12-20,CIPLA,,,1506.55,1506.6,1469.05,1472.05,2196991,3263289955.5
2024-12-23,CIPLA,,,1473.95,1491,1458.8,1476.05,760728,1122094179.15
2024-12-24,CIPLA,,,1476,1487.6,1461.3,1475.75,909994,1343633858.6
2024-12-26,CIPLA,,,1475.75,1494.95,1466.25,1490.55,1254464,1858794571
2024-12-27,CIPLA,,,1488.6,1512.75,1484,1506.6,1446303,2177895624.6
2024-12-30,CIPLA,,,1509,1526.7,1495.1,1521.4,1501086,2278040278.6
2024-12-31,CIPLA,,,1517.9,1535.95,1514.6,1529,1664122,2543457786.35
2025-01-01,CIPLA,,,1531.95,1547.85,1518.7,1529.1,1578715,2422225697.85
2025-01-02,CIPLA,,,1534.9,1543.45,1527.25,1537.9,1448048,2221221569.05
2025-01-03,CIPLA,,,1539,1539,1505.1,1511.25,1581838,2396756006.55
2025-01-06,CIPLA,,,1500,1509.25,1479.5,1491.4,981443,1462708390.25
2025-01-07,CIPLA,,,1490,1510,1487.95,1497.45,1045516,1566013443.6
2025-01-08,CIPLA,,,1504.9,1513,1487.55,1494.9,1277871,1914016115.2
2025-01-09,CIPLA,,,1490.1,1499.4,1481,1488.2,995821,1483620691.7
2025-01-10,CIPLA,,,1483.1,1497.7,1465.15,1468.8,930723,1375980377.95
2025-01-13,CIPLA,,,1460,1463.95,1436.35,1439.2,873093,1263361788.95
2025-01-14,CIPLA,,,1436,1451.95,1434.45,1447.75,1028726,1485676446.1
2025-01-15,CIPLA,,,1454.95,1455,1429.85,1447.2,1126634,1628201412.85
2025-01-16,CIPLA,,,1451.75,1454.3,1430.85,1443.5,1080833,1557505697.35
2025-01-17,CIPLA,,,1443.5,1449.65,1434,1442.3,658778,950236215.65
2025-01-20,CIPLA,,,1442.3,1449.55,1428.9,1445.45,738447,1066510572.4
2025-01-21,CIPLA,,,1450.5,1464.8,1425,1428,820225,1183935319.2
2025-01-22,CIPLA,,,1431.1,1440.95,1420.2,1439.4,808605,1160545859.3
2025-01-23,CIPLA,,,1432.55,1458.2,1432.55,1451.15,1070838,1553322591.6
2025-01-24,CIPLA,,,1445.25,1451,1408,1411.4,1615412,2309373117.2
2025-01-27,CIPLA,,,1408.1,1414.9,1384.2,1396.1,1448841,2024603808.55
2025-01-28,CIPLA,,,1395.05,1473,1366.1,1420.6,5627159,8063662651
2025-01-29,CIPLA,,,1440,1455,1410.6,1423.95,3775947,5381111195.8
2025-01-30,CIPLA,,,1431,1469.8,1426,1457.45,1773294,2582133188.15
2025-01-31,CIPLA,,,1460,1491,1452.1,1479.4,2083385,3068616872.65
2025-02-01,CIPLA,,,1479.4,1486.5,1427.25,1439.5,1306859,1893108571.25
2025-02-03,CIPLA,,,1435,1439.3,1406.15,1420.55,1757831,2492853651.35
2025-02-04,CIPLA,,,1425.9,1463.25,1423.5,1449.05,1750660,2540334918.3
2025-02-05,CIPLA,,,1457.85,1458,1429.3,1436.8,2516488,3618249935.05
2025-02-06,CIPLA,,,1443.95,1475.3,1438.15,1471.5,2918537,4276711952.1
2025-02-07,CIPLA,,,1473.5,1481.85,1455,1472.25,1445335,2124285382.1
2025-02-10,CIPLA,,,1476.2,1477.6,1431.55,1458.85,1282801,1860682418.65
2025-02-11,CIPLA,,,1465,1468,1443.4,1453.15,1938792,2825802249.65
2025-02-12,CIPLA,,,1453.15,1462.3,1435.15,1449.2,1791670,2592574383.05
2025-02-13,CIPLA,,,1449.2,1493,1447.1,1472.15,1879916,2784220987.8
2025-02-14,CIPLA,,,1478,1480.15,1438.55,1459.45,1703559,2482116285.15
2025-02-17,CIPLA,,,1457.45,1480.7,1451.3,1474.65,1113888,1638824374.75
2025-02-18,CIPLA,,,1474.65,1483.85,1466.1,1482.1,967394,1427529786.95
2025-02-19,CIPLA,,,1454.95,1474,1426.35,1464.15,1210464,1765510737.45
2025-02-20,CIPLA,,,1462,1483,1461.5,1479.7,1652209,2441912319.65
2025-02-21,CIPLA,,,1489,1502,1468.65,1475.75,1413123,2093867679.55
2025-02-24,CIPLA,,,1460,1489,1457.6,1476.75,1403090,2073650070.45
2025-02-25,CIPLA,,,1471,1482.4,1454.6,1463.35,992994,1460764297.7
2025-02-27,CIPLA,,,1452,1464.3,1436,1441.15,1260808,1822313973.65
2025-02-28,CIPLA,,,1440,1448.7,1400,1407.5,3340343,4730175858.05
2025-03-03,CIPLA,,,1400,1418.1,1396,1407.55,854264,1200445725.05
2025-03-04,CIPLA,,,1402.45,1405,1389.3,1401.8,1456530,2036182171.85
2025-03-05,CIPLA,,,1395.1,1431.9,1393.1,1419.75,2187830,3104134575.1
2025-03-06,CIPLA,,,1424.95,1464.45,1419.75,1461.75,1525159,2213827489.25
2025-03-07,CIPLA,,,1465.95,1471.1,1451.55,1458.45,678497,990163473.3
2025-03-10,CIPLA,,,1458.35,1482.2,1457,1462.75,905854,1331672988.4
2025-03-11,CIPLA,,,1448,1459,1438,1445.75,1231247,1782988152.2
2025-03-12,CIPLA,,,1442,1457,1437.75,1454.3,1254797,1815959199.85
2025-03-13,CIPLA,,,1456.4,1465.7,1445.65,1461.9,804032,1174566411.1
2025-03-17,CIPLA,,,1459.85,1496.95,1455.7,1492.6,1329904,1981866318.7
2025-03-18,CIPLA,,,1499.1,1512,1496.8,1508.65,1571087,2366620582.85
2025-03-19,CIPLA,,,1515,1515,1496.5,1499.15,1015731,1524903990.3
2025-03-20,CIPLA,,,1499.65,1517.6,1495.45,1512.05,984355,1486561382.85
2025-03-21,CIPLA,,,1513.9,1528.9,1510,1523.85,2846648,4336050913.75
2025-03-24,CIPLA,,,1525.05,1535,1515.2,1524.05,826040,1259797757.75
2025-03-25,CIPLA,,,1530,1534,1505.05,1511.2,1092805,1656706240.35
2025-03-26,CIPLA,,,1507,1512.35,1472.3,1476.2,1375794,2048179238.5
2025-03-27,CIPLA,,,1464.7,1489,1462.4,1482.9,1848444,2733437425.9
2025-03-28,CIPLA,,,1475,1478.65,1434.45,1442.2,1495932,2168474697.15
2025-04-01,CIPLA,,,1438.55,1466,1429,1444.25,1080262,1564830988.2
2025-04-02,CIPLA,,,1441,1464,1428.4,1452.35,1054143,1524368766.1
2025-04-03,CIPLA,,,1482,1523.3,1480,1495.7,3488899,5236805874.05
2025-04-04,CIPLA,,,1495.7,1495.7,1390.05,1415.25,2768438,3924138090.55
2025-04-07,CIPLA,,,1336,1401.35,1335,1384.7,1604721,2214552500.6
2025-04-08,CIPLA,,,1394.8,1437.6,1382.65,1432.55,1324180,1875065068.95
2025-04-09,CIPLA,,,1416.5,1423,1396.05,1415.6,1701314,2405806595.7
2025-04-11,CIPLA,,,1460,1488.5,1448.55,1463.05,2311803,3386990689.4
2025-04-15,CIPLA,,,1482.2,1485.9,1462.1,1481.8,1720323,2538744998.4
2025-04-16,CIPLA,,,1467.1,1499,1464.4,1496.4,1023697,1525433937.9
2025-04-17,CIPLA,,,1498,1522,1486,1515.2,1211601,1831928072.9
2025-04-21,CIPLA,,,1525,1525,1505,1511.1,570266,863995041.3
2025-04-22,CIPLA,,,1514.9,1534.7,1502.7,1528.2,954974,1455441890.2
2025-04-23,CIPLA,,,1533,1539,1516,1533.7,819016,1251851697.7
2025-04-24,CIPLA,,,1533.7,1556,1524.9,1551.7,1590469,2460333453.5
2025-04-25,CIPLA,,,1556,1566.7,1513.5,1525.9,1353813,2072782757.2
2025-04-28,CIPLA,,,1525.9,1565,1525.9,1555.1,1207247,1874548828.6
2025-04-29,CIPLA,,,1555,1560.6,1531,1541.5,1385331,2137897014.9
2025-04-30,CIPLA,,,1542,1570.8,1538,1550.1,2315010,3597195037.9
2025-05-02,CIPLA,,,1537.5,1552.5,1513.5,1525.6,2020145,3089763539.7
2025-05-05,CIPLA,,,1532,1549,1528.3,1542.9,786898,1211760967.2
2025-05-06,CIPLA,,,1530,1531.9,1495,1511.4,1788719,2702333928.5
2025-05-07,CIPLA,,,1500,1517.8,1499.4,1508.8,1424662,2148507563.1
2025-05-08,CIPLA,,,1500,1508.7,1477.9,1486.8,2773328,4124299814.3
2025-05-09,CIPLA,,,1469.9,1486.4,1463.7,1480,1042380,1539234273.7
2025-05-12,CIPLA,,,1478,1516.9,1462.2,1511.6,1706217,2552908617
2025-05-13,CIPLA,,,1515,1539.9,1497.1,1520.1,4042184,6145003326.9
2025-05-14,CIPLA,,,1495,1505.9,1474.6,1494.8,3417567,5109212195
2025-05-15,CIPLA,,,1495,1512.9,1475,1502.2,3918531,5847495943.1
2025-05-16,CIPLA,,,1509.7,1510.2,1492,1499.9,1660861,2489937388.4
2025-05-19,CIPLA,,,1499.9,1511.7,1489,1491.6,1857648,2778579589.1
2025-05-20,CIPLA,,,1495.4,1497.8,1451.2,1454.4,3573210,5241649482.4
2025-05-21,CIPLA,,,1459,1491,1454.6,1482.4,2001251,2964910782.2
2025-05-22,CIPLA,,,1483,1489.7,1460.1,1468.5,1804507,2653607301.6
2025-05-23,CIPLA,,,1468.5,1489,1461,1484.2,915286,1356239562.9
2025-05-26,CIPLA,,,1486.1,1493.9,1478.5,1484.2,885022,1314112850.7
2025-05-27,CIPLA,,,1485.7,1491.9,1475.8,1480.5,881728,1307920477.1
2025-05-28,CIPLA,,,1485,1486,1465,1468.5,1090511,1607454975.6
2025-05-29,CIPLA,,,1475,1479.5,1463,1476.9,1384536,2038630166.1
2025-05-30,CIPLA,,,1476,1489,1457.1,1465.7,7040777,10334814359.9
2025-06-02,CIPLA,,,1468,1474.8,1458,1470.2,962897,1412818003.5
2025-06-03,CIPLA,,,1472.4,1479.4,1460.4,1473.2,870331,1277375916.5
2025-06-04,CIPLA,,,1473.2,1488,1465.9,1471.9,1297075,1914468201
2025-06-05,CIPLA,,,1476,1498.8,1475,1489.8,1570159,2340604397
2025-06-06,CIPLA,,,1489.8,1505.9,1484,1504.2,861882,1290308227.1
2025-06-09,CIPLA,,,1511.7,1511.7,1497,1506.6,689631,1037451743.3
2025-06-10,CIPLA,,,1508.9,1513.2,1505,1510.8,929786,1403579412.9
2025-06-11,CIPLA,,,1512.5,1527.9,1509.4,1521.7,1046396,1590008885
2025-06-12,CIPLA,,,1527,1537.9,1494.5,1502.8,1199034,1816015829.3
2025-06-13,CIPLA,,,1480,1510.5,1480,1505.2,874315,1312908036.5
2025-06-16,CIPLA,,,1501.9,1541,1499.8,1527,2679763,4098312671.1
2025-06-17,CIPLA,,,1527,1533.4,1495.5,1503.5,1334810,2011321388.1
2025-06-18,CIPLA,,,1503.5,1512.9,1495.9,1498.1,1075494,1615421075.5
2025-06-19,CIPLA,,,1502.4,1509.8,1480.2,1484,1124204,1673868989.6
2025-06-20,CIPLA,,,1484,1508.2,1481.1,1499.7,1917041,2875372132.9
2025-06-23,CIPLA,,,1499.7,1504.9,1482.1,1499.1,657381,983717579.9
2025-06-24,CIPLA,,,1506.7,1518.3,1500.2,1502.4,1351552,2037633707.6
2025-06-25,CIPLA,,,1509.9,1518,1500,1510,1032762,1557652727.8
2025-06-26,CIPLA,,,1511,1522.4,1503,1513.8,1440423,2178218721.8
2025-06-27,CIPLA,,,1502,1508.7,1492,1502.4,1851991,2776542263.2
2025-06-30,CIPLA,,,1509.4,1514.7,1500.2,1505.9,1053681,1587007075.2
2025-07-01,CIPLA,,,1505.9,1517.7,1496.2,1515.7,1112637,1678264836
2025-07-02,CIPLA,,,1515.7,1525,1493.3,1497.6,1273704,1916637392.2
2025-07-03,CIPLA,,,1504,1513.2,1498.8,1508.7,869963,1311775874.8
2025-07-04,CIPLA,,,1508.4,1521,1503.9,1513.3,1118483,1693313615.4
2025-07-07,CIPLA,,,1516,1519.2,1506.5,1510.5,1061434,1603881885.3
2025-07-08,CIPLA,,,1505.5,1510.5,1477.1,1488.3,2197699,3272536576.6
2025-07-09,CIPLA,,,1486,1501.7,1486,1491.7,1364142,2036758736.7
2025-07-10,CIPLA,,,1489,1490.9,1463.2,1477.8,2178068,3209884636.6
2025-07-11,CIPLA,,,1480,1490.5,1470,1485,920651,1363479974.9
2025-07-14,CIPLA,,,1488.9,1492.5,1476,1484,1554680,2309978930.7
2025-07-15,CIPLA,,,1483.8,1492.4,1469.4,1490.9,1203850,1785987258.2
2025-07-16,CIPLA,,,1485,1485,1468.2,1475.8,1569604,2319230207.9
2025-07-17,CIPLA,,,1475,1489,1472,1482.4,1349535,1998479924.1
2025-07-18,CIPLA,,,1481.1,1484.8,1470,1482.3,1001794,1480184509.1
2025-07-21,CIPLA,,,1481.1,1482.5,1468.5,1473.9,1198993,1767712607.2
2025-07-22,CIPLA,,,1475,1479.4,1454.5,1464.4,1908949,2793949081.6
2025-07-23,CIPLA,,,1465.3,1476.5,1462.4,1473.5,1268156,1863476363.2
2025-07-24,CIPLA,,,1470.5,1490,1470.3,1487.9,1389152,2058282911.3
2025-07-25,CIPLA,,,1485,1553.7,1469,1532.5,5226395,7991165768.9
2025-07-28,CIPLA,,,1541.2,1577,1520.5,1572,3843168,5985520368.5
2025-07-29,CIPLA,,,1563.4,1579.4,1559.6,1574,1303888,2049535134.5
2025-07-30,CIPLA,,,1574.3,1579.9,1551.2,1559.4,1390012,2170330242
2025-07-31,CIPLA,,,1540,1564.7,1536.6,1554.6,2457841,3803378426.3
2025-08-01,CIPLA,,,1544,1549.7,1494,1502.8,2109707,3184555321.5
2025-08-04,CIPLA,,,1510,1519.3,1505,1515.1,549494,831965145.3
2025-08-05,CIPLA,,,1513.5,1517.3,1491.1,1499.8,1156528,1736142191.7
2025-08-06,CIPLA,,,1498.8,1498.8,1475,1486.7,1157300,1716758712.2
2025-08-07,CIPLA,,,1476.1,1499.8,1464.1,1491,1882304,2779297781.5
2025-08-08,CIPLA,,,1483,1493.8,1478.3,1485.8,920270,1368549203.8
2025-08-11,CIPLA,,,1488,1514,1480.2,1504.8,898160,1346529169.2
2025-08-12,CIPLA,,,1504,1524.9,1501.1,1521.6,910349,1380391412.2
2025-08-13,CIPLA,,,1521.6,1567.8,1520.4,1561,1859765,2884739761.6
2025-08-14,CIPLA,,,1562.5,1574.8,1552,1564,2535958,3963796090.6
2025-08-18,CIPLA,,,1566.2,1572.8,1557.5,1565.2,1783835,2790666964.9
2025-08-19,CIPLA,,,1565.2,1568.7,1546.1,1548.9,898746,1399801141.7
2025-08-20,CIPLA,,,1539.2,1556.9,1533.4,1546.1,936556,1447911460.2
2025-08-21,CIPLA,,,1540.1,1596,1538.7,1592.8,1698280,2679984655.8
2025-08-22,CIPLA,,,1590,1602,1585,1592.8,1574526,2508015078
2025-08-25,CIPLA,,,1594,1607.8,1592,1601.2,1298471,2078396877.3
2025-08-26,CIPLA,,,1604,1604.1,1573,1579.8,2332380,3691950559.9
2025-08-28,CIPLA,,,1594,1594,1568.7,1580.3,1903230,3006812830.4
2025-08-29,CIPLA,,,1578.5,1596.4,1567.8,1589.4,1342344,2130076158.4
2025-09-01,CIPLA,,,1589.4,1598,1583,1587.2,783524,1246490913.6
2025-09-02,CIPLA,,,1587,1593,1563.3,1569.2,1161872,1829631947.2
2025-09-03,CIPLA,,,1570,1596.4,1569,1578.4,1160380,1836146112.3
2025-09-04,CIPLA,,,1599,1599,1573.7,1577.8,614470,970535050
2025-09-05,CIPLA,,,1577.8,1585.6,1550,1553.4,701865,1096288247.5
2025-09-08,CIPLA,,,1554.5,1564.9,1538.9,1541.2,588546,911898209.5
2025-09-09,CIPLA,,,1541.2,1555.2,1533.1,1551.6,788242,1221220604.6
2025-09-10,CIPLA,,,1555,1571,1553.9,1563.8,718311,1121943798.2
2025-09-11,CIPLA,,,1563.5,1570.5,1554.1,1560.8,732911,1144180613.4
2025-09-12,CIPLA,,,1562.1,1578.3,1562.1,1574.6,785508,1236182642
2025-09-15,CIPLA,,,1568,1579.8,1546.1,1548.3,758979,1181638808.1
2025-09-16,CIPLA,,,1556,1560.2,1550,1559,471395,733576107.3
2025-09-17,CIPLA,,,1556,1562.5,1549.1,1559.6,785651,1222389472.8
2025-09-18,CIPLA,,,1560,1580,1556.4,1578.2,874860,1374816417.4
2025-09-19,CIPLA,,,1581,1584.9,1557.5,1575.8,1464121,2301134701.1
2025-09-22,CIPLA,,,1575,1583.2,1540,1542.2,1257495,1952185553.2
2025-09-23,CIPLA,,,1542.2,1550.7,1517.5,1527.1,1487350,2271552854
2025-09-24,CIPLA,,,1527,1542.5,1520.3,1538,943785,1448131918.2
2025-09-25,CIPLA,,,1538,1544.8,1505.4,1509.7,2502680,3824899189.6
2025-09-26,CIPLA,,,1495.6,1504.9,1475.2,1499.4,2653841,3966306500.3
2025-09-29,CIPLA,,,1506.9,1527.3,1485.3,1488,1778220,2672090566.1
2025-09-30,CIPLA,,,1488.1,1506.6,1488.1,1503.3,1040806,1559759507
2025-10-01,CIPLA,,,1505,1517.4,1498.4,1513,1000285,1507760197
2025-10-03,CIPLA,,,1522,1537.8,1509.5,1517.7,1070489,1625388963.4
2025-10-06,CIPLA,,,1511,1520,1497.8,1513.1,772031,1166051011.6
2025-10-07,CIPLA,,,1514.9,1522,1506.2,1513.3,834623,1263551384.2
2025-10-08,CIPLA,,,1512,1519.3,1490.8,1494.6,1068066,1601464612
2025-10-09,CIPLA,,,1510,1516.7,1499.3,1513.1,878167,1326804317.5
2025-10-10,CIPLA,,,1513,1569,1506.9,1561.8,1495524,2316227890
2025-10-13,CIPLA,,,1559,1566.9,1550.1,1563.6,671620,1048349703.5
2025-10-14,CIPLA,,,1563,1566.1,1537.1,1552.3,1056222,1634670721.7
2025-10-15,CIPLA,,,1550,1564.8,1546,1558.7,1638237,2546126368.9
2025-10-16,CIPLA,,,1559,1572,1555.1,1569.4,989785,1549334899.3
2025-10-17,CIPLA,,,1565.3,1582.1,1558.4,1577.6,1222051,1918413090.5
2025-10-20,CIPLA,,,1590,1647,1577.9,1639.1,3372906,5457549407.1
2025-10-23,CIPLA,,,1665,1673,1638.1,1645.1,2150725,3554396741
2025-10-24,CIPLA,,,1625.1,1625.1,1581.1,1584.4,2941997,4695188218.9
2025-10-27,CIPLA,,,1585,1593.8,1575.2,1584,1213749,1919848505.5
2025-10-28,CIPLA,,,1585.8,1589.9,1562.1,1568.1,1489133,2342248827.2
2025-10-29,CIPLA,,,1575,1588,1571.7,1581.1,898965,1419980644.6
2025-10-30,CIPLA,,,1587,1593.3,1504,1540.1,4053965,6280513706.4
2025-10-31,CIPLA,,,1510.1,1529.4,1500,1501.3,3365093,5074603728.2
2025-11-03,CIPLA,,,1502.9,1514.9,1490.3,1511.5,1505905,2268452674.4
2025-11-04,CIPLA,,,1511.5,1524,1498.1,1503.3,1590643,2394456346
2025-11-06,CIPLA,,,1510.8,1512.9,1498,1501.5,1596245,2401036360.3
2025-11-07,CIPLA,,,1500,1510,1491.6,1505.7,1037508,1559139496.4
2025-11-10,CIPLA,,,1510,1516.7,1503.9,1511.5,1143959,1728217970.7
2025-11-11,CIPLA,,,1511.3,1517.5,1506.1,1514.9,850772,1287781867.4
2025-11-12,CIPLA,,,1514.9,1528.1,1514.1,1519.3,1179131,1792378997.4
2025-11-13,CIPLA,,,1520,1534.9,1515.4,1525.8,1217362,1856548362
2025-11-14,CIPLA,,,1526.9,1534.4,1522,1532.1,810970,1240584724.6
2025-11-17,CIPLA,,,1537.5,1538.4,1526.5,1535.6,912322,1399573787.9
2025-11-18,CIPLA,,,1530,1535,1512.1,1514.5,747913,1138090199.3
2025-11-19,CIPLA,,,1511.4,1529.6,1505.4,1526.8,1171078,1780428443.6
2025-11-20,CIPLA,,,1526.9,1534.8,1519.4,1529.2,896750,1371026814.5
2025-11-21,CIPLA,,,1521.1,1527,1507.7,1511.8,1126820,1711856332.3
2025-11-24,CIPLA,,,1515,1524.8,1500,1504,2801854,4226723518.5
2025-11-25,CIPLA,,,1500.2,1522.7,1500.2,1507.5,908386,1374723579.8
2025-11-26,CIPLA,,,1505,1525.5,1505,1523.8,1087736,1650416191.8
2025-11-27,CIPLA,,,1523.8,1531.5,1520.1,1525.2,810411,1236571062.4
2025-11-28,CIPLA,,,1525.2,1535.8,1520.6,1531.3,991042,1515030877
2025-12-01,CIPLA,,,1532,1536.3,1517.5,1523.1,1010599,1542296284.1
2025-12-02,CIPLA,,,1520,1531.5,1513.2,1516.6,1760512,2676757928.7
2025-12-03,CIPLA,,,1516.7,1522.8,1495.1,1508,1034323,1558686055.8
2025-12-04,CIPLA,,,1503.1,1525.7,1503.1,1521,726473,1100780177.7
2025-12-05,CIPLA,,,1525,1528,1513.6,1520.8,813485,1237322982.9
2025-12-08,CIPLA,,,1515.1,1520.5,1494.3,1497.6,1263559,1903241853.5
2025-12-09,CIPLA,,,1497.6,1502.4,1486.5,1490.6,1646840,2461199711.4
2025-12-10,CIPLA,,,1492,1505.7,1484.8,1490.9,1316274,1965838001.9
2025-12-11,CIPLA,,,1492,1513.4,1492,1512.3,606130,913151278
2025-12-12,CIPLA,,,1520,1524.7,1510.2,1517.4,1054050,1600414712.4
2025-12-15,CIPLA,,,1505,1515.5,1498,1508,855508,1290418662.7
2025-12-16,CIPLA,,,1500,1508.9,1496.1,1499.6,789492,1186104537.5
2025-12-17,CIPLA,,,1497.6,1505.3,1491,1496.9,1000116,1495286361.8
2025-12-18,CIPLA,,,1494.8,1511,1493.7,1498.9,974170,1461695780.3
2025-12-19,CIPLA,,,1495.5,1520.1,1495.5,1517.1,769045,1163180945.4
2025-12-22,CIPLA,,,1513,1522.5,1508.2,1512.9,757496,1147520544.1
2025-12-23,CIPLA,,,1520.4,1522,1498.3,1500.7,826988,1247486387.4
2025-12-24,CIPLA,,,1502.5,1508,1490.2,1496.3,1022767,1530728690
2025-12-26,CIPLA,,,1496.3,1510.9,1494,1506,951555,1433149333.2
2025-12-29,CIPLA,,,1506,1514.5,1492,1494,1077645,1616631844.5
2025-12-30,CIPLA,,,1494,1498.7,1475.9,1492.5,1993298,2963923809.3
2025-12-31,CIPLA,,,1492.5,1513.6,1490.1,1511.3,883966,1328607784.6
2026-01-01,CIPLA,,,1512,1512,1499,1500.9,228078,342494068.2
2026-01-02,CIPLA,,,1500.9,1517.8,1498.6,1511.6,964611,1456106338.9
2026-01-05,CIPLA,,,1511,1525,1507.2,1519.8,1532549,2325746394.6
2026-01-06,CIPLA,,,1519.8,1539.7,1519.8,1530.8,1614326,2469562443.4
2026-01-07,CIPLA,,,1516,1516,1455,1467.9,5076416,7486000314.2
2026-01-08,CIPLA,,,1467.9,1469.3,1458,1460.6,2651011,3877774466.2
2026-01-09,CIPLA,,,1464.7,1468.3,1456.1,1465.7,1804271,2640001017.7
2026-01-12,CIPLA,,,1464,1467.5,1444.2,1465.2,2380033,3467740374.1
2026-01-13,CIPLA,,,1460,1469.4,1436.6,1448.3,1909873,2760961730.9
2026-01-14,CIPLA,,,1443.8,1449.8,1425.7,1434.5,1775529,2545532622.7
2026-01-16,CIPLA,,,1379,1409.5,1367.2,1397.5,4333315,6036486145.6
2026-01-19,CIPLA,,,1396.5,1398.1,1371.9,1392.3,1653550,2291881551.1
2026-01-20,CIPLA,,,1392.3,1395.9,1375.4,1378.4,2040403,2822289276.2
2026-01-21,CIPLA,,,1378.4,1398.4,1363.8,1369.6,2306655,3169354486.4
2026-01-22,CIPLA,,,1381.2,1384.5,1366.7,1370.4,1536604,2111163716.4
2026-01-23,CIPLA,,,1372.2,1385.9,1303,1315,6590032,8805880479.8
2026-01-27,CIPLA,,,1300,1323.5,1281.7,1313,4109525,5373410448
2026-01-28,CIPLA,,,1313,1334.7,1310.1,1328.4,1535898,2028738828
2026-01-29,CIPLA,,,1325,1327.6,1307,1320.9,2099306,2765195036.5
2026-01-30,CIPLA,,,1319,1329.9,1314.4,1324,2157826,2853942958.6
2026-02-02,CIPLA,,,1330,1333,1293.1,1311.6,1832963,2390196641.7
2026-02-03,CIPLA,,,1365,1381.3,1319.6,1322.8,2711571,3606597437.3
2026-02-04,CIPLA,,,1322.8,1335.1,1315.8,1326.7,1590247,2113744882.8
2026-02-05,CIPLA,,,1335.9,1335.9,1321,1333.3,999810,1329399692.7
2026-02-06,CIPLA,,,1328,1335.7,1316.5,1330,1457970,1934921245.8
2026-02-09,CIPLA,,,1338,1352,1328,1342.5,1936551,2586332963.9
2026-02-10,CIPLA,,,1349.7,1358,1337,1342.1,1053439,1418124668.9
2026-02-11,CIPLA,,,1342.1,1352.4,1335,1349.9,830695,1118285131.5
2026-02-12,CIPLA,,,1349.9,1350,1321.6,1330,1613374,2149982825.4
2026-02-13,CIPLA,,,1328,1336.1,1315.8,1331.5,1236946,1642514525.7
2026-02-16,CIPLA,,,1331,1358,1327.5,1356.4,1616868,2178477639
2026-02-17,CIPLA,,,1350,1356,1340.1,1343.9,1413727,1901109818.1
2026-02-18,CIPLA,,,1350.8,1352.9,1338.1,1349.8,1119159,1503355112.1
2026-02-19,CIPLA,,,1349.8,1357,1323.7,1328.9,587384,786798875.5
2026-02-20,CIPLA,,,1328.9,1342.9,1324.3,1341.1,1551722,2074108235
2026-02-23,CIPLA,,,1335.9,1335.9,1308.8,1326.5,2435610,3225777163.1
2026-02-24,CIPLA,,,1326,1338.5,1316.5,1326.7,2109672,2798615050.7
2026-02-25,CIPLA,,,1326.7,1349,1326.7,1346.1,1018377,1366068840.4
2026-02-26,CIPLA,,,1352.8,1364.9,1343.3,1358.1,2013877,2724755688.5
2026-02-27,CIPLA,,,1353,1356.9,1338.5,1348.2,2609711,3514352815.6
2026-03-02,CIPLA,,,1313,1354.5,1313,1351.6,1899674,2548324241.5
2026-03-04,CIPLA,,,1348.2,1348.9,1311,1313.2,1938762,2567733353.2
2026-03-05,CIPLA,,,1314.9,1332.1,1314.9,1326.4,1184085,1566607176.5
2026-03-06,CIPLA,,,1326.1,1332.7,1315,1321.2,695774,921025773.3
2026-03-09,CIPLA,,,1309,1329.8,1292.7,1325,1674811,2202526793
2026-03-10,CIPLA,,,1323,1340.3,1317.5,1333.5,1050270,1397819963.8
2026-03-11,CIPLA,,,1325,1338.1,1324.9,1329.5,1268130,1689537868.4
2026-03-12,CIPLA,,,1325.1,1341.7,1319,1324.3,1405268,1865308392.4
2026-03-13,CIPLA,,,1324.3,1327.5,1301,1314.7,1346347,1770114360.8
2026-03-16,CIPLA,,,1314.7,1327.9,1291.6,1300,1496780,1949433285.7
2026-03-17,CIPLA,,,1300,1302.6,1275.6,1281.9,2034284,2616869916.2
2026-03-18,CIPLA,,,1282,1289.5,1264.6,1268.5,2226496,2838675043
2026-03-19,CIPLA,,,1253.9,1263.5,1235.4,1239.2,1080395,1348038063.6
2026-03-20,CIPLA,,,1250,1264,1248,1256.4,1151621,1447443927.2
2026-03-23,CIPLA,,,1252,1252.7,1217.8,1221.8,1295463,1599322190.6
2026-03-24,CIPLA,,,1235,1240,1216.6,1219.4,853054,1044557617.8
2026-03-25,CIPLA,,,1222.7,1252.9,1219,1244.4,1466775,1818679842.7
2026-03-27,CIPLA,,,1226.5,1249.2,1226.5,1242.3,2220695,2752406320.4
2026-03-30,CIPLA,,,1231.2,1235,1215,1224.2,2089130,2561093142.9
2026-04-01,CIPLA,,,1255,1257,1194,1195.9,2180444,2640543099.6
2026-04-02,CIPLA,,,1190,1196.6,1165.7,1192.4,3128666,3708949642.7
2026-04-06,CIPLA,,,1190.3,1206,1170,1200.9,2188849,2599666012.6
2026-04-07,CIPLA,,,1195,1210.4,1185.4,1202.4,2046737,2459683862.8
2026-04-08,CIPLA,,,1220,1223,1204.5,1215.9,2476674,3008582085.6
2026-04-09,CIPLA,,,1215.2,1231.2,1213.1,1224.4,2545266,3118015732.9
2026-04-10,CIPLA,,,1225.4,1239,1220.8,1229.5,2086385,2570446120.2
2026-04-13,CIPLA,,,1222.3,1222.3,1203.2,1211.1,1611654,1953015583.1
2026-04-15,CIPLA,,,1220,1228.7,1216.1,1227,1297882,1589556972.7
2026-04-16,CIPLA,,,1231,1235.5,1222.8,1230.5,1778133,2186901308.2
2026-04-17,CIPLA,,,1230.5,1244.5,1224.4,1240.8,2291092,2835448778.4
2026-04-20,CIPLA,,,1245,1246,1226,1229.5,1158618,1429801993
2026-04-21,CIPLA,,,1228.6,1236.4,1223.3,1232.5,1428292,1758930557.4
2026-04-22,CIPLA,,,1226,1240.8,1222,1236.3,1172238,1445366423.6
2026-04-23,CIPLA,,,1234.1,1308.4,1227.6,1305.9,5274028,6795227940.4
2026-04-24,CIPLA,,,1295,1303.9,1254.1,1295,4427307,5696241560.4
2026-04-27,CIPLA,,,1303.2,1320.7,1299,1317.2,1721187,2261250934.9
2026-04-28,CIPLA,,,1316,1326,1296.3,1306.5,1501522,1967285634.8
2026-04-29,CIPLA,,,1312,1322,1307.8,1317.6,986556,1299561507.3
2026-04-30,CIPLA,,,1317.9,1329.8,1305,1309.6,1370336,1801426900.2
2026-05-04,CIPLA,,,1320,1337.4,1313.6,1335,1088765,1448091013
2026-05-05,CIPLA,,,1339,1339.4,1316.4,1333.7,1051020,1395330904.5
2026-05-06,CIPLA,,,1340,1372,1333.1,1364.4,1854812,2520646241.2
2026-05-07,CIPLA,,,1370,1379.5,1360.1,1362.3,1248019,1709001228.1
2026-05-08,CIPLA,,,1355,1366.7,1341.3,1347,1044824,1410633012.1
2026-05-11,CIPLA,,,1347,1350,1300.1,1304.9,1428197,1881836572.8
2026-05-12,CIPLA,,,1304.6,1309,1289,1292.3,1398439,1816657775.9
2026-05-13,CIPLA,,,1279.1,1356.6,1274.7,1327.6,6015153,7947423229.4
2026-05-14,CIPLA,,,1362.2,1442,1362.2,1436.7,9166941,13015908271.6
2026-05-15,CIPLA,,,1436.7,1444.5,1425.2,1432.1,1138894,1634319913.7
2026-05-18,CIPLA,,,1422,1442.1,1411.8,1426.2,2013605,2872484314.1
2026-05-19,CIPLA,,,1420,1426.6,1408.7,1409.8,1379218,1954597003.8
2026-05-20,CIPLA,,,1392.3,1422.1,1392.3,1399.5,1316586,1855349288.6
2026-05-21,CIPLA,,,1406.5,1415.9,1397.7,1401.9,1145360,1609698638.3
2026-05-22,CIPLA,,,1409,1409.6,1392,1399.2,917323,1284767172.3
2026-05-25,CIPLA,,,1406,1420,1398.5,1413.9,668915,941641484
2026-05-26,CIPLA,,,1413.9,1422.6,1409.6,1417.5,1132793,1604530095.4
2026-05-27,CIPLA,,,1417.6,1432,1416,1418.2,937447,1334014636.7
2026-05-29,CIPLA,,,1411,1429.2,1382.7,1401,9540984,13394939611.7
2026-06-01,CIPLA,,,1410,1413.6,1386,1390.3,714608,998615421.5
2026-06-02,CIPLA,,,1380,1384.9,1358.2,1379.3,2290839,3144937490.9
2026-06-03,CIPLA,,,1375,1384.9,1365.3,1375.2,1520395,2091540490.5
2026-06-04,CIPLA,,,1365,1404.9,1354,1398.7,1548692,2147055144.8
2026-06-08,CIPLA,,,1397,1405,1383,1387.9,669481,932462569.4
2026-06-09,CIPLA,,,1383.1,1398.8,1373.6,1376.5,1419845,1963908862.8
2026-06-10,CIPLA,,,1374,1391.4,1371.1,1377,962642,1329449068.9
2026-06-11,CIPLA,,,1376.1,1391,1373.9,1383.3,654474,906034601.6
2026-06-12,CIPLA,,,1393.9,1396.1,1382.2,1389.4,805612,1119739391
2026-06-17,CIPLA,,,1380,1381.7,1341.1,1350.8,2014168,2720654810.2
2026-06-18,CIPLA,,,1353.2,1365,1348.7,1355.5,908719,1230953063.7
2026-06-19,CIPLA,,,1355,1362.3,1346.6,1351.8,1476650,1997744897.9
2026-06-23,CIPLA,,,1422.8,1461,1418.8,1433.1,4958067,7165043877.8
2026-06-24,CIPLA,,,1445.7,1451.9,1425.7,1437.9,2145293,3088825340.5
2026-06-25,CIPLA,,,1448,1453,1431,1440.1,1217683,1758041305.9
2026-06-29,CIPLA,,,1443.7,1490.1,1441.5,1454.1,4162869,6114676563.5
2026-06-30,CIPLA,,,1455.7,1480.8,1448.7,1465.4,2818077,4132146002
2026-07-01,CIPLA,,,1468,1472.1,1446,1456.7,753439,1097743791.8
2026-07-02,CIPLA,,,1465.4,1468.2,1452.7,1456,731416,1067114176.6
2026-07-03,CIPLA,,,1452,1471,1452,1458.2,1261674,1843686300.6
2026-07-06,CIPLA,,,1458.2,1474.7,1453.4,1472.3,769917,1129549485.1
2026-07-07,CIPLA,,,1472.3,1482,1449.2,1451.8,1164880,1705627584.6
2026-07-08,CIPLA,,,1453.3,1471.9,1428.9,1431.8,1163676,1686175587.3
2026-07-09,CIPLA,,,1430,1454.8,1426.4,1441.3,947375,1368661888.9
2026-07-10,CIPLA,,,1441.3,1454.5,1435,1439.4,745842,1076564320.4
2026-07-13,CIPLA,,,1439.4,1443,1420,1426.7,844670,1205958700.4
2026-07-14,CIPLA,,,1426.7,1454.5,1425.3,1438.1,1221695,1765672525.1
2026-07-15,CIPLA,,,1447,1453,1433,1438,924453,1334524309.3
2026-07-16,CIPLA,,,1439.9,1444,1426.6,1429.5,568731,815994963.3
2026-07-17,CIPLA,,,1429.5,1434,1404,1418.7,607055,859355909.4
2026-07-20,CIPLA,,,1425.7,1466.6,1419.5,1441.6,1494196,2165179429.5
2026-07-21,CIPLA,,,1442.1,1443.9,1414,1432.5,1341452,1919848000.2
2026-07-22,CIPLA,,,1423,1423,1395.7,1415.1,1722239,2428622116.9
2026-07-23,CIPLA,,,1409.1,1426.9,1366.1,1393,4248433,5918657890.7
2026-07-24,CIPLA,,,1390.1,1444.8,1390.1,1410.6,2917791,4154799266.5
2026-07-27,CIPLA,,,1412.6,1418.1,1392.8,1409.4,1162030,1635136950.9
2026-07-28,CIPLA,,,1426.7,1447.8,1426.7,1444.6,1621735,2334333796.6
2026-07-29,CIPLA,,,1451,1491.2,1442,1474.3,2192262,3230777375
2026-07-30,CIPLA,,,1478.8,1483.8,1464.1,1466.4,833068,1226702127.4
2026-07-31,CIPLA,,,1473.4,1478.8,1462.3,1473.2,1223370,1801945914.5
2026-08-03,CIPLA,,,1475,1480.6,1454.3,1474.4,811745,1190560929.2
2026-08-04,CIPLA,,,1469.6,1469.6,1449.3,1460,947279,1379048275
2026-08-05,CIPLA,,,1460,1463,1443.5,1458.8,973585,1416061422.1
2026-08-06,CIPLA,,,1461,1488.1,1461,1477,1462279,2161853861.5
2026-08-07,CIPLA,,,1477,1477,1462.1,1463.8,765193,1123150573.9
2026-08-10,CIPLA,,,1463.8,1483.7,1462,1467.7,662981,974267300.9
2026-08-11,CIPLA,,,1466.1,1469.8,1457.2,1463,958909,1402192541.8
2026-08-12,CIPLA,,,1460,1468.8,1456.1,1463,621021,908745296.9
2026-08-13,CIPLA,,,1458.1,1464.4,1456.2,1458.8,440742,643408519
2026-08-14,CIPLA,,,1457.5,1474.3,1449.2,1450,784917,1145773889.8
2026-08-17,CIPLA,,,1445.4,1449,1423.7,1431.5,756514,1081818730.4
2026-08-18,CIPLA,,,1431.5,1437.6,1428.4,1431.1,589396,844684444.7
2026-08-19,CIPLA,,,1429,1435.1,1415.4,1422,433654,616433522.5
2026-08-20,CIPLA,,,1430,1439.4,1427.5,1438,327752,470168195.4
2026-08-21,CIPLA,,,1433.4,1443.6,1408.6,1432.2,728275,1034848650.5
2026-08-24,CIPLA,,,1428,1442.3,1410.3,1437.9,1220646,1745178416.9
2026-08-25,CIPLA,,,1435.9,1435.9,1411.1,1422,799235,1133406114.5
2026-08-26,CIPLA,,,1413.5,1419.4,1401.1,1402.7,915493,1291884437.5
2026-08-27,CIPLA,,,1405,1420,1402.1,1420,533212,752764914.8
2026-08-28,CIPLA,,,1420,1423.9,1409.1,1423.5,377976,535696163.1
2026-08-31,CIPLA,,,1418,1426.1,1409.2,1409.2,977929,1382593743.9
2026-09-01,CIPLA,,,1420.9,1425.7,1406.5,1423,880100,1244470998.9
2026-09-02,CIPLA,,,1414,1417,1401.2,1412.8,578260,815335088.4
2026-09-03,CIPLA,,,1414,1415.4,1389.4,1394.7,549749,768895988.7
2026-09-04,CIPLA,,,1397.7,1399.1,1375.5,1385,1326180,1835806472.2
2026-09-07,CIPLA,,,1380,1395.7,1376.8,1395,606497,841806898.5
2026-09-08,CIPLA,,,1393.4,1398.4,1377.2,1384,728795,1007320302.8
2026-09-09,CIPLA,,,1380,1388.7,1363.1,1363.1,818773,1123891841.8
2026-09-10,CIPLA,,,1366.8,1380,1363.1,1373.3,826221,1133569672.8
2026-09-11,CIPLA,,,1373,1373,1347.7,1366,1681155,2282047041.8
2026-09-15,CIPLA,,,1355,1362.7,1347.7,1351,1225305,1660047265.7
2026-09-16,CIPLA,,,1351,1363.7,1344.3,1358,911572,1236664102.5
2026-09-17,CIPLA,,,1362.5,1385,1351.6,1376.3,730653,1003182854.5
2026-09-18,CIPLA,,,1371.7,1394.5,1371.7,1394.5,1386584,1920252386.4
