date,symbol,series,isin,open,high,low,close,volume,turnover
2010-01-04,SUNPHARMA,,,1538,1538,1501.1,1507.35,83117,125665311.5
2010-01-05,SUNPHARMA,,,1522,1558.8,1513.05,1552.65,123199,188624605.8
2010-01-06,SUNPHARMA,,,1555.05,1581.5,1532.1,1572.8,188249,294586839.2
2010-01-07,SUNPHARMA,,,1578.95,1578.95,1533.35,1548.85,92310,143754460.35
2010-01-08,SUNPHARMA,,,1555.8,1605,1550.05,1574.95,329808,521299132.45
2010-01-11,SUNPHARMA,,,1585.7,1594.4,1564.85,1574.7,103297,162609593.8
2010-01-12,SUNPHARMA,,,1574.7,1589.8,1548,1571.8,153408,240369965.5
2010-01-13,SUNPHARMA,,,1555,1573.65,1528.35,1547.8,93488,144561936.3
2010-01-14,SUNPHARMA,,,1570,1581,1550.25,1559.5,152030,237533188.75
2010-01-15,SUNPHARMA,,,1555,1567.5,1520,1525.1,116556,178651045.7
2010-01-18,SUNPHARMA,,,1525,1547.85,1510,1516.45,156122,239098730.6
2010-01-19,SUNPHARMA,,,1527,1527,1473.1,1485.9,85262,127780897.8
2010-01-20,SUNPHARMA,,,1480.05,1493.8,1465.8,1473.35,159656,235517401.8
2010-01-21,SUNPHARMA,,,1473,1493.8,1455,1464.85,141740,210008340.65
2010-01-22,SUNPHARMA,,,1450,1450,1400,1432,342349,488900103
2010-01-25,SUNPHARMA,,,1444.5,1456,1400,1444.5,219632,316162389.95
2010-01-27,SUNPHARMA,,,1436,1444.85,1402.9,1421,276758,393320652.6
2010-01-28,SUNPHARMA,,,1425,1489.95,1410.1,1446.2,339969,492977998.55
2010-01-29,SUNPHARMA,,,1420,1525,1420,1473.05,331405,480282698.85
2010-02-01,SUNPHARMA,,,1446.25,1524.9,1433.6,1506.5,268844,402089015.5
2010-02-02,SUNPHARMA,,,1518,1538.05,1485.1,1513.6,293951,445840340.6
2010-02-03,SUNPHARMA,,,1516,1535,1497.1,1501.45,122459,185952745.5
2010-02-04,SUNPHARMA,,,1512,1515,1470,1499.15,537830,806492296.85
2010-02-05,SUNPHARMA,,,1490,1499.7,1456,1473.9,362552,537828697.65
2010-02-08,SUNPHARMA,,,1498,1523,1471.1,1511.75,183397,274332645.4
2010-02-09,SUNPHARMA,,,1518,1551,1495,1542.35,162663,249280458.25
2010-02-10,SUNPHARMA,,,1535,1535.95,1503,1509.55,139032,211128841.35
2010-02-11,SUNPHARMA,,,1519,1534.5,1510,1520.35,84135,127885167.4
2010-02-15,SUNPHARMA,,,1518.85,1539.95,1506,1528.1,79053,120841251.8
2010-02-16,SUNPHARMA,,,1530.15,1563,1527.6,1544.45,168625,260746824.25
2010-02-17,SUNPHARMA,,,1543,1570,1529.1,1541.75,142758,222057407.15
2010-02-18,SUNPHARMA,,,1559,1559,1533.1,1545.1,49146,76025430.2
2010-02-19,SUNPHARMA,,,1532.1,1563.7,1517.15,1549.85,123427,190070971.9
2010-02-22,SUNPHARMA,,,1562,1566.8,1531.2,1535.8,58991,91388257.65
2010-02-23,SUNPHARMA,,,1535,1578.6,1535,1570.4,166449,260753030.6
2010-02-24,SUNPHARMA,,,1566,1571.9,1522,1527.5,154611,238462451
2010-02-25,SUNPHARMA,,,1520,1545,1505,1520.65,176306,267981436.6
2010-02-26,SUNPHARMA,,,1518,1579,1509,1539.7,160374,248087510.5
2010-03-02,SUNPHARMA,,,1547,1567.9,1531.15,1551.45,161666,250798395.25
2010-03-03,SUNPHARMA,,,1542,1578.5,1530.05,1561.85,265443,414788166.6
2010-03-04,SUNPHARMA,,,1558.5,1595,1550.15,1586.8,124995,196809598.55
2010-03-05,SUNPHARMA,,,1585,1618.2,1570.25,1612.7,143204,228769398.55
2010-03-08,SUNPHARMA,,,1620,1649.8,1611,1639.65,162210,265505921.35
2010-03-09,SUNPHARMA,,,1635,1662,1630.2,1654.8,132180,218432639.25
2010-03-10,SUNPHARMA,,,1655,1662,1640,1643.7,84676,139507769.6
2010-03-11,SUNPHARMA,,,1635.05,1705.9,1635.05,1693.15,226497,379549065.7
2010-03-12,SUNPHARMA,,,1700,1710,1644.95,1655.55,311646,523733630.95
2010-03-15,SUNPHARMA,,,1650,1663,1613.5,1623.05,166715,271731757.7
2010-03-16,SUNPHARMA,,,1638,1679.8,1613,1672.55,112645,185836492.65
2010-03-17,SUNPHARMA,,,1688,1722.9,1662,1687.75,259411,439166998
2010-03-18,SUNPHARMA,,,1687.25,1705.25,1685.25,1697.8,107876,182820291.3
2010-03-19,SUNPHARMA,,,1700,1704.8,1675,1698.1,123728,209401805.9
2010-03-22,SUNPHARMA,,,1682,1709,1676.1,1705.95,96197,163357256.1
2010-03-23,SUNPHARMA,,,1710,1717.95,1681.2,1690.35,138800,235039625.6
2010-03-25,SUNPHARMA,,,1690,1770,1690,1749.85,320256,554611212.8
2010-03-26,SUNPHARMA,,,1755,1785,1740.5,1769.7,139831,247464509.55
2010-03-29,SUNPHARMA,,,1764.5,1812,1751,1800.8,207810,373599031.15
2010-03-30,SUNPHARMA,,,1806,1806,1742.5,1753.2,127073,225123350.85
2010-03-31,SUNPHARMA,,,1775,1797.8,1750,1792,201299,359287203.25
2010-04-01,SUNPHARMA,,,1795,1812,1780.1,1804.05,167608,300819143.5
2010-04-05,SUNPHARMA,,,1810,1853,1800,1841.7,146485,267511475.55
2010-04-06,SUNPHARMA,,,1828,1848.8,1810.35,1821.85,91505,166623557.3
2010-04-07,SUNPHARMA,,,1812,1812,1790.15,1796.85,181312,325868029.4
2010-04-08,SUNPHARMA,,,1810,1820.95,1768,1773.55,148081,264451465.35
2010-04-09,SUNPHARMA,,,1779.9,1797,1765,1769.5,89964,159937090.85
2010-04-12,SUNPHARMA,,,1784.85,1819.5,1781.3,1797.6,237859,428508789.3
2010-04-13,SUNPHARMA,,,1802,1814.4,1770,1778.95,76919,137129981.8
2010-04-15,SUNPHARMA,,,1804,1819,1781.15,1799.35,103567,186593446
2010-04-16,SUNPHARMA,,,1819.75,1819.75,1791,1808.7,82914,150090674.05
2010-04-19,SUNPHARMA,,,1789,1791,1749,1763.1,81229,143573145.95
2010-04-20,SUNPHARMA,,,1777.7,1814.7,1745.6,1800,156702,278955035.65
2010-04-21,SUNPHARMA,,,1813,1813,1740,1746.55,260298,457718904.6
2010-04-22,SUNPHARMA,,,1746.55,1746.55,1700.1,1709.05,601550,1030195561.65
2010-04-23,SUNPHARMA,,,1715.15,1718,1677,1684.15,297723,502084538.8
2010-04-26,SUNPHARMA,,,1690,1690,1584,1603.15,879432,1411668306.45
2010-04-27,SUNPHARMA,,,1597.05,1627,1576.9,1596,676362,1081271872.55
2010-04-28,SUNPHARMA,,,1580,1633,1571.1,1623.1,452259,729470074
2010-04-29,SUNPHARMA,,,1626.6,1633,1578.15,1587.45,461742,735930447.5
2010-04-30,SUNPHARMA,,,1592,1605,1511,1571.2,301320,477260164
2010-05-03,SUNPHARMA,,,1574,1595,1562,1573.4,129665,205244520.4
2010-05-04,SUNPHARMA,,,1579,1593.8,1551,1557.35,149984,236525659.2
2010-05-05,SUNPHARMA,,,1550,1568,1522,1529,201630,310783729.2
2010-05-06,SUNPHARMA,,,1529,1569,1516,1560.25,446235,686111170.5
2010-05-07,SUNPHARMA,,,1550,1584,1522.2,1532.1,304699,471301922.85
2010-05-10,SUNPHARMA,,,1558,1578.7,1535.4,1548.35,182725,283324575.25
2010-05-11,SUNPHARMA,,,1550,1565.9,1533.6,1538.3,99847,154652716.4
2010-05-12,SUNPHARMA,,,1540,1590,1534.4,1564.95,129123,200959208.15
2010-05-13,SUNPHARMA,,,1587,1590,1560,1577,99983,157619493.85
2010-05-14,SUNPHARMA,,,1575,1599.9,1568,1591.95,224493,357419416.8
2010-05-17,SUNPHARMA,,,1581.9,1589,1550.3,1580.55,127108,199245548.2
2010-05-18,SUNPHARMA,,,1582,1595,1550.1,1560.2,174005,271471623.25
2010-05-19,SUNPHARMA,,,1565,1565,1548,1555.8,154050,239637209.55
2010-05-20,SUNPHARMA,,,1564,1579.8,1540,1563.9,100599,157092783.95
2010-05-21,SUNPHARMA,,,1544,1560,1520,1545.95,241199,373048296.35
2010-05-24,SUNPHARMA,,,1551.5,1565,1520,1548.2,303659,468488538.7
2010-05-25,SUNPHARMA,,,1536,1609.05,1532,1587.4,533589,845896429.55
2010-05-26,SUNPHARMA,,,1604,1620.6,1551.8,1569.3,672685,1061097800.25
2010-05-27,SUNPHARMA,,,1582,1649,1577.85,1635.15,604435,980880676.15
2010-05-28,SUNPHARMA,,,1650,1650,1621.5,1631.65,166683,272021975.1
2010-05-31,SUNPHARMA,,,1620,1674,1609.05,1664.15,134393,222493255.8
2010-06-01,SUNPHARMA,,,1669,1725.6,1657.05,1680.9,365175,620247442.15
2010-06-02,SUNPHARMA,,,1685,1698.65,1651.3,1682.5,233172,390907796.6
2010-06-03,SUNPHARMA,,,1691,1714.35,1691,1702.9,173937,296567222.25
2010-06-04,SUNPHARMA,,,1693.05,1717.5,1693.05,1704.8,66587,113385913.7
2010-06-07,SUNPHARMA,,,1682,1703,1662.9,1694.35,60101,101460559.4
2010-06-08,SUNPHARMA,,,1686.05,1705.85,1675,1687.2,98696,166883257.8
2010-06-09,SUNPHARMA,,,1699.9,1699.9,1666.3,1686.85,106387,178958284.9
2010-06-10,SUNPHARMA,,,1705,1709.95,1685.35,1702.45,116185,197318470.75
2010-06-11,SUNPHARMA,,,1719,1724.15,1666.15,1682.45,228693,384661845
2010-06-14,SUNPHARMA,,,1685,1707.9,1668.05,1702,139288,234400758.85
2010-06-15,SUNPHARMA,,,1698,1705,1681.1,1701.5,80469,136084940.05
2010-06-16,SUNPHARMA,,,1686,1708.9,1680,1702.8,117568,199065767.85
2010-06-17,SUNPHARMA,,,1705.9,1720,1685,1698.75,150837,257778000.45
2010-06-18,SUNPHARMA,,,1702,1721.85,1688,1713.35,115150,196102347.2
2010-06-21,SUNPHARMA,,,1717,1762,1717,1754.5,172601,301342259.95
2010-06-22,SUNPHARMA,,,1773,1783.9,1749.15,1761.65,191468,338552410.55
2010-06-23,SUNPHARMA,,,1775,1808,1763,1799.25,134876,240744509.8
2010-06-24,SUNPHARMA,,,1805,1825,1775,1809.8,198660,357387230.15
2010-06-25,SUNPHARMA,,,1807,1818.5,1782,1790.65,76088,137244666.55
2010-06-28,SUNPHARMA,,,1775.55,1812.5,1775,1790.75,85565,153664855.15
2010-06-29,SUNPHARMA,,,1790,1810,1753.1,1756.85,92466,164434915.75
2010-06-30,SUNPHARMA,,,1765,1799,1742,1785.1,211488,375031082.95
2010-07-01,SUNPHARMA,,,1780,1782,1743,1752.65,57007,100324349.95
2010-07-02,SUNPHARMA,,,1752.65,1775.8,1750,1755.8,128610,226310340.5
2010-07-05,SUNPHARMA,,,1742,1767,1735.3,1740.2,37878,66132072.5
2010-07-06,SUNPHARMA,,,1750,1808.6,1736.05,1799.85,216864,385354191.7
2010-07-07,SUNPHARMA,,,1785.55,1798.85,1764,1771.4,66715,118451241.55
2010-07-08,SUNPHARMA,,,1790,1796.85,1742.3,1752.8,82726,146067439.4
2010-07-09,SUNPHARMA,,,1752.8,1763,1735,1742.45,218232,380338446.9
2010-07-12,SUNPHARMA,,,1746,1757.95,1728,1742.15,95570,166107027.45
2010-07-13,SUNPHARMA,,,1740,1757,1727.55,1741.65,160589,279320074.8
2010-07-14,SUNPHARMA,,,1754.9,1756.95,1736.5,1744.35,139734,243730137.05
2010-07-15,SUNPHARMA,,,1744.35,1780,1730,1747.95,351862,616136712.1
2010-07-16,SUNPHARMA,,,1758.7,1759.55,1730.15,1740.25,193608,336887020.1
2010-07-19,SUNPHARMA,,,1733,1733,1697.3,1719.8,373025,640078060.1
2010-07-20,SUNPHARMA,,,1719,1743.1,1709.9,1723.2,261468,451834424.15
2010-07-21,SUNPHARMA,,,1730,1730,1711,1716.7,328647,563845481.85
2010-07-22,SUNPHARMA,,,1711.05,1752.5,1710,1747.5,71080,123306539.3
2010-07-23,SUNPHARMA,,,1760,1763.9,1734.1,1740.5,97069,169101368.55
2010-07-26,SUNPHARMA,,,1757,1764,1740,1759.85,64575,113378815.6
2010-07-27,SUNPHARMA,,,1761,1780,1761,1774.95,149585,265616865.2
2010-07-28,SUNPHARMA,,,1779.95,1813.6,1777,1807.4,441856,795103452.55
2010-07-29,SUNPHARMA,,,1810,1840,1764.7,1779.75,354091,640725692.7
2010-07-30,SUNPHARMA,,,1774.4,1804.95,1755.4,1768.6,199560,356425755.7
2010-08-02,SUNPHARMA,,,1770,1794,1762.1,1776.4,74389,132075393.05
2010-08-03,SUNPHARMA,,,1765.55,1797.9,1760,1789.35,87507,155778686
2010-08-04,SUNPHARMA,,,1782,1795,1761.15,1778.3,106130,187937623.85
2010-08-05,SUNPHARMA,,,1765.55,1789.9,1753.5,1763.35,110079,195249976.6
2010-08-06,SUNPHARMA,,,1756,1787.7,1756,1774.85,79432,141130480.15
2010-08-09,SUNPHARMA,,,1785,1788,1762.8,1767.35,46977,83022916.55
2010-08-10,SUNPHARMA,,,1772.45,1775,1750,1754.8,59695,105254109
2010-08-11,SUNPHARMA,,,1755,1764.9,1733.7,1747.95,96709,168676792.7
2010-08-12,SUNPHARMA,,,1735,1761.9,1727,1738.25,45710,79842442.85
2010-08-13,SUNPHARMA,,,1739.75,1755,1735.05,1750.9,57393,100358779.75
2010-08-16,SUNPHARMA,,,1755.1,1765,1705,1715.9,194736,336553238.95
2010-08-17,SUNPHARMA,,,1715.9,1724.5,1700.05,1706.7,132109,225848000.4
2010-08-18,SUNPHARMA,,,1714,1778.8,1701.2,1769,224388,393419954.95
2010-08-19,SUNPHARMA,,,1784.8,1809,1760.15,1790.55,194697,349451436.55
2010-08-20,SUNPHARMA,,,1805,1812.95,1783.95,1792.4,89241,160547783.65
2010-08-23,SUNPHARMA,,,1800,1857,1762.8,1785.95,79267,141481937.25
2010-08-24,SUNPHARMA,,,1790.5,1808,1775.25,1787.55,78471,140743412.7
2010-08-25,SUNPHARMA,,,1790,1807,1780,1787.45,77450,138898373.55
2010-08-26,SUNPHARMA,,,1798,1803,1751.7,1781.95,146115,261158818
2010-08-27,SUNPHARMA,,,1770.75,1783,1755.1,1773.25,125915,222967060.45
2010-08-30,SUNPHARMA,,,1775,1784,1745.25,1750.8,85705,150775336.4
2010-08-31,SUNPHARMA,,,1760,1785,1736.6,1762.4,237099,416045649.6
2010-09-01,SUNPHARMA,,,1750,1762,1740,1750.55,167764,293121991.35
2010-09-02,SUNPHARMA,,,1752,1764.7,1725.05,1733.25,84825,147611417.65
2010-09-03,SUNPHARMA,,,1730.6,1749,1715,1725.05,122888,212437480.45
2010-09-06,SUNPHARMA,,,1729,1740.95,1716.5,1728.5,108647,187596488.15
2010-09-07,SUNPHARMA,,,1735,1746,1720,1722.75,107846,186116760.95
2010-09-08,SUNPHARMA,,,1740,1848,1740,1753.85,1028166,1821547595.3
2010-09-09,SUNPHARMA,,,1775,1775,1741,1745.55,282152,494327565.25
2010-09-13,SUNPHARMA,,,1759.95,1762,1740,1754.5,198848,348008322.25
2010-09-14,SUNPHARMA,,,1756.7,1759,1742.5,1746.45,111533,195114146.05
2010-09-15,SUNPHARMA,,,1748.5,1812.35,1745.05,1805.9,363177,649229705.3
2010-09-16,SUNPHARMA,,,1815,1849,1776,1838.6,343526,628483222.55
2010-09-17,SUNPHARMA,,,1855,1891,1845.1,1874.1,294877,551106932.9
2010-09-20,SUNPHARMA,,,1899,1903,1852,1876.85,432733,812213144.35
2010-09-21,SUNPHARMA,,,1869.9,1947,1860.05,1930.75,340618,653302882.95
2010-09-22,SUNPHARMA,,,1949,1983.75,1914.7,1921.75,435779,847360069.25
2010-09-23,SUNPHARMA,,,1940,1963.9,1881,1888.4,308334,588460516.05
2010-09-24,SUNPHARMA,,,1899.95,1940,1881,1921.2,276887,530494950.1
2010-09-27,SUNPHARMA,,,1947.25,1961.95,1937.1,1945.6,156101,304350937.75
2010-09-28,SUNPHARMA,,,1934,1974,1934,1970.05,167477,328498562.8
2010-09-29,SUNPHARMA,,,1975,2015,1975,2000.65,338635,676354212.95
2010-09-30,SUNPHARMA,,,1996,2034.75,1996,2020.5,390269,788730777.2
2010-10-01,SUNPHARMA,,,2023,2049,2010,2030.35,150427,306462369.9
2010-10-04,SUNPHARMA,,,2064,2070,2040,2064.65,137040,282476467.15
2010-10-05,SUNPHARMA,,,2084.4,2084.4,2051.1,2061,147913,304995457.15
2010-10-06,SUNPHARMA,,,2078.35,2079.55,2037.1,2042.55,179863,369547227.55
2010-10-07,SUNPHARMA,,,2040,2065,2033.35,2038.65,87191,178609077.65
2010-10-08,SUNPHARMA,,,2039,2077,2021.6,2064.4,163660,337252399.4
2010-10-11,SUNPHARMA,,,2076,2099,2056.6,2070,87486,181611744.9
2010-10-12,SUNPHARMA,,,2099.8,2111.7,2052,2090.1,171368,355500810.15
2010-10-13,SUNPHARMA,,,2100,2119.9,2092,2104.95,266979,562496253.35
2010-10-14,SUNPHARMA,,,2120,2124.75,2095.15,2103.1,89539,188840932.05
2010-10-15,SUNPHARMA,,,2092.65,2099.95,2033,2039.55,211805,432672176.5
2010-10-18,SUNPHARMA,,,2099,2099,2018,2049.1,146396,300575198.5
2010-10-19,SUNPHARMA,,,2067,2067,2021.1,2047.85,117622,240773427.35
2010-10-20,SUNPHARMA,,,2032,2067,2015.05,2037.7,87187,178255182.65
2010-10-21,SUNPHARMA,,,2031.5,2130,2016.4,2120.9,171638,357222344.45
2010-10-22,SUNPHARMA,,,2125,2145,2096.3,2139.8,157258,334417939.25
2010-10-25,SUNPHARMA,,,2154,2157,2129,2137.75,85293,182812779.8
2010-10-26,SUNPHARMA,,,2146.95,2147,2113,2128.45,91081,193706614.95
2010-10-27,SUNPHARMA,,,2132,2132,2085.95,2099.1,85814,180937415.95
2010-10-28,SUNPHARMA,,,2113,2145,2075.4,2118,322325,680942580.55
2010-10-29,SUNPHARMA,,,2130,2130,2090,2110.05,190052,399233413.2
2010-11-01,SUNPHARMA,,,2169.5,2209,2149,2190.7,218657,474120019.9
2010-11-02,SUNPHARMA,,,2172,2204,2166.15,2190.45,84455,184874446.15
2010-11-03,SUNPHARMA,,,2192,2276.7,2192,2249.3,225839,508109818.1
2010-11-04,SUNPHARMA,,,2274,2274,2232,2241.75,95991,215784657.25
2010-11-05,SUNPHARMA,,,2295,2295,2255,2276.65,24389,55456165
2010-11-08,SUNPHARMA,,,2305,2344,2285,2294.95,157883,364096324.5
2010-11-09,SUNPHARMA,,,2302,2344.5,2275.8,2321.65,134328,308965290.65
2010-11-10,SUNPHARMA,,,2323,2345.05,2310,2322.1,62127,144874359.45
2010-11-11,SUNPHARMA,,,2324.25,2348,2308.55,2328,52843,122662349.3
2010-11-12,SUNPHARMA,,,2350,2383.95,2305,2321.6,135214,317255783.05
2010-11-15,SUNPHARMA,,,2290,2354.1,2276,2306.35,126360,292907428.15
2010-11-16,SUNPHARMA,,,2323,2350,2285.3,2303.9,130079,300185281.55
2010-11-18,SUNPHARMA,,,2348,2348,2275,2289,180943,416237941.55
2010-11-19,SUNPHARMA,,,2301.1,2306.95,2202,2214.85,233108,521765463.35
2010-11-22,SUNPHARMA,,,2235,2244.1,2148.75,2230.85,151406,334268388.55
2010-11-23,SUNPHARMA,,,2227.7,2299,2197.85,2276.1,118056,264003333.7
2010-11-24,SUNPHARMA,,,2283,2304,2254.7,2273.35,102895,235378716.6
2010-11-25,SUNPHARMA,,,455,474.75,445.2,454,972399,449345665.6
2010-11-26,SUNPHARMA,,,458.9,461.45,440.65,446.25,648534,291805311.2
2010-11-29,SUNPHARMA,,,453.95,454,442.1,449.8,415063,186346844.6
2010-11-30,SUNPHARMA,,,449.5,455,442.05,447.55,770527,344761959.95
2010-12-01,SUNPHARMA,,,450,453,445.05,448.65,512251,230284293.95
2010-12-02,SUNPHARMA,,,454.8,458.6,449.9,452.9,877770,398247257.55
2010-12-03,SUNPHARMA,,,453,456.4,443,444.9,755866,339529901.8
2010-12-06,SUNPHARMA,,,454,463,451,455.95,906166,413952856.2
2010-12-07,SUNPHARMA,,,459.9,467.75,457.7,463.35,1124846,520087865.75
2010-12-08,SUNPHARMA,,,460.05,462,454,458.4,585620,268362507.55
2010-12-09,SUNPHARMA,,,461,465,436.35,449.1,928803,425391062.85
2010-12-10,SUNPHARMA,,,452.5,459,437.2,449,427594,192803678.95
2010-12-13,SUNPHARMA,,,453.55,455,442.7,451.5,588727,264338339.25
2010-12-14,SUNPHARMA,,,455.8,458.9,447,452.45,818116,368912524.3
2010-12-15,SUNPHARMA,,,455,457.1,444,446.45,347466,155212795.25
2010-12-16,SUNPHARMA,,,450,451.9,441.25,450,530572,237230683.35
2010-12-20,SUNPHARMA,,,453.4,453.4,441,443.25,501140,222975871.6
2010-12-21,SUNPHARMA,,,440,443,423,428.15,2227008,953997770.9
2010-12-22,SUNPHARMA,,,435.5,435.5,430,431.2,1058257,457026139.35
2010-12-23,SUNPHARMA,,,434.5,458,431.1,452.95,995459,443913640.8
2010-12-24,SUNPHARMA,,,443,476,443,473.3,1580216,733944303
2010-12-27,SUNPHARMA,,,474,484.75,474,478.35,666470,319831986.3
2010-12-28,SUNPHARMA,,,475.5,485,470.65,483.25,1117346,536230465.5
2010-12-29,SUNPHARMA,,,485,485.4,476.6,480.3,1004896,483427996.9
2010-12-30,SUNPHARMA,,,485,488.25,473.2,482.45,1042573,501421019.1
2010-12-31,SUNPHARMA,,,484.8,489.6,479.05,484.95,772010,374298858.3
2011-01-03,SUNPHARMA,,,495,495,484.95,487.3,451017,219727015.75
2011-01-04,SUNPHARMA,,,487,492,482.15,489.9,786343,384665639.7
2011-01-05,SUNPHARMA,,,491.5,500,485.15,488.05,962712,475966566.95
2011-01-06,SUNPHARMA,,,490,503,489,500,729157,361418380.2
2011-01-07,SUNPHARMA,,,502.5,511.75,486.9,493.35,1317603,665547194.4
2011-01-10,SUNPHARMA,,,494.4,496,473.65,477,833340,401878211.65
2011-01-11,SUNPHARMA,,,473.05,499,468,475.8,786510,380012960.7
2011-01-12,SUNPHARMA,,,477.3,488.4,461.4,485.25,804126,381961153
2011-01-13,SUNPHARMA,,,481,487.95,474.15,483.1,860694,414375365.95
2011-01-14,SUNPHARMA,,,485.4,498.15,470,474.8,623349,301989924.75
2011-01-17,SUNPHARMA,,,475,484,463.15,465.4,564395,266049672.85
2011-01-18,SUNPHARMA,,,466,487.85,466,484.35,684216,327673340.15
2011-01-19,SUNPHARMA,,,485.3,489,470.45,484.45,1615499,776981566.3
2011-01-20,SUNPHARMA,,,484,496.35,476.8,488.4,1472372,721734631.25
2011-01-21,SUNPHARMA,,,483.5,492,482.15,485.35,352271,171529460.15
2011-01-24,SUNPHARMA,,,489,491.8,482,484.75,415080,202160275.75
2011-01-25,SUNPHARMA,,,487.5,491.6,471.15,473.7,479093,230343862.55
2011-01-27,SUNPHARMA,,,479.95,480.65,458.1,461.45,1078895,501616324.7
2011-01-28,SUNPHARMA,,,462,462,435.55,448.8,2194421,976823394.95
2011-01-31,SUNPHARMA,,,428.05,451.5,428.05,440.85,1368129,604477589.65
2011-02-01,SUNPHARMA,,,445.7,445.7,422.3,433.1,1208032,520456136.55
2011-02-02,SUNPHARMA,,,431.75,441.75,430,436.6,699505,305293986.35
2011-02-03,SUNPHARMA,,,433.05,440.5,428.15,437.3,1070553,467214316.6
2011-02-04,SUNPHARMA,,,432,446.85,411,416.55,1245026,538178611.5
2011-02-07,SUNPHARMA,,,416,418.7,406.35,410.1,685628,282923682.85
2011-02-08,SUNPHARMA,,,418,418,394.45,396.95,2321558,928004120
2011-02-09,SUNPHARMA,,,395,421.5,393.15,410,1694124,700216326.9
2011-02-10,SUNPHARMA,,,404.1,424.75,404.1,417.15,1612185,675757086.5
2011-02-11,SUNPHARMA,,,413.25,423.25,413.25,418.25,773130,323319261.4
2011-02-14,SUNPHARMA,,,417.5,429.9,415.1,425.8,1146290,485312919.7
2011-02-15,SUNPHARMA,,,424.1,427,414.25,423.85,739473,311316420.5
2011-02-16,SUNPHARMA,,,420.25,436.5,410.65,417.3,960284,409076419.65
2011-02-17,SUNPHARMA,,,419,429.45,411.45,424.45,1721630,729567213.6
2011-02-18,SUNPHARMA,,,423.3,429.95,423.05,426.1,1161148,494983944.5
2011-02-21,SUNPHARMA,,,422.1,432.4,422.1,430.4,775811,332880945.9
2011-02-22,SUNPHARMA,,,429.6,429.6,412,416.45,1264423,531423493.45
2011-02-23,SUNPHARMA,,,421.5,424.9,414.25,416.2,574004,239737193.25
2011-02-24,SUNPHARMA,,,416,419.85,403.55,406.85,2192889,900910984.1
2011-02-25,SUNPHARMA,,,412.85,421,410,417.55,1099172,456314102.4
2011-02-28,SUNPHARMA,,,419.8,432.25,416.05,423.5,1212939,515616846.55
2011-03-01,SUNPHARMA,,,426.3,450,426,446.2,1192430,526827399.95
2011-03-03,SUNPHARMA,,,440,445.4,427.2,430.4,1060862,462767955.35
2011-03-04,SUNPHARMA,,,434,445.25,430.1,432.35,1293944,568221776.2
2011-03-07,SUNPHARMA,,,429.9,429.9,412.5,416.6,854904,356393848.15
2011-03-08,SUNPHARMA,,,420,426.6,419.5,424,769577,326033917.7
2011-03-09,SUNPHARMA,,,423.55,429,411.4,415.55,1120492,465378292.6
2011-03-10,SUNPHARMA,,,417,420.95,410.15,417.3,1016826,422127747.8
2011-03-11,SUNPHARMA,,,416.8,424,415,420.55,630640,264914916.35
2011-03-14,SUNPHARMA,,,417,428,416.1,425.55,618475,261988505.3
2011-03-15,SUNPHARMA,,,416.55,434.85,412.55,427.65,1061219,452787509.6
2011-03-16,SUNPHARMA,,,426.05,441.9,426.05,440.1,587063,256378018
2011-03-17,SUNPHARMA,,,434.1,443.9,432,435.3,743270,326392813.1
2011-03-18,SUNPHARMA,,,438.9,439.5,430.5,434.7,618421,268858587.5
2011-03-21,SUNPHARMA,,,435.25,447.55,434.85,444.5,782039,347208657.4
2011-03-22,SUNPHARMA,,,443.5,456.9,439.2,450.6,863478,386877908.9
2011-03-23,SUNPHARMA,,,453,457.5,450,456.25,614754,279630007.65
2011-03-24,SUNPHARMA,,,455.5,461,453.05,455.1,457497,208875718.4
2011-03-25,SUNPHARMA,,,469.7,469.7,454.25,458,981489,450902416.5
2011-03-28,SUNPHARMA,,,455.15,460.1,438.3,442.75,1946615,863131015.85
2011-03-29,SUNPHARMA,,,438.15,446.55,438.15,442.7,1053193,468362626.65
2011-03-30,SUNPHARMA,,,448,449.5,441.15,444.85,856122,381304553.55
2011-03-31,SUNPHARMA,,,446,447,436.25,442.5,2696391,1196454968.1
2011-04-01,SUNPHARMA,,,442.3,446.95,441.2,445.3,974053,433478546.85
2011-04-04,SUNPHARMA,,,446,453.9,445.05,450,1145454,516208946.4
2011-04-05,SUNPHARMA,,,452,455.9,444.45,449.35,542191,243631562.5
2011-04-06,SUNPHARMA,,,448.5,449.15,440.5,443.9,520110,231058653.7
2011-04-07,SUNPHARMA,,,444.6,444.6,438.2,441.25,503341,221656048
2011-04-08,SUNPHARMA,,,440,446.7,440,441.65,509202,226438700.8
2011-04-11,SUNPHARMA,,,452.5,454.9,445.1,450.4,1513014,681170914.75
2011-04-13,SUNPHARMA,,,452.9,452.9,443.25,447.05,1072843,479546191.8
2011-04-15,SUNPHARMA,,,444.5,449.75,438.5,439.75,408924,181208623.45
2011-04-18,SUNPHARMA,,,440,446.5,430.15,434.65,719349,315413407
2011-04-19,SUNPHARMA,,,432.55,443,427.4,441.65,267543,116472177.7
2011-04-20,SUNPHARMA,,,445.15,447,439,445.9,514511,228977744.9
2011-04-21,SUNPHARMA,,,445.25,449,443.5,446.3,522828,233611411.15
2011-04-25,SUNPHARMA,,,447.95,450,443,446,394336,175862797.3
2011-04-26,SUNPHARMA,,,447,448.7,437.95,447.1,465072,206808480.6
2011-04-27,SUNPHARMA,,,447.95,448.25,440,442.55,329175,146029571.5
2011-04-28,SUNPHARMA,,,442.6,452.15,440.75,450.35,858439,384649009.85
2011-04-29,SUNPHARMA,,,449.55,469.5,449.55,465.75,1409230,653991886.75
2011-05-02,SUNPHARMA,,,467.4,477.9,463.3,465.3,1159085,545293508.4
2011-05-03,SUNPHARMA,,,462.5,468.95,444.1,448.25,780293,357350446.8
2011-05-04,SUNPHARMA,,,449,450.4,435,443.4,988532,437993212.7
2011-05-05,SUNPHARMA,,,439.55,444.25,432.5,438,654854,287463997.3
2011-05-06,SUNPHARMA,,,440,442,434.2,441.05,1852830,813588591.3
2011-05-09,SUNPHARMA,,,441.4,443.75,435,440.2,548716,241799794.4
2011-05-10,SUNPHARMA,,,440.9,440.9,425.65,430.7,557379,241956829.85
2011-05-11,SUNPHARMA,,,425,434,423.75,430.2,2014303,868060820.2
2011-05-12,SUNPHARMA,,,422,434.35,422,430.85,639019,275301963
2011-05-13,SUNPHARMA,,,427.25,437.95,424.2,427.3,1399085,605154499.05
2011-05-16,SUNPHARMA,,,428.5,443.25,428.45,440.45,1244731,548092243.95
2011-05-17,SUNPHARMA,,,437.6,449.8,437.6,441.6,1379645,611369068.3
2011-05-18,SUNPHARMA,,,440.3,444.7,428,432.5,1243936,541110068.45
2011-05-19,SUNPHARMA,,,436.85,436.85,424.45,427.25,433709,186890386.95
2011-05-20,SUNPHARMA,,,430.1,440.9,427.25,439.25,443833,193791124.25
2011-05-23,SUNPHARMA,,,435.25,437.7,422.65,424.85,529933,226202684.55
2011-05-24,SUNPHARMA,,,424.3,433.45,424,430.8,344550,147979774.45
2011-05-25,SUNPHARMA,,,431.95,442.45,431,438.15,702616,307605783.4
2011-05-26,SUNPHARMA,,,437.5,446.25,435.25,440.7,1726021,763299376.35
2011-05-27,SUNPHARMA,,,440,449.6,438,444.95,1786757,794793600
2011-05-30,SUNPHARMA,,,448.9,467.05,448,464.4,2612937,1205481705.1
2011-05-31,SUNPHARMA,,,465,481,465,477.45,1199267,569985645.1
2011-06-01,SUNPHARMA,,,473.7,481,466.75,469.95,531935,250288840.75
2011-06-02,SUNPHARMA,,,467.8,480.9,465.15,478.5,770084,366386047.75
2011-06-03,SUNPHARMA,,,475.1,485.1,464.7,467.65,491094,231989241.75
2011-06-06,SUNPHARMA,,,469.7,479.9,468.5,478,609786,289576375.15
2011-06-07,SUNPHARMA,,,473.6,492,473.6,490.1,1129841,549409964.5
2011-06-08,SUNPHARMA,,,491,492.5,477.2,478.6,848343,409029621.1
2011-06-09,SUNPHARMA,,,479,479.8,470.25,475,390013,184800983.9
2011-06-10,SUNPHARMA,,,476.25,482.5,468.1,472,569787,270746531.1
2011-06-13,SUNPHARMA,,,467.5,482,466.3,480.3,291536,138599380.35
2011-06-14,SUNPHARMA,,,478.05,489.9,478.05,487.8,653762,317852046.9
2011-06-15,SUNPHARMA,,,488.5,494.9,486.7,490.6,817702,401895451.7
2011-06-16,SUNPHARMA,,,482.05,499.2,482.05,494.2,939226,463560545.3
2011-06-17,SUNPHARMA,,,486,496.45,472.85,477.75,704296,338641253.2
2011-06-20,SUNPHARMA,,,484.1,492.7,471.85,476.75,1207266,580314807.55
2011-06-21,SUNPHARMA,,,477.45,490,477.25,488.2,789845,384133939.9
2011-06-22,SUNPHARMA,,,491.6,503.5,489,494.9,1872154,928759692
2011-06-23,SUNPHARMA,,,490.1,494,484.25,488.9,566065,276961408.9
2011-06-24,SUNPHARMA,,,489,491,480,490,1395165,677880474
2011-06-27,SUNPHARMA,,,483.25,499.95,483.25,491.6,645844,318880079.8
2011-06-28,SUNPHARMA,,,496,496.5,486.45,492,555628,272317209.05
2011-06-29,SUNPHARMA,,,492.5,502,491.7,497.45,898748,446803421.7
2011-06-30,SUNPHARMA,,,498,506.25,489.6,497.9,1692294,841856212.05
2011-07-01,SUNPHARMA,,,500,504,492.7,498,877844,437505573.35
2011-07-04,SUNPHARMA,,,503.95,503.95,497.3,499.85,642004,320735350
2011-07-05,SUNPHARMA,,,500,500.7,493.05,498.3,793221,393822106.3
2011-07-06,SUNPHARMA,,,498.5,502.6,494.5,497.15,744807,370219851.4
2011-07-07,SUNPHARMA,,,497.8,507.95,497.25,504.85,918503,462945883.15
2011-07-08,SUNPHARMA,,,507,512.5,500.9,502.8,321608,163315774.75
2011-07-11,SUNPHARMA,,,499.35,509.5,499.3,504.9,334228,169189856.55
2011-07-12,SUNPHARMA,,,502.1,510.75,495.05,500.1,344568,173303962.75
2011-07-13,SUNPHARMA,,,501.5,508.5,500.6,505,303542,152952727.45
2011-07-14,SUNPHARMA,,,505,518.9,500,511,721646,368005847.55
2011-07-15,SUNPHARMA,,,512.5,514.95,503.55,506.8,552287,280498163.35
2011-07-18,SUNPHARMA,,,503.3,509.95,500.05,500.7,442246,222719881.1
2011-07-19,SUNPHARMA,,,504,510,501.15,509.7,535829,271968115.95
2011-07-20,SUNPHARMA,,,511.15,513.5,501.45,502.2,248683,125917088.25
2011-07-21,SUNPHARMA,,,497,507,497,504.65,291527,146835398.9
2011-07-22,SUNPHARMA,,,509,516,506.4,512.25,466150,239030481.3
2011-07-25,SUNPHARMA,,,508.25,528.85,508,525.65,915743,478200577
2011-07-26,SUNPHARMA,,,529.9,540,510.3,515.65,801165,418580170.05
2011-07-27,SUNPHARMA,,,515,527.9,513,516.8,791870,411536609.7
2011-07-28,SUNPHARMA,,,512,524.75,508,519.45,2102270,1086851662.45
2011-07-29,SUNPHARMA,,,522,524.4,513.15,518.2,722197,375387074.15
2011-08-01,SUNPHARMA,,,518.5,527.2,518.25,523.2,629685,329951889.65
2011-08-02,SUNPHARMA,,,520,531.5,519,523.7,1539043,809395181.9
2011-08-03,SUNPHARMA,,,520.5,524.75,514.1,515.85,528450,274118753.85
2011-08-04,SUNPHARMA,,,514.55,518,498,501.05,556291,281909607.35
2011-08-05,SUNPHARMA,,,485.1,504,485.1,499,2375131,1179393225
2011-08-08,SUNPHARMA,,,490,503.8,483.6,497.25,1516104,749087235.9
2011-08-09,SUNPHARMA,,,478.5,490,476.1,481.7,1928862,926237635.9
2011-08-10,SUNPHARMA,,,492,492,476.05,482,1274271,615221467.85
2011-08-11,SUNPHARMA,,,476,490.5,476,481.8,934864,453632677.75
2011-08-12,SUNPHARMA,,,482.05,484.9,474,476.05,787686,377774964.2
2011-08-16,SUNPHARMA,,,477.5,484.2,472.65,473.85,221661,105953650.45
2011-08-17,SUNPHARMA,,,471,491,471,483.95,904545,438382509.9
2011-08-18,SUNPHARMA,,,484.5,488.4,475.1,478.85,321807,155139203.85
2011-08-19,SUNPHARMA,,,474,486,463.3,466.9,747276,350612126.6
2011-08-22,SUNPHARMA,,,465,473.9,451.35,467.55,1128299,520127802.95
2011-08-23,SUNPHARMA,,,470.45,474.3,465.6,471.5,520300,245101395.15
2011-08-24,SUNPHARMA,,,470.25,474.25,462.6,465.45,511333,238815925.75
2011-08-25,SUNPHARMA,,,472.7,480.5,465,470.6,1479940,700267110.15
2011-08-26,SUNPHARMA,,,468.65,477.9,456.9,465.35,716448,335993562.2
2011-08-29,SUNPHARMA,,,465,473.95,461,466.15,590642,275828119.4
2011-08-30,SUNPHARMA,,,468.35,496,467.3,491.6,1318495,636604615.85
2011-09-02,SUNPHARMA,,,502.7,510.8,498.55,505.95,2299232,1158099903.15
2011-09-05,SUNPHARMA,,,502,509.1,498.25,503.05,2724531,1367821567.1
2011-09-06,SUNPHARMA,,,503.2,504.75,486.4,491.85,780659,384293564.25
2011-09-07,SUNPHARMA,,,495.7,497.4,486.4,493.45,704458,345854912.7
2011-09-08,SUNPHARMA,,,493.1,505.4,488.55,491.5,1007292,501807353
2011-09-09,SUNPHARMA,,,493,495.45,477.1,482.75,691068,334876756.4
2011-09-12,SUNPHARMA,,,480,493.7,471.2,490.05,810523,391311445.5
2011-09-13,SUNPHARMA,,,491,495.9,480,482.6,729750,355818864.9
2011-09-14,SUNPHARMA,,,486.7,493.95,478,489.8,1866634,912426930.35
2011-09-15,SUNPHARMA,,,494.9,494.9,481.75,487.1,802551,390722341
2011-09-16,SUNPHARMA,,,483.05,496.7,479,485.95,1684803,819775077.35
2011-09-19,SUNPHARMA,,,497,497,470.55,473.5,802953,385193259
2011-09-20,SUNPHARMA,,,477,487,475.35,484.4,1005839,482982482.5
2011-09-21,SUNPHARMA,,,489.9,490,481.15,484.2,2122189,1029756314.3
2011-09-22,SUNPHARMA,,,479.8,479.8,464.6,469.05,843276,397230874.2
2011-09-23,SUNPHARMA,,,462.55,474,456.25,469.3,880874,409003150.3
2011-09-26,SUNPHARMA,,,472.75,475,455.25,466.85,1314475,611044108.1
2011-09-27,SUNPHARMA,,,472.4,475.2,465.1,467.25,1161287,543700436.9
2011-09-28,SUNPHARMA,,,472.85,473,460.5,471,1263539,589728923.75
2011-09-29,SUNPHARMA,,,466.5,471.85,464.2,466.05,1738096,810904623.15
2011-09-30,SUNPHARMA,,,466.5,466.5,456.35,462.5,2163617,998911263.25
2011-10-03,SUNPHARMA,,,455.25,468,453,461.95,958593,440349969.25
2011-10-04,SUNPHARMA,,,463,463.15,448.5,452.3,1200820,550621364
2011-10-05,SUNPHARMA,,,450,466,450,461.05,1051692,484303223.95
2011-10-07,SUNPHARMA,,,472.6,477.75,460.25,469.6,993707,464147975.45
2011-10-10,SUNPHARMA,,,465.55,472.4,462,463.05,734444,340902899.45
2011-10-11,SUNPHARMA,,,468,483.4,463.5,477.65,1339933,630137514.1
2011-10-12,SUNPHARMA,,,481.1,486.05,479,484.05,623972,300920729.75
2011-10-13,SUNPHARMA,,,482.65,486.55,474.2,476.35,794643,379560710.05
2011-10-14,SUNPHARMA,,,471.35,486.95,471.35,479.9,851642,410163502.65
2011-10-17,SUNPHARMA,,,479.5,480.35,465.55,472.05,558969,263718353.8
2011-10-18,SUNPHARMA,,,466.1,475.9,464.75,466.4,557858,261718237.85
2011-10-19,SUNPHARMA,,,468,485.45,468,483,777823,371924934.55
2011-10-20,SUNPHARMA,,,479.9,489.95,478.1,488.8,878963,427983569.05
2011-10-21,SUNPHARMA,,,493.4,497,484,487.45,703969,346511062.55
2011-10-24,SUNPHARMA,,,495,501,478.2,482.25,1026511,504835078.1
2011-10-25,SUNPHARMA,,,487,503.9,480.9,500.1,874766,432508741.65
2011-10-26,SUNPHARMA,,,499.5,505.9,496.7,503.75,157009,78957011.15
2011-10-28,SUNPHARMA,,,512,603,503.1,509.5,1293889,659518829.7
2011-10-31,SUNPHARMA,,,509,509,498.25,504.45,717430,361338674.55
2011-11-01,SUNPHARMA,,,500,515.9,500,505.95,1119129,572215618.65
2011-11-02,SUNPHARMA,,,505,513.1,504.55,509,612298,312886469.4
2011-11-03,SUNPHARMA,,,509,510.05,499,503.75,608660,306222204.3
2011-11-04,SUNPHARMA,,,510,514.45,504.6,513.15,964386,493513497.05
2011-11-08,SUNPHARMA,,,511,514.95,495,499.4,437718,220247843.9
2011-11-09,SUNPHARMA,,,497,499.5,488.3,490.7,592648,292666240.55
2011-11-11,SUNPHARMA,,,490.25,505.8,490,504.3,1308206,655098199.55
2011-11-14,SUNPHARMA,,,511.2,524.95,508.6,510.8,975784,505284615.55
2011-11-15,SUNPHARMA,,,506.25,515.8,502.6,504.85,472306,240391115.45
2011-11-16,SUNPHARMA,,,501.2,503.9,487,489.45,677989,334512320.45
2011-11-17,SUNPHARMA,,,493,501,486.25,492.45,1165213,577144801.25
2011-11-18,SUNPHARMA,,,492,502.7,491.5,498.6,891431,444282155.4
2011-11-21,SUNPHARMA,,,495.15,501.75,494,498.6,794495,396275465.2
2011-11-22,SUNPHARMA,,,494,506.9,494,502.65,1131190,568530495.15
2011-11-23,SUNPHARMA,,,503.05,507.75,494.2,497.5,928285,464185722.05
2011-11-24,SUNPHARMA,,,503,505.95,486.1,501.7,1029362,512168076.55
2011-11-25,SUNPHARMA,,,499,504,488.05,491.9,648053,321229030.85
2011-11-28,SUNPHARMA,,,495.5,518,490,513.5,750561,379227123.4
2011-11-29,SUNPHARMA,,,517.4,517.4,506.2,509.35,547283,279692814.85
2011-11-30,SUNPHARMA,,,508.1,529.5,508.1,525.5,1319707,684805845
2011-12-01,SUNPHARMA,,,531,534.95,518.15,522.7,809816,427632291.5
2011-12-02,SUNPHARMA,,,524.3,538,518.8,533.15,721697,380883905.85
2011-12-05,SUNPHARMA,,,534.55,539.95,522.1,524.6,605969,319609933.6
2011-12-07,SUNPHARMA,,,522.3,529.95,508.05,511.4,1270407,657963060.4
2011-12-08,SUNPHARMA,,,510,523,505,519.35,1197972,615482773.35
2011-12-09,SUNPHARMA,,,512.2,518.9,507.2,512.9,578091,297626103.75
2011-12-12,SUNPHARMA,,,516.05,520.65,502.1,504.85,588355,300266411.15
2011-12-13,SUNPHARMA,,,505,515,501,512.3,472718,241676411.3
2011-12-14,SUNPHARMA,,,509.5,529,509.5,521.4,1588739,830689343.9
2011-12-15,SUNPHARMA,,,515.2,525,515.2,522.7,1063581,555496375.1
2011-12-16,SUNPHARMA,,,518.1,526.05,504,514.1,750080,388408606.15
2011-12-19,SUNPHARMA,,,512.35,515.4,499,508.25,636908,322636129.95
2011-12-20,SUNPHARMA,,,513.7,513.7,497.8,500,1215637,612059481.4
2011-12-21,SUNPHARMA,,,506.55,507.1,492.3,499.35,1239195,618762809.2
2011-12-22,SUNPHARMA,,,500,500,494.45,496.15,1058991,526530117.45
2011-12-23,SUNPHARMA,,,501.9,501.9,495,498.75,579631,288950530.15
2011-12-26,SUNPHARMA,,,489,503.8,489,501.15,390799,195621106.85
2011-12-27,SUNPHARMA,,,504.45,509.7,496.8,499.25,700114,351124454.75
2011-12-28,SUNPHARMA,,,502.95,502.95,495,499.25,494221,246635920.7
2011-12-29,SUNPHARMA,,,500.6,500.7,492.2,496.6,614680,305123380.4
2011-12-30,SUNPHARMA,,,492.3,500,491.95,497.65,417023,207086504.3
2012-01-02,SUNPHARMA,,,500,500.35,488,495.2,765632,377718883.45
2012-01-03,SUNPHARMA,,,499,501,495.3,499.45,591866,295059066.1
2012-01-04,SUNPHARMA,,,500.1,506.75,493.5,501.25,1076200,539768373.6
2012-01-05,SUNPHARMA,,,502.95,511,497.4,499.85,1804272,912793996.15
2012-01-06,SUNPHARMA,,,498.85,505,495.5,499.95,1538981,770645194.95
2012-01-09,SUNPHARMA,,,506.4,508.45,499.15,505.5,966388,486095309.95
2012-01-10,SUNPHARMA,,,507.1,520,506.95,516.35,844949,435870420.15
2012-01-11,SUNPHARMA,,,519.25,524.4,510.25,520.65,485505,251964822.3
2012-01-12,SUNPHARMA,,,517.35,525.75,515.65,520.05,373242,194380674.6
2012-01-13,SUNPHARMA,,,520.15,522.9,509,513.6,486601,250829631.65
2012-01-16,SUNPHARMA,,,514,514,500,505.5,356514,179667196.45
2012-01-17,SUNPHARMA,,,506,519.05,504.5,516,922883,472569849.75
2012-01-18,SUNPHARMA,,,519.9,520.8,510.8,517.45,654925,337956236.4
2012-01-19,SUNPHARMA,,,520.35,532,515.25,527.15,751753,391855151.6
2012-01-20,SUNPHARMA,,,531.2,535.8,521,528.15,894072,473254634.55
2012-01-23,SUNPHARMA,,,530,534.9,520.3,522.95,351877,185861631.35
2012-01-24,SUNPHARMA,,,524.8,527.45,511.2,516.2,462005,240522930.3
2012-01-25,SUNPHARMA,,,519.8,521.2,514.3,517.3,592495,306536471.15
2012-01-27,SUNPHARMA,,,529.9,533.25,521.25,528.8,1153181,609704679.1
2012-01-30,SUNPHARMA,,,524.5,543.75,524.5,533.6,1530781,824282509.8
2012-01-31,SUNPHARMA,,,538.8,552,535.1,548.5,1006381,546860762.15
2012-02-01,SUNPHARMA,,,553.95,556.7,543.5,549.6,710133,390621546.8
2012-02-02,SUNPHARMA,,,551.15,554.45,535.15,543.9,1469533,802426613.5
2012-02-03,SUNPHARMA,,,540,558,540,556.3,1055652,585496265.55
2012-02-06,SUNPHARMA,,,561,565,539.65,547.15,897840,499987498.95
2012-02-07,SUNPHARMA,,,555.7,555.7,532.75,544.2,1257910,679474420.55
2012-02-08,SUNPHARMA,,,545.25,554.9,537.1,550.7,998504,547778490.3
2012-02-09,SUNPHARMA,,,551.4,556.2,539.85,542.75,1099982,598241097.4
2012-02-10,SUNPHARMA,,,544,545.15,538,541.45,955167,516988243.9
2012-02-13,SUNPHARMA,,,547,559.65,547,553.15,2010495,1113145837.4
2012-02-14,SUNPHARMA,,,554.75,557.9,550.25,554.6,856198,475155291.45
2012-02-15,SUNPHARMA,,,557.25,564.95,553.25,556.7,496097,277326546.65
2012-02-16,SUNPHARMA,,,539.5,547.8,535,541.1,1236383,669112076.1
2012-02-17,SUNPHARMA,,,545,547.95,537.3,542.1,1333617,721676044.4
2012-02-21,SUNPHARMA,,,544.9,549.8,539.4,543,1558102,846494552.65
2012-02-22,SUNPHARMA,,,548,553.55,544.1,548.85,747053,410664239.25
2012-02-23,SUNPHARMA,,,552.9,557.15,536.65,545.8,956801,524142944.95
2012-02-24,SUNPHARMA,,,549.8,551.9,538.15,547.8,594937,324938602.8
2012-02-27,SUNPHARMA,,,550,554.8,544.75,548.75,690442,379688917.5
2012-02-28,SUNPHARMA,,,545,552.85,543.15,546.35,435075,238493315.7
2012-02-29,SUNPHARMA,,,546.1,565.8,546.1,550.4,798286,442671348.6
2012-03-01,SUNPHARMA,,,553.95,564,548.7,550.35,670067,371904562.15
2012-03-02,SUNPHARMA,,,554.9,571.5,550.1,566.6,1206981,681554875.2
2012-03-05,SUNPHARMA,,,565.65,572.45,556,558.2,491070,277017620.2
2012-03-06,SUNPHARMA,,,558.2,568,554.45,559.1,577109,324516344
2012-03-07,SUNPHARMA,,,560,563,554.95,559,340828,190728764.95
2012-03-09,SUNPHARMA,,,567.5,576,562.2,570.15,834198,476796623.65
2012-03-12,SUNPHARMA,,,577.75,579.5,571,576.05,491194,283115381.85
2012-03-13,SUNPHARMA,,,574,590,574,583.8,841440,491655186.3
2012-03-14,SUNPHARMA,,,589.4,594,580.1,584.25,707335,415453177.6
2012-03-15,SUNPHARMA,,,588.35,590.9,583.1,586.45,726039,426088605.2
2012-03-16,SUNPHARMA,,,582.5,593.1,535.9,545.75,3984487,2217996463.4
2012-03-19,SUNPHARMA,,,543,557.05,542.55,555.45,2092887,1153713478.35
2012-03-20,SUNPHARMA,,,561.9,574.85,558,570.9,1249119,705862075.35
2012-03-21,SUNPHARMA,,,570,575.75,564.15,567.65,992061,564375453.4
2012-03-22,SUNPHARMA,,,573.9,576.65,560.5,565.5,1268599,722889849.05
2012-03-23,SUNPHARMA,,,573.25,584.9,559.2,580.4,968508,556919810
2012-03-26,SUNPHARMA,,,584,584,572.1,577.9,1273259,735491755.5
2012-03-27,SUNPHARMA,,,575,582,569.2,576.05,868328,500656329.15
2012-03-28,SUNPHARMA,,,579.7,586,560.25,568.05,464117,265103689.4
2012-03-29,SUNPHARMA,,,560.05,579.9,558.25,571.85,1092541,621325673.85
2012-03-30,SUNPHARMA,,,576.4,584.8,563.3,569.95,1148504,657081040.7
2012-04-02,SUNPHARMA,,,565.1,577.15,561.2,573.4,608961,348064549.15
2012-04-03,SUNPHARMA,,,576.3,577.05,567.15,569.05,425571,242682641.75
2012-04-04,SUNPHARMA,,,569.95,569.95,560.2,564.1,313826,176799673.45
2012-04-09,SUNPHARMA,,,560,564.95,554.5,559.15,280790,157324457.9
2012-04-10,SUNPHARMA,,,564,570,558.3,566.8,376288,212883737.4
2012-04-11,SUNPHARMA,,,557.55,580,557.55,576.6,488884,279239541.7
2012-04-12,SUNPHARMA,,,575.5,579.5,564.35,572.8,721237,411444518.45
2012-04-13,SUNPHARMA,,,572,592,572,585.4,1071300,627309857.75
2012-04-16,SUNPHARMA,,,588.85,588.95,576,577.85,315743,183221591.15
2012-04-17,SUNPHARMA,,,581.5,591.7,573.75,584.7,530174,309307093.15
2012-04-18,SUNPHARMA,,,588.05,601.5,588,596.65,500800,298732644.35
2012-04-19,SUNPHARMA,,,605.05,607,594.45,597.4,433389,260727301.55
2012-04-20,SUNPHARMA,,,599.6,605,585,588.8,759200,452392810.45
2012-04-23,SUNPHARMA,,,592.35,599.3,585.1,595.65,287158,170127522.8
2012-04-24,SUNPHARMA,,,595,604.95,591.5,595.45,998280,597221164.5
2012-04-25,SUNPHARMA,,,594.2,601,586.55,593.3,650856,387047906
2012-04-26,SUNPHARMA,,,596.8,599.7,587.35,597.4,629130,375326760.1
2012-04-27,SUNPHARMA,,,595.1,602,587,598.75,541080,321866656.95
2012-04-30,SUNPHARMA,,,595.6,608.8,589,603.1,685113,409570248.1
2012-05-02,SUNPHARMA,,,602.25,608.95,594.25,596.65,705476,424894153.15
2012-05-03,SUNPHARMA,,,595,604,591.5,599.55,312545,187090596.05
2012-05-04,SUNPHARMA,,,596.5,607.6,596.5,601.3,848728,510161333.3
2012-05-07,SUNPHARMA,,,596.5,604.95,595.15,600.25,420745,253030606.9
2012-05-08,SUNPHARMA,,,603.95,610.75,587.1,594.65,565723,340579707.6
2012-05-09,SUNPHARMA,,,591,602.9,585.35,599.75,436554,260658369.1
2012-05-10,SUNPHARMA,,,602,603,590.3,593.6,491377,293331158.4
2012-05-11,SUNPHARMA,,,591.15,594.7,566.4,571.1,893864,513338228.65
2012-05-14,SUNPHARMA,,,568.35,581,562,577.5,441317,252826385.9
2012-05-15,SUNPHARMA,,,572.05,598.5,570.15,594.85,630319,369976549.3
2012-05-16,SUNPHARMA,,,591.55,597.95,577.5,582.15,777597,456386106.05
2012-05-17,SUNPHARMA,,,584.1,589.7,572.65,579.95,953561,552516277.85
2012-05-18,SUNPHARMA,,,570.55,589.05,569.8,581.75,506211,293195501.75
2012-05-21,SUNPHARMA,,,577.05,597,576.25,594.9,519405,306553507.7
2012-05-22,SUNPHARMA,,,596.45,597,572,574.2,877758,509722270.9
2012-05-23,SUNPHARMA,,,574,574,559.25,570.6,977793,555335493.4
2012-05-24,SUNPHARMA,,,578,578,561.1,568.95,741034,419779588
2012-05-25,SUNPHARMA,,,575.05,578.85,567.75,569.55,556772,318980928.2
2012-05-28,SUNPHARMA,,,571.05,575,562.1,569.6,343129,195691055.35
2012-05-29,SUNPHARMA,,,572.1,577,563.5,565.75,671659,382376011
2012-05-30,SUNPHARMA,,,574.95,581.4,568.4,577.4,1570302,901774591.85
2012-05-31,SUNPHARMA,,,572.25,581.95,563.2,566.95,1777234,1017274614.8
2012-06-01,SUNPHARMA,,,561.35,571.65,561.35,569.05,685235,388947108.35
2012-06-04,SUNPHARMA,,,568.7,569.4,559.1,564.45,320859,180941640.35
2012-06-05,SUNPHARMA,,,562.4,569.25,553,559.25,443517,249771887.5
2012-06-06,SUNPHARMA,,,555.2,577.85,555.2,574.7,825538,469906045.65
2012-06-07,SUNPHARMA,,,576.2,580.9,572.3,578.5,493375,285034494.5
2012-06-08,SUNPHARMA,,,573.55,587.2,570.9,583.65,519851,300289601.25
2012-06-11,SUNPHARMA,,,585,587.4,575.3,578.55,507833,294879767.8
2012-06-12,SUNPHARMA,,,580.9,584.25,575.15,579.8,552060,320297174.1
2012-06-13,SUNPHARMA,,,580,595,579,593,768443,452331623
2012-06-14,SUNPHARMA,,,583,593.4,579.6,582.95,379966,223020454.85
2012-06-15,SUNPHARMA,,,583.7,596.5,583.7,594.2,443320,262718462.95
2012-06-18,SUNPHARMA,,,596.25,599.9,588.1,592.3,293798,174388321.85
2012-06-19,SUNPHARMA,,,586.85,601.9,586.85,598.05,509638,304989373.8
2012-06-20,SUNPHARMA,,,602.95,606.95,599,605.2,706751,426771574.45
2012-06-21,SUNPHARMA,,,601.5,619.05,601.5,614.25,682262,415852235.7
2012-06-22,SUNPHARMA,,,610.05,614.2,606.05,608.5,551430,335605216.85
2012-06-25,SUNPHARMA,,,610,617.5,608,609.3,526759,321911831.25
2012-06-26,SUNPHARMA,,,606,618.95,606,616.6,271446,167045616.3
2012-06-27,SUNPHARMA,,,618.35,626.9,616.3,622.95,712071,443944007.45
2012-06-28,SUNPHARMA,,,622,625,612.65,616,886943,548215272.45
2012-06-29,SUNPHARMA,,,618.25,644.8,618.25,635.8,1177612,749571877.75
2012-07-02,SUNPHARMA,,,636,639.65,630.35,634.7,829194,526155444.15
2012-07-03,SUNPHARMA,,,632.3,640,626.15,629.9,750471,474004385.1
2012-07-04,SUNPHARMA,,,631.6,635.4,623,633.7,529296,332750019.75
2012-07-05,SUNPHARMA,,,633.5,639.9,629.6,635.8,247109,156977630.3
2012-07-06,SUNPHARMA,,,630.25,636,630.25,633.9,239276,151622458.05
2012-07-09,SUNPHARMA,,,630.05,634.5,623.25,625.2,696208,435769541.25
2012-07-10,SUNPHARMA,,,626,629.9,622.6,626.85,1324380,828236676.05
2012-07-11,SUNPHARMA,,,621.5,627.65,617.5,623.95,745436,464023103.95
2012-07-12,SUNPHARMA,,,620,627.15,618.65,619.85,541793,336876784.75
2012-07-13,SUNPHARMA,,,618.5,621.55,614,616.35,473217,291911846.25
2012-07-16,SUNPHARMA,,,615,628.95,615,621.5,446726,278974574.55
2012-07-17,SUNPHARMA,,,625,637,625,627.8,673255,426089196.3
2012-07-18,SUNPHARMA,,,632.7,632.7,625,626.7,1055450,661854240.05
2012-07-19,SUNPHARMA,,,630,632,624.1,625.95,781525,489321074.75
2012-07-20,SUNPHARMA,,,623,627.6,621.45,624.95,454953,284340623.05
2012-07-23,SUNPHARMA,,,622,624.2,611,616.7,668940,413847466.6
2012-07-24,SUNPHARMA,,,618.4,618.4,606.05,608.45,1056269,642819763.7
2012-07-25,SUNPHARMA,,,610.7,617,605.75,611.25,743441,452678869.95
2012-07-26,SUNPHARMA,,,617.8,628.65,612,622.65,883472,550906468.3
2012-07-27,SUNPHARMA,,,631.7,634.7,617.6,632.45,668026,420627068.05
2012-07-30,SUNPHARMA,,,636.05,648.85,625.1,645.5,1000638,644976985.3
2012-07-31,SUNPHARMA,,,646.25,657,641.95,653.6,576883,375284777.05
2012-08-01,SUNPHARMA,,,655.5,661,646.4,659.85,747142,489290510.95
2012-08-02,SUNPHARMA,,,658,660,652.3,655.9,329472,216084947.2
2012-08-03,SUNPHARMA,,,654,663.5,648.5,659.95,820380,539518775.25
2012-08-06,SUNPHARMA,,,663,674.9,662.5,671.4,711972,477261438.45
2012-08-07,SUNPHARMA,,,679.9,684.2,666.55,669.7,530740,359025591.25
2012-08-08,SUNPHARMA,,,669.55,677.6,669.25,673.5,498081,334825792.5
2012-08-09,SUNPHARMA,,,674,683,672,676.35,431537,292326918.85
2012-08-10,SUNPHARMA,,,679.9,689.9,670.5,675.45,2277993,1545566684.05
2012-08-13,SUNPHARMA,,,680,689.05,677.1,682,823689,562562356.25
2012-08-14,SUNPHARMA,,,677,677,661,667.3,1447185,963940191.4
2012-08-16,SUNPHARMA,,,666,670.7,658.1,662.45,763891,508692157.85
2012-08-17,SUNPHARMA,,,660.4,667.85,658.2,661.05,951261,630424770.2
2012-08-21,SUNPHARMA,,,662,669.25,655.55,665.75,902605,599262355.25
2012-08-22,SUNPHARMA,,,665,675,662.7,664.2,932246,625445446.55
2012-08-23,SUNPHARMA,,,666.05,676.5,666.05,668.3,1191888,801398868.95
2012-08-24,SUNPHARMA,,,667,669.35,661,665.6,446866,297091021.5
2012-08-27,SUNPHARMA,,,667.5,671.05,663.15,669.95,495547,331011455.2
2012-08-28,SUNPHARMA,,,670,682.9,665.5,681.35,1455588,981065651.75
2012-08-29,SUNPHARMA,,,684.9,687,672.75,676.1,612368,415779072.1
2012-08-30,SUNPHARMA,,,676,680,670,672.05,1024730,689241615.7
2012-08-31,SUNPHARMA,,,672.1,675.7,660.5,668.4,593862,396172098.55
2012-09-03,SUNPHARMA,,,670.1,672.9,663.65,666.8,522248,348010387.8
2012-09-04,SUNPHARMA,,,667.7,669,656.4,661.7,464110,307417032.75
2012-09-05,SUNPHARMA,,,658,659.9,645.5,650.4,1129091,735773686.15
2012-09-06,SUNPHARMA,,,645.1,655.8,641.35,651.5,741745,480971504.85
2012-09-07,SUNPHARMA,,,656.1,665.55,656.1,664.6,592690,393133080.1
2012-09-10,SUNPHARMA,,,664.4,685.5,664.4,683.55,846260,575404133
2012-09-11,SUNPHARMA,,,686.05,693,679.65,685.05,603153,415382617.1
2012-09-12,SUNPHARMA,,,694,695.5,680,681.6,811199,555885472.65
2012-09-13,SUNPHARMA,,,682,683.95,673.3,676.6,781884,529493559.45
2012-09-14,SUNPHARMA,,,685.05,686.25,672.6,678.15,1108641,751979278.4
2012-09-17,SUNPHARMA,,,681.25,683.5,661.25,672.9,1907480,1284622256.4
2012-09-18,SUNPHARMA,,,670,684,666.25,673.8,1219388,821629144.45
2012-09-20,SUNPHARMA,,,668,679.9,666.05,671,972596,654580866.3
2012-09-21,SUNPHARMA,,,677,684.6,664,669.5,1679808,1129723519.8
2012-09-24,SUNPHARMA,,,668,682.7,666,679.45,766074,514676124.7
2012-09-25,SUNPHARMA,,,676,685.9,669,676.25,594203,403198304.2
2012-09-26,SUNPHARMA,,,671,682.45,669.6,675.7,633003,428398217.1
2012-09-27,SUNPHARMA,,,677,685.8,670,677.45,1096841,743000940.65
2012-09-28,SUNPHARMA,,,679,699.8,674,695.55,2607372,1783808729.6
2012-10-01,SUNPHARMA,,,700,702.95,689.3,693.15,631270,437884599.5
2012-10-03,SUNPHARMA,,,694,701.95,693.3,697.7,1156237,807772384.35
2012-10-04,SUNPHARMA,,,705,705,694,698.75,1541924,1075350303.65
2012-10-05,SUNPHARMA,,,700,700.85,580,682.55,1509580,1029222638.85
2012-10-08,SUNPHARMA,,,689,711.7,685.85,708.65,2175454,1538078816.9
2012-10-09,SUNPHARMA,,,710.1,728.5,710.1,723.5,1677504,1211098501.45
2012-10-10,SUNPHARMA,,,723,728.9,718,721.15,1005531,726134592.7
2012-10-11,SUNPHARMA,,,722,722.5,710.25,720.05,1381566,993771612.9
2012-10-12,SUNPHARMA,,,723,726.3,709.65,713.25,564572,404323948.9
2012-10-15,SUNPHARMA,,,718.7,719.7,710.05,714.8,638060,456285576.9
2012-10-16,SUNPHARMA,,,718.8,721.4,713.05,718.2,454518,326040634.65
2012-10-17,SUNPHARMA,,,721.05,723,710.1,711.5,375624,268551549.55
2012-10-18,SUNPHARMA,,,710.25,714.6,698.25,699.8,1194257,839922202.1
2012-10-19,SUNPHARMA,,,699.8,699.8,684.1,694.8,1764300,1219970601.65
2012-10-22,SUNPHARMA,,,694.9,700,680.5,699.1,584159,404733693.75
2012-10-23,SUNPHARMA,,,702.95,702.95,693.3,698,409028,285224468.65
2012-10-25,SUNPHARMA,,,703,703.65,690,694.9,837554,581889244.05
2012-10-26,SUNPHARMA,,,691.15,693.2,683,684.8,505126,346297691.25
2012-10-29,SUNPHARMA,,,684,690.45,680.05,687.8,234505,161249628.5
2012-10-30,SUNPHARMA,,,684.4,687.05,680.05,683.8,270156,184558960.15
2012-10-31,SUNPHARMA,,,677.2,697.45,677,694.15,951664,655294878.65
2012-11-01,SUNPHARMA,,,692,703.9,689.05,701.45,552838,386202997.6
2012-11-02,SUNPHARMA,,,703.55,707.6,693.15,696.95,788136,550199843.9
2012-11-05,SUNPHARMA,,,701.75,704.7,696.05,697.9,477544,333928899.8
2012-11-06,SUNPHARMA,,,696.7,704.35,691.6,698.4,589215,411094749.4
2012-11-07,SUNPHARMA,,,698.45,705.55,697.05,700.35,613875,430128193.95
2012-11-08,SUNPHARMA,,,700.9,714,690.2,696.55,1766603,1242344775.35
2012-11-09,SUNPHARMA,,,692.6,706.6,691,694.2,506131,353494385.5
2012-11-12,SUNPHARMA,,,698.7,699.85,684,691.95,369619,256276191.3
2012-11-13,SUNPHARMA,,,690.5,694.15,687.2,688.6,69030,47600541.45
2012-11-15,SUNPHARMA,,,686,689.4,656,684.2,1029788,693920757.55
2012-11-16,SUNPHARMA,,,682,690.5,675.75,679,716569,488831127.7
2012-11-19,SUNPHARMA,,,676,688.2,673.05,680.45,559068,379144411.6
2012-11-20,SUNPHARMA,,,683.25,685.5,672,683.1,466313,316023545.8
2012-11-21,SUNPHARMA,,,684.5,702.8,680.3,700.45,1195205,830807051.85
2012-11-22,SUNPHARMA,,,700,703,688.3,699.2,531383,370241994.35
2012-11-23,SUNPHARMA,,,695.2,708,691.4,705.3,735145,517901492.5
2012-11-26,SUNPHARMA,,,709.25,709.25,692.9,696.8,312488,218603039.2
2012-11-27,SUNPHARMA,,,697.05,702.5,694,699.95,550338,384552312.7
2012-11-29,SUNPHARMA,,,697,714.8,697,709.95,976024,692473595.3
2012-11-30,SUNPHARMA,,,710.1,714.95,705.25,709.85,796652,565016775.8
2012-12-03,SUNPHARMA,,,707.55,711.65,699.55,705.05,508931,359179733.85
2012-12-04,SUNPHARMA,,,702.6,710,701.5,703.8,455740,321390330.75
2012-12-05,SUNPHARMA,,,705.75,711,698.1,702.55,599429,422665854.15
2012-12-06,SUNPHARMA,,,701.1,708.95,692.9,703.15,1016471,711991330.35
2012-12-07,SUNPHARMA,,,700.1,706,694.5,699.9,688875,481284042.85
2012-12-10,SUNPHARMA,,,700,710.7,695,704.6,816923,571754827.25
2012-12-11,SUNPHARMA,,,709.85,736.95,706.55,715.6,1675239,1204281118.1
2012-12-12,SUNPHARMA,,,717.6,729.5,717.1,725.85,911500,660318818.8
2012-12-13,SUNPHARMA,,,728.05,729,713.5,718.55,728649,524635570.9
2012-12-14,SUNPHARMA,,,720.1,725.95,716.2,718.95,484899,348874029.05
2012-12-17,SUNPHARMA,,,714.1,724.8,714.1,721.05,1023831,738617185.6
2012-12-18,SUNPHARMA,,,726.75,739.2,725.15,736.95,1524043,1121674315.5
2012-12-19,SUNPHARMA,,,741,769.9,740.5,764.8,975820,735815785.1
2012-12-20,SUNPHARMA,,,769.8,775.9,744.25,747,846759,641772613.9
2012-12-21,SUNPHARMA,,,747,752,728.1,729.45,703753,517910456.45
2012-12-24,SUNPHARMA,,,732.9,745.3,725.4,740.85,600444,444622448.95
2012-12-26,SUNPHARMA,,,743.8,759.9,742.45,753.7,529843,399260043.7
2012-12-27,SUNPHARMA,,,758,763.1,742.5,745.5,714807,536357207.75
2012-12-28,SUNPHARMA,,,747.7,752.9,731.05,739.5,493193,365369111.65
2012-12-31,SUNPHARMA,,,739.6,741,733.1,736.25,195019,143525589.15
2013-01-01,SUNPHARMA,,,739.1,749.8,736.7,739.5,295994,219499702.05
2013-01-02,SUNPHARMA,,,740.1,747,739.6,740.9,521816,386939995.7
2013-01-03,SUNPHARMA,,,747.95,747.95,730.1,733.85,520439,382394297.15
2013-01-04,SUNPHARMA,,,737.5,737.5,726.45,735.15,515868,377880860.6
2013-01-07,SUNPHARMA,,,740.8,748.85,737.1,744.15,984321,732355506
2013-01-08,SUNPHARMA,,,745.05,760,745.05,754.45,1287401,972066301.85
2013-01-09,SUNPHARMA,,,755,766.65,751.55,761.2,909602,692659520.5
2013-01-10,SUNPHARMA,,,764,764.9,750.2,754.25,506198,382188109.95
2013-01-11,SUNPHARMA,,,753.5,755.55,735.1,739.25,591491,438238306.9
2013-01-14,SUNPHARMA,,,740.45,740.45,732,735.3,823886,604818567.9
2013-01-15,SUNPHARMA,,,735.1,735.65,726.2,730.2,392618,286634548.6
2013-01-16,SUNPHARMA,,,725.15,737.85,718,719.35,751734,544914163.1
2013-01-17,SUNPHARMA,,,720,721.65,712.35,717,900408,645366680.3
2013-01-18,SUNPHARMA,,,720,724,706,712.05,819725,584795557.15
2013-01-21,SUNPHARMA,,,712.5,714.1,694,699.85,1538951,1077972865.35
2013-01-22,SUNPHARMA,,,702.9,715.7,701.45,710.7,1129341,804121944.3
2013-01-23,SUNPHARMA,,,711,713.45,704.1,709.75,687762,487535807.05
2013-01-24,SUNPHARMA,,,708,718.8,705,710.25,656669,466682333.2
2013-01-25,SUNPHARMA,,,712.8,732.85,700,728.7,1134990,814116013.7
2013-01-28,SUNPHARMA,,,730,730.35,715.1,720.55,383642,276524779.95
2013-01-29,SUNPHARMA,,,717.2,728.9,708.2,711.35,411030,296480205.35
2013-01-30,SUNPHARMA,,,713.9,716.25,704.75,708.85,305948,217336524.4
2013-01-31,SUNPHARMA,,,703.25,724.3,703.25,718,726848,520735659
2013-02-01,SUNPHARMA,,,718.05,724,716.5,719.9,247159,178261372.75
2013-02-04,SUNPHARMA,,,718.05,726.75,715,719.7,670273,482816329.3
2013-02-05,SUNPHARMA,,,735,752,730.85,749.5,2160002,1611103862.95
2013-02-06,SUNPHARMA,,,754.3,760,745.5,748.5,1218690,915972804.45
2013-02-07,SUNPHARMA,,,746,754.75,745.05,749.5,809800,606263039.45
2013-02-08,SUNPHARMA,,,751.4,758,741.65,746.1,1665136,1248681310.75
2013-02-11,SUNPHARMA,,,751.3,754.75,746,749.35,915078,685971965.65
2013-02-12,SUNPHARMA,,,750,774.35,746.5,771.7,1226286,935964523.7
2013-02-13,SUNPHARMA,,,774,779.85,770,775.45,1112019,861982620.25
2013-02-14,SUNPHARMA,,,774.85,783.9,770.15,778.95,1032935,805066838.15
2013-02-15,SUNPHARMA,,,776,788.3,776,786.2,931706,731240044.3
2013-02-18,SUNPHARMA,,,787,794.95,782.2,788.05,831281,656253376.45
2013-02-19,SUNPHARMA,,,786.1,795,776.6,792.65,606068,476901075.9
2013-02-20,SUNPHARMA,,,795,804.8,790.3,799.3,947321,755540665.05
2013-02-21,SUNPHARMA,,,797.75,802,793.15,797.5,705378,562392866.45
2013-02-22,SUNPHARMA,,,799.9,813.95,799.1,811.55,1284899,1041306696.05
2013-02-25,SUNPHARMA,,,812,826,805.5,822.05,963844,785310590.9
2013-02-26,SUNPHARMA,,,823,823.05,797.35,799.4,530339,426524279.5
2013-02-27,SUNPHARMA,,,803.6,809.8,789.05,798.85,961968,769021039.7
2013-02-28,SUNPHARMA,,,802.25,813.95,795.75,802.15,2015671,1622357749.35
2013-03-01,SUNPHARMA,,,802.15,807,785.65,799.35,625052,497982630.3
2013-03-04,SUNPHARMA,,,798,810.8,791.8,799.1,1239368,992071625.35
2013-03-05,SUNPHARMA,,,800.7,806.8,792.6,798.95,580506,464731226.35
2013-03-06,SUNPHARMA,,,800.3,806,795,797.5,584206,467061889.25
2013-03-07,SUNPHARMA,,,798,815,795.1,810.25,834196,676084851.45
2013-03-08,SUNPHARMA,,,812,822.9,812,817.95,680629,556790632.55
2013-03-11,SUNPHARMA,,,820,838.65,816.5,833.4,1262194,1052466645.1
2013-03-12,SUNPHARMA,,,834.25,839.5,821,827.35,992153,824439842.45
2013-03-13,SUNPHARMA,,,834,839.8,830.55,837.4,1062780,888406047.4
2013-03-14,SUNPHARMA,,,839,843.05,828.5,830.15,1501835,1250511610.75
2013-03-15,SUNPHARMA,,,835,843.45,826.2,833.6,1131786,944357439.5
2013-03-18,SUNPHARMA,,,829.5,842,827.8,832.45,756878,632229112.65
2013-03-19,SUNPHARMA,,,835,848.8,830.65,839.05,1789804,1506775651
2013-03-20,SUNPHARMA,,,838,848.4,835.2,838.25,893613,752561038.65
2013-03-21,SUNPHARMA,,,838.25,844,830,831.3,753767,628228000.5
2013-03-22,SUNPHARMA,,,835,836.25,819.5,820.5,937373,773076608.6
2013-03-25,SUNPHARMA,,,827.15,828,817.6,820.45,1104853,906809367.55
2013-03-26,SUNPHARMA,,,818,825.45,814.3,823.7,733236,602023379.8
2013-03-28,SUNPHARMA,,,829.8,829.8,816.6,818.95,969007,794432485.45
2013-04-01,SUNPHARMA,,,816.05,824,810,812.65,264819,216096043.95
2013-04-02,SUNPHARMA,,,812.25,853.75,811.1,851.3,1205237,1010099841.15
2013-04-03,SUNPHARMA,,,852.95,877.1,849.5,864.3,1307968,1134111081
2013-04-04,SUNPHARMA,,,863,874.9,858.5,859.95,940787,814363852.4
2013-04-05,SUNPHARMA,,,863,869,851,859.35,486713,419983572.95
2013-04-08,SUNPHARMA,,,859.5,874.9,849,865.45,642766,557266713.15
2013-04-09,SUNPHARMA,,,862,874,860.25,867.8,946670,822412987.65
2013-04-10,SUNPHARMA,,,882,882,846.3,857.45,1014323,869800936.15
2013-04-11,SUNPHARMA,,,865,875,857.6,872.35,939360,813589320.85
2013-04-12,SUNPHARMA,,,877,882,865,869.75,435844,380686221.25
2013-04-15,SUNPHARMA,,,873,878,866,873,527057,460153081.9
2013-04-16,SUNPHARMA,,,870,894.9,869,889.4,557351,492152377.2
2013-04-17,SUNPHARMA,,,886.3,924,883.7,914.25,1392998,1269951710.25
2013-04-18,SUNPHARMA,,,915,924.9,908.15,916.25,853396,781195613.55
2013-04-22,SUNPHARMA,,,922,944.5,915.9,927.05,1269780,1181684421.35
2013-04-23,SUNPHARMA,,,924.2,953.45,924.2,949.95,683866,643336946.35
2013-04-25,SUNPHARMA,,,950.1,985.7,943.5,979.6,2258519,2183959922.95
2013-04-26,SUNPHARMA,,,972.5,975,954.35,956.1,1075006,1033566646.3
2013-04-29,SUNPHARMA,,,964,967.6,935.8,940.5,942890,895140238.25
2013-04-30,SUNPHARMA,,,942.05,964.95,940.6,951.05,709680,675869440.75
2013-05-02,SUNPHARMA,,,947.35,974.2,946.5,967.05,797107,768582889.45
2013-05-03,SUNPHARMA,,,970.8,989.4,962,984.7,1393988,1363564372.3
2013-05-06,SUNPHARMA,,,992.3,994.8,977.65,982.15,355313,349921788.2
2013-05-07,SUNPHARMA,,,991.9,998,986,990.95,982418,974866416.45
2013-05-08,SUNPHARMA,,,998.85,998.85,982.3,985.55,579197,572177742
2013-05-09,SUNPHARMA,,,982.25,985,943.6,948.25,1065480,1020232381.35
2013-05-10,SUNPHARMA,,,955.8,959.2,928.15,935.05,1132606,1062530966.5
2013-05-13,SUNPHARMA,,,959.7,962.65,940.25,943.9,988706,938867818.05
2013-05-14,SUNPHARMA,,,944.8,968,938,963.7,912245,871671817.35
2013-05-15,SUNPHARMA,,,961,976.15,957.5,974.05,1314231,1273579466.9
2013-05-16,SUNPHARMA,,,964,981.75,963.6,968.85,1067965,1037124535.05
2013-05-17,SUNPHARMA,,,970.1,976.6,958,966.15,414812,400545727.9
2013-05-20,SUNPHARMA,,,974.7,989.65,958.7,965.95,723640,707394918.35
2013-05-21,SUNPHARMA,,,959.15,980.5,959.15,973.95,794201,774124836.1
2013-05-22,SUNPHARMA,,,975.25,1013.7,975.25,1001.9,1203225,1201525378.85
2013-05-23,SUNPHARMA,,,980,1016.5,980,1006,1269829,1276149374.3
2013-05-24,SUNPHARMA,,,988.25,998.05,960.5,968.85,1311775,1280019075.35
2013-05-27,SUNPHARMA,,,970,1026,961.95,1013.7,1675158,1678321345
2013-05-28,SUNPHARMA,,,1021,1023,988.15,996.25,1596009,1600565813.85
2013-05-29,SUNPHARMA,,,1040.6,1080.7,1020,1065.75,3964939,4188237278.9
2013-05-30,SUNPHARMA,,,1060.2,1084.8,1058.8,1074.2,1373544,1475594953.55
2013-05-31,SUNPHARMA,,,1063.55,1071,1037,1044.1,2195681,2310685897.5
2013-06-03,SUNPHARMA,,,1034,1046.85,988.5,1017.65,1395800,1415558130.25
2013-06-04,SUNPHARMA,,,1010,1032.75,998.65,1018.25,1346558,1371896193.75
2013-06-05,SUNPHARMA,,,1025,1046,1011.1,1037,1294142,1337275231.35
2013-06-06,SUNPHARMA,,,1030.2,1033.85,1012.75,1018.1,780066,798281647.45
2013-06-07,SUNPHARMA,,,1008,1026.8,1007.05,1012.45,883937,898858869.85
2013-06-10,SUNPHARMA,,,1018,1019.8,988.1,998.65,1018633,1015888547.65
2013-06-11,SUNPHARMA,,,993.65,1001.45,976.6,982.4,1444002,1431618361.45
2013-06-12,SUNPHARMA,,,982.4,991.3,971.5,980.7,1115819,1092825365.55
2013-06-13,SUNPHARMA,,,933.25,964,915.7,949.4,3384289,3193630959.85
2013-06-14,SUNPHARMA,,,953.2,962,942,953.55,830546,790663174.7
2013-06-17,SUNPHARMA,,,955,985.9,947.1,972.7,966461,940639641.05
2013-06-18,SUNPHARMA,,,970.25,980.95,964,971.9,738384,717658704.55
2013-06-19,SUNPHARMA,,,965,977,953.3,961.25,643484,623433519.75
2013-06-20,SUNPHARMA,,,951,984.9,943,969.35,1558342,1516850873.6
2013-06-21,SUNPHARMA,,,968,971,943.15,948.5,1379041,1312492583.95
2013-06-24,SUNPHARMA,,,948,964.75,940.1,947.15,846081,805670775.05
2013-06-25,SUNPHARMA,,,947.8,959.15,942.65,948.75,1114908,1060751483.65
2013-06-26,SUNPHARMA,,,951,957,935.9,939.2,912772,867104661.25
2013-06-27,SUNPHARMA,,,945.5,999,945.5,971.6,2141902,2085787196.8
2013-06-28,SUNPHARMA,,,980,1016.1,980,1011.55,1804557,1813800819.3
2013-07-01,SUNPHARMA,,,1011.55,1027,1001.55,1005,710610,719013515.95
2013-07-02,SUNPHARMA,,,1008,1027.5,1000.15,1007.85,755380,765834678.05
2013-07-03,SUNPHARMA,,,1002.5,1022,991.95,1019.75,912769,922729336.85
2013-07-04,SUNPHARMA,,,1030,1116.6,995,1030.7,875549,902764721.1
2013-07-05,SUNPHARMA,,,1040,1046.9,1032,1035.75,538823,558994790
2013-07-08,SUNPHARMA,,,1036,1051,1027,1042.65,495317,515884606.3
2013-07-09,SUNPHARMA,,,1048,1094.1,1048,1079.7,1109833,1195883064.8
2013-07-10,SUNPHARMA,,,1082,1096.4,1066.1,1081.45,836677,906136898.85
2013-07-11,SUNPHARMA,,,1086,1108.7,1086,1095.35,577543,633881364.7
2013-07-12,SUNPHARMA,,,1110,1115,1090,1108.7,882583,971816708.35
2013-07-15,SUNPHARMA,,,1100.05,1123.7,1098.15,1110.95,679816,756575293.6
2013-07-16,SUNPHARMA,,,1104,1129.85,1101.6,1119.6,534177,599070845
2013-07-17,SUNPHARMA,,,1122.25,1131.55,1102.05,1112.8,1280473,1427786527.5
2013-07-18,SUNPHARMA,,,1120,1132.5,1110.1,1118.4,1033600,1158945783.8
2013-07-19,SUNPHARMA,,,1119,1126.6,1073.7,1080.15,1566850,1706816565.5
2013-07-22,SUNPHARMA,,,1080.15,1113,1068,1110,1024209,1126614653.5
2013-07-23,SUNPHARMA,,,1114,1117.45,1091,1106.5,892864,982895340.45
2013-07-24,SUNPHARMA,,,1105,1130.8,1102,1127.25,878083,985066706.25
2013-07-25,SUNPHARMA,,,1121.2,1131,1080.2,1095.3,1599093,1772207975.4
2013-07-26,SUNPHARMA,,,1108.9,1124.3,1101,1117.3,1274922,1425511291.75
2013-07-29,SUNPHARMA,,,565,575.7,560.05,569.25,836269,475551378.55
2013-07-30,SUNPHARMA,,,574.5,579.9,568.85,575.65,1805002,1035972718.3
2013-07-31,SUNPHARMA,,,578,581.1,560,565.3,3114492,1775610471.25
2013-08-01,SUNPHARMA,,,573,576,562.4,568.25,1343683,766118270.25
2013-08-02,SUNPHARMA,,,576.9,576.9,550.45,555.2,1152598,644485523.1
2013-08-05,SUNPHARMA,,,563.9,563.9,545.1,549.5,883575,488445542.85
2013-08-06,SUNPHARMA,,,548.15,548.95,535,538.3,1041651,563945187.75
2013-08-07,SUNPHARMA,,,540.5,541.3,515.2,522.05,1612383,853263853.9
2013-08-08,SUNPHARMA,,,512,518.9,495,505.7,3169712,1605920055.05
2013-08-12,SUNPHARMA,,,521,552,521,541.7,3185173,1727256629.35
2013-08-13,SUNPHARMA,,,542.35,551.7,533.2,547.45,1503470,822353254.95
2013-08-14,SUNPHARMA,,,546.1,559,538,550.55,1488108,819264940.05
2013-08-16,SUNPHARMA,,,548.15,553.9,535,542.45,3335121,1807139422.9
2013-08-19,SUNPHARMA,,,547,547,511.9,520.1,2188987,1139304779
2013-08-20,SUNPHARMA,,,514,514,491.25,507.35,2817923,1416674275.55
2013-08-21,SUNPHARMA,,,510,515.6,476.3,482.45,2632375,1296317897.3
2013-08-22,SUNPHARMA,,,481,507,475.35,502.2,2846075,1400650339.85
2013-08-23,SUNPHARMA,,,505.55,510.9,490,507.35,2992002,1502307722.9
2013-08-26,SUNPHARMA,,,514,522,510,517,1994208,1030011036.9
2013-08-27,SUNPHARMA,,,511.95,516.45,490,496.85,2859676,1428097287.2
2013-08-28,SUNPHARMA,,,496.85,513.5,476,505.4,2472852,1214350287.8
2013-08-29,SUNPHARMA,,,509,515,493.6,510.65,2769581,1403141761.25
2013-08-30,SUNPHARMA,,,514,541,503,521.2,3273711,1714971756.3
2013-09-02,SUNPHARMA,,,523.7,532.6,522.05,528.45,869098,459323634.5
2013-09-03,SUNPHARMA,,,534.5,534.5,504,512.8,1987746,1021556160.2
2013-09-04,SUNPHARMA,,,511,524.55,500,519.8,1578579,814783099.95
2013-09-05,SUNPHARMA,,,524.9,534.8,508.05,518.6,1488124,772638567.85
2013-09-06,SUNPHARMA,,,519,530.7,516.7,528.55,1312068,690222689.8
2013-09-10,SUNPHARMA,,,535,552.95,528.2,549.7,2074078,1126584092.15
2013-09-11,SUNPHARMA,,,550,569.9,543.55,561.35,2254248,1250169642.8
2013-09-12,SUNPHARMA,,,569.65,570.9,550,556.85,1469651,823104889.95
2013-09-13,SUNPHARMA,,,555,569.95,553.35,563.75,1155839,651872456.3
2013-09-16,SUNPHARMA,,,576.3,584.65,554,563.6,2130891,1200895074.25
2013-09-17,SUNPHARMA,,,558,562.9,541.25,544.5,1334776,730031696.05
2013-09-18,SUNPHARMA,,,547.7,553.55,535.55,549.3,2183797,1184189702.4
2013-09-19,SUNPHARMA,,,559.95,564.95,551.2,557.9,2484559,1388574220.35
2013-09-20,SUNPHARMA,,,563,573.85,557.2,566.1,2201410,1247886209.75
2013-09-23,SUNPHARMA,,,566,570.25,551.2,557.95,1350380,757211933.85
2013-09-24,SUNPHARMA,,,552.05,564.4,544.2,556.15,2809418,1557224993.1
2013-09-25,SUNPHARMA,,,556.2,570,556.2,569,2326436,1311870894.45
2013-09-26,SUNPHARMA,,,570,587,570,581.3,2734235,1590569724.05
2013-09-27,SUNPHARMA,,,585.95,597.5,585.95,589.85,2130839,1258743147
2013-09-30,SUNPHARMA,,,592,601.9,584.1,593.3,2639756,1564206296.65
2013-10-01,SUNPHARMA,,,594.7,598.35,588.15,590,1138970,672909571.3
2013-10-03,SUNPHARMA,,,596,608.5,592.4,600.9,2598595,1563588676.85
2013-10-04,SUNPHARMA,,,603.05,610,598,600.45,1181436,714794694.2
2013-10-07,SUNPHARMA,,,600,610.8,596.9,604.5,1336202,806724452
2013-10-08,SUNPHARMA,,,604.05,618.8,601,614.15,1463394,894236008.35
2013-10-09,SUNPHARMA,,,614,651.9,611.5,645.35,4011535,2546471446.75
2013-10-10,SUNPHARMA,,,647.5,650.85,636.25,639.55,1838930,1177184146.3
2013-10-11,SUNPHARMA,,,645,648,623.6,625.95,1640315,1033439648.15
2013-10-14,SUNPHARMA,,,628.4,632.5,618.5,626.1,1496466,937335943.85
2013-10-15,SUNPHARMA,,,628,629.8,616.5,623.65,1455200,906734914.85
2013-10-17,SUNPHARMA,,,626,632.5,615.45,620.3,1200221,747663574.1
2013-10-18,SUNPHARMA,,,621.2,634.1,621.2,632.15,1343916,845305424.25
2013-10-21,SUNPHARMA,,,635,635,625.6,630.95,962849,606425696.5
2013-10-22,SUNPHARMA,,,625.55,644.9,625.55,638.45,1672168,1056130920.75
2013-10-23,SUNPHARMA,,,645,645,617.1,621.35,2351330,1477694419.45
2013-10-24,SUNPHARMA,,,623.55,628.25,618.05,621.5,1978847,1234616624.7
2013-10-25,SUNPHARMA,,,620,622.95,602.6,610.85,1999798,1219228365.85
2013-10-28,SUNPHARMA,,,612,612.05,598.25,603.85,1382259,835586523.8
2013-10-29,SUNPHARMA,,,603.3,620,601.6,617.95,1702397,1044376576.55
2013-10-30,SUNPHARMA,,,617,621.85,613.45,618.5,1014012,626824301.05
2013-10-31,SUNPHARMA,,,619.7,619.7,605.1,608.8,1637900,1001558038.55
2013-11-01,SUNPHARMA,,,605.05,613.65,600.25,604.6,1261388,763394110.3
2013-11-05,SUNPHARMA,,,605.9,609,589.45,591.85,1834400,1092968733
2013-11-06,SUNPHARMA,,,591.55,608.35,585.1,602.4,2096377,1261385927.65
2013-11-07,SUNPHARMA,,,606,612.75,602,605.8,1170128,711082679.3
2013-11-08,SUNPHARMA,,,591.1,608.35,589.6,601.45,1358157,816771157.1
2013-11-11,SUNPHARMA,,,599.9,605.95,592.25,596.1,1181409,706318874.95
2013-11-12,SUNPHARMA,,,596.1,606.75,596,597.95,1467780,881943276.4
2013-11-13,SUNPHARMA,,,612,623.4,605,608.1,3626443,2228960551.05
2013-11-18,SUNPHARMA,,,608.4,612.4,596.65,610.75,1630019,990275281.05
2013-11-19,SUNPHARMA,,,611,615.45,604,606.15,732505,446018280.5
2013-11-20,SUNPHARMA,,,604,611,596,597.15,1709590,1028901377.85
2013-11-21,SUNPHARMA,,,596,597,580,581.15,1452156,848170572.25
2013-11-22,SUNPHARMA,,,583.95,584.5,568.3,574.95,2357262,1356679244.7
2013-11-25,SUNPHARMA,,,580,583,575.65,580.85,1461973,847240438.55
2013-11-26,SUNPHARMA,,,582,591.2,568.85,572.9,1596742,925046258.95
2013-11-27,SUNPHARMA,,,573,576,562.6,570.15,1622703,920847637.65
2013-11-28,SUNPHARMA,,,574.7,577,568,570.8,1932974,1106468907.45
2013-11-29,SUNPHARMA,,,567.3,578.55,567.3,572,1545324,886076394.3
2013-12-02,SUNPHARMA,,,572,598,572,595.35,2473184,1456379773.45
2013-12-03,SUNPHARMA,,,598,601.9,587,592.9,2312310,1371387861.6
2013-12-04,SUNPHARMA,,,596,596.25,585.5,590.85,1827528,1078770763.3
2013-12-05,SUNPHARMA,,,597,599,574.5,576.6,1924907,1119591104
2013-12-06,SUNPHARMA,,,576.9,584,576.25,581.3,1777758,1033695714.35
2013-12-09,SUNPHARMA,,,597,597,579.5,586.45,1855333,1084926414.2
2013-12-10,SUNPHARMA,,,584,590,581.3,585.9,2238009,1309070698.85
2013-12-11,SUNPHARMA,,,586,590,580.2,583.35,1255720,733259813.4
2013-12-12,SUNPHARMA,,,578,581.95,571.6,574.35,1992788,1151527038.25
2013-12-13,SUNPHARMA,,,568.55,579.05,568.55,571.15,1832997,1048379549.7
2013-12-16,SUNPHARMA,,,570.15,572.25,553.55,556.15,1869314,1045590448.15
2013-12-17,SUNPHARMA,,,558.6,571.85,558.4,568.15,2319899,1315143289.2
2013-12-18,SUNPHARMA,,,568.9,578.6,568.1,573.15,1508344,865490681.4
2013-12-19,SUNPHARMA,,,570.55,587.35,568.15,582.9,1902173,1105050697.4
2013-12-20,SUNPHARMA,,,585.8,585.8,570,578.9,1648085,949007985.55
2013-12-23,SUNPHARMA,,,575.9,584.8,574.65,576.25,917638,532292585.6
2013-12-24,SUNPHARMA,,,579.4,581.7,565.25,567.3,1898741,1089300199.25
2013-12-26,SUNPHARMA,,,569,576.35,566.6,569.9,2233222,1276172302.55
2013-12-27,SUNPHARMA,,,573.8,578.75,569,575.95,1141946,656612534.45
2013-12-30,SUNPHARMA,,,576,578.3,566.6,569.5,1104114,629974219.15
2013-12-31,SUNPHARMA,,,570,572.85,565.6,567.45,930750,528691484.9
2014-01-01,SUNPHARMA,,,568.25,574,568.1,572.35,425464,243047268.15
2014-01-02,SUNPHARMA,,,572.1,585,570,573.85,1311399,759018758.1
2014-01-03,SUNPHARMA,,,575,581.4,570,579.7,1443488,829992683.3
2014-01-06,SUNPHARMA,,,583,590.85,579.45,588.25,1832494,1076034456.35
2014-01-07,SUNPHARMA,,,593,599,589.2,594.2,2986634,1777959940.85
2014-01-08,SUNPHARMA,,,600,610,598.35,600.9,2427891,1467638496.3
2014-01-09,SUNPHARMA,,,600.9,609.4,599.2,607,1867544,1128106353.45
2014-01-10,SUNPHARMA,,,607,617.7,605.1,609.4,2548423,1557927997.6
2014-01-13,SUNPHARMA,,,610,615.25,596.35,602.35,1570396,949675741.5
2014-01-14,SUNPHARMA,,,600,606.75,597.8,603.55,2626299,1577022334.6
2014-01-15,SUNPHARMA,,,604,610.95,601.15,603.5,1582614,958553160.6
2014-01-16,SUNPHARMA,,,604,606.25,590.35,592.75,905324,539909155.5
2014-01-17,SUNPHARMA,,,591.75,600.5,590,594,1276748,762711938.3
2014-01-20,SUNPHARMA,,,595,600,586,589.4,1022330,603339439.3
2014-01-21,SUNPHARMA,,,594,594,577.6,580.35,1435394,836603555.7
2014-01-22,SUNPHARMA,,,580.35,599.9,576.65,597.45,3419248,2014185655.35
2014-01-23,SUNPHARMA,,,598.55,612.5,598.55,609.35,2954935,1796021854.3
2014-01-24,SUNPHARMA,,,607.95,614.7,599,603.6,1467628,888487563.45
2014-01-27,SUNPHARMA,,,597.95,613.8,594.15,597.8,2991060,1805870632.95
2014-01-28,SUNPHARMA,,,597.5,604.25,580.05,581.9,1935622,1136436555.9
2014-01-29,SUNPHARMA,,,588,604.9,585.9,591.45,2412064,1440254428.6
2014-01-30,SUNPHARMA,,,592.95,599,580.25,593.6,1443395,850704152.3
2014-01-31,SUNPHARMA,,,595.9,598.55,584,588.7,1585472,932721399.25
2014-02-03,SUNPHARMA,,,588.2,600.9,588.2,594.3,1640565,976216321.95
2014-02-04,SUNPHARMA,,,594.35,594.35,584.2,587.75,1873420,1104686322.4
2014-02-05,SUNPHARMA,,,587.85,596.5,583,583.6,2300454,1351091702.9
2014-02-06,SUNPHARMA,,,587.85,592.9,581.5,584.9,1773116,1038732940.05
2014-02-07,SUNPHARMA,,,590.95,603.8,586.1,601.65,3201995,1921200957.75
2014-02-10,SUNPHARMA,,,605.5,614.7,604,611.65,1472255,899827949.3
2014-02-11,SUNPHARMA,,,616.95,624.4,607,608.3,2483629,1526976523.05
2014-02-12,SUNPHARMA,,,614,619.65,610,611.05,1815098,1114790110.65
2014-02-13,SUNPHARMA,,,615,623.2,610.3,615.3,3135266,1934232018.8
2014-02-14,SUNPHARMA,,,622.5,626.5,605.2,609.05,3027378,1866115257.15
2014-02-17,SUNPHARMA,,,610,614.2,601.1,605.1,998680,604301107.95
2014-02-18,SUNPHARMA,,,605,611.9,604,609.75,873040,531704764.95
2014-02-19,SUNPHARMA,,,613,625.7,611.2,623.3,2157227,1339615858.9
2014-02-20,SUNPHARMA,,,620.35,628.8,617.8,619.65,1270381,792036860.65
2014-02-21,SUNPHARMA,,,622,624.2,611.55,615.15,1461648,901923562.75
2014-02-24,SUNPHARMA,,,612,623.95,612,620.6,1215618,752975590.65
2014-02-25,SUNPHARMA,,,622.5,624.9,616.2,619.05,1202575,746380065.5
2014-02-26,SUNPHARMA,,,622,634,620.7,628.1,1924757,1210335669.4
2014-02-28,SUNPHARMA,,,628.85,647.9,628.85,644.7,2932048,1880218724.65
2014-03-03,SUNPHARMA,,,649,653.35,622.55,625.1,1842188,1171382888.25
2014-03-04,SUNPHARMA,,,625.15,628.8,616.35,619.4,1535706,954554208.1
2014-03-05,SUNPHARMA,,,625,627.7,620.05,623.7,1050698,656063859.25
2014-03-06,SUNPHARMA,,,624.25,630,618.75,621,1490879,928404050.15
2014-03-07,SUNPHARMA,,,626,626,608.35,612.3,2382533,1464642063.55
2014-03-10,SUNPHARMA,,,608,611.4,592.9,597,2709056,1625095626.3
2014-03-11,SUNPHARMA,,,596,596,578,580.25,3466509,2020809623.2
2014-03-12,SUNPHARMA,,,581.8,607.45,581.8,604.3,2633927,1580232939.45
2014-03-13,SUNPHARMA,,,610.85,610.85,565.5,572.95,8061906,4668991222.7
2014-03-14,SUNPHARMA,,,570,583.75,552.55,582.05,7116344,4063163442.1
2014-03-18,SUNPHARMA,,,585,586,571.45,579.35,2274732,1318759509.95
2014-03-19,SUNPHARMA,,,581.15,587.65,578,585.3,1529578,894746508.55
2014-03-20,SUNPHARMA,,,581,595.9,581,590.2,2142868,1267675102.4
2014-03-21,SUNPHARMA,,,590.05,592.95,579.2,580.4,3117102,1817157158.65
2014-03-24,SUNPHARMA,,,580.05,587.8,579,579.3,2238185,1301739336.25
2014-03-25,SUNPHARMA,,,581,585.9,575.1,579.3,1847387,1071843794.15
2014-03-26,SUNPHARMA,,,583.7,584,563.25,566.6,2802852,1597730904.85
2014-03-27,SUNPHARMA,,,568.95,573.75,556,560.55,4290306,2408957016.15
2014-03-28,SUNPHARMA,,,566,570.85,559.15,563.2,2223819,1255235752.05
2014-03-31,SUNPHARMA,,,568,577,566,574.75,2390417,1366538565.85
2014-04-01,SUNPHARMA,,,575,578,570.25,572.1,1186522,681118764.9
2014-04-02,SUNPHARMA,,,572,581.5,570.1,575.25,3765317,2170669482.4
2014-04-03,SUNPHARMA,,,578.35,582.8,575.2,578.55,2438673,1411613305.55
2014-04-04,SUNPHARMA,,,580,584.6,570.2,571.8,2519378,1448480249.15
2014-04-07,SUNPHARMA,,,580,594.8,573.75,588.1,10031924,5862505450.5
2014-04-09,SUNPHARMA,,,597,634.9,593,630,13263006,8240607365.15
2014-04-10,SUNPHARMA,,,633.8,643,611,615.4,6187333,3861011676.75
2014-04-11,SUNPHARMA,,,620,634.5,617.1,628.15,4707211,2955763634.25
2014-04-15,SUNPHARMA,,,632,633.9,614.5,616.4,2743702,1702698835.45
2014-04-16,SUNPHARMA,,,617.4,623.7,612.1,613.85,1792061,1103554785.55
2014-04-17,SUNPHARMA,,,614.5,626,614.1,625.05,2033985,1266180682.9
2014-04-21,SUNPHARMA,,,628.7,629.25,619.4,621.25,1324788,825640234.9
2014-04-22,SUNPHARMA,,,616.7,623.35,616.7,619.95,1194987,740930966.55
2014-04-23,SUNPHARMA,,,616.5,635,616.5,625.6,3220766,2023258243.15
2014-04-25,SUNPHARMA,,,627,632.7,621,622,1463948,913380778.1
2014-04-28,SUNPHARMA,,,621.1,638.8,621.1,636.65,2305579,1459118667.55
2014-04-29,SUNPHARMA,,,639,643.95,632.5,639.45,3027198,1936115490.05
2014-04-30,SUNPHARMA,,,628,637,622.45,632.8,2049214,1294165115.3
2014-05-02,SUNPHARMA,,,631.6,641.4,628.6,629.9,1531545,968916425.8
2014-05-05,SUNPHARMA,,,622.3,634.9,622.3,626.6,1359208,852693613.65
2014-05-06,SUNPHARMA,,,627,629.9,620.2,626.1,960261,600126670
2014-05-07,SUNPHARMA,,,625,637.5,623.75,630.75,1768031,1119918235.25
2014-05-08,SUNPHARMA,,,625.1,631.5,623.2,624.2,1806184,1131607162.85
2014-05-09,SUNPHARMA,,,621.6,631.15,618.6,624.1,1831135,1143435299.3
2014-05-12,SUNPHARMA,,,624,624.1,610.1,613.35,2231158,1370938275.25
2014-05-13,SUNPHARMA,,,618.3,619,603.45,609.1,2154826,1318297737.6
2014-05-14,SUNPHARMA,,,607.35,618.8,607.35,612.15,1461829,895085020.5
2014-05-15,SUNPHARMA,,,620,629.8,613.25,621.4,2847444,1774020265.1
2014-05-16,SUNPHARMA,,,622.2,634.55,611,613.5,2621959,1637160800.6
2014-05-19,SUNPHARMA,,,613,622.55,574.75,584.25,3938456,2311759282.4
2014-05-20,SUNPHARMA,,,582,599.9,574.35,587.4,3371837,1976143993.9
2014-05-21,SUNPHARMA,,,584.1,586.4,575,576.9,3153096,1825330497.35
2014-05-22,SUNPHARMA,,,577.1,587.8,572,580.1,2152294,1243125146.15
2014-05-23,SUNPHARMA,,,580,586.9,580,584.3,2115095,1233796430.4
2014-05-26,SUNPHARMA,,,604,607,585.25,591.1,3707295,2202060694.05
2014-05-27,SUNPHARMA,,,591.35,597.9,584.2,592.5,1672637,990130987.6
2014-05-28,SUNPHARMA,,,598,598.3,582,584.1,2276191,1336494461.55
2014-05-29,SUNPHARMA,,,585,591.1,581.85,586.6,3306080,1937437431
2014-05-30,SUNPHARMA,,,592,616.05,590,610.65,9956155,6032108898.75
2014-06-02,SUNPHARMA,,,614,614,596.4,599.2,1471220,883916984.7
2014-06-03,SUNPHARMA,,,598,606.05,597.5,603.15,1878542,1131852200.55
2014-06-04,SUNPHARMA,,,602,607.8,593.3,596.05,1591163,950914700.6
2014-06-05,SUNPHARMA,,,594,602.95,593,597.85,2201960,1317165000.25
2014-06-06,SUNPHARMA,,,610.05,611,595.05,599.65,3261294,1958417601.55
2014-06-09,SUNPHARMA,,,600,603.8,593.45,600.4,1395182,835425588.45
2014-06-10,SUNPHARMA,,,603,615,602.1,609,2676226,1634664269.4
2014-06-11,SUNPHARMA,,,618,620,605.8,613.9,3687253,2261636860.55
2014-06-12,SUNPHARMA,,,617,633.4,616.05,631.2,2985927,1868248553.2
2014-06-13,SUNPHARMA,,,630,638.5,625,629.7,3851552,2438390005.2
2014-06-16,SUNPHARMA,,,625,648.3,625,645.35,2457802,1574164681.85
2014-06-17,SUNPHARMA,,,646.45,654.35,636.1,649.8,2844843,1839171359.1
2014-06-18,SUNPHARMA,,,646.05,650.7,630.95,633.35,1600870,1024699043.25
2014-06-19,SUNPHARMA,,,633.5,645,628.2,642.55,1386711,882271765.35
2014-06-20,SUNPHARMA,,,642.55,642.65,625.05,631.3,1819652,1147773410.35
2014-06-23,SUNPHARMA,,,632.95,637.95,628.65,633.95,1271054,805129289.65
2014-06-24,SUNPHARMA,,,631.8,637,626.05,627.8,1371690,863978296.8
2014-06-25,SUNPHARMA,,,627.9,636.4,625,632.8,1118293,707132547.45
2014-06-26,SUNPHARMA,,,630.1,641.25,626.15,635.15,1832085,1162752595.95
2014-06-27,SUNPHARMA,,,651,674.95,650.6,660.85,4533478,2997527287.4
2014-06-30,SUNPHARMA,,,668,689.9,664.25,687.95,2956224,2009139602.55
2014-07-01,SUNPHARMA,,,686.55,688,677.9,679.25,1231691,839296706.7
2014-07-02,SUNPHARMA,,,681,696.45,681,693.4,1901849,1314316931.4
2014-07-03,SUNPHARMA,,,695,720,693.4,706.85,4107204,2911630292.8
2014-07-04,SUNPHARMA,,,707.45,713.8,704.7,709.8,1825657,1294937836.5
2014-07-07,SUNPHARMA,,,716.1,740,707.1,723.5,2557235,1837015123.2
2014-07-08,SUNPHARMA,,,732,744.9,719.45,726.05,4496355,3305868446
2014-07-09,SUNPHARMA,,,730,735,712.85,724.4,2606698,1882447813.15
2014-07-10,SUNPHARMA,,,721.25,740.5,713.1,726.25,1489631,1083648041.1
2014-07-11,SUNPHARMA,,,721,753.6,719.05,744.05,3129956,2317256512.85
2014-07-14,SUNPHARMA,,,746.5,748,724,738,2311905,1708540698.7
2014-07-15,SUNPHARMA,,,737.25,747.6,733,739.7,1205297,890870998.45
2014-07-16,SUNPHARMA,,,746,753,737.5,744.9,1970017,1465152698.9
2014-07-17,SUNPHARMA,,,741.35,749.1,740,743,842445,626527560.15
2014-07-18,SUNPHARMA,,,744.9,744.9,732.3,742.25,1449855,1071215832.35
2014-07-21,SUNPHARMA,,,750.8,751.45,741.1,743.7,1201953,895287174.75
2014-07-22,SUNPHARMA,,,749,757.8,745.55,750.6,779530,585668096.8
2014-07-23,SUNPHARMA,,,752,754.95,742,748.85,1430470,1066412382.25
2014-07-24,SUNPHARMA,,,746.4,753.05,741.25,748.2,888943,664091676
2014-07-25,SUNPHARMA,,,750.05,785,750.05,782.2,2015432,1555271352.2
2014-07-28,SUNPHARMA,,,783,792.25,774.45,789.15,1371299,1073861057.4
2014-07-30,SUNPHARMA,,,785,800,780.45,790.45,2397895,1895054841.45
2014-07-31,SUNPHARMA,,,783.5,794.45,782,790.95,3352328,2639660830.1
2014-08-01,SUNPHARMA,,,782.1,789.75,765.1,768.8,2204427,1710502711
2014-08-04,SUNPHARMA,,,770,776.05,759,761.7,1318303,1006385917.95
2014-08-05,SUNPHARMA,,,766.35,779.9,762.5,773.8,1194951,925543277
2014-08-06,SUNPHARMA,,,770.5,773,758.1,759.8,1290762,985731672.55
2014-08-07,SUNPHARMA,,,755.3,764,748.2,758.85,1489169,1123979653.3
2014-08-08,SUNPHARMA,,,744.15,767.3,743.3,760.4,1242359,939681629.2
2014-08-11,SUNPHARMA,,,764,770,758.55,764.5,819734,625769881.55
2014-08-12,SUNPHARMA,,,769.45,787,766,785.25,1917318,1497112433.25
2014-08-13,SUNPHARMA,,,777.5,805,777.5,802.6,3490582,2780904300.25
2014-08-14,SUNPHARMA,,,805,816.6,805,814.85,1775320,1441649342.95
2014-08-18,SUNPHARMA,,,811,823.45,807.4,816.2,1077465,879042704.6
2014-08-19,SUNPHARMA,,,813.5,817.9,803,809.75,1360329,1101349471.05
2014-08-20,SUNPHARMA,,,805,849.8,805,846.95,2512702,2095548148.65
2014-08-21,SUNPHARMA,,,845,867.4,839,860,2023695,1724996224.5
2014-08-22,SUNPHARMA,,,853.05,864,844.65,856.65,2090452,1785752074.85
2014-08-25,SUNPHARMA,,,860.25,870.4,850.65,853.55,1289107,1109399427.85
2014-08-26,SUNPHARMA,,,849.2,875.45,849.2,864.95,1767734,1530993558.95
2014-08-27,SUNPHARMA,,,865.15,873.3,855,862.4,1717217,1484105360.45
2014-08-28,SUNPHARMA,,,861,866.4,849.85,855.25,2416622,2067726973.15
2014-09-01,SUNPHARMA,,,861,861.05,839,842.35,1923611,1623816306.5
2014-09-02,SUNPHARMA,,,842,867.5,842,863.55,1949092,1679819735.2
2014-09-03,SUNPHARMA,,,866.4,878.4,857.05,863.3,2005404,1738333795.45
2014-09-04,SUNPHARMA,,,864.65,873.5,859.05,864.5,1095221,948842359.7
2014-09-05,SUNPHARMA,,,869,869.9,852.65,857.85,1179280,1012289094.4
2014-09-08,SUNPHARMA,,,858.1,872.3,858.1,868,1497366,1298317891.35
2014-09-09,SUNPHARMA,,,871.9,871.9,858.25,860.4,905961,779794135.25
2014-09-10,SUNPHARMA,,,860,867.9,855.5,859.3,790089,680157060.95
2014-09-11,SUNPHARMA,,,850,850.7,808,822.3,4483422,3691785124.2
2014-09-12,SUNPHARMA,,,815,819.7,788.1,806.1,7549698,6077920012.9
2014-09-15,SUNPHARMA,,,804,814.75,792.5,795.3,3131125,2514525961.85
2014-09-16,SUNPHARMA,,,796,810.75,794.3,798.25,2739568,2204228799.9
2014-09-17,SUNPHARMA,,,804.9,811.8,786.8,792.4,2736588,2193166269.75
2014-09-18,SUNPHARMA,,,808,813.7,800.15,805.05,2993635,2417573809
2014-09-19,SUNPHARMA,,,807.9,824.75,806.3,807.15,4584243,3723708908.95
2014-09-22,SUNPHARMA,,,800,811.4,788.15,798.35,2569290,2051337719.5
2014-09-23,SUNPHARMA,,,805,807.35,775,780.6,3581317,2838276721.45
2014-09-24,SUNPHARMA,,,774.1,796,774.1,780.65,2198773,1726181909.7
2014-09-25,SUNPHARMA,,,780.15,789.8,769.05,774.25,3043090,2367380208.45
2014-09-26,SUNPHARMA,,,768.4,821.45,748,806.6,10008066,7984867777.95
2014-09-29,SUNPHARMA,,,808,839.8,808,835.8,3873334,3223835592.8
2014-09-30,SUNPHARMA,,,836.45,860.95,833,857.25,4054880,3442426930.65
2014-10-01,SUNPHARMA,,,860,865.4,849.45,860.8,2624246,2252796967.05
2014-10-07,SUNPHARMA,,,857.15,868.8,831.4,835.95,2390185,2029454502.05
2014-10-08,SUNPHARMA,,,827.95,832,794.25,800.8,2857203,2312314141.55
2014-10-09,SUNPHARMA,,,799.5,818.85,799.5,814.75,2228504,1812382777.5
2014-10-10,SUNPHARMA,,,808.1,829.9,800.1,821.35,1649139,1348860325.2
2014-10-13,SUNPHARMA,,,813.6,827.65,799.5,803.9,1376229,1114090536.8
2014-10-14,SUNPHARMA,,,797.5,815.6,797.5,802.9,1349464,1089903440.25
2014-10-16,SUNPHARMA,,,801.9,813,792,796.65,1845073,1483943711.05
2014-10-17,SUNPHARMA,,,795,807,791.95,798.35,1611523,1286614409.9
2014-10-20,SUNPHARMA,,,802,815,798.15,801.55,1411387,1137996608.75
2014-10-21,SUNPHARMA,,,800.25,807.45,792.1,797.35,1306472,1041739362.2
2014-10-22,SUNPHARMA,,,806,815,797.35,806.25,1356157,1095556825.5
2014-10-27,SUNPHARMA,,,805.4,812.35,790,805.2,2192544,1765852330.6
2014-10-28,SUNPHARMA,,,805.25,847.95,805.25,838.65,3457424,2878852093.5
2014-10-29,SUNPHARMA,,,848,849.5,826,830.4,2776661,2317771703.15
2014-10-30,SUNPHARMA,,,824.5,838.8,823.5,828.65,2576515,2139757266.4
2014-10-31,SUNPHARMA,,,829.8,849.95,828.5,845.4,1809448,1518178509.3
2014-11-03,SUNPHARMA,,,848,858.9,836.5,853.25,1128086,956228974.65
2014-11-05,SUNPHARMA,,,858.5,878.25,858,871.5,2418354,2106138784.85
2014-11-07,SUNPHARMA,,,852,896.5,836.1,894.3,3679261,3219451986.65
2014-11-10,SUNPHARMA,,,897,932.5,896.5,911.25,4417508,4056356572.35
2014-11-11,SUNPHARMA,,,911,924,910.1,917.3,3176824,2913613121.75
2014-11-12,SUNPHARMA,,,921.25,924.85,890.1,906.05,1547850,1404622366.7
2014-11-13,SUNPHARMA,,,904.25,924.75,900.75,908.3,2563302,2344182787.5
2014-11-14,SUNPHARMA,,,917.8,917.8,880.15,886.75,2904816,2588962482.7
2014-11-17,SUNPHARMA,,,885.05,889,870,883.85,2514180,2216058722.4
2014-11-18,SUNPHARMA,,,882.9,896.9,865,866.9,2217575,1943985311.95
2014-11-19,SUNPHARMA,,,866.5,873.7,842.3,850.1,3822835,3263977331.85
2014-11-20,SUNPHARMA,,,853,860.85,842.45,851.05,3411098,2910901272.8
2014-11-21,SUNPHARMA,,,846.25,857,839,841,1813772,1533284923.15
2014-11-24,SUNPHARMA,,,840,853.7,833.35,835.8,2455772,2066587766.25
2014-11-25,SUNPHARMA,,,836,845,832.3,839.95,2901233,2435822523
2014-11-26,SUNPHARMA,,,840.9,845.2,834.6,839.6,1551361,1302829076
2014-11-27,SUNPHARMA,,,840.1,852,840,841.95,3360445,2835095238.9
2014-11-28,SUNPHARMA,,,841.95,848.95,838.05,839.7,2172117,1832681634.8
2014-12-01,SUNPHARMA,,,853.9,856.5,829,835.65,2948295,2487409212.15
2014-12-02,SUNPHARMA,,,831,847.3,831,840.4,1849996,1554834325
2014-12-03,SUNPHARMA,,,840.05,846.9,837.05,842.6,1359511,1144756253.65
2014-12-04,SUNPHARMA,,,840,844.25,836,839.4,1007007,844226536.1
2014-12-05,SUNPHARMA,,,837.4,844.65,819.15,821.55,1735099,1440408661.75
2014-12-08,SUNPHARMA,,,821,839.55,820.05,827.8,1706311,1417212807.95
2014-12-09,SUNPHARMA,,,851.6,854.45,832.85,839.45,3486844,2934881846.65
2014-12-10,SUNPHARMA,,,835.1,842.4,821,833.3,2464142,2045768537.2
2014-12-11,SUNPHARMA,,,828.1,844,828.1,834.8,2333233,1950974727.95
2014-12-12,SUNPHARMA,,,837.35,852,834.5,843.35,2549233,2154909641.95
2014-12-15,SUNPHARMA,,,839,851.95,837,844.2,1424914,1204154992.3
2014-12-16,SUNPHARMA,,,840,850.5,825,830.15,2031081,1699229449.8
2014-12-17,SUNPHARMA,,,830.25,836.15,798.35,811.35,2794594,2276903055.65
2014-12-18,SUNPHARMA,,,818.5,821,806.15,812,2210484,1796600368.65
2014-12-19,SUNPHARMA,,,816.2,820,804.3,807.85,1835976,1490215018.7
2014-12-22,SUNPHARMA,,,809,815.5,805.25,814.5,1371848,1112150602.8
2014-12-23,SUNPHARMA,,,813.5,822.35,807.15,813.3,1483001,1209229431.2
2014-12-24,SUNPHARMA,,,812.05,816,800,803.5,3936246,3171041684.75
2014-12-26,SUNPHARMA,,,804.5,812.25,803.55,811.15,687527,556440169
2014-12-29,SUNPHARMA,,,810,822,810,820.7,875126,716142018.55
2014-12-30,SUNPHARMA,,,822,828.8,816.6,820.4,1080563,889399940.25
2014-12-31,SUNPHARMA,,,819.35,829,815.8,826.55,1282191,1057697528.65
2015-01-01,SUNPHARMA,,,826.5,830,818.1,822.2,587479,483878028.35
2015-01-02,SUNPHARMA,,,824,830.5,824,826.25,710310,587741492.45
2015-01-05,SUNPHARMA,,,826.1,830.7,824.45,826.75,792287,655678891.15
2015-01-06,SUNPHARMA,,,823,824.6,803.7,808.55,1709888,1385800600.15
2015-01-07,SUNPHARMA,,,809.1,815.2,800,809.8,1730518,1393905200.05
2015-01-08,SUNPHARMA,,,815,821,814.4,818.8,943536,771597094.25
2015-01-09,SUNPHARMA,,,820,836,820,830.05,1766875,1465810249.85
2015-01-12,SUNPHARMA,,,832.45,837.25,830.1,835.3,1188646,991910560.7
2015-01-13,SUNPHARMA,,,837.05,843.4,826.15,833.1,838422,701634940.4
2015-01-14,SUNPHARMA,,,831,837.75,817,820.65,996066,822244497.1
2015-01-15,SUNPHARMA,,,826,833.9,819.4,825.9,2224116,1833838672.55
2015-01-16,SUNPHARMA,,,828.9,854.4,826.2,849.75,2005202,1686925788.35
2015-01-19,SUNPHARMA,,,855,866.15,853.1,863,1382755,1191710384.65
2015-01-20,SUNPHARMA,,,865,874.5,854.5,872.3,2053198,1781176518.95
2015-01-21,SUNPHARMA,,,875,888,873,885.95,2358508,2079972154.05
2015-01-22,SUNPHARMA,,,885.3,927.35,885.3,920.05,4797782,4393966485.7
2015-01-23,SUNPHARMA,,,921.5,938.7,918,926.8,2835629,2630758583.95
2015-01-27,SUNPHARMA,,,939.9,939.95,901,914,2261868,2063597785.55
2015-01-28,SUNPHARMA,,,915,933.1,892,909.75,1939863,1775292641.05
2015-01-29,SUNPHARMA,,,900,933,891,919.8,2668139,2421984280.45
2015-01-30,SUNPHARMA,,,923.5,927.8,910.5,917.75,1873464,1722225850.5
2015-02-02,SUNPHARMA,,,925,943.55,922,929.1,1750030,1630838544.65
2015-02-03,SUNPHARMA,,,936,947.65,919.05,941.25,2275229,2119210847.1
2015-02-04,SUNPHARMA,,,947.5,965.95,946,958.95,2769365,2656001510.2
2015-02-05,SUNPHARMA,,,960,965.9,951,959.55,1850360,1773695622.7
2015-02-06,SUNPHARMA,,,958.75,962.9,920.25,926.85,3120503,2928790206.15
2015-02-09,SUNPHARMA,,,926.8,948.2,915.85,941.45,1350099,1270034331.55
2015-02-10,SUNPHARMA,,,942,942,911,919.55,1515424,1399514046.75
2015-02-11,SUNPHARMA,,,924.8,937,920.2,925.85,1046438,971245510.15
2015-02-12,SUNPHARMA,,,929.65,932.2,919,923.6,778562,718973212.95
2015-02-13,SUNPHARMA,,,928,952,928,940.55,2046667,1930002649.8
2015-02-16,SUNPHARMA,,,918,930.9,907.3,914.75,2869370,2632047295.05
2015-02-18,SUNPHARMA,,,919.9,927.5,911.75,917.8,1309654,1204193119.4
2015-02-19,SUNPHARMA,,,922.7,926.8,909.55,916.7,1190354,1093558582.35
2015-02-20,SUNPHARMA,,,914.8,921.6,910,913.2,1146633,1048378814.45
2015-02-23,SUNPHARMA,,,914,924,904.25,908.65,2440626,2235628375.15
2015-02-24,SUNPHARMA,,,907,913.9,905,910.45,1469026,1336584075.05
2015-02-25,SUNPHARMA,,,913.5,914.65,886.4,890.75,1407691,1267928715.15
2015-02-26,SUNPHARMA,,,890.1,894.25,860.2,865.7,2614022,2275999967.3
2015-02-27,SUNPHARMA,,,870.15,883.9,868.55,878.9,2160310,1892011846.25
2015-03-02,SUNPHARMA,,,912.1,932,909.4,925.2,2019863,1854537665.5
2015-03-03,SUNPHARMA,,,937.45,951.4,933.1,943.05,2114707,1994339670.35
2015-03-04,SUNPHARMA,,,946.9,1035.95,937.8,1006.3,7567230,7570757770.95
2015-03-05,SUNPHARMA,,,1018,1045.95,1005.5,1038.75,3792463,3889702247.55
2015-03-09,SUNPHARMA,,,1024.35,1049.9,1008,1041,3154190,3268828711.6
2015-03-10,SUNPHARMA,,,1046,1055.5,1017.75,1024.65,2094814,2171109283.15
2015-03-11,SUNPHARMA,,,1029.4,1035.4,1007.05,1009.85,1845619,1868792941.1
2015-03-12,SUNPHARMA,,,1012.65,1039.8,1010,1036.15,1990646,2034510021.6
2015-03-13,SUNPHARMA,,,1044.7,1044.7,1006.55,1011.6,1499576,1521995429.4
2015-03-16,SUNPHARMA,,,1014.1,1032.9,1010.15,1029.85,1445672,1482129482.85
2015-03-17,SUNPHARMA,,,1033,1051,1026.15,1041.9,1818956,1894934787.35
2015-03-18,SUNPHARMA,,,1043.4,1048,1031,1044.5,1489193,1553019787.45
2015-03-19,SUNPHARMA,,,1050,1075,1036.2,1047.75,2661474,2825250132.25
2015-03-20,SUNPHARMA,,,1050,1074.5,1021.3,1026.65,2371025,2472387423.65
2015-03-23,SUNPHARMA,,,1036.9,1045.95,1013.4,1024.25,1972135,2030829163.6
2015-03-24,SUNPHARMA,,,1034,1049.8,1030,1037.15,2573597,2676835140.5
2015-03-25,SUNPHARMA,,,1058,1067.8,1042.1,1052.05,4242685,4475224861.8
2015-03-26,SUNPHARMA,,,1052.8,1053,1020,1027.7,2974909,3082925859.5
2015-03-27,SUNPHARMA,,,1036.9,1041.55,1002.1,1011.2,1999967,2026500195.6
2015-03-30,SUNPHARMA,,,1021.15,1025.75,1009,1010.8,1613058,1634929956.6
2015-03-31,SUNPHARMA,,,1015,1033.25,1010.35,1023.9,1939047,1981973555.3
2015-04-01,SUNPHARMA,,,1023.9,1094,1018.95,1081.15,4104961,4381466562.8
2015-04-06,SUNPHARMA,,,1102.7,1181,1090,1169.3,4805720,5458574558.75
2015-04-07,SUNPHARMA,,,1180,1200.8,1135.75,1152.05,3978093,4616113772.9
2015-04-08,SUNPHARMA,,,1161.35,1173.3,1137.05,1150.45,2732857,3142909150.35
2015-04-09,SUNPHARMA,,,1159.9,1162.3,1106,1113.45,3143647,3519910083.95
2015-04-10,SUNPHARMA,,,1113,1128.6,1098.35,1119.75,2880186,3205219509.55
2015-04-13,SUNPHARMA,,,1120.1,1157.9,1112.7,1150.95,2036205,2316395322.55
2015-04-15,SUNPHARMA,,,1161.4,1161.4,1112.35,1117.3,3103257,3498761113.15
2015-04-16,SUNPHARMA,,,1122.2,1127.25,1082.5,1087.95,2725037,2985578181.5
2015-04-17,SUNPHARMA,,,1090,1105.2,1028.75,1037.75,3749872,3995334711.2
2015-04-20,SUNPHARMA,,,1048,1066.9,1037.8,1043.8,2941375,3093832658.9
2015-04-21,SUNPHARMA,,,951,974.25,930,952.2,265709391,248177312155
2015-04-22,SUNPHARMA,,,963,978.9,948,967.8,10905987,10530320468.4
2015-04-23,SUNPHARMA,,,980,980.8,936,942,9450660,8980030052.6
2015-04-24,SUNPHARMA,,,946,956,938.25,947.4,10416821,9875230520.1
2015-04-27,SUNPHARMA,,,951.5,957.3,921.85,926.4,7641311,7138375094.55
2015-04-28,SUNPHARMA,,,922,934.2,912.25,924.85,5553353,5140663913.35
2015-04-29,SUNPHARMA,,,934.2,947,929,940.5,7229944,6783595412.2
2015-04-30,SUNPHARMA,,,926,943.9,921,938.85,16367861,15357097951.05
2015-05-04,SUNPHARMA,,,949,957.25,942.05,947.75,7780934,7383976912.8
2015-05-05,SUNPHARMA,,,954.9,960,950.05,958.45,4329997,4140691177.6
2015-05-06,SUNPHARMA,,,957.55,957.7,925,937.15,5151640,4835170614.45
2015-05-07,SUNPHARMA,,,933,936,920.05,927.9,3690081,3425497763.6
2015-05-08,SUNPHARMA,,,933.35,946.25,920.1,940.25,4998817,4661438543.75
2015-05-11,SUNPHARMA,,,950.5,968.45,948.8,964.4,5241168,5039491142.05
2015-05-12,SUNPHARMA,,,962.25,965.4,943,949.65,4197503,3997632948.5
2015-05-13,SUNPHARMA,,,952.9,962.95,942.65,954.05,2584318,2465155805.4
2015-05-14,SUNPHARMA,,,952.8,953.2,939,944.4,2701006,2552143995.65
2015-05-15,SUNPHARMA,,,927.4,952,926.25,946.35,2563043,2416926772.35
2015-05-18,SUNPHARMA,,,947.4,960,943.3,956.95,2137699,2033235762.25
2015-05-19,SUNPHARMA,,,956.95,978.45,947.85,957.05,2047194,1956351464.85
2015-05-20,SUNPHARMA,,,961.4,969.35,956,965.35,2163245,2082395831.35
2015-05-21,SUNPHARMA,,,966.1,986.7,962.1,981.25,4649220,4530440614.45
2015-05-22,SUNPHARMA,,,978,1008.9,976.75,1003.75,4813876,4788267625.8
2015-05-25,SUNPHARMA,,,1003,1010,993.5,1002.15,2000807,2003484516.55
2015-05-26,SUNPHARMA,,,999.95,1000,982,994.85,2570872,2546833148.9
2015-05-27,SUNPHARMA,,,996.1,1004,971.1,975.55,2738544,2702074004.9
2015-05-28,SUNPHARMA,,,973.1,978.75,946.55,954.8,7781595,7451008379.7
2015-05-29,SUNPHARMA,,,964.45,979,960,966.1,7065774,6852043276.45
2015-06-01,SUNPHARMA,,,915.55,917.8,869.1,877.65,14265602,12621492191.15
2015-06-02,SUNPHARMA,,,887.2,888.4,856.85,860.75,7192196,6270063641.55
2015-06-03,SUNPHARMA,,,861.6,863,840.5,842.4,6496553,5488630212.4
2015-06-04,SUNPHARMA,,,835,842.5,818.6,831.55,6628714,5502835909.55
2015-06-05,SUNPHARMA,,,831.55,860.6,830,847.9,4696506,4003955131.95
2015-06-08,SUNPHARMA,,,850,854,825.55,829.55,2678221,2238979938.8
2015-06-09,SUNPHARMA,,,824,826.45,808.5,810.65,3709907,3026128406.15
2015-06-10,SUNPHARMA,,,811.2,830.9,811.2,823.1,4205596,3469610451.25
2015-06-11,SUNPHARMA,,,828,840,816,819.55,4107146,3400973329.3
2015-06-12,SUNPHARMA,,,824.75,824.75,807.25,813.55,2398615,1951886844.2
2015-06-15,SUNPHARMA,,,816.4,847.9,810.15,837.7,3946889,3299317340.25
2015-06-16,SUNPHARMA,,,841.8,843,832.5,840.1,2221962,1862515976.8
2015-06-17,SUNPHARMA,,,846.7,848.95,836.55,843.9,3705966,3128218311.8
2015-06-18,SUNPHARMA,,,847,862,845,856.05,3919775,3346842259.75
2015-06-19,SUNPHARMA,,,861,862.8,843.25,845.95,2333016,1985616589.9
2015-06-22,SUNPHARMA,,,850.9,862,850.15,856.9,2429207,2081914760.9
2015-06-23,SUNPHARMA,,,859.95,866.7,856,857.7,1899146,1635554421.55
2015-06-24,SUNPHARMA,,,859,880.75,859,871.1,5168452,4510416907.1
2015-06-25,SUNPHARMA,,,870.75,878.4,860.85,866.1,6719110,5832404460.25
2015-06-26,SUNPHARMA,,,869.7,873.4,861,867.2,2614534,2271501977.6
2015-06-29,SUNPHARMA,,,852,854,836.3,849.55,1794757,1517429904.7
2015-06-30,SUNPHARMA,,,854.65,877.3,850.6,874.6,4010634,3486178464.4
2015-07-01,SUNPHARMA,,,881.45,886.4,869.6,873.1,2251368,1977906575.8
2015-07-02,SUNPHARMA,,,882.8,884.85,867.5,871.1,1914607,1680035672.3
2015-07-03,SUNPHARMA,,,874.4,881.7,868.75,871,1407939,1231661227.1
2015-07-06,SUNPHARMA,,,862.05,880.3,861.5,878.9,1381867,1205276150.25
2015-07-07,SUNPHARMA,,,879.5,891.8,875,885.35,2556817,2259098986.85
2015-07-08,SUNPHARMA,,,883.3,888.5,866.9,871.3,2485149,2179716593.1
2015-07-09,SUNPHARMA,,,871,885.35,864.2,872.4,2059496,1800011846
2015-07-10,SUNPHARMA,,,881,907.8,878.9,901.55,3549894,3160079760
2015-07-13,SUNPHARMA,,,909.9,925.5,908,915.5,3265149,2999199344.05
2015-07-14,SUNPHARMA,,,915.4,921.5,905.55,919.4,1706366,1560797631.05
2015-07-15,SUNPHARMA,,,921.5,933,914.5,929.75,2417317,2236402269.7
2015-07-16,SUNPHARMA,,,934.3,943.5,932,941.35,1756860,1647832442.4
2015-07-17,SUNPHARMA,,,948,957,942.6,947.65,2256640,2140113558.1
2015-07-20,SUNPHARMA,,,952.85,953.7,945,948,1378923,1308219430.65
2015-07-21,SUNPHARMA,,,853.2,853.2,795.25,805.25,32687596,26785435730.15
2015-07-22,SUNPHARMA,,,811,836.95,808.1,834.55,10872729,8977929725.75
2015-07-23,SUNPHARMA,,,839,839.1,821.5,828.85,3645770,3025215117.3
2015-07-24,SUNPHARMA,,,829,839.8,825.3,836.2,3052640,2547130594.2
2015-07-27,SUNPHARMA,,,833.7,839.8,819.1,823.7,3606126,2981457598.45
2015-07-28,SUNPHARMA,,,825,834.5,810.05,820.15,2689656,2209331440.75
2015-07-29,SUNPHARMA,,,823,834.05,819.65,829.75,2301293,1904594866
2015-07-30,SUNPHARMA,,,835,835.5,810.2,814.25,4324642,3526474575.5
2015-07-31,SUNPHARMA,,,819,825.3,812,822.4,3307416,2710058386.85
2015-08-03,SUNPHARMA,,,822,832,820,830.95,2029186,1681833610.9
2015-08-04,SUNPHARMA,,,834.8,834.8,820,830.1,3069438,2537515148.4
2015-08-05,SUNPHARMA,,,833,844.4,827.1,841.9,2246991,1880609117.6
2015-08-06,SUNPHARMA,,,845,857.4,842.1,845.4,3573927,3026668494.4
2015-08-07,SUNPHARMA,,,855,857.25,850,851.95,2261385,1928374609.85
2015-08-10,SUNPHARMA,,,854.8,856.55,831,840.7,2206976,1862281425.7
2015-08-11,SUNPHARMA,,,843,846.6,831.3,841.75,2135240,1791103519.05
2015-08-12,SUNPHARMA,,,847.95,884.9,847,866.15,5281162,4592564131.25
2015-08-13,SUNPHARMA,,,868.9,888,840,879.05,2580690,2256172445.35
2015-08-14,SUNPHARMA,,,888,914.7,887.6,897.7,4606523,4153093517.6
2015-08-17,SUNPHARMA,,,909,918,889.6,906.2,2930882,2662492745.25
2015-08-18,SUNPHARMA,,,907.15,915,885.75,889.75,1790875,1612959834.25
2015-08-19,SUNPHARMA,,,897,930,896.25,927.75,5294282,4880950095.95
2015-08-20,SUNPHARMA,,,946,966,931.7,936.65,7479776,7124014190.3
2015-08-21,SUNPHARMA,,,933,942.35,907.55,937.9,4481821,4177487071.55
2015-08-24,SUNPHARMA,,,909,940,875.2,891.1,6095598,5533649939.1
2015-08-25,SUNPHARMA,,,915.85,921.65,850,890.6,5366573,4750568691.2
2015-08-26,SUNPHARMA,,,892.9,900.35,868.6,872.9,3455259,3061085495
2015-08-27,SUNPHARMA,,,896,905.85,880,902,5115937,4581016317.8
2015-08-28,SUNPHARMA,,,911,916.5,865,886.45,4988409,4463162563.7
2015-08-31,SUNPHARMA,,,882.4,911.4,870,898.95,13512125,12161819286.8
2015-09-01,SUNPHARMA,,,883.7,916,882,901.95,4315484,3902911718.2
2015-09-02,SUNPHARMA,,,914,917,886.7,890.15,4877084,4384620330.75
2015-09-03,SUNPHARMA,,,898,901.9,881.1,884.95,2306749,2054485410.65
2015-09-04,SUNPHARMA,,,890,890,852.65,857.7,3075607,2667708401.5
2015-09-07,SUNPHARMA,,,860.15,866,832,836.5,2479603,2105336687.35
2015-09-08,SUNPHARMA,,,842,850,815,844.6,3192919,2662533270.05
2015-09-09,SUNPHARMA,,,856.65,860,835.2,839.05,2164371,1833059967.2
2015-09-10,SUNPHARMA,,,835,844.05,824.9,839.7,2478514,2076250329.5
2015-09-11,SUNPHARMA,,,844,851.95,840.35,846.05,2710761,2292690449.25
2015-09-14,SUNPHARMA,,,854.2,858.95,845.35,857.05,2590701,2214004735.85
2015-09-15,SUNPHARMA,,,858.6,871.5,855,866.6,3818309,3306744016.7
2015-09-16,SUNPHARMA,,,879.2,891.8,875.65,887.2,5674983,5026068734.8
2015-09-18,SUNPHARMA,,,897,920.8,888.45,905.2,5214357,4688670387.75
2015-09-21,SUNPHARMA,,,908.3,912.95,895.1,899.95,3137037,2824704364.65
2015-09-22,SUNPHARMA,,,909,909,891.55,900.6,3447182,3104784366.85
2015-09-23,SUNPHARMA,,,895,905.2,888.3,896.75,1895163,1702346388
2015-09-24,SUNPHARMA,,,900.9,900.9,888.25,891.9,4615659,4120756385.45
2015-09-28,SUNPHARMA,,,895,895,857.2,861,3862676,3343257786.65
2015-09-29,SUNPHARMA,,,861,861,840.25,848.25,2137288,1815544433.15
2015-09-30,SUNPHARMA,,,860,872,858.2,868.4,2861245,2475636200.85
2015-10-01,SUNPHARMA,,,875,895,873.25,891,2278061,2026587511.25
2015-10-05,SUNPHARMA,,,899,902.2,880.2,897.95,3142118,2802838662.4
2015-10-06,SUNPHARMA,,,905.95,915.9,902.25,909.95,2368600,2158761957.8
2015-10-07,SUNPHARMA,,,915,928.7,903,926.2,2899026,2650220081.45
2015-10-08,SUNPHARMA,,,930,933.95,910.6,915.65,2018360,1858914778.7
2015-10-09,SUNPHARMA,,,922.5,922.8,901.2,906.2,1963120,1785081156.5
2015-10-12,SUNPHARMA,,,910,914.95,883.2,892,2057784,1852312703.7
2015-10-13,SUNPHARMA,,,894,896.75,874,881.6,1526300,1346677150.6
2015-10-14,SUNPHARMA,,,884.1,894,881.6,883.7,1468468,1302353878.7
2015-10-15,SUNPHARMA,,,889.95,892.5,880.05,888,2180779,1933294240.1
2015-10-16,SUNPHARMA,,,888,892,881,889.45,1209569,1071886730.75
2015-10-19,SUNPHARMA,,,895,911,886.55,905.95,2000070,1809997206.75
2015-10-20,SUNPHARMA,,,911,913.1,899.7,902.55,1880891,1703193381.95
2015-10-21,SUNPHARMA,,,901.9,902.25,886.5,889,1272841,1135020407.65
2015-10-23,SUNPHARMA,,,901.95,903.85,883.05,884.6,1916780,1708936668.85
2015-10-26,SUNPHARMA,,,890,894.1,886.1,888.8,1770689,1574566852.6
2015-10-27,SUNPHARMA,,,888,912.45,885,908.65,2896574,2615389629.85
2015-10-28,SUNPHARMA,,,903,907.5,895.05,901.55,1939812,1749230191.15
2015-10-29,SUNPHARMA,,,902,902,875.55,878.9,3272915,2891232358.3
2015-10-30,SUNPHARMA,,,880.2,893,876.7,889.55,2387217,2121731668.5
2015-11-02,SUNPHARMA,,,875.05,878.15,857.55,865.35,1982404,1716711446.75
2015-11-03,SUNPHARMA,,,870,877.8,862.8,868.55,1547053,1346635718.35
2015-11-04,SUNPHARMA,,,867,874.5,850,852.5,2275409,1963133891.3
2015-11-05,SUNPHARMA,,,848,849.9,809,815.95,4038115,3344362576.15
2015-11-06,SUNPHARMA,,,816.05,822.35,800.55,803.4,3763950,3038969010.05
2015-11-09,SUNPHARMA,,,761,771.85,744.95,756.95,7903526,6010008328.9
2015-11-10,SUNPHARMA,,,753.1,764.2,724.05,731.95,7024856,5186802037.95
2015-11-13,SUNPHARMA,,,745.1,752.4,736,740.6,4665553,3468508958.6
2015-11-16,SUNPHARMA,,,743,747.5,732.55,738.65,3357919,2481025229.05
2015-11-17,SUNPHARMA,,,746,755.55,743.95,753.35,3853257,2894773586.1
2015-11-18,SUNPHARMA,,,755,761.3,748.5,753.75,2521801,1900278697.9
2015-11-19,SUNPHARMA,,,758,761,738.4,742.5,4059404,3032845113.05
2015-11-20,SUNPHARMA,,,739.8,741,723.9,725.85,5345428,3906897504.9
2015-11-23,SUNPHARMA,,,726,728.9,713.5,717.1,5781403,4152187086.85
2015-11-24,SUNPHARMA,,,717,719.55,704,706.2,9846509,6990417319.7
2015-11-26,SUNPHARMA,,,716.85,740,716.5,735.9,8438968,6184890805.7
2015-11-27,SUNPHARMA,,,742,742.35,731,739.85,4475863,3299495065.6
2015-11-30,SUNPHARMA,,,732.5,737.5,727.35,729.65,8738130,6377253246.3
2015-12-01,SUNPHARMA,,,732,733.8,727,729.25,3183165,2323532695.95
2015-12-02,SUNPHARMA,,,739,739,725,731.8,5136352,3760764367.8
2015-12-03,SUNPHARMA,,,729.85,732.4,724,726.9,3079014,2243971788.05
2015-12-04,SUNPHARMA,,,722.5,773.9,721.5,755.4,24605807,18567765046.7
2015-12-07,SUNPHARMA,,,765.3,781.5,762.05,777.35,7139702,5536688070.55
2015-12-08,SUNPHARMA,,,776,779.85,767.5,770.9,3655120,2826100321.8
2015-12-09,SUNPHARMA,,,772.5,775.4,750.15,759.15,4935349,3743208935.05
2015-12-10,SUNPHARMA,,,769.85,769.85,733.3,756.8,4496091,3366279318.95
2015-12-11,SUNPHARMA,,,759.65,766,748.5,757.8,2852880,2156569821.7
2015-12-14,SUNPHARMA,,,758.85,773,753.65,768.6,2629235,2015330004.7
2015-12-15,SUNPHARMA,,,775,781.45,769.2,773.75,3549320,2755726294
2015-12-16,SUNPHARMA,,,780,785.5,775.8,784.1,2864795,2239796651.15
2015-12-17,SUNPHARMA,,,791.05,805,788,802.25,3491346,2778370132.55
2015-12-18,SUNPHARMA,,,799.6,809,787.2,790.15,4125199,3285459335.95
2015-12-21,SUNPHARMA,,,738,756.8,731,754.2,12310649,9155554070.9
2015-12-22,SUNPHARMA,,,756.2,768.9,756.2,763.7,3734881,2849799537.25
2015-12-23,SUNPHARMA,,,771,793.5,770,790.4,6651886,5233113785.55
2015-12-24,SUNPHARMA,,,797,798.4,786.4,790.85,2053955,1627870251.3
2015-12-28,SUNPHARMA,,,791.65,815,791.65,811.6,4287383,3450819493.35
2015-12-29,SUNPHARMA,,,815,819.9,805.5,811.35,2702847,2199428147.75
2015-12-30,SUNPHARMA,,,814,826,806.45,810.15,1919186,1554893538.3
2015-12-31,SUNPHARMA,,,812,825,804.1,820.15,2590518,2113682918.95
2016-01-01,SUNPHARMA,,,810.05,817.9,806.2,815.55,986728,802531605.6
2016-01-04,SUNPHARMA,,,813.9,821.3,795.1,799.1,2388588,1920584470.65
2016-01-05,SUNPHARMA,,,807,807,792.05,800.5,1632394,1306676322.85
2016-01-06,SUNPHARMA,,,805,805.8,790.75,791.95,2168214,1725306580
2016-01-07,SUNPHARMA,,,788,799,778.65,783.8,2082334,1635706640.75
2016-01-08,SUNPHARMA,,,795,805.8,786,794.15,2315237,1841919465.35
2016-01-11,SUNPHARMA,,,789.5,804.5,779.1,782.25,3424538,2702302705.3
2016-01-12,SUNPHARMA,,,784,794,784,788.15,1787888,1410104947.55
2016-01-13,SUNPHARMA,,,795,804.65,781.5,796.6,3447651,2741111470.65
2016-01-14,SUNPHARMA,,,789.8,796.4,785.7,791.85,3233849,2558740657.8
2016-01-15,SUNPHARMA,,,797.75,799,780.2,787.1,2370237,1868851183.95
2016-01-18,SUNPHARMA,,,787,797.5,775,784.95,4202772,3309331697.65
2016-01-19,SUNPHARMA,,,786,796.8,781.25,793.9,2169752,1715783307
2016-01-20,SUNPHARMA,,,785.5,805,775.6,792.6,4222563,3343115774.55
2016-01-21,SUNPHARMA,,,800,803.4,764,773.15,3264178,2553607418.7
2016-01-22,SUNPHARMA,,,779,794,773.3,789.2,1970106,1547657639.9
2016-01-25,SUNPHARMA,,,795,814.9,794.45,807.25,2905098,2345631007.8
2016-01-27,SUNPHARMA,,,817,823.25,809.3,821.15,3609838,2955430555.45
2016-01-28,SUNPHARMA,,,817,836.8,817,834.15,4368190,3631253521.9
2016-01-29,SUNPHARMA,,,843,878,839.1,872.95,4709689,4062684528.7
2016-02-01,SUNPHARMA,,,880.8,888.3,861.9,872.3,3252050,2842402328.35
2016-02-02,SUNPHARMA,,,879.85,883.35,831.1,835.15,2676955,2283200120.05
2016-02-03,SUNPHARMA,,,836.8,855,829.3,834.9,2630864,2218831205
2016-02-04,SUNPHARMA,,,840,847.8,818.15,835.6,2287218,1909979770.15
2016-02-05,SUNPHARMA,,,839,860,836.55,857.55,2250196,1911585573.15
2016-02-08,SUNPHARMA,,,855,864.8,830,835.65,1198192,1016289408.8
2016-02-09,SUNPHARMA,,,830,860.9,828.1,854.05,2340243,1991954554.95
2016-02-10,SUNPHARMA,,,851.05,865.75,838.2,855.75,3530848,3025056534.95
2016-02-11,SUNPHARMA,,,851,858.9,827,830.4,2067334,1746066365.85
2016-02-12,SUNPHARMA,,,845,884.7,802.45,847.35,5260215,4442071738.35
2016-02-15,SUNPHARMA,,,855,867,845.1,850.2,3592947,3084142189.6
2016-02-16,SUNPHARMA,,,850.6,857.15,820.2,827.8,1957372,1634396848.7
2016-02-17,SUNPHARMA,,,831.95,859.35,828,855.8,1975343,1662061463.7
2016-02-18,SUNPHARMA,,,869.7,876.5,858.1,870.45,2342525,2032804268.1
2016-02-19,SUNPHARMA,,,870.4,870.4,857,864.2,1561649,1348830602.75
2016-02-22,SUNPHARMA,,,871.95,885.8,868,882.45,2302969,2025832763.6
2016-02-23,SUNPHARMA,,,884.7,898.45,866.25,871.1,2470030,2184677244.4
2016-02-24,SUNPHARMA,,,866.35,870,849.6,854.55,1716644,1471442027.3
2016-02-25,SUNPHARMA,,,857.45,880,855.55,875.35,3898475,3391023912.65
2016-02-26,SUNPHARMA,,,885,890,869.1,871.9,2409042,2116644601.35
2016-02-29,SUNPHARMA,,,880.8,880.8,833.7,853.9,3546392,3053807630.25
2016-03-01,SUNPHARMA,,,861.7,873,851.3,868.4,2354037,2039471907.35
2016-03-02,SUNPHARMA,,,876,877.1,850,851.85,3184958,2749763725.9
2016-03-03,SUNPHARMA,,,859.9,873.85,852.6,870.9,2447143,2115171495.55
2016-03-04,SUNPHARMA,,,872,874.5,852.6,856.8,1525260,1309941671.1
2016-03-08,SUNPHARMA,,,859.8,871,851.25,858.6,2297582,1980434379.5
2016-03-09,SUNPHARMA,,,860,863.7,836.9,860.9,3139226,2664759606.55
2016-03-10,SUNPHARMA,,,864.45,868,846.5,865.05,2042250,1747631491.75
2016-03-11,SUNPHARMA,,,854.9,870,843.6,868.2,2329088,1996675738.95
2016-03-14,SUNPHARMA,,,869,876.55,858.6,862.2,2139517,1850611027.7
2016-03-15,SUNPHARMA,,,861.5,861.5,840.6,843.15,2357014,1998592401.1
2016-03-16,SUNPHARMA,,,845.5,847.45,821.65,835.75,2521867,2095536078.35
2016-03-17,SUNPHARMA,,,842,843.9,821.8,827.25,2605930,2158474995.9
2016-03-18,SUNPHARMA,,,825.05,825.9,798.4,816,5270631,4266649664.8
2016-03-21,SUNPHARMA,,,820.55,838.05,816.8,836.45,3177198,2628311017.05
2016-03-22,SUNPHARMA,,,835.05,847,831.9,844.6,2105722,1774658207.25
2016-03-23,SUNPHARMA,,,844.7,852,834.6,846.2,2331768,1969815421.65
2016-03-28,SUNPHARMA,,,846,846,803,809.25,4596334,3757159408.4
2016-03-29,SUNPHARMA,,,809.25,811.85,770,794.35,7468509,5893205582.7
2016-03-30,SUNPHARMA,,,811.9,815.55,801.05,811.7,3020735,2446638611.05
2016-03-31,SUNPHARMA,,,811.9,829.65,811.9,820,5230705,4298546389.75
2016-04-01,SUNPHARMA,,,821,824,809.4,815.1,1654746,1347984163.3
2016-04-04,SUNPHARMA,,,817.2,821,811.1,815.05,1239310,1010375333.5
2016-04-05,SUNPHARMA,,,816,816.45,799.5,800.8,2570634,2065818202.75
2016-04-06,SUNPHARMA,,,804.5,811.1,798.05,809.55,1809628,1456703381.3
2016-04-07,SUNPHARMA,,,810,822.9,805.1,811.7,2221164,1810619904.95
2016-04-08,SUNPHARMA,,,807.05,817.45,807.05,811.75,1088142,884477840.35
2016-04-11,SUNPHARMA,,,823,826,809.2,817.3,2757166,2252981457.85
2016-04-12,SUNPHARMA,,,819.7,827.05,816.35,823.6,1942717,1599066780.45
2016-04-13,SUNPHARMA,,,826.1,835.9,823,833.05,2310970,1917605931.3
2016-04-18,SUNPHARMA,,,833.15,841.15,827.3,837.8,2257502,1887521621.85
2016-04-20,SUNPHARMA,,,836.1,836.1,825.2,828.55,2134965,1772981515
2016-04-21,SUNPHARMA,,,831.65,837.9,826.8,832.9,1381380,1149447912.6
2016-04-22,SUNPHARMA,,,827,828.45,818.15,820.2,2527855,2080053390.55
2016-04-25,SUNPHARMA,,,820,821.15,802,808.85,3644370,2946828639.95
2016-04-26,SUNPHARMA,,,805,817.6,797,814.4,4083983,3304155182.3
2016-04-27,SUNPHARMA,,,814,816.1,809.2,813.95,1364080,1109701545.5
2016-04-28,SUNPHARMA,,,819,819,800,801.95,4828596,3895190794.7
2016-04-29,SUNPHARMA,,,805,813.3,802,811.3,2339763,1893119525.1
2016-05-02,SUNPHARMA,,,813.75,816.15,804.5,811.8,1083227,878493186.25
2016-05-03,SUNPHARMA,,,808.2,813.6,780,798.25,5809209,4641658556.85
2016-05-04,SUNPHARMA,,,799,806.4,787.05,804.2,2523074,2016960581.25
2016-05-05,SUNPHARMA,,,825.55,828,806.5,810.45,3065087,2503300290.25
2016-05-06,SUNPHARMA,,,809.95,815,802.25,804.4,1464262,1183038721.5
2016-05-09,SUNPHARMA,,,805,811.8,796,805.3,2556690,2056493565.95
2016-05-10,SUNPHARMA,,,806,811,800.3,802.15,2156929,1737966280.85
2016-05-11,SUNPHARMA,,,799,806,792,796.3,2268518,1813795656
2016-05-12,SUNPHARMA,,,795.1,805.7,795.1,803.55,1962391,1572241002.15
2016-05-13,SUNPHARMA,,,805.35,805.35,792.5,795.05,2454738,1952309345.95
2016-05-16,SUNPHARMA,,,799.9,802,791.7,797.85,2035038,1619216402.55
2016-05-17,SUNPHARMA,,,801,802.6,796.5,799.9,2505291,2004436511.25
2016-05-18,SUNPHARMA,,,798.95,799.05,791,795.3,2244494,1783246422.1
2016-05-19,SUNPHARMA,,,797,797.7,790,792.5,3114189,2466823399.1
2016-05-20,SUNPHARMA,,,797.9,797.9,790,791.35,2460489,1951164980.35
2016-05-23,SUNPHARMA,,,793,793.7,779.3,784.55,2403975,1883758164.7
2016-05-24,SUNPHARMA,,,786,787,771,772.3,2249441,1743107905.25
2016-05-25,SUNPHARMA,,,778.3,789.9,771.2,785.45,1556315,1214133355.8
2016-05-26,SUNPHARMA,,,781.1,788,774.05,779.35,1900809,1479124448.35
2016-05-27,SUNPHARMA,,,795,828,790.1,824.95,3675225,2998132724.2
2016-05-30,SUNPHARMA,,,831,842,808.25,812.1,4888391,3996452356
2016-05-31,SUNPHARMA,,,792,799,756,762.75,15706495,12085887588.4
2016-06-01,SUNPHARMA,,,767.05,771.4,752.45,754.55,4921709,3743821152.95
2016-06-02,SUNPHARMA,,,755.1,758.5,744.55,746.75,4900285,3662014070.35
2016-06-03,SUNPHARMA,,,751.9,751.9,735.05,737.35,5944789,4413766048.5
2016-06-06,SUNPHARMA,,,748.9,750,721.85,724.4,6330743,4646513462.75
2016-06-07,SUNPHARMA,,,728,741.9,710.15,738.8,7369626,5389661351.75
2016-06-08,SUNPHARMA,,,744,744.95,734.4,738,3384926,2498675249.3
2016-06-09,SUNPHARMA,,,738,745.25,731.5,742.7,3948805,2919962759.7
2016-06-10,SUNPHARMA,,,745.85,747,738.4,741.4,2785032,2068914728.05
2016-06-13,SUNPHARMA,,,738.5,748,733.15,746.45,2918950,2167678920.7
2016-06-14,SUNPHARMA,,,748,755,746.55,753.7,2789220,2093629951.65
2016-06-15,SUNPHARMA,,,756.9,758.35,750,751.6,1417625,1069152166.85
2016-06-16,SUNPHARMA,,,752,756.35,742.7,754.6,2717995,2035623196.95
2016-06-17,SUNPHARMA,,,756.5,758.15,740.1,743.2,3317924,2475981085.85
2016-06-20,SUNPHARMA,,,739.85,746.1,733.85,739.85,3323011,2461861422.6
2016-06-21,SUNPHARMA,,,741.1,745.2,735.2,736.3,3703466,2737975437.4
2016-06-22,SUNPHARMA,,,739.95,741.4,731.4,740.05,3715759,2740256378.15
2016-06-23,SUNPHARMA,,,743.95,757.8,743,752.6,3909660,2941617941
2016-06-24,SUNPHARMA,,,747.7,765,734,754.75,7640809,5740623765.2
2016-06-27,SUNPHARMA,,,757,775.6,753.3,773.75,4493497,3437922534.2
2016-06-28,SUNPHARMA,,,774,779.35,763.55,765.1,2788888,2151480450.05
2016-06-29,SUNPHARMA,,,770.7,774.45,767.6,770.3,2460436,1896492033.8
2016-06-30,SUNPHARMA,,,775,776.9,761,763.1,4538392,3479886039.25
2016-07-01,SUNPHARMA,,,769,769.45,762.05,763.35,2656477,2033611130
2016-07-04,SUNPHARMA,,,768.25,774.8,766.15,770.8,1575107,1214768716.15
2016-07-05,SUNPHARMA,,,772.95,778,764.25,774.5,2746347,2114385414.95
2016-07-07,SUNPHARMA,,,778,782.95,775,778.2,2515212,1960665823.95
2016-07-08,SUNPHARMA,,,781.95,785,774.45,777.5,2174896,1695031456.9
2016-07-11,SUNPHARMA,,,789,793.9,781.5,789,4771555,3763213815.5
2016-07-12,SUNPHARMA,,,792.8,793,778.15,783.05,3402732,2666839771.35
2016-07-13,SUNPHARMA,,,786.85,794.85,775,778.55,3546248,2778208539.7
2016-07-14,SUNPHARMA,,,774.65,774.65,766.85,768.55,4148326,3190485991.3
2016-07-15,SUNPHARMA,,,772,774.8,764.1,770.4,5462554,4208699469.1
2016-07-18,SUNPHARMA,,,774.3,781,770.9,776.7,3096502,2409165703.65
2016-07-19,SUNPHARMA,,,780,787,777.6,782.4,3030866,2372067269
2016-07-20,SUNPHARMA,,,785.4,798.3,781.55,797.25,4592908,3629055280.95
2016-07-21,SUNPHARMA,,,800,806,791,794.2,3452258,2761187751.55
2016-07-22,SUNPHARMA,,,796,796,782,786.6,2552125,2008651485
2016-07-25,SUNPHARMA,,,788,805,787,804,3836740,3060931291.8
2016-07-26,SUNPHARMA,,,807,808,795.1,798.4,2827707,2268052387.05
2016-07-27,SUNPHARMA,,,797.05,810,791.25,807.9,2447955,1960236694.35
2016-07-28,SUNPHARMA,,,810.4,828,809.5,825.45,3981433,3270552317.45
2016-07-29,SUNPHARMA,,,825,839.8,820.55,829.95,3056996,2545799676.3
2016-08-01,SUNPHARMA,,,837.9,840,822.7,835.65,2052236,1708639727
2016-08-02,SUNPHARMA,,,839,847.5,826.85,828.9,2135409,1790213870.4
2016-08-03,SUNPHARMA,,,832.7,847.35,821.3,839.6,2105776,1756660923.9
2016-08-04,SUNPHARMA,,,842,854.95,840.1,848.55,2609726,2216743227.25
2016-08-05,SUNPHARMA,,,852.9,854.45,837.05,841.9,1908271,1609700669.75
2016-08-08,SUNPHARMA,,,842.05,844.85,830.4,832.8,3382787,2821837866.1
2016-08-09,SUNPHARMA,,,834,835.2,822.6,829.35,1896252,1570373093.55
2016-08-10,SUNPHARMA,,,831.7,833,815.05,817.65,1315780,1081979205.2
2016-08-11,SUNPHARMA,,,814.3,818.8,785.2,808.25,6662203,5347276065.3
2016-08-12,SUNPHARMA,,,816.8,825.9,790.55,800.55,8732728,7079145446.85
2016-08-16,SUNPHARMA,,,808.35,808.35,781.2,782.7,5115466,4037563452.8
2016-08-17,SUNPHARMA,,,778.75,790.8,772.8,785,3550406,2782106926.3
2016-08-18,SUNPHARMA,,,790,794.4,785.5,788.8,1585900,1252802068.65
2016-08-19,SUNPHARMA,,,792.75,793.5,779.6,783.8,3217425,2528749477.45
2016-08-22,SUNPHARMA,,,784.25,785,765,770.1,5501620,4238590192.05
2016-08-23,SUNPHARMA,,,770.7,770.7,760,762.35,3756220,2863832423.65
2016-08-24,SUNPHARMA,,,765,775.35,763.55,769.7,3806381,2933517742.1
2016-08-25,SUNPHARMA,,,773.95,777.3,762.05,764.95,2285008,1760684458.05
2016-08-26,SUNPHARMA,,,766.25,768.65,752.75,755.25,1978922,1501792811.8
2016-08-29,SUNPHARMA,,,757.9,762.4,746.6,759.3,2362413,1788817144.8
2016-08-30,SUNPHARMA,,,763.8,777,760.95,774.85,1726397,1332339816.7
2016-08-31,SUNPHARMA,,,778,782,771.3,775.65,3405144,2647707786.35
2016-09-01,SUNPHARMA,,,775.6,778.9,767.25,770.05,1183855,914310592.5
2016-09-02,SUNPHARMA,,,774,784.3,768,782.35,1867621,1452820170.85
2016-09-06,SUNPHARMA,,,786,789,778.3,782.65,1556462,1218480139.85
2016-09-07,SUNPHARMA,,,783,784.55,776.55,779.25,1353192,1055517770.7
2016-09-08,SUNPHARMA,,,780,809.75,777.3,808.05,3663747,2922455082.55
2016-09-09,SUNPHARMA,,,811,818.5,794.1,797.45,4003165,3235026937
2016-09-12,SUNPHARMA,,,789,795.9,779.1,787.05,2621800,2070840556.6
2016-09-14,SUNPHARMA,,,795,796.2,774.4,779.85,3858523,3016352739.15
2016-09-15,SUNPHARMA,,,784,792.6,782.15,786.35,1479337,1164620631.75
2016-09-16,SUNPHARMA,,,790.05,794,781.25,783.8,2303954,1811743986.3
2016-09-19,SUNPHARMA,,,784.55,789.7,780.55,782.5,1283403,1006985873.85
2016-09-20,SUNPHARMA,,,785,786.6,777,778.75,2078649,1623304604.55
2016-09-21,SUNPHARMA,,,782,784.5,776.35,778.85,1572757,1227437980.6
2016-09-22,SUNPHARMA,,,786.05,788.85,783.3,786.75,1730313,1359733915.95
2016-09-23,SUNPHARMA,,,790.1,790.75,778,780.05,1768021,1388236548.3
2016-09-26,SUNPHARMA,,,781,784.25,764.6,766.15,2308824,1780964920.15
2016-09-27,SUNPHARMA,,,766.5,776.9,766.15,770.15,1556490,1201289925.75
2016-09-28,SUNPHARMA,,,766.2,773.75,763.4,764.8,2342694,1794204767.75
2016-09-29,SUNPHARMA,,,769,770,732,735.85,5321213,3957039983.3
2016-09-30,SUNPHARMA,,,739.95,745,735.1,742.7,2051308,1518628541.8
2016-10-03,SUNPHARMA,,,750,761,750,757.05,1856097,1404223121.35
2016-10-04,SUNPHARMA,,,762,773,759.25,764.3,2557812,1957138613.55
2016-10-05,SUNPHARMA,,,768.5,768.5,757.3,759.45,1847125,1410702660.8
2016-10-06,SUNPHARMA,,,765,766.55,750.1,752.9,1755184,1333349729.45
2016-10-07,SUNPHARMA,,,756,756.2,748.8,751.2,1554398,1168568229.15
2016-10-10,SUNPHARMA,,,752.95,758,750,755.45,1365905,1031419360.05
2016-10-13,SUNPHARMA,,,749.2,753.9,735.1,739.7,2996697,2221312551.95
2016-10-14,SUNPHARMA,,,740.9,747,737.4,745.5,1849542,1377042962.4
2016-10-17,SUNPHARMA,,,747.3,747.4,732,733.95,1510291,1113872898.45
2016-10-18,SUNPHARMA,,,735.95,745.3,735.5,743.5,1901132,1407046993.7
2016-10-19,SUNPHARMA,,,748.4,759,747.05,750.25,2267328,1708893332.3
2016-10-20,SUNPHARMA,,,754.75,755.9,742.95,745.5,1360596,1018140797.55
2016-10-21,SUNPHARMA,,,747,749,740.55,747.75,1807639,1348680244.3
2016-10-24,SUNPHARMA,,,749.9,753.7,745.25,747.15,1014731,760680376.95
2016-10-25,SUNPHARMA,,,749.1,759,746.25,747.4,1924646,1446969565.9
2016-10-26,SUNPHARMA,,,749,749,736.1,738.7,1206610,895135111.65
2016-10-27,SUNPHARMA,,,742,750.7,737.2,746.9,2686399,2004897193.3
2016-10-28,SUNPHARMA,,,747,752,741.95,743.4,1900094,1419440077.3
2016-11-01,SUNPHARMA,,,749,749,732.1,733.75,2566651,1896097986.15
2016-11-02,SUNPHARMA,,,732.8,732.8,713.1,714.05,3286334,2360494952
2016-11-03,SUNPHARMA,,,714,717,700.4,703.65,4374269,3095205248.55
2016-11-04,SUNPHARMA,,,679.9,679.9,647.1,651.5,17908933,11864704893.65
2016-11-07,SUNPHARMA,,,676,677,653,654.9,6663505,4405390547.9
2016-11-08,SUNPHARMA,,,660,663.05,632.3,635.4,9896681,6330119579.15
2016-11-09,SUNPHARMA,,,600,669.15,571.9,660.75,14963330,9465493999.95
2016-11-10,SUNPHARMA,,,680,693.6,664.1,666.2,9357587,6332983067.35
2016-11-11,SUNPHARMA,,,690,708,680,688,13184334,9183029537.45
2016-11-15,SUNPHARMA,,,697.95,705.55,674.65,682.45,5816519,4003900818.1
2016-11-16,SUNPHARMA,,,691,694.75,660,667.4,4722902,3200588175.55
2016-11-17,SUNPHARMA,,,668.75,681.35,660,669.25,3756250,2520730646.75
2016-11-18,SUNPHARMA,,,671.5,692.5,662.05,688.85,6150792,4212220797.1
2016-11-21,SUNPHARMA,,,692,697.1,676.05,690.35,5090705,3495650157.4
2016-11-22,SUNPHARMA,,,699,699.4,685,689.9,3359143,2320623254.65
2016-11-23,SUNPHARMA,,,696,704.9,691.05,701.3,4496512,3147548771.8
2016-11-24,SUNPHARMA,,,699.5,699.5,680,682.5,3783616,2606721109.3
2016-11-25,SUNPHARMA,,,689.5,717,685.1,714.15,4410579,3108518222.85
2016-11-28,SUNPHARMA,,,713.65,720.2,710.05,715.15,2607872,1867519197.35
2016-11-29,SUNPHARMA,,,719.9,721.5,702,706.5,3674024,2605185622.5
2016-11-30,SUNPHARMA,,,710.9,719.5,706.3,709.8,4359468,3104386196.5
2016-12-01,SUNPHARMA,,,709.8,724.5,707,721.5,2796906,2007092353
2016-12-02,SUNPHARMA,,,719.3,730.95,716.1,720.35,3163480,2291616814.6
2016-12-05,SUNPHARMA,,,722,725,710.35,713.1,2946490,2113395965.7
2016-12-06,SUNPHARMA,,,716.55,721.7,704.15,706.15,2939600,2088611898.65
2016-12-07,SUNPHARMA,,,700,700,660,664,12922300,8703441089.7
2016-12-08,SUNPHARMA,,,664,679.6,658.85,675.7,6865033,4599556949.2
2016-12-09,SUNPHARMA,,,678,682.8,671.25,673,3298719,2230627969.35
2016-12-12,SUNPHARMA,,,673.2,681.9,670,676.4,2155130,1460619228.5
2016-12-13,SUNPHARMA,,,676,685.7,666.55,684.35,4508196,3063380979.75
2016-12-14,SUNPHARMA,,,685.95,692.65,675,678.4,3202343,2189535204.3
2016-12-15,SUNPHARMA,,,672.8,673.6,645,649.95,9539189,6295485011.9
2016-12-16,SUNPHARMA,,,650.85,651.9,633.6,647.35,10780836,6929268938.85
2016-12-19,SUNPHARMA,,,644,644,630.1,632.25,4214766,2683940509.8
2016-12-20,SUNPHARMA,,,635,638,622.1,627.9,3984283,2504756813.75
2016-12-21,SUNPHARMA,,,632,633.9,613.05,614.45,7404147,4590364130.7
2016-12-22,SUNPHARMA,,,616.25,625,608,609.15,5479188,3370266913.6
2016-12-23,SUNPHARMA,,,614,629.5,611.2,623.5,6105681,3801120193.1
2016-12-26,SUNPHARMA,,,624.55,624.9,610,611.25,3005547,1848798163.8
2016-12-27,SUNPHARMA,,,614,622.2,612.6,621.1,2289086,1414928308.6
2016-12-28,SUNPHARMA,,,624,628.65,619.05,621.35,2516753,1571064106.7
2016-12-29,SUNPHARMA,,,621.5,624.95,611.85,614.7,4788982,2953749399.2
2016-12-30,SUNPHARMA,,,619,632,616.65,630,3523510,2203824078.45
2017-01-02,SUNPHARMA,,,633,640.35,627,634.05,2266225,1439270021.2
2017-01-03,SUNPHARMA,,,637,641.95,631.85,636.1,2821892,1797910288.75
2017-01-04,SUNPHARMA,,,638,643.8,634.8,637.35,2500456,1596892396.05
2017-01-05,SUNPHARMA,,,646.1,647.9,641.5,643.45,2589560,1669349914.7
2017-01-06,SUNPHARMA,,,648.1,649.75,639.45,640.75,1864378,1201382237.1
2017-01-09,SUNPHARMA,,,641.1,646.9,631,632.05,1827405,1161851250.7
2017-01-10,SUNPHARMA,,,635,639.9,627.1,638.55,2559697,1622788171.85
2017-01-11,SUNPHARMA,,,640,649.55,639.3,648.2,2784843,1797912999.35
2017-01-12,SUNPHARMA,,,629,646.9,629,644.75,6269913,4006213179.95
2017-01-13,SUNPHARMA,,,647,657.4,642.45,653,3524996,2295728776.7
2017-01-16,SUNPHARMA,,,651,654.9,642.2,643.5,1349694,873883365.45
2017-01-17,SUNPHARMA,,,645,652.7,644.45,649.7,3016496,1959735677.1
2017-01-18,SUNPHARMA,,,649,654,644.5,649.95,4013631,2609275799.65
2017-01-19,SUNPHARMA,,,647,653.7,641.1,643.45,2089653,1352343765.9
2017-01-20,SUNPHARMA,,,642.85,647.4,640,641.55,3671360,2358945837.45
2017-01-23,SUNPHARMA,,,640,645.25,632.5,633.65,2955807,1882387025
2017-01-24,SUNPHARMA,,,636,644.5,636,641.4,2187797,1402554432.95
2017-01-25,SUNPHARMA,,,644,646.7,634.2,635.85,3068071,1958484360.6
2017-01-27,SUNPHARMA,,,638.3,643,633.8,640.5,2362371,1509055281.05
2017-01-30,SUNPHARMA,,,640.05,654.9,639,644.75,2406083,1561361538.55
2017-01-31,SUNPHARMA,,,644.5,649,630,631.5,1926978,1225218478.95
2017-02-01,SUNPHARMA,,,631,637.45,618.4,625.55,3507275,2198205731.65
2017-02-02,SUNPHARMA,,,626.2,644.7,620,641.4,3819377,2423578197.85
2017-02-03,SUNPHARMA,,,644.5,649.8,640.25,647.25,2048060,1323320793.9
2017-02-06,SUNPHARMA,,,650,677.3,645,675.15,5835962,3883779611.9
2017-02-07,SUNPHARMA,,,675,689.55,667.2,669.6,4274151,2899099146.3
2017-02-08,SUNPHARMA,,,668.65,677,659.2,662.2,2959209,1971107337.5
2017-02-09,SUNPHARMA,,,665,669,653.35,655.5,3295494,2170251200.65
2017-02-10,SUNPHARMA,,,655.5,662.1,650.1,655.05,2814314,1847234889.3
2017-02-13,SUNPHARMA,,,656.5,659.45,648,654.7,1885766,1231108821.65
2017-02-14,SUNPHARMA,,,659,662.85,640.9,649.3,3393607,2220502477.55
2017-02-15,SUNPHARMA,,,650.2,651.75,621.5,623.05,10352763,6506036015.3
2017-02-16,SUNPHARMA,,,624,652,623.45,649.3,6158072,3945723029.55
2017-02-17,SUNPHARMA,,,653.5,677.95,649.1,675.5,6165104,4114187518.45
2017-02-20,SUNPHARMA,,,678,686.4,672.5,679.65,4597889,3131792804.4
2017-02-21,SUNPHARMA,,,681.7,685,670.1,673.2,2972142,2009340310.35
2017-02-22,SUNPHARMA,,,674,675.4,662.75,670.35,2662258,1782185645.45
2017-02-23,SUNPHARMA,,,673.9,681.3,667.05,674.55,4522397,3058132675.75
2017-02-27,SUNPHARMA,,,674.1,685.5,671.1,674.45,3477074,2358581488.85
2017-02-28,SUNPHARMA,,,675,682.3,675,679,2711558,1841966960.75
2017-03-01,SUNPHARMA,,,681.1,697.4,679,694.65,4972108,3444471021.2
2017-03-02,SUNPHARMA,,,700,701.3,672.9,676.15,4783045,3261789147.4
2017-03-03,SUNPHARMA,,,672,688.45,671.1,686.45,2495214,1703249150.1
2017-03-06,SUNPHARMA,,,684,684.5,675.1,683,2858145,1944484805.1
2017-03-07,SUNPHARMA,,,683.6,684.85,675.25,679.65,2152337,1460347511.2
2017-03-08,SUNPHARMA,,,675,688.85,673,680.4,3480865,2366365008.55
2017-03-09,SUNPHARMA,,,680.35,686,676.1,685.15,2408830,1645781734.5
2017-03-10,SUNPHARMA,,,680.05,691.1,680,682.95,1987748,1361104586.15
2017-03-14,SUNPHARMA,,,693.5,729.05,677.1,708.2,9857280,6998836839.95
2017-03-15,SUNPHARMA,,,713,717.45,704.25,705.85,3046871,2166001254.1
2017-03-16,SUNPHARMA,,,711,719.5,707.1,710.8,3087300,2201093027.75
2017-03-17,SUNPHARMA,,,715,716.4,702,707.5,3067000,2167358750.55
2017-03-20,SUNPHARMA,,,709,711,704.5,706.55,1418664,1003517256.25
2017-03-21,SUNPHARMA,,,704,705.9,684.15,698.05,3691911,2561157314.3
2017-03-22,SUNPHARMA,,,694,703,690.85,701.45,2414239,1684264788.55
2017-03-23,SUNPHARMA,,,704,705,699.25,703.15,1294418,908527907.8
2017-03-24,SUNPHARMA,,,703.5,709.65,700.2,703.9,1357525,958096002.9
2017-03-27,SUNPHARMA,,,701,703.35,689.5,691.2,1859318,1289122177.9
2017-03-28,SUNPHARMA,,,694.8,702.55,693.7,698.6,1626424,1135491461.9
2017-03-29,SUNPHARMA,,,701,701.4,685,687.65,5152744,3576348994.9
2017-03-30,SUNPHARMA,,,689.8,694.05,685.2,687.05,2558208,1762615511.65
2017-03-31,SUNPHARMA,,,685.2,694.05,684.6,688.15,2898457,1999789722.9
2017-04-03,SUNPHARMA,,,688.75,693.8,685.1,692.4,1347390,929977969.45
2017-04-05,SUNPHARMA,,,694.5,696.7,686.5,690.7,1977427,1364647747.7
2017-04-06,SUNPHARMA,,,692.95,692.95,683.15,686.9,2015425,1384294105.7
2017-04-07,SUNPHARMA,,,684.9,684.9,662.2,665.95,6076717,4071324001.1
2017-04-10,SUNPHARMA,,,667,669.9,661.2,667.75,2138613,1427537363.8
2017-04-11,SUNPHARMA,,,668.05,673,666.1,670.4,1344759,899790603.05
2017-04-12,SUNPHARMA,,,672.75,689.5,663.4,683.25,2653626,1789860028.85
2017-04-13,SUNPHARMA,,,688.5,699.85,681.5,692.75,2918733,2017304991.95
2017-04-17,SUNPHARMA,,,682,683,670.3,677.05,2411262,1631390041.4
2017-04-18,SUNPHARMA,,,677.95,679.5,663.95,665.15,1734258,1164090576.85
2017-04-19,SUNPHARMA,,,668.95,676,661.4,663.35,2241129,1499860776.1
2017-04-20,SUNPHARMA,,,666,667.7,655.05,655.95,2071407,1364225685.85
2017-04-21,SUNPHARMA,,,659.45,659.45,636.6,639.6,6091210,3909587161.05
2017-04-24,SUNPHARMA,,,635,645.25,632.05,642.85,4428981,2824600873.95
2017-04-25,SUNPHARMA,,,645.25,649,639.9,642.55,1825996,1173714855.15
2017-04-26,SUNPHARMA,,,643,646.5,635.1,642.8,1915462,1228365264.45
2017-04-27,SUNPHARMA,,,645,646,632.75,637,2432744,1551796251.45
2017-04-28,SUNPHARMA,,,637.25,644.2,637.25,641.95,1903299,1220217886.1
2017-05-02,SUNPHARMA,,,642.4,644.25,627.5,632.8,2415773,1532349745.15
2017-05-03,SUNPHARMA,,,631,635.45,624,628.85,3807210,2389688485.7
2017-05-04,SUNPHARMA,,,628,637.2,623.6,631.5,3150744,1986204943.65
2017-05-05,SUNPHARMA,,,630,638,626,630.2,2538263,1601576253
2017-05-08,SUNPHARMA,,,630.95,639.8,626.7,637.15,1544639,978844339.05
2017-05-09,SUNPHARMA,,,638,642.3,630.45,640.3,1589995,1009262668.55
2017-05-10,SUNPHARMA,,,642.05,646.6,637.35,642.8,1381364,887800702.7
2017-05-11,SUNPHARMA,,,644.85,649.9,640.15,648.45,1674209,1080955375.85
2017-05-12,SUNPHARMA,,,650,656.7,643.85,655.1,1992719,1297864367.2
2017-05-15,SUNPHARMA,,,655.4,656.85,649.5,654.45,1224004,800461742.6
2017-05-16,SUNPHARMA,,,655,656.55,648,652.35,2325051,1515958742.2
2017-05-17,SUNPHARMA,,,652.1,653,644.1,650.9,1920624,1245520258.2
2017-05-18,SUNPHARMA,,,648.7,655.25,643.45,653.95,2149513,1400464829.45
2017-05-19,SUNPHARMA,,,655.5,656.95,646.7,653.15,2223401,1451054083.45
2017-05-22,SUNPHARMA,,,654,654,636.3,640.15,3156574,2019906235.3
2017-05-23,SUNPHARMA,,,628,630.85,589.1,614.1,11623535,7052440913.8
2017-05-24,SUNPHARMA,,,615.95,616.3,599.5,603.5,3751856,2284428649.75
2017-05-25,SUNPHARMA,,,609.05,609.3,582.35,591.55,7237706,4268073185.7
2017-05-26,SUNPHARMA,,,590.6,597.85,564,567.65,10814562,6220043253.6
2017-05-29,SUNPHARMA,,,529,529,492.65,502.6,42138319,21285365596.4
2017-05-30,SUNPHARMA,,,502,510.55,502,508,10937265,5551857844.05
2017-05-31,SUNPHARMA,,,512,512.05,499.75,501.6,14794419,7466717051.4
2017-06-01,SUNPHARMA,,,502.1,523.95,502.1,507.45,14169918,7275348642.3
2017-06-02,SUNPHARMA,,,515,517.95,508,514.85,7715676,3964170923.45
2017-06-05,SUNPHARMA,,,520,522,511.65,512.8,5257958,2711061550.8
2017-06-06,SUNPHARMA,,,516,516.35,503,504.3,4813209,2443759608
2017-06-07,SUNPHARMA,,,508.9,515.75,504.8,511.55,4217463,2158504397.15
2017-06-08,SUNPHARMA,,,514,534.6,511.6,528.85,10616075,5596017519.05
2017-06-09,SUNPHARMA,,,530,533.85,521.7,524.7,4635649,2442982307.85
2017-06-12,SUNPHARMA,,,525,540.9,521.9,532.55,7634053,4085471892.05
2017-06-13,SUNPHARMA,,,551.15,552,536.2,537.2,9578458,5193204683.15
2017-06-14,SUNPHARMA,,,540,541,532.6,539.55,3182248,1712046671.7
2017-06-15,SUNPHARMA,,,540.75,549.35,536.85,544,4179924,2278860349.65
2017-06-16,SUNPHARMA,,,547.9,547.95,526,529.15,4986232,2668660473.9
2017-06-19,SUNPHARMA,,,533,533.95,521.55,524.85,4118410,2162653308.85
2017-06-20,SUNPHARMA,,,526.1,533.8,519.75,523.8,4464038,2345334650.45
2017-06-21,SUNPHARMA,,,528,535,523.2,528,4257922,2242594337.9
2017-06-22,SUNPHARMA,,,529.5,539.95,529,538.7,5201690,2793527440.6
2017-06-23,SUNPHARMA,,,538,545.5,537,543.8,3920128,2124322879.2
2017-06-27,SUNPHARMA,,,547,549.4,537.25,544.05,4675855,2540234603.3
2017-06-28,SUNPHARMA,,,543.8,548.15,538,545.45,5278948,2873408044.95
2017-06-29,SUNPHARMA,,,546,546.5,534.1,536.9,6060935,3265586319.5
2017-06-30,SUNPHARMA,,,538.8,560.95,538,555.7,6561625,3639056469
2017-07-03,SUNPHARMA,,,556,558.2,548.75,552,1580045,872205571.95
2017-07-04,SUNPHARMA,,,556,556.7,545.7,552.45,1980453,1092493998.15
2017-07-05,SUNPHARMA,,,552.55,560.6,548.75,550.65,3121863,1727849970
2017-07-06,SUNPHARMA,,,550.85,552.5,543.45,545.6,4155333,2272538655
2017-07-07,SUNPHARMA,,,546,552.25,545,549,4482328,2463684239.9
2017-07-10,SUNPHARMA,,,570.6,576.2,550,563.7,1032613,583945376.6
2017-07-11,SUNPHARMA,,,565,571.9,562.1,563.8,2824262,1600740177.05
2017-07-12,SUNPHARMA,,,566,567,560,562.4,1383094,778301066.3
2017-07-13,SUNPHARMA,,,560.05,571.6,560.05,569.3,4364882,2475813138.05
2017-07-14,SUNPHARMA,,,568.9,578.95,568.5,572.55,3111057,1789361982.6
2017-07-17,SUNPHARMA,,,575,577.75,567.5,571.45,1878995,1073036989.6
2017-07-18,SUNPHARMA,,,569.9,583,569,578.25,1868904,1081919953.8
2017-07-19,SUNPHARMA,,,584,590.25,583,589.15,1772229,1039713962.6
2017-07-20,SUNPHARMA,,,591.5,591.5,580,582.05,1054118,615551149.7
2017-07-21,SUNPHARMA,,,582.7,586.4,575,575.95,2584036,1498751602.65
2017-07-24,SUNPHARMA,,,577,577.9,569.35,570.8,1496356,856026713.95
2017-07-25,SUNPHARMA,,,571.05,573.35,563.5,565.9,2272849,1289191557.3
2017-07-26,SUNPHARMA,,,568.5,580.3,566.5,579.5,1896905,1091872249.55
2017-07-27,SUNPHARMA,,,580,582.2,567.5,572.1,5119717,2932559614.1
2017-07-28,SUNPHARMA,,,569,569.85,549,550.8,4094196,2273140827.7
2017-07-31,SUNPHARMA,,,553,553.7,528.9,531.65,5404990,2894175041.55
2017-08-01,SUNPHARMA,,,531.65,541.9,530.05,533.8,3699349,1982546022
2017-08-02,SUNPHARMA,,,537,537.3,521.75,523.55,3483902,1837260750.45
2017-08-03,SUNPHARMA,,,527,530,514,515.85,4531774,2368264810.95
2017-08-04,SUNPHARMA,,,513.7,513.8,492.65,506.4,7344699,3684276132.8
2017-08-07,SUNPHARMA,,,508.9,513.15,504.25,505.55,2279879,1159594018.1
2017-08-08,SUNPHARMA,,,509,509,498,500.35,3042569,1528818045.2
2017-08-09,SUNPHARMA,,,488.5,493.5,471.35,474.35,11025555,5304343998.95
2017-08-10,SUNPHARMA,,,470.5,485.45,451.05,460.8,10149400,4727772203.55
2017-08-11,SUNPHARMA,,,458,462.95,444.6,450,7851424,3564586901.75
2017-08-14,SUNPHARMA,,,433,476.95,432.7,471.8,20846332,9463484554.05
2017-08-16,SUNPHARMA,,,478,486.7,467.7,485.7,7588306,3641702441.8
2017-08-17,SUNPHARMA,,,485.7,490.4,480.55,488.25,4484873,2176174820
2017-08-18,SUNPHARMA,,,485,485,467.2,470.15,4513543,2137741505.95
2017-08-21,SUNPHARMA,,,475.4,475.4,459.4,460.55,4215469,1967756236
2017-08-22,SUNPHARMA,,,464,472.5,461.8,470.45,3797497,1774339508.9
2017-08-23,SUNPHARMA,,,473.95,475.95,467.6,469.2,3682870,1731787383.5
2017-08-24,SUNPHARMA,,,471.9,488.45,469.5,483,5680084,2736628304.6
2017-08-28,SUNPHARMA,,,488.8,499.9,483.25,493.2,6388051,3154065729.3
2017-08-29,SUNPHARMA,,,491.95,491.95,479.65,481.8,2605383,1262269867
2017-08-30,SUNPHARMA,,,484,488.95,481.45,484.25,2523480,1223776920.65
2017-08-31,SUNPHARMA,,,487.15,487.35,476.65,481.15,4398132,2112242060.3
2017-09-01,SUNPHARMA,,,481,492,480.8,486.2,3998817,1943917700.45
2017-09-04,SUNPHARMA,,,484,509.7,478.15,500.7,4489406,2210266805.55
2017-09-05,SUNPHARMA,,,503,504.55,490.1,491.85,5266455,2613298342.65
2017-09-06,SUNPHARMA,,,486.95,486.95,473,474.25,7344173,3510666189.05
2017-09-07,SUNPHARMA,,,477,483.5,474.25,480.45,2916205,1399312561.95
2017-09-08,SUNPHARMA,,,478.95,484.3,467.25,471.35,3557040,1681982772.15
2017-09-11,SUNPHARMA,,,474.5,476.4,466.2,467.45,3437220,1614270635.95
2017-09-12,SUNPHARMA,,,475,485.55,470.5,483.4,5892218,2820252569.75
2017-09-13,SUNPHARMA,,,484,510.5,479.9,503.35,11440036,5707278538.7
2017-09-14,SUNPHARMA,,,520,527.15,513.6,524.65,10997664,5719348528.05
2017-09-15,SUNPHARMA,,,518.2,527.95,514.1,524.3,7483452,3903245185.75
2017-09-18,SUNPHARMA,,,525,527,511,521.05,3689242,1914261102.65
2017-09-19,SUNPHARMA,,,523.8,529.4,511.6,515.8,4355599,2273121346.95
2017-09-20,SUNPHARMA,,,518.8,519.4,503.6,505.5,5024973,2561041880.65
2017-09-21,SUNPHARMA,,,508.5,525,505,519.65,10217874,5278771864.95
2017-09-22,SUNPHARMA,,,518.95,528.5,508.7,513.85,7990848,4166183105.5
2017-09-25,SUNPHARMA,,,512,514.55,501.5,505.95,4345197,2203769141.35
2017-09-26,SUNPHARMA,,,506,515,505.15,507.6,3615167,1846834507.7
2017-09-27,SUNPHARMA,,,503.95,503.95,489.5,494.7,7594880,3756349881.75
2017-09-28,SUNPHARMA,,,494.7,507,493.5,499.2,5557091,2780836329.6
2017-09-29,SUNPHARMA,,,500.25,506,498.25,503.25,3478824,1747353292.3
2017-10-03,SUNPHARMA,,,509,509.6,500.15,502.65,2880625,1452456613.45
2017-10-04,SUNPHARMA,,,504.1,522,502,517.9,6203591,3206301977.2
2017-10-05,SUNPHARMA,,,519,525,512,513.8,3576059,1856316969.7
2017-10-06,SUNPHARMA,,,518,533,515.8,530.2,6323391,3325474204.2
2017-10-09,SUNPHARMA,,,527.8,536.95,521.6,531.4,5049020,2677814649.25
2017-10-10,SUNPHARMA,,,531.9,535,526.1,527.2,2244596,1189178446.2
2017-10-11,SUNPHARMA,,,530.8,533.15,521.15,526.05,4031497,2129385560.3
2017-10-12,SUNPHARMA,,,543,545,532,539.55,8970339,4826661460.1
2017-10-13,SUNPHARMA,,,541.25,543.1,533,534.7,3819414,2053394632.75
2017-10-16,SUNPHARMA,,,538.4,549.9,533.8,547.95,5322443,2877596242.45
2017-10-17,SUNPHARMA,,,546.9,554,544.55,547.2,4477156,2461338973.4
2017-10-18,SUNPHARMA,,,549.35,549.4,538.85,540.2,3499930,1900900806.25
2017-10-23,SUNPHARMA,,,536.05,543.5,533.3,540.4,2878772,1552906482.5
2017-10-24,SUNPHARMA,,,537.5,539,533.5,534.55,1940555,1039557470.2
2017-10-25,SUNPHARMA,,,534.9,539,522.25,523.25,2055745,1086147896.2
2017-10-26,SUNPHARMA,,,525.4,538.9,519,530.15,3566575,1891991061.6
2017-10-27,SUNPHARMA,,,532.5,557.9,532.5,549.9,8848376,4851811761.85
2017-10-30,SUNPHARMA,,,552.1,557.3,544.1,553.1,5360570,2955402984.7
2017-10-31,SUNPHARMA,,,553,558.7,545.9,552.9,2907328,1607906918.85
2017-11-01,SUNPHARMA,,,553.05,555.9,546.4,548.7,3304676,1820708521.7
2017-11-02,SUNPHARMA,,,548,572.3,547.65,563.45,8413439,4745452589.7
2017-11-03,SUNPHARMA,,,565,567.8,550.2,551.25,3595527,1997459110.65
2017-11-06,SUNPHARMA,,,553,555.9,539.3,541.2,3987042,2175225131.95
2017-11-07,SUNPHARMA,,,545,549.8,513.25,527.6,8930638,4738765754
2017-11-08,SUNPHARMA,,,533,545.4,532.4,537.8,4530173,2446693419.85
2017-11-09,SUNPHARMA,,,555,555,527.05,533.9,4591954,2469185296.45
2017-11-10,SUNPHARMA,,,530,534.2,523.75,527.85,3187021,1683855026.35
2017-11-13,SUNPHARMA,,,526.8,541.6,519.1,532.55,5498679,2925278106.85
2017-11-14,SUNPHARMA,,,533.4,537.9,517.1,526.05,5853721,3078641479.6
2017-11-15,SUNPHARMA,,,516,520,501.1,504.65,8629268,4398944417.7
2017-11-16,SUNPHARMA,,,505,510.8,498.2,508.55,5351102,2702740054.15
2017-11-17,SUNPHARMA,,,510.2,522.15,510.05,517.1,3515919,1815398447.25
2017-11-20,SUNPHARMA,,,520,521.85,514.3,517.15,1977341,1022590577.8
2017-11-21,SUNPHARMA,,,518,541.5,514.55,538.05,7852414,4188056725.3
2017-11-22,SUNPHARMA,,,539.75,544.65,530.15,535.25,4294740,2306060857.2
2017-11-23,SUNPHARMA,,,535,547.5,531.85,544.75,3972361,2152027587.25
2017-11-24,SUNPHARMA,,,545.75,551,541.7,549.5,4099139,2246175570.6
2017-11-27,SUNPHARMA,,,541.1,553.9,538.25,551.55,3833249,2104069407.65
2017-11-28,SUNPHARMA,,,551,556.35,541.1,543.15,2493500,1365450355.6
2017-11-29,SUNPHARMA,,,543,549.65,541.5,547.1,2174433,1187828926.4
2017-11-30,SUNPHARMA,,,547.05,554.95,537.7,539.95,5950729,3230611235.1
2017-12-01,SUNPHARMA,,,544,545.45,522.25,525.95,3164938,1692037298.65
2017-12-04,SUNPHARMA,,,529.8,529.8,516.5,520.75,3306680,1725918489.65
2017-12-05,SUNPHARMA,,,518.55,528,517.65,523.15,3479216,1823370588.75
2017-12-06,SUNPHARMA,,,525.8,526.5,510.1,511.35,3859141,1999423836.6
2017-12-07,SUNPHARMA,,,510,515.55,506,510.35,4470510,2281873054.85
2017-12-08,SUNPHARMA,,,513.5,524,511,521.85,3394236,1759734522.05
2017-12-11,SUNPHARMA,,,525,531,521.85,529.6,2581923,1362333049
2017-12-12,SUNPHARMA,,,532,533.75,519.3,520.85,2669035,1401214532.15
2017-12-13,SUNPHARMA,,,521,526.3,515.5,516.85,2072867,1078819702.8
2017-12-14,SUNPHARMA,,,518.2,519.6,511.2,514.4,2301593,1184630872.65
2017-12-15,SUNPHARMA,,,518.5,524,515.9,518.35,3053990,1588418968.75
2017-12-18,SUNPHARMA,,,517,533.7,499.5,529.8,4063126,2136755792.85
2017-12-19,SUNPHARMA,,,533,535.35,525.15,527.5,3216333,1699997504.4
2017-12-20,SUNPHARMA,,,528.8,532.5,525.7,527.25,2558514,1353837932.5
2017-12-21,SUNPHARMA,,,532,538.7,525.8,528.2,5492286,2919852168.85
2017-12-22,SUNPHARMA,,,528.2,533.5,526.05,530.95,2982469,1580598023
2017-12-26,SUNPHARMA,,,530.2,544.4,529,541.3,4858794,2613573739.4
2017-12-27,SUNPHARMA,,,543.8,581.7,543.05,576.3,23356359,13293744272.95
2017-12-28,SUNPHARMA,,,580.25,585.6,566.35,568.4,11062915,6350370189.85
2017-12-29,SUNPHARMA,,,572.7,579,568.2,571.15,5197225,2973790499.7
2018-01-01,SUNPHARMA,,,571.5,585.4,571.25,574.05,5314142,3075590813.9
2018-01-02,SUNPHARMA,,,577,582,567.2,572.15,3839130,2201239576.4
2018-01-03,SUNPHARMA,,,575,578.95,567,569.05,2182632,1250089119.6
2018-01-04,SUNPHARMA,,,572,583.95,560.1,581.2,6246746,3571356386.1
2018-01-05,SUNPHARMA,,,585,587.35,575.3,578.75,4600683,2674102674.9
2018-01-08,SUNPHARMA,,,588,604.6,586.15,591.6,10475190,6255354562.4
2018-01-09,SUNPHARMA,,,597,598,584.35,586.5,4025566,2378721788.55
2018-01-10,SUNPHARMA,,,590.8,594,581.4,585.1,2929462,1720305515.85
2018-01-11,SUNPHARMA,,,585.75,598.5,580.5,587.95,5930449,3492244961.55
2018-01-12,SUNPHARMA,,,590,591.45,579.6,583.45,2842683,1661333845.8
2018-01-15,SUNPHARMA,,,586.8,586.8,574.5,576.45,4456611,2582032170.7
2018-01-16,SUNPHARMA,,,577.35,583.95,572.15,577.7,4868363,2813336183.4
2018-01-17,SUNPHARMA,,,583,585.9,576.7,583.75,4812606,2801799806.55
2018-01-18,SUNPHARMA,,,586,589.45,574.3,576.7,3679687,2141766585.5
2018-01-19,SUNPHARMA,,,580,580.65,567.6,572.1,4693971,2687470084.8
2018-01-22,SUNPHARMA,,,573,578.9,568.85,576.15,3072409,1761355396.4
2018-01-23,SUNPHARMA,,,579,585.85,575.5,579.35,4790590,2774975467.35
2018-01-24,SUNPHARMA,,,577,596.5,575.1,586.55,7168397,4213145351.1
2018-01-25,SUNPHARMA,,,591,596,578,579.85,4213982,2469089084.9
2018-01-29,SUNPHARMA,,,581.05,594.2,578.35,587.95,6006564,3530504065.55
2018-01-30,SUNPHARMA,,,585.7,594.75,580.05,591.95,3542190,2088032760.75
2018-01-31,SUNPHARMA,,,590,594.9,575.05,579.9,4781423,2780384668.2
2018-02-01,SUNPHARMA,,,580,580,549.55,554.3,8789899,4974357325.15
2018-02-02,SUNPHARMA,,,552,567.35,544.65,551.2,10873325,6047325114.65
2018-02-05,SUNPHARMA,,,538.8,560.45,533.55,557.45,4734366,2608660973.3
2018-02-06,SUNPHARMA,,,537,554.5,531.2,551.8,6325143,3471497017.25
2018-02-07,SUNPHARMA,,,556,557.45,542.6,549.5,5110233,2813952132.75
2018-02-08,SUNPHARMA,,,540.05,587,533.8,584.1,13707589,7751034043.8
2018-02-09,SUNPHARMA,,,570.1,586,570.1,582.7,3796079,2196312796.9
2018-02-12,SUNPHARMA,,,586,608.95,585,589.15,10261511,6109774754.6
2018-02-14,SUNPHARMA,,,590.95,591.8,571.2,574.8,6630066,3835166295.45
2018-02-15,SUNPHARMA,,,565.4,584.95,565.4,575.75,10715444,6158523976.25
2018-02-16,SUNPHARMA,,,575.4,577.55,563.35,575.25,6640151,3796619910.4
2018-02-19,SUNPHARMA,,,575,577.25,553.55,561.4,3518880,1987726092
2018-02-20,SUNPHARMA,,,564.65,566.65,557,559.5,2481944,1391163466.25
2018-02-21,SUNPHARMA,,,560.05,563,511.3,525.75,21898950,11604015114.75
2018-02-22,SUNPHARMA,,,527.5,547,524,541.45,12473655,6697735061.35
2018-02-23,SUNPHARMA,,,550,575.25,546,569.65,30844893,17325227823.7
2018-02-26,SUNPHARMA,,,570,571.9,553.35,555.95,8083731,4527948076.1
2018-02-27,SUNPHARMA,,,555.95,563.45,542.05,544.8,6920945,3814583236.25
2018-02-28,SUNPHARMA,,,543,552.35,532.65,535.35,8366660,4527095669.65
2018-03-01,SUNPHARMA,,,537.95,541.5,533.25,535.4,4264631,2290107548.55
2018-03-05,SUNPHARMA,,,535.1,552.7,527.05,548.55,7343286,3980485799.8
2018-03-06,SUNPHARMA,,,561,563,530,531.75,9825945,5347798766.2
2018-03-07,SUNPHARMA,,,532,534.15,520.1,524.85,6282066,3305557741
2018-03-08,SUNPHARMA,,,529.7,530.5,509.5,514.6,9316674,4817580004.9
2018-03-09,SUNPHARMA,,,514,519.9,505,506.8,4996423,2563550722.35
2018-03-12,SUNPHARMA,,,511,516,506.55,512.65,4632925,2371066717.75
2018-03-13,SUNPHARMA,,,512.65,525.5,512.65,523.3,4795084,2495180479
2018-03-14,SUNPHARMA,,,523.3,523.3,516.1,520.1,2469628,1281818825.6
2018-03-15,SUNPHARMA,,,520,529,514.75,516.45,3013808,1574227073.25
2018-03-16,SUNPHARMA,,,512.05,522,501.3,503.05,8924919,4534309618.1
2018-03-19,SUNPHARMA,,,506.8,508.55,496,497.65,5580228,2794467947.8
2018-03-20,SUNPHARMA,,,496.75,511,493.75,508.75,4615574,2324592727.55
2018-03-21,SUNPHARMA,,,513.95,515.6,502.55,504.5,3986735,2031370609.5
2018-03-22,SUNPHARMA,,,520,521,505.1,508.4,8691889,4439551844.4
2018-03-23,SUNPHARMA,,,501.8,506.75,497.55,502.4,5098042,2560414529.4
2018-03-26,SUNPHARMA,,,502.4,506.9,496.1,503.2,4203954,2108388311.75
2018-03-27,SUNPHARMA,,,506,512.25,503.2,505.1,4458072,2262716316.55
2018-03-28,SUNPHARMA,,,504,504.7,492,495.1,6856832,3415123566.7
2018-04-02,SUNPHARMA,,,500.9,510,496.05,507.85,2924481,1474943076.35
2018-04-03,SUNPHARMA,,,506,512.2,504.5,510,2709038,1378065912.5
2018-04-04,SUNPHARMA,,,514.95,514.95,501,502.25,3120925,1585931607.1
2018-04-05,SUNPHARMA,,,506,513,505.1,507.55,2409577,1225822344.05
2018-04-06,SUNPHARMA,,,508,515.3,507,512.6,2772128,1420963738.05
2018-04-09,SUNPHARMA,,,512,517.75,507.35,510.85,2395291,1226442234.5
2018-04-10,SUNPHARMA,,,512.4,515.9,507.5,508.25,2645876,1350620637.25
2018-04-11,SUNPHARMA,,,511,522.9,510.3,521.45,5693850,2946070527.95
2018-04-12,SUNPHARMA,,,521.5,521.5,509.6,515.9,3619891,1864996537.15
2018-04-13,SUNPHARMA,,,514.6,519.8,510.3,513,2130074,1097666316.7
2018-04-16,SUNPHARMA,,,513,521,511.5,519.4,2687330,1389681471.5
2018-04-17,SUNPHARMA,,,521.9,521.9,510.5,512.15,3104869,1593330044.75
2018-04-18,SUNPHARMA,,,514.35,517.4,510.65,512,2412444,1239766627.8
2018-04-19,SUNPHARMA,,,515,515,506.35,509.2,1936774,986763266.65
2018-04-20,SUNPHARMA,,,509,509,502,505.3,4431085,2233703409.05
2018-04-23,SUNPHARMA,,,505,515.5,505,514.25,2424057,1241411855.95
2018-04-24,SUNPHARMA,,,515.9,523.5,512.5,517.8,3432552,1783640599.6
2018-04-25,SUNPHARMA,,,514.5,521.45,511.2,514.05,2112975,1091884206.7
2018-04-26,SUNPHARMA,,,514,522.7,511.3,512.6,3304748,1704429569.35
2018-04-27,SUNPHARMA,,,517.5,526.4,515.25,524.15,3998704,2084773517.65
2018-04-30,SUNPHARMA,,,528,530.95,525.1,528.4,1689385,891931942.8
2018-05-02,SUNPHARMA,,,530,530.75,510.45,515.2,5805988,2995847725.9
2018-05-03,SUNPHARMA,,,517,539.3,511.65,536,7457111,3939772493.3
2018-05-04,SUNPHARMA,,,530,533,516.4,517.95,5429919,2848274775.45
2018-05-07,SUNPHARMA,,,518,520,506.5,513.7,3837196,1966240131.75
2018-05-08,SUNPHARMA,,,514,519.25,508.6,511.45,2519096,1291800650.2
2018-05-09,SUNPHARMA,,,511.45,514.8,505.2,506.15,2477607,1260635538.6
2018-05-10,SUNPHARMA,,,508,509.25,495.3,497.2,4218689,2111363269.35
2018-05-11,SUNPHARMA,,,494,496.15,467.75,472.05,9906203,4745733189.1
2018-05-14,SUNPHARMA,,,473,487.8,472,473.8,6746471,3240875518.7
2018-05-15,SUNPHARMA,,,474,480,459,468.65,5493167,2574653612.85
2018-05-16,SUNPHARMA,,,466,473,462.5,471.7,4675165,2190249130.9
2018-05-17,SUNPHARMA,,,473,486,468.35,479.85,5939278,2837031545.9
2018-05-18,SUNPHARMA,,,488.95,488.95,462.85,464.9,8722402,4129901436
2018-05-21,SUNPHARMA,,,464.2,465,440.3,443.75,5809871,2616640851.45
2018-05-22,SUNPHARMA,,,444.85,456,435,453,4466739,1991266773.4
2018-05-23,SUNPHARMA,,,454,461.5,449.45,452.25,4549341,2078564730.25
2018-05-24,SUNPHARMA,,,454.9,469.7,451.45,462.85,6237036,2895631836.45
2018-05-25,SUNPHARMA,,,465.5,469.4,456,466.45,4971624,2301399092.6
2018-05-28,SUNPHARMA,,,485,504.95,480,499.7,16007675,7957513936.45
2018-05-29,SUNPHARMA,,,496.6,509.95,490.05,499.5,8258927,4145699345.9
2018-05-30,SUNPHARMA,,,494.9,503.7,492.35,494.55,3851368,1916381577.25
2018-05-31,SUNPHARMA,,,494.9,496,472.9,480.35,18790216,9062509847.8
2018-06-01,SUNPHARMA,,,485,489.55,479.1,484.35,3793797,1837201827.85
2018-06-04,SUNPHARMA,,,486,490.8,476.8,478.6,2995860,1449454320.8
2018-06-05,SUNPHARMA,,,476.15,483.25,470.15,473.5,3076737,1469178559.45
2018-06-06,SUNPHARMA,,,476.9,492.2,473.1,489.85,4126448,1995827731.8
2018-06-07,SUNPHARMA,,,490.65,493.9,485.55,488.75,2197858,1076626512.3
2018-06-08,SUNPHARMA,,,487,533.65,486.25,528.25,29224236,15224144700.65
2018-06-11,SUNPHARMA,,,530,544,526.15,535.7,16452353,8830791379.85
2018-06-12,SUNPHARMA,,,535.7,544.95,531.35,540.45,8140874,4402783172.65
2018-06-13,SUNPHARMA,,,552.2,560.95,542.35,546.3,20167822,11142912855.7
2018-06-14,SUNPHARMA,,,546,562,542,559.25,12154425,6747153877.4
2018-06-15,SUNPHARMA,,,562,573.85,561,571.3,15166730,8641874910.3
2018-06-18,SUNPHARMA,,,572,578.3,563.9,570.1,6090932,3478659389.5
2018-06-19,SUNPHARMA,,,570,576.5,558.35,559.95,6719183,3806514201.1
2018-06-20,SUNPHARMA,,,559,565.7,553.1,564.1,4435880,2489248996.6
2018-06-21,SUNPHARMA,,,565,567.45,552.6,554.5,3243433,1809825032.8
2018-06-22,SUNPHARMA,,,553,581.8,547.65,577.25,9935404,5636064544.55
2018-06-25,SUNPHARMA,,,576.9,592,567.95,571.8,14303449,8331376282.4
2018-06-26,SUNPHARMA,,,571.35,576.5,565.8,572.95,4726890,2701419104.2
2018-06-27,SUNPHARMA,,,577,581.7,568.5,576.9,8539318,4905123451.95
2018-06-28,SUNPHARMA,,,577.75,583.2,564.2,567.3,5516028,3164238279.55
2018-06-29,SUNPHARMA,,,569,571.9,560.15,564,4416940,2496321168.75
2018-07-02,SUNPHARMA,,,566.3,572.85,558.5,563.15,4132132,2334773564.6
2018-07-03,SUNPHARMA,,,564.8,576.8,560.7,573.6,5950013,3394877818
2018-07-04,SUNPHARMA,,,576,588.85,573.05,579.3,9406196,5472656016.85
2018-07-05,SUNPHARMA,,,581,581,564.9,566.95,3833300,2197539029.1
2018-07-06,SUNPHARMA,,,567.4,573.25,555,558.1,5609846,3161755261.65
2018-07-09,SUNPHARMA,,,560.6,572.6,560.6,568.8,4117856,2341868476.75
2018-07-10,SUNPHARMA,,,569,572,558,563.95,4594276,2588178018.9
2018-07-11,SUNPHARMA,,,564.95,569.7,559.6,560.75,3519985,1986209161.65
2018-07-12,SUNPHARMA,,,563,570.7,558,564.45,3736611,2112559300.3
2018-07-13,SUNPHARMA,,,566.8,567,557.05,559.75,2012823,1130226702.6
2018-07-16,SUNPHARMA,,,559.5,560,530.7,533.95,4267330,2310706255.45
2018-07-17,SUNPHARMA,,,535,551.75,533,548.65,3699579,2016825004
2018-07-18,SUNPHARMA,,,554.95,559.2,542.85,549.9,5720388,3158734125
2018-07-19,SUNPHARMA,,,552.4,553.8,542.25,544.95,2767826,1518926109.4
2018-07-20,SUNPHARMA,,,545,563,545,560.1,2702091,1497754110.1
2018-07-23,SUNPHARMA,,,562.7,567,557.5,561.75,2459719,1385447764.5
2018-07-24,SUNPHARMA,,,562.1,568.5,559.05,562.7,2480730,1398174759.1
2018-07-25,SUNPHARMA,,,566.4,567.35,555.5,558.15,2161490,1211095170.25
2018-07-26,SUNPHARMA,,,553.95,563.8,551.5,555.4,3113443,1737262434.8
2018-07-27,SUNPHARMA,,,555.9,561,553.25,557.05,2638153,1469912638
2018-07-30,SUNPHARMA,,,555.3,566.75,551.95,562.7,3441224,1929149195.4
2018-07-31,SUNPHARMA,,,562.5,575.75,560.15,568.5,5998010,3420418699.15
2018-08-01,SUNPHARMA,,,570,576.8,563.8,574.65,3672172,2103326054.25
2018-08-02,SUNPHARMA,,,575.9,587.55,575.3,580.4,5898107,3438091797
2018-08-03,SUNPHARMA,,,583.9,589.4,583.85,585.85,3298774,1934655800
2018-08-06,SUNPHARMA,,,586.5,593.4,575.1,576.15,3867267,2243397989.8
2018-08-07,SUNPHARMA,,,580.45,582.5,568.25,569.7,3076068,1763838011.05
2018-08-08,SUNPHARMA,,,570,578.35,564.3,574,2970652,1698626105.5
2018-08-09,SUNPHARMA,,,575.2,584.9,563.05,571.45,4595269,2641161901.75
2018-08-10,SUNPHARMA,,,566.1,569.7,548.85,554,6086714,3383056721.05
2018-08-13,SUNPHARMA,,,556.9,567.5,552.6,563.9,3254839,1832095892.05
2018-08-14,SUNPHARMA,,,565.5,610,560.1,601.8,25001972,14793479154.05
2018-08-16,SUNPHARMA,,,610,621.7,602.2,619.7,25169096,15422864616.05
2018-08-17,SUNPHARMA,,,623,633.4,619,623.5,14161255,8872642066.8
2018-08-20,SUNPHARMA,,,625,630.95,620.25,626.35,9494515,5942970379
2018-08-21,SUNPHARMA,,,626.9,639.45,620.5,635.4,7752348,4897527366.05
2018-08-23,SUNPHARMA,,,639.9,645.5,634.3,639.65,8942755,5729381044.35
2018-08-24,SUNPHARMA,,,638.25,639.8,618.7,629.8,7909136,4972762045.75
2018-08-27,SUNPHARMA,,,632.3,636.6,620.65,621.8,8253456,5167564168.65
2018-08-28,SUNPHARMA,,,625,633.45,619.1,621.2,4181613,2613068857.25
2018-08-29,SUNPHARMA,,,623.9,631,616.8,621.25,4435825,2775727894.7
2018-08-30,SUNPHARMA,,,623.5,642,622.15,639.95,9022572,5715116785.3
2018-08-31,SUNPHARMA,,,643.45,659.4,643.3,652.85,12972927,8477984332.4
2018-09-03,SUNPHARMA,,,658.8,673.5,651.25,656.2,12185947,8101497515.75
2018-09-04,SUNPHARMA,,,658,663.45,645.15,655.35,7989190,5242175287.15
2018-09-05,SUNPHARMA,,,654.1,671.8,653.75,663.75,9140409,6069372751
2018-09-06,SUNPHARMA,,,668,679.3,663.25,677.4,7815292,5248030252.7
2018-09-07,SUNPHARMA,,,650,670,640,664.25,22074525,14454651504.75
2018-09-10,SUNPHARMA,,,656.5,667.25,635.35,638,9930755,6451429023.45
2018-09-11,SUNPHARMA,,,643,649.4,627.55,630.4,8273963,5286914185.15
2018-09-12,SUNPHARMA,,,625,654.4,620.1,649.9,11215125,7196011852.8
2018-09-14,SUNPHARMA,,,665,670.9,658,665.25,7444874,4938523594.1
2018-09-17,SUNPHARMA,,,661,668.25,644.2,646.2,6264996,4112415512.85
2018-09-18,SUNPHARMA,,,646.4,655.7,640.5,642.5,5780144,3755628981.35
2018-09-19,SUNPHARMA,,,651.95,657.25,641.6,648.85,7659788,4970363494.1
2018-09-21,SUNPHARMA,,,650,655,614.5,634.9,9635852,6137415126.05
2018-09-24,SUNPHARMA,,,638,642.95,616,624,5305739,3329019537.85
2018-09-25,SUNPHARMA,,,624.1,645,624.05,641.1,7213759,4593649166.15
2018-09-26,SUNPHARMA,,,649.8,649.8,632.55,639.85,4850782,3107801962.85
2018-09-27,SUNPHARMA,,,641.7,643.95,625.2,631.25,4070395,2576114966.95
2018-09-28,SUNPHARMA,,,630,636.35,616.1,623.25,6693066,4180431941.1
2018-10-01,SUNPHARMA,,,624,639,610,634.7,5527208,3456142038
2018-10-03,SUNPHARMA,,,636.5,640.75,618.5,620.85,4723773,2977896268.55
2018-10-04,SUNPHARMA,,,618,620.75,590.85,599.05,4851894,2943502477.15
2018-10-05,SUNPHARMA,,,595,616.35,591.05,597.95,6804502,4114445010.75
2018-10-08,SUNPHARMA,,,592,608.75,589.1,604.25,4400199,2644333503.95
2018-10-09,SUNPHARMA,,,608,617.3,597.6,609.75,4516779,2745091504.15
2018-10-10,SUNPHARMA,,,610,619.5,593,602.95,5566798,3367022371.95
2018-10-11,SUNPHARMA,,,590,603.25,582.7,586.7,4591533,2717122190.6
2018-10-12,SUNPHARMA,,,591.1,597.75,582.65,590.6,5795641,3415131268.35
2018-10-15,SUNPHARMA,,,593.7,603.45,586.65,599.95,3422475,2047882366.75
2018-10-16,SUNPHARMA,,,601.95,612,592.85,602.7,3557343,2130711521.9
2018-10-17,SUNPHARMA,,,609.4,609.4,591,593.45,2629035,1579005741.4
2018-10-19,SUNPHARMA,,,591.9,611.5,590.1,609.95,4841857,2922548323.4
2018-10-22,SUNPHARMA,,,610.7,616.8,603.45,606.9,4362446,2664163718.85
2018-10-23,SUNPHARMA,,,605,605.6,572.75,575.85,4538253,2660817003.15
2018-10-24,SUNPHARMA,,,583,584,561.45,570.7,5820242,3307496217.65
2018-10-25,SUNPHARMA,,,565.25,572.45,552.1,558.75,6105402,3424661327.15
2018-10-26,SUNPHARMA,,,558.75,561.5,550,554.05,4002009,2221906037.8
2018-10-29,SUNPHARMA,,,554.5,577.6,554.45,573.6,3640433,2075904779.7
2018-10-30,SUNPHARMA,,,571.9,575.9,559.65,562.05,2783468,1574909884.4
2018-10-31,SUNPHARMA,,,562.55,582,560.45,580.25,5896444,3380175881.65
2018-11-01,SUNPHARMA,,,581.25,584.5,568,571.85,2779373,1600289051.85
2018-11-02,SUNPHARMA,,,574,579.75,568.3,571.85,2688591,1541277490.55
2018-11-05,SUNPHARMA,,,571,583.95,564.25,571.6,2962317,1700713690.4
2018-11-06,SUNPHARMA,,,576.05,585.9,575,579.35,3500726,2032851950.8
2018-11-09,SUNPHARMA,,,587.7,604.8,583.1,597.45,6848765,4095192357.45
2018-11-12,SUNPHARMA,,,600.4,601,587,589.5,4284490,2551074043.55
2018-11-13,SUNPHARMA,,,589.5,592.9,556.25,561.75,9176639,5209942536.6
2018-11-14,SUNPHARMA,,,557.2,558.8,516,520.1,25499010,13579794673
2018-11-15,SUNPHARMA,,,522,528,508.1,515.1,11390206,5885906855.65
2018-11-16,SUNPHARMA,,,518.4,525.55,513.4,519.75,5732203,2982735603.65
2018-11-19,SUNPHARMA,,,525,533,519.7,531.55,5239761,2765614512.7
2018-11-20,SUNPHARMA,,,530,532.6,521.3,525.45,3084743,1620771382
2018-11-21,SUNPHARMA,,,525.5,536.3,525.5,532.85,4029454,2142957361.65
2018-11-22,SUNPHARMA,,,532.5,532.5,524.75,525.95,2263069,1194465747.45
2018-11-26,SUNPHARMA,,,527,528.15,506.4,510.75,5189359,2665016738.3
2018-11-27,SUNPHARMA,,,518.9,519.35,474.5,493.85,39588964,19400031924.85
2018-11-28,SUNPHARMA,,,489,502.4,481.5,486,11393583,5592617208.2
2018-11-29,SUNPHARMA,,,489,491.45,478.7,484.4,7391256,3581895290.15
2018-11-30,SUNPHARMA,,,486.95,493.95,481.75,492.6,6544665,3194904645.2
2018-12-03,SUNPHARMA,,,450,461,441.15,455.4,61492013,27844647919
2018-12-04,SUNPHARMA,,,457.75,464.7,441.55,442.9,36233775,16343140922.15
2018-12-05,SUNPHARMA,,,443,445.25,401.5,412.95,48891969,20763344952.55
2018-12-06,SUNPHARMA,,,416,431.5,413,420.15,56087131,23697188143.7
2018-12-07,SUNPHARMA,,,425,426,408.15,411.25,23905860,9990502934.75
2018-12-10,SUNPHARMA,,,405,409.25,397.05,399,24690744,9921977287.45
2018-12-11,SUNPHARMA,,,390.6,424.8,390.6,422.3,24688467,10212926660.85
2018-12-12,SUNPHARMA,,,426.7,433.7,423.1,431.45,16244450,6972630102
2018-12-13,SUNPHARMA,,,422,429.3,418,422.1,16853821,7137234279.5
2018-12-14,SUNPHARMA,,,421.95,426,417.1,420.65,8144364,3428989726.95
2018-12-17,SUNPHARMA,,,421.8,425.4,420,420.95,6151952,2595846269.45
2018-12-18,SUNPHARMA,,,421,434.9,418.85,433.45,14402058,6187345202.9
2018-12-19,SUNPHARMA,,,433.45,434.4,422.8,423.8,7882841,3370647064
2018-12-20,SUNPHARMA,,,422,431,421.6,429.05,6156074,2629570631.25
2018-12-21,SUNPHARMA,,,429.5,433,423,425.3,7315242,3122738192.05
2018-12-24,SUNPHARMA,,,427.05,434,422.3,424.35,7052582,3023718982.1
2018-12-26,SUNPHARMA,,,423.45,423.45,410,413.65,8406699,3485958067.25
2018-12-27,SUNPHARMA,,,423,423.3,410,411.15,12839897,5327505204.55
2018-12-28,SUNPHARMA,,,415,428.7,413.5,425.2,12805576,5425868501.05
2018-12-31,SUNPHARMA,,,428.1,432.3,425.5,430.5,6368707,2736857619.5
2019-01-01,SUNPHARMA,,,432.5,438.8,429.65,433.55,8487116,3691997044.25
2019-01-02,SUNPHARMA,,,430.5,441.2,429.25,440.05,9656878,4207479404.85
2019-01-03,SUNPHARMA,,,442.05,443.6,434,436.1,9479511,4170669188.55
2019-01-04,SUNPHARMA,,,439.1,439.9,432.2,433.8,6228693,2713360797.5
2019-01-07,SUNPHARMA,,,437.1,438,429.3,430.8,4118235,1783963552.6
2019-01-08,SUNPHARMA,,,433.8,449,432.35,448.05,12368631,5479690345.9
2019-01-09,SUNPHARMA,,,450.5,453.65,443.7,448.75,9034282,4059790450.05
2019-01-10,SUNPHARMA,,,445.1,448,440.45,444.6,3672333,1631245839.25
2019-01-11,SUNPHARMA,,,445.05,449.75,441.6,444.4,3778103,1683855704.65
2019-01-14,SUNPHARMA,,,447,452,443.75,450.85,5784064,2590136190.75
2019-01-15,SUNPHARMA,,,453.25,454.5,449.5,452.45,4291873,1940120067.9
2019-01-16,SUNPHARMA,,,451.4,457.4,447.15,453.8,5879148,2665258503.1
2019-01-17,SUNPHARMA,,,455,455.4,422.5,426.55,8343750,3657325601.95
2019-01-18,SUNPHARMA,,,424.05,424.1,370.2,390.75,82906214,31898866834.2
2019-01-21,SUNPHARMA,,,390.1,406.55,390.05,398.3,48936782,19597585114.35
2019-01-22,SUNPHARMA,,,411,423.5,409.4,418.95,38255365,15971114920.4
2019-01-23,SUNPHARMA,,,417.7,434.4,411.65,431,26921274,11465549263.25
2019-01-24,SUNPHARMA,,,431,438,417.1,423,18446490,7867156280.8
2019-01-25,SUNPHARMA,,,425.4,429.75,419.35,422.4,8720973,3711309101.15
2019-01-28,SUNPHARMA,,,424,424.75,410.15,411.75,5809082,2404295136.15
2019-01-29,SUNPHARMA,,,410.5,424.75,406.25,422.4,7472930,3135760760.95
2019-01-30,SUNPHARMA,,,424,426,416.2,417.95,4351530,1829576695.15
2019-01-31,SUNPHARMA,,,419,431.35,413.7,423.45,16672076,7035010065.5
2019-02-01,SUNPHARMA,,,421.2,428,417,423.25,3950126,1667765653.95
2019-02-04,SUNPHARMA,,,422.3,423,409.2,414.8,3679517,1527464497
2019-02-05,SUNPHARMA,,,414.8,418.5,406.55,409.9,3523707,1450876934.65
2019-02-06,SUNPHARMA,,,410,419,403.3,416.6,5638849,2322678847.25
2019-02-07,SUNPHARMA,,,423,445.8,421.1,434.9,18187249,7911972682.8
2019-02-08,SUNPHARMA,,,434,435.9,424.5,431.05,6133747,2638896513.55
2019-02-11,SUNPHARMA,,,432.25,433.6,420.85,428.55,4945054,2110297255.35
2019-02-12,SUNPHARMA,,,427.2,444,424.05,436.6,8559968,3707058637.5
2019-02-13,SUNPHARMA,,,454.9,455,426.45,431.25,31434625,13911691475
2019-02-14,SUNPHARMA,,,432,444.9,428.65,440.9,9040227,3943146579.75
2019-02-15,SUNPHARMA,,,440.75,440.75,416.45,422.9,10206627,4331871612.7
2019-02-18,SUNPHARMA,,,424.5,428,413.3,414.65,6210412,2603673488.25
2019-02-19,SUNPHARMA,,,417.15,422.4,412.35,413.65,4742270,1980219012.25
2019-02-20,SUNPHARMA,,,418,424.45,416.05,422.35,4385350,1839936062.2
2019-02-21,SUNPHARMA,,,425.2,432,422.7,429.7,4736317,2024963795.55
2019-02-22,SUNPHARMA,,,431,436.75,428.45,430.5,4373261,1890363828.95
2019-02-25,SUNPHARMA,,,431.4,438.75,427.5,436.1,4849697,2109644422.45
2019-02-26,SUNPHARMA,,,430.5,440,422.85,435.75,5255113,2276146713.05
2019-02-27,SUNPHARMA,,,436.5,451.65,436,442.7,12232682,5440102093.95
2019-02-28,SUNPHARMA,,,446.6,451.5,442.1,445.15,10862473,4853115862
2019-03-01,SUNPHARMA,,,447.9,451,445.05,447.35,5608805,2515108045.1
2019-03-05,SUNPHARMA,,,447.85,456.9,445.35,455.9,5251255,2376804041.6
2019-03-06,SUNPHARMA,,,457,469.35,446.95,460.55,13004184,5975283330.55
2019-03-07,SUNPHARMA,,,459.5,463,448.8,450.9,10701581,4870886813.85
2019-03-08,SUNPHARMA,,,449.5,457.9,447.3,454.95,5040326,2291243909.1
2019-03-11,SUNPHARMA,,,456,461.45,454,459.45,4628360,2124013853.25
2019-03-12,SUNPHARMA,,,463,471.65,462,470.3,8660320,4053041140.65
2019-03-13,SUNPHARMA,,,473,475,452.5,456.5,7156428,3335907239.55
2019-03-14,SUNPHARMA,,,456.9,468.5,456,466.15,8039525,3730984724.55
2019-03-15,SUNPHARMA,,,466.2,469.95,462.3,464.35,5877969,2736386347.25
2019-03-18,SUNPHARMA,,,466,469.9,458.65,465.65,4382489,2039148926.3
2019-03-19,SUNPHARMA,,,467.5,475.25,466.65,468.95,6725926,3172947148.8
2019-03-20,SUNPHARMA,,,470.75,476.8,466,474.75,4235163,2000646842.9
2019-03-22,SUNPHARMA,,,475.8,479.7,469.35,473.25,6125288,2907068959.2
2019-03-25,SUNPHARMA,,,468.5,469.45,461.2,464.65,4043446,1878441559.75
2019-03-26,SUNPHARMA,,,467,471.5,462.1,469.8,3843580,1793047964.1
2019-03-27,SUNPHARMA,,,471.8,477.35,459.75,464.85,6016947,2819092484.65
2019-03-28,SUNPHARMA,,,465,479.8,465,475.45,10590187,5031391589
2019-03-29,SUNPHARMA,,,475.55,482.95,472.3,478.85,5625338,2691665414
2019-04-01,SUNPHARMA,,,480.95,484.25,475.6,478.85,3583589,1719604750.35
2019-04-02,SUNPHARMA,,,482,483.9,467.1,469.7,4034802,1918686012.15
2019-04-03,SUNPHARMA,,,471,473.9,459.15,462,4715586,2198939541.65
2019-04-04,SUNPHARMA,,,463,469.9,459.5,465.6,4151406,1931221879.5
2019-04-05,SUNPHARMA,,,467.1,470,461.5,463.15,2205935,1025634319.95
2019-04-08,SUNPHARMA,,,464.6,467.2,460.45,462.45,2274003,1052705119.95
2019-04-09,SUNPHARMA,,,457.25,472.4,454.8,470.95,4345243,2020863666.35
2019-04-10,SUNPHARMA,,,468,479.9,467.35,471.95,3887388,1843751001.7
2019-04-11,SUNPHARMA,,,465.25,470.9,461.6,465.55,4429596,2065721975.05
2019-04-12,SUNPHARMA,,,467,468.5,462.3,465.05,3332732,1550733502.65
2019-04-15,SUNPHARMA,,,465.3,466.8,457.5,458.65,3770497,1734177771.1
2019-04-16,SUNPHARMA,,,459.45,464.5,458.65,462.55,2825105,1303189649.15
2019-04-18,SUNPHARMA,,,463.9,466,456.7,463.2,3567327,1647534754.15
2019-04-22,SUNPHARMA,,,464,465.05,452.4,454.5,1828896,837571686.2
2019-04-23,SUNPHARMA,,,453,472.4,453,468.55,5292341,2465223126.7
2019-04-24,SUNPHARMA,,,469.1,470,462.5,469.35,2821522,1317548171.6
2019-04-25,SUNPHARMA,,,465.25,474.6,459.5,461,5244937,2440765419.65
2019-04-26,SUNPHARMA,,,464,469.4,462.6,464.1,2903286,1350675704.1
2019-04-30,SUNPHARMA,,,464,464,446,457.65,6586352,2992829978.05
2019-05-02,SUNPHARMA,,,456.95,461.7,450.5,452.2,3732218,1702555564.2
2019-05-03,SUNPHARMA,,,455,456.2,448.85,453.25,2585548,1169317216.9
2019-05-06,SUNPHARMA,,,448,455.9,446.45,453.15,3104707,1405587292.05
2019-05-07,SUNPHARMA,,,456,456,446.45,448.2,4189396,1891915823.7
2019-05-08,SUNPHARMA,,,447.75,449.85,433.45,439.15,4885249,2153903821.25
2019-05-09,SUNPHARMA,,,436,442.7,431.55,439.35,3550114,1553525484.5
2019-05-10,SUNPHARMA,,,437,442.65,434.45,437.75,3482485,1526655373.55
2019-05-13,SUNPHARMA,,,437.75,437.75,344.55,398.1,24079258,9657555365.45
2019-05-14,SUNPHARMA,,,406.05,424.5,403.25,419.45,18797497,7768770750.85
2019-05-15,SUNPHARMA,,,420,424.5,407.1,409.75,7581005,3151082906.15
2019-05-16,SUNPHARMA,,,411.5,419.6,379.05,412.4,25156049,10059672073.35
2019-05-17,SUNPHARMA,,,409.05,416,401.7,409.1,7747301,3155512081.25
2019-05-20,SUNPHARMA,,,420,429,410.2,413.5,3809738,1580786620.7
2019-05-21,SUNPHARMA,,,414.2,423.75,405.65,408.85,6228488,2584147178.95
2019-05-22,SUNPHARMA,,,409,423.55,408,421.2,7277731,3049539861.8
2019-05-23,SUNPHARMA,,,425,427,410.2,412.95,5906044,2474659236.15
2019-05-24,SUNPHARMA,,,416.7,418,411.65,415.75,3010407,1249377997.8
2019-05-27,SUNPHARMA,,,416.95,421.5,411.55,414.85,3886561,1616614717.9
2019-05-28,SUNPHARMA,,,417,420.5,410.2,412.75,7987111,3313934120.85
2019-05-29,SUNPHARMA,,,418.05,427.8,403.55,423.8,28086149,11726190001.45
2019-05-30,SUNPHARMA,,,421.25,422.7,411.2,412.75,9082367,3772814178.55
2019-05-31,SUNPHARMA,,,414.8,417.1,406.05,409.85,5643400,2321383893
2019-06-03,SUNPHARMA,,,411,418.6,407.5,416.8,4611475,1912528553.85
2019-06-04,SUNPHARMA,,,414.8,417.9,409.1,411.15,3279047,1355109727.45
2019-06-06,SUNPHARMA,,,411.25,413.5,402.6,404.15,3483633,1418295297.85
2019-06-07,SUNPHARMA,,,405,406.9,395.1,399.25,4668474,1867168031.5
2019-06-10,SUNPHARMA,,,402,405.8,394.05,402.05,4966075,1988774431.8
2019-06-11,SUNPHARMA,,,396,397.8,384,389.95,13833555,5378967851.1
2019-06-12,SUNPHARMA,,,391,397,385.25,391.4,7739283,3031784679.05
2019-06-13,SUNPHARMA,,,391,393.75,385.4,389.75,4090663,1590671215.4
2019-06-14,SUNPHARMA,,,390,394.85,376.55,392.55,9786375,3786392032.45
2019-06-17,SUNPHARMA,,,391.7,394.5,379.85,382.9,6558933,2537710887.1
2019-06-18,SUNPHARMA,,,381.4,385.6,374.3,378.45,3761637,1432535570.4
2019-06-19,SUNPHARMA,,,380,382.1,368.15,375.2,7197444,2698056827.25
2019-06-20,SUNPHARMA,,,368,392.2,368,390.5,8109029,3111122641.8
2019-06-21,SUNPHARMA,,,388.9,391.7,381.05,382.8,5389874,2070054515.85
2019-06-24,SUNPHARMA,,,381.8,385.4,377.5,383.45,3702836,1412577372.5
2019-06-25,SUNPHARMA,,,382.5,387.5,377.55,385.75,4480306,1712982568.7
2019-06-26,SUNPHARMA,,,385,403.55,384.65,399.45,9571797,3804954321.05
2019-06-27,SUNPHARMA,,,399.05,405.4,394.75,402.8,7651785,3071082103.25
2019-06-28,SUNPHARMA,,,404.9,409.8,398.15,400.95,7283442,2944139196.75
2019-07-01,SUNPHARMA,,,402,406.5,401.5,405.35,2254468,911553703.6
2019-07-02,SUNPHARMA,,,404.85,407,391.15,395.55,5539613,2192436815.65
2019-07-03,SUNPHARMA,,,397.4,399.15,393.1,395.7,2683086,1061798270.95
2019-07-04,SUNPHARMA,,,396.7,398.05,391.2,392.1,3308295,1300713459.45
2019-07-05,SUNPHARMA,,,393.5,394.4,373.4,375.25,5446432,2086556488.1
2019-07-08,SUNPHARMA,,,375,380.9,365.4,366.8,7355520,2725488778.5
2019-07-09,SUNPHARMA,,,367,395,367,386.4,15428006,5943056868.5
2019-07-10,SUNPHARMA,,,386,397.35,380.6,392.2,10202064,3978605224.45
2019-07-11,SUNPHARMA,,,394.9,400.35,390.3,398.15,7759443,3067850283.45
2019-07-12,SUNPHARMA,,,400.5,411.5,397.35,407.7,13549864,5487383629.45
2019-07-15,SUNPHARMA,,,416.25,427.7,413.65,422.95,18269604,7700236193.3
2019-07-16,SUNPHARMA,,,420.8,435,418.65,433.3,8630766,3691901522
2019-07-17,SUNPHARMA,,,433,436.3,428.1,430.05,6500759,2810978546.35
2019-07-18,SUNPHARMA,,,430.05,432.9,424.65,426.2,4711395,2016716798.7
2019-07-19,SUNPHARMA,,,427,429.4,416.05,421.35,5104476,2152645630.15
2019-07-22,SUNPHARMA,,,419.1,443.3,419,430.25,10420113,4515273590.6
2019-07-23,SUNPHARMA,,,431,435.5,427.1,430.25,6698368,2887667934
2019-07-24,SUNPHARMA,,,430,432.45,421.7,425.55,5319256,2264721160.3
2019-07-25,SUNPHARMA,,,425.8,439.7,425.55,437.15,11412685,4956371225.75
2019-07-26,SUNPHARMA,,,437,442.2,433.1,439.95,5094438,2234108413.7
2019-07-29,SUNPHARMA,,,440,441.7,429.2,431.05,4448863,1922120623.25
2019-07-30,SUNPHARMA,,,430,441.3,405,410.35,9461831,4018742056.3
2019-07-31,SUNPHARMA,,,410,428.8,409,426.75,7746831,3268396837.75
2019-08-01,SUNPHARMA,,,424.8,427.75,418,425.1,3635110,1535068103.2
2019-08-02,SUNPHARMA,,,422.9,426.5,417.35,420.65,3490912,1473027768.6
2019-08-05,SUNPHARMA,,,417.65,423.75,411.05,417.15,4784904,1998544356.35
2019-08-06,SUNPHARMA,,,416,422.45,414.5,418.2,3204070,1340638399.2
2019-08-07,SUNPHARMA,,,421,429,418.1,421.05,5431353,2301164508.5
2019-08-08,SUNPHARMA,,,424,428.2,418.15,426.45,3157083,1335015312.55
2019-08-09,SUNPHARMA,,,428,430.35,418.45,422,3434604,1456845592.05
2019-08-13,SUNPHARMA,,,421.5,444.5,420.75,439.25,13211835,5744724362.25
2019-08-14,SUNPHARMA,,,440,441,408.05,417.15,16173302,6760844325.45
2019-08-16,SUNPHARMA,,,419.4,421.4,410,414.7,6536156,2708786522.15
2019-08-19,SUNPHARMA,,,424.75,434.2,421,426,11584821,4947424996.85
2019-08-20,SUNPHARMA,,,426,426.5,417.3,420.9,5151625,2171945238
2019-08-21,SUNPHARMA,,,421,425.85,413.6,417,5120294,2145184872
2019-08-22,SUNPHARMA,,,416.7,420.75,408.5,414.55,5299316,2199829453.65
2019-08-23,SUNPHARMA,,,415,429.95,408.9,427.8,5479802,2306093152.55
2019-08-26,SUNPHARMA,,,428,429.8,415.1,419.35,6258106,2628224042.05
2019-08-27,SUNPHARMA,,,424.05,425.45,415.1,416.75,6738413,2820719749.65
2019-08-28,SUNPHARMA,,,416.9,421.7,411.5,413.1,3441725,1432978407.6
2019-08-29,SUNPHARMA,,,428,438.6,421.1,434.65,19967263,8590893304.6
2019-08-30,SUNPHARMA,,,432.95,453.4,429.75,450.4,12308149,5452630294.25
2019-09-03,SUNPHARMA,,,450,456,434.3,439.35,9396440,4207661955.9
2019-09-04,SUNPHARMA,,,424.55,429.45,401.3,426.45,33952423,14139402138.55
2019-09-05,SUNPHARMA,,,428,433.95,423.35,431.8,8793166,3776266451.8
2019-09-06,SUNPHARMA,,,416.7,427.2,414.45,425.1,12513040,5264867282.75
2019-09-09,SUNPHARMA,,,426,432.5,426,428.8,5488753,2357555861.5
2019-09-11,SUNPHARMA,,,432,435,421.25,422.2,7742635,3301510735.6
2019-09-12,SUNPHARMA,,,424.75,439.8,419.45,427.8,9896642,4260507643
2019-09-13,SUNPHARMA,,,430.45,432.85,421.1,422.85,6847742,2910060585.25
2019-09-16,SUNPHARMA,,,421,429.5,419.95,426.8,5239616,2231460430.4
2019-09-17,SUNPHARMA,,,426.7,427.55,419.15,420.65,3367950,1424012609
2019-09-18,SUNPHARMA,,,423.9,424.6,414.25,416.8,3728621,1560619058.7
2019-09-19,SUNPHARMA,,,416.8,418.9,408.2,411.15,4238714,1746003914.1
2019-09-20,SUNPHARMA,,,413.9,420.8,408,413.7,11785529,4892058627.3
2019-09-23,SUNPHARMA,,,418,424.3,405.4,409.45,7342291,3031394597.25
2019-09-24,SUNPHARMA,,,408,419.7,406.35,409.65,5860106,2425388536.35
2019-09-25,SUNPHARMA,,,409.6,412.7,401.75,406.75,5031063,2046059736.5
2019-09-26,SUNPHARMA,,,406.75,413,405.3,411.95,5309789,2177425515.25
2019-09-27,SUNPHARMA,,,412,412.5,400.25,401.7,3835936,1553976654
2019-09-30,SUNPHARMA,,,402.9,403,386.55,389.45,6674624,2612081328.7
2019-10-01,SUNPHARMA,,,388.5,396.4,380.1,386.55,4308157,1675901683.15
2019-10-03,SUNPHARMA,,,382,391.45,377.65,388.15,5216456,2010596353.95
2019-10-04,SUNPHARMA,,,389,394,384.2,386.05,4024033,1563260438.2
2019-10-07,SUNPHARMA,,,386.05,387.65,372.6,379.9,5151963,1952293963.95
2019-10-09,SUNPHARMA,,,378,387.75,374.2,383.95,4991946,1902520946.55
2019-10-10,SUNPHARMA,,,385,389.8,378.7,387.05,4581317,1766331386.6
2019-10-11,SUNPHARMA,,,387.4,389.35,381.5,386.3,4273739,1643773131.8
2019-10-14,SUNPHARMA,,,387,399,387,394.65,4372357,1727051381.9
2019-10-15,SUNPHARMA,,,397.2,400,392.25,396.8,2892153,1146620527.35
2019-10-16,SUNPHARMA,,,398.05,402.2,394.25,399.7,5503380,2196919345.7
2019-10-17,SUNPHARMA,,,401.6,402.55,396.8,401.5,2934902,1173028039.95
2019-10-18,SUNPHARMA,,,401,406.5,397.5,401.65,4647037,1870745184.15
2019-10-22,SUNPHARMA,,,402,408,400.95,405.45,2944611,1193339241.15
2019-10-23,SUNPHARMA,,,405.6,411.35,403,405.2,3374975,1371567590.05
2019-10-24,SUNPHARMA,,,405,407.75,398.7,405.95,3017220,1219431441.2
2019-10-25,SUNPHARMA,,,405,419.5,401.05,417.5,4845146,2000725812.35
2019-10-29,SUNPHARMA,,,417.7,425.5,414,421.95,3863059,1629114216.75
2019-10-30,SUNPHARMA,,,426.95,432.55,418.1,429.65,3511610,1491817332.5
2019-10-31,SUNPHARMA,,,429.6,440.55,428.8,433.4,6710116,2920695308.9
2019-11-01,SUNPHARMA,,,434.65,440.9,433.1,437.55,3545584,1550565646.1
2019-11-04,SUNPHARMA,,,439.95,442.4,433.65,437.95,4646694,2040792827.85
2019-11-05,SUNPHARMA,,,435.5,439.8,424.05,429.9,6719996,2896725321.9
2019-11-06,SUNPHARMA,,,432.4,452.9,422.1,427.9,15917528,6973871229.45
2019-11-07,SUNPHARMA,,,431.7,444,423.4,440.6,14294406,6229160048.3
2019-11-08,SUNPHARMA,,,442,442.5,420.85,422.1,11902470,5096228243.75
2019-11-11,SUNPHARMA,,,415,423.3,407.1,421.45,10249882,4271426689.45
2019-11-13,SUNPHARMA,,,420,426.9,410,412,6033467,2521492554.45
2019-11-14,SUNPHARMA,,,413.2,417.35,407.55,410.2,4750176,1960517454.7
2019-11-15,SUNPHARMA,,,412.75,418.9,410.15,415.05,5416931,2248254892.15
2019-11-18,SUNPHARMA,,,418,430,417.05,424.55,7710740,3277341928.85
2019-11-19,SUNPHARMA,,,425,429.9,421.6,425.9,4163853,1773414710.95
2019-11-20,SUNPHARMA,,,427.2,460.6,423.85,450,23107507,10332456975.5
2019-11-21,SUNPHARMA,,,450,454.45,443.6,447.15,7480460,3359481950.35
2019-11-22,SUNPHARMA,,,450,461.9,445.1,452.1,12114721,5494020257.6
2019-11-25,SUNPHARMA,,,453,463.9,450,458.95,8251208,3792463214.2
2019-11-26,SUNPHARMA,,,463.8,467.4,446.5,450.75,11278843,5139484795.8
2019-11-27,SUNPHARMA,,,449.95,461,447.55,458.75,6481012,2951681974.65
2019-11-28,SUNPHARMA,,,456.2,462.4,455.15,457.35,4005893,1839036430.8
2019-11-29,SUNPHARMA,,,458.4,460.55,447.45,449.85,3198828,1448208886.65
2019-12-02,SUNPHARMA,,,449,449.6,437,440,4933088,2175285421.05
2019-12-03,SUNPHARMA,,,441.4,442.2,430.5,433.6,3602073,1573019999.9
2019-12-04,SUNPHARMA,,,433.5,444.7,431.7,443.7,4318531,1899035709.2
2019-12-05,SUNPHARMA,,,440,441.95,433.25,436.7,4096921,1788097478.7
2019-12-06,SUNPHARMA,,,440.3,444.2,427,428.6,5805588,2527056403
2019-12-09,SUNPHARMA,,,431.85,434.6,423.6,427,4959765,2133630616.65
2019-12-10,SUNPHARMA,,,429.6,435.75,425.3,427.65,5578960,2401847380.75
2019-12-11,SUNPHARMA,,,429.1,431.9,425.15,429.8,3322986,1424745015.9
2019-12-12,SUNPHARMA,,,430.9,437.9,430.25,434.15,2794856,1214014561.15
2019-12-13,SUNPHARMA,,,437.6,441.9,425.6,439.25,5386394,2341056611.6
2019-12-16,SUNPHARMA,,,431.25,437.2,426.4,435.15,8290756,3590298604.95
2019-12-17,SUNPHARMA,,,434,437.5,426.25,429.05,6407264,2758846948.95
2019-12-18,SUNPHARMA,,,430,441.4,427.3,439.75,5341984,2327793869.2
2019-12-19,SUNPHARMA,,,439.8,440.6,427.5,433.6,6465219,2800437386.65
2019-12-20,SUNPHARMA,,,429.15,436.7,428.05,430.3,7157364,3090683599.3
2019-12-23,SUNPHARMA,,,427.1,432,426.6,428.4,4534617,1946433571.15
2019-12-24,SUNPHARMA,,,428,432.45,425.4,429.8,4210004,1807951345.05
2019-12-26,SUNPHARMA,,,430.9,431.4,420.65,422.15,5296867,2260117553.55
2019-12-27,SUNPHARMA,,,422,427.15,421.4,426,3413181,1449674345.55
2019-12-30,SUNPHARMA,,,428.95,433.5,426.7,430.15,4758825,2048796570.55
2019-12-31,SUNPHARMA,,,430.1,435.4,428.7,432.55,2957369,1279319641.05
2020-01-01,SUNPHARMA,,,432.95,436.45,431.25,434.3,2321850,1008133830.15
2020-01-02,SUNPHARMA,,,434,442.6,432,434.95,4555670,1989331434.45
2020-01-03,SUNPHARMA,,,434.65,450.4,433.05,444.6,9457180,4201473863.6
2020-01-06,SUNPHARMA,,,440.9,444.7,435.1,439.95,4794923,2109276730.3
2020-01-07,SUNPHARMA,,,441.4,448,437.55,446.4,4504083,1997499900.55
2020-01-08,SUNPHARMA,,,442.95,446.5,439,440.1,3881918,1714947318.1
2020-01-09,SUNPHARMA,,,442.7,444.85,439,439.85,3934566,1737506321
2020-01-10,SUNPHARMA,,,440.1,449,440,443.6,4334013,1930932329.85
2020-01-13,SUNPHARMA,,,447,453.65,442.55,444.6,4823348,2157943768.3
2020-01-14,SUNPHARMA,,,447,449.5,444.4,446,2708589,1210709086.55
2020-01-15,SUNPHARMA,,,447.6,450.7,443.65,449.05,3054107,1366076894.6
2020-01-16,SUNPHARMA,,,452.25,456.35,447.4,449.05,4416809,1993469804.95
2020-01-17,SUNPHARMA,,,448.2,456.25,446,454.6,3216737,1452466883.8
2020-01-20,SUNPHARMA,,,454.2,456.2,446.15,449.45,2824739,1271534484
2020-01-21,SUNPHARMA,,,448,451.75,446,447.4,2573651,1155168440.3
2020-01-22,SUNPHARMA,,,448.4,453.85,445.35,446.3,3412716,1533074064.6
2020-01-23,SUNPHARMA,,,447.2,452.2,445,449.85,1875787,843451684.35
2020-01-24,SUNPHARMA,,,450,452.85,446.8,447.8,2153164,969753957.2
2020-01-27,SUNPHARMA,,,447,451.75,442.2,448.4,3530914,1580291567.35
2020-01-28,SUNPHARMA,,,448.25,462.5,448.05,452.9,9487290,4335776556.75
2020-01-29,SUNPHARMA,,,454.85,456.75,449.45,450.1,3103817,1405526081.8
2020-01-30,SUNPHARMA,,,451.5,453.75,440.3,442.1,3486193,1544919555.4
2020-01-31,SUNPHARMA,,,442.6,445.4,432.65,434.3,3757229,1644208885.65
2020-02-03,SUNPHARMA,,,423.8,428.9,414,417.55,4032780,1692403581.5
2020-02-04,SUNPHARMA,,,416.95,426.9,412.85,425.65,4848610,2042590027.55
2020-02-05,SUNPHARMA,,,429.5,431.4,421.9,426.25,3826307,1631505571.55
2020-02-06,SUNPHARMA,,,428.2,438,424,430.65,7745520,3328885303.1
2020-02-07,SUNPHARMA,,,432,441.75,423.2,430.8,7402556,3214934498.4
2020-02-10,SUNPHARMA,,,428.55,432.75,418.3,420.3,3638523,1538112618.95
2020-02-11,SUNPHARMA,,,422,424.7,416.8,418.55,4683072,1968231430.35
2020-02-12,SUNPHARMA,,,418.8,421.3,414,414.6,4439987,1849916057
2020-02-13,SUNPHARMA,,,414.6,420.1,412,418.95,3924569,1637270091.6
2020-02-14,SUNPHARMA,,,420,424.75,416.5,418.55,2862205,1204708467.6
2020-02-17,SUNPHARMA,,,416.2,418.5,407.3,408.4,2625157,1082770599.5
2020-02-18,SUNPHARMA,,,407,410.85,399.05,408.65,4187206,1694903794.8
2020-02-19,SUNPHARMA,,,410.4,414.2,400.6,403.55,5910512,2396335656.05
2020-02-20,SUNPHARMA,,,403.85,411.5,403.55,404.95,4000525,1629280061.15
2020-02-24,SUNPHARMA,,,406.5,414.65,395.8,397.85,12668574,5130390125.25
2020-02-25,SUNPHARMA,,,402.4,402.4,385.3,388.9,10050971,3928699969.2
2020-02-26,SUNPHARMA,,,385.1,386.95,372.5,374.7,12146582,4593268601.9
2020-02-27,SUNPHARMA,,,375,390.7,369.45,388.5,15164166,5774939180.45
2020-02-28,SUNPHARMA,,,379.65,385.6,371.1,372.9,8439591,3206318902.6
2020-03-02,SUNPHARMA,,,378,383.65,363.35,369.5,6915567,2606303340.8
2020-03-03,SUNPHARMA,,,374,396.4,373.25,393.55,14474553,5599644850.65
2020-03-04,SUNPHARMA,,,398,412.9,387.35,405.45,26369149,10640594992.05
2020-03-05,SUNPHARMA,,,409.95,414.8,401.75,404.9,9874059,4031203675.5
2020-03-06,SUNPHARMA,,,390.05,403.2,390.05,400.9,6500912,2590277927.25
2020-03-09,SUNPHARMA,,,396.05,403.9,385.55,393.35,13152861,5191013676.8
2020-03-11,SUNPHARMA,,,394.4,395.25,380.05,385.95,9127364,3532178058.15
2020-03-12,SUNPHARMA,,,365.5,372.7,346.4,354.8,11663067,4171832530.2
2020-03-13,SUNPHARMA,,,341,402.95,325,384.2,15802656,6056719413
2020-03-16,SUNPHARMA,,,376,396.4,362.8,368.55,14480706,5460138953.4
2020-03-17,SUNPHARMA,,,376,395.6,364.2,370.15,12903647,4952926425.9
2020-03-18,SUNPHARMA,,,383.4,386.4,355.1,362.75,12342705,4560217675.35
2020-03-19,SUNPHARMA,,,351.7,374.45,347.65,360.4,8728105,3161099064.3
2020-03-20,SUNPHARMA,,,365.2,379.5,362.2,365.25,10631944,3939883268.3
2020-03-23,SUNPHARMA,,,345,354.7,315.05,324.5,8018903,2676357691.35
2020-03-24,SUNPHARMA,,,330,348,330,335.15,6408587,2180469462.65
2020-03-25,SUNPHARMA,,,332,350.8,329.55,347.65,6174391,2098694157.5
2020-03-26,SUNPHARMA,,,365,368,336.1,338.3,11670467,4062946057.8
2020-03-27,SUNPHARMA,,,347,352.5,333,338.25,7745785,2644590217.25
2020-03-30,SUNPHARMA,,,321.65,344,312,332.7,11648309,3893470175.15
2020-03-31,SUNPHARMA,,,340.1,355,328.25,352.3,9954246,3423744741.4
2020-04-01,SUNPHARMA,,,353,355.25,338.4,343.55,6702259,2309378542.3
2020-04-03,SUNPHARMA,,,343.95,389.8,340,375.95,28550650,10554231364.55
2020-04-07,SUNPHARMA,,,398,422.85,388.3,417.35,29675452,12082876093.15
2020-04-08,SUNPHARMA,,,419,448.75,413.15,436.7,27810987,12126523142.55
2020-04-09,SUNPHARMA,,,454.4,473.9,443.4,454.45,31863686,14686105866.8
2020-04-13,SUNPHARMA,,,462.95,477.9,443.1,462.35,30510404,14178666669.75
2020-04-15,SUNPHARMA,,,474.9,488.5,444.1,449.2,32508977,15259261040.1
2020-04-16,SUNPHARMA,,,450,467.6,449.2,463.7,16933112,7782361760.85
2020-04-17,SUNPHARMA,,,476.95,476.95,448.45,457.1,19774595,9087893401.75
2020-04-20,SUNPHARMA,,,457.35,475,450.55,473.4,17894276,8343567565
2020-04-21,SUNPHARMA,,,467.85,490.7,464.25,473.15,30022318,14408188549.05
2020-04-22,SUNPHARMA,,,474.95,482.4,469,474.35,13336594,6354473105.9
2020-04-23,SUNPHARMA,,,476.95,487.85,474.35,477.45,13748836,6614369526
2020-04-24,SUNPHARMA,,,476.95,497,473.55,485.55,23394286,11419353958.1
2020-04-27,SUNPHARMA,,,491,504.8,487,489.9,19311559,9573882063.25
2020-04-28,SUNPHARMA,,,495,495.4,470.3,473.95,12847952,6154904852
2020-04-29,SUNPHARMA,,,476,484.95,473.15,477.65,10166501,4863934540.9
2020-04-30,SUNPHARMA,,,484,485,458.4,464.45,18471937,8651674740.95
2020-05-04,SUNPHARMA,,,464.45,474.5,458,465.45,16097081,7558168770.75
2020-05-05,SUNPHARMA,,,469.8,472.5,454,456.3,7852607,3630346217.6
2020-05-06,SUNPHARMA,,,459.6,463,448,454.4,10829910,4927088357.45
2020-05-07,SUNPHARMA,,,462,465.7,450.2,452.2,11216370,5145132335.45
2020-05-08,SUNPHARMA,,,460,471.4,454.05,469,13693935,6357178311
2020-05-11,SUNPHARMA,,,473.7,475.55,461.3,463.85,10294818,4817683071.65
2020-05-12,SUNPHARMA,,,465,468.8,455.3,463.9,9507982,4390084052.9
2020-05-13,SUNPHARMA,,,469,469.45,450.2,452.35,10010346,4562712128.25
2020-05-14,SUNPHARMA,,,453,462.95,448.8,455.95,11764891,5382257481.35
2020-05-15,SUNPHARMA,,,455.95,458.9,445.55,448.6,7863397,3557838994.75
2020-05-18,SUNPHARMA,,,447,454.6,434.25,440.7,9067512,4006840195.9
2020-05-19,SUNPHARMA,,,443.8,456,438.6,441.7,10126406,4524675093.7
2020-05-20,SUNPHARMA,,,439.9,458.45,437.25,455.75,7967090,3573094726.55
2020-05-21,SUNPHARMA,,,455.5,469,453,466.45,8988288,4149865269.6
2020-05-22,SUNPHARMA,,,467,471.9,458.05,469.4,10194360,4759202348
2020-05-26,SUNPHARMA,,,471,475.5,457,459.15,9801065,4584906415.5
2020-05-27,SUNPHARMA,,,464.9,464.9,443.4,450.9,13253945,6036293521.45
2020-05-28,SUNPHARMA,,,453.9,461.65,444.7,459.1,12633089,5760144532.2
2020-05-29,SUNPHARMA,,,460,481.6,458,474.25,12663543,5935464135.35
2020-06-01,SUNPHARMA,,,483.5,483.7,458.3,465.4,18563845,8740206995.55
2020-06-02,SUNPHARMA,,,470,481,468.15,473.1,10978082,5224660445.15
2020-06-03,SUNPHARMA,,,474.95,481.6,473,476.15,7768553,3711583243.95
2020-06-04,SUNPHARMA,,,473,498,472.1,494.85,19100370,9348456565.55
2020-06-05,SUNPHARMA,,,501,511,492.2,494.25,22798422,11481901490
2020-06-08,SUNPHARMA,,,498.75,498.75,485.05,489,9182445,4507324287.9
2020-06-09,SUNPHARMA,,,492,512.7,492,500.75,25884208,13084013547.8
2020-06-10,SUNPHARMA,,,502.5,507,493.55,499.15,10636665,5325950821.75
2020-06-11,SUNPHARMA,,,490,493.8,469.1,473.65,18547537,8924143671.1
2020-06-12,SUNPHARMA,,,455,481.9,455,480.1,11499860,5471942972
2020-06-15,SUNPHARMA,,,481,489.4,472.7,485.8,10727543,5175121480.9
2020-06-16,SUNPHARMA,,,489.4,493.5,476.5,483.4,11249453,5467934255.3
2020-06-17,SUNPHARMA,,,484.15,489.75,479.1,485.65,8222224,3988143942.55
2020-06-18,SUNPHARMA,,,485.65,488.5,483,484.25,4077225,1978265556
2020-06-19,SUNPHARMA,,,486.8,491.95,485.2,488.1,8114876,3965591608
2020-06-22,SUNPHARMA,,,492.2,501.2,486,493.2,9204207,4542202138.7
2020-06-23,SUNPHARMA,,,493.2,503,489.5,500.45,10732868,5348064460.1
2020-06-24,SUNPHARMA,,,502,503.4,481,484.4,8567595,4218935083.8
2020-06-25,SUNPHARMA,,,480.3,492.5,477,487.65,6954202,3383700283.85
2020-06-26,SUNPHARMA,,,490.25,491,472.2,479.95,7492508,3605005592.15
2020-06-29,SUNPHARMA,,,475.5,487.35,475,482,5727890,2758413132.4
2020-06-30,SUNPHARMA,,,483.4,483.95,469.8,472.95,8339627,3958738427.45
2020-07-01,SUNPHARMA,,,473.5,475.8,466.15,468.15,5984010,2811164661.85
2020-07-02,SUNPHARMA,,,468,474.95,467.95,473,3732197,1761752494.75
2020-07-03,SUNPHARMA,,,477,479.35,472,476.85,4666366,2221482563.2
2020-07-06,SUNPHARMA,,,478,481.25,471.4,480.2,5995308,2856353118.6
2020-07-07,SUNPHARMA,,,480,486,476.15,479.25,6793461,3274712517.45
2020-07-08,SUNPHARMA,,,482.55,488,479.95,482.5,6279478,3040260473.6
2020-07-09,SUNPHARMA,,,484.55,487.2,480.35,481.95,3184423,1540345537.4
2020-07-10,SUNPHARMA,,,484.65,498.9,483.05,493.9,14899981,7362356437.25
2020-07-13,SUNPHARMA,,,495,501.7,492.3,499.7,7504401,3740427379
2020-07-14,SUNPHARMA,,,500,503.9,490.1,492.1,6997303,3473046068
2020-07-15,SUNPHARMA,,,494.2,499.4,492.2,495.1,4710293,2333750178.15
2020-07-16,SUNPHARMA,,,496,505.95,490.6,499.7,11263599,5618871073.7
2020-07-17,SUNPHARMA,,,499.6,509.55,497.35,503.6,9592498,4839551238.9
2020-07-20,SUNPHARMA,,,501.9,501.9,481.6,483.8,16111403,7846688266.6
2020-07-21,SUNPHARMA,,,488,488.2,475,477.25,8471187,4059539047.45
2020-07-22,SUNPHARMA,,,479.65,488,471.6,474.3,9848012,4723338064.35
2020-07-23,SUNPHARMA,,,477.95,481.85,474.05,476,5416318,2585602467.3
2020-07-24,SUNPHARMA,,,490,497.8,481.25,485.6,19812565,9684954181.1
2020-07-27,SUNPHARMA,,,484.85,487.6,469,475.5,6112630,2902188102
2020-07-28,SUNPHARMA,,,475.5,483.75,473.25,482.6,5917310,2842747216.15
2020-07-29,SUNPHARMA,,,485.7,496.3,484.15,493,8531989,4191068703.6
2020-07-30,SUNPHARMA,,,493.2,513.2,487.3,509.95,17535910,8791105327.25
2020-07-31,SUNPHARMA,,,514.25,541,507.5,531.7,41253779,21560239683.8
2020-08-03,SUNPHARMA,,,534.1,540.2,516.8,519.4,25348260,13372480935.6
2020-08-04,SUNPHARMA,,,522,532.4,517.25,528.95,11950188,6274448713.55
2020-08-05,SUNPHARMA,,,537.9,538,527.05,528.85,10928710,5823144347.55
2020-08-06,SUNPHARMA,,,533.9,541.45,526.15,532.25,10920296,5837958092.85
2020-08-07,SUNPHARMA,,,532.3,535.45,522.6,525.95,7275659,3834958352.65
2020-08-10,SUNPHARMA,,,526,550.8,526,543.85,16271351,8825962336.05
2020-08-11,SUNPHARMA,,,548,549.6,535.1,541.05,7774090,4207337244.5
2020-08-12,SUNPHARMA,,,540.75,540.75,529.75,532.15,7407250,3953835534.8
2020-08-13,SUNPHARMA,,,532.15,535.95,519.05,520.8,8730794,4599027377.8
2020-08-14,SUNPHARMA,,,523.5,536,522,531.35,11787371,6262529033.95
2020-08-17,SUNPHARMA,,,536.1,537.5,527,528.35,6657885,3533699854.15
2020-08-18,SUNPHARMA,,,531.7,533.9,524.15,526,5556024,2932275041.1
2020-08-19,SUNPHARMA,,,530,532.9,524.35,525.4,5415554,2862696481.65
2020-08-20,SUNPHARMA,,,524.5,529.9,521.05,522.3,4886692,2559625741.5
2020-08-21,SUNPHARMA,,,526.55,538.7,524.3,532.35,9833584,5248891984.9
2020-08-24,SUNPHARMA,,,538.65,538.65,528.05,533.45,5675869,3019123249.85
2020-08-25,SUNPHARMA,,,533.6,535.15,523.45,525.1,4414408,2334743969.35
2020-08-26,SUNPHARMA,,,526.05,530,522.25,525.15,5206246,2735819362.55
2020-08-27,SUNPHARMA,,,528.95,537,524.4,532.25,8564631,4542765432.45
2020-08-28,SUNPHARMA,,,538.1,564.75,534.75,555.75,29018297,15983928693.55
2020-08-31,SUNPHARMA,,,560.65,561,514.05,520.25,20056911,10725619075.4
2020-09-01,SUNPHARMA,,,521.2,527.65,506.2,521.45,13861215,7168476538.15
2020-09-02,SUNPHARMA,,,523.5,525.6,509.2,514.5,9636649,4969584206.35
2020-09-03,SUNPHARMA,,,518.55,526.85,512.55,523.45,10052115,5226998297.45
2020-09-04,SUNPHARMA,,,518,530.4,508.25,512.45,12380218,6441970405.8
2020-09-07,SUNPHARMA,,,516,518.2,504.25,513.25,6320017,3230918669.7
2020-09-08,SUNPHARMA,,,512,517.65,498.65,501.9,8519591,4333101459.2
2020-09-09,SUNPHARMA,,,497,512.8,493.6,509.3,10532178,5320477402.1
2020-09-10,SUNPHARMA,,,512.7,516.7,503.65,507.95,8572923,4373576131.15
2020-09-11,SUNPHARMA,,,507,512.35,502.6,505.55,5190138,2629849837.9
2020-09-14,SUNPHARMA,,,505.55,509,494,495.8,8041445,4019313027.1
2020-09-15,SUNPHARMA,,,498,512.4,496,506.4,11686776,5924724941.5
2020-09-16,SUNPHARMA,,,510.15,520,503.4,518.5,10080179,5160749003.1
2020-09-17,SUNPHARMA,,,516.8,521.9,510.5,512,9959284,5139398549
2020-09-18,SUNPHARMA,,,517.45,535,515,523.35,25685408,13522472626.55
2020-09-21,SUNPHARMA,,,523.8,528.25,499,503.65,9983045,5131248453.9
2020-09-22,SUNPHARMA,,,509.5,515,493.6,508.85,9862296,4987194901.6
2020-09-23,SUNPHARMA,,,520.5,521,498.25,502.9,10846053,5514872961.7
2020-09-24,SUNPHARMA,,,497.5,501.25,483,485.8,8769524,4325342487.45
2020-09-25,SUNPHARMA,,,496,496,483.85,489.65,9665296,4736415110.1
2020-09-28,SUNPHARMA,,,495,512,488.5,510.1,12222648,6117889476.95
2020-09-29,SUNPHARMA,,,517.85,517.85,504.5,506.15,8592549,4379668352.7
2020-09-30,SUNPHARMA,,,508,516.2,498.3,500.45,12981977,6583974065.4
2020-10-01,SUNPHARMA,,,505.1,510.5,501.3,506.9,6733155,3406733561.15
2020-10-05,SUNPHARMA,,,507,525.1,503.8,523.1,8831632,4550209871.2
2020-10-06,SUNPHARMA,,,526,527.6,519,521.05,8537289,4468254910.05
2020-10-07,SUNPHARMA,,,516.1,522.9,509.2,511.75,8346537,4296049954.15
2020-10-08,SUNPHARMA,,,514.6,526,511.75,524.1,9392759,4886382816.7
2020-10-09,SUNPHARMA,,,525,529.3,511.05,512.9,11469442,5940235393.55
2020-10-12,SUNPHARMA,,,514.9,517.35,509.3,513.9,7092678,3637185535.5
2020-10-13,SUNPHARMA,,,514,519.95,501.6,503.15,8851581,4521746291.35
2020-10-14,SUNPHARMA,,,503.15,507.5,493.3,502.2,7640410,3816444630.4
2020-10-15,SUNPHARMA,,,504.7,504.7,489,490.3,6605327,3276465582.05
2020-10-16,SUNPHARMA,,,491,494.75,485.25,486.9,9086863,4444706991.6
2020-10-19,SUNPHARMA,,,489.95,490.9,480.9,483.65,5158876,2499651096.55
2020-10-20,SUNPHARMA,,,484.95,488.55,480.4,486.35,5551108,2695307131.8
2020-10-21,SUNPHARMA,,,489,492.2,481.5,490.2,7270052,3542030018.2
2020-10-22,SUNPHARMA,,,491.2,491.4,481.7,485.55,6428938,3117945107.35
2020-10-23,SUNPHARMA,,,488,494.5,482.9,484.5,6579267,3214571804.45
2020-10-26,SUNPHARMA,,,487.4,487.4,471.1,474.5,6499287,3109864914.85
2020-10-27,SUNPHARMA,,,474.6,476.75,467.25,470.45,7693124,3620180005.8
2020-10-28,SUNPHARMA,,,473,475.75,461.4,463.4,7724076,3617051412.1
2020-10-29,SUNPHARMA,,,463,464,452.25,456.35,8297097,3800365828.95
2020-10-30,SUNPHARMA,,,458.65,469,455.85,465.75,8680726,4013516738.25
2020-11-02,SUNPHARMA,,,467.9,471,459.05,469.4,7737909,3602163221.55
2020-11-03,SUNPHARMA,,,472.05,490.6,465.75,485.6,16853462,8070460732.9
2020-11-04,SUNPHARMA,,,499.9,518.25,495.15,504.65,48182254,24490948136.5
2020-11-05,SUNPHARMA,,,508,514,502.5,512.5,14095319,7180928461.1
2020-11-06,SUNPHARMA,,,515,515.75,506.75,509.15,9251548,4733573123.5
2020-11-09,SUNPHARMA,,,512.5,518,504.45,510.15,9718357,4967384263.25
2020-11-10,SUNPHARMA,,,511,514.25,489,490.9,12767338,6393690352.45
2020-11-11,SUNPHARMA,,,495,508.35,492,506.05,11754997,5895829748.2
2020-11-12,SUNPHARMA,,,503.95,517.7,502.2,509.25,10911897,5593384810.95
2020-11-13,SUNPHARMA,,,511.95,515.8,504.55,508.45,9501329,4839638586.6
2020-11-17,SUNPHARMA,,,517,523.4,514.05,518.4,12411197,6447059443.55
2020-11-18,SUNPHARMA,,,514,518.35,509,513,6483702,3326147497.4
2020-11-19,SUNPHARMA,,,512,516.15,505,507.35,6843207,3501030019.8
2020-11-20,SUNPHARMA,,,510,512.5,496,503.25,7594535,3822559716.95
2020-11-23,SUNPHARMA,,,504,516.4,501,512.85,8931512,4565091957.75
2020-11-24,SUNPHARMA,,,513.5,522.75,508.2,520.15,9096230,4695583150.75
2020-11-25,SUNPHARMA,,,521.2,526,504.15,506.2,10673809,5476412935.55
2020-11-26,SUNPHARMA,,,506,513,502.3,511.7,7494355,3809628916
2020-11-27,SUNPHARMA,,,514,520.8,509.2,511.65,12954065,6666080117.25
2020-12-01,SUNPHARMA,,,518,542.75,512.65,539.35,25388623,13560327148.6
2020-12-02,SUNPHARMA,,,540.9,547,536,544.65,14234038,7714595896.3
2020-12-03,SUNPHARMA,,,550,551.45,541,548.25,9345458,5108268791.35
2020-12-04,SUNPHARMA,,,550,572.9,545.2,569.05,16177536,9060354080
2020-12-07,SUNPHARMA,,,570.35,591.5,567.05,582.3,21232768,12363786659
2020-12-08,SUNPHARMA,,,582,582,565.8,568.7,10673103,6099014855.9
2020-12-09,SUNPHARMA,,,571,583.95,566.7,569.55,11144200,6388544882.6
2020-12-10,SUNPHARMA,,,570,574.75,560.1,565.2,6755693,3820018052.85
2020-12-11,SUNPHARMA,,,567.9,572.95,562,568.1,6968494,3960456869.7
2020-12-14,SUNPHARMA,,,568.35,578.65,568.35,576.25,8582193,4933379916.95
2020-12-15,SUNPHARMA,,,575,580,569,571.65,5896090,3383416430.7
2020-12-16,SUNPHARMA,,,571,578.5,571,576.6,5135499,2955141671.2
2020-12-17,SUNPHARMA,,,579.5,586.3,569.7,571.35,9025916,5224880692.3
2020-12-18,SUNPHARMA,,,574,576.9,568,575,4940687,2831936076.55
2020-12-21,SUNPHARMA,,,573.8,585.9,539.7,552.55,12715463,7259055407.35
2020-12-22,SUNPHARMA,,,553,571.1,540.4,568.3,8012096,4468422485.35
2020-12-23,SUNPHARMA,,,570,576.55,566.1,574.6,4958783,2840257928.1
2020-12-24,SUNPHARMA,,,574.6,595,572.15,590.45,7486583,4356392198.8
2020-12-28,SUNPHARMA,,,599,599.45,584.55,586.95,12299793,7259374964.75
2020-12-29,SUNPHARMA,,,589.8,596,583.15,590.6,7430043,4387149813.3
2020-12-30,SUNPHARMA,,,595,595,581.5,584,5589703,3269403535.05
2020-12-31,SUNPHARMA,,,584.65,594.9,582.05,592.35,8835267,5195130378.55
2021-01-01,SUNPHARMA,,,592.5,599.75,585.85,596.25,8229768,4880771793.15
2021-01-04,SUNPHARMA,,,600,609.45,595.2,604.4,11329298,6835213567.15
2021-01-05,SUNPHARMA,,,608.45,608.7,600,603.45,7790158,4707613797.2
2021-01-06,SUNPHARMA,,,604.1,610.95,596.15,605.3,6422080,3885999085.25
2021-01-07,SUNPHARMA,,,606.05,608,598,601.9,4555702,2745995426.65
2021-01-08,SUNPHARMA,,,607,622.8,604,620.8,11451416,7067188082.15
2021-01-11,SUNPHARMA,,,623.7,628,614.05,621,7516087,4674068456.3
2021-01-12,SUNPHARMA,,,621,623.9,607.05,609.65,6747035,4130515081.55
2021-01-13,SUNPHARMA,,,611,614.5,597.25,602.3,6186661,3752216257.45
2021-01-14,SUNPHARMA,,,602.3,611.65,596.4,607.05,6730284,4064849636.85
2021-01-15,SUNPHARMA,,,609,616.8,598.1,604.3,8389544,5099354128.7
2021-01-18,SUNPHARMA,,,604.1,607.35,578.45,581.45,7414570,4356842561.3
2021-01-19,SUNPHARMA,,,586.9,603,583.35,596.55,5500391,3250558740.7
2021-01-20,SUNPHARMA,,,601.2,603.6,592.95,594.7,5182972,3096139668.65
2021-01-21,SUNPHARMA,,,598,598.75,580.65,582.9,4546393,2681408607.7
2021-01-22,SUNPHARMA,,,582.9,586.95,570.6,575.2,5591688,3235315874
2021-01-25,SUNPHARMA,,,577.1,594,567,586.4,8149590,4763638621.6
2021-01-27,SUNPHARMA,,,585.9,585.9,563.75,569.8,8534047,4885169910.95
2021-01-28,SUNPHARMA,,,554.9,574.5,550.4,564.35,9863454,5555891511.45
2021-01-29,SUNPHARMA,,,568,600,554.1,586.2,22539938,13063740256
2021-02-01,SUNPHARMA,,,596,599.4,579.6,590.15,12621971,7439716431.85
2021-02-02,SUNPHARMA,,,596.95,616.9,591.5,609.45,15788247,9553281045.35
2021-02-03,SUNPHARMA,,,612.5,648.4,610.5,629.2,23788455,15096527157.45
2021-02-04,SUNPHARMA,,,632.5,641,626.25,631.5,7926593,5031419340.85
2021-02-05,SUNPHARMA,,,633.5,644.25,623.15,634.75,10981738,6972874190.2
2021-02-08,SUNPHARMA,,,640.9,644.85,632.55,634.65,6479801,4137302493.7
2021-02-09,SUNPHARMA,,,631.9,639.25,621,623.6,5794015,3656738980.35
2021-02-10,SUNPHARMA,,,623.05,631.55,614.1,627.1,6902162,4290525924.2
2021-02-11,SUNPHARMA,,,622,648.75,622,643.65,11433578,7315697298.6
2021-02-12,SUNPHARMA,,,654.4,654.4,622.35,627.15,15471776,9800604801.4
2021-02-15,SUNPHARMA,,,632,637.3,623.3,627.5,7310676,4608807100.75
2021-02-16,SUNPHARMA,,,631,634.5,623,631.15,6137454,3860889391.55
2021-02-17,SUNPHARMA,,,628.7,632.4,619.8,621.25,4700733,2938690933.65
2021-02-18,SUNPHARMA,,,622,627.25,614.1,616.05,5633766,3489459823.75
2021-02-19,SUNPHARMA,,,615.9,622.3,601.2,607.3,7301975,4479763718.75
2021-02-22,SUNPHARMA,,,608,610.85,590.4,595.3,5330343,3213067747.5
2021-02-23,SUNPHARMA,,,595,608.35,592,604.05,7564187,4562727889.25
2021-02-24,SUNPHARMA,,,607.1,609.35,595.85,601.45,3296243,1987223170.3
2021-02-25,SUNPHARMA,,,606.4,618.9,602.7,609.55,6261754,3842675523.95
2021-02-26,SUNPHARMA,,,604.95,621.35,590,594.6,15404415,9375387497.6
2021-03-01,SUNPHARMA,,,600,610.8,597.05,604.45,5274758,3180312580.1
2021-03-02,SUNPHARMA,,,609,616.35,604.5,614.2,4776776,2916418360.05
2021-03-03,SUNPHARMA,,,616.5,625.4,612.25,624.35,6626297,4108703932.8
2021-03-04,SUNPHARMA,,,622,636.75,616,618.95,11530735,7222511383.3
2021-03-05,SUNPHARMA,,,619.45,619.45,606.9,611.2,6127488,3756438616.7
2021-03-08,SUNPHARMA,,,611.5,621.9,611.3,614.8,4554461,2808484810.05
2021-03-09,SUNPHARMA,,,618,620.9,607.5,612.6,4035628,2476863214.05
2021-03-10,SUNPHARMA,,,618,627.9,615.35,626,5825924,3624108916.35
2021-03-12,SUNPHARMA,,,628,629.15,611.5,613.6,4264170,2642944356.45
2021-03-15,SUNPHARMA,,,614,614,596.5,605.5,4030875,2432985364.8
2021-03-16,SUNPHARMA,,,606,609.95,599.25,602.3,4189930,2527751779.4
2021-03-17,SUNPHARMA,,,604,604,582,584.75,7667561,4523302175.65
2021-03-18,SUNPHARMA,,,587.4,591.55,572,574.55,5537584,3212169926.15
2021-03-19,SUNPHARMA,,,571,582.65,562.1,578.3,6186643,3565864902.1
2021-03-22,SUNPHARMA,,,578.6,593.6,578.6,591,7033955,4143983606.5
2021-03-23,SUNPHARMA,,,591.2,594.7,583,587.85,5341729,3136825897.6
2021-03-24,SUNPHARMA,,,585,597,583.2,585.3,7299582,4317405549
2021-03-25,SUNPHARMA,,,584.4,587.95,571.5,575.75,4710869,2723744601.65
2021-03-26,SUNPHARMA,,,580.85,590.3,574.6,587.2,5761818,3365314774.8
2021-03-30,SUNPHARMA,,,594.95,599,587.25,597.7,4637898,2751580387.2
2021-03-31,SUNPHARMA,,,598.2,606,595.7,597.8,5269919,3167018642.85
2021-04-01,SUNPHARMA,,,600,612.7,597.35,610.75,6033653,3651919425.9
2021-04-05,SUNPHARMA,,,611.7,611.95,592.75,608.8,5353987,3238275202.6
2021-04-06,SUNPHARMA,,,608.75,621.9,603.5,620.45,7444994,4588113391.35
2021-04-07,SUNPHARMA,,,621,628.4,616.15,621.05,4757224,2959879877.45
2021-04-08,SUNPHARMA,,,620.55,626,613.3,614.25,3222479,1998577194.2
2021-04-09,SUNPHARMA,,,613,642,609.5,636.75,16755446,10622760754.45
2021-04-12,SUNPHARMA,,,639,645.85,615.2,619.35,15229597,9633823631.45
2021-04-13,SUNPHARMA,,,624,635.55,616.1,627.35,7399207,4625932833.3
2021-04-15,SUNPHARMA,,,633.6,641.5,626.5,633.25,8588761,5455191766.1
2021-04-16,SUNPHARMA,,,633.25,650,626.35,646.05,9804095,6279877849.35
2021-04-19,SUNPHARMA,,,644,651.4,635,640.65,11340358,7280081907.05
2021-04-20,SUNPHARMA,,,643.8,659.5,639.15,645.15,13831258,8968739787.95
2021-04-22,SUNPHARMA,,,650.7,658,638.1,639.95,11295290,7336076400.65
2021-04-23,SUNPHARMA,,,636.5,645.8,630.15,637.95,7668180,4896988153.8
2021-04-26,SUNPHARMA,,,644,644,631,634.7,6527947,4142696527.3
2021-04-27,SUNPHARMA,,,632.7,642.45,632,639.25,5112384,3255176750.7
2021-04-28,SUNPHARMA,,,640.95,647.3,638.3,643.4,6069155,3901096646.8
2021-04-29,SUNPHARMA,,,648.95,652,641.1,644.5,5676290,3668690166.5
2021-04-30,SUNPHARMA,,,642,666.6,640.1,654.45,10874266,7132851776.5
2021-05-03,SUNPHARMA,,,653.95,663.95,650.1,659.2,6567597,4316304804.8
2021-05-04,SUNPHARMA,,,662,664.9,642,645.15,5604638,3658702776.3
2021-05-05,SUNPHARMA,,,642.25,687.9,642.25,683.4,25296369,17034337983.35
2021-05-06,SUNPHARMA,,,689.85,696.7,673.35,679.4,11153908,7619488649.3
2021-05-07,SUNPHARMA,,,681,691,677.6,679.45,6466334,4420479869.55
2021-05-10,SUNPHARMA,,,688,703.5,683.6,698.2,10924222,7614504825
2021-05-11,SUNPHARMA,,,698.5,721.85,696.2,708.1,14760511,10493968940.45
2021-05-12,SUNPHARMA,,,714.95,714.95,700,702.85,7250661,5121699237.25
2021-05-14,SUNPHARMA,,,703,711,687,691.45,6851035,4772959764.8
2021-05-17,SUNPHARMA,,,688,698.5,680.05,687.15,6318234,4337645119.65
2021-05-18,SUNPHARMA,,,691,695.85,684.75,690.8,4080423,2818563922.5
2021-05-19,SUNPHARMA,,,694.3,706.75,690.8,703.4,7745431,5419788159.25
2021-05-20,SUNPHARMA,,,700,701.65,685,686.85,6226376,4304515621.65
2021-05-21,SUNPHARMA,,,691.75,694.5,688,690.4,3434231,2371297635.15
2021-05-24,SUNPHARMA,,,691,698.4,689.6,690.95,3722957,2579551832.65
2021-05-25,SUNPHARMA,,,695,697.4,691,696.1,2800233,1945086902.25
2021-05-26,SUNPHARMA,,,699.5,706.15,696.2,703.8,6235460,4383090903.1
2021-05-27,SUNPHARMA,,,707.25,709.75,694.5,699.5,9875654,6921639323.6
2021-05-28,SUNPHARMA,,,694,694.5,666.3,669.75,28316552,19111664141.35
2021-05-31,SUNPHARMA,,,672,675.7,659,668.3,13947126,9307527628.9
2021-06-01,SUNPHARMA,,,670.1,673.3,664.3,671.05,6443084,4305681858.55
2021-06-02,SUNPHARMA,,,671,678.1,670.15,677.45,4978457,3364803373.15
2021-06-03,SUNPHARMA,,,678,680.85,673.5,675.5,3604574,2439836252.75
2021-06-04,SUNPHARMA,,,678.9,679.25,672.8,673.95,3747803,2532286611
2021-06-07,SUNPHARMA,,,673.95,677.8,670.9,675.35,2793705,1883631957.05
2021-06-08,SUNPHARMA,,,673,679.95,665.1,678.75,5695920,3828185902.7
2021-06-09,SUNPHARMA,,,681.05,684.7,667.6,672.85,4492551,3048793811.2
2021-06-10,SUNPHARMA,,,673.05,681,673,676.05,3099864,2101484574.6
2021-06-11,SUNPHARMA,,,675.2,686.35,674.05,681.3,3822099,2601707667.75
2021-06-14,SUNPHARMA,,,682,683.7,671.55,677.1,3640962,2464522859.85
2021-06-15,SUNPHARMA,,,677.1,681.4,671.75,673.2,3862284,2607091460.25
2021-06-16,SUNPHARMA,,,675,680.5,666.85,668.55,4842448,3254132746
2021-06-17,SUNPHARMA,,,671.8,673.55,661.65,665.05,2776147,1855182838.9
2021-06-18,SUNPHARMA,,,667,673,652.7,668.5,4158743,2769670674.75
2021-06-21,SUNPHARMA,,,662,674.8,662,671.35,2932177,1964703789.95
2021-06-22,SUNPHARMA,,,678,680.25,665.85,666.8,4577152,3068860137.35
2021-06-23,SUNPHARMA,,,666.8,672.35,664.25,665.25,2631031,1758057190.6
2021-06-24,SUNPHARMA,,,664.2,671,661.5,664.8,3460776,2305674367.45
2021-06-25,SUNPHARMA,,,664.8,677.4,664.8,672.25,3010243,2026939206.3
2021-06-28,SUNPHARMA,,,675,679.9,669.55,676.3,3342385,2262592290.55
2021-06-29,SUNPHARMA,,,673.25,681.5,673.1,677.6,2937766,1989897511.5
2021-06-30,SUNPHARMA,,,678.05,683.45,674.25,675.45,3768943,2562939821.5
2021-07-01,SUNPHARMA,,,675,685.8,673.7,684.15,4102748,2798903981.7
2021-07-02,SUNPHARMA,,,685.5,689.5,678.3,681.25,5071894,3469263556.3
2021-07-05,SUNPHARMA,,,684,684.95,678.6,680.2,1600769,1090778737.1
2021-07-06,SUNPHARMA,,,678,683,672.4,673.25,2682423,1814953882.9
2021-07-07,SUNPHARMA,,,668,682,666.1,680.1,2576763,1745433332.7
2021-07-08,SUNPHARMA,,,677,680.9,665.1,666.9,2548016,1709160405.8
2021-07-09,SUNPHARMA,,,666.5,672.3,664.2,667.9,1994075,1332069607.1
2021-07-12,SUNPHARMA,,,668.6,672.85,666.4,668.55,1555035,1041500465.8
2021-07-13,SUNPHARMA,,,670.3,689.35,669,683,7744032,5296272557.55
2021-07-14,SUNPHARMA,,,681.95,692.4,681,685.95,2663467,1830617265.35
2021-07-15,SUNPHARMA,,,686,688.2,681.3,683,1905193,1303149742.95
2021-07-16,SUNPHARMA,,,684.9,695.65,682.65,688.6,3479357,2402808606.15
2021-07-19,SUNPHARMA,,,678.05,691.5,678.05,689.25,1940882,1334907233.2
2021-07-20,SUNPHARMA,,,689,691.6,673.9,676.45,2724983,1861541468.7
2021-07-22,SUNPHARMA,,,680,688.2,675.55,687.3,2047831,1398706689.65
2021-07-23,SUNPHARMA,,,686.2,698.95,681.6,694,3956261,2740208338.3
2021-07-26,SUNPHARMA,,,695.2,705,695.2,703.4,4715053,3307510213.1
2021-07-27,SUNPHARMA,,,705,705.7,673.85,688.3,5327355,3675428965.65
2021-07-28,SUNPHARMA,,,688.3,691.95,672.55,687.8,3332667,2279515629.55
2021-07-29,SUNPHARMA,,,687.8,705.95,680.7,703,4397443,3068204805.55
2021-07-30,SUNPHARMA,,,702.95,783.75,696.15,773.95,35893710,26987910978.5
2021-08-02,SUNPHARMA,,,785,801.9,764.1,775,18661462,14524692976
2021-08-03,SUNPHARMA,,,773.95,804.35,765.25,794.8,14678219,11652240380.55
2021-08-04,SUNPHARMA,,,791,797.9,779.7,785.75,5796169,4560092694.35
2021-08-05,SUNPHARMA,,,785.5,794.4,783.3,786.15,5026619,3966897575.65
2021-08-06,SUNPHARMA,,,786.5,796.45,781.55,785.2,4064324,3206297635.9
2021-08-09,SUNPHARMA,,,789.15,793,782,788.8,2873586,2263122024.15
2021-08-10,SUNPHARMA,,,789.95,798.8,782.2,793.35,5656020,4471053528.45
2021-08-11,SUNPHARMA,,,794,795,773.3,779.55,4275776,3338442666.5
2021-08-12,SUNPHARMA,,,780,781.25,773.15,778.65,2821380,2193301142.35
2021-08-13,SUNPHARMA,,,769,788.5,767.65,778.3,4319920,3362161572.45
2021-08-16,SUNPHARMA,,,775.2,783,771.05,780.8,2310304,1795348431.15
2021-08-17,SUNPHARMA,,,783,793.2,778.2,784.15,5686055,4466584678.5
2021-08-18,SUNPHARMA,,,788,791.4,779.3,782.9,4036305,3167202147.85
2021-08-20,SUNPHARMA,,,775,784.45,743.35,761.15,6238261,4761907435.2
2021-08-23,SUNPHARMA,,,765,770,750.8,759.35,2375417,1808813985.2
2021-08-24,SUNPHARMA,,,759.8,777.95,754.25,771.35,2732537,2092641992.25
2021-08-25,SUNPHARMA,,,770,776,759.6,769.05,2254852,1734406683.65
2021-08-26,SUNPHARMA,,,765.15,771.1,759.25,760.55,1735864,1328806310.9
2021-08-27,SUNPHARMA,,,760.75,777,758.1,771.8,2432862,1872729859.4
2021-08-30,SUNPHARMA,,,769,794.95,768.15,787.2,3617125,2840699185.65
2021-08-31,SUNPHARMA,,,787.45,801,783.7,794.05,7435465,5900519211.9
2021-09-01,SUNPHARMA,,,795.05,803.9,787,788.5,2811619,2230885338.15
2021-09-02,SUNPHARMA,,,790.3,795.65,788.3,789.95,2679549,2119526334.25
2021-09-03,SUNPHARMA,,,793,797.2,784,789.4,2860730,2266637969.3
2021-09-06,SUNPHARMA,,,789.4,793.1,779.75,784.25,4613445,3620739910.25
2021-09-07,SUNPHARMA,,,782,783,766.6,769.9,3851664,2979523742.2
2021-09-08,SUNPHARMA,,,767.3,778.95,763.55,777.45,2548562,1972323875.8
2021-09-09,SUNPHARMA,,,772.2,782.25,771.45,776.3,2008287,1558649350.3
2021-09-13,SUNPHARMA,,,776.3,783,771.65,780.3,1935832,1505888553.15
2021-09-14,SUNPHARMA,,,784.7,788,777.3,781.4,1996844,1563246711.35
2021-09-15,SUNPHARMA,,,784.7,785.75,778.8,780.65,1393824,1089755321
2021-09-16,SUNPHARMA,,,780,784.55,778.3,781.05,1353677,1057768338.35
2021-09-17,SUNPHARMA,,,785,787.9,766.65,769.9,4052622,3132139860.7
2021-09-20,SUNPHARMA,,,766.7,774.75,751.6,756.5,2206369,1688597833.55
2021-09-21,SUNPHARMA,,,756.5,766.35,751.05,764.5,2123997,1615797634.4
2021-09-22,SUNPHARMA,,,765,774,764.5,770.1,1817865,1398341378.15
2021-09-23,SUNPHARMA,,,771.1,777.2,766.1,769.85,2109768,1626288458.65
2021-09-24,SUNPHARMA,,,769,776.65,762,770.45,1777859,1367419604.65
2021-09-27,SUNPHARMA,,,771.45,774.5,760.1,763.05,2862731,2188914252.1
2021-09-28,SUNPHARMA,,,766.7,791,754.95,775.1,4938824,3780298749.25
2021-09-29,SUNPHARMA,,,784,819.75,771.35,811.3,18565413,14865368143.5
2021-09-30,SUNPHARMA,,,814.8,832.95,806.6,818.25,10478553,8613708559.55
2021-10-01,SUNPHARMA,,,812,830.7,805.3,826.6,5730355,4702594505.05
2021-10-04,SUNPHARMA,,,830,838.9,826.45,832,4007435,3337402097.85
2021-10-05,SUNPHARMA,,,828,834.4,814.95,820.5,2987134,2455822533.15
2021-10-06,SUNPHARMA,,,820.45,824,797.3,800.6,2910453,2353471054.1
2021-10-07,SUNPHARMA,,,808.05,826.35,804.1,823.25,4089061,3332463791
2021-10-08,SUNPHARMA,,,825.1,833.8,818.6,821.4,2753935,2271439182.45
2021-10-11,SUNPHARMA,,,826,836.2,817.8,832.55,2988841,2476576547.4
2021-10-12,SUNPHARMA,,,833.5,842.75,823.7,829.7,2407031,1999837246.3
2021-10-13,SUNPHARMA,,,827.95,846.8,827.25,842.55,4113083,3458260732.35
2021-10-14,SUNPHARMA,,,843.9,850,838.25,841.3,2300231,1942831188.55
2021-10-18,SUNPHARMA,,,850,851,832.15,835.9,2632795,2211371663.6
2021-10-19,SUNPHARMA,,,837,842.2,825.65,827.35,2029762,1688443864.95
2021-10-20,SUNPHARMA,,,825.05,834.8,807.5,814.9,2089252,1714628397.35
2021-10-21,SUNPHARMA,,,823.05,829,810.05,818.4,3155655,2580916592.9
2021-10-22,SUNPHARMA,,,825.1,826.85,800.15,812.55,1709523,1390254924.85
2021-10-25,SUNPHARMA,,,810,821.25,795.55,813.2,2129988,1724297377.25
2021-10-26,SUNPHARMA,,,817,823.9,806.3,813.5,1628608,1326770099.85
2021-10-27,SUNPHARMA,,,815.8,838.45,815.8,825.1,3569869,2963267611.85
2021-10-28,SUNPHARMA,,,823.95,829.15,803.05,807.6,1647229,1340604032.15
2021-10-29,SUNPHARMA,,,800,816.55,779.35,795,4321416,3455356728.7
2021-11-01,SUNPHARMA,,,798.95,813.85,787,811.8,1935341,1552944919.1
2021-11-02,SUNPHARMA,,,814.65,836,782.75,815.4,17608860,14270319356.8
2021-11-03,SUNPHARMA,,,820,822,781.35,787.95,9452138,7505998303.45
2021-11-08,SUNPHARMA,,,798,803,783,800,4280584,3397428127
2021-11-09,SUNPHARMA,,,800,812,797,801.35,3232291,2603042609
2021-11-10,SUNPHARMA,,,799.75,815,797,811.1,2900645,2347130173.1
2021-11-11,SUNPHARMA,,,808.95,810.45,792.1,794.85,2107377,1685331561.35
2021-11-12,SUNPHARMA,,,803.95,808.55,796.1,806.5,2076523,1666208355.35
2021-11-15,SUNPHARMA,,,808.3,819.65,806.65,810.7,2109222,1713665617
2021-11-16,SUNPHARMA,,,812.3,817.45,795.65,798.45,1512946,1217001251.75
2021-11-17,SUNPHARMA,,,800,805,787.4,791.35,1662900,1322264159.8
2021-11-18,SUNPHARMA,,,790,794.35,780.1,790.65,3177648,2498886020.1
2021-11-22,SUNPHARMA,,,791.85,794,765.05,770.75,2894426,2252643963.25
2021-11-23,SUNPHARMA,,,770,791.75,761.55,785.2,2739763,2135738837.2
2021-11-24,SUNPHARMA,,,783.5,796.95,775.55,778.95,2404041,1886009524.2
2021-11-25,SUNPHARMA,,,775.6,787.25,774.35,782.9,1861259,1453163277.65
2021-11-26,SUNPHARMA,,,775,798.9,762,767.3,5432649,4240513141.65
2021-11-29,SUNPHARMA,,,773,775,749.05,751.05,4664270,3537960930.2
2021-11-30,SUNPHARMA,,,751,761.65,746.05,753.6,5505266,4150987143.35
2021-12-01,SUNPHARMA,,,756.75,763.25,740.35,745.35,3687799,2759422035.85
2021-12-02,SUNPHARMA,,,753,770.75,746.1,766.25,4896650,3737110889.3
2021-12-03,SUNPHARMA,,,771.9,771.9,748.9,751.8,3135454,2366197609.1
2021-12-06,SUNPHARMA,,,751.2,752.55,733.7,737.15,2577704,1918550319.3
2021-12-07,SUNPHARMA,,,741.1,751,735,743.7,2583462,1918162418.55
2021-12-08,SUNPHARMA,,,750.2,763.5,747.35,757.55,2530785,1911690279
2021-12-09,SUNPHARMA,,,758.2,766.8,756.15,759.75,2604449,1981106184.95
2021-12-10,SUNPHARMA,,,754.2,775,754.2,761.35,2950388,2263409391.95
2021-12-13,SUNPHARMA,,,763.85,773.35,759,762.6,2491218,1907245255.95
2021-12-14,SUNPHARMA,,,757.25,768.75,753.6,756.05,3224172,2449935127.4
2021-12-15,SUNPHARMA,,,752.5,778.85,745.3,775.1,6231786,4751183538.85
2021-12-16,SUNPHARMA,,,786.5,786.5,760,764.45,6186549,4739336570.65
2021-12-17,SUNPHARMA,,,762,772.35,753.5,768.95,7171030,5485372596.6
2021-12-20,SUNPHARMA,,,768,774.7,753.05,763.95,7474026,5709185383.6
2021-12-21,SUNPHARMA,,,764.05,783.95,764.05,778.55,5599344,4359490026.15
2021-12-22,SUNPHARMA,,,785,801,777.5,797.5,5871235,4650939108.9
2021-12-23,SUNPHARMA,,,801.85,803.95,790,792.45,4277384,3408975624.6
2021-12-24,SUNPHARMA,,,793.4,794.8,777.6,785.4,3076272,2413423571.3
2021-12-27,SUNPHARMA,,,784,796.6,781.15,794.1,3598487,2852934728.45
2021-12-28,SUNPHARMA,,,796,819.9,794.2,815.1,5477769,4414824022.1
2021-12-29,SUNPHARMA,,,822.5,843.65,816.5,838.8,8748856,7272461222.05
2021-12-30,SUNPHARMA,,,836.65,841.95,827.35,834.45,5179861,4331429048
2021-12-31,SUNPHARMA,,,834.45,850.95,834,845.7,3346523,2823829621.75
2022-01-03,SUNPHARMA,,,845,860.05,840.9,848.95,3726756,3164093491.65
2022-01-04,SUNPHARMA,,,852.5,854,832.4,837.7,3027262,2542041056.05
2022-01-05,SUNPHARMA,,,840,844.55,830.65,835.1,2436343,2038654036.95
2022-01-06,SUNPHARMA,,,837.8,844.9,822,829.6,2423850,2014790251.3
2022-01-07,SUNPHARMA,,,829.6,836,825.2,828.95,1475374,1224286760.55
2022-01-10,SUNPHARMA,,,832.1,835,817.55,826.7,4837873,4006710412.8
2022-01-11,SUNPHARMA,,,830.9,841.5,828.3,832.4,4950526,4128918829.7
2022-01-12,SUNPHARMA,,,845,845,827.5,836.2,3953446,3295069689.85
2022-01-13,SUNPHARMA,,,836.2,871,834.25,865.5,7395140,6374676009.8
2022-01-14,SUNPHARMA,,,865.5,868.9,856.8,859.75,2351963,2026577112.9
2022-01-17,SUNPHARMA,,,859.75,863.4,850.5,853.2,1750754,1498509406.5
2022-01-18,SUNPHARMA,,,855,867.2,845,846.7,3354708,2870318866.55
2022-01-19,SUNPHARMA,,,848,848,834,838.5,1677779,1408725509
2022-01-20,SUNPHARMA,,,839.3,842.75,815.65,820,2886894,2378188093.95
2022-01-21,SUNPHARMA,,,816.5,819.7,801.1,808.75,3218477,2606711823.75
2022-01-24,SUNPHARMA,,,804,825,791.6,800.85,5300160,4281352929.85
2022-01-25,SUNPHARMA,,,791,811.7,784.8,808.05,3779497,3028175187.1
2022-01-27,SUNPHARMA,,,802,817.4,791.3,812.1,3593525,2897516980.1
2022-01-28,SUNPHARMA,,,816,842.9,812.1,827.35,5073701,4221803889.15
2022-01-31,SUNPHARMA,,,830.1,849.75,820.05,834.5,8041517,6724913331
2022-02-01,SUNPHARMA,,,847.4,895,839.85,891.75,12337459,10818749713
2022-02-02,SUNPHARMA,,,890,898.45,882,890.65,4404741,3915351395.7
2022-02-03,SUNPHARMA,,,889.35,891.2,880.45,883.55,2292825,2031343059.6
2022-02-04,SUNPHARMA,,,882.9,902.85,881.35,893.95,4222492,3770170780.25
2022-02-07,SUNPHARMA,,,901.45,901.45,879.7,887.05,3494623,3105465655.55
2022-02-08,SUNPHARMA,,,886,895.95,882,894.1,4766558,4241746894.8
2022-02-09,SUNPHARMA,,,893.9,894.55,885.35,886.45,2874380,2555641854.65
2022-02-10,SUNPHARMA,,,891.4,896.25,880,894.3,3159839,2806341385.05
2022-02-11,SUNPHARMA,,,894.6,895.8,874.65,880.1,2682532,2364059239.4
2022-02-14,SUNPHARMA,,,870,886.65,862.2,864.85,5163415,4519728943.15
2022-02-15,SUNPHARMA,,,862.5,880,859.05,876.8,3219287,2798469522.3
2022-02-16,SUNPHARMA,,,876,881.15,867.1,868.85,2136415,1864816490.75
2022-02-17,SUNPHARMA,,,872.35,872.35,861.3,862.55,2275289,1969714996.9
2022-02-18,SUNPHARMA,,,862.55,867.9,856.4,862.9,1797851,1553120751.65
2022-02-21,SUNPHARMA,,,855.5,864,839.5,843.85,2305713,1961328889.8
2022-02-22,SUNPHARMA,,,836,849,824.6,845.8,3171552,2645496832.55
2022-02-23,SUNPHARMA,,,849.85,853,838.05,840.25,1979574,1671633329.4
2022-02-24,SUNPHARMA,,,830.6,836.95,815,818.25,3679222,3030478957.1
2022-02-25,SUNPHARMA,,,820.5,835,817.05,831.55,2098988,1738986449.25
2022-02-28,SUNPHARMA,,,821,847,821,843.9,4123139,3444259619.85
2022-03-02,SUNPHARMA,,,844.35,844.95,815.7,820.9,3807036,3144751642.6
2022-03-03,SUNPHARMA,,,832.8,832.8,817,820.9,2657776,2191236396.3
2022-03-04,SUNPHARMA,,,816.3,839.6,809.35,829.65,4082674,3380481624.85
2022-03-07,SUNPHARMA,,,818,829,809.1,822.65,3065234,2514859563.4
2022-03-08,SUNPHARMA,,,826.2,861.7,826.2,855,4864275,4096209695.05
2022-03-09,SUNPHARMA,,,863.4,885.8,860,868.25,7276355,6363532086.85
2022-03-10,SUNPHARMA,,,869.9,881.9,866.6,869.55,2899758,2528040816.45
2022-03-11,SUNPHARMA,,,872,907,869.05,902,7194497,6435974003.65
2022-03-14,SUNPHARMA,,,901.95,911.8,889.95,892.25,3861194,3474978737.2
2022-03-15,SUNPHARMA,,,893.7,908,881.35,891.65,4039746,3604218342.1
2022-03-16,SUNPHARMA,,,900,900,880.45,889.2,3134307,2781160703.15
2022-03-17,SUNPHARMA,,,892.2,915,892.2,911.6,5484100,4962529018.35
2022-03-21,SUNPHARMA,,,912.5,931,911.3,913.8,3878744,3579156077.35
2022-03-22,SUNPHARMA,,,913.8,922,902.5,914.1,2174495,1986102588.55
2022-03-23,SUNPHARMA,,,918,926,895.8,900.8,2578669,2357484078.25
2022-03-24,SUNPHARMA,,,886,914.7,885.5,908.85,3141478,2841809659.45
2022-03-25,SUNPHARMA,,,911.85,914.95,896.3,902.35,1571676,1419307489.8
2022-03-28,SUNPHARMA,,,908.9,910.9,899.3,905.9,1545077,1397479534.8
2022-03-29,SUNPHARMA,,,908.05,922,901.1,919.35,3177777,2903490147.4
2022-03-30,SUNPHARMA,,,922,922,908.4,920.6,2084073,1911258642.7
2022-03-31,SUNPHARMA,,,920.6,927,910.8,914.75,1901705,1744225253.95
2022-04-01,SUNPHARMA,,,914,919,904.1,908.7,1184766,1077742466.6
2022-04-04,SUNPHARMA,,,908,928.8,902.6,926.05,1876408,1724809914.2
2022-04-05,SUNPHARMA,,,928,940.7,924.15,929.1,2911697,2710231358.6
2022-04-06,SUNPHARMA,,,927.8,938.8,925,928.1,1881754,1751586742.15
2022-04-07,SUNPHARMA,,,928.1,948,926.85,930.95,2728625,2549290654.05
2022-04-08,SUNPHARMA,,,937,937.3,919.3,924.6,1453271,1344566089.5
2022-04-11,SUNPHARMA,,,920,933.55,918.6,925.4,1102625,1020076709
2022-04-12,SUNPHARMA,,,920,928.15,911.4,921.3,1420380,1306750202.1
2022-04-13,SUNPHARMA,,,921.3,943,921.3,936.75,1825531,1703776904
2022-04-18,SUNPHARMA,,,927.6,941.05,919.25,927.5,1287320,1194828235.5
2022-04-19,SUNPHARMA,,,930.95,937.75,915.05,922,2001066,1860710540.65
2022-04-20,SUNPHARMA,,,918,931,916.05,923.5,1455897,1344549550.75
2022-04-21,SUNPHARMA,,,931,946,920.6,944.1,2410164,2259555287.5
2022-04-22,SUNPHARMA,,,941,942.25,918.35,924.8,1745381,1622398964.8
2022-04-25,SUNPHARMA,,,915.55,922.35,896.6,900,1146270,1038454242.95
2022-04-26,SUNPHARMA,,,905,924.75,904.05,918.05,3142879,2881822265.7
2022-04-27,SUNPHARMA,,,910.05,921.7,903.6,906.1,1586283,1443663145.3
2022-04-28,SUNPHARMA,,,920,927.35,909.3,921,3150038,2894469291.15
2022-04-29,SUNPHARMA,,,924,967.05,919.55,928.65,4290688,4040049670.85
2022-05-02,SUNPHARMA,,,922.45,925,902.55,923.4,2119174,1941189733.9
2022-05-04,SUNPHARMA,,,920.1,920.9,895,900.9,3925917,3545174845.05
2022-05-05,SUNPHARMA,,,905,919.2,872.6,878.15,4462293,4014166931.8
2022-05-06,SUNPHARMA,,,862,885.7,861.5,883.3,2350532,2060992583.85
2022-05-09,SUNPHARMA,,,868.05,891.4,868.05,885.4,2522123,2223592330.2
2022-05-10,SUNPHARMA,,,885,890.85,846.5,861.85,6975331,6013970933.85
2022-05-11,SUNPHARMA,,,853,867,851,854.8,2768829,2375934376.6
2022-05-12,SUNPHARMA,,,852.9,855.85,835.2,850,2700591,2291156949.65
2022-05-13,SUNPHARMA,,,862.95,889,860.15,882.5,4870689,4288038472.85
2022-05-16,SUNPHARMA,,,881.95,894.75,875.05,885.6,2739020,2429699158.25
2022-05-17,SUNPHARMA,,,880.15,895.6,878.7,891.75,2317400,2055952042.8
2022-05-18,SUNPHARMA,,,891,909,888,899.15,2878378,2596914898.5
2022-05-19,SUNPHARMA,,,885,900,878.35,884.6,2715634,2410859371.05
2022-05-20,SUNPHARMA,,,893,917.7,889.05,915.65,2877917,2620210023.9
2022-05-23,SUNPHARMA,,,920,931.3,916.6,922.05,2195036,2030019018.25
2022-05-24,SUNPHARMA,,,928,930.85,907,909.9,2911410,2675122474.55
2022-05-25,SUNPHARMA,,,915,922.65,907.25,911.2,2405811,2193443079.3
2022-05-26,SUNPHARMA,,,918.8,922.45,893.5,899.95,4113170,3716413188.4
2022-05-27,SUNPHARMA,,,901.95,912.8,896,903.9,2374509,2145079077.05
2022-05-30,SUNPHARMA,,,905,915.5,886.5,888.3,3541617,3169421243.8
2022-05-31,SUNPHARMA,,,867.25,882.8,851.2,860.6,24360628,20985180817
2022-06-01,SUNPHARMA,,,875,875,832.6,839.25,5999099,5077106343.45
2022-06-02,SUNPHARMA,,,836.75,862.9,832.8,859.55,3553217,3024966571.9
2022-06-03,SUNPHARMA,,,862.15,875,854.85,865.1,2618353,2263424128.1
2022-06-06,SUNPHARMA,,,865,873.95,858,859.8,2095566,1809491939.7
2022-06-07,SUNPHARMA,,,855,857.4,838.6,848.25,3031449,2565413688.85
2022-06-08,SUNPHARMA,,,845.1,854,837.6,847.25,3208941,2715697769.3
2022-06-09,SUNPHARMA,,,846,862.1,835.45,858.85,2297715,1949051453.75
2022-06-10,SUNPHARMA,,,850,853.95,842,845.7,2124778,1798005243.2
2022-06-13,SUNPHARMA,,,840,851,819.75,829.5,2191412,1823981510.55
2022-06-14,SUNPHARMA,,,826,835.65,821.85,825.05,2461692,2036148776.35
2022-06-15,SUNPHARMA,,,825.25,830.05,819.15,822.3,2008725,1657655505.05
2022-06-16,SUNPHARMA,,,822.6,826,806.55,814.6,2327414,1901675005.5
2022-06-17,SUNPHARMA,,,805.2,810.3,789.9,793.4,5719089,4556728746.25
2022-06-20,SUNPHARMA,,,801,813.5,794.5,805.3,2745302,2202934939.4
2022-06-21,SUNPHARMA,,,806.6,820.3,805.35,817.45,1342717,1095845586.8
2022-06-22,SUNPHARMA,,,814,821,803.25,809.3,2032073,1645753217.2
2022-06-23,SUNPHARMA,,,809.5,826.5,808.5,824.9,1778752,1460491062.55
2022-06-24,SUNPHARMA,,,827.9,833.8,821.5,824.6,1404748,1159657114.35
2022-06-27,SUNPHARMA,,,828,848,828,835.65,2980249,2506514726.2
2022-06-28,SUNPHARMA,,,837,837.5,825.05,828.6,2823691,2342508408.15
2022-06-29,SUNPHARMA,,,824,843.7,823.85,838.7,2975927,2480608072.05
2022-06-30,SUNPHARMA,,,836,848.15,823.65,830.6,3809670,3172402734.35
2022-07-01,SUNPHARMA,,,829.9,836.95,825,829.25,2316527,1921203333.15
2022-07-04,SUNPHARMA,,,825.3,839.65,821.9,829.4,2097164,1735893655
2022-07-05,SUNPHARMA,,,829.4,846.8,826.65,835.8,2682730,2254668251.95
2022-07-06,SUNPHARMA,,,840,842.65,831.25,837.7,2364840,1976904826.05
2022-07-07,SUNPHARMA,,,843.05,852.9,842.15,849.45,2327906,1976139422.2
2022-07-08,SUNPHARMA,,,853.5,859.5,849.75,857.7,2927832,2504483916.8
2022-07-11,SUNPHARMA,,,856.8,863,851.1,857.25,1768048,1512600024.55
2022-07-12,SUNPHARMA,,,853,860,849,851.6,1695338,1449050002.7
2022-07-13,SUNPHARMA,,,854.6,863.25,849.35,860.15,2663538,2281240681.9
2022-07-14,SUNPHARMA,,,867.4,882.95,864.2,879.9,4934156,4323036392.35
2022-07-15,SUNPHARMA,,,884.9,884.95,872.85,878.4,1413559,1242521274.1
2022-07-18,SUNPHARMA,,,888.6,895.6,878.55,882.8,2866600,2538924468.2
2022-07-19,SUNPHARMA,,,880,891.3,873.5,875.3,1604458,1411726196.15
2022-07-20,SUNPHARMA,,,884.7,884.7,862.05,867.5,2885666,2513105277.25
2022-07-21,SUNPHARMA,,,872,877.9,863.7,869.65,2321107,2020231224.75
2022-07-22,SUNPHARMA,,,871,876.15,866.5,874.5,1939758,1690990444.55
2022-07-25,SUNPHARMA,,,870,878,856.4,868.35,2419358,2095743929.45
2022-07-26,SUNPHARMA,,,869.2,877.4,862,867.65,1560211,1354207640.1
2022-07-27,SUNPHARMA,,,867.5,897,866.05,894,2797789,2478667309.05
2022-07-28,SUNPHARMA,,,896,896.85,878.75,894.85,3183169,2835596413.75
2022-07-29,SUNPHARMA,,,897,951.95,879,943.2,11315800,10487414843.1
2022-08-01,SUNPHARMA,,,939.95,939.95,910,918.7,4219890,3881260008.9
2022-08-02,SUNPHARMA,,,918.7,926.6,912.05,917.25,2043767,1874940988.75
2022-08-03,SUNPHARMA,,,915,917.8,893.55,897,2863168,2583508963.5
2022-08-04,SUNPHARMA,,,901,920,895.6,918.5,3151481,2869669616
2022-08-05,SUNPHARMA,,,919.5,929,911.9,915.95,3317738,3056072429.6
2022-08-08,SUNPHARMA,,,919.8,919.8,908.4,910.4,2677742,2441785549.25
2022-08-10,SUNPHARMA,,,913.2,927,913.2,919.7,3077870,2832096377.3
2022-08-11,SUNPHARMA,,,923,926.9,917.45,921.05,1526395,1406223483.95
2022-08-12,SUNPHARMA,,,921.05,922.8,907.15,913.45,1384417,1263381745
2022-08-16,SUNPHARMA,,,907,919.45,906.3,914.6,1635836,1495952720.95
2022-08-17,SUNPHARMA,,,919,926,915,920.8,1828327,1683411318.4
2022-08-18,SUNPHARMA,,,910,919,895.2,916.75,2989998,2715400652.05
2022-08-19,SUNPHARMA,,,916,920.8,898,901.35,1708425,1549553053.45
2022-08-22,SUNPHARMA,,,900.5,903.45,878.15,880.55,2860170,2535850485.45
2022-08-23,SUNPHARMA,,,874.15,892,872.6,888.4,2314528,2053408657.45
2022-08-24,SUNPHARMA,,,892,899.95,878.05,881,3223687,2857987137.4
2022-08-25,SUNPHARMA,,,888,890.65,875,877.3,5016244,4426095956.8
2022-08-26,SUNPHARMA,,,882.3,890.5,878.1,880.15,1542618,1362289444.55
2022-08-29,SUNPHARMA,,,872,881,865,879.25,2068888,1813104150.1
2022-08-30,SUNPHARMA,,,883,895.5,882,893.05,3672052,3262076915.2
2022-09-01,SUNPHARMA,,,893,901.9,870.4,871.85,2939235,2588429407.75
2022-09-02,SUNPHARMA,,,872.9,878,866,869.55,1963435,1710711756.6
2022-09-05,SUNPHARMA,,,869,886.15,864.45,884.6,2808538,2464768489.75
2022-09-06,SUNPHARMA,,,887,890.7,882.55,887.75,2252661,1997039216.6
2022-09-07,SUNPHARMA,,,879.5,896.4,879.5,893.75,1698682,1511244711.2
2022-09-08,SUNPHARMA,,,898.25,900.75,887,894.3,1772605,1584064308.9
2022-09-09,SUNPHARMA,,,894.5,901.9,886.7,890,1405210,1254958926.85
2022-09-12,SUNPHARMA,,,891.2,895.15,885.1,887.7,1571387,1397144257.55
2022-09-13,SUNPHARMA,,,889.85,893.3,883.5,890.15,2216354,1968184156.4
2022-09-14,SUNPHARMA,,,884.6,897.7,880.05,883.75,1889322,1680903343.55
2022-09-15,SUNPHARMA,,,883,888.15,871.1,874.3,1780723,1563077808.1
2022-09-16,SUNPHARMA,,,878.7,890.5,865.8,868.05,5625488,4930270988.3
2022-09-19,SUNPHARMA,,,872.4,876.95,856.8,874.85,1920725,1668925205.6
2022-09-20,SUNPHARMA,,,877.55,914.75,876.8,911.95,4408042,3968351721.5
2022-09-21,SUNPHARMA,,,918.55,922.5,902.65,905.3,4153228,3791310856.3
2022-09-22,SUNPHARMA,,,899.9,911.25,895.3,908,2317690,2092730177.5
2022-09-23,SUNPHARMA,,,902.6,926.7,902.6,921.1,4802181,4412566580.4
2022-09-26,SUNPHARMA,,,917.95,926.35,899.05,900.7,3760536,3434317673.9
2022-09-27,SUNPHARMA,,,905.25,909.85,894.4,897.15,3096645,2785004164.35
2022-09-28,SUNPHARMA,,,894,926,892.05,917.85,5559336,5096311735.35
2022-09-29,SUNPHARMA,,,925.1,955.5,925.1,930.7,8519098,7997337126.45
2022-09-30,SUNPHARMA,,,933.95,950.95,930,948.65,4182345,3943074649.6
2022-10-03,SUNPHARMA,,,952.95,967.85,942.75,944.5,4444578,4249266025.45
2022-10-04,SUNPHARMA,,,955.7,956.3,943.05,944.55,1856830,1760087127.35
2022-10-06,SUNPHARMA,,,954.7,962,947.55,953.9,3449485,3292964880.35
2022-10-07,SUNPHARMA,,,953,961.55,946.2,955.15,1762328,1681813830.9
2022-10-10,SUNPHARMA,,,945.95,954.25,935.25,946.05,1683827,1593661176.05
2022-10-11,SUNPHARMA,,,950.8,951.9,940,944.75,2426935,2293213628.6
2022-10-12,SUNPHARMA,,,946,960,941.05,955.55,2875040,2736530104.25
2022-10-13,SUNPHARMA,,,956.85,973.75,951.5,968.4,4498223,4350945079.35
2022-10-14,SUNPHARMA,,,976,979.9,964,976.3,3307000,3220878418.35
2022-10-17,SUNPHARMA,,,976.3,985,973.3,980,2647369,2593733375.1
2022-10-18,SUNPHARMA,,,983.75,985,972.75,978.35,2065146,2019312821.45
2022-10-19,SUNPHARMA,,,975.6,980.7,965.05,976.9,2424533,2360218081.7
2022-10-20,SUNPHARMA,,,970,982.85,966.55,980.35,1669666,1631880444.1
2022-10-21,SUNPHARMA,,,981,991.9,975.75,977.7,1791608,1764446887.55
2022-10-25,SUNPHARMA,,,991.95,997.35,985.5,991.55,2119595,2102293816.05
2022-10-27,SUNPHARMA,,,999,1013.4,992.5,1011.65,4379157,4410731544.8
2022-10-28,SUNPHARMA,,,1002,1003.5,987.55,990,3934980,3911703472
2022-10-31,SUNPHARMA,,,994.95,1027.3,991.2,1016.9,3546309,3604330804.2
2022-11-01,SUNPHARMA,,,1021.95,1049,1019.15,1036.6,5264069,5441820407.65
2022-11-02,SUNPHARMA,,,1038.8,1070.95,1032.65,1051.95,5923662,6251409113.55
2022-11-03,SUNPHARMA,,,1045,1055.6,1039.55,1044.2,2386317,2494437544.1
2022-11-04,SUNPHARMA,,,1045.3,1046.4,1031.45,1039.9,1576349,1634542434.5
2022-11-07,SUNPHARMA,,,1045,1049.95,1021,1028.35,2853521,2933527881.45
2022-11-09,SUNPHARMA,,,1020.05,1036.65,1010,1013.55,2268760,2307140686.35
2022-11-10,SUNPHARMA,,,1010,1022.3,1006.75,1010.65,2419991,2450238330.65
2022-11-11,SUNPHARMA,,,1015.75,1031.45,1009.85,1013.55,2390487,2435529391.75
2022-11-14,SUNPHARMA,,,1018.65,1021.4,1002,1016.9,1764788,1790000909.55
2022-11-15,SUNPHARMA,,,1022,1022,1004.45,1016.05,1703050,1722752844.4
2022-11-16,SUNPHARMA,,,1007.1,1022.8,1007.1,1018.65,1485506,1509433421.8
2022-11-17,SUNPHARMA,,,1023.3,1030.5,1010.45,1013.35,1758031,1788645534.5
2022-11-18,SUNPHARMA,,,1015.25,1017.85,1006,1009.6,1130682,1142347249.35
2022-11-21,SUNPHARMA,,,1003,1012.8,993.5,1003.15,1108922,1108857846.4
2022-11-22,SUNPHARMA,,,1006.15,1012.4,996.25,1010.1,1723123,1730106850.05
2022-11-23,SUNPHARMA,,,1015.2,1019.1,1009.45,1017.65,1311376,1332116013.55
2022-11-24,SUNPHARMA,,,1020.65,1037.4,1013.8,1035.1,1994268,2049582591.55
2022-11-25,SUNPHARMA,,,1037.95,1037.95,1026.95,1033.85,1948596,2012544647.6
2022-11-28,SUNPHARMA,,,1033,1041.5,1027.95,1034.75,1427648,1478214019.5
2022-11-29,SUNPHARMA,,,1035,1051.2,1034,1049.85,1179559,1231815067.7
2022-11-30,SUNPHARMA,,,1053,1058.3,1039.35,1046.05,3060171,3202255776.5
2022-12-01,SUNPHARMA,,,1055,1057.85,1039.6,1046.45,1878374,1966770736.45
2022-12-02,SUNPHARMA,,,1048.3,1049.85,1034.8,1040,2284133,2375030779.15
2022-12-05,SUNPHARMA,,,1042.15,1045.95,1030.75,1039.4,2294634,2378683428.65
2022-12-06,SUNPHARMA,,,1039.4,1040,1023.25,1033.55,1321211,1360594403.25
2022-12-07,SUNPHARMA,,,1036.55,1037.15,1015.35,1017.75,2954262,3019608615.05
2022-12-08,SUNPHARMA,,,1015,1018,975,980.8,10021644,9887410055.4
2022-12-09,SUNPHARMA,,,980.8,997,980,992.85,4231753,4191651122.2
2022-12-12,SUNPHARMA,,,994.9,995,980.15,987.4,1875104,1847035459.55
2022-12-13,SUNPHARMA,,,980,996.35,979.8,994.65,1863361,1843201578.8
2022-12-14,SUNPHARMA,,,999,1003,994.55,1000.25,1570685,1569276775.75
2022-12-15,SUNPHARMA,,,1001,1007,998.1,1002.2,1304660,1307371471.1
2022-12-16,SUNPHARMA,,,998.15,1005.1,987.6,993.65,2618988,2605600089.4
2022-12-19,SUNPHARMA,,,987.6,993.15,973.7,987.95,1547342,1524829733.05
2022-12-20,SUNPHARMA,,,987.95,990.65,979.4,988.35,1352408,1331494858.2
2022-12-21,SUNPHARMA,,,992,1009.5,988.4,1005.6,2043630,2045923082.95
2022-12-22,SUNPHARMA,,,1019.95,1034.05,1007.05,1010.65,5163443,5263604772.65
2022-12-23,SUNPHARMA,,,1012,1027.85,998.45,1001.55,3612433,3663883446.65
2022-12-26,SUNPHARMA,,,1010,1011.8,988.7,1000.05,2307374,2304256948.7
2022-12-27,SUNPHARMA,,,1000.25,1015.75,993,1000.15,1870105,1876170668.1
2022-12-28,SUNPHARMA,,,998.9,1010.6,993,995,1686511,1685497697.25
2022-12-29,SUNPHARMA,,,998.55,1004.7,989.1,1000.55,2162872,2156147909.5
2022-12-30,SUNPHARMA,,,1004,1006.8,993.75,1001.4,1629162,1629013977.85
2023-01-02,SUNPHARMA,,,1001.4,1001.4,987.2,997,1616012,1610403828.4
2023-01-03,SUNPHARMA,,,993,1012.8,988,1009.1,1810117,1808621778.45
2023-01-04,SUNPHARMA,,,1012,1025.9,1000.75,1004.1,2573870,2609121178.85
2023-01-05,SUNPHARMA,,,1009.1,1021.9,1008.25,1016.2,2246533,2281022996.6
2023-01-06,SUNPHARMA,,,1015,1021.8,1004.1,1008.7,1773153,1800969070.8
2023-01-09,SUNPHARMA,,,1015,1023.35,1010.5,1016.85,1567316,1594105703.25
2023-01-10,SUNPHARMA,,,1016,1024,1010.05,1011.85,1607654,1634714071.8
2023-01-11,SUNPHARMA,,,1012,1033.05,1008.35,1028,3258157,3336979686.25
2023-01-12,SUNPHARMA,,,1031.95,1035.45,1021.15,1032.85,1641398,1687947431.65
2023-01-13,SUNPHARMA,,,1031.15,1035,1020.15,1031.6,1491367,1534713373.4
2023-01-16,SUNPHARMA,,,1031.6,1039.5,1026.1,1035.45,1437532,1486130739.85
2023-01-17,SUNPHARMA,,,1035.45,1036,1026.8,1032.7,1245848,1284339974.25
2023-01-18,SUNPHARMA,,,1032.7,1041.5,1030.15,1040.1,1238451,1284215816
2023-01-19,SUNPHARMA,,,1038.1,1044,1036,1040.55,824263,857555579.5
2023-01-20,SUNPHARMA,,,1044.05,1047.5,1016.85,1030.35,2963571,3049530869.9
2023-01-23,SUNPHARMA,,,1035,1054.9,1022.5,1049.3,2106604,2202226115.05
2023-01-24,SUNPHARMA,,,1050,1050.95,1034.55,1040.7,2088556,2173381850.05
2023-01-25,SUNPHARMA,,,1030.3,1045.65,1030.3,1040.05,1753333,1818086719.5
2023-01-27,SUNPHARMA,,,1044.95,1051,1034,1043.4,3448013,3592574126.65
2023-01-30,SUNPHARMA,,,1041.95,1072.15,1040.2,1051.7,3320916,3505585712.65
2023-01-31,SUNPHARMA,,,1055,1060.3,1026.05,1034.5,5265462,5459193190.45
2023-02-01,SUNPHARMA,,,1036.45,1043.95,1005.1,1014.9,4717887,4781808031.3
2023-02-02,SUNPHARMA,,,1009.95,1015.7,993,1007.6,2117181,2126792888
2023-02-03,SUNPHARMA,,,1007,1032.45,1001.65,1028.15,2332076,2376975684.7
2023-02-06,SUNPHARMA,,,1020,1025.95,1012.75,1023.35,1215157,1238704755.85
2023-02-07,SUNPHARMA,,,1026.25,1028.5,1002,1006.4,2360600,2380862859.2
2023-02-08,SUNPHARMA,,,1004.8,1016.9,997.4,1013,1815142,1826882467.2
2023-02-09,SUNPHARMA,,,1003,1021.2,1001.4,1006.8,1474402,1487037563.05
2023-02-10,SUNPHARMA,,,1006.8,1014.35,996.7,1006.6,1530150,1536097726.8
2023-02-13,SUNPHARMA,,,1008.25,1017.35,1002,1015.25,1355766,1370890955.4
2023-02-14,SUNPHARMA,,,1018,1018.05,1003.25,1006.75,1832842,1847056702.9
2023-02-15,SUNPHARMA,,,1002,1006.4,990.55,995.4,2251350,2244151608.95
2023-02-16,SUNPHARMA,,,998.9,1010,991.2,995.15,1678410,1678570146.65
2023-02-17,SUNPHARMA,,,992.2,996.5,982,984.5,1847026,1827757013.35
2023-02-20,SUNPHARMA,,,990.15,991.65,974.95,984.4,2157871,2122136783.5
2023-02-21,SUNPHARMA,,,990,990.8,969.15,971.6,1771813,1729006961.15
2023-02-22,SUNPHARMA,,,971.55,978,966,968.55,2605147,2531868459.45
2023-02-23,SUNPHARMA,,,973,977.25,964.05,972.5,2835983,2754934206.3
2023-02-24,SUNPHARMA,,,970.6,983.35,963.7,970.5,1823835,1774060168.2
2023-02-27,SUNPHARMA,,,970.5,972.55,960.05,965.05,1548675,1495769223.8
2023-02-28,SUNPHARMA,,,969,976,954,956.6,3819644,3675419716.7
2023-03-01,SUNPHARMA,,,951,966.05,951,959.3,1862513,1789724304.45
2023-03-02,SUNPHARMA,,,960,967,951.1,965.3,1510195,1450173381.15
2023-03-03,SUNPHARMA,,,967.05,969.75,958.15,966.9,2215832,2137651988.35
2023-03-06,SUNPHARMA,,,970,979.5,963.8,965.25,1989152,1932014281.2
2023-03-08,SUNPHARMA,,,960,965,947,957.5,4734482,4509757569.95
2023-03-09,SUNPHARMA,,,957.5,959.4,947.15,952.7,2994556,2848571556.5
2023-03-10,SUNPHARMA,,,946.5,957.5,946.1,955.55,2001392,1904461088.9
2023-03-13,SUNPHARMA,,,955.1,959.9,947.55,954.1,1412106,1346469654.1
2023-03-14,SUNPHARMA,,,953.5,963.75,950.3,957.2,1879695,1802412819.2
2023-03-15,SUNPHARMA,,,952,964.9,949.35,951.4,2189113,2090946252.6
2023-03-16,SUNPHARMA,,,955.25,970,951.7,967.4,2228093,2148814484.9
2023-03-17,SUNPHARMA,,,968.55,968.7,952.75,957.7,2218687,2127550876.65
2023-03-20,SUNPHARMA,,,950,962.65,947.35,961.2,1955757,1867130019.5
2023-03-21,SUNPHARMA,,,965,965,953.25,956.2,1687239,1616423750.9
2023-03-22,SUNPHARMA,,,957,974.4,956.6,972.05,1626129,1569572053.8
2023-03-23,SUNPHARMA,,,975,982.95,972,977.65,1857923,1817981219.45
2023-03-24,SUNPHARMA,,,977.6,979,968,972.85,1534322,1494288345.25
2023-03-27,SUNPHARMA,,,980,990.95,963,983.45,2473222,2431239232.85
2023-03-28,SUNPHARMA,,,987,987.8,976.3,984.2,1394675,1369024857.8
2023-03-29,SUNPHARMA,,,985.65,996.5,979,991.9,3045795,3009185891.5
2023-03-31,SUNPHARMA,,,995.2,995.2,981.4,983.1,1822710,1796644768.8
2023-04-03,SUNPHARMA,,,981,988,976.2,979.05,1671570,1637904001
2023-04-05,SUNPHARMA,,,985,999,975.3,997.15,1544121,1525238632.45
2023-04-06,SUNPHARMA,,,997.15,1014,993.4,1012.1,1423990,1434652060.2
2023-04-10,SUNPHARMA,,,1015,1016.95,1006.65,1008.6,1110974,1123570962.35
2023-04-11,SUNPHARMA,,,1008.6,1022.25,1007.55,1009.25,1786844,1812468160.55
2023-04-12,SUNPHARMA,,,1015.5,1020.2,1005.25,1016.7,3246327,3284217789
2023-04-13,SUNPHARMA,,,1022.3,1023.85,1002,1003.5,1445693,1455992867.7
2023-04-17,SUNPHARMA,,,999.45,1009.9,995.05,998.7,1768817,1768240346.5
2023-04-18,SUNPHARMA,,,999,1006.25,988.3,1004.8,1217390,1213530740.9
2023-04-19,SUNPHARMA,,,1003.5,1009.4,993,995.5,2174563,2173660398.65
2023-04-20,SUNPHARMA,,,999.1,1002.1,983.75,987.75,1638094,1623191706.9
2023-04-21,SUNPHARMA,,,994.3,994.3,984.95,989.45,1216575,1203387148.6
2023-04-24,SUNPHARMA,,,975,982.5,959.25,979.15,3485350,3378165387.2
2023-04-25,SUNPHARMA,,,980,982.9,967,972.5,2377746,2312832100.4
2023-04-26,SUNPHARMA,,,975.8,976.8,963.2,971.25,2911028,2816425935.3
2023-04-27,SUNPHARMA,,,968,981.6,963.55,978.7,2777173,2689356030.45
2023-04-28,SUNPHARMA,,,984.95,992.5,979.15,987.65,2009995,1986284361
2023-05-02,SUNPHARMA,,,987.65,988.9,970.3,973.05,3152556,3077529337.95
2023-05-03,SUNPHARMA,,,970.5,972.4,959.5,963.6,3087472,2979469945.2
2023-05-04,SUNPHARMA,,,967.65,975.9,965.15,974,1197830,1163338179.1
2023-05-05,SUNPHARMA,,,974,977.25,967.85,970.45,1062645,1033104234.7
2023-05-08,SUNPHARMA,,,962,969,961,961.85,2676958,2581882515.2
2023-05-09,SUNPHARMA,,,961.9,966.85,949.5,957.45,6902170,6582958419.35
2023-05-10,SUNPHARMA,,,957,959.95,951.6,953.8,2180917,2080841547.95
2023-05-11,SUNPHARMA,,,953.8,963.9,952,961.05,1296607,1242851614.1
2023-05-12,SUNPHARMA,,,961,963.1,952,956,2014927,1929729971.85
2023-05-15,SUNPHARMA,,,953,955.75,948.05,953,1814239,1726871573.1
2023-05-16,SUNPHARMA,,,953,962.55,938,940.95,2625163,2490473944.3
2023-05-17,SUNPHARMA,,,941.25,945.3,928.85,935.95,2956985,2769237987.25
2023-05-18,SUNPHARMA,,,943,943,922.45,929.65,3014019,2799563874.4
2023-05-19,SUNPHARMA,,,932,934.4,924.3,925.85,1309343,1212736699.15
2023-05-22,SUNPHARMA,,,925.85,942.75,922.85,937.45,1382485,1296824080.7
2023-05-23,SUNPHARMA,,,937.5,956.2,929.1,931.6,3057684,2863843773.85
2023-05-24,SUNPHARMA,,,935.5,954.8,932.6,952.15,2953574,2792427398.1
2023-05-25,SUNPHARMA,,,949.7,951.7,942.7,945,2331464,2204164442.1
2023-05-26,SUNPHARMA,,,943.95,976.7,937,969.9,4137189,3967651622.65
2023-05-29,SUNPHARMA,,,969.95,973.25,946.4,968.45,5344765,5121168398.3
2023-05-30,SUNPHARMA,,,965,967.45,956.3,959.6,2624815,2521672254.65
2023-05-31,SUNPHARMA,,,965,979.3,960.75,975.35,5595631,5450034758.05
2023-06-01,SUNPHARMA,,,979.8,990.45,975,987.7,3261906,3208253096.7
2023-06-02,SUNPHARMA,,,986.55,1003.7,981,999.6,3734815,3714466000.05
2023-06-05,SUNPHARMA,,,1005.35,1017.7,998.5,1008.75,3629780,3669377509.35
2023-06-06,SUNPHARMA,,,1008.9,1015.95,1004,1013.8,1632644,1650717817.1
2023-06-07,SUNPHARMA,,,1015,1017.5,1010,1014.6,1608613,1630582456.75
2023-06-08,SUNPHARMA,,,1015,1016,983.25,987,3395935,3375678155.75
2023-06-09,SUNPHARMA,,,984,990.7,981,983.95,2306206,2272027937.9
2023-06-12,SUNPHARMA,,,987.9,989.9,981.05,985.45,593319,584563371.15
2023-06-13,SUNPHARMA,,,990,996,985.55,988.1,2413311,2391116073.3
2023-06-14,SUNPHARMA,,,991.6,995,984.25,986.7,2139387,2117697465.75
2023-06-15,SUNPHARMA,,,988.5,994.8,985.7,988.4,2731724,2702648558.05
2023-06-16,SUNPHARMA,,,990,994.65,987.2,992,3611214,3577601431.35
2023-06-19,SUNPHARMA,,,995.15,1006.7,993.75,1001.8,1327862,1330165553.05
2023-06-20,SUNPHARMA,,,1007.65,1007.75,989.6,991.95,1445688,1436923770.45
2023-06-21,SUNPHARMA,,,991.95,993.85,983.6,991.9,1396686,1382104001.2
2023-06-22,SUNPHARMA,,,987.1,996.2,987.1,990.3,5384143,5340885927.9
2023-06-23,SUNPHARMA,,,994,995.95,977.3,991.45,1218237,1202692181.1
2023-06-26,SUNPHARMA,,,994,1003.8,991.45,994.95,2066932,2059796444.35
2023-06-27,SUNPHARMA,,,999.95,1003.35,986,1001.8,4647465,4615460914.05
2023-06-28,SUNPHARMA,,,995,1025.55,995,1021.8,5296330,5377234615.75
2023-06-30,SUNPHARMA,,,1021.75,1055,1020.05,1051.6,4765060,4979659397.95
2023-07-03,SUNPHARMA,,,1053,1053.65,1030,1032.7,2338356,2431335868.45
2023-07-04,SUNPHARMA,,,1040,1053.9,1029.9,1048.8,1549174,1609566277.7
2023-07-05,SUNPHARMA,,,1055,1057.7,1042.65,1044.7,1840716,1929576100.95
2023-07-06,SUNPHARMA,,,1040,1056.6,1040,1042.5,2551103,2672899523.1
2023-07-07,SUNPHARMA,,,1033.5,1051.2,1028.75,1035.7,1721224,1790949429.7
2023-07-10,SUNPHARMA,,,1036,1051,1031.1,1045,1221769,1275299205.6
2023-07-11,SUNPHARMA,,,1052,1074.75,1049.05,1072.25,4369937,4658058891.3
2023-07-12,SUNPHARMA,,,1075,1083.75,1070,1078.75,5088473,5487950769.15
2023-07-13,SUNPHARMA,,,1081.9,1081.9,1071.7,1075.65,1541690,1658900421.2
2023-07-14,SUNPHARMA,,,1079.95,1080,1065,1072.95,2641580,2831536417
2023-07-17,SUNPHARMA,,,1073.7,1081.05,1070.5,1077.6,1254025,1349425686.55
2023-07-18,SUNPHARMA,,,1078.45,1078.9,1064.35,1067.15,2238739,2391237890.35
2023-07-19,SUNPHARMA,,,1067.15,1086,1063.85,1081.85,2311282,2488160623.25
2023-07-20,SUNPHARMA,,,1086.05,1104.5,1082.3,1097.65,5218991,5714267633.85
2023-07-21,SUNPHARMA,,,1103.4,1104.2,1090.35,1097.15,1879610,2063317088.8
2023-07-24,SUNPHARMA,,,1094,1107.35,1092.5,1100.4,2130036,2345550219.05
2023-07-25,SUNPHARMA,,,1110,1110,1090.8,1095.05,1702900,1871636134.4
2023-07-26,SUNPHARMA,,,1097.05,1114.4,1094.1,1112,1321572,1464105572
2023-07-27,SUNPHARMA,,,1128,1155.35,1116.3,1134.95,6366612,7231433665.05
2023-07-28,SUNPHARMA,,,1129.95,1143.9,1121.65,1138.55,2677679,3045068647.95
2023-07-31,SUNPHARMA,,,1140,1145,1127,1143.4,1718336,1955673436.4
2023-08-01,SUNPHARMA,,,1143.4,1152.65,1136,1143.45,1448567,1658148242
2023-08-02,SUNPHARMA,,,1143.95,1144.3,1126.45,1135.25,1731918,1963170503.95
2023-08-03,SUNPHARMA,,,1130.25,1169.7,1122.35,1141,8460399,9751283352.85
2023-08-04,SUNPHARMA,,,1129,1145,1121.05,1138.95,3527805,4000658871.55
2023-08-07,SUNPHARMA,,,1138.95,1166.75,1133.5,1160.8,3353219,3884301678.2
2023-08-08,SUNPHARMA,,,1162.2,1164.6,1139.95,1148.65,3073468,3533758110.7
2023-08-09,SUNPHARMA,,,1151.15,1159.3,1140.3,1152.8,1306791,1501883301.55
2023-08-10,SUNPHARMA,,,1150.6,1157.9,1143.6,1150.3,1443067,1659121214.4
2023-08-11,SUNPHARMA,,,1150.05,1151,1130.5,1132.35,1756630,1994115251.1
2023-08-14,SUNPHARMA,,,1131,1142,1120.5,1134.25,1824622,2070923487.1
2023-08-16,SUNPHARMA,,,1134.95,1145.5,1121.85,1143.65,1224080,1392819724.55
2023-08-17,SUNPHARMA,,,1143.65,1148.95,1137.5,1144.8,1964341,2246722817.25
2023-08-18,SUNPHARMA,,,1141,1149.3,1129,1134.9,1473774,1676298792.65
2023-08-21,SUNPHARMA,,,1129.95,1143.9,1127.15,1137.4,941384,1070804960.45
2023-08-22,SUNPHARMA,,,1135,1147,1130,1137.55,1438879,1636250647.95
2023-08-23,SUNPHARMA,,,1128,1130.45,1110.6,1123.7,3050418,3424499322.1
2023-08-24,SUNPHARMA,,,1123.6,1133.1,1113.2,1118.3,1575291,1769908734.15
2023-08-25,SUNPHARMA,,,1118,1123.3,1100.25,1106.3,1515282,1681285457
2023-08-28,SUNPHARMA,,,1110.05,1124.15,1105.15,1117,1959645,2189075881.1
2023-08-29,SUNPHARMA,,,1125.05,1125.05,1106.45,1111.6,1749707,1949782547.65
2023-08-30,SUNPHARMA,,,1117.5,1119.15,1110.5,1114.9,1543173,1719751218.55
2023-08-31,SUNPHARMA,,,1118.85,1118.85,1101.7,1111.6,4782404,5307157221.7
2023-09-01,SUNPHARMA,,,1112,1117.5,1105.75,1109,2715249,3012708790.8
2023-09-04,SUNPHARMA,,,1114,1114,1102,1108.9,1205294,1333239802.5
2023-09-05,SUNPHARMA,,,1110,1136,1107.2,1131.9,1698118,1912997064.85
2023-09-06,SUNPHARMA,,,1137,1149,1129.05,1142.35,2960249,3378573966
2023-09-07,SUNPHARMA,,,1140,1141.45,1128.6,1133.05,1863837,2111326291.75
2023-09-08,SUNPHARMA,,,1133,1138.05,1128.5,1130.45,1789037,2025138786.2
2023-09-11,SUNPHARMA,,,1130.45,1140,1125.7,1136.9,2032253,2300564482.55
2023-09-12,SUNPHARMA,,,1142.05,1153.8,1137.1,1145.25,3989578,4576336815.75
2023-09-13,SUNPHARMA,,,1149,1156.7,1142.3,1148.75,2115524,2431896795
2023-09-14,SUNPHARMA,,,1148.75,1150.9,1138.75,1143.8,2065163,2362550392.45
2023-09-15,SUNPHARMA,,,1144,1153.8,1144,1149.8,2404169,2764500082.9
2023-09-18,SUNPHARMA,,,1149,1157,1142.55,1147.65,962842,1105664937.85
2023-09-20,SUNPHARMA,,,1148,1156,1139,1153.15,2303191,2654318935.5
2023-09-21,SUNPHARMA,,,1149,1156.95,1141.15,1146.15,2088934,2397619812.25
2023-09-22,SUNPHARMA,,,1142.5,1148,1128.3,1132.35,1585418,1796215410.45
2023-09-25,SUNPHARMA,,,1126.2,1136.8,1121.65,1124.05,1009279,1136975947.15
2023-09-26,SUNPHARMA,,,1125,1130,1118.5,1125.85,1966198,2209136674.65
2023-09-27,SUNPHARMA,,,1126.15,1145.9,1123.2,1139.95,2332018,2651642676.3
2023-09-28,SUNPHARMA,,,1142.95,1152,1128.85,1132.3,2685663,3069600661.95
2023-09-29,SUNPHARMA,,,1134.3,1167.4,1134.3,1158.65,2288577,2654000609.4
2023-10-03,SUNPHARMA,,,1159.55,1161.95,1139.25,1141.45,1946966,2231978422.55
2023-10-04,SUNPHARMA,,,1138.1,1139,1113,1123.8,1803871,2024497036.65
2023-10-05,SUNPHARMA,,,1124.65,1128.65,1111.8,1119.1,2348562,2626369646.5
2023-10-06,SUNPHARMA,,,1128,1132.15,1123.1,1127.3,1056281,1191596873.15
2023-10-09,SUNPHARMA,,,1111,1133.8,1109,1123.05,1080276,1214424086.9
2023-10-10,SUNPHARMA,,,1122,1130.4,1119.8,1126.5,1092093,1228814505.95
2023-10-11,SUNPHARMA,,,1128,1134.45,1122.35,1128.75,1456045,1642145653.25
2023-10-12,SUNPHARMA,,,1129,1132.55,1121.2,1130.4,1221965,1377816360.6
2023-10-13,SUNPHARMA,,,1126.1,1147.2,1122,1145.3,1934884,2202639146.15
2023-10-16,SUNPHARMA,,,1141.5,1147.25,1133.05,1135.3,1144308,1303983103.2
2023-10-17,SUNPHARMA,,,1138.65,1144,1134,1136.8,798807,910188783.7
2023-10-18,SUNPHARMA,,,1137,1161.8,1134.05,1153.4,2178517,2512330266.1
2023-10-19,SUNPHARMA,,,1147.4,1150,1135,1141.5,1765065,2019669976.15
2023-10-20,SUNPHARMA,,,1138,1145,1133.1,1142.2,957910,1093431855.9
2023-10-23,SUNPHARMA,,,1135,1149.2,1118,1122.45,702730,795005864.7
2023-10-25,SUNPHARMA,,,1125,1129.7,1112.8,1120.3,1800673,2017129899.45
2023-10-26,SUNPHARMA,,,1115.95,1117.95,1097.5,1103.7,2223975,2455732208.75
2023-10-27,SUNPHARMA,,,1112,1119.8,1107.65,1111.3,1250965,1393052154.35
2023-10-30,SUNPHARMA,,,1115.7,1119.95,1103.85,1115.2,1078813,1200250431.85
2023-10-31,SUNPHARMA,,,1119.45,1119.6,1068.35,1088.6,6475786,7028558734.1
2023-11-01,SUNPHARMA,,,1092,1132.55,1082.6,1116.2,3973264,4398866706.9
2023-11-02,SUNPHARMA,,,1127.85,1137.55,1110.6,1132.85,3454692,3899066103.85
2023-11-03,SUNPHARMA,,,1138.5,1145.7,1131.5,1141.1,1741756,1990281064.85
2023-11-06,SUNPHARMA,,,1140.1,1151,1140,1150,1428537,1640134834.1
2023-11-07,SUNPHARMA,,,1149,1173.55,1146.55,1170.95,1811831,2111659196.7
2023-11-08,SUNPHARMA,,,1175,1182.9,1171,1176.7,1702301,2005108412.95
2023-11-09,SUNPHARMA,,,1181,1183.25,1166.85,1176.2,1849169,2176919817.8
2023-11-10,SUNPHARMA,,,1174.05,1181.5,1170.1,1179.35,957539,1128208335.65
2023-11-13,SUNPHARMA,,,1180.1,1187.55,1173.75,1177.8,816825,964148694.85
2023-11-15,SUNPHARMA,,,1179.5,1184.4,1171,1180.9,2246320,2645035851.55
2023-11-16,SUNPHARMA,,,1182,1194.9,1179.6,1189.55,2205723,2623610590.85
2023-11-17,SUNPHARMA,,,1189.8,1198.4,1187.95,1194.6,891965,1065208418.75
2023-11-20,SUNPHARMA,,,1196,1198.25,1185.25,1188,1054810,1256126068.35
2023-11-21,SUNPHARMA,,,1189,1205,1186.25,1201.4,999135,1197419902.8
2023-11-22,SUNPHARMA,,,1205,1214.8,1199,1204.1,1401782,1691883945.4
2023-11-23,SUNPHARMA,,,1203.55,1209.9,1194.75,1198.8,1177434,1413885941.7
2023-11-24,SUNPHARMA,,,1200,1209.6,1192.8,1195.45,1376695,1650350494.7
2023-11-28,SUNPHARMA,,,1197.15,1200.35,1189.75,1191.35,886708,1057397506.55
2023-11-29,SUNPHARMA,,,1191.95,1209.5,1184.5,1202.2,1813462,2171026110.35
2023-11-30,SUNPHARMA,,,1192.35,1231.15,1192.35,1225.85,4672807,5691224751.25
2023-12-01,SUNPHARMA,,,1233.05,1241.85,1225,1231.25,1749751,2155645442.15
2023-12-04,SUNPHARMA,,,1237.25,1240,1220.5,1231.15,1615837,1985699926.35
2023-12-05,SUNPHARMA,,,1225.9,1243.6,1220.55,1239.55,930042,1147985496.8
2023-12-06,SUNPHARMA,,,1248.55,1258,1233.3,1240.35,1704590,2122504763.15
2023-12-07,SUNPHARMA,,,1231,1241.9,1228.9,1239.3,1478355,1825922370.5
2023-12-08,SUNPHARMA,,,1236.05,1247.6,1230.65,1235.8,1612113,1997155518.75
2023-12-11,SUNPHARMA,,,1236,1246.35,1215.1,1241.4,1172972,1449320748.2
2023-12-12,SUNPHARMA,,,1249,1250,1212.65,1218,2832873,3473077235.5
2023-12-13,SUNPHARMA,,,1218.3,1239.6,1212.65,1233.1,2448178,2993454444.25
2023-12-14,SUNPHARMA,,,1239,1239.9,1224.25,1231.3,2341190,2883678714.9
2023-12-15,SUNPHARMA,,,1241,1246.5,1233,1235.75,3474624,4304734635
2023-12-18,SUNPHARMA,,,1235.75,1267.9,1234,1252.75,2135393,2685751178.95
2023-12-19,SUNPHARMA,,,1264.8,1267.95,1236.5,1244.95,2187458,2726923923.95
2023-12-20,SUNPHARMA,,,1255,1255,1228.45,1232.15,1837031,2273933054.85
2023-12-21,SUNPHARMA,,,1224.1,1237.95,1208.55,1233.5,1916222,2348343439.85
2023-12-22,SUNPHARMA,,,1240,1251,1236.05,1243.65,2058127,2559751216.6
2023-12-26,SUNPHARMA,,,1243.65,1250,1239.3,1247.5,1796483,2240354001.55
2023-12-27,SUNPHARMA,,,1250,1255.4,1241.25,1252.45,2005268,2504904711
2023-12-28,SUNPHARMA,,,1254.95,1264.65,1249.55,1262.15,2043365,2572211499.3
2023-12-29,SUNPHARMA,,,1262.1,1271.95,1252.55,1259.45,1840160,2317280899.5
2024-01-01,SUNPHARMA,,,1261,1263.95,1252.5,1260.25,733452,922806686.1
2024-01-02,SUNPHARMA,,,1261,1299,1257.15,1296.2,3174447,4092469314.75
2024-01-03,SUNPHARMA,,,1296.2,1304.65,1291.15,1298.6,1699057,2206220757.15
2024-01-04,SUNPHARMA,,,1304,1328.5,1297.05,1312.95,2851729,3755637988.7
2024-01-05,SUNPHARMA,,,1318,1318,1287,1300.2,2960339,3834020051.65
2024-01-08,SUNPHARMA,,,1305.4,1309.95,1299.3,1305.3,1678133,2187939140.2
2024-01-09,SUNPHARMA,,,1314.95,1333.45,1306.85,1324,1712486,2265378028.95
2024-01-10,SUNPHARMA,,,1330.05,1333.5,1313.15,1324.85,1278475,1689099155.3
2024-01-11,SUNPHARMA,,,1328,1331.9,1310.2,1316.25,1320281,1743338363.65
2024-01-12,SUNPHARMA,,,1319,1330,1305.55,1325.95,1538242,2032786521.55
2024-01-15,SUNPHARMA,,,1329.2,1340,1321.6,1329.35,1475983,1966137018.55
2024-01-16,SUNPHARMA,,,1330.05,1331.55,1307.55,1313.45,824502,1084049208.85
2024-01-17,SUNPHARMA,,,1312,1320.45,1294.35,1299,2544642,3306551008.75
2024-01-18,SUNPHARMA,,,1298.95,1343.4,1290,1335.75,2842572,3762388482.5
2024-01-19,SUNPHARMA,,,1340,1344.4,1329.15,1335.6,1605745,2144512852
2024-01-20,SUNPHARMA,,,1339,1346.35,1324.25,1326.15,284105,378640648.6
2024-01-23,SUNPHARMA,,,1316,1394.6,1316,1378.3,4129729,5670980431.15
2024-01-24,SUNPHARMA,,,1380,1390,1360.35,1382.1,1719845,2372101167.6
2024-01-25,SUNPHARMA,,,1383.55,1390.1,1348.5,1368.3,1870910,2553855496.45
2024-01-29,SUNPHARMA,,,1365,1420.85,1355.2,1400.85,3413149,4797198118.55
2024-01-30,SUNPHARMA,,,1401.9,1409.2,1369.15,1371.75,1935332,2674264243.65
2024-01-31,SUNPHARMA,,,1371.7,1438.9,1366.9,1418.45,5796356,8211437492
2024-02-01,SUNPHARMA,,,1427,1430.45,1398.9,1407.95,2442481,3452670391.3
2024-02-02,SUNPHARMA,,,1409,1433.85,1405.15,1416.65,1775449,2518374199.1
2024-02-05,SUNPHARMA,,,1426.8,1466,1423.6,1463.8,3481964,5066357228.35
2024-02-06,SUNPHARMA,,,1450,1478,1446.55,1475.1,1893995,2782441117.75
2024-02-07,SUNPHARMA,,,1483,1500.45,1480.4,1496.2,2259235,3373762310.7
2024-02-08,SUNPHARMA,,,1501.05,1507.5,1485.35,1499.6,2213750,3316050608.9
2024-02-09,SUNPHARMA,,,1500.9,1539,1492.25,1534.8,6343881,9666267109.6
2024-02-12,SUNPHARMA,,,1539.85,1555.1,1521.1,1534.45,4059288,6246236070.25
2024-02-13,SUNPHARMA,,,1537.5,1551,1525.45,1542.2,4687838,7226750567.3
2024-02-14,SUNPHARMA,,,1545.8,1545.8,1508.05,1520.4,2105672,3201166933.95
2024-02-15,SUNPHARMA,,,1529.05,1529.05,1505.55,1509.9,2161691,3266247256.6
2024-02-16,SUNPHARMA,,,1515,1522,1504.85,1509.95,3480879,5262902002.05
2024-02-19,SUNPHARMA,,,1514.85,1532.75,1507.4,1530.1,777823,1185575242.4
2024-02-20,SUNPHARMA,,,1532,1542,1512.25,1538.7,2230669,3408811809.8
2024-02-21,SUNPHARMA,,,1540.05,1549.5,1533,1543.4,1993748,3076107428.8
2024-02-22,SUNPHARMA,,,1549.6,1561,1535,1558.05,1981678,3071377687.7
2024-02-23,SUNPHARMA,,,1558,1568.45,1550.4,1561.25,1340283,2095211158.2
2024-02-26,SUNPHARMA,,,1562,1566.9,1548.7,1556.95,974892,1517660277.05
2024-02-27,SUNPHARMA,,,1556.75,1585.45,1549.05,1582.75,2140963,3368268888.55
2024-02-28,SUNPHARMA,,,1586.5,1587.45,1562.65,1573.85,578316,909150492.85
2024-02-29,SUNPHARMA,,,1575,1587.8,1556.5,1577.95,2350244,3697373925.2
2024-03-01,SUNPHARMA,,,1580,1581.9,1548.05,1559.25,4069161,6365234990.65
2024-03-04,SUNPHARMA,,,1550.55,1569.1,1548.9,1552.1,2298105,3587600027.6
2024-03-05,SUNPHARMA,,,1553.8,1576.4,1535.4,1574.2,1408172,2195923174.65
2024-03-06,SUNPHARMA,,,1575,1606.75,1566.4,1604,1761032,2802710947.6
2024-03-07,SUNPHARMA,,,1610.75,1619.95,1600.4,1605.7,2440999,3929060597
2024-03-11,SUNPHARMA,,,1615.15,1627,1586.4,1593.6,2994345,4810458256.4
2024-03-12,SUNPHARMA,,,1592.2,1603.8,1580.15,1584.3,1294598,2061250746.05
2024-03-13,SUNPHARMA,,,1581.2,1592.2,1544,1558.6,2881503,4491476203.05
2024-03-14,SUNPHARMA,,,1567.25,1574.3,1546.25,1570.2,3062556,4778675264.55
2024-03-15,SUNPHARMA,,,1568.75,1573.5,1541.2,1548.2,3421374,5301993625.75
2024-03-18,SUNPHARMA,,,1548.25,1576.25,1543.45,1571.25,2281873,3562247609.1
2024-03-19,SUNPHARMA,,,1574,1579.75,1540.4,1548.45,3692624,5768045234.8
2024-03-20,SUNPHARMA,,,1559.95,1559.95,1520.5,1549.35,3412218,5265598658.25
2024-03-21,SUNPHARMA,,,1564.8,1570.85,1542.55,1565.2,2567975,4009774599.2
2024-03-22,SUNPHARMA,,,1568.9,1621,1566.1,1608.9,4941447,7913561022.25
2024-03-26,SUNPHARMA,,,1595.05,1614.7,1593.1,1598.1,3649049,5845965319.15
2024-03-27,SUNPHARMA,,,1602,1626.15,1592.1,1604.15,2530169,4068239375.95
2024-03-28,SUNPHARMA,,,1609.95,1634,1607.95,1620.55,4427587,7187919954.9
2024-04-01,SUNPHARMA,,,1631.6,1633.75,1618.5,1629.25,1148498,1868964658.85
2024-04-02,SUNPHARMA,,,1629.25,1633,1609.9,1622.25,1921533,3113391620.2
2024-04-03,SUNPHARMA,,,1609,1628.95,1594.2,1619.85,2098379,3390948673.8
2024-04-04,SUNPHARMA,,,1620.9,1628,1587.15,1619.35,2439461,3930859108.7
2024-04-05,SUNPHARMA,,,1611,1638.85,1606.1,1609,1548980,2508887730.75
2024-04-08,SUNPHARMA,,,1611,1618.9,1597,1599.7,1170390,1878302875.5
2024-04-09,SUNPHARMA,,,1601,1608.85,1591.95,1602.55,1389391,2224096447.1
2024-04-10,SUNPHARMA,,,1603.05,1608.5,1583.75,1604.05,1928878,3078773254.1
2024-04-12,SUNPHARMA,,,1595,1595,1534,1540,8258068,12832400935.5
2024-04-15,SUNPHARMA,,,1517.6,1544.1,1503.8,1540.05,2474028,3784299926.85
2024-04-16,SUNPHARMA,,,1535,1543.3,1525.15,1537.55,2058697,3156743208.2
2024-04-18,SUNPHARMA,,,1545.55,1545.55,1506.45,1516.4,3266796,4987741435.65
2024-04-19,SUNPHARMA,,,1505,1528.3,1503.7,1522.8,2536516,3842988704.3
2024-04-22,SUNPHARMA,,,1528.45,1548,1521.95,1540.1,1680307,2575940825
2024-04-23,SUNPHARMA,,,1562,1562.45,1477.7,1484.65,9160422,13691643198.25
2024-04-24,SUNPHARMA,,,1484.65,1503,1479.35,1485.75,4652803,6934830346.55
2024-04-25,SUNPHARMA,,,1490,1527.3,1488.65,1520.15,3846327,5813867991
2024-04-26,SUNPHARMA,,,1531,1532,1500.05,1506.55,1794350,2706817601.05
2024-04-29,SUNPHARMA,,,1516,1527.8,1510.05,1521.6,1091667,1661010858.6
2024-04-30,SUNPHARMA,,,1527,1529.15,1497,1502.1,1991646,3008814733.75
2024-05-02,SUNPHARMA,,,1503,1530,1502,1519,2494925,3795927808.35
2024-05-03,SUNPHARMA,,,1527,1537,1501.5,1511.15,3183226,4822356300.4
2024-05-06,SUNPHARMA,,,1518,1534,1508.75,1529.15,1240626,1893419632.05
2024-05-07,SUNPHARMA,,,1535.95,1543.15,1510.1,1515.35,1532550,2338471832.3
2024-05-08,SUNPHARMA,,,1510,1525.8,1502.25,1521.75,1026357,1558719428.5
2024-05-09,SUNPHARMA,,,1521.2,1529.95,1489.8,1494.65,1477007,2220185917.65
2024-05-10,SUNPHARMA,,,1494.65,1526.45,1491,1506.55,1528487,2303922244.05
2024-05-13,SUNPHARMA,,,1513,1530,1502,1525.05,1628326,2467346859.1
2024-05-14,SUNPHARMA,,,1525,1547.95,1516.05,1545.25,2206236,3396858379.25
2024-05-15,SUNPHARMA,,,1545.25,1550.25,1520.35,1527.4,1207536,1844706466.75
2024-05-16,SUNPHARMA,,,1529,1541.15,1508.3,1536.3,2684392,4089766702.8
2024-05-17,SUNPHARMA,,,1536,1537.3,1520.15,1531.4,1341676,2054135699
2024-05-21,SUNPHARMA,,,1530,1558.3,1524,1540.95,1791791,2762006768.4
2024-05-22,SUNPHARMA,,,1547,1564,1505.4,1539.3,3948239,6033247662.15
2024-05-23,SUNPHARMA,,,1510,1510,1467,1495.1,11618479,17262097838.55
2024-05-24,SUNPHARMA,,,1504,1505.7,1477.1,1486.7,5307322,7891234458.4
2024-05-27,SUNPHARMA,,,1486.7,1501,1460.55,1466.05,3474806,5130128725.2
2024-05-28,SUNPHARMA,,,1468.95,1479.1,1455.95,1464.9,2616438,3834711517.3
2024-05-29,SUNPHARMA,,,1468.1,1495,1465.65,1478.95,2843365,4211311106.55
2024-05-30,SUNPHARMA,,,1476,1477.4,1449.5,1459.1,3133423,4574860466.2
2024-05-31,SUNPHARMA,,,1465,1479.4,1440,1459.8,5503924,8013526357.25
2024-06-03,SUNPHARMA,,,1496.5,1498,1451,1453.05,1855318,2716748904.9
2024-06-04,SUNPHARMA,,,1461.6,1476.3,1377.2,1429.85,5055952,7290494008.45
2024-06-05,SUNPHARMA,,,1449.7,1490,1432,1487.3,2487724,3672591073.05
2024-06-06,SUNPHARMA,,,1494,1494,1455.05,1472.7,3004955,4408890433.5
2024-06-07,SUNPHARMA,,,1479.9,1510.1,1472.15,1506.85,3404664,5100495605.75
2024-06-10,SUNPHARMA,,,1519,1521.7,1505.1,1513.1,1433942,2170578866.8
2024-06-11,SUNPHARMA,,,1524,1525,1497.35,1499.75,1441589,2172604680.1
2024-06-12,SUNPHARMA,,,1500,1514.55,1495.85,1506.85,994784,1499741290.5
2024-06-13,SUNPHARMA,,,1514.6,1514.6,1498,1510.8,1412477,2129133008.7
2024-06-14,SUNPHARMA,,,1513.85,1518,1505.55,1516,937490,1419681026.15
2024-06-18,SUNPHARMA,,,1522.6,1522.85,1510.2,1520.95,1478241,2243541300.6
2024-06-19,SUNPHARMA,,,1524.95,1529.85,1500,1504,1537367,2327016599.2
2024-06-20,SUNPHARMA,,,1487.95,1487.95,1467,1471,4168375,6150820394.75
2024-06-21,SUNPHARMA,,,1480.1,1488,1460.9,1467.25,4426556,6516752630.25
2024-06-24,SUNPHARMA,,,1475.05,1502.9,1475.05,1494.5,3726155,5564284348.55
2024-06-25,SUNPHARMA,,,1498.05,1508,1492.3,1505.2,1833311,2751410848.15
2024-06-26,SUNPHARMA,,,1502,1528.9,1495.25,1521.15,2563493,3872877737.8
2024-06-27,SUNPHARMA,,,1525,1528.05,1505,1516.25,3881458,5876530452.2
2024-06-28,SUNPHARMA,,,1520,1538.95,1515.6,1520.85,2634599,4018388688.8
2024-07-01,SUNPHARMA,,,1520.85,1530,1503.85,1520.1,1451094,2194530179.05
2024-07-02,SUNPHARMA,,,1514,1534.9,1508.25,1524.05,1336816,2036360750.75
2024-07-03,SUNPHARMA,,,1519.35,1536.25,1498.3,1533.95,1061099,1617850209.5
2024-07-04,SUNPHARMA,,,1535,1571,1526,1557.9,2630823,4089795662.35
2024-07-05,SUNPHARMA,,,1562,1574.75,1557,1568.4,2481046,3890216272.35
2024-07-08,SUNPHARMA,,,1570.6,1574.8,1550.95,1556.4,1120204,1747460959.65
2024-07-09,SUNPHARMA,,,1564.8,1589.9,1549.8,1585.4,1492840,2349332346.2
2024-07-10,SUNPHARMA,,,1592.8,1601.15,1567.6,1598.55,1899956,3020520197.05
2024-07-11,SUNPHARMA,,,1601,1602.5,1572.3,1581.75,1707500,2698411683.65
2024-07-12,SUNPHARMA,,,1582,1587.35,1550,1577.3,1426598,2253206891.1
2024-07-15,SUNPHARMA,,,1579.95,1594.7,1577.3,1586.2,832804,1322661234.85
2024-07-16,SUNPHARMA,,,1589,1595,1574.95,1579.3,688481,1089522140.3
2024-07-18,SUNPHARMA,,,1575,1596.6,1570.25,1594.25,1665636,2642621459.05
2024-07-19,SUNPHARMA,,,1584.7,1589.75,1565.15,1568.65,1649335,2598551262.95
2024-07-22,SUNPHARMA,,,1555.05,1589.5,1555.05,1587.35,826636,1308111660.75
2024-07-23,SUNPHARMA,,,1587,1605.65,1574.3,1601.6,1502677,2395293922.3
2024-07-24,SUNPHARMA,,,1602,1624.95,1592,1619.45,2923358,4722858328.9
2024-07-25,SUNPHARMA,,,1614.85,1681.3,1602.2,1665.8,5329712,8761940272.8
2024-07-26,SUNPHARMA,,,1670.45,1723.8,1665,1714.25,4591049,7803131798.95
2024-07-29,SUNPHARMA,,,1715.25,1728.75,1692.75,1723.25,3187339,5448800434.25
2024-07-30,SUNPHARMA,,,1716.1,1725.45,1697,1701.6,1525840,2608647114.5
2024-07-31,SUNPHARMA,,,1702.1,1730.95,1695.2,1719.35,1594881,2739382593.95
2024-08-01,SUNPHARMA,,,1725.5,1746.45,1681.3,1715.2,5258291,9030769809.65
2024-08-02,SUNPHARMA,,,1700,1741.8,1683.85,1731.65,2992406,5152777624
2024-08-05,SUNPHARMA,,,1725,1758,1715,1720.35,5165558,8976109902.35
2024-08-06,SUNPHARMA,,,1725,1734,1703.95,1707.55,1710278,2938825579.85
2024-08-07,SUNPHARMA,,,1720,1736.85,1709.4,1734.45,1922313,3327450519.75
2024-08-08,SUNPHARMA,,,1735,1748.65,1728.35,1737.05,2480113,4312861224.05
2024-08-09,SUNPHARMA,,,1749.8,1749.8,1730.05,1735.3,751683,1306251800.15
2024-08-12,SUNPHARMA,,,1735,1748.5,1730.05,1733.85,1526788,2654416880.15
2024-08-13,SUNPHARMA,,,1740,1751.85,1725.6,1740.1,2076963,3617511597.75
2024-08-14,SUNPHARMA,,,1747.5,1753,1732.6,1741.65,2207250,3844152008.85
2024-08-16,SUNPHARMA,,,1749.6,1751.15,1728.65,1742.75,2180718,3789477118.75
2024-08-19,SUNPHARMA,,,1752.85,1752.85,1740.65,1747.8,1363446,2381278384.95
2024-08-20,SUNPHARMA,,,1751.8,1770.8,1745.15,1766.35,1766597,3109133744.3
2024-08-21,SUNPHARMA,,,1770,1771.95,1757.3,1764.65,1184193,2089172374.3
2024-08-22,SUNPHARMA,,,1769.5,1769.5,1748.4,1750.65,1369554,2404428089.85
2024-08-23,SUNPHARMA,,,1753.75,1781.45,1751.9,1775.75,3515492,6208704018.25
2024-08-26,SUNPHARMA,,,1780,1780,1764.5,1772.45,933372,1654727924.7
2024-08-27,SUNPHARMA,,,1778,1792.6,1767.15,1789.4,1231023,2200743941.8
2024-08-28,SUNPHARMA,,,1796.9,1823,1786.35,1811.85,1768949,3196332228.9
2024-08-29,SUNPHARMA,,,1809.9,1826.85,1790.25,1799.2,3205924,5785475793.5
2024-08-30,SUNPHARMA,,,1798.15,1828.15,1791.3,1821.65,3036374,5524999622.75
2024-09-02,SUNPHARMA,,,1829.95,1837,1805.2,1815.95,1617946,2943861357.2
2024-09-03,SUNPHARMA,,,1820,1839.55,1805.1,1811.5,2148689,3921016821.6
2024-09-04,SUNPHARMA,,,1811.5,1835,1801.3,1832.85,2473477,4506516145.9
2024-09-05,SUNPHARMA,,,1833.2,1843.9,1820,1826.5,1902919,3489211644.7
2024-09-06,SUNPHARMA,,,1819.55,1850,1805,1824.55,1701134,3103294752.6
2024-09-09,SUNPHARMA,,,1824.55,1835.4,1812.85,1821.85,1544883,2811016062.5
2024-09-10,SUNPHARMA,,,1830,1842.25,1825.7,1836.35,1460472,2682152065.25
2024-09-11,SUNPHARMA,,,1836.4,1857.5,1831.1,1845.7,1701900,3147916923.95
2024-09-12,SUNPHARMA,,,1855.15,1871.5,1840.4,1865.4,2744070,5097096736.05
2024-09-13,SUNPHARMA,,,1865,1865,1851.4,1853.75,1322430,2455127939.5
2024-09-16,SUNPHARMA,,,1862,1873.35,1850.9,1862.95,1284085,2392846583.4
2024-09-17,SUNPHARMA,,,1863,1869.65,1859.25,1866.1,738265,1376876340.2
2024-09-18,SUNPHARMA,,,1868,1868,1829.6,1836,1202676,2219407801.7
2024-09-19,SUNPHARMA,,,1845.2,1856,1835,1846.05,1675819,3095293177.15
2024-09-20,SUNPHARMA,,,1851.1,1871,1841.9,1865.75,4229991,7864759127.4
2024-09-23,SUNPHARMA,,,1867,1875,1857.5,1862.7,812520,1514726214.95
2024-09-24,SUNPHARMA,,,1856,1880.65,1856,1868.1,2528953,4725383664.05
2024-09-25,SUNPHARMA,,,1874,1876,1858.55,1870.55,956893,1785202242.85
2024-09-26,SUNPHARMA,,,1870.55,1905,1867.05,1898.4,2452807,4629345317.35
2024-09-27,SUNPHARMA,,,1917.95,1959.3,1915.25,1948.7,3809008,7400205786.3
2024-09-30,SUNPHARMA,,,1949,1960.35,1921.05,1926.7,2608461,5046303429.6
2024-10-01,SUNPHARMA,,,1924.85,1934.75,1902.35,1919.95,1275678,2441353988.5
2024-10-03,SUNPHARMA,,,1900.8,1936.3,1896.05,1910.85,2492195,4777239554.4
2024-10-04,SUNPHARMA,,,1910.85,1952.25,1903.65,1910.05,2798189,5388548381.05
2024-10-07,SUNPHARMA,,,1910.05,1917.95,1888.05,1905.25,1691999,3216696780.4
2024-10-08,SUNPHARMA,,,1904,1921.45,1901.55,1917.15,2309881,4426287502.5
2024-10-09,SUNPHARMA,,,1894.55,1947,1894.5,1930.85,1597182,3086088830.25
2024-10-10,SUNPHARMA,,,1929.6,1937.95,1883.9,1887.75,2383012,4531184550.15
2024-10-11,SUNPHARMA,,,1899,1909.35,1890.5,1901.95,1019117,1938324910.7
2024-10-14,SUNPHARMA,,,1903,1915.75,1895.1,1909.75,676879,1290755502.15
2024-10-15,SUNPHARMA,,,1918,1920.4,1894.65,1898.45,1383203,2629642835.65
2024-10-16,SUNPHARMA,,,1908.95,1914.7,1887,1898.5,1401914,2661500978
2024-10-17,SUNPHARMA,,,1923.55,1923.65,1879.65,1889.55,1447059,2737932701.65
2024-10-18,SUNPHARMA,,,1900,1917.9,1872.7,1910.35,1203693,2295407952.55
2024-10-21,SUNPHARMA,,,1918.8,1920.55,1890.55,1897,660583,1254875544.85
2024-10-22,SUNPHARMA,,,1892,1906,1881,1887.55,1192915,2256028948.7
2024-10-23,SUNPHARMA,,,1880.05,1889.55,1832,1839.35,1673366,3110646999.25
2024-10-24,SUNPHARMA,,,1830,1859.55,1829.45,1848.9,1739776,3212491721.8
2024-10-25,SUNPHARMA,,,1856.8,1875.6,1850.1,1860.4,2148004,4001909368.75
2024-10-28,SUNPHARMA,,,1863.2,1916,1835,1902.9,2445724,4625135412.5
2024-10-29,SUNPHARMA,,,1922,1922.7,1862,1871.6,2295542,4308705464.85
2024-10-30,SUNPHARMA,,,1868.5,1880.9,1820,1852.1,1900203,3515325601.7
2024-10-31,SUNPHARMA,,,1860,1872.5,1842.1,1848.9,2572932,4773906446.05
2024-11-04,SUNPHARMA,,,1845,1845,1760.1,1808.9,5031861,9037890082.4
2024-11-05,SUNPHARMA,,,1805,1833,1799.45,1803.6,1658010,3001225238.5
2024-11-06,SUNPHARMA,,,1815.55,1840,1802.2,1827.45,2060619,3765473420.3
2024-11-07,SUNPHARMA,,,1845,1845,1778.8,1790.95,1909269,3429376546.65
2024-11-08,SUNPHARMA,,,1799.8,1815.05,1790.95,1809.6,1644075,2966102152.7
2024-11-11,SUNPHARMA,,,1817.4,1817.65,1791.95,1794.6,1069649,1928644373.65
2024-11-12,SUNPHARMA,,,1801.9,1825,1795.1,1800.85,2471888,4474103315.95
2024-11-13,SUNPHARMA,,,1791,1797.3,1770.45,1779,1810332,3219935072.2
2024-11-14,SUNPHARMA,,,1779.7,1796,1763.15,1768.2,1473358,2611870667
2024-11-18,SUNPHARMA,,,1799,1799,1743.2,1747.75,1533025,2693353914.25
2024-11-19,SUNPHARMA,,,1730.05,1806.75,1730,1777.25,1933316,3428061767.85
2024-11-21,SUNPHARMA,,,1772,1791.45,1758.05,1780,2014349,3577869248.9
2024-11-22,SUNPHARMA,,,1785,1814.95,1768.05,1795.3,1420813,2535245534.35
2024-11-25,SUNPHARMA,,,1806,1830,1784.15,1798.9,3137448,5643124724.85
2024-11-26,SUNPHARMA,,,1806.75,1806.75,1753.2,1761.6,1589883,2808970265
2024-11-27,SUNPHARMA,,,1760.1,1778.6,1740.25,1749.45,1982546,3472694232.7
2024-11-28,SUNPHARMA,,,1749.45,1760.7,1723.4,1734.25,3071758,5328525582.4
2024-11-29,SUNPHARMA,,,1742.9,1795.8,1739.2,1780.9,2427677,4320030145.3
2024-12-02,SUNPHARMA,,,1800,1814,1792.15,1808.55,1948045,3516001370.5
2024-12-03,SUNPHARMA,,,1831.25,1832,1788.35,1800.05,1543970,2781013966.25
2024-12-04,SUNPHARMA,,,1810.5,1814.85,1785,1800.2,2320116,4168945117.3
2024-12-05,SUNPHARMA,,,1808.7,1825.95,1775.4,1813.45,2742263,4953042949.45
2024-12-06,SUNPHARMA,,,1815.85,1823.95,1801,1804.85,1590478,2880111571.25
2024-12-09,SUNPHARMA,,,1814.8,1819.95,1796.7,1806.65,1528215,2758542637.1
2024-12-10,SUNPHARMA,,,1821,1823,1796,1809.95,2043634,3691685524.15
2024-12-11,SUNPHARMA,,,1824.3,1826.35,1805.05,1814,1745911,3173927722.5
2024-12-12,SUNPHARMA,,,1819,1820,1798.05,1805.45,1082394,1955707913
2024-12-13,SUNPHARMA,,,1804.75,1816.8,1774.05,1813.45,1391111,2507139333.35
2024-12-16,SUNPHARMA,,,1818.7,1822.5,1792.35,1809.8,1483330,2678739504.65
2024-12-17,SUNPHARMA,,,1810,1815.75,1783.1,1789.05,1608164,2884833280.05
2024-12-18,SUNPHARMA,,,1798,1822.45,1792.8,1801.05,1732860,3131637177.6
2024-12-19,SUNPHARMA,,,1801,1829.4,1790.8,1823.3,1924091,3486436403.55
2024-12-20,SUNPHARMA,,,1823.3,1825.95,1794.1,1808.85,2513418,4545227986.85
2024-12-23,SUNPHARMA,,,1811,1828,1796.65,1814.6,1299181,2358980371.55
2024-12-24,SUNPHARMA,,,1814.9,1831.75,1803.15,1819,1121058,2041820268.4
2024-12-26,SUNPHARMA,,,1820,1845.05,1814.4,1841.35,1402706,2569139389.25
2024-12-27,SUNPHARMA,,,1845.5,1866,1836.75,1861.25,1668898,3094895602.65
2024-12-30,SUNPHARMA,,,1862.05,1895.75,1855,1883.9,6021550,11333398612.85
2024-12-31,SUNPHARMA,,,1876.8,1910,1868.8,1886.35,1844944,3491931810.9
2025-01-01,SUNPHARMA,,,1889.9,1902.95,1878.65,1889.95,1338092,2528624030.3
2025-01-02,SUNPHARMA,,,1892,1896,1864.95,1878,2507223,4701057374.65
2025-01-03,SUNPHARMA,,,1878,1884,1844,1849.65,1515825,2813573076.15
2025-01-06,SUNPHARMA,,,1850.5,1856.5,1825.65,1847.4,1397724,2575123913.35
2025-01-07,SUNPHARMA,,,1848.55,1865,1845.65,1853.4,1615649,2996700179.35
2025-01-08,SUNPHARMA,,,1862.6,1862.6,1829.2,1837.75,1298188,2392904907
2025-01-09,SUNPHARMA,,,1841,1841,1814,1826.35,1199181,2189262927.95
2025-01-10,SUNPHARMA,,,1825.45,1834.6,1772.75,1784.8,857827,1535705132.6
2025-01-13,SUNPHARMA,,,1784.6,1785.55,1742.45,1746.9,1645287,2884642962.5
2025-01-14,SUNPHARMA,,,1755,1784.05,1742.1,1770.85,1962645,3464488089.15
2025-01-15,SUNPHARMA,,,1772.8,1775,1747.7,1756.85,857867,1505593983.65
2025-01-16,SUNPHARMA,,,1775.05,1775.6,1740.8,1763.3,2180496,3833773968.05
2025-01-17,SUNPHARMA,,,1779,1791.95,1767.6,1786.55,1163986,2074688452.75
2025-01-20,SUNPHARMA,,,1789.35,1800.45,1768.3,1778.25,1341246,2388010504.35
2025-01-21,SUNPHARMA,,,1772.1,1805.75,1759.5,1762.7,2489267,4430368916.75
2025-01-22,SUNPHARMA,,,1777,1803.6,1773.85,1798.95,2262270,4053700740
2025-01-23,SUNPHARMA,,,1788.1,1839.75,1786.05,1833.6,1974760,3607909005.25
2025-01-24,SUNPHARMA,,,1829,1843.1,1808.2,1822.2,1277935,2328704517.75
2025-01-27,SUNPHARMA,,,1818.1,1824.25,1774.3,1786.85,1452975,2604152979.6
2025-01-28,SUNPHARMA,,,1779.8,1780,1693.1,1705.5,5972497,10211819341.2
2025-01-29,SUNPHARMA,,,1705.5,1744,1696,1735.35,1433336,2466046060.35
2025-01-30,SUNPHARMA,,,1740.45,1760.3,1725.3,1739.1,2017991,3502488735.3
2025-01-31,SUNPHARMA,,,1742,1769.85,1706.05,1743.95,4275269,7474154393.6
2025-02-01,SUNPHARMA,,,1740,1789,1733.3,1742.2,1477972,2602940220
2025-02-03,SUNPHARMA,,,1781.45,1785.9,1710.55,1740.6,2210231,3847031992.2
2025-02-04,SUNPHARMA,,,1749.3,1776.25,1740.65,1765.25,2796294,4925933170.5
2025-02-05,SUNPHARMA,,,1773.8,1773.8,1735.2,1752.75,1787905,3130138575.9
2025-02-06,SUNPHARMA,,,1753,1768.35,1736.3,1742,3421791,5971158801.35
2025-02-07,SUNPHARMA,,,1751.4,1753,1727.3,1749.8,1371545,2389795845.35
2025-02-10,SUNPHARMA,,,1741.25,1750,1723.7,1732.1,1237839,2143607797.05
2025-02-11,SUNPHARMA,,,1725.2,1734.2,1695.05,1699.75,2779274,4746976667.1
2025-02-12,SUNPHARMA,,,1706.45,1714.95,1688.05,1693.85,1757284,2986214898
2025-02-13,SUNPHARMA,,,1700,1752.75,1699.95,1746.35,2750390,4778976918.3
2025-02-14,SUNPHARMA,,,1747.35,1748.95,1685,1700.5,2123774,3618414927.4
2025-02-17,SUNPHARMA,,,1700.5,1735.35,1696.05,1714.2,2277889,3911008495.5
2025-02-18,SUNPHARMA,,,1714.2,1729.75,1698.4,1701.6,2163972,3695261421.8
2025-02-19,SUNPHARMA,,,1665.1,1699,1647.1,1676.6,2576319,4327233254.05
2025-02-20,SUNPHARMA,,,1667.15,1677.95,1663,1669.3,1670915,2788958521.7
2025-02-21,SUNPHARMA,,,1678.05,1684.4,1632,1643.75,2244190,3698485746.15
2025-02-24,SUNPHARMA,,,1629.75,1669.9,1627.05,1639.5,2357441,3877964629.85
2025-02-25,SUNPHARMA,,,1639.5,1647.8,1606.25,1613.6,2836717,4586961004.8
2025-02-27,SUNPHARMA,,,1628.95,1653.1,1605.05,1647.5,2744489,4475233087.8
2025-02-28,SUNPHARMA,,,1671,1671,1586.4,1593.25,3549979,5712376639.65
2025-03-03,SUNPHARMA,,,1585.3,1607.4,1582.2,1585.1,1425492,2271267747.65
2025-03-04,SUNPHARMA,,,1585,1590,1556,1566.5,1717135,2688025381.15
2025-03-05,SUNPHARMA,,,1564.6,1586.3,1553.05,1582.45,2428171,3826047128.55
2025-03-06,SUNPHARMA,,,1598.25,1617.9,1572.55,1614,2458676,3940112445.2
2025-03-07,SUNPHARMA,,,1624,1628.75,1605.65,1609.3,980890,1581669240.8
2025-03-10,SUNPHARMA,,,1621.95,1641.45,1602.75,1611.5,1600589,2582183090.2
2025-03-11,SUNPHARMA,,,1616.1,1663.6,1605.35,1655.3,3325416,5487286322.75
2025-03-12,SUNPHARMA,,,1662,1680.25,1658.05,1676.85,2389362,3994065056.9
2025-03-13,SUNPHARMA,,,1672,1687.15,1663.45,1683.45,1666929,2800636698.7
2025-03-17,SUNPHARMA,,,1694.05,1720.15,1688.35,1704.3,2588408,4419482127.25
2025-03-18,SUNPHARMA,,,1714.35,1752,1700,1747.8,2730980,4732619646.4
2025-03-19,SUNPHARMA,,,1747.8,1748,1726.3,1732.35,2167448,3755838761.65
2025-03-20,SUNPHARMA,,,1735.65,1757.15,1722.9,1750.25,1602232,2799535658.85
2025-03-21,SUNPHARMA,,,1759,1792.8,1750.25,1784.5,2483162,4421247417.4
2025-03-24,SUNPHARMA,,,1794.5,1820,1777.6,1784.8,1182084,2114791320.7
2025-03-25,SUNPHARMA,,,1784.8,1795.95,1758.5,1764.75,1471028,2604852598.05
2025-03-26,SUNPHARMA,,,1767.95,1770.8,1746.1,1758.95,1762361,3095978071.15
2025-03-27,SUNPHARMA,,,1751,1752.3,1720,1731.45,3279881,5669974285.25
2025-03-28,SUNPHARMA,,,1731.45,1741.35,1705.2,1734.7,1956781,3376611044.05
2025-04-01,SUNPHARMA,,,1731,1733.95,1681.6,1698.35,4142445,7056055656
2025-04-02,SUNPHARMA,,,1695,1718.45,1685.9,1713.65,3369489,5757593865.6
2025-04-03,SUNPHARMA,,,1755,1812.7,1750,1770,5715573,10200882418.55
2025-04-04,SUNPHARMA,,,1778.85,1778.85,1658.05,1709.35,5345276,9106654027.5
2025-04-07,SUNPHARMA,,,1620.1,1692,1620.1,1666.35,5715334,9481503895.75
2025-04-08,SUNPHARMA,,,1645,1709.85,1645,1688.35,2807382,4734939348
2025-04-09,SUNPHARMA,,,1650,1679.75,1640,1652.2,3481864,5794751799.85
2025-04-11,SUNPHARMA,,,1710,1737,1682.1,1687.55,3801939,6455920619.9
2025-04-15,SUNPHARMA,,,1720,1724.5,1696.8,1705,1993085,3402432599.2
2025-04-16,SUNPHARMA,,,1691.1,1702.7,1682.1,1693.1,2205374,3726635637.5
2025-04-17,SUNPHARMA,,,1695,1758,1687.4,1751.5,2683908,4651566818.3
2025-04-21,SUNPHARMA,,,1761,1761,1731.3,1744.9,1539511,2685983207.9
2025-04-22,SUNPHARMA,,,1751,1755,1734.5,1747.4,961907,1677953862.9
2025-04-23,SUNPHARMA,,,1754.2,1791.3,1742.1,1788.8,1471029,2612409586.1
2025-04-24,SUNPHARMA,,,1790,1807.9,1773.9,1803.9,2101177,3773326510.1
2025-04-25,SUNPHARMA,,,1806,1815.5,1764.2,1787.4,2036801,3639571164.3
2025-04-28,SUNPHARMA,,,1787.4,1846,1781.2,1841.6,3216482,5886425863.2
2025-04-29,SUNPHARMA,,,1845,1846,1797,1805.5,2886160,5242246980.6
2025-04-30,SUNPHARMA,,,1810,1838.9,1803.3,1832.3,2667314,4881571584.9
2025-05-02,SUNPHARMA,,,1832.3,1851.2,1813.8,1829.4,2310897,4229982097
2025-05-05,SUNPHARMA,,,1827.8,1843.3,1821.4,1836.6,1219830,2238816267.9
2025-05-06,SUNPHARMA,,,1820,1827.9,1799,1819.1,1414772,2570545159.6
2025-05-07,SUNPHARMA,,,1817.9,1826.4,1778.7,1781.3,2015237,3607804178.1
2025-05-08,SUNPHARMA,,,1781.3,1788.9,1755,1767.2,2647871,4687205153.6
2025-05-09,SUNPHARMA,,,1751.9,1766.3,1731.7,1744.8,1148956,2004699070.2
2025-05-12,SUNPHARMA,,,1695.7,1712.4,1623.6,1686.2,9221075,15422117345.5
2025-05-13,SUNPHARMA,,,1711,1748.5,1691.3,1700,6988329,11925308735
2025-05-14,SUNPHARMA,,,1702,1711.4,1692.1,1708.2,1639324,2792449090.1
2025-05-15,SUNPHARMA,,,1701.1,1744.4,1684.1,1740.1,3880385,6676283657.4
2025-05-16,SUNPHARMA,,,1740,1741.6,1719,1734.9,1448249,2508537705.6
2025-05-19,SUNPHARMA,,,1745,1765,1726.6,1730.2,2074023,3610845209.6
2025-05-20,SUNPHARMA,,,1743.8,1748,1703.3,1707.8,2706777,4645260502.9
2025-05-21,SUNPHARMA,,,1716.4,1758.7,1707.8,1731.8,2754306,4785960056.2
2025-05-22,SUNPHARMA,,,1734.2,1740,1707.2,1718.7,2670554,4586618230
2025-05-23,SUNPHARMA,,,1658,1689.5,1636.6,1683.6,8339783,13915933663.1
2025-05-26,SUNPHARMA,,,1693.1,1702.4,1667,1676.1,2282131,3826044956.4
2025-05-27,SUNPHARMA,,,1676.1,1692,1661.1,1683.4,2800622,4704503192.1
2025-05-28,SUNPHARMA,,,1683.4,1686.9,1663,1666.4,2657712,4447603093.8
2025-05-29,SUNPHARMA,,,1675,1703.3,1670.4,1699.8,2377583,4019678075.3
2025-05-30,SUNPHARMA,,,1702,1713.6,1669.1,1677.6,3640641,6131078417.3
2025-06-02,SUNPHARMA,,,1679,1683.5,1660.5,1674.6,1819538,3045587489.2
2025-06-03,SUNPHARMA,,,1695,1695,1657.6,1667.5,2556920,4264941895
2025-06-04,SUNPHARMA,,,1656,1669,1649,1664.9,1700482,2825880489.2
2025-06-05,SUNPHARMA,,,1662,1694.3,1662,1683.1,2037073,3423804103.7
2025-06-06,SUNPHARMA,,,1685,1689,1669,1679.2,2500047,4191208633.5
2025-06-09,SUNPHARMA,,,1679.9,1698.8,1673.3,1694.4,2589656,4355855573
2025-06-10,SUNPHARMA,,,1701.8,1706.9,1677.7,1688.8,2369135,3997860997.7
2025-06-11,SUNPHARMA,,,1694.8,1695,1679.3,1690.6,1999978,3374955992.7
2025-06-12,SUNPHARMA,,,1694.9,1727.5,1681.1,1687.4,3588365,6118217309.2
2025-06-13,SUNPHARMA,,,1666.8,1700,1661.1,1687.8,2404272,4049180141.3
2025-06-16,SUNPHARMA,,,1665,1689.8,1655.7,1685.3,2249326,3780566432.5
2025-06-17,SUNPHARMA,,,1680,1681.7,1641.1,1650.2,5408285,8935161142.2
2025-06-18,SUNPHARMA,,,1645,1661.3,1638.5,1648,1455885,2400176169.7
2025-06-19,SUNPHARMA,,,1648.1,1655.3,1636,1647.6,1696525,2793927225.4
2025-06-20,SUNPHARMA,,,1647.6,1670,1645.6,1665.1,2567882,4271966103.2
2025-06-23,SUNPHARMA,,,1663.2,1667,1647.2,1662.5,840643,1393866514.8
2025-06-24,SUNPHARMA,,,1670.5,1686.4,1658.8,1661.7,2066326,3450450084.1
2025-06-25,SUNPHARMA,,,1661.7,1678.8,1658.1,1669.6,1372945,2294093649.4
2025-06-26,SUNPHARMA,,,1674.8,1678.9,1650.4,1669.8,2102627,3499112694.4
2025-06-27,SUNPHARMA,,,1670.2,1695.7,1668.2,1687.6,5313904,8945559886.4
2025-06-30,SUNPHARMA,,,1696,1704.5,1671.6,1675.7,2160184,3638275380.3
2025-07-01,SUNPHARMA,,,1675.7,1684.3,1657.5,1667.2,3298070,5491557208.7
2025-07-02,SUNPHARMA,,,1656,1682,1656,1677.5,1611046,2700301188.6
2025-07-03,SUNPHARMA,,,1677.5,1692.8,1674.5,1679.7,1553777,2615437352
2025-07-04,SUNPHARMA,,,1686.7,1686.7,1671.6,1676.3,1264399,2122024469.6
2025-07-07,SUNPHARMA,,,1674.7,1682.4,1663,1679.9,1550620,2597279741.7
2025-07-08,SUNPHARMA,,,1680,1682,1649.1,1672.5,1860328,3097290160.5
2025-07-09,SUNPHARMA,,,1660,1680.8,1647,1669.4,2178705,3640908368.8
2025-07-10,SUNPHARMA,,,1662,1670.6,1647.2,1662.5,1741718,2891552810.6
2025-07-11,SUNPHARMA,,,1665.8,1679.9,1662.2,1672,1298302,2170590253.7
2025-07-14,SUNPHARMA,,,1680.4,1696.9,1675.5,1682.6,1309704,2208673202.4
2025-07-15,SUNPHARMA,,,1705,1730.9,1687.9,1727.5,3332578,5713624478.1
2025-07-16,SUNPHARMA,,,1730,1731.3,1698,1701,2285143,3907776021.2
2025-07-17,SUNPHARMA,,,1704,1717,1696,1703.4,1461039,2495911170
2025-07-18,SUNPHARMA,,,1709,1709.4,1686.7,1693.6,1253929,2124604411.4
2025-07-21,SUNPHARMA,,,1681.1,1701.4,1677.5,1692.3,2390289,4045031437.8
2025-07-22,SUNPHARMA,,,1686.1,1693.1,1672.8,1678,1244491,2088686374.7
2025-07-23,SUNPHARMA,,,1678.5,1689.6,1671.4,1682.5,1229173,2066186938.9
2025-07-24,SUNPHARMA,,,1682.5,1696,1680.1,1692,1079045,1823773047.7
2025-07-25,SUNPHARMA,,,1690,1702,1682.2,1699,1088592,1847186555.2
2025-07-28,SUNPHARMA,,,1702.1,1710.1,1693.9,1702.2,2168507,3691182921.8
2025-07-29,SUNPHARMA,,,1698,1718,1697.1,1710.5,1325544,2267780754.8
2025-07-30,SUNPHARMA,,,1720,1740.5,1712.1,1733.8,2318723,4014344951.7
2025-07-31,SUNPHARMA,,,1715.5,1748,1694,1706.7,3233087,5570431348
2025-08-01,SUNPHARMA,,,1690,1695,1608,1629.7,8774548,14332871551.2
2025-08-04,SUNPHARMA,,,1629.8,1647.4,1613.6,1641.6,1898762,3101968420.5
2025-08-05,SUNPHARMA,,,1640.9,1644.6,1620.1,1632.1,1622897,2644817467.4
2025-08-06,SUNPHARMA,,,1629.7,1629.7,1591,1595.2,2376257,3826752194.4
2025-08-07,SUNPHARMA,,,1581,1605.4,1571,1598.4,3435674,5449790527.6
2025-08-08,SUNPHARMA,,,1590,1602,1580.9,1586.9,1654424,2628448657.3
2025-08-11,SUNPHARMA,,,1586.9,1660,1584.2,1608.4,1140902,1829007088.7
2025-08-12,SUNPHARMA,,,1611.7,1636.7,1610.1,1622.2,1679088,2726582366.2
2025-08-13,SUNPHARMA,,,1624.2,1643.5,1617.3,1639.8,1313668,2147800640.7
2025-08-14,SUNPHARMA,,,1639.8,1651.1,1632.2,1641.4,1738094,2849989291.3
2025-08-18,SUNPHARMA,,,1649.6,1649.6,1625.4,1632.7,3080173,5031812946.9
2025-08-19,SUNPHARMA,,,1632.8,1638,1619.1,1626.6,2656391,4318583985.5
2025-08-20,SUNPHARMA,,,1634,1636.5,1616,1633.1,1831706,2980688953
2025-08-21,SUNPHARMA,,,1630.8,1652.5,1623.9,1640.2,1727099,2833333834.9
2025-08-22,SUNPHARMA,,,1642,1651.4,1635.1,1641.8,2098310,3451620026.4
2025-08-25,SUNPHARMA,,,1649.2,1660.5,1634,1656.7,1904984,3140428404.3
2025-08-26,SUNPHARMA,,,1645,1647.4,1596.2,1600.3,4502371,7248146510
2025-08-28,SUNPHARMA,,,1593.1,1600,1567.6,1585.7,4993739,7890161881.6
2025-08-29,SUNPHARMA,,,1581,1601.7,1575.8,1594.5,3176534,5057729740.1
2025-09-01,SUNPHARMA,,,1599,1600.2,1556.2,1563.3,9366820,14674080758.8
2025-09-02,SUNPHARMA,,,1566,1570.3,1558,1565.2,2855840,4466133724.5
2025-09-03,SUNPHARMA,,,1562.1,1581.1,1558.3,1578.7,2091370,3288999359.4
2025-09-04,SUNPHARMA,,,1597,1597,1561,1582.3,2298657,3618588413.7
2025-09-05,SUNPHARMA,,,1582.4,1599.3,1575.5,1593.6,1814479,2881777269.4
2025-09-08,SUNPHARMA,,,1597.6,1604.5,1578.2,1581,1369139,2176892094.2
2025-09-09,SUNPHARMA,,,1580,1597,1577.5,1591.7,1709406,2712648009.9
2025-09-10,SUNPHARMA,,,1592.1,1601.6,1582.4,1593.4,2408379,3834979672.7
2025-09-11,SUNPHARMA,,,1592.5,1617,1591,1609.7,1762484,2832708940.5
2025-09-12,SUNPHARMA,,,1610,1622.5,1603.1,1616.6,1878894,3035287314.2
2025-09-15,SUNPHARMA,,,1616.6,1617.1,1595.4,1602,2005917,3221874135.4
2025-09-16,SUNPHARMA,,,1602.5,1615,1600,1610.5,1480567,2380177490.3
2025-09-17,SUNPHARMA,,,1612.6,1622.1,1607.4,1620.2,2128406,3437707744.3
2025-09-18,SUNPHARMA,,,1635.1,1651.3,1627.7,1648.6,1832386,3005707256.8
2025-09-19,SUNPHARMA,,,1648.6,1668.1,1643.1,1656,3191406,5286590629.4
2025-09-22,SUNPHARMA,,,1650,1657.9,1635.3,1644,1785320,2937462349.8
2025-09-23,SUNPHARMA,,,1643.2,1644,1625.1,1631.2,1967731,3214830325.5
2025-09-24,SUNPHARMA,,,1630,1635.9,1625,1627.1,1131058,1843562407.6
2025-09-25,SUNPHARMA,,,1627.9,1642.8,1622.7,1627.4,2762750,4507947621.8
2025-09-26,SUNPHARMA,,,1585,1602.9,1548,1586.7,7256759,11462553711.2
2025-09-29,SUNPHARMA,,,1581,1618.9,1580,1589.3,4180922,6672155474
2025-09-30,SUNPHARMA,,,1589.1,1604.3,1586,1594.3,2257443,3602263212.7
2025-10-01,SUNPHARMA,,,1611.9,1651.5,1611.9,1636.2,3109095,5074319855.3
2025-10-03,SUNPHARMA,,,1600,1645.5,1600,1631.2,4041865,6565000344.4
2025-10-06,SUNPHARMA,,,1630,1659.7,1620,1654.7,1756916,2893019630.6
2025-10-07,SUNPHARMA,,,1649.4,1663,1647,1653.1,2174852,3598402691
2025-10-08,SUNPHARMA,,,1645,1655,1629,1631.6,1846507,3026675494.4
2025-10-09,SUNPHARMA,,,1645,1662.3,1632.4,1658.5,2197566,3627931105
2025-10-10,SUNPHARMA,,,1655,1676.6,1649,1670.9,1454056,2423947453.8
2025-10-13,SUNPHARMA,,,1662.5,1675,1655.8,1668.4,1375179,2290448266.1
2025-10-14,SUNPHARMA,,,1667.6,1669.9,1646.2,1654.4,2108287,3491233351.6
2025-10-15,SUNPHARMA,,,1652.5,1668.7,1650.1,1655.1,2088737,3465298596.3
2025-10-16,SUNPHARMA,,,1654,1662.9,1643.2,1659,2895957,4783896929.7
2025-10-17,SUNPHARMA,,,1658.2,1692,1656.7,1679.1,1594147,2676347202.7
2025-10-20,SUNPHARMA,,,1684.9,1696.9,1682.8,1688.6,1647622,2785696098.7
2025-10-23,SUNPHARMA,,,1705,1712,1682.2,1689.9,2687094,4558880345.7
2025-10-24,SUNPHARMA,,,1690,1701.9,1686,1699,994307,1686219973.6
2025-10-27,SUNPHARMA,,,1701,1708.5,1690,1693.6,2067904,3504075902.3
2025-10-28,SUNPHARMA,,,1692,1702.7,1679.2,1687,2440939,4119723102.5
2025-10-29,SUNPHARMA,,,1690,1722,1687.3,1715.9,1016738,1741147604.1
2025-10-30,SUNPHARMA,,,1715.8,1716.9,1680.1,1703.4,1986233,3371300594.2
2025-10-31,SUNPHARMA,,,1700,1705,1686.8,1690.7,1560918,2645395136
2025-11-03,SUNPHARMA,,,1688.2,1712.8,1681.2,1706.4,1099955,1870865995.1
2025-11-04,SUNPHARMA,,,1707,1711.2,1682.2,1690,1597993,2700134809.5
2025-11-06,SUNPHARMA,,,1699,1723.9,1667,1685.9,3389867,5736074739.2
2025-11-07,SUNPHARMA,,,1694,1710,1683.1,1691.4,1512908,2561216151
2025-11-10,SUNPHARMA,,,1697.5,1703.1,1685.8,1697.8,1235665,2096599832.1
2025-11-11,SUNPHARMA,,,1701.6,1719,1695,1716.1,1315353,2245951680.5
2025-11-12,SUNPHARMA,,,1721.4,1744.1,1710.2,1732.1,1833097,3173731087.8
2025-11-13,SUNPHARMA,,,1734.5,1747.8,1725.4,1737.4,1727602,3003879371.5
2025-11-14,SUNPHARMA,,,1737.4,1760.1,1734.7,1757.1,1667322,2921886946.2
2025-11-17,SUNPHARMA,,,1765.8,1768,1747.7,1763.9,1430618,2518299050.2
2025-11-18,SUNPHARMA,,,1764,1764.5,1750,1758.8,1429522,2512926399.2
2025-11-19,SUNPHARMA,,,1762,1790.3,1751.1,1784.1,2131124,3794746306.7
2025-11-20,SUNPHARMA,,,1790,1792,1773.1,1777.4,1513894,2694011205.9
2025-11-21,SUNPHARMA,,,1778,1787.4,1773.7,1779.7,2199311,3913363499.8
2025-11-24,SUNPHARMA,,,1785.9,1785.9,1771.8,1780.8,3434492,6111531098.5
2025-11-25,SUNPHARMA,,,1785,1792.1,1766.1,1776.8,1848114,3293379741.5
2025-11-26,SUNPHARMA,,,1775.5,1806.9,1773.6,1804.9,1158948,2081721104.3
2025-11-27,SUNPHARMA,,,1802.1,1814.9,1802.1,1810.3,2902053,5256151678.6
2025-11-28,SUNPHARMA,,,1810.3,1833,1807.5,1831.6,1623103,2961541704.4
2025-12-01,SUNPHARMA,,,1841,1849,1801,1807.4,1869293,3389471341.6
2025-12-02,SUNPHARMA,,,1804,1814.9,1788.6,1799.5,2948688,5298916752.9
2025-12-03,SUNPHARMA,,,1805,1816,1782.5,1806.7,2114510,3803537503.7
2025-12-04,SUNPHARMA,,,1808.4,1823.2,1798.3,1818.3,1713961,3108739244.3
2025-12-05,SUNPHARMA,,,1819,1820.2,1800.2,1805.3,1777401,3212676828.7
2025-12-08,SUNPHARMA,,,1805.3,1806,1785.7,1796.2,2410074,4326436545.9
2025-12-09,SUNPHARMA,,,1796,1801.2,1772,1776,2401728,4287983738.5
2025-12-10,SUNPHARMA,,,1787.9,1791.7,1767.9,1785.5,2321746,4134111472.5
2025-12-11,SUNPHARMA,,,1778,1810.5,1775.1,1807.2,1280916,2303164558.4
2025-12-12,SUNPHARMA,,,1808,1811.8,1791,1793.5,1442309,2593798717
2025-12-15,SUNPHARMA,,,1779,1804.6,1777.6,1797.1,1396948,2500965159.5
2025-12-16,SUNPHARMA,,,1790,1791.9,1778.3,1781.3,1533979,2737881656.5
2025-12-17,SUNPHARMA,,,1781,1797.6,1771.5,1792.9,1910628,3415485604.3
2025-12-18,SUNPHARMA,,,1785,1785,1736,1745.9,3461351,6047088657
2025-12-19,SUNPHARMA,,,1747,1760,1741.2,1744.9,2768986,4836724716.5
2025-12-22,SUNPHARMA,,,1744.9,1773.2,1743.1,1769.8,1467257,2586358736.7
2025-12-23,SUNPHARMA,,,1772,1774.6,1751.7,1755.9,1124853,1983992874.4
2025-12-24,SUNPHARMA,,,1755.9,1759,1719,1737,2224786,3860988802.4
2025-12-26,SUNPHARMA,,,1737,1737,1708,1719.5,2507337,4302718010.2
2025-12-29,SUNPHARMA,,,1719.5,1727.5,1710.3,1717.2,1800816,3097841347.8
2025-12-30,SUNPHARMA,,,1723.1,1723.1,1707,1720.2,2639497,4533147074.4
2025-12-31,SUNPHARMA,,,1720.2,1725.6,1715.5,1719.7,1428439,2457249596.7
2026-01-01,SUNPHARMA,,,1720,1726,1708.9,1721.1,877515,1508057870.4
2026-01-02,SUNPHARMA,,,1721.1,1732,1719.4,1728,974123,1681533428.7
2026-01-05,SUNPHARMA,,,1728,1746,1723.4,1728.9,1416698,2458755201.2
2026-01-06,SUNPHARMA,,,1725.7,1762.6,1725.7,1760.2,1658801,2901552531.8
2026-01-07,SUNPHARMA,,,1755,1806.6,1748.5,1782.6,3059500,5441474788.8
2026-01-08,SUNPHARMA,,,1766,1778.6,1757.7,1760.7,1910656,3376754053.2
2026-01-09,SUNPHARMA,,,1765.2,1765.2,1727,1729.9,1585689,2753781398.5
2026-01-12,SUNPHARMA,,,1732.1,1744.3,1714.1,1736,2327272,4019674449.1
2026-01-13,SUNPHARMA,,,1743,1743.8,1712.1,1728.7,1770082,3048935591.5
2026-01-14,SUNPHARMA,,,1737.1,1737.1,1689.2,1700.7,2479677,4219472604
2026-01-16,SUNPHARMA,,,1708,1708,1659.3,1668.9,3697596,6182181392.6
2026-01-19,SUNPHARMA,,,1650,1687.3,1600,1675.4,2975272,4964916396.5
2026-01-20,SUNPHARMA,,,1674.1,1674.1,1602.8,1613.8,5019166,8195703287.6
2026-01-21,SUNPHARMA,,,1637,1645,1607.7,1612.9,3947877,6397691085.6
2026-01-22,SUNPHARMA,,,1614.1,1646.5,1613.2,1634.2,2279862,3710488528.8
2026-01-23,SUNPHARMA,,,1640,1648.9,1625.4,1631.9,1678658,2743740097.2
2026-01-27,SUNPHARMA,,,1658.2,1658.2,1622.3,1638.9,2666522,4361406722.7
2026-01-28,SUNPHARMA,,,1639.9,1649.3,1600,1610.6,4124391,6633443587.3
2026-01-29,SUNPHARMA,,,1625,1625,1583.7,1589.3,5796513,9230841196.3
2026-01-30,SUNPHARMA,,,1589.3,1606.5,1585.1,1595.3,3962196,6323438391.2
2026-02-02,SUNPHARMA,,,1634,1634,1598.2,1627.9,2721280,4401605386.3
2026-02-03,SUNPHARMA,,,1709.9,1725,1671,1702.1,8520586,14463023469.7
2026-02-04,SUNPHARMA,,,1714.9,1729,1695.3,1704.4,3952775,6754624884.1
2026-02-05,SUNPHARMA,,,1699,1710,1684.3,1702.6,3074842,5229686194.9
2026-02-06,SUNPHARMA,,,1709,1709,1689.6,1695.1,1277116,2164798273.1
2026-02-09,SUNPHARMA,,,1706.7,1713.4,1696,1704.6,2647031,4520052868.6
2026-02-10,SUNPHARMA,,,1709.6,1719.8,1702.1,1707.8,1869988,3197996626
2026-02-11,SUNPHARMA,,,1715,1716.7,1702.5,1711.1,1175501,2010305914.6
2026-02-12,SUNPHARMA,,,1714.8,1719,1701.2,1714.9,1359444,2329411614.1
2026-02-13,SUNPHARMA,,,1714.9,1719,1694.6,1697.5,1148165,1957333370.6
2026-02-16,SUNPHARMA,,,1697.5,1715,1693.4,1700.5,1247403,2120624734
2026-02-17,SUNPHARMA,,,1696,1719,1693.9,1717.1,1053855,1806912917.6
2026-02-18,SUNPHARMA,,,1720.4,1730.6,1717.1,1724.4,1262429,2178331032.5
2026-02-19,SUNPHARMA,,,1722.2,1727,1710,1713.4,1143429,1966317642.3
2026-02-20,SUNPHARMA,,,1710.1,1727,1708.1,1724.4,1203988,2073525847.4
2026-02-23,SUNPHARMA,,,1732.9,1735.8,1720.2,1732.3,1550400,2679424359.1
2026-02-24,SUNPHARMA,,,1732,1745.9,1723.7,1731.8,2769363,4804266424.3
2026-02-25,SUNPHARMA,,,1742,1770.4,1733.4,1764.2,1200997,2113970010.5
2026-02-26,SUNPHARMA,,,1764.2,1792.2,1760.3,1785.7,2076586,3696480667.5
2026-02-27,SUNPHARMA,,,1779,1788.1,1730.9,1737,3041489,5326487549.7
2026-03-02,SUNPHARMA,,,1712,1759.9,1712,1752.5,3919270,6829178557.7
2026-03-04,SUNPHARMA,,,1721.2,1757.2,1721,1750.5,4914857,8579781846.4
2026-03-05,SUNPHARMA,,,1750,1794.9,1748,1784.5,3600895,6416889655.7
2026-03-06,SUNPHARMA,,,1784.5,1805.6,1771.8,1799.4,3669921,6596385331.3
2026-03-09,SUNPHARMA,,,1772.9,1815,1770,1807.4,4112775,7386859842.7
2026-03-10,SUNPHARMA,,,1810,1825.1,1803.3,1812.8,3298680,5978157055
2026-03-11,SUNPHARMA,,,1823,1843,1818.1,1825.9,2510495,4595876381.5
2026-03-12,SUNPHARMA,,,1828,1833.6,1808.4,1825.3,2606057,4756869064.9
2026-03-13,SUNPHARMA,,,1822,1833.3,1797,1801.6,2554627,4623965368.9
2026-03-16,SUNPHARMA,,,1801.6,1818,1768.8,1783.2,2452391,4378206186.4
2026-03-17,SUNPHARMA,,,1794.1,1806.1,1781.1,1794.4,1979497,3553562223.7
2026-03-18,SUNPHARMA,,,1799.6,1805,1773.2,1778.3,2436459,4353356898.2
2026-03-19,SUNPHARMA,,,1760.5,1784,1737.9,1744.4,2301164,4032917387.9
2026-03-20,SUNPHARMA,,,1755.1,1781.3,1754.3,1777.1,3591446,6373612720
2026-03-23,SUNPHARMA,,,1774.8,1775,1741.1,1758.4,2783613,4912646743.7
2026-03-24,SUNPHARMA,,,1775,1779.9,1745.1,1753.3,2040152,3593014970.1
2026-03-25,SUNPHARMA,,,1766.7,1809.5,1755.5,1795.4,1900794,3394167606.5
2026-03-27,SUNPHARMA,,,1785,1819,1785,1793.6,2975423,5353082581.3
2026-03-30,SUNPHARMA,,,1786.8,1790,1750.1,1757.2,4182503,7393177891.1
2026-04-01,SUNPHARMA,,,1762.1,1788,1713.2,1728.5,3245628,5679141446.4
2026-04-02,SUNPHARMA,,,1665,1700,1620,1693.6,3937824,6596650697.7
2026-04-06,SUNPHARMA,,,1684.3,1699,1654.9,1694.6,3533715,5927065759.2
2026-04-07,SUNPHARMA,,,1689.8,1723.9,1681.3,1718,2471378,4235074139.5
2026-04-08,SUNPHARMA,,,1730,1749.2,1685.5,1714.6,4859877,8291020144.8
2026-04-09,SUNPHARMA,,,1702.7,1730.9,1702.7,1717.1,3276165,5628303237.7
2026-04-10,SUNPHARMA,,,1699.2,1700,1630.4,1654.9,8089531,13357571566.4
2026-04-13,SUNPHARMA,,,1654.9,1668.7,1640.1,1652.2,3751005,6203856110.2
2026-04-15,SUNPHARMA,,,1675,1699.2,1657.7,1696.6,3760449,6321031456.8
2026-04-16,SUNPHARMA,,,1713.9,1713.9,1666.6,1693.1,4512633,7609044586.3
2026-04-17,SUNPHARMA,,,1696.9,1696.9,1670.5,1675.5,3146482,5280881029.3
2026-04-20,SUNPHARMA,,,1680,1680,1665,1668.6,1834532,3065734813.1
2026-04-21,SUNPHARMA,,,1667.2,1682.9,1659.9,1665.2,3631490,6062987667.5
2026-04-22,SUNPHARMA,,,1665.2,1673.9,1652.4,1669.8,2169514,3610043098.2
2026-04-23,SUNPHARMA,,,1669,1713,1661.2,1680.1,3245164,5491967618.9
2026-04-24,SUNPHARMA,,,1670.4,1673.3,1613.6,1620.4,9606128,15644965262.5
2026-04-27,SUNPHARMA,,,1625,1766.9,1621.9,1733.5,26995361,46602907335.3
2026-04-28,SUNPHARMA,,,1724,1763.9,1714.3,1747.3,16599167,28938978246.9
2026-04-29,SUNPHARMA,,,1756,1789.8,1750,1778.7,9809449,17270551999
2026-04-30,SUNPHARMA,,,1771,1815,1761.4,1808.3,4749798,8523280617.7
2026-05-04,SUNPHARMA,,,1820,1841,1810,1823.5,4206373,7664832047.5
2026-05-05,SUNPHARMA,,,1828.5,1831.7,1798.6,1820.8,3011421,5468211021.4
2026-05-06,SUNPHARMA,,,1837,1857.8,1818.4,1850.2,3247156,5988261993.6
2026-05-07,SUNPHARMA,,,1850.2,1857.1,1826.3,1834.4,2201070,4041989615.3
2026-05-08,SUNPHARMA,,,1822,1857.5,1819.2,1847.9,2837885,5240894510.2
2026-05-11,SUNPHARMA,,,1827.2,1885.8,1825,1872.7,2564978,4801011520.5
2026-05-12,SUNPHARMA,,,1875,1879.4,1840,1845.7,3263351,6078113798.1
2026-05-13,SUNPHARMA,,,1845.7,1860,1820,1824.8,1972365,3616309920.5
2026-05-14,SUNPHARMA,,,1852,1867.5,1829.7,1863.2,2429220,4507246901.6
2026-05-15,SUNPHARMA,,,1874,1887.9,1863.2,1878.2,2756465,5177652925.9
2026-05-18,SUNPHARMA,,,1878.2,1911,1865,1905.8,3456331,6548616257.4
2026-05-19,SUNPHARMA,,,1900.5,1916.6,1880,1882.3,2200951,4168235766.9
2026-05-20,SUNPHARMA,,,1880,1892.9,1872,1880.3,1376695,2590225448.2
2026-05-21,SUNPHARMA,,,1892,1899.6,1868.1,1891.3,1605806,3027052850.4
2026-05-22,SUNPHARMA,,,1903,1903,1833.1,1844.6,3610732,6708585168.8
2026-05-25,SUNPHARMA,,,1840,1849,1825,1840.6,3049028,5605161202.6
2026-05-26,SUNPHARMA,,,1830,1844.9,1815.9,1840.8,2337759,4279598286.4
2026-05-27,SUNPHARMA,,,1865,1882,1830,1844.3,1385752,2554676098.9
2026-05-29,SUNPHARMA,,,1844.3,1852.8,1785.3,1799.2,10058572,18147625466.7
2026-06-01,SUNPHARMA,,,1812,1812.1,1777.1,1796.5,2051152,3688025197.7
2026-06-02,SUNPHARMA,,,1794.2,1800,1766.5,1789.9,2885899,5147622885
2026-06-03,SUNPHARMA,,,1781,1796.3,1756.8,1788.5,4209769,7474735375.6
2026-06-04,SUNPHARMA,,,1787,1793.4,1768.6,1780.1,2343536,4169832393.1
2026-06-08,SUNPHARMA,,,1780.7,1803.5,1773.5,1788.8,3098542,5557139874.6
2026-06-09,SUNPHARMA,,,1787.7,1796.6,1766.1,1779,3756570,6686786785.9
2026-06-10,SUNPHARMA,,,1779.6,1797.6,1771,1786.4,1882009,3362007285.4
2026-06-11,SUNPHARMA,,,1780,1805,1778.7,1794.2,1858093,3334423000.5
2026-06-12,SUNPHARMA,,,1807,1814.5,1792.5,1807.7,1243362,2245942596.6
2026-06-17,SUNPHARMA,,,1814,1823.4,1802.6,1820.4,1771990,3216702656.1
2026-06-18,SUNPHARMA,,,1817.5,1830,1812.5,1824.8,2054738,3742132203.8
2026-06-19,SUNPHARMA,,,1824,1842.7,1820.9,1838.3,2126703,3898863213.1
2026-06-23,SUNPHARMA,,,1870,1902.4,1861.2,1868,2812236,5291445580.4
2026-06-24,SUNPHARMA,,,1868,1882.1,1864.9,1874.4,1406231,2635498231.7
2026-06-25,SUNPHARMA,,,1870,1887,1858,1862.8,1816438,3395464236.8
2026-06-29,SUNPHARMA,,,1876.8,1897.1,1855.9,1874.8,1655869,3115907930.4
2026-06-30,SUNPHARMA,,,1885,1892.9,1859.4,1862.5,2352774,4402345118.2
2026-07-01,SUNPHARMA,,,1877.9,1887.4,1860.2,1866.2,1230360,2303858574.1
2026-07-02,SUNPHARMA,,,1876,1882,1868.3,1871,1485296,2782975119.4
2026-07-03,SUNPHARMA,,,1880,1925.1,1871.6,1904.8,2168491,4136990778.1
2026-07-06,SUNPHARMA,,,1904,1917,1900,1912.8,1213635,2315778235.9
2026-07-07,SUNPHARMA,,,1900.6,1924.9,1898.6,1903.4,2060613,3935313752.3
2026-07-08,SUNPHARMA,,,1904,1929.5,1875.1,1888.2,2785926,5299406762.6
2026-07-09,SUNPHARMA,,,1889.9,1952,1888.2,1938.7,4446201,8604674358.5
2026-07-10,SUNPHARMA,,,1942.8,1953.9,1926.6,1935.5,1478172,2863184526
2026-07-13,SUNPHARMA,,,1925.9,1933.1,1911,1921.4,1573176,3023266097.1
2026-07-14,SUNPHARMA,,,1910,1950.8,1910,1942.6,2822124,5477408226.4
2026-07-15,SUNPHARMA,,,1955,1962.7,1943.3,1951.5,2283494,4461765356
2026-07-16,SUNPHARMA,,,1950,1957.7,1943,1950.1,1396189,2723168482.7
2026-07-17,SUNPHARMA,,,1948.7,1952.6,1922.5,1932.6,2475664,4795722023.2
2026-07-20,SUNPHARMA,,,1942,1958.8,1935,1956.4,1676034,3271908145.1
2026-07-21,SUNPHARMA,,,1952.1,1966.5,1938.2,1961.9,1412579,2765690271.1
2026-07-22,SUNPHARMA,,,1938,1951.8,1925.2,1943,1718430,3334574331.5
2026-07-23,SUNPHARMA,,,1929.1,1958.5,1926.8,1954,2057288,4000899268.2
2026-07-24,SUNPHARMA,,,1945,1959.8,1934.8,1941.1,1578929,3071104757.9
2026-07-27,SUNPHARMA,,,1948.5,1977,1933,1973.7,5414380,10604152834.7
2026-07-28,SUNPHARMA,,,1978.8,1993,1970.9,1976.7,4579529,9075722744.1
2026-07-29,SUNPHARMA,,,1977,1992.7,1960.4,1989.9,2682295,5305826340.4
2026-07-30,SUNPHARMA,,,1993.1,2017.3,1988,2001.1,2224264,4464460165.7
2026-07-31,SUNPHARMA,,,2016.4,2046.9,1965.3,1990.5,4954449,9927935717.4
2026-08-03,SUNPHARMA,,,1983.2,1988,1935.2,1963.5,3972351,7766580397.2
2026-08-04,SUNPHARMA,,,1951.1,1965,1947,1964,1452888,2843372131.2
2026-08-05,SUNPHARMA,,,1967.8,1968.2,1934,1940,2152829,4179279124.7
2026-08-06,SUNPHARMA,,,1930,1965.9,1930,1951,1864891,3644133858.5
2026-08-07,SUNPHARMA,,,1955,1957,1925.1,1945,2425268,4699863722.7
2026-08-10,SUNPHARMA,,,1949.9,1965,1939.8,1944.4,1726946,3366338556.6
2026-08-11,SUNPHARMA,,,1939,1951.1,1928.6,1942,2125972,4124775388.6
2026-08-12,SUNPHARMA,,,1942,1945.7,1926.8,1944,1536383,2971574251.4
2026-08-13,SUNPHARMA,,,1943,1946.3,1931.1,1932,1216049,2357554279.9
2026-08-14,SUNPHARMA,,,1932,1937,1914.7,1930,881282,1693975587.6
2026-08-17,SUNPHARMA,,,1945,1949.8,1880.4,1882,1893086,3597175128.7
2026-08-18,SUNPHARMA,,,1890,1899,1868.3,1875.1,1819169,3420923606.4
2026-08-19,SUNPHARMA,,,1871,1900,1871,1900,1566692,2964765972.6
2026-08-20,SUNPHARMA,,,1905,1911.6,1890.3,1904,893691,1697676546.2
2026-08-21,SUNPHARMA,,,1916,1917.4,1882.8,1902.4,1491953,2827973041.3
2026-08-24,SUNPHARMA,,,1902.4,1923,1892.6,1910,2317987,4433435790
2026-08-25,SUNPHARMA,,,1906.5,1922,1896.2,1922,1221044,2335344990.1
2026-08-26,SUNPHARMA,,,1926.9,1926.9,1899.5,1899.5,648845,1240317050.3
2026-08-27,SUNPHARMA,,,1907.1,1925,1898,1913.3,1107552,2116928095.4
2026-08-28,SUNPHARMA,,,1925,1931,1903.8,1920,1140742,2189037517
2026-08-31,SUNPHARMA,,,1917,1984.8,1905,1984.8,2413221,4700094009.5
2026-09-01,SUNPHARMA,,,1963.1,1963.1,1921.1,1929,3595272,6950890594.9
2026-09-02,SUNPHARMA,,,1910,1948.5,1910,1931.7,1245419,2404602172.2
2026-09-03,SUNPHARMA,,,1932,1936.8,1913,1916,1205188,2313911182.2
2026-09-04,SUNPHARMA,,,1912,1917.3,1895,1899,761333,1448655808.5
2026-09-07,SUNPHARMA,,,1899,1907.8,1883.1,1895,1579345,2987028443.2
2026-09-08,SUNPHARMA,,,1892,1895.6,1876.8,1885.9,1422627,2683821802.6
2026-09-09,SUNPHARMA,,,1892.6,1898.6,1864.9,1864.9,1396896,2616584979.8
2026-09-10,SUNPHARMA,,,1865.9,1875.3,1840.5,1861,1178648,2183354904.1
2026-09-11,SUNPHARMA,,,1845,1854.5,1834,1840,1445071,2665354606
2026-09-15,SUNPHARMA,,,1854.6,1856.8,1828,1835,1437151,2645882089.4
2026-09-16,SUNPHARMA,,,1843.6,1857.4,1837,1853.5,1370607,2535871963.1
2026-09-17,SUNPHARMA,,,1853.5,1867.3,1847.4,1867.3,1377506,2560315081.2
2026-09-18,SUNPHARMA,,,1866.1,1877.2,1837.3,1837.3,2896860,5358855632.9
