date,symbol,series,isin,open,high,low,close,volume,turnover
2010-01-04,TATASTEEL,,,622,636.5,616.9,633.75,5569757,3501787576.85
2010-01-05,TATASTEEL,,,638.55,654.8,638.55,649.1,7801935,5060915931.75
2010-01-06,TATASTEEL,,,660,660,637,642.05,7350435,4743348971.15
2010-01-07,TATASTEEL,,,644.9,652.8,640.1,649.8,7635704,4936949381.15
2010-01-08,TATASTEEL,,,651,661.5,640.9,648.45,8199586,5335209123.35
2010-01-11,TATASTEEL,,,650,655.9,645.2,648.5,6640749,4323267657.1
2010-01-12,TATASTEEL,,,641.5,648.75,623.85,625.55,6832387,4337976765.35
2010-01-13,TATASTEEL,,,615,641.8,615,639.25,10315049,6516620937.45
2010-01-14,TATASTEEL,,,644.75,651.2,641.55,647.7,6642444,4291637325.7
2010-01-15,TATASTEEL,,,650,650.95,640,645.15,4292540,2766776693.55
2010-01-18,TATASTEEL,,,642,642,630.75,637.5,5948930,3782507345.6
2010-01-19,TATASTEEL,,,636,645.6,632,637.65,5015647,3207006885.35
2010-01-20,TATASTEEL,,,638,657.4,638,653.7,7929039,5145104382.25
2010-01-21,TATASTEEL,,,649.5,659.5,642.25,648,10916900,7108483682.7
2010-01-22,TATASTEEL,,,641.1,641.1,617,624.55,8780340,5496902317.25
2010-01-25,TATASTEEL,,,620,625.7,606.9,609.9,5328645,3270058827.2
2010-01-27,TATASTEEL,,,599.9,605.7,553.25,559.65,10905233,6303503713.75
2010-01-28,TATASTEEL,,,566,589.4,565,585.4,12582874,7251186530.45
2010-01-29,TATASTEEL,,,578,581,551.7,569.1,11590124,6560178436.15
2010-02-01,TATASTEEL,,,560,584.8,557.95,579.85,6917219,3982528232.55
2010-02-02,TATASTEEL,,,585,594.6,570.65,573.3,9193208,5364664914.65
2010-02-03,TATASTEEL,,,578,603.6,577.1,600.4,9026480,5367685069.7
2010-02-04,TATASTEEL,,,596,596,574,577.7,6958982,4072595007.75
2010-02-05,TATASTEEL,,,540,561.5,540,550.2,8789441,4841837916.2
2010-02-08,TATASTEEL,,,550,565.9,528.1,533.85,14263921,7704250274.05
2010-02-09,TATASTEEL,,,531,542.2,530,533.55,7347298,3942083115.5
2010-02-10,TATASTEEL,,,536,544.7,519.3,522.45,6927734,3707762079.15
2010-02-11,TATASTEEL,,,524.85,538.35,524.85,533.95,6424782,3421186136.6
2010-02-15,TATASTEEL,,,537.5,544.5,530.6,539.9,7261457,3906330588.2
2010-02-16,TATASTEEL,,,542,552,540.05,550.1,6424900,3517445289.4
2010-02-17,TATASTEEL,,,545.1,586.3,545.1,584.35,9588185,5548523656.55
2010-02-18,TATASTEEL,,,584,587,570.1,577.15,4882515,2809336954.95
2010-02-19,TATASTEEL,,,568,572.4,556.55,560.75,7575148,4269068757.65
2010-02-22,TATASTEEL,,,568,580.4,567,572.75,5758609,3305403484.6
2010-02-23,TATASTEEL,,,567.1,580.4,565.1,575.5,5695239,3267472245.8
2010-02-24,TATASTEEL,,,572,574.8,563.55,567.3,5146093,2930313092.8
2010-02-25,TATASTEEL,,,569,574,560.05,569.25,4366133,2470806996.15
2010-02-26,TATASTEEL,,,570,592.3,564,574.35,5474152,3165251257.2
2010-03-02,TATASTEEL,,,581.15,610.75,581.15,608.9,6672759,4011775179.75
2010-03-03,TATASTEEL,,,610,617.3,604.3,608.2,6214107,3800939742.6
2010-03-04,TATASTEEL,,,610,620.6,603.1,617.55,7308328,4472619192.95
2010-03-05,TATASTEEL,,,620,627.5,616,618.1,4629661,2878780399.45
2010-03-08,TATASTEEL,,,623.65,628,616.75,621.75,4379701,2725787845.85
2010-03-09,TATASTEEL,,,620,622.35,611,614.7,3760466,2314832471.25
2010-03-10,TATASTEEL,,,616.05,619.7,602.5,612.2,3534798,2161503765.05
2010-03-11,TATASTEEL,,,612,615,602.4,608.3,3344042,2030584972.55
2010-03-12,TATASTEEL,,,610,613.9,603.65,607.55,4003456,2436159697.25
2010-03-15,TATASTEEL,,,605.2,616.9,604.15,610.05,3397854,2081759573.2
2010-03-16,TATASTEEL,,,610.9,631,608.25,627.2,4462541,2760956425.95
2010-03-17,TATASTEEL,,,536,643.5,536,632.1,5722422,3644988555.1
2010-03-18,TATASTEEL,,,635,641.65,630.1,639.2,4070479,2587585601.15
2010-03-19,TATASTEEL,,,640.5,645.5,636.35,644.25,3444527,2210059566.2
2010-03-22,TATASTEEL,,,636.15,643.7,626.65,629.05,3846658,2446529301.4
2010-03-23,TATASTEEL,,,632,640.25,628.6,637.95,3779833,2403432714.9
2010-03-25,TATASTEEL,,,637,640.9,624.55,638.2,4284271,2715560357.7
2010-03-26,TATASTEEL,,,640,650,636.3,644.1,3672833,2370923128.6
2010-03-29,TATASTEEL,,,639.8,650.85,636.4,643.55,2553963,1651146448.05
2010-03-30,TATASTEEL,,,645,650,632.1,634.75,3017309,1941111895.7
2010-03-31,TATASTEEL,,,635,639.6,626.1,632.05,3943798,2495035312.6
2010-04-01,TATASTEEL,,,636,654,635.2,652.2,4256033,2749332826.35
2010-04-05,TATASTEEL,,,655.2,679.8,655.2,678.5,6019755,4037061574.05
2010-04-06,TATASTEEL,,,681.5,694.9,673,687.6,5850879,4003513431.15
2010-04-07,TATASTEEL,,,690,692.8,677.5,685.65,3908562,2678862055.8
2010-04-08,TATASTEEL,,,680,739,668.2,671.25,3890652,2632678898.1
2010-04-09,TATASTEEL,,,674,686,671.2,676.2,3158059,2144434164.95
2010-04-12,TATASTEEL,,,678,688.4,670.5,684.25,4104603,2800489393.9
2010-04-13,TATASTEEL,,,682.45,693.5,675.55,691.95,5211657,3572218917.75
2010-04-15,TATASTEEL,,,695.9,701.3,678.1,686.1,5249737,3643070975.2
2010-04-16,TATASTEEL,,,684,698.3,676,695.7,4318168,2966672070.95
2010-04-19,TATASTEEL,,,682.7,688,662.45,669.8,6370332,4275300565.45
2010-04-20,TATASTEEL,,,673,685,665.5,670.85,4387411,2946789312.85
2010-04-21,TATASTEEL,,,673.1,679.8,665.7,668.85,3137485,2107906176.25
2010-04-22,TATASTEEL,,,665.1,673.45,649.7,655.3,6551436,4338616026
2010-04-23,TATASTEEL,,,656,662.7,643.05,648.35,6395052,4160204648.3
2010-04-26,TATASTEEL,,,650,664.7,650,656.85,4236696,2794161926.75
2010-04-27,TATASTEEL,,,655.1,657.7,646.35,647.5,3649476,2378657412.65
2010-04-28,TATASTEEL,,,644,644,622.35,624.35,5097550,3216113637.25
2010-04-29,TATASTEEL,,,628,640.6,626.3,632.65,5230105,3319291171.45
2010-04-30,TATASTEEL,,,640.5,644,615,618.85,7474309,4687539220.05
2010-05-03,TATASTEEL,,,610,617.85,604,607.05,5477207,3345287822.2
2010-05-04,TATASTEEL,,,607,629.85,572.15,577.85,8712154,5167300384.75
2010-05-05,TATASTEEL,,,570,577.4,555.7,573.1,11731479,6635583377.3
2010-05-06,TATASTEEL,,,573,579.9,561.2,575.9,8053523,4604581651.9
2010-05-07,TATASTEEL,,,560,569,552.45,558.35,7095954,3977247808.6
2010-05-10,TATASTEEL,,,598.9,606,564,601.45,7652080,4501547959.4
2010-05-11,TATASTEEL,,,605,608.8,579,582.05,9110721,5398883603.7
2010-05-12,TATASTEEL,,,582,588,572,584.45,6387978,3710826661.3
2010-05-13,TATASTEEL,,,585,593.65,571.55,575.1,5536496,3223928852.2
2010-05-14,TATASTEEL,,,574,574,545.5,547.95,8098780,4523495455.8
2010-05-17,TATASTEEL,,,532.55,540.8,523,536.35,10980267,5829346534.35
2010-05-18,TATASTEEL,,,538.8,541.3,527.5,530.3,9404348,5017739655.9
2010-05-19,TATASTEEL,,,525,529.5,510.35,512.5,10840352,5641913122.8
2010-05-20,TATASTEEL,,,515,522,504,508.15,8859344,4545686556.95
2010-05-21,TATASTEEL,,,497.5,513,487.3,509.25,12330468,6158276522.5
2010-05-24,TATASTEEL,,,516,524,495.1,501.05,6739616,3457625164.55
2010-05-25,TATASTEEL,,,495,495,474.25,476.65,10992461,5323012345.8
2010-05-26,TATASTEEL,,,478,498.15,477.1,484.45,12786725,6198490765.75
2010-05-27,TATASTEEL,,,483,497.4,473.55,492.35,18578867,9030778295.85
2010-05-28,TATASTEEL,,,500,508.5,490.05,496.85,14624253,7324390188.85
2010-05-31,TATASTEEL,,,496.85,502.85,486.25,500.7,9130421,4508995049.5
2010-06-01,TATASTEEL,,,500,507.8,477,480,11520743,5681356957.55
2010-06-02,TATASTEEL,,,485,486.9,476.4,484.3,9941561,4783700187.6
2010-06-03,TATASTEEL,,,490.1,494.7,483.25,485.8,9458420,4633584529.95
2010-06-04,TATASTEEL,,,484.5,490,478.55,485.25,8232769,3988041787.8
2010-06-07,TATASTEEL,,,471,471,457.5,462.15,8345442,3875449727.5
2010-06-08,TATASTEEL,,,464.25,466.9,449.1,451.4,9002301,4130930096.95
2010-06-09,TATASTEEL,,,453,466.3,450.55,463.05,11085765,5097884989
2010-06-10,TATASTEEL,,,468.8,473.35,457.7,471.45,7726186,3595769040.85
2010-06-11,TATASTEEL,,,475,478.4,470.65,473.6,6951140,3299981713.45
2010-06-14,TATASTEEL,,,476.1,486.4,475.55,484.2,5379899,2595403954.8
2010-06-15,TATASTEEL,,,484.2,493.75,480.65,491.9,6009094,2930184654.1
2010-06-16,TATASTEEL,,,495.1,498,483.8,485.55,6699682,3288904779.15
2010-06-17,TATASTEEL,,,486,486.95,476.45,480.95,7688313,3703801549.45
2010-06-18,TATASTEEL,,,482.6,486.4,471.2,473.75,6006502,2871871113.05
2010-06-21,TATASTEEL,,,480.1,506.45,480.1,504.8,10355747,5167396571.55
2010-06-22,TATASTEEL,,,508,508,492.3,494.05,7213946,3587211240.75
2010-06-23,TATASTEEL,,,491,501.8,489.45,497.6,8072678,3999670929.85
2010-06-24,TATASTEEL,,,498,506.5,495,498.4,8992919,4506565128.4
2010-06-25,TATASTEEL,,,498,501.9,488.3,490.05,5992416,2968960918.15
2010-06-28,TATASTEEL,,,490.3,501.65,490.3,500.1,4142000,2057380996.7
2010-06-29,TATASTEEL,,,499.8,500,480,481.6,6807542,3317808525.1
2010-06-30,TATASTEEL,,,470.1,487.45,470.1,485.65,5948659,2856885860.65
2010-07-01,TATASTEEL,,,483.7,486,472.25,475,4968836,2363011997.7
2010-07-02,TATASTEEL,,,475.1,481,471.15,474.95,5373611,2559394218.5
2010-07-05,TATASTEEL,,,476,476.1,470,471.75,2536063,1200096331.55
2010-07-06,TATASTEEL,,,473,481.95,468.1,480.4,5299286,2528797987.15
2010-07-07,TATASTEEL,,,484,484,473.5,474.9,7573571,3623625574.1
2010-07-08,TATASTEEL,,,484,488.9,478.1,484.75,5308383,2577918671.8
2010-07-09,TATASTEEL,,,488.75,497.9,486.5,495.95,6379763,3150061282.15
2010-07-12,TATASTEEL,,,495,506,491.5,497.75,7715948,3859214550.85
2010-07-13,TATASTEEL,,,495.2,512.35,495,508.8,7772001,3909601964.45
2010-07-14,TATASTEEL,,,515,519.5,504,505.9,6797980,3483470948
2010-07-15,TATASTEEL,,,507,517,506.1,512.75,7499677,3843222046.4
2010-07-16,TATASTEEL,,,514,518,507,508.75,4081144,2087077193.1
2010-07-19,TATASTEEL,,,502,514.2,502,511.3,4053992,2070908151.35
2010-07-20,TATASTEEL,,,515,519.4,505.25,509.35,5124470,2637579000.7
2010-07-21,TATASTEEL,,,518,532.35,511.15,530.85,11085224,5813522420.55
2010-07-22,TATASTEEL,,,530,542.4,522.25,540.85,10655323,5695386317.35
2010-07-23,TATASTEEL,,,541,548.9,533.5,535.65,6695803,3609380253.75
2010-07-26,TATASTEEL,,,536.2,540.95,460,532.4,4554548,2434167908.9
2010-07-27,TATASTEEL,,,540,542,526.2,529.85,5288075,2812934166.45
2010-07-28,TATASTEEL,,,530.1,539.4,529.25,532.6,4876698,2607088883.6
2010-07-29,TATASTEEL,,,531,536.5,527.4,533.1,4028848,2144024959.3
2010-07-30,TATASTEEL,,,530,543.8,530,537,5611981,3023657166.35
2010-08-02,TATASTEEL,,,450,548.8,450,547.25,3862477,2102959662.7
2010-08-03,TATASTEEL,,,550,551.25,543.2,547,4208880,2304632835.25
2010-08-04,TATASTEEL,,,547,549.9,537.1,540.55,2497803,1350981104.35
2010-08-05,TATASTEEL,,,544.45,547,537.05,538.25,2789059,1510662427.1
2010-08-06,TATASTEEL,,,537.9,544.65,529.5,531.5,3267770,1755090414.3
2010-08-09,TATASTEEL,,,534,542,531.15,540.1,2521632,1356367047.9
2010-08-10,TATASTEEL,,,541,553.3,533.65,536.35,7274694,3952496318
2010-08-11,TATASTEEL,,,538,547.8,518.65,520.25,8385139,4436018434.55
2010-08-12,TATASTEEL,,,518,531,507.5,519.95,12127388,6288002864.55
2010-08-13,TATASTEEL,,,540,540,523.8,527.2,7841941,4164532570.95
2010-08-16,TATASTEEL,,,528.15,536.85,515,517.8,7548837,3966501031.95
2010-08-17,TATASTEEL,,,518.8,523.8,511.2,513.6,7239774,3729262999.65
2010-08-18,TATASTEEL,,,515,522.95,514.35,521.85,5582769,2898632444.1
2010-08-19,TATASTEEL,,,521.85,529.45,518.4,522.3,4673138,2452608656.95
2010-08-20,TATASTEEL,,,520,522.9,517.05,518.9,4428386,2301873837.65
2010-08-23,TATASTEEL,,,520,526.8,519.65,521.55,4469905,2338691496.4
2010-08-24,TATASTEEL,,,521.55,525.9,510.4,513.75,4371835,2256391361.35
2010-08-25,TATASTEEL,,,511,513,493,497,9143833,4563968168.7
2010-08-26,TATASTEEL,,,500,504.8,497,501.85,5944864,2982636671.75
2010-08-27,TATASTEEL,,,505,522,502,510.15,9449492,4856834109.9
2010-08-30,TATASTEEL,,,521,529.4,520.15,527.9,7636592,4011929940.45
2010-08-31,TATASTEEL,,,524.1,527.65,515.55,522.7,7258494,3783643603.65
2010-09-01,TATASTEEL,,,526,539,525.7,537.95,7598717,4063331940.3
2010-09-02,TATASTEEL,,,542,547,540.1,544.05,5960422,3243176242.45
2010-09-03,TATASTEEL,,,545,546,536.35,540.95,3572009,1931923643.05
2010-09-06,TATASTEEL,,,544,577.65,543.1,575.7,15839067,8939329870.7
2010-09-07,TATASTEEL,,,573.2,584.45,570.25,576.4,8773703,5077953793.1
2010-09-08,TATASTEEL,,,572,586.55,567.9,580.6,8155578,4713188295.2
2010-09-09,TATASTEEL,,,583,596.65,575.05,593.65,8488801,4982489292.3
2010-09-13,TATASTEEL,,,599,606.7,595.4,601.5,7502395,4517157280.9
2010-09-14,TATASTEEL,,,604.4,615.85,595.1,596.9,7826248,4739159793.95
2010-09-15,TATASTEEL,,,600,609.75,598.4,603.7,7214257,4360002786.65
2010-09-16,TATASTEEL,,,606.9,610.7,592.1,595.35,7029403,4230708106.95
2010-09-17,TATASTEEL,,,597.35,614.25,597.35,604.8,9837840,5966841338.25
2010-09-20,TATASTEEL,,,606.95,621.9,605.6,618,8336195,5129450476.35
2010-09-21,TATASTEEL,,,620.2,623.75,610.5,615.35,6881203,4236035314.2
2010-09-22,TATASTEEL,,,619,628.3,613.4,618.85,7645842,4746199245.85
2010-09-23,TATASTEEL,,,621,624.5,612,623.5,6741147,4171745115.9
2010-09-24,TATASTEEL,,,625,633.9,624,629.95,5854931,3684028728.95
2010-09-27,TATASTEEL,,,635.5,649.5,634.2,645.9,7181156,4628628111.15
2010-09-28,TATASTEEL,,,645,655.9,642,651.65,6858462,4436618155.8
2010-09-29,TATASTEEL,,,650.2,664.7,650.2,653.1,7108846,4672191635.8
2010-09-30,TATASTEEL,,,653,658,642.1,651.85,7579739,4917479060.05
2010-10-01,TATASTEEL,,,653.5,674.25,653.5,667.8,8031126,5349194040.45
2010-10-04,TATASTEEL,,,672,680.6,666.35,669.7,5318060,3575694657.4
2010-10-05,TATASTEEL,,,672,677.5,666.2,668.35,3989613,2679169965.45
2010-10-06,TATASTEEL,,,673.95,685,671.1,678.25,5549970,3766274242.5
2010-10-07,TATASTEEL,,,680,682,647.1,649.7,7710573,5102339382.9
2010-10-08,TATASTEEL,,,654.95,658.95,619.3,626.6,15657736,9920658888
2010-10-11,TATASTEEL,,,644.75,644.75,631.25,640.1,4675599,2987174653.05
2010-10-12,TATASTEEL,,,641,642,625,633.35,4604571,2904091508.75
2010-10-13,TATASTEEL,,,636.6,640,631.5,637.85,7070501,4500829440.55
2010-10-14,TATASTEEL,,,640.65,659.4,640.65,652.5,7999536,5220025964.1
2010-10-15,TATASTEEL,,,645.6,658.6,631.1,635.85,4569540,2956956502.7
2010-10-18,TATASTEEL,,,652.9,652.9,625,646.05,4662900,2962762285.55
2010-10-19,TATASTEEL,,,650.05,652.55,630.5,633.15,4659777,2991739536.35
2010-10-20,TATASTEEL,,,625,629.5,614.1,615.7,7034978,4362152288.1
2010-10-21,TATASTEEL,,,619.05,631.8,617.85,628.4,4654563,2911345619.7
2010-10-22,TATASTEEL,,,632,633,616,617.5,5741070,3574756532
2010-10-25,TATASTEEL,,,624.4,630.8,619.1,620.25,5557203,3473550835.2
2010-10-26,TATASTEEL,,,621.6,624.95,602.8,605.65,8082818,4954290924.55
2010-10-27,TATASTEEL,,,602.25,616.9,601.9,614.9,6989113,4265035939.2
2010-10-28,TATASTEEL,,,617.5,619.4,601.1,603.85,7831172,4767157262
2010-10-29,TATASTEEL,,,605.1,605.45,581,589.4,7345044,4344354017.3
2010-11-01,TATASTEEL,,,600.25,602.95,590.6,591.9,5511066,3285520574.9
2010-11-02,TATASTEEL,,,594.45,601.7,588,599.05,6050590,3610700370.2
2010-11-03,TATASTEEL,,,603.2,613.4,601.65,609.6,4992288,3043278700.3
2010-11-04,TATASTEEL,,,617.5,622.6,615.1,621.5,4223325,2616390579.05
2010-11-05,TATASTEEL,,,627.3,629,621.25,623.55,1078802,674165548
2010-11-08,TATASTEEL,,,626,638.65,620.8,633.2,5703252,3606913638.1
2010-11-09,TATASTEEL,,,635.4,644.85,632.9,641.3,5576576,3570805092.15
2010-11-10,TATASTEEL,,,641.9,647.5,636,637.4,3410366,2188986793.7
2010-11-11,TATASTEEL,,,638.6,648.4,627.35,631.05,4895910,3132852856
2010-11-12,TATASTEEL,,,628.6,630.8,603.5,606.95,6890023,4242956579.9
2010-11-15,TATASTEEL,,,621.9,623.9,608.1,618.3,7086783,4368863544.45
2010-11-16,TATASTEEL,,,620.9,623.95,594.4,605.95,8892872,5403077413.75
2010-11-18,TATASTEEL,,,609.45,626.5,596.55,623.45,7427944,4565163305.85
2010-11-19,TATASTEEL,,,623.9,624.35,601.25,606.05,5985869,3675868438.4
2010-11-22,TATASTEEL,,,610.55,627.05,608.7,624.85,4906765,3035365691.8
2010-11-23,TATASTEEL,,,616,622.8,602.85,612.15,5884331,3612585364.75
2010-11-24,TATASTEEL,,,613.5,625.6,612.5,616.6,6368751,3942541757.1
2010-11-25,TATASTEEL,,,620.4,623.6,600.1,602.7,5886194,3597519248.1
2010-11-26,TATASTEEL,,,606.4,608.15,581.7,598.8,8551701,5096323786.2
2010-11-29,TATASTEEL,,,600.2,605,585.8,591.85,5725583,3393122838.05
2010-11-30,TATASTEEL,,,589,589,574.1,584.8,7829179,4558598626.15
2010-12-01,TATASTEEL,,,587.9,614.8,587,613.55,6227503,3775705560.1
2010-12-02,TATASTEEL,,,621.9,630.3,616.55,622.75,5541163,3451327706.5
2010-12-03,TATASTEEL,,,623.5,624.8,606.4,614.55,4493647,2761368564.1
2010-12-06,TATASTEEL,,,621.9,639.9,620,635.05,8358442,5302895113.6
2010-12-07,TATASTEEL,,,639.4,644.35,633.1,639.35,6892610,4404682012.1
2010-12-08,TATASTEEL,,,635.4,636.3,621.2,624.25,4842778,3037982317.95
2010-12-09,TATASTEEL,,,628.5,630,600.1,604.55,5908934,3624599987.75
2010-12-10,TATASTEEL,,,602.75,621,594.45,619,5080436,3108239235.8
2010-12-13,TATASTEEL,,,620,634,616.8,631,5208415,3264246243.65
2010-12-14,TATASTEEL,,,633,649,632,646.6,5697913,3658486529.75
2010-12-15,TATASTEEL,,,644.85,652.65,636.75,642.75,5868371,3780528468.1
2010-12-16,TATASTEEL,,,645,662.65,641.8,660.4,9004384,5874052415.4
2010-12-20,TATASTEEL,,,654.1,671.8,653.3,666.4,6483762,4314971482
2010-12-21,TATASTEEL,,,667.1,678.75,666.3,676.2,4329791,2919652336.25
2010-12-22,TATASTEEL,,,677.3,682.7,666.8,672.9,6263393,4226568185.8
2010-12-23,TATASTEEL,,,675.05,677.8,659.25,661.35,5126417,3406562393.7
2010-12-24,TATASTEEL,,,659.8,675.7,655.05,672.85,3964660,2649224840.2
2010-12-27,TATASTEEL,,,672.15,678,661.55,662.55,2795912,1865293773.85
2010-12-28,TATASTEEL,,,665,669.75,662.7,665,2142095,1426964523.8
2010-12-29,TATASTEEL,,,667.25,672,666,668.05,2184895,1462730531.9
2010-12-30,TATASTEEL,,,670.6,676.6,670,672.75,3546859,2387151995.65
2010-12-31,TATASTEEL,,,675.2,684.3,672,680.4,3986647,2708522839.75
2011-01-03,TATASTEEL,,,685.2,707.5,685.1,704.05,6654183,4656310511.35
2011-01-04,TATASTEEL,,,708.6,713.9,693.25,694.7,7941862,5567057201.4
2011-01-05,TATASTEEL,,,696.5,696.65,677.25,680.95,4927314,3376225964.05
2011-01-06,TATASTEEL,,,687.75,690.85,681.5,683.3,3796821,2599996204.15
2011-01-07,TATASTEEL,,,684.5,687.95,656.15,661.25,5833137,3918251925.6
2011-01-10,TATASTEEL,,,660,665.7,645,650.7,6248386,4105997089.5
2011-01-11,TATASTEEL,,,649,660.4,640.75,646.55,5881549,3838524261.45
2011-01-12,TATASTEEL,,,648.1,658.6,626.25,648.9,8540118,5475337967.6
2011-01-13,TATASTEEL,,,651.8,656,635,637.55,6814063,4378634403.1
2011-01-14,TATASTEEL,,,635,636.6,617.5,622.45,6774083,4252724796.4
2011-01-17,TATASTEEL,,,617.15,628,613.2,625.65,5086554,3167651114.05
2011-01-18,TATASTEEL,,,627,638.8,627,632.6,5859522,3713090895.7
2011-01-19,TATASTEEL,,,633.9,644.5,633.05,639.6,5766370,3689688586.5
2011-01-20,TATASTEEL,,,633.9,643.25,630.6,634.2,6370340,4053470190.5
2011-01-21,TATASTEEL,,,630.25,635,627,629.55,3699447,2332249547.65
2011-01-24,TATASTEEL,,,628.9,652.3,625,649.25,6239754,4008780782
2011-01-25,TATASTEEL,,,650.4,664.5,650.3,655.35,5957137,3916878754.85
2011-01-27,TATASTEEL,,,657.2,660.4,647.3,650.1,5277240,3447225786.8
2011-01-28,TATASTEEL,,,647,654.5,630.2,637.45,4677143,3000714100.3
2011-01-31,TATASTEEL,,,621,641.95,618,639.7,6847368,4312664879.75
2011-02-01,TATASTEEL,,,637.45,642.8,627.1,631.75,6381790,4047613817.8
2011-02-02,TATASTEEL,,,631.1,634.95,615.8,626.25,15400454,9666893667
2011-02-03,TATASTEEL,,,625.7,640.9,625.7,638.1,5446815,3463030975.8
2011-02-04,TATASTEEL,,,637.75,652,632,635.9,7009139,4515144779.75
2011-02-07,TATASTEEL,,,639.7,645.5,634.1,640.4,5215202,3340298043.9
2011-02-08,TATASTEEL,,,645.1,645.1,616.3,619.7,6296400,3949738016.4
2011-02-09,TATASTEEL,,,618.9,620.7,595.15,599.15,8262906,5035145164.9
2011-02-10,TATASTEEL,,,599,604.5,581.15,600.55,8597850,5095493901.6
2011-02-11,TATASTEEL,,,602,602.9,575.1,595.3,8848231,5188249933.3
2011-02-14,TATASTEEL,,,607.3,623,599.5,620.25,5332188,3272095716.05
2011-02-15,TATASTEEL,,,624,627,612,616.6,5880897,3637490068.3
2011-02-16,TATASTEEL,,,610,644.5,605.8,641.4,10190332,6457528929.35
2011-02-17,TATASTEEL,,,644,657,641.55,655.1,6194671,4026884968
2011-02-18,TATASTEEL,,,656.6,661.4,634.15,638.35,5729230,3712080551.4
2011-02-21,TATASTEEL,,,641.4,641.4,622.35,637.45,5239382,3313580228.8
2011-02-22,TATASTEEL,,,630.9,631,620.3,624.35,5021610,3139568473.75
2011-02-23,TATASTEEL,,,622.9,737,614.45,627,4404726,2744833227.95
2011-02-24,TATASTEEL,,,624,625.95,595.1,602.65,7626749,4644475123.75
2011-02-25,TATASTEEL,,,608.1,611.4,591.2,606.85,7746202,4654251539.45
2011-02-28,TATASTEEL,,,614,616.6,599.3,607.15,6454629,3923717529.4
2011-03-01,TATASTEEL,,,611.15,635.8,609.2,634.45,5463087,3416048209.35
2011-03-03,TATASTEEL,,,630,632.4,618.1,624.4,5210791,3259681573.35
2011-03-04,TATASTEEL,,,630.2,633.15,616.2,618.2,4024382,2502431740.3
2011-03-07,TATASTEEL,,,613.45,613.65,595.1,602.75,4484370,2701564468.6
2011-03-08,TATASTEEL,,,607,618.6,603.1,616,4271352,2618646362.35
2011-03-09,TATASTEEL,,,618,620.55,607,612.95,3493731,2141847762.3
2011-03-10,TATASTEEL,,,611,611,595.2,596.55,6225753,3742578779.35
2011-03-11,TATASTEEL,,,594.45,594.45,577.15,581.3,7305090,4274604116.25
2011-03-14,TATASTEEL,,,582.1,602.8,582.1,601.1,5321900,3166281717.2
2011-03-15,TATASTEEL,,,585,599.9,575,593.3,7669829,4522753572.3
2011-03-16,TATASTEEL,,,596.5,607.5,596.5,599.55,5277132,3178701259.55
2011-03-17,TATASTEEL,,,590.55,599.7,590,592.7,3754502,2233941839.5
2011-03-18,TATASTEEL,,,599.05,603.45,593.1,597.15,4236594,2533950376.4
2011-03-21,TATASTEEL,,,601,606,596.55,601.45,3517966,2117356487.5
2011-03-22,TATASTEEL,,,605,610.5,603.15,604.8,2966204,1799534342.45
2011-03-23,TATASTEEL,,,604.85,611.8,603.9,610.4,2767019,1685071938.4
2011-03-24,TATASTEEL,,,615,616.4,605.65,609.75,3390629,2069292815.75
2011-03-25,TATASTEEL,,,616.9,616.9,608.3,615.45,3961423,2427363855.55
2011-03-28,TATASTEEL,,,614.7,620.15,610.05,613.4,2865839,1763674887.55
2011-03-29,TATASTEEL,,,612.5,618.45,608.4,612.9,4818001,2953687151.25
2011-03-30,TATASTEEL,,,616,622.95,614.7,615.8,3326517,2058555987.15
2011-03-31,TATASTEEL,,,617.2,626.85,614,622.25,4877861,3021729244.8
2011-04-01,TATASTEEL,,,623,629.95,620.25,626.6,2507074,1570381500.65
2011-04-04,TATASTEEL,,,627.1,634.2,625.7,631.15,2221178,1401438185.55
2011-04-05,TATASTEEL,,,633.6,637.9,623.25,635.2,3142374,1981108173.85
2011-04-06,TATASTEEL,,,636,640.55,631.15,634.4,2526191,1606447161.95
2011-04-07,TATASTEEL,,,636,642,634,638.35,2501434,1598321399.3
2011-04-08,TATASTEEL,,,638.5,641.9,625.7,629.85,2243840,1418531594.4
2011-04-11,TATASTEEL,,,629,634.9,623.1,624.95,1955256,1227855335.2
2011-04-13,TATASTEEL,,,621.55,640,619.4,636.4,2095836,1322680084.35
2011-04-15,TATASTEEL,,,634.4,638,628.2,630.6,2490098,1575644258.2
2011-04-18,TATASTEEL,,,631.9,636.3,609.5,612.1,3364494,2088521903.95
2011-04-19,TATASTEEL,,,608,617,605.05,609.4,3180718,1944201335.9
2011-04-20,TATASTEEL,,,616,626.5,615.8,624.5,2674520,1662850534.6
2011-04-21,TATASTEEL,,,628.25,633,626.55,630.05,2184463,1376410029.6
2011-04-25,TATASTEEL,,,629.75,634.7,625.35,626.7,2208210,1392797304.35
2011-04-26,TATASTEEL,,,628,628.95,615.6,627.4,2661521,1657402112.15
2011-04-27,TATASTEEL,,,630,632.9,619.05,620.05,2197869,1374643781.7
2011-04-28,TATASTEEL,,,623.1,624.3,612,613.45,2911765,1796289293.45
2011-04-29,TATASTEEL,,,614.1,619.4,610.5,616.5,1881743,1158217008.45
2011-05-02,TATASTEEL,,,616,619,607.05,614.65,2062758,1262780482.5
2011-05-03,TATASTEEL,,,612.6,614.8,600,603.25,2407590,1464722050.15
2011-05-04,TATASTEEL,,,601.15,603.95,588.2,589.75,3839020,2286759954.05
2011-05-05,TATASTEEL,,,590,594.35,581,583.05,2414378,1419925318.5
2011-05-06,TATASTEEL,,,584.7,596.5,583,594.5,2472304,1456347852.6
2011-05-09,TATASTEEL,,,598,600.8,590.1,595.1,1943396,1158238476.1
2011-05-10,TATASTEEL,,,594,596.7,583,588.4,2785346,1644709154.25
2011-05-11,TATASTEEL,,,590,597.4,588.5,594.2,2008733,1192122057.8
2011-05-12,TATASTEEL,,,592,592.95,583.1,584.7,2498455,1468094279.9
2011-05-13,TATASTEEL,,,586.1,602,584.8,594,2509669,1493372010.95
2011-05-16,TATASTEEL,,,593,593,576.4,577.8,2748259,1601626143
2011-05-17,TATASTEEL,,,580.2,585,566.7,573.95,3323791,1917116097.75
2011-05-18,TATASTEEL,,,576,578.9,566.25,571.7,2530819,1445866725.25
2011-05-19,TATASTEEL,,,569.05,574.85,560.65,562.75,2980177,1688159996.35
2011-05-20,TATASTEEL,,,564.7,583.7,563,579.55,3184165,1829490428.45
2011-05-23,TATASTEEL,,,574.55,574.55,557.55,559.4,2338773,1317467299.35
2011-05-24,TATASTEEL,,,557.25,568.9,553.55,566.5,4884222,2741397593.95
2011-05-25,TATASTEEL,,,567.7,570.25,558.25,561.2,4416265,2488356367.25
2011-05-26,TATASTEEL,,,575,579.9,566,574.15,6208448,3566137397.05
2011-05-27,TATASTEEL,,,578,588.4,565.7,585.2,4853821,2806355634.05
2011-05-30,TATASTEEL,,,586.9,586.9,577.1,579.3,2396211,1391668819.9
2011-05-31,TATASTEEL,,,585.45,590,579.3,589,2664902,1561958830.45
2011-06-01,TATASTEEL,,,592,597.45,580.1,582.3,4662509,2730024945.5
2011-06-02,TATASTEEL,,,577,577,571.5,574.9,2134221,1226070278.8
2011-06-03,TATASTEEL,,,577.3,583.3,571,573.25,2429921,1400875168.45
2011-06-06,TATASTEEL,,,573,573,564.3,567.9,2756340,1565068646.3
2011-06-07,TATASTEEL,,,567,580,566,577.95,2098576,1205043782.75
2011-06-08,TATASTEEL,,,575.1,581.3,574.5,577.7,2500898,1444823860.55
2011-06-09,TATASTEEL,,,577,581.7,574.4,577.05,2345636,1356054230.1
2011-06-10,TATASTEEL,,,577.5,578.8,566.2,569.45,3511665,2008632716.5
2011-06-13,TATASTEEL,,,568,568,560.55,562.95,4827155,2723859255
2011-06-14,TATASTEEL,,,566,566.95,558.45,561,3238731,1820768732
2011-06-15,TATASTEEL,,,562,566.35,560.25,561.4,2875961,1619631109.4
2011-06-16,TATASTEEL,,,558.7,562.1,551.4,553.25,4047708,2253307341.95
2011-06-17,TATASTEEL,,,564,575.3,563,573.05,4274031,2433625392.85
2011-06-20,TATASTEEL,,,574.6,574.95,548.5,561.15,3432312,1932548003.65
2011-06-21,TATASTEEL,,,565.9,568.5,556.75,558.2,2687660,1511588572
2011-06-22,TATASTEEL,,,561.25,565,556.25,558.1,2375104,1329485857.7
2011-06-23,TATASTEEL,,,559.7,561.9,553.3,556.55,2046848,1140677960.6
2011-06-24,TATASTEEL,,,560.9,580.25,559.25,578.95,3039989,1736554229.6
2011-06-27,TATASTEEL,,,576.4,593.45,574.8,589.35,4078924,2399052399
2011-06-28,TATASTEEL,,,590.95,592.5,583,587.25,2320823,1363627648.95
2011-06-29,TATASTEEL,,,589.7,602.75,589,601.6,2835059,1695193798.6
2011-06-30,TATASTEEL,,,605,612.45,603,610.25,3701140,2250118660.25
2011-07-01,TATASTEEL,,,616.7,616.7,595.65,602.3,2487704,1501371512.05
2011-07-04,TATASTEEL,,,597.75,598.8,590.1,597.5,1873273,1115239268.75
2011-07-05,TATASTEEL,,,599.9,606.9,594.2,597.4,2963805,1783064651.8
2011-07-06,TATASTEEL,,,597.5,602.9,593.9,597.85,2082519,1246320071.15
2011-07-07,TATASTEEL,,,599,608,598.5,606.7,2919421,1765446566.95
2011-07-08,TATASTEEL,,,606,606,592.1,594.9,4050786,2417536272.55
2011-07-11,TATASTEEL,,,595.5,595.85,586.05,587.8,1815934,1071362579.85
2011-07-12,TATASTEEL,,,580.65,585,570,572,4431951,2554114301.45
2011-07-13,TATASTEEL,,,577,579.35,570.15,575,4031915,2317475470.4
2011-07-14,TATASTEEL,,,573.75,583.6,571,576.55,2529457,1461142823.7
2011-07-15,TATASTEEL,,,578,581.3,569.05,572.95,2160353,1239135874.5
2011-07-18,TATASTEEL,,,573.55,577,570.25,571.6,1903223,1090846862.35
2011-07-19,TATASTEEL,,,572,578.25,568.8,576.4,2557131,1467379982.05
2011-07-20,TATASTEEL,,,579,581.7,574.05,575.45,2421867,1400529231.7
2011-07-21,TATASTEEL,,,575.45,578.25,571.8,573.35,1194381,686488952.3
2011-07-22,TATASTEEL,,,580,586.4,575.65,584.25,2309684,1345547690.8
2011-07-25,TATASTEEL,,,580,595,579,591.25,2555106,1506108623.75
2011-07-26,TATASTEEL,,,592.7,595.7,580.6,583.35,2153162,1261857831.3
2011-07-27,TATASTEEL,,,583,590.75,576.5,579.85,2528550,1473374173.65
2011-07-28,TATASTEEL,,,575,578.9,566.2,568.65,2664311,1522660031.2
2011-07-29,TATASTEEL,,,570,572,562.4,564,2254747,1278639648.5
2011-08-01,TATASTEEL,,,570.75,575.95,562.8,573.8,2403557,1369227975.05
2011-08-02,TATASTEEL,,,571,573.4,561.55,564.4,2040235,1154740083.7
2011-08-03,TATASTEEL,,,559.9,565.5,556,563.35,2350746,1319408871.05
2011-08-04,TATASTEEL,,,566,568,554.2,557.75,2455941,1374943396.65
2011-08-05,TATASTEEL,,,546.5,546.5,527,532.95,4924321,2627412889.75
2011-08-08,TATASTEEL,,,519.9,519.9,503,509.1,5526351,2817130991.3
2011-08-09,TATASTEEL,,,495,504.85,477.75,485.15,8847337,4344798865.35
2011-08-10,TATASTEEL,,,503.05,505,480.65,484.95,5973600,2922770010.85
2011-08-11,TATASTEEL,,,481.5,490,480.1,484.4,3241709,1574299521.55
2011-08-12,TATASTEEL,,,489.9,489.9,471,474.95,6886051,3303299755.05
2011-08-16,TATASTEEL,,,480,481.9,466.25,469,4218314,1992887178.95
2011-08-17,TATASTEEL,,,470.25,474.7,460.55,472.9,3977809,1868982310.85
2011-08-18,TATASTEEL,,,472.65,472.65,458.6,462.6,3031279,1412097729.25
2011-08-19,TATASTEEL,,,454,467.95,450,459.4,4263578,1948980265.8
2011-08-22,TATASTEEL,,,461.35,472.4,456.1,469.95,2634379,1220579182.35
2011-08-23,TATASTEEL,,,473,478.25,464.1,475.5,2680782,1265019842.3
2011-08-24,TATASTEEL,,,474,479.9,452.15,454.5,5489631,2555829115.95
2011-08-25,TATASTEEL,,,456.7,460.95,441.05,443.7,9748370,4342063881.55
2011-08-26,TATASTEEL,,,441.9,444.8,418.3,422.3,4940687,2129129810.7
2011-08-29,TATASTEEL,,,428.85,450,426.7,447.4,5191420,2274384896.45
2011-08-30,TATASTEEL,,,455,472.9,455,468.55,7560514,3526944362.2
2011-09-02,TATASTEEL,,,470,492.7,461,490.1,7465853,3600746179.2
2011-09-05,TATASTEEL,,,486,495.95,480.2,494.7,6126203,3000987888.6
2011-09-06,TATASTEEL,,,490,497.6,478.1,495.45,4795962,2339783289.1
2011-09-07,TATASTEEL,,,495,503.5,494.9,498.5,3219888,1609113849.05
2011-09-08,TATASTEEL,,,499.75,502.05,489,491.35,3352401,1655707396.15
2011-09-09,TATASTEEL,,,490,490.8,475.1,476.9,4584623,2207583160.45
2011-09-12,TATASTEEL,,,469.25,470,452.15,454.85,6087114,2791228908.75
2011-09-13,TATASTEEL,,,460.4,467.8,450.8,457.35,4230991,1950025427.2
2011-09-14,TATASTEEL,,,460,473.6,454.1,469.5,3455706,1603065597.4
2011-09-15,TATASTEEL,,,475,477,460.1,465.65,5577374,2596589451.55
2011-09-16,TATASTEEL,,,470.4,474.5,457.1,460.85,7348556,3416791939.2
2011-09-19,TATASTEEL,,,458.85,458.85,451.6,453.75,2527668,1148458723.45
2011-09-20,TATASTEEL,,,453.75,462.6,452.2,461.1,3418596,1569115092.7
2011-09-21,TATASTEEL,,,462.4,462.4,455.15,458.5,2302660,1056031324.95
2011-09-22,TATASTEEL,,,451,451,440,442.4,4434618,1967466933.25
2011-09-23,TATASTEEL,,,437.55,438.25,425.1,432.8,5374881,2318990654.65
2011-09-26,TATASTEEL,,,432,439.7,420.2,435.45,3852137,1651390966.9
2011-09-27,TATASTEEL,,,441.6,445.4,435.5,438.95,3941832,1739227012.35
2011-09-28,TATASTEEL,,,442,444,425.6,427.4,3487291,1503400467.05
2011-09-29,TATASTEEL,,,424,438,417,433.8,5436403,2317484050.7
2011-09-30,TATASTEEL,,,430.6,432.8,414.15,415.35,5203585,2198602716.15
2011-10-03,TATASTEEL,,,408.75,408.75,392.85,394.65,5050576,2008258038.25
2011-10-04,TATASTEEL,,,393.85,405.4,390.3,397.55,4738785,1888520316.9
2011-10-05,TATASTEEL,,,400.8,406.8,398,400.6,4220159,1697722095.6
2011-10-07,TATASTEEL,,,413.5,421.4,410.65,419.7,4394107,1829528536.75
2011-10-10,TATASTEEL,,,419.7,436.4,416.65,434.95,5301040,2278924488.4
2011-10-11,TATASTEEL,,,439.8,443.3,430.7,433.55,4898188,2143640826.35
2011-10-12,TATASTEEL,,,435,445,433.7,444.1,3202449,1408522685.9
2011-10-13,TATASTEEL,,,445.6,457.4,441.6,453.4,4733667,2131947339.2
2011-10-14,TATASTEEL,,,450,451,434.2,437.85,4378886,1924730272.7
2011-10-17,TATASTEEL,,,441,443.4,433.4,440.05,2791086,1224928001.35
2011-10-18,TATASTEEL,,,430.3,434.8,423.05,429.25,3376522,1445126387.15
2011-10-19,TATASTEEL,,,431.7,437.4,429.5,434,2370363,1028603328.65
2011-10-20,TATASTEEL,,,429.4,443.9,423.5,441.6,5657598,2451119776.15
2011-10-21,TATASTEEL,,,443.6,445,431.05,433,3329204,1453372815.55
2011-10-24,TATASTEEL,,,439.1,443.95,434.8,436.55,2478458,1089346802.3
2011-10-25,TATASTEEL,,,439.8,455.9,437,452.05,4935830,2204518395.05
2011-10-26,TATASTEEL,,,454,455,449,451.3,649045,293839702.3
2011-10-28,TATASTEEL,,,468,491.65,467.1,483.7,5438156,2619907315.05
2011-10-31,TATASTEEL,,,479.95,488.65,475.05,482.8,4924535,2378699999.25
2011-11-01,TATASTEEL,,,477,480.5,465.65,472,3003339,1421214112.7
2011-11-02,TATASTEEL,,,463.55,472.5,459.1,467.85,3715573,1734797049.85
2011-11-03,TATASTEEL,,,465.3,469.75,455.3,461.7,3872434,1786054987.05
2011-11-04,TATASTEEL,,,467.6,476.25,465.1,467.15,4318570,2031798619.75
2011-11-08,TATASTEEL,,,470.35,472,464,467.4,2152106,1007477704.7
2011-11-09,TATASTEEL,,,470.8,475.3,444.1,447.6,5927140,2734135771.6
2011-11-11,TATASTEEL,,,429.9,433.85,423.15,429.85,6098511,2618633989.55
2011-11-14,TATASTEEL,,,435,437.95,409.55,412.5,5102520,2147132306.15
2011-11-15,TATASTEEL,,,413.5,415,396.1,400.45,8112522,3287977227.3
2011-11-16,TATASTEEL,,,400.1,417.4,393.65,405.95,7857318,3180948758.8
2011-11-17,TATASTEEL,,,406.9,415.5,398,400.1,5515558,2249727131.05
2011-11-18,TATASTEEL,,,398.3,398.3,385.05,391.4,6077729,2373502830
2011-11-21,TATASTEEL,,,388.9,391.3,376.85,379.7,4898295,1883957689.15
2011-11-22,TATASTEEL,,,382.5,399.45,380.65,391.7,6250297,2436370385.45
2011-11-23,TATASTEEL,,,387.9,388.4,377.65,382.65,5008919,1914036458.6
2011-11-24,TATASTEEL,,,381,389,367,385.6,7136300,2699176985.35
2011-11-25,TATASTEEL,,,379.7,381,372.15,374.95,4847082,1822843914.65
2011-11-28,TATASTEEL,,,378.8,389.1,378,386.95,4715172,1808037310.05
2011-11-29,TATASTEEL,,,389,398,384.1,387.15,5443031,2132103927.95
2011-11-30,TATASTEEL,,,384,388.5,381.5,385.2,3483242,1341710881
2011-12-01,TATASTEEL,,,401.4,410.2,398,402.65,7266237,2941671645.25
2011-12-02,TATASTEEL,,,400,422.85,397.1,419.1,6993853,2885700056.65
2011-12-05,TATASTEEL,,,416.8,417.4,409,411.15,4595223,1893702623.65
2011-12-07,TATASTEEL,,,412.75,421,409,417.55,4710904,1966552802
2011-12-08,TATASTEEL,,,413.9,416.85,402,404.05,3765182,1537946586.65
2011-12-09,TATASTEEL,,,395,404.4,391.05,397.55,4673869,1859650587.3
2011-12-12,TATASTEEL,,,402.8,405.5,383.95,385.45,3701881,1455419880.3
2011-12-13,TATASTEEL,,,380.95,395,373.2,392.6,6545611,2514685834.55
2011-12-14,TATASTEEL,,,391.95,392.5,374.5,375.75,5505860,2114557689.1
2011-12-15,TATASTEEL,,,370.05,379.9,367.4,375.25,5837407,2181452203.65
2011-12-16,TATASTEEL,,,378,381.8,362.45,364.95,5053231,1885046563.45
2011-12-19,TATASTEEL,,,364,364.95,354,363.6,4154096,1494481348.7
2011-12-20,TATASTEEL,,,365.3,366.55,340.6,342.75,6536826,2291338862.5
2011-12-21,TATASTEEL,,,352,353.4,341.25,349.45,8415259,2928115108.3
2011-12-22,TATASTEEL,,,347,356.95,341.65,353.9,7167554,2500752620.35
2011-12-23,TATASTEEL,,,355.9,358.6,345,347.3,6554397,2312542780.2
2011-12-26,TATASTEEL,,,349.5,359.7,348.1,357.65,4553518,1615053038
2011-12-27,TATASTEEL,,,358,359.35,347.15,349.15,3106343,1094160741.85
2011-12-28,TATASTEEL,,,347.65,350.7,343,346.85,3236326,1120479995.95
2011-12-29,TATASTEEL,,,344.9,348.75,341.1,341.9,4850549,1669646953.1
2011-12-30,TATASTEEL,,,344.55,346.9,334,335.35,4128724,1401937216.05
2012-01-02,TATASTEEL,,,337.9,346,332.1,341.1,3845860,1299286526.6
2012-01-03,TATASTEEL,,,345,363.8,344.2,361.85,5823147,2069583238.95
2012-01-04,TATASTEEL,,,364,367.5,356.3,363.95,5451263,1974968346.9
2012-01-05,TATASTEEL,,,365,371.5,359.4,362.6,4174382,1528442692.55
2012-01-06,TATASTEEL,,,359,367.8,350.2,363.65,4553174,1629594038.35
2012-01-09,TATASTEEL,,,362.5,365.8,354.55,361.75,3858964,1390091976.35
2012-01-10,TATASTEEL,,,361.2,373.4,361.2,371.75,5218794,1927394908.7
2012-01-11,TATASTEEL,,,373.65,384.4,371.3,383,5621721,2132477136.05
2012-01-12,TATASTEEL,,,383,392.5,380.8,388.85,4843756,1877664020.3
2012-01-13,TATASTEEL,,,392,424.9,391.9,415.7,12172110,5025647221.75
2012-01-16,TATASTEEL,,,412.5,429.4,408.2,421.75,7948867,3333336060.4
2012-01-17,TATASTEEL,,,423.5,448.4,423.05,442.75,8204447,3595013620.95
2012-01-18,TATASTEEL,,,443.6,445.05,421.35,424.9,7276468,3128195706.6
2012-01-19,TATASTEEL,,,430,441.9,430,435.85,6538305,2854077636.75
2012-01-20,TATASTEEL,,,438,444.5,430.5,436.55,5911515,2591073067.4
2012-01-23,TATASTEEL,,,435,437.95,423.1,426.55,4509958,1931259906.95
2012-01-24,TATASTEEL,,,428,440,421.7,432.35,5801166,2503859715
2012-01-25,TATASTEEL,,,435,446.9,434,444.85,7374323,3265634806
2012-01-27,TATASTEEL,,,450,462.6,447.5,458.75,5780814,2640846323.6
2012-01-30,TATASTEEL,,,456,456.4,437,442.3,4650423,2090303726.05
2012-01-31,TATASTEEL,,,444.8,453.45,432.1,450.8,6603556,2928787834.1
2012-02-01,TATASTEEL,,,452,474,450.85,470.95,8208490,3784278917.85
2012-02-02,TATASTEEL,,,476,480.8,464.3,475.9,7992797,3789981350.55
2012-02-03,TATASTEEL,,,474,474,460.2,467.5,5885841,2738625422.25
2012-02-06,TATASTEEL,,,474.7,478,463.05,467.25,5221753,2460876155.8
2012-02-07,TATASTEEL,,,470,472,449.25,451.35,7493579,3459450655.1
2012-02-08,TATASTEEL,,,454,461.8,442.35,450.65,9581104,4325690325.45
2012-02-09,TATASTEEL,,,447.9,454.35,440,452.15,9325947,4171587335.05
2012-02-10,TATASTEEL,,,434,478.4,432.6,475.05,20927927,9770610021
2012-02-13,TATASTEEL,,,476,488.85,466.5,485.2,6517584,3112621799.25
2012-02-14,TATASTEEL,,,483,491.8,481.35,487.95,6195320,3016428757.15
2012-02-15,TATASTEEL,,,491,496.75,487,495.15,6471227,3190321391.2
2012-02-16,TATASTEEL,,,491.65,493.2,474.65,479.1,5391863,2601113687.7
2012-02-17,TATASTEEL,,,484,489,470.5,478,5733302,2761137180.6
2012-02-21,TATASTEEL,,,480.2,500.95,480.2,491.5,7654997,3777388367.85
2012-02-22,TATASTEEL,,,492.6,496.8,468,470.5,4506517,2173135905.7
2012-02-23,TATASTEEL,,,470,478.9,460.4,471.4,6701785,3150968666.95
2012-02-24,TATASTEEL,,,473.15,480.9,466.35,475.5,5976561,2833459123.05
2012-02-27,TATASTEEL,,,477.95,477.95,438.6,442.4,6643678,3012063645.8
2012-02-28,TATASTEEL,,,446.7,462,446.4,459.8,5189903,2370905403.25
2012-02-29,TATASTEEL,,,465,475.2,459.3,472.55,5538665,2593349267.65
2012-03-01,TATASTEEL,,,471.85,471.85,456.6,462.8,5010746,2326691849.75
2012-03-02,TATASTEEL,,,465.9,472.5,460.25,465.9,3770619,1761106811.1
2012-03-05,TATASTEEL,,,465,465,448.6,450.7,3487338,1588299471.1
2012-03-06,TATASTEEL,,,448.9,457,422.5,424.95,7319531,3222911680.95
2012-03-07,TATASTEEL,,,422.1,429.8,415.95,423.8,7545596,3194136885.6
2012-03-09,TATASTEEL,,,432,457.45,432,455.2,6535082,2919355610.4
2012-03-12,TATASTEEL,,,460.1,463.3,449.35,456.4,4644795,2118338767.5
2012-03-13,TATASTEEL,,,459.55,469.8,459.55,468.1,4056266,1890131787.15
2012-03-14,TATASTEEL,,,475,475.8,458.65,460.85,5732646,2672418636.55
2012-03-15,TATASTEEL,,,461.5,466.9,455,462.75,4959710,2288795721.75
2012-03-16,TATASTEEL,,,463,473.85,449.85,454.6,5610638,2607672518.55
2012-03-19,TATASTEEL,,,455,463.5,446.2,448.2,3355194,1524249820.15
2012-03-20,TATASTEEL,,,449,457,445.15,454.8,4406875,1994312730.7
2012-03-21,TATASTEEL,,,452.85,474.15,448.05,472.4,4988133,2301847192.95
2012-03-22,TATASTEEL,,,469.5,475.7,447,449.9,6844373,3181186564
2012-03-23,TATASTEEL,,,449.15,455.4,442.75,448.5,4716615,2121204463.3
2012-03-26,TATASTEEL,,,448.1,451.6,438,440.15,4441888,1975585848.2
2012-03-27,TATASTEEL,,,449.9,450.65,438.6,447,4883742,2171514279.4
2012-03-28,TATASTEEL,,,444.9,457.9,441.4,455.1,5106345,2307730121.7
2012-03-29,TATASTEEL,,,450.1,455,445.4,453.1,4082448,1839273704.1
2012-03-30,TATASTEEL,,,453.7,474.65,453.2,471.75,4957066,2314468916.95
2012-04-02,TATASTEEL,,,470.85,477.3,467.1,471.75,3277978,1550330748.5
2012-04-03,TATASTEEL,,,475.55,482.25,474.15,478.2,4199230,2009231206.1
2012-04-04,TATASTEEL,,,474.4,479.2,471.25,475.55,3122788,1484294419.5
2012-04-09,TATASTEEL,,,472.4,472.4,455.75,459.75,2679445,1241054169.9
2012-04-10,TATASTEEL,,,459.45,459.95,449.4,452.8,4369089,1981609939.95
2012-04-11,TATASTEEL,,,448.3,454.8,443.6,446.35,4201765,1882546461.15
2012-04-12,TATASTEEL,,,450.65,456.4,448.1,453.3,3096497,1402484409.5
2012-04-13,TATASTEEL,,,458,462.5,447.05,449.8,3106058,1415696309
2012-04-16,TATASTEEL,,,447.3,456.9,445,455.15,2604087,1175647220.55
2012-04-17,TATASTEEL,,,464.9,464.9,451.4,461.55,2884347,1321038749.2
2012-04-18,TATASTEEL,,,464.45,471.5,462.8,465.2,4028956,1885186804.15
2012-04-19,TATASTEEL,,,466.65,469.65,461.55,467.15,2781913,1295229620
2012-04-20,TATASTEEL,,,465.6,474.5,464.05,470.3,3850481,1810315138.3
2012-04-23,TATASTEEL,,,470,479.3,459.65,462.85,4785538,2258923207.9
2012-04-24,TATASTEEL,,,464,473.35,460.1,470.25,2345532,1093311461.05
2012-04-25,TATASTEEL,,,472,475.25,459.3,465.5,3057398,1426447046.55
2012-04-26,TATASTEEL,,,466,474.45,463.5,466.8,3916457,1839760429.2
2012-04-27,TATASTEEL,,,466.7,468.7,454.35,461.15,2567061,1183418420.85
2012-04-30,TATASTEEL,,,462.5,469.3,460.2,463.65,2697385,1252711602.95
2012-05-02,TATASTEEL,,,464.95,469.4,460.1,461.85,1654764,767798193.85
2012-05-03,TATASTEEL,,,459,459.8,446,448.1,3162930,1429959059.7
2012-05-04,TATASTEEL,,,444.1,445.95,428.7,432.5,4205200,1829986906.95
2012-05-07,TATASTEEL,,,422.2,443.9,421.1,441.6,3997765,1718457172.85
2012-05-08,TATASTEEL,,,444.5,444.7,424,427.2,3329911,1445273142.95
2012-05-09,TATASTEEL,,,421.6,432.4,414.25,417.45,4163540,1766450967.6
2012-05-10,TATASTEEL,,,418,425,413.3,415.6,3855427,1618305956.55
2012-05-11,TATASTEEL,,,412,419.9,409,412,3506017,1450893880.9
2012-05-14,TATASTEEL,,,410.5,417.4,402,408.2,3250988,1330845418.25
2012-05-15,TATASTEEL,,,405.35,420,404.3,418.15,3890101,1609650809.15
2012-05-16,TATASTEEL,,,411,411.35,398.55,400.6,5110447,2061785370.05
2012-05-17,TATASTEEL,,,403.4,409.8,402,405.85,3911870,1588572632.2
2012-05-18,TATASTEEL,,,397.1,402,390,399.95,6198191,2459195813.65
2012-05-21,TATASTEEL,,,394.1,406.35,388.7,402.75,9588619,3809562009.5
2012-05-22,TATASTEEL,,,407.35,409.9,396.9,399.3,4157170,1680525855.1
2012-05-23,TATASTEEL,,,397,401.4,394.35,396.25,3445761,1370051591.3
2012-05-24,TATASTEEL,,,398.7,402.5,391.4,398.65,3618122,1437632293.2
2012-05-25,TATASTEEL,,,397.65,410.5,396,408.6,4000538,1623157176.9
2012-05-28,TATASTEEL,,,409,415.5,408,411.85,3182522,1311004754.5
2012-05-29,TATASTEEL,,,413.1,419,410.5,415.8,3229093,1341914348.55
2012-05-30,TATASTEEL,,,412,414.6,407.55,410.3,2420669,995716825.6
2012-05-31,TATASTEEL,,,405.6,407.8,399.1,403.65,4218052,1703903041
2012-06-01,TATASTEEL,,,404,407.4,395.1,397.9,3071835,1235521696.4
2012-06-04,TATASTEEL,,,392.95,406.2,389.1,404,3180971,1263688774.65
2012-06-05,TATASTEEL,,,406,408.9,396.25,398,2389621,964937941.75
2012-06-06,TATASTEEL,,,402,411.5,402,410,2952314,1204954277.65
2012-06-07,TATASTEEL,,,415,419.85,410,411.1,3836725,1587893480.75
2012-06-08,TATASTEEL,,,411.9,416.25,405.5,410.4,3449717,1417749230.05
2012-06-11,TATASTEEL,,,416,419,406.75,409.9,2771223,1149811172.45
2012-06-12,TATASTEEL,,,406.95,414.4,405.3,412.9,3009631,1234051871.85
2012-06-13,TATASTEEL,,,414.7,416.5,410.35,411.95,2928215,1210532967
2012-06-14,TATASTEEL,,,412,416.75,406,406.95,2886127,1187264869.95
2012-06-15,TATASTEEL,,,408.1,415.9,407.2,414.55,2534482,1044770894.8
2012-06-18,TATASTEEL,,,419,425.2,413.6,419.75,5415812,2275314816.45
2012-06-19,TATASTEEL,,,421,425,415.3,420.25,3774866,1586767844.4
2012-06-20,TATASTEEL,,,423.9,429.4,421.1,426.8,3875962,1648783452.95
2012-06-21,TATASTEEL,,,424.35,431.95,422.8,430.15,2905568,1239822141.4
2012-06-22,TATASTEEL,,,424.9,426.9,416.5,418.6,3931215,1653243664.85
2012-06-25,TATASTEEL,,,420,424.7,411.55,414.65,2514648,1055342778.6
2012-06-26,TATASTEEL,,,412,412.5,405.5,410.5,4218334,1726573834.95
2012-06-27,TATASTEEL,,,412.1,422,412.1,420.7,3272599,1367614866.85
2012-06-28,TATASTEEL,,,421.1,430.95,420.15,429.05,4935431,2101992738.1
2012-06-29,TATASTEEL,,,434.45,444,432.5,441.45,4369646,1911471129.5
2012-07-02,TATASTEEL,,,444,454.5,441.65,446.95,4049142,1810105667.7
2012-07-03,TATASTEEL,,,448,450.75,442,446.35,2438869,1088771962.55
2012-07-04,TATASTEEL,,,448,455.6,447.1,451.8,3127782,1415096892.3
2012-07-05,TATASTEEL,,,451.4,453.8,448.5,451.6,2089540,943675119.05
2012-07-06,TATASTEEL,,,451,451.2,443.55,448.25,1897660,848461827.55
2012-07-09,TATASTEEL,,,445,445,435.2,437.6,2083623,914526062.55
2012-07-10,TATASTEEL,,,437,441.8,432.55,438.8,3775996,1654395787.85
2012-07-11,TATASTEEL,,,437.05,443.35,435.1,436,3046521,1335384592.7
2012-07-12,TATASTEEL,,,434.8,436.5,427.05,428.5,3517093,1515768484.45
2012-07-13,TATASTEEL,,,430,433,424.1,425,3317195,1420014666.25
2012-07-16,TATASTEEL,,,417.5,418.7,406.2,407.95,4011799,1651139296
2012-07-17,TATASTEEL,,,411,413.65,404.85,405.8,3394372,1388591078
2012-07-18,TATASTEEL,,,405,413.75,404.3,411.65,3357695,1375883034.8
2012-07-19,TATASTEEL,,,416,416.9,412.75,414.45,2692690,1117342249
2012-07-20,TATASTEEL,,,411.5,417.9,411.5,415.95,2338193,971677076.3
2012-07-23,TATASTEEL,,,412,412.4,398,399.5,2928511,1181183102.7
2012-07-24,TATASTEEL,,,399.35,402.45,393.9,396.85,3333255,1325505050.45
2012-07-25,TATASTEEL,,,396,397.8,385.7,386.5,5145542,2003994905.75
2012-07-26,TATASTEEL,,,388.1,390.95,382,384,7446618,2872756519.15
2012-07-27,TATASTEEL,,,390,402.8,389.65,399.15,5106658,2032683344.35
2012-07-30,TATASTEEL,,,404,411.6,402.3,410.35,3444232,1401688421.95
2012-07-31,TATASTEEL,,,411.25,416.65,401,414.45,4044625,1654887865.3
2012-08-01,TATASTEEL,,,415,416.8,407.95,409.55,2994508,1230410426.55
2012-08-02,TATASTEEL,,,409.1,410.35,402.6,405.95,3141358,1274024977.1
2012-08-03,TATASTEEL,,,402.25,402.3,392.5,397,4108824,1626732048.85
2012-08-06,TATASTEEL,,,404,408.8,401.25,404.3,3027315,1227485282.05
2012-08-07,TATASTEEL,,,406,409.25,403.55,406.15,2709399,1102147498.05
2012-08-08,TATASTEEL,,,407.9,414.8,406.6,408.05,4525159,1859314484.75
2012-08-09,TATASTEEL,,,405.85,409.9,402.3,406.3,4225662,1715544528.8
2012-08-10,TATASTEEL,,,405.1,406.9,398.6,400.1,3006265,1209209199
2012-08-13,TATASTEEL,,,401,401.15,391.5,395.45,4206718,1663590762.9
2012-08-14,TATASTEEL,,,390,406.9,388.6,406.1,6586438,2650981574.6
2012-08-16,TATASTEEL,,,406.1,409.4,397.2,398.25,4331443,1735487493.7
2012-08-17,TATASTEEL,,,399.25,401.85,392,394.8,4503295,1782876222.3
2012-08-21,TATASTEEL,,,395,397.5,387,392.1,5620290,2200636346.05
2012-08-22,TATASTEEL,,,392.1,396.5,389.2,392.55,3790302,1490362392.2
2012-08-23,TATASTEEL,,,395.9,403.4,395,398.55,4818977,1925902564.85
2012-08-24,TATASTEEL,,,396,396.1,385.8,387.8,5394451,2102095593.1
2012-08-27,TATASTEEL,,,390.5,391.4,384.5,385.65,3345238,1296953848.4
2012-08-28,TATASTEEL,,,389.4,389.4,373.1,378.2,4610778,1743503228.6
2012-08-29,TATASTEEL,,,375.5,379.25,373,374.4,2981233,1119789262
2012-08-30,TATASTEEL,,,373.3,373.75,364.5,365.9,5615391,2062969184.7
2012-08-31,TATASTEEL,,,366,368.6,358.1,361.4,4784156,1734096272.65
2012-09-03,TATASTEEL,,,364.15,366.65,355.2,358,3653254,1316090681.35
2012-09-04,TATASTEEL,,,357.7,364.95,355.55,363.7,3159091,1143609683.85
2012-09-05,TATASTEEL,,,360.6,361.7,348.55,349.9,5638941,1993361965.15
2012-09-06,TATASTEEL,,,350.7,353.9,347.25,351.25,4704997,1652198654.7
2012-09-07,TATASTEEL,,,360.2,372,360.2,370.9,7130700,2615816667.35
2012-09-10,TATASTEEL,,,375,383.4,375,380.05,6092627,2315364972.85
2012-09-11,TATASTEEL,,,378.2,379.2,374.25,376.95,2445657,921364829.8
2012-09-12,TATASTEEL,,,381.95,388,376.2,387.15,4391523,1682947865.6
2012-09-13,TATASTEEL,,,388,390.45,382.25,387.6,3744845,1449429585.95
2012-09-14,TATASTEEL,,,399.7,408,399.15,405,7504595,3034841506.3
2012-09-17,TATASTEEL,,,410,415.15,404.05,409.95,6461578,2659130584.15
2012-09-18,TATASTEEL,,,408,409.9,404,405.3,3292787,1339702889.9
2012-09-20,TATASTEEL,,,401,401.85,392,393.1,3792668,1503501966.5
2012-09-21,TATASTEEL,,,396.5,413.95,396.5,409.35,7042476,2867853229.05
2012-09-24,TATASTEEL,,,409.5,414.9,404.5,406.7,4380349,1799167286.8
2012-09-25,TATASTEEL,,,406.5,408.4,396.65,400.35,4220559,1687982591.25
2012-09-26,TATASTEEL,,,398.1,405,394.1,396.2,4609958,1836969590.9
2012-09-27,TATASTEEL,,,396.2,402.4,395,396.3,5039905,2007776810.7
2012-09-28,TATASTEEL,,,401,409.6,398.8,400.9,5298624,2146768741.9
2012-10-01,TATASTEEL,,,401.9,402.6,393,398.95,3768325,1496700344.75
2012-10-03,TATASTEEL,,,399.5,405.8,397.5,403.8,4246124,1710553388.55
2012-10-04,TATASTEEL,,,406.8,412.7,405.5,409,5192361,2127226451.75
2012-10-05,TATASTEEL,,,412.6,414.05,339,410.55,5846588,2374707544.5
2012-10-08,TATASTEEL,,,409,417.9,405.8,407.65,7300548,3009229861.15
2012-10-09,TATASTEEL,,,411.35,415.9,408.1,412.05,3590496,1481758957.3
2012-10-10,TATASTEEL,,,411.9,418.45,410.1,411.6,5006655,2075610795.3
2012-10-11,TATASTEEL,,,414.4,421.9,410.2,420.25,6000651,2497877906.1
2012-10-12,TATASTEEL,,,422.3,426.5,419.4,420.95,5237265,2217064356
2012-10-15,TATASTEEL,,,420.05,422.55,416,418.9,3103484,1300346862.1
2012-10-16,TATASTEEL,,,421.8,422.85,407.15,409.1,2990844,1239461829
2012-10-17,TATASTEEL,,,414.9,414.9,404.2,407.2,3170677,1293318502.85
2012-10-18,TATASTEEL,,,409.4,412.5,405.8,411.75,4069348,1667848310.2
2012-10-19,TATASTEEL,,,410,412.85,405.2,407.45,3094156,1264957075.5
2012-10-22,TATASTEEL,,,405.2,410.4,403.1,407.85,2244380,914270276
2012-10-23,TATASTEEL,,,404,409.9,403.65,404.4,1683734,684040367.3
2012-10-25,TATASTEEL,,,405.1,406.8,397.9,398.8,4391193,1761520130.15
2012-10-26,TATASTEEL,,,397.5,401.85,396.65,399.8,1939079,774483541
2012-10-29,TATASTEEL,,,401,404.3,399.1,402.05,1878825,755179518.05
2012-10-30,TATASTEEL,,,402.05,403.7,392.5,393.05,2127697,844910906.5
2012-10-31,TATASTEEL,,,394,395.65,388.6,392.2,3827336,1499364908.55
2012-11-01,TATASTEEL,,,393,399.9,392,397.45,2478064,980922038.9
2012-11-02,TATASTEEL,,,400.4,403.95,398.5,402.35,2575748,1035380670.45
2012-11-05,TATASTEEL,,,399.1,399.75,395.5,397.65,1709374,679261052.15
2012-11-06,TATASTEEL,,,394.1,399.7,393.85,398.95,2429129,962651287.5
2012-11-07,TATASTEEL,,,396.6,404.9,396.6,401.95,2427516,978404158.8
2012-11-08,TATASTEEL,,,399.5,404.75,396.6,403.95,2267666,911498531.9
2012-11-09,TATASTEEL,,,404.2,408.75,385.5,390.55,5756792,2293694552.65
2012-11-12,TATASTEEL,,,385.6,386.3,381.25,384.1,3787087,1453279086.8
2012-11-13,TATASTEEL,,,385.9,387.5,384.1,385.9,748162,288919587.3
2012-11-15,TATASTEEL,,,384.9,384.9,374.1,375.4,3370519,1271019567.75
2012-11-16,TATASTEEL,,,375,379.9,369.15,370.1,3120228,1171201764.7
2012-11-19,TATASTEEL,,,370,373.65,362.1,363.5,3631038,1328256358.55
2012-11-20,TATASTEEL,,,368,368.3,359.1,360.55,3219581,1169737904.85
2012-11-21,TATASTEEL,,,362.7,366.6,360.05,364.75,2352074,856246116.4
2012-11-22,TATASTEEL,,,368,369.45,362.7,365.95,2956361,1083741780.35
2012-11-23,TATASTEEL,,,366.75,368.35,361.25,364.85,2231589,813888556.45
2012-11-26,TATASTEEL,,,365.25,374.2,365.25,371.85,2884771,1072564810.1
2012-11-27,TATASTEEL,,,375,378.9,373.35,375.95,3178454,1196196629.2
2012-11-29,TATASTEEL,,,377,381.75,375.7,376.8,3962293,1497924820.25
2012-11-30,TATASTEEL,,,376.8,387.8,376.8,386.2,4819776,1855096779.8
2012-12-03,TATASTEEL,,,388,393.45,387,390.7,3458038,1352394217.8
2012-12-04,TATASTEEL,,,391,392.35,386.7,390.15,2417125,941708600.45
2012-12-05,TATASTEEL,,,394.6,399.9,392.65,398.2,3956129,1575208892.6
2012-12-06,TATASTEEL,,,399.6,403.9,392.3,399.8,2605609,1037163558.85
2012-12-07,TATASTEEL,,,402.5,403.95,392.1,394.25,3525537,1398869066.75
2012-12-10,TATASTEEL,,,395,400.9,394.55,400.3,2595402,1035554014.55
2012-12-11,TATASTEEL,,,402.65,402.9,392.7,396.1,3074445,1222442991.1
2012-12-12,TATASTEEL,,,396.9,400.3,394.4,395.45,3133701,1242771557.05
2012-12-13,TATASTEEL,,,396.6,397.65,387.2,388.65,3060784,1200408931.6
2012-12-14,TATASTEEL,,,389,400.05,387,397,2634937,1036463115
2012-12-17,TATASTEEL,,,398.5,402.4,395.35,399.05,3119320,1244312168.05
2012-12-18,TATASTEEL,,,401.1,416.1,396.1,414.3,8339285,3406069272
2012-12-19,TATASTEEL,,,417.9,424.9,416.05,424.1,8834738,3724412220.4
2012-12-20,TATASTEEL,,,423,433.6,415.7,431.6,7697469,3279769110.45
2012-12-21,TATASTEEL,,,428.3,436.5,424.95,430.7,5817399,2508205368.05
2012-12-24,TATASTEEL,,,430.1,435.9,426.9,428.6,4990706,2155345664.95
2012-12-26,TATASTEEL,,,429,433.8,427.7,429.9,2434579,1048895753.6
2012-12-27,TATASTEEL,,,433,436.85,430,430.75,4210526,1824121866.45
2012-12-28,TATASTEEL,,,431.85,433.6,426.3,428.55,2833172,1218143623.35
2012-12-31,TATASTEEL,,,427.6,431.75,427.05,428.5,1836856,788649750.7
2013-01-01,TATASTEEL,,,431.9,440,431.35,438.2,3104413,1355804091.5
2013-01-02,TATASTEEL,,,442.5,443.75,436.8,438.15,2596827,1145320731.65
2013-01-03,TATASTEEL,,,440,444.6,438.85,442.3,3284052,1451680116.75
2013-01-04,TATASTEEL,,,441,441,430,433.5,3645031,1581980233.35
2013-01-07,TATASTEEL,,,434.9,448,430.2,440.9,6852132,3012206248.75
2013-01-08,TATASTEEL,,,439.8,440.05,430.1,433.35,3776387,1638165517.1
2013-01-09,TATASTEEL,,,434.05,435.55,421,422.3,7470052,3193773909.45
2013-01-10,TATASTEEL,,,424.95,426.85,418.25,420.5,4800696,2026134033.9
2013-01-11,TATASTEEL,,,420.5,424.8,415.6,417.3,3351598,1408817050.2
2013-01-14,TATASTEEL,,,418.1,424.5,413.35,423.8,2788104,1170578978.1
2013-01-15,TATASTEEL,,,423.55,427.85,421.15,424.8,2983684,1268056464.45
2013-01-16,TATASTEEL,,,421.5,423.7,413.6,414.95,2370957,992654313.35
2013-01-17,TATASTEEL,,,411.35,420.5,408.85,418.7,4200789,1743757992.95
2013-01-18,TATASTEEL,,,419.6,423,413.4,415,2706783,1130316504.75
2013-01-21,TATASTEEL,,,415,419.05,411.5,414.1,2550353,1057730907.05
2013-01-22,TATASTEEL,,,414.1,419.3,407.15,408.7,2556551,1056098313.8
2013-01-23,TATASTEEL,,,410.4,413.65,402.6,407.55,3093131,1261967017.3
2013-01-24,TATASTEEL,,,408.6,411.9,402.75,404.5,3137965,1278171837.5
2013-01-25,TATASTEEL,,,404.7,408.25,398.55,406.75,3390418,1369670529.6
2013-01-28,TATASTEEL,,,407.7,410.4,404.65,405.65,2801911,1141176897.45
2013-01-29,TATASTEEL,,,405.8,411.4,397.1,399,3858378,1561159500.3
2013-01-30,TATASTEEL,,,400.95,408.5,399.6,406.25,3481063,1409785210.6
2013-01-31,TATASTEEL,,,405,407.1,401.45,404.9,2973740,1201493600.9
2013-02-01,TATASTEEL,,,406.6,411.7,399.55,400.85,3255030,1320576849.2
2013-02-04,TATASTEEL,,,403,404.45,394.15,395.05,3801163,1519343084.8
2013-02-05,TATASTEEL,,,392,397.9,391.6,394.75,2919023,1154774485.8
2013-02-06,TATASTEEL,,,396.4,402.8,396.4,397.45,3475443,1388247871.6
2013-02-07,TATASTEEL,,,397.5,398,389.6,390.4,2676047,1051310724.5
2013-02-08,TATASTEEL,,,390.85,393.95,385,387.45,2988650,1166688851.5
2013-02-11,TATASTEEL,,,390.05,390.4,384.05,384.8,2602408,1004979891.85
2013-02-12,TATASTEEL,,,385.1,387.5,382.2,384.9,2497948,961040940.3
2013-02-13,TATASTEEL,,,385.1,387.7,375.1,376,4003991,1526426211.05
2013-02-14,TATASTEEL,,,370,382.5,368.3,380.9,7140390,2697191695.55
2013-02-15,TATASTEEL,,,378,382.3,371.8,376.1,3595803,1353012891.3
2013-02-18,TATASTEEL,,,376.05,387,374.55,385.25,3763762,1438355767.8
2013-02-19,TATASTEEL,,,386,388.8,380.1,386.7,2639752,1014039040.35
2013-02-20,TATASTEEL,,,387.9,388.85,378.1,379.25,4103236,1573319317.5
2013-02-21,TATASTEEL,,,375.85,375.85,363.5,363.9,5800017,2136654626.9
2013-02-22,TATASTEEL,,,364.2,367.9,360.7,364.5,4945470,1805211714.4
2013-02-25,TATASTEEL,,,365.75,368.4,359.75,360.7,3244738,1179853737.2
2013-02-26,TATASTEEL,,,360,360.2,348.5,349.45,4507193,1590352776.5
2013-02-27,TATASTEEL,,,350.65,358.2,346.25,357.1,4715022,1666351627.1
2013-02-28,TATASTEEL,,,359.05,360.5,338,341.5,7020141,2433381075
2013-03-01,TATASTEEL,,,341.8,347.6,340.05,341.1,3219628,1107599400.45
2013-03-04,TATASTEEL,,,340,340.3,333.35,334.7,3257375,1094469120.15
2013-03-05,TATASTEEL,,,335.2,345.55,333.5,344.15,4705084,1598320383
2013-03-06,TATASTEEL,,,347.1,356.5,343.1,352.75,4832742,1696527150.4
2013-03-07,TATASTEEL,,,352.9,352.9,344.55,350.55,2984127,1039747821.85
2013-03-08,TATASTEEL,,,352,361.7,352,359.15,4796741,1715188582.8
2013-03-11,TATASTEEL,,,358.6,362.85,354.55,359.35,3663114,1314384415.95
2013-03-12,TATASTEEL,,,360,361.5,352,356.25,3406599,1213689034.95
2013-03-13,TATASTEEL,,,355,356.9,350.7,352.1,2399763,849194106.2
2013-03-14,TATASTEEL,,,352.1,358.25,346.6,357.1,3071963,1085567087.55
2013-03-15,TATASTEEL,,,357.85,362.8,353.2,354.45,2785436,995122543.05
2013-03-18,TATASTEEL,,,348.85,352,346.3,349.3,1997731,697979130.5
2013-03-19,TATASTEEL,,,351,351.75,338.4,339.7,2816668,968648804.8
2013-03-20,TATASTEEL,,,339.7,342.4,332.6,334.75,3071097,1034210121.7
2013-03-21,TATASTEEL,,,336.5,340.95,325,327.85,3404606,1141179599.6
2013-03-22,TATASTEEL,,,327.1,328,320.2,321.85,3812424,1232780312.45
2013-03-25,TATASTEEL,,,328,328.3,313.1,314.4,4749184,1520685344.8
2013-03-26,TATASTEEL,,,312.15,313.9,305,306.55,4553381,1408744610.8
2013-03-28,TATASTEEL,,,305.5,317.4,300.7,312.85,13231667,4087814168.9
2013-04-01,TATASTEEL,,,314.7,316.5,310.2,314.7,3261779,1023153645.15
2013-04-02,TATASTEEL,,,314.1,321.45,313.2,319.7,3408341,1086880860.65
2013-04-03,TATASTEEL,,,318.8,325.3,315.65,316.85,3831884,1230361640.75
2013-04-04,TATASTEEL,,,315.1,315.5,303.05,304.35,4779874,1473302739.85
2013-04-05,TATASTEEL,,,303.5,312.65,303.2,309.2,3985831,1229227465.55
2013-04-08,TATASTEEL,,,310.5,312.5,304.7,305.9,3332364,1027658586.95
2013-04-09,TATASTEEL,,,308.1,313.8,303.55,304.4,3865128,1193643677.25
2013-04-10,TATASTEEL,,,307.35,308.85,300,305.25,5713080,1737745706.3
2013-04-11,TATASTEEL,,,308,308.4,297.7,298.5,6354199,1917447954.65
2013-04-12,TATASTEEL,,,297,303.3,295.05,299.5,4985274,1495468128.85
2013-04-15,TATASTEEL,,,298,298,293.7,294.45,3581539,1059261435.1
2013-04-16,TATASTEEL,,,294.45,300.7,292.5,298.35,6057908,1799351092.2
2013-04-17,TATASTEEL,,,301,303.5,296.1,297.05,6527866,1957806949.75
2013-04-18,TATASTEEL,,,297.2,302.5,293.8,299.8,5488155,1633946943.2
2013-04-22,TATASTEEL,,,301.8,308.2,301,306.7,5309918,1619497459.75
2013-04-23,TATASTEEL,,,307.1,312.2,306.1,309.1,5032080,1555523982.35
2013-04-25,TATASTEEL,,,310.25,314.45,310,312.55,4548116,1419856521.05
2013-04-26,TATASTEEL,,,313.3,316.6,304.2,305.05,3594091,1115098472.65
2013-04-29,TATASTEEL,,,305.5,306.7,301.1,302.45,2526448,766116387.45
2013-04-30,TATASTEEL,,,304.9,307.4,297.7,302.75,4131603,1249291741.6
2013-05-02,TATASTEEL,,,304,306.5,302,304.6,2831760,862547305.6
2013-05-03,TATASTEEL,,,303.5,314.4,301.05,311.2,5365659,1660326288.95
2013-05-06,TATASTEEL,,,313.35,323.3,313,322.55,5891252,1884782799.45
2013-05-07,TATASTEEL,,,324.2,326.4,320,324.7,5033009,1629207400.35
2013-05-08,TATASTEEL,,,326.25,326.8,316.3,318.65,5171894,1658083681.55
2013-05-09,TATASTEEL,,,319.7,321.9,314.8,316.1,3136595,998236339
2013-05-10,TATASTEEL,,,316.95,320.4,315.1,318.5,2829411,899653050.25
2013-05-13,TATASTEEL,,,318.9,321.25,305,305.6,4056183,1264192116.3
2013-05-14,TATASTEEL,,,302.8,306.7,296.5,303.9,6211753,1876916470.65
2013-05-15,TATASTEEL,,,305,309.8,305,308.3,3776469,1161890272.2
2013-05-16,TATASTEEL,,,308.3,314.6,307.6,311.8,4422382,1380535126.7
2013-05-17,TATASTEEL,,,312.7,313.45,308.5,311.85,3170560,987359896.75
2013-05-20,TATASTEEL,,,312.9,319.7,312.5,315.35,4090302,1295439271.25
2013-05-21,TATASTEEL,,,315,316.5,306.7,308.6,2972894,924990426.75
2013-05-22,TATASTEEL,,,307.35,313.5,304.1,305.95,3317193,1025249445.7
2013-05-23,TATASTEEL,,,305,310.5,295.35,299.55,8492600,2575476715.4
2013-05-24,TATASTEEL,,,310.15,319.5,306.5,313,11516072,3604996726.9
2013-05-27,TATASTEEL,,,313.1,318.65,310.8,317.15,3704044,1164642229.65
2013-05-28,TATASTEEL,,,316.05,323.8,316.05,321.8,5223298,1674825690.35
2013-05-29,TATASTEEL,,,321.7,322.9,312.5,314.55,3606565,1141826883.55
2013-05-30,TATASTEEL,,,313.05,313.05,300.75,301.65,6412633,1954570213.45
2013-05-31,TATASTEEL,,,303.75,303.75,290.1,291.75,6769928,2006658028
2013-06-03,TATASTEEL,,,293.5,297.8,290.05,296.5,4360020,1280006233
2013-06-04,TATASTEEL,,,297.2,302.4,297.1,298.75,3837171,1150027046.35
2013-06-05,TATASTEEL,,,297.7,302.4,296.3,299.1,3338223,998785801.35
2013-06-06,TATASTEEL,,,297,297,293.25,295.3,3436273,1014423849.9
2013-06-07,TATASTEEL,,,294,298.4,291.25,292.05,2755503,813231849.6
2013-06-10,TATASTEEL,,,292.5,295.9,288.6,290.6,2640843,772381401.1
2013-06-11,TATASTEEL,,,288,289.45,277.75,281.2,4914110,1390921113.8
2013-06-12,TATASTEEL,,,280.15,281.25,272.8,273.75,5247372,1447336891.35
2013-06-13,TATASTEEL,,,271,279.7,264.5,266.15,6212643,1690510861.7
2013-06-14,TATASTEEL,,,269.4,276.45,269.05,274.15,4015922,1098896074.75
2013-06-17,TATASTEEL,,,275.05,277.9,269.3,277.05,3426709,940033034.45
2013-06-18,TATASTEEL,,,275.75,288.3,273.7,285.1,5669152,1598313073.3
2013-06-19,TATASTEEL,,,285.1,293.6,282.95,291.1,7120144,2062182129.6
2013-06-20,TATASTEEL,,,285.8,285.85,270.8,272.55,7302986,2017798551.2
2013-06-21,TATASTEEL,,,272.4,276.45,265.55,272.05,5561477,1509602245.05
2013-06-24,TATASTEEL,,,270.2,275.4,265.6,266.65,5435622,1469554378.9
2013-06-25,TATASTEEL,,,266.5,270.35,262.3,266.45,5200901,1388650414.9
2013-06-26,TATASTEEL,,,269,269.5,262.6,264.6,4283058,1143417108.25
2013-06-27,TATASTEEL,,,269,269.75,261.35,264.15,4931799,1305737845.7
2013-06-28,TATASTEEL,,,267,274.1,267,273.75,6138188,1670844994.05
2013-07-01,TATASTEEL,,,272.1,282.7,272.1,280.7,4388115,1223330579.9
2013-07-02,TATASTEEL,,,281.7,286.3,280,281.95,4176810,1183585355.25
2013-07-03,TATASTEEL,,,279.1,279.2,268.55,269.55,3954829,1073637980.3
2013-07-04,TATASTEEL,,,273,273.4,263.4,264.8,4596343,1229807912.2
2013-07-05,TATASTEEL,,,268.5,269.85,263.6,264.7,3369605,897892434.25
2013-07-08,TATASTEEL,,,262.9,262.9,258,259.9,3904653,1014477353.6
2013-07-09,TATASTEEL,,,262.6,264.1,260.15,261.65,3390559,888392012.1
2013-07-10,TATASTEEL,,,263,263.05,255.25,256.2,4915351,1265068109.8
2013-07-11,TATASTEEL,,,262,265.35,259.1,261.05,5420182,1420564053.3
2013-07-12,TATASTEEL,,,261.5,264,258.5,262.65,3713225,970127746.65
2013-07-15,TATASTEEL,,,254.5,259.5,251.9,257.45,5057149,1294830626.95
2013-07-16,TATASTEEL,,,253.4,256.1,250.7,251.6,3191117,806529649.35
2013-07-17,TATASTEEL,,,251.6,253.45,242.2,243.2,4426696,1091212793.65
2013-07-18,TATASTEEL,,,243.35,245.6,239.65,244.7,3754145,911504095.75
2013-07-19,TATASTEEL,,,244.55,248.2,240,241,4484098,1091065387.95
2013-07-22,TATASTEEL,,,240.95,241,233.15,233.8,4682819,1109123129.95
2013-07-23,TATASTEEL,,,239.95,239.95,233.1,234.6,4285963,1010086021.7
2013-07-24,TATASTEEL,,,233.7,235.95,228.6,229.6,4019808,928529928.45
2013-07-25,TATASTEEL,,,227.8,230.45,222,222.85,5074926,1149255539.2
2013-07-26,TATASTEEL,,,223.5,226.45,216.65,218.9,3588581,793230349.05
2013-07-29,TATASTEEL,,,218.2,224.25,214.2,215.4,6006319,1316482028.35
2013-07-30,TATASTEEL,,,215.4,217.3,207.5,209.4,4186353,889142930.8
2013-07-31,TATASTEEL,,,208.1,217.7,202.35,215.7,6266531,1310671780
2013-08-01,TATASTEEL,,,217.25,219.6,207.15,210.15,4609468,980588520.5
2013-08-02,TATASTEEL,,,210.35,212.2,201.2,202.35,4531595,928932232.9
2013-08-05,TATASTEEL,,,202.35,209.4,198.2,207.9,4592691,938963517.95
2013-08-06,TATASTEEL,,,206,206,196.8,198.25,5125749,1023074437.1
2013-08-07,TATASTEEL,,,197.5,208.9,195.3,207.95,5626169,1140885829.75
2013-08-08,TATASTEEL,,,208.05,221.05,206.75,218.8,6957177,1492057718.15
2013-08-12,TATASTEEL,,,220.8,239.45,220.65,236.55,12247751,2865282403.15
2013-08-13,TATASTEEL,,,233.9,243.5,231.65,241.4,9408411,2243376603.65
2013-08-14,TATASTEEL,,,263,263,246.2,250.1,19962917,5064426067.05
2013-08-16,TATASTEEL,,,249,249.3,231.7,235.35,8092049,1948733994.6
2013-08-19,TATASTEEL,,,230,248.95,223.65,246.85,13399311,3219790456.5
2013-08-20,TATASTEEL,,,243.75,258.8,239.7,257,10818028,2717731096.2
2013-08-21,TATASTEEL,,,260,262.9,244.25,248.15,11775972,3019711610.85
2013-08-22,TATASTEEL,,,248,275.9,245.6,274.1,15196414,4035648139.7
2013-08-23,TATASTEEL,,,275.85,284,270.1,282.3,14585124,4039032181
2013-08-26,TATASTEEL,,,284.05,285.4,273.6,277.15,10347770,2892911926.95
2013-08-27,TATASTEEL,,,275,279.75,271.1,272.3,7055057,1934958338.1
2013-08-28,TATASTEEL,,,269.9,283.25,265.1,279,9746215,2669942628.25
2013-08-29,TATASTEEL,,,282.45,284.5,276,278.35,8201135,2295095121.45
2013-08-30,TATASTEEL,,,280,289.6,270,274,12193614,3424258005.35
2013-09-02,TATASTEEL,,,275.05,291,274.5,289.4,8530132,2426985608.1
2013-09-03,TATASTEEL,,,292.8,295.35,279.6,281.3,10525115,3020741032
2013-09-04,TATASTEEL,,,282.45,291.75,279.45,289.9,6261088,1798349893.8
2013-09-05,TATASTEEL,,,294.85,296.35,285,288.65,6472868,1871331799.6
2013-09-06,TATASTEEL,,,290.2,294.9,283.5,292.15,6032951,1751349059.6
2013-09-10,TATASTEEL,,,296.3,302,293.35,300.6,6153513,1832878548.75
2013-09-11,TATASTEEL,,,302,318.8,298.5,315.7,9079673,2814501669.25
2013-09-12,TATASTEEL,,,313.9,317.5,301.35,302.75,6633422,2054414910.6
2013-09-13,TATASTEEL,,,302.6,305.8,296.4,298.3,7290432,2192946626.7
2013-09-16,TATASTEEL,,,304.5,306.85,289.45,291.6,5553675,1647237038.7
2013-09-17,TATASTEEL,,,290.1,292.45,284.9,288.2,7358388,2122175534.45
2013-09-18,TATASTEEL,,,289.9,291.85,285.6,290.2,3446550,993450123.95
2013-09-19,TATASTEEL,,,300.1,313.5,298,310.6,7430487,2278971479.15
2013-09-20,TATASTEEL,,,310,310.3,295.1,300,8233883,2490960135.7
2013-09-23,TATASTEEL,,,297.9,303.8,290.8,293.5,4487139,1328915899.3
2013-09-24,TATASTEEL,,,291.5,297.2,290.1,292.55,3992433,1172232683.7
2013-09-25,TATASTEEL,,,294,295.2,286.25,291.1,3746675,1087111346.3
2013-09-26,TATASTEEL,,,290.75,301.5,290.15,299.9,6551564,1950658247.25
2013-09-27,TATASTEEL,,,299.9,303,286,287.4,5317070,1559307578.7
2013-09-30,TATASTEEL,,,284.4,284.4,266.15,271.55,10382280,2829046812.75
2013-10-01,TATASTEEL,,,274.25,278.5,268.85,275.75,6134646,1682749283.6
2013-10-03,TATASTEEL,,,276.45,289.45,276.45,285.85,6538898,1865071558.25
2013-10-04,TATASTEEL,,,283.95,294.2,282.15,288.45,6346680,1829295781.15
2013-10-07,TATASTEEL,,,288,301.8,286.4,300.4,7197347,2129146955.65
2013-10-08,TATASTEEL,,,304.35,305.65,295.65,296.8,5332763,1596252530.25
2013-10-09,TATASTEEL,,,292,304.95,292,303.25,5603208,1685261914.65
2013-10-10,TATASTEEL,,,305.7,311,305,308.6,5944654,1833219122.15
2013-10-11,TATASTEEL,,,311.7,313.25,304,307.9,4894475,1505881768.85
2013-10-14,TATASTEEL,,,308,309,300.7,301.6,3919119,1188318851.65
2013-10-15,TATASTEEL,,,303,313.25,300.75,310.5,7864895,2430005599
2013-10-17,TATASTEEL,,,311,316.45,308.85,310.1,6141072,1923579466.85
2013-10-18,TATASTEEL,,,312.8,330,310.8,328.9,13131437,4246225769.15
2013-10-21,TATASTEEL,,,329,338.5,329,336.1,7183759,2402877460.2
2013-10-22,TATASTEEL,,,337,343.4,334.5,339.95,5827441,1980869509.85
2013-10-23,TATASTEEL,,,340.7,343.9,331.1,335.2,6709509,2263802920.1
2013-10-24,TATASTEEL,,,333,340.9,329.7,332.15,4996260,1676407441.75
2013-10-25,TATASTEEL,,,330.15,330.8,321.1,321.85,5506656,1789242700
2013-10-28,TATASTEEL,,,325,327.4,311.35,312.3,6896640,2189605305.5
2013-10-29,TATASTEEL,,,311,327.25,308.7,325.85,7791933,2489814401.15
2013-10-30,TATASTEEL,,,328,329.9,321.15,326.6,4944868,1611755292.35
2013-10-31,TATASTEEL,,,325.6,338.3,324.15,334.9,6259016,2076894194.1
2013-11-01,TATASTEEL,,,335,341.8,332.55,336.15,4538791,1530624424.1
2013-11-05,TATASTEEL,,,339.4,344.85,331.65,338.95,4456687,1508441734.5
2013-11-06,TATASTEEL,,,340.3,341.7,332.4,333.3,4337094,1458732552.7
2013-11-07,TATASTEEL,,,332.25,349.9,332.25,345.8,9786753,3369839255.25
2013-11-08,TATASTEEL,,,345.9,356.85,345.55,355.75,7856239,2773048086.35
2013-11-11,TATASTEEL,,,355.8,365.55,352.25,360.8,7566883,2722134947.15
2013-11-12,TATASTEEL,,,362,363.5,350.1,352.45,7567835,2682655689.8
2013-11-13,TATASTEEL,,,350.3,363.9,350.3,357.75,8165099,2913289154
2013-11-18,TATASTEEL,,,379,387.95,378.35,386.8,7386261,2833427563.8
2013-11-19,TATASTEEL,,,388.1,391.55,380.2,383.25,9549355,3674081082
2013-11-20,TATASTEEL,,,382.8,388.85,379.4,385,7232982,2777257661.7
2013-11-21,TATASTEEL,,,382.95,384.9,377,382.6,6331806,2414308579.35
2013-11-22,TATASTEEL,,,383.9,395.5,383.6,392.45,7614953,2965514385.75
2013-11-25,TATASTEEL,,,394.1,399,393.35,397.95,4762312,1887493875.8
2013-11-26,TATASTEEL,,,396.2,397.95,389.5,391.75,4901686,1922764639.95
2013-11-27,TATASTEEL,,,392,395.95,387.85,394.75,4104073,1611210962.05
2013-11-28,TATASTEEL,,,395.9,403.7,395.5,400.9,4635333,1850948569.25
2013-11-29,TATASTEEL,,,402,405.4,398.6,400.6,3549758,1426979998.85
2013-12-02,TATASTEEL,,,400.1,409.9,396,408.3,5921391,2395061741.6
2013-12-03,TATASTEEL,,,407,411.7,405.1,409.8,5769013,2357400423.7
2013-12-04,TATASTEEL,,,409,415.7,408,413.95,4210852,1738789429.75
2013-12-05,TATASTEEL,,,419.15,422.3,416.3,421.4,5566862,2338242390.9
2013-12-06,TATASTEEL,,,421,424,418,422.7,4156106,1749435219.55
2013-12-09,TATASTEEL,,,430,431.95,419.95,420.95,5017564,2119576413.75
2013-12-10,TATASTEEL,,,420,424.9,417.55,423.3,4767109,2009163754.55
2013-12-11,TATASTEEL,,,421.95,424.85,416,418.25,6704452,2813014495.05
2013-12-12,TATASTEEL,,,414.9,417.25,411.5,412.75,5857725,2422081064.3
2013-12-13,TATASTEEL,,,409.9,416.65,409.1,415.15,6141216,2539817374.8
2013-12-16,TATASTEEL,,,415.15,420.2,407.25,408.9,4647933,1911709404.5
2013-12-17,TATASTEEL,,,409.35,413.15,406,408.7,3512475,1437048215.55
2013-12-18,TATASTEEL,,,408.8,416.45,407.85,414.9,3016199,1246415144.8
2013-12-19,TATASTEEL,,,418,419.2,409.2,410.8,3505961,1448363541.35
2013-12-20,TATASTEEL,,,410.8,418.85,410.35,417.95,2703973,1123127366.15
2013-12-23,TATASTEEL,,,418,426.8,417.2,423.15,2704771,1145065918.25
2013-12-24,TATASTEEL,,,424,425.35,416.65,418.4,2308999,969192235.15
2013-12-26,TATASTEEL,,,418.1,427,416.3,425.35,4003733,1690983384.65
2013-12-27,TATASTEEL,,,425.35,428.1,423,425.05,2475556,1052646514.3
2013-12-30,TATASTEEL,,,425,428.6,421.9,425.55,2124079,903147379.6
2013-12-31,TATASTEEL,,,426.45,426.8,422.55,424.2,1210884,513968821.35
2014-01-01,TATASTEEL,,,425,426.8,423.65,425.9,1193408,507920530.4
2014-01-02,TATASTEEL,,,426,435.5,417,419.2,4000266,1711775549.35
2014-01-03,TATASTEEL,,,416.5,419.4,409,412.5,3183770,1315202482.9
2014-01-06,TATASTEEL,,,410.95,415.7,404.6,408.3,2704614,1109847972.4
2014-01-07,TATASTEEL,,,409.9,411.9,392.55,394.7,3900410,1562980259.25
2014-01-08,TATASTEEL,,,394.65,397.25,389.6,392.4,4541009,1787033553.5
2014-01-09,TATASTEEL,,,394.35,399.3,387.6,390.8,3988227,1568070760.95
2014-01-10,TATASTEEL,,,392.8,393.2,383.5,384.5,3265618,1265632066.05
2014-01-13,TATASTEEL,,,385.25,389.2,381.75,385.95,2748209,1059735571.45
2014-01-14,TATASTEEL,,,385,389,373.3,374.35,3645778,1382411249.2
2014-01-15,TATASTEEL,,,376,380,372.6,375,3307933,1245461759.35
2014-01-16,TATASTEEL,,,376.5,384.5,375.85,381.1,3644145,1390942089.85
2014-01-17,TATASTEEL,,,381,385.7,375.15,377.65,3436367,1305505356.65
2014-01-20,TATASTEEL,,,377.5,379.25,370.1,374.55,3285182,1227807036.15
2014-01-21,TATASTEEL,,,376,386,376,383.6,4092506,1560231788.7
2014-01-22,TATASTEEL,,,384.3,394,384.3,393.25,4633136,1811258203.65
2014-01-23,TATASTEEL,,,392.85,393,387.1,389.25,2497038,972560542.75
2014-01-24,TATASTEEL,,,385.1,386,374.45,376,2981354,1127969758.05
2014-01-27,TATASTEEL,,,369.4,369.65,352,353.55,4413205,1586221422.05
2014-01-28,TATASTEEL,,,354,368.9,352.5,366.65,4850538,1755587226.75
2014-01-29,TATASTEEL,,,368.5,369.35,356.25,358,4538964,1640001422.1
2014-01-30,TATASTEEL,,,353,354,341.2,346.55,5617880,1949625477.45
2014-01-31,TATASTEEL,,,348.4,357.9,347.55,356.05,5196593,1842496970.2
2014-02-03,TATASTEEL,,,354.9,354.9,342.05,343.1,3559039,1235596271.7
2014-02-04,TATASTEEL,,,338.05,346.85,336.05,342.95,7271517,2486862557.15
2014-02-05,TATASTEEL,,,344.85,360.9,344.05,359.4,4757607,1675348083.15
2014-02-06,TATASTEEL,,,361.9,367.2,356.25,361.25,6470705,2341005941.3
2014-02-07,TATASTEEL,,,362.6,387,362.6,384.45,11721063,4427495153.05
2014-02-10,TATASTEEL,,,386.9,393.2,380.55,382.5,6243610,2414266861.05
2014-02-11,TATASTEEL,,,387,393,385.3,389.75,4273585,1659740775.35
2014-02-12,TATASTEEL,,,385.55,386.9,372.75,374.35,9379584,3548809615.85
2014-02-13,TATASTEEL,,,376,378.8,365.2,367.45,5852885,2182505414
2014-02-14,TATASTEEL,,,368.9,372.4,359.45,370.8,6037488,2214970879.1
2014-02-17,TATASTEEL,,,371.45,375.4,366.5,374.05,3431363,1274543392.1
2014-02-18,TATASTEEL,,,373.95,381.9,372.1,379.65,3606426,1365818825.4
2014-02-19,TATASTEEL,,,379.85,379.9,371.15,373.85,3167125,1184702905.05
2014-02-20,TATASTEEL,,,369.15,369.8,364,366.75,4279353,1568928304.05
2014-02-21,TATASTEEL,,,366.75,375.75,366.75,374.4,3182327,1186253841.75
2014-02-24,TATASTEEL,,,373.8,373.8,366.3,369.2,3273797,1206611538.6
2014-02-25,TATASTEEL,,,369.6,372.05,359.6,360.55,4386451,1600679415
2014-02-26,TATASTEEL,,,361.05,362.85,348.4,349.3,10093075,3551946726.4
2014-02-28,TATASTEEL,,,351,354.6,340.7,343.8,9894260,3430201846
2014-03-03,TATASTEEL,,,344,349.5,340.7,345.3,5695060,1968227947.85
2014-03-04,TATASTEEL,,,346.5,352.5,345.35,351.75,5705466,1999479958.4
2014-03-05,TATASTEEL,,,354.8,359.8,351.75,355.95,6641895,2367762820.3
2014-03-06,TATASTEEL,,,358,365.4,356,364.2,5700885,2056554893.95
2014-03-07,TATASTEEL,,,368.2,373.4,364.55,371.1,6317650,2336960806.55
2014-03-10,TATASTEEL,,,368.25,370.8,362.45,364.15,4958200,1815642666.45
2014-03-11,TATASTEEL,,,364.15,364.4,342.35,343.75,9147669,3199786701.25
2014-03-12,TATASTEEL,,,341,348.65,337.35,339.6,8736836,2994926184.35
2014-03-13,TATASTEEL,,,342,347.9,334.25,336.85,5569432,1911029887.7
2014-03-14,TATASTEEL,,,334,342.8,332,341.7,6159893,2085557783.75
2014-03-18,TATASTEEL,,,346,348,339.1,340.7,4153837,1429858002.6
2014-03-19,TATASTEEL,,,343.4,359.35,340.2,356.6,9574067,3377381936.6
2014-03-20,TATASTEEL,,,357.2,359.85,347.65,349.95,5069953,1792676089.4
2014-03-21,TATASTEEL,,,351.2,365,351.2,362.85,8153410,2941177460.45
2014-03-24,TATASTEEL,,,364.8,367,356.15,363.1,5581055,2018491001.85
2014-03-25,TATASTEEL,,,362.2,371.65,361.55,367.1,5278942,1943835038.75
2014-03-26,TATASTEEL,,,371.4,376,370.3,374.8,5587071,2085853140.2
2014-03-27,TATASTEEL,,,375,379.45,373.25,375.4,5741308,2160825210.1
2014-03-28,TATASTEEL,,,378.8,383.75,376,381.5,3758230,1428246193.7
2014-03-31,TATASTEEL,,,384.65,396.35,383,393.95,7039653,2745136236.85
2014-04-01,TATASTEEL,,,396,403.35,386.5,401.15,8370865,3320159538.15
2014-04-02,TATASTEEL,,,402.45,405,399.05,403.45,5362914,2156901329.65
2014-04-03,TATASTEEL,,,403.4,412,393.75,397.65,7048419,2835019909.15
2014-04-04,TATASTEEL,,,399.9,404.7,395.4,402,4587278,1840293655.45
2014-04-07,TATASTEEL,,,402.55,407.5,398.2,406.65,3693056,1491581363.55
2014-04-09,TATASTEEL,,,410,419.75,408,418.75,4995297,2075231474.15
2014-04-10,TATASTEEL,,,418.9,424.8,411.2,417.8,5896562,2465195923.25
2014-04-11,TATASTEEL,,,415.5,423.5,411,419.85,5246849,2196267420.95
2014-04-15,TATASTEEL,,,419.55,424.5,407.7,409.15,4660433,1933114110.2
2014-04-16,TATASTEEL,,,410.5,416.75,404.75,413.7,4076328,1680097845.95
2014-04-17,TATASTEEL,,,412.05,419.9,411.3,418.9,3281212,1365100544.75
2014-04-21,TATASTEEL,,,419.5,425.5,417.55,423.5,3785007,1595150186.55
2014-04-22,TATASTEEL,,,423.9,423.9,418.1,420.85,3267173,1375464737.7
2014-04-23,TATASTEEL,,,421,429.3,420.2,426.55,5084230,2163526647.15
2014-04-25,TATASTEEL,,,426.55,432.9,422.35,426.9,4791037,2050786204.8
2014-04-28,TATASTEEL,,,425,431.9,424.1,425.8,3360036,1439029522.65
2014-04-29,TATASTEEL,,,425,426.25,404,405.5,6860458,2823456383.5
2014-04-30,TATASTEEL,,,407,407.5,393.25,400.65,7104453,2851591053.4
2014-05-02,TATASTEEL,,,403,406.6,388.1,390.05,5856380,2305068895.55
2014-05-05,TATASTEEL,,,390.4,403.8,388.85,397.55,5244203,2079867371.6
2014-05-06,TATASTEEL,,,399.4,404.5,398.65,401.75,3685956,1481406851.7
2014-05-07,TATASTEEL,,,401.15,403.45,396.15,399.9,2632775,1053802110.2
2014-05-08,TATASTEEL,,,401.2,406.25,398.4,402,3302144,1330271163.35
2014-05-09,TATASTEEL,,,400,420.75,399.1,416.7,6479786,2663911194.05
2014-05-12,TATASTEEL,,,416.95,426.9,416.1,420.05,5247544,2215985512.65
2014-05-13,TATASTEEL,,,424.15,441.5,421.25,427.1,8928375,3859082423.95
2014-05-14,TATASTEEL,,,429.95,454.7,429.9,452.35,10859760,4827310555.3
2014-05-15,TATASTEEL,,,456.9,468,450.75,460.6,14271600,6562332887.05
2014-05-16,TATASTEEL,,,473,485.85,427.2,440.9,19519136,8905224390.4
2014-05-19,TATASTEEL,,,445,460.25,435.6,450.75,10968730,4935708123.75
2014-05-20,TATASTEEL,,,453.5,474.35,453.5,467.15,9099253,4250183623
2014-05-21,TATASTEEL,,,467.95,470.35,457.2,462.55,5486733,2548479032.2
2014-05-22,TATASTEEL,,,465,477.8,464.95,470.9,5816329,2751439325.55
2014-05-23,TATASTEEL,,,472,483,469.35,478.2,5694313,2713431474.05
2014-05-26,TATASTEEL,,,482.1,495,452.6,467.65,7759635,3742538946.1
2014-05-27,TATASTEEL,,,466.35,478.95,461.55,477.6,4750585,2239248146.25
2014-05-28,TATASTEEL,,,480.2,483.5,467,469.25,3815468,1806664926.8
2014-05-29,TATASTEEL,,,471,474.5,463.4,465.95,4274219,1999794534.95
2014-05-30,TATASTEEL,,,467,477,463,475.1,5197150,2459350553.25
2014-06-02,TATASTEEL,,,475.8,495.6,471.45,492.9,5557057,2697307876.45
2014-06-03,TATASTEEL,,,497.5,528.35,496,526.8,12511741,6438256720
2014-06-04,TATASTEEL,,,527.25,543.4,525.1,537.4,10741509,5773288343
2014-06-05,TATASTEEL,,,539.8,560.75,538.05,556.95,9141879,5019678085.65
2014-06-06,TATASTEEL,,,564.5,568.75,552.3,560.65,7566548,4234603635.1
2014-06-09,TATASTEEL,,,565,579.9,560,575.25,5898562,3383226827.95
2014-06-10,TATASTEEL,,,575,575,552.45,558.7,5590663,3121852820.2
2014-06-11,TATASTEEL,,,559.9,565.8,545.1,549.45,5170644,2872239728.85
2014-06-12,TATASTEEL,,,549,557.95,543.6,549.65,3718715,2052149291.4
2014-06-13,TATASTEEL,,,548.55,553.25,523.95,525.55,4332932,2330574527.15
2014-06-16,TATASTEEL,,,524.7,529.3,512,524.6,6975041,3628026207.05
2014-06-17,TATASTEEL,,,525,534.2,513,532.3,6667725,3482039567.45
2014-06-18,TATASTEEL,,,536.1,539.85,518,521.9,5615331,2973392462.8
2014-06-19,TATASTEEL,,,525,526.4,515,519.45,4081891,2124440159.65
2014-06-20,TATASTEEL,,,519,534.5,517.8,519.9,5468014,2870337080.2
2014-06-23,TATASTEEL,,,520.9,528.6,520.5,526.9,3404063,1788243514.7
2014-06-24,TATASTEEL,,,527.5,535.9,527.45,532.3,3021777,1608419901.05
2014-06-25,TATASTEEL,,,533.1,538,530.1,530.95,2299798,1227221253
2014-06-26,TATASTEEL,,,532,536.5,523.8,525.8,3283972,1736934954.55
2014-06-27,TATASTEEL,,,528.7,531,517,518.9,3205193,1672965734.95
2014-06-30,TATASTEEL,,,521.4,530.6,519.75,528.4,3769991,1986339238.3
2014-07-01,TATASTEEL,,,530,545.3,530,540.65,5312672,2872575558.1
2014-07-02,TATASTEEL,,,547,549.9,542.5,543.5,3252798,1775446771.55
2014-07-03,TATASTEEL,,,547.2,549.5,537.25,539.05,3397649,1845901166.45
2014-07-04,TATASTEEL,,,545,545,531.2,536.6,3637783,1953652317.6
2014-07-07,TATASTEEL,,,537.1,542.9,533.6,536.05,2544120,1369506433.55
2014-07-08,TATASTEEL,,,538,539.7,510,513.55,3622183,1901248550.95
2014-07-09,TATASTEEL,,,516,526.75,511.15,518.35,5187706,2693724223.45
2014-07-10,TATASTEEL,,,520,537.85,510.05,521.4,6831395,3582818434.1
2014-07-11,TATASTEEL,,,520,524.25,499.25,501.9,6094463,3106878141.65
2014-07-14,TATASTEEL,,,496.8,517.4,492.25,513.4,7659509,3892867056.55
2014-07-15,TATASTEEL,,,518.8,530,514.4,527.15,4448855,2319817848.1
2014-07-16,TATASTEEL,,,531.5,546,525.5,542.7,4408636,2356226423.9
2014-07-17,TATASTEEL,,,543,560,540.25,558.8,7026522,3891267426.6
2014-07-18,TATASTEEL,,,556,568.5,549.2,563,7295335,4095026250.25
2014-07-21,TATASTEEL,,,564,571.9,560.15,562.7,4389860,2481511111.8
2014-07-22,TATASTEEL,,,567,569.25,555.4,562.2,4024568,2263142698.7
2014-07-23,TATASTEEL,,,565.5,565.95,550.55,554.55,4219828,2347654544.55
2014-07-24,TATASTEEL,,,557,571.4,553.15,568.1,6388530,3612547943.7
2014-07-25,TATASTEEL,,,570,574.35,552,557.6,5900847,3315231097.1
2014-07-28,TATASTEEL,,,560.1,564.4,544.25,548.5,5045845,2787935638.85
2014-07-30,TATASTEEL,,,551,551.95,537.4,546.1,6195079,3365525225.05
2014-07-31,TATASTEEL,,,546.5,562.25,543.05,553.4,5681377,3157101088.05
2014-08-01,TATASTEEL,,,548,565.9,544.5,548.75,6545344,3638968467.9
2014-08-04,TATASTEEL,,,551.35,557,543.85,551.85,5526600,3046173091.3
2014-08-05,TATASTEEL,,,554.1,566,545,562.2,5498695,3043229449.65
2014-08-06,TATASTEEL,,,562.1,568.8,548.95,550.5,4482858,2505073953.05
2014-08-07,TATASTEEL,,,551.15,562.4,551,555.8,6452112,3598166008.45
2014-08-08,TATASTEEL,,,552.2,552.2,535.4,537.7,5641167,3061425045.1
2014-08-11,TATASTEEL,,,544.4,545.85,529.2,534.75,4825678,2585106352.9
2014-08-12,TATASTEEL,,,537,547,533.1,542.05,5830457,3153503178.85
2014-08-13,TATASTEEL,,,541.9,542,528.7,534.5,5206555,2786312089.85
2014-08-14,TATASTEEL,,,533.6,545.9,525.1,541.7,8553982,4581133292.6
2014-08-18,TATASTEEL,,,538.05,548.9,537.5,546.45,4670295,2541409226.75
2014-08-19,TATASTEEL,,,549.05,554,542.2,544.1,4449560,2435213492.65
2014-08-20,TATASTEEL,,,543.8,551.95,541.6,545.55,4452314,2435448433.3
2014-08-21,TATASTEEL,,,540,541.9,533.3,536.6,4381550,2356172527.5
2014-08-22,TATASTEEL,,,538.75,542.35,534.45,537.75,2916358,1569524067.65
2014-08-25,TATASTEEL,,,537.7,540,509.75,512,5682478,2974790075
2014-08-26,TATASTEEL,,,513.45,528.45,512.1,524.95,6832634,3573840710.75
2014-08-27,TATASTEEL,,,528,531.9,519.65,523.2,3090598,1620915670.75
2014-08-28,TATASTEEL,,,522.75,527,512.3,513.15,4260179,2205149923.3
2014-09-01,TATASTEEL,,,516.85,526.5,512.05,524.1,5345574,2779043652.5
2014-09-02,TATASTEEL,,,524.1,526.9,517.85,519.2,3684677,1920268178.4
2014-09-03,TATASTEEL,,,521.1,530.7,520.75,526,5405641,2842838753
2014-09-04,TATASTEEL,,,524.65,528.45,504.7,509.05,5587461,2866834310.65
2014-09-05,TATASTEEL,,,509.55,516,506.1,513.4,4391128,2244870928.1
2014-09-08,TATASTEEL,,,515.1,519.95,510.6,517.45,3783166,1951004685.45
2014-09-09,TATASTEEL,,,513,520.5,510.15,518.65,3177200,1641753317.25
2014-09-10,TATASTEEL,,,515,522.95,513.5,519.2,3836014,1991939846.6
2014-09-11,TATASTEEL,,,521,524.8,515,517.6,4257474,2208380332.5
2014-09-12,TATASTEEL,,,517.6,521.35,514.55,515.95,4400187,2279190767.5
2014-09-15,TATASTEEL,,,513,514,504.65,507.7,3898635,1979235241
2014-09-16,TATASTEEL,,,507.75,508.8,486.55,490.15,5445788,2703360063.25
2014-09-17,TATASTEEL,,,493,501,485.65,498.4,5244467,2593529835.9
2014-09-18,TATASTEEL,,,496.1,509.5,496.1,505.45,4870457,2461047256.6
2014-09-19,TATASTEEL,,,509.2,512.9,505.15,511,4970783,2534953143.4
2014-09-22,TATASTEEL,,,505,506.3,498.35,500.9,3361564,1685096024.1
2014-09-23,TATASTEEL,,,500,501.8,483.65,485.6,3985633,1962210106.55
2014-09-24,TATASTEEL,,,484,486.45,468.65,472.2,6981750,3341735474.8
2014-09-25,TATASTEEL,,,473,477.25,451.65,460.4,6148707,2837959866.1
2014-09-26,TATASTEEL,,,460,477,458.45,474.25,4005959,1881908308.05
2014-09-29,TATASTEEL,,,474.35,480.3,464.65,466.4,3122197,1468926165.7
2014-09-30,TATASTEEL,,,466.6,472.95,456.1,459.05,4552022,2115272534.15
2014-10-01,TATASTEEL,,,455.5,457.4,445.5,448.8,4770397,2147407603.25
2014-10-07,TATASTEEL,,,446.75,453,438.1,440.15,7729823,3427115090.95
2014-10-08,TATASTEEL,,,437.5,457.8,435.6,456.15,6706169,3003219078.5
2014-10-09,TATASTEEL,,,460.1,469.45,457.15,467.55,4973938,2306221188.25
2014-10-10,TATASTEEL,,,459.95,460,446.15,448.05,4936128,2227207211.95
2014-10-13,TATASTEEL,,,443.8,459.8,440.15,457.75,3732722,1691183214.65
2014-10-14,TATASTEEL,,,458.1,462,440.85,456.05,5823642,2642970510.65
2014-10-16,TATASTEEL,,,460.8,467.6,436,439.1,8266426,3732123838.55
2014-10-17,TATASTEEL,,,443.6,453.9,436.55,447.55,6709248,2996475297.35
2014-10-20,TATASTEEL,,,455.05,457.35,446.35,450.15,4360635,1970122974.05
2014-10-21,TATASTEEL,,,454,462.2,452.25,455.7,5314210,2428518750.55
2014-10-22,TATASTEEL,,,461,462.85,454.3,457.15,4022132,1842545257.65
2014-10-27,TATASTEEL,,,460.5,461.8,449.05,450.5,3738985,1702924686.95
2014-10-28,TATASTEEL,,,450.1,453.65,446.6,451.2,4005382,1805628733.4
2014-10-29,TATASTEEL,,,454.1,472.9,453.75,471.7,6867699,3189908309.85
2014-10-30,TATASTEEL,,,472,477.45,468.4,474.5,4615504,2183492114.6
2014-10-31,TATASTEEL,,,478,493.5,474.6,490,5848389,2850613505.6
2014-11-03,TATASTEEL,,,492,494.9,485.45,489.15,3754330,1842068272.6
2014-11-05,TATASTEEL,,,491,492.4,477,478.1,3431914,1654540806.75
2014-11-07,TATASTEEL,,,479,486.8,470.6,471.4,3873340,1850013602.65
2014-11-10,TATASTEEL,,,474.65,476,462.5,470.85,4461898,2088281903.95
2014-11-11,TATASTEEL,,,473.2,481.5,471.55,480.3,4572372,2184692781.05
2014-11-12,TATASTEEL,,,480,482.7,465.65,468.35,6348599,3008991050.4
2014-11-13,TATASTEEL,,,465.1,475.5,462.15,471.25,5923643,2788431040.25
2014-11-14,TATASTEEL,,,467,482.6,467,478.15,6889390,3288373247.1
2014-11-17,TATASTEEL,,,476.15,482.95,475.1,480.1,2378667,1139896630
2014-11-18,TATASTEEL,,,480,489.2,476.75,486.4,3986434,1935314950.9
2014-11-19,TATASTEEL,,,486.1,492.75,469.3,471,4475299,2153270281.2
2014-11-20,TATASTEEL,,,471.95,472.8,462.05,466.6,3871649,1806166672.2
2014-11-21,TATASTEEL,,,467,472.5,460.1,462.9,3989664,1856807337.45
2014-11-24,TATASTEEL,,,473,479.8,470.5,476.6,4342517,2067319942.5
2014-11-25,TATASTEEL,,,475.05,476,458.5,464.45,4366157,2026366707.05
2014-11-26,TATASTEEL,,,465,468.9,460.45,466.25,3539242,1647021142.5
2014-11-27,TATASTEEL,,,465,469,459.1,460.2,4178119,1927907074.35
2014-11-28,TATASTEEL,,,461.5,475.25,461.5,473.35,4827009,2267585168.85
2014-12-01,TATASTEEL,,,475,475,459.15,461.15,3075179,1429327905.55
2014-12-02,TATASTEEL,,,461,467.45,460.2,465.2,3097160,1439268530.9
2014-12-03,TATASTEEL,,,467.4,469.65,462,463.75,2806974,1307496367.4
2014-12-04,TATASTEEL,,,464.15,467.45,456.7,461.85,3321546,1532716874.65
2014-12-05,TATASTEEL,,,463.5,468.7,459.5,461.15,3067638,1424660269.85
2014-12-08,TATASTEEL,,,464,466,450.45,451.85,3055870,1398249012.4
2014-12-09,TATASTEEL,,,451.4,451.4,435.05,436.3,4066957,1800579329.3
2014-12-10,TATASTEEL,,,432.4,443,427.6,432.5,4734292,2065140461.15
2014-12-11,TATASTEEL,,,431,435,416.95,418.75,5271659,2235541441.2
2014-12-12,TATASTEEL,,,420,422.9,400.05,402.7,6523297,2691063081.75
2014-12-15,TATASTEEL,,,399,408.35,396,400.95,4797611,1928782792.4
2014-12-16,TATASTEEL,,,397,402.8,387,389.65,5771833,2268037284.45
2014-12-17,TATASTEEL,,,394,404.9,387.05,393.45,8016501,3186668525.45
2014-12-18,TATASTEEL,,,401.05,405.9,399.5,401.6,4410200,1774962568.3
2014-12-19,TATASTEEL,,,405.6,411.1,403,405.45,4630339,1884909262.8
2014-12-22,TATASTEEL,,,406.45,409.6,398.7,404.05,3254302,1312827108.05
2014-12-23,TATASTEEL,,,405.1,406.6,392.7,394.8,3784076,1506342190.35
2014-12-24,TATASTEEL,,,391.25,399.7,391.1,395.25,7351514,2905128913.9
2014-12-26,TATASTEEL,,,396.05,399.7,390.1,398.25,3020740,1195141425.1
2014-12-29,TATASTEEL,,,399.2,410.55,399,404.1,4077406,1656997839.7
2014-12-30,TATASTEEL,,,404.4,405.9,395.25,396.3,2899074,1156147866.7
2014-12-31,TATASTEEL,,,397,401.75,395.55,399.4,2252991,898550861.5
2015-01-01,TATASTEEL,,,397.1,406,397.1,404.45,2531499,1018855511.65
2015-01-02,TATASTEEL,,,406,413,406,410.75,3433980,1406721592
2015-01-05,TATASTEEL,,,413,421.45,413,416.7,5205645,2176182848.65
2015-01-06,TATASTEEL,,,414,414,394.35,396.5,6170681,2477168714.2
2015-01-07,TATASTEEL,,,397.8,397.8,383.6,388.9,4749099,1851848119.7
2015-01-08,TATASTEEL,,,394,396.7,390.6,394.95,3169917,1248396592.8
2015-01-09,TATASTEEL,,,402,404.9,395.1,399.65,5061000,2028180156.4
2015-01-12,TATASTEEL,,,399.5,399.5,393,396.75,2690982,1065614960
2015-01-13,TATASTEEL,,,397,398.85,390.2,391.5,3002748,1184338730.15
2015-01-14,TATASTEEL,,,391.45,391.45,375.5,376.85,7129562,2714397796.6
2015-01-15,TATASTEEL,,,378.8,388.7,372.1,384.75,7011341,2667453007.3
2015-01-16,TATASTEEL,,,382,385.5,376.3,383.4,4538517,1735286265.45
2015-01-19,TATASTEEL,,,384.6,386.9,380.55,384.75,2789825,1071037198.55
2015-01-20,TATASTEEL,,,385.6,403.6,385.6,402,6017882,2389630604.3
2015-01-21,TATASTEEL,,,405,406,393.5,397.1,3897727,1553258799.05
2015-01-22,TATASTEEL,,,398,404.7,396,403.4,4527709,1812742377.2
2015-01-23,TATASTEEL,,,410,412,399,403.1,4526581,1830220898.65
2015-01-27,TATASTEEL,,,402.8,404,395.5,398.4,3972311,1584651208.5
2015-01-28,TATASTEEL,,,397,397,388.9,391.15,3995448,1565916845
2015-01-29,TATASTEEL,,,390.3,392.4,383.7,390.4,5162946,2006013177.75
2015-01-30,TATASTEEL,,,392.5,395,386.5,390.45,3600813,1408897799.45
2015-02-02,TATASTEEL,,,389.9,394.8,382.2,383.85,3179020,1234890214.4
2015-02-03,TATASTEEL,,,387,387.45,378.1,381.1,3443635,1317874113.85
2015-02-04,TATASTEEL,,,383.9,393.4,383,389.2,4420502,1718784008.3
2015-02-05,TATASTEEL,,,391.7,392.8,378.05,379.25,3102143,1195485556.7
2015-02-06,TATASTEEL,,,380,380.7,367,368.65,4519435,1679260608.4
2015-02-09,TATASTEEL,,,357,361.5,346.2,347.45,7535773,2663978976.35
2015-02-10,TATASTEEL,,,345,360,345,357.75,5281226,1865100505
2015-02-11,TATASTEEL,,,360,368.7,353,365,3956657,1428961433.85
2015-02-12,TATASTEEL,,,366.2,367.4,356,365.3,3415692,1238595597.35
2015-02-13,TATASTEEL,,,368.7,371.8,365.25,366.55,3736466,1374736846.35
2015-02-16,TATASTEEL,,,368.75,374.45,368.35,369.8,2991370,1111115043.4
2015-02-18,TATASTEEL,,,371.95,371.95,364.7,367.5,3232668,1188323784.35
2015-02-19,TATASTEEL,,,368,379.8,368,375.25,7752626,2908891937.45
2015-02-20,TATASTEEL,,,378,381.85,373,374.7,3442401,1301615076
2015-02-23,TATASTEEL,,,376.5,376.9,365,367.35,3085181,1147008442.5
2015-02-24,TATASTEEL,,,368.1,370,357.2,359.1,3288127,1189156357.25
2015-02-25,TATASTEEL,,,362.8,364.8,350.1,350.9,3932349,1403249038.45
2015-02-26,TATASTEEL,,,352.3,354.9,344.25,345.2,8064365,2809752377.3
2015-02-27,TATASTEEL,,,347.45,354.7,345.8,350.65,5014678,1759183522.65
2015-03-02,TATASTEEL,,,357.4,359.2,349,352.55,4380314,1542882397.8
2015-03-03,TATASTEEL,,,353,357.85,349.5,353.15,5121104,1810675643.4
2015-03-04,TATASTEEL,,,356,357.15,345.6,348.15,4673329,1647558673.65
2015-03-05,TATASTEEL,,,348.5,349.2,341.25,343.25,4770135,1641715038.3
2015-03-09,TATASTEEL,,,343.25,343.7,335,336.3,4368765,1481635587.2
2015-03-10,TATASTEEL,,,338.15,339,330.05,331.6,4091848,1367669024.65
2015-03-11,TATASTEEL,,,333,335,324.25,325.3,4682270,1538910399
2015-03-12,TATASTEEL,,,327.7,336.4,327.45,333.2,4324521,1438281811
2015-03-13,TATASTEEL,,,336,336.45,325,326.5,3279674,1077711768.65
2015-03-16,TATASTEEL,,,328.85,328.85,323.1,326.2,2777100,903911608.55
2015-03-17,TATASTEEL,,,330,336.45,327.1,332.55,4329067,1437511630.6
2015-03-18,TATASTEEL,,,335.7,335.7,329.35,331.75,3099693,1030708208.05
2015-03-19,TATASTEEL,,,334.25,344.8,333.65,336.6,6148738,2089779723.25
2015-03-20,TATASTEEL,,,336.6,341.4,327,328.7,5776131,1927576153.45
2015-03-23,TATASTEEL,,,330.45,335,328.6,331.4,3580330,1188227857.2
2015-03-24,TATASTEEL,,,330.1,333.9,324.25,327.15,4453740,1463466512.95
2015-03-25,TATASTEEL,,,328,328.95,322,323.15,3544781,1150243990.45
2015-03-26,TATASTEEL,,,323,324.95,314,315.6,6516994,2076763280.95
2015-03-27,TATASTEEL,,,317.4,319.35,311.2,315.1,4019204,1268323664.1
2015-03-30,TATASTEEL,,,318,324.9,315.15,322.4,2990579,957039556.25
2015-03-31,TATASTEEL,,,326.3,326.4,315.2,316.75,3934898,1261075427.85
2015-04-01,TATASTEEL,,,317,324.9,316,323.65,3086061,988638208.6
2015-04-06,TATASTEEL,,,324.4,325.6,316.6,318.1,3669674,1170530267.45
2015-04-07,TATASTEEL,,,320.3,335.2,317,333.5,7293723,2378009165
2015-04-08,TATASTEEL,,,336.1,338.9,328.6,336.1,6284727,2104651711.2
2015-04-09,TATASTEEL,,,337.5,347.4,337,346.05,6151508,2110196933.3
2015-04-10,TATASTEEL,,,345.7,349,341.25,342.7,4816228,1662917588.2
2015-04-13,TATASTEEL,,,344.25,348.25,341.1,345.2,3442898,1189067592.55
2015-04-15,TATASTEEL,,,345,345.2,336.2,337.65,3199963,1089186737.15
2015-04-16,TATASTEEL,,,338.4,343.35,333.55,337.7,3770739,1274741980.15
2015-04-17,TATASTEEL,,,336.75,352.2,335.15,346,6980772,2421628990.45
2015-04-20,TATASTEEL,,,348.5,354.3,339.15,344.45,6266956,2180953442.5
2015-04-21,TATASTEEL,,,346.5,352,343.55,348.25,4995068,1739651171.2
2015-04-22,TATASTEEL,,,349.95,354.5,341.25,351.35,4784322,1667583039.5
2015-04-23,TATASTEEL,,,355,370.95,354.3,369.45,12192278,4454265099.2
2015-04-24,TATASTEEL,,,371.8,374.8,362.6,370.5,8458618,3133286417.8
2015-04-27,TATASTEEL,,,369.1,372.8,361.5,368.9,4996552,1836746831.2
2015-04-28,TATASTEEL,,,370,374.05,366.1,371.25,4159900,1540134084.95
2015-04-29,TATASTEEL,,,371.9,379.3,368,369.95,5452386,2043431704
2015-04-30,TATASTEEL,,,368,368.9,359.1,360.35,6180164,2240117835.2
2015-05-04,TATASTEEL,,,361.55,366.8,357.2,361.65,3268455,1181118295.55
2015-05-05,TATASTEEL,,,364.4,381,362.85,380.1,7665150,2880215201.4
2015-05-06,TATASTEEL,,,381,384.5,366,367.65,5998971,2239277868.95
2015-05-07,TATASTEEL,,,365.85,370.65,360.5,367.3,4140828,1511706220.2
2015-05-08,TATASTEEL,,,370.1,375,364.1,366.7,3452917,1272614160.85
2015-05-11,TATASTEEL,,,372.1,381.4,370.5,377.1,4477605,1688010485.05
2015-05-12,TATASTEEL,,,375.35,376,352.55,353.6,5474619,1971073841.95
2015-05-13,TATASTEEL,,,356.25,361.5,351.65,359.5,5396079,1928634253.05
2015-05-14,TATASTEEL,,,360,367.8,357.35,366.4,3754097,1365220086.95
2015-05-15,TATASTEEL,,,360,365.9,355.1,364.1,5169337,1866814199.25
2015-05-18,TATASTEEL,,,365,367,361,364.15,2393588,871124204.9
2015-05-19,TATASTEEL,,,364,369.95,362.2,368.35,2939636,1079365510.75
2015-05-20,TATASTEEL,,,367.4,367.4,355.55,361.3,6440489,2324572046.45
2015-05-21,TATASTEEL,,,350,351,341.15,342.25,10255440,3529777966.25
2015-05-22,TATASTEEL,,,343,347.55,340.45,341.3,3923140,1348512998.3
2015-05-25,TATASTEEL,,,339.45,339.85,331,332,3894467,1303481965.65
2015-05-26,TATASTEEL,,,336.5,336.5,329.3,332.85,2899173,965004827.95
2015-05-27,TATASTEEL,,,332.85,334.25,327.1,328.15,2890064,953813917.9
2015-05-28,TATASTEEL,,,329.8,330.9,322.15,324.7,4644009,1511190820.6
2015-05-29,TATASTEEL,,,325,332.15,325,328.5,3721535,1221947415.3
2015-06-01,TATASTEEL,,,329.95,333.1,327.35,329.65,1977913,653419859.25
2015-06-02,TATASTEEL,,,330,330.9,320.45,321.75,2315060,751229645.3
2015-06-03,TATASTEEL,,,322.05,322.95,314.2,316.25,2934090,931680949.7
2015-06-04,TATASTEEL,,,317.15,318.75,304.55,308.05,4750173,1471385516.65
2015-06-05,TATASTEEL,,,309,317.2,302.25,311.1,5026335,1558609548.45
2015-06-08,TATASTEEL,,,312,314.95,301.5,302.25,3771355,1152859802.65
2015-06-09,TATASTEEL,,,296,307.35,293,304.75,6943722,2092280915.45
2015-06-10,TATASTEEL,,,305,307.8,301.7,306,2920885,891361090.95
2015-06-11,TATASTEEL,,,306.1,306.9,297.2,298.7,3989250,1200609020.9
2015-06-12,TATASTEEL,,,298,300.9,294.15,297.55,2718499,808435535.55
2015-06-15,TATASTEEL,,,298,302.75,296.05,297,2694931,804866497.2
2015-06-16,TATASTEEL,,,296.8,297.5,291,294.45,3068405,901628027.4
2015-06-17,TATASTEEL,,,303.7,310.95,298.25,305.05,8323477,2541986265.25
2015-06-18,TATASTEEL,,,304.3,306.5,300.9,303.7,3879758,1180250881.3
2015-06-19,TATASTEEL,,,305.45,309.75,304.1,304.95,3289553,1008828608.5
2015-06-22,TATASTEEL,,,309,312.8,307,310.65,3567461,1105264346.55
2015-06-23,TATASTEEL,,,311.1,316.7,310.8,313.05,3013141,945822765.6
2015-06-24,TATASTEEL,,,314,314.4,302.9,304.55,2831828,873966293.3
2015-06-25,TATASTEEL,,,303.8,304.8,301.2,302.7,4608311,1395391483.6
2015-06-26,TATASTEEL,,,302.5,303.1,297,298.65,3380657,1012157806.25
2015-06-29,TATASTEEL,,,294,297.75,287.4,296.3,3531575,1032732864.7
2015-06-30,TATASTEEL,,,296.3,306.5,295.25,304.6,3062319,920388261.35
2015-07-01,TATASTEEL,,,305,309,303.4,306.95,3143855,964525440
2015-07-02,TATASTEEL,,,307.25,310.45,303.2,304.35,3840112,1178676504.45
2015-07-03,TATASTEEL,,,306.35,307.9,299.55,301.2,2742506,830658130.35
2015-07-06,TATASTEEL,,,295,299.75,292,299,3708182,1096357942.45
2015-07-07,TATASTEEL,,,301.7,303.05,296.1,298.2,3298732,987599285.15
2015-07-08,TATASTEEL,,,294,294,281.8,283.15,8141937,2335279641.45
2015-07-09,TATASTEEL,,,283.5,287.4,279.6,280.5,6214726,1758354133.3
2015-07-10,TATASTEEL,,,282.9,284.5,278.75,280.9,4021397,1130415162.35
2015-07-13,TATASTEEL,,,283.5,285.7,279,284.45,3436859,972142110.2
2015-07-14,TATASTEEL,,,284.75,286.7,280.5,281.15,3430737,970395681.8
2015-07-15,TATASTEEL,,,282.7,284.8,279.1,280.4,3679789,1037298203
2015-07-16,TATASTEEL,,,285.1,286.5,280.1,280.8,6313384,1781304455.45
2015-07-17,TATASTEEL,,,282,286.35,280,284.05,6449985,1830968642.2
2015-07-20,TATASTEEL,,,285,287.7,283,283.55,3733723,1063495199.4
2015-07-21,TATASTEEL,,,284.1,284.1,273.85,274.7,5095184,1410519449.1
2015-07-22,TATASTEEL,,,271.25,281,268.7,280.4,5910848,1631621689.55
2015-07-23,TATASTEEL,,,274,274.45,269.3,269.9,6961219,1887692322.65
2015-07-24,TATASTEEL,,,269.7,271.65,264.2,265.05,3810280,1021540909.8
2015-07-27,TATASTEEL,,,263,263.2,250.05,250.75,7648463,1947706551
2015-07-28,TATASTEEL,,,251,252.45,246.4,249.25,5538500,1381541834.45
2015-07-29,TATASTEEL,,,251,254.65,249.4,250.55,4003496,1006551776.6
2015-07-30,TATASTEEL,,,252.9,253,247.55,248.15,5169083,1289792097.5
2015-07-31,TATASTEEL,,,250,252.7,245,246.9,8848138,2207844457.5
2015-08-03,TATASTEEL,,,246.9,250.8,245.3,247.95,3556212,882530350.4
2015-08-04,TATASTEEL,,,249.7,259.75,246.05,256.3,9723318,2452720122.35
2015-08-05,TATASTEEL,,,260,268.5,259.95,262.3,7979075,2114590318
2015-08-06,TATASTEEL,,,262.35,265.4,256.25,261,6376740,1669122398.95
2015-08-07,TATASTEEL,,,261,264.55,260.15,262.05,3791638,994803974.75
2015-08-10,TATASTEEL,,,262.9,265,260,261.15,3401136,892959401.8
2015-08-11,TATASTEEL,,,259.95,260,245.7,246.8,8827248,2220071873.3
2015-08-12,TATASTEEL,,,254.4,257.9,246.1,249.05,15172684,3822701281.3
2015-08-13,TATASTEEL,,,253.35,253.9,232.3,233.6,13764560,3297936225.85
2015-08-14,TATASTEEL,,,234.25,239.2,229,237.6,9065329,2128227403.35
2015-08-17,TATASTEEL,,,238.5,248.5,234.2,246.75,8524452,2066562017.75
2015-08-18,TATASTEEL,,,248.1,254.9,246.6,252.35,9805064,2464163192.75
2015-08-19,TATASTEEL,,,250.1,253.35,246.75,249.8,4304085,1077208061.05
2015-08-20,TATASTEEL,,,247.7,248.4,240.5,241.55,4626334,1125536509.6
2015-08-21,TATASTEEL,,,238.5,238.5,231.5,237.25,5247042,1232535057.3
2015-08-24,TATASTEEL,,,229.3,229.3,202.65,206.1,11711489,2557285885.75
2015-08-25,TATASTEEL,,,210,217.9,200.1,213.45,14206932,2979994202.25
2015-08-26,TATASTEEL,,,213,219.7,208.95,215.65,8336683,1781912947.7
2015-08-27,TATASTEEL,,,220,229.8,215.1,226.4,14227129,3156967399.45
2015-08-28,TATASTEEL,,,232.6,234.6,223.2,228.95,9387248,2160796754.05
2015-08-31,TATASTEEL,,,225.3,228.7,223.65,225.4,5782337,1304712765.8
2015-09-01,TATASTEEL,,,222,226.25,213.05,216.3,6475249,1425320008.9
2015-09-02,TATASTEEL,,,218.9,225.9,210.3,219.5,8909770,1947616262.85
2015-09-03,TATASTEEL,,,223.4,232.7,222.1,229.75,7083000,1617293466
2015-09-04,TATASTEEL,,,228.9,228.9,217,218.9,7229850,1591940489.6
2015-09-07,TATASTEEL,,,221.25,224,215.15,215.85,4933877,1078624206
2015-09-08,TATASTEEL,,,218.6,233,217.3,228.75,8236919,1860346054.45
2015-09-09,TATASTEEL,,,236,241.8,232.35,239.5,8824007,2100947578.8
2015-09-10,TATASTEEL,,,236.35,243,231.6,240.2,7252370,1717664862.25
2015-09-11,TATASTEEL,,,243.35,243.5,230.9,232.95,5909535,1397658837.1
2015-09-14,TATASTEEL,,,234,243.25,234,241.8,7159139,1717655789
2015-09-15,TATASTEEL,,,241.75,243.85,228.5,229.15,9148259,2133694122.5
2015-09-16,TATASTEEL,,,232,233.35,227.1,230.5,7191606,1657474726.85
2015-09-18,TATASTEEL,,,234,235.4,227.4,228.1,7629706,1763122782.45
2015-09-21,TATASTEEL,,,226.3,229.3,223.1,226.45,5374416,1215841965.6
2015-09-22,TATASTEEL,,,228,228.9,219.2,220.1,5098481,1143603767.2
2015-09-23,TATASTEEL,,,214.4,224.05,214,221,7194580,1570666053
2015-09-24,TATASTEEL,,,220,220.75,214.3,215.15,5634416,1222443922.85
2015-09-28,TATASTEEL,,,217.7,218.45,208.5,209.25,5730608,1219823248.45
2015-09-29,TATASTEEL,,,205,206.7,199.7,201.4,12085656,2451325169.9
2015-09-30,TATASTEEL,,,206.9,214.4,205.5,212.6,9291880,1949783595.55
2015-10-01,TATASTEEL,,,215,215.5,210.25,212.25,4872962,1035010988.4
2015-10-05,TATASTEEL,,,214.9,225.8,214.2,225,8121342,1794168030.55
2015-10-06,TATASTEEL,,,227.7,229,223.15,227.5,7359821,1667050520.95
2015-10-07,TATASTEEL,,,225,237.7,223.6,236.8,9838509,2282984611.35
2015-10-08,TATASTEEL,,,237.9,242.7,236.2,240.8,8915502,2137870149.25
2015-10-09,TATASTEEL,,,242.4,253,242.2,251.1,10520046,2615209384.55
2015-10-12,TATASTEEL,,,255.1,261.95,249.8,250.85,10570075,2702528646.8
2015-10-13,TATASTEEL,,,248,248.65,243.25,245,5821295,1427958847.7
2015-10-14,TATASTEEL,,,244,253,243.55,248.35,6290182,1573304247.85
2015-10-15,TATASTEEL,,,249.15,257.2,248.05,255.25,7008049,1770327788
2015-10-16,TATASTEEL,,,255.9,256.7,248.4,252.9,5326586,1343022578.6
2015-10-19,TATASTEEL,,,253.1,254.1,246.75,248.4,4478358,1115908962.95
2015-10-20,TATASTEEL,,,247.05,248.9,240,240.8,5248509,1283715577.5
2015-10-21,TATASTEEL,,,241.7,246.45,238.25,244.4,8042203,1959363944.2
2015-10-23,TATASTEEL,,,247.4,251.6,244.15,246,5005801,1242069097.85
2015-10-26,TATASTEEL,,,247.35,251.55,246.25,249.65,4188032,1043404664.8
2015-10-27,TATASTEEL,,,248.85,250.3,244.05,245.95,3403655,836956145.75
2015-10-28,TATASTEEL,,,244.5,248.5,244,247.15,3436974,848763653.2
2015-10-29,TATASTEEL,,,246.3,251.45,244.7,247.6,4589032,1140556431.45
2015-10-30,TATASTEEL,,,248.4,254.8,245.15,246.6,6173260,1543323887.45
2015-11-02,TATASTEEL,,,246.5,246.6,236.3,238.9,4909596,1177012182.45
2015-11-03,TATASTEEL,,,241.7,243,234.9,235.7,4492769,1071267842.5
2015-11-04,TATASTEEL,,,239.15,240,233.85,235.4,4861348,1152221746.4
2015-11-05,TATASTEEL,,,236,236,224.3,225.4,8801639,2014544923.95
2015-11-06,TATASTEEL,,,218.9,221.85,215.1,220.25,9906366,2165540802.15
2015-11-09,TATASTEEL,,,215,224.4,212.65,222.25,6272638,1380786314.95
2015-11-10,TATASTEEL,,,220.8,222.25,217.15,218.05,4536410,992959072.1
2015-11-13,TATASTEEL,,,218.7,223.6,216.6,222.65,4426975,980938521.95
2015-11-16,TATASTEEL,,,222.85,231.9,220.2,230.6,6923327,1573446675.6
2015-11-17,TATASTEEL,,,231.9,235.75,230.9,234.55,5240948,1224542067.75
2015-11-18,TATASTEEL,,,234.1,235,225.2,225.85,5283608,1215193835.3
2015-11-19,TATASTEEL,,,227.5,229.7,225.6,228.75,3661120,834552802.85
2015-11-20,TATASTEEL,,,228.1,232.75,228.1,230,3859405,889649815.55
2015-11-23,TATASTEEL,,,230.85,230.85,223.1,224.45,4102378,925535560.1
2015-11-24,TATASTEEL,,,223.35,226.4,222.5,224.35,4179013,938197484.8
2015-11-26,TATASTEEL,,,225.5,230,224.2,227.9,4588073,1044554358.5
2015-11-27,TATASTEEL,,,227.9,235,227.55,231.25,5393087,1252128375.4
2015-11-30,TATASTEEL,,,232.4,234.4,228.8,229.6,4556796,1052281087.85
2015-12-01,TATASTEEL,,,230.8,238.5,230.3,237.55,6586598,1557579406.3
2015-12-02,TATASTEEL,,,239.95,245.9,238.1,243.85,8858386,2148675332.95
2015-12-03,TATASTEEL,,,240.15,243.5,236.8,240.15,7107867,1704673578.65
2015-12-04,TATASTEEL,,,238.05,244.25,237.1,240.25,5538118,1336724667.5
2015-12-07,TATASTEEL,,,244.8,247.5,242.45,243.55,4936426,1205860185.2
2015-12-08,TATASTEEL,,,242.05,243.05,233.5,234.75,4545921,1083118418
2015-12-09,TATASTEEL,,,234,235.85,224.9,226.85,4727674,1084750525.35
2015-12-10,TATASTEEL,,,227.25,234.75,226.5,233,4804837,1104491263.35
2015-12-11,TATASTEEL,,,235.1,243.9,235.1,240.9,11922435,2869371465.05
2015-12-14,TATASTEEL,,,239,248.9,238.45,245,11314471,2766482967.95
2015-12-15,TATASTEEL,,,247,247.25,241.25,244.35,5218812,1272468565.45
2015-12-16,TATASTEEL,,,246.55,248.6,242.1,244.7,5759897,1412685002.3
2015-12-17,TATASTEEL,,,246.9,257.95,246.05,257.1,12112293,3061075520.55
2015-12-18,TATASTEEL,,,256.5,257.95,254,255.65,6944209,1775055606.1
2015-12-21,TATASTEEL,,,255.5,261.4,254.65,258.45,6195237,1605237666.1
2015-12-22,TATASTEEL,,,259,261.8,256.55,257.4,4544256,1178490603.9
2015-12-23,TATASTEEL,,,262.25,266.4,262.25,264.45,7702901,2039779112.95
2015-12-24,TATASTEEL,,,266,266,260.6,263.35,3843796,1009580777.15
2015-12-28,TATASTEEL,,,263.95,264.3,253,254.1,5317617,1364658271.1
2015-12-29,TATASTEEL,,,255.8,257.15,253.35,255.3,3800523,970489216.35
2015-12-30,TATASTEEL,,,256.4,261.8,255.1,258.7,6812728,1763124971.8
2015-12-31,TATASTEEL,,,260,260.8,256.95,259.8,4446690,1151471265
2016-01-01,TATASTEEL,,,259,259.9,253.4,257.4,3151567,808438863.35
2016-01-04,TATASTEEL,,,255,263.2,253.1,256.9,6981400,1801707718.45
2016-01-05,TATASTEEL,,,257.55,276.4,257.55,274.3,15008921,4053014352.85
2016-01-06,TATASTEEL,,,272.8,274.6,266,268.75,7454725,2014228010.55
2016-01-07,TATASTEEL,,,263,263.3,248.2,249.9,9503720,2424659625.55
2016-01-08,TATASTEEL,,,252,256.3,249.05,253.6,6299465,1594859684.7
2016-01-11,TATASTEEL,,,247,253.35,244.25,251.65,6085363,1515429991.3
2016-01-12,TATASTEEL,,,253.05,255.3,243.15,245.75,5425352,1348556202.1
2016-01-13,TATASTEEL,,,248.5,251.8,237,246.6,7482478,1831684848.4
2016-01-14,TATASTEEL,,,235,242.55,231.5,238.75,8884802,2110490501.85
2016-01-15,TATASTEEL,,,242.5,243,228.1,229.7,5991645,1410686433.4
2016-01-18,TATASTEEL,,,229.8,244,225.2,235.9,8417421,1980729415.1
2016-01-19,TATASTEEL,,,237.55,240.95,231.25,238,6304102,1490706486.4
2016-01-20,TATASTEEL,,,232.8,234,226.5,232,5486812,1265317390.65
2016-01-21,TATASTEEL,,,234.7,239.35,231.25,235.6,6245316,1471457916.75
2016-01-22,TATASTEEL,,,238.3,250.8,237.65,247.8,6510761,1595326323.55
2016-01-25,TATASTEEL,,,249,256.4,248.8,254.9,5576543,1414327939.4
2016-01-27,TATASTEEL,,,255,259.9,253.4,257.6,6235665,1601344467.8
2016-01-28,TATASTEEL,,,257,258.45,252.4,254.2,6016704,1533945497.75
2016-01-29,TATASTEEL,,,254.65,258.8,247.45,249.7,6747965,1706639761.65
2016-02-01,TATASTEEL,,,248.9,254.95,246.5,249.3,4420717,1110589432.1
2016-02-02,TATASTEEL,,,250.25,251,230.1,231.45,8388473,1994960282.35
2016-02-03,TATASTEEL,,,227.9,233.9,221.45,224,7791522,1777430936.9
2016-02-04,TATASTEEL,,,224.4,228.6,219,225.95,11709422,2609070139.65
2016-02-05,TATASTEEL,,,216,238.3,216,233.85,25803399,5824304617.15
2016-02-08,TATASTEEL,,,238.6,243.95,232.05,234.1,10332441,2449919864.2
2016-02-09,TATASTEEL,,,230.9,237.3,230.1,235.5,7562851,1771497033.9
2016-02-10,TATASTEEL,,,234.85,237.75,227.1,235.7,7616029,1769462491.8
2016-02-11,TATASTEEL,,,235.95,237.3,220.85,224.5,6151670,1407157877.85
2016-02-12,TATASTEEL,,,226,229.35,211.15,217.5,9373751,2035635064.95
2016-02-15,TATASTEEL,,,222,248,222,246.7,13602332,3281303844.45
2016-02-16,TATASTEEL,,,249.6,251.6,243.15,244.85,9146831,2254245685.8
2016-02-17,TATASTEEL,,,245,252.9,238,251.25,8295421,2028310954.15
2016-02-18,TATASTEEL,,,255,256.5,243.2,250.85,9459329,2376603321.25
2016-02-19,TATASTEEL,,,248.5,254.45,246.85,253.25,6770618,1702818716.25
2016-02-22,TATASTEEL,,,253.6,257.5,251.7,255.25,4810335,1225534852.8
2016-02-23,TATASTEEL,,,255.8,261.6,252.1,253.55,8452358,2172012746.6
2016-02-24,TATASTEEL,,,250.6,253.75,246.95,247.9,4743823,1190334120.75
2016-02-25,TATASTEEL,,,247.1,249.85,244.6,248.15,5588168,1382322361.45
2016-02-26,TATASTEEL,,,249.5,251.7,243.15,248.45,5336837,1320411137.9
2016-02-29,TATASTEEL,,,246.9,263.65,245.1,249.1,9850435,2506639666.5
2016-03-01,TATASTEEL,,,250,258.15,246.55,257.05,7111226,1796786589.6
2016-03-02,TATASTEEL,,,260,269.5,259.5,267.55,7645620,2030199032.05
2016-03-03,TATASTEEL,,,273,289,272.1,287.05,17533077,4924746453.05
2016-03-04,TATASTEEL,,,289,291.2,284.5,288.55,9170166,2639435842.5
2016-03-08,TATASTEEL,,,287.8,296.7,287,291.8,9281598,2722430801.35
2016-03-09,TATASTEEL,,,283.5,296.5,281.3,295.4,10158431,2922874682.2
2016-03-10,TATASTEEL,,,296.3,301.25,293.3,296.7,8556968,2545719635.3
2016-03-11,TATASTEEL,,,296,298.2,290.35,294.05,7633668,2245363797.55
2016-03-14,TATASTEEL,,,295.95,300.25,295.25,296.7,4445317,1320618120.7
2016-03-15,TATASTEEL,,,297,302,294.1,300.45,6978051,2085407227.35
2016-03-16,TATASTEEL,,,300,302.75,294.2,299.5,7039372,2099970769.95
2016-03-17,TATASTEEL,,,304.5,305.65,294.9,295.9,8005526,2411547911.5
2016-03-18,TATASTEEL,,,299.7,302.75,296.95,302.2,7314488,2196656872.2
2016-03-21,TATASTEEL,,,302,305.95,300.65,303.55,5651710,1715971865.05
2016-03-22,TATASTEEL,,,303.1,311.8,301.35,309.8,6579069,2012769437.45
2016-03-23,TATASTEEL,,,311.8,317.9,310.55,317.2,6377772,2002304608.55
2016-03-28,TATASTEEL,,,318.4,318.4,297.4,299.15,9069782,2771603065.15
2016-03-29,TATASTEEL,,,300,307.75,300,303.85,5937162,1808824237.55
2016-03-30,TATASTEEL,,,309.45,325.75,305.3,324.3,12438899,3947632766.9
2016-03-31,TATASTEEL,,,324.9,324.9,314.4,319.7,13349925,4271891827.9
2016-04-01,TATASTEEL,,,317.65,319.85,313.35,317.75,5570019,1762290018.85
2016-04-04,TATASTEEL,,,315.8,323.1,314.7,320.35,5167920,1656598714.3
2016-04-05,TATASTEEL,,,316.95,319.4,308.3,312.3,5723253,1796568295.3
2016-04-06,TATASTEEL,,,315,332,313.55,328.55,14591057,4747928982.7
2016-04-07,TATASTEEL,,,329.9,332.75,322.1,323.7,8609454,2817992490.55
2016-04-08,TATASTEEL,,,323.05,324.8,319.05,322.1,6080953,1958986518.05
2016-04-11,TATASTEEL,,,322,333.3,320.05,331.15,9014830,2950962082.4
2016-04-12,TATASTEEL,,,323.9,330.9,318,324.5,11110285,3620734110.6
2016-04-13,TATASTEEL,,,327.5,336.2,326,332.85,10284415,3411250923.95
2016-04-18,TATASTEEL,,,331.9,337.25,327.65,335.55,7192987,2397908188.8
2016-04-20,TATASTEEL,,,337.95,359.3,337.7,357.45,18382196,6476136082.25
2016-04-21,TATASTEEL,,,358.8,364.05,353.1,354.55,10350647,3696577071.95
2016-04-22,TATASTEEL,,,358,363.75,352.3,353.65,12095871,4332015716.5
2016-04-25,TATASTEEL,,,352.5,353.7,344.55,347.45,6159623,2139686008.1
2016-04-26,TATASTEEL,,,347.15,360.6,347.1,358.6,8345302,2966756646.5
2016-04-27,TATASTEEL,,,358.9,362.4,354.15,356.75,6027540,2154575065.3
2016-04-28,TATASTEEL,,,357,362,346.15,347.6,10079174,3564318696.35
2016-04-29,TATASTEEL,,,347.7,353.9,342.7,351.1,7804551,2724997780.9
2016-05-02,TATASTEEL,,,349,351,344.4,346.95,4181306,1455043272.5
2016-05-03,TATASTEEL,,,348.75,355.65,347,348.9,6374681,2238617348.2
2016-05-04,TATASTEEL,,,346,347.25,327.4,328.75,7957557,2663171132.45
2016-05-05,TATASTEEL,,,329,334.8,324.15,331.8,8335949,2745151869
2016-05-06,TATASTEEL,,,330,331.5,325.1,329.3,5362816,1762350131.6
2016-05-09,TATASTEEL,,,330,334.95,327.2,328.7,4658395,1539692021.85
2016-05-10,TATASTEEL,,,330.9,337.25,325.15,328.05,10750089,3553592019.05
2016-05-11,TATASTEEL,,,319.9,332,319.15,329.8,5687705,1868963483.4
2016-05-12,TATASTEEL,,,331.25,332.2,326.6,330.6,4706634,1550914476.2
2016-05-13,TATASTEEL,,,327,329.35,321.2,322.65,5602557,1816717241.95
2016-05-16,TATASTEEL,,,323.05,327.25,319.4,326.4,3930807,1272810512.15
2016-05-17,TATASTEEL,,,328.8,331.15,324.4,327.15,4879761,1598659411.9
2016-05-18,TATASTEEL,,,325.7,330.2,323.15,329.05,3759529,1228957252.25
2016-05-19,TATASTEEL,,,326.5,337.4,325,326.25,6510727,2161732102.1
2016-05-20,TATASTEEL,,,326.2,327.1,321.1,322.65,4611092,1492788491.2
2016-05-23,TATASTEEL,,,324.7,325.75,312.5,313.55,6397200,2031350076.1
2016-05-24,TATASTEEL,,,313.45,318.45,311.25,317.7,5022884,1582440745.8
2016-05-25,TATASTEEL,,,320,326.5,318.15,324.6,5523886,1780800296.8
2016-05-26,TATASTEEL,,,320,329.35,320,325.2,12892426,4180699277.25
2016-05-27,TATASTEEL,,,326,332,324.55,329.6,4404479,1444456592.1
2016-05-30,TATASTEEL,,,332.05,334.6,321.45,322.35,6618099,2158334761.35
2016-05-31,TATASTEEL,,,324.5,337.5,320.25,334.35,10042011,3321824551.3
2016-06-01,TATASTEEL,,,335.9,339.6,329.4,332.15,6483031,2173119501.05
2016-06-02,TATASTEEL,,,332,341.9,330.35,340.65,5572983,1878174020.85
2016-06-03,TATASTEEL,,,344,348.3,336.4,338.55,8832388,3021418728.4
2016-06-06,TATASTEEL,,,335,340.7,332.15,337.85,4969784,1674766167.3
2016-06-07,TATASTEEL,,,339.55,343.85,337.05,342.6,3898620,1329786431.95
2016-06-08,TATASTEEL,,,343.25,346.45,338.5,341.5,4466650,1528362012.95
2016-06-09,TATASTEEL,,,340,346.7,340,342.05,5935910,2039511410.4
2016-06-10,TATASTEEL,,,342,344.5,333.5,334.4,5506426,1866616791.4
2016-06-13,TATASTEEL,,,328.3,329.95,321,323.1,6576686,2130416768.4
2016-06-14,TATASTEEL,,,325,327.45,321.3,324.95,4008566,1300800413.55
2016-06-15,TATASTEEL,,,326.1,331.5,323.8,330.25,4134184,1354431084.25
2016-06-16,TATASTEEL,,,329.5,333.5,324.1,330.5,6490905,2136670702.9
2016-06-17,TATASTEEL,,,333,333.5,323.8,325.45,5702881,1862360906.3
2016-06-20,TATASTEEL,,,324.4,336.95,322.8,336.25,6200742,2057022734.15
2016-06-21,TATASTEEL,,,336,337.7,332.75,334.05,3490952,1168852334.55
2016-06-22,TATASTEEL,,,334,334,327.05,332.45,4627091,1530753964.85
2016-06-23,TATASTEEL,,,331.5,335.95,327.6,333.95,4684494,1552374208.75
2016-06-24,TATASTEEL,,,307.1,316.4,296.3,312.65,14410710,4439066874.75
2016-06-27,TATASTEEL,,,309.75,312.55,307.5,310.5,6579079,2041837687.9
2016-06-28,TATASTEEL,,,311.45,314.4,307,311.5,7926086,2466122631.6
2016-06-29,TATASTEEL,,,314,317,312.6,313.6,5616012,1768703772.2
2016-06-30,TATASTEEL,,,315.7,324.25,315.2,321.95,6392234,2041590186.65
2016-07-01,TATASTEEL,,,326.5,330.9,326.4,328.1,4994251,1642636604.85
2016-07-04,TATASTEEL,,,328.7,333.9,327.95,331.25,3232796,1071644833.4
2016-07-05,TATASTEEL,,,332.5,337.4,330.25,333.65,3943390,1316836154.55
2016-07-07,TATASTEEL,,,334.2,337.25,316.3,317.7,10126780,3271858224.8
2016-07-08,TATASTEEL,,,314.95,319.4,312.1,318.35,7764479,2458850147.75
2016-07-11,TATASTEEL,,,325,329.7,319.65,327,7692459,2502255581.95
2016-07-12,TATASTEEL,,,329.95,343.85,329,342.3,9886586,3324885235.1
2016-07-13,TATASTEEL,,,344.7,358.65,344.3,357.75,13345822,4711988292.1
2016-07-14,TATASTEEL,,,358.8,361.35,353.35,359.3,7970875,2855408470.45
2016-07-15,TATASTEEL,,,359.3,374.4,356.75,372.9,13431169,4960458692.2
2016-07-18,TATASTEEL,,,373.45,379.4,363.5,365.65,7697416,2873584846
2016-07-19,TATASTEEL,,,367.95,371.65,362.35,370.25,8246048,3033766587.2
2016-07-20,TATASTEEL,,,372.2,373,366.4,368.45,5907217,2181247774.15
2016-07-21,TATASTEEL,,,370,370,361.1,362.3,5343359,1950639016.55
2016-07-22,TATASTEEL,,,362.3,368.9,356.45,365.45,7372910,2677670770.45
2016-07-25,TATASTEEL,,,365,367.8,362.15,363.65,5676435,2067452280.8
2016-07-26,TATASTEEL,,,363.9,375,363.05,367.8,7798763,2895068074.2
2016-07-27,TATASTEEL,,,368.9,370.5,354.1,363.05,10359001,3745436365.3
2016-07-28,TATASTEEL,,,358,359.2,348.65,349.85,10526709,3716837787.8
2016-07-29,TATASTEEL,,,351.05,359,351.05,355.05,8349227,2971069605.15
2016-08-01,TATASTEEL,,,356.15,366.6,354.25,364.85,10082335,3648513773.35
2016-08-02,TATASTEEL,,,366.45,370.7,360.1,361.85,8108008,2965723036.95
2016-08-03,TATASTEEL,,,364.65,366.45,354.9,358.05,5746762,2070188879.1
2016-08-04,TATASTEEL,,,360.4,374.9,357.4,373.8,9639368,3553798330.75
2016-08-05,TATASTEEL,,,378,383,376.5,381.7,9117890,3466751578.2
2016-08-08,TATASTEEL,,,382.4,384.5,376.25,379.55,6662412,2532846910.35
2016-08-09,TATASTEEL,,,379,382.45,373.6,375.35,5618546,2121951663.8
2016-08-10,TATASTEEL,,,377.9,379.4,368.15,370.3,4594009,1711727531.35
2016-08-11,TATASTEEL,,,370.3,373.6,361.5,368.35,4419528,1626777419.15
2016-08-12,TATASTEEL,,,370,378.35,369.35,374.75,4411019,1654487188.95
2016-08-16,TATASTEEL,,,375,381,373.05,379.15,6104127,2303512954.2
2016-08-17,TATASTEEL,,,379.95,392.95,379.95,391.85,9353131,3627357228.7
2016-08-18,TATASTEEL,,,392.5,393.9,385.1,387.2,5920398,2300864547.25
2016-08-19,TATASTEEL,,,389.15,394.65,383.5,392.15,8947214,3485212991.15
2016-08-22,TATASTEEL,,,391.5,391.5,384.5,388.15,5563430,2156131368.15
2016-08-23,TATASTEEL,,,387.95,391,378.15,385.15,6720835,2592890336.9
2016-08-24,TATASTEEL,,,385.6,387.3,378.75,379.95,4261868,1627967766.3
2016-08-25,TATASTEEL,,,381.7,382.3,370.5,372.3,4773691,1799393833.2
2016-08-26,TATASTEEL,,,375,375.95,367.3,369.45,4311789,1598046061.6
2016-08-29,TATASTEEL,,,368.9,375.45,367.75,373.75,3718240,1387310232.9
2016-08-30,TATASTEEL,,,375.35,379.5,375,377.75,3804436,1436594140.55
2016-08-31,TATASTEEL,,,378,381.35,368.8,370.1,4530361,1696370774.25
2016-09-01,TATASTEEL,,,371.3,377.7,369.5,374.6,4453409,1665176316.75
2016-09-02,TATASTEEL,,,375.95,376.2,370.4,374.2,2824297,1053851415.2
2016-09-06,TATASTEEL,,,375,386.75,374.4,385.75,5828507,2231192318.45
2016-09-07,TATASTEEL,,,387.1,394.15,386.6,389.95,6965026,2722303804.85
2016-09-08,TATASTEEL,,,390.25,408.6,390.25,403,11234744,4526130228.6
2016-09-09,TATASTEEL,,,404.9,406.9,393.25,394.6,5962851,2375144856.85
2016-09-12,TATASTEEL,,,385,385.9,370.6,373.3,6717365,2543387330.75
2016-09-14,TATASTEEL,,,370,378,363.15,373.9,11105369,4110079120.8
2016-09-15,TATASTEEL,,,374,375.1,363.75,366.4,4875040,1792925125.05
2016-09-16,TATASTEEL,,,369.5,371.9,357.6,358.85,6075750,2216214210.55
2016-09-19,TATASTEEL,,,360,363.95,355.3,361.65,5121611,1848714655.95
2016-09-20,TATASTEEL,,,364.3,370,359.25,365.6,5697810,2080702461.05
2016-09-21,TATASTEEL,,,365.3,372.5,365.3,369.8,6868967,2540257835.1
2016-09-22,TATASTEEL,,,377.7,379.8,372.8,377.25,6669414,2509204550.9
2016-09-23,TATASTEEL,,,377.35,378.4,371,372,4461871,1673105779.9
2016-09-26,TATASTEEL,,,371.35,376.55,368.4,369.75,4351638,1621699583.65
2016-09-27,TATASTEEL,,,372.6,374.6,366.6,367.95,4403977,1628631334.7
2016-09-28,TATASTEEL,,,368.25,382.2,368.25,380.35,6338968,2377613323.5
2016-09-29,TATASTEEL,,,383.35,383.85,365,368.8,13361086,4978466313.7
2016-09-30,TATASTEEL,,,367.85,377.45,363.3,374.25,5506157,2038742400.75
2016-10-03,TATASTEEL,,,376.9,384.8,376.3,382.85,4480810,1710457973.25
2016-10-04,TATASTEEL,,,386,393,382.4,391.15,8523432,3309502808.9
2016-10-05,TATASTEEL,,,395.2,396.5,389,390.7,5154852,2023818025.25
2016-10-06,TATASTEEL,,,392.8,395.85,386.55,389.85,7730432,3021784549.8
2016-10-07,TATASTEEL,,,392.9,407.6,390.2,406.55,11610384,4652580115.35
2016-10-10,TATASTEEL,,,409.9,420.7,409,418.4,11642373,4851727676.3
2016-10-13,TATASTEEL,,,414,420.4,408.8,413.8,11106052,4601058833.75
2016-10-14,TATASTEEL,,,416,417.5,409.5,412.3,5275390,2178223939.35
2016-10-17,TATASTEEL,,,412.2,415.8,407.6,410.8,6712935,2765076999.05
2016-10-18,TATASTEEL,,,414.4,426.5,412.1,424.95,7584884,3199102023.05
2016-10-19,TATASTEEL,,,426,427.75,421.2,426,4973722,2114403842.6
2016-10-20,TATASTEEL,,,427.75,431.9,425.25,428.55,5062646,2172678520.7
2016-10-21,TATASTEEL,,,427,428.45,421.7,427.2,4124680,1753851113.75
2016-10-24,TATASTEEL,,,427.45,431.4,425,426.05,2881988,1232419585.6
2016-10-25,TATASTEEL,,,410,419.2,408.35,415.25,8696996,3610305561.55
2016-10-26,TATASTEEL,,,414.35,418.8,390.9,398.6,8302477,3397995804.25
2016-10-27,TATASTEEL,,,388,400,383.35,397.15,13709731,5397717215.05
2016-10-28,TATASTEEL,,,398.75,406.5,397.35,405.45,6788166,2734961340.1
2016-11-01,TATASTEEL,,,404.85,423.95,401.1,417.7,9473737,3938047685.55
2016-11-02,TATASTEEL,,,406,416.4,406,413.35,7410152,3053167413.45
2016-11-03,TATASTEEL,,,411,419.7,398.65,403.3,8494155,3465659041.7
2016-11-04,TATASTEEL,,,403.9,407.6,398.25,403.1,5096305,2053672357.1
2016-11-07,TATASTEEL,,,406.3,415.35,406.3,412.6,4516324,1859265041.55
2016-11-08,TATASTEEL,,,414,415.4,405.5,408.65,3253417,1335487674.5
2016-11-09,TATASTEEL,,,380,403.9,377,399.35,5912250,2332721920.1
2016-11-10,TATASTEEL,,,407.95,439.3,407.95,437,10898034,4710193717.2
2016-11-11,TATASTEEL,,,432.5,441.5,424,426.5,8733209,3772120841.85
2016-11-15,TATASTEEL,,,411.5,418,391,393.05,9253517,3708013775.15
2016-11-16,TATASTEEL,,,397,401.4,380.85,392.75,8230718,3213752908.5
2016-11-17,TATASTEEL,,,393.5,398.6,387,392.75,4361763,1715613735.95
2016-11-18,TATASTEEL,,,390.05,412.4,381.25,385.1,4660147,1803231776.55
2016-11-21,TATASTEEL,,,385.45,389.6,366.3,371.45,6566271,2458030676.9
2016-11-22,TATASTEEL,,,376.7,379.7,372.8,378.05,4143438,1561572584.65
2016-11-23,TATASTEEL,,,381,394.8,380.05,392.7,5124218,1990189743.9
2016-11-24,TATASTEEL,,,387.05,400.7,385.6,398.15,7117077,2807881461.3
2016-11-25,TATASTEEL,,,399,413.5,397.5,408.75,7090491,2899020599.85
2016-11-28,TATASTEEL,,,407.9,411.7,402.45,406.6,4679209,1905164281.7
2016-11-29,TATASTEEL,,,415,417.6,407.8,408.95,6015315,2477713101.8
2016-11-30,TATASTEEL,,,409.7,416,404.3,415.05,5378415,2214860547.85
2016-12-01,TATASTEEL,,,417.35,418.5,407.75,409.6,3073859,1267916358.6
2016-12-02,TATASTEEL,,,405.85,411.9,404.4,406.4,3623139,1476631717.2
2016-12-05,TATASTEEL,,,407.6,414.6,404.55,413.5,3500112,1432681234.7
2016-12-06,TATASTEEL,,,414,420.7,412,418.45,3883470,1615955653.3
2016-12-07,TATASTEEL,,,419.3,421.4,408.7,411.9,4700356,1954810462.85
2016-12-08,TATASTEEL,,,417.7,432.75,417,431.3,9445695,4044978955.35
2016-12-09,TATASTEEL,,,432.7,435.35,428.4,430.55,4094532,1765865651.5
2016-12-12,TATASTEEL,,,428.9,430.45,423.15,424.2,2491598,1062684956.1
2016-12-13,TATASTEEL,,,428.95,428.95,417.5,421.1,3195158,1344987358.45
2016-12-14,TATASTEEL,,,422,426.2,416.75,417.75,3247269,1365400288.3
2016-12-15,TATASTEEL,,,415.6,427.4,412.85,419.3,4454182,1872987107.3
2016-12-16,TATASTEEL,,,422.8,422.8,412.5,414.05,3547889,1473881441.75
2016-12-19,TATASTEEL,,,411,416.3,409.1,410.35,2347383,969411260.75
2016-12-20,TATASTEEL,,,411.8,414,401.1,403.5,3541080,1436359986.65
2016-12-21,TATASTEEL,,,405,408.3,401.4,404.5,2747302,1113640173.85
2016-12-22,TATASTEEL,,,404.5,405.85,390.25,392.2,4084454,1614062657.2
2016-12-23,TATASTEEL,,,393.5,395.55,387.05,390.85,3992131,1562269468.25
2016-12-26,TATASTEEL,,,388.5,389.6,378.5,380.1,3232118,1236420677.95
2016-12-27,TATASTEEL,,,382,394.7,377.35,392.4,3894041,1506111786.3
2016-12-28,TATASTEEL,,,393.35,393.75,386.5,388.45,3940185,1532607718.3
2016-12-29,TATASTEEL,,,388.5,393.9,387.25,392.35,3422017,1339224784.8
2016-12-30,TATASTEEL,,,393,395.4,388.1,391.25,3055022,1196470295.55
2017-01-02,TATASTEEL,,,393.45,408.35,388.9,406.75,5578129,2234285879.55
2017-01-03,TATASTEEL,,,407.05,408.9,401.25,403.3,3338806,1350333812.3
2017-01-04,TATASTEEL,,,404.1,409,401.4,405.45,3344043,1355742992.1
2017-01-05,TATASTEEL,,,409.1,422.5,407.3,419.3,7196279,2998972632.25
2017-01-06,TATASTEEL,,,420.5,425.4,415.6,419.55,4138078,1740484151.1
2017-01-09,TATASTEEL,,,423.7,424.2,419.35,422,3122769,1318462615.45
2017-01-10,TATASTEEL,,,422.7,432.5,422.6,431.9,5118565,2196642517.3
2017-01-11,TATASTEEL,,,435.3,450.95,434.65,448.25,11431250,5104766908.25
2017-01-12,TATASTEEL,,,449,451.15,443.25,447.55,5361474,2399249489.75
2017-01-13,TATASTEEL,,,450,450.4,441.2,446.35,4232151,1886867481.1
2017-01-16,TATASTEEL,,,444.25,459.5,443.25,458.45,6675950,3043405575.1
2017-01-17,TATASTEEL,,,459.05,459.6,450.9,454.25,3342717,1519072548.05
2017-01-18,TATASTEEL,,,454.75,470,454.25,468.35,9116932,4251250439
2017-01-19,TATASTEEL,,,468.7,468.8,462.35,467.15,3445069,1604940560.2
2017-01-20,TATASTEEL,,,466,467.8,452.6,454.5,4927321,2266346399.05
2017-01-23,TATASTEEL,,,450.9,464,450.6,461.8,4349975,2003646984.6
2017-01-24,TATASTEEL,,,462,466.5,458.55,464.25,3731789,1726851807.45
2017-01-25,TATASTEEL,,,467,476.75,466.1,469.5,6307571,2974610473.15
2017-01-27,TATASTEEL,,,469.85,473.8,463.35,469.3,4977414,2336584638.2
2017-01-30,TATASTEEL,,,468.5,468.5,460.15,462.05,3322749,1539949063.3
2017-01-31,TATASTEEL,,,460.2,471.4,460.1,463.05,4543771,2114848786.4
2017-02-01,TATASTEEL,,,464.05,475.9,457.15,474.6,5572616,2607830759.35
2017-02-02,TATASTEEL,,,473.5,480.9,466.25,476.95,5988117,2830779681.35
2017-02-03,TATASTEEL,,,476.9,480,468.15,472.8,5284757,2503924410.8
2017-02-06,TATASTEEL,,,474.4,477.6,469.15,473.4,4806869,2275178580.25
2017-02-07,TATASTEEL,,,475.1,479.8,470.05,472.8,4836631,2292987546.8
2017-02-08,TATASTEEL,,,485,485.4,467.45,470.65,11287445,5380135217.25
2017-02-09,TATASTEEL,,,469.65,473.4,456.5,459.85,6485765,2997250781.25
2017-02-10,TATASTEEL,,,467,471.8,460.55,468.2,7912091,3687965391.5
2017-02-13,TATASTEEL,,,473.15,477,470.1,472.6,4898780,2319600113.85
2017-02-14,TATASTEEL,,,473.9,474.85,466.1,472.4,3251700,1529075152.55
2017-02-15,TATASTEEL,,,472.7,474.75,457.25,460.1,4228709,1963842505
2017-02-16,TATASTEEL,,,464.7,471.5,455.65,469.95,4820369,2239685546.1
2017-02-17,TATASTEEL,,,472.3,474.85,466.65,468.2,3922122,1840607795.65
2017-02-20,TATASTEEL,,,468,489,464.75,487.05,8441156,4061893683.65
2017-02-21,TATASTEEL,,,488.95,495.9,485,490.95,8063716,3961759598.8
2017-02-22,TATASTEEL,,,490.45,491.45,480.6,484.05,5010536,2430206311.95
2017-02-23,TATASTEEL,,,485.1,487.9,478.15,485.75,4810464,2329784791.65
2017-02-27,TATASTEEL,,,485.2,488.15,479.5,480.6,2730887,1317568274.65
2017-02-28,TATASTEEL,,,481.5,485.75,480.45,482.7,3402886,1644366838.1
2017-03-01,TATASTEEL,,,485,502.5,483.4,500.35,7716571,3816745818.7
2017-03-02,TATASTEEL,,,502,505.6,492.25,494.65,5722550,2859155333.1
2017-03-03,TATASTEEL,,,494.55,497.75,489.55,495.1,3357902,1657520964.2
2017-03-06,TATASTEEL,,,495.1,501,490.25,492.7,4153429,2054164456
2017-03-07,TATASTEEL,,,493.5,494,480.65,482,5123193,2480442363.65
2017-03-08,TATASTEEL,,,484.9,486.4,470.1,472.45,5935312,2822960661.85
2017-03-09,TATASTEEL,,,471.9,475.35,467.7,469.45,4495787,2115006926.45
2017-03-10,TATASTEEL,,,468.5,474.4,462.2,467.75,4523612,2120443765.45
2017-03-14,TATASTEEL,,,479,479,470.45,472.55,5565574,2639692371.7
2017-03-15,TATASTEEL,,,473.95,480,470.4,479.05,5561866,2645485443.1
2017-03-16,TATASTEEL,,,484.85,501,481.95,499.65,10391757,5136174590.4
2017-03-17,TATASTEEL,,,503.85,508.75,498.1,502.2,6800312,3420341827.3
2017-03-20,TATASTEEL,,,502.5,502.7,492,496.65,3995540,1980151292.1
2017-03-21,TATASTEEL,,,496.9,501.3,492.35,496.4,4967685,2469578975.9
2017-03-22,TATASTEEL,,,490,493.8,486.4,488.1,4652350,2281440302.7
2017-03-23,TATASTEEL,,,487.5,496.6,487.5,495.5,4126938,2033898077.85
2017-03-24,TATASTEEL,,,496.05,499.9,491.1,493.2,3082110,1528649598.9
2017-03-27,TATASTEEL,,,492.75,492.75,474.65,476.5,6189956,2966089682.9
2017-03-28,TATASTEEL,,,477.55,482.65,477,480.2,4396544,2112404354.9
2017-03-29,TATASTEEL,,,482,484.9,480.25,484.4,3264312,1576589228.55
2017-03-30,TATASTEEL,,,484.4,486.35,475.8,477.5,4642454,2227393897.65
2017-03-31,TATASTEEL,,,480.65,485.9,479.05,482.7,3215307,1554160192.1
2017-04-03,TATASTEEL,,,486,489.9,482.8,485.85,3140253,1529395155.55
2017-04-05,TATASTEEL,,,488,498.2,486.65,493.3,4919654,2431482669.6
2017-04-06,TATASTEEL,,,493.7,504.4,483.95,501.65,5058885,2501908246.7
2017-04-07,TATASTEEL,,,500.9,506.35,490.65,493.2,5379967,2695471045.15
2017-04-10,TATASTEEL,,,497,498.8,490.4,495.35,2992630,1481673194.95
2017-04-11,TATASTEEL,,,495.5,496,486.3,488.1,4084688,1998747262.55
2017-04-12,TATASTEEL,,,490.4,492.55,476,477.4,5007724,2410492483.95
2017-04-13,TATASTEEL,,,474.4,479.2,462.2,463.55,5907485,2762040113.1
2017-04-17,TATASTEEL,,,460.1,467.9,459.75,462.4,3787898,1756366118.2
2017-04-18,TATASTEEL,,,467.1,474,448,449.9,7307227,3371128985.7
2017-04-19,TATASTEEL,,,448,455.5,442.05,450.75,9427124,4232032587.15
2017-04-20,TATASTEEL,,,450.75,455.8,448.25,454.4,4022665,1819261348.9
2017-04-21,TATASTEEL,,,460,460.7,449.1,450.85,4643978,2109562553.55
2017-04-24,TATASTEEL,,,452,454.6,447.1,450.7,4956153,2235207346.95
2017-04-25,TATASTEEL,,,453.4,457.9,451.3,454.65,4250166,1933486424.3
2017-04-26,TATASTEEL,,,456.9,463.3,450.8,453.8,4674438,2140816410.7
2017-04-27,TATASTEEL,,,454,454.85,444,445.85,6189923,2771976071.65
2017-04-28,TATASTEEL,,,448,458.7,445.85,449.25,6256122,2833118629.4
2017-05-02,TATASTEEL,,,451,454,443.4,445.05,4689154,2097358215.05
2017-05-03,TATASTEEL,,,447.3,449.95,437.55,440.8,5008822,2213759679.95
2017-05-04,TATASTEEL,,,447,448,436.1,442.45,6535720,2885697108.8
2017-05-05,TATASTEEL,,,441.5,441.5,428,433.6,5701881,2479740643.8
2017-05-08,TATASTEEL,,,434,436.4,428.1,431.9,5515622,2381004832.45
2017-05-09,TATASTEEL,,,432,440,431.25,433.5,4738911,2066964085.2
2017-05-10,TATASTEEL,,,435.25,438.55,433.1,437.45,3539929,1544756330.75
2017-05-11,TATASTEEL,,,440.7,445.4,439.7,441.15,5533078,2447792332.15
2017-05-12,TATASTEEL,,,442.4,443.9,432.6,436.7,5796510,2541775306.8
2017-05-15,TATASTEEL,,,438,456.9,437.8,456.05,9754791,4398971560.4
2017-05-16,TATASTEEL,,,463.05,464,455.35,456.55,10298954,4723943817.05
2017-05-17,TATASTEEL,,,470,499,465.8,493.9,49407351,24028781999.65
2017-05-18,TATASTEEL,,,488.15,496.65,483.6,486.25,13370374,6566721912.15
2017-05-19,TATASTEEL,,,490,496,480.25,489.5,9075025,4437202131.7
2017-05-22,TATASTEEL,,,492.85,496.95,484.35,486.4,6222549,3048781680.5
2017-05-23,TATASTEEL,,,489.05,496.85,477.6,490.4,9779642,4792008442.5
2017-05-24,TATASTEEL,,,492.5,495,481.5,483.35,7240413,3527659121.5
2017-05-25,TATASTEEL,,,485,487.05,476.7,484.7,6461254,3114461778.35
2017-05-26,TATASTEEL,,,486.9,514.85,485.65,511.75,16240203,8251845150.4
2017-05-29,TATASTEEL,,,512.1,520.65,506.15,507.7,6772389,3470789588.8
2017-05-30,TATASTEEL,,,508.4,514,504.25,511.85,4082146,2086287117.85
2017-05-31,TATASTEEL,,,510.15,515,502.5,504.7,4365325,2212749684.8
2017-06-01,TATASTEEL,,,504.7,507.95,494,497.15,3886388,1936220214.45
2017-06-02,TATASTEEL,,,501.95,503.2,488.05,491.95,5681201,2799474070.2
2017-06-05,TATASTEEL,,,493,499.9,487,491.3,4742679,2341102628.85
2017-06-06,TATASTEEL,,,493.9,496.5,488.45,490.3,4123554,2029723347.85
2017-06-07,TATASTEEL,,,491.75,494.35,487,490.85,3287207,1614553143.2
2017-06-08,TATASTEEL,,,503,511.4,497.6,499,11928366,6030681690.95
2017-06-09,TATASTEEL,,,498.4,508.35,495.85,507.05,6332939,3179242937.75
2017-06-12,TATASTEEL,,,507.7,514.2,505.5,508.4,5283279,2691285287.15
2017-06-13,TATASTEEL,,,509,512.9,505.5,508.6,5965585,3039408642.95
2017-06-14,TATASTEEL,,,508,509.75,501.15,502.65,4696131,2369489869.05
2017-06-15,TATASTEEL,,,500.8,506.5,499.25,502.55,4078026,2051686995.45
2017-06-16,TATASTEEL,,,504,507.7,501.15,501.95,3424915,1725113398
2017-06-19,TATASTEEL,,,510.3,520.6,507.5,519.55,9593934,4934321373.9
2017-06-20,TATASTEEL,,,524,525.65,520.5,522.35,5911795,3092235491.9
2017-06-21,TATASTEEL,,,521.3,523.65,515.7,517.65,4260883,2212793785.4
2017-06-22,TATASTEEL,,,521,522.35,512,515,3812931,1974321008.55
2017-06-23,TATASTEEL,,,513.9,513.9,502.7,507.25,3995573,2028070408.5
2017-06-27,TATASTEEL,,,510,513.8,503.8,510.9,4546092,2316630778.95
2017-06-28,TATASTEEL,,,512,522.85,509.4,520.6,6896090,3579679373.7
2017-06-29,TATASTEEL,,,524.9,536.6,522.05,535.05,9651954,5126511871.85
2017-06-30,TATASTEEL,,,534.45,547.9,530.05,545.75,8469286,4575977852.2
2017-07-03,TATASTEEL,,,545.5,553.35,542.05,550.6,6447865,3545298534.4
2017-07-04,TATASTEEL,,,551.1,554.55,544.4,547.55,5039815,2763648424.65
2017-07-05,TATASTEEL,,,544.4,552.5,544,549.95,4725845,2597229582.1
2017-07-06,TATASTEEL,,,550,557.5,549,554.65,6506592,3605872724.6
2017-07-07,TATASTEEL,,,553,554.9,550.9,553.35,4100041,2265356231.2
2017-07-10,TATASTEEL,,,558.9,561.6,549.1,559.35,1089492,607925299.05
2017-07-11,TATASTEEL,,,560.4,561.95,555.2,556.85,4912769,2742411833.8
2017-07-12,TATASTEEL,,,560,561.2,555,559.1,4061003,2268069481.55
2017-07-13,TATASTEEL,,,565,566,560.2,563.95,4252470,2396034571.55
2017-07-14,TATASTEEL,,,564.9,564.9,556.75,558.4,4677703,2619756415.95
2017-07-17,TATASTEEL,,,562.1,563.75,557.1,559.8,2460456,1380455411.2
2017-07-18,TATASTEEL,,,557.55,569,557,563.3,3442296,1942212859.8
2017-07-19,TATASTEEL,,,564,572.35,563.35,571.2,3285956,1868349404.65
2017-07-20,TATASTEEL,,,562.3,563.75,556.25,557.2,3260506,1823456773.7
2017-07-21,TATASTEEL,,,558,558.05,543.65,553.25,3295008,1817604906.65
2017-07-24,TATASTEEL,,,554.4,554.4,547.35,548.5,2160449,1189430729.4
2017-07-25,TATASTEEL,,,548.9,554.05,548.75,552.95,2840175,1568314152.6
2017-07-26,TATASTEEL,,,555,567.95,554.1,565.75,7087415,4001820482.1
2017-07-27,TATASTEEL,,,566.95,568.55,558.1,561.25,4019198,2262531472.65
2017-07-28,TATASTEEL,,,560.8,560.8,548.45,551.9,2411689,1336506015.15
2017-07-31,TATASTEEL,,,553.25,571.4,553.25,567.1,5624650,3188244170.45
2017-08-01,TATASTEEL,,,569.7,575.25,568.6,572.4,5091142,2911508875.95
2017-08-02,TATASTEEL,,,573,573.8,565.5,569.25,2987644,1700932770
2017-08-03,TATASTEEL,,,567,568.35,557.55,559.3,3286455,1843732887.85
2017-08-04,TATASTEEL,,,559.4,580.8,559.3,575.85,3363291,1916679389.15
2017-08-07,TATASTEEL,,,585,601.65,584,600.05,11012930,6563165266.45
2017-08-08,TATASTEEL,,,610.25,625.5,606,616.45,20046119,12413549295.4
2017-08-09,TATASTEEL,,,616,620.4,602.5,605.05,5202611,3176390548.45
2017-08-10,TATASTEEL,,,604.8,614.7,598.05,604.35,7684041,4669495882.35
2017-08-11,TATASTEEL,,,600,605.95,591.25,596.75,8579300,5138660046.65
2017-08-14,TATASTEEL,,,607.4,625.6,605,623.75,8555920,5290107301.25
2017-08-16,TATASTEEL,,,625,632.65,620.45,631.2,7330341,4598925091.55
2017-08-17,TATASTEEL,,,630.1,637,624.1,625.4,4616610,2911697805.6
2017-08-18,TATASTEEL,,,622.45,628.75,620.1,625.65,3386205,2113597234.6
2017-08-21,TATASTEEL,,,632.9,638.65,619.1,621.55,4175647,2634186307.4
2017-08-22,TATASTEEL,,,629.95,629.95,614.4,619.6,3690708,2290596723.45
2017-08-23,TATASTEEL,,,624,636.45,616.5,634.6,3918843,2447481393.9
2017-08-24,TATASTEEL,,,636,640.55,630.6,639,4909312,3125024529.85
2017-08-28,TATASTEEL,,,640.15,642.9,631.8,635.85,3565779,2273063984.75
2017-08-29,TATASTEEL,,,635.5,640.45,627.95,630.2,3443278,2183416918.65
2017-08-30,TATASTEEL,,,635,641.4,634.1,638.65,3524171,2247477334.5
2017-08-31,TATASTEEL,,,636.95,643,632.2,638.05,6514220,4154765333.8
2017-09-01,TATASTEEL,,,639.95,652.75,639.05,651.2,6152375,3980820217.25
2017-09-04,TATASTEEL,,,651,651.7,641.5,646.55,2411324,1559312244.85
2017-09-05,TATASTEEL,,,647.65,654.45,647.25,652.1,3168850,2066387824.1
2017-09-06,TATASTEEL,,,647.1,656.1,645.5,653,2726474,1774717030.9
2017-09-07,TATASTEEL,,,657,657,650.3,652.8,2504395,1635626260.5
2017-09-08,TATASTEEL,,,654.1,663.7,651.85,655.4,4712247,3104888980.4
2017-09-11,TATASTEEL,,,657,663.85,652.6,662.6,3208849,2116489636.8
2017-09-12,TATASTEEL,,,675,693,674.5,682.9,10312267,7065192697.1
2017-09-13,TATASTEEL,,,681.75,683.8,675.65,679.65,2353272,1598815860.7
2017-09-14,TATASTEEL,,,679.5,683.65,672.1,677.7,1906013,1292993085.7
2017-09-15,TATASTEEL,,,676,681.4,671.55,678.95,3241869,2195744852.55
2017-09-18,TATASTEEL,,,676,683,671.1,672.9,2293247,1547721436.5
2017-09-19,TATASTEEL,,,673.7,681.35,673,676.4,3708821,2505686255.45
2017-09-20,TATASTEEL,,,676.2,691.8,674.45,687.65,8780970,6012532746.9
2017-09-21,TATASTEEL,,,693.8,696.25,681.2,687.1,6132440,4227191347.85
2017-09-22,TATASTEEL,,,684,684,651,654,4418928,2944093346.9
2017-09-25,TATASTEEL,,,655,655.2,623.1,639.75,7063975,4498827391.2
2017-09-26,TATASTEEL,,,642.5,657,638.85,654.1,3948737,2565588571.5
2017-09-27,TATASTEEL,,,660,660,643.05,649.35,4959812,3219689525.75
2017-09-28,TATASTEEL,,,652.9,656.5,642.65,649.7,6579011,4273381755.5
2017-09-29,TATASTEEL,,,654.8,657,650.05,652.55,2838861,1855667913.15
2017-10-03,TATASTEEL,,,656.5,665.9,656.5,660.8,2849961,1882120553.1
2017-10-04,TATASTEEL,,,660.4,662.55,654.45,659,2784555,1836786940.55
2017-10-05,TATASTEEL,,,658,665.35,657.45,661,1552614,1028289196.25
2017-10-06,TATASTEEL,,,665.25,693.8,665.05,691.45,9464812,6483917512.6
2017-10-09,TATASTEEL,,,693,704.4,691.6,697.25,5619102,3927087388.45
2017-10-10,TATASTEEL,,,700.95,704.15,685.1,690.8,4197902,2908738773.4
2017-10-11,TATASTEEL,,,694.5,698.8,673.3,682.3,4191994,2879185169.95
2017-10-12,TATASTEEL,,,688,693.8,681.4,691.6,4524341,3110131616.15
2017-10-13,TATASTEEL,,,697.55,717.45,695,710.85,9628769,6817355930
2017-10-16,TATASTEEL,,,713.2,719.5,711.65,714.95,4213048,3012872176.5
2017-10-17,TATASTEEL,,,714.95,718.2,708.45,712.5,2801245,1996176330.55
2017-10-18,TATASTEEL,,,715.85,717.8,707.1,709.6,3401417,2419019468.65
2017-10-23,TATASTEEL,,,706.6,714.35,705.7,712,2719954,1932070078.65
2017-10-24,TATASTEEL,,,716.7,728.3,714.05,719.3,4555003,3290153596.5
2017-10-25,TATASTEEL,,,722.05,726.7,709.5,717.6,3164905,2270415644.25
2017-10-26,TATASTEEL,,,717.7,732.8,715.8,729.2,5666479,4125537138.6
2017-10-27,TATASTEEL,,,732.9,734.75,722.6,726.8,2777068,2022005621.45
2017-10-30,TATASTEEL,,,729.9,735,713.15,718.25,5046825,3638284456.6
2017-10-31,TATASTEEL,,,724,729.8,697.2,703.8,13545468,9641190641.2
2017-11-01,TATASTEEL,,,713.55,717,703.6,707.3,5458694,3875364834.8
2017-11-02,TATASTEEL,,,708.95,708.95,697.5,706.1,3183542,2238550119.55
2017-11-03,TATASTEEL,,,708,713.05,703.65,708.9,3287588,2331097465.8
2017-11-06,TATASTEEL,,,704.95,715.95,699.3,706.8,3942823,2790538886.1
2017-11-07,TATASTEEL,,,709.9,713.15,686.35,693.2,4457296,3107766188.6
2017-11-08,TATASTEEL,,,695.2,700.5,684.05,693.15,3590520,2486452067.35
2017-11-09,TATASTEEL,,,699,705.05,693.5,703.4,2542062,1780412405.5
2017-11-10,TATASTEEL,,,700.6,708.7,695.7,702.25,2893175,2032827656.3
2017-11-13,TATASTEEL,,,703.5,704.45,687.1,691.05,3238473,2242299245.15
2017-11-14,TATASTEEL,,,689.5,695.1,681.7,685.5,3691525,2545789901.55
2017-11-15,TATASTEEL,,,679,681.5,669.25,677.75,4298026,2901834813.8
2017-11-16,TATASTEEL,,,682.9,689.5,676.2,686.35,2465499,1682697453.55
2017-11-17,TATASTEEL,,,694,709.3,694,701.2,4032997,2842794299.3
2017-11-20,TATASTEEL,,,697.9,707.9,690.15,702.15,3289271,2300256582.1
2017-11-21,TATASTEEL,,,703.9,718.5,702,711.35,3657310,2608613311.15
2017-11-22,TATASTEEL,,,713.45,717,706.3,711.05,2272083,1615615423.75
2017-11-23,TATASTEEL,,,713.4,716.5,707.15,712.7,3683121,2620934196.15
2017-11-24,TATASTEEL,,,712.05,712.8,703.25,708.45,1925192,1363076955.4
2017-11-27,TATASTEEL,,,709,709,699.05,702.55,1865394,1309630544.75
2017-11-28,TATASTEEL,,,701.8,712.9,697.15,703.85,2544179,1796814800
2017-11-29,TATASTEEL,,,702.2,711,702.2,709.3,3056846,2163174809.8
2017-11-30,TATASTEEL,,,705,707,690,694.15,3990140,2796907100.25
2017-12-01,TATASTEEL,,,694.9,697.9,677,680.9,3941877,2703249988.6
2017-12-04,TATASTEEL,,,685.1,692.9,680.5,687.8,2322372,1596888130.7
2017-12-05,TATASTEEL,,,685,685.55,671,675.7,3329151,2250899697.1
2017-12-06,TATASTEEL,,,667,671.45,660.7,667.6,4266074,2834632398.65
2017-12-07,TATASTEEL,,,670,690,670,688,4021709,2744761870.4
2017-12-08,TATASTEEL,,,689.1,713.85,685.15,697.8,7508259,5271417575.95
2017-12-11,TATASTEEL,,,698.75,706.55,694.65,699.55,2207461,1546410413.15
2017-12-12,TATASTEEL,,,698.8,708.1,686.1,689.85,3980084,2781785624.05
2017-12-13,TATASTEEL,,,691.9,693.15,675.85,680.85,3661881,2509203352.8
2017-12-14,TATASTEEL,,,685,688.75,671.1,685.75,3143882,2139525833.4
2017-12-15,TATASTEEL,,,696,700.85,691.05,694.7,3158329,2196128073.25
2017-12-18,TATASTEEL,,,689.1,714.8,674,704.7,5093828,3584694116.95
2017-12-19,TATASTEEL,,,709,712,705.2,710.2,2035138,1442368711.7
2017-12-20,TATASTEEL,,,716.9,716.9,691.95,702.8,7388281,5188450111.1
2017-12-21,TATASTEEL,,,702.8,717.25,701,714.6,4801665,3415862967.75
2017-12-22,TATASTEEL,,,716.8,716.8,707.1,711.2,3322839,2363680347.8
2017-12-26,TATASTEEL,,,714,725,712,721.65,6011430,4328079012.65
2017-12-27,TATASTEEL,,,721.75,729.6,717.9,723.45,3611513,2619193266.65
2017-12-28,TATASTEEL,,,725.05,739.5,724.6,736.25,11572648,8503540788.4
2017-12-29,TATASTEEL,,,738,744.85,730,732.4,2816505,2075537758.35
2018-01-01,TATASTEEL,,,732.5,735.4,719.5,722.2,1833942,1332827277.05
2018-01-02,TATASTEEL,,,724,731.25,715.25,729.3,2467294,1787822857.3
2018-01-03,TATASTEEL,,,732,737.5,731.25,734.95,2634779,1935566674.3
2018-01-04,TATASTEEL,,,736.5,763.45,732,760.25,8082986,6077721303.8
2018-01-05,TATASTEEL,,,764,776.9,762.5,770.7,7136203,5502015156.4
2018-01-08,TATASTEEL,,,777.75,777.85,765,768.75,2584335,1990503902.15
2018-01-09,TATASTEEL,,,770,780.85,767,772.3,3197787,2475979435.75
2018-01-10,TATASTEEL,,,771.25,777,762.9,772.85,2990882,2298496137.8
2018-01-11,TATASTEEL,,,772.85,777.9,768.35,770.95,1934937,1496361329.65
2018-01-12,TATASTEEL,,,771.2,776.8,760.05,770.25,2169940,1671686055.2
2018-01-15,TATASTEEL,,,772,793,771,783.5,4171663,3278001108.95
2018-01-16,TATASTEEL,,,782.75,782.75,760.1,765.75,2791328,2147565233
2018-01-17,TATASTEEL,,,768,777.95,757,774,2988170,2293890370.3
2018-01-18,TATASTEEL,,,775,779.85,746.2,751.75,4616814,3497711137.55
2018-01-19,TATASTEEL,,,752.5,762,742.5,753,3217972,2421198577
2018-01-22,TATASTEEL,,,752,756.4,747.35,752.2,3605727,2710271411.75
2018-01-23,TATASTEEL,,,752,787.1,752,779.75,8036841,6246780029
2018-01-24,TATASTEEL,,,780.5,780.6,757.15,762.1,4935129,3791403220.75
2018-01-25,TATASTEEL,,,765,773.1,758.25,769.15,8397681,6444874344.15
2018-01-29,TATASTEEL,,,771,791.8,770.15,783.15,6508012,5109763296.85
2018-01-30,TATASTEEL,,,780.6,783.9,771.25,775.85,6019374,4670232414
2018-01-31,TATASTEEL,,,735.5,747.9,701.7,705.05,12958902,9335878228.05
2018-02-01,TATASTEEL,,,708,712.75,681.6,696.75,7403931,5154804699.9
2018-02-02,TATASTEEL,,,692,693,666.05,670.45,6500926,4425409641
2018-02-05,TATASTEEL,,,661,674.5,650.5,664.05,4698722,3113655797.45
2018-02-06,TATASTEEL,,,641,679,632.55,664.5,6704557,4397002362.95
2018-02-07,TATASTEEL,,,668,682.2,657,661.8,6789521,4536718207.9
2018-02-08,TATASTEEL,,,660.05,677,654,671.45,5845590,3889670064.55
2018-02-09,TATASTEEL,,,663.7,690,660.15,685.3,9140288,6233154968.8
2018-02-12,TATASTEEL,,,716,716.9,697.4,713.1,12036307,8551083029.1
2018-02-14,TATASTEEL,,,719.3,720.5,704.55,708,4885951,3485280748.4
2018-02-15,TATASTEEL,,,711.35,719.15,697.25,700.55,5131245,3637299446.6
2018-02-16,TATASTEEL,,,708,709.5,683.6,689.75,5012760,3478399324.55
2018-02-19,TATASTEEL,,,693.4,693.4,639,648.85,17658708,11558048417.4
2018-02-20,TATASTEEL,,,654.8,661.5,648.15,651.3,10214478,6686023349.05
2018-02-21,TATASTEEL,,,654.9,655.55,633,640.95,10307539,6606358204.25
2018-02-22,TATASTEEL,,,640.35,647.8,632.85,637.55,8950631,5738277047.1
2018-02-23,TATASTEEL,,,640.85,686.4,639,677.75,21866214,14641061102.7
2018-02-26,TATASTEEL,,,680,692.65,673.2,680.2,9199775,6293085776.8
2018-02-27,TATASTEEL,,,681.4,686.9,669.2,671.75,6805376,4627650931
2018-02-28,TATASTEEL,,,663.85,675,660,671.6,7112650,4760404400.25
2018-03-01,TATASTEEL,,,671.35,685,670.05,675.05,7128399,4826148824.4
2018-03-05,TATASTEEL,,,669.25,669.3,651.8,655.9,9785466,6439260218.75
2018-03-06,TATASTEEL,,,664.85,674,656.55,659.75,8414960,5611149688.55
2018-03-07,TATASTEEL,,,657,661.4,644.65,647.7,5130577,3342399842.6
2018-03-08,TATASTEEL,,,656.9,660.95,632.7,635.9,7126105,4576016853.05
2018-03-09,TATASTEEL,,,640.05,646.75,601.5,606.75,18096367,11197460060.65
2018-03-12,TATASTEEL,,,614.45,626.4,606.4,622.9,12193581,7514541561.35
2018-03-13,TATASTEEL,,,623,633.2,614.35,628.85,10490405,6569498855.4
2018-03-14,TATASTEEL,,,624,630.9,618.6,620.55,8655181,5398284292.45
2018-03-15,TATASTEEL,,,620,622.6,609.6,611.75,7510951,4619860394.3
2018-03-16,TATASTEEL,,,611.75,613.9,594.4,600.2,11739582,7073240040.1
2018-03-19,TATASTEEL,,,600,601.9,572.85,574.95,12542317,7312088243.15
2018-03-20,TATASTEEL,,,571,600.9,568.45,593,17645035,10443320964.7
2018-03-21,TATASTEEL,,,598.95,601.7,580.5,582.25,11939451,7036106133
2018-03-22,TATASTEEL,,,582.7,587.45,572,580.9,11486245,6649640783.5
2018-03-23,TATASTEEL,,,560.05,568.8,553.5,566.5,14133550,7942693165.45
2018-03-26,TATASTEEL,,,568.9,588.35,560.8,581.55,10929998,6243745405.55
2018-03-27,TATASTEEL,,,590.45,599,587.55,590,10038168,5953350623.65
2018-03-28,TATASTEEL,,,581.05,583,565.3,571.05,18655057,10661975311.75
2018-04-02,TATASTEEL,,,573.1,580.3,568.1,578.8,6889345,3964703024.3
2018-04-03,TATASTEEL,,,570.2,585.45,568.35,579.7,10508317,6069983445.4
2018-04-04,TATASTEEL,,,583.1,590.5,557.55,560.55,13909893,8034377268.2
2018-04-05,TATASTEEL,,,573.85,583.6,569.5,580.45,13262168,7663506136.3
2018-04-06,TATASTEEL,,,574.85,589.9,573,587.2,8520201,4951430461
2018-04-09,TATASTEEL,,,589.5,595.75,583.4,586.15,9489221,5591011468.35
2018-04-10,TATASTEEL,,,593,604.6,592.3,601.9,10850710,6496264007.5
2018-04-11,TATASTEEL,,,608,610.9,600.35,608.05,8724716,5291669861.6
2018-04-12,TATASTEEL,,,606.9,608.75,596.7,598.4,6628499,3995487103.85
2018-04-13,TATASTEEL,,,600,604.7,590.4,594.05,6716146,4011008488.5
2018-04-16,TATASTEEL,,,591,596.8,585.15,591.6,5145813,3038665375.6
2018-04-17,TATASTEEL,,,595,604.6,591.95,596.05,6400378,3831260467.7
2018-04-18,TATASTEEL,,,600.95,604.9,594.6,601.6,4259135,2552760180.3
2018-04-19,TATASTEEL,,,606.05,624.5,606.05,621.95,10817008,6685667443.3
2018-04-20,TATASTEEL,,,618.95,618.95,602.6,606.2,6346274,3859728676.05
2018-04-23,TATASTEEL,,,608.3,611,600.1,606.6,4591161,2784898176.65
2018-04-24,TATASTEEL,,,594.45,601.8,589.4,597.55,5953046,3542855558.25
2018-04-25,TATASTEEL,,,598,598.5,584.3,586.2,4122443,2430843725.15
2018-04-26,TATASTEEL,,,588,591.55,576.7,578.2,7463062,4338925212.35
2018-04-27,TATASTEEL,,,582.95,594.75,581.25,589.8,4717405,2776039371.05
2018-04-30,TATASTEEL,,,591.65,599.9,586,594.95,3658754,2175960395.3
2018-05-02,TATASTEEL,,,597.1,597.4,572.95,574.5,4241068,2468915752.5
2018-05-03,TATASTEEL,,,574,587.4,568.1,585.45,6778904,3916655984.45
2018-05-04,TATASTEEL,,,586.7,589.8,579.25,580.75,3881632,2265557421.8
2018-05-07,TATASTEEL,,,585.95,597.95,581,596.45,4553509,2693507558.2
2018-05-08,TATASTEEL,,,600,604.2,590.5,596.35,4125958,2463094785.45
2018-05-09,TATASTEEL,,,593.4,608.85,592.55,603.15,6238211,3765952561.9
2018-05-10,TATASTEEL,,,603.9,606.8,591.15,594.15,4001269,2386689363.8
2018-05-11,TATASTEEL,,,597,610.55,591.2,607.25,6155537,3713900401.1
2018-05-14,TATASTEEL,,,608.2,614.95,602.3,610.35,5173139,3158115919
2018-05-15,TATASTEEL,,,609,636.8,605.5,625.95,12818436,8052589299.25
2018-05-16,TATASTEEL,,,626,632.5,616.95,621.25,8426301,5255167479.85
2018-05-17,TATASTEEL,,,629.95,630.8,602.15,610.3,16037341,9812912991
2018-05-18,TATASTEEL,,,615,616.7,590.35,591.4,8216629,4939622629.05
2018-05-21,TATASTEEL,,,592.5,600.75,574.75,577,7162233,4183864365.4
2018-05-22,TATASTEEL,,,578.1,583.5,569.5,576.8,6096646,3524836262.65
2018-05-23,TATASTEEL,,,576,576,537.4,540.05,17148386,9457462086.75
2018-05-24,TATASTEEL,,,543.9,553.9,536.55,548.2,8700822,4758822298.5
2018-05-25,TATASTEEL,,,554,570.8,552,568.25,8895619,5016159792.8
2018-05-28,TATASTEEL,,,571,579.45,565.1,576.65,5235667,3003840631.6
2018-05-29,TATASTEEL,,,574.95,588,569.35,575.35,6477911,3745979635.3
2018-05-30,TATASTEEL,,,568.05,581.5,567.55,577.9,6201888,3575290469.4
2018-05-31,TATASTEEL,,,584,587.3,572.05,575.65,6652510,3840914057.85
2018-06-01,TATASTEEL,,,570,579.6,556.3,560.65,9249666,5245127846.75
2018-06-04,TATASTEEL,,,564.05,572.5,560.3,566.15,8742527,4952383731.8
2018-06-05,TATASTEEL,,,566.8,574.9,560.6,572.1,4688204,2658345834.1
2018-06-06,TATASTEEL,,,574.45,581.7,569.2,579.75,4445305,2562915051
2018-06-07,TATASTEEL,,,582.1,603.9,581.9,602.1,9279353,5524000930.25
2018-06-08,TATASTEEL,,,599,608.2,592,600.5,8386078,5037375244.05
2018-06-11,TATASTEEL,,,601.05,605.5,586.25,588.65,5151101,3065687895.8
2018-06-12,TATASTEEL,,,586.95,588.75,577.2,580,8588935,5000810531.75
2018-06-13,TATASTEEL,,,579.6,583.8,566,567.6,9060032,5176645076.95
2018-06-14,TATASTEEL,,,567,574.8,561,569.55,7482514,4259776434.85
2018-06-15,TATASTEEL,,,571.2,574.8,562,566,6208764,3528103420.35
2018-06-18,TATASTEEL,,,563,563.45,547.3,558.5,10566965,5858067047.15
2018-06-19,TATASTEEL,,,558,565.6,549.45,555,9452190,5265601616.3
2018-06-20,TATASTEEL,,,556.25,565.9,553.3,563.25,6610703,3698449825.15
2018-06-21,TATASTEEL,,,568.95,568.95,556.1,557.75,8465198,4772779365.9
2018-06-22,TATASTEEL,,,560.4,564.6,556.1,561.85,6247845,3504704908.6
2018-06-25,TATASTEEL,,,559.8,564.8,556.35,558.6,3899261,2186941076.25
2018-06-26,TATASTEEL,,,558.35,559.9,538.25,549.5,10207582,5599584953.35
2018-06-27,TATASTEEL,,,551.7,552.5,539.1,543.2,5654150,3077937746.4
2018-06-28,TATASTEEL,,,545,556.5,544,548.45,8655978,4757187827.55
2018-06-29,TATASTEEL,,,551.95,569.8,551.05,567.75,9477384,5344124598.95
2018-07-02,TATASTEEL,,,575.95,586.5,556.25,560.5,15763048,8977853687.2
2018-07-03,TATASTEEL,,,561.95,572.4,553.45,566,11236177,6339099048.9
2018-07-04,TATASTEEL,,,567.4,573.4,559.55,571.1,6862947,3896942849.75
2018-07-05,TATASTEEL,,,565,565,552,553.3,6013653,3352121551.4
2018-07-06,TATASTEEL,,,550,564.25,546.35,553.5,6614783,3684156463.15
2018-07-09,TATASTEEL,,,563.7,565.75,554.75,555.6,7443751,4164139659.4
2018-07-10,TATASTEEL,,,559,571,556.9,568.65,10004905,5659224066.6
2018-07-11,TATASTEEL,,,565.7,565.7,554.15,555.7,6111245,3417894887.5
2018-07-12,TATASTEEL,,,560,567.9,553.15,555.2,8443988,4729991523.45
2018-07-13,TATASTEEL,,,559.35,562,553,558.6,5579129,3108497024.95
2018-07-16,TATASTEEL,,,559.7,559.9,517.05,519.25,11159885,5963837430.35
2018-07-17,TATASTEEL,,,522,535.7,513,532.35,10792706,5686123355.3
2018-07-18,TATASTEEL,,,536,536.95,501,504.25,16451209,8422151339.2
2018-07-19,TATASTEEL,,,508,513.4,493,498.65,16808651,8450251215.7
2018-07-20,TATASTEEL,,,499,505.75,495,503.2,7261409,3635612244.5
2018-07-23,TATASTEEL,,,506,519.5,498.3,516.9,6878134,3496238541.4
2018-07-24,TATASTEEL,,,516,529.6,516,527.4,8398369,4407552619
2018-07-25,TATASTEEL,,,531,538,529,536,6782638,3619741376.15
2018-07-26,TATASTEEL,,,536.95,539.95,531.35,534.85,7481191,4007177283.25
2018-07-27,TATASTEEL,,,538,553.55,536.3,550.2,6462885,3532276911.3
2018-07-30,TATASTEEL,,,549.45,558.5,547.35,553,4787707,2649110558
2018-07-31,TATASTEEL,,,551.95,564.9,543.55,563.05,6373966,3525490005.4
2018-08-01,TATASTEEL,,,562.85,567.6,551.3,555.8,6067992,3391245544.1
2018-08-02,TATASTEEL,,,552.7,560.9,540.6,554.3,9493099,5242015473.8
2018-08-03,TATASTEEL,,,556.4,560,550.65,554.45,5570690,3095766117.3
2018-08-06,TATASTEEL,,,559,564.9,551.25,553.25,5543881,3097133038.6
2018-08-07,TATASTEEL,,,557.35,576.7,553.65,573.15,9285854,5243526333
2018-08-08,TATASTEEL,,,578.25,583.75,573.55,577.5,9008431,5214876365.25
2018-08-09,TATASTEEL,,,580,587.7,575.8,585.95,5757687,3358457974.8
2018-08-10,TATASTEEL,,,585.95,586,572.7,576.7,5725493,3320842625.95
2018-08-13,TATASTEEL,,,574.95,582.15,566,568.8,7856831,4514326522.65
2018-08-14,TATASTEEL,,,587,587,562.55,578.95,24030560,13820308810.95
2018-08-16,TATASTEEL,,,570,576.7,563.25,567.55,7907171,4515071487.1
2018-08-17,TATASTEEL,,,571.95,585.2,571.8,580.15,8743214,5082079438.75
2018-08-20,TATASTEEL,,,583,601.8,582.9,599.4,11662318,6927421592.35
2018-08-21,TATASTEEL,,,602.25,602.45,580.55,582.15,10873707,6404072760.9
2018-08-23,TATASTEEL,,,584.9,584.9,570.15,571.65,6676830,3839454728.35
2018-08-24,TATASTEEL,,,570.35,579.35,568.25,575.6,6060269,3486309022.75
2018-08-27,TATASTEEL,,,581.9,587,579,581.2,5391946,3145880976.15
2018-08-28,TATASTEEL,,,582.5,593.9,578.1,590.35,9021297,5298799549.8
2018-08-29,TATASTEEL,,,590.3,601.85,585.55,594.2,9885532,5884575992.85
2018-08-30,TATASTEEL,,,592.3,610,591.05,608.35,10283657,6223997856.2
2018-08-31,TATASTEEL,,,608.2,614.5,599.1,600.5,8633354,5229580414.8
2018-09-03,TATASTEEL,,,603,609.95,598,600.75,5479133,3315460876.55
2018-09-04,TATASTEEL,,,600.9,604.5,590.6,593.05,6099572,3637022488.3
2018-09-05,TATASTEEL,,,590,597,581.2,594.4,5791157,3416017469.7
2018-09-06,TATASTEEL,,,598,607.8,594.5,600.3,6689716,4029086977.9
2018-09-07,TATASTEEL,,,602.3,622,597.05,619.15,9445836,5784699814.35
2018-09-10,TATASTEEL,,,619.95,625,611.25,613.65,6284258,3878183687.8
2018-09-11,TATASTEEL,,,615.35,617,588.35,592.1,8111172,4901386963.1
2018-09-12,TATASTEEL,,,592.5,607.2,583.1,605.55,8566384,5092355658.95
2018-09-14,TATASTEEL,,,611.6,620.5,610,615,7975559,4914609664.45
2018-09-17,TATASTEEL,,,610,624.4,605.55,616.4,7183891,4432155150.2
2018-09-18,TATASTEEL,,,618,624.55,609.3,612.75,7828063,4830850181.6
2018-09-19,TATASTEEL,,,618,630.8,617.4,621.2,10134627,6329645711.2
2018-09-21,TATASTEEL,,,630,647.6,584.3,625.15,22977379,14431639493.4
2018-09-24,TATASTEEL,,,618.9,626.25,595.65,607.7,11242914,6874487322.3
2018-09-25,TATASTEEL,,,609,609,575,601,10985624,6521755736.2
2018-09-26,TATASTEEL,,,605,614.15,598,608.9,8647720,5254611667.3
2018-09-27,TATASTEEL,,,611.2,620.75,607.4,611.55,8239542,5067557687.05
2018-09-28,TATASTEEL,,,612,612,575,581.25,13027007,7636819435.85
2018-10-01,TATASTEEL,,,580,585.8,557.5,583.2,6972949,3997452283.75
2018-10-03,TATASTEEL,,,584,594.4,576.2,579.6,7217063,4240910955.2
2018-10-04,TATASTEEL,,,576.75,587.75,570,582.3,7629840,4435636380.9
2018-10-05,TATASTEEL,,,580,586,562.3,568,7868967,4513967477.9
2018-10-08,TATASTEEL,,,567,569.95,544,559.8,9171048,5103555391.8
2018-10-09,TATASTEEL,,,560,583.9,554.55,572.5,7734434,4395974798.25
2018-10-10,TATASTEEL,,,573.15,587.8,573.15,583.65,7153314,4158741772.6
2018-10-11,TATASTEEL,,,557,564,549.05,555.15,10401643,5780998166
2018-10-12,TATASTEEL,,,560.8,578.8,558.1,576.5,5733407,3270887737.15
2018-10-15,TATASTEEL,,,578.25,579.45,566.5,570,4100183,2345137822.05
2018-10-16,TATASTEEL,,,571.1,584,569.6,572.8,5660568,3262975297.85
2018-10-17,TATASTEEL,,,578.05,579.5,552.1,554.65,5020576,2841879590.55
2018-10-19,TATASTEEL,,,553,562.6,545,554.95,7718196,4284148301.8
2018-10-22,TATASTEEL,,,559,561.2,541.55,544.75,5101951,2800429555.85
2018-10-23,TATASTEEL,,,540,550,535.15,545.6,4634688,2511637930.35
2018-10-24,TATASTEEL,,,552,554.6,541.4,550.05,4219617,2311018676.2
2018-10-25,TATASTEEL,,,544.7,550.6,540,545.75,4467859,2433677154.25
2018-10-26,TATASTEEL,,,547.6,561.6,541.1,551.55,6099413,3371320247.2
2018-10-29,TATASTEEL,,,556.5,575.5,552.3,573.7,5738313,3232879289.6
2018-10-30,TATASTEEL,,,571.25,572,563.1,564.5,4015319,2278048526
2018-10-31,TATASTEEL,,,554.95,557.8,529.35,553.85,14070333,7662509430.6
2018-11-01,TATASTEEL,,,555.8,563.9,554,556.6,5469057,3053935038.85
2018-11-02,TATASTEEL,,,561,582.4,560.65,574.05,7979457,4583304685.85
2018-11-05,TATASTEEL,,,574,583.6,567.5,577.45,4535856,2618235298.15
2018-11-06,TATASTEEL,,,579.6,584.4,570,575.75,3910274,2256529051.05
2018-11-09,TATASTEEL,,,579.35,579.35,568.45,572.2,4348716,2491071685.9
2018-11-12,TATASTEEL,,,573.55,589.7,572.15,582.85,8120996,4723303908.15
2018-11-13,TATASTEEL,,,583,591.5,579.1,589.2,7626487,4473748725.35
2018-11-14,TATASTEEL,,,605,610.6,584.3,589.1,21649289,13002993782.9
2018-11-15,TATASTEEL,,,590.3,596.9,581.45,589.35,6389521,3766615660.6
2018-11-16,TATASTEEL,,,590,591,569.55,574.1,7456927,4313576069
2018-11-19,TATASTEEL,,,577.45,583.8,574,582.4,4889287,2839467135.75
2018-11-20,TATASTEEL,,,577,578,562,563.3,7636368,4339181799.85
2018-11-21,TATASTEEL,,,562,562,550,551.4,11242898,6226910909.95
2018-11-22,TATASTEEL,,,552,553.6,538.15,539.65,8541612,4654299226.1
2018-11-26,TATASTEEL,,,544,544,521.65,530.7,10003787,5307158211.8
2018-11-27,TATASTEEL,,,529.7,529.9,512.5,522.3,15790907,8239311433.7
2018-11-28,TATASTEEL,,,522.3,528.9,518.65,523.95,11352466,5955236584.15
2018-11-29,TATASTEEL,,,532,538.85,529.15,533.55,13929332,7441497368.95
2018-11-30,TATASTEEL,,,535,536.8,525.5,529.5,7854071,4166768469.7
2018-12-03,TATASTEEL,,,541.2,552.7,535.75,538.1,12092365,6564369904.8
2018-12-04,TATASTEEL,,,532.7,540.5,532.15,538.2,6153810,3302580735
2018-12-05,TATASTEEL,,,533,533,515,517.7,7078082,3700757620.35
2018-12-06,TATASTEEL,,,513.25,521.7,501,510.2,12966714,6635510294
2018-12-07,TATASTEEL,,,510.7,514.9,503.2,509.3,8252927,4191513366
2018-12-10,TATASTEEL,,,499.4,509.5,497,502.85,5414705,2730566748.1
2018-12-11,TATASTEEL,,,495.6,503.7,486.15,500.75,11242572,5581318087.6
2018-12-12,TATASTEEL,,,506,522.5,505.5,520.25,8141983,4205218998.65
2018-12-13,TATASTEEL,,,528.05,528.05,508,512.25,6810095,3525403821.6
2018-12-14,TATASTEEL,,,511,517.8,506.5,513.55,5155980,2645889314.2
2018-12-17,TATASTEEL,,,518,525.25,516.4,524,4804854,2504702284.55
2018-12-18,TATASTEEL,,,523,528.4,519.6,527,5673527,2980727010
2018-12-19,TATASTEEL,,,527.9,532.45,524.6,527.4,4928043,2604508634.25
2018-12-20,TATASTEEL,,,520,527,520,523.35,3517335,1842044891.7
2018-12-21,TATASTEEL,,,524.15,532,518.3,520.2,5969670,3130190247.5
2018-12-24,TATASTEEL,,,518,520.7,512,513.7,4329440,2232059147.8
2018-12-26,TATASTEEL,,,509,517.3,504.4,513.45,4953741,2526260383.7
2018-12-27,TATASTEEL,,,518,519.8,504.95,506.5,5016931,2567051750.9
2018-12-28,TATASTEEL,,,508.2,516.45,508.05,512.85,6307408,3238832364.25
2018-12-31,TATASTEEL,,,520,525,516.2,521.05,7965812,4161995840.75
2019-01-01,TATASTEEL,,,524,524.5,513.55,515.75,4128173,2132591489.6
2019-01-02,TATASTEEL,,,506,506.8,492,493.65,11747350,5869348356.35
2019-01-03,TATASTEEL,,,493,493.15,480.25,481.25,13532944,6576516802.65
2019-01-04,TATASTEEL,,,481,492.85,479.55,487.65,10480072,5078693051.95
2019-01-07,TATASTEEL,,,495.4,501,483.9,485.5,8406787,4142180744.25
2019-01-08,TATASTEEL,,,485.65,493.35,483.8,491.35,6269706,3070402907.4
2019-01-09,TATASTEEL,,,488.95,497.3,475.25,479.2,12696660,6115729117.85
2019-01-10,TATASTEEL,,,480,484.15,477.5,480.4,7081000,3405518974.05
2019-01-11,TATASTEEL,,,483.95,484.25,472,474.2,7540824,3613159030.65
2019-01-14,TATASTEEL,,,474.2,474.4,466.8,470.85,5889917,2769278642.2
2019-01-15,TATASTEEL,,,473,476.5,469,475.05,7603181,3595126273.25
2019-01-16,TATASTEEL,,,476.1,479.9,472.7,474.55,5280293,2513183647.45
2019-01-17,TATASTEEL,,,476.3,478.25,470.5,473.15,4281935,2030725755.3
2019-01-18,TATASTEEL,,,473.55,477.7,468,470.65,4914849,2323281912.85
2019-01-21,TATASTEEL,,,473,477.5,470.1,471.7,4613690,2182892635.75
2019-01-22,TATASTEEL,,,470.7,470.7,455,456.55,8957766,4115802035.6
2019-01-23,TATASTEEL,,,457,467.85,457,464.6,7259386,3366035255.25
2019-01-24,TATASTEEL,,,464.5,464.5,457.2,460.75,4790846,2205431806.25
2019-01-25,TATASTEEL,,,462.2,465.8,451.2,452.9,4157967,1907428570.3
2019-01-28,TATASTEEL,,,452.9,453.95,443.3,445.7,4335147,1937777379.35
2019-01-29,TATASTEEL,,,444,452.15,441.35,443.8,5225724,2336071743.45
2019-01-30,TATASTEEL,,,446.7,471.4,446.7,467.45,10857925,5006670902.85
2019-01-31,TATASTEEL,,,472.05,478.9,467.65,476.7,9243729,4385227307.55
2019-02-01,TATASTEEL,,,477,482,470,474.7,5015994,2382933864.05
2019-02-04,TATASTEEL,,,474.9,478.6,452,476.05,10972029,5069695126.2
2019-02-05,TATASTEEL,,,477,477,459.45,464.7,7281927,3419782399.7
2019-02-06,TATASTEEL,,,466,486.7,463.8,485.1,10999265,5257387351.25
2019-02-07,TATASTEEL,,,483.45,491.4,478.1,489.05,7857338,3821106588
2019-02-08,TATASTEEL,,,483,487.75,465.95,468.75,8414514,4022025585.45
2019-02-11,TATASTEEL,,,475,487,460.3,480.7,23262314,11051425898.1
2019-02-12,TATASTEEL,,,478.4,497.2,476.7,487.4,18836111,9225953102.25
2019-02-13,TATASTEEL,,,490,493.35,481.95,484,8403265,4092090883.7
2019-02-14,TATASTEEL,,,482,486.35,475.4,482.55,6185042,2971847337.8
2019-02-15,TATASTEEL,,,483,483.4,462.65,467.5,7499240,3523271517.45
2019-02-18,TATASTEEL,,,468.9,477,464.4,465.55,6253514,2946442373.25
2019-02-19,TATASTEEL,,,465.4,480.6,465.4,470.95,8224545,3888335059.3
2019-02-20,TATASTEEL,,,472.5,493.85,472.5,491.15,15487251,7529873006.65
2019-02-21,TATASTEEL,,,492.55,502.9,490.35,498.85,11782714,5861544729.35
2019-02-22,TATASTEEL,,,497,504,492.1,502.3,10005723,4990238088.9
2019-02-25,TATASTEEL,,,504,509.5,498.25,505.1,10357604,5219729441.65
2019-02-26,TATASTEEL,,,498,508.6,491.7,503.6,9856299,4938691662.6
2019-02-27,TATASTEEL,,,507,512.3,497.95,507.1,9444346,4779884389.6
2019-02-28,TATASTEEL,,,506.6,511,498.3,500.45,7485418,3784668424
2019-03-01,TATASTEEL,,,503.5,509.7,502,507.6,6672569,3380392882
2019-03-05,TATASTEEL,,,508.4,522.9,505.2,521.75,9118037,4711295937.15
2019-03-06,TATASTEEL,,,522.9,525.35,515.45,520.85,6311227,3283846067.6
2019-03-07,TATASTEEL,,,519.85,523.2,513.55,521.15,6153631,3195129310.35
2019-03-08,TATASTEEL,,,516.8,518.6,506.3,507.85,6504847,3332249496.15
2019-03-11,TATASTEEL,,,510,522.4,509.5,520.65,5908275,3057897512.6
2019-03-12,TATASTEEL,,,524.4,530.5,521,525.15,8298275,4361456393.15
2019-03-13,TATASTEEL,,,525,525,512.6,513.75,6409153,3306762312.55
2019-03-14,TATASTEEL,,,513.95,521.8,513.5,517.65,4496642,2326110205.3
2019-03-15,TATASTEEL,,,518,520.95,512.45,515.45,4233938,2183486135.3
2019-03-18,TATASTEEL,,,519.5,526.75,515.25,525.2,6317605,3292373248.05
2019-03-19,TATASTEEL,,,527.8,531.9,520.65,527.5,6329840,3339572274.25
2019-03-20,TATASTEEL,,,526.05,526.25,511.05,513.6,8702307,4493392411
2019-03-22,TATASTEEL,,,517,524,515.6,518.4,5233446,2719921643.1
2019-03-25,TATASTEEL,,,512.8,517.7,507.05,515.15,5036887,2578017967.4
2019-03-26,TATASTEEL,,,516,520.95,514.15,519.35,3329825,1723110472.3
2019-03-27,TATASTEEL,,,520,523,513.05,515.8,5239158,2710244403.8
2019-03-28,TATASTEEL,,,514.4,516.45,504.8,506.3,8965093,4559529165.3
2019-03-29,TATASTEEL,,,510,525,508.05,521,11965611,6210111239.75
2019-04-01,TATASTEEL,,,530,544,528.1,535.15,13523554,7264014512.05
2019-04-02,TATASTEEL,,,538,538,526.05,530.65,5086818,2699664111.6
2019-04-03,TATASTEEL,,,536.9,547.6,533.45,535.45,11489680,6217871338.4
2019-04-04,TATASTEEL,,,532.75,537.4,526.5,530.65,5259917,2794818731.6
2019-04-05,TATASTEEL,,,531.2,551,531.2,549.3,10037713,5451399303.15
2019-04-08,TATASTEEL,,,553.2,557,545.8,549.05,10600901,5843048494.95
2019-04-09,TATASTEEL,,,551,555,540.25,553.05,6618936,3624736847.95
2019-04-10,TATASTEEL,,,551.65,559.4,541.7,544.4,7889153,4358137993.05
2019-04-11,TATASTEEL,,,541,546.4,533.5,535.7,6082398,3277756081.65
2019-04-12,TATASTEEL,,,537,542.7,532.2,533.65,6274016,3360749919.1
2019-04-15,TATASTEEL,,,536.9,555,536.05,553.15,10390317,5702306794.6
2019-04-16,TATASTEEL,,,553.55,556.9,549.15,553.25,6323654,3499838648.4
2019-04-18,TATASTEEL,,,553.5,554.5,536.7,543.1,6660522,3623433385.65
2019-04-22,TATASTEEL,,,540,545.75,533.1,534.2,3697686,1989903420.45
2019-04-23,TATASTEEL,,,534.95,538.5,521.5,523.35,5119376,2706527661.15
2019-04-24,TATASTEEL,,,526.9,527.85,512.7,525.25,8376835,4355168353.45
2019-04-25,TATASTEEL,,,522,529.3,509,510.75,8359418,4322170635.75
2019-04-26,TATASTEEL,,,520.85,547.75,515.55,545.25,38181011,20573655705.9
2019-04-30,TATASTEEL,,,543.05,560.8,535.7,557.2,14258161,7826868904.15
2019-05-02,TATASTEEL,,,554.1,561.65,549.45,554.95,9010030,5005135551.4
2019-05-03,TATASTEEL,,,554,556,546.6,547.8,5879636,3231425136.45
2019-05-06,TATASTEEL,,,534.25,543.5,527.45,535.95,9964839,5338912267.05
2019-05-07,TATASTEEL,,,544.95,544.95,529,530.6,6541498,3513956300.05
2019-05-08,TATASTEEL,,,531.25,532.4,521.6,522.65,6478432,3410771509.9
2019-05-09,TATASTEEL,,,522.55,526.4,516.35,519.15,5105597,2662130799.7
2019-05-10,TATASTEEL,,,522,525.75,479.05,486.8,37240921,18354716011.2
2019-05-13,TATASTEEL,,,480.1,488,463.4,472.3,15956920,7648655668.9
2019-05-14,TATASTEEL,,,466.95,477.6,456.3,469.55,21128606,9849975646.2
2019-05-15,TATASTEEL,,,473.05,480.95,460.65,462.95,12665057,5986859589
2019-05-16,TATASTEEL,,,463.95,471.3,455.15,469.25,11254731,5222376276.05
2019-05-17,TATASTEEL,,,465.05,471.5,461,469.45,7088486,3305586037.8
2019-05-20,TATASTEEL,,,478,494.75,476.65,483.8,8457583,4114946452.4
2019-05-21,TATASTEEL,,,484.85,484.9,468.75,472.55,6337058,3002158713
2019-05-22,TATASTEEL,,,472,480.55,467.4,473,8364224,3960859318.8
2019-05-23,TATASTEEL,,,477.6,486.5,462.05,464.7,9340376,4446385165.05
2019-05-24,TATASTEEL,,,465,486.3,458.4,484.15,10882481,5163919946.75
2019-05-27,TATASTEEL,,,484.5,514.3,483.55,512.55,18207705,9203120448.6
2019-05-28,TATASTEEL,,,514.1,518.6,505.2,507.05,9960613,5094352939.7
2019-05-29,TATASTEEL,,,505.7,511.75,491.85,493.3,8523687,4267080580.35
2019-05-30,TATASTEEL,,,493,496.45,486,487.95,7204363,3528449986.25
2019-05-31,TATASTEEL,,,490.8,494.75,481.05,488.3,10276991,5003502168.2
2019-06-03,TATASTEEL,,,488.95,501.85,485.1,497.65,8505392,4217815321.85
2019-06-04,TATASTEEL,,,496,502.75,491.9,497.65,6212566,3090358058.1
2019-06-06,TATASTEEL,,,497.65,502.55,483,484.6,7222799,3543501792.3
2019-06-07,TATASTEEL,,,483,489.9,475.8,482.1,6811104,3290882612.75
2019-06-10,TATASTEEL,,,489,494.8,483.1,486.05,6850917,3348813959.75
2019-06-11,TATASTEEL,,,489.9,494.15,487,492.5,6534548,3205175521.15
2019-06-12,TATASTEEL,,,492.75,508,490.05,505.85,12755525,6419368126.5
2019-06-13,TATASTEEL,,,504,505.85,496.55,502.55,7224857,3628648886.7
2019-06-14,TATASTEEL,,,499.05,508.5,497.05,501.8,6605896,3332904628
2019-06-17,TATASTEEL,,,500.1,500.85,472.05,473.1,11938286,5746886397.2
2019-06-18,TATASTEEL,,,473.25,478.5,463.65,472.3,10639454,5005481219.6
2019-06-19,TATASTEEL,,,482.1,498.4,482.1,494.1,18837523,9217529640.7
2019-06-20,TATASTEEL,,,494.1,502.8,489.85,501,7826356,3883593558.4
2019-06-21,TATASTEEL,,,500,500.9,494.45,497.65,6126246,3048148654.95
2019-06-24,TATASTEEL,,,497.2,499.8,481.85,486.25,7262000,3555091742.75
2019-06-25,TATASTEEL,,,474,499.8,473.95,498,13649119,6679334442.75
2019-06-26,TATASTEEL,,,495,512.3,490.3,510.6,12960084,6500782206.15
2019-06-27,TATASTEEL,,,511.5,516.45,506.65,510.7,11946714,6117712659.6
2019-06-28,TATASTEEL,,,511.5,515.65,499.1,504.4,8760034,4426077660.95
2019-07-01,TATASTEEL,,,509.85,514.85,503.15,506.95,8544375,4336947782.35
2019-07-02,TATASTEEL,,,508.55,510.9,502.1,508.8,5724004,2902462780.6
2019-07-03,TATASTEEL,,,507.9,514.8,504.6,510.3,6946409,3543911587.7
2019-07-04,TATASTEEL,,,500,502.65,493.75,495.3,7263059,3620864122.7
2019-07-05,TATASTEEL,,,496.5,498.5,475.3,478.35,7616348,3707754995.95
2019-07-08,TATASTEEL,,,475,479.5,465.2,468.05,8082591,3812954614
2019-07-09,TATASTEEL,,,469,472,462.55,468.45,6858580,3210493115.35
2019-07-10,TATASTEEL,,,469.5,474.35,448.05,454.8,13481344,6181755162.25
2019-07-11,TATASTEEL,,,461.3,466.5,453.7,462,9987038,4601535016.4
2019-07-12,TATASTEEL,,,464.3,479.45,460.25,472.9,13244118,6254654789.65
2019-07-15,TATASTEEL,,,478,478.25,463.35,468.3,7806079,3653973681.45
2019-07-16,TATASTEEL,,,465.1,478.6,464.1,476.7,6435210,3054125365.1
2019-07-17,TATASTEEL,,,476,479.8,468.5,475.7,5479322,2602057943.55
2019-07-18,TATASTEEL,,,473,475.35,463.85,466.6,5233173,2449718884.1
2019-07-19,TATASTEEL,,,470,473,453.25,458.05,7284885,3366202226.9
2019-07-22,TATASTEEL,,,458.05,467.3,451.2,465.55,6954452,3203493283.75
2019-07-23,TATASTEEL,,,466.2,467.9,456.75,459.85,5529284,2550315179.45
2019-07-24,TATASTEEL,,,460.95,463,443.1,446,8342001,3740850191.4
2019-07-25,TATASTEEL,,,448,451.95,438.3,440.35,7528091,3333541337.7
2019-07-26,TATASTEEL,,,439,448.2,435.65,445.5,6585786,2921526856.95
2019-07-29,TATASTEEL,,,445.55,445.9,431,433.45,7872723,3432475149.3
2019-07-30,TATASTEEL,,,434.9,441.9,406.2,415.05,9462921,4047103443.55
2019-07-31,TATASTEEL,,,413,433.6,409.5,432.05,11541800,4890712584.5
2019-08-01,TATASTEEL,,,427.5,431.9,414.8,420,9421985,3978033480.05
2019-08-02,TATASTEEL,,,413.9,417.15,404.6,409.1,13485952,5535345839.95
2019-08-05,TATASTEEL,,,403.95,403.95,389.7,399.25,11288854,4469561816.6
2019-08-06,TATASTEEL,,,393.65,408,393.65,401.6,10197585,4102691822.85
2019-08-07,TATASTEEL,,,395,396.5,375.85,381.9,13301609,5146649806.3
2019-08-08,TATASTEEL,,,379,379.5,360.6,367.4,22826394,8399329302.2
2019-08-09,TATASTEEL,,,370.5,373.65,360.85,362.35,13352761,4907038607.35
2019-08-13,TATASTEEL,,,361.7,367.6,345.35,348.7,14782051,5248899892.6
2019-08-14,TATASTEEL,,,353.6,370.75,353.4,364.65,18738769,6819079038.45
2019-08-16,TATASTEEL,,,360,366.9,355.45,363.05,11920211,4304237743.75
2019-08-19,TATASTEEL,,,365.9,366.95,357.15,359.55,9884966,3565006470.8
2019-08-20,TATASTEEL,,,359.7,361.85,353.15,358.25,9363734,3348725604.55
2019-08-21,TATASTEEL,,,357,358.2,341.85,343,11423378,3973239595.05
2019-08-22,TATASTEEL,,,339.9,346.95,330.4,333.7,15459800,5241659680.6
2019-08-23,TATASTEEL,,,333,348.95,330.35,345.25,11210134,3834437068.95
2019-08-26,TATASTEEL,,,346.4,347.6,322.2,338.05,23764999,7901742904.4
2019-08-27,TATASTEEL,,,340.95,354.7,340.15,350.9,17375296,6073123437.75
2019-08-28,TATASTEEL,,,350.9,350.9,333.4,336.95,12641716,4307126517.7
2019-08-29,TATASTEEL,,,334,342.65,328.6,335.55,13481310,4515599669.65
2019-08-30,TATASTEEL,,,342,347.5,337.2,344.9,17972207,6158668366.15
2019-09-03,TATASTEEL,,,341,341.15,329,331.4,9220653,3088217935.35
2019-09-04,TATASTEEL,,,331.4,340.95,327.3,339.25,12904710,4311937508.4
2019-09-05,TATASTEEL,,,346,352,342.25,345.15,14250885,4947431383
2019-09-06,TATASTEEL,,,347,357.85,342.85,355.4,11555487,4043922597.25
2019-09-09,TATASTEEL,,,355.4,360.6,348.15,353.8,14329619,5088147169.5
2019-09-11,TATASTEEL,,,355.3,368.7,355.2,367.05,13650027,4966418765.1
2019-09-12,TATASTEEL,,,368.8,379.5,363,365.05,18846820,6990702212.85
2019-09-13,TATASTEEL,,,367,369.15,357.75,367.35,11622249,4221803747.95
2019-09-16,TATASTEEL,,,362,366.4,358.6,361.1,8064319,2919733222.95
2019-09-17,TATASTEEL,,,361.2,366,342.05,344.95,13198400,4700653868.35
2019-09-18,TATASTEEL,,,348,361.3,345.35,358.25,16253184,5764486361.45
2019-09-19,TATASTEEL,,,356,356,340.05,344.65,13656495,4727626037
2019-09-20,TATASTEEL,,,347.9,381,344.1,368.55,26764714,9793317002.95
2019-09-23,TATASTEEL,,,377.6,388.85,369,377.35,16393164,6191827488.5
2019-09-24,TATASTEEL,,,378,379.3,368.2,370.8,9578989,3569741704.25
2019-09-25,TATASTEEL,,,367.5,367.95,357.55,362.05,9116985,3295210272.15
2019-09-26,TATASTEEL,,,365,379.35,363.35,375.75,14066152,5210205747.2
2019-09-27,TATASTEEL,,,373,373.5,358,359.65,10568777,3840379661.9
2019-09-30,TATASTEEL,,,355,363.7,345.6,360.5,14719696,5190231897.3
2019-10-01,TATASTEEL,,,362,364.7,344.1,351.55,12564189,4440550036.3
2019-10-03,TATASTEEL,,,346.5,348.9,338.45,339.6,12130956,4164165672.6
2019-10-04,TATASTEEL,,,344.75,344.8,331.1,333.1,11445216,3883244330.65
2019-10-07,TATASTEEL,,,334.85,338.25,323.5,324.8,12415780,4106953794.3
2019-10-09,TATASTEEL,,,323.35,338,320.35,336.45,14776741,4842140418.85
2019-10-10,TATASTEEL,,,332.9,334.55,328,329.95,11507498,3803201913.2
2019-10-11,TATASTEEL,,,335,342.45,332,339,17158849,5791198671.3
2019-10-14,TATASTEEL,,,345.75,352.75,342.95,344.85,16723963,5818040643.05
2019-10-15,TATASTEEL,,,345.05,358.35,338.7,349.2,17972207,6244427610.25
2019-10-16,TATASTEEL,,,353.8,353.8,345.25,347.4,12814302,4465988769.7
2019-10-17,TATASTEEL,,,346,361.35,340.35,356.1,16695158,5804159307.6
2019-10-18,TATASTEEL,,,355.95,362.8,351.75,359.6,16568036,5927009006.35
2019-10-22,TATASTEEL,,,357.5,363.8,353,354.5,11944283,4276834412.35
2019-10-23,TATASTEEL,,,352,358.75,349.25,356.2,9318450,3306122409.95
2019-10-24,TATASTEEL,,,356.05,362,353.8,359.9,10973402,3931033695
2019-10-25,TATASTEEL,,,356.3,368.95,356.05,362.25,14996692,5459593473.85
2019-10-29,TATASTEEL,,,365.55,399.7,365.55,390.2,25155314,9734232616.75
2019-10-30,TATASTEEL,,,389.9,393.7,384.3,388,14371442,5579675394.1
2019-10-31,TATASTEEL,,,388.9,390.1,376.2,380.55,21756023,8347666008.75
2019-11-01,TATASTEEL,,,380.05,402.9,378,399.5,24111195,9421660535.5
2019-11-04,TATASTEEL,,,403,421.7,403,409.15,28934434,12000423201.45
2019-11-05,TATASTEEL,,,414,417.9,401.6,403.95,20874434,8570115266.2
2019-11-06,TATASTEEL,,,402,408.9,398.7,404.45,17935147,7237389422.6
2019-11-07,TATASTEEL,,,404,408.85,388.8,403.1,40700760,16219980787.95
2019-11-08,TATASTEEL,,,401.5,406.2,395.1,397.95,21423520,8579105102.25
2019-11-11,TATASTEEL,,,395.5,403.75,394,401.45,13573974,5431300411.95
2019-11-13,TATASTEEL,,,400.9,408.85,392.7,397.9,17511469,7066157296.1
2019-11-14,TATASTEEL,,,396.1,398.7,389.4,391.95,10869425,4275639966.4
2019-11-15,TATASTEEL,,,392,403,390.6,394.5,11813259,4680282213.85
2019-11-18,TATASTEEL,,,396.4,412.6,396,410.05,18906528,7677620941.35
2019-11-19,TATASTEEL,,,414,414.85,400,401.75,14265083,5801228681.8
2019-11-20,TATASTEEL,,,401,408.5,397.3,398.7,12255602,4927384791.65
2019-11-21,TATASTEEL,,,399,399.15,383.25,385.1,10208554,3997578569.7
2019-11-22,TATASTEEL,,,386,402.8,383.1,400,17271949,6770144624
2019-11-25,TATASTEEL,,,405.25,421,403,419.5,27612458,11451946653.85
2019-11-26,TATASTEEL,,,425,429.3,416.75,424.15,28276312,11990386157.5
2019-11-27,TATASTEEL,,,425.3,427,419.2,421.35,10984679,4640497190.05
2019-11-28,TATASTEEL,,,422.2,434.3,422.15,432.1,15766073,6769014736.15
2019-11-29,TATASTEEL,,,427.45,429.5,421.1,427.5,12631956,5377122959.7
2019-12-02,TATASTEEL,,,424.95,426.95,419,420.85,8337171,3523717204.65
2019-12-03,TATASTEEL,,,418,418.55,396.4,399.65,16870656,6836117586.55
2019-12-04,TATASTEEL,,,392.8,411.45,389,409.3,26113249,10413706750.8
2019-12-05,TATASTEEL,,,411.05,411.85,397.1,399.8,11110884,4479571870.45
2019-12-06,TATASTEEL,,,401.45,407.5,393.85,403.25,16931082,6814977768.85
2019-12-09,TATASTEEL,,,403,411.8,401.95,406.7,12318452,5029980261.85
2019-12-10,TATASTEEL,,,405,409.6,400.2,402.05,9349585,3785915480.15
2019-12-11,TATASTEEL,,,402.4,408.2,400.35,405.55,8227863,3324993820.55
2019-12-12,TATASTEEL,,,408.3,420.9,406.8,418.7,14984671,6230711328.2
2019-12-13,TATASTEEL,,,430.25,434.6,423.45,428.4,21628183,9275952058.45
2019-12-16,TATASTEEL,,,432,432,420.15,421,9565831,4058967308.85
2019-12-17,TATASTEEL,,,423.6,441.9,423.05,439.4,30757738,13416253671.45
2019-12-18,TATASTEEL,,,439.4,454.8,436.05,444.75,40028398,17860189439.8
2019-12-19,TATASTEEL,,,440,449.4,438,446.75,20547286,9101785800.45
2019-12-20,TATASTEEL,,,446,463.4,443.1,461,26931262,12275913985.2
2019-12-23,TATASTEEL,,,461,467.5,457.05,462.15,18631143,8616303425.1
2019-12-24,TATASTEEL,,,462.2,464.7,459.4,463,11235505,5197495200.65
2019-12-26,TATASTEEL,,,463,472,463,467.9,18255603,8559578182.8
2019-12-27,TATASTEEL,,,469.25,471.8,463.2,469.5,11144333,5209183537.65
2019-12-30,TATASTEEL,,,470.1,476.3,465.1,474.75,11462074,5394076406.2
2019-12-31,TATASTEEL,,,472.65,475.3,469.5,472.05,9644145,4557793228.8
2020-01-01,TATASTEEL,,,473,476.5,464.8,467.75,12100530,5684709148
2020-01-02,TATASTEEL,,,472,487.8,472,484.85,21674961,10423060443.8
2020-01-03,TATASTEEL,,,483,486.2,479.45,483.7,12956863,6253074226.4
2020-01-06,TATASTEEL,,,480,480,470.55,473.25,9601608,4560244586.05
2020-01-07,TATASTEEL,,,475.5,484.6,473.55,476.1,13195788,6325894944.9
2020-01-08,TATASTEEL,,,471.65,478.15,467,475.25,13304841,6282533576.1
2020-01-09,TATASTEEL,,,485,486,479.1,483.15,10131152,4891767486.85
2020-01-10,TATASTEEL,,,485.5,493.85,480,486.2,15927634,7767626596.9
2020-01-13,TATASTEEL,,,491.1,497,487.75,495.75,10942750,5390918649.8
2020-01-14,TATASTEEL,,,496.45,506,495.75,498.6,15660822,7841540774.5
2020-01-15,TATASTEEL,,,491.9,503.55,489.15,502.1,12117948,6030800139.7
2020-01-16,TATASTEEL,,,502,504.05,492.1,494.4,10438369,5166607484.95
2020-01-17,TATASTEEL,,,493.3,498.9,491.9,495.25,5682460,2817122074.85
2020-01-20,TATASTEEL,,,497,499.8,489.15,490.65,7291878,3594231285.75
2020-01-21,TATASTEEL,,,487.8,487.8,473.5,476.15,11315803,5443160301.1
2020-01-22,TATASTEEL,,,478.65,479.85,473.2,475.05,7662171,3651519780.4
2020-01-23,TATASTEEL,,,475.9,481.85,473.15,480.25,7200020,3448760303
2020-01-24,TATASTEEL,,,480.3,485.1,476.45,483.4,7481130,3609061420.6
2020-01-27,TATASTEEL,,,477.75,477.75,460.1,462.45,12963119,6050040151.8
2020-01-28,TATASTEEL,,,460,462,442,446.25,18015283,8134839761.2
2020-01-29,TATASTEEL,,,452.8,459.7,449.6,452.2,11081834,5038852123.95
2020-01-30,TATASTEEL,,,451.9,454.45,441.4,448.55,14652016,6554832560.05
2020-01-31,TATASTEEL,,,453,454.25,436.45,438.7,10738727,4773521334
2020-02-03,TATASTEEL,,,418,439,416.6,436.05,16237126,6938896142.5
2020-02-04,TATASTEEL,,,442,453.4,433.45,451.9,13336263,5952188084.8
2020-02-05,TATASTEEL,,,452.25,479.7,448,475.05,16056765,7428094432.45
2020-02-06,TATASTEEL,,,478,487.25,471.6,477.6,16666074,8017549957.1
2020-02-07,TATASTEEL,,,475.7,479.7,468.85,471,11649909,5512185950.7
2020-02-10,TATASTEEL,,,460.25,463.25,440,443.8,26796048,11996813737.1
2020-02-11,TATASTEEL,,,448.35,457.7,442.7,444.1,16824371,7588614424.95
2020-02-12,TATASTEEL,,,450,454.5,442.55,447.95,11785858,5280796934.2
2020-02-13,TATASTEEL,,,448.75,451.7,439.35,441.25,9965221,4418899311.95
2020-02-14,TATASTEEL,,,441,445.55,433.35,434.55,9484817,4176185868.1
2020-02-17,TATASTEEL,,,435.5,440.9,433,436.85,9724765,4252482852.5
2020-02-18,TATASTEEL,,,434,435.15,421.3,431.4,11502423,4908955875.9
2020-02-19,TATASTEEL,,,436.45,438.5,428.15,433.2,8465109,3667058174.25
2020-02-20,TATASTEEL,,,429,447.7,428,443.55,12980237,5723969543.25
2020-02-24,TATASTEEL,,,434.85,434.85,413.35,415.45,17523142,7429334259.5
2020-02-25,TATASTEEL,,,419,425.55,414.4,421.3,14558176,6120091722.5
2020-02-26,TATASTEEL,,,411.3,419.4,411.3,416.3,14270706,5934249599.6
2020-02-27,TATASTEEL,,,414.9,415.9,407.05,412.8,10226379,4204395291.5
2020-02-28,TATASTEEL,,,398.7,398.95,375,381.75,24532833,9410451642.9
2020-03-02,TATASTEEL,,,393.7,394,358,364.05,20220772,7680564293.85
2020-03-03,TATASTEEL,,,373.5,391,370.1,387.55,18648933,7056030398.2
2020-03-04,TATASTEEL,,,388.05,389.9,365.1,377.15,22937148,8572706132
2020-03-05,TATASTEEL,,,383.95,387.8,374.3,375.75,14628468,5564489039.4
2020-03-06,TATASTEEL,,,356.95,358.3,346.65,351.5,14848188,5235996665
2020-03-09,TATASTEEL,,,337.5,337.7,319.75,322.3,20423826,6685868769.3
2020-03-11,TATASTEEL,,,324,326.05,296.1,299.75,28693709,8840328886.7
2020-03-12,TATASTEEL,,,275,291.8,267.2,287.45,43767763,12317269147.15
2020-03-13,TATASTEEL,,,270,332.1,255.35,326.7,33842310,10211421110.45
2020-03-16,TATASTEEL,,,304,317.65,287.1,289.6,23606452,7131488009.8
2020-03-17,TATASTEEL,,,300,307.65,280.5,282.75,20654603,6082202960.2
2020-03-18,TATASTEEL,,,290,293.15,275.7,280.85,18772675,5287435067.7
2020-03-19,TATASTEEL,,,268.95,284.5,260.5,271.85,18723257,5138057805.8
2020-03-20,TATASTEEL,,,279.7,305,274.15,297.75,17307882,4971827314.15
2020-03-23,TATASTEEL,,,268,278,253.55,271.15,12100684,3202196946.3
2020-03-24,TATASTEEL,,,277.05,285.65,258.6,271.9,12928877,3492518886.05
2020-03-25,TATASTEEL,,,267.05,295,267.05,286.8,9442834,2644775539.45
2020-03-26,TATASTEEL,,,290,295.5,280.1,284.45,11493837,3316356966.8
2020-03-27,TATASTEEL,,,291,295.25,274.2,277.25,11184139,3159161558.7
2020-03-30,TATASTEEL,,,267,270.75,250.85,254.05,15853761,4122028384.35
2020-03-31,TATASTEEL,,,262.25,272.45,259.7,269.6,15787411,4207057234.2
2020-04-01,TATASTEEL,,,266,267.95,258.1,266.35,11965031,3142149954.15
2020-04-03,TATASTEEL,,,267.7,268.9,251,253.75,12528030,3203160554.55
2020-04-07,TATASTEEL,,,266.05,277.7,261.2,276.2,15956873,4310467411.6
2020-04-08,TATASTEEL,,,271,292.9,266.65,274.75,20435156,5760222351.5
2020-04-09,TATASTEEL,,,280.5,289.6,277.65,284.85,13855788,3929956073.9
2020-04-13,TATASTEEL,,,285,292,273.85,282.55,15510598,4359767281.25
2020-04-15,TATASTEEL,,,287.4,295.65,281.9,285.15,20991943,6072528289.45
2020-04-16,TATASTEEL,,,276,291.9,276,288.9,17248806,4928719772.1
2020-04-17,TATASTEEL,,,297.5,299.7,285.5,293.35,17492884,5096770272.8
2020-04-20,TATASTEEL,,,294.8,295,285.1,286.4,11961355,3460143136.05
2020-04-21,TATASTEEL,,,280.05,281,263.25,265.95,16925417,4512317904.45
2020-04-22,TATASTEEL,,,266.1,269.9,259.2,268.35,14789857,3926075621.85
2020-04-23,TATASTEEL,,,270,279,269,270.3,15468122,4243125772.4
2020-04-24,TATASTEEL,,,266.3,273.85,264.45,267.55,12383846,3340556827.25
2020-04-27,TATASTEEL,,,274,276.9,270.5,271.65,12410812,3393162809.4
2020-04-28,TATASTEEL,,,273.9,275.4,269.55,273.55,8548134,2329381054
2020-04-29,TATASTEEL,,,273,286.15,271.25,282.65,19876696,5600679856.25
2020-04-30,TATASTEEL,,,289.95,304.5,288.7,298.3,23636082,7026587166.55
2020-05-04,TATASTEEL,,,285,286.15,270.1,273.6,12892158,3528725886.7
2020-05-05,TATASTEEL,,,279,282.4,271,272.65,12182355,3372723173.35
2020-05-06,TATASTEEL,,,274.1,280.45,272.05,277.75,9507731,2633168094.6
2020-05-07,TATASTEEL,,,275.45,282.85,274.65,275.85,8958411,2494364184.9
2020-05-08,TATASTEEL,,,282.8,284,272,272.9,9878213,2736816388.3
2020-05-11,TATASTEEL,,,275.55,283,275,276.2,10907408,3043983356.8
2020-05-12,TATASTEEL,,,273.3,276.8,264.5,273.95,15040334,4051062305.45
2020-05-13,TATASTEEL,,,287.5,288,273.5,276.55,14723748,4136288213.5
2020-05-14,TATASTEEL,,,272,275.2,267.3,268.55,10796959,2919511068.35
2020-05-15,TATASTEEL,,,270,276.8,268.8,273.45,14991458,4102996468.5
2020-05-18,TATASTEEL,,,274.1,276.2,262.45,266.6,11616080,3102609332.35
2020-05-19,TATASTEEL,,,271.95,280.4,267.5,272,16897173,4648458657.85
2020-05-20,TATASTEEL,,,272,284,270.1,283.2,14423657,4037917086.25
2020-05-21,TATASTEEL,,,283.9,286.25,278.5,283.7,13035881,3686249554.7
2020-05-22,TATASTEEL,,,279,280.25,273.3,274.45,10656911,2943598776.45
2020-05-26,TATASTEEL,,,277.5,284.4,277,280.45,12108740,3411278653.25
2020-05-27,TATASTEEL,,,282.2,290.4,279.05,287.95,14007562,3966957647.45
2020-05-28,TATASTEEL,,,291.9,298.6,289.4,295.5,16602462,4879513936.05
2020-05-29,TATASTEEL,,,292.1,296.9,287.85,295.2,13128027,3834529453.7
2020-06-01,TATASTEEL,,,302,317.8,302,315.2,24384633,7656243893.6
2020-06-02,TATASTEEL,,,318,323.45,314.55,319.4,16563267,5284947430.2
2020-06-03,TATASTEEL,,,325.45,326.3,315.05,317.4,10387136,3341109720.9
2020-06-04,TATASTEEL,,,316.9,322.6,314.6,319.95,11251331,3591222083.45
2020-06-05,TATASTEEL,,,325.8,343.65,325.05,338.95,30918495,10423983284.05
2020-06-08,TATASTEEL,,,347.7,350.8,327.35,333.6,16481809,5584840098.3
2020-06-09,TATASTEEL,,,336,344,328.85,332.2,14926862,5033688024.75
2020-06-10,TATASTEEL,,,331.1,331.5,322,324,17218893,5601593198.55
2020-06-11,TATASTEEL,,,322,323.5,311,313.15,13906985,4425184371.35
2020-06-12,TATASTEEL,,,300,320.45,300,317.6,17558010,5409058690.9
2020-06-15,TATASTEEL,,,313.75,315,302.6,306.2,18582927,5701281538.95
2020-06-16,TATASTEEL,,,315.1,322.55,301.3,308.95,23442027,7338779481.25
2020-06-17,TATASTEEL,,,307.2,314.8,305.05,308.2,11447411,3555621704.35
2020-06-18,TATASTEEL,,,308.2,319.2,307.1,318.1,11369278,3578852511.9
2020-06-19,TATASTEEL,,,321,325.85,317.3,320.55,15134693,4868043356.9
2020-06-22,TATASTEEL,,,319.75,328,318.35,325.7,11031385,3560988131.35
2020-06-23,TATASTEEL,,,327.7,333.5,326.15,332,12551154,4149267135.45
2020-06-24,TATASTEEL,,,336.6,338.15,324.75,326.05,20782956,6905589579.45
2020-06-25,TATASTEEL,,,322,327.4,321,323.1,11345728,3681441250.55
2020-06-26,TATASTEEL,,,325.8,329.95,322.55,323.85,9706335,3171559658.9
2020-06-29,TATASTEEL,,,323,326,312.1,320.85,11961198,3798868322.8
2020-06-30,TATASTEEL,,,323.1,337.65,323.1,326.7,36523647,12115276397.4
2020-07-01,TATASTEEL,,,329,329.6,320.3,323.7,10489533,3392236695.35
2020-07-02,TATASTEEL,,,327.05,337.5,324.55,334.9,11971928,3960272227.95
2020-07-03,TATASTEEL,,,337,337,327.35,329.9,10612730,3524440290.95
2020-07-06,TATASTEEL,,,333.15,341.7,330.3,338.9,14144208,4778841166.3
2020-07-07,TATASTEEL,,,338.8,338.85,328.05,330.3,10839521,3600974427.85
2020-07-08,TATASTEEL,,,332.8,346.4,332,334.2,21561168,7326287444.85
2020-07-09,TATASTEEL,,,337,348.5,336.5,344.5,24403806,8424483686.65
2020-07-10,TATASTEEL,,,341.95,344.3,335.2,338.7,12526909,4246370351.4
2020-07-13,TATASTEEL,,,343.3,347,338.5,342.1,12115002,4150555312
2020-07-14,TATASTEEL,,,339,339,332.6,336.65,8307089,2790272023.65
2020-07-15,TATASTEEL,,,340.65,346.5,338,339.3,9687663,3323081321.15
2020-07-16,TATASTEEL,,,338,346.5,331.55,341.65,10586106,3582011512.4
2020-07-17,TATASTEEL,,,346,356.8,345.15,350.95,24416975,8619826518.35
2020-07-20,TATASTEEL,,,351.1,354.7,346.6,352.4,9532817,3341136548.65
2020-07-21,TATASTEEL,,,356,360.6,349.5,359.15,11368275,4029261812.75
2020-07-22,TATASTEEL,,,360.5,362.9,346.6,350.05,17844237,6353235528.45
2020-07-23,TATASTEEL,,,350.1,356.4,347.65,351.9,9625277,3388015870.15
2020-07-24,TATASTEEL,,,347,349.8,342.55,346.1,8918940,3085360337.8
2020-07-27,TATASTEEL,,,351,353.9,344.25,352.85,11835628,4148070334.15
2020-07-28,TATASTEEL,,,353.6,360,352.75,358.5,10640327,3796022209.05
2020-07-29,TATASTEEL,,,359,378.45,356.15,373.75,30116131,11181538255.9
2020-07-30,TATASTEEL,,,377,377.8,364.1,366.6,10399075,3845889062.05
2020-07-31,TATASTEEL,,,365.6,370.4,360.4,366.3,9024955,3298435294.6
2020-08-03,TATASTEEL,,,364.75,376.85,362.05,373.5,11137571,4140904825.7
2020-08-04,TATASTEEL,,,374.5,378,367.65,372.25,11184430,4157495585
2020-08-05,TATASTEEL,,,373.05,397.9,373.05,395.8,30559760,11868096905
2020-08-06,TATASTEEL,,,389.75,402.8,385.5,400.45,22123358,8712704876.55
2020-08-07,TATASTEEL,,,395.9,406.7,393.1,404.05,15176343,6107813365.35
2020-08-10,TATASTEEL,,,405.75,411.55,399.6,410.2,12018305,4879476229.6
2020-08-11,TATASTEEL,,,413.1,427.6,412.5,416.45,25885192,10903230075.6
2020-08-12,TATASTEEL,,,413.7,417.35,407.55,414.5,11574692,4778924976.3
2020-08-13,TATASTEEL,,,418.2,421.7,408.85,413.1,12422203,5140574042.65
2020-08-14,TATASTEEL,,,410,430.95,409.1,418.5,47742372,20071593283.55
2020-08-17,TATASTEEL,,,418,429.15,414.25,425.05,18145953,7687593644.9
2020-08-18,TATASTEEL,,,421.65,436.8,419.7,434.5,17342261,7440728990.95
2020-08-19,TATASTEEL,,,434.5,435.55,428.85,431.7,11843731,5111884629.95
2020-08-20,TATASTEEL,,,425,438.3,423.05,432.6,15846609,6852510971.1
2020-08-21,TATASTEEL,,,435.75,442,426.55,428.85,13482327,5874527926.45
2020-08-24,TATASTEEL,,,433.6,437.75,428.1,429.5,9093889,3927951174.6
2020-08-25,TATASTEEL,,,432,432.65,421.45,424,10554484,4492716617.8
2020-08-26,TATASTEEL,,,425,427.75,422.2,425,7957164,3380481990.05
2020-08-27,TATASTEEL,,,425.5,430.2,423,426.85,9549716,4067892911.1
2020-08-28,TATASTEEL,,,429.65,438,423.05,424.2,15212017,6547488887
2020-08-31,TATASTEEL,,,426.5,430.15,410,413,15746139,6612000623.5
2020-09-01,TATASTEEL,,,413.9,432.7,411.95,428.65,14072848,5935761477.1
2020-09-02,TATASTEEL,,,430.05,441.7,427.1,438.65,11739341,5088795789.75
2020-09-03,TATASTEEL,,,442.5,443.65,435.9,438.1,10214289,4485216473.25
2020-09-04,TATASTEEL,,,428.1,433.95,419,421.3,10530674,4507857768.5
2020-09-07,TATASTEEL,,,423.7,428.4,418.45,422.5,9628406,4073304677.05
2020-09-08,TATASTEEL,,,425.75,425.75,402.6,405.1,11637370,4821525228.95
2020-09-09,TATASTEEL,,,398.8,420.15,386.5,417.4,31999875,12974163761.5
2020-09-10,TATASTEEL,,,424,425.9,401.1,408,22920783,9439278033.35
2020-09-11,TATASTEEL,,,408.75,412.65,402.5,407.5,13687127,5571840267.25
2020-09-14,TATASTEEL,,,410,414.1,402.15,404.65,12331121,5030802282.35
2020-09-15,TATASTEEL,,,407,410.55,403.55,405.25,9132749,3715307789.8
2020-09-16,TATASTEEL,,,406.45,410,402.7,404.6,9987412,4053785909.5
2020-09-17,TATASTEEL,,,401.95,407.5,393.2,398.7,14808022,5904984176.4
2020-09-18,TATASTEEL,,,402.1,405.65,393.4,395.5,16842244,6727461108.35
2020-09-21,TATASTEEL,,,396,399.2,371,373.4,14138761,5439017318.25
2020-09-22,TATASTEEL,,,374,378.5,358.2,374.15,22013027,8137752374.45
2020-09-23,TATASTEEL,,,377,378,356.45,361.3,16984600,6163628027.6
2020-09-24,TATASTEEL,,,356.8,357.25,342.75,343.9,12495840,4359329729.7
2020-09-25,TATASTEEL,,,348,355.6,344.2,352.1,12242576,4292027166.2
2020-09-28,TATASTEEL,,,359.95,364.95,355.65,361,12270478,4421797957.7
2020-09-29,TATASTEEL,,,365,371.8,361.7,370.05,17891719,6566484009.1
2020-09-30,TATASTEEL,,,371.05,371.5,358,359.75,12963784,4706611719.6
2020-10-01,TATASTEEL,,,364.3,370.3,363.15,364.95,9555123,3504988684.65
2020-10-05,TATASTEEL,,,370.1,385.5,369.5,382.3,19590635,7459114268.6
2020-10-06,TATASTEEL,,,386.8,387.25,373.1,377.4,14286376,5409262832.75
2020-10-07,TATASTEEL,,,376,379.3,370,371.1,9694124,3621105229.05
2020-10-08,TATASTEEL,,,374.45,383,371.7,373.65,14111169,5328566375
2020-10-09,TATASTEEL,,,376.05,386.95,367.05,369.5,22006588,8320493766.2
2020-10-12,TATASTEEL,,,373.5,377.15,362.5,371.1,15756861,5810087663
2020-10-13,TATASTEEL,,,372,376.25,366.65,368.35,11902564,4418168481.2
2020-10-14,TATASTEEL,,,370.4,377.25,369.55,375.55,14892188,5548163172.55
2020-10-15,TATASTEEL,,,381,388.6,371.5,373.9,31651023,12071043573.35
2020-10-16,TATASTEEL,,,377.1,395.9,375.2,393.85,28855527,11168334051.6
2020-10-19,TATASTEEL,,,397.6,400,391.8,395.5,14729994,5833572799.6
2020-10-20,TATASTEEL,,,392,397.35,389.6,392.4,10949682,4302317084.25
2020-10-21,TATASTEEL,,,396.3,408,394.35,404.05,26351958,10602868352.7
2020-10-22,TATASTEEL,,,401.9,413.55,400.1,409.65,20888422,8514814448.85
2020-10-23,TATASTEEL,,,413,426,412.2,423.45,28588850,12020971391.8
2020-10-26,TATASTEEL,,,423.35,423.35,404.15,408.4,16608780,6833121273.95
2020-10-27,TATASTEEL,,,408.7,416.85,403.4,411,16062171,6610131340.5
2020-10-28,TATASTEEL,,,411.45,418.2,400.45,402.3,16965755,6949604948.1
2020-10-29,TATASTEEL,,,399.45,405,395.3,401.4,13860410,5549745454.8
2020-10-30,TATASTEEL,,,402.7,412.9,395.2,410.55,18021051,7299282164.45
2020-11-02,TATASTEEL,,,410,412.5,398.7,402.85,13143109,5323709071.95
2020-11-03,TATASTEEL,,,407.5,412.2,404.45,406.9,12258034,5005194482.4
2020-11-04,TATASTEEL,,,408.9,415.05,401.4,403.9,13614366,5530844611.7
2020-11-05,TATASTEEL,,,412,428.25,409.15,425.5,26517756,11153242908.8
2020-11-06,TATASTEEL,,,424.5,432.9,422.65,426.5,17398193,7442146779.15
2020-11-09,TATASTEEL,,,433,439.9,427.4,438.3,15830862,6865693537.55
2020-11-10,TATASTEEL,,,440,453.25,435.55,441.9,26200240,11634695847.85
2020-11-11,TATASTEEL,,,441.9,477.35,439.6,473.95,36861833,16934613115.7
2020-11-12,TATASTEEL,,,472,479.9,466.3,473.15,23493685,11105176938.75
2020-11-13,TATASTEEL,,,470.85,488.4,465,486.55,23418187,11184286956.65
2020-11-17,TATASTEEL,,,506,530.95,501.7,522.7,64284599,33601552639.95
2020-11-18,TATASTEEL,,,518,523.8,510.65,517.2,17481513,9042950976.1
2020-11-19,TATASTEEL,,,511.85,535.7,510,523.6,20137998,10623016368.55
2020-11-20,TATASTEEL,,,526,541.7,521,532.9,26686000,14177101608.7
2020-11-23,TATASTEEL,,,538,546,536.35,543.1,17025425,9220894854.4
2020-11-24,TATASTEEL,,,547.95,550.45,541.4,548.3,13029126,7119980105.95
2020-11-25,TATASTEEL,,,551,558.65,539.5,541.25,17680989,9704772513.85
2020-11-26,TATASTEEL,,,546,571.1,541.25,568.4,22570185,12551386537.6
2020-11-27,TATASTEEL,,,570,582.35,563.05,577.35,46291248,26644015159.6
2020-12-01,TATASTEEL,,,592,592,576.95,585.8,14739109,8605778187.8
2020-12-02,TATASTEEL,,,585.7,607.6,584.05,604.35,24997085,14993731974.05
2020-12-03,TATASTEEL,,,609,624.75,608,620.9,24775652,15348475402.15
2020-12-04,TATASTEEL,,,624,632.5,614.6,622.7,20153552,12590042591.05
2020-12-07,TATASTEEL,,,623.6,629,609.45,614.55,15588321,9647130590.15
2020-12-08,TATASTEEL,,,616,621.45,602.45,613.45,17015853,10416360254.6
2020-12-09,TATASTEEL,,,618,620.7,607.1,609.35,12730731,7796931150.95
2020-12-10,TATASTEEL,,,606,614,593.5,610.1,19829328,11967589060.65
2020-12-11,TATASTEEL,,,614.9,625.45,614.25,621.7,16395698,10177073836.2
2020-12-14,TATASTEEL,,,626.75,638.9,625.3,626.75,17722715,11195951655.25
2020-12-15,TATASTEEL,,,623.45,637.1,617.35,635.35,13226312,8284281425.4
2020-12-16,TATASTEEL,,,641.2,649.45,638.2,643.4,16040256,10324422415.3
2020-12-17,TATASTEEL,,,643.4,646,631.45,635.3,7965186,5101865547.95
2020-12-18,TATASTEEL,,,638.25,640.85,628,631.25,25351506,16051691583.9
2020-12-21,TATASTEEL,,,624,627.7,585.6,595.85,19076654,11610936188.35
2020-12-22,TATASTEEL,,,596,610.45,585,601.35,18846879,11266604876.1
2020-12-23,TATASTEEL,,,599,624.2,596.3,621.4,12238343,7462308885.9
2020-12-24,TATASTEEL,,,625.3,636.95,619.25,622.3,12090740,7578159934.4
2020-12-28,TATASTEEL,,,628.25,635.35,626.6,632.65,10480517,6618711447.95
2020-12-29,TATASTEEL,,,637.85,639.65,621.05,632.2,10416326,6558122778.4
2020-12-30,TATASTEEL,,,632.95,643.95,624.05,640.45,11514428,7291736643.4
2020-12-31,TATASTEEL,,,636.55,653.5,636.55,643.65,17713012,11427411341.05
2021-01-01,TATASTEEL,,,645,649.7,640,643.1,8411396,5423065210.75
2021-01-04,TATASTEEL,,,649,699.9,646.45,693,38184955,25733402949.8
2021-01-05,TATASTEEL,,,687,693.85,675.1,680.55,21545254,14715494860.6
2021-01-06,TATASTEEL,,,684,696.65,675,683.8,19610522,13439123541.6
2021-01-07,TATASTEEL,,,693,731.5,691.7,722.8,38232194,27493977739.9
2021-01-08,TATASTEEL,,,727,727.25,703.1,713.15,19329313,13844858404.6
2021-01-11,TATASTEEL,,,712,712,688.2,695.65,17024509,11842214437.5
2021-01-12,TATASTEEL,,,695,724.5,691.1,694.9,24525484,17361337025.5
2021-01-13,TATASTEEL,,,701.45,714.55,693,709.15,19353871,13650428133.55
2021-01-14,TATASTEEL,,,710,714.45,697.1,706.35,11540858,8129743383.7
2021-01-15,TATASTEEL,,,712,721.5,697.65,705.9,20688437,14709952194.75
2021-01-18,TATASTEEL,,,708,708.75,659.5,666.7,25045226,16910913557.45
2021-01-19,TATASTEEL,,,672,683.95,647,681.1,31245118,20914543317.35
2021-01-20,TATASTEEL,,,690.15,699.5,682.6,690.15,23313150,16099594807.05
2021-01-21,TATASTEEL,,,691,694.75,661.6,666.7,16117867,10931160261.75
2021-01-22,TATASTEEL,,,670,675.8,633.65,647,23715665,15472468751.5
2021-01-25,TATASTEEL,,,651,661.85,631,651.95,16348473,10626667746.2
2021-01-27,TATASTEEL,,,650.9,651.15,623.8,626,14918084,9486023640
2021-01-28,TATASTEEL,,,618,630.6,612.6,623.7,17091752,10639282318.45
2021-01-29,TATASTEEL,,,630.05,633.8,596,601,26826575,16357917554.45
2021-02-01,TATASTEEL,,,604.9,640,597.45,636.1,21084694,13022325499.3
2021-02-02,TATASTEEL,,,643,648,624.1,641.65,18048957,11520140268.85
2021-02-03,TATASTEEL,,,644.9,664.3,637.25,653.15,14846381,9686252654
2021-02-04,TATASTEEL,,,654,663.5,638.6,655.95,14764995,9662636397.35
2021-02-05,TATASTEEL,,,656.9,690.6,651.4,685.05,29100888,19533828165.75
2021-02-08,TATASTEEL,,,694,704.9,682.7,702.95,21462169,14913385592.9
2021-02-09,TATASTEEL,,,706.5,716.45,691.6,699.2,29337028,20728056511
2021-02-10,TATASTEEL,,,710,724.5,680.05,690.25,57397919,40058574746.75
2021-02-11,TATASTEEL,,,687.6,704.6,682.85,694.7,16340705,11340162734.3
2021-02-12,TATASTEEL,,,695,697.9,678.5,680.5,14705479,10106213808.7
2021-02-15,TATASTEEL,,,687.1,688,670,672.15,13171672,8934100604.35
2021-02-16,TATASTEEL,,,672.15,708.6,668.3,699.2,33661838,23534500614.35
2021-02-17,TATASTEEL,,,697.65,703.5,687.5,696.8,15957483,11101975793.9
2021-02-18,TATASTEEL,,,700,711,694,697.75,14856147,10453237241.55
2021-02-19,TATASTEEL,,,696,696,655.95,670.7,22392386,15125221823.4
2021-02-22,TATASTEEL,,,672.9,697.9,670.85,684.55,28149109,19334301377.25
2021-02-23,TATASTEEL,,,689.6,736,682.2,729.3,38907071,27737881117.25
2021-02-24,TATASTEEL,,,735,745,720,727.7,21676789,15896063821.9
2021-02-25,TATASTEEL,,,735.2,753,731.95,742.9,21901596,16292369953.5
2021-02-26,TATASTEEL,,,725,741.6,711.1,715.15,23551591,17024148014
2021-03-01,TATASTEEL,,,724,738.25,711.35,730.4,14058646,10228368627.1
2021-03-02,TATASTEEL,,,730.45,739.75,723.15,735.5,11113399,8156344541.25
2021-03-03,TATASTEEL,,,741,782.5,741,777.15,28842835,22292977320.7
2021-03-04,TATASTEEL,,,751,766.9,743.65,757.95,22873822,17321058013.55
2021-03-05,TATASTEEL,,,748.5,756,727,733.3,16881960,12514681812.05
2021-03-08,TATASTEEL,,,743.95,751.2,735.05,737.25,10614596,7897053394.6
2021-03-09,TATASTEEL,,,745,750.95,702.25,706.75,19556438,14160911349.6
2021-03-10,TATASTEEL,,,714.9,729.95,703.05,724.5,19685860,14079097741.95
2021-03-12,TATASTEEL,,,740,745,714,719.95,16121409,11768346627.3
2021-03-15,TATASTEEL,,,722,739,715.05,736.4,15543231,11276360726
2021-03-16,TATASTEEL,,,740.1,740.1,719.2,724.05,12569998,9121742625.35
2021-03-17,TATASTEEL,,,724.95,726,700.65,704.4,10540959,7516934897.65
2021-03-18,TATASTEEL,,,716.25,722.9,698.3,704.85,14320651,10207930570.35
2021-03-19,TATASTEEL,,,702.75,736.75,681.25,733,24637814,17599259809.75
2021-03-22,TATASTEEL,,,731.1,745.65,725,743.5,13760370,10172182526.35
2021-03-23,TATASTEEL,,,746,749.45,733.3,741.15,11873896,8805390821
2021-03-24,TATASTEEL,,,731,733,698.95,702.8,21030283,15002632252.4
2021-03-25,TATASTEEL,,,710.1,730.7,688.35,723.15,36722400,26182028255.75
2021-03-26,TATASTEEL,,,730.4,774.9,725.2,766.85,42912247,32497556832.3
2021-03-30,TATASTEEL,,,780,810,777.9,800,28480338,22717632763.75
2021-03-31,TATASTEEL,,,794,823.5,790.1,811.85,28044585,22768892122.25
2021-04-01,TATASTEEL,,,821,868.9,819,863.05,36842098,31030150334.05
2021-04-05,TATASTEEL,,,862,877.85,837.15,867.75,30575986,26264995006.7
2021-04-06,TATASTEEL,,,875.5,882.5,858.15,862.85,20778920,18058223023.75
2021-04-07,TATASTEEL,,,869.5,885,864.65,874.85,17113208,14989472735.25
2021-04-08,TATASTEEL,,,884,953.65,882.7,918.4,53063056,48811243412.3
2021-04-09,TATASTEEL,,,921,930,885.7,899.5,32179069,29051631627.75
2021-04-12,TATASTEEL,,,876.55,893.2,843.35,851.55,22135504,19221265866.4
2021-04-13,TATASTEEL,,,862,881.6,849,879,20428502,17733271789.35
2021-04-15,TATASTEEL,,,892,911.5,879.5,898.2,21856357,19566018525.2
2021-04-16,TATASTEEL,,,903.8,914.4,886.25,890.25,17398598,15678826911.2
2021-04-19,TATASTEEL,,,869.8,899,860,888.05,19146996,16959813271.25
2021-04-20,TATASTEEL,,,900,905.75,882,894,16915293,15133270032.95
2021-04-22,TATASTEEL,,,899.95,938.65,897.05,921.4,31902815,29546798526.25
2021-04-23,TATASTEEL,,,929.8,945,910.75,925.6,24752386,23037863140.35
2021-04-26,TATASTEEL,,,935,956,930.05,940.75,21234858,20024066611.35
2021-04-27,TATASTEEL,,,948.3,983,944.3,977.75,24904515,24043462401.5
2021-04-28,TATASTEEL,,,985,986,962,971.4,20447968,19877003898.35
2021-04-29,TATASTEEL,,,983,1036.95,983,1031.35,44718647,45423591343.45
2021-04-30,TATASTEEL,,,1024,1052.6,1011.1,1034,28129738,29028537385.5
2021-05-03,TATASTEEL,,,1031.95,1069,1018.5,1064.75,26484100,27748424330
2021-05-04,TATASTEEL,,,1074.45,1086.65,1057.55,1063.85,24961628,26775868250.65
2021-05-05,TATASTEEL,,,1084,1088.35,1047,1070.15,19249839,20544363912.95
2021-05-06,TATASTEEL,,,1055,1129,1042.5,1100.9,46434537,51239188167.35
2021-05-07,TATASTEEL,,,1135,1192,1130.1,1182.35,54075433,62917775342
2021-05-10,TATASTEEL,,,1210,1229,1200,1216.35,28080884,34099493809.45
2021-05-11,TATASTEEL,,,1190,1246,1176.9,1233.9,41108381,50058054090.2
2021-05-12,TATASTEEL,,,1231.95,1246.85,1163.25,1179.15,30889192,37454943942.3
2021-05-14,TATASTEEL,,,1185,1185,1115.2,1132.1,37648032,43041005388.5
2021-05-17,TATASTEEL,,,1138,1158.2,1103.5,1150.85,28753430,32460924909.1
2021-05-18,TATASTEEL,,,1175,1196.45,1157.05,1180,24573880,29003646810.2
2021-05-19,TATASTEEL,,,1173,1189.55,1158,1164.25,17435026,20430822775.25
2021-05-20,TATASTEEL,,,1131.1,1135.5,1098.05,1105.05,28446253,31669851246.2
2021-05-21,TATASTEEL,,,1114,1123.9,1105.85,1113.1,14104926,15727954213.7
2021-05-24,TATASTEEL,,,1108,1108.95,1082.1,1092,18923842,20687205791.85
2021-05-25,TATASTEEL,,,1101.95,1125.95,1100,1105.2,18113752,20137971434.75
2021-05-26,TATASTEEL,,,1090.5,1094,1072.5,1082.15,15432703,16709352126
2021-05-27,TATASTEEL,,,1082.15,1109.75,1075,1096.65,22791032,24919251285.25
2021-05-28,TATASTEEL,,,1131,1143.6,1097.45,1103.5,19208581,21581220030.25
2021-05-31,TATASTEEL,,,1112,1129.65,1099,1125.65,15428647,17219310719.9
2021-06-01,TATASTEEL,,,1120,1123,1085.5,1100.9,17690925,19454341857.6
2021-06-02,TATASTEEL,,,1105,1129.8,1104,1124.05,12862591,14355587812.05
2021-06-03,TATASTEEL,,,1129.55,1139.75,1113,1122,12109477,13627106848.35
2021-06-04,TATASTEEL,,,1116,1128.8,1107,1120.7,9713347,10842004340.3
2021-06-07,TATASTEEL,,,1130,1150,1125.55,1128.7,12218592,13884374724.3
2021-06-08,TATASTEEL,,,1132.7,1132.7,1100.05,1111.1,10834373,12026137998.05
2021-06-09,TATASTEEL,,,1117,1128,1093.95,1101,11114338,12334716005.65
2021-06-10,TATASTEEL,,,1109.3,1125.8,1102.9,1114.45,7776764,8677578776.6
2021-06-11,TATASTEEL,,,1127.8,1164.6,1113.1,1158.35,17445856,19870403850.4
2021-06-14,TATASTEEL,,,1168,1178.65,1140,1164.8,16031264,18693178119.75
2021-06-15,TATASTEEL,,,1170,1186.8,1160.1,1174.3,9768102,11489917319.05
2021-06-16,TATASTEEL,,,1169,1184.75,1131.65,1142.15,17521107,20164413988.7
2021-06-17,TATASTEEL,,,1118.95,1133.8,1095.65,1103.75,16207687,18024597695.6
2021-06-18,TATASTEEL,,,1105,1109.9,1050.25,1092.3,40347077,43637094872.5
2021-06-21,TATASTEEL,,,1070,1109,1063.65,1106.15,13001432,14214310071.05
2021-06-22,TATASTEEL,,,1114.2,1131,1106.5,1112.3,9024634,10094635818.35
2021-06-23,TATASTEEL,,,1120.5,1127.55,1097.85,1100.1,7806336,8692892936.4
2021-06-24,TATASTEEL,,,1105,1120.5,1098.45,1113.15,7239470,8047856838.6
2021-06-25,TATASTEEL,,,1135,1170,1130,1165.25,18022770,20860637702.5
2021-06-28,TATASTEEL,,,1174,1189,1163,1184,11660335,13743323937.65
2021-06-29,TATASTEEL,,,1184.5,1192,1165.55,1172.55,7803759,9183011302.9
2021-06-30,TATASTEEL,,,1181.05,1191,1162.8,1166.6,8043267,9488862908.35
2021-07-01,TATASTEEL,,,1171.9,1176.8,1156.45,1163.55,5614928,6549650935.9
2021-07-02,TATASTEEL,,,1166,1166.8,1130.2,1136,7573407,8670900665.5
2021-07-05,TATASTEEL,,,1146,1161.8,1136,1156.85,7679900,8817845701.8
2021-07-06,TATASTEEL,,,1158.65,1178,1150.25,1167.25,9146835,10657528428.15
2021-07-07,TATASTEEL,,,1167.95,1225,1158.5,1218.65,16745626,20025514634.1
2021-07-08,TATASTEEL,,,1225,1230,1181.2,1189.75,12410585,14955901482.35
2021-07-09,TATASTEEL,,,1192,1244.1,1188,1239.35,17859356,21795526924.75
2021-07-12,TATASTEEL,,,1251,1258.5,1218.35,1226.95,16647775,20663248657.4
2021-07-13,TATASTEEL,,,1238,1243.45,1223.1,1228.75,7915528,9760795661.35
2021-07-14,TATASTEEL,,,1231.95,1247.7,1219,1244.7,8341388,10304419016.6
2021-07-15,TATASTEEL,,,1246.1,1265.8,1237.7,1255.95,9655551,12104491972.8
2021-07-16,TATASTEEL,,,1264.7,1281.3,1259.05,1278.45,8496925,10799441556.65
2021-07-19,TATASTEEL,,,1259,1290.9,1253.7,1266.4,8904629,11346974829.05
2021-07-20,TATASTEEL,,,1272,1272.3,1225,1233.35,8579940,10654293471.65
2021-07-22,TATASTEEL,,,1249,1277.95,1248,1273,7894024,9993164000.85
2021-07-23,TATASTEEL,,,1279.35,1295.5,1274,1281.4,8641865,11101867403.05
2021-07-26,TATASTEEL,,,1289,1308.25,1278.05,1297.95,8678433,11237553130.25
2021-07-27,TATASTEEL,,,1315,1334.5,1308.05,1330.65,10341382,13675547882.25
2021-07-28,TATASTEEL,,,1332,1369.95,1306.2,1365,12835125,17170884417.6
2021-07-29,TATASTEEL,,,1375,1481.8,1368,1458.6,30061041,43132588858.65
2021-07-30,TATASTEEL,,,1455.65,1472.7,1427.8,1434.3,14049265,20394326177.2
2021-08-02,TATASTEEL,,,1446,1447,1405.5,1410.05,9768920,13858239053.1
2021-08-03,TATASTEEL,,,1414,1420.85,1390.35,1407.2,8640560,12142758072.35
2021-08-04,TATASTEEL,,,1420,1448,1405.1,1416.2,11289435,16092199774.6
2021-08-05,TATASTEEL,,,1415.3,1450,1387.5,1446.6,16221799,23004257192.75
2021-08-06,TATASTEEL,,,1449,1457,1426,1428.85,9674025,13928012701.8
2021-08-09,TATASTEEL,,,1434,1443.25,1405.4,1412.2,7859493,11183484133.25
2021-08-10,TATASTEEL,,,1412,1418,1367.2,1373.6,8451623,11786965575.25
2021-08-11,TATASTEEL,,,1390,1429.7,1384.2,1426.2,14535357,20468076905.85
2021-08-12,TATASTEEL,,,1436,1444.7,1416.55,1435.35,10943108,15662916646.65
2021-08-13,TATASTEEL,,,1405,1476.6,1390.65,1461.65,28969872,41577265262.5
2021-08-16,TATASTEEL,,,1484,1534.5,1472.2,1519.4,27114488,40760162318.7
2021-08-17,TATASTEEL,,,1519.4,1534,1491.75,1503.7,18970923,28728012846.3
2021-08-18,TATASTEEL,,,1509.45,1518.9,1488.2,1500.45,12331745,18523955013.75
2021-08-20,TATASTEEL,,,1445.05,1447,1362.8,1375.6,27340069,38618363329.5
2021-08-23,TATASTEEL,,,1402,1409.8,1310.75,1358.65,22925729,31321397175
2021-08-24,TATASTEEL,,,1382,1420,1377,1404.65,17607579,24646845916
2021-08-25,TATASTEEL,,,1418,1426,1380.75,1390.2,12565010,17659452557.2
2021-08-26,TATASTEEL,,,1390.4,1394.75,1365,1375.05,9157898,12613755303.65
2021-08-27,TATASTEEL,,,1379,1394.45,1375.85,1384.15,7394081,10246183944.6
2021-08-30,TATASTEEL,,,1399,1445,1398,1440.6,13444387,19231696469.15
2021-08-31,TATASTEEL,,,1445,1459,1432,1450.25,24752108,35871918020.5
2021-09-01,TATASTEEL,,,1451.25,1455.5,1407,1411.2,8812897,12532364367.3
2021-09-02,TATASTEEL,,,1411,1432,1410,1425.1,6148046,8738634439.1
2021-09-03,TATASTEEL,,,1428,1452.95,1416.45,1443.65,8452382,12142493020.3
2021-09-06,TATASTEEL,,,1447,1451.95,1423.15,1437,6958676,9993857812.3
2021-09-07,TATASTEEL,,,1444,1459,1420.65,1428.7,6352717,9144123989
2021-09-08,TATASTEEL,,,1426,1442.65,1418.6,1429.85,4676224,6689152680.65
2021-09-09,TATASTEEL,,,1420,1451.95,1420,1447,5313030,7656486787.9
2021-09-13,TATASTEEL,,,1447,1472,1436.5,1463.45,5670208,8230985329.3
2021-09-14,TATASTEEL,,,1476,1476,1449,1452.3,5503767,8043210155.5
2021-09-15,TATASTEEL,,,1452.3,1463.7,1444.4,1455.1,4417464,6424749303.25
2021-09-16,TATASTEEL,,,1460,1471.9,1431.25,1436.75,5606797,8106101676.1
2021-09-17,TATASTEEL,,,1437,1440.3,1360,1385.9,19572030,27149960524.4
2021-09-20,TATASTEEL,,,1350,1351.9,1247.35,1253.1,28238412,36512376240.2
2021-09-21,TATASTEEL,,,1258,1296.9,1232.9,1292.2,25593540,32335688765
2021-09-22,TATASTEEL,,,1299.4,1318,1283.1,1305.8,11124247,14482842665.95
2021-09-23,TATASTEEL,,,1330,1339.45,1306.05,1318.7,9946251,13132342309.45
2021-09-24,TATASTEEL,,,1320,1324,1258.45,1272.1,13286616,17072512017.75
2021-09-27,TATASTEEL,,,1272,1288.7,1261.05,1270.5,8668877,11044379079.25
2021-09-28,TATASTEEL,,,1273.45,1296.8,1263,1280.95,8100736,10378437351.35
2021-09-29,TATASTEEL,,,1270,1309.8,1267.2,1295.55,9494577,12254427544.5
2021-09-30,TATASTEEL,,,1303,1316.4,1283.85,1288.9,7514568,9746166693.75
2021-10-01,TATASTEEL,,,1275,1311,1265,1297.85,9037470,11696219086
2021-10-04,TATASTEEL,,,1297.85,1327.75,1280.4,1324.15,9690237,12666404492.7
2021-10-05,TATASTEEL,,,1314,1332.7,1310.15,1316.85,5795216,7652041813.9
2021-10-06,TATASTEEL,,,1319.9,1328.6,1273.15,1279.9,8631693,11208369774.4
2021-10-07,TATASTEEL,,,1295,1306.8,1283.55,1289.2,4603367,5959881711.45
2021-10-08,TATASTEEL,,,1302,1344.05,1296.35,1301.15,10722015,14131842227.65
2021-10-11,TATASTEEL,,,1305,1327.35,1298,1313.2,6349658,8340010808.85
2021-10-12,TATASTEEL,,,1313.2,1335,1305,1329.1,6097019,8060557067.1
2021-10-13,TATASTEEL,,,1325.5,1376.55,1318.05,1354.3,13285718,18032705350.55
2021-10-14,TATASTEEL,,,1374,1390.6,1354,1375.05,8227371,11315479685.4
2021-10-18,TATASTEEL,,,1418,1424.75,1391.1,1411.05,10923230,15423638710.65
2021-10-19,TATASTEEL,,,1421,1426.55,1357.55,1366.9,8756924,12218421090.85
2021-10-20,TATASTEEL,,,1372,1376,1326.65,1343.3,6975774,9438143064.85
2021-10-21,TATASTEEL,,,1356.7,1357.85,1289.7,1314.7,8357573,11052415947.65
2021-10-22,TATASTEEL,,,1320,1324.65,1271,1296.25,8071289,10455863988.15
2021-10-25,TATASTEEL,,,1302,1316,1267.25,1293.3,6418501,8318255045.9
2021-10-26,TATASTEEL,,,1303,1351,1301.45,1343.65,7722875,10252844348.05
2021-10-27,TATASTEEL,,,1346,1351.7,1321.25,1326.15,7241804,9706128183.35
2021-10-28,TATASTEEL,,,1314.9,1315.95,1291.1,1299.6,9307682,12108636657.3
2021-10-29,TATASTEEL,,,1290.25,1333.7,1290,1315.95,7914760,10434141529.65
2021-11-01,TATASTEEL,,,1340,1372.9,1330,1364.9,9687533,13155551551.55
2021-11-02,TATASTEEL,,,1370,1370,1310.8,1313.65,7216137,9645962698.75
2021-11-03,TATASTEEL,,,1324.8,1332,1312,1326.05,5730244,7578272364.25
2021-11-08,TATASTEEL,,,1340.9,1347.65,1306.1,1343.25,5493667,7313506276.3
2021-11-09,TATASTEEL,,,1342.85,1360.3,1328.85,1335.95,4756516,6388069232.8
2021-11-10,TATASTEEL,,,1328,1329,1287.1,1298.55,11880417,15450091711.3
2021-11-11,TATASTEEL,,,1304.9,1324.5,1288.35,1299.6,13663860,17852875262.1
2021-11-12,TATASTEEL,,,1340,1340,1271.1,1287.25,23239558,30133436224.85
2021-11-15,TATASTEEL,,,1295,1299,1241.5,1245.45,12108215,15311346641.25
2021-11-16,TATASTEEL,,,1245.45,1261.05,1223.7,1228.8,12314880,15285726669.75
2021-11-17,TATASTEEL,,,1225,1237.4,1215.1,1220.05,8780204,10757564425
2021-11-18,TATASTEEL,,,1223.6,1228.3,1182,1186.6,10108351,12110042265.25
2021-11-22,TATASTEEL,,,1188.1,1196.8,1146,1165.05,9621001,11297225184.3
2021-11-23,TATASTEEL,,,1168.05,1209,1165.15,1192.05,9382963,11210058495.3
2021-11-24,TATASTEEL,,,1200.4,1202.95,1171.15,1178.5,6767101,8068650466.05
2021-11-25,TATASTEEL,,,1180,1186.6,1166,1173.65,4750286,5583438162.65
2021-11-26,TATASTEEL,,,1157.9,1159.5,1106.25,1112.3,10645526,12007942478.5
2021-11-29,TATASTEEL,,,1112.3,1137,1075.05,1114.75,9392991,10473859931.15
2021-11-30,TATASTEEL,,,1110.95,1127.9,1063,1071.2,13355984,14596419159.45
2021-12-01,TATASTEEL,,,1092,1097,1066.5,1082.55,9379114,10129980506.1
2021-12-02,TATASTEEL,,,1083,1116,1074,1112.4,9128681,9979555833.05
2021-12-03,TATASTEEL,,,1115,1134.2,1102.25,1118,10073784,11279894784.45
2021-12-06,TATASTEEL,,,1114,1141,1102.2,1108.8,8215940,9218970570.35
2021-12-07,TATASTEEL,,,1121.1,1155.55,1121,1148.8,8505390,9702509838.55
2021-12-08,TATASTEEL,,,1159,1177,1149,1173,7448501,8686359029.45
2021-12-09,TATASTEEL,,,1182,1182,1159,1176.85,5212394,6102560472.7
2021-12-10,TATASTEEL,,,1173.45,1188.9,1167.6,1180,4812130,5672591862.1
2021-12-13,TATASTEEL,,,1188,1199,1161.65,1165.3,5353778,6319423485.45
2021-12-14,TATASTEEL,,,1158.95,1177.9,1147,1167.2,5352264,6233369922.2
2021-12-15,TATASTEEL,,,1170.05,1175.6,1149,1154.05,4430833,5154444408.55
2021-12-16,TATASTEEL,,,1164,1168.8,1143.55,1153.2,4246008,4914506125.4
2021-12-17,TATASTEEL,,,1154,1158.85,1125,1132.1,4743502,5393272365.2
2021-12-20,TATASTEEL,,,1117,1117.2,1066.05,1072.95,7352650,7961618862.3
2021-12-21,TATASTEEL,,,1090,1124.25,1085,1105.1,7026849,7793906415.1
2021-12-22,TATASTEEL,,,1115,1131,1110,1128.85,4366917,4904148511.6
2021-12-23,TATASTEEL,,,1138,1146.8,1120.2,1127.65,4621478,5244827387
2021-12-24,TATASTEEL,,,1130.05,1133.45,1103.85,1115.45,4093630,4564828879.6
2021-12-27,TATASTEEL,,,1111.05,1124.7,1102.35,1121.8,2758851,3074721063.1
2021-12-28,TATASTEEL,,,1127,1131.5,1122,1127.45,2880781,3247337620.3
2021-12-29,TATASTEEL,,,1120,1126.65,1108,1116.25,4193520,4677259768.65
2021-12-30,TATASTEEL,,,1117.9,1127,1099,1101,4114093,4567032963.05
2021-12-31,TATASTEEL,,,1105,1123.5,1102.65,1111.45,3687021,4112828901.1
2022-01-03,TATASTEEL,,,1115,1151,1115,1142.45,3865803,4366279501.5
2022-01-04,TATASTEEL,,,1153,1159.7,1136.5,1148.8,5975731,6859026649.55
2022-01-05,TATASTEEL,,,1147,1180.8,1141.25,1177.6,6186176,7216800113.2
2022-01-06,TATASTEEL,,,1172,1183,1155.55,1163.25,5335400,6225489082.45
2022-01-07,TATASTEEL,,,1165.2,1174,1147.85,1160.35,3973857,4612154157.25
2022-01-10,TATASTEEL,,,1165,1173.4,1153.85,1169.05,3822500,4456832468.05
2022-01-11,TATASTEEL,,,1158.65,1162.7,1113,1130.25,9697885,11026712678.5
2022-01-12,TATASTEEL,,,1139.85,1150.8,1132.4,1147.2,5035843,5751572117
2022-01-13,TATASTEEL,,,1154,1225.5,1152.15,1221.15,15723116,18868961106.25
2022-01-14,TATASTEEL,,,1213,1226.3,1206.1,1213.6,5267907,6402740872.75
2022-01-17,TATASTEEL,,,1215,1245,1190.35,1229.75,8969607,10958788425.8
2022-01-18,TATASTEEL,,,1230,1233.75,1190,1194.85,5840897,7066337357.8
2022-01-19,TATASTEEL,,,1196,1220.9,1183,1209.6,7304321,8800884092.5
2022-01-20,TATASTEEL,,,1210.1,1224,1197,1206.7,5920597,7175912863.9
2022-01-21,TATASTEEL,,,1200,1204.3,1156.35,1169.7,7166267,8438184184.45
2022-01-24,TATASTEEL,,,1160,1163.65,1090,1099.2,8392076,9407699634.2
2022-01-25,TATASTEEL,,,1094.7,1121,1087.05,1109.1,5733063,6351334528.6
2022-01-27,TATASTEEL,,,1090,1103.45,1061.3,1088.35,9056656,9799578271.55
2022-01-28,TATASTEEL,,,1105.85,1125.75,1080.95,1084.65,7864893,8722067779.45
2022-01-31,TATASTEEL,,,1109.9,1114.6,1080.5,1085.55,5570939,6106808797.4
2022-02-01,TATASTEEL,,,1104.9,1174.45,1086.4,1167.35,17075268,19367952076.85
2022-02-02,TATASTEEL,,,1179.9,1179.9,1158.3,1167.5,7524734,8778450173.45
2022-02-03,TATASTEEL,,,1153,1181.7,1146.3,1166.6,6514090,7619418043.55
2022-02-04,TATASTEEL,,,1173.8,1197.75,1170.25,1176.3,9317418,11032097305.3
2022-02-07,TATASTEEL,,,1168.3,1214.6,1161,1183,14510525,17330102163.95
2022-02-08,TATASTEEL,,,1195,1222.4,1171.5,1219.6,14083984,16936657066.7
2022-02-09,TATASTEEL,,,1231,1234,1208.15,1222.35,7352060,8968009893.95
2022-02-10,TATASTEEL,,,1230,1254.25,1226,1248.35,9392057,11684809977.1
2022-02-11,TATASTEEL,,,1239,1264.95,1233.1,1254.45,9676226,12118883254.8
2022-02-14,TATASTEEL,,,1220.1,1227.75,1180.1,1186.85,8021613,9648820655.15
2022-02-15,TATASTEEL,,,1196.85,1212,1151.55,1207.75,10188921,12014582504.45
2022-02-16,TATASTEEL,,,1215,1217.9,1186.5,1191.8,6609214,7925141990.1
2022-02-17,TATASTEEL,,,1201.1,1209.5,1186.15,1190.95,5655792,6771643720.6
2022-02-18,TATASTEEL,,,1187,1205,1183,1190.8,4725120,5654746883.9
2022-02-21,TATASTEEL,,,1188,1202,1174.4,1181.85,4978732,5916328122.2
2022-02-22,TATASTEEL,,,1158,1166.65,1119.25,1138.7,9385857,10709565886.6
2022-02-23,TATASTEEL,,,1148,1152.6,1134,1139,4960838,5673217190.3
2022-02-24,TATASTEEL,,,1094,1119.95,1067.1,1074,12126867,13288073810.5
2022-02-25,TATASTEEL,,,1097.7,1150.7,1095.6,1145.35,9212886,10467347648.45
2022-02-28,TATASTEEL,,,1134,1225,1129.2,1220.75,17605446,21070773518.25
2022-03-02,TATASTEEL,,,1220.75,1299.6,1218.55,1289.35,24847532,31820691227.6
2022-03-03,TATASTEEL,,,1306,1328.65,1293.65,1303.3,17450338,22859407692.45
2022-03-04,TATASTEEL,,,1302.4,1319.85,1273,1277.1,16282923,21134984241.95
2022-03-07,TATASTEEL,,,1275.9,1301.8,1264,1291.9,11040001,14129580242.05
2022-03-08,TATASTEEL,,,1293,1294,1244,1269.5,9107822,11504186252.6
2022-03-09,TATASTEEL,,,1273.9,1276.8,1248.6,1255.35,6934888,8739970128.45
2022-03-10,TATASTEEL,,,1257.85,1313.8,1241,1308.7,13674062,17504564980.75
2022-03-11,TATASTEEL,,,1315,1339.9,1296.2,1301.7,11882299,15639524482.95
2022-03-14,TATASTEEL,,,1305,1311.7,1277.7,1297,5278082,6826343839.5
2022-03-15,TATASTEEL,,,1291.8,1293,1228,1233.75,9614313,12036820173.55
2022-03-16,TATASTEEL,,,1245,1271.2,1240.2,1265.25,6302451,7931873085.6
2022-03-17,TATASTEEL,,,1275,1317.8,1271.1,1303.45,10623976,13787547257.25
2022-03-21,TATASTEEL,,,1308,1334,1294.5,1302.95,8422763,11107780248.7
2022-03-22,TATASTEEL,,,1320,1330,1288.05,1302,8179588,10699083341.2
2022-03-23,TATASTEEL,,,1324,1347.8,1292.35,1331,13055238,17255295796.55
2022-03-24,TATASTEEL,,,1330.95,1359.5,1325.95,1350.55,9460527,12758222562.2
2022-03-25,TATASTEEL,,,1354.9,1366,1333.55,1338.95,6945744,9377535055.2
2022-03-28,TATASTEEL,,,1340,1355,1327.6,1338.95,4655491,6246355569.25
2022-03-29,TATASTEEL,,,1344,1346.15,1327,1334.65,4320237,5770018655.25
2022-03-30,TATASTEEL,,,1335,1335.55,1300,1308.05,5848316,7651963500.35
2022-03-31,TATASTEEL,,,1308,1320.45,1300.1,1307.2,4006795,5253688052.7
2022-04-01,TATASTEEL,,,1310,1340.9,1305.45,1317.1,5532159,7309088664.3
2022-04-04,TATASTEEL,,,1317.1,1354,1314.45,1341.9,6967032,9314756763
2022-04-05,TATASTEEL,,,1348.45,1358,1329.25,1344.9,6329642,8501575038.95
2022-04-06,TATASTEEL,,,1350,1386.7,1346.8,1370.75,11409754,15635306605.7
2022-04-07,TATASTEEL,,,1377,1381,1341,1349.5,5565064,7569859990.1
2022-04-08,TATASTEEL,,,1360.95,1379.95,1356.25,1370.75,5228771,7156591391.4
2022-04-11,TATASTEEL,,,1370.7,1384,1353,1357.9,4477882,6126268528.4
2022-04-12,TATASTEEL,,,1353,1359.95,1296.1,1320.25,6919168,9103139739.75
2022-04-13,TATASTEEL,,,1334.95,1346,1315,1319.5,4493780,5969226933.65
2022-04-18,TATASTEEL,,,1331.9,1358.05,1328.85,1339.1,8070042,10838623713.5
2022-04-19,TATASTEEL,,,1352.6,1366.65,1309,1326.6,6477219,8749930979.45
2022-04-20,TATASTEEL,,,1329.7,1336.45,1303.05,1314.25,5410021,7133940458.5
2022-04-21,TATASTEEL,,,1316,1322.75,1285.85,1302.15,6669028,8677427230.85
2022-04-22,TATASTEEL,,,1301.6,1311.55,1273.75,1277.55,5584823,7210390040.9
2022-04-25,TATASTEEL,,,1250,1262.95,1212.8,1220.35,7231046,8916844390.4
2022-04-26,TATASTEEL,,,1235,1241.7,1225,1233.6,4481271,5525948859.35
2022-04-27,TATASTEEL,,,1227,1255,1210.4,1246.7,7120974,8771371654.4
2022-04-28,TATASTEEL,,,1259.5,1268.65,1243,1260.85,5129583,6438734682
2022-04-29,TATASTEEL,,,1268,1291.7,1265.65,1271.05,5717352,7315837150.15
2022-05-02,TATASTEEL,,,1257,1302.75,1248.75,1295.2,5442617,6957139104.35
2022-05-04,TATASTEEL,,,1327.3,1330,1254.5,1261.35,13837402,17844727443.05
2022-05-05,TATASTEEL,,,1280,1316.5,1278,1284.25,8733816,11334156938.6
2022-05-06,TATASTEEL,,,1268,1290,1243,1283.7,6925676,8748619578.85
2022-05-09,TATASTEEL,,,1260,1274.2,1244,1252.25,5055297,6359852196.2
2022-05-10,TATASTEEL,,,1251,1254.65,1158.55,1164.9,14553742,17418666398.75
2022-05-11,TATASTEEL,,,1175,1190.9,1123.4,1165.7,10706315,12386051281.1
2022-05-12,TATASTEEL,,,1156.9,1162.4,1103,1117.7,9419161,10586609044.2
2022-05-13,TATASTEEL,,,1135,1151.8,1092,1097,8292441,9303075384.5
2022-05-16,TATASTEEL,,,1119,1134.8,1094,1103.5,6266527,6977732748.35
2022-05-17,TATASTEEL,,,1124,1197.2,1115.35,1188.7,11287601,13086910016.65
2022-05-18,TATASTEEL,,,1197,1209,1175,1180.25,8157580,9692512041.05
2022-05-19,TATASTEEL,,,1151,1154.9,1115.2,1122.15,6654563,7532244311.55
2022-05-20,TATASTEEL,,,1162.35,1178.4,1141.2,1170.6,6552750,7606442066.55
2022-05-23,TATASTEEL,,,1097,1097,1001.55,1022.95,27388346,28176958026.25
2022-05-24,TATASTEEL,,,1031,1039.9,1002,1006.35,12311666,12552845856.45
2022-05-25,TATASTEEL,,,1006.35,1018.35,991.8,999.1,9934340,9973206376.85
2022-05-26,TATASTEEL,,,1007,1067.55,995.25,1052,15053673,15552552283.05
2022-05-27,TATASTEEL,,,1062.5,1067.65,1032,1043.5,7477220,7825323762.2
2022-05-30,TATASTEEL,,,1059,1063.8,1043.5,1047.45,7270159,7648867514.95
2022-05-31,TATASTEEL,,,1045,1071.9,1037,1055.65,12124885,12845390666.15
2022-06-01,TATASTEEL,,,1065.5,1079,1053.3,1063.55,9405529,10022443775.45
2022-06-02,TATASTEEL,,,1067.75,1084.75,1059.1,1081.55,7917704,8483566200.8
2022-06-03,TATASTEEL,,,1092,1092.8,1065,1067.3,5395486,5804071537.4
2022-06-06,TATASTEEL,,,1065,1082.9,1049.2,1078.1,5726249,6131623842.3
2022-06-07,TATASTEEL,,,1067,1081.5,1063.55,1068.5,4334157,4634674457.15
2022-06-08,TATASTEEL,,,1081,1088.9,1074.05,1086.75,6473434,7015173441.45
2022-06-09,TATASTEEL,,,1074.95,1087.25,1041.2,1044.85,9854781,10400542210.2
2022-06-10,TATASTEEL,,,1030,1031.4,1010.65,1023.7,9522563,9720036515.1
2022-06-13,TATASTEEL,,,1004.3,1012,990,991.95,8223575,8214919302.2
2022-06-14,TATASTEEL,,,988.25,1013.7,985.55,996.15,7720260,7729330686.7
2022-06-15,TATASTEEL,,,953.95,974.25,950.65,959.55,9244333,8890289549.6
2022-06-16,TATASTEEL,,,975,975,898.2,901.7,12274105,11427723603.3
2022-06-17,TATASTEEL,,,898,927.4,895.5,906.7,12129026,11065731966.85
2022-06-20,TATASTEEL,,,905,905,842.65,861.4,13986689,12049109008.45
2022-06-21,TATASTEEL,,,875,895.5,864,884.8,12452697,10916019464.45
2022-06-22,TATASTEEL,,,872.95,873.85,835.7,838.1,10987739,9333787063.8
2022-06-23,TATASTEEL,,,840,855.95,827,841.3,11151584,9384044004.3
2022-06-24,TATASTEEL,,,850,864.75,844.65,852.85,8543381,7289500677.75
2022-06-27,TATASTEEL,,,870.5,878.85,863.05,867.85,7281473,6337792524
2022-06-28,TATASTEEL,,,866,884.4,860.4,878.9,8464733,7396932361.3
2022-06-29,TATASTEEL,,,870,888.8,868.5,881.6,7231847,6371473361.5
2022-06-30,TATASTEEL,,,881.5,894.5,863.3,867.05,8467209,7429607359.1
2022-07-01,TATASTEEL,,,866.95,875,859.1,872.85,5476189,4747001323.25
2022-07-04,TATASTEEL,,,868.5,871.2,843.3,854.55,7755441,6601228052
2022-07-05,TATASTEEL,,,862,879.2,857.8,860.15,7905829,6866701254.25
2022-07-06,TATASTEEL,,,858.45,861.1,838.05,858.15,8143971,6903395020.7
2022-07-07,TATASTEEL,,,867,906.55,858.5,900,11100794,9781286467
2022-07-08,TATASTEEL,,,917.9,917.9,880.5,885.9,11200063,9966519524.5
2022-07-11,TATASTEEL,,,885.2,929,875.05,912.75,15019334,13636472253.1
2022-07-12,TATASTEEL,,,904.9,915.95,893.6,902.1,10017505,9037768425.8
2022-07-13,TATASTEEL,,,905.95,914.2,900.65,904.85,7013511,6360873098.65
2022-07-14,TATASTEEL,,,910,911,895,908,7449858,6729154713.35
2022-07-15,TATASTEEL,,,905,910.3,877.5,883.8,8125351,7242237144.35
2022-07-18,TATASTEEL,,,897,908,892.25,904.3,7306081,6581015540.8
2022-07-19,TATASTEEL,,,901,921.9,901,919.45,8534158,7825312413.05
2022-07-20,TATASTEEL,,,935.95,938,925.2,928.45,7708865,7181425855.2
2022-07-21,TATASTEEL,,,930,938.85,924.5,934.3,5087714,4750878150.95
2022-07-22,TATASTEEL,,,942.5,944,932,936.05,4860894,4559941726.45
2022-07-25,TATASTEEL,,,935,964.85,933.6,960.7,9963563,9515399224.15
2022-07-26,TATASTEEL,,,972,976.7,946.05,949.5,12626469,12119595065.95
2022-07-27,TATASTEEL,,,951,961.55,943.6,959.4,5255902,5011119637.7
2022-07-28,TATASTEEL,,,98.1,102,97.15,100.35,137156107,13644336927.1
2022-07-29,TATASTEEL,,,103,109.3,102.15,107.6,166959934,17816038805.05
2022-08-01,TATASTEEL,,,110.5,111.45,106.15,108.25,125365761,13592194355.85
2022-08-02,TATASTEEL,,,108,108,105.35,107,64935371,6937671692
2022-08-03,TATASTEEL,,,107,108.45,106,107.05,61428846,6568325454.7
2022-08-04,TATASTEEL,,,107.5,109.5,106.05,107.7,79526154,8577818116.05
2022-08-05,TATASTEEL,,,107.65,109.25,107.1,107.35,54469112,5885013963
2022-08-08,TATASTEEL,,,107.85,108.15,106.7,107.2,41384943,4442543901.95
2022-08-10,TATASTEEL,,,107.9,109.9,106.5,109.2,73880698,7996457230.3
2022-08-11,TATASTEEL,,,110.3,110.65,108.6,109.1,75321498,8247181079.65
2022-08-12,TATASTEEL,,,109.35,112.9,108.8,112.65,95942333,10733610778.1
2022-08-16,TATASTEEL,,,113.7,113.7,111.1,113,69207437,7789100716.7
2022-08-17,TATASTEEL,,,113.5,113.5,112.25,112.5,54008422,6094999817.65
2022-08-18,TATASTEEL,,,112.5,113,111.4,112.55,49396425,5548515767.75
2022-08-19,TATASTEEL,,,112.55,112.9,109.55,110.05,57134813,6346785640.6
2022-08-22,TATASTEEL,,,109.5,109.6,104.7,105.05,74037526,7906795316.15
2022-08-23,TATASTEEL,,,104.2,108.25,103.5,107.6,70531639,7523872406.95
2022-08-24,TATASTEEL,,,107.55,108.15,105.75,106.55,55686404,5941287674.1
2022-08-25,TATASTEEL,,,107.05,107.9,105.75,106.25,42186335,4513082704.7
2022-08-26,TATASTEEL,,,107.25,109.2,107.1,107.35,71257092,7705922708.05
2022-08-29,TATASTEEL,,,104.05,105.65,103.25,104.85,59895805,6272782501.15
2022-08-30,TATASTEEL,,,106.5,108.5,106.05,108.3,67401780,7241568190.85
2022-09-01,TATASTEEL,,,107,107.75,105.9,106.4,52454732,5593727756.85
2022-09-02,TATASTEEL,,,107,107,105,105.5,45601352,4824328207.9
2022-09-05,TATASTEEL,,,106.05,107.3,105.8,106.9,40352735,4309547186.7
2022-09-06,TATASTEEL,,,107.4,108.8,106.05,108.6,59505849,6395325841.4
2022-09-07,TATASTEEL,,,107.55,108.9,107.1,107.6,43945660,4733600727.6
2022-09-08,TATASTEEL,,,108.4,108.4,105.35,105.85,71228405,7571819644.9
2022-09-09,TATASTEEL,,,107,107.35,105.5,105.7,63647166,6766144287.45
2022-09-12,TATASTEEL,,,106.8,107.95,106.5,107.75,40838533,4380870294.6
2022-09-13,TATASTEEL,,,108,108.7,107.55,107.75,44179394,4770125367.9
2022-09-14,TATASTEEL,,,106.3,110.4,105.8,109.15,86379872,9367682710.85
2022-09-15,TATASTEEL,,,108.65,109,106.5,107,62926791,6762926980
2022-09-16,TATASTEEL,,,106.2,107.5,105,105.7,107967267,11438611861.2
2022-09-19,TATASTEEL,,,106.2,106.2,103,103.1,51146568,5329092149.05
2022-09-20,TATASTEEL,,,104.2,106.35,104,105.8,52140254,5498177496.75
2022-09-21,TATASTEEL,,,105.8,107.2,104.3,104.45,46142823,4874375519.4
2022-09-22,TATASTEEL,,,104.45,105.3,103.5,103.6,61380323,6390476684.45
2022-09-23,TATASTEEL,,,106.2,107.9,103.75,104.3,109765520,11542851207.85
2022-09-26,TATASTEEL,,,104.4,104.45,98.5,99.85,101291962,10142672607.35
2022-09-27,TATASTEEL,,,101.35,101.35,96.5,97.65,104949032,10281458412.55
2022-09-28,TATASTEEL,,,96.55,97.85,95,95.2,71724106,6920843177.9
2022-09-29,TATASTEEL,,,97,98.25,96.4,96.85,60884592,5918516554.85
2022-09-30,TATASTEEL,,,96.85,100.4,95.7,99.3,66436616,6522717206.05
2022-10-03,TATASTEEL,,,99.6,99.65,98,98.35,37282313,3673372459.55
2022-10-04,TATASTEEL,,,100.3,101.5,100,101.15,40186702,4050787705.9
2022-10-06,TATASTEEL,,,102,103.8,101.75,103.55,48169310,4968384709.85
2022-10-07,TATASTEEL,,,103.3,103.5,101.9,103.3,36080875,3701016169.55
2022-10-10,TATASTEEL,,,102,103.5,101.15,103.2,36641275,3753418355.6
2022-10-11,TATASTEEL,,,103.55,103.65,99.8,100.35,41083734,4171955283.9
2022-10-12,TATASTEEL,,,100.35,101.2,99,100.55,41357469,4145079977.55
2022-10-13,TATASTEEL,,,101.1,101.8,98.8,100.1,34668093,3467784413.05
2022-10-14,TATASTEEL,,,101.85,102.8,99.9,100.1,32456805,3285919912.45
2022-10-17,TATASTEEL,,,99.75,100.4,98.1,99.55,37568783,3736649675.55
2022-10-18,TATASTEEL,,,100.3,101,99.8,100.65,30722156,3088365889.65
2022-10-19,TATASTEEL,,,100.6,101.25,99.7,100.05,38764542,3895723116.05
2022-10-20,TATASTEEL,,,99.5,101.2,98.8,100.9,38091315,3810489028.1
2022-10-21,TATASTEEL,,,100.85,101.45,99.35,100.2,30973997,3105517885
2022-10-25,TATASTEEL,,,101.15,102.5,100.7,101.2,37163180,3771578858.15
2022-10-27,TATASTEEL,,,102.25,104.65,102.05,104.2,74349009,7722338849.35
2022-10-28,TATASTEEL,,,104.1,104.6,100.8,101.6,51006232,5198345634.55
2022-10-31,TATASTEEL,,,101.9,102.15,100.3,101.55,38715841,3919494016.6
2022-11-01,TATASTEEL,,,98.55,101.45,98.55,101.2,69031178,6920926318.5
2022-11-02,TATASTEEL,,,101,103,100.8,101.25,42336049,4310879559.9
2022-11-03,TATASTEEL,,,100.75,102.45,100,102,39110676,3975105986.05
2022-11-04,TATASTEEL,,,102.5,105,102.2,104.75,70299020,7289721600.05
2022-11-07,TATASTEEL,,,105.9,107.45,104.6,106.7,74426059,7925231204.7
2022-11-09,TATASTEEL,,,107.25,107.55,105.55,106.1,38295904,4071757227.05
2022-11-10,TATASTEEL,,,105.2,106,104.45,104.7,27864285,2930887692.25
2022-11-11,TATASTEEL,,,106.25,108.2,106.25,107.55,77933417,8374174601.75
2022-11-14,TATASTEEL,,,108.5,110,108.25,108.7,55474425,6052718955.6
2022-11-15,TATASTEEL,,,109,109.35,107.2,108.55,35007427,3782360832.2
2022-11-16,TATASTEEL,,,108.45,108.8,105.2,106.55,40404167,4321518992.7
2022-11-17,TATASTEEL,,,105.9,106.8,104.5,105.85,32894825,3468387429.4
2022-11-18,TATASTEEL,,,105.85,106.3,104.7,105.5,28992538,3057045391.4
2022-11-21,TATASTEEL,,,107.7,107.7,103.85,104.25,58404309,6155232063.4
2022-11-22,TATASTEEL,,,104.4,105.4,103.55,105.2,27846186,2909218047.9
2022-11-23,TATASTEEL,,,105.7,106,104.95,105.45,22809651,2405544449.55
2022-11-24,TATASTEEL,,,105.85,105.95,104.6,105.5,23737867,2500041736.8
2022-11-25,TATASTEEL,,,105.6,106.5,105.1,106.2,27361785,2899278217.3
2022-11-28,TATASTEEL,,,106,106.4,104.5,104.9,33516118,3519507321.2
2022-11-29,TATASTEEL,,,105,107.65,104.95,106.1,40661568,4332103822.55
2022-11-30,TATASTEEL,,,106.1,107.95,105.9,107.65,61142050,6563796708.15
2022-12-01,TATASTEEL,,,108.7,111.3,108,110.75,91702642,10064703817.75
2022-12-02,TATASTEEL,,,110.8,112.5,110.15,112,70541914,7868561475.35
2022-12-05,TATASTEEL,,,113.3,116.1,112.65,115.85,96441799,11070587626.6
2022-12-06,TATASTEEL,,,115.35,115.35,112.25,112.95,50581245,5731246025.85
2022-12-07,TATASTEEL,,,113.4,113.5,110.85,111.2,39494279,4420597087.65
2022-12-08,TATASTEEL,,,111.75,113,110.8,111.85,32416724,3621976760.8
2022-12-09,TATASTEEL,,,112.8,113.75,109.7,110.45,35665257,3979539564.25
2022-12-12,TATASTEEL,,,110.2,112.1,108.7,111.7,37082389,4110851619.65
2022-12-13,TATASTEEL,,,112.55,112.85,110.8,111.2,32264080,3596515740.25
2022-12-14,TATASTEEL,,,111.6,113.2,111.1,113.05,38606984,4340715290.6
2022-12-15,TATASTEEL,,,112.65,113.45,110.7,110.95,34361613,3838903320.85
2022-12-16,TATASTEEL,,,110.35,112.1,109.45,111.05,34736665,3848127933.45
2022-12-19,TATASTEEL,,,111.05,112.1,110.8,111.8,17297590,1928331474.4
2022-12-20,TATASTEEL,,,111.15,111.5,109,110.95,34836506,3841678276.75
2022-12-21,TATASTEEL,,,111.8,112,108.7,109.4,32303565,3564029185.2
2022-12-22,TATASTEEL,,,110,110.6,106.35,107.65,39639329,4272289160.15
2022-12-23,TATASTEEL,,,106,106.75,101.95,102.25,46756489,4861179723.65
2022-12-26,TATASTEEL,,,102.8,105.55,101.65,105,33995681,3548856093.4
2022-12-27,TATASTEEL,,,106.65,111.55,105.85,111.15,76033410,8316497757
2022-12-28,TATASTEEL,,,111.05,112.3,109.7,110,50660601,5620984092.1
2022-12-29,TATASTEEL,,,109,112,108.85,111.75,51751642,5735642386.1
2022-12-30,TATASTEEL,,,112.9,114.75,112.1,112.65,56048485,6360199033.4
2023-01-02,TATASTEEL,,,114.4,119.7,113.75,119.25,143444095,16899938209.6
2023-01-03,TATASTEEL,,,119.8,120.5,117.75,118.45,74419090,8859042586.45
2023-01-04,TATASTEEL,,,118.75,119.05,115.35,115.75,55634568,6484836352.55
2023-01-05,TATASTEEL,,,116.5,117,114.5,116.55,58806907,6806057647.8
2023-01-06,TATASTEEL,,,117,117.85,115.25,115.65,58551863,6825354273.05
2023-01-09,TATASTEEL,,,116.9,118.1,116.55,117.55,37763131,4438628753.1
2023-01-10,TATASTEEL,,,117.65,119.75,117.55,118.85,56750710,6732375346.95
2023-01-11,TATASTEEL,,,119.45,120.35,118,118.85,49321252,5871210496.25
2023-01-12,TATASTEEL,,,118.95,119.25,117.6,118.1,33740024,3986728182.75
2023-01-13,TATASTEEL,,,118.55,121.6,118.15,120.45,68884010,8287320121.45
2023-01-16,TATASTEEL,,,121.45,121.45,118.8,119.95,44362359,5314417958.05
2023-01-17,TATASTEEL,,,119.75,119.9,118,119.35,27880531,3317731473.65
2023-01-18,TATASTEEL,,,120,123,120,122.45,64749065,7904467813.2
2023-01-19,TATASTEEL,,,121.8,124.3,121.15,123.55,53564076,6609306267.85
2023-01-20,TATASTEEL,,,123.4,124.2,122,122.95,37784498,4657678101.5
2023-01-23,TATASTEEL,,,123.4,123.85,121.5,122,28601260,3506407861.1
2023-01-24,TATASTEEL,,,122.5,122.55,120.1,120.4,27707765,3353043685.55
2023-01-25,TATASTEEL,,,120.35,122.25,120.1,121,46522102,5624860373.1
2023-01-27,TATASTEEL,,,121.9,123.25,119.1,120.65,58771746,7113714095.55
2023-01-30,TATASTEEL,,,120.45,121.1,116.9,118.75,46551837,5515300590.95
2023-01-31,TATASTEEL,,,118.75,120.45,117.75,119.7,43986769,5255511455.05
2023-02-01,TATASTEEL,,,120.1,124.15,119.3,122.05,72919626,8908255658.1
2023-02-02,TATASTEEL,,,121.95,122.5,118.4,119.95,38768010,4640608722.05
2023-02-03,TATASTEEL,,,120.05,121,117.2,120.35,46977350,5598705778.3
2023-02-06,TATASTEEL,,,120,120,117,117.45,49546361,5838695548.5
2023-02-07,TATASTEEL,,,112.6,115.35,110.55,111.45,110953246,12485538285.3
2023-02-08,TATASTEEL,,,111.45,112.75,110.1,111.45,66523699,7415660810.8
2023-02-09,TATASTEEL,,,112.15,112.95,109.95,111.25,64710455,7190126333.05
2023-02-10,TATASTEEL,,,111,111.25,108.3,108.8,60810058,6633301056.7
2023-02-13,TATASTEEL,,,108.8,110.6,108.4,108.75,56186469,6136999513.3
2023-02-14,TATASTEEL,,,109.55,109.9,108.25,109.25,31163587,3399153115.15
2023-02-15,TATASTEEL,,,109,110.6,108.8,110.3,35544190,3903313900.75
2023-02-16,TATASTEEL,,,111,112.2,110.65,112,30956191,3447951206.65
2023-02-17,TATASTEEL,,,111.55,113.1,111.3,112.25,34107244,3839275198.65
2023-02-20,TATASTEEL,,,112.3,112.7,111.05,112.35,19896764,2231699003.55
2023-02-21,TATASTEEL,,,112.9,114.2,112.75,113.15,29830864,3387474094.25
2023-02-22,TATASTEEL,,,113.25,113.7,110.65,111.15,24391211,2728186737.25
2023-02-23,TATASTEEL,,,111.55,113.65,111.35,112.05,30845778,3464472213.65
2023-02-24,TATASTEEL,,,112.5,112.9,109.55,109.75,34326940,3792036662.95
2023-02-27,TATASTEEL,,,109.8,110.05,105.15,106.1,56217189,5996571618.55
2023-02-28,TATASTEEL,,,106.85,107.05,103.55,103.95,76540448,8012243048.1
2023-03-01,TATASTEEL,,,104.7,107.1,104.5,105.5,76175319,8041859455.85
2023-03-02,TATASTEEL,,,106.05,106.9,104.35,104.65,55276248,5811826485.25
2023-03-03,TATASTEEL,,,106,107.45,105,107,117175295,12410956853.75
2023-03-06,TATASTEEL,,,107.5,107.6,105,105.65,106868143,11331946650
2023-03-08,TATASTEEL,,,105.3,106.9,104,106.5,43939583,4661890631.85
2023-03-09,TATASTEEL,,,107.85,108.95,107.5,108.2,51967449,5633985537.85
2023-03-10,TATASTEEL,,,107,108.35,106.6,108.1,47699832,5138944228.45
2023-03-13,TATASTEEL,,,108.25,109,106.35,106.8,34552596,3720063116.85
2023-03-14,TATASTEEL,,,107,108.55,106.2,106.4,48584984,5217199866.9
2023-03-15,TATASTEEL,,,107.5,109.15,107.4,108.65,38930902,4225315557.85
2023-03-16,TATASTEEL,,,107.25,107.25,103.7,105.05,81088340,8500165789.1
2023-03-17,TATASTEEL,,,106.45,107.35,105,107,48962238,5202472538.4
2023-03-20,TATASTEEL,,,106.1,106.45,103.85,104.5,41569640,4352603949.85
2023-03-21,TATASTEEL,,,105.1,105.4,104.3,104.75,26434897,2768091153.4
2023-03-22,TATASTEEL,,,104.75,105.95,104.4,104.8,25891259,2724080059.55
2023-03-23,TATASTEEL,,,104.4,105.5,104.35,104.9,20913844,2197143347.9
2023-03-24,TATASTEEL,,,105,105.05,101.55,102.1,39014278,4022377160.1
2023-03-27,TATASTEEL,,,102.55,103.4,102.1,102.3,24753289,2540528569.55
2023-03-28,TATASTEEL,,,102.85,103.1,102.35,102.5,18703734,1920212067.45
2023-03-29,TATASTEEL,,,102.5,104.5,101.65,103.6,37221124,3817072842.05
2023-03-31,TATASTEEL,,,105,105.5,104.1,104.5,34579415,3627314028.05
2023-04-03,TATASTEEL,,,105.1,105.25,103.8,104.1,21840428,2278058629.4
2023-04-05,TATASTEEL,,,104.1,105,103.2,104.85,25194802,2627043258.3
2023-04-06,TATASTEEL,,,104.85,105.1,104.2,104.35,21053782,2201800059.7
2023-04-10,TATASTEEL,,,104.5,105.75,104.5,104.95,19992257,2100642987.95
2023-04-11,TATASTEEL,,,105.55,107.85,105.1,107.55,49304956,5236110495.1
2023-04-12,TATASTEEL,,,108.2,108.4,106.95,107.6,27349538,2948517983.1
2023-04-13,TATASTEEL,,,107.5,108.15,105.9,107.5,34880922,3728837192.45
2023-04-17,TATASTEEL,,,107.6,108.3,106.75,107.15,24642162,2642835449.5
2023-04-18,TATASTEEL,,,107.2,107.9,106.85,107.6,25476339,2734457761.1
2023-04-19,TATASTEEL,,,107.85,110.4,107.75,108.1,62100775,6771763621.7
2023-04-20,TATASTEEL,,,108.2,108.7,107.4,108,18337948,1980844661.65
2023-04-21,TATASTEEL,,,108,108.1,105.35,106.15,37638506,3991843098.75
2023-04-24,TATASTEEL,,,106.4,106.7,105.35,106.5,23475012,2493311630.9
2023-04-25,TATASTEEL,,,106.7,107.6,106.25,107.05,23333425,2500546363.5
2023-04-26,TATASTEEL,,,106.5,107.05,105.85,106.85,23590297,2514895123.15
2023-04-27,TATASTEEL,,,106.3,107.85,106.3,107.65,22364308,2399360923.3
2023-04-28,TATASTEEL,,,107.8,108.5,107.3,107.95,30072920,3241848071.05
2023-05-02,TATASTEEL,,,108,110.85,108,110.3,52822162,5803926375.6
2023-05-03,TATASTEEL,,,109.8,111,108.75,109.7,51272624,5625037044.3
2023-05-04,TATASTEEL,,,110,111.9,109.5,111.05,38636907,4292397887.1
2023-05-05,TATASTEEL,,,110.85,110.85,108.4,108.65,32958346,3600677932.4
2023-05-08,TATASTEEL,,,109.25,109.85,108.25,109.55,23130472,2529484680.95
2023-05-09,TATASTEEL,,,109.6,111.2,109.15,109.55,27999202,3085964389.15
2023-05-10,TATASTEEL,,,109.6,110,108.6,109.25,19213215,2094912629.6
2023-05-11,TATASTEEL,,,109.2,109.5,108.25,108.55,19817637,2156137340.3
2023-05-12,TATASTEEL,,,108.35,108.4,106.55,106.75,36794838,3939190769.55
2023-05-15,TATASTEEL,,,107.05,108.2,105.65,107.7,22148028,2373507495.9
2023-05-16,TATASTEEL,,,108.2,108.65,107.2,107.4,18587658,2000332266.55
2023-05-17,TATASTEEL,,,107.4,107.5,105.55,106,28895465,3070486552.55
2023-05-18,TATASTEEL,,,106.5,107.15,105.1,105.2,24208481,2564275088.3
2023-05-19,TATASTEEL,,,105.6,105.7,104.05,104.65,29848841,3120908345.85
2023-05-22,TATASTEEL,,,105,105.25,104.3,105,21588716,2264331112.7
2023-05-23,TATASTEEL,,,105.1,106.05,105,105.6,21304034,2249349513.1
2023-05-24,TATASTEEL,,,105.1,105.8,104.9,105.2,28454367,2996344304.75
2023-05-25,TATASTEEL,,,105,105.2,104.3,104.85,25885062,2709050705.2
2023-05-26,TATASTEEL,,,105,106.75,104.95,106.4,28362042,3002217896.9
2023-05-29,TATASTEEL,,,107,108.85,106.3,108.45,41062311,4431534295.9
2023-05-30,TATASTEEL,,,108.95,108.95,106.9,107.05,33475211,3600917274.85
2023-05-31,TATASTEEL,,,106.4,106.95,105.6,105.8,41249944,4378251037.75
2023-06-01,TATASTEEL,,,105.9,106.7,105.8,105.95,21211538,2251551758.05
2023-06-02,TATASTEEL,,,106.5,108.3,106.5,108,46686933,5017725667.7
2023-06-05,TATASTEEL,,,108.65,109.9,107.8,109.4,39642539,4314334583.1
2023-06-06,TATASTEEL,,,109.75,109.85,108.3,109,26751372,2914420221.25
2023-06-07,TATASTEEL,,,109.5,111.75,108.9,111.5,45157197,4987884439.9
2023-06-08,TATASTEEL,,,111.5,113,110.95,111.15,46380294,5185782963.2
2023-06-09,TATASTEEL,,,111.25,111.65,108.65,108.9,36392617,3982174835.8
2023-06-12,TATASTEEL,,,109.15,110.6,109.15,109.5,23472313,2577057322.15
2023-06-13,TATASTEEL,,,110,111.85,109.65,111.15,30018212,3327632939.35
2023-06-14,TATASTEEL,,,111.5,114,111.4,113.8,66696433,7551041425.2
2023-06-15,TATASTEEL,,,113.9,114.2,113.25,113.75,39430138,4485256302.8
2023-06-16,TATASTEEL,,,114.4,114.8,113.85,114.25,31715807,3623157859.1
2023-06-19,TATASTEEL,,,115.45,115.6,113.05,114.1,33502185,3822038084.4
2023-06-20,TATASTEEL,,,114.1,115.25,113.5,114.25,30371599,3478440270.4
2023-06-21,TATASTEEL,,,114.9,114.9,112.85,113.9,35627983,4050186870.45
2023-06-22,TATASTEEL,,,110.6,112.2,110.55,111.1,34769987,3872688551.2
2023-06-23,TATASTEEL,,,110.5,110.75,109.2,109.6,22190233,2440221682.95
2023-06-26,TATASTEEL,,,109.6,110.2,108.1,109.85,25332751,2763734572.75
2023-06-27,TATASTEEL,,,110.6,111.5,110.15,110.75,24129403,2675086307.85
2023-06-28,TATASTEEL,,,111.5,112.05,110.9,111.55,23895274,2665315375.2
2023-06-30,TATASTEEL,,,111.6,112.2,110.4,112,26741918,2985382486.2
2023-07-03,TATASTEEL,,,112.25,114.25,112.05,113.1,30979256,3512345035.75
2023-07-04,TATASTEEL,,,113.2,113.4,112.1,112.4,25080307,2825446861.1
2023-07-05,TATASTEEL,,,112.55,113.55,112.2,112.95,27877180,3149305413.45
2023-07-06,TATASTEEL,,,112,112.85,111.5,112.65,34320086,3849061350.15
2023-07-07,TATASTEEL,,,112,113.3,111.25,111.6,30034274,3367102319.95
2023-07-10,TATASTEEL,,,112.25,115.7,111.65,115.3,60652690,6943815581.6
2023-07-11,TATASTEEL,,,115.6,116.1,114.8,115.15,37999385,4386130159.45
2023-07-12,TATASTEEL,,,115.15,116.05,114,114.7,32771204,3761070520.6
2023-07-13,TATASTEEL,,,116,116.95,114.5,114.85,44847814,5190013535.6
2023-07-14,TATASTEEL,,,115.7,117.9,114.8,117.15,34521821,4013534242.35
2023-07-17,TATASTEEL,,,117.95,119.35,117.1,117.75,49115369,5812313828.95
2023-07-18,TATASTEEL,,,118,118.15,116.4,116.6,23433431,2743857232.85
2023-07-19,TATASTEEL,,,116.7,117.2,116.1,116.7,17222355,2009694774.1
2023-07-20,TATASTEEL,,,116.7,117.25,116.35,116.95,22303831,2606703327.15
2023-07-21,TATASTEEL,,,116.6,117.95,115.5,116.6,31546136,3679825459.1
2023-07-24,TATASTEEL,,,116.5,116.5,114.35,115.5,38113555,4397247627.25
2023-07-25,TATASTEEL,,,115,119.9,114.35,119.25,88035259,10412164866.45
2023-07-26,TATASTEEL,,,119.8,120.6,118.85,119.95,29716336,3560354181.25
2023-07-27,TATASTEEL,,,120.25,121.45,119.15,119.8,39664251,4770485839.25
2023-07-28,TATASTEEL,,,120.2,121.1,118.7,120.6,33996691,4077360851.6
2023-07-31,TATASTEEL,,,120.6,123.85,120.6,123.15,52330311,6429027091.55
2023-08-01,TATASTEEL,,,123.55,124.15,122.55,123.2,27863562,3437363292.15
2023-08-02,TATASTEEL,,,122.9,122.9,118.25,118.95,54951586,6587887454.35
2023-08-03,TATASTEEL,,,118.7,119.65,117.5,118.2,34624188,4093884505.55
2023-08-04,TATASTEEL,,,119.4,119.75,118,119,22303966,2652551989.7
2023-08-07,TATASTEEL,,,119.6,119.6,118,118.85,20711952,2459082671.95
2023-08-08,TATASTEEL,,,119,119.5,117.95,118.15,21275054,2521377215.1
2023-08-09,TATASTEEL,,,118.35,120.5,116.9,120.2,34154214,4048450641.55
2023-08-10,TATASTEEL,,,120,120.65,119.25,120,24439101,2930627924.3
2023-08-11,TATASTEEL,,,120.3,121.4,119.15,120.3,26337436,3171761199.15
2023-08-14,TATASTEEL,,,120.3,120.4,117.35,118.15,33095516,3912829472.45
2023-08-16,TATASTEEL,,,117.95,117.95,115.4,115.95,31252473,3632061298.05
2023-08-17,TATASTEEL,,,115.9,116.8,114.7,116.05,28461865,3295420065.1
2023-08-18,TATASTEEL,,,116.3,116.4,114.75,115.8,30381609,3510516688.5
2023-08-21,TATASTEEL,,,116.75,117.1,115.85,116.9,22629651,2639628824.7
2023-08-22,TATASTEEL,,,117.15,117.75,116.5,117.55,17343131,2032761447.1
2023-08-23,TATASTEEL,,,117.85,119.25,117.65,118.95,43744909,5200886017.65
2023-08-24,TATASTEEL,,,119.5,120.1,118.05,118.25,27103446,3220087938.55
2023-08-25,TATASTEEL,,,118,118.15,116.7,116.9,23692527,2781176955.2
2023-08-28,TATASTEEL,,,117,118.25,117,117.6,19218821,2261679617.1
2023-08-29,TATASTEEL,,,118.5,120.15,117.75,119.55,36038317,4292328896.1
2023-08-30,TATASTEEL,,,120.5,122.7,120.25,122.1,51467177,6279989423.5
2023-08-31,TATASTEEL,,,122.85,123.6,122.15,122.9,60626985,7443473788.5
2023-09-01,TATASTEEL,,,123.5,128.7,123.4,127.05,76460408,9714089379.55
2023-09-04,TATASTEEL,,,129.2,132.9,128.85,131.75,68525900,9024225220.75
2023-09-05,TATASTEEL,,,131.75,132.45,128.85,131.7,36466807,4767857575.05
2023-09-06,TATASTEEL,,,132.4,132.4,128.2,129.6,36058850,4671465545.35
2023-09-07,TATASTEEL,,,129.5,130.8,128.6,130.15,30268235,3934781899.05
2023-09-08,TATASTEEL,,,131.4,131.65,129.2,129.5,34313523,4469052986.9
2023-09-11,TATASTEEL,,,129.5,131.85,129.2,131.15,33377857,4362862449.95
2023-09-12,TATASTEEL,,,132.8,133.15,128.65,129,38065283,4950314633.25
2023-09-13,TATASTEEL,,,129.6,130.5,127.7,129.55,23371459,3022484084
2023-09-14,TATASTEEL,,,131,134.2,130.8,131.7,58800620,7780313510.1
2023-09-15,TATASTEEL,,,132.6,133.3,129.85,131.95,85058495,11183754761.5
2023-09-18,TATASTEEL,,,135,135,130.05,130.45,62420823,8227968331.45
2023-09-20,TATASTEEL,,,130.45,131.8,128,128.3,43627379,5651983902.35
2023-09-21,TATASTEEL,,,128.3,129.25,127.2,127.8,29826091,3823296128.15
2023-09-22,TATASTEEL,,,127.15,128.7,125.5,126.75,34059194,4328563173.75
2023-09-25,TATASTEEL,,,127.3,128.3,126.1,127.4,23466981,2987046458
2023-09-26,TATASTEEL,,,129,130.55,128.4,128.9,48936598,6337243511.85
2023-09-27,TATASTEEL,,,128.75,128.75,126.7,128.15,33277329,4252437333
2023-09-28,TATASTEEL,,,128.35,129.3,126.3,126.8,29982233,3828288872.45
2023-09-29,TATASTEEL,,,128.2,129.55,127.55,128.9,28406435,3656717531.85
2023-10-03,TATASTEEL,,,129,129.1,127.25,128,18613557,2379107875.8
2023-10-04,TATASTEEL,,,127,127.1,124.5,125.3,33272725,4175249159.9
2023-10-05,TATASTEEL,,,125.9,126.15,124.55,125.25,27063441,3391365474.55
2023-10-06,TATASTEEL,,,126.5,127,125.1,125.9,21928671,2759725379.5
2023-10-09,TATASTEEL,,,124.8,124.9,122.6,123.85,21457836,2658219956.95
2023-10-10,TATASTEEL,,,124.7,125.9,123.75,125.3,28745957,3586819958.85
2023-10-11,TATASTEEL,,,126,126.3,124.7,124.95,24455932,3068616682.35
2023-10-12,TATASTEEL,,,125.35,126.9,125.1,125.9,19361688,2441391694.9
2023-10-13,TATASTEEL,,,125,125.75,124,125.05,26912800,3362090989.25
2023-10-16,TATASTEEL,,,125.1,127.25,124.95,127,23868700,3019547026.8
2023-10-17,TATASTEEL,,,127.9,128.55,127,127.4,24241710,3100588399.8
2023-10-18,TATASTEEL,,,127.85,128.7,126.6,127.1,20926079,2666501947.15
2023-10-19,TATASTEEL,,,125.5,126.5,124.35,126,30941319,3881944628.55
2023-10-20,TATASTEEL,,,125,125.75,122.7,123.1,30746140,3812744831.35
2023-10-23,TATASTEEL,,,123.35,123.4,119.7,120,30699479,3713736345.95
2023-10-25,TATASTEEL,,,121.2,122.8,120.75,121.35,27346103,3330569435.45
2023-10-26,TATASTEEL,,,120.85,120.9,118.9,119.9,36298907,4348929304.25
2023-10-27,TATASTEEL,,,120.5,121.8,119.5,119.9,28424007,3420565260.8
2023-10-30,TATASTEEL,,,121.05,121.25,118.95,119.15,18753217,2238532926.65
2023-10-31,TATASTEEL,,,120,120.15,118.4,118.75,22319950,2656447467.15
2023-11-01,TATASTEEL,,,119,119.1,116,116.6,24717941,2911236884.9
2023-11-02,TATASTEEL,,,114.6,118.55,114.6,118.1,72538804,8465495277.35
2023-11-03,TATASTEEL,,,118.2,118.6,117.1,117.3,31747230,3737515379.95
2023-11-06,TATASTEEL,,,118.5,119.65,117.5,119.4,27883152,3307444876.55
2023-11-07,TATASTEEL,,,119.3,120.2,118.4,119.65,25818033,3088435269.9
2023-11-08,TATASTEEL,,,119.75,120.5,118.55,119.05,22552386,2686143473.1
2023-11-09,TATASTEEL,,,119.2,120.5,118.85,119.65,22979112,2750517129.7
2023-11-10,TATASTEEL,,,119.5,120.45,118.8,120.05,23584510,2825663511.45
2023-11-13,TATASTEEL,,,120.85,121.25,119.9,121,17951775,2167412969.4
2023-11-15,TATASTEEL,,,121.7,124.4,121.5,124.05,38344393,4730975784.75
2023-11-16,TATASTEEL,,,124,125.25,123,124.7,30836413,3838518574.75
2023-11-17,TATASTEEL,,,124.7,125.75,124.3,125.2,23319439,2918581820.75
2023-11-20,TATASTEEL,,,125.05,125.65,124.05,124.35,18780290,2345428249.95
2023-11-21,TATASTEEL,,,125.05,126.4,124.95,126.25,29643312,3733534250.25
2023-11-22,TATASTEEL,,,126.4,126.9,125.5,126.1,19588063,2470314487.15
2023-11-23,TATASTEEL,,,126.35,127.4,125.9,126.7,30736851,3896787469.35
2023-11-24,TATASTEEL,,,126.7,127,125.55,125.95,14719450,1856793943.75
2023-11-28,TATASTEEL,,,127,127,126,126.85,18377843,2324566454.85
2023-11-29,TATASTEEL,,,127.15,128.15,126.7,127.75,23092165,2946445299.55
2023-11-30,TATASTEEL,,,127.8,128.85,126.5,127.9,40165104,5139985066.5
2023-12-01,TATASTEEL,,,128.9,130.3,128.05,130,31192397,4036476816
2023-12-04,TATASTEEL,,,132.2,132.35,130.4,131,41230928,5404051813.1
2023-12-05,TATASTEEL,,,131,132.45,130,131.6,35192149,4623385317.75
2023-12-06,TATASTEEL,,,132.5,133.4,130.8,131.85,40753593,5379558472.95
2023-12-07,TATASTEEL,,,131.7,132.2,129.8,130,34686333,4527001638.35
2023-12-08,TATASTEEL,,,130.15,131.4,127.95,129.2,34393711,4459353470.85
2023-12-11,TATASTEEL,,,129.85,130.5,128.75,130.05,24038059,3120531964.3
2023-12-12,TATASTEEL,,,130.05,132.15,129.7,130.1,30696410,4017198896.85
2023-12-13,TATASTEEL,,,130.55,131.5,129.15,131.4,22767972,2973183996.2
2023-12-14,TATASTEEL,,,132.3,133.25,131.5,132,43372143,5739357415.2
2023-12-15,TATASTEEL,,,133.4,136.75,133,136.45,77377446,10464413045.45
2023-12-18,TATASTEEL,,,136.85,137.6,135.1,136.6,38461877,5258816795.55
2023-12-19,TATASTEEL,,,136.65,137.6,134.8,135.4,27726431,3765416442.2
2023-12-20,TATASTEEL,,,135.9,136.15,128.75,129.75,39495961,5247706866.6
2023-12-21,TATASTEEL,,,128.7,131.45,127.85,131,34914399,4539219050.25
2023-12-22,TATASTEEL,,,132.4,134.75,131.75,133.55,37357334,4984874945.75
2023-12-26,TATASTEEL,,,134.7,136.1,134.45,135.2,25936447,3512475189.45
2023-12-27,TATASTEEL,,,135.85,138.9,135.5,137.2,48101400,6609221199.1
2023-12-28,TATASTEEL,,,138.15,138.75,136.85,138.15,34661176,4779101020.6
2023-12-29,TATASTEEL,,,138.6,141.25,137.15,139.6,49202910,6864963120.6
2024-01-01,TATASTEEL,,,140,140.95,139.05,139.85,21186105,2969470656.95
2024-01-02,TATASTEEL,,,140.5,140.6,137.05,139.6,27764060,3863703836.75
2024-01-03,TATASTEEL,,,139.5,139.6,134.35,135.35,45176618,6164041917.5
2024-01-04,TATASTEEL,,,136,136.35,134,134.25,43913498,5902644745.45
2024-01-05,TATASTEEL,,,135,135.95,132.85,133.65,71330190,9582167218.8
2024-01-08,TATASTEEL,,,135.3,135.95,131.75,132,39559717,5286469683.2
2024-01-09,TATASTEEL,,,133.5,134.8,132.5,133.65,30736868,4113002298.9
2024-01-10,TATASTEEL,,,133.8,134.7,132.1,134.1,27213624,3639089609.3
2024-01-11,TATASTEEL,,,134.85,135.65,134.2,134.9,23113349,3121521575.35
2024-01-12,TATASTEEL,,,135.8,136.25,134.65,135.3,32883921,4458550005.35
2024-01-15,TATASTEEL,,,136,136.25,133.95,134.9,34158775,4604327884.95
2024-01-16,TATASTEEL,,,134.7,138.5,134,137.25,56361287,7698143042.3
2024-01-17,TATASTEEL,,,135.45,135.75,131.4,131.65,58982971,7861046380.15
2024-01-18,TATASTEEL,,,131.65,132.25,128.2,131,45273496,5906640975.6
2024-01-19,TATASTEEL,,,132.6,134.7,131.6,134.25,32653013,4363534601.95
2024-01-20,TATASTEEL,,,134.25,135.2,133.3,133.95,16578179,2225719129.05
2024-01-23,TATASTEEL,,,134.8,135.2,129.3,130.1,35373970,4680431862.5
2024-01-24,TATASTEEL,,,130.2,135.55,130.1,135.15,39340119,5245853350.9
2024-01-25,TATASTEEL,,,136.5,136.5,132,133.75,61358839,8233755323.5
2024-01-29,TATASTEEL,,,134.7,135.4,133.5,135,29745400,4005683022.65
2024-01-30,TATASTEEL,,,135.6,137.7,134.5,134.7,35704185,4861961220.2
2024-01-31,TATASTEEL,,,135,136.7,134.5,135.95,36079354,4900953896.15
2024-02-01,TATASTEEL,,,136.4,136.75,134.5,134.8,31701793,4301505287.6
2024-02-02,TATASTEEL,,,135.3,139.6,134.8,138.7,69296192,9538094505.8
2024-02-05,TATASTEEL,,,140,143.35,139.35,141.55,80737626,11424281407.05
2024-02-06,TATASTEEL,,,143,145.1,140.45,144.65,53192936,7608022638.7
2024-02-07,TATASTEEL,,,146.85,147.4,144.05,144.4,61517064,8957448815.35
2024-02-08,TATASTEEL,,,145.3,145.65,143.05,143.65,38997666,5624977247.2
2024-02-09,TATASTEEL,,,144.2,144.45,139.15,141.3,35961925,5078064740.8
2024-02-12,TATASTEEL,,,142,142.95,136.65,137.4,36477544,5076268769.2
2024-02-13,TATASTEEL,,,137.75,138.25,134.1,137.85,39155909,5362327557.6
2024-02-14,TATASTEEL,,,137,141.5,135.75,141.2,29141690,4045831003.05
2024-02-15,TATASTEEL,,,141.5,143.45,141,141.2,31587387,4487016479.1
2024-02-16,TATASTEEL,,,142.05,143.45,141.5,142.3,22316127,3184104399.85
2024-02-19,TATASTEEL,,,142.95,143.35,141.35,141.95,16973568,2414947922.85
2024-02-20,TATASTEEL,,,141.95,142.25,140.05,141.05,24291123,3421558010.6
2024-02-21,TATASTEEL,,,141.55,146.2,141.45,143.9,88000833,12728088397.95
2024-02-22,TATASTEEL,,,145,146.15,143.5,145.9,46728176,6778128561.45
2024-02-23,TATASTEEL,,,146.4,147.1,145,145.45,28414697,4154798679.2
2024-02-26,TATASTEEL,,,145.85,145.95,142.25,142.65,22570277,3242862425.45
2024-02-27,TATASTEEL,,,142.65,144.5,142,144.2,24119469,3459828038.65
2024-02-28,TATASTEEL,,,144.05,144.95,140.05,140.75,20721926,2946618968.4
2024-02-29,TATASTEEL,,,140.8,141.85,139.4,140.85,32248156,4540048126.75
2024-03-01,TATASTEEL,,,143,150.65,143,149.95,123709943,18288283973.95
2024-03-04,TATASTEEL,,,154.9,154.9,151.05,153.1,67577785,10340752738.5
2024-03-05,TATASTEEL,,,153.2,154,150.75,151.85,37165490,5664192406.9
2024-03-06,TATASTEEL,,,151.8,152.65,147.9,151.6,51782444,7761123617.7
2024-03-07,TATASTEEL,,,152.4,159.15,152.25,157.25,124847699,19539009874.65
2024-03-11,TATASTEEL,,,158.9,158.9,153,153.45,54155385,8354583831.05
2024-03-12,TATASTEEL,,,154.2,154.55,150.9,152.5,34947937,5328122657.4
2024-03-13,TATASTEEL,,,152.8,152.9,142.5,143.65,70937597,10379400488.5
2024-03-14,TATASTEEL,,,143.6,143.95,138.35,142.45,91956952,13001414682.75
2024-03-15,TATASTEEL,,,142.9,143.7,139.85,141.7,68482621,9707707220.45
2024-03-18,TATASTEEL,,,142.55,150.25,142.2,149.7,166913078,24613925688.7
2024-03-19,TATASTEEL,,,149,152.45,147.6,148.75,105004268,15716192714.6
2024-03-20,TATASTEEL,,,149.6,150.65,143.85,145.65,77550319,11341230039.55
2024-03-21,TATASTEEL,,,148,151.2,147.8,150.1,84225737,12641413031.4
2024-03-22,TATASTEEL,,,149,152.75,148.35,151.8,68241556,10325386812.25
2024-03-26,TATASTEEL,,,151.15,153.4,150.5,152.4,52965508,8052925286.5
2024-03-27,TATASTEEL,,,152.45,154.1,152,152.7,35328794,5406735730.8
2024-03-28,TATASTEEL,,,152.7,157,152.7,155.85,62575327,9710120664.75
2024-04-01,TATASTEEL,,,156.8,163.9,156.5,163.15,84583929,13652541333.45
2024-04-02,TATASTEEL,,,162.95,165.5,161.8,164.65,69533405,11394381243
2024-04-03,TATASTEEL,,,164.65,166.25,163.1,163.65,50938559,8391959653.7
2024-04-04,TATASTEEL,,,165.55,165.95,161,163.4,61094750,9976016855.6
2024-04-05,TATASTEEL,,,163.9,164.15,160.8,163.35,44668121,7256080475.65
2024-04-08,TATASTEEL,,,166.95,166.95,164.2,165.2,48255703,7979491102
2024-04-09,TATASTEEL,,,166,169.8,165.2,166,63884687,10704298236.3
2024-04-10,TATASTEEL,,,167.3,169.2,164.5,165.05,64134758,10690358754
2024-04-12,TATASTEEL,,,166,166,163,163.5,55317636,9090422774.55
2024-04-15,TATASTEEL,,,161.8,164.7,158.6,160.85,66426404,10731469727.25
2024-04-16,TATASTEEL,,,160.85,162.45,159,160.05,41391261,6655779993.65
2024-04-18,TATASTEEL,,,160.9,164,159.15,160.05,68093672,11028307685.7
2024-04-19,TATASTEEL,,,160,162.5,157.3,162.1,60078229,9640777692.75
2024-04-22,TATASTEEL,,,163.8,164.7,161.5,161.85,39304790,6394260034.35
2024-04-23,TATASTEEL,,,163.5,163.5,160.8,161.15,30295177,4907204050.1
2024-04-24,TATASTEEL,,,162.45,166.9,161.45,165.55,59894921,9875869663.5
2024-04-25,TATASTEEL,,,165.4,168,164.15,167.7,50128523,8328769807.6
2024-04-26,TATASTEEL,,,168,170.7,165.25,165.8,65355111,10959587744.55
2024-04-29,TATASTEEL,,,168.2,169.6,166.9,167.4,44906151,7542947752.55
2024-04-30,TATASTEEL,,,168.4,168.4,164.5,165,55043389,9133838759.1
2024-05-02,TATASTEEL,,,165,168.9,165,167.35,69320283,11613435326.65
2024-05-03,TATASTEEL,,,168.95,170.75,165.15,166.5,62573586,10520400677.3
2024-05-06,TATASTEEL,,,167.95,168.65,164.7,167.6,37621296,6289201845.55
2024-05-07,TATASTEEL,,,167.95,167.95,162.3,164.25,43611824,7185654180
2024-05-08,TATASTEEL,,,164.2,167.1,163.5,166.05,30128705,4997867651.85
2024-05-09,TATASTEEL,,,165.95,166.7,161.5,161.9,30223088,4958123948.3
2024-05-10,TATASTEEL,,,163.2,164.35,161.85,162.25,31472419,5129334327.7
2024-05-13,TATASTEEL,,,162.45,164.5,158.05,163.85,36561003,5911680494.35
2024-05-14,TATASTEEL,,,164.1,166.55,163.5,164.95,46261468,7640742993.35
2024-05-15,TATASTEEL,,,164.95,167.55,164.95,165.6,29601304,4917756615.05
2024-05-16,TATASTEEL,,,167.25,168,162.3,165.9,41126570,6789914756.65
2024-05-17,TATASTEEL,,,166.6,168.45,165.45,167.35,39181277,6551640449.55
2024-05-21,TATASTEEL,,,168.5,175.2,167.95,174.35,84833644,14658480689.45
2024-05-22,TATASTEEL,,,175.45,175.5,171.5,173.3,42919832,7429555143.25
2024-05-23,TATASTEEL,,,173.05,175.8,170.5,175.5,49377680,8560407772.75
2024-05-24,TATASTEEL,,,174.95,177.55,174.15,174.85,38674485,6812356745.8
2024-05-27,TATASTEEL,,,177.7,177.7,174.85,175.5,30410585,5358926345.45
2024-05-28,TATASTEEL,,,175.9,177.5,173.45,174.9,39208456,6885522861
2024-05-29,TATASTEEL,,,174.75,176,173.5,174.25,36575550,6383286199.7
2024-05-30,TATASTEEL,,,172,172,163.35,164.15,108813875,18158403070.95
2024-05-31,TATASTEEL,,,166.05,167.95,164,167.2,83713848,13919326623.35
2024-06-03,TATASTEEL,,,173.25,175,168.85,174.25,86397540,14898311518.85
2024-06-04,TATASTEEL,,,174.5,174.65,148.15,158.95,125042158,20098994147.15
2024-06-05,TATASTEEL,,,162.15,169.6,159,169.2,60098501,9878009016.65
2024-06-06,TATASTEEL,,,170,174.7,169.4,172.05,57920819,9981849630.15
2024-06-07,TATASTEEL,,,172,179.65,170.8,178.9,84319867,14936104189.4
2024-06-10,TATASTEEL,,,180.21,182.1,177.36,180.29,74286848,13401077404.61
2024-06-11,TATASTEEL,,,180.5,183.75,180.5,181.33,55555544,10114635970.89
2024-06-12,TATASTEEL,,,182.25,183.87,181.5,182.23,33304643,6093095872.19
2024-06-13,TATASTEEL,,,183.4,184.1,180.51,182.56,36669164,6682115954.32
2024-06-14,TATASTEEL,,,182.95,183.5,181.4,183.15,28509237,5205931798.41
2024-06-18,TATASTEEL,,,183.8,184.6,180.6,181.12,35032118,6379881671.57
2024-06-19,TATASTEEL,,,182.45,182.49,179.31,180.02,27476795,4963157445.21
2024-06-20,TATASTEEL,,,181.6,182.95,179.37,182.28,38837494,7064844872.79
2024-06-21,TATASTEEL,,,179.4,180.9,178.18,179.94,65494855,11773631523.51
2024-06-24,TATASTEEL,,,177.44,178.95,175.1,177.96,47597307,8437045247.9
2024-06-25,TATASTEEL,,,177.99,179,175.25,175.68,30599989,5404151626.85
2024-06-26,TATASTEEL,,,175.68,176,171.84,172.56,44006436,7607181995.48
2024-06-27,TATASTEEL,,,172.56,174.95,171.8,174.16,49767976,8630291052.14
2024-06-28,TATASTEEL,,,174.17,177.1,173.57,174.01,37521949,6577242858.11
2024-07-01,TATASTEEL,,,174.5,175.99,173.51,174.07,27807688,4855862130.02
2024-07-02,TATASTEEL,,,174.47,175.75,173.6,174.54,33359495,5822581444.09
2024-07-03,TATASTEEL,,,174.54,176.88,174.4,176.37,29090492,5107040274.06
2024-07-04,TATASTEEL,,,177,178.19,175.82,176.29,29504744,5217839029.17
2024-07-05,TATASTEEL,,,176.2,176.2,173.4,174.71,38123217,6658321110.79
2024-07-08,TATASTEEL,,,174.6,175.47,172.09,172.28,31479861,5457079671.28
2024-07-09,TATASTEEL,,,173.6,173.7,171.51,171.8,25127904,4329905477.88
2024-07-10,TATASTEEL,,,172.5,172.89,167.02,167.98,41525591,7007841961.34
2024-07-11,TATASTEEL,,,170,170.95,168.67,168.92,33987236,5761712816.45
2024-07-12,TATASTEEL,,,170.2,170.39,168.01,168.69,33311402,5628797434.72
2024-07-15,TATASTEEL,,,168.69,168.99,165.8,166.76,32635187,5450597682.05
2024-07-16,TATASTEEL,,,167.8,169.82,166.7,167.07,26506026,4457105771.25
2024-07-18,TATASTEEL,,,167.61,167.61,164.44,166.36,36568852,6055894401.51
2024-07-19,TATASTEEL,,,166,166.09,157.2,157.77,77987514,12467382132.43
2024-07-22,TATASTEEL,,,158.4,160.7,156.41,160.32,40353690,6439780658.54
2024-07-23,TATASTEEL,,,161.6,161.97,155,160.02,37077411,5900678615.09
2024-07-24,TATASTEEL,,,160.02,162.02,159.19,160.31,28086566,4517254761.79
2024-07-25,TATASTEEL,,,158.5,158.5,156.9,157.39,45155876,7112129022.84
2024-07-26,TATASTEEL,,,158.75,162.95,158.21,162.55,45642032,7388688304.32
2024-07-29,TATASTEEL,,,164.7,164.7,162.33,162.87,31754833,5186346203.02
2024-07-30,TATASTEEL,,,162.9,165.3,161.31,164.07,42824600,6998937220.51
2024-07-31,TATASTEEL,,,166.29,166.5,163.55,165.33,52769925,8695459962.33
2024-08-01,TATASTEEL,,,168.2,168.95,160.9,163.06,118341338,19412642515.8
2024-08-02,TATASTEEL,,,161,161.19,154.72,158.22,72427529,11464627804.85
2024-08-05,TATASTEEL,,,153.66,154,149,149.82,102883971,15554900022.6
2024-08-06,TATASTEEL,,,151.21,153.8,149.61,150.32,53507102,8107188228.99
2024-08-07,TATASTEEL,,,153.7,154.3,151.9,153.86,32029697,4902170111.94
2024-08-08,TATASTEEL,,,153.4,153.44,150,150.28,51858615,7847312494.99
2024-08-09,TATASTEEL,,,153,153,151.25,151.81,23290101,3541492860
2024-08-12,TATASTEEL,,,151,153.4,149.88,152.06,30550334,4647383059.79
2024-08-13,TATASTEEL,,,152.1,152.95,148.5,148.88,29396493,4421844562.26
2024-08-14,TATASTEEL,,,149.9,149.9,142.35,146.17,97911180,14243851337.9
2024-08-16,TATASTEEL,,,148,150,146.46,149.52,54131721,8000249513.64
2024-08-19,TATASTEEL,,,150.85,154.3,150.39,153.96,62889770,9575347355.95
2024-08-20,TATASTEEL,,,155.7,155.7,152.8,153.93,37559016,5764044551.48
2024-08-21,TATASTEEL,,,153,154.18,151.77,151.92,49749381,7583311060.6
2024-08-22,TATASTEEL,,,152.51,154.35,152.51,154.14,36719176,5642770858.27
2024-08-23,TATASTEEL,,,154,154.39,152.55,154.2,31490857,4841154185.73
2024-08-26,TATASTEEL,,,154.61,156.4,153.7,155.7,32497603,5038136287.29
2024-08-27,TATASTEEL,,,155.8,156.5,154.6,154.7,24523684,3807846590.08
2024-08-28,TATASTEEL,,,154.7,155,153.05,153.7,25195197,3876960988.41
2024-08-29,TATASTEEL,,,153.21,153.56,151.2,152.97,44452983,6785477200.23
2024-08-30,TATASTEEL,,,153,155.25,152.47,152.76,55134023,8465202363.9
2024-09-02,TATASTEEL,,,153.9,153.9,152.14,152.88,19200143,2936209047.13
2024-09-03,TATASTEEL,,,152.84,153.45,152.01,152.15,19780066,3014827041.84
2024-09-04,TATASTEEL,,,149.5,152.18,149.16,151.18,39613696,5976722246.84
2024-09-05,TATASTEEL,,,151,152.79,151,151.72,28347324,4306027852.48
2024-09-06,TATASTEEL,,,151.94,152.9,149.65,151.22,30709532,4640728389.77
2024-09-09,TATASTEEL,,,150.9,150.9,148.05,149.47,32624586,4873687014.29
2024-09-10,TATASTEEL,,,150.5,151.59,148.81,149.42,41607844,6238134738.95
2024-09-11,TATASTEEL,,,149.9,150.2,147.62,148.17,24633287,3667899119.21
2024-09-12,TATASTEEL,,,152,152.44,148.75,151.74,73191476,11029500349.23
2024-09-13,TATASTEEL,,,152.78,155.4,152.5,153.49,54894255,8452936106.91
2024-09-16,TATASTEEL,,,155,155.66,153.5,154.21,32575460,5030530504.26
2024-09-17,TATASTEEL,,,154,154.24,152.27,152.82,18275113,2797251834.59
2024-09-18,TATASTEEL,,,152.4,152.98,149.61,150.6,24856345,3754898081.08
2024-09-19,TATASTEEL,,,151.89,152.19,147.79,149.54,36913781,5521818580.4
2024-09-20,TATASTEEL,,,151,153.34,150.65,152.02,53873369,8196175102.12
2024-09-23,TATASTEEL,,,154.38,154.39,152.8,153.99,33281905,5111194267.46
2024-09-24,TATASTEEL,,,155.15,161.5,154.85,160.53,137414352,21864032282.12
2024-09-25,TATASTEEL,,,161.5,162.69,159.52,161.66,58044967,9356242523.27
2024-09-26,TATASTEEL,,,162,165.9,160.48,165.61,88661662,14542131498.26
2024-09-27,TATASTEEL,,,167,169.01,165.89,166.55,72795668,12168793625.37
2024-09-30,TATASTEEL,,,167.5,170.18,167.26,168.55,92381529,15614600724.62
2024-10-01,TATASTEEL,,,169.49,169.49,165.1,167.03,50761579,8483829166.82
2024-10-03,TATASTEEL,,,165.5,169.99,164.52,166.98,75959797,12754992195.57
2024-10-04,TATASTEEL,,,167,169.1,164,166.75,53880875,8996465098.83
2024-10-07,TATASTEEL,,,167.1,167.95,162.33,164.36,48775098,8044365273.28
2024-10-08,TATASTEEL,,,163,163.59,156.7,159.52,74956764,11923016296.84
2024-10-09,TATASTEEL,,,159.52,162.2,158.11,159.06,42766218,6856906324.55
2024-10-10,TATASTEEL,,,158.3,161.18,156.6,159.72,46507936,7433063758.17
2024-10-11,TATASTEEL,,,159.3,163.78,159.2,160.66,53263433,8604175534.7
2024-10-14,TATASTEEL,,,161.88,163.38,158.04,158.32,35566857,5679804268.1
2024-10-15,TATASTEEL,,,159.5,159.53,155.05,155.63,38964393,6083846366.99
2024-10-16,TATASTEEL,,,155.19,156.55,154.02,155.24,28518262,4430322683.94
2024-10-17,TATASTEEL,,,155.65,156.3,152.1,152.4,28404223,4363740733.71
2024-10-18,TATASTEEL,,,152.4,156.2,151.1,155.39,34750795,5362210491.59
2024-10-21,TATASTEEL,,,156.1,157.93,154.59,155.03,25799090,4010016405.81
2024-10-22,TATASTEEL,,,154.9,154.9,150.1,150.39,39079846,5935426865.61
2024-10-23,TATASTEEL,,,150.3,151.95,148.05,148.78,42107893,6309547439.99
2024-10-24,TATASTEEL,,,149.49,149.83,148.01,148.98,22115070,3293453859.18
2024-10-25,TATASTEEL,,,149,149.5,144.43,145.86,39730802,5796263940.69
2024-10-28,TATASTEEL,,,146,149.73,144.73,149.38,28386897,4204485399.5
2024-10-29,TATASTEEL,,,149.85,150.45,146.55,150.06,32258407,4782062026.21
2024-10-30,TATASTEEL,,,148.1,150.95,148.1,148.97,21362130,3196926857.03
2024-10-31,TATASTEEL,,,149.08,149.95,148.2,148.56,26383702,3927661607.97
2024-11-04,TATASTEEL,,,150,150,145.1,146.95,25571021,3755435352.87
2024-11-05,TATASTEEL,,,147,152.55,146.95,152.29,42772283,6445142415.2
2024-11-06,TATASTEEL,,,154,154.95,149.59,153.62,48928986,7423963642.1
2024-11-07,TATASTEEL,,,156.11,156.92,150.2,150.95,88254789,13545412839.66
2024-11-08,TATASTEEL,,,152,152,146.94,147.57,61980989,9247404903.34
2024-11-11,TATASTEEL,,,147.57,147.69,144.1,145.01,47497863,6914506463.5
2024-11-12,TATASTEEL,,,145.65,147.13,143.6,144.17,28861672,4199799655.07
2024-11-13,TATASTEEL,,,143.6,143.6,138.6,139.17,57609083,8066778657.17
2024-11-14,TATASTEEL,,,139.71,140.73,137.5,137.98,36345184,5042969174.22
2024-11-18,TATASTEEL,,,139.49,143.25,138,141.21,40233848,5665274322.36
2024-11-19,TATASTEEL,,,142,142.49,139.06,139.46,37611903,5298700773.9
2024-11-21,TATASTEEL,,,139.5,141.6,137.25,140.22,58398744,8162840711.77
2024-11-22,TATASTEEL,,,140.15,143.19,139.65,142.78,43710169,6188014583.09
2024-11-25,TATASTEEL,,,144.94,146.15,142.84,143.67,53883890,7778849397.59
2024-11-26,TATASTEEL,,,144.22,145.8,143.58,144.47,25608469,3709654966.85
2024-11-27,TATASTEEL,,,144.31,144.9,142.9,144.53,24895631,3583450837.82
2024-11-28,TATASTEEL,,,144,145.25,143.09,143.39,30947861,4460528750.48
2024-11-29,TATASTEEL,,,143.9,145.49,143.05,144.54,29742979,4297099540.79
2024-12-02,TATASTEEL,,,144.11,146.83,143.14,146.41,23840351,3463651919.14
2024-12-03,TATASTEEL,,,146.75,148.2,146.34,146.54,35527228,5218028534.67
2024-12-04,TATASTEEL,,,147,147.05,144,145.85,38537808,5604463660.25
2024-12-05,TATASTEEL,,,146.5,147.88,144.8,147.07,36328245,5321183497.69
2024-12-06,TATASTEEL,,,147.5,148.68,146.6,148.29,30604899,4515576192.18
2024-12-09,TATASTEEL,,,148.29,150.67,146.63,149.88,39059139,5809031759.51
2024-12-10,TATASTEEL,,,150.19,152.5,149.31,150.32,36278104,5475408272.35
2024-12-11,TATASTEEL,,,150.59,152.11,150.06,150.6,20499709,3100314497.16
2024-12-12,TATASTEEL,,,150.87,151.63,148.7,150.78,25761723,3870004937.04
2024-12-13,TATASTEEL,,,150,150.05,145.55,148.95,39701388,5853797485.13
2024-12-16,TATASTEEL,,,148.94,149.8,147.1,147.79,22634773,3350662277.23
2024-12-17,TATASTEEL,,,147.79,148.5,145.33,145.68,27110781,3982433031.75
2024-12-18,TATASTEEL,,,146,146.9,143.3,144.46,19850229,2871362747.44
2024-12-19,TATASTEEL,,,141.55,143.8,141.1,143.26,27104579,3858497950.48
2024-12-20,TATASTEEL,,,142.89,144.4,140,140.68,46503449,6614264006.51
2024-12-23,TATASTEEL,,,142.45,143.8,140.61,141.71,27514178,3917066565.54
2024-12-24,TATASTEEL,,,141.2,141.5,139.25,140.38,25882917,3631184790.95
2024-12-26,TATASTEEL,,,140.95,141.15,139.51,140.36,23939932,3357275738.9
2024-12-27,TATASTEEL,,,140.7,141.75,138.61,138.91,19562177,2737725744.49
2024-12-30,TATASTEEL,,,138.91,139.25,136.09,136.88,32555723,4484971555.03
2024-12-31,TATASTEEL,,,136.87,138.68,136.56,138.05,20080291,2763636940.24
2025-01-01,TATASTEEL,,,138.1,138.45,136.58,136.74,18169498,2490238878.67
2025-01-02,TATASTEEL,,,137,138.45,136.4,138.18,23388424,3214429963.27
2025-01-03,TATASTEEL,,,138.18,139.73,137.84,138.36,23351832,3238624775.28
2025-01-06,TATASTEEL,,,138.36,138.39,131.35,132.18,44620509,5954073554.56
2025-01-07,TATASTEEL,,,132.78,133.88,132.01,133.38,24239451,3224973077.16
2025-01-08,TATASTEEL,,,133.93,134.24,131.77,132.64,31570331,4187651105.64
2025-01-09,TATASTEEL,,,132,132.4,129.7,129.93,31903107,4164281728.67
2025-01-10,TATASTEEL,,,129.93,130.39,126.7,127.43,34855510,4462316144.21
2025-01-13,TATASTEEL,,,126,126.5,122.62,122.93,38968332,4848785035.5
2025-01-14,TATASTEEL,,,122.94,127.64,122.94,126.93,36877365,4651465899.79
2025-01-15,TATASTEEL,,,128,128.31,125.78,126.53,18773125,2384173457.53
2025-01-16,TATASTEEL,,,128,128.47,126.56,127.81,22164393,2826849469.18
2025-01-17,TATASTEEL,,,127.9,131.16,127.64,130.28,27421959,3553781052.65
2025-01-20,TATASTEEL,,,130.99,132.1,128.91,131.66,20571916,2686464953.32
2025-01-21,TATASTEEL,,,132.06,132.4,129.25,129.7,32238213,4213367366.39
2025-01-22,TATASTEEL,,,130.25,130.35,127.12,128.92,27505569,3533007239.3
2025-01-23,TATASTEEL,,,127.85,130.75,127.7,130.37,20722538,2694072514.27
2025-01-24,TATASTEEL,,,130.5,133.2,129.31,129.74,37092106,4859603275.51
2025-01-27,TATASTEEL,,,129.02,129.45,125.74,126.37,24650571,3153638220.92
2025-01-28,TATASTEEL,,,126.37,130.49,124.74,128.62,40373804,5184826348.23
2025-01-29,TATASTEEL,,,129,131.34,128.55,130.8,16674706,2175873479.85
2025-01-30,TATASTEEL,,,130.8,132.15,130.1,131.12,25256096,3316053251.18
2025-01-31,TATASTEEL,,,131.12,135,129.93,134.62,26689228,3566338275.87
2025-02-01,TATASTEEL,,,135,135.5,130.25,132.97,21173846,2821702724.62
2025-02-03,TATASTEEL,,,131.29,132.51,127.81,131.82,27765357,3610121727.84
2025-02-04,TATASTEEL,,,132.8,134.34,131.87,133.42,25032519,3331380045.26
2025-02-05,TATASTEEL,,,133.15,135.39,133.08,134.4,16958362,2282813794.56
2025-02-06,TATASTEEL,,,134.5,134.87,132.02,132.54,22408168,2973956819.77
2025-02-07,TATASTEEL,,,133.3,138.75,132.56,138.31,52950146,7241665875.06
2025-02-10,TATASTEEL,,,138.1,138.1,133,134.04,26120805,3503387611.66
2025-02-11,TATASTEEL,,,133,134.34,129.7,130.11,23635428,3113046800.7
2025-02-12,TATASTEEL,,,129.35,133.29,128.31,132.28,37927696,4965112642.36
2025-02-13,TATASTEEL,,,132.28,137.69,131.86,136.25,52036196,7080756827.59
2025-02-14,TATASTEEL,,,136.25,139.25,133.33,134.47,41469242,5619570218.29
2025-02-17,TATASTEEL,,,132.91,134.8,130.73,134.29,21189637,2824189592.79
2025-02-18,TATASTEEL,,,134.29,134.9,131.75,134.54,23957576,3193739383.77
2025-02-19,TATASTEEL,,,134.5,136.88,133.03,135.76,18447487,2506399510.52
2025-02-20,TATASTEEL,,,135.27,138.36,135,138.04,24139808,3312552015.27
2025-02-21,TATASTEEL,,,137.91,141.6,137.15,140.76,41987785,5886250057.98
2025-02-24,TATASTEEL,,,138.81,140.66,136.66,137.65,25193205,3498235797.8
2025-02-25,TATASTEEL,,,138.49,139.35,136.7,137.07,23575603,3243071564.86
2025-02-27,TATASTEEL,,,137.21,138.99,135.88,138.69,30747044,4219634170.42
2025-02-28,TATASTEEL,,,137.8,137.8,134.06,137.2,45540594,6203916419.27
2025-03-03,TATASTEEL,,,137,139.05,134.31,138.57,31154401,4268841100.55
2025-03-04,TATASTEEL,,,136.15,140.94,135.81,139.34,28634645,3983876585.13
2025-03-05,TATASTEEL,,,139,146.49,139,146.1,62109377,8946872004.34
2025-03-06,TATASTEEL,,,146.79,152.2,146.2,150.44,79121467,11849800824.69
2025-03-07,TATASTEEL,,,149.74,152.45,149.27,151.56,81821791,12401572015.3
2025-03-10,TATASTEEL,,,151.56,154.24,150.41,151.05,54450331,8290275937.58
2025-03-11,TATASTEEL,,,148.1,151.7,148,150.75,35916900,5407720556.67
2025-03-12,TATASTEEL,,,151,152.28,147.7,150.3,26377549,3950005335.92
2025-03-13,TATASTEEL,,,152,153.56,150.02,150.88,48286431,7314085180.5
2025-03-17,TATASTEEL,,,151.99,152.64,150.9,151.81,35879781,5444435545.07
2025-03-18,TATASTEEL,,,153,154.83,152.22,154.66,38125586,5859164416.95
2025-03-19,TATASTEEL,,,156.8,159.2,156.5,158.6,66161413,10460845185.47
2025-03-20,TATASTEEL,,,160,160.1,156.65,159.04,39889517,6328046698.67
2025-03-21,TATASTEEL,,,159.03,159.75,156.82,157.28,49184821,7769239117.59
2025-03-24,TATASTEEL,,,158,159,157.11,158.42,30905773,4895984860.52
2025-03-25,TATASTEEL,,,159,159,156.05,156.73,28467187,4475745077.22
2025-03-26,TATASTEEL,,,156.2,157.54,155.01,155.81,23182869,3626732598.78
2025-03-27,TATASTEEL,,,154.8,156.1,154.2,155.42,25909068,4028014189.92
2025-03-28,TATASTEEL,,,155.38,156.91,153.37,154.24,24589315,3798935508.26
2025-04-01,TATASTEEL,,,152.07,155.34,152.07,153.12,29142122,4470769084.97
2025-04-02,TATASTEEL,,,154,156.25,152.27,154.69,24977582,3855206531.03
2025-04-03,TATASTEEL,,,153,155.97,152.6,153.62,15117526,2334771453.89
2025-04-04,TATASTEEL,,,152.62,152.99,140,140.39,80846143,11589598417.4
2025-04-07,TATASTEEL,,,128,130.35,125.33,129.48,121806340,15544431644.89
2025-04-08,TATASTEEL,,,134.89,136.2,128.02,130.28,68999181,9043262229.44
2025-04-09,TATASTEEL,,,130,130,125.3,127.18,73399980,9326218503.85
2025-04-11,TATASTEEL,,,134.67,134.7,130.49,133.42,73706472,9803073537.58
2025-04-15,TATASTEEL,,,135.6,137,134.84,136.41,38967608,5298486163.86
2025-04-16,TATASTEEL,,,136.41,137.6,134.62,136.97,42684087,5799167230.47
2025-04-17,TATASTEEL,,,134.4,137.96,133.7,137.14,62282856,8470143514.15
2025-04-21,TATASTEEL,,,137.65,140.3,137.05,139.18,26503486,3686212972.38
2025-04-22,TATASTEEL,,,142,142.84,137.7,138.16,58429662,8165164937.32
2025-04-23,TATASTEEL,,,139.39,141.5,137.32,141.16,37851304,5283498279.14
2025-04-24,TATASTEEL,,,140.7,141.88,140.28,141.52,23061444,3260000657.11
2025-04-25,TATASTEEL,,,142,143.45,138.02,138.85,37764696,5285618336.86
2025-04-28,TATASTEEL,,,138.54,142.6,138.38,142.07,26971589,3809614109.69
2025-04-29,TATASTEEL,,,142.07,143.3,140.92,141.5,25758449,3655994014.18
2025-04-30,TATASTEEL,,,141.45,141.56,138,140.08,29205042,4107241617.98
2025-05-02,TATASTEEL,,,140,143.1,139.45,141.18,34852288,4932373274.49
2025-05-05,TATASTEEL,,,141.57,142.7,141.2,142.08,17213477,2445679467.61
2025-05-06,TATASTEEL,,,142.08,145.4,141.54,144.44,42658262,6142362668.1
2025-05-07,TATASTEEL,,,142.2,146.95,142.2,146,34674594,5031739767.38
2025-05-08,TATASTEEL,,,146,146.66,142.85,143.67,29687927,4282262715.18
2025-05-09,TATASTEEL,,,140.99,143.27,140.51,142.78,21875453,3111085069.45
2025-05-12,TATASTEEL,,,145.61,151.95,144.5,151.63,47087413,7053342672.26
2025-05-13,TATASTEEL,,,152,152.99,149.01,149.43,54389876,8176431830.42
2025-05-14,TATASTEEL,,,151,157.15,151,155.31,60002060,9330007517.78
2025-05-15,TATASTEEL,,,155.5,157.84,154.3,157.35,57066105,8947211738.95
2025-05-16,TATASTEEL,,,157.35,158.15,157,157.55,22884754,3604983002.25
2025-05-19,TATASTEEL,,,158,158.14,156.13,157.57,21839582,3432107324.54
2025-05-20,TATASTEEL,,,158.35,162.1,158,158.69,58061639,9282578000.22
2025-05-21,TATASTEEL,,,159.45,161.85,158.53,161.64,36044599,5793634967.3
2025-05-22,TATASTEEL,,,160.98,163.6,160.36,161.29,60715453,9837642663.43
2025-05-23,TATASTEEL,,,161.6,163.53,161.5,162.97,29483665,4794611681.16
2025-05-26,TATASTEEL,,,163.1,165.55,162.05,162.51,25581584,4178534087.15
2025-05-27,TATASTEEL,,,162.51,163.9,160.62,161.66,23296776,3775535758.64
2025-05-28,TATASTEEL,,,162.4,162.69,160.65,161.24,13044476,2104098511.17
2025-05-29,TATASTEEL,,,162.19,163.95,161.5,163.12,26455081,4308711010.73
2025-05-30,TATASTEEL,,,163.11,163.89,160.51,161.02,32739340,5280769846.88
2025-06-02,TATASTEEL,,,159,160.12,157.3,159.04,31365564,4983082554.34
2025-06-03,TATASTEEL,,,159.04,160.65,157.17,157.35,28398746,4497179711.39
2025-06-04,TATASTEEL,,,157.5,158.98,156.81,158.18,16660138,2632549264.24
2025-06-05,TATASTEEL,,,158.86,159.09,157.05,157.97,23708504,3744325538.1
2025-06-06,TATASTEEL,,,155.7,157.88,154.25,157.49,25804151,4035214926.14
2025-06-09,TATASTEEL,,,157.69,158.2,156.82,157.32,15315437,2412461355.7
2025-06-10,TATASTEEL,,,158,159.3,155.5,155.68,22764080,3570961629.98
2025-06-11,TATASTEEL,,,156.45,157.53,155.31,156.41,17605668,2755981215.78
2025-06-12,TATASTEEL,,,156,156.26,151.85,152.89,27846151,4273315865
2025-06-13,TATASTEEL,,,149.8,152.5,149.8,152.13,24277592,3683271732.64
2025-06-16,TATASTEEL,,,152.01,154.5,150.84,154.17,16188193,2480318213.73
2025-06-17,TATASTEEL,,,153.81,154.89,152.35,152.6,16740382,2568277833.38
2025-06-18,TATASTEEL,,,152.2,153.2,150.8,152.11,14860746,2258749524.45
2025-06-19,TATASTEEL,,,152,152.45,150.5,151,20145922,3045343206.89
2025-06-20,TATASTEEL,,,150.75,153.17,150.63,151.97,29944714,4551925313.29
2025-06-23,TATASTEEL,,,150.5,153.3,150.48,152.43,17096676,2596169014.17
2025-06-24,TATASTEEL,,,153.8,156.97,153.64,154.79,25403324,3944949688.49
2025-06-25,TATASTEEL,,,155.9,156.9,155.51,156.39,18240433,2849980442.59
2025-06-26,TATASTEEL,,,156.87,161.1,156.45,160.54,40650557,6459190605.7
2025-06-27,TATASTEEL,,,161,163.3,160.7,161.45,31989509,5188045925.09
2025-06-30,TATASTEEL,,,160.99,162.2,159.5,159.76,15842285,2544527360.88
2025-07-01,TATASTEEL,,,160.01,160.44,157.73,160.06,17823415,2839198867
2025-07-02,TATASTEEL,,,160.06,166.15,159.83,165.88,63315210,10394530770.33
2025-07-03,TATASTEEL,,,166,168.78,165.21,165.91,60571824,10113675423.24
2025-07-04,TATASTEEL,,,165.91,166.49,162,163.01,22938753,3747536836.05
2025-07-07,TATASTEEL,,,163,163.35,160.05,162.4,17469909,2838287843.46
2025-07-08,TATASTEEL,,,162.45,162.9,161.6,161.97,11398248,1846807797.96
2025-07-09,TATASTEEL,,,161.95,161.95,157.51,159,29839077,4749012087.28
2025-07-10,TATASTEEL,,,160,161.55,159.28,160.66,17566887,2818400050.43
2025-07-11,TATASTEEL,,,160.64,161.62,159.32,159.84,20689511,3312758884.8
2025-07-14,TATASTEEL,,,159.84,161.12,159.3,160.44,15152964,2427912916.42
2025-07-15,TATASTEEL,,,160.26,160.85,157.95,159,17993051,2862995009.5
2025-07-16,TATASTEEL,,,159,159.27,157,157.33,14591157,2297916076.7
2025-07-17,TATASTEEL,,,157.5,160.7,157.12,159.9,21733241,3456871121.62
2025-07-18,TATASTEEL,,,160.1,162.75,160.1,162.37,30728478,4970871355.15
2025-07-21,TATASTEEL,,,162.5,165.6,162.49,163.02,29812899,4879117483.09
2025-07-22,TATASTEEL,,,163.3,164.41,162.73,163.04,13615524,2227299724.19
2025-07-23,TATASTEEL,,,163.25,164.14,161.88,162.77,14287149,2329066721.33
2025-07-24,TATASTEEL,,,163,164.75,162.81,163.48,14377270,2353490655.47
2025-07-25,TATASTEEL,,,163.5,163.59,161.05,161.43,12443495,2013177001.53
2025-07-28,TATASTEEL,,,161.23,162.29,159.09,159.68,19296285,3097228521.77
2025-07-29,TATASTEEL,,,158.2,162.45,158.2,161.69,15262937,2453935250.07
2025-07-30,TATASTEEL,,,161.69,162.79,161.05,161.36,16083106,2601244577.73
2025-07-31,TATASTEEL,,,161,162.13,156.56,157.94,26213891,4198175446.12
2025-08-01,TATASTEEL,,,157.93,157.93,152.51,153.01,23927359,3690581798.45
2025-08-04,TATASTEEL,,,153.5,159.92,153.5,159.56,30064719,4751962110.35
2025-08-05,TATASTEEL,,,159.56,160.14,158.28,159.62,14441034,2301732501.24
2025-08-06,TATASTEEL,,,159.62,159.8,157.8,158.66,13438851,2131211060.17
2025-08-07,TATASTEEL,,,157.15,160,156.26,159.67,23159540,3657421986.21
2025-08-08,TATASTEEL,,,159.5,159.95,157.01,157.95,11951173,1890859315.71
2025-08-11,TATASTEEL,,,157.95,160,157.15,158.52,14325736,2265729580.4
2025-08-12,TATASTEEL,,,158.52,161.65,158.5,160.16,20056598,3221539927.51
2025-08-13,TATASTEEL,,,160.96,162.4,159.9,160.18,18079396,2911976062.73
2025-08-14,TATASTEEL,,,160.02,160.6,154.83,155.3,47256126,7398980151.67
2025-08-18,TATASTEEL,,,158,159,156,157.96,61022494,9607164180.05
2025-08-19,TATASTEEL,,,158.5,159.46,156.76,159.23,21224239,3364366794.33
2025-08-20,TATASTEEL,,,158.2,162.76,158.03,161.92,28520245,4595421094.45
2025-08-21,TATASTEEL,,,161.92,162.54,161.19,161.51,17282594,2797293208.19
2025-08-22,TATASTEEL,,,161.25,161.28,158.1,158.55,16063984,2566438480.54
2025-08-25,TATASTEEL,,,159.2,160.33,158.64,159.63,16376542,2614049036.29
2025-08-26,TATASTEEL,,,159.16,159.16,154.64,155.03,19621100,3061587758.38
2025-08-28,TATASTEEL,,,155.78,155.87,153.16,153.63,22269875,3432503613
2025-08-29,TATASTEEL,,,154.5,155.1,153.05,154.48,16971859,2620318128.23
2025-09-01,TATASTEEL,,,154.48,156.36,153.7,156.17,10798622,1679836985.28
2025-09-02,TATASTEEL,,,156.17,159.07,155.5,158.39,21202113,3348255578.36
2025-09-03,TATASTEEL,,,158.4,168,158.4,167.85,82352014,13623659440.32
2025-09-04,TATASTEEL,,,169,169.3,166.62,166.81,26316842,4401213165.94
2025-09-05,TATASTEEL,,,167,168,165.94,167.68,16798170,2805813958.21
2025-09-08,TATASTEEL,,,170,172.5,168.46,168.82,36402317,6221067174.56
2025-09-09,TATASTEEL,,,169.3,169.72,167.99,169.15,14028910,2368538301.06
2025-09-10,TATASTEEL,,,169.19,170.73,168.75,169.43,13128306,2227231877.32
2025-09-11,TATASTEEL,,,169.35,170.9,168.46,169.41,13829526,2343467550.95
2025-09-12,TATASTEEL,,,169.6,171,168.63,169.78,12119036,2056218064.83
2025-09-15,TATASTEEL,,,169.77,170.2,168.63,169.23,10611401,1797327327.99
2025-09-16,TATASTEEL,,,169.39,172.27,169.02,172.02,26629438,4561676072.33
2025-09-17,TATASTEEL,,,172.5,172.9,169.35,171.36,21381306,3657411231.09
2025-09-18,TATASTEEL,,,171.46,172.2,169.81,172.03,16413388,2813185969.57
2025-09-19,TATASTEEL,,,172.1,172.67,170.6,171.48,25406461,4358290313.66
2025-09-22,TATASTEEL,,,170.8,172.21,170.51,171.39,20970704,3594280078.95
2025-09-23,TATASTEEL,,,171.45,173.81,171.2,173.29,24533561,4238737406.43
2025-09-24,TATASTEEL,,,173.16,174.44,172.38,172.66,20168891,3497809846.07
2025-09-25,TATASTEEL,,,172.9,173.85,171.86,172.38,17026549,2941335157.94
2025-09-26,TATASTEEL,,,172.22,173.37,167.2,167.4,20157657,3406873943.17
2025-09-29,TATASTEEL,,,167.6,170.28,167.56,168.98,16832342,2847970568.5
2025-09-30,TATASTEEL,,,169.5,170.15,168.41,168.77,24553596,4150283055.3
2025-10-01,TATASTEEL,,,169,169.74,166.13,167.51,17542776,2939351263.43
2025-10-03,TATASTEEL,,,168.12,174.74,168.12,173.21,55172705,9558814164.1
2025-10-06,TATASTEEL,,,173.3,173.48,169.3,170.06,21474004,3660241985.27
2025-10-07,TATASTEEL,,,170.4,172.2,170.4,171.43,19189843,3288388049.36
2025-10-08,TATASTEEL,,,172,173.63,170.06,171.94,22662699,3901325663.94
2025-10-09,TATASTEEL,,,172.79,177.82,172.78,176.42,68504717,12073253375.17
2025-10-10,TATASTEEL,,,176,176.14,172.9,173.86,18085975,3142770545.5
2025-10-13,TATASTEEL,,,173,173.8,170.91,173.03,19386219,3341508151.04
2025-10-14,TATASTEEL,,,174.91,176.45,169.25,170.51,22082970,3793485094.01
2025-10-15,TATASTEEL,,,170.83,174,170.11,173.24,15031989,2599342035.68
2025-10-16,TATASTEEL,,,173,174.49,172.22,174,12205250,2117851922.07
2025-10-17,TATASTEEL,,,173.6,174.31,170.99,172.22,21659007,3734059297.06
2025-10-20,TATASTEEL,,,173.3,173.3,170.82,171.95,18049579,3102452657.1
2025-10-23,TATASTEEL,,,173.9,176.08,173.64,174.16,31472510,5499440199.34
2025-10-24,TATASTEEL,,,174.6,177.35,173.72,174.44,25226376,4418205824.99
2025-10-27,TATASTEEL,,,175.89,177.9,175.53,176.66,23832477,4214208147.16
2025-10-28,TATASTEEL,,,177.35,182.06,177.02,181.81,59511794,10753271781.54
2025-10-29,TATASTEEL,,,183.67,186.94,182.05,185.19,51610530,9560013023.6
2025-10-30,TATASTEEL,,,184.4,185.19,182.64,184.35,24270977,4452835993.47
2025-10-31,TATASTEEL,,,184,184.3,182.12,182.84,16041321,2935957168.59
2025-11-03,TATASTEEL,,,182.4,184.1,181.8,182.67,16652212,3045392729.64
2025-11-04,TATASTEEL,,,183,183.09,178.9,179.29,18746387,3378420599.57
2025-11-06,TATASTEEL,,,179.29,180.67,176.52,177.27,23664538,4208479735.84
2025-11-07,TATASTEEL,,,177,182.25,175.01,181.37,19165876,3434411842.58
2025-11-10,TATASTEEL,,,182.03,182.51,180.2,181.48,18376132,3334929236.83
2025-11-11,TATASTEEL,,,182.9,182.9,179.02,181.04,14109340,2549626090.32
2025-11-12,TATASTEEL,,,181.44,182.15,178,178.61,19037263,3418508992.03
2025-11-13,TATASTEEL,,,184,184,175.1,176.65,82083661,14722085938.16
2025-11-14,TATASTEEL,,,177.52,177.7,172.12,174.26,38345500,6669935058.64
2025-11-17,TATASTEEL,,,175.13,175.25,172.62,173.17,28204282,4889508467.17
2025-11-18,TATASTEEL,,,172.4,173.12,170.55,172.45,34278387,5889758002.57
2025-11-19,TATASTEEL,,,172.45,173.9,172.06,173.21,19621610,3394614826.66
2025-11-20,TATASTEEL,,,174.1,174.36,172.26,172.46,15968891,2761558163.58
2025-11-21,TATASTEEL,,,171.8,171.9,167.7,168,28412865,4812979005.91
2025-11-24,TATASTEEL,,,168,168.38,165.18,165.36,31202769,5180890017.52
2025-11-25,TATASTEEL,,,166,167.27,165.08,166.33,19983310,3322947224.57
2025-11-26,TATASTEEL,,,167,169.95,166.9,169.67,15044796,2546429211.91
2025-11-27,TATASTEEL,,,170.45,171,167.18,168.13,17546627,2960271021.31
2025-11-28,TATASTEEL,,,168.13,169,167.29,167.96,11975539,2012626665.65
2025-12-01,TATASTEEL,,,169,169.65,167.7,168.63,11758473,1981977612.27
2025-12-02,TATASTEEL,,,168.43,168.85,167,167.78,15355023,2576540329.95
2025-12-03,TATASTEEL,,,167.78,167.99,165,166.92,18873943,3139182867.65
2025-12-04,TATASTEEL,,,167.8,167.97,166.2,166.77,11419966,1906390648.7
2025-12-05,TATASTEEL,,,167,167.65,165,167.11,33500436,5555023660.21
2025-12-08,TATASTEEL,,,167.09,168.2,163,163.47,15772400,2598340828.31
2025-12-09,TATASTEEL,,,163.39,163.39,160.06,160.67,25766371,4158939007.31
2025-12-10,TATASTEEL,,,161,163.68,160.81,162.23,22537548,3657231933.78
2025-12-11,TATASTEEL,,,163.5,166.66,163.17,166.38,32603566,5378233256.81
2025-12-12,TATASTEEL,,,167.6,172.5,167.4,171.89,41130927,7020942884.67
2025-12-15,TATASTEEL,,,170.95,173.17,170.5,172.87,23254201,4010273717.67
2025-12-16,TATASTEEL,,,172.7,172.7,169.25,169.83,22981935,3911860834.36
2025-12-17,TATASTEEL,,,170.09,171.3,169.66,170.34,11624504,1979364368.97
2025-12-18,TATASTEEL,,,169.92,170.45,167.56,168.12,13152378,2223352193.86
2025-12-19,TATASTEEL,,,169.15,169.62,167.83,168.69,28448892,4796427579.5
2025-12-22,TATASTEEL,,,169.04,171.46,169,169.22,23729300,4034006284.29
2025-12-23,TATASTEEL,,,169.35,171.35,169.25,170.9,17348078,2958538412.04
2025-12-24,TATASTEEL,,,171.35,171.65,169.67,170.07,17430406,2974833228.87
2025-12-26,TATASTEEL,,,169.89,169.9,167.82,169.12,16904834,2852049160.84
2025-12-29,TATASTEEL,,,169.51,174.13,169.29,172.3,48001907,8291644748.2
2025-12-30,TATASTEEL,,,172.78,176.35,170.8,175.8,33741158,5883171811.78
2025-12-31,TATASTEEL,,,180,181.4,178.5,180.08,50897201,9166355732.62
2026-01-01,TATASTEEL,,,180.6,182.2,180.2,181.89,21507757,3899881548.82
2026-01-02,TATASTEEL,,,182,183.85,181.6,182.88,23006840,4208596517.14
2026-01-05,TATASTEEL,,,182.88,186.89,182.87,185.72,30646009,5680401827.38
2026-01-06,TATASTEEL,,,186,187.85,184.47,186.2,28514282,5317456496.59
2026-01-07,TATASTEEL,,,186.2,186.65,182.9,183.8,18231588,3359558960.1
2026-01-08,TATASTEEL,,,185.45,185.87,179.55,180.12,38454951,6976261295.31
2026-01-09,TATASTEEL,,,179.05,181.5,177.33,178.4,25318701,4537682420.42
2026-01-12,TATASTEEL,,,178.4,183.65,177.64,183.24,25782267,4666632319.28
2026-01-13,TATASTEEL,,,183.5,184.39,181.1,182.57,19155081,3500409050.94
2026-01-14,TATASTEEL,,,182.57,190.65,181.66,189.25,55907778,10517926531.12
2026-01-16,TATASTEEL,,,190.05,191,187.31,188.21,26028519,4920382644.88
2026-01-19,TATASTEEL,,,187.1,189.44,186.8,188.27,19709364,3709767886.51
2026-01-20,TATASTEEL,,,188.27,190,183.03,183.56,20094927,3733729229.06
2026-01-21,TATASTEEL,,,183.56,185.71,180.88,184.41,35037961,6427132712.03
2026-01-22,TATASTEEL,,,185.89,189.99,185.79,189.1,35681682,6722734157.12
2026-01-23,TATASTEEL,,,190.5,192.4,187.27,187.61,28492706,5408330190.68
2026-01-27,TATASTEEL,,,189.67,193.14,187.72,192.28,42314287,8080832828.79
2026-01-28,TATASTEEL,,,193.49,195.2,192.1,193.85,33310718,6455367645.07
2026-01-29,TATASTEEL,,,194.45,202.99,194.11,202.32,60610904,12066145271.5
2026-01-30,TATASTEEL,,,198.55,199,190.63,193.13,52262849,10105746545.19
2026-02-02,TATASTEEL,,,185.38,189,182.55,188.51,25601945,4748095257.57
2026-02-03,TATASTEEL,,,193.58,199,191.51,192.93,28467895,5504206296.71
2026-02-04,TATASTEEL,,,193.99,196.14,193.45,195.4,13859145,2706925099.5
2026-02-05,TATASTEEL,,,193,198.41,191.52,197.76,31293689,6135676594.73
2026-02-06,TATASTEEL,,,197.6,197.6,194.37,197.06,18446912,3618159250.36
2026-02-09,TATASTEEL,,,202,206.34,197.55,202,68967709,13918269579.09
2026-02-10,TATASTEEL,,,202.99,211.1,201.08,208.01,82443790,17123186655.79
2026-02-11,TATASTEEL,,,209.4,210.25,205.3,207.59,40897457,8498943451.03
2026-02-12,TATASTEEL,,,208,210.39,206.2,208.11,24109860,5031615137.14
2026-02-13,TATASTEEL,,,206.59,206.85,202.56,203.18,25870923,5292004652.71
2026-02-16,TATASTEEL,,,201,206.12,200.55,205.81,17932490,3662125249.19
2026-02-17,TATASTEEL,,,205.5,205.8,201.66,203.08,18506676,3759230373.66
2026-02-18,TATASTEEL,,,203.55,209.7,203.55,209.03,48357001,10071442353.13
2026-02-19,TATASTEEL,,,211,211.39,204.25,205.41,27749813,5770338722.38
2026-02-20,TATASTEEL,,,206.41,209.3,204.73,208.36,26605844,5529692606.63
2026-02-23,TATASTEEL,,,210,210.1,205.5,208.14,23377191,4857783993.4
2026-02-24,TATASTEEL,,,207.21,209.54,206.75,209.13,23413086,4883616282.46
2026-02-25,TATASTEEL,,,210.1,216.45,209.4,214.64,48873839,10472763121.31
2026-02-26,TATASTEEL,,,215.95,215.95,213.01,215.52,25522669,5474144029.75
2026-02-27,TATASTEEL,,,215.5,215.9,211.66,212.33,25598534,5466619064.83
2026-03-02,TATASTEEL,,,205,214.34,204.5,211.01,30523310,6430986089.24
2026-03-04,TATASTEEL,,,207,207,194.43,196.73,72096617,14258915692
2026-03-05,TATASTEEL,,,198.5,203.04,197.63,200.57,41033397,8215952931.23
2026-03-06,TATASTEEL,,,199.5,202.2,197.1,198.46,28551376,5703261980.33
2026-03-09,TATASTEEL,,,193.45,193.7,187.03,191.01,43019965,8164270198.25
2026-03-10,TATASTEEL,,,194.01,196.64,192,195,25783308,5009045313.91
2026-03-11,TATASTEEL,,,197.14,198.88,194,194.74,34207226,6710715267.17
2026-03-12,TATASTEEL,,,193.99,194.66,190.1,193.47,24413736,4698943177.82
2026-03-13,TATASTEEL,,,191.95,192.5,182.26,183.51,42683952,7921846030.46
2026-03-16,TATASTEEL,,,183,187.65,181.25,186.94,44789516,8315004054.12
2026-03-17,TATASTEEL,,,187.8,196.31,186.85,195.43,45672442,8812372587.9
2026-03-18,TATASTEEL,,,196.4,196.43,193.17,195.41,26353743,5135339068.65
2026-03-19,TATASTEEL,,,190.8,194.22,189.37,190.51,24146344,4639361111.66
2026-03-20,TATASTEEL,,,193.4,199.44,193.34,196.77,46881257,9242507427.13
2026-03-23,TATASTEEL,,,193,193.95,186.51,187.17,44393392,8350975100.96
2026-03-24,TATASTEEL,,,192,192.19,187.78,190.79,34321983,6522794084.93
2026-03-25,TATASTEEL,,,193.03,197.15,192.32,196.65,34767360,6798626728.64
2026-03-27,TATASTEEL,,,194.32,195.5,192.64,193.22,36938046,7163811518.94
2026-03-30,TATASTEEL,,,192,194.42,188.3,191.86,45914996,8803357572.67
2026-04-01,TATASTEEL,,,200,200.2,194,194.6,35813622,7036027199.85
2026-04-02,TATASTEEL,,,192.91,194.85,187.95,194.14,27633959,5278924464.71
2026-04-06,TATASTEEL,,,193.02,196.65,190.25,196.1,28115748,5472782987.97
2026-04-07,TATASTEEL,,,195.6,198.42,193.28,198.13,32090982,6304473667.29
2026-04-08,TATASTEEL,,,202.01,206.4,202,204.18,37018381,7571517855.02
2026-04-09,TATASTEEL,,,204.51,208.19,204.06,205.2,36853400,7583178409.67
2026-04-10,TATASTEEL,,,207.98,209,204.8,206.61,28385501,5856811283.48
2026-04-13,TATASTEEL,,,203.7,207,201.5,206.39,25848544,5282615109.23
2026-04-15,TATASTEEL,,,209,211.15,207.6,208.72,30858355,6451871068.52
2026-04-16,TATASTEEL,,,209.75,212.92,209.01,210.69,26751249,5636520456.73
2026-04-17,TATASTEEL,,,210.69,212.46,208.5,212.12,22837792,4815505748.9
2026-04-20,TATASTEEL,,,212,213.4,209.8,211.72,24992602,5289180627.43
2026-04-21,TATASTEEL,,,211.72,214.49,211.08,212.01,17427021,3703768432.28
2026-04-22,TATASTEEL,,,211,213.78,210.51,213.03,20795714,4424255827.33
2026-04-23,TATASTEEL,,,213.04,213.1,210.16,210.91,19304122,4076983792.07
2026-04-24,TATASTEEL,,,211,212,208.6,210.07,22379072,4700831852.61
2026-04-27,TATASTEEL,,,211,215,210.93,213.27,33068230,7067361145.71
2026-04-28,TATASTEEL,,,213.2,218.24,212.2,215.05,34950491,7548537437.54
2026-04-29,TATASTEEL,,,216.1,217,211.36,215.88,32800573,7059002347.17
2026-04-30,TATASTEEL,,,215.78,215.78,210,211.36,24894783,5264443783.78
2026-05-04,TATASTEEL,,,212.55,214.5,211.4,212.24,23140911,4928391367.94
2026-05-05,TATASTEEL,,,212.2,212.34,209.45,211.32,20733709,4377567294.65
2026-05-06,TATASTEEL,,,214,216.73,212.42,215.47,24082651,5166396803.31
2026-05-07,TATASTEEL,,,216.7,219.2,215.75,217.09,21243369,4618172066.23
2026-05-08,TATASTEEL,,,217,217.4,214.25,214.49,17760366,3828093225.95
2026-05-11,TATASTEEL,,,213.5,215,211.52,212.08,16301350,3475228852.6
2026-05-12,TATASTEEL,,,212,216.33,211.5,212,28371348,6049149843.27
2026-05-13,TATASTEEL,,,213.24,220.91,213.07,219.62,46231533,10072034414.35
2026-05-14,TATASTEEL,,,222.3,222.9,219.02,221.13,34985006,7745306505.14
2026-05-15,TATASTEEL,,,223,224.4,216,216.84,33231023,7288755315.59
2026-05-18,TATASTEEL,,,211,211.82,205.05,209.71,73796001,15417815732.53
2026-05-19,TATASTEEL,,,210.59,212.33,208.9,209.29,32573663,6857878246.42
2026-05-20,TATASTEEL,,,207.5,207.5,203.04,207.01,56670462,11609116237.83
2026-05-21,TATASTEEL,,,209.75,210.07,207.66,208.58,24385712,5091726277.92
2026-05-22,TATASTEEL,,,209.6,210.88,208.26,209.19,22023114,4607829371.67
2026-05-25,TATASTEEL,,,211.3,211.75,209.44,210.22,23090495,4852511379.8
2026-05-26,TATASTEEL,,,209.9,211.14,209.51,210.47,17801824,3742134132.08
2026-05-27,TATASTEEL,,,210.7,218.96,210.7,214.7,39110042,8418385061.17
2026-05-29,TATASTEEL,,,215.69,215.7,206.7,208.02,67467374,14134169654.94
2026-06-01,TATASTEEL,,,210,211.4,206.5,210.57,23733470,4966146510.54
2026-06-02,TATASTEEL,,,209.01,213.46,208.57,210.6,29358964,6194009782.08
2026-06-03,TATASTEEL,,,210.71,212.49,207.6,211.89,23198930,4876540793.24
2026-06-04,TATASTEEL,,,210.42,212.24,209.31,210.57,18939468,3991247363.48
2026-06-08,TATASTEEL,,,203.44,205.21,201.6,202.72,31036948,6319823914.24
2026-06-09,TATASTEEL,,,203,204,200.34,203.18,42111455,8507860100.61
2026-06-10,TATASTEEL,,,203,203.4,198,199.31,34008938,6819285087.2
2026-06-11,TATASTEEL,,,197.44,199.35,196.05,197.96,38292223,7583633581.28
2026-06-12,TATASTEEL,,,200,200.82,195.8,197.86,27622963,5445854338.36
2026-06-17,TATASTEEL,,,196.79,199.5,195.6,199.01,22491220,4454047517.07
2026-06-18,TATASTEEL,,,199.01,200.7,198.15,200.52,22111931,4414229199.47
2026-06-19,TATASTEEL,,,199.25,199.36,196.5,198.96,31571461,6264898192.72
2026-06-23,TATASTEEL,,,197.75,197.98,192.73,193.56,34634510,6734418978.55
2026-06-24,TATASTEEL,,,192.8,193.38,189.59,190.16,51305789,9793275669.49
2026-06-25,TATASTEEL,,,190,190.86,187.61,188.71,34151735,6445694439.45
2026-06-29,TATASTEEL,,,188.73,191.27,188.6,189.57,62549132,11870289687.52
2026-06-30,TATASTEEL,,,189.5,190.4,187.05,188.06,33686235,6342013503.46
2026-07-01,TATASTEEL,,,188.5,188.71,184.7,185.17,20614036,3850436782.03
2026-07-02,TATASTEEL,,,186,188.6,185.14,187.67,29139217,5446168761
2026-07-03,TATASTEEL,,,190.6,192.98,189.11,189.8,28474469,5442207149.71
2026-07-06,TATASTEEL,,,190.39,191.45,189.19,190.87,14466645,2760395058.67
2026-07-07,TATASTEEL,,,191,191.3,189,189.79,22805982,4330034880.52
2026-07-08,TATASTEEL,,,187.66,189.79,186.52,188.2,17816943,3356166013.23
2026-07-09,TATASTEEL,,,189.5,189.87,186.62,187.91,21203724,3982658955.84
2026-07-10,TATASTEEL,,,189.68,193.3,188.74,191.19,23145573,4424289783.46
2026-07-13,TATASTEEL,,,189,189.27,185.4,187.11,47597415,8896577266.76
2026-07-14,TATASTEEL,,,186.7,190.35,186.7,188.27,24096425,4545777942.27
2026-07-15,TATASTEEL,,,188.74,189.33,184.81,185.26,24924570,4657489374.81
2026-07-16,TATASTEEL,,,186.5,186.75,184.91,185.49,13166990,2444583765.31
2026-07-17,TATASTEEL,,,185.2,186.59,183.41,185.89,20132684,3729434982.5
2026-07-20,TATASTEEL,,,186.68,187.19,185.76,186.41,11188887,2086313974.46
2026-07-21,TATASTEEL,,,186.75,188.1,184.7,187.24,21618426,4030483034.51
2026-07-22,TATASTEEL,,,187.99,187.99,184.91,186.53,16643117,3098045460.29
2026-07-23,TATASTEEL,,,186,186,183.5,184.23,20581098,3800421199.59
2026-07-24,TATASTEEL,,,183.41,183.52,181.2,182.67,16117953,2942883760.8
2026-07-27,TATASTEEL,,,183.6,184.89,183.33,184.25,11857396,2184186222.82
2026-07-28,TATASTEEL,,,184.31,185.14,182.01,182.63,19135253,3504743365.78
2026-07-29,TATASTEEL,,,183.5,188.67,183.04,187.27,24872418,4649360447.69
2026-07-30,TATASTEEL,,,188.01,188.99,186.1,186.92,13769746,2576831530.63
2026-07-31,TATASTEEL,,,188.25,191.84,186.31,189.69,34249584,6482276023.29
2026-08-03,TATASTEEL,,,192.94,193.5,188.49,191,27563681,5247880994.5
2026-08-04,TATASTEEL,,,190.7,192.6,189,190.95,22165429,4229178364.79
2026-08-05,TATASTEEL,,,192.25,192.99,189.84,192.99,22780522,4360683023.72
2026-08-06,TATASTEEL,,,193.45,193.65,188.99,189.3,18802510,3585630562.5
2026-08-07,TATASTEEL,,,189.41,189.69,186.75,187.55,9924021,1867369223.2
2026-08-10,TATASTEEL,,,187.56,192.35,187.55,190.24,33338101,6361280505.28
2026-08-11,TATASTEEL,,,190.24,190.56,186.78,188.25,20973262,3943764867.43
2026-08-12,TATASTEEL,,,188.35,188.88,183.6,186.2,36484049,6765718726.67
2026-08-13,TATASTEEL,,,186.2,186.66,183.46,184.85,19940424,3673667449.76
2026-08-14,TATASTEEL,,,184,184.19,180,183.5,16131505,2940912716.43
2026-08-17,TATASTEEL,,,183.5,186.35,182.06,186,16278106,3004450129.37
2026-08-18,TATASTEEL,,,186.34,187.11,184.33,185.5,13393441,2481938987.78
2026-08-19,TATASTEEL,,,184.16,184.95,182.5,184,15509632,2850676548.54
2026-08-20,TATASTEEL,,,185,185.6,182.95,183.5,21782667,4006332381.46
2026-08-21,TATASTEEL,,,184.4,184.94,182,183,26299054,4818260525.3
2026-08-24,TATASTEEL,,,184.15,186.3,183.06,186.3,37800944,7000100638.46
2026-08-25,TATASTEEL,,,186.3,187.27,183.5,186.94,24578020,4538418286.6
2026-08-26,TATASTEEL,,,186.49,189.95,184.29,188.01,32199274,6009328384.72
2026-08-27,TATASTEEL,,,188.05,190.25,186.5,186.8,40921836,7704289211.01
2026-08-28,TATASTEEL,,,187.6,188.79,184.08,186.5,39370394,7309368090.87
2026-08-31,TATASTEEL,,,185.35,185.82,181.4,184.35,36802869,6718626126.96
2026-09-01,TATASTEEL,,,183.7,188.68,182.12,184.07,46663321,8618146081.01
2026-09-02,TATASTEEL,,,182.5,184.06,181.44,183.85,19496175,3566169254.13
2026-09-03,TATASTEEL,,,184.11,187.65,182,184.2,21964971,4042819276.96
2026-09-04,TATASTEEL,,,184.2,189.9,182.84,188.79,36500951,6838451656.64
2026-09-07,TATASTEEL,,,189,190.24,184.37,185.61,23695657,4397145357.16
2026-09-08,TATASTEEL,,,185.9,186.5,183.61,184.15,24272812,4490193611.23
2026-09-09,TATASTEEL,,,184.8,190.26,183.41,188.75,45985325,8627102945.09
2026-09-10,TATASTEEL,,,189,189,185,186.78,23334612,4353785274.52
2026-09-11,TATASTEEL,,,184,184.24,180.79,183,31510206,5746576106.6
2026-09-15,TATASTEEL,,,186.1,186.49,182.38,183.65,31857708,5846309696.85
2026-09-16,TATASTEEL,,,183.65,185.4,180.28,183,29476234,5400438594
2026-09-17,TATASTEEL,,,183,189.49,182.87,187.29,29397693,5457511338.49
2026-09-18,TATASTEEL,,,186.4,187.96,185.54,185.54,29014128,5406705963.82
