exchange,rebalance_date,valid_to,rank,symbol,isin,name,avg_turnover_63d
NSE,2010-05-03,2010-05-31,1,RELIANCE,,,4517670086.603174
NSE,2010-05-03,2010-05-31,2,ICICIBANK,,,3832199982.3904757
NSE,2010-05-03,2010-05-31,3,SBIN,,,3562095329.8849206
NSE,2010-05-03,2010-05-31,4,TATAMOTORS,,,3441390590.746825
NSE,2010-05-03,2010-05-31,5,TATASTEEL,,,3434066419.2174606
NSE,2010-05-03,2010-05-31,9,AXISBANK,,,2088881404.5
NSE,2010-05-03,2010-05-31,11,LT,,,1989611006.0809524
NSE,2010-05-03,2010-05-31,13,BHARTIARTL,,,1919472798.5539682
NSE,2010-05-03,2010-05-31,18,HDFCBANK,,,1529908895.3111112
NSE,2010-05-03,2010-05-31,20,TCS,,,1473665500.1603174
NSE,2010-05-03,2010-05-31,29,M&M,,,1017098706.6420636
NSE,2010-05-03,2010-05-31,32,ITC,,,967105180.423016
NSE,2010-05-03,2010-05-31,34,ONGC,,,854114290.4880953
NSE,2010-05-03,2010-05-31,37,MARUTI,,,801116620.2531747
NSE,2010-05-03,2010-05-31,39,HINDUNILVR,,,740121845.0285715
NSE,2010-05-03,2010-05-31,43,WIPRO,,,672126254.0428572
NSE,2010-05-03,2010-05-31,44,NTPC,,,661128044.25873
NSE,2010-05-03,2010-05-31,57,KOTAKBANK,,,487186289.08888894
NSE,2010-05-03,2010-05-31,65,DRREDDY,,,435405047.984127
NSE,2010-05-03,2010-05-31,75,CIPLA,,,374652870.67619044
NSE,2010-05-03,2010-05-31,78,HCLTECH,,,368359562.5857142
NSE,2010-05-03,2010-05-31,85,SUNPHARMA,,,344392790.8388889
NSE,2010-05-03,2010-05-31,131,TITAN,,,187188166.81904763
NSE,2010-05-03,2010-05-31,137,ULTRACEMCO,,,177219110.16825396
NSE,2010-05-03,2010-05-31,157,POWERGRID,,,157095685.3888889
NSE,2010-05-03,2010-05-31,162,ADANIENT,,,152018304.25952378
NSE,2010-05-03,2010-05-31,215,ASIANPAINT,,,96617256.42698412
NSE,2010-05-03,2010-05-31,326,NESTLEIND,,,47026264.0
NSE,2010-06-01,2010-06-30,1,RELIANCE,,,4929097846.822222
NSE,2010-06-01,2010-06-30,2,TATAMOTORS,,,4034567308.292063
NSE,2010-06-01,2010-06-30,3,ICICIBANK,,,3904190388.0373015
NSE,2010-06-01,2010-06-30,4,TATASTEEL,,,3736528274.443651
NSE,2010-06-01,2010-06-30,5,SBIN,,,3550404263.674603
NSE,2010-06-01,2010-06-30,10,AXISBANK,,,2189273301.334921
NSE,2010-06-01,2010-06-30,12,LT,,,1995521586.5452383
NSE,2010-06-01,2010-06-30,13,BHARTIARTL,,,1771583885.279365
NSE,2010-06-01,2010-06-30,18,TCS,,,1462042963.3460317
NSE,2010-06-01,2010-06-30,22,HDFCBANK,,,1433952843.6968253
NSE,2010-06-01,2010-06-30,27,M&M,,,1113888628.2793648
NSE,2010-06-01,2010-06-30,28,ONGC,,,1096794146.6484127
NSE,2010-06-01,2010-06-30,32,ITC,,,950005019.2031745
NSE,2010-06-01,2010-06-30,40,MARUTI,,,771193854.1031746
NSE,2010-06-01,2010-06-30,45,WIPRO,,,666278934.6809524
NSE,2010-06-01,2010-06-30,46,HINDUNILVR,,,631021269.9746032
NSE,2010-06-01,2010-06-30,49,NTPC,,,573766820.8857143
NSE,2010-06-01,2010-06-30,51,KOTAKBANK,,,541200586.1714286
NSE,2010-06-01,2010-06-30,54,DRREDDY,,,492444596.4984127
NSE,2010-06-01,2010-06-30,61,CIPLA,,,440195937.16904765
NSE,2010-06-01,2010-06-30,70,SUNPHARMA,,,382167616.13492066
NSE,2010-06-01,2010-06-30,78,HCLTECH,,,361295760.5190476
NSE,2010-06-01,2010-06-30,86,ADANIENT,,,339667152.015873
NSE,2010-06-01,2010-06-30,147,TITAN,,,164238989.11984128
NSE,2010-06-01,2010-06-30,156,POWERGRID,,,152429554.065873
NSE,2010-06-01,2010-06-30,160,ULTRACEMCO,,,147744305.1031746
NSE,2010-06-01,2010-06-30,226,ASIANPAINT,,,85082673.33095238
NSE,2010-06-01,2010-06-30,278,NESTLEIND,,,56954652.592857145
NSE,2010-07-01,2010-08-01,1,RELIANCE,,,4805071775.33254
NSE,2010-07-01,2010-08-01,2,TATASTEEL,,,4065559946.172222
NSE,2010-07-01,2010-08-01,3,TATAMOTORS,,,3768147162.3476195
NSE,2010-07-01,2010-08-01,4,ICICIBANK,,,3732498096.3293653
NSE,2010-07-01,2010-08-01,5,SBIN,,,3664553260.8309526
NSE,2010-07-01,2010-08-01,9,LT,,,2188211693.9
NSE,2010-07-01,2010-08-01,10,AXISBANK,,,2122778190.2761903
NSE,2010-07-01,2010-08-01,15,BHARTIARTL,,,1791288981.9674602
NSE,2010-07-01,2010-08-01,20,ONGC,,,1442627022.0142856
NSE,2010-07-01,2010-08-01,27,TCS,,,1279139885.7246032
NSE,2010-07-01,2010-08-01,28,HDFCBANK,,,1259484855.8333333
NSE,2010-07-01,2010-08-01,31,M&M,,,1092612534.5428572
NSE,2010-07-01,2010-08-01,33,ITC,,,931948429.5277778
NSE,2010-07-01,2010-08-01,41,MARUTI,,,786972286.1428572
NSE,2010-07-01,2010-08-01,44,KOTAKBANK,,,745642147.1492064
NSE,2010-07-01,2010-08-01,48,WIPRO,,,640617077.7111111
NSE,2010-07-01,2010-08-01,50,DRREDDY,,,623816360.4222223
NSE,2010-07-01,2010-08-01,54,HINDUNILVR,,,565175667.0309525
NSE,2010-07-01,2010-08-01,61,NTPC,,,458383934.4825397
NSE,2010-07-01,2010-08-01,65,CIPLA,,,423664802.0
NSE,2010-07-01,2010-08-01,66,HCLTECH,,,419216454.2936508
NSE,2010-07-01,2010-08-01,75,SUNPHARMA,,,360836634.88809526
NSE,2010-07-01,2010-08-01,76,ADANIENT,,,357289408.2777778
NSE,2010-07-01,2010-08-01,150,TITAN,,,153917436.32777777
NSE,2010-07-01,2010-08-01,162,POWERGRID,,,136620447.70158732
NSE,2010-07-01,2010-08-01,202,ULTRACEMCO,,,100006647.80873016
NSE,2010-07-01,2010-08-01,214,ASIANPAINT,,,93260291.68095237
NSE,2010-07-01,2010-08-01,251,NESTLEIND,,,72162620.59920634
NSE,2010-08-02,2010-08-31,1,RELIANCE,,,4501818332.520636
NSE,2010-08-02,2010-08-31,2,TATASTEEL,,,3905597033.4095235
NSE,2010-08-02,2010-08-31,3,SBIN,,,3473791623.7896824
NSE,2010-08-02,2010-08-31,4,ICICIBANK,,,3281749769.6674604
NSE,2010-08-02,2010-08-31,5,TATAMOTORS,,,3127933860.7492065
NSE,2010-08-02,2010-08-31,8,LT,,,2338253619.3166666
NSE,2010-08-02,2010-08-31,10,BHARTIARTL,,,2072375141.892857
NSE,2010-08-02,2010-08-31,13,AXISBANK,,,1976045784.6285713
NSE,2010-08-02,2010-08-31,21,ONGC,,,1603259457.4174604
NSE,2010-08-02,2010-08-31,23,HDFCBANK,,,1346621189.7420635
NSE,2010-08-02,2010-08-31,28,TCS,,,1170466083.7928572
NSE,2010-08-02,2010-08-31,31,M&M,,,1054559184.4666666
NSE,2010-08-02,2010-08-31,32,ITC,,,1033639990.4126984
NSE,2010-08-02,2010-08-31,38,MARUTI,,,905926328.6404761
NSE,2010-08-02,2010-08-31,41,KOTAKBANK,,,757331178.7460318
NSE,2010-08-02,2010-08-31,45,DRREDDY,,,708299780.0119047
NSE,2010-08-02,2010-08-31,53,WIPRO,,,554460938.763492
NSE,2010-08-02,2010-08-31,58,HINDUNILVR,,,463201211.1507937
NSE,2010-08-02,2010-08-31,59,ADANIENT,,,445985371.63968253
NSE,2010-08-02,2010-08-31,63,NTPC,,,412726533.2317461
NSE,2010-08-02,2010-08-31,69,CIPLA,,,363550810.69285715
NSE,2010-08-02,2010-08-31,74,HCLTECH,,,350701732.8642857
NSE,2010-08-02,2010-08-31,78,SUNPHARMA,,,321613302.8761905
NSE,2010-08-02,2010-08-31,129,TITAN,,,186350595.5357143
NSE,2010-08-02,2010-08-31,141,ASIANPAINT,,,167399748.79603174
NSE,2010-08-02,2010-08-31,179,POWERGRID,,,118442779.65952381
NSE,2010-08-02,2010-08-31,192,ULTRACEMCO,,,110445304.09523807
NSE,2010-08-02,2010-08-31,297,NESTLEIND,,,51048674.61825397
NSE,2010-09-01,2010-09-30,1,RELIANCE,,,4331817399.220634
NSE,2010-09-01,2010-09-30,2,SBIN,,,3702673448.3857145
NSE,2010-09-01,2010-09-30,3,TATAMOTORS,,,3423301394.9190474
NSE,2010-09-01,2010-09-30,4,ICICIBANK,,,3313197637.4626985
NSE,2010-09-01,2010-09-30,5,TATASTEEL,,,3258956408.3484125
NSE,2010-09-01,2010-09-30,8,LT,,,2025147431.815873
NSE,2010-09-01,2010-09-30,9,BHARTIARTL,,,1931240880.8468254
NSE,2010-09-01,2010-09-30,14,AXISBANK,,,1625874885.6920636
NSE,2010-09-01,2010-09-30,20,HDFCBANK,,,1419071744.8539684
NSE,2010-09-01,2010-09-30,22,ONGC,,,1398051951.2587302
NSE,2010-09-01,2010-09-30,27,TCS,,,1176418894.109524
NSE,2010-09-01,2010-09-30,31,M&M,,,964934049.0992063
NSE,2010-09-01,2010-09-30,33,ITC,,,936298767.0563493
NSE,2010-09-01,2010-09-30,38,MARUTI,,,833388941.9
NSE,2010-09-01,2010-09-30,41,KOTAKBANK,,,798810954.4809523
NSE,2010-09-01,2010-09-30,46,DRREDDY,,,687178805.7642857
NSE,2010-09-01,2010-09-30,54,ADANIENT,,,546058495.968254
NSE,2010-09-01,2010-09-30,59,WIPRO,,,507888061.4388889
NSE,2010-09-01,2010-09-30,60,HINDUNILVR,,,446488268.67460316
NSE,2010-09-01,2010-09-30,70,HCLTECH,,,394155359.6563492
NSE,2010-09-01,2010-09-30,78,CIPLA,,,341476517.0531746
NSE,2010-09-01,2010-09-30,83,NTPC,,,305801984.10634923
NSE,2010-09-01,2010-09-30,91,TITAN,,,295067093.0857142
NSE,2010-09-01,2010-09-30,108,SUNPHARMA,,,252159235.9857143
NSE,2010-09-01,2010-09-30,121,ASIANPAINT,,,229613993.28333333
NSE,2010-09-01,2010-09-30,173,POWERGRID,,,149962444.5039683
NSE,2010-09-01,2010-09-30,190,ULTRACEMCO,,,126386130.27063492
NSE,2010-09-01,2010-09-30,293,NESTLEIND,,,67514839.40555556
NSE,2010-10-01,2010-10-31,1,RELIANCE,,,4632395429.546825
NSE,2010-10-01,2010-10-31,2,SBIN,,,4620985495.716666
NSE,2010-10-01,2010-10-31,3,TATASTEEL,,,3714495074.8690476
NSE,2010-10-01,2010-10-31,4,TATAMOTORS,,,3526542509.44127
NSE,2010-10-01,2010-10-31,5,ICICIBANK,,,3477758809.592064
NSE,2010-10-01,2010-10-31,7,LT,,,2039414926.2436507
NSE,2010-10-01,2010-10-31,8,BHARTIARTL,,,2020406212.203968
NSE,2010-10-01,2010-10-31,12,AXISBANK,,,1773404759.4555554
NSE,2010-10-01,2010-10-31,13,HDFCBANK,,,1766783928.6928573
NSE,2010-10-01,2010-10-31,17,TCS,,,1365808622.1412697
NSE,2010-10-01,2010-10-31,18,ONGC,,,1340641380.0420637
NSE,2010-10-01,2010-10-31,31,ITC,,,1060683078.8222222
NSE,2010-10-01,2010-10-31,34,M&M,,,955943529.065873
NSE,2010-10-01,2010-10-31,39,MARUTI,,,843453507.0785714
NSE,2010-10-01,2010-10-31,45,KOTAKBANK,,,728711800.4841269
NSE,2010-10-01,2010-10-31,46,ADANIENT,,,699275318.4277778
NSE,2010-10-01,2010-10-31,49,DRREDDY,,,658098898.5793651
NSE,2010-10-01,2010-10-31,54,HINDUNILVR,,,545684593.8706349
NSE,2010-10-01,2010-10-31,59,WIPRO,,,521181803.9857143
NSE,2010-10-01,2010-10-31,66,NTPC,,,470270521.5015873
NSE,2010-10-01,2010-10-31,68,TITAN,,,454356227.0111111
NSE,2010-10-01,2010-10-31,75,CIPLA,,,394306217.68174607
NSE,2010-10-01,2010-10-31,79,HCLTECH,,,368982478.89365077
NSE,2010-10-01,2010-10-31,81,SUNPHARMA,,,359205666.6849206
NSE,2010-10-01,2010-10-31,91,ASIANPAINT,,,322826447.86746037
NSE,2010-10-01,2010-10-31,151,ULTRACEMCO,,,200121609.80873019
NSE,2010-10-01,2010-10-31,168,POWERGRID,,,182532384.7857143
NSE,2010-10-01,2010-10-31,245,NESTLEIND,,,109116783.2452381
NSE,2010-11-01,2010-11-30,1,RELIANCE,,,5236651498.853174
NSE,2010-11-01,2010-11-30,2,SBIN,,,4674959701.779366
NSE,2010-11-01,2010-11-30,3,TATASTEEL,,,4019045060.202381
NSE,2010-11-01,2010-11-30,4,ICICIBANK,,,3978295937.107143
NSE,2010-11-01,2010-11-30,5,TATAMOTORS,,,3694121015.142857
NSE,2010-11-01,2010-11-30,9,LT,,,1996054896.1873016
NSE,2010-11-01,2010-11-30,10,HDFCBANK,,,1876730041.95873
NSE,2010-11-01,2010-11-30,12,AXISBANK,,,1821761272.670635
NSE,2010-11-01,2010-11-30,13,BHARTIARTL,,,1679991063.4071429
NSE,2010-11-01,2010-11-30,15,TCS,,,1455824684.1626985
NSE,2010-11-01,2010-11-30,18,ONGC,,,1339923670.6849205
NSE,2010-11-01,2010-11-30,27,ITC,,,1168153913.170635
NSE,2010-11-01,2010-11-30,28,M&M,,,1084871857.988889
NSE,2010-11-01,2010-11-30,46,KOTAKBANK,,,748537563.8531746
NSE,2010-11-01,2010-11-30,49,MARUTI,,,715432673.097619
NSE,2010-11-01,2010-11-30,50,ADANIENT,,,694039138.1531746
NSE,2010-11-01,2010-11-30,52,WIPRO,,,636016132.7039684
NSE,2010-11-01,2010-11-30,53,HINDUNILVR,,,635527238.6730158
NSE,2010-11-01,2010-11-30,56,NTPC,,,617259488.9015872
NSE,2010-11-01,2010-11-30,60,DRREDDY,,,600692208.268254
NSE,2010-11-01,2010-11-30,65,TITAN,,,547716704.2309523
NSE,2010-11-01,2010-11-30,68,CIPLA,,,513964592.77936506
NSE,2010-11-01,2010-11-30,94,HCLTECH,,,357071328.43968254
NSE,2010-11-01,2010-11-30,97,SUNPHARMA,,,353449105.3611111
NSE,2010-11-01,2010-11-30,113,ASIANPAINT,,,308321473.7246032
NSE,2010-11-01,2010-11-30,134,ULTRACEMCO,,,258610253.45396826
NSE,2010-11-01,2010-11-30,148,POWERGRID,,,227155351.168254
NSE,2010-11-01,2010-11-30,202,NESTLEIND,,,148163042.45000002
NSE,2010-12-01,2011-01-02,1,SBIN,,,5963424147.976985
NSE,2010-12-01,2011-01-02,2,RELIANCE,,,5259194101.381746
NSE,2010-12-01,2011-01-02,3,ICICIBANK,,,4332334611.784921
NSE,2010-12-01,2011-01-02,4,TATASTEEL,,,4125256620.323016
NSE,2010-12-01,2011-01-02,5,TATAMOTORS,,,3439793321.3476195
NSE,2010-12-01,2011-01-02,9,LT,,,2195538100.480159
NSE,2010-12-01,2011-01-02,11,AXISBANK,,,1998471039.9960318
NSE,2010-12-01,2011-01-02,12,BHARTIARTL,,,1973337217.657143
NSE,2010-12-01,2011-01-02,14,HDFCBANK,,,1891654625.213492
NSE,2010-12-01,2011-01-02,17,TCS,,,1547094933.4484127
NSE,2010-12-01,2011-01-02,21,M&M,,,1326727434.9388888
NSE,2010-12-01,2011-01-02,24,ONGC,,,1276827310.536508
NSE,2010-12-01,2011-01-02,25,ITC,,,1265642425.9674602
NSE,2010-12-01,2011-01-02,37,POWERGRID,,,847510631.4373016
NSE,2010-12-01,2011-01-02,38,TITAN,,,846660383.1460319
NSE,2010-12-01,2011-01-02,49,HINDUNILVR,,,736707253.9134921
NSE,2010-12-01,2011-01-02,52,NTPC,,,713796777.8968254
NSE,2010-12-01,2011-01-02,58,KOTAKBANK,,,677952698.0396825
NSE,2010-12-01,2011-01-02,60,MARUTI,,,666818871.3976191
NSE,2010-12-01,2011-01-02,64,WIPRO,,,639231588.4777777
NSE,2010-12-01,2011-01-02,67,DRREDDY,,,619924071.9666667
NSE,2010-12-01,2011-01-02,68,ADANIENT,,,603517146.1126984
NSE,2010-12-01,2011-01-02,69,CIPLA,,,587174160.1190476
NSE,2010-12-01,2011-01-02,91,ULTRACEMCO,,,434449770.57380956
NSE,2010-12-01,2011-01-02,99,SUNPHARMA,,,381971068.9634921
NSE,2010-12-01,2011-01-02,115,HCLTECH,,,318989380.0873016
NSE,2010-12-01,2011-01-02,123,ASIANPAINT,,,293882542.1936508
NSE,2010-12-01,2011-01-02,193,NESTLEIND,,,161407059.9626984
NSE,2011-01-03,2011-01-31,1,SBIN,,,6417893713.515874
NSE,2011-01-03,2011-01-31,2,RELIANCE,,,4852398579.254762
NSE,2011-01-03,2011-01-31,3,ICICIBANK,,,4406655730.880953
NSE,2011-01-03,2011-01-31,4,TATAMOTORS,,,4028712555.9634924
NSE,2011-01-03,2011-01-31,5,TATASTEEL,,,3681497366.7285714
NSE,2011-01-03,2011-01-31,8,AXISBANK,,,2035852900.164286
NSE,2011-01-03,2011-01-31,9,LT,,,1992723852.5373018
NSE,2011-01-03,2011-01-31,11,BHARTIARTL,,,1744886694.6063492
NSE,2011-01-03,2011-01-31,12,HDFCBANK,,,1703274641.4674602
NSE,2011-01-03,2011-01-31,16,TCS,,,1499785831.8031747
NSE,2011-01-03,2011-01-31,18,M&M,,,1430199191.3373015
NSE,2011-01-03,2011-01-31,25,ITC,,,1145962225.5333335
NSE,2011-01-03,2011-01-31,26,ONGC,,,1134604178.018254
NSE,2011-01-03,2011-01-31,27,POWERGRID,,,1127989921.675397
NSE,2011-01-03,2011-01-31,32,TITAN,,,968083474.2920635
NSE,2011-01-03,2011-01-31,48,WIPRO,,,703392368.4396826
NSE,2011-01-03,2011-01-31,55,DRREDDY,,,650287564.7047619
NSE,2011-01-03,2011-01-31,59,HINDUNILVR,,,616749943.9857143
NSE,2011-01-03,2011-01-31,61,CIPLA,,,610049481.3984128
NSE,2011-01-03,2011-01-31,67,NTPC,,,586627617.2460318
NSE,2011-01-03,2011-01-31,74,ADANIENT,,,522619291.6047619
NSE,2011-01-03,2011-01-31,76,MARUTI,,,510025990.4095238
NSE,2011-01-03,2011-01-31,80,KOTAKBANK,,,493153873.4174603
NSE,2011-01-03,2011-01-31,96,ULTRACEMCO,,,393079086.12857145
NSE,2011-01-03,2011-01-31,104,SUNPHARMA,,,338964402.50396824
NSE,2011-01-03,2011-01-31,113,HCLTECH,,,313329650.63253963
NSE,2011-01-03,2011-01-31,148,ASIANPAINT,,,202153091.34444445
NSE,2011-01-03,2011-01-31,212,NESTLEIND,,,120712533.11746033
NSE,2011-02-01,2011-02-28,1,SBIN,,,7762342506.662699
NSE,2011-02-01,2011-02-28,2,RELIANCE,,,4736589194.561905
NSE,2011-02-01,2011-02-28,3,ICICIBANK,,,4684827996.683333
NSE,2011-02-01,2011-02-28,4,TATAMOTORS,,,4387989805.526191
NSE,2011-02-01,2011-02-28,5,TATASTEEL,,,3606459143.0190477
NSE,2011-02-01,2011-02-28,8,LT,,,2372776857.561111
NSE,2011-02-01,2011-02-28,9,AXISBANK,,,2262946837.3031745
NSE,2011-02-01,2011-02-28,10,HDFCBANK,,,1869340038.8087301
NSE,2011-02-01,2011-02-28,13,TCS,,,1631620414.436508
NSE,2011-02-01,2011-02-28,14,BHARTIARTL,,,1594054021.895238
NSE,2011-02-01,2011-02-28,17,M&M,,,1451714430.7777777
NSE,2011-02-01,2011-02-28,21,POWERGRID,,,1216857005.0103173
NSE,2011-02-01,2011-02-28,22,ONGC,,,1212076614.1007938
NSE,2011-02-01,2011-02-28,24,TITAN,,,1165497910.227778
NSE,2011-02-01,2011-02-28,25,ITC,,,1160589300.5626984
NSE,2011-02-01,2011-02-28,46,WIPRO,,,701830500.1492063
NSE,2011-02-01,2011-02-28,49,HINDUNILVR,,,669759437.6095239
NSE,2011-02-01,2011-02-28,50,DRREDDY,,,667963057.263492
NSE,2011-02-01,2011-02-28,60,ADANIENT,,,561692063.7126985
NSE,2011-02-01,2011-02-28,63,CIPLA,,,555926767.4119048
NSE,2011-02-01,2011-02-28,72,NTPC,,,480140195.7150794
NSE,2011-02-01,2011-02-28,79,HCLTECH,,,403784439.03333336
NSE,2011-02-01,2011-02-28,80,MARUTI,,,397904157.1547619
NSE,2011-02-01,2011-02-28,81,KOTAKBANK,,,392746716.6809524
NSE,2011-02-01,2011-02-28,82,SUNPHARMA,,,380760254.2007936
NSE,2011-02-01,2011-02-28,95,ULTRACEMCO,,,322885662.4380953
NSE,2011-02-01,2011-02-28,142,ASIANPAINT,,,208627861.56031746
NSE,2011-02-01,2011-02-28,226,NESTLEIND,,,93781925.81269841
NSE,2011-02-01,2011-02-28,483,BAJFINANCE,,,18143004.15238095
NSE,2011-03-01,2011-03-31,1,SBIN,,,7101562529.914286
NSE,2011-03-01,2011-03-31,2,RELIANCE,,,4924755174.422223
NSE,2011-03-01,2011-03-31,3,ICICIBANK,,,4545866805.571428
NSE,2011-03-01,2011-03-31,4,TATAMOTORS,,,4423777398.207144
NSE,2011-03-01,2011-03-31,5,TATASTEEL,,,3848688807.7206354
NSE,2011-03-01,2011-03-31,7,LT,,,2663724934.097619
NSE,2011-03-01,2011-03-31,8,AXISBANK,,,2220305106.842064
NSE,2011-03-01,2011-03-31,10,HDFCBANK,,,1990042346.5253968
NSE,2011-03-01,2011-03-31,12,TCS,,,1830089924.4880953
NSE,2011-03-01,2011-03-31,16,M&M,,,1489815792.10873
NSE,2011-03-01,2011-03-31,20,BHARTIARTL,,,1352843603.2595239
NSE,2011-03-01,2011-03-31,21,ONGC,,,1318710169.9579365
NSE,2011-03-01,2011-03-31,23,ITC,,,1225127256.05
NSE,2011-03-01,2011-03-31,25,TITAN,,,1162771730.290476
NSE,2011-03-01,2011-03-31,35,POWERGRID,,,889682119.9936508
NSE,2011-03-01,2011-03-31,42,WIPRO,,,758315043.0984126
NSE,2011-03-01,2011-03-31,50,HINDUNILVR,,,601033526.0825398
NSE,2011-03-01,2011-03-31,51,DRREDDY,,,595176818.1079364
NSE,2011-03-01,2011-03-31,56,ADANIENT,,,492169613.50238097
NSE,2011-03-01,2011-03-31,57,HCLTECH,,,489788500.4285714
NSE,2011-03-01,2011-03-31,58,CIPLA,,,486523332.8373016
NSE,2011-03-01,2011-03-31,65,SUNPHARMA,,,448947393.0484127
NSE,2011-03-01,2011-03-31,72,NTPC,,,423546801.45555556
NSE,2011-03-01,2011-03-31,74,KOTAKBANK,,,411000597.48968256
NSE,2011-03-01,2011-03-31,77,MARUTI,,,401535287.6357143
NSE,2011-03-01,2011-03-31,127,ASIANPAINT,,,214167684.66904765
NSE,2011-03-01,2011-03-31,154,ULTRACEMCO,,,154773203.3809524
NSE,2011-03-01,2011-03-31,225,NESTLEIND,,,78834166.93888889
NSE,2011-03-01,2011-03-31,437,BAJFINANCE,,,16371419.192063492
NSE,2011-04-01,2011-05-01,1,SBIN,,,6229523956.203968
NSE,2011-04-01,2011-05-01,2,RELIANCE,,,5130428490.863492
NSE,2011-04-01,2011-05-01,3,ICICIBANK,,,4442348108.927778
NSE,2011-04-01,2011-05-01,4,TATASTEEL,,,3609512215.987302
NSE,2011-04-01,2011-05-01,5,TATAMOTORS,,,3445218679.484921
NSE,2011-04-01,2011-05-01,7,LT,,,3025910948.9587307
NSE,2011-04-01,2011-05-01,8,AXISBANK,,,2138986634.9047618
NSE,2011-04-01,2011-05-01,10,HDFCBANK,,,2046561578.8015873
NSE,2011-04-01,2011-05-01,12,TCS,,,1948899327.4484127
NSE,2011-04-01,2011-05-01,21,M&M,,,1421993316.2944443
NSE,2011-04-01,2011-05-01,22,BHARTIARTL,,,1342350902.6182542
NSE,2011-04-01,2011-05-01,23,ITC,,,1334963285.9230158
NSE,2011-04-01,2011-05-01,25,ONGC,,,1182514761.397619
NSE,2011-04-01,2011-05-01,26,TITAN,,,1172550934.1253967
NSE,2011-04-01,2011-05-01,43,WIPRO,,,659656290.9642857
NSE,2011-04-01,2011-05-01,44,POWERGRID,,,654522658.5126984
NSE,2011-04-01,2011-05-01,47,HINDUNILVR,,,607414468.173016
NSE,2011-04-01,2011-05-01,52,MARUTI,,,505949225.0785714
NSE,2011-04-01,2011-05-01,53,DRREDDY,,,505747321.49206346
NSE,2011-04-01,2011-05-01,56,HCLTECH,,,495697570.18333334
NSE,2011-04-01,2011-05-01,59,SUNPHARMA,,,458583083.34999996
NSE,2011-04-01,2011-05-01,60,ADANIENT,,,445278292.5293651
NSE,2011-04-01,2011-05-01,62,KOTAKBANK,,,436122039.9015873
NSE,2011-04-01,2011-05-01,64,CIPLA,,,432656195.2190476
NSE,2011-04-01,2011-05-01,78,NTPC,,,352664743.4309524
NSE,2011-04-01,2011-05-01,112,ASIANPAINT,,,217669329.0722222
NSE,2011-04-01,2011-05-01,163,ULTRACEMCO,,,133801986.27857143
NSE,2011-04-01,2011-05-01,214,NESTLEIND,,,85965917.64603174
NSE,2011-04-01,2011-05-01,401,BAJFINANCE,,,17835133.570634916
NSE,2011-05-02,2011-05-31,1,SBIN,,,5268549080.769841
NSE,2011-05-02,2011-05-31,2,RELIANCE,,,4713778457.911112
NSE,2011-05-02,2011-05-31,3,ICICIBANK,,,4224371555.0571427
NSE,2011-05-02,2011-05-31,5,TATASTEEL,,,2932497041.3333335
NSE,2011-05-02,2011-05-31,6,TATAMOTORS,,,2924144104.859524
NSE,2011-05-02,2011-05-31,7,LT,,,2841663887.069048
NSE,2011-05-02,2011-05-31,8,TCS,,,2072499152.3325396
NSE,2011-05-02,2011-05-31,10,AXISBANK,,,2033930988.2404761
NSE,2011-05-02,2011-05-31,11,HDFCBANK,,,1963788007.5579367
NSE,2011-05-02,2011-05-31,17,BHARTIARTL,,,1513111552.288889
NSE,2011-05-02,2011-05-31,21,ITC,,,1363544748.9674604
NSE,2011-05-02,2011-05-31,22,M&M,,,1338422572.0626984
NSE,2011-05-02,2011-05-31,23,TITAN,,,1269893823.473016
NSE,2011-05-02,2011-05-31,26,ONGC,,,1149474362.8142858
NSE,2011-05-02,2011-05-31,43,WIPRO,,,610430451.6103175
NSE,2011-05-02,2011-05-31,47,POWERGRID,,,572144374.3166666
NSE,2011-05-02,2011-05-31,49,MARUTI,,,550541880.1873016
NSE,2011-05-02,2011-05-31,51,HINDUNILVR,,,520156390.7452381
NSE,2011-05-02,2011-05-31,55,HCLTECH,,,493320559.6111111
NSE,2011-05-02,2011-05-31,61,SUNPHARMA,,,436398926.0452381
NSE,2011-05-02,2011-05-31,63,DRREDDY,,,420878200.07301587
NSE,2011-05-02,2011-05-31,64,KOTAKBANK,,,418675504.4904762
NSE,2011-05-02,2011-05-31,69,CIPLA,,,391527874.01111114
NSE,2011-05-02,2011-05-31,89,NTPC,,,317796985.9944445
NSE,2011-05-02,2011-05-31,99,ADANIENT,,,260960385.5388889
NSE,2011-05-02,2011-05-31,116,ASIANPAINT,,,208965513.64285713
NSE,2011-05-02,2011-05-31,144,ULTRACEMCO,,,159775801.26507935
NSE,2011-05-02,2011-05-31,184,NESTLEIND,,,114355313.4031746
NSE,2011-05-02,2011-05-31,451,BAJFINANCE,,,13522367.657142857
NSE,2011-06-01,2011-06-30,1,SBIN,,,5284222847.902381
NSE,2011-06-01,2011-06-30,3,ICICIBANK,,,3925054820.339683
NSE,2011-06-01,2011-06-30,4,RELIANCE,,,3713674576.234127
NSE,2011-06-01,2011-06-30,5,LT,,,2817913894.4174604
NSE,2011-06-01,2011-06-30,6,TATAMOTORS,,,2382218071.269841
NSE,2011-06-01,2011-06-30,7,TATASTEEL,,,2067868847.6174603
NSE,2011-06-01,2011-06-30,8,AXISBANK,,,2036905292.4055555
NSE,2011-06-01,2011-06-30,9,HDFCBANK,,,1918697169.506349
NSE,2011-06-01,2011-06-30,11,TCS,,,1732071518.765873
NSE,2011-06-01,2011-06-30,13,BHARTIARTL,,,1393336912.5912697
NSE,2011-06-01,2011-06-30,14,ITC,,,1352536084.7246032
NSE,2011-06-01,2011-06-30,18,TITAN,,,1223173047.3023808
NSE,2011-06-01,2011-06-30,21,ONGC,,,1187705966.011111
NSE,2011-06-01,2011-06-30,22,M&M,,,1179591531.5642858
NSE,2011-06-01,2011-06-30,44,HINDUNILVR,,,564106021.5380952
NSE,2011-06-01,2011-06-30,48,MARUTI,,,519923843.0055555
NSE,2011-06-01,2011-06-30,49,WIPRO,,,506905288.5182539
NSE,2011-06-01,2011-06-30,59,HCLTECH,,,420815356.318254
NSE,2011-06-01,2011-06-30,61,SUNPHARMA,,,416490282.54285717
NSE,2011-06-01,2011-06-30,62,DRREDDY,,,401644737.41904765
NSE,2011-06-01,2011-06-30,68,NTPC,,,381953809.48333335
NSE,2011-06-01,2011-06-30,69,KOTAKBANK,,,381683034.6666667
NSE,2011-06-01,2011-06-30,72,CIPLA,,,361945374.9595238
NSE,2011-06-01,2011-06-30,73,ASIANPAINT,,,357832837.2880952
NSE,2011-06-01,2011-06-30,79,POWERGRID,,,324005767.4380953
NSE,2011-06-01,2011-06-30,106,ADANIENT,,,236790984.8420635
NSE,2011-06-01,2011-06-30,152,ULTRACEMCO,,,148835604.83888888
NSE,2011-06-01,2011-06-30,178,NESTLEIND,,,106048664.64206348
NSE,2011-10-03,2011-10-31,1,SBIN,INE062A01012,,4557880237.8785715
NSE,2011-10-03,2011-10-31,2,RELIANCE,INE002A01018,,3821163305.6317463
NSE,2011-10-03,2011-10-31,3,INFY,INE009A01021,,3492127173.8365083
NSE,2011-10-03,2011-10-31,4,ICICIBANK,INE090A01013,,3307829702.7055554
NSE,2011-10-03,2011-10-31,5,LT,INE018A01030,,2707589297.2777777
NSE,2011-10-03,2011-10-31,6,TATAMOTORS,INE155A01022,,2263271669.926984
NSE,2011-10-03,2011-10-31,7,AXISBANK,INE238A01026,,2251895738.9952383
NSE,2011-10-03,2011-10-31,8,BHARTIARTL,INE397D01024,,2055405359.4174604
NSE,2011-10-03,2011-10-31,9,TCS,INE467B01029,,2014700875.8428571
NSE,2011-10-03,2011-10-31,10,TATASTEEL,INE081A01012,,1961892871.6253967
NSE,2011-10-03,2011-10-31,12,HDFCBANK,INE040A01026,,1588498131.2603173
NSE,2011-10-03,2011-10-31,13,ITC,INE154A01025,,1546086466.7198412
NSE,2011-10-03,2011-10-31,16,M&M,INE101A01026,,1458649402.6880953
NSE,2011-10-03,2011-10-31,20,ONGC,INE213A01029,,1161394436.452381
NSE,2011-10-03,2011-10-31,28,HINDUNILVR,INE030A01027,,867126585.8896824
NSE,2011-10-03,2011-10-31,33,TITAN,INE280A01028,,754311310.1222222
NSE,2011-10-03,2011-10-31,46,DRREDDY,INE089A01023,,562568348.997619
NSE,2011-10-03,2011-10-31,47,WIPRO,INE075A01022,,540658522.3087301
NSE,2011-10-03,2011-10-31,51,MARUTI,INE585B01010,,511205614.99285716
NSE,2011-10-03,2011-10-31,54,SUNPHARMA,INE044A01036,,480844116.8904762
NSE,2011-10-03,2011-10-31,56,HCLTECH,INE860A01027,,461038112.6238095
NSE,2011-10-03,2011-10-31,57,ADANIENT,INE423A01024,,456092057.81666666
NSE,2011-10-03,2011-10-31,59,KOTAKBANK,INE237A01028,,444792898.3214286
NSE,2011-10-03,2011-10-31,60,NTPC,INE733E01010,,440024805.77698416
NSE,2011-10-03,2011-10-31,70,POWERGRID,INE752E01010,,371326029.3888889
NSE,2011-10-03,2011-10-31,74,CIPLA,INE059A01026,,347617987.3246032
NSE,2011-10-03,2011-10-31,108,ASIANPAINT,INE021A01018,,207535883.03968254
NSE,2011-10-03,2011-10-31,120,ULTRACEMCO,INE481G01011,,176394835.9690476
NSE,2011-10-03,2011-10-31,192,NESTLEIND,INE239A01016,,86479441.4468254
NSE,2011-10-03,2011-10-31,295,BAJFINANCE,INE296A01016,,37875559.18650793
NSE,2011-11-01,2011-11-30,1,SBIN,INE062A01012,,5371557012.47381
NSE,2011-11-01,2011-11-30,2,INFY,INE009A01021,,3973601299.9007936
NSE,2011-11-01,2011-11-30,3,RELIANCE,INE002A01018,,3778161767.9658732
NSE,2011-11-01,2011-11-30,4,ICICIBANK,INE090A01013,,3651599133.964286
NSE,2011-11-01,2011-11-30,5,LT,INE018A01030,,2972999671.3912697
NSE,2011-11-01,2011-11-30,6,TATAMOTORS,INE155A01022,,2548507426.288889
NSE,2011-11-01,2011-11-30,7,AXISBANK,INE238A01026,,2496259850.661111
NSE,2011-11-01,2011-11-30,8,TCS,INE467B01029,,2119222934.1873016
NSE,2011-11-01,2011-11-30,9,TATASTEEL,INE081A01012,,2028378299.1984127
NSE,2011-11-01,2011-11-30,10,BHARTIARTL,INE397D01024,,1937232489.1126983
NSE,2011-11-01,2011-11-30,12,HDFCBANK,INE040A01026,,1720602614.153968
NSE,2011-11-01,2011-11-30,13,ITC,INE154A01025,,1620287662.1563494
NSE,2011-11-01,2011-11-30,15,M&M,INE101A01026,,1513433581.995238
NSE,2011-11-01,2011-11-30,22,ONGC,INE213A01029,,1134799400.920635
NSE,2011-11-01,2011-11-30,26,HINDUNILVR,INE030A01027,,950572600.6373016
NSE,2011-11-01,2011-11-30,34,TITAN,INE280A01028,,739407644.1158731
NSE,2011-11-01,2011-11-30,36,MARUTI,INE585B01010,,695921409.2793651
NSE,2011-11-01,2011-11-30,48,HCLTECH,INE860A01027,,531904536.4849207
NSE,2011-11-01,2011-11-30,49,WIPRO,INE075A01022,,531777274.634127
NSE,2011-11-01,2011-11-30,50,SUNPHARMA,INE044A01036,,506008537.89126986
NSE,2011-11-01,2011-11-30,51,DRREDDY,INE089A01023,,499804097.23015875
NSE,2011-11-01,2011-11-30,52,ADANIENT,INE423A01024,,481368322.7055555
NSE,2011-11-01,2011-11-30,57,NTPC,INE733E01010,,422224447.7595238
NSE,2011-11-01,2011-11-30,58,KOTAKBANK,INE237A01028,,420087585.6269841
NSE,2011-11-01,2011-11-30,66,CIPLA,INE059A01026,,362108335.618254
NSE,2011-11-01,2011-11-30,73,POWERGRID,INE752E01010,,328675480.0015873
NSE,2011-11-01,2011-11-30,108,ASIANPAINT,INE021A01018,,184065692.30476192
NSE,2011-11-01,2011-11-30,111,ULTRACEMCO,INE481G01011,,174064264.4650794
NSE,2011-11-01,2011-11-30,191,NESTLEIND,INE239A01016,,78738507.4531746
NSE,2011-11-01,2011-11-30,374,BAJFINANCE,INE296A01016,,15923294.447619047
NSE,2011-12-01,2012-01-01,1,SBIN,INE062A01012,,6030800189.212699
NSE,2011-12-01,2012-01-01,2,ICICIBANK,INE090A01013,,4036979705.1238093
NSE,2011-12-01,2012-01-01,3,RELIANCE,INE002A01018,,3823831502.7507935
NSE,2011-12-01,2012-01-01,4,INFY,INE009A01021,,3630843629.0539684
NSE,2011-12-01,2012-01-01,5,LT,INE018A01030,,3028752502.1261907
NSE,2011-12-01,2012-01-01,6,TATAMOTORS,INE155A01022,,2707492670.7476187
NSE,2011-12-01,2012-01-01,7,AXISBANK,INE238A01026,,2397521750.1214285
NSE,2011-12-01,2012-01-01,8,BHARTIARTL,INE397D01024,,2076216534.7246034
NSE,2011-12-01,2012-01-01,9,TATASTEEL,INE081A01012,,2049169636.4484127
NSE,2011-12-01,2012-01-01,10,TCS,INE467B01029,,1917411119.390476
NSE,2011-12-01,2012-01-01,11,HDFCBANK,INE040A01026,,1723768530.1507936
NSE,2011-12-01,2012-01-01,13,M&M,INE101A01026,,1474312899.634127
NSE,2011-12-01,2012-01-01,14,ITC,INE154A01025,,1463507180.7349205
NSE,2011-12-01,2012-01-01,22,HINDUNILVR,INE030A01027,,1135983540.2968256
NSE,2011-12-01,2012-01-01,26,ONGC,INE213A01029,,1025783238.7111111
NSE,2011-12-01,2012-01-01,27,MARUTI,INE585B01010,,781374560.9420635
NSE,2011-12-01,2012-01-01,28,TITAN,INE280A01028,,780130739.0261905
NSE,2011-12-01,2012-01-01,44,WIPRO,INE075A01022,,566512702.2746031
NSE,2011-12-01,2012-01-01,48,HCLTECH,INE860A01027,,517318882.4444444
NSE,2011-12-01,2012-01-01,50,SUNPHARMA,INE044A01036,,489397320.8579365
NSE,2011-12-01,2012-01-01,52,DRREDDY,INE089A01023,,480363060.06031746
NSE,2011-12-01,2012-01-01,54,CIPLA,INE059A01026,,411824311.0468254
NSE,2011-12-01,2012-01-01,59,NTPC,INE733E01010,,403238381.36587304
NSE,2011-12-01,2012-01-01,61,KOTAKBANK,INE237A01028,,381371971.2484127
NSE,2011-12-01,2012-01-01,77,ADANIENT,INE423A01024,,303380299.4484127
NSE,2011-12-01,2012-01-01,81,POWERGRID,INE752E01010,,292750766.884127
NSE,2011-12-01,2012-01-01,109,ASIANPAINT,INE021A01018,,176566742.1111111
NSE,2011-12-01,2012-01-01,111,ULTRACEMCO,INE481G01011,,161779331.965873
NSE,2011-12-01,2012-01-01,168,NESTLEIND,INE239A01016,,90914336.84523809
NSE,2011-12-01,2012-01-01,400,BAJFINANCE,INE296A01016,,11475001.250793653
NSE,2012-01-02,2012-01-31,1,SBIN,INE062A01012,,5889799099.299206
NSE,2012-01-02,2012-01-31,2,ICICIBANK,INE090A01013,,4315443252.739682
NSE,2012-01-02,2012-01-31,3,INFY,INE009A01021,,3530107076.70873
NSE,2012-01-02,2012-01-31,4,RELIANCE,INE002A01018,,3399388948.1190476
NSE,2012-01-02,2012-01-31,5,LT,INE018A01030,,3003257405.380159
NSE,2012-01-02,2012-01-31,6,TATAMOTORS,INE155A01022,,2733700235.0079365
NSE,2012-01-02,2012-01-31,7,AXISBANK,INE238A01026,,2350991278.388889
NSE,2012-01-02,2012-01-31,8,BHARTIARTL,INE397D01024,,2217112573.528571
NSE,2012-01-02,2012-01-31,9,TATASTEEL,INE081A01012,,1961796247.5325398
NSE,2012-01-02,2012-01-31,10,HDFCBANK,INE040A01026,,1709721560.7333333
NSE,2012-01-02,2012-01-31,11,TCS,INE467B01029,,1701956470.2031746
NSE,2012-01-02,2012-01-31,13,ITC,INE154A01025,,1394294170.8253968
NSE,2012-01-02,2012-01-31,15,M&M,INE101A01026,,1347168231.7444444
NSE,2012-01-02,2012-01-31,20,HINDUNILVR,INE030A01027,,1064974157.0563493
NSE,2012-01-02,2012-01-31,26,TITAN,INE280A01028,,815642540.673016
NSE,2012-01-02,2012-01-31,28,MARUTI,INE585B01010,,727268150.4349207
NSE,2012-01-02,2012-01-31,31,ONGC,INE213A01029,,674949134.1595238
NSE,2012-01-02,2012-01-31,35,WIPRO,INE075A01022,,627036864.0103174
NSE,2012-01-02,2012-01-31,46,HCLTECH,INE860A01027,,507223695.96746033
NSE,2012-01-02,2012-01-31,47,DRREDDY,INE089A01023,,499540090.6134921
NSE,2012-01-02,2012-01-31,52,SUNPHARMA,INE044A01036,,430928610.43174607
NSE,2012-01-02,2012-01-31,53,CIPLA,INE059A01026,,423188374.42777777
NSE,2012-01-02,2012-01-31,58,NTPC,INE733E01010,,392584035.18412703
NSE,2012-01-02,2012-01-31,60,KOTAKBANK,INE237A01028,,377709850.4634921
NSE,2012-01-02,2012-01-31,75,ADANIENT,INE423A01024,,290485306.1214286
NSE,2012-01-02,2012-01-31,76,POWERGRID,INE752E01010,,288642583.152381
NSE,2012-01-02,2012-01-31,99,ASIANPAINT,INE021A01018,,184289636.46349204
NSE,2012-01-02,2012-01-31,106,ULTRACEMCO,INE481G01011,,168180367.39841267
NSE,2012-01-02,2012-01-31,146,NESTLEIND,INE239A01016,,99213602.64603174
NSE,2012-01-02,2012-01-31,413,BAJFINANCE,INE296A01016,,9092060.565873016
NSE,2012-02-01,2012-02-29,1,SBIN,INE062A01012,,5485915149.857936
NSE,2012-02-01,2012-02-29,2,ICICIBANK,INE090A01013,,4608545128.319047
NSE,2012-02-01,2012-02-29,3,RELIANCE,INE002A01018,,3552538228.249206
NSE,2012-02-01,2012-02-29,4,INFY,INE009A01021,,3263034098.9706354
NSE,2012-02-01,2012-02-29,5,LT,INE018A01030,,3099938175.2611113
NSE,2012-02-01,2012-02-29,6,TATAMOTORS,INE155A01022,,3053887388.8031745
NSE,2012-02-01,2012-02-29,7,AXISBANK,INE238A01026,,2436083490.7373013
NSE,2012-02-01,2012-02-29,8,TATASTEEL,INE081A01012,,2218703977.879365
NSE,2012-02-01,2012-02-29,9,BHARTIARTL,INE397D01024,,2215022201.3301587
NSE,2012-02-01,2012-02-29,10,TCS,INE467B01029,,1681019540.5261903
NSE,2012-02-01,2012-02-29,13,M&M,INE101A01026,,1554809816.5595238
NSE,2012-02-01,2012-02-29,14,HDFCBANK,INE040A01026,,1442703125.5849206
NSE,2012-02-01,2012-02-29,16,ITC,INE154A01025,,1349360983.6571429
NSE,2012-02-01,2012-02-29,21,HINDUNILVR,INE030A01027,,1119767464.29127
NSE,2012-02-01,2012-02-29,28,MARUTI,INE585B01010,,806453752.9404762
NSE,2012-02-01,2012-02-29,32,TITAN,INE280A01028,,769541264.0222223
NSE,2012-02-01,2012-02-29,35,WIPRO,INE075A01022,,672813496.2857143
NSE,2012-02-01,2012-02-29,40,ONGC,INE213A01029,,621376839.7650794
NSE,2012-02-01,2012-02-29,47,DRREDDY,INE089A01023,,523055397.24206346
NSE,2012-02-01,2012-02-29,48,HCLTECH,INE860A01027,,490014595.4666667
NSE,2012-02-01,2012-02-29,49,ADANIENT,INE423A01024,,478825653.84365076
NSE,2012-02-01,2012-02-29,59,CIPLA,INE059A01026,,428656714.1825397
NSE,2012-02-01,2012-02-29,60,SUNPHARMA,INE044A01036,,424216909.1753968
NSE,2012-02-01,2012-02-29,61,NTPC,INE733E01010,,414096758.7357143
NSE,2012-02-01,2012-02-29,67,KOTAKBANK,INE237A01028,,365994482.6753968
NSE,2012-02-01,2012-02-29,72,POWERGRID,INE752E01010,,338630421.3269841
NSE,2012-02-01,2012-02-29,91,ASIANPAINT,INE021A01018,,213289607.6436508
NSE,2012-02-01,2012-02-29,104,ULTRACEMCO,INE481G01011,,176020744.9642857
NSE,2012-02-01,2012-02-29,157,NESTLEIND,INE239A01016,,103504233.83253969
NSE,2012-02-01,2012-02-29,377,BAJFINANCE,INE296A01016,,13382753.67063492
NSE,2012-03-01,2012-04-01,1,SBIN,INE062A01012,,5977108320.488095
NSE,2012-03-01,2012-04-01,2,ICICIBANK,INE090A01013,,4651023726.921429
NSE,2012-03-01,2012-04-01,3,RELIANCE,INE002A01018,,3850711687.2515874
NSE,2012-03-01,2012-04-01,4,TATAMOTORS,INE155A01022,,3435588552.850794
NSE,2012-03-01,2012-04-01,5,LT,INE018A01030,,3369369694.6412697
NSE,2012-03-01,2012-04-01,6,INFY,INE009A01021,,3297192112.3
NSE,2012-03-01,2012-04-01,8,AXISBANK,INE238A01026,,2663789449.8920636
NSE,2012-03-01,2012-04-01,9,TATASTEEL,INE081A01012,,2615922521.853968
NSE,2012-03-01,2012-04-01,10,BHARTIARTL,INE397D01024,,2349044074.8142858
NSE,2012-03-01,2012-04-01,12,TCS,INE467B01029,,1796308521.6999998
NSE,2012-03-01,2012-04-01,14,M&M,INE101A01026,,1691637032.8579364
NSE,2012-03-01,2012-04-01,15,HDFCBANK,INE040A01026,,1578656114.0603175
NSE,2012-03-01,2012-04-01,18,ITC,INE154A01025,,1424843766.0992064
NSE,2012-03-01,2012-04-01,29,HINDUNILVR,INE030A01027,,980809383.7603174
NSE,2012-03-01,2012-04-01,32,ONGC,INE213A01029,,893110277.1976191
NSE,2012-03-01,2012-04-01,35,MARUTI,INE585B01010,,866203990.9349207
NSE,2012-03-01,2012-04-01,38,TITAN,INE280A01028,,823310544.0111111
NSE,2012-03-01,2012-04-01,45,WIPRO,INE075A01022,,638971557.0341269
NSE,2012-03-01,2012-04-01,47,ADANIENT,INE423A01024,,626967528.1912698
NSE,2012-03-01,2012-04-01,49,DRREDDY,INE089A01023,,603882054.679365
NSE,2012-03-01,2012-04-01,59,HCLTECH,INE860A01027,,467548150.35396826
NSE,2012-03-01,2012-04-01,60,SUNPHARMA,INE044A01036,,463347500.5277778
NSE,2012-03-01,2012-04-01,65,KOTAKBANK,INE237A01028,,449819147.7968254
NSE,2012-03-01,2012-04-01,66,NTPC,INE733E01010,,441211231.46031743
NSE,2012-03-01,2012-04-01,68,POWERGRID,INE752E01010,,432293912.5261905
NSE,2012-03-01,2012-04-01,69,CIPLA,INE059A01026,,428304130.81428576
NSE,2012-03-01,2012-04-01,100,ASIANPAINT,INE021A01018,,256151293.06349206
NSE,2012-03-01,2012-04-01,110,ULTRACEMCO,INE481G01011,,221058769.42063493
NSE,2012-03-01,2012-04-01,188,NESTLEIND,INE239A01016,,92208812.56984127
NSE,2012-03-01,2012-04-01,382,BAJFINANCE,INE296A01016,,16910558.754761904
NSE,2012-04-02,2012-05-01,1,SBIN,INE062A01012,,6156314512.961905
NSE,2012-04-02,2012-05-01,2,ICICIBANK,INE090A01013,,4654428730.359524
NSE,2012-04-02,2012-05-01,3,RELIANCE,INE002A01018,,3861278454.7079363
NSE,2012-04-02,2012-05-01,4,TATAMOTORS,INE155A01022,,3701494418.7968254
NSE,2012-04-02,2012-05-01,6,LT,INE018A01030,,3286942910.4357142
NSE,2012-04-02,2012-05-01,7,INFY,INE009A01021,,3166545045.571429
NSE,2012-04-02,2012-05-01,8,AXISBANK,INE238A01026,,2824360803.593651
NSE,2012-04-02,2012-05-01,9,TATASTEEL,INE081A01012,,2709255492.3785715
NSE,2012-04-02,2012-05-01,10,BHARTIARTL,INE397D01024,,2092661947.786508
NSE,2012-04-02,2012-05-01,13,TCS,INE467B01029,,1888091799.1468253
NSE,2012-04-02,2012-05-01,15,M&M,INE101A01026,,1833418146.022222
NSE,2012-04-02,2012-05-01,16,ITC,INE154A01025,,1785579672.5896823
NSE,2012-04-02,2012-05-01,21,HDFCBANK,INE040A01026,,1513042305.4825397
NSE,2012-04-02,2012-05-01,30,ONGC,INE213A01029,,1059826977.836508
NSE,2012-04-02,2012-05-01,32,MARUTI,INE585B01010,,1000164703.0515873
NSE,2012-04-02,2012-05-01,34,HINDUNILVR,INE030A01027,,956342679.9055556
NSE,2012-04-02,2012-05-01,44,TITAN,INE280A01028,,751939643.4365079
NSE,2012-04-02,2012-05-01,45,ADANIENT,INE423A01024,,740663961.1190476
NSE,2012-04-02,2012-05-01,52,DRREDDY,INE089A01023,,572679984.497619
NSE,2012-04-02,2012-05-01,53,WIPRO,INE075A01022,,570286699.3460318
NSE,2012-04-02,2012-05-01,58,SUNPHARMA,INE044A01036,,525667200.44920635
NSE,2012-04-02,2012-05-01,63,CIPLA,INE059A01026,,485866044.5277778
NSE,2012-04-02,2012-05-01,64,HCLTECH,INE860A01027,,482342151.99444443
NSE,2012-04-02,2012-05-01,65,KOTAKBANK,INE237A01028,,459325452.984127
NSE,2012-04-02,2012-05-01,66,POWERGRID,INE752E01010,,447627418.95238096
NSE,2012-04-02,2012-05-01,74,NTPC,INE733E01010,,422786123.163492
NSE,2012-04-02,2012-05-01,100,ASIANPAINT,INE021A01018,,295057047.00079364
NSE,2012-04-02,2012-05-01,107,ULTRACEMCO,INE481G01011,,255553634.19920632
NSE,2012-04-02,2012-05-01,183,NESTLEIND,INE239A01016,,115290889.55476192
NSE,2012-04-02,2012-05-01,373,BAJFINANCE,INE296A01016,,19945399.401587304
NSE,2012-05-02,2012-05-31,1,SBIN,INE062A01012,,6340817974.175397
NSE,2012-05-02,2012-05-31,2,ICICIBANK,INE090A01013,,4627083736.534921
NSE,2012-05-02,2012-05-31,3,INFY,INE009A01021,,3759919717.854762
NSE,2012-05-02,2012-05-31,5,TATAMOTORS,INE155A01022,,3422953589.801587
NSE,2012-05-02,2012-05-31,6,RELIANCE,INE002A01018,,3416753770.161111
NSE,2012-05-02,2012-05-31,7,LT,INE018A01030,,2887693649.164285
NSE,2012-05-02,2012-05-31,8,AXISBANK,INE238A01026,,2611035153.0857143
NSE,2012-05-02,2012-05-31,9,TATASTEEL,INE081A01012,,2423989744.116667
NSE,2012-05-02,2012-05-31,11,BHARTIARTL,INE397D01024,,2024765824.6746032
NSE,2012-05-02,2012-05-31,12,TCS,INE467B01029,,1929224571.2484126
NSE,2012-05-02,2012-05-31,14,ITC,INE154A01025,,1804387086.977778
NSE,2012-05-02,2012-05-31,18,M&M,INE101A01026,,1621996306.3936505
NSE,2012-05-02,2012-05-31,21,HDFCBANK,INE040A01026,,1555766723.3126984
NSE,2012-05-02,2012-05-31,30,ONGC,INE213A01029,,1044787796.3619047
NSE,2012-05-02,2012-05-31,33,HINDUNILVR,INE030A01027,,918256635.3587302
NSE,2012-05-02,2012-05-31,35,MARUTI,INE585B01010,,907194202.4944444
NSE,2012-05-02,2012-05-31,45,TITAN,INE280A01028,,735985432.0047619
NSE,2012-05-02,2012-05-31,50,WIPRO,INE075A01022,,606762475.9896826
NSE,2012-05-02,2012-05-31,51,ADANIENT,INE423A01024,,601479697.2333333
NSE,2012-05-02,2012-05-31,54,DRREDDY,INE089A01023,,567234318.1857142
NSE,2012-05-02,2012-05-31,59,HCLTECH,INE860A01027,,505519526.02301586
NSE,2012-05-02,2012-05-31,60,SUNPHARMA,INE044A01036,,503207916.75238097
NSE,2012-05-02,2012-05-31,62,CIPLA,INE059A01026,,481043819.35396826
NSE,2012-05-02,2012-05-31,72,KOTAKBANK,INE237A01028,,430698748.1650794
NSE,2012-05-02,2012-05-31,75,POWERGRID,INE752E01010,,409514698.66111106
NSE,2012-05-02,2012-05-31,84,NTPC,INE733E01010,,350567442.2674603
NSE,2012-05-02,2012-05-31,99,ASIANPAINT,INE021A01018,,309546339.3698413
NSE,2012-05-02,2012-05-31,103,ULTRACEMCO,INE481G01011,,289912134.2293651
NSE,2012-05-02,2012-05-31,161,NESTLEIND,INE239A01016,,139912374.54761904
NSE,2012-05-02,2012-05-31,403,BAJFINANCE,INE296A01016,,17269312.721428573
NSE,2012-06-01,2012-07-01,1,SBIN,INE062A01012,,6097773393.876191
NSE,2012-06-01,2012-07-01,2,ICICIBANK,INE090A01013,,3834034416.124603
NSE,2012-06-01,2012-07-01,3,INFY,INE009A01021,,3613443214.470635
NSE,2012-06-01,2012-07-01,4,TATAMOTORS,INE155A01022,,3170907522.411905
NSE,2012-06-01,2012-07-01,5,RELIANCE,INE002A01018,,2777736871.0857143
NSE,2012-06-01,2012-07-01,6,LT,INE018A01030,,2528855728.503175
NSE,2012-06-01,2012-07-01,7,AXISBANK,INE238A01026,,2347258244.390476
NSE,2012-06-01,2012-07-01,9,TCS,INE467B01029,,1997003619.8730159
NSE,2012-06-01,2012-07-01,10,TATASTEEL,INE081A01012,,1832010089.886508
NSE,2012-06-01,2012-07-01,11,ITC,INE154A01025,,1805212544.592857
NSE,2012-06-01,2012-07-01,15,HDFCBANK,INE040A01026,,1427073132.2531745
NSE,2012-06-01,2012-07-01,21,M&M,INE101A01026,,1230842341.2785714
NSE,2012-06-01,2012-07-01,22,BHARTIARTL,INE397D01024,,1202584184.9563491
NSE,2012-06-01,2012-07-01,27,MARUTI,INE585B01010,,925606994.1253968
NSE,2012-06-01,2012-07-01,33,HINDUNILVR,INE030A01027,,781499770.3865079
NSE,2012-06-01,2012-07-01,35,ONGC,INE213A01029,,766881984.8746033
NSE,2012-06-01,2012-07-01,46,TITAN,INE280A01028,,619491788.3841269
NSE,2012-06-01,2012-07-01,48,WIPRO,INE075A01022,,573096229.9285715
NSE,2012-06-01,2012-07-01,54,HCLTECH,INE860A01027,,489568640.6230159
NSE,2012-06-01,2012-07-01,57,CIPLA,INE059A01026,,462310636.24285716
NSE,2012-06-01,2012-07-01,58,DRREDDY,INE089A01023,,458531771.3952381
NSE,2012-06-01,2012-07-01,59,SUNPHARMA,INE044A01036,,453427898.0865079
NSE,2012-06-01,2012-07-01,67,KOTAKBANK,INE237A01028,,377637873.5960317
NSE,2012-06-01,2012-07-01,71,ADANIENT,INE423A01024,,360252239.76349205
NSE,2012-06-01,2012-07-01,79,ASIANPAINT,INE021A01018,,334831021.4857143
NSE,2012-06-01,2012-07-01,83,NTPC,INE733E01010,,307911629.7
NSE,2012-06-01,2012-07-01,86,ULTRACEMCO,INE481G01011,,290487840.82222223
NSE,2012-06-01,2012-07-01,90,POWERGRID,INE752E01010,,270255544.64365077
NSE,2012-06-01,2012-07-01,128,NESTLEIND,INE239A01016,,173989488.67142856
NSE,2012-06-01,2012-07-01,382,BAJFINANCE,INE296A01016,,14258044.065079365
NSE,2012-07-02,2012-07-31,1,SBIN,INE062A01012,,6327751118.768254
NSE,2012-07-02,2012-07-31,2,INFY,INE009A01021,,3399987326.7007937
NSE,2012-07-02,2012-07-31,3,ICICIBANK,INE090A01013,,3394409116.9984126
NSE,2012-07-02,2012-07-31,4,TATAMOTORS,INE155A01022,,3124217158.264286
NSE,2012-07-02,2012-07-31,5,LT,INE018A01030,,2672479509.9880953
NSE,2012-07-02,2012-07-31,6,RELIANCE,INE002A01018,,2341509528.5055556
NSE,2012-07-02,2012-07-31,7,AXISBANK,INE238A01026,,2151351918.9214287
NSE,2012-07-02,2012-07-31,8,TCS,INE467B01029,,1820023872.6111112
NSE,2012-07-02,2012-07-31,10,TATASTEEL,INE081A01012,,1551398265.0420635
NSE,2012-07-02,2012-07-31,11,ITC,INE154A01025,,1494696955.061905
NSE,2012-07-02,2012-07-31,13,HDFCBANK,INE040A01026,,1473776418.270635
NSE,2012-07-02,2012-07-31,21,BHARTIARTL,INE397D01024,,1116295232.664286
NSE,2012-07-02,2012-07-31,26,M&M,INE101A01026,,882741538.2023809
NSE,2012-07-02,2012-07-31,28,MARUTI,INE585B01010,,873258891.8277777
NSE,2012-07-02,2012-07-31,29,HINDUNILVR,INE030A01027,,840594652.1595237
NSE,2012-07-02,2012-07-31,40,ONGC,INE213A01029,,640258338.9309524
NSE,2012-07-02,2012-07-31,43,TITAN,INE280A01028,,597715203.3111112
NSE,2012-07-02,2012-07-31,46,HCLTECH,INE860A01027,,514333272.7793651
NSE,2012-07-02,2012-07-31,47,WIPRO,INE075A01022,,513022572.19523805
NSE,2012-07-02,2012-07-31,48,DRREDDY,INE089A01023,,496879533.4793651
NSE,2012-07-02,2012-07-31,64,KOTAKBANK,INE237A01028,,395891029.2452381
NSE,2012-07-02,2012-07-31,66,CIPLA,INE059A01026,,378958463.9888889
NSE,2012-07-02,2012-07-31,67,SUNPHARMA,INE044A01036,,371100837.2087301
NSE,2012-07-02,2012-07-31,70,ADANIENT,INE423A01024,,351109607.6753968
NSE,2012-07-02,2012-07-31,74,ASIANPAINT,INE021A01018,,317656817.91587305
NSE,2012-07-02,2012-07-31,75,NTPC,INE733E01010,,308307429.5111111
NSE,2012-07-02,2012-07-31,81,POWERGRID,INE752E01010,,272523349.7928571
NSE,2012-07-02,2012-07-31,86,ULTRACEMCO,INE481G01011,,258130429.68650794
NSE,2012-07-02,2012-07-31,130,NESTLEIND,INE239A01016,,151024396.8825397
NSE,2012-07-02,2012-07-31,407,BAJFINANCE,INE296A01016,,10413409.339682542
NSE,2012-08-01,2012-09-02,1,SBIN,INE062A01012,,6317686189.842063
NSE,2012-08-01,2012-09-02,2,ICICIBANK,INE090A01013,,3322939697.245238
NSE,2012-08-01,2012-09-02,3,TATAMOTORS,INE155A01022,,2961125561.946826
NSE,2012-08-01,2012-09-02,4,LT,INE018A01030,,2671193086.9539685
NSE,2012-08-01,2012-09-02,5,INFY,INE009A01021,,2582473474.2555556
NSE,2012-08-01,2012-09-02,6,AXISBANK,INE238A01026,,2133284385.3484128
NSE,2012-08-01,2012-09-02,7,RELIANCE,INE002A01018,,2113296634.4928572
NSE,2012-08-01,2012-09-02,9,TCS,INE467B01029,,1619192404.613492
NSE,2012-08-01,2012-09-02,10,TATASTEEL,INE081A01012,,1516586459.3396826
NSE,2012-08-01,2012-09-02,11,HDFCBANK,INE040A01026,,1480677068.965079
NSE,2012-08-01,2012-09-02,13,ITC,INE154A01025,,1395900290.45
NSE,2012-08-01,2012-09-02,17,MARUTI,INE585B01010,,1206465543.4333334
NSE,2012-08-01,2012-09-02,20,BHARTIARTL,INE397D01024,,1101055905.9904761
NSE,2012-08-01,2012-09-02,23,HINDUNILVR,INE030A01027,,966004370.9611111
NSE,2012-08-01,2012-09-02,31,M&M,INE101A01026,,804295740.1896826
NSE,2012-08-01,2012-09-02,35,ONGC,INE213A01029,,702223548.2198412
NSE,2012-08-01,2012-09-02,41,DRREDDY,INE089A01023,,554193065.0619048
NSE,2012-08-01,2012-09-02,42,TITAN,INE280A01028,,534406597.7507937
NSE,2012-08-01,2012-09-02,43,HCLTECH,INE860A01027,,525648589.12222224
NSE,2012-08-01,2012-09-02,44,WIPRO,INE075A01022,,497099759.1595238
NSE,2012-08-01,2012-09-02,49,ADANIENT,INE423A01024,,476025035.2079365
NSE,2012-08-01,2012-09-02,51,KOTAKBANK,INE237A01028,,455773007.99285716
NSE,2012-08-01,2012-09-02,59,SUNPHARMA,INE044A01036,,406969842.04841274
NSE,2012-08-01,2012-09-02,62,CIPLA,INE059A01026,,394362772.65952384
NSE,2012-08-01,2012-09-02,71,ASIANPAINT,INE021A01018,,345570446.88968253
NSE,2012-08-01,2012-09-02,74,NTPC,INE733E01010,,324127301.0769841
NSE,2012-08-01,2012-09-02,82,POWERGRID,INE752E01010,,279038391.1111111
NSE,2012-08-01,2012-09-02,88,ULTRACEMCO,INE481G01011,,237172780.9904762
NSE,2012-08-01,2012-09-02,142,NESTLEIND,INE239A01016,,116117098.98095237
NSE,2012-08-01,2012-09-02,392,BAJFINANCE,INE296A01016,,12940026.268253967
NSE,2012-09-03,2012-09-30,1,SBIN,INE062A01012,,5799023255.855556
NSE,2012-09-03,2012-09-30,2,ICICIBANK,INE090A01013,,3276802138.207143
NSE,2012-09-03,2012-09-30,3,TATAMOTORS,INE155A01022,,2538777339.4825397
NSE,2012-09-03,2012-09-30,4,INFY,INE009A01021,,2421113980.5746036
NSE,2012-09-03,2012-09-30,6,LT,INE018A01030,,2351633682.765873
NSE,2012-09-03,2012-09-30,7,RELIANCE,INE002A01018,,2165340889.464286
NSE,2012-09-03,2012-09-30,8,AXISBANK,INE238A01026,,2144642735.079365
NSE,2012-09-03,2012-09-30,10,BHARTIARTL,INE397D01024,,1530803620.5738094
NSE,2012-09-03,2012-09-30,11,TATASTEEL,INE081A01012,,1516867156.4055555
NSE,2012-09-03,2012-09-30,12,HDFCBANK,INE040A01026,,1466335662.318254
NSE,2012-09-03,2012-09-30,14,TCS,INE467B01029,,1370236562.2563493
NSE,2012-09-03,2012-09-30,15,ITC,INE154A01025,,1288368360.977778
NSE,2012-09-03,2012-09-30,18,MARUTI,INE585B01010,,1137227204.6269841
NSE,2012-09-03,2012-09-30,22,HINDUNILVR,INE030A01027,,1071019359.4206349
NSE,2012-09-03,2012-09-30,29,M&M,INE101A01026,,744951543.4587301
NSE,2012-09-03,2012-09-30,32,ONGC,INE213A01029,,718145690.9285715
NSE,2012-09-03,2012-09-30,38,HCLTECH,INE860A01027,,571754802.0809524
NSE,2012-09-03,2012-09-30,40,DRREDDY,INE089A01023,,527512630.94920635
NSE,2012-09-03,2012-09-30,41,ADANIENT,INE423A01024,,516376548.0492064
NSE,2012-09-03,2012-09-30,43,KOTAKBANK,INE237A01028,,503167270.6420635
NSE,2012-09-03,2012-09-30,44,WIPRO,INE075A01022,,490924029.98888886
NSE,2012-09-03,2012-09-30,46,SUNPHARMA,INE044A01036,,456993522.92460316
NSE,2012-09-03,2012-09-30,47,CIPLA,INE059A01026,,455213523.71428573
NSE,2012-09-03,2012-09-30,48,TITAN,INE280A01028,,451609999.35714287
NSE,2012-09-03,2012-09-30,67,NTPC,INE733E01010,,347626950.0579365
NSE,2012-09-03,2012-09-30,74,POWERGRID,INE752E01010,,311866830.0626984
NSE,2012-09-03,2012-09-30,75,ASIANPAINT,INE021A01018,,303941121.6079365
NSE,2012-09-03,2012-09-30,110,ULTRACEMCO,INE481G01011,,193081483.81507933
NSE,2012-09-03,2012-09-30,161,NESTLEIND,INE239A01016,,109342245.75793651
NSE,2012-09-03,2012-09-30,376,BAJFINANCE,INE296A01016,,16016099.531746032
NSE,2012-10-01,2012-10-31,1,SBIN,INE062A01012,,5386060439.034921
NSE,2012-10-01,2012-10-31,3,ICICIBANK,INE090A01013,,3603790732.4999995
NSE,2012-10-01,2012-10-31,4,INFY,INE009A01021,,2552523703.0174603
NSE,2012-10-01,2012-10-31,5,AXISBANK,INE238A01026,,2496195487.848413
NSE,2012-10-01,2012-10-31,6,RELIANCE,INE002A01018,,2477297837.6412697
NSE,2012-10-01,2012-10-31,7,TATAMOTORS,INE155A01022,,2467741395.7642856
NSE,2012-10-01,2012-10-31,9,LT,INE018A01030,,2038767470.9166667
NSE,2012-10-01,2012-10-31,11,BHARTIARTL,INE397D01024,,1774336053.0333335
NSE,2012-10-01,2012-10-31,12,TATASTEEL,INE081A01012,,1653146454.7095237
NSE,2012-10-01,2012-10-31,13,TCS,INE467B01029,,1644795607.659524
NSE,2012-10-01,2012-10-31,14,HDFCBANK,INE040A01026,,1528845242.9150794
NSE,2012-10-01,2012-10-31,15,ITC,INE154A01025,,1491318497.211111
NSE,2012-10-01,2012-10-31,18,MARUTI,INE585B01010,,1204282356.8507938
NSE,2012-10-01,2012-10-31,20,HINDUNILVR,INE030A01027,,1167400012.3968253
NSE,2012-10-01,2012-10-31,28,M&M,INE101A01026,,873106002.2253969
NSE,2012-10-01,2012-10-31,29,ONGC,INE213A01029,,800796413.5920635
NSE,2012-10-01,2012-10-31,37,HCLTECH,INE860A01027,,625495384.4119048
NSE,2012-10-01,2012-10-31,38,CIPLA,INE059A01026,,618752775.1007936
NSE,2012-10-01,2012-10-31,39,DRREDDY,INE089A01023,,590424527.3674604
NSE,2012-10-01,2012-10-31,41,ADANIENT,INE423A01024,,564871471.4642857
NSE,2012-10-01,2012-10-31,42,SUNPHARMA,INE044A01036,,555412859.8722222
NSE,2012-10-01,2012-10-31,46,WIPRO,INE075A01022,,522688090.6730159
NSE,2012-10-01,2012-10-31,51,KOTAKBANK,INE237A01028,,480691273.234127
NSE,2012-10-01,2012-10-31,62,NTPC,INE733E01010,,387637616.5579365
NSE,2012-10-01,2012-10-31,65,TITAN,INE280A01028,,382744646.2349206
NSE,2012-10-01,2012-10-31,71,POWERGRID,INE752E01010,,343327575.9142857
NSE,2012-10-01,2012-10-31,83,ASIANPAINT,INE021A01018,,298108729.0515873
NSE,2012-10-01,2012-10-31,106,ULTRACEMCO,INE481G01011,,219140311.42301586
NSE,2012-10-01,2012-10-31,155,NESTLEIND,INE239A01016,,117968116.51190476
NSE,2012-10-01,2012-10-31,352,BAJFINANCE,INE296A01016,,21498779.896825396
NSE,2012-11-01,2012-12-02,1,SBIN,INE062A01012,,5476626914.911905
NSE,2012-11-01,2012-12-02,3,ICICIBANK,INE090A01013,,3458719597.751587
NSE,2012-11-01,2012-12-02,5,RELIANCE,INE002A01018,,2851821234.1150794
NSE,2012-11-01,2012-12-02,6,AXISBANK,INE238A01026,,2651999493.942064
NSE,2012-11-01,2012-12-02,7,INFY,INE009A01021,,2498764828.981746
NSE,2012-11-01,2012-12-02,8,TATAMOTORS,INE155A01022,,2407181911.602381
NSE,2012-11-01,2012-12-02,9,LT,INE018A01030,,2252694764.05873
NSE,2012-11-01,2012-12-02,11,BHARTIARTL,INE397D01024,,1727378918.9595237
NSE,2012-11-01,2012-12-02,12,TATASTEEL,INE081A01012,,1688162460.8261905
NSE,2012-11-01,2012-12-02,14,ITC,INE154A01025,,1595776546.3444445
NSE,2012-11-01,2012-12-02,15,HDFCBANK,INE040A01026,,1531707742.8944442
NSE,2012-11-01,2012-12-02,17,TCS,INE467B01029,,1430845272.561111
NSE,2012-11-01,2012-12-02,22,HINDUNILVR,INE030A01027,,1134928305.9769843
NSE,2012-11-01,2012-12-02,25,M&M,INE101A01026,,999015979.2531747
NSE,2012-11-01,2012-12-02,27,MARUTI,INE585B01010,,990602148.2746032
NSE,2012-11-01,2012-12-02,30,ONGC,INE213A01029,,788499843.4087301
NSE,2012-11-01,2012-12-02,34,CIPLA,INE059A01026,,709186780.4055556
NSE,2012-11-01,2012-12-02,35,HCLTECH,INE860A01027,,702022394.576984
NSE,2012-11-01,2012-12-02,41,SUNPHARMA,INE044A01036,,629019379.0301588
NSE,2012-11-01,2012-12-02,46,DRREDDY,INE089A01023,,569348643.5992063
NSE,2012-11-01,2012-12-02,48,WIPRO,INE075A01022,,530142309.43333334
NSE,2012-11-01,2012-12-02,49,ADANIENT,INE423A01024,,516414122.72063494
NSE,2012-11-01,2012-12-02,55,NTPC,INE733E01010,,464212184.66111106
NSE,2012-11-01,2012-12-02,59,KOTAKBANK,INE237A01028,,434504976.64047617
NSE,2012-11-01,2012-12-02,62,TITAN,INE280A01028,,408517706.2706349
NSE,2012-11-01,2012-12-02,71,POWERGRID,INE752E01010,,380174506.1793651
NSE,2012-11-01,2012-12-02,94,ULTRACEMCO,INE481G01011,,260224803.40079364
NSE,2012-11-01,2012-12-02,98,ASIANPAINT,INE021A01018,,240411770.418254
NSE,2012-11-01,2012-12-02,156,NESTLEIND,INE239A01016,,118767300.07380953
NSE,2012-11-01,2012-12-02,342,BAJFINANCE,INE296A01016,,26799493.14047619
NSE,2012-12-03,2012-12-31,2,SBIN,INE062A01012,,4990595062.503174
NSE,2012-12-03,2012-12-31,3,ICICIBANK,INE090A01013,,3346383490.895238
NSE,2012-12-03,2012-12-31,5,RELIANCE,INE002A01018,,2707661961.5817466
NSE,2012-12-03,2012-12-31,6,TATAMOTORS,INE155A01022,,2701766623.6015873
NSE,2012-12-03,2012-12-31,7,AXISBANK,INE238A01026,,2617211215.007143
NSE,2012-12-03,2012-12-31,8,INFY,INE009A01021,,2490048215.2190475
NSE,2012-12-03,2012-12-31,9,LT,INE018A01030,,2288199151.874603
NSE,2012-12-03,2012-12-31,12,ITC,INE154A01025,,1642839867.0023808
NSE,2012-12-03,2012-12-31,13,HDFCBANK,INE040A01026,,1585772311.415873
NSE,2012-12-03,2012-12-31,15,TATASTEEL,INE081A01012,,1539899328.0420635
NSE,2012-12-03,2012-12-31,16,BHARTIARTL,INE397D01024,,1522002181.9642856
NSE,2012-12-03,2012-12-31,19,TCS,INE467B01029,,1388092910.0222223
NSE,2012-12-03,2012-12-31,23,M&M,INE101A01026,,1109337916.2357144
NSE,2012-12-03,2012-12-31,24,HINDUNILVR,INE030A01027,,1077997676.5642858
NSE,2012-12-03,2012-12-31,25,MARUTI,INE585B01010,,1042348186.7793652
NSE,2012-12-03,2012-12-31,30,HCLTECH,INE860A01027,,843434137.5015873
NSE,2012-12-03,2012-12-31,31,ONGC,INE213A01029,,826889955.7841269
NSE,2012-12-03,2012-12-31,33,CIPLA,INE059A01026,,795276681.4301587
NSE,2012-12-03,2012-12-31,44,DRREDDY,INE089A01023,,621941039.2507936
NSE,2012-12-03,2012-12-31,46,SUNPHARMA,INE044A01036,,598795643.0984126
NSE,2012-12-03,2012-12-31,49,WIPRO,INE075A01022,,569037408.7103175
NSE,2012-12-03,2012-12-31,53,ADANIENT,INE423A01024,,495987993.6111111
NSE,2012-12-03,2012-12-31,63,NTPC,INE733E01010,,440322955.384127
NSE,2012-12-03,2012-12-31,66,TITAN,INE280A01028,,413186063.9103174
NSE,2012-12-03,2012-12-31,68,POWERGRID,INE752E01010,,407696915.1611111
NSE,2012-12-03,2012-12-31,74,ULTRACEMCO,INE481G01011,,380499387.315873
NSE,2012-12-03,2012-12-31,77,KOTAKBANK,INE237A01028,,355349356.2246032
NSE,2012-12-03,2012-12-31,96,ASIANPAINT,INE021A01018,,266387738.83095238
NSE,2012-12-03,2012-12-31,160,NESTLEIND,INE239A01016,,119328411.29920636
NSE,2012-12-03,2012-12-31,312,BAJFINANCE,INE296A01016,,34478166.91507937
NSE,2013-01-01,2013-01-31,2,SBIN,INE062A01012,,4662437167.903174
NSE,2013-01-01,2013-01-31,3,ICICIBANK,INE090A01013,,2851627065.1325397
NSE,2013-01-01,2013-01-31,4,TATAMOTORS,INE155A01022,,2716891901.933333
NSE,2013-01-01,2013-01-31,6,INFY,INE009A01021,,2462984353.351588
NSE,2013-01-01,2013-01-31,7,RELIANCE,INE002A01018,,2275012059.5793653
NSE,2013-01-01,2013-01-31,8,AXISBANK,INE238A01026,,2106963897.9944444
NSE,2013-01-01,2013-01-31,9,LT,INE018A01030,,2050773004.420635
NSE,2013-01-01,2013-01-31,13,ITC,INE154A01025,,1572473946.5650792
NSE,2013-01-01,2013-01-31,15,HDFCBANK,INE040A01026,,1485231875.607143
NSE,2013-01-01,2013-01-31,16,TATASTEEL,INE081A01012,,1470377785.1523807
NSE,2013-01-01,2013-01-31,20,BHARTIARTL,INE397D01024,,1369887263.5595238
NSE,2013-01-01,2013-01-31,21,TCS,INE467B01029,,1223540730.1412697
NSE,2013-01-01,2013-01-31,23,M&M,INE101A01026,,1065763333.4960318
NSE,2013-01-01,2013-01-31,25,HINDUNILVR,INE030A01027,,1036032808.0246032
NSE,2013-01-01,2013-01-31,26,MARUTI,INE585B01010,,986693722.5849206
NSE,2013-01-01,2013-01-31,34,ONGC,INE213A01029,,747045375.3444444
NSE,2013-01-01,2013-01-31,35,HCLTECH,INE860A01027,,739309721.2571428
NSE,2013-01-01,2013-01-31,39,CIPLA,INE059A01026,,684030963.870635
NSE,2013-01-01,2013-01-31,45,ADANIENT,INE423A01024,,586867044.7373016
NSE,2013-01-01,2013-01-31,46,SUNPHARMA,INE044A01036,,582175429.4777777
NSE,2013-01-01,2013-01-31,48,DRREDDY,INE089A01023,,556391089.7571429
NSE,2013-01-01,2013-01-31,50,WIPRO,INE075A01022,,544966959.0769842
NSE,2013-01-01,2013-01-31,62,TITAN,INE280A01028,,436033810.465873
NSE,2013-01-01,2013-01-31,64,NTPC,INE733E01010,,425706443.4579365
NSE,2013-01-01,2013-01-31,65,ULTRACEMCO,INE481G01011,,421877909.51349205
NSE,2013-01-01,2013-01-31,76,POWERGRID,INE752E01010,,363959416.70476186
NSE,2013-01-01,2013-01-31,83,KOTAKBANK,INE237A01028,,336020053.25634915
NSE,2013-01-01,2013-01-31,96,ASIANPAINT,INE021A01018,,273112420.18015873
NSE,2013-01-01,2013-01-31,170,NESTLEIND,INE239A01016,,108074293.54603174
NSE,2013-01-01,2013-01-31,202,BAJFINANCE,INE296A01016,,77151639.38253967
NSE,2013-02-01,2013-02-28,2,SBIN,INE062A01012,,4449382734.026191
NSE,2013-02-01,2013-02-28,3,TATAMOTORS,INE155A01022,,3129581900.062699
NSE,2013-02-01,2013-02-28,4,INFY,INE009A01021,,3124593342.945238
NSE,2013-02-01,2013-02-28,5,ICICIBANK,INE090A01013,,2841216374.2555556
NSE,2013-02-01,2013-02-28,6,RELIANCE,INE002A01018,,2461436193.174603
NSE,2013-02-01,2013-02-28,7,AXISBANK,INE238A01026,,2273223656.8714285
NSE,2013-02-01,2013-02-28,9,LT,INE018A01030,,2032296274.4968255
NSE,2013-02-01,2013-02-28,11,ITC,INE154A01025,,1918531678.1396825
NSE,2013-02-01,2013-02-28,13,BHARTIARTL,INE397D01024,,1650398735.054762
NSE,2013-02-01,2013-02-28,14,HDFCBANK,INE040A01026,,1595112628.4920635
NSE,2013-02-01,2013-02-28,17,TCS,INE467B01029,,1558652962.0595238
NSE,2013-02-01,2013-02-28,20,TATASTEEL,INE081A01012,,1443443660.470635
NSE,2013-02-01,2013-02-28,23,HINDUNILVR,INE030A01027,,1291520376.720635
NSE,2013-02-01,2013-02-28,24,ONGC,INE213A01029,,1247997017.0301585
NSE,2013-02-01,2013-02-28,25,MARUTI,INE585B01010,,1113219945.104762
NSE,2013-02-01,2013-02-28,28,M&M,INE101A01026,,1020240974.9380952
NSE,2013-02-01,2013-02-28,32,HCLTECH,INE860A01027,,837037615.0460317
NSE,2013-02-01,2013-02-28,38,CIPLA,INE059A01026,,726504556.5785714
NSE,2013-02-01,2013-02-28,42,DRREDDY,INE089A01023,,634637336.5269841
NSE,2013-02-01,2013-02-28,49,WIPRO,INE075A01022,,587985353.4873016
NSE,2013-02-01,2013-02-28,55,SUNPHARMA,INE044A01036,,519434979.70793647
NSE,2013-02-01,2013-02-28,59,ADANIENT,INE423A01024,,498082878.2214286
NSE,2013-02-01,2013-02-28,65,KOTAKBANK,INE237A01028,,467611462.41904765
NSE,2013-02-01,2013-02-28,68,TITAN,INE280A01028,,449929123.8587302
NSE,2013-02-01,2013-02-28,70,ULTRACEMCO,INE481G01011,,429286320.02301586
NSE,2013-02-01,2013-02-28,76,NTPC,INE733E01010,,409858661.60634923
NSE,2013-02-01,2013-02-28,77,POWERGRID,INE752E01010,,405249900.8857143
NSE,2013-02-01,2013-02-28,95,ASIANPAINT,INE021A01018,,303849107.5674603
NSE,2013-02-01,2013-02-28,178,NESTLEIND,INE239A01016,,111001929.69999999
NSE,2013-02-01,2013-02-28,201,BAJFINANCE,INE296A01016,,85192725.69444445
NSE,2013-03-01,2013-03-31,1,SBIN,INE062A01012,,4579624678.239682
NSE,2013-03-01,2013-03-31,2,INFY,INE009A01021,,3382682617.4142857
NSE,2013-03-01,2013-03-31,4,ICICIBANK,INE090A01013,,2914554687.156349
NSE,2013-03-01,2013-03-31,5,TATAMOTORS,INE155A01022,,2850929370.022222
NSE,2013-03-01,2013-03-31,6,RELIANCE,INE002A01018,,2560362801.0825396
NSE,2013-03-01,2013-03-31,7,AXISBANK,INE238A01026,,2507706241.4142857
NSE,2013-03-01,2013-03-31,8,ITC,INE154A01025,,2280510571.955556
NSE,2013-03-01,2013-03-31,10,LT,INE018A01030,,2036152877.7642856
NSE,2013-03-01,2013-03-31,11,TCS,INE467B01029,,1892627890.2880952
NSE,2013-03-01,2013-03-31,15,HDFCBANK,INE040A01026,,1755578872.164286
NSE,2013-03-01,2013-03-31,17,BHARTIARTL,INE397D01024,,1589959229.738889
NSE,2013-03-01,2013-03-31,19,TATASTEEL,INE081A01012,,1546567112.8150795
NSE,2013-03-01,2013-03-31,22,ONGC,INE213A01029,,1394752076.3690476
NSE,2013-03-01,2013-03-31,23,HINDUNILVR,INE030A01027,,1304709433.1984127
NSE,2013-03-01,2013-03-31,25,MARUTI,INE585B01010,,1196209788.7666667
NSE,2013-03-01,2013-03-31,27,M&M,INE101A01026,,1100532881.6944444
NSE,2013-03-01,2013-03-31,31,NTPC,INE733E01010,,925511074.5325397
NSE,2013-03-01,2013-03-31,32,HCLTECH,INE860A01027,,920364997.802381
NSE,2013-03-01,2013-03-31,40,CIPLA,INE059A01026,,740844313.9253969
NSE,2013-03-01,2013-03-31,43,DRREDDY,INE089A01023,,709775791.5777777
NSE,2013-03-01,2013-03-31,51,SUNPHARMA,INE044A01036,,631131660.497619
NSE,2013-03-01,2013-03-31,54,WIPRO,INE075A01022,,613823043.3388889
NSE,2013-03-01,2013-03-31,63,ADANIENT,INE423A01024,,510673601.831746
NSE,2013-03-01,2013-03-31,64,KOTAKBANK,INE237A01028,,502353493.9253968
NSE,2013-03-01,2013-03-31,69,TITAN,INE280A01028,,486674853.0626984
NSE,2013-03-01,2013-03-31,72,POWERGRID,INE752E01010,,449143993.4738095
NSE,2013-03-01,2013-03-31,87,ULTRACEMCO,INE481G01011,,347219213.2452381
NSE,2013-03-01,2013-03-31,96,ASIANPAINT,INE021A01018,,295680533.0095238
NSE,2013-03-01,2013-03-31,143,NESTLEIND,INE239A01016,,150235636.31984127
NSE,2013-03-01,2013-03-31,193,BAJFINANCE,INE296A01016,,84191410.31428571
NSE,2013-04-01,2013-05-01,1,SBIN,INE062A01012,,4591056950.876189
NSE,2013-04-01,2013-05-01,2,INFY,INE009A01021,,3556971186.198413
NSE,2013-04-01,2013-05-01,3,ICICIBANK,INE090A01013,,3380303040.257143
NSE,2013-04-01,2013-05-01,4,TATAMOTORS,INE155A01022,,2824212105.826984
NSE,2013-04-01,2013-05-01,5,RELIANCE,INE002A01018,,2716839440.0142856
NSE,2013-04-01,2013-05-01,7,AXISBANK,INE238A01026,,2624956518.1182537
NSE,2013-04-01,2013-05-01,9,ITC,INE154A01025,,2359900764.2642856
NSE,2013-04-01,2013-05-01,10,LT,INE018A01030,,2315099188.474603
NSE,2013-04-01,2013-05-01,11,TCS,INE467B01029,,2039530548.5587301
NSE,2013-04-01,2013-05-01,12,HDFCBANK,INE040A01026,,1971349860.824603
NSE,2013-04-01,2013-05-01,15,BHARTIARTL,INE397D01024,,1752220909.326984
NSE,2013-04-01,2013-05-01,18,ONGC,INE213A01029,,1475228885.3880954
NSE,2013-04-01,2013-05-01,20,TATASTEEL,INE081A01012,,1448612993.1111112
NSE,2013-04-01,2013-05-01,22,HINDUNILVR,INE030A01027,,1312909816.0714285
NSE,2013-04-01,2013-05-01,23,HCLTECH,INE860A01027,,1193078746.0444446
NSE,2013-04-01,2013-05-01,25,M&M,INE101A01026,,1188624181.0817459
NSE,2013-04-01,2013-05-01,26,MARUTI,INE585B01010,,1164035120.2746031
NSE,2013-04-01,2013-05-01,27,NTPC,INE733E01010,,1079611437.5698411
NSE,2013-04-01,2013-05-01,39,CIPLA,INE059A01026,,715921668.3785715
NSE,2013-04-01,2013-05-01,41,SUNPHARMA,INE044A01036,,695211546.5031745
NSE,2013-04-01,2013-05-01,44,WIPRO,INE075A01022,,686368138.5571429
NSE,2013-04-01,2013-05-01,45,DRREDDY,INE089A01023,,675397102.247619
NSE,2013-04-01,2013-05-01,50,TITAN,INE280A01028,,617088104.9007937
NSE,2013-04-01,2013-05-01,62,KOTAKBANK,INE237A01028,,526572687.3714286
NSE,2013-04-01,2013-05-01,73,POWERGRID,INE752E01010,,437352229.06984127
NSE,2013-04-01,2013-05-01,77,ASIANPAINT,INE021A01018,,411455409.8373016
NSE,2013-04-01,2013-05-01,83,ADANIENT,INE423A01024,,367063438.02698416
NSE,2013-04-01,2013-05-01,87,ULTRACEMCO,INE481G01011,,344572488.71825397
NSE,2013-04-01,2013-05-01,135,NESTLEIND,INE239A01016,,156417864.5666667
NSE,2013-04-01,2013-05-01,244,BAJFINANCE,INE296A01016,,42926992.36269841
NSE,2013-05-02,2013-06-02,1,SBIN,INE062A01012,,4564079559.838888
NSE,2013-05-02,2013-06-02,2,ICICIBANK,INE090A01013,,3877547024.7738094
NSE,2013-05-02,2013-06-02,3,INFY,INE009A01021,,3632657984.468254
NSE,2013-05-02,2013-06-02,5,AXISBANK,INE238A01026,,2735390754.484127
NSE,2013-05-02,2013-06-02,6,RELIANCE,INE002A01018,,2634283024.433333
NSE,2013-05-02,2013-06-02,7,TATAMOTORS,INE155A01022,,2602311984.4269843
NSE,2013-05-02,2013-06-02,9,ITC,INE154A01025,,2203028269.2507935
NSE,2013-05-02,2013-06-02,10,HDFCBANK,INE040A01026,,2193099583.3166666
NSE,2013-05-02,2013-06-02,11,TCS,INE467B01029,,2191006077.3714285
NSE,2013-05-02,2013-06-02,12,LT,INE018A01030,,2118113625.415873
NSE,2013-05-02,2013-06-02,14,BHARTIARTL,INE397D01024,,1696840765.620635
NSE,2013-05-02,2013-06-02,18,TATASTEEL,INE081A01012,,1403310982.9928572
NSE,2013-05-02,2013-06-02,20,HCLTECH,INE860A01027,,1349189898.6436508
NSE,2013-05-02,2013-06-02,21,HINDUNILVR,INE030A01027,,1329075257.431746
NSE,2013-05-02,2013-06-02,23,M&M,INE101A01026,,1215890040.7936509
NSE,2013-05-02,2013-06-02,24,NTPC,INE733E01010,,1204325522.272222
NSE,2013-05-02,2013-06-02,26,ONGC,INE213A01029,,1173195477.107143
NSE,2013-05-02,2013-06-02,29,MARUTI,INE585B01010,,1019595959.4833333
NSE,2013-05-02,2013-06-02,33,SUNPHARMA,INE044A01036,,790929037.8293651
NSE,2013-05-02,2013-06-02,36,WIPRO,INE075A01022,,740524639.1595237
NSE,2013-05-02,2013-06-02,43,TITAN,INE280A01028,,674383861.0071428
NSE,2013-05-02,2013-06-02,45,CIPLA,INE059A01026,,652370374.5412698
NSE,2013-05-02,2013-06-02,46,DRREDDY,INE089A01023,,643836113.4460317
NSE,2013-05-02,2013-06-02,62,ASIANPAINT,INE021A01018,,458446848.28968257
NSE,2013-05-02,2013-06-02,64,KOTAKBANK,INE237A01028,,453820140.74206346
NSE,2013-05-02,2013-06-02,77,POWERGRID,INE752E01010,,366186458.81349206
NSE,2013-05-02,2013-06-02,80,ULTRACEMCO,INE481G01011,,358968262.16904765
NSE,2013-05-02,2013-06-02,81,ADANIENT,INE423A01024,,355756399.8325397
NSE,2013-05-02,2013-06-02,117,NESTLEIND,INE239A01016,,179648894.4769841
NSE,2013-05-02,2013-06-02,244,BAJFINANCE,INE296A01016,,33367340.08968254
NSE,2013-06-03,2013-06-30,1,SBIN,INE062A01012,,4642818824.881746
NSE,2013-06-03,2013-06-30,2,ICICIBANK,INE090A01013,,3889082182.8674603
NSE,2013-06-03,2013-06-30,3,INFY,INE009A01021,,3524998330.927778
NSE,2013-06-03,2013-06-30,5,RELIANCE,INE002A01018,,2698719623.5825396
NSE,2013-06-03,2013-06-30,6,TATAMOTORS,INE155A01022,,2514213135.554762
NSE,2013-06-03,2013-06-30,7,LT,INE018A01030,,2482694356.3531747
NSE,2013-06-03,2013-06-30,8,AXISBANK,INE238A01026,,2461635836.002381
NSE,2013-06-03,2013-06-30,10,ITC,INE154A01025,,2267595187.681746
NSE,2013-06-03,2013-06-30,13,TCS,INE467B01029,,2132483441.495238
NSE,2013-06-03,2013-06-30,14,HDFCBANK,INE040A01026,,2122874728.1388888
NSE,2013-06-03,2013-06-30,17,BHARTIARTL,INE397D01024,,1484225669.1984127
NSE,2013-06-03,2013-06-30,18,TATASTEEL,INE081A01012,,1440290266.9476192
NSE,2013-06-03,2013-06-30,19,HINDUNILVR,INE030A01027,,1369466365.2920637
NSE,2013-06-03,2013-06-30,20,HCLTECH,INE860A01027,,1278219052.2785714
NSE,2013-06-03,2013-06-30,23,M&M,INE101A01026,,1231329052.920635
NSE,2013-06-03,2013-06-30,24,ONGC,INE213A01029,,1160074949.8095238
NSE,2013-06-03,2013-06-30,27,SUNPHARMA,INE044A01036,,984613678.2039683
NSE,2013-06-03,2013-06-30,28,NTPC,INE733E01010,,981878729.7277777
NSE,2013-06-03,2013-06-30,29,MARUTI,INE585B01010,,952293000.3920635
NSE,2013-06-03,2013-06-30,37,WIPRO,INE075A01022,,746910103.1373016
NSE,2013-06-03,2013-06-30,41,DRREDDY,INE089A01023,,686317023.8198413
NSE,2013-06-03,2013-06-30,43,TITAN,INE280A01028,,639251639.6547619
NSE,2013-06-03,2013-06-30,51,CIPLA,INE059A01026,,544592074.4412699
NSE,2013-06-03,2013-06-30,54,ASIANPAINT,INE021A01018,,493876909.78730154
NSE,2013-06-03,2013-06-30,62,KOTAKBANK,INE237A01028,,418489034.2277778
NSE,2013-06-03,2013-06-30,68,ULTRACEMCO,INE481G01011,,400185211.4325397
NSE,2013-06-03,2013-06-30,77,ADANIENT,INE423A01024,,338586172.28730154
NSE,2013-06-03,2013-06-30,89,POWERGRID,INE752E01010,,283953558.46428573
NSE,2013-06-03,2013-06-30,130,NESTLEIND,INE239A01016,,161881974.52142856
NSE,2013-06-03,2013-06-30,208,BAJFINANCE,INE296A01016,,53206943.28492063
NSE,2013-07-01,2013-07-31,1,SBIN,INE062A01012,,4400184511.478572
NSE,2013-07-01,2013-07-31,2,ICICIBANK,INE090A01013,,3671216129.290476
NSE,2013-07-01,2013-07-31,4,INFY,INE009A01021,,3153403397.249206
NSE,2013-07-01,2013-07-31,6,RELIANCE,INE002A01018,,2857336222.537301
NSE,2013-07-01,2013-07-31,7,AXISBANK,INE238A01026,,2509782753.5039682
NSE,2013-07-01,2013-07-31,8,TATAMOTORS,INE155A01022,,2364625570.1174603
NSE,2013-07-01,2013-07-31,10,LT,INE018A01030,,2249712394.927778
NSE,2013-07-01,2013-07-31,11,ITC,INE154A01025,,2141467598.3777778
NSE,2013-07-01,2013-07-31,12,TCS,INE467B01029,,2067118998.9825397
NSE,2013-07-01,2013-07-31,13,HDFCBANK,INE040A01026,,1969489288.9214287
NSE,2013-07-01,2013-07-31,15,HINDUNILVR,INE030A01027,,1643725870.4976192
NSE,2013-07-01,2013-07-31,18,TATASTEEL,INE081A01012,,1416016400.7619047
NSE,2013-07-01,2013-07-31,19,BHARTIARTL,INE397D01024,,1259881185.050794
NSE,2013-07-01,2013-07-31,21,ONGC,INE213A01029,,1177310654.202381
NSE,2013-07-01,2013-07-31,22,SUNPHARMA,INE044A01036,,1104625492.370635
NSE,2013-07-01,2013-07-31,23,HCLTECH,INE860A01027,,1097756534.631746
NSE,2013-07-01,2013-07-31,24,M&M,INE101A01026,,1094915330.0777776
NSE,2013-07-01,2013-07-31,28,MARUTI,INE585B01010,,932155987.6333332
NSE,2013-07-01,2013-07-31,32,TITAN,INE280A01028,,790785273.9111111
NSE,2013-07-01,2013-07-31,33,DRREDDY,INE089A01023,,763688034.7658731
NSE,2013-07-01,2013-07-31,38,NTPC,INE733E01010,,747316300.5507936
NSE,2013-07-01,2013-07-31,41,WIPRO,INE075A01022,,679254739.0571429
NSE,2013-07-01,2013-07-31,51,CIPLA,INE059A01026,,567627237.6896825
NSE,2013-07-01,2013-07-31,63,KOTAKBANK,INE237A01028,,413971122.57777774
NSE,2013-07-01,2013-07-31,66,ASIANPAINT,INE021A01018,,406747246.0595238
NSE,2013-07-01,2013-07-31,70,ULTRACEMCO,INE481G01011,,365791527.60714287
NSE,2013-07-01,2013-07-31,76,ADANIENT,INE423A01024,,328760037.2912699
NSE,2013-07-01,2013-07-31,87,POWERGRID,INE752E01010,,286129797.5849206
NSE,2013-07-01,2013-07-31,138,NESTLEIND,INE239A01016,,135840210.53174603
NSE,2013-07-01,2013-07-31,195,BAJFINANCE,INE296A01016,,59021174.624603175
NSE,2013-08-01,2013-09-01,1,SBIN,INE062A01012,,4388509809.833333
NSE,2013-08-01,2013-09-01,2,ICICIBANK,INE090A01013,,3652406443.6992064
NSE,2013-08-01,2013-09-01,4,RELIANCE,INE002A01018,,2891142461.915079
NSE,2013-08-01,2013-09-01,6,AXISBANK,INE238A01026,,2627337248.5904765
NSE,2013-08-01,2013-09-01,7,INFY,INE009A01021,,2607874628.7873015
NSE,2013-08-01,2013-09-01,9,LT,INE018A01030,,2378331901.4785714
NSE,2013-08-01,2013-09-01,10,ITC,INE154A01025,,2317436484.342064
NSE,2013-08-01,2013-09-01,11,TATAMOTORS,INE155A01022,,2198963432.553968
NSE,2013-08-01,2013-09-01,12,HINDUNILVR,INE030A01027,,2066243890.6793652
NSE,2013-08-01,2013-09-01,13,HDFCBANK,INE040A01026,,1922193214.8071427
NSE,2013-08-01,2013-09-01,14,TCS,INE467B01029,,1920682444.0952382
NSE,2013-08-01,2013-09-01,19,BHARTIARTL,INE397D01024,,1303190167.8960316
NSE,2013-08-01,2013-09-01,20,TATASTEEL,INE081A01012,,1298992717.492857
NSE,2013-08-01,2013-09-01,22,ONGC,INE213A01029,,1192581760.545238
NSE,2013-08-01,2013-09-01,23,SUNPHARMA,INE044A01036,,1171787079.20873
NSE,2013-08-01,2013-09-01,24,M&M,INE101A01026,,1094393398.9928572
NSE,2013-08-01,2013-09-01,26,HCLTECH,INE860A01027,,932677966.4793651
NSE,2013-08-01,2013-09-01,29,MARUTI,INE585B01010,,866006498.9674604
NSE,2013-08-01,2013-09-01,31,TITAN,INE280A01028,,844669343.1698412
NSE,2013-08-01,2013-09-01,32,DRREDDY,INE089A01023,,842512953.5119047
NSE,2013-08-01,2013-09-01,48,WIPRO,INE075A01022,,600417600.9857143
NSE,2013-08-01,2013-09-01,50,NTPC,INE733E01010,,580784496.1888888
NSE,2013-08-01,2013-09-01,52,CIPLA,INE059A01026,,551834619.1547619
NSE,2013-08-01,2013-09-01,59,KOTAKBANK,INE237A01028,,492672702.7277778
NSE,2013-08-01,2013-09-01,63,ASIANPAINT,INE021A01026,,412583734.7634921
NSE,2013-08-01,2013-09-01,81,ULTRACEMCO,INE481G01011,,318656893.5761905
NSE,2013-08-01,2013-09-01,83,ADANIENT,INE423A01024,,304202380.4666667
NSE,2013-08-01,2013-09-01,86,POWERGRID,INE752E01010,,299154521.99603176
NSE,2013-08-01,2013-09-01,142,NESTLEIND,INE239A01016,,107224056.02619047
NSE,2013-08-01,2013-09-01,176,BAJFINANCE,INE296A01016,,69158876.33333333
NSE,2013-09-02,2013-09-30,1,ICICIBANK,INE090A01013,,4358118579.19365
NSE,2013-09-02,2013-09-30,2,SBIN,INE062A01012,,4148760482.6031747
NSE,2013-09-02,2013-09-30,4,AXISBANK,INE238A01026,,3144807985.3833337
NSE,2013-09-02,2013-09-30,5,RELIANCE,INE002A01018,,3063066606.325397
NSE,2013-09-02,2013-09-30,6,INFY,INE009A01021,,2998047529.519841
NSE,2013-09-02,2013-09-30,8,HDFCBANK,INE040A01026,,2569952671.515079
NSE,2013-09-02,2013-09-30,10,ITC,INE154A01025,,2519267963.33254
NSE,2013-09-02,2013-09-30,11,TATAMOTORS,INE155A01022,,2451413555.7111115
NSE,2013-09-02,2013-09-30,13,TCS,INE467B01029,,2319785850.9603176
NSE,2013-09-02,2013-09-30,14,LT,INE018A01030,,2282839035.045238
NSE,2013-09-02,2013-09-30,15,HINDUNILVR,INE030A01027,,2136182822.9880953
NSE,2013-09-02,2013-09-30,16,TATASTEEL,INE081A01012,,1613548934.9373014
NSE,2013-09-02,2013-09-30,19,BHARTIARTL,INE397D01024,,1503463787.0912697
NSE,2013-09-02,2013-09-30,21,ONGC,INE213A01029,,1248125243.2920635
NSE,2013-09-02,2013-09-30,22,M&M,INE101A01026,,1223760645.7333333
NSE,2013-09-02,2013-09-30,26,SUNPHARMA,INE044A01036,,1128572020.7150793
NSE,2013-09-02,2013-09-30,27,HCLTECH,INE860A01027,,1066742830.8539683
NSE,2013-09-02,2013-09-30,31,TITAN,INE280A01028,,947813931.0785714
NSE,2013-09-02,2013-09-30,34,MARUTI,INE585B01010,,896486482.4896827
NSE,2013-09-02,2013-09-30,35,WIPRO,INE075A01022,,845828835.7063493
NSE,2013-09-02,2013-09-30,39,DRREDDY,INE089A01023,,777723311.8285714
NSE,2013-09-02,2013-09-30,45,KOTAKBANK,INE237A01028,,681773161.9992064
NSE,2013-09-02,2013-09-30,53,NTPC,INE733E01010,,554207272.8730159
NSE,2013-09-02,2013-09-30,54,CIPLA,INE059A01026,,551955453.4015872
NSE,2013-09-02,2013-09-30,63,ASIANPAINT,INE021A01026,,460249498.0619048
NSE,2013-09-02,2013-09-30,65,POWERGRID,INE752E01010,,425233818.03571427
NSE,2013-09-02,2013-09-30,76,ULTRACEMCO,INE481G01011,,348933230.11190474
NSE,2013-09-02,2013-09-30,81,ADANIENT,INE423A01024,,321371823.36746037
NSE,2013-09-02,2013-09-30,155,NESTLEIND,INE239A01016,,80233241.51428571
NSE,2013-09-02,2013-09-30,167,BAJFINANCE,INE296A01016,,67268539.4936508
NSE,2013-10-01,2013-10-31,1,ICICIBANK,INE090A01013,,4653615745.285714
NSE,2013-10-01,2013-10-31,2,SBIN,INE062A01012,,4051321293.319048
NSE,2013-10-01,2013-10-31,3,AXISBANK,INE238A01026,,4035480753.7444444
NSE,2013-10-01,2013-10-31,6,INFY,INE009A01021,,3523748968.2746034
NSE,2013-10-01,2013-10-31,7,RELIANCE,INE002A01018,,2945720484.826191
NSE,2013-10-01,2013-10-31,8,HDFCBANK,INE040A01026,,2833592444.74127
NSE,2013-10-01,2013-10-31,9,ITC,INE154A01025,,2676149691.062699
NSE,2013-10-01,2013-10-31,10,TCS,INE467B01029,,2623141779.142857
NSE,2013-10-01,2013-10-31,12,TATAMOTORS,INE155A01022,,2436199005.8674607
NSE,2013-10-01,2013-10-31,13,LT,INE018A01030,,2258595230.296825
NSE,2013-10-01,2013-10-31,15,TATASTEEL,INE081A01012,,1800427513.6460316
NSE,2013-10-01,2013-10-31,16,HINDUNILVR,INE030A01027,,1682462406.2404761
NSE,2013-10-01,2013-10-31,17,BHARTIARTL,INE397D01024,,1653040793.4944444
NSE,2013-10-01,2013-10-31,25,M&M,INE101A01026,,1260818722.8111112
NSE,2013-10-01,2013-10-31,26,HCLTECH,INE860A01027,,1259777025.1849205
NSE,2013-10-01,2013-10-31,27,ONGC,INE213A01029,,1214715160.6626985
NSE,2013-10-01,2013-10-31,31,WIPRO,INE075A01022,,1123408118.6253967
NSE,2013-10-01,2013-10-31,32,SUNPHARMA,INE044A01036,,1084462543.5039682
NSE,2013-10-01,2013-10-31,36,MARUTI,INE585B01010,,910393021.0500001
NSE,2013-10-01,2013-10-31,41,KOTAKBANK,INE237A01028,,800464066.6547619
NSE,2013-10-01,2013-10-31,44,DRREDDY,INE089A01023,,764099119.5484127
NSE,2013-10-01,2013-10-31,49,TITAN,INE280A01028,,680311765.4206349
NSE,2013-10-01,2013-10-31,52,NTPC,INE733E01010,,580856901.1301588
NSE,2013-10-01,2013-10-31,57,CIPLA,INE059A01026,,526847728.7349206
NSE,2013-10-01,2013-10-31,58,ASIANPAINT,INE021A01026,,513525997.4706349
NSE,2013-10-01,2013-10-31,65,POWERGRID,INE752E01010,,445653629.05793655
NSE,2013-10-01,2013-10-31,72,ULTRACEMCO,INE481G01011,,367645042.9373016
NSE,2013-10-01,2013-10-31,82,ADANIENT,INE423A01024,,307930718.9444444
NSE,2013-10-01,2013-10-31,136,NESTLEIND,INE239A01016,,104799862.67380951
NSE,2013-10-01,2013-10-31,164,BAJFINANCE,INE296A01016,,64134611.78571428
NSE,2013-11-01,2013-12-01,1,ICICIBANK,INE090A01013,,4659090773.53254
NSE,2013-11-01,2013-12-01,3,AXISBANK,INE238A01026,,4589412761.196032
NSE,2013-11-01,2013-12-01,4,SBIN,INE062A01012,,3932829258.5857143
NSE,2013-11-01,2013-12-01,5,INFY,INE009A01021,,3898749285.8722224
NSE,2013-11-01,2013-12-01,7,TCS,INE467B01029,,2947245123.8238096
NSE,2013-11-01,2013-12-01,8,HDFCBANK,INE040A01026,,2883640805.7357144
NSE,2013-11-01,2013-12-01,9,RELIANCE,INE002A01018,,2872759648.4357142
NSE,2013-11-01,2013-12-01,10,TATAMOTORS,INE155A01022,,2751802442.4230156
NSE,2013-11-01,2013-12-01,11,ITC,INE154A01025,,2651241365.2063494
NSE,2013-11-01,2013-12-01,12,LT,INE018A01030,,2234875079.825397
NSE,2013-11-01,2013-12-01,13,TATASTEEL,INE081A01012,,2116453029.9650793
NSE,2013-11-01,2013-12-01,16,BHARTIARTL,INE397D01024,,1780356676.5579364
NSE,2013-11-01,2013-12-01,21,HCLTECH,INE860A01027,,1544936861.8595238
NSE,2013-11-01,2013-12-01,23,WIPRO,INE075A01022,,1419349546.1531744
NSE,2013-11-01,2013-12-01,26,M&M,INE101A01026,,1260509979.7698412
NSE,2013-11-01,2013-12-01,29,ONGC,INE213A01029,,1126111362.488889
NSE,2013-11-01,2013-12-01,31,SUNPHARMA,INE044A01036,,1103706563.4809525
NSE,2013-11-01,2013-12-01,32,HINDUNILVR,INE030A01027,,1048326503.3666668
NSE,2013-11-01,2013-12-01,36,MARUTI,INE585B01010,,1001296459.2325397
NSE,2013-11-01,2013-12-01,43,KOTAKBANK,INE237A01028,,831619525.8499999
NSE,2013-11-01,2013-12-01,46,DRREDDY,INE089A01023,,741255192.7388889
NSE,2013-11-01,2013-12-01,50,ASIANPAINT,INE021A01026,,615048732.018254
NSE,2013-11-01,2013-12-01,52,TITAN,INE280A01028,,585330900.052381
NSE,2013-11-01,2013-12-01,53,NTPC,INE733E01010,,574247755.2015872
NSE,2013-11-01,2013-12-01,55,CIPLA,INE059A01026,,554659742.7404761
NSE,2013-11-01,2013-12-01,60,POWERGRID,INE752E01010,,483492349.76666665
NSE,2013-11-01,2013-12-01,67,ULTRACEMCO,INE481G01011,,405205884.5539682
NSE,2013-11-01,2013-12-01,71,ADANIENT,INE423A01024,,381075470.2563492
NSE,2013-11-01,2013-12-01,131,NESTLEIND,INE239A01016,,126543535.77222222
NSE,2013-11-01,2013-12-01,187,BAJFINANCE,INE296A01016,,52911368.61111111
NSE,2013-12-02,2013-12-31,1,AXISBANK,INE238A01026,,4545228649.222222
NSE,2013-12-02,2013-12-31,3,ICICIBANK,INE090A01013,,4119107890.3444443
NSE,2013-12-02,2013-12-31,4,SBIN,INE062A01012,,3810279442.452381
NSE,2013-12-02,2013-12-31,5,INFY,INE009A01021,,3712035708.665079
NSE,2013-12-02,2013-12-31,7,TCS,INE467B01029,,2809881286.4500003
NSE,2013-12-02,2013-12-31,8,TATAMOTORS,INE155A01022,,2689156063.120635
NSE,2013-12-02,2013-12-31,9,RELIANCE,INE002A01018,,2678935394.30873
NSE,2013-12-02,2013-12-31,10,HDFCBANK,INE040A01026,,2395031279.5825396
NSE,2013-12-02,2013-12-31,11,ITC,INE154A01025,,2369167988.39127
NSE,2013-12-02,2013-12-31,13,LT,INE018A01030,,2194507711.726984
NSE,2013-12-02,2013-12-31,14,TATASTEEL,INE081A01012,,2138523087.5166667
NSE,2013-12-02,2013-12-31,17,BHARTIARTL,INE397D01024,,1622478798.702381
NSE,2013-12-02,2013-12-31,20,HCLTECH,INE860A01027,,1447091236.386508
NSE,2013-12-02,2013-12-31,21,WIPRO,INE075A01022,,1396137049.0769842
NSE,2013-12-02,2013-12-31,28,M&M,INE101A01026,,1094898192.113492
NSE,2013-12-02,2013-12-31,31,SUNPHARMA,INE044A01036,,1062823529.7674603
NSE,2013-12-02,2013-12-31,32,MARUTI,INE585B01010,,1024682968.0849208
NSE,2013-12-02,2013-12-31,35,ONGC,INE213A01029,,974007766.413492
NSE,2013-12-02,2013-12-31,38,HINDUNILVR,INE030A01027,,868881177.8460317
NSE,2013-12-02,2013-12-31,45,DRREDDY,INE089A01023,,683510372.9785714
NSE,2013-12-02,2013-12-31,46,KOTAKBANK,INE237A01028,,673278245.076984
NSE,2013-12-02,2013-12-31,52,ASIANPAINT,INE021A01026,,605407218.1960317
NSE,2013-12-02,2013-12-31,60,CIPLA,INE059A01026,,518555345.5833333
NSE,2013-12-02,2013-12-31,61,NTPC,INE733E01010,,505176438.08174604
NSE,2013-12-02,2013-12-31,62,ADANIENT,INE423A01024,,492571120.131746
NSE,2013-12-02,2013-12-31,63,TITAN,INE280A01028,,472388567.3785714
NSE,2013-12-02,2013-12-31,66,POWERGRID,INE752E01010,,435246294.6246032
NSE,2013-12-02,2013-12-31,78,ULTRACEMCO,INE481G01011,,331486757.79523814
NSE,2013-12-02,2013-12-31,95,NESTLEIND,INE239A01016,,268140640.1190476
NSE,2013-12-02,2013-12-31,216,BAJFINANCE,INE296A01016,,44775557.53412698
NSE,2014-01-01,2014-02-02,1,ICICIBANK,INE090A01013,,3567600522.1642857
NSE,2014-01-01,2014-02-02,2,INFY,INE009A01021,,3473535501.2325397
NSE,2014-01-01,2014-02-02,3,SBIN,INE062A01012,,3405313081.3357143
NSE,2014-01-01,2014-02-02,4,AXISBANK,INE238A01026,,3135626793.6706347
NSE,2014-01-01,2014-02-02,6,TATAMOTORS,INE155A01022,,2568258493.0341268
NSE,2014-01-01,2014-02-02,7,TCS,INE467B01029,,2318413620.044444
NSE,2014-01-01,2014-02-02,8,RELIANCE,INE002A01018,,2254686150.904762
NSE,2014-01-01,2014-02-02,9,LT,INE018A01030,,2235009807.9007936
NSE,2014-01-01,2014-02-02,11,HDFCBANK,INE040A01026,,2041753927.1031747
NSE,2014-01-01,2014-02-02,12,ITC,INE154A01025,,2024549348.8214285
NSE,2014-01-01,2014-02-02,14,TATASTEEL,INE081A01012,,1992691367.3650794
NSE,2014-01-01,2014-02-02,16,HCLTECH,INE860A01027,,1441369869.579365
NSE,2014-01-01,2014-02-02,18,BHARTIARTL,INE397D01024,,1421576659.0039682
NSE,2014-01-01,2014-02-02,21,POWERGRID,INE752E01010,,1219867573.2944446
NSE,2014-01-01,2014-02-02,22,MARUTI,INE585B01010,,1153011447.479365
NSE,2014-01-01,2014-02-02,25,WIPRO,INE075A01022,,1103424676.4595237
NSE,2014-01-01,2014-02-02,27,SUNPHARMA,INE044A01036,,1019264945.1055555
NSE,2014-01-01,2014-02-02,34,M&M,INE101A01026,,893605737.0380952
NSE,2014-01-01,2014-02-02,39,HINDUNILVR,INE030A01027,,791983051.6944444
NSE,2014-01-01,2014-02-02,40,ONGC,INE213A01029,,790874059.5738095
NSE,2014-01-01,2014-02-02,48,NTPC,INE733E01010,,634878149.0071428
NSE,2014-01-01,2014-02-02,49,DRREDDY,INE089A01023,,625848874.8103174
NSE,2014-01-01,2014-02-02,55,ADANIENT,INE423A01024,,562575699.3150793
NSE,2014-01-01,2014-02-02,57,ASIANPAINT,INE021A01026,,558194927.9944445
NSE,2014-01-01,2014-02-02,60,KOTAKBANK,INE237A01028,,492757603.8968254
NSE,2014-01-01,2014-02-02,62,CIPLA,INE059A01026,,479858672.1801588
NSE,2014-01-01,2014-02-02,73,TITAN,INE280A01028,,373416389.5825397
NSE,2014-01-01,2014-02-02,88,ULTRACEMCO,INE481G01011,,279964606.5484127
NSE,2014-01-01,2014-02-02,92,NESTLEIND,INE239A01016,,274039349.2880952
NSE,2014-01-01,2014-02-02,225,BAJFINANCE,INE296A01016,,46346587.67460317
NSE,2014-02-03,2014-03-02,1,INFY,INE009A01021,,3781084971.483333
NSE,2014-02-03,2014-03-02,2,ICICIBANK,INE090A01013,,3371960970.4690475
NSE,2014-02-03,2014-03-02,3,SBIN,INE062A01012,,3071337782.9079366
NSE,2014-02-03,2014-03-02,4,AXISBANK,INE238A01026,,2780214442.598413
NSE,2014-02-03,2014-03-02,5,TCS,INE467B01029,,2434121168.165079
NSE,2014-02-03,2014-03-02,6,TATAMOTORS,INE155A01022,,2268401657.966667
NSE,2014-02-03,2014-03-02,8,RELIANCE,INE002A01018,,2193364270.2730155
NSE,2014-02-03,2014-03-02,9,LT,INE018A01030,,2187835349.0896826
NSE,2014-02-03,2014-03-02,12,ITC,INE154A01025,,1924151299.0992064
NSE,2014-02-03,2014-03-02,13,HDFCBANK,INE040A01026,,1830647716.6238096
NSE,2014-02-03,2014-03-02,15,TATASTEEL,INE081A01012,,1780458392.3301587
NSE,2014-02-03,2014-03-02,17,MARUTI,INE585B01010,,1543834768.7285714
NSE,2014-02-03,2014-03-02,18,HCLTECH,INE860A01027,,1416020832.318254
NSE,2014-02-03,2014-03-02,19,BHARTIARTL,INE397D01024,,1403321847.7984128
NSE,2014-02-03,2014-03-02,20,POWERGRID,INE752E01010,,1337798808.054762
NSE,2014-02-03,2014-03-02,27,SUNPHARMA,INE044A01036,,1049322296.9103174
NSE,2014-02-03,2014-03-02,32,WIPRO,INE075A01022,,918069449.1476191
NSE,2014-02-03,2014-03-02,36,ONGC,INE213A01029,,813706312.0222223
NSE,2014-02-03,2014-03-02,37,M&M,INE101A01026,,811325260.8944446
NSE,2014-02-03,2014-03-02,45,NTPC,INE733E01010,,714853430.1206349
NSE,2014-02-03,2014-03-02,47,HINDUNILVR,INE030A01027,,695875498.3277777
NSE,2014-02-03,2014-03-02,52,DRREDDY,INE089A01023,,598859328.2706349
NSE,2014-02-03,2014-03-02,57,ADANIENT,INE423A01024,,550361554.1039683
NSE,2014-02-03,2014-03-02,64,ASIANPAINT,INE021A01026,,485601711.85476196
NSE,2014-02-03,2014-03-02,65,CIPLA,INE059A01026,,480263588.0126984
NSE,2014-02-03,2014-03-02,67,KOTAKBANK,INE237A01028,,447306398.5619048
NSE,2014-02-03,2014-03-02,84,TITAN,INE280A01028,,320727869.32619053
NSE,2014-02-03,2014-03-02,99,NESTLEIND,INE239A01016,,267506736.17460316
NSE,2014-02-03,2014-03-02,102,ULTRACEMCO,INE481G01011,,253372599.57460317
NSE,2014-02-03,2014-03-02,240,BAJFINANCE,INE296A01016,,44753687.72857143
NSE,2014-03-03,2014-03-31,1,INFY,INE009A01021,,3907763985.498413
NSE,2014-03-03,2014-03-31,2,ICICIBANK,INE090A01013,,3195116196.4746037
NSE,2014-03-03,2014-03-31,3,TCS,INE467B01029,,2649292272.0436506
NSE,2014-03-03,2014-03-31,4,SBIN,INE062A01012,,2498756589.8396826
NSE,2014-03-03,2014-03-31,6,AXISBANK,INE238A01026,,2398779696.888095
NSE,2014-03-03,2014-03-31,7,TATAMOTORS,INE155A01022,,2318541251.723016
NSE,2014-03-03,2014-03-31,8,RELIANCE,INE002A01018,,2119491649.8015873
NSE,2014-03-03,2014-03-31,10,LT,INE018A01030,,2050191649.8920634
NSE,2014-03-03,2014-03-31,11,ITC,INE154A01025,,1838326342.7650795
NSE,2014-03-03,2014-03-31,12,TATASTEEL,INE081A01012,,1726031489.445238
NSE,2014-03-03,2014-03-31,13,HCLTECH,INE860A01027,,1717567049.1579366
NSE,2014-03-03,2014-03-31,16,MARUTI,INE585B01010,,1555355208.252381
NSE,2014-03-03,2014-03-31,17,HDFCBANK,INE040A01026,,1541889470.3769841
NSE,2014-03-03,2014-03-31,18,BHARTIARTL,INE397D01024,,1526545270.034127
NSE,2014-03-03,2014-03-31,20,POWERGRID,INE752E01010,,1328661018.7944446
NSE,2014-03-03,2014-03-31,24,SUNPHARMA,INE044A01036,,1103506414.3587303
NSE,2014-03-03,2014-03-31,30,WIPRO,INE075A01022,,886757771.6134921
NSE,2014-03-03,2014-03-31,33,NTPC,INE733E01010,,872336760.2039683
NSE,2014-03-03,2014-03-31,36,ONGC,INE213A01029,,782985210.0015874
NSE,2014-03-03,2014-03-31,40,M&M,INE101A01026,,738529976.2087302
NSE,2014-03-03,2014-03-31,43,DRREDDY,INE089A01023,,714615438.85
NSE,2014-03-03,2014-03-31,47,HINDUNILVR,INE030A01027,,695728716.5912699
NSE,2014-03-03,2014-03-31,51,CIPLA,INE059A01026,,593163065.5150794
NSE,2014-03-03,2014-03-31,60,ADANIENT,INE423A01024,,516256619.44682544
NSE,2014-03-03,2014-03-31,64,KOTAKBANK,INE237A01028,,453591618.2587302
NSE,2014-03-03,2014-03-31,65,ASIANPAINT,INE021A01026,,436848033.89285713
NSE,2014-03-03,2014-03-31,88,TITAN,INE280A01028,,271403739.01111114
NSE,2014-03-03,2014-03-31,93,ULTRACEMCO,INE481G01011,,254413286.33968255
NSE,2014-03-03,2014-03-31,103,NESTLEIND,INE239A01016,,229718683.13412696
NSE,2014-03-03,2014-03-31,253,BAJFINANCE,INE296A01016,,40470358.092063494
NSE,2014-04-01,2014-05-01,1,INFY,INE009A01021,,4241210411.7999997
NSE,2014-04-01,2014-05-01,2,ICICIBANK,INE090A01013,,3629956298.5880957
NSE,2014-04-01,2014-05-01,3,AXISBANK,INE238A01026,,3177212228.407936
NSE,2014-04-01,2014-05-01,4,TCS,INE467B01029,,3105896103.6904764
NSE,2014-04-01,2014-05-01,5,SBIN,INE062A01012,,2978642765.9007936
NSE,2014-04-01,2014-05-01,6,RELIANCE,INE002A01018,,2827401436.354762
NSE,2014-04-01,2014-05-01,7,LT,INE018A01030,,2313540061.5896826
NSE,2014-04-01,2014-05-01,10,TATAMOTORS,INE155A01022,,2211528224.0301585
NSE,2014-04-01,2014-05-01,12,ITC,INE154A01025,,1993260627.8960316
NSE,2014-04-01,2014-05-01,13,HCLTECH,INE860A01027,,1925339294.9761906
NSE,2014-04-01,2014-05-01,14,TATASTEEL,INE081A01012,,1924160903.085714
NSE,2014-04-01,2014-05-01,15,BHARTIARTL,INE397D01024,,1678069553.7150793
NSE,2014-04-01,2014-05-01,16,MARUTI,INE585B01010,,1533631002.6119049
NSE,2014-04-01,2014-05-01,19,HDFCBANK,INE040A01026,,1438560370.0317461
NSE,2014-04-01,2014-05-01,21,SUNPHARMA,INE044A01036,,1310165526.4746034
NSE,2014-04-01,2014-05-01,26,ONGC,INE213A01029,,1022306132.2190477
NSE,2014-04-01,2014-05-01,31,WIPRO,INE075A01022,,947098519.4285715
NSE,2014-04-01,2014-05-01,33,DRREDDY,INE089A01023,,931761805.8603175
NSE,2014-04-01,2014-05-01,34,M&M,INE101A01026,,898394676.7563492
NSE,2014-04-01,2014-05-01,42,NTPC,INE733E01010,,780469509.5531746
NSE,2014-04-01,2014-05-01,47,HINDUNILVR,INE030A01027,,699744241.1515872
NSE,2014-04-01,2014-05-01,51,ADANIENT,INE423A01024,,621630913.1880952
NSE,2014-04-01,2014-05-01,54,CIPLA,INE059A01026,,604092079.3444444
NSE,2014-04-01,2014-05-01,55,POWERGRID,INE752E01010,,598366486.2206349
NSE,2014-04-01,2014-05-01,59,KOTAKBANK,INE237A01028,,537944015.4880953
NSE,2014-04-01,2014-05-01,68,ASIANPAINT,INE021A01026,,438375733.55
NSE,2014-04-01,2014-05-01,83,ULTRACEMCO,INE481G01011,,307880051.17619044
NSE,2014-04-01,2014-05-01,90,TITAN,INE280A01028,,288644143.7039683
NSE,2014-04-01,2014-05-01,112,NESTLEIND,INE239A01016,,227892633.07698414
NSE,2014-04-01,2014-05-01,255,BAJFINANCE,INE296A01016,,42727204.62936508
NSE,2014-05-02,2014-06-01,1,ICICIBANK,INE090A01013,,4050124401.823016
NSE,2014-05-02,2014-06-01,2,INFY,INE009A01021,,3768405262.118254
NSE,2014-05-02,2014-06-01,3,SBIN,INE062A01012,,3539007759.430952
NSE,2014-05-02,2014-06-01,4,RELIANCE,INE002A01018,,2998991215.5944448
NSE,2014-05-02,2014-06-01,5,TCS,INE467B01029,,2976282336.6380954
NSE,2014-05-02,2014-06-01,6,AXISBANK,INE238A01026,,2819767171.7309523
NSE,2014-05-02,2014-06-01,7,LT,INE018A01030,,2622033624.4349203
NSE,2014-05-02,2014-06-01,10,TATAMOTORS,INE155A01022,,2282867853.930158
NSE,2014-05-02,2014-06-01,11,TATASTEEL,INE081A01012,,2126232818.6055558
NSE,2014-05-02,2014-06-01,13,ITC,INE154A01025,,2123198707.7269843
NSE,2014-05-02,2014-06-01,14,HCLTECH,INE860A01027,,1951831718.0595238
NSE,2014-05-02,2014-06-01,15,BHARTIARTL,INE397D01024,,1689828621.7317462
NSE,2014-05-02,2014-06-01,18,SUNPHARMA,INE044A01036,,1634266717.5277777
NSE,2014-05-02,2014-06-01,20,HDFCBANK,INE040A01026,,1510599484.7238097
NSE,2014-05-02,2014-06-01,21,ADANIENT,INE423A01024,,1489427954.326984
NSE,2014-05-02,2014-06-01,23,MARUTI,INE585B01010,,1404998863.2920635
NSE,2014-05-02,2014-06-01,26,ONGC,INE213A01029,,1257724906.7714283
NSE,2014-05-02,2014-06-01,30,DRREDDY,INE089A01023,,1039625315.1555555
NSE,2014-05-02,2014-06-01,31,WIPRO,INE075A01022,,1028098735.4714285
NSE,2014-05-02,2014-06-01,33,M&M,INE101A01026,,977648019.7126985
NSE,2014-05-02,2014-06-01,43,NTPC,INE733E01010,,830986214.965873
NSE,2014-05-02,2014-06-01,52,HINDUNILVR,INE030A01027,,730970762.9722222
NSE,2014-05-02,2014-06-01,60,CIPLA,INE059A01026,,621575821.8666667
NSE,2014-05-02,2014-06-01,61,KOTAKBANK,INE237A01028,,601805857.9642857
NSE,2014-05-02,2014-06-01,65,POWERGRID,INE752E01010,,538847886.184127
NSE,2014-05-02,2014-06-01,76,ASIANPAINT,INE021A01026,,412034611.81111115
NSE,2014-05-02,2014-06-01,93,ULTRACEMCO,INE481G01011,,330286657.6468254
NSE,2014-05-02,2014-06-01,100,TITAN,INE280A01028,,290784937.2269842
NSE,2014-05-02,2014-06-01,115,NESTLEIND,INE239A01016,,228984358.4547619
NSE,2014-05-02,2014-06-01,237,BAJFINANCE,INE296A01016,,59029997.752380945
NSE,2014-06-02,2014-06-30,1,SBIN,INE062A01012,,5255296790.959524
NSE,2014-06-02,2014-06-30,2,ICICIBANK,INE090A01013,,4958513096.300794
NSE,2014-06-02,2014-06-30,3,INFY,INE009A01021,,4127977247.6007934
NSE,2014-06-02,2014-06-30,4,RELIANCE,INE002A01018,,3985419107.1190476
NSE,2014-06-02,2014-06-30,5,LT,INE018A01030,,3415836210.0920634
NSE,2014-06-02,2014-06-30,6,TCS,INE467B01029,,3225345295.602381
NSE,2014-06-02,2014-06-30,7,AXISBANK,INE238A01026,,3081572410.019841
NSE,2014-06-02,2014-06-30,10,TATASTEEL,INE081A01012,,2544898662.183333
NSE,2014-06-02,2014-06-30,11,ITC,INE154A01025,,2444579238.6499996
NSE,2014-06-02,2014-06-30,12,ADANIENT,INE423A01024,,2365993323.1952386
NSE,2014-06-02,2014-06-30,13,TATAMOTORS,INE155A01022,,2234385453.7166667
NSE,2014-06-02,2014-06-30,17,HDFCBANK,INE040A01026,,1922139882.2571428
NSE,2014-06-02,2014-06-30,18,HCLTECH,INE860A01027,,1898467205.4373014
NSE,2014-06-02,2014-06-30,21,SUNPHARMA,INE044A01036,,1777015493.2277777
NSE,2014-06-02,2014-06-30,23,ONGC,INE213A01029,,1751470622.5365078
NSE,2014-06-02,2014-06-30,26,BHARTIARTL,INE397D01024,,1621931245.5928571
NSE,2014-06-02,2014-06-30,27,NTPC,INE733E01010,,1450291920.9698415
NSE,2014-06-02,2014-06-30,33,DRREDDY,INE089A01023,,1374340802.286508
NSE,2014-06-02,2014-06-30,37,M&M,INE101A01026,,1297222582.9531744
NSE,2014-06-02,2014-06-30,40,WIPRO,INE075A01022,,1166902197.3222222
NSE,2014-06-02,2014-06-30,43,MARUTI,INE585B01010,,995329947.213492
NSE,2014-06-02,2014-06-30,52,HINDUNILVR,INE030A01027,,824407685.8119048
NSE,2014-06-02,2014-06-30,57,POWERGRID,INE752E01010,,792159361.1642857
NSE,2014-06-02,2014-06-30,67,KOTAKBANK,INE237A01028,,693946294.0023808
NSE,2014-06-02,2014-06-30,73,ULTRACEMCO,INE481G01011,,609938212.0936508
NSE,2014-06-02,2014-06-30,75,CIPLA,INE059A01026,,591215184.5873016
NSE,2014-06-02,2014-06-30,91,ASIANPAINT,INE021A01026,,447078619.54126984
NSE,2014-06-02,2014-06-30,100,TITAN,INE280A01028,,398223019.0968254
NSE,2014-06-02,2014-06-30,110,NESTLEIND,INE239A01016,,333658555.42142856
NSE,2014-06-02,2014-06-30,225,BAJFINANCE,INE296A01016,,87492136.18015873
NSE,2014-07-01,2014-07-31,1,SBIN,INE062A01012,,5622373745.707936
NSE,2014-07-01,2014-07-31,2,ICICIBANK,INE090A01013,,4643525998.411112
NSE,2014-07-01,2014-07-31,3,INFY,INE009A01021,,3949766493.292857
NSE,2014-07-01,2014-07-31,4,RELIANCE,INE002A01018,,3915095255.705556
NSE,2014-07-01,2014-07-31,6,LT,INE018A01030,,3393966113.0301585
NSE,2014-07-01,2014-07-31,8,TCS,INE467B01029,,2871443255.2349205
NSE,2014-07-01,2014-07-31,10,TATASTEEL,INE081A01012,,2769151838.265873
NSE,2014-07-01,2014-07-31,11,ONGC,INE213A01029,,2655418215.566667
NSE,2014-07-01,2014-07-31,12,ITC,INE154A01025,,2594444612.0746036
NSE,2014-07-01,2014-07-31,13,ADANIENT,INE423A01024,,2524482354.7230163
NSE,2014-07-01,2014-07-31,17,AXISBANK,INE238A01026,,2304220831.653175
NSE,2014-07-01,2014-07-31,19,TATAMOTORS,INE155A01022,,2259286060.6142855
NSE,2014-07-01,2014-07-31,24,HDFCBANK,INE040A01026,,1839015574.1928573
NSE,2014-07-01,2014-07-31,26,SUNPHARMA,INE044A01036,,1707187995.6499999
NSE,2014-07-01,2014-07-31,30,BHARTIARTL,INE397D01024,,1663028294.1134923
NSE,2014-07-01,2014-07-31,31,NTPC,INE733E01010,,1643784068.534127
NSE,2014-07-01,2014-07-31,32,HCLTECH,INE860A01027,,1598299033.4174604
NSE,2014-07-01,2014-07-31,38,DRREDDY,INE089A01023,,1318301180.679365
NSE,2014-07-01,2014-07-31,39,M&M,INE101A01026,,1308113422.9992063
NSE,2014-07-01,2014-07-31,44,WIPRO,INE075A01022,,1135495889.8960319
NSE,2014-07-01,2014-07-31,53,POWERGRID,INE752E01010,,985785467.3571428
NSE,2014-07-01,2014-07-31,61,MARUTI,INE585B01010,,854400163.6119047
NSE,2014-07-01,2014-07-31,63,HINDUNILVR,INE030A01027,,826660077.9380952
NSE,2014-07-01,2014-07-31,71,ULTRACEMCO,INE481G01011,,749530142.5396825
NSE,2014-07-01,2014-07-31,73,KOTAKBANK,INE237A01028,,714916565.6912699
NSE,2014-07-01,2014-07-31,79,CIPLA,INE059A01026,,654901691.9253968
NSE,2014-07-01,2014-07-31,94,ASIANPAINT,INE021A01026,,539401668.5063492
NSE,2014-07-01,2014-07-31,106,TITAN,INE280A01028,,474985779.1571428
NSE,2014-07-01,2014-07-31,144,NESTLEIND,INE239A01016,,251528324.33492061
NSE,2014-07-01,2014-07-31,248,BAJFINANCE,INE296A01016,,93101968.71904762
NSE,2014-08-01,2014-08-31,1,SBIN,INE062A01012,,5712213046.076983
NSE,2014-08-01,2014-08-31,2,ICICIBANK,INE090A01013,,4722340446.83254
NSE,2014-08-01,2014-08-31,3,RELIANCE,INE002A01018,,3997582152.1412697
NSE,2014-08-01,2014-08-31,4,INFY,INE009A01021,,3820045042.812699
NSE,2014-08-01,2014-08-31,5,LT,INE018A01030,,3593704016.525397
NSE,2014-08-01,2014-08-31,7,TATASTEEL,INE081A01012,,3015782192.4206347
NSE,2014-08-01,2014-08-31,9,ONGC,INE213A01029,,2865464128.5833335
NSE,2014-08-01,2014-08-31,11,ITC,INE154A01025,,2745001892.453175
NSE,2014-08-01,2014-08-31,14,TCS,INE467B01029,,2617067687.6158733
NSE,2014-08-01,2014-08-31,15,TATAMOTORS,INE155A01022,,2558500497.803968
NSE,2014-08-01,2014-08-31,19,AXISBANK,INE238A01034,,2237679614.9626985
NSE,2014-08-01,2014-08-31,24,ADANIENT,INE423A01024,,1892120955.8817458
NSE,2014-08-01,2014-08-31,26,HDFCBANK,INE040A01026,,1819959939.470635
NSE,2014-08-01,2014-08-31,28,NTPC,INE733E01010,,1756919891.220635
NSE,2014-08-01,2014-08-31,30,BHARTIARTL,INE397D01024,,1724932252.7373016
NSE,2014-08-01,2014-08-31,35,HCLTECH,INE860A01027,,1588216608.1174603
NSE,2014-08-01,2014-08-31,38,SUNPHARMA,INE044A01036,,1539807691.2373016
NSE,2014-08-01,2014-08-31,39,M&M,INE101A01026,,1437245107.8690476
NSE,2014-08-01,2014-08-31,42,DRREDDY,INE089A01023,,1265611516.2952383
NSE,2014-08-01,2014-08-31,48,KOTAKBANK,INE237A01028,,1102903396.618254
NSE,2014-08-01,2014-08-31,50,WIPRO,INE075A01022,,1096827593.0087302
NSE,2014-08-01,2014-08-31,51,POWERGRID,INE752E01010,,1095908913.0563493
NSE,2014-08-01,2014-08-31,60,ULTRACEMCO,INE481G01011,,938632876.7063493
NSE,2014-08-01,2014-08-31,63,MARUTI,INE585B01010,,904134271.9555556
NSE,2014-08-01,2014-08-31,65,HINDUNILVR,INE030A01027,,858682370.0730158
NSE,2014-08-01,2014-08-31,81,CIPLA,INE059A01026,,660787884.7531747
NSE,2014-08-01,2014-08-31,97,ASIANPAINT,INE021A01026,,564390124.3761905
NSE,2014-08-01,2014-08-31,104,TITAN,INE280A01028,,498597392.6690476
NSE,2014-08-01,2014-08-31,152,NESTLEIND,INE239A01016,,236320838.63174602
NSE,2014-08-01,2014-08-31,266,BAJFINANCE,INE296A01016,,87187064.41428572
NSE,2014-09-01,2014-09-30,1,SBIN,INE062A01012,,4676461751.011111
NSE,2014-09-01,2014-09-30,2,ICICIBANK,INE090A01013,,3918777571.294444
NSE,2014-09-01,2014-09-30,3,INFY,INE009A01021,,3457449479.4261904
NSE,2014-09-01,2014-09-30,4,RELIANCE,INE002A01018,,3291440317.3444443
NSE,2014-09-01,2014-09-30,5,LT,INE018A01030,,3227312865.49127
NSE,2014-09-01,2014-09-30,7,TATASTEEL,INE081A01012,,2865075279.203968
NSE,2014-09-01,2014-09-30,8,ONGC,INE213A01029,,2862293629.024603
NSE,2014-09-01,2014-09-30,9,TATAMOTORS,INE155A01022,,2689589165.7515874
NSE,2014-09-01,2014-09-30,13,ITC,INE154A01025,,2360400234.731746
NSE,2014-09-01,2014-09-30,14,TCS,INE467B01029,,2325361379.1698413
NSE,2014-09-01,2014-09-30,22,AXISBANK,INE238A01034,,1814785596.6650796
NSE,2014-09-01,2014-09-30,23,BHARTIARTL,INE397D01024,,1648437702.488889
NSE,2014-09-01,2014-09-30,26,HCLTECH,INE860A01027,,1510159190.5984128
NSE,2014-09-01,2014-09-30,29,HDFCBANK,INE040A01026,,1478463901.1460316
NSE,2014-09-01,2014-09-30,30,SUNPHARMA,INE044A01036,,1454895168.5222223
NSE,2014-09-01,2014-09-30,34,M&M,INE101A01026,,1333624780.5166667
NSE,2014-09-01,2014-09-30,37,ADANIENT,INE423A01024,,1266686984.2087302
NSE,2014-09-01,2014-09-30,44,NTPC,INE733E01010,,1152688706.0944445
NSE,2014-09-01,2014-09-30,46,KOTAKBANK,INE237A01028,,1137454366.7007935
NSE,2014-09-01,2014-09-30,54,DRREDDY,INE089A01023,,978184985.1404761
NSE,2014-09-01,2014-09-30,55,WIPRO,INE075A01022,,975935055.3134921
NSE,2014-09-01,2014-09-30,57,POWERGRID,INE752E01010,,934829836.818254
NSE,2014-09-01,2014-09-30,59,MARUTI,INE585B01010,,900760607.3880951
NSE,2014-09-01,2014-09-30,66,ULTRACEMCO,INE481G01011,,794138272.9515873
NSE,2014-09-01,2014-09-30,69,HINDUNILVR,INE030A01027,,754756564.4380952
NSE,2014-09-01,2014-09-30,74,CIPLA,INE059A01026,,691083786.1571429
NSE,2014-09-01,2014-09-30,87,ASIANPAINT,INE021A01026,,555251901.8198413
NSE,2014-09-01,2014-09-30,111,TITAN,INE280A01028,,393941842.79444444
NSE,2014-09-01,2014-09-30,198,NESTLEIND,INE239A01016,,134911328.83333334
NSE,2014-09-01,2014-09-30,277,BAJFINANCE,INE296A01016,,79785272.57063492
NSE,2014-10-01,2014-11-02,1,SBIN,INE062A01012,,4418695807.00635
NSE,2014-10-01,2014-11-02,2,ICICIBANK,INE090A01013,,3739531737.477778
NSE,2014-10-01,2014-11-02,3,INFY,INE009A01021,,3382686687.531746
NSE,2014-10-01,2014-11-02,4,RELIANCE,INE002A01018,,3053392683.0047617
NSE,2014-10-01,2014-11-02,5,TATAMOTORS,INE155A01022,,2979592433.078572
NSE,2014-10-01,2014-11-02,6,LT,INE018A01030,,2906091782.7809525
NSE,2014-10-01,2014-11-02,8,TATASTEEL,INE081A01012,,2607386537.2158732
NSE,2014-10-01,2014-11-02,9,TCS,INE467B01029,,2325815623.679365
NSE,2014-10-01,2014-11-02,11,ITC,INE154A01025,,2070738178.343651
NSE,2014-10-01,2014-11-02,12,ONGC,INE213A01029,,2038271573.4674604
NSE,2014-10-01,2014-11-02,13,SUNPHARMA,INE044A01036,,1863052286.5468254
NSE,2014-10-01,2014-11-02,21,BHARTIARTL,INE397D01024,,1606552004.2634919
NSE,2014-10-01,2014-11-02,23,AXISBANK,INE238A01034,,1566411556.609524
NSE,2014-10-01,2014-11-02,26,HDFCBANK,INE040A01026,,1518365525.679365
NSE,2014-10-01,2014-11-02,28,HCLTECH,INE860A01027,,1440770080.925397
NSE,2014-10-01,2014-11-02,30,M&M,INE101A01026,,1397341889.9134922
NSE,2014-10-01,2014-11-02,36,KOTAKBANK,INE237A01028,,1169853269.0738094
NSE,2014-10-01,2014-11-02,39,ADANIENT,INE423A01024,,1140017119.9936507
NSE,2014-10-01,2014-11-02,51,CIPLA,INE059A01026,,980057830.9658731
NSE,2014-10-01,2014-11-02,53,WIPRO,INE075A01022,,962251496.5111111
NSE,2014-10-01,2014-11-02,54,DRREDDY,INE089A01023,,951510466.9182539
NSE,2014-10-01,2014-11-02,56,NTPC,INE733E01010,,931798843.3785715
NSE,2014-10-01,2014-11-02,59,MARUTI,INE585B01010,,902055980.2214286
NSE,2014-10-01,2014-11-02,67,HINDUNILVR,INE030A01027,,731952157.4857143
NSE,2014-10-01,2014-11-02,70,POWERGRID,INE752E01010,,714395613.1039681
NSE,2014-10-01,2014-11-02,72,ULTRACEMCO,INE481G01011,,697253352.5031745
NSE,2014-10-01,2014-11-02,81,ASIANPAINT,INE021A01026,,599824555.0952381
NSE,2014-10-01,2014-11-02,121,TITAN,INE280A01028,,335990541.16587305
NSE,2014-10-01,2014-11-02,199,NESTLEIND,INE239A01016,,138615793.84841272
NSE,2014-10-01,2014-11-02,284,BAJFINANCE,INE296A01016,,73106560.42460318
NSE,2014-11-03,2014-11-30,1,SBIN,INE062A01012,,4337774131.093651
NSE,2014-11-03,2014-11-30,2,INFY,INE009A01021,,4259957927.7007937
NSE,2014-11-03,2014-11-30,3,ICICIBANK,INE090A01013,,3621239852.322222
NSE,2014-11-03,2014-11-30,4,RELIANCE,INE002A01018,,3098874886.9666667
NSE,2014-11-03,2014-11-30,5,TATAMOTORS,INE155A01022,,3049349905.9785714
NSE,2014-11-03,2014-11-30,6,LT,INE018A01030,,2854528065.687301
NSE,2014-11-03,2014-11-30,7,TCS,INE467B01029,,2830406514.328572
NSE,2014-11-03,2014-11-30,9,TATASTEEL,INE081A01012,,2549499246.623016
NSE,2014-11-03,2014-11-30,11,ONGC,INE213A01029,,1982369731.618254
NSE,2014-11-03,2014-11-30,13,SUNPHARMA,INE044A01036,,1901284181.8325398
NSE,2014-11-03,2014-11-30,14,ITC,INE154A01025,,1880800614.2896826
NSE,2014-11-03,2014-11-30,15,BHARTIARTL,INE397D01024,,1736963362.3253968
NSE,2014-11-03,2014-11-30,16,HCLTECH,INE860A01027,,1666747059.6238093
NSE,2014-11-03,2014-11-30,19,HDFCBANK,INE040A01026,,1566564663.1087303
NSE,2014-11-03,2014-11-30,24,AXISBANK,INE238A01034,,1417939967.2523808
NSE,2014-11-03,2014-11-30,28,M&M,INE101A01026,,1391604565.7388887
NSE,2014-11-03,2014-11-30,36,CIPLA,INE059A01026,,1143856487.2301588
NSE,2014-11-03,2014-11-30,40,WIPRO,INE075A01022,,1076690924.365873
NSE,2014-11-03,2014-11-30,42,DRREDDY,INE089A01023,,1022233520.8658731
NSE,2014-11-03,2014-11-30,47,MARUTI,INE585B01010,,987396035.0174603
NSE,2014-11-03,2014-11-30,51,KOTAKBANK,INE237A01028,,962426625.2095239
NSE,2014-11-03,2014-11-30,53,ADANIENT,INE423A01024,,924142337.4817461
NSE,2014-11-03,2014-11-30,58,NTPC,INE733E01010,,845468795.5492064
NSE,2014-11-03,2014-11-30,62,HINDUNILVR,INE030A01027,,778343159.2301587
NSE,2014-11-03,2014-11-30,68,ASIANPAINT,INE021A01026,,727625416.0309523
NSE,2014-11-03,2014-11-30,69,POWERGRID,INE752E01010,,725484196.1587301
NSE,2014-11-03,2014-11-30,75,ULTRACEMCO,INE481G01011,,638950113.0285715
NSE,2014-11-03,2014-11-30,112,TITAN,INE280A01028,,381178500.5412699
NSE,2014-11-03,2014-11-30,194,NESTLEIND,INE239A01016,,138783994.93968254
NSE,2014-11-03,2014-11-30,265,BAJFINANCE,INE296A01016,,78403464.52380952
NSE,2014-12-01,2014-12-31,1,SBIN,INE062A01020,,5036237862.261111
NSE,2014-12-01,2014-12-31,2,INFY,INE009A01021,,4675757441.034127
NSE,2014-12-01,2014-12-31,3,ICICIBANK,INE090A01013,,3773466404.197619
NSE,2014-12-01,2014-12-31,4,RELIANCE,INE002A01018,,3037851177.7873015
NSE,2014-12-01,2014-12-31,5,TCS,INE467B01029,,2822908542.062698
NSE,2014-12-01,2014-12-31,6,TATAMOTORS,INE155A01022,,2705130442.8849206
NSE,2014-12-01,2014-12-31,8,LT,INE018A01030,,2473299409.9531746
NSE,2014-12-01,2014-12-31,9,TATASTEEL,INE081A01012,,2275327509.8896823
NSE,2014-12-01,2014-12-31,10,SUNPHARMA,INE044A01036,,2178425700.3531747
NSE,2014-12-01,2014-12-31,11,ITC,INE154A01025,,2175038785.0119047
NSE,2014-12-01,2014-12-31,14,ONGC,INE213A01029,,1922289127.1214287
NSE,2014-12-01,2014-12-31,16,BHARTIARTL,INE397D01024,,1709573432.738889
NSE,2014-12-01,2014-12-31,17,HDFCBANK,INE040A01026,,1706817176.24127
NSE,2014-12-01,2014-12-31,20,HCLTECH,INE860A01027,,1584597319.2865078
NSE,2014-12-01,2014-12-31,22,AXISBANK,INE238A01034,,1544435181.5944445
NSE,2014-12-01,2014-12-31,25,M&M,INE101A01026,,1336226479.153968
NSE,2014-12-01,2014-12-31,30,CIPLA,INE059A01026,,1298425496.5547621
NSE,2014-12-01,2014-12-31,34,KOTAKBANK,INE237A01028,,1185397561.618254
NSE,2014-12-01,2014-12-31,40,WIPRO,INE075A01022,,1122050948.0674603
NSE,2014-12-01,2014-12-31,44,DRREDDY,INE089A01023,,1041510102.1920636
NSE,2014-12-01,2014-12-31,49,MARUTI,INE585B01010,,959872384.9007937
NSE,2014-12-01,2014-12-31,50,ASIANPAINT,INE021A01026,,954656341.5785714
NSE,2014-12-01,2014-12-31,61,NTPC,INE733E01010,,814539980.923016
NSE,2014-12-01,2014-12-31,67,ADANIENT,INE423A01024,,754519352.0785714
NSE,2014-12-01,2014-12-31,72,POWERGRID,INE752E01010,,720652037.2873015
NSE,2014-12-01,2014-12-31,79,HINDUNILVR,INE030A01027,,666760261.6857144
NSE,2014-12-01,2014-12-31,84,ULTRACEMCO,INE481G01011,,582643136.4460317
NSE,2014-12-01,2014-12-31,106,TITAN,INE280A01028,,429269443.75
NSE,2014-12-01,2014-12-31,213,NESTLEIND,INE239A01016,,132092075.08809525
NSE,2014-12-01,2014-12-31,284,BAJFINANCE,INE296A01016,,76714219.96349207
NSE,2015-01-01,2015-02-01,1,INFY,INE009A01021,,6705511408.065872
NSE,2015-01-01,2015-02-01,2,SBIN,INE062A01020,,5021079697.421429
NSE,2015-01-01,2015-02-01,3,ICICIBANK,INE090A01021,,3800867289.5174603
NSE,2015-01-01,2015-02-01,4,RELIANCE,INE002A01018,,3009197360.20873
NSE,2015-01-01,2015-02-01,5,TCS,INE467B01029,,2881843164.380159
NSE,2015-01-01,2015-02-01,6,LT,INE018A01030,,2480368215.090476
NSE,2015-01-01,2015-02-01,7,ITC,INE154A01025,,2418163883.3031745
NSE,2015-01-01,2015-02-01,9,TATAMOTORS,INE155A01022,,2277553976.380159
NSE,2015-01-01,2015-02-01,10,TATASTEEL,INE081A01012,,2084824186.536508
NSE,2015-01-01,2015-02-01,11,SUNPHARMA,INE044A01036,,1983174661.0722222
NSE,2015-01-01,2015-02-01,15,ONGC,INE213A01029,,1717023600.7944443
NSE,2015-01-01,2015-02-01,16,HDFCBANK,INE040A01026,,1701018887.977778
NSE,2015-01-01,2015-02-01,17,AXISBANK,INE238A01034,,1654628132.3269842
NSE,2015-01-01,2015-02-01,18,BHARTIARTL,INE397D01024,,1626687530.296032
NSE,2015-01-01,2015-02-01,20,HCLTECH,INE860A01027,,1573012683.1063492
NSE,2015-01-01,2015-02-01,24,KOTAKBANK,INE237A01028,,1290178826.0619047
NSE,2015-01-01,2015-02-01,26,M&M,INE101A01026,,1226855137.6396823
NSE,2015-01-01,2015-02-01,39,DRREDDY,INE089A01023,,1091840232.286508
NSE,2015-01-01,2015-02-01,40,CIPLA,INE059A01026,,1083616698.3087301
NSE,2015-01-01,2015-02-01,41,WIPRO,INE075A01022,,1064820198.7349207
NSE,2015-01-01,2015-02-01,44,ASIANPAINT,INE021A01026,,1024918219.2428571
NSE,2015-01-01,2015-02-01,51,MARUTI,INE585B01010,,896041705.6150794
NSE,2015-01-01,2015-02-01,60,NTPC,INE733E01010,,777056694.6111112
NSE,2015-01-01,2015-02-01,70,HINDUNILVR,INE030A01027,,708309053.0
NSE,2015-01-01,2015-02-01,82,POWERGRID,INE752E01010,,602667619.6642857
NSE,2015-01-01,2015-02-01,87,ADANIENT,INE423A01024,,571189896.3253968
NSE,2015-01-01,2015-02-01,89,ULTRACEMCO,INE481G01011,,559571770.9055556
NSE,2015-01-01,2015-02-01,113,TITAN,INE280A01028,,379968208.66904765
NSE,2015-01-01,2015-02-01,222,NESTLEIND,INE239A01016,,112306433.64920634
NSE,2015-01-01,2015-02-01,275,BAJFINANCE,INE296A01016,,74743287.62539682
NSE,2015-02-02,2015-03-01,1,INFY,INE009A01021,,6603725020.519841
NSE,2015-02-02,2015-03-01,2,SBIN,INE062A01020,,5191198391.68254
NSE,2015-02-02,2015-03-01,3,ICICIBANK,INE090A01021,,4191525359.790476
NSE,2015-02-02,2015-03-01,4,RELIANCE,INE002A01018,,2939530656.1674604
NSE,2015-02-02,2015-03-01,5,ITC,INE154A01025,,2913367763.5365076
NSE,2015-02-02,2015-03-01,7,TCS,INE467B01029,,2770018871.553968
NSE,2015-02-02,2015-03-01,8,LT,INE018A01030,,2566998406.3738093
NSE,2015-02-02,2015-03-01,9,TATAMOTORS,INE155A01022,,2459017590.328572
NSE,2015-02-02,2015-03-01,11,AXISBANK,INE238A01034,,2058909868.9119048
NSE,2015-02-02,2015-03-01,14,TATASTEEL,INE081A01012,,1863712784.8880951
NSE,2015-02-02,2015-03-01,15,HDFCBANK,INE040A01026,,1798865562.7031746
NSE,2015-02-02,2015-03-01,16,SUNPHARMA,INE044A01036,,1794857705.445238
NSE,2015-02-02,2015-03-01,17,KOTAKBANK,INE237A01028,,1621423576.4555557
NSE,2015-02-02,2015-03-01,18,BHARTIARTL,INE397D01024,,1611720565.4261904
NSE,2015-02-02,2015-03-01,19,ONGC,INE213A01029,,1608932963.188889
NSE,2015-02-02,2015-03-01,20,HCLTECH,INE860A01027,,1575497643.3849206
NSE,2015-02-02,2015-03-01,23,HINDUNILVR,INE030A01027,,1445931993.5468254
NSE,2015-02-02,2015-03-01,25,ASIANPAINT,INE021A01026,,1344993418.8642857
NSE,2015-02-02,2015-03-01,27,M&M,INE101A01026,,1265608543.7992063
NSE,2015-02-02,2015-03-01,34,DRREDDY,INE089A01023,,1149795616.6936507
NSE,2015-02-02,2015-03-01,40,WIPRO,INE075A01022,,1087184150.3436508
NSE,2015-02-02,2015-03-01,41,MARUTI,INE585B01010,,1081347315.3801587
NSE,2015-02-02,2015-03-01,47,CIPLA,INE059A01026,,999480417.0928571
NSE,2015-02-02,2015-03-01,60,ADANIENT,INE423A01024,,833231456.6388888
NSE,2015-02-02,2015-03-01,67,NTPC,INE733E01010,,801897669.8103174
NSE,2015-02-02,2015-03-01,81,ULTRACEMCO,INE481G01011,,643712790.3706349
NSE,2015-02-02,2015-03-01,100,POWERGRID,INE752E01010,,479852420.08809525
NSE,2015-02-02,2015-03-01,108,TITAN,INE280A01028,,426785899.4079365
NSE,2015-02-02,2015-03-01,198,NESTLEIND,INE239A01016,,148342690.915873
NSE,2015-02-02,2015-03-01,220,BAJFINANCE,INE296A01016,,124428353.78571428
NSE,2015-03-02,2015-03-31,1,INFY,INE009A01021,,6441956866.673017
NSE,2015-03-02,2015-03-31,2,SBIN,INE062A01020,,4997945976.320635
NSE,2015-03-02,2015-03-31,3,ICICIBANK,INE090A01021,,4389413632.451588
NSE,2015-03-02,2015-03-31,5,LT,INE018A01030,,3087716148.680952
NSE,2015-03-02,2015-03-31,6,TCS,INE467B01029,,3042419880.5333333
NSE,2015-03-02,2015-03-31,7,ITC,INE154A01025,,3022027980.3587303
NSE,2015-03-02,2015-03-31,8,RELIANCE,INE002A01018,,2944746524.525397
NSE,2015-03-02,2015-03-31,9,AXISBANK,INE238A01034,,2633591366.234127
NSE,2015-03-02,2015-03-31,10,TATAMOTORS,INE155A01022,,2620958179.7666664
NSE,2015-03-02,2015-03-31,15,HCLTECH,INE860A01027,,1831908444.8555555
NSE,2015-03-02,2015-03-31,16,HDFCBANK,INE040A01026,,1796553745.6682541
NSE,2015-03-02,2015-03-31,17,TATASTEEL,INE081A01012,,1712288872.284127
NSE,2015-03-02,2015-03-31,18,HINDUNILVR,INE030A01027,,1633896314.579365
NSE,2015-03-02,2015-03-31,19,SUNPHARMA,INE044A01036,,1622784324.579365
NSE,2015-03-02,2015-03-31,20,KOTAKBANK,INE237A01028,,1600376771.0944445
NSE,2015-03-02,2015-03-31,21,ONGC,INE213A01029,,1559141339.54127
NSE,2015-03-02,2015-03-31,27,BHARTIARTL,INE397D01024,,1401011734.6396825
NSE,2015-03-02,2015-03-31,28,M&M,INE101A01026,,1382634863.4746032
NSE,2015-03-02,2015-03-31,29,ASIANPAINT,INE021A01026,,1374019234.6119049
NSE,2015-03-02,2015-03-31,34,DRREDDY,INE089A01023,,1148156816.3785715
NSE,2015-03-02,2015-03-31,37,MARUTI,INE585B01010,,1110709556.3420634
NSE,2015-03-02,2015-03-31,38,ADANIENT,INE423A01024,,1078561293.607143
NSE,2015-03-02,2015-03-31,45,WIPRO,INE075A01022,,1047735421.6753969
NSE,2015-03-02,2015-03-31,50,CIPLA,INE059A01026,,1000210998.3444445
NSE,2015-03-02,2015-03-31,64,NTPC,INE733E01010,,802957525.8595239
NSE,2015-03-02,2015-03-31,81,ULTRACEMCO,INE481G01011,,660914002.536508
NSE,2015-03-02,2015-03-31,112,TITAN,INE280A01028,,412534611.31428576
NSE,2015-03-02,2015-03-31,126,POWERGRID,INE752E01010,,357920797.2865079
NSE,2015-03-02,2015-03-31,186,NESTLEIND,INE239A01016,,174974566.93015873
NSE,2015-03-02,2015-03-31,217,BAJFINANCE,INE296A01016,,136930303.33968252
NSE,2015-04-01,2015-05-03,1,SBIN,INE062A01020,,4965497428.588888
NSE,2015-04-01,2015-05-03,2,ICICIBANK,INE090A01021,,4751008935.943651
NSE,2015-04-01,2015-05-03,3,INFY,INE009A01021,,4492452699.321428
NSE,2015-04-01,2015-05-03,5,AXISBANK,INE238A01034,,3362740816.247619
NSE,2015-04-01,2015-05-03,6,LT,INE018A01030,,3356278489.1134925
NSE,2015-04-01,2015-05-03,7,ITC,INE154A01025,,3325353416.835715
NSE,2015-04-01,2015-05-03,8,TCS,INE467B01029,,3169348798.115873
NSE,2015-04-01,2015-05-03,9,RELIANCE,INE002A01018,,2947502681.7515874
NSE,2015-04-01,2015-05-03,11,TATAMOTORS,INE155A01022,,2770832299.94127
NSE,2015-04-01,2015-05-03,12,HCLTECH,INE860A01027,,2495182232.829365
NSE,2015-04-01,2015-05-03,15,HDFCBANK,INE040A01026,,2030054416.6246033
NSE,2015-04-01,2015-05-03,16,SUNPHARMA,INE044A01036,,1983761367.4833333
NSE,2015-04-01,2015-05-03,19,BHARTIARTL,INE397D01024,,1914335083.4507935
NSE,2015-04-01,2015-05-03,20,HINDUNILVR,INE030A01027,,1861528672.8269842
NSE,2015-04-01,2015-05-03,22,KOTAKBANK,INE237A01028,,1609536509.392857
NSE,2015-04-01,2015-05-03,23,TATASTEEL,INE081A01012,,1579708470.9626985
NSE,2015-04-01,2015-05-03,27,M&M,INE101A01026,,1480640951.5563493
NSE,2015-04-01,2015-05-03,28,ONGC,INE213A01029,,1459371354.2992063
NSE,2015-04-01,2015-05-03,32,ASIANPAINT,INE021A01026,,1317600095.0301585
NSE,2015-04-01,2015-05-03,35,ADANIENT,INE423A01024,,1217736656.0142858
NSE,2015-04-01,2015-05-03,39,MARUTI,INE585B01010,,1154649581.886508
NSE,2015-04-01,2015-05-03,40,WIPRO,INE075A01022,,1141660739.5825396
NSE,2015-04-01,2015-05-03,43,DRREDDY,INE089A01023,,1116876213.8563492
NSE,2015-04-01,2015-05-03,44,CIPLA,INE059A01026,,1093879309.6785715
NSE,2015-04-01,2015-05-03,50,NTPC,INE733E01010,,1023926075.2206349
NSE,2015-04-01,2015-05-03,61,ULTRACEMCO,INE481G01011,,860401315.986508
NSE,2015-04-01,2015-05-03,121,TITAN,INE280A01028,,387596778.3801587
NSE,2015-04-01,2015-05-03,122,POWERGRID,INE752E01010,,360975447.734127
NSE,2015-04-01,2015-05-03,174,NESTLEIND,INE239A01016,,212196872.63095242
NSE,2015-04-01,2015-05-03,203,BAJFINANCE,INE296A01016,,150823783.91428572
NSE,2015-05-04,2015-05-31,1,SUNPHARMA,INE044A01036,,7177719876.784921
NSE,2015-05-04,2015-05-31,2,SBIN,INE062A01020,,4874275177.942858
NSE,2015-05-04,2015-05-31,3,ICICIBANK,INE090A01021,,4835679009.307142
NSE,2015-05-04,2015-05-31,4,INFY,INE009A01021,,4717589543.773016
NSE,2015-05-04,2015-05-31,6,AXISBANK,INE238A01034,,3830236682.7420635
NSE,2015-05-04,2015-05-31,7,TCS,INE467B01029,,3461258143.9134917
NSE,2015-05-04,2015-05-31,8,LT,INE018A01030,,3433118719.138095
NSE,2015-05-04,2015-05-31,9,RELIANCE,INE002A01018,,3325187311.6126986
NSE,2015-05-04,2015-05-31,10,ITC,INE154A01025,,3154089196.3460317
NSE,2015-05-04,2015-05-31,13,HCLTECH,INE860A01027,,2750937689.698413
NSE,2015-05-04,2015-05-31,14,TATAMOTORS,INE155A01022,,2602843768.3936505
NSE,2015-05-04,2015-05-31,17,BHARTIARTL,INE397D01024,,2212858291.4753966
NSE,2015-05-04,2015-05-31,20,HDFCBANK,INE040A01026,,2026281833.1785715
NSE,2015-05-04,2015-05-31,23,TATASTEEL,INE081A01012,,1654370100.2309523
NSE,2015-05-04,2015-05-31,27,KOTAKBANK,INE237A01028,,1503853923.4984126
NSE,2015-05-04,2015-05-31,28,M&M,INE101A01026,,1458773497.915873
NSE,2015-05-04,2015-05-31,29,ONGC,INE213A01029,,1441354705.1944444
NSE,2015-05-04,2015-05-31,30,HINDUNILVR,INE030A01027,,1385453861.6023812
NSE,2015-05-04,2015-05-31,33,CIPLA,INE059A01026,,1242410830.9357142
NSE,2015-05-04,2015-05-31,34,MARUTI,INE585B01010,,1220960613.3
NSE,2015-05-04,2015-05-31,35,ADANIENT,INE423A01024,,1208432965.2055554
NSE,2015-05-04,2015-05-31,36,ASIANPAINT,INE021A01026,,1191386082.9007936
NSE,2015-05-04,2015-05-31,38,WIPRO,INE075A01022,,1179550474.5166667
NSE,2015-05-04,2015-05-31,41,DRREDDY,INE089A01023,,1139515961.452381
NSE,2015-05-04,2015-05-31,54,NTPC,INE733E01010,,965804007.0388889
NSE,2015-05-04,2015-05-31,64,ULTRACEMCO,INE481G01011,,869860870.7928572
NSE,2015-05-04,2015-05-31,118,TITAN,INE280A01028,,402990511.04285717
NSE,2015-05-04,2015-05-31,130,POWERGRID,INE752E01010,,324800916.9388889
NSE,2015-05-04,2015-05-31,176,NESTLEIND,INE239A01016,,198705893.02539682
NSE,2015-05-04,2015-05-31,204,BAJFINANCE,INE296A01016,,137604150.24920633
NSE,2015-06-01,2015-06-30,1,SUNPHARMA,INE044A01036,,7954952374.389684
NSE,2015-06-01,2015-06-30,2,INFY,INE009A01021,,4544006585.237301
NSE,2015-06-01,2015-06-30,3,SBIN,INE062A01020,,4343419405.115079
NSE,2015-06-01,2015-06-30,4,ICICIBANK,INE090A01021,,4118238991.395238
NSE,2015-06-01,2015-06-30,6,AXISBANK,INE238A01034,,3666442030.953175
NSE,2015-06-01,2015-06-30,8,RELIANCE,INE002A01018,,3298414361.0039682
NSE,2015-06-01,2015-06-30,9,TCS,INE467B01029,,3250262032.1626983
NSE,2015-06-01,2015-06-30,10,ITC,INE154A01025,,3210709063.430952
NSE,2015-06-01,2015-06-30,11,LT,INE018A01030,,3197207531.311111
NSE,2015-06-01,2015-06-30,14,BHARTIARTL,INE397D01024,,2861997191.23254
NSE,2015-06-01,2015-06-30,15,TATAMOTORS,INE155A01022,,2595886093.288889
NSE,2015-06-01,2015-06-30,16,HCLTECH,INE860A01027,,2437125880.4301586
NSE,2015-06-01,2015-06-30,20,HDFCBANK,INE040A01026,,1905530552.1515872
NSE,2015-06-01,2015-06-30,23,TATASTEEL,INE081A01012,,1678781568.307143
NSE,2015-06-01,2015-06-30,27,HINDUNILVR,INE030A01027,,1407427743.4690473
NSE,2015-06-01,2015-06-30,28,ONGC,INE213A01029,,1394949779.4746032
NSE,2015-06-01,2015-06-30,29,KOTAKBANK,INE237A01028,,1347890242.063492
NSE,2015-06-01,2015-06-30,34,ADANIENT,INE423A01024,,1305577132.3777778
NSE,2015-06-01,2015-06-30,35,CIPLA,INE059A01026,,1300305152.2150793
NSE,2015-06-01,2015-06-30,37,MARUTI,INE585B01010,,1230424629.0428572
NSE,2015-06-01,2015-06-30,38,M&M,INE101A01026,,1217228207.3849206
NSE,2015-06-01,2015-06-30,40,DRREDDY,INE089A01023,,1151879821.368254
NSE,2015-06-01,2015-06-30,43,WIPRO,INE075A01022,,1111966329.6857142
NSE,2015-06-01,2015-06-30,44,ASIANPAINT,INE021A01026,,1064814419.768254
NSE,2015-06-01,2015-06-30,47,NTPC,INE733E01010,,1005733256.0642856
NSE,2015-06-01,2015-06-30,51,ULTRACEMCO,INE481G01011,,987826673.3126984
NSE,2015-06-01,2015-06-30,123,POWERGRID,INE752E01010,,354784697.62857145
NSE,2015-06-01,2015-06-30,133,TITAN,INE280A01028,,314103781.1626984
NSE,2015-06-01,2015-06-30,161,NESTLEIND,INE239A01016,,216665882.57301587
NSE,2015-06-01,2015-06-30,187,BAJFINANCE,INE296A01016,,141784053.30396825
NSE,2015-07-01,2015-08-02,1,SUNPHARMA,INE044A01036,,8205608397.723809
NSE,2015-07-01,2015-08-02,2,INFY,INE009A01021,,4352870274.100794
NSE,2015-07-01,2015-08-02,3,SBIN,INE062A01020,,4094733659.618254
NSE,2015-07-01,2015-08-02,4,ICICIBANK,INE090A01021,,4026136503.5301585
NSE,2015-07-01,2015-08-02,5,RELIANCE,INE002A01018,,3817093550.053968
NSE,2015-07-01,2015-08-02,6,AXISBANK,INE238A01034,,3457234353.161905
NSE,2015-07-01,2015-08-02,9,TCS,INE467B01029,,3105087889.2007937
NSE,2015-07-01,2015-08-02,10,TATAMOTORS,INE155A01022,,2890324025.6603174
NSE,2015-07-01,2015-08-02,11,LT,INE018A01030,,2868259115.4539685
NSE,2015-07-01,2015-08-02,14,BHARTIARTL,INE397D01024,,2401111348.857143
NSE,2015-07-01,2015-08-02,15,ITC,INE154A01025,,2395374480.113492
NSE,2015-07-01,2015-08-02,21,HCLTECH,INE860A01027,,1767852388.1714287
NSE,2015-07-01,2015-08-02,22,HDFCBANK,INE040A01026,,1675934435.3674603
NSE,2015-07-01,2015-08-02,23,TATASTEEL,INE081A01012,,1550793205.4055555
NSE,2015-07-01,2015-08-02,26,ADANIENT,INE423A01024,,1460912375.3920636
NSE,2015-07-01,2015-08-02,30,MARUTI,INE585B01010,,1269537559.9920635
NSE,2015-07-01,2015-08-02,31,CIPLA,INE059A01026,,1237015550.756349
NSE,2015-07-01,2015-08-02,32,ONGC,INE213A01029,,1219954591.0317461
NSE,2015-07-01,2015-08-02,33,HINDUNILVR,INE030A01027,,1216838439.6960318
NSE,2015-07-01,2015-08-02,34,KOTAKBANK,INE237A01028,,1202244805.3674603
NSE,2015-07-01,2015-08-02,35,ASIANPAINT,INE021A01026,,1084008050.8087301
NSE,2015-07-01,2015-08-02,36,DRREDDY,INE089A01023,,1071145812.7793651
NSE,2015-07-01,2015-08-02,37,M&M,INE101A01026,,1063758619.8150793
NSE,2015-07-01,2015-08-02,39,WIPRO,INE075A01022,,1043103491.2587302
NSE,2015-07-01,2015-08-02,55,ULTRACEMCO,INE481G01011,,863753717.270635
NSE,2015-07-01,2015-08-02,71,NTPC,INE733E01010,,655929159.9904761
NSE,2015-07-01,2015-08-02,77,NESTLEIND,INE239A01016,,590991615.934127
NSE,2015-07-01,2015-08-02,118,POWERGRID,INE752E01010,,351486288.0007937
NSE,2015-07-01,2015-08-02,131,TITAN,INE280A01028,,299421108.73253965
NSE,2015-07-01,2015-08-02,161,BAJFINANCE,INE296A01016,,199621064.11507937
NSE,2015-08-03,2015-08-31,1,ICICIBANK,INE090A01021,,3915164949.6349206
NSE,2015-08-03,2015-08-31,2,INFY,INE009A01021,,3679217087.7999997
NSE,2015-08-03,2015-08-31,3,SBIN,INE062A01020,,3649750455.4293647
NSE,2015-08-03,2015-08-31,4,SUNPHARMA,INE044A01036,,3621788923.1904764
NSE,2015-08-03,2015-08-31,5,RELIANCE,INE002A01018,,3482253647.577778
NSE,2015-08-03,2015-08-31,6,AXISBANK,INE238A01034,,3432771758.747619
NSE,2015-08-03,2015-08-31,7,TATAMOTORS,INE155A01022,,3206518615.2071433
NSE,2015-08-03,2015-08-31,10,LT,INE018A01030,,2842772071.2904763
NSE,2015-08-03,2015-08-31,11,TCS,INE467B01029,,2682963833.4103174
NSE,2015-08-03,2015-08-31,14,ITC,INE154A01025,,2004433030.8785713
NSE,2015-08-03,2015-08-31,15,BHARTIARTL,INE397D01024,,1998309652.6531746
NSE,2015-08-03,2015-08-31,19,HDFCBANK,INE040A01026,,1596960835.0468254
NSE,2015-08-03,2015-08-31,22,HCLTECH,INE860A01027,,1382830122.2484128
NSE,2015-08-03,2015-08-31,26,TATASTEEL,INE081A01012,,1342108458.3698413
NSE,2015-08-03,2015-08-31,28,ADANIENT,INE423A01024,,1272800103.3626986
NSE,2015-08-03,2015-08-31,30,HINDUNILVR,INE030A01027,,1209321133.3492064
NSE,2015-08-03,2015-08-31,31,MARUTI,INE585B01010,,1168003343.4015872
NSE,2015-08-03,2015-08-31,32,ASIANPAINT,INE021A01026,,1160823297.9698415
NSE,2015-08-03,2015-08-31,33,DRREDDY,INE089A01023,,1138142212.0912697
NSE,2015-08-03,2015-08-31,36,KOTAKBANK,INE237A01028,,1061754193.6015873
NSE,2015-08-03,2015-08-31,37,CIPLA,INE059A01026,,1027663928.7150794
NSE,2015-08-03,2015-08-31,38,M&M,INE101A01026,,1024271829.1968254
NSE,2015-08-03,2015-08-31,41,ONGC,INE213A01029,,1006104124.2103175
NSE,2015-08-03,2015-08-31,53,ULTRACEMCO,INE481G01011,,845181662.5253968
NSE,2015-08-03,2015-08-31,54,WIPRO,INE075A01022,,812600575.9833333
NSE,2015-08-03,2015-08-31,65,NESTLEIND,INE239A01016,,686552006.9468254
NSE,2015-08-03,2015-08-31,72,NTPC,INE733E01010,,616572861.1190476
NSE,2015-08-03,2015-08-31,125,POWERGRID,INE752E01010,,306242819.386508
NSE,2015-08-03,2015-08-31,132,TITAN,INE280A01028,,287285055.2095238
NSE,2015-08-03,2015-08-31,136,BAJFINANCE,INE296A01016,,284345225.09444445
NSE,2015-09-01,2015-09-30,1,ICICIBANK,INE090A01021,,4023334324.1904764
NSE,2015-09-01,2015-09-30,2,INFY,INE009A01021,,4015353134.7420635
NSE,2015-09-01,2015-09-30,3,SBIN,INE062A01020,,3852492551.3055553
NSE,2015-09-01,2015-09-30,4,RELIANCE,INE002A01018,,3620320321.3317466
NSE,2015-09-01,2015-09-30,5,AXISBANK,INE238A01034,,3617486856.9992065
NSE,2015-09-01,2015-09-30,6,SUNPHARMA,INE044A01036,,3487710459.8119044
NSE,2015-09-01,2015-09-30,7,TATAMOTORS,INE155A01022,,3286454501.8857145
NSE,2015-09-01,2015-09-30,9,LT,INE018A01030,,2951339317.2968254
NSE,2015-09-01,2015-09-30,10,TCS,INE467B01029,,2769221048.025397
NSE,2015-09-01,2015-09-30,14,ITC,INE154A01025,,1932805407.3555558
NSE,2015-09-01,2015-09-30,17,HDFCBANK,INE040A01026,,1574836802.4396825
NSE,2015-09-01,2015-09-30,18,TATASTEEL,INE081A01012,,1539021901.381746
NSE,2015-09-01,2015-09-30,22,BHARTIARTL,INE397D01024,,1518388103.7301588
NSE,2015-09-01,2015-09-30,29,HCLTECH,INE860A01027,,1352340002.9976192
NSE,2015-09-01,2015-09-30,30,MARUTI,INE585B01010,,1339865210.8825397
NSE,2015-09-01,2015-09-30,31,DRREDDY,INE089A01023,,1306438005.186508
NSE,2015-09-01,2015-09-30,32,CIPLA,INE059A01026,,1268167790.8182538
NSE,2015-09-01,2015-09-30,33,HINDUNILVR,INE030A01027,,1199150447.3261902
NSE,2015-09-01,2015-09-30,34,M&M,INE101A01026,,1130348597.846032
NSE,2015-09-01,2015-09-30,36,ONGC,INE213A01029,,1078738851.431746
NSE,2015-09-01,2015-09-30,37,ASIANPAINT,INE021A01026,,1074586043.338889
NSE,2015-09-01,2015-09-30,45,KOTAKBANK,INE237A01028,,980948693.1777778
NSE,2015-09-01,2015-09-30,55,ULTRACEMCO,INE481G01011,,836669053.997619
NSE,2015-09-01,2015-09-30,62,WIPRO,INE075A01022,,760532530.5444444
NSE,2015-09-01,2015-09-30,64,NESTLEIND,INE239A01016,,738078395.7087302
NSE,2015-09-01,2015-09-30,90,NTPC,INE733E01010,,528068645.87222224
NSE,2015-09-01,2015-09-30,93,ADANIENT,INE423A01024,,498847320.6095238
NSE,2015-09-01,2015-09-30,118,BAJFINANCE,INE296A01016,,360317855.6373016
NSE,2015-09-01,2015-09-30,143,TITAN,INE280A01028,,288811889.1119048
NSE,2015-09-01,2015-09-30,157,POWERGRID,INE752E01010,,236097964.1714286
NSE,2015-10-01,2015-11-01,1,INFY,INE009A01021,,4477824721.429365
NSE,2015-10-01,2015-11-01,2,AXISBANK,INE238A01034,,4022071586.233333
NSE,2015-10-01,2015-11-01,3,SBIN,INE062A01020,,3863036217.5682545
NSE,2015-10-01,2015-11-01,4,ICICIBANK,INE090A01021,,3854206630.6126986
NSE,2015-10-01,2015-11-01,5,SUNPHARMA,INE044A01036,,3488002561.9301586
NSE,2015-10-01,2015-11-01,7,TATAMOTORS,INE155A01022,,3163146286.714286
NSE,2015-10-01,2015-11-01,8,LT,INE018A01030,,3150875596.73254
NSE,2015-10-01,2015-11-01,9,RELIANCE,INE002A01018,,3142098842.707937
NSE,2015-10-01,2015-11-01,11,TCS,INE467B01029,,2948003094.171428
NSE,2015-10-01,2015-11-01,14,ITC,INE154A01025,,1979054927.3968253
NSE,2015-10-01,2015-11-01,17,MARUTI,INE585B01010,,1873952295.3888888
NSE,2015-10-01,2015-11-01,19,TATASTEEL,INE081A01012,,1679051995.4992065
NSE,2015-10-01,2015-11-01,21,DRREDDY,INE089A01023,,1573437645.8650794
NSE,2015-10-01,2015-11-01,22,HDFCBANK,INE040A01026,,1545770584.0277777
NSE,2015-10-01,2015-11-01,24,BHARTIARTL,INE397D01024,,1507534025.9738095
NSE,2015-10-01,2015-11-01,26,HCLTECH,INE860A01027,,1486215847.0500002
NSE,2015-10-01,2015-11-01,32,M&M,INE101A01026,,1368167379.3079364
NSE,2015-10-01,2015-11-01,33,CIPLA,INE059A01026,,1327285707.379365
NSE,2015-10-01,2015-11-01,35,HINDUNILVR,INE030A01027,,1277562466.1301587
NSE,2015-10-01,2015-11-01,39,ONGC,INE213A01029,,1085629022.2563493
NSE,2015-10-01,2015-11-01,45,ASIANPAINT,INE021A01026,,1024582349.1992064
NSE,2015-10-01,2015-11-01,52,KOTAKBANK,INE237A01028,,936746673.4325397
NSE,2015-10-01,2015-11-01,55,ULTRACEMCO,INE481G01011,,904742740.9539683
NSE,2015-10-01,2015-11-01,62,WIPRO,INE075A01022,,773471742.4936508
NSE,2015-10-01,2015-11-01,90,NTPC,INE733E01010,,535458973.3722222
NSE,2015-10-01,2015-11-01,108,NESTLEIND,INE239A01016,,427698478.0579365
NSE,2015-10-01,2015-11-01,116,BAJFINANCE,INE296A01016,,393587144.365873
NSE,2015-10-01,2015-11-01,117,ADANIENT,INE423A01024,,392537670.63174605
NSE,2015-10-01,2015-11-01,136,TITAN,INE280A01028,,282557409.11746037
NSE,2015-10-01,2015-11-01,170,POWERGRID,INE752E01010,,210420998.09206352
NSE,2015-11-02,2015-11-30,1,INFY,INE009A01021,,4710390803.398413
NSE,2015-11-02,2015-11-30,2,AXISBANK,INE238A01034,,4489386562.24762
NSE,2015-11-02,2015-11-30,3,SBIN,INE062A01020,,3940266921.828572
NSE,2015-11-02,2015-11-30,4,ICICIBANK,INE090A01021,,3584479192.071429
NSE,2015-11-02,2015-11-30,6,TATAMOTORS,INE155A01022,,3396322912.3246036
NSE,2015-11-02,2015-11-30,7,LT,INE018A01030,,3339039915.2714286
NSE,2015-11-02,2015-11-30,8,TCS,INE467B01029,,3275831323.035714
NSE,2015-11-02,2015-11-30,9,RELIANCE,INE002A01018,,3007290735.0992064
NSE,2015-11-02,2015-11-30,10,SUNPHARMA,INE044A01036,,2886452915.353968
NSE,2015-11-02,2015-11-30,12,MARUTI,INE585B01010,,2613810201.8587303
NSE,2015-11-02,2015-11-30,14,ITC,INE154A01025,,2239119544.976984
NSE,2015-11-02,2015-11-30,17,HCLTECH,INE860A01027,,1940018369.618254
NSE,2015-11-02,2015-11-30,18,DRREDDY,INE089A01023,,1887604670.7301588
NSE,2015-11-02,2015-11-30,19,TATASTEEL,INE081A01012,,1744675235.7444446
NSE,2015-11-02,2015-11-30,23,BHARTIARTL,INE397D01024,,1530176700.9222224
NSE,2015-11-02,2015-11-30,24,M&M,INE101A01026,,1521693991.29127
NSE,2015-11-02,2015-11-30,25,HDFCBANK,INE040A01026,,1501318405.0166664
NSE,2015-11-02,2015-11-30,26,CIPLA,INE059A01026,,1486706041.1785715
NSE,2015-11-02,2015-11-30,36,HINDUNILVR,INE030A01027,,1263456255.8428571
NSE,2015-11-02,2015-11-30,43,ONGC,INE213A01029,,1042685710.3658731
NSE,2015-11-02,2015-11-30,48,ASIANPAINT,INE021A01026,,980067664.5642858
NSE,2015-11-02,2015-11-30,56,ULTRACEMCO,INE481G01011,,884075865.568254
NSE,2015-11-02,2015-11-30,60,KOTAKBANK,INE237A01028,,831602810.2833333
NSE,2015-11-02,2015-11-30,61,WIPRO,INE075A01022,,814321348.5944444
NSE,2015-11-02,2015-11-30,83,NTPC,INE733E01010,,607532360.4722222
NSE,2015-11-02,2015-11-30,100,ADANIENT,INE423A01024,,437576818.6611111
NSE,2015-11-02,2015-11-30,107,NESTLEIND,INE239A01016,,404345738.0388889
NSE,2015-11-02,2015-11-30,114,BAJFINANCE,INE296A01016,,378552743.7039682
NSE,2015-11-02,2015-11-30,129,TITAN,INE280A01028,,299018318.5404762
NSE,2015-11-02,2015-11-30,155,POWERGRID,INE752E01010,,217321056.33809525
NSE,2015-12-01,2015-12-31,1,AXISBANK,INE238A01034,,4779015014.546825
NSE,2015-12-01,2015-12-31,2,INFY,INE009A01021,,4449432746.561111
NSE,2015-12-01,2015-12-31,3,MARUTI,INE585B01010,,4081389621.5634923
NSE,2015-12-01,2015-12-31,4,TATAMOTORS,INE155A01022,,3592409689.334921
NSE,2015-12-01,2015-12-31,6,LT,INE018A01030,,3238598809.9761906
NSE,2015-12-01,2015-12-31,7,SBIN,INE062A01020,,3157500606.4468255
NSE,2015-12-01,2015-12-31,8,ICICIBANK,INE090A01021,,3149366999.0793653
NSE,2015-12-01,2015-12-31,9,TCS,INE467B01029,,3083090686.2412696
NSE,2015-12-01,2015-12-31,10,SUNPHARMA,INE044A01036,,3025177040.7166667
NSE,2015-12-01,2015-12-31,11,RELIANCE,INE002A01018,,2943250372.1944447
NSE,2015-12-01,2015-12-31,12,DRREDDY,INE089A01023,,2771618068.496032
NSE,2015-12-01,2015-12-31,14,ITC,INE154A01025,,2230841623.455556
NSE,2015-12-01,2015-12-31,17,HCLTECH,INE860A01027,,1829062079.0563493
NSE,2015-12-01,2015-12-31,19,M&M,INE101A01026,,1641290510.0579364
NSE,2015-12-01,2015-12-31,22,TATASTEEL,INE081A01012,,1523709012.8873017
NSE,2015-12-01,2015-12-31,23,HDFCBANK,INE040A01026,,1463239768.8841271
NSE,2015-12-01,2015-12-31,24,BHARTIARTL,INE397D01024,,1374925492.270635
NSE,2015-12-01,2015-12-31,34,CIPLA,INE059A01026,,1184612367.9396827
NSE,2015-12-01,2015-12-31,36,HINDUNILVR,INE030A01027,,1141325286.8380952
NSE,2015-12-01,2015-12-31,45,ASIANPAINT,INE021A01026,,925321693.8420635
NSE,2015-12-01,2015-12-31,46,ONGC,INE213A01029,,924274868.6428572
NSE,2015-12-01,2015-12-31,50,ULTRACEMCO,INE481G01011,,855244633.2658731
NSE,2015-12-01,2015-12-31,54,WIPRO,INE075A01022,,836661467.9246032
NSE,2015-12-01,2015-12-31,66,KOTAKBANK,INE237A01028,,716866711.3888888
NSE,2015-12-01,2015-12-31,77,NTPC,INE733E01010,,574258928.1857144
NSE,2015-12-01,2015-12-31,110,BAJFINANCE,INE296A01016,,348485296.5714286
NSE,2015-12-01,2015-12-31,111,ADANIENT,INE423A01024,,343989623.4111111
NSE,2015-12-01,2015-12-31,122,NESTLEIND,INE239A01016,,299993328.7507937
NSE,2015-12-01,2015-12-31,132,TITAN,INE280A01028,,271699401.64603174
NSE,2015-12-01,2015-12-31,157,POWERGRID,INE752E01010,,222879280.91111112
NSE,2016-01-01,2016-01-31,1,AXISBANK,INE238A01034,,4423421187.82619
NSE,2016-01-01,2016-01-31,2,MARUTI,INE585B01010,,3981441314.7087307
NSE,2016-01-01,2016-01-31,3,INFY,INE009A01021,,3742676346.081746
NSE,2016-01-01,2016-01-31,4,TATAMOTORS,INE155A01022,,3499807350.0992064
NSE,2016-01-01,2016-01-31,5,SUNPHARMA,INE044A01036,,3115426342.993651
NSE,2016-01-01,2016-01-31,8,RELIANCE,INE002A01018,,2826931684.3619046
NSE,2016-01-01,2016-01-31,9,TCS,INE467B01029,,2774635873.6555552
NSE,2016-01-01,2016-01-31,10,LT,INE018A01030,,2763811549.5039682
NSE,2016-01-01,2016-01-31,11,SBIN,INE062A01020,,2712159282.0055556
NSE,2016-01-01,2016-01-31,12,ICICIBANK,INE090A01021,,2692730722.9341264
NSE,2016-01-01,2016-01-31,13,DRREDDY,INE089A01023,,2687471122.2841268
NSE,2016-01-01,2016-01-31,14,ITC,INE154A01025,,2229816212.9095235
NSE,2016-01-01,2016-01-31,17,HCLTECH,INE860A01027,,1663066162.4611108
NSE,2016-01-01,2016-01-31,18,TATASTEEL,INE081A01012,,1490861010.272222
NSE,2016-01-01,2016-01-31,20,M&M,INE101A01026,,1453687884.5444446
NSE,2016-01-01,2016-01-31,23,HDFCBANK,INE040A01026,,1298116368.9690478
NSE,2016-01-01,2016-01-31,27,BHARTIARTL,INE397D01024,,1171402561.723016
NSE,2016-01-01,2016-01-31,35,HINDUNILVR,INE030A01027,,990164386.6420635
NSE,2016-01-01,2016-01-31,41,CIPLA,INE059A01026,,922927701.3317461
NSE,2016-01-01,2016-01-31,45,ONGC,INE213A01029,,851090438.4
NSE,2016-01-01,2016-01-31,48,ASIANPAINT,INE021A01026,,833283601.1706349
NSE,2016-01-01,2016-01-31,53,ULTRACEMCO,INE481G01011,,758702071.1063491
NSE,2016-01-01,2016-01-31,55,WIPRO,INE075A01022,,744787008.9380953
NSE,2016-01-01,2016-01-31,71,KOTAKBANK,INE237A01028,,606602780.5309525
NSE,2016-01-01,2016-01-31,80,NTPC,INE733E01010,,543742027.1984127
NSE,2016-01-01,2016-01-31,112,TITAN,INE280A01028,,322936417.7563492
NSE,2016-01-01,2016-01-31,119,ADANIENT,INE423A01024,,307079620.9007937
NSE,2016-01-01,2016-01-31,122,NESTLEIND,INE239A01016,,298618646.6261904
NSE,2016-01-01,2016-01-31,135,BAJFINANCE,INE296A01016,,269934500.9674603
NSE,2016-01-01,2016-01-31,142,POWERGRID,INE752E01010,,258460472.38333333
NSE,2016-02-01,2016-02-29,1,AXISBANK,INE238A01034,,4404769380.284921
NSE,2016-02-01,2016-02-29,3,RELIANCE,INE002A01018,,3935340185.253175
NSE,2016-02-01,2016-02-29,4,MARUTI,INE585B01010,,3897998229.757143
NSE,2016-02-01,2016-02-29,5,INFY,INE009A01021,,3467246115.872222
NSE,2016-02-01,2016-02-29,6,SUNPHARMA,INE044A01036,,3284343142.995238
NSE,2016-02-01,2016-02-29,7,TATAMOTORS,INE155A01022,,3266047834.352381
NSE,2016-02-01,2016-02-29,8,ICICIBANK,INE090A01021,,3210408025.086508
NSE,2016-02-01,2016-02-29,9,SBIN,INE062A01020,,3097698098.8309526
NSE,2016-02-01,2016-02-29,10,LT,INE018A01030,,2965431456.775397
NSE,2016-02-01,2016-02-29,12,DRREDDY,INE089A01023,,2445666034.111905
NSE,2016-02-01,2016-02-29,13,TCS,INE467B01029,,2398631097.4634924
NSE,2016-02-01,2016-02-29,15,ITC,INE154A01025,,2228599916.736508
NSE,2016-02-01,2016-02-29,18,TATASTEEL,INE081A01012,,1525701889.5515873
NSE,2016-02-01,2016-02-29,20,HDFCBANK,INE040A01026,,1314826285.3833332
NSE,2016-02-01,2016-02-29,25,M&M,INE101A01026,,1229806901.3055556
NSE,2016-02-01,2016-02-29,28,HCLTECH,INE860A01027,,1137584223.322222
NSE,2016-02-01,2016-02-29,31,BHARTIARTL,INE397D01024,,1075390929.9309523
NSE,2016-02-01,2016-02-29,34,HINDUNILVR,INE030A01027,,976357527.4460318
NSE,2016-02-01,2016-02-29,40,ASIANPAINT,INE021A01026,,888264461.7873017
NSE,2016-02-01,2016-02-29,45,ONGC,INE213A01029,,852095015.013492
NSE,2016-02-01,2016-02-29,51,ULTRACEMCO,INE481G01011,,749355643.7968253
NSE,2016-02-01,2016-02-29,57,CIPLA,INE059A01026,,698857517.2880952
NSE,2016-02-01,2016-02-29,58,WIPRO,INE075A01022,,690802925.8436508
NSE,2016-02-01,2016-02-29,67,KOTAKBANK,INE237A01028,,613889045.8492063
NSE,2016-02-01,2016-02-29,75,NTPC,INE733E01010,,572479518.9928572
NSE,2016-02-01,2016-02-29,95,POWERGRID,INE752E01010,,445138971.99603176
NSE,2016-02-01,2016-02-29,104,TITAN,INE280A01028,,386844171.7777778
NSE,2016-02-01,2016-02-29,133,BAJFINANCE,INE296A01016,,271735964.74206346
NSE,2016-02-01,2016-02-29,134,ADANIENT,INE423A01024,,268171066.7436508
NSE,2016-02-01,2016-02-29,135,NESTLEIND,INE239A01016,,265064752.96587303
NSE,2016-03-01,2016-03-31,1,AXISBANK,INE238A01034,,4765703379.325397
NSE,2016-03-01,2016-03-31,3,RELIANCE,INE002A01018,,4239742105.211905
NSE,2016-03-01,2016-03-31,4,ICICIBANK,INE090A01021,,3919316787.8142858
NSE,2016-03-01,2016-03-31,5,SBIN,INE062A01020,,3746639221.8055553
NSE,2016-03-01,2016-03-31,6,INFY,INE009A01021,,3349550175.3119054
NSE,2016-03-01,2016-03-31,7,TATAMOTORS,INE155A01022,,3217936152.4793653
NSE,2016-03-01,2016-03-31,8,MARUTI,INE585B01010,,3083055524.7992063
NSE,2016-03-01,2016-03-31,10,SUNPHARMA,INE044A01036,,2839239625.297619
NSE,2016-03-01,2016-03-31,11,LT,INE018A01030,,2754493393.5873017
NSE,2016-03-01,2016-03-31,13,ITC,INE154A01025,,2482004213.1484127
NSE,2016-03-01,2016-03-31,15,TCS,INE467B01029,,2283463598.507143
NSE,2016-03-01,2016-03-31,18,TATASTEEL,INE081A01012,,1823320129.4071429
NSE,2016-03-01,2016-03-31,22,HDFCBANK,INE040A01026,,1449154703.4849205
NSE,2016-03-01,2016-03-31,23,DRREDDY,INE089A01023,,1418980324.607143
NSE,2016-03-01,2016-03-31,29,BHARTIARTL,INE397D01024,,1173246206.0928571
NSE,2016-03-01,2016-03-31,34,M&M,INE101A01026,,1067870013.013492
NSE,2016-03-01,2016-03-31,35,HCLTECH,INE860A01027,,1065527984.281746
NSE,2016-03-01,2016-03-31,37,HINDUNILVR,INE030A01027,,1028766141.8190476
NSE,2016-03-01,2016-03-31,38,ONGC,INE213A01029,,926959816.6904762
NSE,2016-03-01,2016-03-31,42,ASIANPAINT,INE021A01026,,904271455.5817461
NSE,2016-03-01,2016-03-31,51,CIPLA,INE059A01026,,772462713.9968255
NSE,2016-03-01,2016-03-31,53,ULTRACEMCO,INE481G01011,,746657414.9142857
NSE,2016-03-01,2016-03-31,66,WIPRO,INE075A01022,,622034493.381746
NSE,2016-03-01,2016-03-31,69,NTPC,INE733E01010,,617907429.1309524
NSE,2016-03-01,2016-03-31,71,POWERGRID,INE752E01010,,614507695.1095239
NSE,2016-03-01,2016-03-31,73,KOTAKBANK,INE237A01028,,609281480.6992062
NSE,2016-03-01,2016-03-31,96,TITAN,INE280A01028,,423287665.46825397
NSE,2016-03-01,2016-03-31,98,BAJFINANCE,INE296A01016,,417860815.0373016
NSE,2016-03-01,2016-03-31,134,ADANIENT,INE423A01024,,262682933.07063493
NSE,2016-03-01,2016-03-31,153,NESTLEIND,INE239A01016,,207739758.76428574
NSE,2016-04-01,2016-05-01,1,AXISBANK,INE238A01034,,4836089229.744444
NSE,2016-04-01,2016-05-01,2,RELIANCE,INE002A01018,,4463671244.8412695
NSE,2016-04-01,2016-05-01,3,SBIN,INE062A01020,,4415858946.891271
NSE,2016-04-01,2016-05-01,4,ICICIBANK,INE090A01021,,4335653529.590476
NSE,2016-04-01,2016-05-01,5,INFY,INE009A01021,,3939171906.626984
NSE,2016-04-01,2016-05-01,8,TATAMOTORS,INE155A01022,,3350943190.195238
NSE,2016-04-01,2016-05-01,9,MARUTI,INE585B01010,,3335934989.061111
NSE,2016-04-01,2016-05-01,12,LT,INE018A01030,,2837168718.911111
NSE,2016-04-01,2016-05-01,13,ITC,INE154A01025,,2781583884.5333333
NSE,2016-04-01,2016-05-01,15,TCS,INE467B01029,,2401409290.5
NSE,2016-04-01,2016-05-01,16,SUNPHARMA,INE044A01036,,2358335691.4079366
NSE,2016-04-01,2016-05-01,18,TATASTEEL,INE081A01012,,2103978308.063492
NSE,2016-04-01,2016-05-01,23,HDFCBANK,INE040A01026,,1604761177.2825398
NSE,2016-04-01,2016-05-01,27,HCLTECH,INE860A01027,,1407004234.936508
NSE,2016-04-01,2016-05-01,30,DRREDDY,INE089A01023,,1355510442.743651
NSE,2016-04-01,2016-05-01,33,BHARTIARTL,INE397D01024,,1221703900.1722221
NSE,2016-04-01,2016-05-01,35,HINDUNILVR,INE030A01027,,1135659629.761111
NSE,2016-04-01,2016-05-01,37,M&M,INE101A01026,,1094217186.7190478
NSE,2016-04-01,2016-05-01,38,ONGC,INE213A01029,,1092026802.7126982
NSE,2016-04-01,2016-05-01,39,CIPLA,INE059A01026,,1073014998.4484127
NSE,2016-04-01,2016-05-01,44,ASIANPAINT,INE021A01026,,1015066288.3111112
NSE,2016-04-01,2016-05-01,48,ULTRACEMCO,INE481G01011,,958682950.7031745
NSE,2016-04-01,2016-05-01,51,KOTAKBANK,INE237A01028,,917192800.6873015
NSE,2016-04-01,2016-05-01,60,POWERGRID,INE752E01010,,741739310.0047619
NSE,2016-04-01,2016-05-01,63,WIPRO,INE075A01022,,714608040.2722223
NSE,2016-04-01,2016-05-01,69,NTPC,INE733E01010,,628413518.4150792
NSE,2016-04-01,2016-05-01,84,BAJFINANCE,INE296A01016,,494009385.3746032
NSE,2016-04-01,2016-05-01,90,TITAN,INE280A01028,,459194631.2761905
NSE,2016-04-01,2016-05-01,134,ADANIENT,INE423A01024,,274818475.118254
NSE,2016-04-01,2016-05-01,151,NESTLEIND,INE239A01016,,228102342.69444445
NSE,2016-05-02,2016-05-31,1,ICICIBANK,INE090A01021,,5085602754.570634
NSE,2016-05-02,2016-05-31,2,AXISBANK,INE238A01034,,4767899874.629366
NSE,2016-05-02,2016-05-31,3,SBIN,INE062A01020,,4482133863.706349
NSE,2016-05-02,2016-05-31,4,RELIANCE,INE002A01018,,3956685822.3880954
NSE,2016-05-02,2016-05-31,5,INFY,INE009A01021,,3947085251.350794
NSE,2016-05-02,2016-05-31,7,MARUTI,INE585B01010,,3877294506.09127
NSE,2016-05-02,2016-05-31,9,TATAMOTORS,INE155A01022,,3235991507.6674604
NSE,2016-05-02,2016-05-31,11,ITC,INE154A01025,,2841344871.7380953
NSE,2016-05-02,2016-05-31,13,TCS,INE467B01029,,2564561712.83254
NSE,2016-05-02,2016-05-31,14,LT,INE018A01030,,2544231679.070635
NSE,2016-05-02,2016-05-31,16,TATASTEEL,INE081A01012,,2478358366.438889
NSE,2016-05-02,2016-05-31,17,SUNPHARMA,INE044A01036,,2302343569.681746
NSE,2016-05-02,2016-05-31,22,HDFCBANK,INE040A01026,,1606097337.4968255
NSE,2016-05-02,2016-05-31,24,HCLTECH,INE860A01027,,1561134534.6801589
NSE,2016-05-02,2016-05-31,29,BHARTIARTL,INE397D01024,,1306998531.1984127
NSE,2016-05-02,2016-05-31,30,DRREDDY,INE089A01023,,1294622773.4007936
NSE,2016-05-02,2016-05-31,33,M&M,INE101A01026,,1221210125.5111113
NSE,2016-05-02,2016-05-31,34,CIPLA,INE059A01026,,1215127625.2515872
NSE,2016-05-02,2016-05-31,38,HINDUNILVR,INE030A01027,,1110997266.203968
NSE,2016-05-02,2016-05-31,41,ONGC,INE213A01029,,1086947996.2873015
NSE,2016-05-02,2016-05-31,43,KOTAKBANK,INE237A01028,,1082292987.3396826
NSE,2016-05-02,2016-05-31,49,ULTRACEMCO,INE481G01011,,997859130.3738095
NSE,2016-05-02,2016-05-31,55,ASIANPAINT,INE021A01026,,834319825.7031747
NSE,2016-05-02,2016-05-31,57,WIPRO,INE075A01022,,832001293.238889
NSE,2016-05-02,2016-05-31,62,POWERGRID,INE752E01010,,732518514.2761905
NSE,2016-05-02,2016-05-31,67,NTPC,INE733E01010,,649121330.6833334
NSE,2016-05-02,2016-05-31,72,BAJFINANCE,INE296A01016,,581842691.9293652
NSE,2016-05-02,2016-05-31,89,TITAN,INE280A01028,,451294670.86190474
NSE,2016-05-02,2016-05-31,123,ADANIENT,INE423A01024,,286623530.3174603
NSE,2016-05-02,2016-05-31,143,NESTLEIND,INE239A01016,,237221066.2936508
NSE,2016-06-01,2016-06-30,1,ICICIBANK,INE090A01021,,4837695140.656349
NSE,2016-06-01,2016-06-30,2,AXISBANK,INE238A01034,,4598298135.791269
NSE,2016-06-01,2016-06-30,3,SBIN,INE062A01020,,4564606258.319841
NSE,2016-06-01,2016-06-30,4,TATAMOTORS,INE155A01022,,4042963031.0841274
NSE,2016-06-01,2016-06-30,6,INFY,INE009A01021,,3943084123.8460317
NSE,2016-06-01,2016-06-30,7,RELIANCE,INE002A01018,,3669963530.226984
NSE,2016-06-01,2016-06-30,8,MARUTI,INE585B01010,,3532444473.5365076
NSE,2016-06-01,2016-06-30,11,ITC,INE154A01025,,3118153302.6619043
NSE,2016-06-01,2016-06-30,12,LT,INE018A01030,,2641244516.0015874
NSE,2016-06-01,2016-06-30,13,TCS,INE467B01029,,2568083330.1253967
NSE,2016-06-01,2016-06-30,14,TATASTEEL,INE081A01012,,2493623433.4785714
NSE,2016-06-01,2016-06-30,15,SUNPHARMA,INE044A01036,,2390836456.75
NSE,2016-06-01,2016-06-30,17,HCLTECH,INE860A01027,,2014453259.5285714
NSE,2016-06-01,2016-06-30,21,HDFCBANK,INE040A01026,,1529373639.6190476
NSE,2016-06-01,2016-06-30,28,HINDUNILVR,INE030A01027,,1321654270.5825396
NSE,2016-06-01,2016-06-30,29,M&M,INE101A01026,,1314452009.8539684
NSE,2016-06-01,2016-06-30,33,KOTAKBANK,INE237A01028,,1286026069.7730157
NSE,2016-06-01,2016-06-30,34,BHARTIARTL,INE397D01024,,1275541783.313492
NSE,2016-06-01,2016-06-30,37,CIPLA,INE059A01026,,1218697265.2730157
NSE,2016-06-01,2016-06-30,41,DRREDDY,INE089A01023,,1133811001.3992062
NSE,2016-06-01,2016-06-30,42,ONGC,INE213A01029,,1099252668.0619047
NSE,2016-06-01,2016-06-30,47,ULTRACEMCO,INE481G01011,,993398022.531746
NSE,2016-06-01,2016-06-30,49,ASIANPAINT,INE021A01026,,952844624.513492
NSE,2016-06-01,2016-06-30,56,WIPRO,INE075A01022,,845772519.4134921
NSE,2016-06-01,2016-06-30,57,BAJFINANCE,INE296A01016,,841781884.3380953
NSE,2016-06-01,2016-06-30,68,NTPC,INE733E01010,,686526321.0793651
NSE,2016-06-01,2016-06-30,72,TITAN,INE280A01028,,663159934.6880952
NSE,2016-06-01,2016-06-30,75,POWERGRID,INE752E01010,,607757540.8460318
NSE,2016-06-01,2016-06-30,131,ADANIENT,INE423A01024,,279115159.0047619
NSE,2016-06-01,2016-06-30,140,NESTLEIND,INE239A01016,,264567960.40714285
NSE,2016-07-01,2016-07-31,1,SBIN,INE062A01020,,5051660940.507143
NSE,2016-07-01,2016-07-31,2,TATAMOTORS,INE155A01022,,4645829350.429366
NSE,2016-07-01,2016-07-31,3,ICICIBANK,INE090A01021,,4495298512.961111
NSE,2016-07-01,2016-07-31,4,AXISBANK,INE238A01034,,4215973574.0896826
NSE,2016-07-01,2016-07-31,5,INFY,INE009A01021,,3634593699.8857145
NSE,2016-07-01,2016-07-31,8,RELIANCE,INE002A01018,,3286744049.7
NSE,2016-07-01,2016-07-31,9,MARUTI,INE585B01010,,3283930566.7023816
NSE,2016-07-01,2016-07-31,10,LT,INE018A01030,,2643164193.2936506
NSE,2016-07-01,2016-07-31,11,ITC,INE154A01025,,2584547083.897619
NSE,2016-07-01,2016-07-31,12,TCS,INE467B01029,,2580484131.1603174
NSE,2016-07-01,2016-07-31,13,SUNPHARMA,INE044A01036,,2520214219.7674603
NSE,2016-07-01,2016-07-31,14,TATASTEEL,INE081A01012,,2311599149.203175
NSE,2016-07-01,2016-07-31,16,HCLTECH,INE860A01027,,1983100380.6396825
NSE,2016-07-01,2016-07-31,19,HDFCBANK,INE040A01026,,1495462146.2198415
NSE,2016-07-01,2016-07-31,23,M&M,INE101A01026,,1394919109.5277777
NSE,2016-07-01,2016-07-31,28,HINDUNILVR,INE030A01027,,1249368571.0984128
NSE,2016-07-01,2016-07-31,34,BHARTIARTL,INE397D01024,,1179699306.320635
NSE,2016-07-01,2016-07-31,37,KOTAKBANK,INE237A01028,,1153033008.6166668
NSE,2016-07-01,2016-07-31,38,DRREDDY,INE089A01023,,1136212089.1119049
NSE,2016-07-01,2016-07-31,44,ASIANPAINT,INE021A01026,,942744119.6277778
NSE,2016-07-01,2016-07-31,47,CIPLA,INE059A01026,,927578067.8626986
NSE,2016-07-01,2016-07-31,51,BAJFINANCE,INE296A01016,,893691928.4753968
NSE,2016-07-01,2016-07-31,56,ONGC,INE213A01029,,815741204.2341268
NSE,2016-07-01,2016-07-31,59,ULTRACEMCO,INE481G01011,,803665755.2015873
NSE,2016-07-01,2016-07-31,65,WIPRO,INE075A01022,,767036048.9928572
NSE,2016-07-01,2016-07-31,70,NTPC,INE733E01010,,668937488.6515872
NSE,2016-07-01,2016-07-31,72,TITAN,INE280A01028,,640942274.6738095
NSE,2016-07-01,2016-07-31,88,POWERGRID,INE752E01010,,518851702.6563492
NSE,2016-07-01,2016-07-31,134,ADANIENT,INE423A01024,,277346988.35158736
NSE,2016-07-01,2016-07-31,143,NESTLEIND,INE239A01016,,248389411.58650795
NSE,2016-08-01,2016-08-31,1,SBIN,INE062A01020,,4981693075.504762
NSE,2016-08-01,2016-08-31,2,TATAMOTORS,INE155A01022,,4764369623.93016
NSE,2016-08-01,2016-08-31,3,INFY,INE009A01021,,4128970008.3968253
NSE,2016-08-01,2016-08-31,4,AXISBANK,INE238A01034,,4038850779.4
NSE,2016-08-01,2016-08-31,5,ICICIBANK,INE090A01021,,3825134214.090476
NSE,2016-08-01,2016-08-31,8,LT,INE018A01030,,2875617169.839683
NSE,2016-08-01,2016-08-31,9,MARUTI,INE585B01010,,2840173703.4174604
NSE,2016-08-01,2016-08-31,10,RELIANCE,INE002A01018,,2743012412.41746
NSE,2016-08-01,2016-08-31,11,SUNPHARMA,INE044A01036,,2705640469.237302
NSE,2016-08-01,2016-08-31,12,TCS,INE467B01029,,2625101545.1928577
NSE,2016-08-01,2016-08-31,13,ITC,INE154A01025,,2598972296.380159
NSE,2016-08-01,2016-08-31,14,TATASTEEL,INE081A01012,,2301528173.0
NSE,2016-08-01,2016-08-31,17,HCLTECH,INE860A01027,,1774257290.702381
NSE,2016-08-01,2016-08-31,19,HDFCBANK,INE040A01026,,1599103635.7595236
NSE,2016-08-01,2016-08-31,20,DRREDDY,INE089A01023,,1534748168.9507935
NSE,2016-08-01,2016-08-31,26,M&M,INE101A01026,,1361752845.142857
NSE,2016-08-01,2016-08-31,27,BAJFINANCE,INE296A01016,,1336209637.679365
NSE,2016-08-01,2016-08-31,31,HINDUNILVR,INE030A01027,,1285474804.7055554
NSE,2016-08-01,2016-08-31,36,KOTAKBANK,INE237A01028,,1221496558.6007936
NSE,2016-08-01,2016-08-31,43,ASIANPAINT,INE021A01026,,1118053824.0007937
NSE,2016-08-01,2016-08-31,45,BHARTIARTL,INE397D01024,,1041235082.8761905
NSE,2016-08-01,2016-08-31,54,ONGC,INE213A01029,,927316293.0968254
NSE,2016-08-01,2016-08-31,61,CIPLA,INE059A01026,,819961287.6206349
NSE,2016-08-01,2016-08-31,67,ULTRACEMCO,INE481G01011,,780834653.4039683
NSE,2016-08-01,2016-08-31,70,WIPRO,INE075A01022,,760981274.3166666
NSE,2016-08-01,2016-08-31,74,NTPC,INE733E01010,,684783424.8571428
NSE,2016-08-01,2016-08-31,78,POWERGRID,INE752E01010,,607590915.1722223
NSE,2016-08-01,2016-08-31,79,TITAN,INE280A01028,,606883822.5007937
NSE,2016-08-01,2016-08-31,147,ADANIENT,INE423A01024,,280998556.8769841
NSE,2016-08-01,2016-08-31,154,NESTLEIND,INE239A01016,,264952161.30079368
NSE,2016-09-01,2016-10-02,1,AXISBANK,INE238A01034,,5487049066.351586
NSE,2016-09-01,2016-10-02,2,SBIN,INE062A01020,,5101181488.042857
NSE,2016-09-01,2016-10-02,3,INFY,INE009A01021,,4316666081.717461
NSE,2016-09-01,2016-10-02,4,TATAMOTORS,INE155A01022,,3935934443.5365076
NSE,2016-09-01,2016-10-02,5,ICICIBANK,INE090A01021,,3440995963.957937
NSE,2016-09-01,2016-10-02,8,MARUTI,INE585B01010,,2994935392.6928573
NSE,2016-09-01,2016-10-02,9,RELIANCE,INE002A01018,,2869759409.0952377
NSE,2016-09-01,2016-10-02,10,TCS,INE467B01029,,2849382973.792857
NSE,2016-09-01,2016-10-02,11,SUNPHARMA,INE044A01036,,2680074125.368254
NSE,2016-09-01,2016-10-02,12,LT,INE018A01030,,2463973078.930952
NSE,2016-09-01,2016-10-02,13,TATASTEEL,INE081A01012,,2358264381.2984123
NSE,2016-09-01,2016-10-02,14,ITC,INE154A01025,,2307024841.4380956
NSE,2016-09-01,2016-10-02,20,HDFCBANK,INE040A01026,,1651716799.7761903
NSE,2016-09-01,2016-10-02,22,HCLTECH,INE860A01027,,1572438487.5055556
NSE,2016-09-01,2016-10-02,23,M&M,INE101A01026,,1499832413.697619
NSE,2016-09-01,2016-10-02,25,DRREDDY,INE089A01023,,1430994006.2833333
NSE,2016-09-01,2016-10-02,26,BAJFINANCE,INE296A01016,,1402627983.213492
NSE,2016-09-01,2016-10-02,40,KOTAKBANK,INE237A01028,,1145210494.9230158
NSE,2016-09-01,2016-10-02,43,BHARTIARTL,INE397D01024,,1111790134.352381
NSE,2016-09-01,2016-10-02,50,HINDUNILVR,INE030A01027,,1022704683.7134922
NSE,2016-09-01,2016-10-02,56,ASIANPAINT,INE021A01026,,970633409.3833333
NSE,2016-09-01,2016-10-02,59,ONGC,INE213A01029,,918495891.7801586
NSE,2016-09-01,2016-10-02,60,ULTRACEMCO,INE481G01011,,880076174.8007936
NSE,2016-09-01,2016-10-02,62,CIPLA,INE059A01026,,854375458.9063493
NSE,2016-09-01,2016-10-02,64,WIPRO,INE075A01022,,838062168.4595239
NSE,2016-09-01,2016-10-02,70,POWERGRID,INE752E01010,,772043269.1206349
NSE,2016-09-01,2016-10-02,90,NTPC,INE733E01010,,590615110.5190476
NSE,2016-09-01,2016-10-02,125,TITAN,INE280A01028,,398559161.5587302
NSE,2016-09-01,2016-10-02,156,ADANIENT,INE423A01024,,299608969.22619045
NSE,2016-09-01,2016-10-02,186,NESTLEIND,INE239A01016,,222053692.93809524
NSE,2016-10-03,2016-10-31,1,AXISBANK,INE238A01034,,6160627879.1515875
NSE,2016-10-03,2016-10-31,3,SBIN,INE062A01020,,4290590244.0126987
NSE,2016-10-03,2016-10-31,4,INFY,INE009A01021,,4128398239.775397
NSE,2016-10-03,2016-10-31,5,ICICIBANK,INE090A01021,,3815552796.4936504
NSE,2016-10-03,2016-10-31,6,TATAMOTORS,INE155A01022,,3781601827.213492
NSE,2016-10-03,2016-10-31,7,RELIANCE,INE002A01018,,3673443686.683333
NSE,2016-10-03,2016-10-31,8,MARUTI,INE585B01010,,3396370672.6103177
NSE,2016-10-03,2016-10-31,10,TCS,INE467B01029,,3019571954.870635
NSE,2016-10-03,2016-10-31,11,TATASTEEL,INE081A01012,,2505365314.7960315
NSE,2016-10-03,2016-10-31,12,SUNPHARMA,INE044A01036,,2312490526.5492063
NSE,2016-10-03,2016-10-31,13,LT,INE018A01030,,2295885930.038095
NSE,2016-10-03,2016-10-31,15,ITC,INE154A01025,,2240953378.580952
NSE,2016-10-03,2016-10-31,18,KOTAKBANK,INE237A01028,,1931759194.534921
NSE,2016-10-03,2016-10-31,23,HDFCBANK,INE040A01026,,1695197406.9579365
NSE,2016-10-03,2016-10-31,25,BAJFINANCE,INE296A01024,,1595946340.6912699
NSE,2016-10-03,2016-10-31,30,HCLTECH,INE860A01027,,1473752605.6222222
NSE,2016-10-03,2016-10-31,31,M&M,INE101A01026,,1470975366.7904763
NSE,2016-10-03,2016-10-31,40,ONGC,INE213A01029,,1232287282.8753967
NSE,2016-10-03,2016-10-31,41,DRREDDY,INE089A01023,,1219353653.9023807
NSE,2016-10-03,2016-10-31,43,BHARTIARTL,INE397D01024,,1173584664.8746033
NSE,2016-10-03,2016-10-31,47,HINDUNILVR,INE030A01027,,1090173493.8261905
NSE,2016-10-03,2016-10-31,60,ASIANPAINT,INE021A01026,,977916382.402381
NSE,2016-10-03,2016-10-31,61,CIPLA,INE059A01026,,969470993.7436509
NSE,2016-10-03,2016-10-31,62,ULTRACEMCO,INE481G01011,,952155948.6476191
NSE,2016-10-03,2016-10-31,64,WIPRO,INE075A01022,,921783644.4674603
NSE,2016-10-03,2016-10-31,71,POWERGRID,INE752E01010,,838679903.0841271
NSE,2016-10-03,2016-10-31,101,NTPC,INE733E01010,,593455974.2611111
NSE,2016-10-03,2016-10-31,140,TITAN,INE280A01028,,404557040.01111114
NSE,2016-10-03,2016-10-31,175,ADANIENT,INE423A01024,,274367789.1539683
NSE,2016-10-03,2016-10-31,190,NESTLEIND,INE239A01016,,225378011.91349205
NSE,2016-11-01,2016-11-30,1,AXISBANK,INE238A01034,,6621916858.123015
NSE,2016-11-01,2016-11-30,3,ICICIBANK,INE090A01021,,4496776085.899207
NSE,2016-11-01,2016-11-30,4,SBIN,INE062A01020,,4245255656.0968256
NSE,2016-11-01,2016-11-30,5,RELIANCE,INE002A01018,,3937741458.752381
NSE,2016-11-01,2016-11-30,6,TATAMOTORS,INE155A01022,,3803203127.9984126
NSE,2016-11-01,2016-11-30,7,MARUTI,INE585B01010,,3574887063.892063
NSE,2016-11-01,2016-11-30,8,INFY,INE009A01021,,3480855384.230159
NSE,2016-11-01,2016-11-30,10,TCS,INE467B01029,,2932772693.036508
NSE,2016-11-01,2016-11-30,11,TATASTEEL,INE081A01012,,2623040992.385714
NSE,2016-11-01,2016-11-30,12,ITC,INE154A01025,,2176842821.026984
NSE,2016-11-01,2016-11-30,13,LT,INE018A01030,,2124374442.4984128
NSE,2016-11-01,2016-11-30,15,SUNPHARMA,INE044A01036,,1985889426.43254
NSE,2016-11-01,2016-11-30,17,KOTAKBANK,INE237A01028,,1905515673.8301587
NSE,2016-11-01,2016-11-30,25,HDFCBANK,INE040A01026,,1593744519.8103175
NSE,2016-11-01,2016-11-30,27,HCLTECH,INE860A01027,,1530992182.8174603
NSE,2016-11-01,2016-11-30,30,M&M,INE101A01026,,1460656808.538889
NSE,2016-11-01,2016-11-30,32,ONGC,INE213A01029,,1450294952.884127
NSE,2016-11-01,2016-11-30,33,BAJFINANCE,INE296A01024,,1425101635.2007937
NSE,2016-11-01,2016-11-30,37,BHARTIARTL,INE397D01024,,1239218225.634127
NSE,2016-11-01,2016-11-30,44,HINDUNILVR,INE030A01027,,1140941734.473016
NSE,2016-11-01,2016-11-30,49,ASIANPAINT,INE021A01026,,1100485187.5103173
NSE,2016-11-01,2016-11-30,57,CIPLA,INE059A01026,,965350661.9642857
NSE,2016-11-01,2016-11-30,58,ULTRACEMCO,INE481G01011,,958403153.5436507
NSE,2016-11-01,2016-11-30,61,DRREDDY,INE089A01023,,936885558.8134921
NSE,2016-11-01,2016-11-30,73,WIPRO,INE075A01022,,870923907.1563492
NSE,2016-11-01,2016-11-30,80,POWERGRID,INE752E01010,,818463120.3944445
NSE,2016-11-01,2016-11-30,108,NTPC,INE733E01010,,588571957.6825397
NSE,2016-11-01,2016-11-30,120,TITAN,INE280A01028,,496960188.62142855
NSE,2016-11-01,2016-11-30,176,ADANIENT,INE423A01024,,253278093.8436508
NSE,2016-11-01,2016-11-30,198,NESTLEIND,INE239A01016,,206322684.7230159
NSE,2016-12-01,2017-01-01,1,AXISBANK,INE238A01034,,6354005074.73254
NSE,2016-12-01,2017-01-01,2,ICICIBANK,INE090A01021,,5253593298.595238
NSE,2016-12-01,2017-01-01,4,SBIN,INE062A01020,,4505076710.31746
NSE,2016-12-01,2017-01-01,5,RELIANCE,INE002A01018,,4103117792.242857
NSE,2016-12-01,2017-01-01,6,MARUTI,INE585B01010,,4066343353.4825397
NSE,2016-12-01,2017-01-01,7,TATAMOTORS,INE155A01022,,4044022773.196032
NSE,2016-12-01,2017-01-01,8,INFY,INE009A01021,,3421000890.600794
NSE,2016-12-01,2017-01-01,10,TCS,INE467B01029,,2867606586.6634917
NSE,2016-12-01,2017-01-01,12,TATASTEEL,INE081A01012,,2608329861.7158732
NSE,2016-12-01,2017-01-01,13,ITC,INE154A01025,,2556460543.5190477
NSE,2016-12-01,2017-01-01,14,SUNPHARMA,INE044A01036,,2534136180.5111113
NSE,2016-12-01,2017-01-01,15,LT,INE018A01030,,2408746628.0126987
NSE,2016-12-01,2017-01-01,16,KOTAKBANK,INE237A01028,,2076512331.403968
NSE,2016-12-01,2017-01-01,22,HDFCBANK,INE040A01026,,1810722391.754762
NSE,2016-12-01,2017-01-01,24,ONGC,INE213A01029,,1630826983.2380953
NSE,2016-12-01,2017-01-01,28,ULTRACEMCO,INE481G01011,,1535281437.7690475
NSE,2016-12-01,2017-01-01,34,HCLTECH,INE860A01027,,1424496406.1833334
NSE,2016-12-01,2017-01-01,35,M&M,INE101A01026,,1408914666.370635
NSE,2016-12-01,2017-01-01,39,BAJFINANCE,INE296A01024,,1364087244.1793652
NSE,2016-12-01,2017-01-01,40,ASIANPAINT,INE021A01026,,1346411655.5198412
NSE,2016-12-01,2017-01-01,48,HINDUNILVR,INE030A01027,,1219753927.3468254
NSE,2016-12-01,2017-01-01,49,BHARTIARTL,INE397D01024,,1207183754.0190475
NSE,2016-12-01,2017-01-01,61,DRREDDY,INE089A01023,,917618933.218254
NSE,2016-12-01,2017-01-01,65,WIPRO,INE075A01022,,887852374.1682539
NSE,2016-12-01,2017-01-01,67,CIPLA,INE059A01026,,879062165.911111
NSE,2016-12-01,2017-01-01,73,POWERGRID,INE752E01010,,805549675.352381
NSE,2016-12-01,2017-01-01,98,NTPC,INE733E01010,,648437996.0698413
NSE,2016-12-01,2017-01-01,100,TITAN,INE280A01028,,637542046.0174605
NSE,2016-12-01,2017-01-01,174,NESTLEIND,INE239A01016,,245224284.55952382
NSE,2016-12-01,2017-01-01,211,ADANIENT,INE423A01024,,167642182.09761903
NSE,2017-01-02,2017-01-31,1,ICICIBANK,INE090A01021,,4605188258.511111
NSE,2017-01-02,2017-01-31,2,SBIN,INE062A01020,,4267303748.5349207
NSE,2017-01-02,2017-01-31,3,AXISBANK,INE238A01034,,4214663798.2873015
NSE,2017-01-02,2017-01-31,4,MARUTI,INE585B01010,,3772580970.949207
NSE,2017-01-02,2017-01-31,5,TATAMOTORS,INE155A01022,,3669041115.748413
NSE,2017-01-02,2017-01-31,6,INFY,INE009A01021,,3286066093.5833335
NSE,2017-01-02,2017-01-31,7,RELIANCE,INE002A01018,,3261443203.2738094
NSE,2017-01-02,2017-01-31,10,SUNPHARMA,INE044A01036,,3016316987.0841274
NSE,2017-01-02,2017-01-31,12,TCS,INE467B01029,,2542756714.7373013
NSE,2017-01-02,2017-01-31,13,ITC,INE154A01025,,2456544195.2000003
NSE,2017-01-02,2017-01-31,14,TATASTEEL,INE081A01012,,2356530715.71508
NSE,2017-01-02,2017-01-31,16,LT,INE018A01030,,2118766977.199206
NSE,2017-01-02,2017-01-31,21,HDFCBANK,INE040A01026,,1616771309.5182538
NSE,2017-01-02,2017-01-31,23,ONGC,INE213A01029,,1560630286.157143
NSE,2017-01-02,2017-01-31,24,ULTRACEMCO,INE481G01011,,1511844875.6277778
NSE,2017-01-02,2017-01-31,27,ASIANPAINT,INE021A01026,,1430259517.8126984
NSE,2017-01-02,2017-01-31,28,BAJFINANCE,INE296A01024,,1397135451.7626984
NSE,2017-01-02,2017-01-31,38,HCLTECH,INE860A01027,,1250510853.3880951
NSE,2017-01-02,2017-01-31,40,M&M,INE101A01026,,1235652458.4769843
NSE,2017-01-02,2017-01-31,41,KOTAKBANK,INE237A01028,,1218104586.20873
NSE,2017-01-02,2017-01-31,48,HINDUNILVR,INE030A01027,,1037951250.9595239
NSE,2017-01-02,2017-01-31,55,BHARTIARTL,INE397D01024,,882944813.8428571
NSE,2017-01-02,2017-01-31,56,DRREDDY,INE089A01023,,870460164.8468254
NSE,2017-01-02,2017-01-31,65,POWERGRID,INE752E01010,,803913829.6698413
NSE,2017-01-02,2017-01-31,69,CIPLA,INE059A01026,,749327668.8571428
NSE,2017-01-02,2017-01-31,85,WIPRO,INE075A01022,,650324143.2626984
NSE,2017-01-02,2017-01-31,88,NTPC,INE733E01010,,625626246.1984127
NSE,2017-01-02,2017-01-31,89,TITAN,INE280A01028,,620440617.3730159
NSE,2017-01-02,2017-01-31,168,NESTLEIND,INE239A01016,,225494586.81190476
NSE,2017-01-02,2017-01-31,205,ADANIENT,INE423A01024,,154298525.67698413
NSE,2017-02-01,2017-02-28,1,ICICIBANK,INE090A01021,,4467882888.199206
NSE,2017-02-01,2017-02-28,2,SBIN,INE062A01020,,4196185728.237302
NSE,2017-02-01,2017-02-28,3,INFY,INE009A01021,,3985014490.8722224
NSE,2017-02-01,2017-02-28,4,AXISBANK,INE238A01034,,3872623049.4253964
NSE,2017-02-01,2017-02-28,5,MARUTI,INE585B01010,,3706077266.5976195
NSE,2017-02-01,2017-02-28,6,TATAMOTORS,INE155A01022,,3512941842.738889
NSE,2017-02-01,2017-02-28,9,RELIANCE,INE002A01018,,3145428141.899206
NSE,2017-02-01,2017-02-28,10,SUNPHARMA,INE044A01036,,3131217704.6936507
NSE,2017-02-01,2017-02-28,12,TCS,INE467B01029,,2778800958.2111115
NSE,2017-02-01,2017-02-28,14,ITC,INE154A01025,,2643253560.964286
NSE,2017-02-01,2017-02-28,15,LT,INE018A01030,,2144579448.5
NSE,2017-02-01,2017-02-28,16,TATASTEEL,INE081A01012,,2111820195.1761906
NSE,2017-02-01,2017-02-28,19,HDFCBANK,INE040A01026,,1836959000.0595238
NSE,2017-02-01,2017-02-28,21,BAJFINANCE,INE296A01024,,1585444938.7103174
NSE,2017-02-01,2017-02-28,27,ULTRACEMCO,INE481G01011,,1472910000.4111114
NSE,2017-02-01,2017-02-28,28,ONGC,INE213A01029,,1470200384.7317462
NSE,2017-02-01,2017-02-28,30,ASIANPAINT,INE021A01026,,1450012037.506349
NSE,2017-02-01,2017-02-28,34,KOTAKBANK,INE237A01028,,1371769470.8412697
NSE,2017-02-01,2017-02-28,35,HCLTECH,INE860A01027,,1344942282.7833333
NSE,2017-02-01,2017-02-28,43,M&M,INE101A01026,,1075898442.8420634
NSE,2017-02-01,2017-02-28,45,BHARTIARTL,INE397D01024,,1036554421.465873
NSE,2017-02-01,2017-02-28,50,POWERGRID,INE752E01010,,988895072.6674602
NSE,2017-02-01,2017-02-28,55,HINDUNILVR,INE030A01027,,882168511.6333333
NSE,2017-02-01,2017-02-28,67,DRREDDY,INE089A01023,,764678496.736508
NSE,2017-02-01,2017-02-28,71,NTPC,INE733E01010,,727258080.3190476
NSE,2017-02-01,2017-02-28,88,CIPLA,INE059A01026,,598825918.3960317
NSE,2017-02-01,2017-02-28,90,WIPRO,INE075A01022,,565616743.6325396
NSE,2017-02-01,2017-02-28,96,TITAN,INE280A01028,,540912729.3603175
NSE,2017-02-01,2017-02-28,162,NESTLEIND,INE239A01016,,257327519.38650793
NSE,2017-02-01,2017-02-28,180,ADANIENT,INE423A01024,,204778814.81269842
NSE,2017-03-01,2017-04-02,1,RELIANCE,INE002A01018,,4333570603.354762
NSE,2017-03-01,2017-04-02,2,ICICIBANK,INE090A01021,,4076597459.455556
NSE,2017-03-01,2017-04-02,3,INFY,INE009A01021,,4050361563.3333335
NSE,2017-03-01,2017-04-02,4,HDFCBANK,INE040A01026,,4049660214.6000004
NSE,2017-03-01,2017-04-02,5,AXISBANK,INE238A01034,,3940602276.785714
NSE,2017-03-01,2017-04-02,6,TATAMOTORS,INE155A01022,,3547900364.042063
NSE,2017-03-01,2017-04-02,7,SBIN,INE062A01020,,3464102977.8531747
NSE,2017-03-01,2017-04-02,8,TCS,INE467B01029,,3120884668.468254
NSE,2017-03-01,2017-04-02,9,MARUTI,INE585B01010,,2979661598.3968253
NSE,2017-03-01,2017-04-02,13,SUNPHARMA,INE044A01036,,2580295166.642857
NSE,2017-03-01,2017-04-02,14,ITC,INE154A01025,,2460046925.8460317
NSE,2017-03-01,2017-04-02,17,TATASTEEL,INE081A01012,,2161648643.6166663
NSE,2017-03-01,2017-04-02,23,LT,INE018A01030,,1549473465.392857
NSE,2017-03-01,2017-04-02,26,ONGC,INE213A01029,,1505661618.7738094
NSE,2017-03-01,2017-04-02,29,BHARTIARTL,INE397D01024,,1440449546.188889
NSE,2017-03-01,2017-04-02,32,KOTAKBANK,INE237A01028,,1366498690.2309523
NSE,2017-03-01,2017-04-02,35,BAJFINANCE,INE296A01024,,1308892365.984127
NSE,2017-03-01,2017-04-02,39,HCLTECH,INE860A01027,,1242288824.7277777
NSE,2017-03-01,2017-04-02,42,ASIANPAINT,INE021A01026,,1150931576.857143
NSE,2017-03-01,2017-04-02,45,M&M,INE101A01026,,1086859847.8150795
NSE,2017-03-01,2017-04-02,48,POWERGRID,INE752E01010,,999540962.4111111
NSE,2017-03-01,2017-04-02,51,DRREDDY,INE089A01023,,969813251.0238096
NSE,2017-03-01,2017-04-02,58,ULTRACEMCO,INE481G01011,,876455072.9396825
NSE,2017-03-01,2017-04-02,65,HINDUNILVR,INE030A01027,,798125760.2936507
NSE,2017-03-01,2017-04-02,70,NTPC,INE733E01010,,776271144.9801587
NSE,2017-03-01,2017-04-02,86,CIPLA,INE059A01026,,605707139.6111112
NSE,2017-03-01,2017-04-02,96,TITAN,INE280A01028,,546154500.7071428
NSE,2017-03-01,2017-04-02,106,WIPRO,INE075A01022,,477418500.54444444
NSE,2017-03-01,2017-04-02,149,ADANIENT,INE423A01024,,322382210.9857143
NSE,2017-03-01,2017-04-02,182,NESTLEIND,INE239A01016,,218112533.91031748
NSE,2017-04-03,2017-05-01,1,RELIANCE,INE002A01018,,6397234069.422223
NSE,2017-04-03,2017-05-01,2,ICICIBANK,INE090A01021,,4619060853.248412
NSE,2017-04-03,2017-05-01,3,HDFCBANK,INE040A01026,,4431997930.546825
NSE,2017-04-03,2017-05-01,4,INFY,INE009A01021,,4171334497.3222227
NSE,2017-04-03,2017-05-01,5,AXISBANK,INE238A01034,,4155643999.350794
NSE,2017-04-03,2017-05-01,6,SBIN,INE062A01020,,3835300611.326984
NSE,2017-04-03,2017-05-01,9,TCS,INE467B01029,,3308933506.7460318
NSE,2017-04-03,2017-05-01,11,TATAMOTORS,INE155A01022,,3159493671.730159
NSE,2017-04-03,2017-05-01,13,ITC,INE154A01025,,2974980151.3999996
NSE,2017-04-03,2017-05-01,14,MARUTI,INE585B01010,,2971884863.975397
NSE,2017-04-03,2017-05-01,16,TATASTEEL,INE081A01012,,2447772127.224603
NSE,2017-04-03,2017-05-01,18,SUNPHARMA,INE044A01036,,2170293196.843651
NSE,2017-04-03,2017-05-01,19,LT,INE018A01030,,1967218925.568254
NSE,2017-04-03,2017-05-01,21,KOTAKBANK,INE237A01028,,1834860076.563492
NSE,2017-04-03,2017-05-01,27,BHARTIARTL,INE397D01024,,1678969699.354762
NSE,2017-04-03,2017-05-01,35,ONGC,INE213A01029,,1472839360.5309522
NSE,2017-04-03,2017-05-01,39,HCLTECH,INE860A01027,,1334451092.6896825
NSE,2017-04-03,2017-05-01,42,M&M,INE101A01026,,1318439947.6642857
NSE,2017-04-03,2017-05-01,44,DRREDDY,INE089A01023,,1270839596.1999998
NSE,2017-04-03,2017-05-01,45,BAJFINANCE,INE296A01024,,1260483196.9238095
NSE,2017-04-03,2017-05-01,50,POWERGRID,INE752E01010,,1100583809.9880953
NSE,2017-04-03,2017-05-01,53,ASIANPAINT,INE021A01026,,1045505903.5039682
NSE,2017-04-03,2017-05-01,61,HINDUNILVR,INE030A01027,,964022159.3063493
NSE,2017-04-03,2017-05-01,63,ULTRACEMCO,INE481G01011,,934329228.2349207
NSE,2017-04-03,2017-05-01,71,NTPC,INE733E01010,,849919331.7555555
NSE,2017-04-03,2017-05-01,95,CIPLA,INE059A01026,,638452638.0476191
NSE,2017-04-03,2017-05-01,108,TITAN,INE280A01028,,569364808.1634921
NSE,2017-04-03,2017-05-01,109,WIPRO,INE075A01022,,553183614.8388889
NSE,2017-04-03,2017-05-01,131,ADANIENT,INE423A01024,,424331169.8261905
NSE,2017-04-03,2017-05-01,195,NESTLEIND,INE239A01016,,232550323.86031744
NSE,2017-05-02,2017-05-31,1,RELIANCE,INE002A01018,,7731021664.746032
NSE,2017-05-02,2017-05-31,2,ICICIBANK,INE090A01021,,4770333035.075397
NSE,2017-05-02,2017-05-31,3,HDFCBANK,INE040A01026,,4670717802.68254
NSE,2017-05-02,2017-05-31,4,AXISBANK,INE238A01034,,4273019539.7650795
NSE,2017-05-02,2017-05-31,5,SBIN,INE062A01020,,4050464941.1238093
NSE,2017-05-02,2017-05-31,7,INFY,INE009A01021,,3810016032.598413
NSE,2017-05-02,2017-05-31,10,TCS,INE467B01029,,3231494305.576984
NSE,2017-05-02,2017-05-31,11,TATAMOTORS,INE155A01022,,3166404808.404762
NSE,2017-05-02,2017-05-31,13,ITC,INE154A01025,,3108136105.825397
NSE,2017-05-02,2017-05-31,14,MARUTI,INE585B01010,,3105145535.2452383
NSE,2017-05-02,2017-05-31,17,TATASTEEL,INE081A01012,,2473267308.840476
NSE,2017-05-02,2017-05-31,18,LT,INE018A01030,,2261491546.552381
NSE,2017-05-02,2017-05-31,19,SUNPHARMA,INE044A01036,,2155500315.2436504
NSE,2017-05-02,2017-05-31,24,KOTAKBANK,INE237A01028,,1914459788.4563491
NSE,2017-05-02,2017-05-31,31,BHARTIARTL,INE397D01024,,1704782416.2698412
NSE,2017-05-02,2017-05-31,37,M&M,INE101A01026,,1513900893.697619
NSE,2017-05-02,2017-05-31,41,ONGC,INE213A01029,,1439915812.9603174
NSE,2017-05-02,2017-05-31,47,DRREDDY,INE089A01023,,1266718038.9301586
NSE,2017-05-02,2017-05-31,48,BAJFINANCE,INE296A01024,,1241856650.2468255
NSE,2017-05-02,2017-05-31,51,ADANIENT,INE423A01024,,1215243973.9238095
NSE,2017-05-02,2017-05-31,54,HCLTECH,INE860A01027,,1185132080.1753967
NSE,2017-05-02,2017-05-31,59,HINDUNILVR,INE030A01027,,1072873291.4555556
NSE,2017-05-02,2017-05-31,60,POWERGRID,INE752E01010,,1056234542.6992064
NSE,2017-05-02,2017-05-31,66,ULTRACEMCO,INE481G01011,,978328547.9801587
NSE,2017-05-02,2017-05-31,76,ASIANPAINT,INE021A01026,,901336099.8523809
NSE,2017-05-02,2017-05-31,81,NTPC,INE733E01010,,842662496.631746
NSE,2017-05-02,2017-05-31,87,WIPRO,INE075A01022,,751338976.4277778
NSE,2017-05-02,2017-05-31,88,CIPLA,INE059A01026,,749196413.184127
NSE,2017-05-02,2017-05-31,103,TITAN,INE280A01028,,637745770.665873
NSE,2017-05-02,2017-05-31,210,NESTLEIND,INE239A01016,,220062645.7031746
NSE,2017-06-01,2017-07-02,1,RELIANCE,INE002A01018,,6954782660.050794
NSE,2017-06-01,2017-07-02,2,ICICIBANK,INE090A01021,,5796128956.215873
NSE,2017-06-01,2017-07-02,3,SBIN,INE062A01020,,4385225585.657144
NSE,2017-06-01,2017-07-02,4,AXISBANK,INE238A01034,,4204698060.20873
NSE,2017-06-01,2017-07-02,8,ITC,INE154A01025,,3291300614.821429
NSE,2017-06-01,2017-07-02,10,INFY,INE009A01021,,3144177955.831746
NSE,2017-06-01,2017-07-02,11,MARUTI,INE585B01010,,3127630984.262698
NSE,2017-06-01,2017-07-02,12,TATASTEEL,INE081A01012,,3091554436.6436505
NSE,2017-06-01,2017-07-02,13,TATAMOTORS,INE155A01022,,2882945849.984127
NSE,2017-06-01,2017-07-02,14,TCS,INE467B01029,,2764011832.0690475
NSE,2017-06-01,2017-07-02,17,LT,INE018A01030,,2637826054.775397
NSE,2017-06-01,2017-07-02,18,SUNPHARMA,INE044A01036,,2565945842.35873
NSE,2017-06-01,2017-07-02,21,HDFCBANK,INE040A01026,,2260457064.58254
NSE,2017-06-01,2017-07-02,24,KOTAKBANK,INE237A01028,,1960048820.3428571
NSE,2017-06-01,2017-07-02,32,M&M,INE101A01026,,1610123845.445238
NSE,2017-06-01,2017-07-02,36,BHARTIARTL,INE397D01024,,1560680566.2809522
NSE,2017-06-01,2017-07-02,42,ADANIENT,INE423A01024,,1400206924.6587303
NSE,2017-06-01,2017-07-02,45,HINDUNILVR,INE030A01027,,1311308163.7873018
NSE,2017-06-01,2017-07-02,50,ONGC,INE213A01029,,1251381261.8333333
NSE,2017-06-01,2017-07-02,51,HCLTECH,INE860A01027,,1248480195.1492062
NSE,2017-06-01,2017-07-02,56,BAJFINANCE,INE296A01024,,1194557409.2373018
NSE,2017-06-01,2017-07-02,61,DRREDDY,INE089A01023,,1127407645.813492
NSE,2017-06-01,2017-07-02,68,ULTRACEMCO,INE481G01011,,1042104148.6865079
NSE,2017-06-01,2017-07-02,71,POWERGRID,INE752E01010,,979818724.3952382
NSE,2017-06-01,2017-07-02,72,ASIANPAINT,INE021A01026,,974500941.3801587
NSE,2017-06-01,2017-07-02,91,WIPRO,INE075A01022,,791271155.3674603
NSE,2017-06-01,2017-07-02,94,CIPLA,INE059A01026,,752969157.263492
NSE,2017-06-01,2017-07-02,102,NTPC,INE733E01010,,695972165.1912699
NSE,2017-06-01,2017-07-02,115,TITAN,INE280A01028,,605333426.9753969
NSE,2017-06-01,2017-07-02,210,NESTLEIND,INE239A01016,,234039988.8611111
NSE,2017-07-03,2017-07-31,1,RELIANCE,INE002A01018,,5979945413.943651
NSE,2017-07-03,2017-07-31,2,ICICIBANK,INE090A01021,,5787584519.310317
NSE,2017-07-03,2017-07-31,3,SBIN,INE062A01020,,4450213607.376985
NSE,2017-07-03,2017-07-31,7,AXISBANK,INE238A01034,,3704920576.3031745
NSE,2017-07-03,2017-07-31,8,INFY,INE009A01021,,3334192335.8777776
NSE,2017-07-03,2017-07-31,9,ITC,INE154A01025,,3327758279.1317463
NSE,2017-07-03,2017-07-31,10,MARUTI,INE585B01010,,3262794162.0142856
NSE,2017-07-03,2017-07-31,11,TATASTEEL,INE081A01012,,3255257175.6499996
NSE,2017-07-03,2017-07-31,13,TCS,INE467B01029,,2883155577.409524
NSE,2017-07-03,2017-07-31,14,SUNPHARMA,INE044A01036,,2796321076.481746
NSE,2017-07-03,2017-07-31,15,TATAMOTORS,INE155A01022,,2778309851.4126983
NSE,2017-07-03,2017-07-31,16,LT,INE018A01030,,2706165678.5484123
NSE,2017-07-03,2017-07-31,22,HDFCBANK,INE040A01026,,2114876522.6468258
NSE,2017-07-03,2017-07-31,30,KOTAKBANK,INE237A01028,,1667865173.9595237
NSE,2017-07-03,2017-07-31,32,ADANIENT,INE423A01024,,1633259341.0944445
NSE,2017-07-03,2017-07-31,34,M&M,INE101A01026,,1604031572.9579365
NSE,2017-07-03,2017-07-31,37,BHARTIARTL,INE397D01024,,1490134713.380159
NSE,2017-07-03,2017-07-31,40,HINDUNILVR,INE030A01027,,1421492346.3992064
NSE,2017-07-03,2017-07-31,43,HCLTECH,INE860A01027,,1322437919.0103176
NSE,2017-07-03,2017-07-31,54,ONGC,INE213A01029,,1158965495.3015873
NSE,2017-07-03,2017-07-31,61,BAJFINANCE,INE296A01024,,1061577779.2119048
NSE,2017-07-03,2017-07-31,64,TITAN,INE280A01028,,1035132417.6317459
NSE,2017-07-03,2017-07-31,69,POWERGRID,INE752E01010,,1008645887.2944444
NSE,2017-07-03,2017-07-31,70,ULTRACEMCO,INE481G01011,,996294130.2809525
NSE,2017-07-03,2017-07-31,77,ASIANPAINT,INE021A01026,,945803416.5198413
NSE,2017-07-03,2017-07-31,80,DRREDDY,INE089A01023,,896958922.7714287
NSE,2017-07-03,2017-07-31,85,WIPRO,INE075A01022,,837946429.0706348
NSE,2017-07-03,2017-07-31,99,CIPLA,INE059A01026,,711908157.913492
NSE,2017-07-03,2017-07-31,108,NTPC,INE733E01010,,664228275.2166667
NSE,2017-07-03,2017-07-31,205,NESTLEIND,INE239A01016,,235528230.70714286
NSE,2017-08-01,2017-08-31,1,RELIANCE,INE002A01018,,6062023129.7420635
NSE,2017-08-01,2017-08-31,2,ICICIBANK,INE090A01021,,5692321160.680159
NSE,2017-08-01,2017-08-31,4,ITC,INE154A01025,,4579418886.101586
NSE,2017-08-01,2017-08-31,6,SBIN,INE062A01020,,4328704938.883333
NSE,2017-08-01,2017-08-31,8,AXISBANK,INE238A01034,,3487348834.9785714
NSE,2017-08-01,2017-08-31,9,INFY,INE009A01021,,3436344459.9309525
NSE,2017-08-01,2017-08-31,10,TATASTEEL,INE081A01012,,3227912653.16746
NSE,2017-08-01,2017-08-31,11,MARUTI,INE585B01010,,3218178023.7000003
NSE,2017-08-01,2017-08-31,13,TCS,INE467B01029,,2829907054.781746
NSE,2017-08-01,2017-08-31,14,SUNPHARMA,INE044A01036,,2733444888.3936505
NSE,2017-08-01,2017-08-31,15,TATAMOTORS,INE155A01022,,2623912569.6476192
NSE,2017-08-01,2017-08-31,16,LT,INE018A01030,,2530412053.0873017
NSE,2017-08-01,2017-08-31,21,HDFCBANK,INE040A01026,,2122338620.2698417
NSE,2017-08-01,2017-08-31,27,KOTAKBANK,INE237A01028,,1872020887.2126985
NSE,2017-08-01,2017-08-31,29,BHARTIARTL,INE397D01024,,1674598003.363492
NSE,2017-08-01,2017-08-31,34,HINDUNILVR,INE030A01027,,1583285453.2063491
NSE,2017-08-01,2017-08-31,36,M&M,INE101A01026,,1549410164.9563491
NSE,2017-08-01,2017-08-31,41,HCLTECH,INE860A01027,,1377075103.3087301
NSE,2017-08-01,2017-08-31,46,ONGC,INE213A01029,,1219075902.6515872
NSE,2017-08-01,2017-08-31,48,BAJFINANCE,INE296A01024,,1187459117.3007936
NSE,2017-08-01,2017-08-31,61,ASIANPAINT,INE021A01026,,1062897589.1539683
NSE,2017-08-01,2017-08-31,62,DRREDDY,INE089A01023,,1045445653.0214286
NSE,2017-08-01,2017-08-31,65,TITAN,INE280A01028,,1018045414.2849206
NSE,2017-08-01,2017-08-31,67,POWERGRID,INE752E01010,,1006994309.8603175
NSE,2017-08-01,2017-08-31,68,ULTRACEMCO,INE481G01011,,984211030.8920635
NSE,2017-08-01,2017-08-31,76,ADANIENT,INE423A01024,,934478998.7507937
NSE,2017-08-01,2017-08-31,89,WIPRO,INE075A01022,,838486016.2246032
NSE,2017-08-01,2017-08-31,113,NTPC,INE733E01010,,651167973.9333333
NSE,2017-08-01,2017-08-31,115,CIPLA,INE059A01026,,604914774.1468254
NSE,2017-08-01,2017-08-31,197,NESTLEIND,INE239A01016,,257499191.4769841
NSE,2017-09-01,2017-10-02,1,INFY,INE009A01021,,6791484851.292063
NSE,2017-09-01,2017-10-02,2,RELIANCE,INE002A01018,,6234991618.863492
NSE,2017-09-01,2017-10-02,4,ITC,INE154A01025,,4311842221.334921
NSE,2017-09-01,2017-10-02,6,SBIN,INE062A01020,,4102566740.5333333
NSE,2017-09-01,2017-10-02,8,ICICIBANK,INE090A01021,,3791198399.924603
NSE,2017-09-01,2017-10-02,9,MARUTI,INE585B01010,,3220253633.5150795
NSE,2017-09-01,2017-10-02,10,AXISBANK,INE238A01034,,3132050869.1698413
NSE,2017-09-01,2017-10-02,11,TATASTEEL,INE081A01012,,2985525532.8944445
NSE,2017-09-01,2017-10-02,15,TATAMOTORS,INE155A01022,,2564196367.96746
NSE,2017-09-01,2017-10-02,16,TCS,INE467B01029,,2560077975.6857142
NSE,2017-09-01,2017-10-02,17,SUNPHARMA,INE044A01036,,2429010828.3309526
NSE,2017-09-01,2017-10-02,18,HDFCBANK,INE040A01026,,2187723262.8976192
NSE,2017-09-01,2017-10-02,19,LT,INE018A01030,,2161078904.284127
NSE,2017-09-01,2017-10-02,28,KOTAKBANK,INE237A01028,,1731506708.2277777
NSE,2017-09-01,2017-10-02,31,BAJFINANCE,INE296A01024,,1529981530.885714
NSE,2017-09-01,2017-10-02,36,M&M,INE101A01026,,1438771881.227778
NSE,2017-09-01,2017-10-02,38,HINDUNILVR,INE030A01027,,1382643587.545238
NSE,2017-09-01,2017-10-02,39,DRREDDY,INE089A01023,,1377256229.615873
NSE,2017-09-01,2017-10-02,41,BHARTIARTL,INE397D01024,,1326734416.8087301
NSE,2017-09-01,2017-10-02,44,TITAN,INE280A01028,,1270302390.0238094
NSE,2017-09-01,2017-10-02,52,ONGC,INE213A01029,,1165389398.6920633
NSE,2017-09-01,2017-10-02,56,HCLTECH,INE860A01027,,1127834576.7873018
NSE,2017-09-01,2017-10-02,60,NTPC,INE733E01010,,1073207743.5888889
NSE,2017-09-01,2017-10-02,67,POWERGRID,INE752E01010,,1001239432.6555556
NSE,2017-09-01,2017-10-02,74,ULTRACEMCO,INE481G01011,,946357969.9222223
NSE,2017-09-01,2017-10-02,77,ASIANPAINT,INE021A01026,,929062936.9650794
NSE,2017-09-01,2017-10-02,82,WIPRO,INE075A01022,,876867637.0396825
NSE,2017-09-01,2017-10-02,90,ADANIENT,INE423A01024,,841467901.468254
NSE,2017-09-01,2017-10-02,113,CIPLA,INE059A01026,,614485313.5261905
NSE,2017-09-01,2017-10-02,191,NESTLEIND,INE239A01016,,272607821.4444444
NSE,2017-10-03,2017-10-31,1,INFY,INE009A01021,,7098150317.175397
NSE,2017-10-03,2017-10-31,2,RELIANCE,INE002A01018,,6673797722.792857
NSE,2017-10-03,2017-10-31,4,ITC,INE154A01025,,4243091639.1857142
NSE,2017-10-03,2017-10-31,6,SBIN,INE062A01020,,3791152578.7325397
NSE,2017-10-03,2017-10-31,7,ICICIBANK,INE090A01021,,3593696462.974603
NSE,2017-10-03,2017-10-31,10,AXISBANK,INE238A01034,,3341466324.571429
NSE,2017-10-03,2017-10-31,11,MARUTI,INE585B01010,,3101697205.115873
NSE,2017-10-03,2017-10-31,13,TATASTEEL,INE081A01012,,2932907546.015873
NSE,2017-10-03,2017-10-31,15,TATAMOTORS,INE155A01022,,2834986970.977778
NSE,2017-10-03,2017-10-31,16,HDFCBANK,INE040A01026,,2702602124.7952385
NSE,2017-10-03,2017-10-31,18,SUNPHARMA,INE044A01036,,2445633640.933333
NSE,2017-10-03,2017-10-31,19,LT,INE018A01030,,2266212113.677778
NSE,2017-10-03,2017-10-31,21,TCS,INE467B01029,,2209770687.7007937
NSE,2017-10-03,2017-10-31,24,BAJFINANCE,INE296A01024,,2126931180.4103177
NSE,2017-10-03,2017-10-31,27,DRREDDY,INE089A01023,,1997741728.8698413
NSE,2017-10-03,2017-10-31,31,KOTAKBANK,INE237A01028,,1914509627.202381
NSE,2017-10-03,2017-10-31,40,BHARTIARTL,INE397D01024,,1418199340.7063491
NSE,2017-10-03,2017-10-31,41,HINDUNILVR,INE030A01027,,1416324246.2523808
NSE,2017-10-03,2017-10-31,43,ONGC,INE213A01029,,1348300895.0666666
NSE,2017-10-03,2017-10-31,44,M&M,INE101A01026,,1323580749.375397
NSE,2017-10-03,2017-10-31,60,NTPC,INE733E01010,,1093386021.5357144
NSE,2017-10-03,2017-10-31,64,HCLTECH,INE860A01027,,1052532652.0928571
NSE,2017-10-03,2017-10-31,71,TITAN,INE280A01028,,996725167.9412699
NSE,2017-10-03,2017-10-31,73,ASIANPAINT,INE021A01026,,989572634.204762
NSE,2017-10-03,2017-10-31,81,WIPRO,INE075A01022,,947824887.1436509
NSE,2017-10-03,2017-10-31,85,POWERGRID,INE752E01010,,930397331.0
NSE,2017-10-03,2017-10-31,88,ULTRACEMCO,INE481G01011,,859883098.2857143
NSE,2017-10-03,2017-10-31,109,CIPLA,INE059A01026,,694394805.1238096
NSE,2017-10-03,2017-10-31,116,ADANIENT,INE423A01024,,649368724.6468254
NSE,2017-10-03,2017-10-31,186,NESTLEIND,INE239A01016,,320613996.69523805
NSE,2017-11-01,2017-11-30,1,INFY,INE009A01021,,7330792264.372222
NSE,2017-11-01,2017-11-30,2,RELIANCE,INE002A01018,,6163407215.159525
NSE,2017-11-01,2017-11-30,3,SBIN,INE062A01020,,5975738295.845238
NSE,2017-11-01,2017-11-30,4,ICICIBANK,INE090A01021,,4756606782.724604
NSE,2017-11-01,2017-11-30,6,AXISBANK,INE238A01034,,4505962866.592856
NSE,2017-11-01,2017-11-30,9,MARUTI,INE585B01010,,3358609481.1555557
NSE,2017-11-01,2017-11-30,10,TATASTEEL,INE081A01012,,3348107478.4404764
NSE,2017-11-01,2017-11-30,12,ITC,INE154A01025,,3106599339.046825
NSE,2017-11-01,2017-11-30,15,TATAMOTORS,INE155A01022,,2906532813.265873
NSE,2017-11-01,2017-11-30,16,HDFCBANK,INE040A01026,,2885238155.6865087
NSE,2017-11-01,2017-11-30,17,SUNPHARMA,INE044A01036,,2711892431.3269844
NSE,2017-11-01,2017-11-30,19,BHARTIARTL,INE397D01024,,2573154421.4277773
NSE,2017-11-01,2017-11-30,21,LT,INE018A01030,,2337646484.5
NSE,2017-11-01,2017-11-30,24,BAJFINANCE,INE296A01024,,2290361625.6373014
NSE,2017-11-01,2017-11-30,28,DRREDDY,INE089A01023,,2120443904.579365
NSE,2017-11-01,2017-11-30,30,TCS,INE467B01029,,2078692915.0753968
NSE,2017-11-01,2017-11-30,34,KOTAKBANK,INE237A01028,,1888219543.546032
NSE,2017-11-01,2017-11-30,45,NTPC,INE733E01010,,1343297174.5873015
NSE,2017-11-01,2017-11-30,46,HINDUNILVR,INE030A01027,,1331837338.5142858
NSE,2017-11-01,2017-11-30,47,ONGC,INE213A01029,,1325067410.6333334
NSE,2017-11-01,2017-11-30,48,M&M,INE101A01026,,1313894190.9928572
NSE,2017-11-01,2017-11-30,56,HCLTECH,INE860A01027,,1191350303.4436507
NSE,2017-11-01,2017-11-30,61,POWERGRID,INE752E01010,,1104012038.563492
NSE,2017-11-01,2017-11-30,68,TITAN,INE280A01028,,1047079208.3928572
NSE,2017-11-01,2017-11-30,85,ULTRACEMCO,INE481G01011,,924248007.2809523
NSE,2017-11-01,2017-11-30,91,ASIANPAINT,INE021A01026,,855434437.2880952
NSE,2017-11-01,2017-11-30,99,WIPRO,INE075A01022,,801031453.3095238
NSE,2017-11-01,2017-11-30,105,CIPLA,INE059A01026,,772842365.0833334
NSE,2017-11-01,2017-11-30,129,ADANIENT,INE423A01024,,636270744.4246032
NSE,2017-11-01,2017-11-30,187,NESTLEIND,INE239A01016,,342715879.80079365
NSE,2017-12-01,2017-12-31,1,SBIN,INE062A01020,,6845757806.40635
NSE,2017-12-01,2017-12-31,2,RELIANCE,INE002A01018,,6308025773.548412
NSE,2017-12-01,2017-12-31,3,AXISBANK,INE238A01034,,5215495164.171429
NSE,2017-12-01,2017-12-31,4,ICICIBANK,INE090A01021,,5111923610.194445
NSE,2017-12-01,2017-12-31,6,INFY,INE009A01021,,4203431140.4984126
NSE,2017-12-01,2017-12-31,7,BHARTIARTL,INE397D01024,,3816665729.678571
NSE,2017-12-01,2017-12-31,10,TATAMOTORS,INE155A01022,,3608715409.4539685
NSE,2017-12-01,2017-12-31,13,MARUTI,INE585B01010,,3225864923.183333
NSE,2017-12-01,2017-12-31,16,ITC,INE154A01025,,2940162284.178571
NSE,2017-12-01,2017-12-31,17,TATASTEEL,INE081A01012,,2879355654.9880953
NSE,2017-12-01,2017-12-31,18,HDFCBANK,INE040A01026,,2852777677.3873024
NSE,2017-12-01,2017-12-31,20,LT,INE018A01030,,2672833386.443651
NSE,2017-12-01,2017-12-31,21,SUNPHARMA,INE044A01036,,2620447036.385714
NSE,2017-12-01,2017-12-31,26,TCS,INE467B01029,,2246644305.8825397
NSE,2017-12-01,2017-12-31,30,BAJFINANCE,INE296A01024,,1974149541.352381
NSE,2017-12-01,2017-12-31,31,KOTAKBANK,INE237A01028,,1972191045.5666668
NSE,2017-12-01,2017-12-31,33,DRREDDY,INE089A01023,,1906076348.0563493
NSE,2017-12-01,2017-12-31,42,M&M,INE101A01026,,1541844834.3285713
NSE,2017-12-01,2017-12-31,46,TITAN,INE280A01028,,1490511039.3380952
NSE,2017-12-01,2017-12-31,50,ONGC,INE213A01029,,1409482793.864286
NSE,2017-12-01,2017-12-31,53,HINDUNILVR,INE030A01027,,1391590452.3039684
NSE,2017-12-01,2017-12-31,58,HCLTECH,INE860A01027,,1322975279.2777777
NSE,2017-12-01,2017-12-31,61,POWERGRID,INE752E01010,,1253014527.9476192
NSE,2017-12-01,2017-12-31,64,NTPC,INE733E01010,,1200978232.2857144
NSE,2017-12-01,2017-12-31,88,ULTRACEMCO,INE481G01011,,928826404.7214286
NSE,2017-12-01,2017-12-31,89,CIPLA,INE059A01026,,914033422.4412698
NSE,2017-12-01,2017-12-31,102,ASIANPAINT,INE021A01026,,813195159.7912699
NSE,2017-12-01,2017-12-31,122,WIPRO,INE075A01022,,706177633.4436508
NSE,2017-12-01,2017-12-31,127,ADANIENT,INE423A01024,,685266077.0793651
NSE,2017-12-01,2017-12-31,189,NESTLEIND,INE239A01016,,376919369.1547619
NSE,2018-01-01,2018-01-31,1,SBIN,INE062A01020,,7343259020.540477
NSE,2018-01-01,2018-01-31,2,RELIANCE,INE002A01018,,5877252646.41746
NSE,2018-01-01,2018-01-31,3,AXISBANK,INE238A01034,,5145108437.212699
NSE,2018-01-01,2018-01-31,4,ICICIBANK,INE090A01021,,5053476535.088889
NSE,2018-01-01,2018-01-31,6,BHARTIARTL,INE397D01024,,4437316142.1587305
NSE,2018-01-01,2018-01-31,7,MARUTI,INE585B01010,,4128511698.113492
NSE,2018-01-01,2018-01-31,8,INFY,INE009A01021,,4038809312.834127
NSE,2018-01-01,2018-01-31,11,TATAMOTORS,INE155A01022,,3440060035.584127
NSE,2018-01-01,2018-01-31,14,TATASTEEL,INE081A01012,,2887930040.05873
NSE,2018-01-01,2018-01-31,15,LT,INE018A01030,,2759477352.604762
NSE,2018-01-01,2018-01-31,16,HDFCBANK,INE040A01026,,2675385816.764286
NSE,2018-01-01,2018-01-31,19,ITC,INE154A01025,,2604669089.8849206
NSE,2018-01-01,2018-01-31,21,SUNPHARMA,INE044A01036,,2529952426.2833333
NSE,2018-01-01,2018-01-31,22,TCS,INE467B01029,,2464978966.84127
NSE,2018-01-01,2018-01-31,26,M&M,INE101A01026,,2191542458.343651
NSE,2018-01-01,2018-01-31,33,KOTAKBANK,INE237A01028,,1992698523.4198413
NSE,2018-01-01,2018-01-31,37,TITAN,INE280A01028,,1676615225.8095238
NSE,2018-01-01,2018-01-31,41,BAJFINANCE,INE296A01024,,1607477671.5238094
NSE,2018-01-01,2018-01-31,50,POWERGRID,INE752E01010,,1407215201.5119047
NSE,2018-01-01,2018-01-31,52,NTPC,INE733E01010,,1393482886.9460318
NSE,2018-01-01,2018-01-31,53,HINDUNILVR,INE030A01027,,1389059756.7650795
NSE,2018-01-01,2018-01-31,55,HCLTECH,INE860A01027,,1357477295.3761904
NSE,2018-01-01,2018-01-31,59,DRREDDY,INE089A01023,,1321026755.7698412
NSE,2018-01-01,2018-01-31,63,ONGC,INE213A01029,,1268386509.3777776
NSE,2018-01-01,2018-01-31,91,CIPLA,INE059A01026,,903974243.065873
NSE,2018-01-01,2018-01-31,96,ULTRACEMCO,INE481G01011,,873645357.5190476
NSE,2018-01-01,2018-01-31,101,ADANIENT,INE423A01024,,839658086.8634921
NSE,2018-01-01,2018-01-31,119,ASIANPAINT,INE021A01026,,716087656.836508
NSE,2018-01-01,2018-01-31,140,WIPRO,INE075A01022,,594076772.2111111
NSE,2018-01-01,2018-01-31,202,NESTLEIND,INE239A01016,,351200251.3230159
NSE,2018-02-01,2018-02-28,1,SBIN,INE062A01020,,6363398522.391271
NSE,2018-02-01,2018-02-28,2,RELIANCE,INE002A01018,,5582686568.749207
NSE,2018-02-01,2018-02-28,4,INFY,INE009A01021,,4982376920.854761
NSE,2018-02-01,2018-02-28,5,MARUTI,INE585B01010,,4709535863.183333
NSE,2018-02-01,2018-02-28,6,ICICIBANK,INE090A01021,,4594517309.240476
NSE,2018-02-01,2018-02-28,7,BHARTIARTL,INE397D01024,,4073731361.481746
NSE,2018-02-01,2018-02-28,8,AXISBANK,INE238A01034,,3955444327.315873
NSE,2018-02-01,2018-02-28,10,TATAMOTORS,INE155A01022,,3655260760.1515875
NSE,2018-02-01,2018-02-28,13,LT,INE018A01030,,3411180697.7420635
NSE,2018-02-01,2018-02-28,15,ITC,INE154A01025,,3251817538.480159
NSE,2018-02-01,2018-02-28,17,TCS,INE467B01029,,3049695147.853968
NSE,2018-02-01,2018-02-28,18,TATASTEEL,INE081A01012,,3033130132.4825397
NSE,2018-02-01,2018-02-28,20,HDFCBANK,INE040A01026,,2696336071.657143
NSE,2018-02-01,2018-02-28,21,SUNPHARMA,INE044A01036,,2681808582.8968253
NSE,2018-02-01,2018-02-28,25,M&M,INE101A01026,,2316935282.348413
NSE,2018-02-01,2018-02-28,33,TITAN,INE280A01028,,2075211165.9063494
NSE,2018-02-01,2018-02-28,34,KOTAKBANK,INE237A01028,,2068936951.6809523
NSE,2018-02-01,2018-02-28,55,ONGC,INE213A01029,,1491535950.920635
NSE,2018-02-01,2018-02-28,56,BAJFINANCE,INE296A01024,,1450893140.1738095
NSE,2018-02-01,2018-02-28,57,HCLTECH,INE860A01027,,1450098928.0952382
NSE,2018-02-01,2018-02-28,59,HINDUNILVR,INE030A01027,,1437764730.588889
NSE,2018-02-01,2018-02-28,63,NTPC,INE733E01010,,1355045520.4253967
NSE,2018-02-01,2018-02-28,65,DRREDDY,INE089A01023,,1343842279.4349208
NSE,2018-02-01,2018-02-28,66,POWERGRID,INE752E01010,,1317272233.3706348
NSE,2018-02-01,2018-02-28,72,ADANIENT,INE423A01024,,1251674889.8222222
NSE,2018-02-01,2018-02-28,95,CIPLA,INE059A01026,,883480823.8214285
NSE,2018-02-01,2018-02-28,101,ULTRACEMCO,INE481G01011,,844312450.923016
NSE,2018-02-01,2018-02-28,102,ASIANPAINT,INE021A01026,,829911020.1126984
NSE,2018-02-01,2018-02-28,116,WIPRO,INE075A01022,,767179805.1746032
NSE,2018-02-01,2018-02-28,213,NESTLEIND,INE239A01016,,345511820.09682536
NSE,2018-03-01,2018-04-01,1,SBIN,INE062A01020,,6340478970.074603
NSE,2018-03-01,2018-04-01,2,RELIANCE,INE002A01018,,6079207889.6817465
NSE,2018-03-01,2018-04-01,4,INFY,INE009A01021,,5466599299.96746
NSE,2018-03-01,2018-04-01,5,MARUTI,INE585B01010,,5446064695.176985
NSE,2018-03-01,2018-04-01,7,ICICIBANK,INE090A01021,,4786776189.852381
NSE,2018-03-01,2018-04-01,9,TATASTEEL,INE081A01012,,4127766714.040476
NSE,2018-03-01,2018-04-01,10,BHARTIARTL,INE397D01024,,3635533199.1285715
NSE,2018-03-01,2018-04-01,12,AXISBANK,INE238A01034,,3559740514.364286
NSE,2018-03-01,2018-04-01,13,SUNPHARMA,INE044A01036,,3506412120.2198415
NSE,2018-03-01,2018-04-01,14,LT,INE018A01030,,3485926197.9103174
NSE,2018-03-01,2018-04-01,17,ITC,INE154A01025,,3429606301.0738096
NSE,2018-03-01,2018-04-01,18,TCS,INE467B01029,,3428358542.349207
NSE,2018-03-01,2018-04-01,19,TATAMOTORS,INE155A01022,,3313281403.6214285
NSE,2018-03-01,2018-04-01,23,HDFCBANK,INE040A01026,,2868957366.1563497
NSE,2018-03-01,2018-04-01,25,M&M,INE101A01026,,2254100315.471429
NSE,2018-03-01,2018-04-01,26,KOTAKBANK,INE237A01028,,2203846400.6150794
NSE,2018-03-01,2018-04-01,38,TITAN,INE280A01028,,1836131555.0873015
NSE,2018-03-01,2018-04-01,50,BAJFINANCE,INE296A01024,,1633306638.006349
NSE,2018-03-01,2018-04-01,51,HCLTECH,INE860A01027,,1629235901.1880953
NSE,2018-03-01,2018-04-01,54,HINDUNILVR,INE030A01027,,1552183136.35873
NSE,2018-03-01,2018-04-01,61,DRREDDY,INE089A01023,,1455678840.8746033
NSE,2018-03-01,2018-04-01,64,ONGC,INE213A01029,,1443036725.3849206
NSE,2018-03-01,2018-04-01,67,POWERGRID,INE752E01010,,1368640863.9198413
NSE,2018-03-01,2018-04-01,69,ADANIENT,INE423A01024,,1303645068.1515872
NSE,2018-03-01,2018-04-01,78,NTPC,INE733E01010,,1180844244.7833335
NSE,2018-03-01,2018-04-01,93,ASIANPAINT,INE021A01026,,932253822.4047619
NSE,2018-03-01,2018-04-01,97,WIPRO,INE075A01022,,917932441.713492
NSE,2018-03-01,2018-04-01,102,CIPLA,INE059A01026,,850091485.4920635
NSE,2018-03-01,2018-04-01,107,ULTRACEMCO,INE481G01011,,812320341.9507935
NSE,2018-03-01,2018-04-01,198,NESTLEIND,INE239A01016,,399334427.82698417
NSE,2018-04-02,2018-05-01,1,SBIN,INE062A01020,,6737658498.096826
NSE,2018-04-02,2018-05-01,2,RELIANCE,INE002A01018,,6285673918.116667
NSE,2018-04-02,2018-05-01,3,TCS,INE467B01029,,5940563487.97381
NSE,2018-04-02,2018-05-01,5,ICICIBANK,INE090A01021,,5657131391.181746
NSE,2018-04-02,2018-05-01,6,INFY,INE009A01021,,5566304059.88254
NSE,2018-04-02,2018-05-01,8,TATASTEEL,INE081A01012,,5306103172.284127
NSE,2018-04-02,2018-05-01,9,MARUTI,INE585B01010,,5026398940.534921
NSE,2018-04-02,2018-05-01,10,AXISBANK,INE238A01034,,3989675449.9325395
NSE,2018-04-02,2018-05-01,14,SUNPHARMA,INE044A01036,,3648577185.1880946
NSE,2018-04-02,2018-05-01,15,LT,INE018A01030,,3577607136.4825397
NSE,2018-04-02,2018-05-01,16,ITC,INE154A01025,,3514428128.0142856
NSE,2018-04-02,2018-05-01,21,BHARTIARTL,INE397D01024,,3307224591.6507936
NSE,2018-04-02,2018-05-01,22,TATAMOTORS,INE155A01022,,3251993985.6936507
NSE,2018-04-02,2018-05-01,23,HDFCBANK,INE040A01026,,2905805048.6571436
NSE,2018-04-02,2018-05-01,27,KOTAKBANK,INE237A01028,,2312970013.177778
NSE,2018-04-02,2018-05-01,33,TITAN,INE280A01028,,2124268236.7682538
NSE,2018-04-02,2018-05-01,44,HCLTECH,INE860A01027,,1746466085.7007937
NSE,2018-04-02,2018-05-01,47,M&M,INE101A01026,,1738149886.7063491
NSE,2018-04-02,2018-05-01,50,BAJFINANCE,INE296A01024,,1632369407.342857
NSE,2018-04-02,2018-05-01,54,HINDUNILVR,INE030A01027,,1600229344.4658728
NSE,2018-04-02,2018-05-01,56,ADANIENT,INE423A01024,,1575916580.5150793
NSE,2018-04-02,2018-05-01,68,DRREDDY,INE089A01023,,1369336233.2849207
NSE,2018-04-02,2018-05-01,70,ONGC,INE213A01029,,1336844056.9944446
NSE,2018-04-02,2018-05-01,73,POWERGRID,INE752E01010,,1291511977.3944445
NSE,2018-04-02,2018-05-01,89,NTPC,INE733E01010,,1013005125.2746032
NSE,2018-04-02,2018-05-01,90,WIPRO,INE075A01022,,1007173144.1714284
NSE,2018-04-02,2018-05-01,93,ASIANPAINT,INE021A01026,,975147832.8134921
NSE,2018-04-02,2018-05-01,96,CIPLA,INE059A01026,,950243441.4809523
NSE,2018-04-02,2018-05-01,109,ULTRACEMCO,INE481G01011,,863899098.6753968
NSE,2018-04-02,2018-05-01,165,NESTLEIND,INE239A01016,,493527061.28253967
NSE,2018-05-02,2018-05-31,1,TCS,INE467B01029,,7770226471.242857
NSE,2018-05-02,2018-05-31,2,RELIANCE,INE002A01018,,6243534932.772222
NSE,2018-05-02,2018-05-31,3,SBIN,INE062A01020,,6132213848.303175
NSE,2018-05-02,2018-05-31,4,ICICIBANK,INE090A01021,,5824590716.715874
NSE,2018-05-02,2018-05-31,5,TATASTEEL,INE081A01012,,5665015941.590476
NSE,2018-05-02,2018-05-31,6,INFY,INE009A01021,,5579081749.106349
NSE,2018-05-02,2018-05-31,9,MARUTI,INE585B01010,,4803564007.23889
NSE,2018-05-02,2018-05-31,10,AXISBANK,INE238A01034,,4712140768.970635
NSE,2018-05-02,2018-05-31,14,TATAMOTORS,INE155A01022,,3504759163.803968
NSE,2018-05-02,2018-05-31,16,SUNPHARMA,INE044A01036,,3195946614.198413
NSE,2018-05-02,2018-05-31,17,ITC,INE154A01025,,3174519273.1063495
NSE,2018-05-02,2018-05-31,18,LT,INE018A01030,,3105535152.45873
NSE,2018-05-02,2018-05-31,19,BHARTIARTL,INE397D01024,,2974671124.2111115
NSE,2018-05-02,2018-05-31,22,HDFCBANK,INE040A01026,,2699953103.938096
NSE,2018-05-02,2018-05-31,26,TITAN,INE280A01028,,2381452003.9507937
NSE,2018-05-02,2018-05-31,27,KOTAKBANK,INE237A01028,,2381161656.4277773
NSE,2018-05-02,2018-05-31,39,HCLTECH,INE860A01027,,1971820452.284127
NSE,2018-05-02,2018-05-31,41,M&M,INE101A01026,,1821993782.4777777
NSE,2018-05-02,2018-05-31,45,BAJFINANCE,INE296A01024,,1742110950.9912698
NSE,2018-05-02,2018-05-31,55,HINDUNILVR,INE030A01027,,1442904149.5666666
NSE,2018-05-02,2018-05-31,56,ADANIENT,INE423A01024,,1437458206.657143
NSE,2018-05-02,2018-05-31,70,POWERGRID,INE752E01010,,1184823334.8714285
NSE,2018-05-02,2018-05-31,73,DRREDDY,INE089A01023,,1175258841.7825396
NSE,2018-05-02,2018-05-31,78,CIPLA,INE059A01026,,1135857440.2777777
NSE,2018-05-02,2018-05-31,88,ONGC,INE213A01029,,990557512.8674604
NSE,2018-05-02,2018-05-31,94,ASIANPAINT,INE021A01026,,916620234.0436507
NSE,2018-05-02,2018-05-31,95,WIPRO,INE075A01022,,912219177.3912699
NSE,2018-05-02,2018-05-31,101,ULTRACEMCO,INE481G01011,,848521585.5801587
NSE,2018-05-02,2018-05-31,111,NTPC,INE733E01010,,781579957.8539681
NSE,2018-05-02,2018-05-31,134,NESTLEIND,INE239A01016,,599380078.7055557
NSE,2018-06-01,2018-07-01,1,TCS,INE467B01029,,8240095050.494445
NSE,2018-06-01,2018-07-01,2,ICICIBANK,INE090A01021,,6148432445.296825
NSE,2018-06-01,2018-07-01,4,RELIANCE,INE002A01018,,5829255475.384128
NSE,2018-06-01,2018-07-01,5,SBIN,INE062A01020,,5563878954.372221
NSE,2018-06-01,2018-07-01,6,TATASTEEL,INE081A01012,,5154647725.450794
NSE,2018-06-01,2018-07-01,7,INFY,INE009A01021,,5077354543.680952
NSE,2018-06-01,2018-07-01,9,AXISBANK,INE238A01034,,4813761464.788889
NSE,2018-06-01,2018-07-01,11,MARUTI,INE585B01010,,4288867898.415079
NSE,2018-06-01,2018-07-01,12,TATAMOTORS,INE155A01022,,3806450031.8952384
NSE,2018-06-01,2018-07-01,14,HDFCBANK,INE040A01026,,3096720214.1230164
NSE,2018-06-01,2018-07-01,18,LT,INE018A01030,,2709411798.675397
NSE,2018-06-01,2018-07-01,19,BHARTIARTL,INE397D01024,,2707600469.101588
NSE,2018-06-01,2018-07-01,20,ITC,INE154A01025,,2589286373.0071425
NSE,2018-06-01,2018-07-01,22,SUNPHARMA,INE044A01036,,2559465673.5071425
NSE,2018-06-01,2018-07-01,23,KOTAKBANK,INE237A01028,,2525477836.9277773
NSE,2018-06-01,2018-07-01,26,TITAN,INE280A01028,,2399056375.978572
NSE,2018-06-01,2018-07-01,33,BAJFINANCE,INE296A01024,,2194341960.971429
NSE,2018-06-01,2018-07-01,40,HCLTECH,INE860A01027,,1989404841.6793652
NSE,2018-06-01,2018-07-01,42,M&M,INE101A01026,,1959588769.3563495
NSE,2018-06-01,2018-07-01,44,POWERGRID,INE752E01010,,1887466099.6230159
NSE,2018-06-01,2018-07-01,51,HINDUNILVR,INE030A01027,,1583094365.2984128
NSE,2018-06-01,2018-07-01,64,ADANIENT,INE423A01024,,1266881584.090476
NSE,2018-06-01,2018-07-01,70,CIPLA,INE059A01026,,1173000558.7746031
NSE,2018-06-01,2018-07-01,79,ONGC,INE213A01029,,1046440159.9555556
NSE,2018-06-01,2018-07-01,84,ULTRACEMCO,INE481G01011,,1006209835.7555555
NSE,2018-06-01,2018-07-01,85,ASIANPAINT,INE021A01026,,1002362130.3
NSE,2018-06-01,2018-07-01,87,DRREDDY,INE089A01023,,988778741.9404762
NSE,2018-06-01,2018-07-01,104,NTPC,INE733E01010,,814137698.0642856
NSE,2018-06-01,2018-07-01,106,WIPRO,INE075A01022,,807929376.523016
NSE,2018-06-01,2018-07-01,132,NESTLEIND,INE239A01016,,615989093.9055556
NSE,2018-07-02,2018-07-31,1,TCS,INE467B01029,,6991814276.65635
NSE,2018-07-02,2018-07-31,3,RELIANCE,INE002A01018,,6249081111.930952
NSE,2018-07-02,2018-07-31,4,ICICIBANK,INE090A01021,,6127073566.168254
NSE,2018-07-02,2018-07-31,5,SBIN,INE062A01020,,5083135236.829365
NSE,2018-07-02,2018-07-31,6,INFY,INE009A01021,,5069459557.979365
NSE,2018-07-02,2018-07-31,7,HDFCBANK,INE040A01026,,4929355138.643652
NSE,2018-07-02,2018-07-31,9,TATASTEEL,INE081A01012,,4446136758.334126
NSE,2018-07-02,2018-07-31,10,AXISBANK,INE238A01034,,4274803730.8563495
NSE,2018-07-02,2018-07-31,11,TATAMOTORS,INE155A01022,,4161807420.855556
NSE,2018-07-02,2018-07-31,13,MARUTI,INE585B01010,,3811037990.6944447
NSE,2018-07-02,2018-07-31,16,SUNPHARMA,INE044A01036,,3238560814.743651
NSE,2018-07-02,2018-07-31,17,BAJFINANCE,INE296A01024,,2763434160.2166667
NSE,2018-07-02,2018-07-31,20,LT,INE018A01030,,2606745398.088095
NSE,2018-07-02,2018-07-31,21,ITC,INE154A01025,,2577541751.1063495
NSE,2018-07-02,2018-07-31,24,BHARTIARTL,INE397D01024,,2431001733.1603174
NSE,2018-07-02,2018-07-31,25,KOTAKBANK,INE237A01028,,2416878083.7896824
NSE,2018-07-02,2018-07-31,26,TITAN,INE280A01028,,2342155669.3619046
NSE,2018-07-02,2018-07-31,30,M&M,INE101A01026,,2140850060.477778
NSE,2018-07-02,2018-07-31,38,HCLTECH,INE860A01027,,1998267862.8500001
NSE,2018-07-02,2018-07-31,40,POWERGRID,INE752E01010,,1929494662.3222222
NSE,2018-07-02,2018-07-31,46,HINDUNILVR,INE030A01027,,1770329701.9849207
NSE,2018-07-02,2018-07-31,47,DRREDDY,INE089A01023,,1768308773.9238098
NSE,2018-07-02,2018-07-31,53,CIPLA,INE059A01026,,1468730813.3452382
NSE,2018-07-02,2018-07-31,68,ONGC,INE213A01029,,1124551134.943651
NSE,2018-07-02,2018-07-31,73,ULTRACEMCO,INE481G01011,,1108108014.3849206
NSE,2018-07-02,2018-07-31,80,ASIANPAINT,INE021A01026,,1028861787.5730158
NSE,2018-07-02,2018-07-31,89,ADANIENT,INE423A01024,,884417978.6642857
NSE,2018-07-02,2018-07-31,98,NTPC,INE733E01010,,840130106.261111
NSE,2018-07-02,2018-07-31,112,WIPRO,INE075A01022,,727505583.6968254
NSE,2018-07-02,2018-07-31,143,NESTLEIND,INE239A01016,,586228207.3619047
NSE,2018-08-01,2018-09-02,1,RELIANCE,INE002A01018,,7791549193.281746
NSE,2018-08-01,2018-09-02,2,TCS,INE467B01029,,6442367041.020636
NSE,2018-08-01,2018-09-02,3,ICICIBANK,INE090A01021,,6134225154.4690485
NSE,2018-08-01,2018-09-02,4,HDFCBANK,INE040A01026,,5765302635.218255
NSE,2018-08-01,2018-09-02,5,SBIN,INE062A01020,,5342934193.532539
NSE,2018-08-01,2018-09-02,6,INFY,INE009A01021,,5144170828.442857
NSE,2018-08-01,2018-09-02,9,TATASTEEL,INE081A01012,,4548285757.746825
NSE,2018-08-01,2018-09-02,10,MARUTI,INE585B01010,,4036609855.997619
NSE,2018-08-01,2018-09-02,11,TATAMOTORS,INE155A01022,,3847966743.15
NSE,2018-08-01,2018-09-02,12,BAJFINANCE,INE296A01024,,3737919177.1626983
NSE,2018-08-01,2018-09-02,14,SUNPHARMA,INE044A01036,,3409987428.3309526
NSE,2018-08-01,2018-09-02,16,AXISBANK,INE238A01034,,3329662538.9349203
NSE,2018-08-01,2018-09-02,17,ITC,INE154A01025,,3153131671.196032
NSE,2018-08-01,2018-09-02,21,LT,INE018A01030,,2842304911.553968
NSE,2018-08-01,2018-09-02,23,KOTAKBANK,INE237A01028,,2577751358.879365
NSE,2018-08-01,2018-09-02,25,TITAN,INE280A01028,,2380218563.696032
NSE,2018-08-01,2018-09-02,26,HINDUNILVR,INE030A01027,,2349610712.4380956
NSE,2018-08-01,2018-09-02,28,DRREDDY,INE089A01023,,2276693154.3785715
NSE,2018-08-01,2018-09-02,33,M&M,INE101A01026,,2116401467.3992064
NSE,2018-08-01,2018-09-02,38,BHARTIARTL,INE397D01024,,1996603959.4119048
NSE,2018-08-01,2018-09-02,39,POWERGRID,INE752E01010,,1953376661.6809525
NSE,2018-08-01,2018-09-02,41,HCLTECH,INE860A01027,,1929506944.4738097
NSE,2018-08-01,2018-09-02,51,ADANIENT,INE423A01024,,1573277376.7174604
NSE,2018-08-01,2018-09-02,52,CIPLA,INE059A01026,,1554415197.9880953
NSE,2018-08-01,2018-09-02,61,ASIANPAINT,INE021A01026,,1391434425.2880952
NSE,2018-08-01,2018-09-02,66,ULTRACEMCO,INE481G01011,,1266062509.1777778
NSE,2018-08-01,2018-09-02,71,ONGC,INE213A01029,,1208769186.7984128
NSE,2018-08-01,2018-09-02,88,NTPC,INE733E01010,,919275674.3587301
NSE,2018-08-01,2018-09-02,98,WIPRO,INE075A01022,,817896768.1873015
NSE,2018-08-01,2018-09-02,150,NESTLEIND,INE239A01016,,539621585.0261904
NSE,2018-09-03,2018-09-30,1,RELIANCE,INE002A01018,,8867906369.829365
NSE,2018-09-03,2018-09-30,2,ICICIBANK,INE090A01021,,6569060402.442064
NSE,2018-09-03,2018-09-30,3,SBIN,INE062A01020,,6287920118.892064
NSE,2018-09-03,2018-09-30,4,TCS,INE467B01029,,6114564059.489682
NSE,2018-09-03,2018-09-30,5,INFY,INE009A01021,,5578124353.150793
NSE,2018-09-03,2018-09-30,6,HDFCBANK,INE040A01026,,5438171900.581746
NSE,2018-09-03,2018-09-30,8,AXISBANK,INE238A01034,,4703829970.827778
NSE,2018-09-03,2018-09-30,9,TATASTEEL,INE081A01012,,4686598833.801587
NSE,2018-09-03,2018-09-30,11,MARUTI,INE585B01010,,4297611010.274604
NSE,2018-09-03,2018-09-30,12,SUNPHARMA,INE044A01036,,4168983655.009524
NSE,2018-09-03,2018-09-30,13,BAJFINANCE,INE296A01024,,3822162621.451587
NSE,2018-09-03,2018-09-30,14,ITC,INE154A01025,,3657143540.5174603
NSE,2018-09-03,2018-09-30,15,TATAMOTORS,INE155A01022,,3485724879.511111
NSE,2018-09-03,2018-09-30,16,LT,INE018A01030,,3147194414.151587
NSE,2018-09-03,2018-09-30,22,KOTAKBANK,INE237A01028,,2579403670.012698
NSE,2018-09-03,2018-09-30,24,ADANIENT,INE423A01024,,2558111745.987302
NSE,2018-09-03,2018-09-30,25,DRREDDY,INE089A01023,,2541934365.634127
NSE,2018-09-03,2018-09-30,26,TITAN,INE280A01028,,2460496473.4611115
NSE,2018-09-03,2018-09-30,29,HINDUNILVR,INE030A01027,,2258995482.054762
NSE,2018-09-03,2018-09-30,32,HCLTECH,INE860A01027,,2102706009.1261907
NSE,2018-09-03,2018-09-30,35,M&M,INE101A01026,,2025575188.4849207
NSE,2018-09-03,2018-09-30,42,CIPLA,INE059A01026,,1796348356.4341269
NSE,2018-09-03,2018-09-30,49,BHARTIARTL,INE397D01024,,1640049831.1000001
NSE,2018-09-03,2018-09-30,56,ASIANPAINT,INE021A01026,,1410787218.5579367
NSE,2018-09-03,2018-09-30,64,ULTRACEMCO,INE481G01011,,1222383523.8079364
NSE,2018-09-03,2018-09-30,77,ONGC,INE213A01029,,1048253722.9603175
NSE,2018-09-03,2018-09-30,84,POWERGRID,INE752E01010,,989059697.9880953
NSE,2018-09-03,2018-09-30,85,WIPRO,INE075A01022,,978327891.6571428
NSE,2018-09-03,2018-09-30,111,NTPC,INE733E01010,,790216814.0706348
NSE,2018-09-03,2018-09-30,146,NESTLEIND,INE239A01016,,585598887.645238
NSE,2018-10-01,2018-10-31,1,RELIANCE,INE002A01018,,10117036459.046032
NSE,2018-10-01,2018-10-31,3,SBIN,INE062A01020,,7019169272.546031
NSE,2018-10-01,2018-10-31,4,ICICIBANK,INE090A01021,,6574527092.738889
NSE,2018-10-01,2018-10-31,5,AXISBANK,INE238A01034,,6412769377.247619
NSE,2018-10-01,2018-10-31,6,INFY,INE009A01021,,6000824460.351586
NSE,2018-10-01,2018-10-31,7,TCS,INE467B01029,,5753980115.938095
NSE,2018-10-01,2018-10-31,8,MARUTI,INE585B01010,,5493465802.292063
NSE,2018-10-01,2018-10-31,9,HDFCBANK,INE040A01026,,5477823449.773016
NSE,2018-10-01,2018-10-31,12,TATASTEEL,INE081A01012,,5091288081.542063
NSE,2018-10-01,2018-10-31,13,BAJFINANCE,INE296A01024,,4877807286.751587
NSE,2018-10-01,2018-10-31,14,SUNPHARMA,INE044A01036,,4157115848.5904765
NSE,2018-10-01,2018-10-31,15,ITC,INE154A01025,,4070930388.2134924
NSE,2018-10-01,2018-10-31,16,TATAMOTORS,INE155A01022,,3353040503.9833336
NSE,2018-10-01,2018-10-31,18,ADANIENT,INE423A01024,,3191079860.4166665
NSE,2018-10-01,2018-10-31,19,LT,INE018A01030,,3182221537.8325396
NSE,2018-10-01,2018-10-31,23,KOTAKBANK,INE237A01028,,3011599566.5928574
NSE,2018-10-01,2018-10-31,26,TITAN,INE280A01028,,2716716680.454762
NSE,2018-10-01,2018-10-31,29,HINDUNILVR,INE030A01027,,2583363356.7690477
NSE,2018-10-01,2018-10-31,35,HCLTECH,INE860A01027,,2389658518.5619044
NSE,2018-10-01,2018-10-31,36,DRREDDY,INE089A01023,,2315893192.1484127
NSE,2018-10-01,2018-10-31,38,M&M,INE101A01026,,2173023082.072222
NSE,2018-10-01,2018-10-31,47,BHARTIARTL,INE397D01024,,1685487010.6547618
NSE,2018-10-01,2018-10-31,49,CIPLA,INE059A01026,,1642164101.2126982
NSE,2018-10-01,2018-10-31,50,ASIANPAINT,INE021A01026,,1641109669.857143
NSE,2018-10-01,2018-10-31,62,WIPRO,INE075A01022,,1404692847.142857
NSE,2018-10-01,2018-10-31,67,ULTRACEMCO,INE481G01011,,1292411874.653968
NSE,2018-10-01,2018-10-31,81,ONGC,INE213A01029,,1099797510.5849206
NSE,2018-10-01,2018-10-31,101,POWERGRID,INE752E01010,,942190375.7015873
NSE,2018-10-01,2018-10-31,120,NTPC,INE733E01010,,789275410.423016
NSE,2018-10-01,2018-10-31,135,NESTLEIND,INE239A01016,,652174904.3960319
NSE,2018-11-01,2018-12-02,1,RELIANCE,INE002A01018,,11929246356.810316
NSE,2018-11-01,2018-12-02,3,SBIN,INE062A01020,,8048140907.538095
NSE,2018-11-01,2018-12-02,4,ICICIBANK,INE090A01021,,7793930663.385715
NSE,2018-11-01,2018-12-02,5,AXISBANK,INE238A01034,,7728023621.413492
NSE,2018-11-01,2018-12-02,7,BAJFINANCE,INE296A01024,,6702231419.83492
NSE,2018-11-01,2018-12-02,8,HDFCBANK,INE040A01026,,6337979947.763493
NSE,2018-11-01,2018-12-02,9,MARUTI,INE585B01010,,6253569753.125398
NSE,2018-11-01,2018-12-02,11,INFY,INE009A01021,,5705181491.386508
NSE,2018-11-01,2018-12-02,13,TCS,INE467B01029,,5180936921.276984
NSE,2018-11-01,2018-12-02,14,TATASTEEL,INE081A01012,,4684863666.677778
NSE,2018-11-01,2018-12-02,15,SUNPHARMA,INE044A01036,,4309389079.723016
NSE,2018-11-01,2018-12-02,17,TATAMOTORS,INE155A01022,,3752265591.0888886
NSE,2018-11-01,2018-12-02,18,ITC,INE154A01025,,3738428607.2468257
NSE,2018-11-01,2018-12-02,20,LT,INE018A01030,,3507417821.9825397
NSE,2018-11-01,2018-12-02,21,KOTAKBANK,INE237A01028,,3359663761.25873
NSE,2018-11-01,2018-12-02,25,TITAN,INE280A01028,,2775702457.692064
NSE,2018-11-01,2018-12-02,29,M&M,INE101A01026,,2577737892.3166666
NSE,2018-11-01,2018-12-02,30,ADANIENT,INE423A01024,,2558384140.7150793
NSE,2018-11-01,2018-12-02,33,HINDUNILVR,INE030A01027,,2448165153.547619
NSE,2018-11-01,2018-12-02,34,DRREDDY,INE089A01023,,2312089680.5079365
NSE,2018-11-01,2018-12-02,35,HCLTECH,INE860A01027,,2305744196.635714
NSE,2018-11-01,2018-12-02,45,BHARTIARTL,INE397D01024,,1877028278.8833332
NSE,2018-11-01,2018-12-02,49,ASIANPAINT,INE021A01026,,1672702490.3222222
NSE,2018-11-01,2018-12-02,54,CIPLA,INE059A01026,,1584397264.6174605
NSE,2018-11-01,2018-12-02,63,WIPRO,INE075A01022,,1444466719.618254
NSE,2018-11-01,2018-12-02,68,ULTRACEMCO,INE481G01011,,1299652864.4761906
NSE,2018-11-01,2018-12-02,69,ONGC,INE213A01029,,1295034545.761111
NSE,2018-11-01,2018-12-02,100,NTPC,INE733E01010,,959940183.6206349
NSE,2018-11-01,2018-12-02,109,POWERGRID,INE752E01010,,852603837.9277779
NSE,2018-11-01,2018-12-02,119,NESTLEIND,INE239A01016,,812525186.6182541
NSE,2018-12-03,2018-12-31,2,RELIANCE,INE002A01018,,12226080706.456348
NSE,2018-12-03,2018-12-31,3,ICICIBANK,INE090A01021,,7674729461.865872
NSE,2018-12-03,2018-12-31,5,AXISBANK,INE238A01034,,7355308971.132541
NSE,2018-12-03,2018-12-31,6,SBIN,INE062A01020,,7116053719.010318
NSE,2018-12-03,2018-12-31,7,HDFCBANK,INE040A01026,,7081297388.135715
NSE,2018-12-03,2018-12-31,8,BAJFINANCE,INE296A01024,,6994626368.830158
NSE,2018-12-03,2018-12-31,10,MARUTI,INE585B01010,,6770651374.743651
NSE,2018-12-03,2018-12-31,12,INFY,INE009A01021,,6012479535.400794
NSE,2018-12-03,2018-12-31,13,TCS,INE467B01029,,5543186132.457143
NSE,2018-12-03,2018-12-31,14,TATASTEEL,INE081A01012,,4813279389.464286
NSE,2018-12-03,2018-12-31,15,SUNPHARMA,INE044A01036,,4585506586.444445
NSE,2018-12-03,2018-12-31,18,TATAMOTORS,INE155A01022,,3484353438.838889
NSE,2018-12-03,2018-12-31,19,ITC,INE154A01025,,3405487437.174603
NSE,2018-12-03,2018-12-31,20,KOTAKBANK,INE237A01028,,3367871723.9365077
NSE,2018-12-03,2018-12-31,21,LT,INE018A01030,,3208390416.3341274
NSE,2018-12-03,2018-12-31,25,TITAN,INE280A01028,,2869748448.50873
NSE,2018-12-03,2018-12-31,27,M&M,INE101A01026,,2670775430.6134925
NSE,2018-12-03,2018-12-31,28,HINDUNILVR,INE030A01027,,2603823918.315079
NSE,2018-12-03,2018-12-31,29,DRREDDY,INE089A01023,,2559928696.3944445
NSE,2018-12-03,2018-12-31,37,HCLTECH,INE860A01027,,2323692026.6373014
NSE,2018-12-03,2018-12-31,40,BHARTIARTL,INE397D01024,,2079669087.906349
NSE,2018-12-03,2018-12-31,44,ADANIENT,INE423A01024,,2005594552.745238
NSE,2018-12-03,2018-12-31,47,ASIANPAINT,INE021A01026,,1781634148.607143
NSE,2018-12-03,2018-12-31,52,CIPLA,INE059A01026,,1697781233.3206348
NSE,2018-12-03,2018-12-31,57,WIPRO,INE075A01022,,1572201441.9071429
NSE,2018-12-03,2018-12-31,65,ONGC,INE213A01029,,1417580676.7007935
NSE,2018-12-03,2018-12-31,69,ULTRACEMCO,INE481G01011,,1342135130.3642857
NSE,2018-12-03,2018-12-31,78,NTPC,INE733E01010,,1155721498.7634919
NSE,2018-12-03,2018-12-31,105,POWERGRID,INE752E01010,,873282273.6571429
NSE,2018-12-03,2018-12-31,111,NESTLEIND,INE239A01016,,821540783.1833334
NSE,2019-01-01,2019-01-31,2,RELIANCE,INE002A01018,,10886387734.61746
NSE,2019-01-01,2019-01-31,4,ICICIBANK,INE090A01021,,7552208349.785714
NSE,2019-01-01,2019-01-31,5,HDFCBANK,INE040A01026,,6658593835.428572
NSE,2019-01-01,2019-01-31,6,AXISBANK,INE238A01034,,6577158155.157936
NSE,2019-01-01,2019-01-31,7,MARUTI,INE585B01010,,6486362875.963492
NSE,2019-01-01,2019-01-31,8,SBIN,INE062A01020,,6266273176.053174
NSE,2019-01-01,2019-01-31,9,BAJFINANCE,INE296A01024,,6256707621.244445
NSE,2019-01-01,2019-01-31,11,INFY,INE009A01021,,5716004766.065872
NSE,2019-01-01,2019-01-31,12,TCS,INE467B01029,,5509480297.173017
NSE,2019-01-01,2019-01-31,14,SUNPHARMA,INE044A01036,,5180573097.088095
NSE,2019-01-01,2019-01-31,15,KOTAKBANK,INE237A01028,,4705791701.643651
NSE,2019-01-01,2019-01-31,16,TATASTEEL,INE081A01012,,4117387331.584127
NSE,2019-01-01,2019-01-31,19,TATAMOTORS,INE155A01022,,3193455067.0119047
NSE,2019-01-01,2019-01-31,20,LT,INE018A01030,,3178299151.319048
NSE,2019-01-01,2019-01-31,22,ITC,INE154A01025,,2958280121.812699
NSE,2019-01-01,2019-01-31,23,TITAN,INE280A01028,,2822680234.0611105
NSE,2019-01-01,2019-01-31,24,M&M,INE101A01026,,2688553297.225397
NSE,2019-01-01,2019-01-31,25,HINDUNILVR,INE030A01027,,2596108364.672222
NSE,2019-01-01,2019-01-31,30,DRREDDY,INE089A01023,,2337374526.6571426
NSE,2019-01-01,2019-01-31,34,BHARTIARTL,INE397D01024,,2236443541.653968
NSE,2019-01-01,2019-01-31,35,HCLTECH,INE860A01027,,2192565390.856349
NSE,2019-01-01,2019-01-31,41,ASIANPAINT,INE021A01026,,1909732727.4428573
NSE,2019-01-01,2019-01-31,51,ONGC,INE213A01029,,1689770234.8095238
NSE,2019-01-01,2019-01-31,56,CIPLA,INE059A01026,,1471229177.0650792
NSE,2019-01-01,2019-01-31,61,NTPC,INE733E01010,,1385961447.7603173
NSE,2019-01-01,2019-01-31,67,WIPRO,INE075A01022,,1308086520.695238
NSE,2019-01-01,2019-01-31,69,ULTRACEMCO,INE481G01011,,1280294639.1285715
NSE,2019-01-01,2019-01-31,89,ADANIENT,INE423A01024,,998943947.3023809
NSE,2019-01-01,2019-01-31,104,POWERGRID,INE752E01010,,866880508.5944445
NSE,2019-01-01,2019-01-31,113,NESTLEIND,INE239A01016,,785343227.2888888
NSE,2019-02-01,2019-02-28,2,RELIANCE,INE002A01018,,9744701298.97857
NSE,2019-02-01,2019-02-28,3,AXISBANK,INE238A01034,,7025429063.476191
NSE,2019-02-01,2019-02-28,4,ICICIBANK,INE090A01021,,7024875399.256349
NSE,2019-02-01,2019-02-28,5,SUNPHARMA,INE044A01036,,6419294829.2722225
NSE,2019-02-01,2019-02-28,6,MARUTI,INE585B01010,,6080818205.480952
NSE,2019-02-01,2019-02-28,7,INFY,INE009A01021,,5847164550.911905
NSE,2019-02-01,2019-02-28,9,HDFCBANK,INE040A01026,,5730598339.47381
NSE,2019-02-01,2019-02-28,10,SBIN,INE062A01020,,5489591526.903969
NSE,2019-02-01,2019-02-28,11,TCS,INE467B01029,,5323743825.957143
NSE,2019-02-01,2019-02-28,14,KOTAKBANK,INE237A01028,,4369510385.638889
NSE,2019-02-01,2019-02-28,15,BAJFINANCE,INE296A01024,,4085437683.578572
NSE,2019-02-01,2019-02-28,16,TATASTEEL,INE081A01012,,3942645312.661111
NSE,2019-02-01,2019-02-28,19,LT,INE018A01030,,3201789161.65873
NSE,2019-02-01,2019-02-28,21,ITC,INE154A01025,,2918723883.8119044
NSE,2019-02-01,2019-02-28,22,HINDUNILVR,INE030A01027,,2715082545.643651
NSE,2019-02-01,2019-02-28,23,TATAMOTORS,INE155A01022,,2688750206.185714
NSE,2019-02-01,2019-02-28,24,M&M,INE101A01026,,2682261095.45873
NSE,2019-02-01,2019-02-28,27,TITAN,INE280A01028,,2434713639.165873
NSE,2019-02-01,2019-02-28,30,BHARTIARTL,INE397D01024,,2186156645.619841
NSE,2019-02-01,2019-02-28,31,DRREDDY,INE089A01023,,2143606273.229365
NSE,2019-02-01,2019-02-28,32,HCLTECH,INE860A01027,,2100227095.4015872
NSE,2019-02-01,2019-02-28,35,ASIANPAINT,INE021A01026,,1994778328.702381
NSE,2019-02-01,2019-02-28,49,ONGC,INE213A01029,,1534411693.8087304
NSE,2019-02-01,2019-02-28,51,WIPRO,INE075A01022,,1517364272.6095238
NSE,2019-02-01,2019-02-28,60,NTPC,INE733E01010,,1325237932.5539682
NSE,2019-02-01,2019-02-28,61,CIPLA,INE059A01026,,1317691296.6992064
NSE,2019-02-01,2019-02-28,63,ULTRACEMCO,INE481G01011,,1311416077.5452383
NSE,2019-02-01,2019-02-28,88,POWERGRID,INE752E01010,,886484420.6873016
NSE,2019-02-01,2019-02-28,104,NESTLEIND,INE239A01016,,802253887.6365079
NSE,2019-02-01,2019-02-28,120,ADANIENT,INE423A01024,,694399652.2873015
NSE,2019-03-01,2019-03-31,2,RELIANCE,INE002A01018,,10208512738.734127
NSE,2019-03-01,2019-03-31,3,AXISBANK,INE238A01034,,7044521417.037301
NSE,2019-03-01,2019-03-31,4,KOTAKBANK,INE237A01028,,6099503459.071428
NSE,2019-03-01,2019-03-31,5,ICICIBANK,INE090A01021,,6071517091.531746
NSE,2019-03-01,2019-03-31,7,SUNPHARMA,INE044A01036,,5787652406.67381
NSE,2019-03-01,2019-03-31,8,TCS,INE467B01029,,5715075025.009523
NSE,2019-03-01,2019-03-31,9,MARUTI,INE585B01010,,5564014661.166667
NSE,2019-03-01,2019-03-31,10,INFY,INE009A01021,,5396714391.280952
NSE,2019-03-01,2019-03-31,12,SBIN,INE062A01020,,4903791189.303967
NSE,2019-03-01,2019-03-31,13,HDFCBANK,INE040A01026,,4855088086.047619
NSE,2019-03-01,2019-03-31,15,TATASTEEL,INE081A01012,,3922913104.6714287
NSE,2019-03-01,2019-03-31,16,BAJFINANCE,INE296A01024,,3782056547.62619
NSE,2019-03-01,2019-03-31,17,LT,INE018A01030,,3495661449.274603
NSE,2019-03-01,2019-03-31,18,ITC,INE154A01025,,3466330264.1412697
NSE,2019-03-01,2019-03-31,23,TATAMOTORS,INE155A01022,,2760568107.230159
NSE,2019-03-01,2019-03-31,24,M&M,INE101A01026,,2727007699.119841
NSE,2019-03-01,2019-03-31,25,HINDUNILVR,INE030A01027,,2699078161.2333336
NSE,2019-03-01,2019-03-31,26,DRREDDY,INE089A01023,,2626019650.9912696
NSE,2019-03-01,2019-03-31,29,TITAN,INE280A01028,,2422979230.115873
NSE,2019-03-01,2019-03-31,34,BHARTIARTL,INE397D01024,,2049973988.9571428
NSE,2019-03-01,2019-03-31,36,HCLTECH,INE860A01027,,1982353631.0507936
NSE,2019-03-01,2019-03-31,40,ASIANPAINT,INE021A01026,,1843874665.9055555
NSE,2019-03-01,2019-03-31,42,ONGC,INE213A01029,,1728733797.9944446
NSE,2019-03-01,2019-03-31,47,WIPRO,INE075A01022,,1623130712.947619
NSE,2019-03-01,2019-03-31,52,NTPC,INE733E01010,,1510790877.2285717
NSE,2019-03-01,2019-03-31,59,ULTRACEMCO,INE481G01011,,1314025573.090476
NSE,2019-03-01,2019-03-31,70,POWERGRID,INE752E01010,,1121964998.192857
NSE,2019-03-01,2019-03-31,75,CIPLA,INE059A01026,,1080627540.5198412
NSE,2019-03-01,2019-03-31,92,NESTLEIND,INE239A01016,,886379645.4531747
NSE,2019-03-01,2019-03-31,110,ADANIENT,INE423A01024,,690574531.1904762
NSE,2019-04-01,2019-05-01,1,RELIANCE,INE002A01018,,11599381397.052382
NSE,2019-04-01,2019-05-01,3,AXISBANK,INE238A01034,,7540348055.449206
NSE,2019-04-01,2019-05-01,4,ICICIBANK,INE090A01021,,6618259979.734127
NSE,2019-04-01,2019-05-01,5,HDFCBANK,INE040A01026,,5945418555.130954
NSE,2019-04-01,2019-05-01,6,TCS,INE467B01029,,5867521904.547619
NSE,2019-04-01,2019-05-01,7,SBIN,INE062A01020,,5794431324.796031
NSE,2019-04-01,2019-05-01,8,INFY,INE009A01021,,5737513063.201588
NSE,2019-04-01,2019-05-01,10,MARUTI,INE585B01010,,5700470080.738095
NSE,2019-04-01,2019-05-01,12,KOTAKBANK,INE237A01028,,5161710343.933333
NSE,2019-04-01,2019-05-01,14,SUNPHARMA,INE044A01036,,4377709808.188095
NSE,2019-04-01,2019-05-01,15,LT,INE018A01030,,4204925535.5023813
NSE,2019-04-01,2019-05-01,16,TATASTEEL,INE081A01012,,3991824043.8182545
NSE,2019-04-01,2019-05-01,17,ITC,INE154A01025,,3806822562.3103175
NSE,2019-04-01,2019-05-01,19,BAJFINANCE,INE296A01024,,3736295143.8055553
NSE,2019-04-01,2019-05-01,22,TATAMOTORS,INE155A01022,,3097029226.474603
NSE,2019-04-01,2019-05-01,25,M&M,INE101A01026,,2752714579.7849207
NSE,2019-04-01,2019-05-01,26,HINDUNILVR,INE030A01027,,2681600283.9357142
NSE,2019-04-01,2019-05-01,27,DRREDDY,INE089A01023,,2558437775.565873
NSE,2019-04-01,2019-05-01,30,TITAN,INE280A01028,,2329349468.0555553
NSE,2019-04-01,2019-05-01,34,BHARTIARTL,INE397D01024,,2219641873.861111
NSE,2019-04-01,2019-05-01,37,NTPC,INE733E01010,,2045374972.1674604
NSE,2019-04-01,2019-05-01,39,ONGC,INE213A01029,,1942268315.1801589
NSE,2019-04-01,2019-05-01,42,HCLTECH,INE860A01027,,1898809292.004762
NSE,2019-04-01,2019-05-01,43,WIPRO,INE075A01022,,1897025852.454762
NSE,2019-04-01,2019-05-01,49,ASIANPAINT,INE021A01026,,1697215404.2007937
NSE,2019-04-01,2019-05-01,62,ULTRACEMCO,INE481G01011,,1429942161.5880952
NSE,2019-04-01,2019-05-01,69,POWERGRID,INE752E01010,,1215067808.0753968
NSE,2019-04-01,2019-05-01,77,CIPLA,INE059A01026,,1089128768.7809522
NSE,2019-04-01,2019-05-01,85,NESTLEIND,INE239A01016,,1000355730.545238
NSE,2019-04-01,2019-05-01,119,ADANIENT,INE423A01024,,691595338.3515873
NSE,2019-05-02,2019-06-02,1,RELIANCE,INE002A01018,,11895646863.134129
NSE,2019-05-02,2019-06-02,4,HDFCBANK,INE040A01026,,7496857024.547619
NSE,2019-05-02,2019-06-02,5,AXISBANK,INE238A01034,,7343055473.583333
NSE,2019-05-02,2019-06-02,6,ICICIBANK,INE090A01021,,6521172266.473016
NSE,2019-05-02,2019-06-02,7,MARUTI,INE585B01010,,6398702624.202381
NSE,2019-05-02,2019-06-02,8,TCS,INE467B01029,,6398064180.169842
NSE,2019-05-02,2019-06-02,9,SBIN,INE062A01020,,6371884048.842856
NSE,2019-05-02,2019-06-02,11,INFY,INE009A01021,,5760650187.273809
NSE,2019-05-02,2019-06-02,12,KOTAKBANK,INE237A01028,,5182637224.184127
NSE,2019-05-02,2019-06-02,13,TATAMOTORS,INE155A01022,,5009935003.577778
NSE,2019-05-02,2019-06-02,14,TATASTEEL,INE081A01012,,4471504438.634128
NSE,2019-05-02,2019-06-02,16,LT,INE018A01030,,4157964338.197619
NSE,2019-05-02,2019-06-02,17,BAJFINANCE,INE296A01024,,3836534178.9365077
NSE,2019-05-02,2019-06-02,20,ITC,INE154A01025,,3691670758.2166667
NSE,2019-05-02,2019-06-02,24,SUNPHARMA,INE044A01036,,2831897977.051587
NSE,2019-05-02,2019-06-02,27,DRREDDY,INE089A01023,,2643208153.83254
NSE,2019-05-02,2019-06-02,29,BHARTIARTL,INE397D01024,,2571761127.015873
NSE,2019-05-02,2019-06-02,30,HINDUNILVR,INE030A01027,,2530092589.574603
NSE,2019-05-02,2019-06-02,31,M&M,INE101A01026,,2525062647.0880957
NSE,2019-05-02,2019-06-02,32,ONGC,INE213A01029,,2470829614.180952
NSE,2019-05-02,2019-06-02,37,TITAN,INE280A01028,,2348271320.202381
NSE,2019-05-02,2019-06-02,42,HCLTECH,INE860A01027,,2186724173.347619
NSE,2019-05-02,2019-06-02,43,NTPC,INE733E01010,,2165174796.925397
NSE,2019-05-02,2019-06-02,46,WIPRO,INE075A01022,,2087014520.8150795
NSE,2019-05-02,2019-06-02,49,ULTRACEMCO,INE481G01011,,1964956275.6857145
NSE,2019-05-02,2019-06-02,57,ASIANPAINT,INE021A01026,,1628344107.315873
NSE,2019-05-02,2019-06-02,67,POWERGRID,INE752E01010,,1403531321.1309524
NSE,2019-05-02,2019-06-02,69,CIPLA,INE059A01026,,1365195763.0
NSE,2019-05-02,2019-06-02,92,NESTLEIND,INE239A01016,,921064893.4825397
NSE,2019-05-02,2019-06-02,113,ADANIENT,INE423A01024,,749626137.3095238
NSE,2019-06-03,2019-06-30,1,RELIANCE,INE002A01018,,13293373750.613493
NSE,2019-06-03,2019-06-30,3,HDFCBANK,INE040A01026,,8225288358.902382
NSE,2019-06-03,2019-06-30,4,SBIN,INE062A01020,,7949114920.107936
NSE,2019-06-03,2019-06-30,6,ICICIBANK,INE090A01021,,7360195755.2277775
NSE,2019-06-03,2019-06-30,8,TCS,INE467B01029,,6538161575.450001
NSE,2019-06-03,2019-06-30,9,AXISBANK,INE238A01034,,6507455616.126985
NSE,2019-06-03,2019-06-30,10,MARUTI,INE585B01010,,6410337914.097619
NSE,2019-06-03,2019-06-30,11,INFY,INE009A01021,,6381216469.970635
NSE,2019-06-03,2019-06-30,12,TATAMOTORS,INE155A01022,,5610416428.945238
NSE,2019-06-03,2019-06-30,14,TATASTEEL,INE081A01012,,4735787532.830953
NSE,2019-06-03,2019-06-30,15,LT,INE018A01030,,4521213351.563492
NSE,2019-06-03,2019-06-30,16,BAJFINANCE,INE296A01024,,4411968091.323015
NSE,2019-06-03,2019-06-30,18,KOTAKBANK,INE237A01028,,4119489440.781746
NSE,2019-06-03,2019-06-30,19,ITC,INE154A01025,,3730920164.723016
NSE,2019-06-03,2019-06-30,25,BHARTIARTL,INE397D01024,,2948016238.7007937
NSE,2019-06-03,2019-06-30,27,SUNPHARMA,INE044A01036,,2902408514.830159
NSE,2019-06-03,2019-06-30,31,HINDUNILVR,INE030A01027,,2552232740.7515874
NSE,2019-06-03,2019-06-30,33,ONGC,INE213A01029,,2481231356.483333
NSE,2019-06-03,2019-06-30,35,TITAN,INE280A01028,,2473087208.557936
NSE,2019-06-03,2019-06-30,37,ULTRACEMCO,INE481G01011,,2427879127.334921
NSE,2019-06-03,2019-06-30,39,HCLTECH,INE860A01027,,2344538801.015873
NSE,2019-06-03,2019-06-30,41,WIPRO,INE075A01022,,2304333479.7253966
NSE,2019-06-03,2019-06-30,42,M&M,INE101A01026,,2236369736.589683
NSE,2019-06-03,2019-06-30,45,NTPC,INE733E01010,,2085242715.423016
NSE,2019-06-03,2019-06-30,49,DRREDDY,INE089A01023,,1977213907.5031745
NSE,2019-06-03,2019-06-30,51,ASIANPAINT,INE021A01026,,1851891846.9515872
NSE,2019-06-03,2019-06-30,71,CIPLA,INE059A01026,,1370312645.8920634
NSE,2019-06-03,2019-06-30,75,POWERGRID,INE752E01010,,1317711373.4714286
NSE,2019-06-03,2019-06-30,85,ADANIENT,INE423A01024,,1080866958.8174603
NSE,2019-06-03,2019-06-30,106,NESTLEIND,INE239A01016,,849383474.9579365
NSE,2019-07-01,2019-07-31,1,RELIANCE,INE002A01018,,12022303108.90635
NSE,2019-07-01,2019-07-31,4,SBIN,INE062A01020,,8042809258.907937
NSE,2019-07-01,2019-07-31,5,HDFCBANK,INE040A01026,,7746974407.750001
NSE,2019-07-01,2019-07-31,6,ICICIBANK,INE090A01021,,6977556270.304761
NSE,2019-07-01,2019-07-31,8,AXISBANK,INE238A01034,,6305786221.509523
NSE,2019-07-01,2019-07-31,9,TCS,INE467B01029,,6243371241.9317465
NSE,2019-07-01,2019-07-31,11,MARUTI,INE585B01010,,5997259420.673017
NSE,2019-07-01,2019-07-31,12,INFY,INE009A01021,,5953800297.074603
NSE,2019-07-01,2019-07-31,13,TATAMOTORS,INE155A01022,,5445642537.753175
NSE,2019-07-01,2019-07-31,14,TATASTEEL,INE081A01012,,5145587978.307142
NSE,2019-07-01,2019-07-31,15,BAJFINANCE,INE296A01024,,4349684026.034921
NSE,2019-07-01,2019-07-31,17,LT,INE018A01030,,4091540062.360317
NSE,2019-07-01,2019-07-31,18,KOTAKBANK,INE237A01028,,3670756621.0238094
NSE,2019-07-01,2019-07-31,21,ITC,INE154A01025,,3360757022.754762
NSE,2019-07-01,2019-07-31,27,SUNPHARMA,INE044A01036,,2667657113.048413
NSE,2019-07-01,2019-07-31,28,BHARTIARTL,INE397D01024,,2662323039.031746
NSE,2019-07-01,2019-07-31,31,ULTRACEMCO,INE481G01011,,2506416673.573016
NSE,2019-07-01,2019-07-31,32,TITAN,INE280A01028,,2371150308.8912697
NSE,2019-07-01,2019-07-31,34,HCLTECH,INE860A01027,,2262078352.180952
NSE,2019-07-01,2019-07-31,36,HINDUNILVR,INE030A01027,,2179095124.7547617
NSE,2019-07-01,2019-07-31,39,WIPRO,INE075A01022,,2133967398.9714286
NSE,2019-07-01,2019-07-31,40,ONGC,INE213A01029,,2130929876.0015874
NSE,2019-07-01,2019-07-31,45,M&M,INE101A01026,,1961943383.338889
NSE,2019-07-01,2019-07-31,48,DRREDDY,INE089A01023,,1893658249.1063492
NSE,2019-07-01,2019-07-31,50,ASIANPAINT,INE021A01026,,1843501589.8555555
NSE,2019-07-01,2019-07-31,56,NTPC,INE733E01010,,1637381161.2626984
NSE,2019-07-01,2019-07-31,68,POWERGRID,INE752E01010,,1328707285.3444445
NSE,2019-07-01,2019-07-31,71,CIPLA,INE059A01026,,1315099048.0095239
NSE,2019-07-01,2019-07-31,81,ADANIENT,INE423A01024,,1096937264.653968
NSE,2019-07-01,2019-07-31,111,NESTLEIND,INE239A01016,,750639526.2738096
NSE,2019-08-01,2019-09-02,2,RELIANCE,INE002A01018,,10884663634.838888
NSE,2019-08-01,2019-09-02,4,SBIN,INE062A01020,,8183307804.933334
NSE,2019-08-01,2019-09-02,6,ICICIBANK,INE090A01021,,7256383775.396032
NSE,2019-08-01,2019-09-02,7,HDFCBANK,INE040A01026,,7105863014.164287
NSE,2019-08-01,2019-09-02,8,AXISBANK,INE238A01034,,6841652653.152382
NSE,2019-08-01,2019-09-02,10,BAJFINANCE,INE296A01024,,6591189226.662699
NSE,2019-08-01,2019-09-02,11,INFY,INE009A01021,,5851226403.038889
NSE,2019-08-01,2019-09-02,12,TCS,INE467B01029,,5599452548.575397
NSE,2019-08-01,2019-09-02,13,MARUTI,INE585B01010,,5426473038.889683
NSE,2019-08-01,2019-09-02,15,TATASTEEL,INE081A01012,,4614829944.282539
NSE,2019-08-01,2019-09-02,16,LT,INE018A01030,,4559622550.900794
NSE,2019-08-01,2019-09-02,17,TATAMOTORS,INE155A01022,,3900287635.825397
NSE,2019-08-01,2019-09-02,19,KOTAKBANK,INE237A01028,,3791562392.677778
NSE,2019-08-01,2019-09-02,20,ITC,INE154A01025,,3397644905.498413
NSE,2019-08-01,2019-09-02,21,SUNPHARMA,INE044A01036,,3140776647.012698
NSE,2019-08-01,2019-09-02,22,TITAN,INE280A01028,,3102831772.598413
NSE,2019-08-01,2019-09-02,32,BHARTIARTL,INE397D01024,,2203963218.426984
NSE,2019-08-01,2019-09-02,35,ULTRACEMCO,INE481G01011,,2081760698.338889
NSE,2019-08-01,2019-09-02,36,ASIANPAINT,INE021A01026,,2051287123.2119045
NSE,2019-08-01,2019-09-02,39,HINDUNILVR,INE030A01027,,2022105587.3825397
NSE,2019-08-01,2019-09-02,44,DRREDDY,INE089A01023,,1877952465.5968256
NSE,2019-08-01,2019-09-02,45,M&M,INE101A01026,,1848340491.6587303
NSE,2019-08-01,2019-09-02,46,HCLTECH,INE860A01027,,1804729796.5515876
NSE,2019-08-01,2019-09-02,51,WIPRO,INE075A01022,,1718801215.511111
NSE,2019-08-01,2019-09-02,52,ONGC,INE213A01029,,1718068373.1611114
NSE,2019-08-01,2019-09-02,54,NTPC,INE733E01010,,1668005951.9111114
NSE,2019-08-01,2019-09-02,62,POWERGRID,INE752E01010,,1403339343.3642857
NSE,2019-08-01,2019-09-02,77,ADANIENT,INE423A01024,,1144007471.0722222
NSE,2019-08-01,2019-09-02,93,CIPLA,INE059A01026,,964386349.718254
NSE,2019-08-01,2019-09-02,116,NESTLEIND,INE239A01016,,671626952.1801587
NSE,2019-09-03,2019-09-30,3,RELIANCE,INE002A01018,,10725147114.896826
NSE,2019-09-03,2019-09-30,4,HDFCBANK,INE040A01026,,7872602667.140477
NSE,2019-09-03,2019-09-30,5,SBIN,INE062A01020,,7799131253.437302
NSE,2019-09-03,2019-09-30,7,AXISBANK,INE238A01034,,7017311492.085714
NSE,2019-09-03,2019-09-30,9,ICICIBANK,INE090A01021,,6938044663.867459
NSE,2019-09-03,2019-09-30,10,BAJFINANCE,INE296A01024,,6715674622.486508
NSE,2019-09-03,2019-09-30,11,MARUTI,INE585B01010,,6060525917.451587
NSE,2019-09-03,2019-09-30,12,INFY,INE009A01021,,5578776196.344444
NSE,2019-09-03,2019-09-30,13,TCS,INE467B01029,,5351556228.403174
NSE,2019-09-03,2019-09-30,14,TATASTEEL,INE081A01012,,4422157964.854761
NSE,2019-09-03,2019-09-30,15,LT,INE018A01030,,4185020842.9603176
NSE,2019-09-03,2019-09-30,16,TATAMOTORS,INE155A01022,,4053538919.5492063
NSE,2019-09-03,2019-09-30,17,KOTAKBANK,INE237A01028,,3690057398.45873
NSE,2019-09-03,2019-09-30,21,ITC,INE154A01025,,3030310079.0793653
NSE,2019-09-03,2019-09-30,22,TITAN,INE280A01028,,2990357461.1293654
NSE,2019-09-03,2019-09-30,23,SUNPHARMA,INE044A01036,,2950452009.4722223
NSE,2019-09-03,2019-09-30,29,BHARTIARTL,INE397D01024,,2490124510.838889
NSE,2019-09-03,2019-09-30,35,HINDUNILVR,INE030A01027,,2247580726.9825397
NSE,2019-09-03,2019-09-30,36,ULTRACEMCO,INE481G01011,,2130869407.834127
NSE,2019-09-03,2019-09-30,37,ASIANPAINT,INE021A01026,,2091343117.0523808
NSE,2019-09-03,2019-09-30,43,M&M,INE101A01026,,1874222325.2126982
NSE,2019-09-03,2019-09-30,48,NTPC,INE733E01010,,1754204417.7079365
NSE,2019-09-03,2019-09-30,49,HCLTECH,INE860A01027,,1749561237.5579367
NSE,2019-09-03,2019-09-30,51,ONGC,INE213A01029,,1659078984.2880952
NSE,2019-09-03,2019-09-30,52,DRREDDY,INE089A01023,,1646923756.6126986
NSE,2019-09-03,2019-09-30,57,POWERGRID,INE752E01010,,1464744323.963492
NSE,2019-09-03,2019-09-30,59,WIPRO,INE075A01022,,1389711024.0690475
NSE,2019-09-03,2019-09-30,89,CIPLA,INE059A01026,,937126773.5777777
NSE,2019-09-03,2019-09-30,101,NESTLEIND,INE239A01016,,810002661.6595237
NSE,2019-09-03,2019-09-30,104,ADANIENT,INE423A01024,,749169601.163492
NSE,2019-10-01,2019-10-31,2,RELIANCE,INE002A01018,,11549080105.820635
NSE,2019-10-01,2019-10-31,4,HDFCBANK,INE040A01034,,9292825023.238094
NSE,2019-10-01,2019-10-31,5,SBIN,INE062A01020,,9002362379.216667
NSE,2019-10-01,2019-10-31,7,MARUTI,INE585B01010,,8591187299.553968
NSE,2019-10-01,2019-10-31,8,ICICIBANK,INE090A01021,,8536006326.804762
NSE,2019-10-01,2019-10-31,9,AXISBANK,INE238A01034,,8149182388.983334
NSE,2019-10-01,2019-10-31,10,BAJFINANCE,INE296A01024,,7881295487.552381
NSE,2019-10-01,2019-10-31,12,INFY,INE009A01021,,6180221334.779365
NSE,2019-10-01,2019-10-31,13,TCS,INE467B01029,,5631630240.514285
NSE,2019-10-01,2019-10-31,14,TATAMOTORS,INE155A01022,,5339465893.75238
NSE,2019-10-01,2019-10-31,15,TATASTEEL,INE081A01012,,4516701133.016666
NSE,2019-10-01,2019-10-31,16,LT,INE018A01030,,4488592924.376985
NSE,2019-10-01,2019-10-31,17,KOTAKBANK,INE237A01028,,4186176439.6253967
NSE,2019-10-01,2019-10-31,20,ITC,INE154A01025,,3403695594.1880956
NSE,2019-10-01,2019-10-31,21,TITAN,INE280A01028,,3313862954.761111
NSE,2019-10-01,2019-10-31,24,SUNPHARMA,INE044A01036,,3208573367.631746
NSE,2019-10-01,2019-10-31,30,HINDUNILVR,INE030A01027,,2695789657.6904764
NSE,2019-10-01,2019-10-31,32,BHARTIARTL,INE397D01024,,2594599020.073016
NSE,2019-10-01,2019-10-31,34,ASIANPAINT,INE021A01026,,2377470452.0507936
NSE,2019-10-01,2019-10-31,36,ULTRACEMCO,INE481G01011,,2295622983.0904765
NSE,2019-10-01,2019-10-31,39,M&M,INE101A01026,,2114727996.8317459
NSE,2019-10-01,2019-10-31,43,HCLTECH,INE860A01027,,1913583263.3420632
NSE,2019-10-01,2019-10-31,45,NTPC,INE733E01010,,1808902423.6722224
NSE,2019-10-01,2019-10-31,49,ONGC,INE213A01029,,1727080714.093651
NSE,2019-10-01,2019-10-31,52,DRREDDY,INE089A01023,,1668375078.6412697
NSE,2019-10-01,2019-10-31,59,POWERGRID,INE752E01010,,1432393801.1904762
NSE,2019-10-01,2019-10-31,68,WIPRO,INE075A01022,,1173657114.95
NSE,2019-10-01,2019-10-31,70,NESTLEIND,INE239A01016,,1120828613.8428571
NSE,2019-10-01,2019-10-31,86,CIPLA,INE059A01026,,997172830.2428572
NSE,2019-10-01,2019-10-31,110,ADANIENT,INE423A01024,,711792463.1476191
NSE,2019-11-01,2019-12-01,2,RELIANCE,INE002A01018,,12664346705.80635
NSE,2019-11-01,2019-12-01,4,SBIN,INE062A01020,,11041415264.000792
NSE,2019-11-01,2019-12-01,5,ICICIBANK,INE090A01021,,9948611649.642857
NSE,2019-11-01,2019-12-01,6,HDFCBANK,INE040A01034,,9664827180.530159
NSE,2019-11-01,2019-12-01,7,MARUTI,INE585B01010,,9426034335.035715
NSE,2019-11-01,2019-12-01,9,AXISBANK,INE238A01034,,8930894025.205557
NSE,2019-11-01,2019-12-01,10,INFY,INE009A01021,,8594849675.09365
NSE,2019-11-01,2019-12-01,12,BAJFINANCE,INE296A01024,,7455491592.952381
NSE,2019-11-01,2019-12-01,13,TATAMOTORS,INE155A01022,,6869793762.381746
NSE,2019-11-01,2019-12-01,14,TCS,INE467B01029,,6334625848.541269
NSE,2019-11-01,2019-12-01,15,TATASTEEL,INE081A01012,,5068760444.504763
NSE,2019-11-01,2019-12-01,19,KOTAKBANK,INE237A01028,,4238415888.0492063
NSE,2019-11-01,2019-12-01,20,LT,INE018A01030,,4171151446.066667
NSE,2019-11-01,2019-12-01,21,BHARTIARTL,INE397D01024,,3975623950.754762
NSE,2019-11-01,2019-12-01,22,ITC,INE154A01025,,3817703346.4365077
NSE,2019-11-01,2019-12-01,25,HINDUNILVR,INE030A01027,,3226536073.7166667
NSE,2019-11-01,2019-12-01,29,TITAN,INE280A01028,,2845828315.425397
NSE,2019-11-01,2019-12-01,30,SUNPHARMA,INE044A01036,,2741564497.2484126
NSE,2019-11-01,2019-12-01,33,ULTRACEMCO,INE481G01011,,2492662992.0730157
NSE,2019-11-01,2019-12-01,34,ASIANPAINT,INE021A01026,,2477031222.2126985
NSE,2019-11-01,2019-12-01,37,M&M,INE101A01026,,2202311881.134127
NSE,2019-11-01,2019-12-01,38,HCLTECH,INE860A01027,,2173158551.957143
NSE,2019-11-01,2019-12-01,49,DRREDDY,INE089A01023,,1756530698.074603
NSE,2019-11-01,2019-12-01,53,ONGC,INE213A01029,,1654581375.1484127
NSE,2019-11-01,2019-12-01,57,NTPC,INE733E01010,,1565657279.561905
NSE,2019-11-01,2019-12-01,62,POWERGRID,INE752E01010,,1337546595.4182541
NSE,2019-11-01,2019-12-01,63,NESTLEIND,INE239A01016,,1313563145.592857
NSE,2019-11-01,2019-12-01,65,CIPLA,INE059A01026,,1280993047.2261906
NSE,2019-11-01,2019-12-01,74,WIPRO,INE075A01022,,1125993827.29127
NSE,2019-11-01,2019-12-01,110,ADANIENT,INE423A01024,,751617868.1015873
NSE,2019-12-02,2019-12-31,2,ICICIBANK,INE090A01021,,13239141885.166666
NSE,2019-12-02,2019-12-31,4,RELIANCE,INE002A01018,,12283712779.942062
NSE,2019-12-02,2019-12-31,5,SBIN,INE062A01020,,11872679139.052382
NSE,2019-12-02,2019-12-31,7,INFY,INE009A01021,,9342739008.211905
NSE,2019-12-02,2019-12-31,8,MARUTI,INE585B01010,,8934837581.461111
NSE,2019-12-02,2019-12-31,9,HDFCBANK,INE040A01034,,8897072267.377779
NSE,2019-12-02,2019-12-31,10,AXISBANK,INE238A01034,,8279071268.526191
NSE,2019-12-02,2019-12-31,12,TCS,INE467B01029,,6768251948.861904
NSE,2019-12-02,2019-12-31,14,TATAMOTORS,INE155A01022,,6641466236.887302
NSE,2019-12-02,2019-12-31,15,BAJFINANCE,INE296A01024,,6548660839.273809
NSE,2019-12-02,2019-12-31,16,BHARTIARTL,INE397D01024,,6161551710.760318
NSE,2019-12-02,2019-12-31,17,TATASTEEL,INE081A01012,,5877007102.7650795
NSE,2019-12-02,2019-12-31,20,LT,INE018A01030,,4348815292.428572
NSE,2019-12-02,2019-12-31,21,KOTAKBANK,INE237A01028,,4202618710.8777776
NSE,2019-12-02,2019-12-31,22,ITC,INE154A01025,,3811044827.656349
NSE,2019-12-02,2019-12-31,24,HINDUNILVR,INE030A01027,,3316939553.621429
NSE,2019-12-02,2019-12-31,26,TITAN,INE280A01028,,3091007238.8230157
NSE,2019-12-02,2019-12-31,27,SUNPHARMA,INE044A01036,,3080050479.343651
NSE,2019-12-02,2019-12-31,37,ASIANPAINT,INE021A01026,,2401697245.7444444
NSE,2019-12-02,2019-12-31,38,ULTRACEMCO,INE481G01011,,2361431996.425397
NSE,2019-12-02,2019-12-31,41,M&M,INE101A01026,,2188938184.9253964
NSE,2019-12-02,2019-12-31,43,HCLTECH,INE860A01027,,2134701172.1730158
NSE,2019-12-02,2019-12-31,55,DRREDDY,INE089A01023,,1713161918.7801585
NSE,2019-12-02,2019-12-31,59,ONGC,INE213A01029,,1580337125.0031745
NSE,2019-12-02,2019-12-31,61,CIPLA,INE059A01026,,1536845571.2761905
NSE,2019-12-02,2019-12-31,67,NTPC,INE733E01010,,1400506009.8047621
NSE,2019-12-02,2019-12-31,68,POWERGRID,INE752E01010,,1391013778.952381
NSE,2019-12-02,2019-12-31,71,NESTLEIND,INE239A01016,,1366897460.6325397
NSE,2019-12-02,2019-12-31,97,WIPRO,INE075A01022,,944658004.3738095
NSE,2019-12-02,2019-12-31,105,ADANIENT,INE423A01024,,849940483.4420635
NSE,2020-01-01,2020-02-02,3,RELIANCE,INE002A01018,,12417032860.941269
NSE,2020-01-01,2020-02-02,4,ICICIBANK,INE090A01021,,12359726296.41984
NSE,2020-01-01,2020-02-02,5,SBIN,INE062A01020,,12234868805.427776
NSE,2020-01-01,2020-02-02,6,INFY,INE009A01021,,8490560704.138889
NSE,2020-01-01,2020-02-02,8,HDFCBANK,INE040A01034,,7622795137.788889
NSE,2020-01-01,2020-02-02,9,TCS,INE467B01029,,7538240092.269842
NSE,2020-01-01,2020-02-02,10,AXISBANK,INE238A01034,,7351096818.325397
NSE,2020-01-01,2020-02-02,12,BHARTIARTL,INE397D01024,,7054809048.183333
NSE,2020-01-01,2020-02-02,13,MARUTI,INE585B01010,,6825288540.700794
NSE,2020-01-01,2020-02-02,14,TATASTEEL,INE081A01012,,6690313059.040477
NSE,2020-01-01,2020-02-02,16,TATAMOTORS,INE155A01022,,6471594008.393651
NSE,2020-01-01,2020-02-02,17,BAJFINANCE,INE296A01024,,5712704008.569047
NSE,2020-01-01,2020-02-02,20,LT,INE018A01030,,4248048692.8801584
NSE,2020-01-01,2020-02-02,21,KOTAKBANK,INE237A01028,,4023744039.5634923
NSE,2020-01-01,2020-02-02,22,ITC,INE154A01025,,3408763342.5253963
NSE,2020-01-01,2020-02-02,26,HINDUNILVR,INE030A01027,,3031894498.7293653
NSE,2020-01-01,2020-02-02,29,TITAN,INE280A01028,,2854982794.5547614
NSE,2020-01-01,2020-02-02,32,SUNPHARMA,INE044A01036,,2502614187.4015875
NSE,2020-01-01,2020-02-02,37,ASIANPAINT,INE021A01026,,2140290030.0984128
NSE,2020-01-01,2020-02-02,41,M&M,INE101A01026,,2081848505.1492062
NSE,2020-01-01,2020-02-02,42,ULTRACEMCO,INE481G01011,,2070938622.1023812
NSE,2020-01-01,2020-02-02,46,HCLTECH,INE860A01027,,1871029218.4436507
NSE,2020-01-01,2020-02-02,52,DRREDDY,INE089A01023,,1574073709.3849206
NSE,2020-01-01,2020-02-02,53,CIPLA,INE059A01026,,1560094608.6285715
NSE,2020-01-01,2020-02-02,66,POWERGRID,INE752E01010,,1277966603.9023807
NSE,2020-01-01,2020-02-02,69,ONGC,INE213A01029,,1244202277.3809524
NSE,2020-01-01,2020-02-02,75,NESTLEIND,INE239A01016,,1175056880.6230159
NSE,2020-01-01,2020-02-02,84,NTPC,INE733E01010,,1076739267.0246031
NSE,2020-01-01,2020-02-02,103,ADANIENT,INE423A01024,,811062960.5523809
NSE,2020-01-01,2020-02-02,111,WIPRO,INE075A01022,,763874700.2238095
NSE,2020-02-03,2020-03-01,1,RELIANCE,INE002A01018,,13076445442.090475
NSE,2020-02-03,2020-03-01,3,ICICIBANK,INE090A01021,,11894740386.809525
NSE,2020-02-03,2020-03-01,5,SBIN,INE062A01020,,11452943388.277779
NSE,2020-02-03,2020-03-01,6,BHARTIARTL,INE397D01024,,8701860215.440475
NSE,2020-02-03,2020-03-01,8,HDFCBANK,INE040A01034,,7265981331.969842
NSE,2020-02-03,2020-03-01,9,TCS,INE467B01029,,7064905914.455556
NSE,2020-02-03,2020-03-01,10,TATASTEEL,INE081A01012,,6699995164.883333
NSE,2020-02-03,2020-03-01,12,AXISBANK,INE238A01034,,6348960626.184128
NSE,2020-02-03,2020-03-01,14,TATAMOTORS,INE155A01022,,6342039529.665873
NSE,2020-02-03,2020-03-01,15,INFY,INE009A01021,,6019111384.263492
NSE,2020-02-03,2020-03-01,16,MARUTI,INE585B01010,,5765928382.471429
NSE,2020-02-03,2020-03-01,17,BAJFINANCE,INE296A01024,,5170282156.302381
NSE,2020-02-03,2020-03-01,19,LT,INE018A01030,,4496337521.967461
NSE,2020-02-03,2020-03-01,20,KOTAKBANK,INE237A01028,,4404732873.695238
NSE,2020-02-03,2020-03-01,27,ITC,INE154A01025,,2856306270.2206354
NSE,2020-02-03,2020-03-01,28,TITAN,INE280A01028,,2724838567.886508
NSE,2020-02-03,2020-03-01,29,HINDUNILVR,INE030A01027,,2681440442.0944448
NSE,2020-02-03,2020-03-01,30,SUNPHARMA,INE044A01036,,2528401384.419841
NSE,2020-02-03,2020-03-01,33,ULTRACEMCO,INE481G01011,,2286217796.8190475
NSE,2020-02-03,2020-03-01,36,ASIANPAINT,INE021A01026,,2111021592.6769843
NSE,2020-02-03,2020-03-01,39,POWERGRID,INE752E01010,,1990645433.352381
NSE,2020-02-03,2020-03-01,43,HCLTECH,INE860A01027,,1839216142.2468255
NSE,2020-02-03,2020-03-01,44,DRREDDY,INE089A01023,,1830250649.0015872
NSE,2020-02-03,2020-03-01,46,M&M,INE101A01026,,1799178212.909524
NSE,2020-02-03,2020-03-01,64,ONGC,INE213A01029,,1336878650.0626984
NSE,2020-02-03,2020-03-01,65,CIPLA,INE059A01026,,1330500833.4238095
NSE,2020-02-03,2020-03-01,75,NTPC,INE733E01010,,1150660734.5849204
NSE,2020-02-03,2020-03-01,77,NESTLEIND,INE239A01016,,1112748783.2349207
NSE,2020-02-03,2020-03-01,113,ADANIENT,INE423A01024,,760579938.0777777
NSE,2020-02-03,2020-03-01,117,WIPRO,INE075A01022,,731956295.3849206
NSE,2020-03-02,2020-03-31,1,RELIANCE,INE002A01018,,12911543493.803968
NSE,2020-03-02,2020-03-31,2,SBIN,INE062A01020,,12134724473.079365
NSE,2020-03-02,2020-03-31,5,ICICIBANK,INE090A01021,,8424468596.523016
NSE,2020-03-02,2020-03-31,6,BHARTIARTL,INE397D01024,,7962535140.0
NSE,2020-03-02,2020-03-31,7,TATAMOTORS,INE155A01022,,7673077663.016666
NSE,2020-03-02,2020-03-31,8,HDFCBANK,INE040A01034,,7586476359.893652
NSE,2020-03-02,2020-03-31,11,TCS,INE467B01029,,6696209117.265873
NSE,2020-03-02,2020-03-31,12,TATASTEEL,INE081A01012,,6457396259.794445
NSE,2020-03-02,2020-03-31,13,AXISBANK,INE238A01034,,6071894597.892858
NSE,2020-03-02,2020-03-31,14,MARUTI,INE585B01010,,5677939151.72381
NSE,2020-03-02,2020-03-31,15,BAJFINANCE,INE296A01024,,5559683380.410317
NSE,2020-03-02,2020-03-31,16,INFY,INE009A01021,,5242997216.32857
NSE,2020-03-02,2020-03-31,17,KOTAKBANK,INE237A01028,,4563623598.81508
NSE,2020-03-02,2020-03-31,19,LT,INE018A01030,,4296370655.45873
NSE,2020-03-02,2020-03-31,24,ITC,INE154A01025,,3154111287.3174605
NSE,2020-03-02,2020-03-31,25,HINDUNILVR,INE030A01027,,3138039849.4230156
NSE,2020-03-02,2020-03-31,28,TITAN,INE280A01028,,2649238601.434921
NSE,2020-03-02,2020-03-31,32,ULTRACEMCO,INE481G01011,,2213953017.071429
NSE,2020-03-02,2020-03-31,33,POWERGRID,INE752E01010,,2213076999.7484126
NSE,2020-03-02,2020-03-31,34,SUNPHARMA,INE044A01036,,2158223786.2809525
NSE,2020-03-02,2020-03-31,35,ASIANPAINT,INE021A01026,,2139843540.820635
NSE,2020-03-02,2020-03-31,38,DRREDDY,INE089A01023,,2095821914.495238
NSE,2020-03-02,2020-03-31,40,HCLTECH,INE860A01027,,2072274564.3833332
NSE,2020-03-02,2020-03-31,51,M&M,INE101A01026,,1830899171.5349207
NSE,2020-03-02,2020-03-31,54,ONGC,INE213A01029,,1685371919.3825397
NSE,2020-03-02,2020-03-31,64,NTPC,INE733E01010,,1448431100.2642856
NSE,2020-03-02,2020-03-31,71,NESTLEIND,INE239A01016,,1275072357.9571428
NSE,2020-03-02,2020-03-31,79,CIPLA,INE059A01026,,1161822257.2730157
NSE,2020-03-02,2020-03-31,110,ADANIENT,INE423A01024,,775830938.7492063
NSE,2020-03-02,2020-03-31,112,WIPRO,INE075A01022,,769665917.9246032
NSE,2020-04-01,2020-05-03,1,RELIANCE,INE002A01018,,16716508644.164286
NSE,2020-04-01,2020-05-03,2,SBIN,INE062A01020,,15087055358.980953
NSE,2020-04-01,2020-05-03,3,HDFCBANK,INE040A01034,,12425795452.37143
NSE,2020-04-01,2020-05-03,4,ICICIBANK,INE090A01021,,11741993437.026985
NSE,2020-04-01,2020-05-03,7,BAJFINANCE,INE296A01024,,9089715488.900793
NSE,2020-04-01,2020-05-03,8,BHARTIARTL,INE397D01024,,8725605709.550795
NSE,2020-04-01,2020-05-03,10,AXISBANK,INE238A01034,,8588020911.437303
NSE,2020-04-01,2020-05-03,11,TATAMOTORS,INE155A01022,,7662400506.947619
NSE,2020-04-01,2020-05-03,12,TCS,INE467B01029,,7236677226.9087305
NSE,2020-04-01,2020-05-03,14,INFY,INE009A01021,,6766091788.669842
NSE,2020-04-01,2020-05-03,15,KOTAKBANK,INE237A01028,,6259869170.816667
NSE,2020-04-01,2020-05-03,16,MARUTI,INE585B01010,,6074008411.07619
NSE,2020-04-01,2020-05-03,17,TATASTEEL,INE081A01012,,5890050077.49365
NSE,2020-04-01,2020-05-03,18,LT,INE018A01030,,4702105188.692063
NSE,2020-04-01,2020-05-03,19,HINDUNILVR,INE030A01027,,4526885434.426985
NSE,2020-04-01,2020-05-03,20,ITC,INE154A01025,,4494490830.657937
NSE,2020-04-01,2020-05-03,26,ASIANPAINT,INE021A01026,,3210887165.7555556
NSE,2020-04-01,2020-05-03,29,POWERGRID,INE752E01010,,3002551685.870635
NSE,2020-04-01,2020-05-03,30,TITAN,INE280A01028,,2999898127.1031747
NSE,2020-04-01,2020-05-03,32,SUNPHARMA,INE044A01036,,2848801413.4761906
NSE,2020-04-01,2020-05-03,33,DRREDDY,INE089A01023,,2666102837.9690475
NSE,2020-04-01,2020-05-03,34,HCLTECH,INE860A01027,,2645828285.469048
NSE,2020-04-01,2020-05-03,35,ONGC,INE213A01029,,2593609156.9325395
NSE,2020-04-01,2020-05-03,38,ULTRACEMCO,INE481G01011,,2489998575.015873
NSE,2020-04-01,2020-05-03,47,NTPC,INE733E01010,,2110418535.3238096
NSE,2020-04-01,2020-05-03,51,M&M,INE101A01026,,1934096804.3904762
NSE,2020-04-01,2020-05-03,62,NESTLEIND,INE239A01016,,1721314674.1111112
NSE,2020-04-01,2020-05-03,65,CIPLA,INE059A01026,,1653281519.5238094
NSE,2020-04-01,2020-05-03,106,WIPRO,INE075A01022,,927811748.7714286
NSE,2020-04-01,2020-05-03,116,ADANIENT,INE423A01024,,815064108.6579366
NSE,2020-05-04,2020-05-31,1,RELIANCE,INE002A01018,,23243456091.77619
NSE,2020-05-04,2020-05-31,2,HDFCBANK,INE040A01034,,15978854873.520636
NSE,2020-05-04,2020-05-31,3,SBIN,INE062A01020,,15427037441.00397
NSE,2020-05-04,2020-05-31,4,ICICIBANK,INE090A01021,,14119334097.145239
NSE,2020-05-04,2020-05-31,5,BAJFINANCE,INE296A01024,,13709366313.561905
NSE,2020-05-04,2020-05-31,7,AXISBANK,INE238A01034,,11816188589.674603
NSE,2020-05-04,2020-05-31,9,BHARTIARTL,INE397D01024,,8055192127.449206
NSE,2020-05-04,2020-05-31,10,HINDUNILVR,INE030A01027,,7974894057.181746
NSE,2020-05-04,2020-05-31,11,TCS,INE467B01029,,7903790950.363491
NSE,2020-05-04,2020-05-31,13,MARUTI,INE585B01010,,7492341323.8182535
NSE,2020-05-04,2020-05-31,14,KOTAKBANK,INE237A01028,,7397211643.180159
NSE,2020-05-04,2020-05-31,15,TATAMOTORS,INE155A01022,,7302679782.334126
NSE,2020-05-04,2020-05-31,16,INFY,INE009A01021,,6836429313.522222
NSE,2020-05-04,2020-05-31,17,TATASTEEL,INE081A01012,,5564246645.979365
NSE,2020-05-04,2020-05-31,18,ITC,INE154A01025,,5500358649.860317
NSE,2020-05-04,2020-05-31,19,SUNPHARMA,INE044A01036,,5205714563.913492
NSE,2020-05-04,2020-05-31,21,LT,INE018A01030,,5045459881.381747
NSE,2020-05-04,2020-05-31,24,DRREDDY,INE089A01023,,3904208846.695238
NSE,2020-05-04,2020-05-31,26,ASIANPAINT,INE021A01026,,3692321226.561111
NSE,2020-05-04,2020-05-31,27,TITAN,INE280A01028,,3564072976.983333
NSE,2020-05-04,2020-05-31,29,CIPLA,INE059A01026,,3497818575.7325397
NSE,2020-05-04,2020-05-31,37,ONGC,INE213A01029,,2776789284.1650796
NSE,2020-05-04,2020-05-31,38,HCLTECH,INE860A01027,,2774801397.1539683
NSE,2020-05-04,2020-05-31,40,POWERGRID,INE752E01010,,2682461532.8603177
NSE,2020-05-04,2020-05-31,46,NTPC,INE733E01010,,2330612883.981746
NSE,2020-05-04,2020-05-31,48,ULTRACEMCO,INE481G01011,,2317618896.215873
NSE,2020-05-04,2020-05-31,51,M&M,INE101A01026,,2280624031.866667
NSE,2020-05-04,2020-05-31,52,NESTLEIND,INE239A01016,,2268997452.727778
NSE,2020-05-04,2020-05-31,103,WIPRO,INE075A01022,,1047693626.5650795
NSE,2020-05-04,2020-05-31,133,ADANIENT,INE423A01024,,712531519.5293651
NSE,2020-06-01,2020-06-30,1,RELIANCE,INE002A01018,,30132819963.934124
NSE,2020-06-01,2020-06-30,2,HDFCBANK,INE040A01034,,19299661941.479362
NSE,2020-06-01,2020-06-30,3,BAJFINANCE,INE296A01024,,18635358282.115078
NSE,2020-06-01,2020-06-30,4,ICICIBANK,INE090A01021,,17116038662.823015
NSE,2020-06-01,2020-06-30,5,HINDUNILVR,INE030A01027,,16703538597.165873
NSE,2020-06-01,2020-06-30,6,AXISBANK,INE238A01034,,15275000520.773016
NSE,2020-06-01,2020-06-30,7,SBIN,INE062A01020,,14597119429.938889
NSE,2020-06-01,2020-06-30,10,BHARTIARTL,INE397D01024,,10168952278.475397
NSE,2020-06-01,2020-06-30,11,MARUTI,INE585B01010,,9238848775.72857
NSE,2020-06-01,2020-06-30,12,KOTAKBANK,INE237A01028,,8516434122.065079
NSE,2020-06-01,2020-06-30,13,TCS,INE467B01029,,8400671400.966666
NSE,2020-06-01,2020-06-30,14,INFY,INE009A01021,,7645039155.9388895
NSE,2020-06-01,2020-06-30,15,SUNPHARMA,INE044A01036,,6060767662.647619
NSE,2020-06-01,2020-06-30,16,TATAMOTORS,INE155A01022,,6052138017.449206
NSE,2020-06-01,2020-06-30,17,ITC,INE154A01025,,5711634672.19127
NSE,2020-06-01,2020-06-30,18,LT,INE018A01030,,5390281599.994445
NSE,2020-06-01,2020-06-30,20,TATASTEEL,INE081A01012,,4831932343.07381
NSE,2020-06-01,2020-06-30,21,CIPLA,INE059A01026,,4821790375.980159
NSE,2020-06-01,2020-06-30,22,ASIANPAINT,INE021A01026,,4816476263.762698
NSE,2020-06-01,2020-06-30,23,DRREDDY,INE089A01023,,4593720395.012699
NSE,2020-06-01,2020-06-30,28,TITAN,INE280A01028,,3711363525.4103174
NSE,2020-06-01,2020-06-30,36,HCLTECH,INE860A01027,,3053713580.4039683
NSE,2020-06-01,2020-06-30,39,NESTLEIND,INE239A01016,,2884162527.931746
NSE,2020-06-01,2020-06-30,40,M&M,INE101A01026,,2762953161.3944445
NSE,2020-06-01,2020-06-30,45,POWERGRID,INE752E01010,,2628612670.424603
NSE,2020-06-01,2020-06-30,46,ULTRACEMCO,INE481G01011,,2618343594.334127
NSE,2020-06-01,2020-06-30,49,ONGC,INE213A01029,,2529149401.368254
NSE,2020-06-01,2020-06-30,60,NTPC,INE733E01010,,2047789071.8119047
NSE,2020-06-01,2020-06-30,89,WIPRO,INE075A01022,,1336056002.9301589
NSE,2020-06-01,2020-06-30,143,ADANIENT,INE423A01024,,582101140.0349207
NSE,2020-07-01,2020-08-02,1,RELIANCE,INE002A01018,,32325340693.504765
NSE,2020-07-01,2020-08-02,2,BAJFINANCE,INE296A01024,,27116408027.84127
NSE,2020-07-01,2020-08-02,3,HDFCBANK,INE040A01034,,19953751064.22778
NSE,2020-07-01,2020-08-02,4,AXISBANK,INE238A01034,,17825954195.661114
NSE,2020-07-01,2020-08-02,5,HINDUNILVR,INE030A01027,,16835555013.196032
NSE,2020-07-01,2020-08-02,6,ICICIBANK,INE090A01021,,16727556598.900793
NSE,2020-07-01,2020-08-02,9,SBIN,INE062A01020,,12745595299.24603
NSE,2020-07-01,2020-08-02,10,BHARTIARTL,INE397D01024,,11555856718.90714
NSE,2020-07-01,2020-08-02,11,MARUTI,INE585B01010,,9850588956.905556
NSE,2020-07-01,2020-08-02,12,KOTAKBANK,INE237A01028,,8945578948.896032
NSE,2020-07-01,2020-08-02,13,TCS,INE467B01029,,7539345594.512698
NSE,2020-07-01,2020-08-02,14,INFY,INE009A01021,,7264648115.032539
NSE,2020-07-01,2020-08-02,15,TATAMOTORS,INE155A01022,,6553826158.838095
NSE,2020-07-01,2020-08-02,16,SUNPHARMA,INE044A01036,,6430061786.3484125
NSE,2020-07-01,2020-08-02,19,ITC,INE154A01025,,5869671525.368254
NSE,2020-07-01,2020-08-02,20,CIPLA,INE059A01026,,5576138835.4920635
NSE,2020-07-01,2020-08-02,21,LT,INE018A01030,,5389304014.104761
NSE,2020-07-01,2020-08-02,25,ASIANPAINT,INE021A01026,,4792875444.807143
NSE,2020-07-01,2020-08-02,26,DRREDDY,INE089A01023,,4791234532.886509
NSE,2020-07-01,2020-08-02,27,TATASTEEL,INE081A01012,,4441657906.125398
NSE,2020-07-01,2020-08-02,33,TITAN,INE280A01028,,3985604770.187301
NSE,2020-07-01,2020-08-02,36,M&M,INE101A01026,,3266144297.896826
NSE,2020-07-01,2020-08-02,40,NESTLEIND,INE239A01016,,2981393687.970635
NSE,2020-07-01,2020-08-02,45,HCLTECH,INE860A01027,,2780675464.7396827
NSE,2020-07-01,2020-08-02,55,ULTRACEMCO,INE481G01011,,2361626440.1531744
NSE,2020-07-01,2020-08-02,64,POWERGRID,INE752E01010,,2035284923.8126984
NSE,2020-07-01,2020-08-02,65,ONGC,INE213A01029,,2015207527.2126982
NSE,2020-07-01,2020-08-02,76,NTPC,INE733E01010,,1686383206.1920633
NSE,2020-07-01,2020-08-02,79,WIPRO,INE075A01022,,1591325981.8150795
NSE,2020-07-01,2020-08-02,140,ADANIENT,INE423A01024,,585466376.5222223
NSE,2020-08-03,2020-08-31,1,RELIANCE,INE002A01018,,40234730699.57619
NSE,2020-08-03,2020-08-31,2,BAJFINANCE,INE296A01024,,33742868324.10873
NSE,2020-08-03,2020-08-31,3,HDFCBANK,INE040A01034,,18948557295.6246
NSE,2020-08-03,2020-08-31,4,AXISBANK,INE238A01034,,16734293721.663492
NSE,2020-08-03,2020-08-31,5,ICICIBANK,INE090A01021,,16498287257.940475
NSE,2020-08-03,2020-08-31,6,HINDUNILVR,INE030A01027,,14512683152.109522
NSE,2020-08-03,2020-08-31,8,SBIN,INE062A01020,,12971953602.306349
NSE,2020-08-03,2020-08-31,9,BHARTIARTL,INE397D01024,,11707153021.29603
NSE,2020-08-03,2020-08-31,11,INFY,INE009A01021,,10190681732.245237
NSE,2020-08-03,2020-08-31,12,MARUTI,INE585B01010,,9464550956.770634
NSE,2020-08-03,2020-08-31,13,TCS,INE467B01029,,8150535067.036508
NSE,2020-08-03,2020-08-31,14,KOTAKBANK,INE237A01028,,7638788567.56746
NSE,2020-08-03,2020-08-31,16,TATAMOTORS,INE155A01022,,7112277644.618254
NSE,2020-08-03,2020-08-31,19,ITC,INE154A01025,,5723226969.409524
NSE,2020-08-03,2020-08-31,21,SUNPHARMA,INE044A01036,,5303409312.857936
NSE,2020-08-03,2020-08-31,23,LT,INE018A01030,,5004578889.299999
NSE,2020-08-03,2020-08-31,25,CIPLA,INE059A01026,,4848093858.004762
NSE,2020-08-03,2020-08-31,26,DRREDDY,INE089A01023,,4781656254.145238
NSE,2020-08-03,2020-08-31,27,TATASTEEL,INE081A01012,,4630702636.537302
NSE,2020-08-03,2020-08-31,28,ASIANPAINT,INE021A01026,,4617393543.535714
NSE,2020-08-03,2020-08-31,33,TITAN,INE280A01028,,3850318534.2936506
NSE,2020-08-03,2020-08-31,34,M&M,INE101A01026,,3796340113.392063
NSE,2020-08-03,2020-08-31,35,HCLTECH,INE860A01027,,3695161757.292063
NSE,2020-08-03,2020-08-31,42,WIPRO,INE075A01022,,3025781470.76746
NSE,2020-08-03,2020-08-31,44,NESTLEIND,INE239A01016,,2972367548.1007934
NSE,2020-08-03,2020-08-31,59,ULTRACEMCO,INE481G01011,,2371684568.957143
NSE,2020-08-03,2020-08-31,67,POWERGRID,INE752E01010,,1973417000.197619
NSE,2020-08-03,2020-08-31,80,ONGC,INE213A01029,,1651159472.5738096
NSE,2020-08-03,2020-08-31,88,NTPC,INE733E01010,,1493033191.9460318
NSE,2020-08-03,2020-08-31,140,ADANIENT,INE423A01024,,641923355.020635
NSE,2020-09-01,2020-09-30,1,RELIANCE,INE002A01018,,41832382922.43731
NSE,2020-09-01,2020-09-30,2,BAJFINANCE,INE296A01024,,31922918114.083332
NSE,2020-09-01,2020-09-30,3,HDFCBANK,INE040A01034,,17387897709.546825
NSE,2020-09-01,2020-09-30,4,AXISBANK,INE238A01034,,15427118415.650002
NSE,2020-09-01,2020-09-30,5,ICICIBANK,INE090A01021,,15387872733.34365
NSE,2020-09-01,2020-09-30,7,SBIN,INE062A01020,,13895367947.566666
NSE,2020-09-01,2020-09-30,8,BHARTIARTL,INE397D01024,,11281437083.451586
NSE,2020-09-01,2020-09-30,9,INFY,INE009A01021,,10262530488.47857
NSE,2020-09-01,2020-09-30,11,TATAMOTORS,INE155A01022,,8788387427.070635
NSE,2020-09-01,2020-09-30,12,MARUTI,INE585B01010,,8359322381.706349
NSE,2020-09-01,2020-09-30,13,TCS,INE467B01029,,8224028540.990476
NSE,2020-09-01,2020-09-30,15,KOTAKBANK,INE237A01028,,6516616906.313492
NSE,2020-09-01,2020-09-30,21,ITC,INE154A01025,,5866369911.811111
NSE,2020-09-01,2020-09-30,22,HINDUNILVR,INE030A01027,,5687119898.354761
NSE,2020-09-01,2020-09-30,23,TATASTEEL,INE081A01012,,5647347444.116666
NSE,2020-09-01,2020-09-30,25,CIPLA,INE059A01026,,5525318733.609524
NSE,2020-09-01,2020-09-30,26,SUNPHARMA,INE044A01036,,5363274364.239682
NSE,2020-09-01,2020-09-30,27,LT,INE018A01030,,5032074769.446032
NSE,2020-09-01,2020-09-30,29,DRREDDY,INE089A01023,,4630441518.296824
NSE,2020-09-01,2020-09-30,32,ASIANPAINT,INE021A01026,,4361927064.684921
NSE,2020-09-01,2020-09-30,33,TITAN,INE280A01028,,4016405238.354762
NSE,2020-09-01,2020-09-30,34,HCLTECH,INE860A01027,,3945029130.752381
NSE,2020-09-01,2020-09-30,36,M&M,INE101A01026,,3796671899.7507935
NSE,2020-09-01,2020-09-30,42,WIPRO,INE075A01022,,3360432543.661905
NSE,2020-09-01,2020-09-30,58,NESTLEIND,INE239A01016,,2413327353.571429
NSE,2020-09-01,2020-09-30,62,NTPC,INE733E01010,,2239437252.5738096
NSE,2020-09-01,2020-09-30,65,ULTRACEMCO,INE481G01011,,2100407672.8785713
NSE,2020-09-01,2020-09-30,77,POWERGRID,INE752E01010,,1810724585.1365077
NSE,2020-09-01,2020-09-30,86,ONGC,INE213A01029,,1669932741.0087302
NSE,2020-09-01,2020-09-30,100,ADANIENT,INE423A01024,,1384784740.2936509
NSE,2020-10-01,2020-11-01,1,RELIANCE,INE002A01018,,44213828145.68174
NSE,2020-10-01,2020-11-01,2,BAJFINANCE,INE296A01024,,24861580120.857933
NSE,2020-10-01,2020-11-01,3,HDFCBANK,INE040A01034,,13688506697.896826
NSE,2020-10-01,2020-11-01,4,ICICIBANK,INE090A01021,,13609165114.332539
NSE,2020-10-01,2020-11-01,5,BHARTIARTL,INE397D01024,,12438851572.426985
NSE,2020-10-01,2020-11-01,6,AXISBANK,INE238A01034,,12371914599.834923
NSE,2020-10-01,2020-11-01,7,SBIN,INE062A01020,,12364777679.027779
NSE,2020-10-01,2020-11-01,9,INFY,INE009A01021,,11139249424.572224
NSE,2020-10-01,2020-11-01,10,DRREDDY,INE089A01023,,10738410446.051588
NSE,2020-10-01,2020-11-01,11,TCS,INE467B01029,,10148225087.041271
NSE,2020-10-01,2020-11-01,12,TATAMOTORS,INE155A01022,,9042712413.384129
NSE,2020-10-01,2020-11-01,13,MARUTI,INE585B01010,,8320103570.111111
NSE,2020-10-01,2020-11-01,16,CIPLA,INE059A01026,,6499047916.324602
NSE,2020-10-01,2020-11-01,17,HCLTECH,INE860A01027,,6314276866.487302
NSE,2020-10-01,2020-11-01,18,TATASTEEL,INE081A01012,,5796970509.760318
NSE,2020-10-01,2020-11-01,19,SUNPHARMA,INE044A01036,,5500422433.092063
NSE,2020-10-01,2020-11-01,20,KOTAKBANK,INE237A01028,,5450272306.164286
NSE,2020-10-01,2020-11-01,23,ITC,INE154A01025,,5072314034.88254
NSE,2020-10-01,2020-11-01,24,HINDUNILVR,INE030A01027,,5044516500.511905
NSE,2020-10-01,2020-11-01,26,WIPRO,INE075A01022,,4796378614.660318
NSE,2020-10-01,2020-11-01,30,ASIANPAINT,INE021A01026,,4467293181.130159
NSE,2020-10-01,2020-11-01,31,LT,INE018A01030,,4351804307.246825
NSE,2020-10-01,2020-11-01,37,M&M,INE101A01026,,3799115847.148412
NSE,2020-10-01,2020-11-01,38,TITAN,INE280A01028,,3768009357.480159
NSE,2020-10-01,2020-11-01,58,NTPC,INE733E01010,,2388205009.416666
NSE,2020-10-01,2020-11-01,64,NESTLEIND,INE239A01016,,2109967877.4769843
NSE,2020-10-01,2020-11-01,65,ULTRACEMCO,INE481G01011,,2094344086.6333334
NSE,2020-10-01,2020-11-01,71,ADANIENT,INE423A01024,,1928820471.949206
NSE,2020-10-01,2020-11-01,79,POWERGRID,INE752E01010,,1668269885.4492064
NSE,2020-10-01,2020-11-01,97,ONGC,INE213A01029,,1392241970.8198411
NSE,2020-11-02,2020-11-30,1,RELIANCE,INE002A01018,,34473852972.405556
NSE,2020-11-02,2020-11-30,2,BAJFINANCE,INE296A01024,,17187254650.73492
NSE,2020-11-02,2020-11-30,3,BHARTIARTL,INE397D01024,,13277182548.28254
NSE,2020-11-02,2020-11-30,4,HDFCBANK,INE040A01034,,12860903615.568254
NSE,2020-11-02,2020-11-30,5,ICICIBANK,INE090A01021,,12406461639.707935
NSE,2020-11-02,2020-11-30,6,TCS,INE467B01029,,12259989583.563492
NSE,2020-11-02,2020-11-30,7,DRREDDY,INE089A01023,,12220155874.927776
NSE,2020-11-02,2020-11-30,8,AXISBANK,INE238A01034,,11374764839.183334
NSE,2020-11-02,2020-11-30,10,INFY,INE009A01021,,10814628896.153969
NSE,2020-11-02,2020-11-30,11,SBIN,INE062A01020,,10813632630.747618
NSE,2020-11-02,2020-11-30,12,TATAMOTORS,INE155A01022,,9679375859.411903
NSE,2020-11-02,2020-11-30,14,MARUTI,INE585B01010,,7966996902.828571
NSE,2020-11-02,2020-11-30,16,HCLTECH,INE860A01027,,7880864481.488889
NSE,2020-11-02,2020-11-30,17,CIPLA,INE059A01026,,6767708971.607936
NSE,2020-11-02,2020-11-30,18,TATASTEEL,INE081A01012,,6561498279.3111105
NSE,2020-11-02,2020-11-30,19,KOTAKBANK,INE237A01028,,6335364677.303174
NSE,2020-11-02,2020-11-30,20,WIPRO,INE075A01022,,6174496417.079365
NSE,2020-11-02,2020-11-30,22,ASIANPAINT,INE021A01026,,5024303418.895238
NSE,2020-11-02,2020-11-30,23,ITC,INE154A01025,,4979093877.042857
NSE,2020-11-02,2020-11-30,24,LT,INE018A01030,,4932128064.23889
NSE,2020-11-02,2020-11-30,25,SUNPHARMA,INE044A01036,,4811733665.539682
NSE,2020-11-02,2020-11-30,28,HINDUNILVR,INE030A01027,,4477313355.010318
NSE,2020-11-02,2020-11-30,36,TITAN,INE280A01028,,3728557024.21508
NSE,2020-11-02,2020-11-30,39,M&M,INE101A01026,,3596201135.8634925
NSE,2020-11-02,2020-11-30,50,NTPC,INE733E01010,,2800708496.326191
NSE,2020-11-02,2020-11-30,52,ULTRACEMCO,INE481G01011,,2628432052.8761907
NSE,2020-11-02,2020-11-30,58,ADANIENT,INE423A01024,,2290135103.2690477
NSE,2020-11-02,2020-11-30,69,NESTLEIND,INE239A01016,,1962231666.3722222
NSE,2020-11-02,2020-11-30,75,POWERGRID,INE752E01010,,1697040368.4412699
NSE,2020-11-02,2020-11-30,90,ONGC,INE213A01029,,1468649915.7198412
NSE,2020-12-01,2020-12-31,1,RELIANCE,INE002A01018,,35978670953.74524
NSE,2020-12-01,2020-12-31,2,BAJFINANCE,INE296A01024,,20080592194.238094
NSE,2020-12-01,2020-12-31,4,HDFCBANK,INE040A01034,,14143177599.061113
NSE,2020-12-01,2020-12-31,5,DRREDDY,INE089A01023,,13213795209.879366
NSE,2020-12-01,2020-12-31,6,TCS,INE467B01029,,12952824871.54127
NSE,2020-12-01,2020-12-31,7,ICICIBANK,INE090A01021,,12896594664.254763
NSE,2020-12-01,2020-12-31,8,AXISBANK,INE238A01034,,12765120095.266668
NSE,2020-12-01,2020-12-31,9,INFY,INE009A01021,,12455776442.769842
NSE,2020-12-01,2020-12-31,10,SBIN,INE062A01020,,12046323913.438097
NSE,2020-12-01,2020-12-31,11,BHARTIARTL,INE397D01024,,10957998978.637302
NSE,2020-12-01,2020-12-31,12,KOTAKBANK,INE237A01028,,10676447109.975395
NSE,2020-12-01,2020-12-31,14,TATAMOTORS,INE155A01022,,9694895616.926985
NSE,2020-12-01,2020-12-31,15,HCLTECH,INE860A01027,,8644408000.873016
NSE,2020-12-01,2020-12-31,16,MARUTI,INE585B01010,,8115115283.394444
NSE,2020-12-01,2020-12-31,17,TATASTEEL,INE081A01012,,8048627676.280158
NSE,2020-12-01,2020-12-31,19,CIPLA,INE059A01026,,6514547521.453176
NSE,2020-12-01,2020-12-31,20,WIPRO,INE075A01022,,6239609993.60873
NSE,2020-12-01,2020-12-31,22,LT,INE018A01030,,5638724640.646826
NSE,2020-12-01,2020-12-31,24,ASIANPAINT,INE021A01026,,5291830910.996032
NSE,2020-12-01,2020-12-31,25,SUNPHARMA,INE044A01036,,5259540299.070635
NSE,2020-12-01,2020-12-31,26,ITC,INE154A01025,,5226906160.352381
NSE,2020-12-01,2020-12-31,27,HINDUNILVR,INE030A01027,,4990001040.839682
NSE,2020-12-01,2020-12-31,30,M&M,INE101A01026,,4255701093.6000004
NSE,2020-12-01,2020-12-31,32,TITAN,INE280A01028,,3813647634.1182537
NSE,2020-12-01,2020-12-31,44,NTPC,INE733E01010,,3179559861.245238
NSE,2020-12-01,2020-12-31,54,ULTRACEMCO,INE481G01011,,2826793978.188889
NSE,2020-12-01,2020-12-31,56,NESTLEIND,INE239A01016,,2562516808.4404764
NSE,2020-12-01,2020-12-31,72,ADANIENT,INE423A01024,,2089588043.8182538
NSE,2020-12-01,2020-12-31,74,POWERGRID,INE752E01010,,1860037916.479365
NSE,2020-12-01,2020-12-31,89,ONGC,INE213A01029,,1588644810.538889
NSE,2021-01-01,2021-01-31,1,RELIANCE,INE002A01018,,29742059810.996033
NSE,2021-01-01,2021-01-31,2,BAJFINANCE,INE296A01024,,20177329546.81746
NSE,2021-01-01,2021-01-31,3,HDFCBANK,INE040A01034,,15445110838.132542
NSE,2021-01-01,2021-01-31,5,ICICIBANK,INE090A01021,,13566470158.250795
NSE,2021-01-01,2021-01-31,6,AXISBANK,INE238A01034,,12799882386.196032
NSE,2021-01-01,2021-01-31,7,SBIN,INE062A01020,,12712120124.468254
NSE,2021-01-01,2021-01-31,8,INFY,INE009A01021,,12612002927.207144
NSE,2021-01-01,2021-01-31,9,KOTAKBANK,INE237A01028,,11526893824.861906
NSE,2021-01-01,2021-01-31,11,TCS,INE467B01029,,11274198477.196032
NSE,2021-01-01,2021-01-31,12,TATASTEEL,INE081A01012,,9520308180.219841
NSE,2021-01-01,2021-01-31,13,TATAMOTORS,INE155A01022,,9441846026.014286
NSE,2021-01-01,2021-01-31,14,BHARTIARTL,INE397D01024,,8381374772.265079
NSE,2021-01-01,2021-01-31,15,DRREDDY,INE089A01023,,8238888526.357142
NSE,2021-01-01,2021-01-31,16,MARUTI,INE585B01010,,8165792596.027778
NSE,2021-01-01,2021-01-31,18,HCLTECH,INE860A01027,,7405384755.893651
NSE,2021-01-01,2021-01-31,19,LT,INE018A01030,,6820723611.425397
NSE,2021-01-01,2021-01-31,20,CIPLA,INE059A01026,,5759346026.230952
NSE,2021-01-01,2021-01-31,21,ITC,INE154A01025,,5535251773.535714
NSE,2021-01-01,2021-01-31,22,WIPRO,INE075A01022,,5531857224.934921
NSE,2021-01-01,2021-01-31,23,ASIANPAINT,INE021A01026,,5400645118.706349
NSE,2021-01-01,2021-01-31,25,SUNPHARMA,INE044A01036,,5236072624.06984
NSE,2021-01-01,2021-01-31,26,HINDUNILVR,INE030A01027,,5124062386.659525
NSE,2021-01-01,2021-01-31,33,M&M,INE101A01026,,3992171898.7071433
NSE,2021-01-01,2021-01-31,34,ULTRACEMCO,INE481G01011,,3867140117.0023813
NSE,2021-01-01,2021-01-31,36,TITAN,INE280A01028,,3822917204.3523808
NSE,2021-01-01,2021-01-31,40,NTPC,INE733E01010,,3489357901.2761903
NSE,2021-01-01,2021-01-31,55,NESTLEIND,INE239A01016,,2770479688.8309526
NSE,2021-01-01,2021-01-31,61,ONGC,INE213A01029,,2504445681.0777783
NSE,2021-01-01,2021-01-31,72,ADANIENT,INE423A01024,,2244764679.3380957
NSE,2021-01-01,2021-01-31,84,POWERGRID,INE752E01010,,1984195880.7809522
NSE,2021-02-01,2021-02-28,1,RELIANCE,INE002A01018,,31004632415.705555
NSE,2021-02-01,2021-02-28,2,BAJFINANCE,INE296A01024,,20682022810.066666
NSE,2021-02-01,2021-02-28,3,TATAMOTORS,INE155A01022,,19946994734.485714
NSE,2021-02-01,2021-02-28,4,HDFCBANK,INE040A01034,,15547991119.196032
NSE,2021-02-01,2021-02-28,5,ICICIBANK,INE090A01021,,14168773994.448412
NSE,2021-02-01,2021-02-28,7,SBIN,INE062A01020,,13925870578.202381
NSE,2021-02-01,2021-02-28,8,AXISBANK,INE238A01034,,13392765801.60635
NSE,2021-02-01,2021-02-28,9,INFY,INE009A01021,,12180812269.753174
NSE,2021-02-01,2021-02-28,10,TATASTEEL,INE081A01012,,12083878893.434126
NSE,2021-02-01,2021-02-28,12,KOTAKBANK,INE237A01028,,11616110961.949999
NSE,2021-02-01,2021-02-28,13,TCS,INE467B01029,,10159184884.757936
NSE,2021-02-01,2021-02-28,14,BHARTIARTL,INE397D01024,,9305277168.179365
NSE,2021-02-01,2021-02-28,15,MARUTI,INE585B01010,,8981536020.917461
NSE,2021-02-01,2021-02-28,17,LT,INE018A01030,,6942774993.973809
NSE,2021-02-01,2021-02-28,18,HCLTECH,INE860A01027,,6905702945.65635
NSE,2021-02-01,2021-02-28,19,ITC,INE154A01025,,6875813834.230159
NSE,2021-02-01,2021-02-28,20,DRREDDY,INE089A01023,,6208336291.505556
NSE,2021-02-01,2021-02-28,21,ASIANPAINT,INE021A01026,,5944682997.255555
NSE,2021-02-01,2021-02-28,22,WIPRO,INE075A01022,,5627782886.218255
NSE,2021-02-01,2021-02-28,23,SUNPHARMA,INE044A01036,,5598454415.271428
NSE,2021-02-01,2021-02-28,26,HINDUNILVR,INE030A01027,,5296839615.104762
NSE,2021-02-01,2021-02-28,27,CIPLA,INE059A01026,,5219430868.259523
NSE,2021-02-01,2021-02-28,29,M&M,INE101A01026,,4564658813.974604
NSE,2021-02-01,2021-02-28,39,ULTRACEMCO,INE481G01011,,3988613264.513492
NSE,2021-02-01,2021-02-28,44,TITAN,INE280A01028,,3668798839.175397
NSE,2021-02-01,2021-02-28,47,NTPC,INE733E01010,,3559613244.613492
NSE,2021-02-01,2021-02-28,60,ONGC,INE213A01029,,3023480251.7222223
NSE,2021-02-01,2021-02-28,72,NESTLEIND,INE239A01016,,2607192641.3880954
NSE,2021-02-01,2021-02-28,77,ADANIENT,INE423A01024,,2464724924.724603
NSE,2021-02-01,2021-02-28,87,POWERGRID,INE752E01010,,2118459835.323016
NSE,2021-03-01,2021-03-31,1,TATAMOTORS,INE155A01022,,26431180938.011906
NSE,2021-03-01,2021-03-31,2,RELIANCE,INE002A01018,,24595806963.568256
NSE,2021-03-01,2021-03-31,3,SBIN,INE062A01020,,17157024659.99365
NSE,2021-03-01,2021-03-31,4,BAJFINANCE,INE296A01024,,16093039526.443651
NSE,2021-03-01,2021-03-31,5,HDFCBANK,INE040A01034,,14765924349.89127
NSE,2021-03-01,2021-03-31,6,ICICIBANK,INE090A01021,,14040262829.92619
NSE,2021-03-01,2021-03-31,7,TATASTEEL,INE081A01012,,13529067190.076986
NSE,2021-03-01,2021-03-31,8,BHARTIARTL,INE397D01024,,13165022743.451586
NSE,2021-03-01,2021-03-31,9,AXISBANK,INE238A01034,,12617671040.201588
NSE,2021-03-01,2021-03-31,12,INFY,INE009A01021,,11090259055.550001
NSE,2021-03-01,2021-03-31,13,TCS,INE467B01029,,10418631801.383333
NSE,2021-03-01,2021-03-31,14,MARUTI,INE585B01010,,9085783618.242064
NSE,2021-03-01,2021-03-31,15,KOTAKBANK,INE237A01028,,8531125777.386508
NSE,2021-03-01,2021-03-31,16,ITC,INE154A01025,,8288102455.719841
NSE,2021-03-01,2021-03-31,17,HCLTECH,INE860A01027,,6598507757.989682
NSE,2021-03-01,2021-03-31,18,LT,INE018A01030,,6539086227.219841
NSE,2021-03-01,2021-03-31,19,ASIANPAINT,INE021A01026,,6406222918.599999
NSE,2021-03-01,2021-03-31,22,WIPRO,INE075A01022,,6237637484.257143
NSE,2021-03-01,2021-03-31,24,DRREDDY,INE089A01023,,5907973486.253175
NSE,2021-03-01,2021-03-31,26,SUNPHARMA,INE044A01036,,5428658616.525396
NSE,2021-03-01,2021-03-31,27,HINDUNILVR,INE030A01027,,5355856408.361111
NSE,2021-03-01,2021-03-31,29,M&M,INE101A01026,,4983582389.362698
NSE,2021-03-01,2021-03-31,36,ULTRACEMCO,INE481G01011,,4608617047.276191
NSE,2021-03-01,2021-03-31,44,CIPLA,INE059A01026,,4368405714.897619
NSE,2021-03-01,2021-03-31,47,ADANIENT,INE423A01024,,4095373199.5515866
NSE,2021-03-01,2021-03-31,49,ONGC,INE213A01029,,3861457835.048413
NSE,2021-03-01,2021-03-31,59,TITAN,INE280A01028,,3437790787.5039682
NSE,2021-03-01,2021-03-31,67,NTPC,INE733E01010,,3157690566.765873
NSE,2021-03-01,2021-03-31,77,POWERGRID,INE752E01010,,2628958836.138889
NSE,2021-03-01,2021-03-31,87,NESTLEIND,INE239A01016,,2324116867.8753967
NSE,2021-04-01,2021-05-02,1,TATAMOTORS,INE155A01022,,30403842603.281742
NSE,2021-04-01,2021-05-02,2,RELIANCE,INE002A01018,,23918732346.803173
NSE,2021-04-01,2021-05-02,3,SBIN,INE062A01020,,18224361762.942856
NSE,2021-04-01,2021-05-02,4,TATASTEEL,INE081A01012,,15468769712.426985
NSE,2021-04-01,2021-05-02,5,HDFCBANK,INE040A01034,,14636065116.457144
NSE,2021-04-01,2021-05-02,6,ICICIBANK,INE090A01021,,14517007523.395239
NSE,2021-04-01,2021-05-02,7,BAJFINANCE,INE296A01024,,14400379068.381746
NSE,2021-04-01,2021-05-02,8,BHARTIARTL,INE397D01024,,13218446360.484127
NSE,2021-04-01,2021-05-02,9,AXISBANK,INE238A01034,,13030137598.7627
NSE,2021-04-01,2021-05-02,10,TCS,INE467B01029,,11365497547.96508
NSE,2021-04-01,2021-05-02,12,INFY,INE009A01021,,11054313964.071428
NSE,2021-04-01,2021-05-02,14,ITC,INE154A01025,,9115236430.60873
NSE,2021-04-01,2021-05-02,15,MARUTI,INE585B01010,,8227788583.246825
NSE,2021-04-01,2021-05-02,16,KOTAKBANK,INE237A01028,,8201815715.7722225
NSE,2021-04-01,2021-05-02,18,WIPRO,INE075A01022,,6621552399.660317
NSE,2021-04-01,2021-05-02,19,HCLTECH,INE860A01027,,6502970943.523809
NSE,2021-04-01,2021-05-02,21,ASIANPAINT,INE021A01026,,6376144950.933333
NSE,2021-04-01,2021-05-02,22,ADANIENT,INE423A01024,,6349356994.833333
NSE,2021-04-01,2021-05-02,24,LT,INE018A01030,,5722971488.435715
NSE,2021-04-01,2021-05-02,26,HINDUNILVR,INE030A01027,,5420724571.0150795
NSE,2021-04-01,2021-05-02,29,DRREDDY,INE089A01023,,5134348960.757142
NSE,2021-04-01,2021-05-02,33,M&M,INE101A01026,,5052575222.951588
NSE,2021-04-01,2021-05-02,38,SUNPHARMA,INE044A01036,,4664089763.615079
NSE,2021-04-01,2021-05-02,39,ULTRACEMCO,INE481G01011,,4378337210.55873
NSE,2021-04-01,2021-05-02,53,CIPLA,INE059A01026,,3656201770.953175
NSE,2021-04-01,2021-05-02,56,ONGC,INE213A01029,,3591399013.701587
NSE,2021-04-01,2021-05-02,64,TITAN,INE280A01028,,3179000278.2261906
NSE,2021-04-01,2021-05-02,67,NTPC,INE733E01010,,3048809393.026984
NSE,2021-04-01,2021-05-02,68,POWERGRID,INE752E01010,,2979690088.8388886
NSE,2021-04-01,2021-05-02,95,NESTLEIND,INE239A01016,,2015370871.973016
NSE,2021-05-03,2021-05-31,1,TATAMOTORS,INE155A01022,,24326404868.59206
NSE,2021-05-03,2021-05-31,2,RELIANCE,INE002A01018,,20256023970.220634
NSE,2021-05-03,2021-05-31,3,SBIN,INE062A01020,,20081385433.58651
NSE,2021-05-03,2021-05-31,4,TATASTEEL,INE081A01012,,18357426832.018257
NSE,2021-05-03,2021-05-31,5,ICICIBANK,INE090A01021,,16163149938.695236
NSE,2021-05-03,2021-05-31,6,HDFCBANK,INE040A01034,,15674365913.760319
NSE,2021-05-03,2021-05-31,7,BAJFINANCE,INE296A01024,,14602306978.492857
NSE,2021-05-03,2021-05-31,8,AXISBANK,INE238A01034,,13978434439.415873
NSE,2021-05-03,2021-05-31,10,BHARTIARTL,INE397D01024,,10862563293.736507
NSE,2021-05-03,2021-05-31,11,INFY,INE009A01021,,10683749104.434921
NSE,2021-05-03,2021-05-31,12,TCS,INE467B01029,,10310538436.76746
NSE,2021-05-03,2021-05-31,15,ADANIENT,INE423A01024,,9314459557.033333
NSE,2021-05-03,2021-05-31,16,ITC,INE154A01025,,7817913283.514285
NSE,2021-05-03,2021-05-31,18,KOTAKBANK,INE237A01028,,7595369309.048412
NSE,2021-05-03,2021-05-31,19,MARUTI,INE585B01010,,7575046512.365872
NSE,2021-05-03,2021-05-31,20,WIPRO,INE075A01022,,6691566084.057937
NSE,2021-05-03,2021-05-31,21,DRREDDY,INE089A01023,,6382700106.051587
NSE,2021-05-03,2021-05-31,24,HCLTECH,INE860A01027,,6076726433.205555
NSE,2021-05-03,2021-05-31,27,HINDUNILVR,INE030A01027,,5625445667.725397
NSE,2021-05-03,2021-05-31,30,ASIANPAINT,INE021A01026,,5452767471.436508
NSE,2021-05-03,2021-05-31,32,LT,INE018A01030,,5144212518.451588
NSE,2021-05-03,2021-05-31,33,CIPLA,INE059A01026,,5141577201.565872
NSE,2021-05-03,2021-05-31,34,SUNPHARMA,INE044A01036,,4997314299.273016
NSE,2021-05-03,2021-05-31,36,M&M,INE101A01026,,4726819604.714286
NSE,2021-05-03,2021-05-31,38,ULTRACEMCO,INE481G01011,,4419075373.054762
NSE,2021-05-03,2021-05-31,54,ONGC,INE213A01029,,3378661030.3904757
NSE,2021-05-03,2021-05-31,61,TITAN,INE280A01028,,3102543540.2928567
NSE,2021-05-03,2021-05-31,64,POWERGRID,INE752E01010,,2954590365.327778
NSE,2021-05-03,2021-05-31,67,NTPC,INE733E01010,,2768739280.5333333
NSE,2021-05-03,2021-05-31,93,NESTLEIND,INE239A01016,,2016441599.4325397
NSE,2021-06-01,2021-06-30,1,TATASTEEL,INE081A01012,,22745466315.473812
NSE,2021-06-01,2021-06-30,2,SBIN,INE062A01020,,19290448832.431744
NSE,2021-06-01,2021-06-30,3,TATAMOTORS,INE155A01022,,19050459873.148415
NSE,2021-06-01,2021-06-30,4,RELIANCE,INE002A01018,,18223855860.099205
NSE,2021-06-01,2021-06-30,6,HDFCBANK,INE040A01034,,14057048332.66984
NSE,2021-06-01,2021-06-30,7,ICICIBANK,INE090A01021,,13954356167.576189
NSE,2021-06-01,2021-06-30,8,BAJFINANCE,INE296A01024,,13567491593.887302
NSE,2021-06-01,2021-06-30,9,AXISBANK,INE238A01034,,11744924278.257936
NSE,2021-06-01,2021-06-30,10,ADANIENT,INE423A01024,,10492975219.937302
NSE,2021-06-01,2021-06-30,11,INFY,INE009A01021,,10450533316.45873
NSE,2021-06-01,2021-06-30,14,TCS,INE467B01029,,9279594268.91984
NSE,2021-06-01,2021-06-30,15,BHARTIARTL,INE397D01024,,8845808896.154762
NSE,2021-06-01,2021-06-30,19,WIPRO,INE075A01022,,6705656059.057142
NSE,2021-06-01,2021-06-30,20,KOTAKBANK,INE237A01028,,6348010594.057937
NSE,2021-06-01,2021-06-30,21,ITC,INE154A01025,,6281270690.825397
NSE,2021-06-01,2021-06-30,25,CIPLA,INE059A01026,,5896559986.043651
NSE,2021-06-01,2021-06-30,26,MARUTI,INE585B01010,,5879452811.107937
NSE,2021-06-01,2021-06-30,27,HCLTECH,INE860A01027,,5797660818.345238
NSE,2021-06-01,2021-06-30,28,DRREDDY,INE089A01023,,5762066939.921429
NSE,2021-06-01,2021-06-30,32,SUNPHARMA,INE044A01036,,5116159472.093651
NSE,2021-06-01,2021-06-30,34,ASIANPAINT,INE021A01026,,4936612360.457937
NSE,2021-06-01,2021-06-30,37,HINDUNILVR,INE030A01027,,4648247532.880953
NSE,2021-06-01,2021-06-30,40,LT,INE018A01030,,4488748146.715079
NSE,2021-06-01,2021-06-30,41,M&M,INE101A01026,,4175826226.1150794
NSE,2021-06-01,2021-06-30,42,ULTRACEMCO,INE481G01011,,3929957522.5309525
NSE,2021-06-01,2021-06-30,50,ONGC,INE213A01029,,3167512515.4198413
NSE,2021-06-01,2021-06-30,59,TITAN,INE280A01028,,2866182288.5142856
NSE,2021-06-01,2021-06-30,63,POWERGRID,INE752E01010,,2778700588.307936
NSE,2021-06-01,2021-06-30,81,NTPC,INE733E01010,,2410474411.4428573
NSE,2021-06-01,2021-06-30,109,NESTLEIND,INE239A01016,,1578035846.2936509
NSE,2021-07-01,2021-08-01,1,TATASTEEL,INE081A01012,,22676693066.692066
NSE,2021-07-01,2021-08-01,2,RELIANCE,INE002A01018,,18670654546.390476
NSE,2021-07-01,2021-08-01,4,SBIN,INE062A01020,,17827767620.789684
NSE,2021-07-01,2021-08-01,5,ADANIENT,INE423A01024,,15134835165.869843
NSE,2021-07-01,2021-08-01,6,TATAMOTORS,INE155A01022,,15046619865.659523
NSE,2021-07-01,2021-08-01,7,BAJFINANCE,INE296A01024,,13632722019.97857
NSE,2021-07-01,2021-08-01,8,HDFCBANK,INE040A01034,,12131339305.02381
NSE,2021-07-01,2021-08-01,9,ICICIBANK,INE090A01021,,11323319897.527779
NSE,2021-07-01,2021-08-01,11,INFY,INE009A01021,,9958115912.069048
NSE,2021-07-01,2021-08-01,13,AXISBANK,INE238A01034,,9253701074.009525
NSE,2021-07-01,2021-08-01,15,TCS,INE467B01029,,7810510784.660318
NSE,2021-07-01,2021-08-01,18,WIPRO,INE075A01022,,5991693057.235715
NSE,2021-07-01,2021-08-01,20,KOTAKBANK,INE237A01028,,5861627114.284127
NSE,2021-07-01,2021-08-01,21,CIPLA,INE059A01026,,5810915452.864285
NSE,2021-07-01,2021-08-01,27,DRREDDY,INE089A01023,,5353063702.7880945
NSE,2021-07-01,2021-08-01,28,BHARTIARTL,INE397D01024,,5279847664.436508
NSE,2021-07-01,2021-08-01,30,ITC,INE154A01025,,5104949185.537301
NSE,2021-07-01,2021-08-01,31,MARUTI,INE585B01010,,4997989834.798413
NSE,2021-07-01,2021-08-01,32,HCLTECH,INE860A01027,,4909874138.915874
NSE,2021-07-01,2021-08-01,33,SUNPHARMA,INE044A01036,,4684955041.468254
NSE,2021-07-01,2021-08-01,36,ASIANPAINT,INE021A01026,,4243659454.861905
NSE,2021-07-01,2021-08-01,38,HINDUNILVR,INE030A01027,,3986119678.661111
NSE,2021-07-01,2021-08-01,39,LT,INE018A01030,,3954877389.854762
NSE,2021-07-01,2021-08-01,40,M&M,INE101A01026,,3556330370.2126985
NSE,2021-07-01,2021-08-01,50,ULTRACEMCO,INE481G01011,,3139491684.838889
NSE,2021-07-01,2021-08-01,52,ONGC,INE213A01029,,3102054824.3619046
NSE,2021-07-01,2021-08-01,58,TITAN,INE280A01028,,2907521320.40873
NSE,2021-07-01,2021-08-01,66,POWERGRID,INE752E01010,,2627420844.6817455
NSE,2021-07-01,2021-08-01,86,NTPC,INE733E01010,,2091944088.296032
NSE,2021-07-01,2021-08-01,126,NESTLEIND,INE239A01016,,1304252994.1492062
NSE,2021-08-02,2021-08-31,1,TATASTEEL,INE081A01012,,19456442775.103966
NSE,2021-08-02,2021-08-31,2,RELIANCE,INE002A01018,,16662461163.207142
NSE,2021-08-02,2021-08-31,3,SBIN,INE062A01020,,14739773961.479366
NSE,2021-08-02,2021-08-31,5,TATAMOTORS,INE155A01022,,13553332295.120636
NSE,2021-08-02,2021-08-31,6,ADANIENT,INE423A01024,,13255371582.46508
NSE,2021-08-02,2021-08-31,7,BAJFINANCE,INE296A01024,,10910405255.827778
NSE,2021-08-02,2021-08-31,8,HDFCBANK,INE040A01034,,9643640751.469843
NSE,2021-08-02,2021-08-31,10,ICICIBANK,INE090A01021,,8731129048.304762
NSE,2021-08-02,2021-08-31,11,INFY,INE009A01021,,8622103689.642063
NSE,2021-08-02,2021-08-31,14,TCS,INE467B01029,,6816545628.92381
NSE,2021-08-02,2021-08-31,15,AXISBANK,INE238A01034,,6545332085.108729
NSE,2021-08-02,2021-08-31,19,BHARTIARTL,INE397D01024,,5599132854.115872
NSE,2021-08-02,2021-08-31,22,KOTAKBANK,INE237A01028,,5338886737.724603
NSE,2021-08-02,2021-08-31,25,ITC,INE154A01025,,5051932527.515873
NSE,2021-08-02,2021-08-31,26,WIPRO,INE075A01022,,4624761218.351586
NSE,2021-08-02,2021-08-31,30,MARUTI,INE585B01010,,4273777902.9182534
NSE,2021-08-02,2021-08-31,31,SUNPHARMA,INE044A01036,,4257884596.497619
NSE,2021-08-02,2021-08-31,33,DRREDDY,INE089A01023,,4238285800.075397
NSE,2021-08-02,2021-08-31,34,HCLTECH,INE860A01027,,4186334331.1253967
NSE,2021-08-02,2021-08-31,35,ASIANPAINT,INE021A01026,,4165892735.5309525
NSE,2021-08-02,2021-08-31,36,LT,INE018A01030,,4160000764.9365077
NSE,2021-08-02,2021-08-31,38,CIPLA,INE059A01026,,3836057658.588095
NSE,2021-08-02,2021-08-31,50,HINDUNILVR,INE030A01027,,3077109453.199207
NSE,2021-08-02,2021-08-31,53,ONGC,INE213A01029,,2896500922.4325395
NSE,2021-08-02,2021-08-31,54,M&M,INE101A01026,,2884325070.794444
NSE,2021-08-02,2021-08-31,55,ULTRACEMCO,INE481G01011,,2791871914.250794
NSE,2021-08-02,2021-08-31,59,TITAN,INE280A01028,,2586191003.8976192
NSE,2021-08-02,2021-08-31,66,POWERGRID,INE752E01010,,2404246279.714286
NSE,2021-08-02,2021-08-31,88,NTPC,INE733E01010,,2010927588.625397
NSE,2021-08-02,2021-08-31,147,NESTLEIND,INE239A01016,,1100196460.5261903
NSE,2021-09-01,2021-09-30,1,TATASTEEL,INE081A01012,,17013774673.69365
NSE,2021-09-01,2021-09-30,2,RELIANCE,INE002A01018,,15150747190.029366
NSE,2021-09-01,2021-09-30,4,ADANIENT,INE423A01024,,11612137054.100794
NSE,2021-09-01,2021-09-30,5,SBIN,INE062A01020,,10603675078.560318
NSE,2021-09-01,2021-09-30,6,TATAMOTORS,INE155A01022,,10580736479.865871
NSE,2021-09-01,2021-09-30,7,BAJFINANCE,INE296A01024,,9971941574.848412
NSE,2021-09-01,2021-09-30,8,INFY,INE009A01021,,9672041585.209522
NSE,2021-09-01,2021-09-30,9,HDFCBANK,INE040A01034,,9230585772.026192
NSE,2021-09-01,2021-09-30,10,ICICIBANK,INE090A01021,,8158313885.388095
NSE,2021-09-01,2021-09-30,11,BHARTIARTL,INE397D01024,,8031157761.81746
NSE,2021-09-01,2021-09-30,12,TCS,INE467B01029,,7723874332.629366
NSE,2021-09-01,2021-09-30,15,KOTAKBANK,INE237A01028,,5684536259.479365
NSE,2021-09-01,2021-09-30,19,AXISBANK,INE238A01034,,5319219447.780952
NSE,2021-09-01,2021-09-30,23,HCLTECH,INE860A01027,,4664463998.243651
NSE,2021-09-01,2021-09-30,25,MARUTI,INE585B01010,,4350091114.292064
NSE,2021-09-01,2021-09-30,26,WIPRO,INE075A01022,,4197862620.0563493
NSE,2021-09-01,2021-09-30,29,ITC,INE154A01025,,4042779311.9325395
NSE,2021-09-01,2021-09-30,31,LT,INE018A01030,,3884180316.0674605
NSE,2021-09-01,2021-09-30,32,ASIANPAINT,INE021A01026,,3660888322.7095237
NSE,2021-09-01,2021-09-30,36,HINDUNILVR,INE030A01027,,3501218759.795238
NSE,2021-09-01,2021-09-30,38,DRREDDY,INE089A01023,,3415852905.9428577
NSE,2021-09-01,2021-09-30,39,SUNPHARMA,INE044A01036,,3323077549.075397
NSE,2021-09-01,2021-09-30,55,TITAN,INE280A01028,,2523233320.262698
NSE,2021-09-01,2021-09-30,57,CIPLA,INE059A01026,,2484894288.3650794
NSE,2021-09-01,2021-09-30,59,ULTRACEMCO,INE481G01011,,2448486444.571429
NSE,2021-09-01,2021-09-30,63,POWERGRID,INE752E01010,,2321221320.445238
NSE,2021-09-01,2021-09-30,65,ONGC,INE213A01029,,2318867674.8039684
NSE,2021-09-01,2021-09-30,67,M&M,INE101A01026,,2275683653.903175
NSE,2021-09-01,2021-09-30,93,NTPC,INE733E01010,,1713253285.4238095
NSE,2021-09-01,2021-09-30,132,NESTLEIND,INE239A01016,,1205106376.8492064
NSE,2021-10-01,2021-10-31,1,TATASTEEL,INE081A01012,,16645972141.630953
NSE,2021-10-01,2021-10-31,2,RELIANCE,INE002A01018,,13589254362.184126
NSE,2021-10-01,2021-10-31,3,BHARTIARTL,INE397D01024,,12044840985.856348
NSE,2021-10-01,2021-10-31,4,HDFCBANK,INE040A01034,,9901432432.453968
NSE,2021-10-01,2021-10-31,6,SBIN,INE062A01020,,9629188517.938095
NSE,2021-10-01,2021-10-31,7,TATAMOTORS,INE155A01022,,9593877151.801588
NSE,2021-10-01,2021-10-31,8,INFY,INE009A01021,,9429214859.561903
NSE,2021-10-01,2021-10-31,9,BAJFINANCE,INE296A01024,,9115180437.238094
NSE,2021-10-01,2021-10-31,10,TCS,INE467B01029,,8531025032.125396
NSE,2021-10-01,2021-10-31,11,ICICIBANK,INE090A01021,,7917739966.438889
NSE,2021-10-01,2021-10-31,13,KOTAKBANK,INE237A01028,,6621995378.544444
NSE,2021-10-01,2021-10-31,16,ADANIENT,INE423A01024,,6066917947.123809
NSE,2021-10-01,2021-10-31,18,HCLTECH,INE860A01027,,5561213276.630159
NSE,2021-10-01,2021-10-31,19,AXISBANK,INE238A01034,,5512611177.713492
NSE,2021-10-01,2021-10-31,22,ITC,INE154A01025,,5158881693.580952
NSE,2021-10-01,2021-10-31,24,MARUTI,INE585B01010,,4773828982.092856
NSE,2021-10-01,2021-10-31,28,WIPRO,INE075A01022,,4459008223.791269
NSE,2021-10-01,2021-10-31,35,LT,INE018A01030,,3768737266.2174606
NSE,2021-10-01,2021-10-31,36,HINDUNILVR,INE030A01027,,3750200195.031746
NSE,2021-10-01,2021-10-31,37,ASIANPAINT,INE021A01026,,3620386183.124603
NSE,2021-10-01,2021-10-31,40,SUNPHARMA,INE044A01036,,3522893952.7547617
NSE,2021-10-01,2021-10-31,43,DRREDDY,INE089A01023,,3076177499.415079
NSE,2021-10-01,2021-10-31,56,ULTRACEMCO,INE481G01011,,2480892798.4460316
NSE,2021-10-01,2021-10-31,63,M&M,INE101A01026,,2420533640.1769843
NSE,2021-10-01,2021-10-31,66,ONGC,INE213A01029,,2312474986.0769844
NSE,2021-10-01,2021-10-31,69,CIPLA,INE059A01026,,2253902760.945238
NSE,2021-10-01,2021-10-31,70,TITAN,INE280A01028,,2229902178.9555554
NSE,2021-10-01,2021-10-31,75,POWERGRID,INE752E01010,,2089592021.124603
NSE,2021-10-01,2021-10-31,100,NTPC,INE733E01010,,1638818652.4896824
NSE,2021-10-01,2021-10-31,129,NESTLEIND,INE239A01016,,1271498183.5468254
NSE,2021-11-01,2021-11-30,2,TATASTEEL,INE081A01012,,15418488303.185715
NSE,2021-11-01,2021-11-30,3,RELIANCE,INE002A01018,,15112447024.992064
NSE,2021-11-01,2021-11-30,4,TATAMOTORS,INE155A01022,,14877085495.739681
NSE,2021-11-01,2021-11-30,5,BHARTIARTL,INE397D01024,,12444026761.611906
NSE,2021-11-01,2021-11-30,7,SBIN,INE062A01020,,10849530577.423014
NSE,2021-11-01,2021-11-30,8,INFY,INE009A01021,,10717668694.244444
NSE,2021-11-01,2021-11-30,9,TCS,INE467B01029,,10435065341.159523
NSE,2021-11-01,2021-11-30,10,HDFCBANK,INE040A01034,,9812616391.993652
NSE,2021-11-01,2021-11-30,11,ICICIBANK,INE090A01021,,9334190356.073017
NSE,2021-11-01,2021-11-30,12,BAJFINANCE,INE296A01024,,9331232272.379366
NSE,2021-11-01,2021-11-30,15,KOTAKBANK,INE237A01028,,7611869292.150001
NSE,2021-11-01,2021-11-30,17,AXISBANK,INE238A01034,,6906883622.107142
NSE,2021-11-01,2021-11-30,18,HCLTECH,INE860A01027,,6616068345.282539
NSE,2021-11-01,2021-11-30,19,ITC,INE154A01025,,6260481346.051587
NSE,2021-11-01,2021-11-30,25,ADANIENT,INE423A01024,,5376805524.902382
NSE,2021-11-01,2021-11-30,26,MARUTI,INE585B01010,,5370156238.375396
NSE,2021-11-01,2021-11-30,29,WIPRO,INE075A01022,,4786922159.791269
NSE,2021-11-01,2021-11-30,31,HINDUNILVR,INE030A01027,,4570972586.542856
NSE,2021-11-01,2021-11-30,37,ASIANPAINT,INE021A01026,,4002977791.243651
NSE,2021-11-01,2021-11-30,38,LT,INE018A01030,,3952706074.9325395
NSE,2021-11-01,2021-11-30,44,TITAN,INE280A01028,,3548901924.6103177
NSE,2021-11-01,2021-11-30,46,ONGC,INE213A01029,,3430111893.3587303
NSE,2021-11-01,2021-11-30,52,M&M,INE101A01026,,3169132664.276984
NSE,2021-11-01,2021-11-30,53,SUNPHARMA,INE044A01036,,3140148208.370635
NSE,2021-11-01,2021-11-30,62,ULTRACEMCO,INE481G01011,,2596027050.419048
NSE,2021-11-01,2021-11-30,67,DRREDDY,INE089A01023,,2454461791.674603
NSE,2021-11-01,2021-11-30,71,CIPLA,INE059A01026,,2357029733.304762
NSE,2021-11-01,2021-11-30,75,POWERGRID,INE752E01010,,2275061438.325397
NSE,2021-11-01,2021-11-30,84,NTPC,INE733E01010,,2072535191.7444446
NSE,2021-11-01,2021-11-30,131,NESTLEIND,INE239A01016,,1318928217.1904762
NSE,2021-12-01,2022-01-02,2,TATAMOTORS,INE155A01022,,18024567600.43651
NSE,2021-12-01,2022-01-02,3,RELIANCE,INE002A01018,,16971430019.258732
NSE,2021-12-01,2022-01-02,5,TATASTEEL,INE081A01012,,12694236944.968254
NSE,2021-12-01,2022-01-02,6,BHARTIARTL,INE397D01024,,11831465886.331745
NSE,2021-12-01,2022-01-02,7,SBIN,INE062A01020,,10656244432.619047
NSE,2021-12-01,2022-01-02,8,INFY,INE009A01021,,10558652462.885714
NSE,2021-12-01,2022-01-02,9,ICICIBANK,INE090A01021,,10425977299.965872
NSE,2021-12-01,2022-01-02,10,HDFCBANK,INE040A01034,,10013170667.606348
NSE,2021-12-01,2022-01-02,11,TCS,INE467B01029,,10000635476.721428
NSE,2021-12-01,2022-01-02,13,BAJFINANCE,INE296A01024,,8898468313.74365
NSE,2021-12-01,2022-01-02,16,AXISBANK,INE238A01034,,8286203382.188095
NSE,2021-12-01,2022-01-02,18,KOTAKBANK,INE237A01028,,7229799188.998413
NSE,2021-12-01,2022-01-02,19,ITC,INE154A01025,,6583766668.880158
NSE,2021-12-01,2022-01-02,21,MARUTI,INE585B01010,,6425292082.870634
NSE,2021-12-01,2022-01-02,22,HCLTECH,INE860A01027,,6084473001.638889
NSE,2021-12-01,2022-01-02,28,ADANIENT,INE423A01024,,4986985865.523809
NSE,2021-12-01,2022-01-02,30,LT,INE018A01030,,4679042871.539682
NSE,2021-12-01,2022-01-02,31,WIPRO,INE075A01022,,4662275869.678572
NSE,2021-12-01,2022-01-02,33,HINDUNILVR,INE030A01027,,4515374926.761905
NSE,2021-12-01,2022-01-02,39,ASIANPAINT,INE021A01026,,4084052104.747619
NSE,2021-12-01,2022-01-02,41,M&M,INE101A01026,,3897001238.538095
NSE,2021-12-01,2022-01-02,45,ONGC,INE213A01029,,3838756383.0944448
NSE,2021-12-01,2022-01-02,46,TITAN,INE280A01028,,3766498188.857143
NSE,2021-12-01,2022-01-02,56,SUNPHARMA,INE044A01036,,2919147742.7769837
NSE,2021-12-01,2022-01-02,60,ULTRACEMCO,INE481G01011,,2732923863.6285715
NSE,2021-12-01,2022-01-02,75,CIPLA,INE059A01026,,2353284273.4507937
NSE,2021-12-01,2022-01-02,76,POWERGRID,INE752E01010,,2289981596.034127
NSE,2021-12-01,2022-01-02,79,NTPC,INE733E01010,,2212711534.731746
NSE,2021-12-01,2022-01-02,80,DRREDDY,INE089A01023,,2164229932.6357145
NSE,2021-12-01,2022-01-02,132,NESTLEIND,INE239A01016,,1273188737.6325397
NSE,2022-01-03,2022-01-31,1,TATAMOTORS,INE155A01022,,18392462834.9373
NSE,2022-01-03,2022-01-31,4,RELIANCE,INE002A01018,,15374070995.326984
NSE,2022-01-03,2022-01-31,5,ICICIBANK,INE090A01021,,11744334012.489681
NSE,2022-01-03,2022-01-31,6,INFY,INE009A01021,,10053450501.421429
NSE,2022-01-03,2022-01-31,7,SBIN,INE062A01020,,9864548472.22619
NSE,2022-01-03,2022-01-31,8,TATASTEEL,INE081A01012,,9618956648.6
NSE,2022-01-03,2022-01-31,9,TCS,INE467B01029,,9209109117.480953
NSE,2022-01-03,2022-01-31,10,HDFCBANK,INE040A01034,,9203643702.095238
NSE,2022-01-03,2022-01-31,11,BAJFINANCE,INE296A01024,,8184585282.042857
NSE,2022-01-03,2022-01-31,14,AXISBANK,INE238A01034,,7816400383.295238
NSE,2022-01-03,2022-01-31,17,BHARTIARTL,INE397D01024,,7197778012.495238
NSE,2022-01-03,2022-01-31,18,KOTAKBANK,INE237A01028,,6237680534.096825
NSE,2022-01-03,2022-01-31,19,MARUTI,INE585B01010,,5587536871.179365
NSE,2022-01-03,2022-01-31,20,ITC,INE154A01025,,5485562762.836508
NSE,2022-01-03,2022-01-31,22,HCLTECH,INE860A01027,,5431691237.713491
NSE,2022-01-03,2022-01-31,25,WIPRO,INE075A01022,,5191315284.077778
NSE,2022-01-03,2022-01-31,30,LT,INE018A01030,,4678751487.860317
NSE,2022-01-03,2022-01-31,35,ASIANPAINT,INE021A01026,,3939363162.955556
NSE,2022-01-03,2022-01-31,36,HINDUNILVR,INE030A01027,,3928727135.2007937
NSE,2022-01-03,2022-01-31,37,TITAN,INE280A01028,,3873671734.885714
NSE,2022-01-03,2022-01-31,38,ADANIENT,INE423A01024,,3833542366.2166667
NSE,2022-01-03,2022-01-31,41,M&M,INE101A01026,,3597676145.929365
NSE,2022-01-03,2022-01-31,46,ONGC,INE213A01029,,3128882773.275397
NSE,2022-01-03,2022-01-31,47,SUNPHARMA,INE044A01036,,3075462785.8563495
NSE,2022-01-03,2022-01-31,61,POWERGRID,INE752E01010,,2592655498.249206
NSE,2022-01-03,2022-01-31,62,ULTRACEMCO,INE481G01011,,2492845411.37619
NSE,2022-01-03,2022-01-31,66,CIPLA,INE059A01026,,2324131413.0698414
NSE,2022-01-03,2022-01-31,79,NTPC,INE733E01010,,1969944533.7880955
NSE,2022-01-03,2022-01-31,83,DRREDDY,INE089A01023,,1891350982.5380952
NSE,2022-01-03,2022-01-31,147,NESTLEIND,INE239A01016,,1012029970.497619
NSE,2022-02-01,2022-03-01,1,RELIANCE,INE002A01018,,15909167557.343649
NSE,2022-02-01,2022-03-01,2,TATAMOTORS,INE155A01022,,12395915371.02381
NSE,2022-02-01,2022-03-01,3,ICICIBANK,INE090A01021,,11390401989.0
NSE,2022-02-01,2022-03-01,5,INFY,INE009A01021,,10216967058.707935
NSE,2022-02-01,2022-03-01,6,HDFCBANK,INE040A01034,,9773496661.10873
NSE,2022-02-01,2022-03-01,7,SBIN,INE062A01020,,9553896873.507936
NSE,2022-02-01,2022-03-01,8,TCS,INE467B01029,,9129865399.03492
NSE,2022-02-01,2022-03-01,9,BAJFINANCE,INE296A01024,,9040732892.136509
NSE,2022-02-01,2022-03-01,10,TATASTEEL,INE081A01012,,8906954056.109524
NSE,2022-02-01,2022-03-01,12,AXISBANK,INE238A01034,,8222015796.281746
NSE,2022-02-01,2022-03-01,13,BHARTIARTL,INE397D01024,,6820787695.478571
NSE,2022-02-01,2022-03-01,15,MARUTI,INE585B01010,,6179164976.5912695
NSE,2022-02-01,2022-03-01,19,KOTAKBANK,INE237A01028,,5369461422.403175
NSE,2022-02-01,2022-03-01,20,WIPRO,INE075A01022,,5335329665.010318
NSE,2022-02-01,2022-03-01,23,HCLTECH,INE860A01027,,5170747861.037302
NSE,2022-02-01,2022-03-01,27,LT,INE018A01030,,4659803141.7119055
NSE,2022-02-01,2022-03-01,32,ITC,INE154A01025,,4122330715.7595234
NSE,2022-02-01,2022-03-01,34,ASIANPAINT,INE021A01026,,3689841060.1253967
NSE,2022-02-01,2022-03-01,35,HINDUNILVR,INE030A01027,,3629033176.812698
NSE,2022-02-01,2022-03-01,36,ADANIENT,INE423A01024,,3549376773.5738096
NSE,2022-02-01,2022-03-01,39,SUNPHARMA,INE044A01036,,3419273575.0341268
NSE,2022-02-01,2022-03-01,41,M&M,INE101A01026,,3238964191.5190477
NSE,2022-02-01,2022-03-01,42,TITAN,INE280A01028,,3196715304.8428574
NSE,2022-02-01,2022-03-01,49,POWERGRID,INE752E01010,,2690803029.976984
NSE,2022-02-01,2022-03-01,57,ONGC,INE213A01029,,2387876258.507143
NSE,2022-02-01,2022-03-01,59,ULTRACEMCO,INE481G01011,,2361674799.4920635
NSE,2022-02-01,2022-03-01,62,CIPLA,INE059A01026,,2235901183.088095
NSE,2022-02-01,2022-03-01,78,DRREDDY,INE089A01023,,1826240564.2698412
NSE,2022-02-01,2022-03-01,84,NTPC,INE733E01010,,1676022508.715873
NSE,2022-02-01,2022-03-01,160,NESTLEIND,INE239A01016,,882538675.0960318
NSE,2022-03-02,2022-03-31,1,RELIANCE,INE002A01018,,14453813348.019842
NSE,2022-03-02,2022-03-31,2,ICICIBANK,INE090A01021,,11233081473.105556
NSE,2022-03-02,2022-03-31,3,INFY,INE009A01021,,10770240585.237303
NSE,2022-03-02,2022-03-31,4,TCS,INE467B01029,,10595162276.907938
NSE,2022-03-02,2022-03-31,5,TATAMOTORS,INE155A01022,,10464354738.684126
NSE,2022-03-02,2022-03-31,6,HDFCBANK,INE040A01034,,9809834497.767462
NSE,2022-03-02,2022-03-31,7,BAJFINANCE,INE296A01024,,9427567192.13492
NSE,2022-03-02,2022-03-31,9,SBIN,INE062A01020,,9308169475.709522
NSE,2022-03-02,2022-03-31,10,TATASTEEL,INE081A01012,,8765356299.446825
NSE,2022-03-02,2022-03-31,12,AXISBANK,INE238A01034,,7729976932.070635
NSE,2022-03-02,2022-03-31,13,MARUTI,INE585B01010,,5891825120.619047
NSE,2022-03-02,2022-03-31,14,WIPRO,INE075A01022,,5698215696.509524
NSE,2022-03-02,2022-03-31,15,KOTAKBANK,INE237A01028,,5504502460.923016
NSE,2022-03-02,2022-03-31,16,BHARTIARTL,INE397D01024,,5316701513.427778
NSE,2022-03-02,2022-03-31,18,HCLTECH,INE860A01027,,5093933186.130159
NSE,2022-03-02,2022-03-31,24,ITC,INE154A01025,,4230110589.5166664
NSE,2022-03-02,2022-03-31,26,LT,INE018A01030,,4145701361.3357143
NSE,2022-03-02,2022-03-31,33,ASIANPAINT,INE021A01026,,3484420930.547619
NSE,2022-03-02,2022-03-31,36,HINDUNILVR,INE030A01027,,3389218298.8587303
NSE,2022-03-02,2022-03-31,37,TITAN,INE280A01028,,3314443982.5349207
NSE,2022-03-02,2022-03-31,38,SUNPHARMA,INE044A01036,,3275404485.877778
NSE,2022-03-02,2022-03-31,45,ADANIENT,INE423A01024,,2800096864.62381
NSE,2022-03-02,2022-03-31,50,ONGC,INE213A01029,,2621051878.4436507
NSE,2022-03-02,2022-03-31,51,POWERGRID,INE752E01010,,2597524872.6349206
NSE,2022-03-02,2022-03-31,53,M&M,INE101A01026,,2557431241.9198413
NSE,2022-03-02,2022-03-31,57,ULTRACEMCO,INE481G01011,,2432880754.9293647
NSE,2022-03-02,2022-03-31,64,CIPLA,INE059A01026,,2132975181.5357144
NSE,2022-03-02,2022-03-31,75,DRREDDY,INE089A01023,,1808802512.442857
NSE,2022-03-02,2022-03-31,92,NTPC,INE733E01010,,1586876135.2880955
NSE,2022-03-02,2022-03-31,146,NESTLEIND,INE239A01016,,960052812.9563493
NSE,2022-04-01,2022-05-01,1,RELIANCE,INE002A01018,,15192075830.554762
NSE,2022-04-01,2022-05-01,2,INFY,INE009A01021,,12407186272.58889
NSE,2022-04-01,2022-05-01,3,ICICIBANK,INE090A01021,,11955628196.66508
NSE,2022-04-01,2022-05-01,4,TATAMOTORS,INE155A01022,,11940354910.022223
NSE,2022-04-01,2022-05-01,5,HDFCBANK,INE040A01034,,11866680883.080952
NSE,2022-04-01,2022-05-01,6,TCS,INE467B01029,,11055933472.861904
NSE,2022-04-01,2022-05-01,8,SBIN,INE062A01020,,10596026519.576189
NSE,2022-04-01,2022-05-01,9,TATASTEEL,INE081A01012,,10524573659.044445
NSE,2022-04-01,2022-05-01,10,BAJFINANCE,INE296A01024,,9993879307.699205
NSE,2022-04-01,2022-05-01,11,AXISBANK,INE238A01034,,8875151766.418253
NSE,2022-04-01,2022-05-01,12,MARUTI,INE585B01010,,7391363393.883333
NSE,2022-04-01,2022-05-01,16,KOTAKBANK,INE237A01028,,5745970124.069047
NSE,2022-04-01,2022-05-01,17,WIPRO,INE075A01022,,5328005490.490476
NSE,2022-04-01,2022-05-01,18,ITC,INE154A01025,,5312474965.935715
NSE,2022-04-01,2022-05-01,19,BHARTIARTL,INE397D01024,,5123259846.238889
NSE,2022-04-01,2022-05-01,21,HCLTECH,INE860A01027,,5014372981.976191
NSE,2022-04-01,2022-05-01,24,ONGC,INE213A01029,,4524426204.150794
NSE,2022-04-01,2022-05-01,26,ASIANPAINT,INE021A01026,,4415100209.860317
NSE,2022-04-01,2022-05-01,27,HINDUNILVR,INE030A01027,,4324867672.1285715
NSE,2022-04-01,2022-05-01,29,LT,INE018A01030,,4296980423.6214285
NSE,2022-04-01,2022-05-01,34,TITAN,INE280A01028,,3857909572.6793647
NSE,2022-04-01,2022-05-01,38,ULTRACEMCO,INE481G01011,,3574572660.3079367
NSE,2022-04-01,2022-05-01,46,SUNPHARMA,INE044A01036,,3096171374.9166665
NSE,2022-04-01,2022-05-01,47,ADANIENT,INE423A01024,,2948632161.0134916
NSE,2022-04-01,2022-05-01,49,M&M,INE101A01026,,2898261580.781746
NSE,2022-04-01,2022-05-01,53,CIPLA,INE059A01026,,2678861316.075397
NSE,2022-04-01,2022-05-01,58,POWERGRID,INE752E01010,,2483224688.5142856
NSE,2022-04-01,2022-05-01,61,DRREDDY,INE089A01023,,2355022378.0944443
NSE,2022-04-01,2022-05-01,87,NTPC,INE733E01010,,1694708645.0079365
NSE,2022-04-01,2022-05-01,139,NESTLEIND,INE239A01016,,1054576197.1888888
NSE,2022-05-02,2022-05-31,1,RELIANCE,INE002A01018,,16438781598.04127
NSE,2022-05-02,2022-05-31,2,HDFCBANK,INE040A01034,,16369324253.123016
NSE,2022-05-02,2022-05-31,4,INFY,INE009A01021,,13235255154.473017
NSE,2022-05-02,2022-05-31,5,ICICIBANK,INE090A01021,,12636663484.211111
NSE,2022-05-02,2022-05-31,6,TATAMOTORS,INE155A01022,,11139596037.666666
NSE,2022-05-02,2022-05-31,7,TATASTEEL,INE081A01012,,10651792647.114286
NSE,2022-05-02,2022-05-31,8,SBIN,INE062A01020,,10143424756.570637
NSE,2022-05-02,2022-05-31,9,TCS,INE467B01029,,9777028911.340475
NSE,2022-05-02,2022-05-31,11,BAJFINANCE,INE296A01024,,8910644086.133333
NSE,2022-05-02,2022-05-31,13,AXISBANK,INE238A01034,,8438810733.213491
NSE,2022-05-02,2022-05-31,15,MARUTI,INE585B01010,,6762729430.730952
NSE,2022-05-02,2022-05-31,16,ITC,INE154A01025,,6330039464.365872
NSE,2022-05-02,2022-05-31,17,KOTAKBANK,INE237A01028,,5784472380.739682
NSE,2022-05-02,2022-05-31,21,BHARTIARTL,INE397D01024,,4840396614.6
NSE,2022-05-02,2022-05-31,23,ONGC,INE213A01029,,4518641919.072222
NSE,2022-05-02,2022-05-31,24,WIPRO,INE075A01022,,4467743938.210318
NSE,2022-05-02,2022-05-31,25,HINDUNILVR,INE030A01027,,4457038827.2650795
NSE,2022-05-02,2022-05-31,27,LT,INE018A01030,,4250590313.615873
NSE,2022-05-02,2022-05-31,29,HCLTECH,INE860A01027,,4216357929.67619
NSE,2022-05-02,2022-05-31,30,ASIANPAINT,INE021A01026,,4079495968.4293647
NSE,2022-05-02,2022-05-31,38,TITAN,INE280A01028,,3525554852.4253964
NSE,2022-05-02,2022-05-31,41,ULTRACEMCO,INE481G01011,,3395517933.571429
NSE,2022-05-02,2022-05-31,43,ADANIENT,INE423A01024,,3277143275.3373017
NSE,2022-05-02,2022-05-31,48,M&M,INE101A01026,,2980276944.8650794
NSE,2022-05-02,2022-05-31,52,SUNPHARMA,INE044A01036,,2810832223.052381
NSE,2022-05-02,2022-05-31,55,CIPLA,INE059A01026,,2657888416.5555553
NSE,2022-05-02,2022-05-31,57,POWERGRID,INE752E01010,,2455687443.1309524
NSE,2022-05-02,2022-05-31,59,NTPC,INE733E01010,,2381344075.0166664
NSE,2022-05-02,2022-05-31,64,DRREDDY,INE089A01023,,2262045000.0261903
NSE,2022-05-02,2022-05-31,135,NESTLEIND,INE239A01016,,1160389303.7833333
NSE,2022-06-01,2022-06-30,1,RELIANCE,INE002A01018,,19606366890.335716
NSE,2022-06-01,2022-06-30,2,HDFCBANK,INE040A01034,,17323997708.629364
NSE,2022-06-01,2022-06-30,3,INFY,INE009A01021,,13788600630.801588
NSE,2022-06-01,2022-06-30,5,ICICIBANK,INE090A01021,,12066585750.579365
NSE,2022-06-01,2022-06-30,6,TATASTEEL,INE081A01012,,11076244437.050795
NSE,2022-06-01,2022-06-30,7,TATAMOTORS,INE155A01022,,10246273593.131744
NSE,2022-06-01,2022-06-30,8,BAJFINANCE,INE296A01024,,9131813502.72143
NSE,2022-06-01,2022-06-30,10,SBIN,INE062A01020,,8699331645.736507
NSE,2022-06-01,2022-06-30,12,TCS,INE467B01029,,8405684230.937302
NSE,2022-06-01,2022-06-30,13,AXISBANK,INE238A01034,,7921694434.213492
NSE,2022-06-01,2022-06-30,17,ITC,INE154A01025,,6576486152.036508
NSE,2022-06-01,2022-06-30,18,KOTAKBANK,INE237A01028,,6407004766.649206
NSE,2022-06-01,2022-06-30,19,MARUTI,INE585B01010,,6385346517.956349
NSE,2022-06-01,2022-06-30,21,BHARTIARTL,INE397D01024,,5120356948.7809515
NSE,2022-06-01,2022-06-30,23,HINDUNILVR,INE030A01027,,4836380535.913492
NSE,2022-06-01,2022-06-30,25,ASIANPAINT,INE021A01026,,4708986547.272222
NSE,2022-06-01,2022-06-30,28,ONGC,INE213A01029,,4459479821.294445
NSE,2022-06-01,2022-06-30,32,WIPRO,INE075A01022,,4079888141.8960314
NSE,2022-06-01,2022-06-30,33,LT,INE018A01030,,4019088716.2309523
NSE,2022-06-01,2022-06-30,34,HCLTECH,INE860A01027,,3854998161.102381
NSE,2022-06-01,2022-06-30,39,TITAN,INE280A01028,,3674789076.379365
NSE,2022-06-01,2022-06-30,41,ADANIENT,INE423A01024,,3605403941.562699
NSE,2022-06-01,2022-06-30,42,M&M,INE101A01026,,3496974683.2873015
NSE,2022-06-01,2022-06-30,44,ULTRACEMCO,INE481G01011,,3296009032.3777776
NSE,2022-06-01,2022-06-30,48,NTPC,INE733E01010,,3047545369.9539685
NSE,2022-06-01,2022-06-30,51,SUNPHARMA,INE044A01036,,2979230410.3404765
NSE,2022-06-01,2022-06-30,54,POWERGRID,INE752E01010,,2851769858.823016
NSE,2022-06-01,2022-06-30,56,CIPLA,INE059A01026,,2617979909.9404764
NSE,2022-06-01,2022-06-30,62,DRREDDY,INE089A01023,,2429652857.2785716
NSE,2022-06-01,2022-06-30,120,NESTLEIND,INE239A01016,,1338598474.6261907
NSE,2022-07-01,2022-07-31,1,RELIANCE,INE002A01018,,21674257984.24206
NSE,2022-07-01,2022-07-31,2,HDFCBANK,INE040A01034,,14725408393.365873
NSE,2022-07-01,2022-07-31,3,INFY,INE009A01021,,12034447490.660316
NSE,2022-07-01,2022-07-31,5,ICICIBANK,INE090A01021,,9818079628.559525
NSE,2022-07-01,2022-07-31,6,TATASTEEL,INE081A01012,,9324922858.584127
NSE,2022-07-01,2022-07-31,8,BAJFINANCE,INE296A01024,,8070570569.907143
NSE,2022-07-01,2022-07-31,9,TCS,INE467B01029,,7933633780.265079
NSE,2022-07-01,2022-07-31,10,TATAMOTORS,INE155A01022,,7774949967.854761
NSE,2022-07-01,2022-07-31,12,SBIN,INE062A01020,,6896344479.349206
NSE,2022-07-01,2022-07-31,13,AXISBANK,INE238A01034,,6394883885.107142
NSE,2022-07-01,2022-07-31,16,MARUTI,INE585B01010,,5588521533.884921
NSE,2022-07-01,2022-07-31,17,KOTAKBANK,INE237A01028,,5276169611.278571
NSE,2022-07-01,2022-07-31,20,ITC,INE154A01025,,5085744937.954762
NSE,2022-07-01,2022-07-31,22,BHARTIARTL,INE397D01024,,4791441108.824603
NSE,2022-07-01,2022-07-31,24,HINDUNILVR,INE030A01027,,4191386493.2682543
NSE,2022-07-01,2022-07-31,27,ADANIENT,INE423A01024,,4033945494.488889
NSE,2022-07-01,2022-07-31,28,ONGC,INE213A01029,,4030427720.404762
NSE,2022-07-01,2022-07-31,29,M&M,INE101A01026,,4004877553.090476
NSE,2022-07-01,2022-07-31,31,ASIANPAINT,INE021A01026,,3911817051.0849204
NSE,2022-07-01,2022-07-31,32,WIPRO,INE075A01022,,3573943851.5190477
NSE,2022-07-01,2022-07-31,33,LT,INE018A01030,,3564244440.9
NSE,2022-07-01,2022-07-31,34,TITAN,INE280A01028,,3556874818.5698414
NSE,2022-07-01,2022-07-31,38,NTPC,INE733E01010,,3437586645.426984
NSE,2022-07-01,2022-07-31,39,HCLTECH,INE860A01027,,3253929967.0547614
NSE,2022-07-01,2022-07-31,46,SUNPHARMA,INE044A01036,,2646335391.4619045
NSE,2022-07-01,2022-07-31,48,ULTRACEMCO,INE481G01011,,2634319206.8373017
NSE,2022-07-01,2022-07-31,49,POWERGRID,INE752E01010,,2594919221.1730156
NSE,2022-07-01,2022-07-31,71,DRREDDY,INE089A01023,,1832315671.493651
NSE,2022-07-01,2022-07-31,74,CIPLA,INE059A01026,,1818914078.147619
NSE,2022-07-01,2022-07-31,109,NESTLEIND,INE239A01016,,1270790642.7365081
NSE,2022-08-01,2022-08-31,1,RELIANCE,INE002A01018,,21710256231.95238
NSE,2022-08-01,2022-08-31,2,INFY,INE009A01021,,9866050353.78254
NSE,2022-08-01,2022-08-31,3,HDFCBANK,INE040A01034,,9469839173.684126
NSE,2022-08-01,2022-08-31,4,TATASTEEL,INE081A01020,,9398830228.326984
NSE,2022-08-01,2022-08-31,5,BAJFINANCE,INE296A01024,,8240697717.392064
NSE,2022-08-01,2022-08-31,6,ICICIBANK,INE090A01021,,8219427889.342856
NSE,2022-08-01,2022-08-31,7,TCS,INE467B01029,,8206480884.738889
NSE,2022-08-01,2022-08-31,8,TATAMOTORS,INE155A01022,,7578170881.699206
NSE,2022-08-01,2022-08-31,10,SBIN,INE062A01020,,6243926894.230953
NSE,2022-08-01,2022-08-31,11,MARUTI,INE585B01010,,5803112978.000793
NSE,2022-08-01,2022-08-31,12,AXISBANK,INE238A01034,,5656316943.633333
NSE,2022-08-01,2022-08-31,13,KOTAKBANK,INE237A01028,,5325969538.144445
NSE,2022-08-01,2022-08-31,16,BHARTIARTL,INE397D01024,,4797657925.953175
NSE,2022-08-01,2022-08-31,20,M&M,INE101A01026,,4528846842.788095
NSE,2022-08-01,2022-08-31,22,HINDUNILVR,INE030A01027,,4495574464.478571
NSE,2022-08-01,2022-08-31,23,ONGC,INE213A01029,,4461815877.565873
NSE,2022-08-01,2022-08-31,24,ITC,INE154A01025,,4451258342.519048
NSE,2022-08-01,2022-08-31,27,ASIANPAINT,INE021A01026,,4260033517.9055552
NSE,2022-08-01,2022-08-31,29,TITAN,INE280A01028,,3652852186.734921
NSE,2022-08-01,2022-08-31,30,LT,INE018A01030,,3486391609.1555557
NSE,2022-08-01,2022-08-31,31,ADANIENT,INE423A01024,,3401050340.8230157
NSE,2022-08-01,2022-08-31,32,WIPRO,INE075A01022,,3306793844.492857
NSE,2022-08-01,2022-08-31,33,HCLTECH,INE860A01027,,3221342623.8055553
NSE,2022-08-01,2022-08-31,38,SUNPHARMA,INE044A01036,,2857584746.8357143
NSE,2022-08-01,2022-08-31,39,ULTRACEMCO,INE481G01011,,2773919245.821429
NSE,2022-08-01,2022-08-31,40,NTPC,INE733E01010,,2660336801.8865075
NSE,2022-08-01,2022-08-31,43,POWERGRID,INE752E01010,,2473742274.731746
NSE,2022-08-01,2022-08-31,55,DRREDDY,INE089A01023,,2112971522.9134922
NSE,2022-08-01,2022-08-31,74,CIPLA,INE059A01026,,1632015044.7761903
NSE,2022-08-01,2022-08-31,98,NESTLEIND,INE239A01016,,1258248566.9460318
NSE,2022-09-01,2022-10-02,1,RELIANCE,INE002A01018,,19052274680.381744
NSE,2022-09-01,2022-10-02,2,ICICIBANK,INE090A01021,,8769502414.992857
NSE,2022-09-01,2022-10-02,3,HDFCBANK,INE040A01034,,8471704556.130953
NSE,2022-09-01,2022-10-02,4,INFY,INE009A01021,,8217190967.016666
NSE,2022-09-01,2022-10-02,5,BAJFINANCE,INE296A01024,,8179419080.239683
NSE,2022-09-01,2022-10-02,6,TATASTEEL,INE081A01020,,8005760437.05
NSE,2022-09-01,2022-10-02,8,TCS,INE467B01029,,7514616569.410318
NSE,2022-09-01,2022-10-02,9,TATAMOTORS,INE155A01022,,6790245219.31984
NSE,2022-09-01,2022-10-02,11,SBIN,INE062A01020,,6194819956.380159
NSE,2022-09-01,2022-10-02,12,MARUTI,INE585B01010,,5891622703.43254
NSE,2022-09-01,2022-10-02,14,AXISBANK,INE238A01034,,5437957820.799206
NSE,2022-09-01,2022-10-02,16,BHARTIARTL,INE397D01024,,4837396883.063492
NSE,2022-09-01,2022-10-02,18,KOTAKBANK,INE237A01028,,4663457363.35873
NSE,2022-09-01,2022-10-02,19,M&M,INE101A01026,,4615372400.977778
NSE,2022-09-01,2022-10-02,20,ADANIENT,INE423A01024,,4610297114.330158
NSE,2022-09-01,2022-10-02,21,ONGC,INE213A01029,,4457159595.041269
NSE,2022-09-01,2022-10-02,22,HINDUNILVR,INE030A01027,,4260890780.2515874
NSE,2022-09-01,2022-10-02,23,ASIANPAINT,INE021A01026,,3973338528.8936505
NSE,2022-09-01,2022-10-02,24,ITC,INE154A01025,,3819938236.3849206
NSE,2022-09-01,2022-10-02,30,LT,INE018A01030,,3453159281.5634923
NSE,2022-09-01,2022-10-02,31,TITAN,INE280A01028,,3440760291.409524
NSE,2022-09-01,2022-10-02,34,HCLTECH,INE860A01027,,3118979965.2936506
NSE,2022-09-01,2022-10-02,35,WIPRO,INE075A01022,,3032535798.4769845
NSE,2022-09-01,2022-10-02,38,ULTRACEMCO,INE481G01011,,2756398269.834921
NSE,2022-09-01,2022-10-02,41,SUNPHARMA,INE044A01036,,2370250869.657936
NSE,2022-09-01,2022-10-02,42,NTPC,INE733E01010,,2339648122.7984123
NSE,2022-09-01,2022-10-02,56,POWERGRID,INE752E01010,,2047941914.4333332
NSE,2022-09-01,2022-10-02,60,DRREDDY,INE089A01023,,1912132528.420635
NSE,2022-09-01,2022-10-02,82,CIPLA,INE059A01026,,1446080416.4944444
NSE,2022-09-01,2022-10-02,120,NESTLEIND,INE239A01016,,1089146245.7587302
NSE,2022-10-03,2022-10-31,1,RELIANCE,INE002A01018,,15538038015.998413
NSE,2022-10-03,2022-10-31,2,ICICIBANK,INE090A01021,,9630394070.460318
NSE,2022-10-03,2022-10-31,3,HDFCBANK,INE040A01034,,9342006089.957935
NSE,2022-10-03,2022-10-31,4,INFY,INE009A01021,,8880911951.236507
NSE,2022-10-03,2022-10-31,5,BAJFINANCE,INE296A01024,,8579838677.1214285
NSE,2022-10-03,2022-10-31,7,ADANIENT,INE423A01024,,8225443097.468254
NSE,2022-10-03,2022-10-31,8,TATASTEEL,INE081A01020,,7492150693.007143
NSE,2022-10-03,2022-10-31,9,TCS,INE467B01029,,7425755852.960318
NSE,2022-10-03,2022-10-31,10,TATAMOTORS,INE155A01022,,6923137770.246825
NSE,2022-10-03,2022-10-31,11,BHARTIARTL,INE397D01024,,6868987039.963492
NSE,2022-10-03,2022-10-31,12,SBIN,INE062A01020,,6750814677.92381
NSE,2022-10-03,2022-10-31,15,AXISBANK,INE238A01034,,6380255949.013492
NSE,2022-10-03,2022-10-31,17,MARUTI,INE585B01010,,5624653093.936508
NSE,2022-10-03,2022-10-31,20,KOTAKBANK,INE237A01028,,5009663701.065872
NSE,2022-10-03,2022-10-31,22,M&M,INE101A01026,,4521166556.4087305
NSE,2022-10-03,2022-10-31,24,HINDUNILVR,INE030A01027,,4403207050.948413
NSE,2022-10-03,2022-10-31,25,ITC,INE154A01025,,4242963398.178571
NSE,2022-10-03,2022-10-31,28,ASIANPAINT,INE021A01026,,3761685772.24127
NSE,2022-10-03,2022-10-31,29,LT,INE018A01030,,3587631844.1738095
NSE,2022-10-03,2022-10-31,33,ONGC,INE213A01029,,3174980769.8301587
NSE,2022-10-03,2022-10-31,34,HCLTECH,INE860A01027,,3172132412.58254
NSE,2022-10-03,2022-10-31,35,POWERGRID,INE752E01010,,3089061830.050793
NSE,2022-10-03,2022-10-31,37,TITAN,INE280A01028,,3004281688.6420636
NSE,2022-10-03,2022-10-31,39,WIPRO,INE075A01022,,2876649434.0396824
NSE,2022-10-03,2022-10-31,40,ULTRACEMCO,INE481G01011,,2841027744.359524
NSE,2022-10-03,2022-10-31,42,SUNPHARMA,INE044A01036,,2646622367.237302
NSE,2022-10-03,2022-10-31,48,NTPC,INE733E01010,,2396220805.220635
NSE,2022-10-03,2022-10-31,62,DRREDDY,INE089A01023,,1932426652.0579364
NSE,2022-10-03,2022-10-31,83,CIPLA,INE059A01026,,1640312512.0801587
NSE,2022-10-03,2022-10-31,125,NESTLEIND,INE239A01016,,1131075804.552381
NSE,2022-11-01,2022-11-30,1,RELIANCE,INE002A01018,,13559942127.803175
NSE,2022-11-01,2022-11-30,2,ICICIBANK,INE090A01021,,10105695641.216667
NSE,2022-11-01,2022-11-30,3,HDFCBANK,INE040A01034,,9470517908.438889
NSE,2022-11-01,2022-11-30,4,ADANIENT,INE423A01024,,9426621107.774603
NSE,2022-11-01,2022-11-30,5,INFY,INE009A01021,,9040998567.037302
NSE,2022-11-01,2022-11-30,6,BAJFINANCE,INE296A01024,,8819953996.124603
NSE,2022-11-01,2022-11-30,8,AXISBANK,INE238A01034,,8131015759.453968
NSE,2022-11-01,2022-11-30,10,SBIN,INE062A01020,,7054433829.6888895
NSE,2022-11-01,2022-11-30,12,BHARTIARTL,INE397D01024,,6828890326.856349
NSE,2022-11-01,2022-11-30,13,TATAMOTORS,INE155A01022,,6814068529.66746
NSE,2022-11-01,2022-11-30,14,TCS,INE467B01029,,6618710180.622222
NSE,2022-11-01,2022-11-30,15,TATASTEEL,INE081A01020,,6476967395.092856
NSE,2022-11-01,2022-11-30,18,MARUTI,INE585B01010,,5790229404.260317
NSE,2022-11-01,2022-11-30,20,KOTAKBANK,INE237A01028,,4602829531.965873
NSE,2022-11-01,2022-11-30,22,ITC,INE154A01025,,4454317944.078571
NSE,2022-11-01,2022-11-30,23,M&M,INE101A01026,,4246546833.6253967
NSE,2022-11-01,2022-11-30,26,HINDUNILVR,INE030A01027,,3828215901.7738094
NSE,2022-11-01,2022-11-30,27,ASIANPAINT,INE021A01026,,3680223642.5761905
NSE,2022-11-01,2022-11-30,28,LT,INE018A01030,,3664803395.6603174
NSE,2022-11-01,2022-11-30,33,POWERGRID,INE752E01010,,3261110362.8134923
NSE,2022-11-01,2022-11-30,35,TITAN,INE280A01028,,3038563622.877778
NSE,2022-11-01,2022-11-30,36,HCLTECH,INE860A01027,,3005360249.757143
NSE,2022-11-01,2022-11-30,38,WIPRO,INE075A01022,,2938877089.457937
NSE,2022-11-01,2022-11-30,41,SUNPHARMA,INE044A01036,,2859486350.772222
NSE,2022-11-01,2022-11-30,43,ULTRACEMCO,INE481G01011,,2792452596.9103174
NSE,2022-11-01,2022-11-30,46,NTPC,INE733E01010,,2583182234.5706353
NSE,2022-11-01,2022-11-30,51,ONGC,INE213A01029,,2390660364.973016
NSE,2022-11-01,2022-11-30,73,DRREDDY,INE089A01023,,1878493856.8539684
NSE,2022-11-01,2022-11-30,78,CIPLA,INE059A01026,,1793434300.045238
NSE,2022-11-01,2022-11-30,119,NESTLEIND,INE239A01016,,1183651964.192857
NSE,2022-12-01,2023-01-01,1,RELIANCE,INE002A01018,,13288357994.27381
NSE,2022-12-01,2023-01-01,2,ADANIENT,INE423A01024,,10401798991.335714
NSE,2022-12-01,2023-01-01,3,ICICIBANK,INE090A01021,,10299009648.669048
NSE,2022-12-01,2023-01-01,4,HDFCBANK,INE040A01034,,10268184798.20873
NSE,2022-12-01,2023-01-01,5,INFY,INE009A01021,,8913221234.790478
NSE,2022-12-01,2023-01-01,6,AXISBANK,INE238A01034,,8874464844.669842
NSE,2022-12-01,2023-01-01,9,BAJFINANCE,INE296A01024,,7398641707.647619
NSE,2022-12-01,2023-01-01,10,SBIN,INE062A01020,,7337734896.271428
NSE,2022-12-01,2023-01-01,12,TCS,INE467B01029,,6585902443.905556
NSE,2022-12-01,2023-01-01,13,BHARTIARTL,INE397D01024,,6426073979.090476
NSE,2022-12-01,2023-01-01,14,TATAMOTORS,INE155A01022,,5979181511.669047
NSE,2022-12-01,2023-01-01,16,MARUTI,INE585B01010,,5572980595.234921
NSE,2022-12-01,2023-01-01,17,TATASTEEL,INE081A01020,,5378949587.157937
NSE,2022-12-01,2023-01-01,20,ITC,INE154A01025,,4588445108.926985
NSE,2022-12-01,2023-01-01,21,KOTAKBANK,INE237A01028,,4571864558.486507
NSE,2022-12-01,2023-01-01,24,M&M,INE101A01026,,3959336395.446032
NSE,2022-12-01,2023-01-01,27,HINDUNILVR,INE030A01027,,3826259068.3158736
NSE,2022-12-01,2023-01-01,29,LT,INE018A01030,,3581071777.551587
NSE,2022-12-01,2023-01-01,30,ASIANPAINT,INE021A01026,,3438427100.09127
NSE,2022-12-01,2023-01-01,32,POWERGRID,INE752E01010,,3264617205.104762
NSE,2022-12-01,2023-01-01,36,TITAN,INE280A01028,,3022077610.373016
NSE,2022-12-01,2023-01-01,37,HCLTECH,INE860A01027,,2968805489.4380956
NSE,2022-12-01,2023-01-01,40,ULTRACEMCO,INE481G01011,,2870501187.075397
NSE,2022-12-01,2023-01-01,41,WIPRO,INE075A01022,,2778534930.316667
NSE,2022-12-01,2023-01-01,43,SUNPHARMA,INE044A01036,,2645950872.923809
NSE,2022-12-01,2023-01-01,50,NTPC,INE733E01010,,2488228414.6309524
NSE,2022-12-01,2023-01-01,67,ONGC,INE213A01029,,1970047362.713492
NSE,2022-12-01,2023-01-01,71,DRREDDY,INE089A01023,,1885355317.813492
NSE,2022-12-01,2023-01-01,72,CIPLA,INE059A01026,,1883310586.1603177
NSE,2022-12-01,2023-01-01,117,NESTLEIND,INE239A01016,,1209487993.202381
NSE,2023-01-02,2023-01-31,1,RELIANCE,INE002A01018,,12163899545.098413
NSE,2023-01-02,2023-01-31,2,HDFCBANK,INE040A01034,,10006763653.783335
NSE,2023-01-02,2023-01-31,3,ICICIBANK,INE090A01021,,9867085027.783335
NSE,2023-01-02,2023-01-31,4,AXISBANK,INE238A01034,,8627307960.211905
NSE,2023-01-02,2023-01-31,5,ADANIENT,INE423A01024,,8220667595.409524
NSE,2023-01-02,2023-01-31,6,INFY,INE009A01021,,8152130090.038889
NSE,2023-01-02,2023-01-31,8,SBIN,INE062A01020,,7069073490.246826
NSE,2023-01-02,2023-01-31,9,BAJFINANCE,INE296A01024,,6448904689.911111
NSE,2023-01-02,2023-01-31,11,TCS,INE467B01029,,5529270454.070635
NSE,2023-01-02,2023-01-31,12,TATAMOTORS,INE155A01022,,5514196801.062698
NSE,2023-01-02,2023-01-31,14,MARUTI,INE585B01010,,5051012295.692064
NSE,2023-01-02,2023-01-31,16,TATASTEEL,INE081A01020,,4907878237.454762
NSE,2023-01-02,2023-01-31,18,KOTAKBANK,INE237A01028,,4631260342.023016
NSE,2023-01-02,2023-01-31,21,BHARTIARTL,INE397D01024,,4130029966.562698
NSE,2023-01-02,2023-01-31,22,ITC,INE154A01025,,3869878623.8111105
NSE,2023-01-02,2023-01-31,25,LT,INE018A01030,,3692220551.3674603
NSE,2023-01-02,2023-01-31,29,HINDUNILVR,INE030A01027,,3439848928.0992064
NSE,2023-01-02,2023-01-31,30,ASIANPAINT,INE021A01026,,3214430938.53492
NSE,2023-01-02,2023-01-31,31,M&M,INE101A01026,,3157098200.3031745
NSE,2023-01-02,2023-01-31,32,HCLTECH,INE860A01027,,3039351734.477778
NSE,2023-01-02,2023-01-31,36,TITAN,INE280A01028,,2871086389.7674603
NSE,2023-01-02,2023-01-31,38,SUNPHARMA,INE044A01036,,2555743907.423809
NSE,2023-01-02,2023-01-31,40,WIPRO,INE075A01022,,2426941714.7642856
NSE,2023-01-02,2023-01-31,43,ULTRACEMCO,INE481G01011,,2414353234.2841268
NSE,2023-01-02,2023-01-31,57,POWERGRID,INE752E01010,,2147594344.7238092
NSE,2023-01-02,2023-01-31,60,DRREDDY,INE089A01023,,2003817264.7825398
NSE,2023-01-02,2023-01-31,63,ONGC,INE213A01029,,1950619899.2182539
NSE,2023-01-02,2023-01-31,66,NTPC,INE733E01010,,1918798447.2515874
NSE,2023-01-02,2023-01-31,73,CIPLA,INE059A01026,,1735515354.4682539
NSE,2023-01-02,2023-01-31,109,NESTLEIND,INE239A01016,,1157000992.9769843
NSE,2023-02-01,2023-02-28,1,RELIANCE,INE002A01018,,13165099397.680159
NSE,2023-02-01,2023-02-28,2,ICICIBANK,INE090A01021,,11578800142.568254
NSE,2023-02-01,2023-02-28,3,HDFCBANK,INE040A01034,,10968794194.293653
NSE,2023-02-01,2023-02-28,4,ADANIENT,INE423A01024,,10042058394.665077
NSE,2023-02-01,2023-02-28,5,INFY,INE009A01021,,8819802376.374603
NSE,2023-02-01,2023-02-28,6,AXISBANK,INE238A01034,,7746965371.5222225
NSE,2023-02-01,2023-02-28,7,SBIN,INE062A01020,,7600266626.416666
NSE,2023-02-01,2023-02-28,9,BAJFINANCE,INE296A01024,,6960101166.812698
NSE,2023-02-01,2023-02-28,11,TATAMOTORS,INE155A01022,,6436666697.800794
NSE,2023-02-01,2023-02-28,13,TCS,INE467B01029,,5574734234.199207
NSE,2023-02-01,2023-02-28,14,KOTAKBANK,INE237A01028,,5489722485.2650795
NSE,2023-02-01,2023-02-28,15,TATASTEEL,INE081A01020,,5449965603.631746
NSE,2023-02-01,2023-02-28,18,MARUTI,INE585B01010,,4688177261.320635
NSE,2023-02-01,2023-02-28,21,BHARTIARTL,INE397D01024,,4354575938.162699
NSE,2023-02-01,2023-02-28,22,LT,INE018A01030,,4113681845.730159
NSE,2023-02-01,2023-02-28,24,HINDUNILVR,INE030A01027,,3775071254.411905
NSE,2023-02-01,2023-02-28,25,ITC,INE154A01025,,3765289504.6865077
NSE,2023-02-01,2023-02-28,32,HCLTECH,INE860A01027,,3302977443.385714
NSE,2023-02-01,2023-02-28,33,ASIANPAINT,INE021A01026,,3170848594.1849203
NSE,2023-02-01,2023-02-28,34,M&M,INE101A01026,,3013228906.509524
NSE,2023-02-01,2023-02-28,37,ULTRACEMCO,INE481G01011,,2647318009.0396824
NSE,2023-02-01,2023-02-28,40,TITAN,INE280A01028,,2546105144.0706353
NSE,2023-02-01,2023-02-28,43,SUNPHARMA,INE044A01036,,2310799595.1666665
NSE,2023-02-01,2023-02-28,57,WIPRO,INE075A01022,,2030723719.3912697
NSE,2023-02-01,2023-02-28,61,ONGC,INE213A01029,,1971319833.5817459
NSE,2023-02-01,2023-02-28,64,POWERGRID,INE752E01010,,1914262635.8325396
NSE,2023-02-01,2023-02-28,70,NTPC,INE733E01010,,1778293248.413492
NSE,2023-02-01,2023-02-28,72,DRREDDY,INE089A01023,,1733706665.4126985
NSE,2023-02-01,2023-02-28,75,CIPLA,INE059A01026,,1616301345.2801585
NSE,2023-02-01,2023-02-28,125,NESTLEIND,INE239A01016,,1058970216.2746031
NSE,2023-03-01,2023-04-02,1,ADANIENT,INE423A01024,,15163763308.363493
NSE,2023-03-01,2023-04-02,2,RELIANCE,INE002A01018,,14223261691.888094
NSE,2023-03-01,2023-04-02,3,ICICIBANK,INE090A01021,,11118533700.34762
NSE,2023-03-01,2023-04-02,4,HDFCBANK,INE040A01034,,10500454443.91508
NSE,2023-03-01,2023-04-02,5,INFY,INE009A01021,,9003266359.181746
NSE,2023-03-01,2023-04-02,7,SBIN,INE062A01020,,7791128486.294444
NSE,2023-03-01,2023-04-02,8,AXISBANK,INE238A01034,,7526561727.802381
NSE,2023-03-01,2023-04-02,10,BAJFINANCE,INE296A01024,,6911296606.8182535
NSE,2023-03-01,2023-04-02,12,TATAMOTORS,INE155A01022,,5997423716.666667
NSE,2023-03-01,2023-04-02,13,TATASTEEL,INE081A01020,,5633863003.720634
NSE,2023-03-01,2023-04-02,15,KOTAKBANK,INE237A01028,,5578140987.065079
NSE,2023-03-01,2023-04-02,16,TCS,INE467B01029,,5505667885.888889
NSE,2023-03-01,2023-04-02,19,LT,INE018A01030,,4446004673.562698
NSE,2023-03-01,2023-04-02,20,ITC,INE154A01025,,4362800806.312698
NSE,2023-03-01,2023-04-02,22,BHARTIARTL,INE397D01024,,4082286620.3984127
NSE,2023-03-01,2023-04-02,23,MARUTI,INE585B01010,,4061861480.231746
NSE,2023-03-01,2023-04-02,24,HINDUNILVR,INE030A01027,,3735376084.4555554
NSE,2023-03-01,2023-04-02,27,HCLTECH,INE860A01027,,3473836583.00873
NSE,2023-03-01,2023-04-02,30,ASIANPAINT,INE021A01026,,3039041394.525397
NSE,2023-03-01,2023-04-02,34,ULTRACEMCO,INE481G01011,,2749563409.361905
NSE,2023-03-01,2023-04-02,35,M&M,INE101A01026,,2736023453.056349
NSE,2023-03-01,2023-04-02,37,TITAN,INE280A01028,,2536746980.3373017
NSE,2023-03-01,2023-04-02,38,SUNPHARMA,INE044A01036,,2334511347.8317466
NSE,2023-03-01,2023-04-02,51,ONGC,INE213A01029,,1911476045.0253966
NSE,2023-03-01,2023-04-02,55,POWERGRID,INE752E01010,,1875035180.3150795
NSE,2023-03-01,2023-04-02,59,NTPC,INE733E01010,,1757500409.3015873
NSE,2023-03-01,2023-04-02,63,WIPRO,INE075A01022,,1735774579.5674603
NSE,2023-03-01,2023-04-02,75,CIPLA,INE059A01026,,1545784186.8531747
NSE,2023-03-01,2023-04-02,76,DRREDDY,INE089A01023,,1519549786.9055555
NSE,2023-03-01,2023-04-02,115,NESTLEIND,INE239A01016,,1052542827.7603174
NSE,2023-04-03,2023-05-01,1,ADANIENT,INE423A01024,,18772962354.974606
NSE,2023-04-03,2023-05-01,2,RELIANCE,INE002A01018,,16418641944.580952
NSE,2023-04-03,2023-05-01,3,HDFCBANK,INE040A01034,,14796849129.678572
NSE,2023-04-03,2023-05-01,4,ICICIBANK,INE090A01021,,12975569729.070635
NSE,2023-04-03,2023-05-01,6,INFY,INE009A01021,,9221949052.167461
NSE,2023-04-03,2023-05-01,7,SBIN,INE062A01020,,8555842698.246825
NSE,2023-04-03,2023-05-01,8,AXISBANK,INE238A01034,,8184329273.403969
NSE,2023-04-03,2023-05-01,10,BAJFINANCE,INE296A01024,,6896561147.530159
NSE,2023-04-03,2023-05-01,12,KOTAKBANK,INE237A01028,,6558995584.070635
NSE,2023-04-03,2023-05-01,13,TCS,INE467B01029,,5957383328.9690485
NSE,2023-04-03,2023-05-01,14,TATASTEEL,INE081A01020,,5596163629.690476
NSE,2023-04-03,2023-05-01,15,TATAMOTORS,INE155A01022,,5404573992.211905
NSE,2023-04-03,2023-05-01,16,ITC,INE154A01025,,4851536335.184127
NSE,2023-04-03,2023-05-01,18,LT,INE018A01030,,4712189728.610317
NSE,2023-04-03,2023-05-01,21,BHARTIARTL,INE397D01024,,4080939322.736508
NSE,2023-04-03,2023-05-01,22,HINDUNILVR,INE030A01027,,3811763678.752381
NSE,2023-04-03,2023-05-01,23,MARUTI,INE585B01010,,3719275788.3444448
NSE,2023-04-03,2023-05-01,27,HCLTECH,INE860A01027,,3408063743.561111
NSE,2023-04-03,2023-05-01,31,ASIANPAINT,INE021A01026,,3049069100.879365
NSE,2023-04-03,2023-05-01,33,M&M,INE101A01026,,3021496410.585715
NSE,2023-04-03,2023-05-01,36,ULTRACEMCO,INE481G01011,,2747207668.1857142
NSE,2023-04-03,2023-05-01,38,TITAN,INE280A01028,,2513946902.638095
NSE,2023-04-03,2023-05-01,40,POWERGRID,INE752E01010,,2282817968.1150794
NSE,2023-04-03,2023-05-01,41,SUNPHARMA,INE044A01036,,2128827716.4214287
NSE,2023-04-03,2023-05-01,44,NTPC,INE733E01010,,2049304226.618254
NSE,2023-04-03,2023-05-01,52,ONGC,INE213A01029,,1801554267.6714287
NSE,2023-04-03,2023-05-01,55,CIPLA,INE059A01026,,1761849422.1309524
NSE,2023-04-03,2023-05-01,68,WIPRO,INE075A01022,,1514032037.846032
NSE,2023-04-03,2023-05-01,79,DRREDDY,INE089A01023,,1354718101.9269843
NSE,2023-04-03,2023-05-01,103,NESTLEIND,INE239A01016,,1045640044.5928571
NSE,2023-05-02,2023-05-31,1,HDFCBANK,INE040A01034,,19734098357.185715
NSE,2023-05-02,2023-05-31,2,ADANIENT,INE423A01024,,18830688991.279366
NSE,2023-05-02,2023-05-31,3,ICICIBANK,INE090A01021,,16829525623.946825
NSE,2023-05-02,2023-05-31,4,RELIANCE,INE002A01018,,16392253434.783335
NSE,2023-05-02,2023-05-31,5,AXISBANK,INE238A01034,,10833269882.72857
NSE,2023-05-02,2023-05-31,6,SBIN,INE062A01020,,10598925855.201586
NSE,2023-05-02,2023-05-31,8,INFY,INE009A01021,,10241433906.151587
NSE,2023-05-02,2023-05-31,10,KOTAKBANK,INE237A01028,,6994626689.893651
NSE,2023-05-02,2023-05-31,12,BAJFINANCE,INE296A01024,,6629283094.260318
NSE,2023-05-02,2023-05-31,13,TCS,INE467B01029,,6491545849.441271
NSE,2023-05-02,2023-05-31,14,TATAMOTORS,INE155A01022,,5178889756.115079
NSE,2023-05-02,2023-05-31,15,ITC,INE154A01025,,5153472670.0380945
NSE,2023-05-02,2023-05-31,17,LT,INE018A01030,,4797879893.1515875
NSE,2023-05-02,2023-05-31,18,TATASTEEL,INE081A01020,,4740037279.30873
NSE,2023-05-02,2023-05-31,22,MARUTI,INE585B01010,,3774598733.7222223
NSE,2023-05-02,2023-05-31,23,HINDUNILVR,INE030A01027,,3731565445.4238095
NSE,2023-05-02,2023-05-31,25,BHARTIARTL,INE397D01024,,3556041618.4809527
NSE,2023-05-02,2023-05-31,26,HCLTECH,INE860A01027,,3257006493.834921
NSE,2023-05-02,2023-05-31,30,M&M,INE101A01026,,2997801862.0
NSE,2023-05-02,2023-05-31,31,ASIANPAINT,INE021A01026,,2755317561.7761903
NSE,2023-05-02,2023-05-31,32,ULTRACEMCO,INE481G01011,,2708509048.9833336
NSE,2023-05-02,2023-05-31,37,TITAN,INE280A01028,,2442799278.334921
NSE,2023-05-02,2023-05-31,44,SUNPHARMA,INE044A01036,,2170776349.7873015
NSE,2023-05-02,2023-05-31,45,NTPC,INE733E01010,,2165308718.8849206
NSE,2023-05-02,2023-05-31,47,POWERGRID,INE752E01010,,2125266904.0285714
NSE,2023-05-02,2023-05-31,49,CIPLA,INE059A01026,,2002736224.5492065
NSE,2023-05-02,2023-05-31,60,ONGC,INE213A01029,,1667662412.261111
NSE,2023-05-02,2023-05-31,65,DRREDDY,INE089A01023,,1581269391.9047618
NSE,2023-05-02,2023-05-31,72,WIPRO,INE075A01022,,1418877043.847619
NSE,2023-05-02,2023-05-31,79,NESTLEIND,INE239A01016,,1335742712.6968253
NSE,2023-06-01,2023-07-02,1,HDFCBANK,INE040A01034,,26071372197.034924
NSE,2023-06-01,2023-07-02,2,ICICIBANK,INE090A01021,,18311613318.544445
NSE,2023-06-01,2023-07-02,3,ADANIENT,INE423A01024,,14951047426.370634
NSE,2023-06-01,2023-07-02,4,RELIANCE,INE002A01018,,14222286485.997618
NSE,2023-06-01,2023-07-02,5,AXISBANK,INE238A01034,,11568784283.701588
NSE,2023-06-01,2023-07-02,6,KOTAKBANK,INE237A01028,,10626519764.042067
NSE,2023-06-01,2023-07-02,7,SBIN,INE062A01020,,10522736886.042063
NSE,2023-06-01,2023-07-02,8,INFY,INE009A01021,,10496770800.713491
NSE,2023-06-01,2023-07-02,10,TCS,INE467B01029,,6488995848.291269
NSE,2023-06-01,2023-07-02,12,BAJFINANCE,INE296A01024,,6257674159.663492
NSE,2023-06-01,2023-07-02,13,TATAMOTORS,INE155A01022,,5408582861.910317
NSE,2023-06-01,2023-07-02,14,LT,INE018A01030,,4795409095.442064
NSE,2023-06-01,2023-07-02,15,ITC,INE154A01025,,4694664821.68254
NSE,2023-06-01,2023-07-02,16,BHARTIARTL,INE397D01024,,4441421549.726984
NSE,2023-06-01,2023-07-02,21,TATASTEEL,INE081A01020,,3942989977.2150793
NSE,2023-06-01,2023-07-02,23,MARUTI,INE585B01010,,3914291472.240476
NSE,2023-06-01,2023-07-02,24,HINDUNILVR,INE030A01027,,3598092111.3833337
NSE,2023-06-01,2023-07-02,27,M&M,INE101A01026,,3058177426.7134924
NSE,2023-06-01,2023-07-02,28,HCLTECH,INE860A01027,,3052787190.83254
NSE,2023-06-01,2023-07-02,29,ASIANPAINT,INE021A01026,,2874162213.531746
NSE,2023-06-01,2023-07-02,35,TITAN,INE280A01028,,2358644759.509524
NSE,2023-06-01,2023-07-02,36,SUNPHARMA,INE044A01036,,2297888502.1611114
NSE,2023-06-01,2023-07-02,37,POWERGRID,INE752E01010,,2293640110.8944445
NSE,2023-06-01,2023-07-02,38,ULTRACEMCO,INE481G01011,,2288271796.8626986
NSE,2023-06-01,2023-07-02,44,CIPLA,INE059A01026,,2161149562.4722223
NSE,2023-06-01,2023-07-02,49,NTPC,INE733E01010,,2017506120.026984
NSE,2023-06-01,2023-07-02,57,ONGC,INE213A01029,,1864230999.5984128
NSE,2023-06-01,2023-07-02,59,DRREDDY,INE089A01023,,1800843254.7444444
NSE,2023-06-01,2023-07-02,71,NESTLEIND,INE239A01016,,1518611483.1825397
NSE,2023-06-01,2023-07-02,77,WIPRO,INE075A01022,,1440059702.3158731
NSE,2023-07-03,2023-07-31,1,HDFCBANK,INE040A01034,,27365702271.357937
NSE,2023-07-03,2023-07-31,2,ICICIBANK,INE090A01021,,18454184982.335712
NSE,2023-07-03,2023-07-31,3,ADANIENT,INE423A01024,,13004989790.966667
NSE,2023-07-03,2023-07-31,4,RELIANCE,INE002A01018,,12708070836.401587
NSE,2023-07-03,2023-07-31,6,AXISBANK,INE238A01034,,11973289924.015081
NSE,2023-07-03,2023-07-31,7,KOTAKBANK,INE237A01028,,10547335652.857145
NSE,2023-07-03,2023-07-31,8,SBIN,INE062A01020,,10278337978.82381
NSE,2023-07-03,2023-07-31,9,INFY,INE009A01021,,9960426931.775398
NSE,2023-07-03,2023-07-31,10,TATAMOTORS,INE155A01022,,6549346098.553175
NSE,2023-07-03,2023-07-31,11,TCS,INE467B01029,,6370968250.67619
NSE,2023-07-03,2023-07-31,12,BAJFINANCE,INE296A01024,,6101191717.44127
NSE,2023-07-03,2023-07-31,15,LT,INE018A01030,,4631347987.533333
NSE,2023-07-03,2023-07-31,17,ITC,INE154A01025,,4422581790.060317
NSE,2023-07-03,2023-07-31,18,BHARTIARTL,INE397D01024,,4406458755.41508
NSE,2023-07-03,2023-07-31,20,MARUTI,INE585B01010,,4174300044.992857
NSE,2023-07-03,2023-07-31,22,HINDUNILVR,INE030A01027,,3549927913.6468253
NSE,2023-07-03,2023-07-31,25,TATASTEEL,INE081A01020,,3400155534.5190477
NSE,2023-07-03,2023-07-31,28,M&M,INE101A01026,,3049804869.165873
NSE,2023-07-03,2023-07-31,29,ASIANPAINT,INE021A01026,,2865234391.59127
NSE,2023-07-03,2023-07-31,33,SUNPHARMA,INE044A01036,,2526735149.3476195
NSE,2023-07-03,2023-07-31,34,HCLTECH,INE860A01027,,2497523381.737302
NSE,2023-07-03,2023-07-31,37,ULTRACEMCO,INE481G01011,,2403008929.198413
NSE,2023-07-03,2023-07-31,38,TITAN,INE280A01028,,2398145445.0277777
NSE,2023-07-03,2023-07-31,50,POWERGRID,INE752E01010,,2051586531.790476
NSE,2023-07-03,2023-07-31,55,DRREDDY,INE089A01023,,1963119835.9031744
NSE,2023-07-03,2023-07-31,57,ONGC,INE213A01029,,1955740748.3420634
NSE,2023-07-03,2023-07-31,59,CIPLA,INE059A01026,,1929933385.5706348
NSE,2023-07-03,2023-07-31,60,NTPC,INE733E01010,,1913728655.9460316
NSE,2023-07-03,2023-07-31,69,WIPRO,INE075A01022,,1807099591.3619049
NSE,2023-07-03,2023-07-31,81,NESTLEIND,INE239A01016,,1650341151.813492
NSE,2023-08-01,2023-08-31,1,HDFCBANK,INE040A01034,,29964578049.296032
NSE,2023-08-01,2023-08-31,2,RELIANCE,INE002A01018,,16277082688.985714
NSE,2023-08-01,2023-08-31,3,ICICIBANK,INE090A01021,,16144917036.032541
NSE,2023-08-01,2023-08-31,4,ADANIENT,INE423A01024,,12614677545.475397
NSE,2023-08-01,2023-08-31,5,KOTAKBANK,INE237A01028,,11285249135.122221
NSE,2023-08-01,2023-08-31,6,INFY,INE009A01021,,10165916008.9
NSE,2023-08-01,2023-08-31,7,AXISBANK,INE238A01034,,9710282256.250795
NSE,2023-08-01,2023-08-31,8,SBIN,INE062A01020,,9650904749.34127
NSE,2023-08-01,2023-08-31,9,TATAMOTORS,INE155A01022,,7248792039.166667
NSE,2023-08-01,2023-08-31,10,BAJFINANCE,INE296A01024,,7128220889.635715
NSE,2023-08-01,2023-08-31,11,TCS,INE467B01029,,6294939654.918254
NSE,2023-08-01,2023-08-31,13,ITC,INE154A01025,,5195754567.334126
NSE,2023-08-01,2023-08-31,16,BHARTIARTL,INE397D01024,,4771070374.393652
NSE,2023-08-01,2023-08-31,17,LT,INE018A01030,,4712721779.352381
NSE,2023-08-01,2023-08-31,19,MARUTI,INE585B01010,,4341025379.287301
NSE,2023-08-01,2023-08-31,21,HINDUNILVR,INE030A01027,,3730338401.5484123
NSE,2023-08-01,2023-08-31,22,TATASTEEL,INE081A01020,,3720089038.571429
NSE,2023-08-01,2023-08-31,23,M&M,INE101A01026,,3679095096.102381
NSE,2023-08-01,2023-08-31,31,ASIANPAINT,INE021A01026,,2908024085.346032
NSE,2023-08-01,2023-08-31,37,SUNPHARMA,INE044A01036,,2736113138.2801585
NSE,2023-08-01,2023-08-31,40,TITAN,INE280A01028,,2700132041.326984
NSE,2023-08-01,2023-08-31,41,HCLTECH,INE860A01027,,2698890094.507143
NSE,2023-08-01,2023-08-31,43,POWERGRID,INE752E01010,,2625859908.3428574
NSE,2023-08-01,2023-08-31,49,NTPC,INE733E01010,,2459177140.3404765
NSE,2023-08-01,2023-08-31,56,ULTRACEMCO,INE481G01011,,2347599817.2865076
NSE,2023-08-01,2023-08-31,61,DRREDDY,INE089A01023,,2233680990.4738097
NSE,2023-08-01,2023-08-31,63,WIPRO,INE075A01022,,2124611249.6214287
NSE,2023-08-01,2023-08-31,69,CIPLA,INE059A01026,,1972940863.795238
NSE,2023-08-01,2023-08-31,82,ONGC,INE213A01029,,1815419283.088889
NSE,2023-08-01,2023-08-31,97,NESTLEIND,INE239A01016,,1473474680.8095236
NSE,2023-09-01,2023-10-02,1,HDFCBANK,INE040A01034,,30659222619.99206
NSE,2023-09-01,2023-10-02,2,RELIANCE,INE002A01018,,18210528043.040474
NSE,2023-09-01,2023-10-02,3,ICICIBANK,INE090A01021,,16630257643.040476
NSE,2023-09-01,2023-10-02,4,ADANIENT,INE423A01024,,12594620819.17381
NSE,2023-09-01,2023-10-02,5,SBIN,INE062A01020,,9968636603.525396
NSE,2023-09-01,2023-10-02,6,AXISBANK,INE238A01034,,9711850193.73889
NSE,2023-09-01,2023-10-02,7,INFY,INE009A01021,,9343005531.05238
NSE,2023-09-01,2023-10-02,8,KOTAKBANK,INE237A01028,,8180032060.356349
NSE,2023-09-01,2023-10-02,9,TATAMOTORS,INE155A01022,,7498966435.325397
NSE,2023-09-01,2023-10-02,10,BAJFINANCE,INE296A01024,,6973282192.126985
NSE,2023-09-01,2023-10-02,12,TCS,INE467B01029,,6381910725.853968
NSE,2023-09-01,2023-10-02,15,ITC,INE154A01025,,4883290475.448413
NSE,2023-09-01,2023-10-02,17,MARUTI,INE585B01010,,4644410661.57619
NSE,2023-09-01,2023-10-02,18,LT,INE018A01030,,4275805580.5968256
NSE,2023-09-01,2023-10-02,21,M&M,INE101A01026,,4059257808.214286
NSE,2023-09-01,2023-10-02,22,TATASTEEL,INE081A01020,,4052676411.088889
NSE,2023-09-01,2023-10-02,24,BHARTIARTL,INE397D01024,,3958280157.9492064
NSE,2023-09-01,2023-10-02,28,HINDUNILVR,INE030A01027,,3638161836.003175
NSE,2023-09-01,2023-10-02,43,HCLTECH,INE860A01027,,2931702672.8944445
NSE,2023-09-01,2023-10-02,45,NTPC,INE733E01010,,2910617764.8071427
NSE,2023-09-01,2023-10-02,53,TITAN,INE280A01028,,2778430912.5333333
NSE,2023-09-01,2023-10-02,56,DRREDDY,INE089A01023,,2715847236.430158
NSE,2023-09-01,2023-10-02,57,SUNPHARMA,INE044A01036,,2715195447.8309526
NSE,2023-09-01,2023-10-02,58,POWERGRID,INE752E01010,,2701686807.7984123
NSE,2023-09-01,2023-10-02,59,ASIANPAINT,INE021A01026,,2671090790.5007935
NSE,2023-09-01,2023-10-02,70,ULTRACEMCO,INE481G01011,,2364297486.4722223
NSE,2023-09-01,2023-10-02,73,WIPRO,INE075A01022,,2208274450.028571
NSE,2023-09-01,2023-10-02,75,CIPLA,INE059A01026,,2160650695.746825
NSE,2023-09-01,2023-10-02,106,ONGC,INE213A01029,,1438557553.2896826
NSE,2023-09-01,2023-10-02,117,NESTLEIND,INE239A01016,,1336941290.0809524
NSE,2023-10-03,2023-10-31,1,HDFCBANK,INE040A01034,,35954413525.669044
NSE,2023-10-03,2023-10-31,2,RELIANCE,INE002A01018,,20268424636.830956
NSE,2023-10-03,2023-10-31,3,ICICIBANK,INE090A01021,,17125205282.95873
NSE,2023-10-03,2023-10-31,4,SBIN,INE062A01020,,10399846090.146032
NSE,2023-10-03,2023-10-31,5,ADANIENT,INE423A01024,,10237883293.681747
NSE,2023-10-03,2023-10-31,6,AXISBANK,INE238A01034,,9554594058.206348
NSE,2023-10-03,2023-10-31,7,INFY,INE009A01021,,9317595901.87857
NSE,2023-10-03,2023-10-31,8,KOTAKBANK,INE237A01028,,7753875652.711111
NSE,2023-10-03,2023-10-31,9,BAJFINANCE,INE296A01024,,7289808381.604762
NSE,2023-10-03,2023-10-31,12,TATAMOTORS,INE155A01022,,7040186355.292857
NSE,2023-10-03,2023-10-31,13,TCS,INE467B01029,,6685985195.515873
NSE,2023-10-03,2023-10-31,17,MARUTI,INE585B01010,,5203547827.309524
NSE,2023-10-03,2023-10-31,18,ITC,INE154A01025,,5194132815.668255
NSE,2023-10-03,2023-10-31,19,LT,INE018A01030,,5186999417.665079
NSE,2023-10-03,2023-10-31,24,TATASTEEL,INE081A01020,,4503876151.653175
NSE,2023-10-03,2023-10-31,25,M&M,INE101A01026,,4492673223.731747
NSE,2023-10-03,2023-10-31,28,BHARTIARTL,INE397D01024,,4295401359.004762
NSE,2023-10-03,2023-10-31,32,HINDUNILVR,INE030A01027,,3940361162.9269843
NSE,2023-10-03,2023-10-31,38,NTPC,INE733E01010,,3555351990.6904764
NSE,2023-10-03,2023-10-31,45,HCLTECH,INE860A01027,,3211193571.904762
NSE,2023-10-03,2023-10-31,46,POWERGRID,INE752E01010,,3067710131.2388887
NSE,2023-10-03,2023-10-31,47,TITAN,INE280A01028,,3018791423.853968
NSE,2023-10-03,2023-10-31,55,DRREDDY,INE089A01023,,2772891435.9349203
NSE,2023-10-03,2023-10-31,57,ASIANPAINT,INE021A01026,,2754902852.8365083
NSE,2023-10-03,2023-10-31,64,SUNPHARMA,INE044A01036,,2603703529.057936
NSE,2023-10-03,2023-10-31,68,ULTRACEMCO,INE481G01011,,2515087759.218254
NSE,2023-10-03,2023-10-31,78,CIPLA,INE059A01026,,2271293980.8436513
NSE,2023-10-03,2023-10-31,79,WIPRO,INE075A01022,,2261442277.83254
NSE,2023-10-03,2023-10-31,111,ONGC,INE213A01029,,1591180577.3174603
NSE,2023-10-03,2023-10-31,146,NESTLEIND,INE239A01016,,1254347181.6007938
NSE,2023-11-01,2023-11-30,1,HDFCBANK,INE040A01034,,31714342616.45794
NSE,2023-11-01,2023-11-30,2,RELIANCE,INE002A01018,,15922295201.961906
NSE,2023-11-01,2023-11-30,3,ICICIBANK,INE090A01021,,14685297883.02857
NSE,2023-11-01,2023-11-30,4,SBIN,INE062A01020,,9589238553.264286
NSE,2023-11-01,2023-11-30,5,ADANIENT,INE423A01024,,9443380085.425398
NSE,2023-11-01,2023-11-30,6,AXISBANK,INE238A01034,,9172580873.242064
NSE,2023-11-01,2023-11-30,9,INFY,INE009A01021,,7462041288.935715
NSE,2023-11-01,2023-11-30,10,TATAMOTORS,INE155A01022,,6784997562.543651
NSE,2023-11-01,2023-11-30,11,KOTAKBANK,INE237A01028,,6758356413.738095
NSE,2023-11-01,2023-11-30,12,BAJFINANCE,INE296A01024,,6496322071.131746
NSE,2023-11-01,2023-11-30,13,TCS,INE467B01029,,6416355191.213492
NSE,2023-11-01,2023-11-30,14,LT,INE018A01030,,5654259331.1888895
NSE,2023-11-01,2023-11-30,17,MARUTI,INE585B01010,,5370517063.496032
NSE,2023-11-01,2023-11-30,23,ITC,INE154A01025,,4430391957.876985
NSE,2023-11-01,2023-11-30,26,BHARTIARTL,INE397D01024,,4164969347.736508
NSE,2023-11-01,2023-11-30,27,TATASTEEL,INE081A01020,,4131817559.4515877
NSE,2023-11-01,2023-11-30,28,M&M,INE101A01026,,4115485937.0571427
NSE,2023-11-01,2023-11-30,33,HINDUNILVR,INE030A01027,,3704476390.924603
NSE,2023-11-01,2023-11-30,36,NTPC,INE733E01010,,3488431215.3246036
NSE,2023-11-01,2023-11-30,44,HCLTECH,INE860A01027,,2995134686.8547616
NSE,2023-11-01,2023-11-30,52,POWERGRID,INE752E01010,,2854869924.024603
NSE,2023-11-01,2023-11-30,54,TITAN,INE280A01028,,2789348981.5071425
NSE,2023-11-01,2023-11-30,58,ASIANPAINT,INE021A01026,,2734469578.336508
NSE,2023-11-01,2023-11-30,60,DRREDDY,INE089A01023,,2641917467.4722223
NSE,2023-11-01,2023-11-30,62,ULTRACEMCO,INE481G01011,,2623592892.2936506
NSE,2023-11-01,2023-11-30,72,SUNPHARMA,INE044A01036,,2362463682.406349
NSE,2023-11-01,2023-11-30,79,CIPLA,INE059A01026,,2202234198.870635
NSE,2023-11-01,2023-11-30,88,WIPRO,INE075A01022,,1976999027.7507937
NSE,2023-11-01,2023-11-30,108,ONGC,INE213A01029,,1666736153.6174605
NSE,2023-11-01,2023-11-30,115,NESTLEIND,INE239A01016,,1578354655.1690476
NSE,2023-12-01,2023-12-31,1,HDFCBANK,INE040A01034,,29396759434.63254
NSE,2023-12-01,2023-12-31,2,RELIANCE,INE002A01018,,14579542460.078573
NSE,2023-12-01,2023-12-31,3,ICICIBANK,INE090A01021,,12764175081.061111
NSE,2023-12-01,2023-12-31,4,AXISBANK,INE238A01034,,8777472117.455557
NSE,2023-12-01,2023-12-31,5,SBIN,INE062A01020,,8145300911.702381
NSE,2023-12-01,2023-12-31,7,BAJFINANCE,INE296A01024,,7461480817.56746
NSE,2023-12-01,2023-12-31,8,INFY,INE009A01021,,7310917213.646826
NSE,2023-12-01,2023-12-31,9,TCS,INE467B01029,,6678147969.778571
NSE,2023-12-01,2023-12-31,10,TATAMOTORS,INE155A01022,,6619146999.09365
NSE,2023-12-01,2023-12-31,13,KOTAKBANK,INE237A01028,,6141811139.361111
NSE,2023-12-01,2023-12-31,14,ADANIENT,INE423A01024,,5888977764.473016
NSE,2023-12-01,2023-12-31,16,LT,INE018A01030,,5797808015.338888
NSE,2023-12-01,2023-12-31,21,MARUTI,INE585B01010,,5213517322.430952
NSE,2023-12-01,2023-12-31,24,BHARTIARTL,INE397D01024,,4343231759.803175
NSE,2023-12-01,2023-12-31,28,ITC,INE154A01025,,4150208837.8849206
NSE,2023-12-01,2023-12-31,29,TATASTEEL,INE081A01020,,4141098067.2404766
NSE,2023-12-01,2023-12-31,33,M&M,INE101A01026,,3954784655.247619
NSE,2023-12-01,2023-12-31,36,HINDUNILVR,INE030A01027,,3754167166.7000003
NSE,2023-12-01,2023-12-31,45,NTPC,INE733E01010,,3267307181.1777773
NSE,2023-12-01,2023-12-31,49,POWERGRID,INE752E01010,,3075151275.6031747
NSE,2023-12-01,2023-12-31,52,HCLTECH,INE860A01027,,2894557248.5253963
NSE,2023-12-01,2023-12-31,56,TITAN,INE280A01028,,2820810933.9555554
NSE,2023-12-01,2023-12-31,58,ASIANPAINT,INE021A01026,,2743251584.306349
NSE,2023-12-01,2023-12-31,60,ULTRACEMCO,INE481G01011,,2658059610.502381
NSE,2023-12-01,2023-12-31,76,DRREDDY,INE089A01023,,2218276412.9238095
NSE,2023-12-01,2023-12-31,79,SUNPHARMA,INE044A01036,,2195472072.674603
NSE,2023-12-01,2023-12-31,89,CIPLA,INE059A01026,,2065048034.4507935
NSE,2023-12-01,2023-12-31,92,WIPRO,INE075A01022,,2015321713.438889
NSE,2023-12-01,2023-12-31,95,ONGC,INE213A01029,,1966208628.4928572
NSE,2023-12-01,2023-12-31,110,NESTLEIND,INE239A01016,,1680720293.3968253
NSE,2024-01-01,2024-01-31,1,HDFCBANK,INE040A01034,HDFC BANK LTD,25711602787.70238
NSE,2024-01-01,2024-01-31,2,RELIANCE,INE002A01018,RELIANCE INDUSTRIES LTD,13265124306.042856
NSE,2024-01-01,2024-01-31,3,ICICIBANK,INE090A01021,ICICI BANK LTD.,12837960463.751587
NSE,2024-01-01,2024-01-31,4,AXISBANK,INE238A01034,AXIS BANK LIMITED,8983394306.9
NSE,2024-01-01,2024-01-31,5,SBIN,INE062A01020,STATE BANK OF INDIA,8734412385.35238
NSE,2024-01-01,2024-01-31,6,INFY,INE009A01021,INFOSYS LIMITED,8024222907.436508
NSE,2024-01-01,2024-01-31,7,BAJFINANCE,INE296A01024,BAJAJ FINANCE LIMITED,7903376029.861905
NSE,2024-01-01,2024-01-31,9,ADANIENT,INE423A01024,ADANI ENTERPRISES LIMITED,7560627677.103968
NSE,2024-01-01,2024-01-31,10,TATAMOTORS,INE155A01022,TATA MOTORS LIMITED,7347127462.813492
NSE,2024-01-01,2024-01-31,11,TCS,INE467B01029,TATA CONSULTANCY SERV LT,7178560613.919842
NSE,2024-01-01,2024-01-31,13,KOTAKBANK,INE237A01028,KOTAK MAHINDRA BANK LTD,6049802496.205556
NSE,2024-01-01,2024-01-31,14,LT,INE018A01030,LARSEN & TOUBRO LTD.,5825284197.615079
NSE,2024-01-01,2024-01-31,19,MARUTI,INE585B01010,MARUTI SUZUKI INDIA LTD.,5262286829.608729
NSE,2024-01-01,2024-01-31,23,BHARTIARTL,INE397D01024,BHARTI AIRTEL LIMITED,4639697243.523809
NSE,2024-01-01,2024-01-31,26,ITC,INE154A01025,ITC LTD,4406713485.042857
NSE,2024-01-01,2024-01-31,34,HINDUNILVR,INE030A01027,HINDUSTAN UNILEVER LTD.,3882649848.2650795
NSE,2024-01-01,2024-01-31,35,TATASTEEL,INE081A01020,TATA STEEL LIMITED,3855798023.146032
NSE,2024-01-01,2024-01-31,36,NTPC,INE733E01010,NTPC LTD,3787658636.427778
NSE,2024-01-01,2024-01-31,38,M&M,INE101A01026,MAHINDRA & MAHINDRA LTD,3776755026.2515874
NSE,2024-01-01,2024-01-31,39,POWERGRID,INE752E01010,POWER GRID CORP. LTD.,3696606845.202381
NSE,2024-01-01,2024-01-31,46,ULTRACEMCO,INE481G01011,ULTRATECH CEMENT LIMITED,3275598524.2515874
NSE,2024-01-01,2024-01-31,48,HCLTECH,INE860A01027,HCL TECHNOLOGIES LTD,3195458209.1055555
NSE,2024-01-01,2024-01-31,58,ASIANPAINT,INE021A01026,ASIAN PAINTS LIMITED,2872454950.261111
NSE,2024-01-01,2024-01-31,72,TITAN,INE280A01028,TITAN COMPANY LIMITED,2723162464.9880953
NSE,2024-01-01,2024-01-31,73,WIPRO,INE075A01022,WIPRO LTD,2687401387.506349
NSE,2024-01-01,2024-01-31,83,DRREDDY,INE089A01023,DR. REDDY S LABORATORIES,2450054642.2103176
NSE,2024-01-01,2024-01-31,85,ONGC,INE213A01029,OIL AND NATURAL GAS CORP.,2393067149.707937
NSE,2024-01-01,2024-01-31,97,SUNPHARMA,INE044A01036,SUN PHARMACEUTICAL IND L,2166066967.2761908
NSE,2024-01-01,2024-01-31,100,CIPLA,INE059A01026,CIPLA LTD,2077214235.5222223
NSE,2024-01-01,2024-01-31,102,NESTLEIND,INE239A01016,NESTLE INDIA LIMITED,2067016487.3650794
NSE,2024-02-01,2024-02-29,1,HDFCBANK,INE040A01034,HDFC BANK LTD,32052624500.75159
NSE,2024-02-01,2024-02-29,2,ICICIBANK,INE090A01021,ICICI BANK LTD.,15868542820.957935
NSE,2024-02-01,2024-02-29,3,RELIANCE,INE002A01018,RELIANCE INDUSTRIES LTD,14943450568.656351
NSE,2024-02-01,2024-02-29,5,ADANIENT,INE423A01024,ADANI ENTERPRISES LIMITED,10073573250.122221
NSE,2024-02-01,2024-02-29,6,SBIN,INE062A01020,STATE BANK OF INDIA,9949210632.696032
NSE,2024-02-01,2024-02-29,7,AXISBANK,INE238A01034,AXIS BANK LIMITED,9919065075.523016
NSE,2024-02-01,2024-02-29,8,INFY,INE009A01021,INFOSYS LIMITED,9436983673.846825
NSE,2024-02-01,2024-02-29,9,BAJFINANCE,INE296A01024,BAJAJ FINANCE LIMITED,9046921654.140476
NSE,2024-02-01,2024-02-29,10,TATAMOTORS,INE155A01022,TATA MOTORS LIMITED,8097238285.624602
NSE,2024-02-01,2024-02-29,13,TCS,INE467B01029,TATA CONSULTANCY SERV LT,7744195888.453175
NSE,2024-02-01,2024-02-29,14,KOTAKBANK,INE237A01028,KOTAK MAHINDRA BANK LTD,7288193495.003175
NSE,2024-02-01,2024-02-29,20,LT,INE018A01030,LARSEN & TOUBRO LTD.,6540686557.217461
NSE,2024-02-01,2024-02-29,24,MARUTI,INE585B01010,MARUTI SUZUKI INDIA LTD.,5962341297.761111
NSE,2024-02-01,2024-02-29,29,BHARTIARTL,INE397D01024,BHARTI AIRTEL LIMITED,5325422427.165874
NSE,2024-02-01,2024-02-29,32,ITC,INE154A01025,ITC LTD,5150951441.4015875
NSE,2024-02-01,2024-02-29,36,NTPC,INE733E01010,NTPC LTD,4706939270.792064
NSE,2024-02-01,2024-02-29,37,TATASTEEL,INE081A01020,TATA STEEL LIMITED,4546640018.66746
NSE,2024-02-01,2024-02-29,41,POWERGRID,INE752E01010,POWER GRID CORP. LTD.,4178979550.7222223
NSE,2024-02-01,2024-02-29,43,HINDUNILVR,INE030A01027,HINDUSTAN UNILEVER LTD.,4127796608.6198416
NSE,2024-02-01,2024-02-29,47,M&M,INE101A01026,MAHINDRA & MAHINDRA LTD,4010651158.6119046
NSE,2024-02-01,2024-02-29,49,ONGC,INE213A01029,OIL AND NATURAL GAS CORP.,3937857521.7126985
NSE,2024-02-01,2024-02-29,51,HCLTECH,INE860A01027,HCL TECHNOLOGIES LTD,3881167539.588889
NSE,2024-02-01,2024-02-29,54,WIPRO,INE075A01022,WIPRO LTD,3815558324.304762
NSE,2024-02-01,2024-02-29,69,ULTRACEMCO,INE481G01011,ULTRATECH CEMENT LIMITED,3326294368.925397
NSE,2024-02-01,2024-02-29,74,ASIANPAINT,INE021A01026,ASIAN PAINTS LIMITED,3121749352.081746
NSE,2024-02-01,2024-02-29,82,TITAN,INE280A01028,TITAN COMPANY LIMITED,2979350282.388889
NSE,2024-02-01,2024-02-29,95,DRREDDY,INE089A01023,DR. REDDY S LABORATORIES,2584065709.2690473
NSE,2024-02-01,2024-02-29,100,SUNPHARMA,INE044A01036,SUN PHARMACEUTICAL IND L,2515090135.538889
NSE,2024-02-01,2024-02-29,110,CIPLA,INE059A01026,CIPLA LTD,2288421913.6238093
NSE,2024-02-01,2024-02-29,114,NESTLEIND,INE239A01024,NESTLE INDIA LIMITED,2167334956.9785714
NSE,2024-03-01,2024-03-31,1,HDFCBANK,INE040A01034,HDFC BANK LTD,35476188635.077774
NSE,2024-03-01,2024-03-31,2,ICICIBANK,INE090A01021,ICICI BANK LTD.,16495596980.286509
NSE,2024-03-01,2024-03-31,4,RELIANCE,INE002A01018,RELIANCE INDUSTRIES LTD,16352775100.576189
NSE,2024-03-01,2024-03-31,5,SBIN,INE062A01020,STATE BANK OF INDIA,13456374772.003176
NSE,2024-03-01,2024-03-31,7,AXISBANK,INE238A01034,AXIS BANK LIMITED,10547006993.105555
NSE,2024-03-01,2024-03-31,9,ADANIENT,INE423A01024,ADANI ENTERPRISES LIMITED,10297800972.410316
NSE,2024-03-01,2024-03-31,11,INFY,INE009A01021,INFOSYS LIMITED,10168047512.630157
NSE,2024-03-01,2024-03-31,13,TATAMOTORS,INE155A01022,TATA MOTORS LIMITED,8870363105.276192
NSE,2024-03-01,2024-03-31,14,BAJFINANCE,INE296A01024,BAJAJ FINANCE LIMITED,8766359732.477777
NSE,2024-03-01,2024-03-31,15,TCS,INE467B01029,TATA CONSULTANCY SERV LT,8488924439.405557
NSE,2024-03-01,2024-03-31,17,KOTAKBANK,INE237A01028,KOTAK MAHINDRA BANK LTD,8206375090.153174
NSE,2024-03-01,2024-03-31,20,LT,INE018A01030,LARSEN & TOUBRO LTD.,8091164553.087301
NSE,2024-03-01,2024-03-31,26,MARUTI,INE585B01010,MARUTI SUZUKI INDIA LTD.,6411789913.475397
NSE,2024-03-01,2024-03-31,28,ITC,INE154A01025,ITC LTD,6368474828.503968
NSE,2024-03-01,2024-03-31,35,BHARTIARTL,INE397D01024,BHARTI AIRTEL LIMITED,6146851917.01746
NSE,2024-03-01,2024-03-31,39,POWERGRID,INE752E01010,POWER GRID CORP. LTD.,5686728393.813492
NSE,2024-03-01,2024-03-31,41,NTPC,INE733E01010,NTPC LTD,5510403611.915873
NSE,2024-03-01,2024-03-31,42,TATASTEEL,INE081A01020,TATA STEEL LIMITED,5501930934.207936
NSE,2024-03-01,2024-03-31,46,ONGC,INE213A01029,OIL AND NATURAL GAS CORP.,5269054244.270636
NSE,2024-03-01,2024-03-31,53,WIPRO,INE075A01022,WIPRO LTD,4734072311.261905
NSE,2024-03-01,2024-03-31,54,M&M,INE101A01026,MAHINDRA & MAHINDRA LTD,4716226850.368254
NSE,2024-03-01,2024-03-31,57,HCLTECH,INE860A01027,HCL TECHNOLOGIES LTD,4490428517.081746
NSE,2024-03-01,2024-03-31,64,HINDUNILVR,INE030A01027,HINDUSTAN UNILEVER LTD.,4212274301.825397
NSE,2024-03-01,2024-03-31,76,ASIANPAINT,INE021A01026,ASIAN PAINTS LIMITED,3701337540.9500003
NSE,2024-03-01,2024-03-31,77,ULTRACEMCO,INE481G01011,ULTRATECH CEMENT LIMITED,3552573166.675397
NSE,2024-03-01,2024-03-31,82,TITAN,INE280A01028,TITAN COMPANY LIMITED,3240332392.8944445
NSE,2024-03-01,2024-03-31,88,SUNPHARMA,INE044A01036,SUN PHARMACEUTICAL IND L,3081568216.70873
NSE,2024-03-01,2024-03-31,103,DRREDDY,INE089A01023,DR. REDDY S LABORATORIES,2678970011.3333335
NSE,2024-03-01,2024-03-31,115,NESTLEIND,INE239A01024,NESTLE INDIA LIMITED,2326000424.5079365
NSE,2024-03-01,2024-03-31,117,CIPLA,INE059A01026,CIPLA LTD,2255970376.3984127
NSE,2024-04-01,2024-05-01,1,HDFCBANK,INE040A01034,HDFC BANK LTD,36688138888.643654
NSE,2024-04-01,2024-05-01,2,ICICIBANK,INE090A01021,ICICI BANK LTD.,17562406397.71984
NSE,2024-04-01,2024-05-01,3,RELIANCE,INE002A01018,RELIANCE INDUSTRIES LTD,16842586928.063492
NSE,2024-04-01,2024-05-01,5,SBIN,INE062A01020,STATE BANK OF INDIA,14338117452.742857
NSE,2024-04-01,2024-05-01,8,TATAMOTORS,INE155A01022,TATA MOTORS LIMITED,11278000762.996824
NSE,2024-04-01,2024-05-01,9,INFY,INE009A01021,INFOSYS LIMITED,10615377059.422222
NSE,2024-04-01,2024-05-01,10,AXISBANK,INE238A01034,AXIS BANK LIMITED,10557010760.903175
NSE,2024-04-01,2024-05-01,12,TCS,INE467B01029,TATA CONSULTANCY SERV LT,9602994310.036509
NSE,2024-04-01,2024-05-01,14,BAJFINANCE,INE296A01024,BAJAJ FINANCE LIMITED,9350285816.672222
NSE,2024-04-01,2024-05-01,16,KOTAKBANK,INE237A01028,KOTAK MAHINDRA BANK LTD,9018116747.643652
NSE,2024-04-01,2024-05-01,17,LT,INE018A01030,LARSEN & TOUBRO LTD.,8557604295.739682
NSE,2024-04-01,2024-05-01,18,ITC,INE154A01025,ITC LTD,7982194503.812698
NSE,2024-04-01,2024-05-01,22,TATASTEEL,INE081A01020,TATA STEEL LIMITED,7281802541.81746
NSE,2024-04-01,2024-05-01,23,ADANIENT,INE423A01024,ADANI ENTERPRISES LIMITED,7266159226.007143
NSE,2024-04-01,2024-05-01,24,BHARTIARTL,INE397D01024,BHARTI AIRTEL LIMITED,7028467787.101587
NSE,2024-04-01,2024-05-01,28,MARUTI,INE585B01010,MARUTI SUZUKI INDIA LTD.,6352688714.873015
NSE,2024-04-01,2024-05-01,38,POWERGRID,INE752E01010,POWER GRID CORP. LTD.,5827035987.003968
NSE,2024-04-01,2024-05-01,39,NTPC,INE733E01010,NTPC LTD,5733815075.656349
NSE,2024-04-01,2024-05-01,40,M&M,INE101A01026,MAHINDRA & MAHINDRA LTD,5623119227.798412
NSE,2024-04-01,2024-05-01,44,ONGC,INE213A01029,OIL AND NATURAL GAS CORP.,5437662025.4317465
NSE,2024-04-01,2024-05-01,53,HCLTECH,INE860A01027,HCL TECHNOLOGIES LTD,4666049072.337301
NSE,2024-04-01,2024-05-01,58,HINDUNILVR,INE030A01027,HINDUSTAN UNILEVER LTD.,4411883037.253968
NSE,2024-04-01,2024-05-01,63,WIPRO,INE075A01022,WIPRO LTD,4247896442.185714
NSE,2024-04-01,2024-05-01,68,ASIANPAINT,INE021A01026,ASIAN PAINTS LIMITED,3701280325.8150797
NSE,2024-04-01,2024-05-01,70,SUNPHARMA,INE044A01036,SUN PHARMACEUTICAL IND L,3642738984.8936505
NSE,2024-04-01,2024-05-01,77,TITAN,INE280A01028,TITAN COMPANY LIMITED,3387066378.8309526
NSE,2024-04-01,2024-05-01,88,ULTRACEMCO,INE481G01011,ULTRATECH CEMENT LIMITED,3021123583.634127
NSE,2024-04-01,2024-05-01,115,NESTLEIND,INE239A01024,NESTLE INDIA LIMITED,2362406071.50873
NSE,2024-04-01,2024-05-01,116,DRREDDY,INE089A01023,DR. REDDY S LABORATORIES,2323960809.475397
NSE,2024-04-01,2024-05-01,119,CIPLA,INE059A01026,CIPLA LTD,2286874987.4095235
NSE,2024-05-02,2024-06-02,1,HDFCBANK,INE040A01034,HDFC BANK LTD,32389159465.3746
NSE,2024-05-02,2024-06-02,2,RELIANCE,INE002A01018,RELIANCE INDUSTRIES LTD,17432315927.464287
NSE,2024-05-02,2024-06-02,3,ICICIBANK,INE090A01021,ICICI BANK LTD.,16962404064.764286
NSE,2024-05-02,2024-06-02,5,SBIN,INE062A01020,STATE BANK OF INDIA,15078002383.01746
NSE,2024-05-02,2024-06-02,7,KOTAKBANK,INE237A01028,KOTAK MAHINDRA BANK LTD,12102642021.622223
NSE,2024-05-02,2024-06-02,8,AXISBANK,INE238A01034,AXIS BANK LIMITED,11788925147.699999
NSE,2024-05-02,2024-06-02,9,TATAMOTORS,INE155A01022,TATA MOTORS LIMITED,11226545618.869047
NSE,2024-05-02,2024-06-02,10,INFY,INE009A01021,INFOSYS LIMITED,11035494507.250795
NSE,2024-05-02,2024-06-02,12,TCS,INE467B01029,TATA CONSULTANCY SERV LT,10085697014.660316
NSE,2024-05-02,2024-06-02,13,BAJFINANCE,INE296A01024,BAJAJ FINANCE LIMITED,9514940688.998413
NSE,2024-05-02,2024-06-02,17,LT,INE018A01030,LARSEN & TOUBRO LTD.,9172218145.525396
NSE,2024-05-02,2024-06-02,18,TATASTEEL,INE081A01020,TATA STEEL LIMITED,8480376829.333333
NSE,2024-05-02,2024-06-02,19,ITC,INE154A01025,ITC LTD,8249842020.979365
NSE,2024-05-02,2024-06-02,21,BHARTIARTL,INE397D01024,BHARTI AIRTEL LIMITED,7970155176.68254
NSE,2024-05-02,2024-06-02,26,MARUTI,INE585B01010,MARUTI SUZUKI INDIA LTD.,6550746181.657143
NSE,2024-05-02,2024-06-02,28,M&M,INE101A01026,MAHINDRA & MAHINDRA LTD,6476388049.007143
NSE,2024-05-02,2024-06-02,33,POWERGRID,INE752E01010,POWER GRID CORP. LTD.,6364156822.873809
NSE,2024-05-02,2024-06-02,37,NTPC,INE733E01010,NTPC LTD,5979157261.93492
NSE,2024-05-02,2024-06-02,38,ONGC,INE213A01029,OIL AND NATURAL GAS CORP.,5878040112.696032
NSE,2024-05-02,2024-06-02,43,ADANIENT,INE423A01024,ADANI ENTERPRISES LIMITED,5112820153.588095
NSE,2024-05-02,2024-06-02,45,HCLTECH,INE860A01027,HCL TECHNOLOGIES LTD,5015186713.383334
NSE,2024-05-02,2024-06-02,53,HINDUNILVR,INE030A01027,HINDUSTAN UNILEVER LTD.,4622827742.43254
NSE,2024-05-02,2024-06-02,59,SUNPHARMA,INE044A01036,SUN PHARMACEUTICAL IND L,4255946827.135714
NSE,2024-05-02,2024-06-02,70,ASIANPAINT,INE021A01026,ASIAN PAINTS LIMITED,3699494340.3603177
NSE,2024-05-02,2024-06-02,72,TITAN,INE280A01028,TITAN COMPANY LIMITED,3608947530.393651
NSE,2024-05-02,2024-06-02,73,WIPRO,INE075A01022,WIPRO LTD,3547440204.3357143
NSE,2024-05-02,2024-06-02,77,ULTRACEMCO,INE481G01011,ULTRATECH CEMENT LIMITED,3324697615.053968
NSE,2024-05-02,2024-06-02,107,NESTLEIND,INE239A01024,NESTLE INDIA LIMITED,2541447310.620635
NSE,2024-05-02,2024-06-02,115,DRREDDY,INE089A01023,DR. REDDY S LABORATORIES,2396063499.746825
NSE,2024-05-02,2024-06-02,128,CIPLA,INE059A01026,CIPLA LTD,2225918757.9428573
NSE,2024-06-03,2024-06-30,1,HDFCBANK,INE040A01034,HDFC BANK LTD,30234451490.781746
NSE,2024-06-03,2024-06-30,2,ICICIBANK,INE090A01021,ICICI BANK LTD.,17535643149.57143
NSE,2024-06-03,2024-06-30,3,RELIANCE,INE002A01018,RELIANCE INDUSTRIES LTD,17330854584.857937
NSE,2024-06-03,2024-06-30,4,SBIN,INE062A01020,STATE BANK OF INDIA,14851960379.869843
NSE,2024-06-03,2024-06-30,5,KOTAKBANK,INE237A01028,KOTAK MAHINDRA BANK LTD,13884352040.25
NSE,2024-06-03,2024-06-30,7,TATAMOTORS,INE155A01022,TATA MOTORS LIMITED,12448020753.892857
NSE,2024-06-03,2024-06-30,8,INFY,INE009A01021,INFOSYS LIMITED,12320630426.782541
NSE,2024-06-03,2024-06-30,10,AXISBANK,INE238A01034,AXIS BANK LIMITED,11714431667.699205
NSE,2024-06-03,2024-06-30,12,TCS,INE467B01029,TATA CONSULTANCY SERV LT,10429794694.179365
NSE,2024-06-03,2024-06-30,13,LT,INE018A01030,LARSEN & TOUBRO LTD.,9848288880.216667
NSE,2024-06-03,2024-06-30,15,TATASTEEL,INE081A01020,TATA STEEL LIMITED,9317836669.371428
NSE,2024-06-03,2024-06-30,19,BHARTIARTL,INE397D01024,BHARTI AIRTEL LIMITED,9025632481.991268
NSE,2024-06-03,2024-06-30,20,BAJFINANCE,INE296A01024,BAJAJ FINANCE LIMITED,9011999143.891268
NSE,2024-06-03,2024-06-30,25,ITC,INE154A01025,ITC LTD,7618234720.724604
NSE,2024-06-03,2024-06-30,26,M&M,INE101A01026,MAHINDRA & MAHINDRA LTD,7571667886.76111
NSE,2024-06-03,2024-06-30,31,MARUTI,INE585B01010,MARUTI SUZUKI INDIA LTD.,6609583730.674603
NSE,2024-06-03,2024-06-30,34,ADANIENT,INE423A01024,ADANI ENTERPRISES LIMITED,6063131339.185715
NSE,2024-06-03,2024-06-30,38,NTPC,INE733E01010,NTPC LTD,5960087257.94127
NSE,2024-06-03,2024-06-30,39,POWERGRID,INE752E01010,POWER GRID CORP. LTD.,5853497444.459524
NSE,2024-06-03,2024-06-30,44,HCLTECH,INE860A01027,HCL TECHNOLOGIES LTD,5263971434.898413
NSE,2024-06-03,2024-06-30,48,HINDUNILVR,INE030A01027,HINDUSTAN UNILEVER LTD.,5053662037.642858
NSE,2024-06-03,2024-06-30,49,ONGC,INE213A01029,OIL AND NATURAL GAS CORP.,4845876989.895238
NSE,2024-06-03,2024-06-30,56,SUNPHARMA,INE044A01036,SUN PHARMACEUTICAL IND L,4351230859.084126
NSE,2024-06-03,2024-06-30,59,TITAN,INE280A01028,TITAN COMPANY LIMITED,4183284400.292063
NSE,2024-06-03,2024-06-30,69,ASIANPAINT,INE021A01026,ASIAN PAINTS LIMITED,3665647435.2158732
NSE,2024-06-03,2024-06-30,72,ULTRACEMCO,INE481G01011,ULTRATECH CEMENT LIMITED,3543180079.383333
NSE,2024-06-03,2024-06-30,92,WIPRO,INE075A01022,WIPRO LTD,2996742357.348413
NSE,2024-06-03,2024-06-30,95,CIPLA,INE059A01026,CIPLA LTD,2910849680.8031745
NSE,2024-06-03,2024-06-30,102,NESTLEIND,INE239A01024,NESTLE INDIA LIMITED,2623204888.122222
NSE,2024-06-03,2024-06-30,105,DRREDDY,INE089A01023,DR. REDDY S LABORATORIES,2560291330.530952
NSE,2024-07-01,2024-07-31,1,HDFCBANK,INE040A01034,HDFC BANK LTD,30812747849.550793
NSE,2024-07-01,2024-07-31,2,ICICIBANK,INE090A01021,ICICI BANK LTD.,19452105532.56349
NSE,2024-07-01,2024-07-31,3,RELIANCE,INE002A01018,RELIANCE INDUSTRIES LTD,19133833213.75159
NSE,2024-07-01,2024-07-31,4,SBIN,INE062A01020,STATE BANK OF INDIA,17420700830.814285
NSE,2024-07-01,2024-07-31,7,KOTAKBANK,INE237A01028,KOTAK MAHINDRA BANK LTD,15153999215.679363
NSE,2024-07-01,2024-07-31,8,AXISBANK,INE238A01034,AXIS BANK LIMITED,13305700187.026192
NSE,2024-07-01,2024-07-31,9,INFY,INE009A01021,INFOSYS LIMITED,13100479754.038094
NSE,2024-07-01,2024-07-31,12,LT,INE018A01030,LARSEN & TOUBRO LTD.,11713108559.626192
NSE,2024-07-01,2024-07-31,13,TATAMOTORS,INE155A01022,TATA MOTORS LIMITED,11643587391.661903
NSE,2024-07-01,2024-07-31,14,BHARTIARTL,INE397D01024,BHARTI AIRTEL LIMITED,11465958842.90873
NSE,2024-07-01,2024-07-31,20,TCS,INE467B01029,TATA CONSULTANCY SERV LT,9591072471.570635
NSE,2024-07-01,2024-07-31,21,BAJFINANCE,INE296A01024,BAJAJ FINANCE LIMITED,9176892962.298414
NSE,2024-07-01,2024-07-31,25,TATASTEEL,INE081A01020,TATA STEEL LIMITED,8779470704.430159
NSE,2024-07-01,2024-07-31,27,ADANIENT,INE423A01024,ADANI ENTERPRISES LIMITED,8726769862.423016
NSE,2024-07-01,2024-07-31,28,M&M,INE101A01026,MAHINDRA & MAHINDRA LTD,8723019129.145239
NSE,2024-07-01,2024-07-31,32,MARUTI,INE585B01010,MARUTI SUZUKI INDIA LTD.,7107676519.927778
NSE,2024-07-01,2024-07-31,33,ITC,INE154A01025,ITC LTD,6812292790.288889
NSE,2024-07-01,2024-07-31,34,NTPC,INE733E01010,NTPC LTD,6802518965.919047
NSE,2024-07-01,2024-07-31,38,POWERGRID,INE752E01010,POWER GRID CORP. LTD.,6169726334.0912695
NSE,2024-07-01,2024-07-31,44,HINDUNILVR,INE030A01027,HINDUSTAN UNILEVER LTD.,5790327922.530158
NSE,2024-07-01,2024-07-31,48,HCLTECH,INE860A01027,HCL TECHNOLOGIES LTD,5566055301.874602
NSE,2024-07-01,2024-07-31,53,ONGC,INE213A01029,OIL AND NATURAL GAS CORP.,5346157210.153175
NSE,2024-07-01,2024-07-31,57,TITAN,INE280A01028,TITAN COMPANY LIMITED,4931776668.783333
NSE,2024-07-01,2024-07-31,59,ULTRACEMCO,INE481G01011,ULTRATECH CEMENT LIMITED,4745366195.967461
NSE,2024-07-01,2024-07-31,67,SUNPHARMA,INE044A01036,SUN PHARMACEUTICAL IND L,4203865677.968254
NSE,2024-07-01,2024-07-31,74,WIPRO,INE075A01022,WIPRO LTD,3877654826.634127
NSE,2024-07-01,2024-07-31,82,ASIANPAINT,INE021A01026,ASIAN PAINTS LIMITED,3726400430.5246034
NSE,2024-07-01,2024-07-31,99,DRREDDY,INE089A01023,DR. REDDY S LABORATORIES,3064597019.177778
NSE,2024-07-01,2024-07-31,102,CIPLA,INE059A01026,CIPLA LTD,2992319858.825397
NSE,2024-07-01,2024-07-31,123,NESTLEIND,INE239A01024,NESTLE INDIA LIMITED,2525154936.018254
NSE,2024-08-01,2024-09-01,1,HDFCBANK,INE040A01034,HDFC BANK LTD,34627562200.814285
NSE,2024-08-01,2024-09-01,2,ICICIBANK,INE090A01021,ICICI BANK LTD.,20141234230.8127
NSE,2024-08-01,2024-09-01,5,RELIANCE,INE002A01018,RELIANCE INDUSTRIES LTD,18820979713.426193
NSE,2024-08-01,2024-09-01,6,SBIN,INE062A01020,STATE BANK OF INDIA,17799470839.474606
NSE,2024-08-01,2024-09-01,11,INFY,INE009A01021,INFOSYS LIMITED,13724362190.119843
NSE,2024-08-01,2024-09-01,12,TATAMOTORS,INE155A01022,TATA MOTORS LIMITED,13280673223.490477
NSE,2024-08-01,2024-09-01,13,AXISBANK,INE238A01034,AXIS BANK LIMITED,13083122580.972221
NSE,2024-08-01,2024-09-01,14,KOTAKBANK,INE237A01028,KOTAK MAHINDRA BANK LTD,12869372697.653967
NSE,2024-08-01,2024-09-01,15,LT,INE018A01030,LARSEN & TOUBRO LTD.,12446517098.992857
NSE,2024-08-01,2024-09-01,19,BHARTIARTL,INE397D01024,BHARTI AIRTEL LIMITED,10919451981.339682
NSE,2024-08-01,2024-09-01,21,TCS,INE467B01029,TATA CONSULTANCY SERV LT,10687400863.707935
NSE,2024-08-01,2024-09-01,24,M&M,INE101A01026,MAHINDRA & MAHINDRA LTD,9556616172.543652
NSE,2024-08-01,2024-09-01,27,ADANIENT,INE423A01024,ADANI ENTERPRISES LIMITED,8954115751.99603
NSE,2024-08-01,2024-09-01,30,BAJFINANCE,INE296A01024,BAJAJ FINANCE LIMITED,8270656866.438096
NSE,2024-08-01,2024-09-01,31,TATASTEEL,INE081A01020,TATA STEEL LIMITED,8011578589.134286
NSE,2024-08-01,2024-09-01,32,ITC,INE154A01025,ITC LTD,7848018670.278571
NSE,2024-08-01,2024-09-01,33,MARUTI,INE585B01010,MARUTI SUZUKI INDIA LTD.,7787680291.199206
NSE,2024-08-01,2024-09-01,36,NTPC,INE733E01010,NTPC LTD,7403149317.065079
NSE,2024-08-01,2024-09-01,38,ONGC,INE213A01029,OIL AND NATURAL GAS CORP.,6540351303.846825
NSE,2024-08-01,2024-09-01,41,POWERGRID,INE752E01010,POWER GRID CORP. LTD.,6144736389.488889
NSE,2024-08-01,2024-09-01,43,HINDUNILVR,INE030A01027,HINDUSTAN UNILEVER LTD.,6019843453.910318
NSE,2024-08-01,2024-09-01,50,TITAN,INE280A01028,TITAN COMPANY LIMITED,5766317587.439683
NSE,2024-08-01,2024-09-01,52,HCLTECH,INE860A01027,HCL TECHNOLOGIES LTD,5635154462.346031
NSE,2024-08-01,2024-09-01,60,ULTRACEMCO,INE481G01011,ULTRATECH CEMENT LIMITED,4991336425.203175
NSE,2024-08-01,2024-09-01,64,WIPRO,INE075A01022,WIPRO LTD,4675134122.162699
NSE,2024-08-01,2024-09-01,66,ASIANPAINT,INE021A01026,ASIAN PAINTS LIMITED,4520425006.221429
NSE,2024-08-01,2024-09-01,80,SUNPHARMA,INE044A01036,SUN PHARMACEUTICAL IND L,3853515892.90873
NSE,2024-08-01,2024-09-01,101,DRREDDY,INE089A01023,DR. REDDY S LABORATORIES,3246846466.0595236
NSE,2024-08-01,2024-09-01,104,CIPLA,INE059A01026,CIPLA LTD,3188341163.327778
NSE,2024-08-01,2024-09-01,144,NESTLEIND,INE239A01024,NESTLE INDIA LIMITED,2258090838.357937
NSE,2024-09-02,2024-09-30,1,HDFCBANK,INE040A01034,HDFC BANK LTD,40657524468.38254
NSE,2024-09-02,2024-09-30,3,ICICIBANK,INE090A01021,ICICI BANK LTD.,19673122541.524605
NSE,2024-09-02,2024-09-30,4,RELIANCE,INE002A01018,RELIANCE INDUSTRIES LTD,19517602819.5254
NSE,2024-09-02,2024-09-30,7,SBIN,INE062A01020,STATE BANK OF INDIA,16169223257.90873
NSE,2024-09-02,2024-09-30,8,INFY,INE009A01021,INFOSYS LIMITED,13342813993.126984
NSE,2024-09-02,2024-09-30,9,TATAMOTORS,INE155A01022,TATA MOTORS LIMITED,13338705713.837301
NSE,2024-09-02,2024-09-30,12,AXISBANK,INE238A01034,AXIS BANK LIMITED,12763956469.649206
NSE,2024-09-02,2024-09-30,15,BHARTIARTL,INE397D01024,BHARTI AIRTEL LIMITED,11566319974.939682
NSE,2024-09-02,2024-09-30,17,TCS,INE467B01029,TATA CONSULTANCY SERV LT,10759568965.081745
NSE,2024-09-02,2024-09-30,19,LT,INE018A01030,LARSEN & TOUBRO LTD.,10650060305.301588
NSE,2024-09-02,2024-09-30,20,KOTAKBANK,INE237A01028,KOTAK MAHINDRA BANK LTD,10264876333.413492
NSE,2024-09-02,2024-09-30,22,M&M,INE101A01026,MAHINDRA & MAHINDRA LTD,8836427325.219048
NSE,2024-09-02,2024-09-30,25,ADANIENT,INE423A01024,ADANI ENTERPRISES LIMITED,8281996736.820635
NSE,2024-09-02,2024-09-30,26,MARUTI,INE585B01010,MARUTI SUZUKI INDIA LTD.,7953777421.324603
NSE,2024-09-02,2024-09-30,27,BAJFINANCE,INE296A01024,BAJAJ FINANCE LIMITED,7850529179.884127
NSE,2024-09-02,2024-09-30,28,NTPC,INE733E01010,NTPC LTD,7767217385.790476
NSE,2024-09-02,2024-09-30,29,ONGC,INE213A01029,OIL AND NATURAL GAS CORP.,7695551858.55873
NSE,2024-09-02,2024-09-30,30,TATASTEEL,INE081A01020,TATA STEEL LIMITED,7636585918.785557
NSE,2024-09-02,2024-09-30,32,ITC,INE154A01025,ITC LTD,7569321742.671429
NSE,2024-09-02,2024-09-30,44,HINDUNILVR,INE030A01027,HINDUSTAN UNILEVER LTD.,5925402006.112699
NSE,2024-09-02,2024-09-30,50,POWERGRID,INE752E01010,POWER GRID CORP. LTD.,5570339156.902381
NSE,2024-09-02,2024-09-30,53,TITAN,INE280A01028,TITAN COMPANY LIMITED,5376155468.219841
NSE,2024-09-02,2024-09-30,55,HCLTECH,INE860A01027,HCL TECHNOLOGIES LTD,5292339207.558729
NSE,2024-09-02,2024-09-30,60,ULTRACEMCO,INE481G01011,ULTRATECH CEMENT LIMITED,4995730469.4849205
NSE,2024-09-02,2024-09-30,61,WIPRO,INE075A01022,WIPRO LTD,4987453461.457936
NSE,2024-09-02,2024-09-30,72,ASIANPAINT,INE021A01026,ASIAN PAINTS LIMITED,4145187126.7777777
NSE,2024-09-02,2024-09-30,83,SUNPHARMA,INE044A01036,SUN PHARMACEUTICAL IND L,3614146838.3999996
NSE,2024-09-02,2024-09-30,109,DRREDDY,INE089A01023,DR. REDDY S LABORATORIES,2952565863.538095
NSE,2024-09-02,2024-09-30,129,CIPLA,INE059A01026,CIPLA LTD,2665321757.853968
NSE,2024-09-02,2024-09-30,158,NESTLEIND,INE239A01024,NESTLE INDIA LIMITED,2183464634.2293653
NSE,2024-10-01,2024-11-03,1,HDFCBANK,INE040A01034,HDFC BANK LTD,36383317519.41905
NSE,2024-10-01,2024-11-03,2,RELIANCE,INE002A01018,RELIANCE INDUSTRIES LTD,18815361844.26508
NSE,2024-10-01,2024-11-03,4,ICICIBANK,INE090A01021,ICICI BANK LTD.,17708245826.00159
NSE,2024-10-01,2024-11-03,7,TATAMOTORS,INE155A01022,TATA MOTORS LIMITED,13817589672.955557
NSE,2024-10-01,2024-11-03,8,INFY,INE009A01021,INFOSYS LIMITED,12718773079.109524
NSE,2024-10-01,2024-11-03,9,SBIN,INE062A01020,STATE BANK OF INDIA,12525696449.16984
NSE,2024-10-01,2024-11-03,11,AXISBANK,INE238A01034,AXIS BANK LIMITED,10856561068.795238
NSE,2024-10-01,2024-11-03,12,TCS,INE467B01029,TATA CONSULTANCY SERV LT,10745366938.160316
NSE,2024-10-01,2024-11-03,14,BHARTIARTL,INE397D01024,BHARTI AIRTEL LIMITED,9770394722.557142
NSE,2024-10-01,2024-11-03,18,M&M,INE101A01026,MAHINDRA & MAHINDRA LTD,8614014791.255556
NSE,2024-10-01,2024-11-03,19,KOTAKBANK,INE237A01028,KOTAK MAHINDRA BANK LTD,8571705342.407937
NSE,2024-10-01,2024-11-03,20,LT,INE018A01030,LARSEN & TOUBRO LTD.,8454806498.099206
NSE,2024-10-01,2024-11-03,21,BAJFINANCE,INE296A01024,BAJAJ FINANCE LIMITED,8433541924.884921
NSE,2024-10-01,2024-11-03,22,NTPC,INE733E01010,NTPC LTD,7692538662.809524
NSE,2024-10-01,2024-11-03,23,ONGC,INE213A01029,OIL AND NATURAL GAS CORP.,7637052815.713492
NSE,2024-10-01,2024-11-03,24,MARUTI,INE585B01010,MARUTI SUZUKI INDIA LTD.,7515623580.644445
NSE,2024-10-01,2024-11-03,26,TATASTEEL,INE081A01020,TATA STEEL LIMITED,7253029786.7157135
NSE,2024-10-01,2024-11-03,28,ITC,INE154A01025,ITC LTD,7018347094.357936
NSE,2024-10-01,2024-11-03,44,HINDUNILVR,INE030A01027,HINDUSTAN UNILEVER LTD.,5288528576.74127
NSE,2024-10-01,2024-11-03,50,TITAN,INE280A01028,TITAN COMPANY LIMITED,4949906656.023809
NSE,2024-10-01,2024-11-03,51,HCLTECH,INE860A01027,HCL TECHNOLOGIES LTD,4892931253.142858
NSE,2024-10-01,2024-11-03,52,POWERGRID,INE752E01010,POWER GRID CORP. LTD.,4861600381.868254
NSE,2024-10-01,2024-11-03,53,ADANIENT,INE423A01024,ADANI ENTERPRISES LIMITED,4778517417.263492
NSE,2024-10-01,2024-11-03,59,WIPRO,INE075A01022,WIPRO LTD,4282024746.409524
NSE,2024-10-01,2024-11-03,61,ASIANPAINT,INE021A01026,ASIAN PAINTS LIMITED,4206851104.6666665
NSE,2024-10-01,2024-11-03,74,ULTRACEMCO,INE481G01011,ULTRATECH CEMENT LIMITED,3751325168.4507937
NSE,2024-10-01,2024-11-03,78,SUNPHARMA,INE044A01036,SUN PHARMACEUTICAL IND L,3607346519.947619
NSE,2024-10-01,2024-11-03,118,DRREDDY,INE089A01023,DR. REDDY S LABORATORIES,2596108053.8182545
NSE,2024-10-01,2024-11-03,125,CIPLA,INE059A01026,CIPLA LTD,2529493644.1865077
NSE,2024-10-01,2024-11-03,135,NESTLEIND,INE239A01024,NESTLE INDIA LIMITED,2419404752.439683
NSE,2024-11-04,2024-12-01,1,HDFCBANK,INE040A01034,HDFC BANK LTD,32338014386.257145
NSE,2024-11-04,2024-12-01,2,RELIANCE,INE002A01018,RELIANCE INDUSTRIES LTD,21802764922.90635
NSE,2024-11-04,2024-12-01,3,ICICIBANK,INE090A01021,ICICI BANK LTD.,17518006948.933334
NSE,2024-11-04,2024-12-01,5,TATAMOTORS,INE155A01022,TATA MOTORS LIMITED,13028812034.727777
NSE,2024-11-04,2024-12-01,7,SBIN,INE062A01020,STATE BANK OF INDIA,11699737587.623016
NSE,2024-11-04,2024-12-01,9,INFY,INE009A01021,INFOSYS LIMITED,11233362814.77143
NSE,2024-11-04,2024-12-01,10,AXISBANK,INE238A01034,AXIS BANK LIMITED,10057642878.711905
NSE,2024-11-04,2024-12-01,11,BHARTIARTL,INE397D01024,BHARTI AIRTEL LIMITED,9837571086.001587
NSE,2024-11-04,2024-12-01,12,M&M,INE101A01026,MAHINDRA & MAHINDRA LTD,9496252421.655554
NSE,2024-11-04,2024-12-01,13,TCS,INE467B01029,TATA CONSULTANCY SERV LT,9475516245.213491
NSE,2024-11-04,2024-12-01,16,BAJFINANCE,INE296A01024,BAJAJ FINANCE LIMITED,8562054345.915874
NSE,2024-11-04,2024-12-01,17,LT,INE018A01030,LARSEN & TOUBRO LTD.,8093557459.533333
NSE,2024-11-04,2024-12-01,18,KOTAKBANK,INE237A01028,KOTAK MAHINDRA BANK LTD,8038542194.232539
NSE,2024-11-04,2024-12-01,22,MARUTI,INE585B01010,MARUTI SUZUKI INDIA LTD.,7158203263.696033
NSE,2024-11-04,2024-12-01,24,TATASTEEL,INE081A01020,TATA STEEL LIMITED,6920142897.019047
NSE,2024-11-04,2024-12-01,26,NTPC,INE733E01010,NTPC LTD,6767173732.780159
NSE,2024-11-04,2024-12-01,34,ITC,INE154A01025,ITC LTD,5972668234.453968
NSE,2024-11-04,2024-12-01,37,ONGC,INE213A01029,OIL AND NATURAL GAS CORP.,5651385355.442858
NSE,2024-11-04,2024-12-01,42,HINDUNILVR,INE030A01027,HINDUSTAN UNILEVER LTD.,4905323616.438889
NSE,2024-11-04,2024-12-01,44,HCLTECH,INE860A01027,HCL TECHNOLOGIES LTD,4698804258.421429
NSE,2024-11-04,2024-12-01,45,POWERGRID,INE752E01010,POWER GRID CORP. LTD.,4681688262.867459
NSE,2024-11-04,2024-12-01,46,ADANIENT,INE423A01024,ADANI ENTERPRISES LIMITED,4635006488.284127
NSE,2024-11-04,2024-12-01,54,WIPRO,INE075A01022,WIPRO LTD,4112355376.8761907
NSE,2024-11-04,2024-12-01,56,TITAN,INE280A01028,TITAN COMPANY LIMITED,4015034797.421428
NSE,2024-11-04,2024-12-01,68,SUNPHARMA,INE044A01036,SUN PHARMACEUTICAL IND L,3603928459.49127
NSE,2024-11-04,2024-12-01,72,ULTRACEMCO,INE481G01011,ULTRATECH CEMENT LIMITED,3503244381.1555552
NSE,2024-11-04,2024-12-01,78,ASIANPAINT,INE021A01026,ASIAN PAINTS LIMITED,3322502302.496825
NSE,2024-11-04,2024-12-01,84,CIPLA,INE059A01026,CIPLA LTD,3068582268.8055553
NSE,2024-11-04,2024-12-01,111,NESTLEIND,INE239A01024,NESTLE INDIA LIMITED,2545836198.696032
NSE,2024-11-04,2024-12-01,120,DRREDDY,INE089A01031,DR. REDDY S LABORATORIES,2358744595.3142858
NSE,2024-12-02,2024-12-31,1,HDFCBANK,INE040A01034,HDFC BANK LTD,37508540411.4508
NSE,2024-12-02,2024-12-31,2,RELIANCE,INE002A01018,RELIANCE INDUSTRIES LTD,22612017355.050003
NSE,2024-12-02,2024-12-31,3,ICICIBANK,INE090A01021,ICICI BANK LTD.,18172666095.884125
NSE,2024-12-02,2024-12-31,6,TATAMOTORS,INE155A01022,TATA MOTORS LIMITED,12215056192.838097
NSE,2024-12-02,2024-12-31,7,SBIN,INE062A01020,STATE BANK OF INDIA,12101393243.42857
NSE,2024-12-02,2024-12-31,8,INFY,INE009A01021,INFOSYS LIMITED,11433690371.815079
NSE,2024-12-02,2024-12-31,9,M&M,INE101A01026,MAHINDRA & MAHINDRA LTD,10656134862.233332
NSE,2024-12-02,2024-12-31,10,AXISBANK,INE238A01034,AXIS BANK LIMITED,10637478391.650793
NSE,2024-12-02,2024-12-31,12,BHARTIARTL,INE397D01024,BHARTI AIRTEL LIMITED,10054928305.34127
NSE,2024-12-02,2024-12-31,14,TCS,INE467B01029,TATA CONSULTANCY SERV LT,9696355372.96111
NSE,2024-12-02,2024-12-31,16,BAJFINANCE,INE296A01024,BAJAJ FINANCE LIMITED,8365134235.801587
NSE,2024-12-02,2024-12-31,17,KOTAKBANK,INE237A01028,KOTAK MAHINDRA BANK LTD,7983607711.902381
NSE,2024-12-02,2024-12-31,18,LT,INE018A01030,LARSEN & TOUBRO LTD.,7907100823.24365
NSE,2024-12-02,2024-12-31,21,MARUTI,INE585B01010,MARUTI SUZUKI INDIA LTD.,7048277307.464286
NSE,2024-12-02,2024-12-31,23,ADANIENT,INE423A01024,ADANI ENTERPRISES LIMITED,6997826681.924603
NSE,2024-12-02,2024-12-31,24,TATASTEEL,INE081A01020,TATA STEEL LIMITED,6750501663.430159
NSE,2024-12-02,2024-12-31,27,NTPC,INE733E01010,NTPC LTD,6465435570.057937
NSE,2024-12-02,2024-12-31,33,ITC,INE154A01025,ITC LTD,5707370189.696032
NSE,2024-12-02,2024-12-31,40,POWERGRID,INE752E01010,POWER GRID CORP. LTD.,5095378732.2722225
NSE,2024-12-02,2024-12-31,44,HCLTECH,INE860A01027,HCL TECHNOLOGIES LTD,4826959697.853969
NSE,2024-12-02,2024-12-31,45,HINDUNILVR,INE030A01027,HINDUSTAN UNILEVER LTD.,4772162717.349206
NSE,2024-12-02,2024-12-31,47,ONGC,INE213A01029,OIL AND NATURAL GAS CORP.,4485171658.180953
NSE,2024-12-02,2024-12-31,52,WIPRO,INE075A01022,WIPRO LTD,4229620447.221429
NSE,2024-12-02,2024-12-31,54,TITAN,INE280A01028,TITAN COMPANY LIMITED,4172252857.438889
NSE,2024-12-02,2024-12-31,62,ASIANPAINT,INE021A01026,ASIAN PAINTS LIMITED,3855986073.7603173
NSE,2024-12-02,2024-12-31,68,SUNPHARMA,INE044A01036,SUN PHARMACEUTICAL IND L,3586842022.044444
NSE,2024-12-02,2024-12-31,72,ULTRACEMCO,INE481G01011,ULTRATECH CEMENT LIMITED,3488103404.022222
NSE,2024-12-02,2024-12-31,77,CIPLA,INE059A01026,CIPLA LTD,3322810749.0634923
NSE,2024-12-02,2024-12-31,100,NESTLEIND,INE239A01024,NESTLE INDIA LIMITED,2636518053.4111114
NSE,2024-12-02,2024-12-31,107,DRREDDY,INE089A01031,DR. REDDY S LABORATORIES,2410441139.3333335
NSE,2025-01-01,2025-01-31,1,HDFCBANK,INE040A01034,HDFC BANK LTD,29911979743.1873
NSE,2025-01-01,2025-01-31,2,RELIANCE,INE002A01018,RELIANCE INDUSTRIES LTD,20916017446.93651
NSE,2025-01-01,2025-01-31,3,ICICIBANK,INE090A01021,ICICI BANK LTD.,16579329314.951588
NSE,2025-01-01,2025-01-31,6,TATAMOTORS,INE155A01022,TATA MOTORS LIMITED,10722657455.655556
NSE,2025-01-01,2025-01-31,7,SBIN,INE062A01020,STATE BANK OF INDIA,10661746823.09127
NSE,2025-01-01,2025-01-31,8,INFY,INE009A01021,INFOSYS LIMITED,10328419957.99603
NSE,2025-01-01,2025-01-31,10,AXISBANK,INE238A01034,AXIS BANK LIMITED,10162984935.045238
NSE,2025-01-01,2025-01-31,11,M&M,INE101A01026,MAHINDRA & MAHINDRA LTD,9998312265.05635
NSE,2025-01-01,2025-01-31,12,TCS,INE467B01029,TATA CONSULTANCY SERV LT,9340613836.475397
NSE,2025-01-01,2025-01-31,14,BHARTIARTL,INE397D01024,BHARTI AIRTEL LIMITED,9036001319.75
NSE,2025-01-01,2025-01-31,16,LT,INE018A01030,LARSEN & TOUBRO LTD.,7383601532.535714
NSE,2025-01-01,2025-01-31,17,ADANIENT,INE423A01024,ADANI ENTERPRISES LIMITED,7331402811.9619055
NSE,2025-01-01,2025-01-31,19,KOTAKBANK,INE237A01028,KOTAK MAHINDRA BANK LTD,7215426342.806349
NSE,2025-01-01,2025-01-31,21,BAJFINANCE,INE296A01024,BAJAJ FINANCE LIMITED,6737980318.369841
NSE,2025-01-01,2025-01-31,26,ITC,INE154A01025,ITC LTD,5964399068.768254
NSE,2025-01-01,2025-01-31,27,MARUTI,INE585B01010,MARUTI SUZUKI INDIA LTD.,5772921288.074602
NSE,2025-01-01,2025-01-31,28,TATASTEEL,INE081A01020,TATA STEEL LIMITED,5748631607.77508
NSE,2025-01-01,2025-01-31,32,NTPC,INE733E01010,NTPC LTD,5375232671.687302
NSE,2025-01-01,2025-01-31,39,HCLTECH,INE860A01027,HCL TECHNOLOGIES LTD,4710068789.907936
NSE,2025-01-01,2025-01-31,43,POWERGRID,INE752E01010,POWER GRID CORP. LTD.,4393609547.803174
NSE,2025-01-01,2025-01-31,49,HINDUNILVR,INE030A01027,HINDUSTAN UNILEVER LTD.,4165884755.7444444
NSE,2025-01-01,2025-01-31,51,WIPRO,INE075A01022,WIPRO LTD,3982129646.646032
NSE,2025-01-01,2025-01-31,56,TITAN,INE280A01028,TITAN COMPANY LIMITED,3770140674.1412697
NSE,2025-01-01,2025-01-31,59,ASIANPAINT,INE021A01026,ASIAN PAINTS LIMITED,3618182590.2547617
NSE,2025-01-01,2025-01-31,60,CIPLA,INE059A01026,CIPLA LTD,3606716593.1325393
NSE,2025-01-01,2025-01-31,63,SUNPHARMA,INE044A01036,SUN PHARMACEUTICAL IND L,3528580511.6571426
NSE,2025-01-01,2025-01-31,68,ULTRACEMCO,INE481G01011,ULTRATECH CEMENT LIMITED,3387023041.4515877
NSE,2025-01-01,2025-01-31,70,ONGC,INE213A01029,OIL AND NATURAL GAS CORP.,3346077860.8346033
NSE,2025-01-01,2025-01-31,92,DRREDDY,INE089A01031,DR. REDDY S LABORATORIES,2622747570.104762
NSE,2025-01-01,2025-01-31,110,NESTLEIND,INE239A01024,NESTLE INDIA LIMITED,2267188335.2849207
NSE,2025-02-01,2025-03-02,1,HDFCBANK,INE040A01034,HDFC BANK LTD,26592772354.002384
NSE,2025-02-01,2025-03-02,2,RELIANCE,INE002A01018,RELIANCE INDUSTRIES LTD,17288617063.404762
NSE,2025-02-01,2025-03-02,4,ICICIBANK,INE090A01021,ICICI BANK LTD.,14609104448.529366
NSE,2025-02-01,2025-03-02,6,INFY,INE009A01021,INFOSYS LIMITED,10849164805.15238
NSE,2025-02-01,2025-03-02,7,TATAMOTORS,INE155A01022,TATA MOTORS LIMITED,10761934473.057938
NSE,2025-02-01,2025-03-02,8,AXISBANK,INE238A01034,AXIS BANK LIMITED,10443980681.030159
NSE,2025-02-01,2025-03-02,9,SBIN,INE062A01020,STATE BANK OF INDIA,9689413623.070635
NSE,2025-02-01,2025-03-02,10,TCS,INE467B01029,TATA CONSULTANCY SERV LT,9267289909.869047
NSE,2025-02-01,2025-03-02,11,BHARTIARTL,INE397D01024,BHARTI AIRTEL LIMITED,8910833871.292065
NSE,2025-02-01,2025-03-02,12,M&M,INE101A01026,MAHINDRA & MAHINDRA LTD,8838253404.180159
NSE,2025-02-01,2025-03-02,17,BAJFINANCE,INE296A01024,BAJAJ FINANCE LIMITED,7805742987.075397
NSE,2025-02-01,2025-03-02,20,ADANIENT,INE423A01024,ADANI ENTERPRISES LIMITED,7040391539.892858
NSE,2025-02-01,2025-03-02,21,KOTAKBANK,INE237A01028,KOTAK MAHINDRA BANK LTD,6887033866.412699
NSE,2025-02-01,2025-03-02,22,LT,INE018A01030,LARSEN & TOUBRO LTD.,6818631582.688889
NSE,2025-02-01,2025-03-02,25,ITC,INE154A01025,ITC LTD,6469905270.641271
NSE,2025-02-01,2025-03-02,30,HCLTECH,INE860A01027,HCL TECHNOLOGIES LTD,5531577059.569047
NSE,2025-02-01,2025-03-02,33,MARUTI,INE585B01010,MARUTI SUZUKI INDIA LTD.,5031115506.307937
NSE,2025-02-01,2025-03-02,34,NTPC,INE733E01010,NTPC LTD,4859822390.359523
NSE,2025-02-01,2025-03-02,37,TATASTEEL,INE081A01020,TATA STEEL LIMITED,4618935887.032223
NSE,2025-02-01,2025-03-02,45,HINDUNILVR,INE030A01027,HINDUSTAN UNILEVER LTD.,4049145445.9642863
NSE,2025-02-01,2025-03-02,50,POWERGRID,INE752E01010,POWER GRID CORP. LTD.,3922487378.671428
NSE,2025-02-01,2025-03-02,52,WIPRO,INE075A01022,WIPRO LTD,3870560477.7269845
NSE,2025-02-01,2025-03-02,54,TITAN,INE280A01028,TITAN COMPANY LIMITED,3822591862.221429
NSE,2025-02-01,2025-03-02,60,ASIANPAINT,INE021A01026,ASIAN PAINTS LIMITED,3549292174.572222
NSE,2025-02-01,2025-03-02,61,SUNPHARMA,INE044A01036,SUN PHARMACEUTICAL IND L,3546223638.249206
NSE,2025-02-01,2025-03-02,62,ULTRACEMCO,INE481G01011,ULTRATECH CEMENT LIMITED,3522886356.3785715
NSE,2025-02-01,2025-03-02,63,ONGC,INE213A01029,OIL AND NATURAL GAS CORP.,3429977231.106349
NSE,2025-02-01,2025-03-02,77,CIPLA,INE059A01026,CIPLA LTD,2928885184.2261906
NSE,2025-02-01,2025-03-02,81,DRREDDY,INE089A01031,DR. REDDY S LABORATORIES,2822061025.7738094
NSE,2025-02-01,2025-03-02,126,NESTLEIND,INE239A01024,NESTLE INDIA LIMITED,1919953319.1365077
NSE,2025-03-03,2025-03-31,1,HDFCBANK,INE040A01034,HDFC BANK LTD,18630622774.515873
NSE,2025-03-03,2025-03-31,3,RELIANCE,INE002A01018,RELIANCE INDUSTRIES LTD,15306757340.824604
NSE,2025-03-03,2025-03-31,4,ICICIBANK,INE090A01021,ICICI BANK LTD.,13155605246.211905
NSE,2025-03-03,2025-03-31,6,INFY,INE009A01021,INFOSYS LIMITED,10613429292.424603
NSE,2025-03-03,2025-03-31,7,TATAMOTORS,INE155A01022,TATA MOTORS LIMITED,9963021656.629366
NSE,2025-03-03,2025-03-31,8,BAJFINANCE,INE296A01024,BAJAJ FINANCE LIMITED,9608229891.778572
NSE,2025-03-03,2025-03-31,9,TCS,INE467B01029,TATA CONSULTANCY SERV LT,9518758237.709522
NSE,2025-03-03,2025-03-31,10,AXISBANK,INE238A01034,AXIS BANK LIMITED,9458951716.307938
NSE,2025-03-03,2025-03-31,11,BHARTIARTL,INE397D01024,BHARTI AIRTEL LIMITED,9435405502.747618
NSE,2025-03-03,2025-03-31,12,M&M,INE101A01026,MAHINDRA & MAHINDRA LTD,9005323671.909525
NSE,2025-03-03,2025-03-31,15,SBIN,INE062A01020,STATE BANK OF INDIA,8714832997.440475
NSE,2025-03-03,2025-03-31,16,KOTAKBANK,INE237A01028,KOTAK MAHINDRA BANK LTD,7538937590.959524
NSE,2025-03-03,2025-03-31,18,LT,INE018A01030,LARSEN & TOUBRO LTD.,7194999144.240476
NSE,2025-03-03,2025-03-31,20,ITC,INE154A01025,ITC LTD,6858310654.005555
NSE,2025-03-03,2025-03-31,28,HCLTECH,INE860A01027,HCL TECHNOLOGIES LTD,5229229689.223809
NSE,2025-03-03,2025-03-31,33,MARUTI,INE585B01010,MARUTI SUZUKI INDIA LTD.,4907962977.918255
NSE,2025-03-03,2025-03-31,35,NTPC,INE733E01010,NTPC LTD,4363813652.4920635
NSE,2025-03-03,2025-03-31,41,HINDUNILVR,INE030A01027,HINDUSTAN UNILEVER LTD.,4016139691.797619
NSE,2025-03-03,2025-03-31,42,TATASTEEL,INE081A01020,TATA STEEL LIMITED,3990541197.107301
NSE,2025-03-03,2025-03-31,43,ULTRACEMCO,INE481G01011,ULTRATECH CEMENT LIMITED,3887851700.0142856
NSE,2025-03-03,2025-03-31,47,ADANIENT,INE423A01024,ADANI ENTERPRISES LIMITED,3758927860.5833335
NSE,2025-03-03,2025-03-31,48,WIPRO,INE075A01022,WIPRO LTD,3718181600.8936505
NSE,2025-03-03,2025-03-31,52,POWERGRID,INE752E01010,POWER GRID CORP. LTD.,3621450241.6349206
NSE,2025-03-03,2025-03-31,54,SUNPHARMA,INE044A01036,SUN PHARMACEUTICAL IND L,3599294884.604762
NSE,2025-03-03,2025-03-31,61,TITAN,INE280A01028,TITAN COMPANY LIMITED,3290791207.8944445
NSE,2025-03-03,2025-03-31,70,DRREDDY,INE089A01031,DR. REDDY S LABORATORIES,3035911155.1222224
NSE,2025-03-03,2025-03-31,72,ASIANPAINT,INE021A01026,ASIAN PAINTS LIMITED,3000959570.188889
NSE,2025-03-03,2025-03-31,73,ONGC,INE213A01029,OIL AND NATURAL GAS CORP.,2994746689.9720635
NSE,2025-03-03,2025-03-31,87,CIPLA,INE059A01026,CIPLA LTD,2624434966.495238
NSE,2025-03-03,2025-03-31,133,NESTLEIND,INE239A01024,NESTLE INDIA LIMITED,1855463179.0484128
NSE,2025-04-01,2025-05-01,1,HDFCBANK,INE040A01034,HDFC BANK LTD,19292865388.180157
NSE,2025-04-01,2025-05-01,3,RELIANCE,INE002A01018,RELIANCE INDUSTRIES LTD,15498483793.63492
NSE,2025-04-01,2025-05-01,5,ICICIBANK,INE090A01021,ICICI BANK LTD.,13658344022.164286
NSE,2025-04-01,2025-05-01,6,INFY,INE009A01021,INFOSYS LIMITED,11981725567.798414
NSE,2025-04-01,2025-05-01,7,BAJFINANCE,INE296A01024,BAJAJ FINANCE LIMITED,10873061987.286507
NSE,2025-04-01,2025-05-01,8,BHARTIARTL,INE397D01024,BHARTI AIRTEL LIMITED,9679691534.530952
NSE,2025-04-01,2025-05-01,9,TATAMOTORS,INE155A01022,TATA MOTORS LIMITED,9573170555.03889
NSE,2025-04-01,2025-05-01,10,TCS,INE467B01029,TATA CONSULTANCY SERV LT,9424389248.30873
NSE,2025-04-01,2025-05-01,11,M&M,INE101A01026,MAHINDRA & MAHINDRA LTD,9352031274.88492
NSE,2025-04-01,2025-05-01,13,AXISBANK,INE238A01034,AXIS BANK LIMITED,8988319234.533333
NSE,2025-04-01,2025-05-01,14,KOTAKBANK,INE237A01028,KOTAK MAHINDRA BANK LTD,8831259858.453968
NSE,2025-04-01,2025-05-01,17,SBIN,INE062A01020,STATE BANK OF INDIA,8202041120.812698
NSE,2025-04-01,2025-05-01,19,LT,INE018A01030,LARSEN & TOUBRO LTD.,7232952143.566667
NSE,2025-04-01,2025-05-01,21,ITC,INE154A01025,ITC LTD,6540603469.172223
NSE,2025-04-01,2025-05-01,25,HCLTECH,INE860A01027,HCL TECHNOLOGIES LTD,5340824824.971428
NSE,2025-04-01,2025-05-01,28,MARUTI,INE585B01010,MARUTI SUZUKI INDIA LTD.,5105737030.041269
NSE,2025-04-01,2025-05-01,34,TATASTEEL,INE081A01020,TATA STEEL LIMITED,4660116737.959365
NSE,2025-04-01,2025-05-01,35,NTPC,INE733E01010,NTPC LTD,4613359906.66508
NSE,2025-04-01,2025-05-01,40,ULTRACEMCO,INE481G01011,ULTRATECH CEMENT LIMITED,4162900590.064286
NSE,2025-04-01,2025-05-01,43,HINDUNILVR,INE030A01027,HINDUSTAN UNILEVER LTD.,4008700247.6888895
NSE,2025-04-01,2025-05-01,45,POWERGRID,INE752E01010,POWER GRID CORP. LTD.,3869880072.28254
NSE,2025-04-01,2025-05-01,50,WIPRO,INE075A01022,WIPRO LTD,3682218682.0261903
NSE,2025-04-01,2025-05-01,51,SUNPHARMA,INE044A01036,SUN PHARMACEUTICAL IND L,3650737246.106349
NSE,2025-04-01,2025-05-01,60,ONGC,INE213A01029,OIL AND NATURAL GAS CORP.,3209774066.028571
NSE,2025-04-01,2025-05-01,61,TITAN,INE280A01028,TITAN COMPANY LIMITED,3199061266.078572
NSE,2025-04-01,2025-05-01,65,ADANIENT,INE423A01024,ADANI ENTERPRISES LIMITED,3147034511.5373015
NSE,2025-04-01,2025-05-01,73,ASIANPAINT,INE021A01026,ASIAN PAINTS LIMITED,2858528948.602381
NSE,2025-04-01,2025-05-01,83,DRREDDY,INE089A01031,DR. REDDY S LABORATORIES,2661432796.300793
NSE,2025-04-01,2025-05-01,105,CIPLA,INE059A01026,CIPLA LTD,2188003152.1261907
NSE,2025-04-01,2025-05-01,144,NESTLEIND,INE239A01024,NESTLE INDIA LIMITED,1692506456.397619
NSE,2025-05-02,2025-06-01,1,HDFCBANK,INE040A01034,HDFC BANK LTD,21504523545.122223
NSE,2025-05-02,2025-06-01,3,RELIANCE,INE002A01018,RELIANCE INDUSTRIES LTD,16602378967.864285
NSE,2025-05-02,2025-06-01,4,ICICIBANK,INE090A01021,ICICI BANK LTD.,15469257655.145239
NSE,2025-05-02,2025-06-01,6,INFY,INE009A01021,INFOSYS LIMITED,12849877052.457935
NSE,2025-05-02,2025-06-01,7,BAJFINANCE,INE296A01024,BAJAJ FINANCE LIMITED,12315580823.11984
NSE,2025-05-02,2025-06-01,8,BHARTIARTL,INE397D01024,BHARTI AIRTEL LIMITED,11344852547.025396
NSE,2025-05-02,2025-06-01,11,TATAMOTORS,INE155A01022,TATA MOTORS LIMITED,9994052017.054762
NSE,2025-05-02,2025-06-01,12,TCS,INE467B01029,TATA CONSULTANCY SERV LT,9790705959.813492
NSE,2025-05-02,2025-06-01,13,M&M,INE101A01026,MAHINDRA & MAHINDRA LTD,9471914510.220634
NSE,2025-05-02,2025-06-01,14,KOTAKBANK,INE237A01028,KOTAK MAHINDRA BANK LTD,9039126711.050793
NSE,2025-05-02,2025-06-01,16,SBIN,INE062A01020,STATE BANK OF INDIA,8954897430.923016
NSE,2025-05-02,2025-06-01,17,AXISBANK,INE238A01034,AXIS BANK LIMITED,8332839717.795238
NSE,2025-05-02,2025-06-01,19,LT,INE018A01030,LARSEN & TOUBRO LTD.,7621430101.464286
NSE,2025-05-02,2025-06-01,22,ITC,INE154A01025,ITC LTD,6584418802.88254
NSE,2025-05-02,2025-06-01,26,TATASTEEL,INE081A01020,TATA STEEL LIMITED,5499930701.671904
NSE,2025-05-02,2025-06-01,28,MARUTI,INE585B01010,MARUTI SUZUKI INDIA LTD.,5285294928.362699
NSE,2025-05-02,2025-06-01,29,HCLTECH,INE860A01027,HCL TECHNOLOGIES LTD,4893160071.412699
NSE,2025-05-02,2025-06-01,34,NTPC,INE733E01010,NTPC LTD,4523045628.438889
NSE,2025-05-02,2025-06-01,35,HINDUNILVR,INE030A01027,HINDUSTAN UNILEVER LTD.,4453753919.30873
NSE,2025-05-02,2025-06-01,38,SUNPHARMA,INE044A01036,SUN PHARMACEUTICAL IND L,4333806551.280952
NSE,2025-05-02,2025-06-01,40,ULTRACEMCO,INE481G01011,ULTRATECH CEMENT LIMITED,4276613669.623016
NSE,2025-05-02,2025-06-01,41,POWERGRID,INE752E01010,POWER GRID CORP. LTD.,4227572135.4238095
NSE,2025-05-02,2025-06-01,53,WIPRO,INE075A01022,WIPRO LTD,3640273358.2755556
NSE,2025-05-02,2025-06-01,62,TITAN,INE280A01028,TITAN COMPANY LIMITED,3083410377.1706347
NSE,2025-05-02,2025-06-01,72,ONGC,INE213A01029,OIL AND NATURAL GAS CORP.,2877232189.797937
NSE,2025-05-02,2025-06-01,75,DRREDDY,INE089A01031,DR. REDDY S LABORATORIES,2853531866.4531746
NSE,2025-05-02,2025-06-01,77,ASIANPAINT,INE021A01026,ASIAN PAINTS LIMITED,2808169205.1055555
NSE,2025-05-02,2025-06-01,78,ADANIENT,INE423A01024,ADANI ENTERPRISES LIMITED,2784341910.6214285
NSE,2025-05-02,2025-06-01,98,CIPLA,INE059A01026,CIPLA LTD,2414063925.6857142
NSE,2025-05-02,2025-06-01,135,NESTLEIND,INE239A01024,NESTLE INDIA LIMITED,1889150236.5500002
NSE,2025-06-02,2025-06-30,2,HDFCBANK,INE040A01034,HDFC BANK LTD,22364673014.094444
NSE,2025-06-02,2025-06-30,3,RELIANCE,INE002A01018,RELIANCE INDUSTRIES LTD,17945438919.23016
NSE,2025-06-02,2025-06-30,4,ICICIBANK,INE090A01021,ICICI BANK LTD.,16444560846.509523
NSE,2025-06-02,2025-06-30,7,BHARTIARTL,INE397D01024,BHARTI AIRTEL LIMITED,14633685418.979364
NSE,2025-06-02,2025-06-30,8,INFY,INE009A01021,INFOSYS LIMITED,13356171339.315872
NSE,2025-06-02,2025-06-30,11,TATAMOTORS,INE155A01022,TATA MOTORS LIMITED,10611007123.329365
NSE,2025-06-02,2025-06-30,12,BAJFINANCE,INE296A01024,BAJAJ FINANCE LIMITED,10485561189.050001
NSE,2025-06-02,2025-06-30,13,TCS,INE467B01029,TATA CONSULTANCY SERV LT,9691880068.145239
NSE,2025-06-02,2025-06-30,14,SBIN,INE062A01020,STATE BANK OF INDIA,9442251672.08651
NSE,2025-06-02,2025-06-30,15,ITC,INE154A01025,ITC LTD,9343539757.296032
NSE,2025-06-02,2025-06-30,16,KOTAKBANK,INE237A01028,KOTAK MAHINDRA BANK LTD,9188757416.973015
NSE,2025-06-02,2025-06-30,17,M&M,INE101A01026,MAHINDRA & MAHINDRA LTD,8860951544.37619
NSE,2025-06-02,2025-06-30,21,AXISBANK,INE238A01034,AXIS BANK LIMITED,7986587161.569841
NSE,2025-06-02,2025-06-30,22,LT,INE018A01030,LARSEN & TOUBRO LTD.,7470768583.709524
NSE,2025-06-02,2025-06-30,28,TATASTEEL,INE081A01020,TATA STEEL LIMITED,6037842448.560317
NSE,2025-06-02,2025-06-30,32,HCLTECH,INE860A01027,HCL TECHNOLOGIES LTD,4970945514.961905
NSE,2025-06-02,2025-06-30,34,NTPC,INE733E01010,NTPC LTD,4870335813.942064
NSE,2025-06-02,2025-06-30,36,SUNPHARMA,INE044A01036,SUN PHARMACEUTICAL IND L,4731556850.269048
NSE,2025-06-02,2025-06-30,38,MARUTI,INE585B01010,MARUTI SUZUKI INDIA LTD.,4664118042.210318
NSE,2025-06-02,2025-06-30,41,HINDUNILVR,INE030A01027,HINDUSTAN UNILEVER LTD.,4551951256.081746
NSE,2025-06-02,2025-06-30,42,POWERGRID,INE752E01010,POWER GRID CORP. LTD.,4379710753.178572
NSE,2025-06-02,2025-06-30,45,ULTRACEMCO,INE481G01011,ULTRATECH CEMENT LIMITED,4090967858.1507936
NSE,2025-06-02,2025-06-30,63,WIPRO,INE075A01022,WIPRO LTD,3307538898.452381
NSE,2025-06-02,2025-06-30,68,TITAN,INE280A01028,TITAN COMPANY LIMITED,3046420467.9380956
NSE,2025-06-02,2025-06-30,69,ONGC,INE213A01029,OIL AND NATURAL GAS CORP.,3032267028.8338094
NSE,2025-06-02,2025-06-30,82,ASIANPAINT,INE021A01026,ASIAN PAINTS LIMITED,2759884081.783333
NSE,2025-06-02,2025-06-30,85,DRREDDY,INE089A01031,DR. REDDY S LABORATORIES,2705817476.411905
NSE,2025-06-02,2025-06-30,88,ADANIENT,INE423A01024,ADANI ENTERPRISES LIMITED,2638806382.4007936
NSE,2025-06-02,2025-06-30,94,CIPLA,INE059A01026,CIPLA LTD,2522852369.454762
NSE,2025-06-02,2025-06-30,141,NESTLEIND,INE239A01024,NESTLE INDIA LIMITED,1885062709.3373015
NSE,2025-07-01,2025-07-31,2,HDFCBANK,INE040A01034,HDFC BANK LTD,21678917403.069843
NSE,2025-07-01,2025-07-31,3,RELIANCE,INE002A01018,RELIANCE INDUSTRIES LTD,17078931800.796032
NSE,2025-07-01,2025-07-31,4,ICICIBANK,INE090A01021,ICICI BANK LTD.,15218830842.619843
NSE,2025-07-01,2025-07-31,6,BHARTIARTL,INE397D01024,BHARTI AIRTEL LIMITED,14760959547.83492
NSE,2025-07-01,2025-07-31,8,INFY,INE009A01021,INFOSYS LIMITED,12323774231.136507
NSE,2025-07-01,2025-07-31,13,TATAMOTORS,INE155A01022,TATA MOTORS LIMITED,10426114668.326189
NSE,2025-07-01,2025-07-31,14,SBIN,INE062A01020,STATE BANK OF INDIA,10269350988.233334
NSE,2025-07-01,2025-07-31,15,BAJFINANCE,INE296A01032,BAJAJ FINANCE LIMITED,9889334751.918253
NSE,2025-07-01,2025-07-31,16,ITC,INE154A01025,ITC LTD,9158829126.93492
NSE,2025-07-01,2025-07-31,17,TCS,INE467B01029,TATA CONSULTANCY SERV LT,9008645775.931746
NSE,2025-07-01,2025-07-31,19,KOTAKBANK,INE237A01028,KOTAK MAHINDRA BANK LTD,8525353100.892858
NSE,2025-07-01,2025-07-31,21,M&M,INE101A01026,MAHINDRA & MAHINDRA LTD,8338777696.946826
NSE,2025-07-01,2025-07-31,22,AXISBANK,INE238A01034,AXIS BANK LIMITED,8010503838.82381
NSE,2025-07-01,2025-07-31,27,LT,INE018A01030,LARSEN & TOUBRO LTD.,7150719426.899207
NSE,2025-07-01,2025-07-31,34,NTPC,INE733E01010,NTPC LTD,5118546992.103968
NSE,2025-07-01,2025-07-31,35,TATASTEEL,INE081A01020,TATA STEEL LIMITED,5084890985.849364
NSE,2025-07-01,2025-07-31,39,SUNPHARMA,INE044A01036,SUN PHARMACEUTICAL IND L,4889278023.214286
NSE,2025-07-01,2025-07-31,40,HCLTECH,INE860A01027,HCL TECHNOLOGIES LTD,4737602901.119047
NSE,2025-07-01,2025-07-31,41,MARUTI,INE585B01010,MARUTI SUZUKI INDIA LTD.,4682211299.996826
NSE,2025-07-01,2025-07-31,43,HINDUNILVR,INE030A01027,HINDUSTAN UNILEVER LTD.,4539967148.364285
NSE,2025-07-01,2025-07-31,47,POWERGRID,INE752E01010,POWER GRID CORP. LTD.,3996992342.0277777
NSE,2025-07-01,2025-07-31,53,ULTRACEMCO,INE481G01011,ULTRATECH CEMENT LIMITED,3559113032.881746
NSE,2025-07-01,2025-07-31,56,ONGC,INE213A01029,OIL AND NATURAL GAS CORP.,3497544436.5536504
NSE,2025-07-01,2025-07-31,65,TITAN,INE280A01028,TITAN COMPANY LIMITED,3204914563.7531743
NSE,2025-07-01,2025-07-31,76,WIPRO,INE075A01022,WIPRO LTD,2938586783.6509523
NSE,2025-07-01,2025-07-31,79,ASIANPAINT,INE021A01026,ASIAN PAINTS LIMITED,2777404759.016667
NSE,2025-07-01,2025-07-31,82,ADANIENT,INE423A01024,ADANI ENTERPRISES LIMITED,2762616830.1507936
NSE,2025-07-01,2025-07-31,94,DRREDDY,INE089A01031,DR. REDDY S LABORATORIES,2596597575.149206
NSE,2025-07-01,2025-07-31,100,CIPLA,INE059A01026,CIPLA LTD,2459340236.928571
NSE,2025-07-01,2025-07-31,105,NESTLEIND,INE239A01024,NESTLE INDIA LIMITED,2391894029.95873
NSE,2025-08-01,2025-08-31,2,HDFCBANK,INE040A01034,HDFC BANK LTD,18143053964.342857
NSE,2025-08-01,2025-08-31,3,RELIANCE,INE002A01018,RELIANCE INDUSTRIES LTD,15388584030.557142
NSE,2025-08-01,2025-08-31,4,BHARTIARTL,INE397D01024,BHARTI AIRTEL LIMITED,13925023835.473015
NSE,2025-08-01,2025-08-31,5,ICICIBANK,INE090A01021,ICICI BANK LTD.,13619364770.960318
NSE,2025-08-01,2025-08-31,8,INFY,INE009A01021,INFOSYS LIMITED,11111654089.244444
NSE,2025-08-01,2025-08-31,13,SBIN,INE062A01020,STATE BANK OF INDIA,9131968905.223808
NSE,2025-08-01,2025-08-31,14,TATAMOTORS,INE155A01022,TATA MOTORS LIMITED,8849317026.212698
NSE,2025-08-01,2025-08-31,15,TCS,INE467B01029,TATA CONSULTANCY SERV LT,8742056189.623808
NSE,2025-08-01,2025-08-31,17,AXISBANK,INE238A01034,AXIS BANK LIMITED,8166845635.790476
NSE,2025-08-01,2025-08-31,18,BAJFINANCE,INE296A01032,BAJAJ FINANCE LIMITED,8063456348.837301
NSE,2025-08-01,2025-08-31,19,ITC,INE154A01025,ITC LTD,8049120084.069047
NSE,2025-08-01,2025-08-31,20,KOTAKBANK,INE237A01028,KOTAK MAHINDRA BANK LTD,7924116266.952381
NSE,2025-08-01,2025-08-31,23,M&M,INE101A01026,MAHINDRA & MAHINDRA LTD,7556524309.790476
NSE,2025-08-01,2025-08-31,26,LT,INE018A01030,LARSEN & TOUBRO LTD.,6731595690.074603
NSE,2025-08-01,2025-08-31,36,HCLTECH,INE860A01027,HCL TECHNOLOGIES LTD,4770035061.09365
NSE,2025-08-01,2025-08-31,37,NTPC,INE733E01010,NTPC LTD,4675887623.942858
NSE,2025-08-01,2025-08-31,38,SUNPHARMA,INE044A01036,SUN PHARMACEUTICAL IND L,4363072777.114285
NSE,2025-08-01,2025-08-31,39,TATASTEEL,INE081A01020,TATA STEEL LIMITED,4220971449.3103175
NSE,2025-08-01,2025-08-31,40,HINDUNILVR,INE030A01027,HINDUSTAN UNILEVER LTD.,4158393580.7000003
NSE,2025-08-01,2025-08-31,44,MARUTI,INE585B01010,MARUTI SUZUKI INDIA LTD.,3888916969.095238
NSE,2025-08-01,2025-08-31,51,POWERGRID,INE752E01010,POWER GRID CORP. LTD.,3392106119.635714
NSE,2025-08-01,2025-08-31,57,ULTRACEMCO,INE481G01011,ULTRATECH CEMENT LIMITED,3200240257.428571
NSE,2025-08-01,2025-08-31,61,TITAN,INE280A01028,TITAN COMPANY LIMITED,3155254929.0873017
NSE,2025-08-01,2025-08-31,68,ONGC,INE213A01029,OIL AND NATURAL GAS CORP.,2882906477.847301
NSE,2025-08-01,2025-08-31,75,ASIANPAINT,INE021A01026,ASIAN PAINTS LIMITED,2793032084.8968253
NSE,2025-08-01,2025-08-31,86,CIPLA,INE059A01026,CIPLA LTD,2571324225.990476
NSE,2025-08-01,2025-08-31,99,WIPRO,INE075A01022,WIPRO LTD,2379361408.3685713
NSE,2025-08-01,2025-08-31,108,ADANIENT,INE423A01024,ADANI ENTERPRISES LIMITED,2211878050.0047617
NSE,2025-08-01,2025-08-31,109,NESTLEIND,INE239A01024,NESTLE INDIA LIMITED,2186103866.911111
NSE,2025-08-01,2025-08-31,114,DRREDDY,INE089A01031,DR. REDDY S LABORATORIES,2126346513.6666667
NSE,2025-09-01,2025-09-30,1,HDFCBANK,INE040A01034,HDFC BANK LTD,16914930916.892857
NSE,2025-09-01,2025-09-30,3,RELIANCE,INE002A01018,RELIANCE INDUSTRIES LTD,15040848636.760317
NSE,2025-09-01,2025-09-30,5,BHARTIARTL,INE397D01024,BHARTI AIRTEL LIMITED,12992960879.660318
NSE,2025-09-01,2025-09-30,6,ICICIBANK,INE090A01021,ICICI BANK LTD.,12482905900.277779
NSE,2025-09-01,2025-09-30,7,INFY,INE009A01021,INFOSYS LIMITED,11646147413.798414
NSE,2025-09-01,2025-09-30,8,TCS,INE467B01029,TATA CONSULTANCY SERV LT,9008239690.380953
NSE,2025-09-01,2025-09-30,10,AXISBANK,INE238A01034,AXIS BANK LIMITED,7867120426.720634
NSE,2025-09-01,2025-09-30,11,SBIN,INE062A01020,STATE BANK OF INDIA,7855130782.25873
NSE,2025-09-01,2025-09-30,12,M&M,INE101A01026,MAHINDRA & MAHINDRA LTD,7830270303.084126
NSE,2025-09-01,2025-09-30,14,KOTAKBANK,INE237A01028,KOTAK MAHINDRA BANK LTD,7578141312.379366
NSE,2025-09-01,2025-09-30,17,BAJFINANCE,INE296A01032,BAJAJ FINANCE LIMITED,7411382744.779365
NSE,2025-09-01,2025-09-30,19,TATAMOTORS,INE155A01022,TATA MOTORS LIMITED,7040126767.269841
NSE,2025-09-01,2025-09-30,28,LT,INE018A01030,LARSEN & TOUBRO LTD.,5878691715.784127
NSE,2025-09-01,2025-09-30,32,ITC,INE154A01025,ITC LTD,5040340507.308729
NSE,2025-09-01,2025-09-30,33,MARUTI,INE585B01010,MARUTI SUZUKI INDIA LTD.,4915437008.1587305
NSE,2025-09-01,2025-09-30,34,HCLTECH,INE860A01027,HCL TECHNOLOGIES LTD,4912884448.677777
NSE,2025-09-01,2025-09-30,36,HINDUNILVR,INE030A01027,HINDUSTAN UNILEVER LTD.,4269721891.4634924
NSE,2025-09-01,2025-09-30,37,NTPC,INE733E01010,NTPC LTD,4112022913.113492
NSE,2025-09-01,2025-09-30,40,SUNPHARMA,INE044A01036,SUN PHARMACEUTICAL IND L,3989870013.2126985
NSE,2025-09-01,2025-09-30,45,TATASTEEL,INE081A01020,TATA STEEL LIMITED,3579098770.8261905
NSE,2025-09-01,2025-09-30,51,ULTRACEMCO,INE481G01011,ULTRATECH CEMENT LIMITED,3328630102.6507936
NSE,2025-09-01,2025-09-30,61,TITAN,INE280A01028,TITAN COMPANY LIMITED,3020987056.879365
NSE,2025-09-01,2025-09-30,65,POWERGRID,INE752E01010,POWER GRID CORP. LTD.,2921351364.17619
NSE,2025-09-01,2025-09-30,67,ASIANPAINT,INE021A01026,ASIAN PAINTS LIMITED,2888003605.7015877
NSE,2025-09-01,2025-09-30,76,ONGC,INE213A01029,OIL AND NATURAL GAS CORP.,2682043160.313651
NSE,2025-09-01,2025-09-30,93,WIPRO,INE075A01022,WIPRO LTD,2292052296.2012696
NSE,2025-09-01,2025-09-30,99,CIPLA,INE059A01026,CIPLA LTD,2222450248.779365
NSE,2025-09-01,2025-09-30,107,ADANIENT,INE423A01024,ADANI ENTERPRISES LIMITED,2141739709.1285713
NSE,2025-09-01,2025-09-30,115,NESTLEIND,INE239A01024,NESTLE INDIA LIMITED,2067098705.9301589
NSE,2025-09-01,2025-09-30,125,DRREDDY,INE089A01031,DR. REDDY S LABORATORIES,1988162280.8936508
NSE,2025-10-01,2025-11-02,1,HDFCBANK,INE040A01034,HDFC BANK LTD,16352933740.826986
NSE,2025-10-01,2025-11-02,2,RELIANCE,INE002A01018,RELIANCE INDUSTRIES LTD,14443066231.322222
NSE,2025-10-01,2025-11-02,4,ICICIBANK,INE090A01021,ICICI BANK LTD.,13009241607.87143
NSE,2025-10-01,2025-11-02,5,INFY,INE009A01021,INFOSYS LIMITED,12042402265.765081
NSE,2025-10-01,2025-11-02,6,BHARTIARTL,INE397D01024,BHARTI AIRTEL LIMITED,11901022710.595238
NSE,2025-10-01,2025-11-02,10,TCS,INE467B01029,TATA CONSULTANCY SERV LT,8778858943.868256
NSE,2025-10-01,2025-11-02,11,M&M,INE101A01026,MAHINDRA & MAHINDRA LTD,8695379646.776192
NSE,2025-10-01,2025-11-02,12,AXISBANK,INE238A01034,AXIS BANK LIMITED,8099889270.312698
NSE,2025-10-01,2025-11-02,14,SBIN,INE062A01020,STATE BANK OF INDIA,7277291875.153969
NSE,2025-10-01,2025-11-02,15,KOTAKBANK,INE237A01028,KOTAK MAHINDRA BANK LTD,7222958459.46508
NSE,2025-10-01,2025-11-02,16,TATAMOTORS,INE155A01022,TATA MOTORS LIMITED,7136582324.858729
NSE,2025-10-01,2025-11-02,17,BAJFINANCE,INE296A01032,BAJAJ FINANCE LIMITED,6896656009.283333
NSE,2025-10-01,2025-11-02,20,MARUTI,INE585B01010,MARUTI SUZUKI INDIA LTD.,6282774300.365079
NSE,2025-10-01,2025-11-02,21,LT,INE018A01030,LARSEN & TOUBRO LTD.,5972576490.9476185
NSE,2025-10-01,2025-11-02,27,ITC,INE154A01025,ITC LTD,5013254432.428572
NSE,2025-10-01,2025-11-02,30,HCLTECH,INE860A01027,HCL TECHNOLOGIES LTD,4761437658.714286
NSE,2025-10-01,2025-11-02,36,HINDUNILVR,INE030A01027,HINDUSTAN UNILEVER LTD.,4198788233.4190474
NSE,2025-10-01,2025-11-02,38,SUNPHARMA,INE044A01036,SUN PHARMACEUTICAL IND L,3915239032.2222223
NSE,2025-10-01,2025-11-02,43,TATASTEEL,INE081A01020,TATA STEEL LIMITED,3592964315.9217463
NSE,2025-10-01,2025-11-02,55,TITAN,INE280A01028,TITAN COMPANY LIMITED,3192886643.576191
NSE,2025-10-01,2025-11-02,59,ULTRACEMCO,INE481G01011,ULTRATECH CEMENT LIMITED,3074525034.9365077
NSE,2025-10-01,2025-11-02,62,NTPC,INE733E01010,NTPC LTD,3001143825.353968
NSE,2025-10-01,2025-11-02,63,POWERGRID,INE752E01010,POWER GRID CORP. LTD.,2920950625.5817466
NSE,2025-10-01,2025-11-02,76,ASIANPAINT,INE021A01026,ASIAN PAINTS LIMITED,2683922700.538095
NSE,2025-10-01,2025-11-02,82,ADANIENT,INE423A01024,ADANI ENTERPRISES LIMITED,2577870223.9238095
NSE,2025-10-01,2025-11-02,95,WIPRO,INE075A01022,WIPRO LTD,2234018712.680476
NSE,2025-10-01,2025-11-02,101,CIPLA,INE059A01026,CIPLA LTD,2165491166.3555555
NSE,2025-10-01,2025-11-02,115,ONGC,INE213A01029,OIL AND NATURAL GAS CORP.,1978081700.3042858
NSE,2025-10-01,2025-11-02,121,DRREDDY,INE089A01031,DR. REDDY S LABORATORIES,1889982235.585714
NSE,2025-10-01,2025-11-02,148,NESTLEIND,INE239A01024,NESTLE INDIA LIMITED,1597353694.2507937
NSE,2025-11-03,2025-11-30,1,HDFCBANK,INE040A01034,HDFC BANK LTD,18417772059.323807
NSE,2025-11-03,2025-11-30,2,ICICIBANK,INE090A01021,ICICI BANK LTD.,15085696804.395239
NSE,2025-11-03,2025-11-30,3,RELIANCE,INE002A01018,RELIANCE INDUSTRIES LTD,15031740053.290478
NSE,2025-11-03,2025-11-30,5,INFY,INE009A01021,INFOSYS LIMITED,12071951558.007936
NSE,2025-11-03,2025-11-30,6,BHARTIARTL,INE397D01024,BHARTI AIRTEL LIMITED,12005194739.226984
NSE,2025-11-03,2025-11-30,10,TCS,INE467B01029,TATA CONSULTANCY SERV LT,8926434772.560318
NSE,2025-11-03,2025-11-30,11,M&M,INE101A01026,MAHINDRA & MAHINDRA LTD,8891214562.463493
NSE,2025-11-03,2025-11-30,15,SBIN,INE062A01020,STATE BANK OF INDIA,7850036947.675397
NSE,2025-11-03,2025-11-30,16,AXISBANK,INE238A01034,AXIS BANK LIMITED,7827867930.957143
NSE,2025-11-03,2025-11-30,18,MARUTI,INE585B01010,MARUTI SUZUKI INDIA LTD.,7244512065.539682
NSE,2025-11-03,2025-11-30,19,BAJFINANCE,INE296A01032,BAJAJ FINANCE LIMITED,7076765387.32381
NSE,2025-11-03,2025-11-30,21,KOTAKBANK,INE237A01028,KOTAK MAHINDRA BANK LTD,6971747854.922222
NSE,2025-11-03,2025-11-30,23,LT,INE018A01030,LARSEN & TOUBRO LTD.,6361115262.412699
NSE,2025-11-03,2025-11-30,25,ITC,INE154A01025,ITC LTD,5818013760.25
NSE,2025-11-03,2025-11-30,37,HINDUNILVR,INE030A01027,HINDUSTAN UNILEVER LTD.,4232533790.5333333
NSE,2025-11-03,2025-11-30,39,TATASTEEL,INE081A01020,TATA STEEL LIMITED,4097650228.1573014
NSE,2025-11-03,2025-11-30,41,SUNPHARMA,INE044A01036,SUN PHARMACEUTICAL IND L,4037392371.828572
NSE,2025-11-03,2025-11-30,42,HCLTECH,INE860A01027,HCL TECHNOLOGIES LTD,4023660497.022222
NSE,2025-11-03,2025-11-30,52,TITAN,INE280A01028,TITAN COMPANY LIMITED,3561602119.1253967
NSE,2025-11-03,2025-11-30,55,POWERGRID,INE752E01010,POWER GRID CORP. LTD.,3315139172.230159
NSE,2025-11-03,2025-11-30,64,NTPC,INE733E01010,NTPC LTD,3113436082.9007936
NSE,2025-11-03,2025-11-30,68,ULTRACEMCO,INE481G01011,ULTRATECH CEMENT LIMITED,2998795774.269841
NSE,2025-11-03,2025-11-30,73,ADANIENT,INE423A01024,ADANI ENTERPRISES LIMITED,2872979283.2492065
NSE,2025-11-03,2025-11-30,77,ASIANPAINT,INE021A01026,ASIAN PAINTS LIMITED,2597250092.2269845
NSE,2025-11-03,2025-11-30,94,DRREDDY,INE089A01031,DR. REDDY S LABORATORIES,2223820143.093651
NSE,2025-11-03,2025-11-30,95,WIPRO,INE075A01022,WIPRO LTD,2215292455.6655555
NSE,2025-11-03,2025-11-30,99,ONGC,INE213A01029,OIL AND NATURAL GAS CORP.,2167922486.9511113
NSE,2025-11-03,2025-11-30,100,CIPLA,INE059A01026,CIPLA LTD,2164597528.393651
NSE,2025-11-03,2025-11-30,143,NESTLEIND,INE239A01024,NESTLE INDIA LIMITED,1684629228.6460316
NSE,2025-12-01,2025-12-31,1,HDFCBANK,INE040A01034,HDFC BANK LTD,19442193124.106354
NSE,2025-12-01,2025-12-31,2,ICICIBANK,INE090A01021,ICICI BANK LTD.,16434212481.64603
NSE,2025-12-01,2025-12-31,3,RELIANCE,INE002A01018,RELIANCE INDUSTRIES LTD,15774886899.6
NSE,2025-12-01,2025-12-31,4,BHARTIARTL,INE397D01024,BHARTI AIRTEL LIMITED,14784211339.915873
NSE,2025-12-01,2025-12-31,5,INFY,INE009A01021,INFOSYS LIMITED,12662909722.309525
NSE,2025-12-01,2025-12-31,9,M&M,INE101A01026,MAHINDRA & MAHINDRA LTD,8935010726.525396
NSE,2025-12-01,2025-12-31,11,TCS,INE467B01029,TATA CONSULTANCY SERV LT,8877353014.703175
NSE,2025-12-01,2025-12-31,12,SBIN,INE062A01020,STATE BANK OF INDIA,8859995357.523018
NSE,2025-12-01,2025-12-31,14,AXISBANK,INE238A01034,AXIS BANK LIMITED,8017867091.861904
NSE,2025-12-01,2025-12-31,15,BAJFINANCE,INE296A01032,BAJAJ FINANCE LIMITED,7735034993.011111
NSE,2025-12-01,2025-12-31,17,KOTAKBANK,INE237A01028,KOTAK MAHINDRA BANK LTD,7065644807.325397
NSE,2025-12-01,2025-12-31,18,MARUTI,INE585B01010,MARUTI SUZUKI INDIA LTD.,6770581735.8412695
NSE,2025-12-01,2025-12-31,19,LT,INE018A01030,LARSEN & TOUBRO LTD.,6672969459.790476
NSE,2025-12-01,2025-12-31,25,ITC,INE154A01025,ITC LTD,5520574396.660317
NSE,2025-12-01,2025-12-31,37,TATASTEEL,INE081A01020,TATA STEEL LIMITED,4272427428.273175
NSE,2025-12-01,2025-12-31,45,HCLTECH,INE860A01027,HCL TECHNOLOGIES LTD,3845158834.8492064
NSE,2025-12-01,2025-12-31,47,HINDUNILVR,INE030A01027,HINDUSTAN UNILEVER LTD.,3734359986.71746
NSE,2025-12-01,2025-12-31,48,POWERGRID,INE752E01010,POWER GRID CORP. LTD.,3719987071.4698415
NSE,2025-12-01,2025-12-31,49,TITAN,INE280A01028,TITAN COMPANY LIMITED,3715453033.3936505
NSE,2025-12-01,2025-12-31,50,SUNPHARMA,INE044A01036,SUN PHARMACEUTICAL IND L,3703477794.885714
NSE,2025-12-01,2025-12-31,53,ADANIENT,INE423A01024,ADANI ENTERPRISES LIMITED,3596617795.0015874
NSE,2025-12-01,2025-12-31,62,ASIANPAINT,INE021A01026,ASIAN PAINTS LIMITED,3131653625.1
NSE,2025-12-01,2025-12-31,71,NTPC,INE733E01010,NTPC LTD,2950020799.2539682
NSE,2025-12-01,2025-12-31,79,ULTRACEMCO,INE481G01011,ULTRATECH CEMENT LIMITED,2742527844.888889
NSE,2025-12-01,2025-12-31,101,DRREDDY,INE089A01031,DR. REDDY S LABORATORIES,2250303948.6
NSE,2025-12-01,2025-12-31,107,WIPRO,INE075A01022,WIPRO LTD,2181205617.3104763
NSE,2025-12-01,2025-12-31,108,ONGC,INE213A01029,OIL AND NATURAL GAS CORP.,2168473339.640476
NSE,2025-12-01,2025-12-31,117,CIPLA,INE059A01026,CIPLA LTD,1983760043.1857145
NSE,2025-12-01,2025-12-31,156,NESTLEIND,INE239A01024,NESTLE INDIA LIMITED,1542698101.547619
NSE,2026-01-01,2026-02-01,1,HDFCBANK,INE040A01034,HDFC BANK LTD,18915423084.30635
NSE,2026-01-01,2026-02-01,2,ICICIBANK,INE090A01021,ICICI BANK LTD.,15540032039.692064
NSE,2026-01-01,2026-02-01,3,RELIANCE,INE002A01018,RELIANCE INDUSTRIES LTD,15452487180.758732
NSE,2026-01-01,2026-02-01,4,BHARTIARTL,INE397D01024,BHARTI AIRTEL LIMITED,14956582623.303177
NSE,2026-01-01,2026-02-01,6,INFY,INE009A01021,INFOSYS LIMITED,12638895259.806349
NSE,2026-01-01,2026-02-01,11,SBIN,INE062A01020,STATE BANK OF INDIA,9068206917.760319
NSE,2026-01-01,2026-02-01,13,TCS,INE467B01029,TATA CONSULTANCY SERV LT,8873242940.620636
NSE,2026-01-01,2026-02-01,15,M&M,INE101A01026,MAHINDRA & MAHINDRA LTD,7414457236.139683
NSE,2026-01-01,2026-02-01,16,BAJFINANCE,INE296A01032,BAJAJ FINANCE LIMITED,7043137608.575397
NSE,2026-01-01,2026-02-01,17,AXISBANK,INE238A01034,AXIS BANK LIMITED,7000192761.815872
NSE,2026-01-01,2026-02-01,20,KOTAKBANK,INE237A01028,KOTAK MAHINDRA BANK LTD,6444031562.9476185
NSE,2026-01-01,2026-02-01,21,ITC,INE154A01025,ITC LTD,6297737381.753968
NSE,2026-01-01,2026-02-01,22,LT,INE018A01030,LARSEN & TOUBRO LTD.,6285899947.5222225
NSE,2026-01-01,2026-02-01,25,MARUTI,INE585B01010,MARUTI SUZUKI INDIA LTD.,5511975885.634921
NSE,2026-01-01,2026-02-01,33,TATASTEEL,INE081A01020,TATA STEEL LIMITED,4455952299.677143
NSE,2026-01-01,2026-02-01,42,HINDUNILVR,INE030A01027,HINDUSTAN UNILEVER LTD.,3792936727.861905
NSE,2026-01-01,2026-02-01,43,HCLTECH,INE860A01027,HCL TECHNOLOGIES LTD,3653304189.765079
NSE,2026-01-01,2026-02-01,44,TITAN,INE280A01028,TITAN COMPANY LIMITED,3478072383.9952383
NSE,2026-01-01,2026-02-01,45,ASIANPAINT,INE021A01026,ASIAN PAINTS LIMITED,3470130320.4809527
NSE,2026-01-01,2026-02-01,49,SUNPHARMA,INE044A01036,SUN PHARMACEUTICAL IND L,3392167811.15873
NSE,2026-01-01,2026-02-01,51,POWERGRID,INE752E01010,POWER GRID CORP. LTD.,3311111878.165873
NSE,2026-01-01,2026-02-01,64,ADANIENT,INE423A01024,ADANI ENTERPRISES LIMITED,2981424466.6857142
NSE,2026-01-01,2026-02-01,71,NTPC,INE733E01010,NTPC LTD,2716755849.5309525
NSE,2026-01-01,2026-02-01,89,ULTRACEMCO,INE481G01011,ULTRATECH CEMENT LIMITED,2501581981.0
NSE,2026-01-01,2026-02-01,99,DRREDDY,INE089A01031,DR. REDDY S LABORATORIES,2210408365.7968254
NSE,2026-01-01,2026-02-01,106,WIPRO,INE075A01022,WIPRO LTD,2125020026.0812697
NSE,2026-01-01,2026-02-01,110,ONGC,INE213A01029,OIL AND NATURAL GAS CORP.,2058432564.0952382
NSE,2026-01-01,2026-02-01,120,CIPLA,INE059A01026,CIPLA LTD,1919177583.9238095
NSE,2026-01-01,2026-02-01,178,NESTLEIND,INE239A01024,NESTLE INDIA LIMITED,1359947361.093651
NSE,2026-02-02,2026-03-01,1,HDFCBANK,INE040A01034,HDFC BANK LTD,21761508485.438095
NSE,2026-02-02,2026-03-01,4,RELIANCE,INE002A01018,RELIANCE INDUSTRIES LTD,16342743443.61746
NSE,2026-02-02,2026-03-01,5,ICICIBANK,INE090A01021,ICICI BANK LTD.,16287434551.557142
NSE,2026-02-02,2026-03-01,6,BHARTIARTL,INE397D01024,BHARTI AIRTEL LIMITED,15629305748.095238
NSE,2026-02-02,2026-03-01,7,INFY,INE009A01021,INFOSYS LIMITED,12715603155.307936
NSE,2026-02-02,2026-03-01,13,SBIN,INE062A01020,STATE BANK OF INDIA,9319383402.905556
NSE,2026-02-02,2026-03-01,15,TCS,INE467B01029,TATA CONSULTANCY SERV LT,8608876981.12381
NSE,2026-02-02,2026-03-01,17,ITC,INE154A01025,ITC LTD,7993074303.359523
NSE,2026-02-02,2026-03-01,18,M&M,INE101A01026,MAHINDRA & MAHINDRA LTD,7836635373.965079
NSE,2026-02-02,2026-03-01,21,AXISBANK,INE238A01034,AXIS BANK LIMITED,7339257686.565079
NSE,2026-02-02,2026-03-01,22,BAJFINANCE,INE296A01032,BAJAJ FINANCE LIMITED,6959277600.112699
NSE,2026-02-02,2026-03-01,26,LT,INE018A01030,LARSEN & TOUBRO LTD.,6502911081.971429
NSE,2026-02-02,2026-03-01,27,KOTAKBANK,INE237A01036,KOTAK MAHINDRA BANK LTD,6355786874.873809
NSE,2026-02-02,2026-03-01,28,MARUTI,INE585B01010,MARUTI SUZUKI INDIA LTD.,6164812140.634921
NSE,2026-02-02,2026-03-01,33,TATASTEEL,INE081A01020,TATA STEEL LIMITED,4786779086.30492
NSE,2026-02-02,2026-03-01,39,ASIANPAINT,INE021A01026,ASIAN PAINTS LIMITED,4110738241.1761904
NSE,2026-02-02,2026-03-01,42,HCLTECH,INE860A01027,HCL TECHNOLOGIES LTD,3994979345.895238
NSE,2026-02-02,2026-03-01,45,SUNPHARMA,INE044A01036,SUN PHARMACEUTICAL IND L,3769335467.7333336
NSE,2026-02-02,2026-03-01,48,HINDUNILVR,INE030A01027,HINDUSTAN UNILEVER LTD.,3567526166.852381
NSE,2026-02-02,2026-03-01,50,POWERGRID,INE752E01010,POWER GRID CORP. LTD.,3442661310.0968256
NSE,2026-02-02,2026-03-01,51,TITAN,INE280A01028,TITAN COMPANY LIMITED,3433937091.8396826
NSE,2026-02-02,2026-03-01,54,ADANIENT,INE423A01024,ADANI ENTERPRISES LIMITED,3326589177.171428
NSE,2026-02-02,2026-03-01,61,NTPC,INE733E01010,NTPC LTD,3122732001.03254
NSE,2026-02-02,2026-03-01,72,ULTRACEMCO,INE481G01011,ULTRATECH CEMENT LIMITED,2864117682.3968253
NSE,2026-02-02,2026-03-01,80,ONGC,INE213A01029,OIL AND NATURAL GAS CORP.,2735898455.632381
NSE,2026-02-02,2026-03-01,105,WIPRO,INE075A01022,WIPRO LTD,2305039733.3814287
NSE,2026-02-02,2026-03-01,108,CIPLA,INE059A01026,CIPLA LTD,2283373402.236508
NSE,2026-02-02,2026-03-01,121,DRREDDY,INE089A01031,DR. REDDY S LABORATORIES,2079809009.3238096
NSE,2026-02-02,2026-03-01,207,NESTLEIND,INE239A01024,NESTLE INDIA LIMITED,1286583784.8984127
NSE,2026-03-02,2026-03-31,2,HDFCBANK,INE040A01034,HDFC BANK LTD,24155188655.657146
NSE,2026-03-02,2026-03-31,4,ICICIBANK,INE090A01021,ICICI BANK LTD.,17160496587.319048
NSE,2026-03-02,2026-03-31,5,RELIANCE,INE002A01018,RELIANCE INDUSTRIES LTD,16341815854.926983
NSE,2026-03-02,2026-03-31,6,INFY,INE009A01021,INFOSYS LIMITED,15715606823.636507
NSE,2026-03-02,2026-03-31,8,SBIN,INE062A01020,STATE BANK OF INDIA,12301840357.601587
NSE,2026-03-02,2026-03-31,10,BHARTIARTL,INE397D01024,BHARTI AIRTEL LIMITED,12022988438.596825
NSE,2026-03-02,2026-03-31,14,TCS,INE467B01029,TATA CONSULTANCY SERV LT,10242440683.879366
NSE,2026-03-02,2026-03-31,18,ITC,INE154A01025,ITC LTD,8582557484.957937
NSE,2026-03-02,2026-03-31,21,M&M,INE101A01026,MAHINDRA & MAHINDRA LTD,7656080654.131746
NSE,2026-03-02,2026-03-31,22,AXISBANK,INE238A01034,AXIS BANK LIMITED,7612160269.671429
NSE,2026-03-02,2026-03-31,23,LT,INE018A01030,LARSEN & TOUBRO LTD.,7562556524.874602
NSE,2026-03-02,2026-03-31,26,BAJFINANCE,INE296A01032,BAJAJ FINANCE LIMITED,7148056671.959524
NSE,2026-03-02,2026-03-31,29,KOTAKBANK,INE237A01036,KOTAK MAHINDRA BANK LTD,6263852030.273016
NSE,2026-03-02,2026-03-31,31,MARUTI,INE585B01010,MARUTI SUZUKI INDIA LTD.,5792034084.412699
NSE,2026-03-02,2026-03-31,33,TATASTEEL,INE081A01020,TATA STEEL LIMITED,5560404460.971428
NSE,2026-03-02,2026-03-31,39,HCLTECH,INE860A01027,HCL TECHNOLOGIES LTD,4577375139.963492
NSE,2026-03-02,2026-03-31,43,SUNPHARMA,INE044A01036,SUN PHARMACEUTICAL IND L,3993610791.8650794
NSE,2026-03-02,2026-03-31,46,ONGC,INE213A01029,OIL AND NATURAL GAS CORP.,3851966015.8574605
NSE,2026-03-02,2026-03-31,49,HINDUNILVR,INE030A01027,HINDUSTAN UNILEVER LTD.,3754114565.3857145
NSE,2026-03-02,2026-03-31,50,POWERGRID,INE752E01010,POWER GRID CORP. LTD.,3673896331.5309525
NSE,2026-03-02,2026-03-31,54,TITAN,INE280A01028,TITAN COMPANY LIMITED,3576640722.968254
NSE,2026-03-02,2026-03-31,57,NTPC,INE733E01010,NTPC LTD,3487916861.0119047
NSE,2026-03-02,2026-03-31,60,ASIANPAINT,INE021A01026,ASIAN PAINTS LIMITED,3405084688.0095234
NSE,2026-03-02,2026-03-31,76,ADANIENT,INE423A01024,ADANI ENTERPRISES LIMITED,2972699260.012698
NSE,2026-03-02,2026-03-31,77,WIPRO,INE075A01022,WIPRO LTD,2959781338.4539685
NSE,2026-03-02,2026-03-31,85,ULTRACEMCO,INE481G01011,ULTRATECH CEMENT LIMITED,2861203181.6666665
NSE,2026-03-02,2026-03-31,109,CIPLA,INE059A01026,CIPLA LTD,2339151267.6174603
NSE,2026-03-02,2026-03-31,134,DRREDDY,INE089A01031,DR. REDDY S LABORATORIES,1971446781.584127
NSE,2026-03-02,2026-03-31,208,NESTLEIND,INE239A01024,NESTLE INDIA LIMITED,1270900400.1603177
NSE,2026-04-01,2026-05-03,1,HDFCBANK,INE040A01034,HDFC BANK LTD,34064004797.626194
NSE,2026-04-01,2026-05-03,3,ICICIBANK,INE090A01021,ICICI BANK LTD.,21046243961.788887
NSE,2026-04-01,2026-05-03,4,RELIANCE,INE002A01018,RELIANCE INDUSTRIES LTD,20939399065.249207
NSE,2026-04-01,2026-05-03,6,INFY,INE009A01021,INFOSYS LIMITED,16399365097.24603
NSE,2026-04-01,2026-05-03,7,SBIN,INE062A01020,STATE BANK OF INDIA,15561817987.755556
NSE,2026-04-01,2026-05-03,8,BHARTIARTL,INE397D01024,BHARTI AIRTEL LIMITED,15278799769.807938
NSE,2026-04-01,2026-05-03,11,LT,INE018A01030,LARSEN & TOUBRO LTD.,11499822212.590477
NSE,2026-04-01,2026-05-03,14,TCS,INE467B01029,TATA CONSULTANCY SERV LT,10650711969.904762
NSE,2026-04-01,2026-05-03,15,ITC,INE154A01025,ITC LTD,9841986304.151588
NSE,2026-04-01,2026-05-03,16,M&M,INE101A01026,MAHINDRA & MAHINDRA LTD,9597828865.920635
NSE,2026-04-01,2026-05-03,18,AXISBANK,INE238A01034,AXIS BANK LIMITED,9269298818.76508
NSE,2026-04-01,2026-05-03,19,BAJFINANCE,INE296A01032,BAJAJ FINANCE LIMITED,8575507934.412699
NSE,2026-04-01,2026-05-03,26,KOTAKBANK,INE237A01036,KOTAK MAHINDRA BANK LTD,7324140747.824603
NSE,2026-04-01,2026-05-03,28,MARUTI,INE585B01010,MARUTI SUZUKI INDIA LTD.,6962857352.412699
NSE,2026-04-01,2026-05-03,29,TATASTEEL,INE081A01020,TATA STEEL LIMITED,6731668242.5041275
NSE,2026-04-01,2026-05-03,36,ONGC,INE213A01029,OIL AND NATURAL GAS CORP.,5743654489.260317
NSE,2026-04-01,2026-05-03,41,HCLTECH,INE860A01027,HCL TECHNOLOGIES LTD,4903341587.530158
NSE,2026-04-01,2026-05-03,43,POWERGRID,INE752E01010,POWER GRID CORP. LTD.,4700224481.961111
NSE,2026-04-01,2026-05-03,44,NTPC,INE733E01010,NTPC LTD,4521806049.129365
NSE,2026-04-01,2026-05-03,45,SUNPHARMA,INE044A01036,SUN PHARMACEUTICAL IND L,4520922383.622221
NSE,2026-04-01,2026-05-03,54,TITAN,INE280A01028,TITAN COMPANY LIMITED,3930983878.068254
NSE,2026-04-01,2026-05-03,60,HINDUNILVR,INE030A01027,HINDUSTAN UNILEVER LTD.,3813327523.698413
NSE,2026-04-01,2026-05-03,64,ULTRACEMCO,INE481G01011,ULTRATECH CEMENT LIMITED,3641210079.825397
NSE,2026-04-01,2026-05-03,69,ADANIENT,INE423A01024,ADANI ENTERPRISES LIMITED,3512300550.142857
NSE,2026-04-01,2026-05-03,76,WIPRO,INE075A01022,WIPRO LTD,3400825853.385079
NSE,2026-04-01,2026-05-03,82,ASIANPAINT,INE021A01026,ASIAN PAINTS LIMITED,3259736994.477778
NSE,2026-04-01,2026-05-03,117,CIPLA,INE059A01026,CIPLA LTD,2461095329.55873
NSE,2026-04-01,2026-05-03,142,DRREDDY,INE089A01031,DR. REDDY S LABORATORIES,2122293877.8047621
NSE,2026-04-01,2026-05-03,196,NESTLEIND,INE239A01024,NESTLE INDIA LIMITED,1446791948.6492062
NSE,2026-05-04,2026-05-31,1,HDFCBANK,INE040A01034,HDFC BANK LTD,35492868301.05238
NSE,2026-05-04,2026-05-31,2,RELIANCE,INE002A01018,RELIANCE INDUSTRIES LTD,24868713367.122223
NSE,2026-05-04,2026-05-31,3,ICICIBANK,INE090A01021,ICICI BANK LTD.,23021036928.384125
NSE,2026-05-04,2026-05-31,5,INFY,INE009A01021,INFOSYS LIMITED,18820092682.433334
NSE,2026-05-04,2026-05-31,6,SBIN,INE062A01020,STATE BANK OF INDIA,18619652161.0373
NSE,2026-05-04,2026-05-31,7,BHARTIARTL,INE397D01024,BHARTI AIRTEL LIMITED,17273720464.842857
NSE,2026-05-04,2026-05-31,9,LT,INE018A01030,LARSEN & TOUBRO LTD.,13428951594.565079
NSE,2026-05-04,2026-05-31,13,TCS,INE467B01029,TATA CONSULTANCY SERV LT,11138774218.52222
NSE,2026-05-04,2026-05-31,14,M&M,INE101A01026,MAHINDRA & MAHINDRA LTD,10357504080.428572
NSE,2026-05-04,2026-05-31,15,AXISBANK,INE238A01034,AXIS BANK LIMITED,9854494757.922222
NSE,2026-05-04,2026-05-31,18,BAJFINANCE,INE296A01032,BAJAJ FINANCE LIMITED,8967149007.278572
NSE,2026-05-04,2026-05-31,21,KOTAKBANK,INE237A01036,KOTAK MAHINDRA BANK LTD,7673289709.619841
NSE,2026-05-04,2026-05-31,23,MARUTI,INE585B01010,MARUTI SUZUKI INDIA LTD.,7491465345.365079
NSE,2026-05-04,2026-05-31,28,ITC,INE154A01025,ITC LTD,6868320989.369841
NSE,2026-05-04,2026-05-31,30,TATASTEEL,INE081A01020,TATA STEEL LIMITED,6720685206.894762
NSE,2026-05-04,2026-05-31,31,SUNPHARMA,INE044A01036,SUN PHARMACEUTICAL IND L,6652230161.2
NSE,2026-05-04,2026-05-31,32,ONGC,INE213A01029,OIL AND NATURAL GAS CORP.,6588352888.470952
NSE,2026-05-04,2026-05-31,36,HCLTECH,INE860A01027,HCL TECHNOLOGIES LTD,6060615836.331746
NSE,2026-05-04,2026-05-31,47,POWERGRID,INE752E01010,POWER GRID CORP. LTD.,4892417549.4777775
NSE,2026-05-04,2026-05-31,49,NTPC,INE733E01010,NTPC LTD,4804314073.390476
NSE,2026-05-04,2026-05-31,51,HINDUNILVR,INE030A01027,HINDUSTAN UNILEVER LTD.,4606397191.052381
NSE,2026-05-04,2026-05-31,52,ADANIENT,INE423A01024,ADANI ENTERPRISES LIMITED,4583188825.32381
NSE,2026-05-04,2026-05-31,56,TITAN,INE280A01028,TITAN COMPANY LIMITED,4350210750.449206
NSE,2026-05-04,2026-05-31,57,WIPRO,INE075A01022,WIPRO LTD,4294159347.683492
NSE,2026-05-04,2026-05-31,69,ULTRACEMCO,INE481G01011,ULTRATECH CEMENT LIMITED,3877591449.031746
NSE,2026-05-04,2026-05-31,96,ASIANPAINT,INE021A01026,ASIAN PAINTS LIMITED,3115463534.8396826
NSE,2026-05-04,2026-05-31,117,DRREDDY,INE089A01031,DR. REDDY S LABORATORIES,2671960646.111111
NSE,2026-05-04,2026-05-31,149,CIPLA,INE059A01026,CIPLA LTD,2239538206.565079
NSE,2026-05-04,2026-05-31,156,NESTLEIND,INE239A01024,NESTLE INDIA LIMITED,2108073038.0507936
NSE,2026-06-01,2026-06-30,1,HDFCBANK,INE040A01034,HDFC BANK LTD,36951349086.94524
NSE,2026-06-01,2026-06-30,2,RELIANCE,INE002A01018,RELIANCE INDUSTRIES LTD,27050378958.655556
NSE,2026-06-01,2026-06-30,3,ICICIBANK,INE090A01021,ICICI BANK LTD.,24597532372.641273
NSE,2026-06-01,2026-06-30,4,BHARTIARTL,INE397D01024,BHARTI AIRTEL LIMITED,19875767869.246033
NSE,2026-06-01,2026-06-30,5,SBIN,INE062A01020,STATE BANK OF INDIA,18709312498.194443
NSE,2026-06-01,2026-06-30,6,INFY,INE009A01021,INFOSYS LIMITED,17567017493.58413
NSE,2026-06-01,2026-06-30,8,LT,INE018A01030,LARSEN & TOUBRO LTD.,13934805054.934921
NSE,2026-06-01,2026-06-30,12,M&M,INE101A01026,MAHINDRA & MAHINDRA LTD,10744134551.153967
NSE,2026-06-01,2026-06-30,13,TCS,INE467B01029,TATA CONSULTANCY SERV LT,10630968731.822224
NSE,2026-06-01,2026-06-30,15,AXISBANK,INE238A01034,AXIS BANK LIMITED,9620539187.041271
NSE,2026-06-01,2026-06-30,18,BAJFINANCE,INE296A01032,BAJAJ FINANCE LIMITED,8791002001.175398
NSE,2026-06-01,2026-06-30,20,KOTAKBANK,INE237A01036,KOTAK MAHINDRA BANK LTD,7662780841.207143
NSE,2026-06-01,2026-06-30,25,MARUTI,INE585B01010,MARUTI SUZUKI INDIA LTD.,7039055984.761905
NSE,2026-06-01,2026-06-30,28,SUNPHARMA,INE044A01036,SUN PHARMACEUTICAL IND L,6972798345.984127
NSE,2026-06-01,2026-06-30,30,TATASTEEL,INE081A01020,TATA STEEL LIMITED,6680422701.993334
NSE,2026-06-01,2026-06-30,32,ITC,INE154A01025,ITC LTD,6388497280.724604
NSE,2026-06-01,2026-06-30,34,ONGC,INE213A01029,OIL AND NATURAL GAS CORP.,6358880808.674603
NSE,2026-06-01,2026-06-30,39,ADANIENT,INE423A01024,ADANI ENTERPRISES LIMITED,5956381368.250793
NSE,2026-06-01,2026-06-30,41,HCLTECH,INE860A01027,HCL TECHNOLOGIES LTD,5770753518.047619
NSE,2026-06-01,2026-06-30,50,TITAN,INE280A01028,TITAN COMPANY LIMITED,5102754538.853969
NSE,2026-06-01,2026-06-30,55,HINDUNILVR,INE030A01027,HINDUSTAN UNILEVER LTD.,4891876286.977778
NSE,2026-06-01,2026-06-30,57,WIPRO,INE075A01022,WIPRO LTD,4774686623.089841
NSE,2026-06-01,2026-06-30,58,NTPC,INE733E01010,NTPC LTD,4769470709.357936
NSE,2026-06-01,2026-06-30,62,POWERGRID,INE752E01010,POWER GRID CORP. LTD.,4587972755.690476
NSE,2026-06-01,2026-06-30,64,ULTRACEMCO,INE481G01011,ULTRATECH CEMENT LIMITED,4407119558.634921
NSE,2026-06-01,2026-06-30,92,DRREDDY,INE089A01031,DR. REDDY S LABORATORIES,3253695064.9857144
NSE,2026-06-01,2026-06-30,95,ASIANPAINT,INE021A01026,ASIAN PAINTS LIMITED,3192820699.636508
NSE,2026-06-01,2026-06-30,123,NESTLEIND,INE239A01024,NESTLE INDIA LIMITED,2692225383.98254
NSE,2026-06-01,2026-06-30,135,CIPLA,INE059A01026,CIPLA LTD,2581995208.693651
NSE,2026-07-01,2026-08-02,1,HDFCBANK,INE040A01034,HDFC BANK LTD,34210020974.496826
NSE,2026-07-01,2026-08-02,2,RELIANCE,INE002A01018,RELIANCE INDUSTRIES LTD,25646762763.371426
NSE,2026-07-01,2026-08-02,3,ICICIBANK,INE090A01021,ICICI BANK LTD.,23980615396.911114
NSE,2026-07-01,2026-08-02,4,BHARTIARTL,INE397D01024,BHARTI AIRTEL LIMITED,18303246607.339684
NSE,2026-07-01,2026-08-02,5,INFY,INE009A01021,INFOSYS LIMITED,18239337317.723812
NSE,2026-07-01,2026-08-02,6,SBIN,INE062A01020,STATE BANK OF INDIA,17700710709.900795
NSE,2026-07-01,2026-08-02,9,TCS,INE467B01029,TATA CONSULTANCY SERV LT,11617630898.288889
NSE,2026-07-01,2026-08-02,10,LT,INE018A01030,LARSEN & TOUBRO LTD.,11241587374.879366
NSE,2026-07-01,2026-08-02,12,M&M,INE101A01026,MAHINDRA & MAHINDRA LTD,10163846117.8
NSE,2026-07-01,2026-08-02,16,AXISBANK,INE238A01034,AXIS BANK LIMITED,9756435327.155556
NSE,2026-07-01,2026-08-02,18,BAJFINANCE,INE296A01032,BAJAJ FINANCE LIMITED,9263453478.876192
NSE,2026-07-01,2026-08-02,24,KOTAKBANK,INE237A01036,KOTAK MAHINDRA BANK LTD,7430319823.68492
NSE,2026-07-01,2026-08-02,26,MARUTI,INE585B01010,MARUTI SUZUKI INDIA LTD.,7195902724.5079365
NSE,2026-07-01,2026-08-02,30,ADANIENT,INE423A01024,ADANI ENTERPRISES LIMITED,6772702338.190476
NSE,2026-07-01,2026-08-02,32,SUNPHARMA,INE044A01036,SUN PHARMACEUTICAL IND L,6686409417.238095
NSE,2026-07-01,2026-08-02,35,TATASTEEL,INE081A01020,TATA STEEL LIMITED,6515254494.519683
NSE,2026-07-01,2026-08-02,38,ITC,INE154A01025,ITC LTD,5828534425.933333
NSE,2026-07-01,2026-08-02,40,HCLTECH,INE860A01027,HCL TECHNOLOGIES LTD,5745905970.099999
NSE,2026-07-01,2026-08-02,43,WIPRO,INE075A01022,WIPRO LTD,5490114375.555238
NSE,2026-07-01,2026-08-02,44,ONGC,INE213A01029,OIL AND NATURAL GAS CORP.,5487883354.035398
NSE,2026-07-01,2026-08-02,51,TITAN,INE280A01028,TITAN COMPANY LIMITED,5232678982.057142
NSE,2026-07-01,2026-08-02,57,NTPC,INE733E01010,NTPC LTD,4782372402.482539
NSE,2026-07-01,2026-08-02,61,HINDUNILVR,INE030A01027,HINDUSTAN UNILEVER LTD.,4703912665.887301
NSE,2026-07-01,2026-08-02,68,ULTRACEMCO,INE481G01011,ULTRATECH CEMENT LIMITED,4189025872.730159
NSE,2026-07-01,2026-08-02,71,POWERGRID,INE752E01010,POWER GRID CORP. LTD.,4074867465.9761906
NSE,2026-07-01,2026-08-02,86,ASIANPAINT,INE021A01026,ASIAN PAINTS LIMITED,3475768146.1539683
NSE,2026-07-01,2026-08-02,92,DRREDDY,INE089A01031,DR. REDDY S LABORATORIES,3371577346.9793653
NSE,2026-07-01,2026-08-02,112,NESTLEIND,INE239A01024,NESTLE INDIA LIMITED,3031695701.006349
NSE,2026-07-01,2026-08-02,132,CIPLA,INE059A01026,CIPLA LTD,2697156330.068254
NSE,2026-08-03,2026-08-31,1,HDFCBANK,INE040A01034,HDFC BANK LTD,27979908040.968254
NSE,2026-08-03,2026-08-31,2,RELIANCE,INE002A01018,RELIANCE INDUSTRIES LTD,21072327603.32857
NSE,2026-08-03,2026-08-31,3,ICICIBANK,INE090A01021,ICICI BANK LTD.,20857896522.51429
NSE,2026-08-03,2026-08-31,4,INFY,INE009A01021,INFOSYS LIMITED,17009625324.880955
NSE,2026-08-03,2026-08-31,5,BHARTIARTL,INE397D01024,BHARTI AIRTEL LIMITED,15773296160.079365
NSE,2026-08-03,2026-08-31,6,SBIN,INE062A01020,STATE BANK OF INDIA,14172809461.10635
NSE,2026-08-03,2026-08-31,8,TCS,INE467B01029,TATA CONSULTANCY SERV LT,11451663892.907936
NSE,2026-08-03,2026-08-31,11,AXISBANK,INE238A01034,AXIS BANK LIMITED,9760240442.957144
NSE,2026-08-03,2026-08-31,12,BAJFINANCE,INE296A01032,BAJAJ FINANCE LIMITED,9645377123.281746
NSE,2026-08-03,2026-08-31,13,M&M,INE101A01026,MAHINDRA & MAHINDRA LTD,9564073630.225397
NSE,2026-08-03,2026-08-31,17,LT,INE018A01030,LARSEN & TOUBRO LTD.,8803538866.349207
NSE,2026-08-03,2026-08-31,26,KOTAKBANK,INE237A01036,KOTAK MAHINDRA BANK LTD,6890217175.729365
NSE,2026-08-03,2026-08-31,28,MARUTI,INE585B01010,MARUTI SUZUKI INDIA LTD.,6707604053.825397
NSE,2026-08-03,2026-08-31,30,ADANIENT,INE423A01024,ADANI ENTERPRISES LIMITED,6530483072.446033
NSE,2026-08-03,2026-08-31,37,TATASTEEL,INE081A01020,TATA STEEL LIMITED,5740405726.049366
NSE,2026-08-03,2026-08-31,39,SUNPHARMA,INE044A01036,SUN PHARMACEUTICAL IND L,5533719896.746032
NSE,2026-08-03,2026-08-31,43,ITC,INE154A01025,ITC LTD,5060355616.278571
NSE,2026-08-03,2026-08-31,47,HCLTECH,INE860A01027,HCL TECHNOLOGIES LTD,4820776223.971429
NSE,2026-08-03,2026-08-31,49,WIPRO,INE075A01022,WIPRO LTD,4725135936.803334
NSE,2026-08-03,2026-08-31,51,TITAN,INE280A01028,TITAN COMPANY LIMITED,4682725613.023809
NSE,2026-08-03,2026-08-31,58,HINDUNILVR,INE030A01027,HINDUSTAN UNILEVER LTD.,4456664427.879365
NSE,2026-08-03,2026-08-31,59,ONGC,INE213A01029,OIL AND NATURAL GAS CORP.,4432627423.023333
NSE,2026-08-03,2026-08-31,68,NTPC,INE733E01010,NTPC LTD,4074321732.475397
NSE,2026-08-03,2026-08-31,76,ULTRACEMCO,INE481G01011,ULTRATECH CEMENT LIMITED,3843654014.84127
NSE,2026-08-03,2026-08-31,95,ASIANPAINT,INE021A01026,ASIAN PAINTS LIMITED,3246228916.973016
NSE,2026-08-03,2026-08-31,99,NESTLEIND,INE239A01024,NESTLE INDIA LIMITED,3204453468.7015877
NSE,2026-08-03,2026-08-31,100,POWERGRID,INE752E01010,POWER GRID CORP. LTD.,3190086993.4341264
NSE,2026-08-03,2026-08-31,103,DRREDDY,INE089A01031,DR. REDDY S LABORATORIES,3134127993.8682537
NSE,2026-08-03,2026-08-31,135,CIPLA,INE059A01026,CIPLA LTD,2452462963.374603
NSE,2026-09-01,2026-09-18,1,HDFCBANK,INE040A01034,HDFC BANK LTD,25692701730.919044
NSE,2026-09-01,2026-09-18,2,ICICIBANK,INE090A01021,ICICI BANK LTD.,17903993004.50794
NSE,2026-09-01,2026-09-18,3,RELIANCE,INE002A01018,RELIANCE INDUSTRIES LTD,17430944057.639683
NSE,2026-09-01,2026-09-18,4,INFY,INE009A01021,INFOSYS LIMITED,15714237270.738096
NSE,2026-09-01,2026-09-18,5,BHARTIARTL,INE397D01024,BHARTI AIRTEL LIMITED,14368474364.298412
NSE,2026-09-01,2026-09-18,8,SBIN,INE062A01020,STATE BANK OF INDIA,11617027236.849998
NSE,2026-09-01,2026-09-18,9,TCS,INE467B01029,TATA CONSULTANCY SERV LT,10501956292.77143
NSE,2026-09-01,2026-09-18,12,BAJFINANCE,INE296A01032,BAJAJ FINANCE LIMITED,9206038912.625395
NSE,2026-09-01,2026-09-18,14,AXISBANK,INE238A01034,AXIS BANK LIMITED,8694437274.955555
NSE,2026-09-01,2026-09-18,15,M&M,INE101A01026,MAHINDRA & MAHINDRA LTD,8572885226.446033
NSE,2026-09-01,2026-09-18,18,LT,INE018A01030,LARSEN & TOUBRO LTD.,7320190265.563492
NSE,2026-09-01,2026-09-18,23,MARUTI,INE585B01010,MARUTI SUZUKI INDIA LTD.,6259035299.857142
NSE,2026-09-01,2026-09-18,24,KOTAKBANK,INE237A01036,KOTAK MAHINDRA BANK LTD,6032046520.9317465
NSE,2026-09-01,2026-09-18,29,ADANIENT,INE423A01024,ADANI ENTERPRISES LIMITED,5437986385.163492
NSE,2026-09-01,2026-09-18,34,TATASTEEL,INE081A01020,TATA STEEL LIMITED,5181194061.524286
NSE,2026-09-01,2026-09-18,48,HCLTECH,INE860A01027,HCL TECHNOLOGIES LTD,4441296390.665079
NSE,2026-09-01,2026-09-18,52,SUNPHARMA,INE044A01036,SUN PHARMACEUTICAL IND L,4352068199.060318
NSE,2026-09-01,2026-09-18,55,ITC,INE154A01025,ITC LTD,4292261494.0873017
NSE,2026-09-01,2026-09-18,61,TITAN,INE280A01028,TITAN COMPANY LIMITED,4078979573.5555553
NSE,2026-09-01,2026-09-18,63,HINDUNILVR,INE030A01027,HINDUSTAN UNILEVER LTD.,4040898665.5238094
NSE,2026-09-01,2026-09-18,67,NTPC,INE733E01010,NTPC LTD,3893086968.1325397
NSE,2026-09-01,2026-09-18,74,WIPRO,INE075A01022,WIPRO LTD,3689932654.40508
NSE,2026-09-01,2026-09-18,82,ONGC,INE213A01029,OIL AND NATURAL GAS CORP.,3554023148.328889
NSE,2026-09-01,2026-09-18,86,ULTRACEMCO,INE481G01011,ULTRATECH CEMENT LIMITED,3462763136.9365077
NSE,2026-09-01,2026-09-18,93,NESTLEIND,INE239A01024,NESTLE INDIA LIMITED,3183275654.7174606
NSE,2026-09-01,2026-09-18,104,ASIANPAINT,INE021A01026,ASIAN PAINTS LIMITED,2975734864.447619
NSE,2026-09-01,2026-09-18,106,POWERGRID,INE752E01010,POWER GRID CORP. LTD.,2927455651.5746036
NSE,2026-09-01,2026-09-18,113,DRREDDY,INE089A01031,DR. REDDY S LABORATORIES,2652910468.2825394
NSE,2026-09-01,2026-09-18,158,CIPLA,INE059A01026,CIPLA LTD,1976006537.6000001
