date,symbol,isin,name,open,high,low,close,volume,turnover,adj_factor_cumulative,adj_close
2010-01-04,BHARTIARTL,INE397D01024,,329.85,332.1,323.85,325.2,2952340,965208868.35,0.9100277047625223,295.9410095887722
2010-01-05,BHARTIARTL,INE397D01024,,328.25,332.0,325.5,330.35,4302024,1416923854.6,0.9100277047625223,300.62765226829924
2010-01-06,BHARTIARTL,INE397D01024,,332.95,335.15,326.1,326.85,4409919,1460756180.4,0.9100277047625223,297.4425553016304
2010-01-07,BHARTIARTL,INE397D01024,,328.35,334.0,328.0,329.4,3868937,1280269972.6,0.9100277047625223,299.7631259487748
2010-01-08,BHARTIARTL,INE397D01024,,329.75,331.45,324.65,325.05,2655707,871309206.0,0.9100277047625223,295.8045054330579
2010-01-11,BHARTIARTL,INE397D01024,,331.0,331.0,325.5,328.95,3143217,1030019974.1,0.9100277047625223,299.35361348163167
2010-01-12,BHARTIARTL,INE397D01024,,330.1,333.9,320.4,322.25,6507716,2139658743.05,0.9100277047625223,293.2564278597228
2010-01-13,BHARTIARTL,INE397D01024,,321.5,321.95,315.25,318.4,4299714,1369784307.55,0.9100277047625223,289.75282119638706
2010-01-14,BHARTIARTL,INE397D01024,,319.2,322.6,317.2,318.05,3920034,1251244148.9,0.9100277047625223,289.4343114997202
2010-01-15,BHARTIARTL,INE397D01024,,318.0,322.5,316.0,317.4,4407407,1404572902.1,0.9100277047625223,288.84279349162455
2010-01-18,BHARTIARTL,INE397D01024,,317.0,322.7,316.15,320.7,3918998,1256985333.95,0.9100277047625223,291.84588491734087
2010-01-19,BHARTIARTL,INE397D01024,,321.0,325.8,318.1,320.55,3884885,1250289824.1,0.9100277047625223,291.7093807616265
2010-01-20,BHARTIARTL,INE397D01024,,321.55,332.3,321.55,331.5,9116756,3004527763.6,0.9100277047625223,301.6741841287761
2010-01-21,BHARTIARTL,INE397D01024,,330.0,333.0,321.2,322.4,3955328,1294404451.1,0.9100277047625223,293.39293201543717
2010-01-22,BHARTIARTL,INE397D01024,,318.7,330.0,315.0,322.15,8696121,2806312528.2,0.9100277047625223,293.1654250892465
2010-01-25,BHARTIARTL,INE397D01024,,322.15,331.75,318.4,330.9,5398902,1763179080.55,0.9100277047625223,301.1281675059186
2010-01-27,BHARTIARTL,INE397D01024,,329.5,331.8,320.0,322.9,5044367,1646071261.85,0.9100277047625223,293.8479458678184
2010-01-28,BHARTIARTL,INE397D01024,,324.0,327.85,311.0,313.65,7620843,2413807063.15,0.9100277047625223,285.4301895987651
2010-01-29,BHARTIARTL,INE397D01024,,311.0,313.9,304.15,306.4,6845712,2104442796.45,0.9100277047625223,278.8324887392368
2010-02-01,BHARTIARTL,INE397D01024,,305.0,313.7,305.0,311.2,3865282,1198095474.7,0.9100277047625223,283.2006217220969
2010-02-02,BHARTIARTL,INE397D01024,,314.5,315.7,306.1,307.65,4593595,1423592868.95,0.9100277047625223,279.97002337018995
2010-02-03,BHARTIARTL,INE397D01024,,310.0,312.75,306.5,309.0,3649370,1129176993.4,0.9100277047625223,281.1985607716194
2010-02-04,BHARTIARTL,INE397D01024,,307.0,309.0,300.5,304.1,2578956,788179174.15,0.9100277047625223,276.73942501828304
2010-02-05,BHARTIARTL,INE397D01024,,302.0,304.45,294.4,300.05,3915719,1174822037.5,0.9100277047625223,273.0538128139948
2010-02-08,BHARTIARTL,INE397D01024,,302.1,310.5,299.4,308.35,4808575,1470257709.3,0.9100277047625223,280.60704276352374
2010-02-09,BHARTIARTL,INE397D01024,,310.0,316.5,307.0,313.15,6126301,1911104104.95,0.9100277047625223,284.9751757463838
2010-02-10,BHARTIARTL,INE397D01024,,315.0,318.4,308.2,315.3,5417799,1708044430.3,0.9100277047625223,286.9317353116233
2010-02-11,BHARTIARTL,INE397D01024,,315.5,317.9,310.75,314.5,3372725,1061508079.3,0.9100277047625223,286.20371314781323
2010-02-15,BHARTIARTL,INE397D01024,,317.0,317.0,284.4,285.6,18972593,5557134580.55,0.9100277047625223,259.90391248017636
2010-02-16,BHARTIARTL,INE397D01024,,286.0,289.5,269.35,271.6,45045191,12400776000.65,0.9100277047625223,247.16352461350107
2010-02-17,BHARTIARTL,INE397D01024,,273.4,281.75,273.4,279.15,16132351,4493550488.85,0.9100277047625223,254.03423378445808
2010-02-18,BHARTIARTL,INE397D01024,,279.0,284.4,276.0,281.9,7016482,1965620940.15,0.9100277047625223,256.536809972555
2010-02-19,BHARTIARTL,INE397D01024,,280.55,283.9,274.3,278.8,8798725,2457573328.6,0.9100277047625223,253.71572408779122
2010-02-22,BHARTIARTL,INE397D01024,,281.0,283.0,276.0,276.9,5662935,1584309400.5,0.9100277047625223,251.98667144874238
2010-02-23,BHARTIARTL,INE397D01024,,275.0,281.2,275.0,280.1,3739371,1044128904.0,0.9100277047625223,254.8987601039825
2010-02-24,BHARTIARTL,INE397D01024,,280.0,280.0,275.0,275.95,5201687,1443742924.1,0.9100277047625223,251.122145129218
2010-02-25,BHARTIARTL,INE397D01024,,277.0,280.0,275.5,276.25,6428278,1784448590.15,0.9100277047625223,251.39515344064677
2010-02-26,BHARTIARTL,INE397D01024,,278.0,282.0,275.8,279.35,6424420,1792656065.45,0.9100277047625223,254.2162393254106
2010-03-02,BHARTIARTL,INE397D01024,,280.0,292.8,280.0,290.2,6263842,1796390597.7,0.9100277047625223,264.090039922084
2010-03-03,BHARTIARTL,INE397D01024,,293.0,294.9,290.3,291.95,5097870,1489252218.0,0.9100277047625223,265.68258840541836
2010-03-04,BHARTIARTL,INE397D01024,,290.0,294.9,290.0,293.6,3301735,966811656.05,0.9100277047625223,267.1841341182766
2010-03-05,BHARTIARTL,INE397D01024,,294.0,303.75,293.0,298.45,8167892,2452148571.2,0.9100277047625223,271.5977684863748
2010-03-08,BHARTIARTL,INE397D01024,,298.15,302.8,291.0,292.7,6256751,1854056564.9,0.9100277047625223,266.3651091839902
2010-03-09,BHARTIARTL,INE397D01024,,292.0,294.15,287.05,291.3,3785607,1099122770.7,0.9100277047625223,265.09107039732277
2010-03-10,BHARTIARTL,INE397D01024,,292.0,294.5,284.0,288.0,5385114,1558180641.15,0.9100277047625223,262.0879789716064
2010-03-11,BHARTIARTL,INE397D01024,,288.9,295.55,288.35,293.95,4030086,1180301130.25,0.9100277047625223,267.5026438149434
2010-03-12,BHARTIARTL,INE397D01024,,293.0,300.35,293.0,299.1,4044755,1204299993.75,0.9100277047625223,272.1892864944704
2010-03-15,BHARTIARTL,INE397D01024,,290.0,301.3,290.0,299.5,3134357,937684670.85,0.9100277047625223,272.5532975763754
2010-03-16,BHARTIARTL,INE397D01024,,298.5,299.0,292.55,294.8,2742226,809512529.1,0.9100277047625223,268.2761673639916
2010-03-17,BHARTIARTL,INE397D01024,,296.0,301.5,295.65,298.05,3330971,995061164.6,0.9100277047625223,271.23375740446977
2010-03-18,BHARTIARTL,INE397D01024,,299.95,303.5,297.1,300.1,4489695,1346457496.15,0.9100277047625223,273.09931419923294
2010-03-19,BHARTIARTL,INE397D01024,,300.0,312.85,300.0,311.9,7665763,2365759653.3,0.9100277047625223,283.8376411154307
2010-03-22,BHARTIARTL,INE397D01024,,307.5,319.8,307.0,316.35,6679874,2117222680.5,0.9100277047625223,287.88726440162395
2010-03-23,BHARTIARTL,INE397D01024,,317.2,321.0,305.55,307.65,5619158,1741980037.0,0.9100277047625223,279.97002337018995
2010-03-25,BHARTIARTL,INE397D01024,,310.0,316.0,303.0,314.4,10257603,3203783263.4,0.9100277047625223,286.11271037733695
2010-03-26,BHARTIARTL,INE397D01024,,314.85,315.9,305.0,310.15,7188335,2217311805.9,0.9100277047625223,282.24509263209626
2010-03-29,BHARTIARTL,INE397D01024,,311.0,314.9,310.2,312.2,2796536,874240120.7,0.9100277047625223,284.1106494268594
2010-03-30,BHARTIARTL,INE397D01024,,311.5,316.0,309.75,310.85,3334807,1045148239.65,0.9100277047625223,282.88211202543005
2010-03-31,BHARTIARTL,INE397D01024,,308.7,319.7,307.0,312.55,6789112,2133475932.5,0.9100277047625223,284.42915912352635
2010-04-01,BHARTIARTL,INE397D01024,,312.6,316.5,300.55,302.0,12995543,3970170035.6,0.9100277047625223,274.82836683828174
2010-04-05,BHARTIARTL,INE397D01024,,307.0,318.15,302.5,316.05,9680847,3009670881.8,0.9100277047625223,287.61425609019517
2010-04-06,BHARTIARTL,INE397D01024,,317.5,318.8,311.8,316.45,3721848,1172251509.7,0.9100277047625223,287.9782671721002
2010-04-07,BHARTIARTL,INE397D01024,,317.0,325.8,313.7,320.4,5200634,1666220234.9,0.9100277047625223,291.5728766059121
2010-04-08,BHARTIARTL,INE397D01024,,319.0,321.5,310.0,312.9,6198088,1949093707.05,0.9100277047625223,284.7476688201932
2010-04-09,BHARTIARTL,INE397D01024,,312.0,316.5,307.0,307.9,5843978,1813083179.15,0.9100277047625223,280.1975302963806
2010-04-12,BHARTIARTL,INE397D01024,,305.5,311.9,305.5,308.2,5310082,1639347915.4,0.9100277047625223,280.4705386078094
2010-04-13,BHARTIARTL,INE397D01024,,307.0,312.0,306.15,307.0,3060521,945487673.45,0.9100277047625223,279.37850536209436
2010-04-15,BHARTIARTL,INE397D01024,,308.0,310.95,302.85,304.2,4444703,1362560418.65,0.9100277047625223,276.83042778875927
2010-04-16,BHARTIARTL,INE397D01024,,303.5,306.65,301.7,304.8,3743783,1139202393.3,0.9100277047625223,277.3764444116168
2010-04-19,BHARTIARTL,INE397D01024,,343.7,343.7,298.25,305.9,4336976,1317599341.95,0.9100277047625223,278.37747488685557
2010-04-20,BHARTIARTL,INE397D01024,,309.0,309.0,302.5,304.5,3389565,1031247173.35,0.9100277047625223,277.10343610018805
2010-04-21,BHARTIARTL,INE397D01024,,306.0,308.2,303.5,305.7,5064582,1548253255.1,0.9100277047625223,278.19546934590306
2010-04-22,BHARTIARTL,INE397D01024,,305.0,305.0,301.5,303.1,3793399,1149818805.2,0.9100277047625223,275.82939731352053
2010-04-23,BHARTIARTL,INE397D01024,,303.4,304.9,297.25,298.2,14354478,4303592628.25,0.9100277047625223,271.37026156018413
2010-04-26,BHARTIARTL,INE397D01024,,300.1,303.9,296.0,297.4,4296258,1283221944.85,0.9100277047625223,270.6422393963741
2010-04-27,BHARTIARTL,INE397D01024,,298.0,301.5,296.4,298.3,3089716,921607345.3,0.9100277047625223,271.4612643306604
2010-04-28,BHARTIARTL,INE397D01024,,297.95,299.6,292.0,293.8,6046883,1788863030.5,0.9100277047625223,267.3661396592291
2010-04-29,BHARTIARTL,INE397D01024,,294.0,298.5,292.1,296.35,5241863,1553281589.15,0.9100277047625223,269.68671030637347
2010-04-30,BHARTIARTL,INE397D01024,,299.0,302.4,295.45,298.55,7303865,2176606296.95,0.9100277047625223,271.68877125685106
2010-05-03,BHARTIARTL,INE397D01024,,298.0,299.9,295.2,297.0,2995752,890433256.8,0.9100277047625223,270.2782283144691
2010-05-04,BHARTIARTL,INE397D01024,,299.0,299.0,288.15,289.0,4264961,1242453514.5,0.9100277047625223,262.99800667636896
2010-05-05,BHARTIARTL,INE397D01024,,287.2,299.8,283.2,296.3,8898591,2619545673.95,0.9100277047625223,269.64120892113533
2010-05-06,BHARTIARTL,INE397D01024,,295.9,297.0,290.3,291.95,5121078,1496574790.35,0.9100277047625223,265.68258840541836
2010-05-07,BHARTIARTL,INE397D01024,,288.0,289.9,285.2,287.5,3053214,878649777.4,0.9100277047625223,261.63296511922516
2010-05-10,BHARTIARTL,INE397D01024,,292.0,298.0,286.75,294.4,3409753,995280000.95,0.9100277047625223,267.9121562820865
2010-05-11,BHARTIARTL,INE397D01024,,294.5,294.5,284.1,284.7,4736780,1359662391.3,0.9100277047625223,259.08488754589007
2010-05-12,BHARTIARTL,INE397D01024,,284.0,284.5,259.85,261.25,26419999,7006874339.75,0.9100277047625223,237.74473786920893
2010-05-13,BHARTIARTL,INE397D01024,,261.5,272.0,254.5,258.4,27475732,7229718552.05,0.9100277047625223,235.15115891063573
2010-05-14,BHARTIARTL,INE397D01024,,255.5,267.75,254.55,264.55,13469639,3567144116.75,0.9100277047625223,240.74782929492528
2010-05-17,BHARTIARTL,INE397D01024,,260.0,267.5,258.15,266.65,4990647,1318843420.45,0.9100277047625223,242.65888747492653
2010-05-18,BHARTIARTL,INE397D01024,,267.0,271.8,264.35,267.95,5408042,1452533552.95,0.9100277047625223,243.84192349111783
2010-05-19,BHARTIARTL,INE397D01024,,266.5,267.0,258.1,259.7,4728944,1231874672.8,0.9100277047625223,236.33419492682702
2010-05-20,BHARTIARTL,INE397D01024,,260.0,265.55,258.8,260.25,4574243,1197773279.9,0.9100277047625223,236.83471016444642
2010-05-21,BHARTIARTL,INE397D01024,,259.0,267.2,252.0,266.2,3386902,888629865.55,0.9100277047625223,242.2493750077834
2010-05-24,BHARTIARTL,INE397D01024,,268.05,271.35,263.3,266.05,4947047,1323608615.65,0.9100277047625223,242.11287085206905
2010-05-25,BHARTIARTL,INE397D01024,,265.6,270.4,262.05,264.6,4758420,1264176263.5,0.9100277047625223,240.79333068016342
2010-05-26,BHARTIARTL,INE397D01024,,267.0,269.6,260.0,263.65,3879936,1034392243.7,0.9100277047625223,239.92880436063896
2010-05-27,BHARTIARTL,INE397D01024,,263.1,265.0,257.6,260.65,7372814,1925858913.7,0.9100277047625223,237.1987212463514
2010-05-28,BHARTIARTL,INE397D01024,,264.0,265.8,258.05,260.7,5219401,1363317869.65,0.9100277047625223,237.24422263158954
2010-05-31,BHARTIARTL,INE397D01024,,261.0,264.45,260.0,262.9,3521781,922814935.4,0.9100277047625223,239.2462835820671
2010-06-01,BHARTIARTL,INE397D01024,,263.1,264.0,255.0,257.0,4915605,1270243628.6,0.9100277047625223,233.8771201239682
2010-06-02,BHARTIARTL,INE397D01024,,257.0,272.45,254.35,270.35,9731801,2569097109.4,0.9100277047625223,246.0259899825479
2010-06-03,BHARTIARTL,INE397D01024,,272.4,277.0,271.4,273.45,6214302,1704068203.3,0.9100277047625223,248.8470758673117
2010-06-04,BHARTIARTL,INE397D01024,,272.0,278.4,267.5,276.3,4484393,1222071063.15,0.9100277047625223,251.4406548258849
2010-06-07,BHARTIARTL,INE397D01024,,266.0,273.3,266.0,268.4,4170907,1122739006.95,0.9100277047625223,244.25143595826094
2010-06-08,BHARTIARTL,INE397D01024,,269.0,271.15,257.25,258.35,4699735,1234525614.95,0.9100277047625223,235.10565752539765
2010-06-09,BHARTIARTL,INE397D01024,,260.75,274.9,259.0,272.05,12660154,3424606343.8,0.9100277047625223,247.57303708064418
2010-06-10,BHARTIARTL,INE397D01024,,275.0,286.9,271.1,285.2,11625988,3263670000.05,0.9100277047625223,259.53990139827135
2010-06-11,BHARTIARTL,INE397D01024,,292.0,292.0,271.75,273.5,10007852,2770068806.65,0.9100277047625223,248.89257725254984
2010-06-14,BHARTIARTL,INE397D01024,,276.05,277.8,265.2,269.1,8555192,2294999859.0,0.9100277047625223,244.88845535159476
2010-06-15,BHARTIARTL,INE397D01024,,268.0,272.45,265.05,269.55,6206127,1665803094.3,0.9100277047625223,245.29796781873787
2010-06-16,BHARTIARTL,INE397D01024,,273.0,273.0,264.5,266.15,5570657,1491471852.2,0.9100277047625223,242.20387362254527
2010-06-17,BHARTIARTL,INE397D01024,,266.1,269.5,263.4,267.1,4914233,1307489446.65,0.9100277047625223,243.0683999420697
2010-06-18,BHARTIARTL,INE397D01024,,266.25,270.0,264.0,264.95,5434996,1444886118.0,0.9100277047625223,241.11184037683026
2010-06-21,BHARTIARTL,INE397D01024,,266.0,268.0,264.35,264.85,6255146,1665325574.15,0.9100277047625223,241.02083760635404
2010-06-22,BHARTIARTL,INE397D01024,,265.0,267.3,261.5,262.0,4519793,1192571064.75,0.9100277047625223,238.42725864778083
2010-06-23,BHARTIARTL,INE397D01024,,262.0,265.9,260.15,264.05,3944878,1043143092.45,0.9100277047625223,240.29281544254403
2010-06-24,BHARTIARTL,INE397D01024,,263.1,266.0,262.2,263.25,7468214,1969653349.3,0.9100277047625223,239.564793278734
2010-06-25,BHARTIARTL,INE397D01024,,262.9,265.9,262.1,263.05,5334436,1410561192.2,0.9100277047625223,239.38278773778148
2010-06-28,BHARTIARTL,INE397D01024,,264.0,266.75,263.85,265.4,4953501,1314408401.3,0.9100277047625223,241.52135284397338
2010-06-29,BHARTIARTL,INE397D01024,,266.0,267.0,263.6,265.8,3218957,854570314.7,0.9100277047625223,241.88536392587844
2010-06-30,BHARTIARTL,INE397D01024,,264.05,265.5,260.55,262.8,6315366,1661851053.5,0.9100277047625223,239.15528081159087
2010-07-01,BHARTIARTL,INE397D01024,,263.0,266.25,261.1,265.05,7460679,1972212303.55,0.9100277047625223,241.20284314730654
2010-07-02,BHARTIARTL,INE397D01024,,265.5,265.85,263.1,264.7,2216705,586588663.2,0.9100277047625223,240.88433345063964
2010-07-05,BHARTIARTL,INE397D01024,,265.4,267.95,263.15,267.45,3415864,908935917.35,0.9100277047625223,243.38690963873657
2010-07-06,BHARTIARTL,INE397D01024,,268.0,272.3,267.0,271.55,10382304,2794988621.55,0.9100277047625223,247.11802322826293
2010-07-07,BHARTIARTL,INE397D01024,,271.0,279.4,271.0,276.15,9713858,2686750389.55,0.9100277047625223,251.30415067017051
2010-07-08,BHARTIARTL,INE397D01024,,279.25,282.5,277.35,280.95,5594133,1568139838.5,0.9100277047625223,255.67228365303063
2010-07-09,BHARTIARTL,INE397D01024,,282.0,310.5,282.0,308.65,47063539,14298657512.7,0.9100277047625223,280.88005107495246
2010-07-12,BHARTIARTL,INE397D01024,,308.4,312.7,304.35,305.7,14596179,4487651610.05,0.9100277047625223,278.19546934590306
2010-07-13,BHARTIARTL,INE397D01024,,304.9,306.65,297.7,299.85,9637893,2895295341.7,0.9100277047625223,272.8718072730423
2010-07-14,BHARTIARTL,INE397D01024,,303.0,307.8,298.7,301.6,10481942,3166981285.85,0.9100277047625223,274.46435575637673
2010-07-15,BHARTIARTL,INE397D01024,,303.0,304.5,296.3,298.0,3713520,1108691615.55,0.9100277047625223,271.18825601923163
2010-07-16,BHARTIARTL,INE397D01024,,293.0,300.0,293.0,298.45,3055151,909409740.2,0.9100277047625223,271.5977684863748
2010-07-19,BHARTIARTL,INE397D01024,,296.0,302.6,294.7,297.5,4618706,1379609356.05,0.9100277047625223,270.73324216685035
2010-07-20,BHARTIARTL,INE397D01024,,299.85,300.75,295.5,297.65,2343388,699490567.45,0.9100277047625223,270.8697463225647
2010-07-21,BHARTIARTL,INE397D01024,,298.65,299.0,294.1,295.0,2157051,638863915.95,0.9100277047625223,268.4581729049441
2010-07-22,BHARTIARTL,INE397D01024,,294.3,303.0,292.0,302.1,3520261,1049597622.95,0.9100277047625223,274.919369608758
2010-07-23,BHARTIARTL,INE397D01024,,304.45,316.5,302.0,313.8,10301222,3196876505.1,0.9100277047625223,285.5666937544795
2010-07-26,BHARTIARTL,INE397D01024,,314.0,321.85,309.65,320.4,9377762,2988702115.3,0.9100277047625223,291.5728766059121
2010-07-27,BHARTIARTL,INE397D01024,,322.2,324.4,317.15,322.65,6659817,2140689684.95,0.9100277047625223,293.6204389416278
2010-07-28,BHARTIARTL,INE397D01024,,323.5,323.5,319.1,322.0,2530027,812179258.55,0.9100277047625223,293.02892093353216
2010-07-29,BHARTIARTL,INE397D01024,,321.0,321.9,315.5,316.9,3013133,956298856.55,0.9100277047625223,288.38777963924326
2010-07-30,BHARTIARTL,INE397D01024,,315.0,319.9,305.1,306.8,7663532,2367583876.6,0.9100277047625223,279.19649982114186
2010-08-02,BHARTIARTL,INE397D01024,,308.0,320.0,308.0,318.05,8175948,2589887548.9,0.9100277047625223,289.4343114997202
2010-08-03,BHARTIARTL,INE397D01024,,319.8,329.8,317.35,328.45,8863324,2878073440.5,0.9100277047625223,298.89859962925044
2010-08-04,BHARTIARTL,INE397D01024,,329.0,330.0,321.55,323.15,3878491,1259237788.5,0.9100277047625223,294.07545279400904
2010-08-05,BHARTIARTL,INE397D01024,,323.5,329.0,323.35,324.6,4442307,1449298267.1,0.9100277047625223,295.39499296591475
2010-08-06,BHARTIARTL,INE397D01024,,324.0,326.85,320.25,323.4,2266237,733780321.55,0.9100277047625223,294.3029597201997
2010-08-09,BHARTIARTL,INE397D01024,,321.95,329.8,318.2,328.4,5951738,1933988794.7,0.9100277047625223,298.8530982440123
2010-08-10,BHARTIARTL,INE397D01024,,329.0,329.6,323.5,325.5,4138359,1348098633.9,0.9100277047625223,296.214017900201
2010-08-11,BHARTIARTL,INE397D01024,,321.2,335.75,315.8,320.65,11274588,3660150894.15,0.9100277047625223,291.8003835321027
2010-08-12,BHARTIARTL,INE397D01024,,317.25,323.0,315.25,316.9,5242685,1664866127.8,0.9100277047625223,288.38777963924326
2010-08-13,BHARTIARTL,INE397D01024,,318.0,322.9,315.0,316.95,3371693,1077622112.9,0.9100277047625223,288.4332810244814
2010-08-16,BHARTIARTL,INE397D01024,,318.0,321.15,312.7,318.75,2795553,886310312.8,0.9100277047625223,290.071330893054
2010-08-17,BHARTIARTL,INE397D01024,,317.5,321.0,314.3,316.1,3915037,1242813975.85,0.9100277047625223,287.6597574754333
2010-08-18,BHARTIARTL,INE397D01024,,317.2,319.3,312.25,315.2,3695182,1164772175.8,0.912915764758595,287.75104905190915
2010-08-19,BHARTIARTL,INE397D01024,,316.05,317.85,313.3,314.7,3136786,989590151.65,0.912915764758595,287.29459116952984
2010-08-20,BHARTIARTL,INE397D01024,,312.0,313.8,308.1,310.3,2529490,785109241.5,0.912915764758595,283.27776180459205
2010-08-23,BHARTIARTL,INE397D01024,,312.0,320.2,310.6,317.35,3886235,1227572450.85,0.912915764758595,289.7138179461402
2010-08-24,BHARTIARTL,INE397D01024,,317.8,325.4,316.85,323.2,6280189,2027361812.95,0.912915764758595,295.0543751699779
2010-08-25,BHARTIARTL,INE397D01024,,321.8,324.55,314.0,316.95,4223607,1341189832.75,0.912915764758595,289.3486516402367
2010-08-26,BHARTIARTL,INE397D01024,,318.0,323.9,314.65,321.55,4732589,1512033538.35,0.912915764758595,293.54806415812624
2010-08-27,BHARTIARTL,INE397D01024,,321.0,324.5,315.0,316.1,4099287,1311395980.25,0.912915764758595,288.57267324019193
2010-08-30,BHARTIARTL,INE397D01024,,319.9,326.35,319.15,322.8,4131857,1333357110.3,0.912915764758595,294.6892088640745
2010-08-31,BHARTIARTL,INE397D01024,,323.0,328.3,315.25,327.35,5685749,1844709842.4,0.912915764758595,298.8429755937261
2010-09-01,BHARTIARTL,INE397D01024,,329.0,339.8,328.8,337.65,7925467,2660416353.8,0.912915764758595,308.2460079707396
2010-09-02,BHARTIARTL,INE397D01024,,339.9,341.1,333.1,334.1,3429080,1155431054.05,0.912915764758595,305.0051570058466
2010-09-03,BHARTIARTL,INE397D01024,,335.2,341.4,335.0,339.25,3512214,1190095428.5,0.912915764758595,309.70667319435336
2010-09-06,BHARTIARTL,INE397D01024,,340.0,344.75,338.0,343.4,4084373,1394408568.75,0.912915764758595,313.4952736181015
2010-09-07,BHARTIARTL,INE397D01024,,345.9,347.3,341.1,343.55,3873422,1334420989.05,0.912915764758595,313.6322109828153
2010-09-08,BHARTIARTL,INE397D01024,,341.0,353.7,338.0,352.0,5770849,2003419113.75,0.912915764758595,321.3463491950255
2010-09-09,BHARTIARTL,INE397D01024,,354.0,357.95,347.7,350.1,5476016,1932022809.3,0.912915764758595,319.61180924198413
2010-09-13,BHARTIARTL,INE397D01024,,354.4,354.95,347.15,348.8,5135878,1807853450.15,0.912915764758595,318.42501874779794
2010-09-14,BHARTIARTL,INE397D01024,,351.15,359.5,345.1,356.45,6234534,2220740982.35,0.912915764758595,325.40882434820116
2010-09-15,BHARTIARTL,INE397D01024,,354.0,361.0,350.1,356.2,4684772,1667380049.9,0.912915764758595,325.18059540701154
2010-09-16,BHARTIARTL,INE397D01024,,355.1,360.0,345.6,347.55,6436730,2269749405.05,0.912915764758595,317.28387404184974
2010-09-17,BHARTIARTL,INE397D01024,,349.1,360.0,349.1,358.85,8250118,2941931006.5,0.912915764758595,327.5998221836218
2010-09-20,BHARTIARTL,INE397D01024,,359.0,373.0,359.0,365.95,9573742,3521286894.7,0.912915764758595,334.08152411340785
2010-09-21,BHARTIARTL,INE397D01024,,366.1,370.85,363.05,365.55,5899868,2161978153.95,0.912915764758595,333.71635780750444
2010-09-22,BHARTIARTL,INE397D01024,,369.85,375.0,358.7,362.75,4756235,1726733675.75,0.912915764758595,331.16019366618036
2010-09-23,BHARTIARTL,INE397D01024,,364.1,364.9,354.1,355.5,2481395,886221310.15,0.912915764758595,324.54155437168055
2010-09-24,BHARTIARTL,INE397D01024,,355.1,369.35,353.05,368.15,8185982,2999101776.7,0.912915764758595,336.0899387958767
2010-09-27,BHARTIARTL,INE397D01024,,370.1,376.4,365.25,373.15,6494046,2420910257.95,0.912915764758595,340.6545176196697
2010-09-28,BHARTIARTL,INE397D01024,,371.05,376.95,370.0,373.25,3668221,1369344183.4,0.912915764758595,340.7458091961456
2010-09-29,BHARTIARTL,INE397D01024,,375.0,376.7,362.0,363.4,3152553,1160406297.6,0.912915764758595,331.7535889132734
2010-09-30,BHARTIARTL,INE397D01024,,358.3,370.0,357.6,366.3,7475447,2720374058.6,0.912915764758595,334.4010446310734
2010-10-01,BHARTIARTL,INE397D01024,,370.1,370.1,364.05,365.1,3637137,1333687478.35,0.912915764758595,333.3055457133631
2010-10-04,BHARTIARTL,INE397D01024,,366.95,368.7,356.15,359.85,3978745,1444026113.25,0.912915764758595,328.51273794838045
2010-10-05,BHARTIARTL,INE397D01024,,359.85,367.0,350.75,353.65,5124609,1829122481.1,0.912915764758595,322.8526602068771
2010-10-06,BHARTIARTL,INE397D01024,,356.0,359.35,350.5,352.1,3530945,1253427802.8,0.912915764758595,321.4376407715013
2010-10-07,BHARTIARTL,INE397D01024,,354.7,360.5,353.4,354.85,3271211,1167610810.5,0.912915764758595,323.94815912458745
2010-10-08,BHARTIARTL,INE397D01024,,356.95,359.9,349.65,352.9,2336657,829665301.5,0.912915764758595,322.16797338330815
2010-10-11,BHARTIARTL,INE397D01024,,354.1,355.9,340.9,342.85,6108456,2102259297.2,0.912915764758595,312.9931699474843
2010-10-12,BHARTIARTL,INE397D01024,,342.0,345.5,337.6,339.05,4677643,1591503205.55,0.912915764758595,309.5240900414017
2010-10-13,BHARTIARTL,INE397D01024,,339.5,348.6,336.5,347.6,8204177,2803766157.2,0.912915764758595,317.32951983008763
2010-10-14,BHARTIARTL,INE397D01024,,349.25,352.0,342.45,345.05,3672169,1274500004.4,0.912915764758595,315.00158462995324
2010-10-15,BHARTIARTL,INE397D01024,,346.8,347.55,330.3,333.65,5593819,1891762902.75,0.912915764758595,304.5943449117052
2010-10-18,BHARTIARTL,INE397D01024,,335.0,335.0,323.5,327.25,7072251,2313492296.65,0.912915764758595,298.7516840172502
2010-10-19,BHARTIARTL,INE397D01024,,329.15,335.5,323.0,327.2,5413715,1792903877.2,0.912915764758595,298.7060382290123
2010-10-20,BHARTIARTL,INE397D01024,,325.0,329.7,318.8,321.25,5506669,1781069306.1,0.912915764758595,293.27418942869866
2010-10-21,BHARTIARTL,INE397D01024,,324.7,338.6,323.45,337.1,4793028,1590744005.0,0.912915764758595,307.7439043001224
2010-10-22,BHARTIARTL,INE397D01024,,338.9,341.8,331.45,333.45,3308158,1113330581.4,0.912915764758595,304.4117617587535
2010-10-25,BHARTIARTL,INE397D01024,,335.25,341.5,334.05,337.2,4539626,1536890013.75,0.912915764758595,307.8351958765982
2010-10-26,BHARTIARTL,INE397D01024,,339.0,339.9,328.15,328.8,2338928,777100551.4,0.912915764758595,300.16670345262605
2010-10-27,BHARTIARTL,INE397D01024,,328.0,329.0,318.0,321.95,4372920,1409568138.55,0.912915764758595,293.91323046402965
2010-10-28,BHARTIARTL,INE397D01024,,324.9,336.5,324.25,330.65,11162156,3704291921.5,0.912915764758595,301.85559761742945
2010-10-29,BHARTIARTL,INE397D01024,,328.75,331.7,320.35,325.65,2779268,905107009.35,0.912915764758595,297.29101879363645
2010-11-01,BHARTIARTL,INE397D01024,,329.0,335.95,328.3,335.3,3165567,1056122553.15,0.912915764758595,306.10065592355693
2010-11-02,BHARTIARTL,INE397D01024,,335.3,335.9,327.75,329.25,3013657,995500245.2,0.912915764758595,300.5775155467674
2010-11-03,BHARTIARTL,INE397D01024,,331.0,333.7,327.05,328.4,1962784,646625806.8,0.912915764758595,299.8015371467226
2010-11-04,BHARTIARTL,INE397D01024,,330.2,331.8,325.25,326.15,2867830,937404677.5,0.912915764758595,297.74747667601576
2010-11-05,BHARTIARTL,INE397D01024,,330.0,331.0,328.55,329.5,560414,184732722.0,0.912915764758595,300.80574448795704
2010-11-08,BHARTIARTL,INE397D01024,,331.0,334.7,327.5,328.05,5455422,1797548998.75,0.912915764758595,299.4820166290571
2010-11-09,BHARTIARTL,INE397D01024,,330.5,335.5,329.3,334.55,6262180,2084622120.8,0.912915764758595,305.415969099988
2010-11-10,BHARTIARTL,INE397D01024,,335.0,345.6,325.55,327.05,10217605,3400251353.2,0.912915764758595,298.5691008642985
2010-11-11,BHARTIARTL,INE397D01024,,325.45,326.75,316.0,316.75,7070523,2266150060.6,0.912915764758595,289.166068487285
2010-11-12,BHARTIARTL,INE397D01024,,315.0,316.0,303.4,305.55,14163306,4350456645.55,0.912915764758595,278.94141192198873
2010-11-15,BHARTIARTL,INE397D01024,,307.15,311.65,305.25,309.65,9901738,3065012517.7,0.912915764758595,282.68436655749895
2010-11-16,BHARTIARTL,INE397D01024,,312.95,319.8,311.0,313.45,8877527,2794916243.1,0.912915764758595,286.1534464635816
2010-11-18,BHARTIARTL,INE397D01024,,320.0,327.85,314.25,324.95,9386872,3011789908.4,0.912915764758595,296.65197775830546
2010-11-19,BHARTIARTL,INE397D01024,,326.0,341.75,325.95,328.45,15857070,5320588409.4,0.912915764758595,299.84718293496053
2010-11-22,BHARTIARTL,INE397D01024,,334.15,339.9,334.0,336.95,5660265,1910154402.35,0.912915764758595,307.6069669354086
2010-11-23,BHARTIARTL,INE397D01024,,332.0,332.85,320.2,329.15,7660169,2511916790.85,0.912915764758595,300.4862239702915
2010-11-24,BHARTIARTL,INE397D01024,,331.8,337.4,330.0,331.8,6074797,2027367103.7,0.912915764758595,302.90545074690186
2010-11-25,BHARTIARTL,INE397D01024,,333.2,339.75,332.65,335.0,7547552,2530924486.75,0.912915764758595,305.82678119412935
2010-11-26,BHARTIARTL,INE397D01024,,339.0,339.0,328.05,333.8,6389553,2129569315.1,0.912915764758595,304.73128227641905
2010-11-29,BHARTIARTL,INE397D01024,,335.0,341.0,333.0,338.7,3219035,1083361344.5,0.912915764758595,309.20456952373615
2010-11-30,BHARTIARTL,INE397D01024,,337.0,362.9,336.5,360.15,12939392,4581957885.95,0.912915764758595,328.78661267780797
2010-12-01,BHARTIARTL,INE397D01024,,357.5,357.9,344.2,350.55,6573037,2303632399.4,0.912915764758595,320.0226213361255
2010-12-02,BHARTIARTL,INE397D01024,,354.0,355.0,344.25,346.1,4228857,1470577805.2,0.912915764758595,315.96014618294976
2010-12-03,BHARTIARTL,INE397D01024,,348.5,355.0,343.6,345.6,3943404,1380171347.95,0.912915764758595,315.50368830057045
2010-12-06,BHARTIARTL,INE397D01024,,349.85,351.4,343.55,345.35,1810411,628776420.65,0.912915764758595,315.2754593593808
2010-12-07,BHARTIARTL,INE397D01024,,346.95,354.75,345.25,348.85,3856632,1352033902.2,0.912915764758595,318.4706645360359
2010-12-08,BHARTIARTL,INE397D01024,,348.0,353.25,345.15,347.65,4253185,1488786445.25,0.912915764758595,317.3751656183255
2010-12-09,BHARTIARTL,INE397D01024,,349.0,349.6,336.0,338.45,3263098,1116353680.15,0.912915764758595,308.97634058254647
2010-12-10,BHARTIARTL,INE397D01024,,336.25,338.0,325.0,331.0,8320790,2748191459.05,0.912915764758595,302.175118135095
2010-12-13,BHARTIARTL,INE397D01024,,332.45,333.8,322.0,332.05,4916080,1614229591.6,0.912915764758595,303.1336796880915
2010-12-14,BHARTIARTL,INE397D01024,,331.0,337.0,327.35,335.15,3451430,1149619273.2,0.912915764758595,305.9637185588431
2010-12-15,BHARTIARTL,INE397D01024,,335.5,342.0,333.85,339.7,4233070,1435559924.35,0.912915764758595,310.1174852884947
2010-12-16,BHARTIARTL,INE397D01024,,342.5,346.5,340.05,344.3,4519611,1552591381.5,0.912915764758595,314.3168978063843
2010-12-20,BHARTIARTL,INE397D01024,,342.0,342.0,333.6,335.0,2447960,823573621.95,0.912915764758595,305.82678119412935
2010-12-21,BHARTIARTL,INE397D01024,,335.0,337.5,330.0,332.85,2324959,774462400.3,0.912915764758595,303.8640122998984
2010-12-22,BHARTIARTL,INE397D01024,,334.0,344.0,333.35,343.25,3430892,1168638118.5,0.912915764758595,313.35833625338773
2010-12-23,BHARTIARTL,INE397D01024,,344.65,347.95,340.05,343.3,4043129,1392365097.4,0.912915764758595,313.4039820416257
2010-12-24,BHARTIARTL,INE397D01024,,339.0,351.8,339.0,348.6,1938060,670446578.4,0.912915764758595,318.24243559484626
2010-12-27,BHARTIARTL,INE397D01024,,349.0,352.05,341.1,341.9,1267944,437260875.95,0.912915764758595,312.12589997096364
2010-12-28,BHARTIARTL,INE397D01024,,342.95,346.3,341.35,342.35,1881726,646079296.6,0.912915764758595,312.536712065105
2010-12-29,BHARTIARTL,INE397D01024,,344.0,354.85,344.0,354.0,3746529,1313201990.55,0.912915764758595,323.17218072454267
2010-12-30,BHARTIARTL,INE397D01024,,355.0,360.0,351.05,357.45,5710542,2034036009.5,0.912915764758595,326.3217401129598
2010-12-31,BHARTIARTL,INE397D01024,,354.45,359.8,352.05,358.8,2811934,1005023329.8,0.912915764758595,327.55417639538393
2011-01-03,BHARTIARTL,INE397D01024,,360.9,365.0,354.75,359.35,2959476,1067161555.5,0.912915764758595,328.05628006600114
2011-01-04,BHARTIARTL,INE397D01024,,360.25,361.85,353.15,356.4,3455137,1229979132.2,0.912915764758595,325.3631785599633
2011-01-05,BHARTIARTL,INE397D01024,,355.0,356.05,347.55,349.0,2662388,933594072.8,0.912915764758595,318.60760190074967
2011-01-06,BHARTIARTL,INE397D01024,,349.15,355.3,349.15,353.2,2906492,1025541620.05,0.912915764758595,322.4418481127358
2011-01-07,BHARTIARTL,INE397D01024,,353.8,354.8,334.4,338.5,6116148,2089710660.3,0.912915764758595,309.0219863707844
2011-01-10,BHARTIARTL,INE397D01024,,340.0,343.95,335.05,339.1,2765924,942983768.05,0.912915764758595,309.5697358296396
2011-01-11,BHARTIARTL,INE397D01024,,341.0,346.9,334.0,338.45,3343270,1135466590.4,0.912915764758595,308.97634058254647
2011-01-12,BHARTIARTL,INE397D01024,,340.15,351.25,336.0,349.1,1921498,661283951.8,0.912915764758595,318.69889347722557
2011-01-13,BHARTIARTL,INE397D01024,,346.2,354.0,345.1,346.65,3211230,1118558857.85,0.912915764758595,316.46224985356696
2011-01-14,BHARTIARTL,INE397D01024,,345.1,351.45,341.25,343.75,2230501,774020124.1,0.912915764758595,313.81479413576704
2011-01-17,BHARTIARTL,INE397D01024,,340.5,352.0,339.65,348.5,3349337,1161454869.5,0.912915764758595,318.15114401837036
2011-01-18,BHARTIARTL,INE397D01024,,350.1,351.35,343.1,344.4,1990524,689574491.15,0.912915764758595,314.4081893828601
2011-01-19,BHARTIARTL,INE397D01024,,345.0,348.4,341.7,344.45,2673322,923016976.7,0.912915764758595,314.45383517109804
2011-01-20,BHARTIARTL,INE397D01024,,339.0,343.0,338.0,340.3,3473312,1181252903.7,0.912915764758595,310.6652347473499
2011-01-21,BHARTIARTL,INE397D01024,,339.95,339.95,331.0,336.05,2902544,972855840.45,0.912915764758595,306.78534274712587
2011-01-24,BHARTIARTL,INE397D01024,,336.2,337.9,332.5,333.1,2639491,882050309.65,0.912915764758595,304.092241241088
2011-01-25,BHARTIARTL,INE397D01024,,336.65,340.85,333.1,337.75,3484518,1174509780.45,0.912915764758595,308.3372995472155
2011-01-27,BHARTIARTL,INE397D01024,,340.0,340.0,324.25,325.65,5803968,1906970990.7,0.912915764758595,297.29101879363645
2011-01-28,BHARTIARTL,INE397D01024,,327.9,332.25,322.5,327.25,3691854,1211384122.35,0.912915764758595,298.7516840172502
2011-01-31,BHARTIARTL,INE397D01024,,322.15,323.65,311.0,319.0,4287253,1361542754.5,0.912915764758595,291.2201289579918
2011-02-01,BHARTIARTL,INE397D01024,,325.0,327.85,310.0,317.1,5808961,1846028019.55,0.912915764758595,289.4855890049505
2011-02-02,BHARTIARTL,INE397D01024,,310.0,325.8,304.45,322.8,10571769,3387554103.55,0.912915764758595,294.6892088640745
2011-02-03,BHARTIARTL,INE397D01024,,320.45,342.45,320.45,339.8,6702797,2234096850.5,0.912915764758595,310.2087768649706
2011-02-04,BHARTIARTL,INE397D01024,,343.0,343.5,330.5,332.5,6523393,2196681350.65,0.912915764758595,303.54449178223285
2011-02-07,BHARTIARTL,INE397D01024,,335.0,344.25,332.0,333.85,4299876,1449690752.05,0.912915764758595,304.776928064657
2011-02-08,BHARTIARTL,INE397D01024,,335.0,340.35,332.1,333.3,3292626,1105767589.7,0.912915764758595,304.27482439403974
2011-02-09,BHARTIARTL,INE397D01024,,326.4,336.7,324.65,332.15,3927982,1298925115.25,0.912915764758595,303.22497126456733
2011-02-10,BHARTIARTL,INE397D01024,,330.0,331.4,313.2,322.6,6221987,1996886168.45,0.912915764758595,294.5066257111228
2011-02-11,BHARTIARTL,INE397D01024,,322.7,322.7,314.0,318.9,2854900,906824357.15,0.912915764758595,291.12883738151595
2011-02-14,BHARTIARTL,INE397D01024,,323.5,328.45,315.0,327.35,3881326,1258144862.1,0.912915764758595,298.8429755937261
2011-02-15,BHARTIARTL,INE397D01024,,325.5,333.2,323.4,329.15,2820649,926916980.5,0.912915764758595,300.4862239702915
2011-02-16,BHARTIARTL,INE397D01024,,329.0,332.5,325.25,328.4,2531063,833037402.55,0.912915764758595,299.8015371467226
2011-02-17,BHARTIARTL,INE397D01024,,332.0,341.25,325.6,339.85,4956395,1661949376.8,0.912915764758595,310.25442265320856
2011-02-18,BHARTIARTL,INE397D01024,,339.0,341.3,328.1,331.35,4546532,1524490358.3,0.912915764758595,302.4946386527605
2011-02-21,BHARTIARTL,INE397D01024,,329.7,332.7,326.85,330.7,3836039,1267886289.35,0.912915764758595,301.90124340566734
2011-02-22,BHARTIARTL,INE397D01024,,327.25,334.5,323.35,330.5,4489564,1475957159.5,0.912915764758595,301.71866025271567
2011-02-23,BHARTIARTL,INE397D01024,,329.0,337.25,325.85,328.2,4290369,1430970207.9,0.912915764758595,299.6189539937709
2011-02-24,BHARTIARTL,INE397D01024,,326.0,336.4,321.5,324.4,7827783,2574676155.0,0.912915764758595,296.1498740876882
2011-02-25,BHARTIARTL,INE397D01024,,330.0,332.8,324.55,329.75,4174728,1373693762.45,0.912915764758595,301.0339734291467
2011-02-28,BHARTIARTL,INE397D01024,,330.0,334.0,324.65,331.3,5786386,1911290373.8,0.912915764758595,302.44899286452255
2011-03-01,BHARTIARTL,INE397D01024,,331.1,338.9,322.2,337.6,4908581,1619155448.6,0.912915764758595,308.2003621825017
2011-03-03,BHARTIARTL,INE397D01024,,335.5,338.4,327.1,330.15,3169994,1055310857.9,0.912915764758595,301.39913973505014
2011-03-04,BHARTIARTL,INE397D01024,,330.55,333.6,324.15,326.95,3267936,1072030081.9,0.912915764758595,298.47780928782265
2011-03-07,BHARTIARTL,INE397D01024,,325.0,326.2,319.1,324.45,2311885,744902814.65,0.912915764758595,296.19551987592615
2011-03-08,BHARTIARTL,INE397D01024,,323.6,335.25,323.0,334.85,3129835,1037763113.35,0.912915764758595,305.68984382941557
2011-03-09,BHARTIARTL,INE397D01024,,334.35,336.8,330.5,332.5,1610110,535527228.45,0.912915764758595,303.54449178223285
2011-03-10,BHARTIARTL,INE397D01024,,331.05,331.4,327.15,329.5,883897,290583115.8,0.912915764758595,300.80574448795704
2011-03-11,BHARTIARTL,INE397D01024,,328.9,331.5,321.05,322.55,3221325,1046000875.45,0.912915764758595,294.46097992288486
2011-03-14,BHARTIARTL,INE397D01024,,320.1,324.0,319.3,321.75,2725026,875437231.4,0.912915764758595,293.730647311078
2011-03-15,BHARTIARTL,INE397D01024,,318.0,320.95,308.95,314.15,4343400,1377054260.5,0.912915764758595,286.79248749891264
2011-03-16,BHARTIARTL,INE397D01024,,315.05,322.3,315.05,320.45,3773145,1205480200.65,0.912915764758595,292.5438568168918
2011-03-17,BHARTIARTL,INE397D01024,,318.8,323.9,316.3,317.85,4752369,1516709322.65,0.912915764758595,290.17027582851944
2011-03-18,BHARTIARTL,INE397D01024,,321.9,323.8,317.5,318.65,4203615,1344173621.8,0.912915764758595,290.90060844032627
2011-03-21,BHARTIARTL,INE397D01024,,319.65,321.15,316.0,316.9,1808009,576044202.3,0.912915764758595,289.30300585199876
2011-03-22,BHARTIARTL,INE397D01024,,318.2,327.3,318.2,326.6,3379838,1096301076.4,0.912915764758595,298.1582887701572
2011-03-23,BHARTIARTL,INE397D01024,,326.2,331.55,325.25,330.6,2087808,688193186.5,0.912915764758595,301.80995182919156
2011-03-24,BHARTIARTL,INE397D01024,,331.8,334.4,326.6,333.25,1844676,610358623.8,0.912915764758595,304.2291786058018
2011-03-25,BHARTIARTL,INE397D01024,,334.1,341.0,332.1,339.7,2435027,820603313.75,0.912915764758595,310.1174852884947
2011-03-28,BHARTIARTL,INE397D01024,,341.4,350.0,334.5,347.8,7237171,2491632000.35,0.912915764758595,317.51210298303937
2011-03-29,BHARTIARTL,INE397D01024,,347.0,364.95,347.0,360.6,8519420,3063203381.4,0.912915764758595,329.1974247719494
2011-03-30,BHARTIARTL,INE397D01024,,360.0,361.65,354.45,359.4,5074736,1816848605.9,0.912915764758595,328.101925854239
2011-03-31,BHARTIARTL,INE397D01024,,357.5,359.5,351.4,357.4,8404323,2990053077.95,0.912915764758595,326.27609432472184
2011-04-01,BHARTIARTL,INE397D01024,,354.6,360.3,353.0,355.3,4454718,1590360616.2,0.912915764758595,324.3589712187288
2011-04-04,BHARTIARTL,INE397D01024,,354.5,362.0,353.0,359.35,2134397,765767583.8,0.912915764758595,328.05628006600114
2011-04-05,BHARTIARTL,INE397D01024,,361.5,363.3,357.5,360.25,1897947,683263730.8,0.912915764758595,328.87790425428386
2011-04-06,BHARTIARTL,INE397D01024,,360.3,363.15,350.25,353.3,4366688,1554269547.55,0.912915764758595,322.5331396892116
2011-04-07,BHARTIARTL,INE397D01024,,353.3,358.25,345.7,357.0,6840334,2395729898.7,0.912915764758595,325.9109280188184
2011-04-08,BHARTIARTL,INE397D01024,,359.3,428.4,357.1,361.9,6137337,2226990993.35,0.912915764758595,330.3842152661355
2011-04-11,BHARTIARTL,INE397D01024,,361.9,366.3,359.0,362.45,3645361,1326069790.05,0.912915764758595,330.8863189367528
2011-04-13,BHARTIARTL,INE397D01024,,356.3,375.0,353.0,367.45,7893738,2864913269.85,0.912915764758595,335.45089776054573
2011-04-15,BHARTIARTL,INE397D01024,,369.4,376.0,367.45,372.4,5974975,2222553451.8,0.912915764758595,339.9698307961008
2011-04-18,BHARTIARTL,INE397D01024,,372.5,377.05,366.25,368.3,3525770,1313282712.3,0.912915764758595,336.22687616059056
2011-04-19,BHARTIARTL,INE397D01024,,368.0,378.0,365.5,376.45,4519262,1686877311.0,0.912915764758595,343.6671396433731
2011-04-20,BHARTIARTL,INE397D01024,,377.3,386.5,375.4,380.55,7479192,2850370947.55,0.912915764758595,347.4100942788834
2011-04-21,BHARTIARTL,INE397D01024,,381.0,384.5,371.1,376.25,5415788,2030730103.85,0.912915764758595,343.48455649042137
2011-04-25,BHARTIARTL,INE397D01024,,374.45,379.0,372.8,375.45,2149081,806055610.55,0.912915764758595,342.7542238786145
2011-04-26,BHARTIARTL,INE397D01024,,375.0,382.85,373.6,381.6,5414074,2051418316.85,0.912915764758595,348.3686558318799
2011-04-27,BHARTIARTL,INE397D01024,,384.0,388.2,381.7,385.15,5278174,2035327992.75,0.912915764758595,351.60950679677285
2011-04-28,BHARTIARTL,INE397D01024,,385.0,389.85,382.25,386.75,4478965,1732064398.75,0.912915764758595,353.0701720203866
2011-04-29,BHARTIARTL,INE397D01024,,386.8,389.0,376.2,380.05,3131520,1197335665.8,0.912915764758595,346.95363639650407
2011-05-02,BHARTIARTL,INE397D01024,,379.0,384.95,379.0,383.7,2313857,884886099.3,0.912915764758595,350.2857789378729
2011-05-03,BHARTIARTL,INE397D01024,,380.7,383.6,372.65,374.45,3354473,1262881135.55,0.912915764758595,341.8413081138559
2011-05-04,BHARTIARTL,INE397D01024,,374.45,376.4,365.1,369.75,2851386,1056574985.6,0.912915764758595,337.5506040194905
2011-05-05,BHARTIARTL,INE397D01024,,359.85,369.45,352.2,357.9,8953797,3237088881.25,0.912915764758595,326.73255220710115
2011-05-06,BHARTIARTL,INE397D01024,,357.0,361.55,345.7,350.95,6620170,2325645443.3,0.912915764758595,320.3877876420289
2011-05-09,BHARTIARTL,INE397D01024,,352.8,366.85,352.0,365.2,4118641,1485101417.7,0.912915764758595,333.3968372898389
2011-05-10,BHARTIARTL,INE397D01024,,366.9,367.55,363.0,365.95,2524681,922591975.85,0.912915764758595,334.08152411340785
2011-05-11,BHARTIARTL,INE397D01024,,366.0,367.9,363.55,366.2,2911493,1063925545.8,0.912915764758595,334.3097530545975
2011-05-12,BHARTIARTL,INE397D01024,,362.85,366.6,362.85,365.7,2456524,896835625.95,0.912915764758595,333.85329517221817
2011-05-13,BHARTIARTL,INE397D01024,,363.1,374.2,363.1,367.75,3226638,1194426006.65,0.912915764758595,335.7247724899733
2011-05-16,BHARTIARTL,INE397D01024,,368.0,374.95,364.7,371.2,2274591,844695752.65,0.912915764758595,338.8743318783905
2011-05-17,BHARTIARTL,INE397D01024,,370.9,373.45,368.5,370.7,1789062,664858808.85,0.912915764758595,338.41787399601117
2011-05-18,BHARTIARTL,INE397D01024,,371.2,375.0,369.0,371.95,2007685,747220294.65,0.912915764758595,339.5590187019594
2011-05-19,BHARTIARTL,INE397D01024,,372.95,373.85,364.5,365.8,1637963,605685803.3,0.912915764758595,333.94458674869406
2011-05-20,BHARTIARTL,INE397D01024,,366.6,378.4,365.3,373.85,4264780,1597889340.5,0.912915764758595,341.29355865500077
2011-05-23,BHARTIARTL,INE397D01024,,370.1,375.4,366.15,368.45,3002487,1115614529.15,0.912915764758595,336.36381352530435
2011-05-24,BHARTIARTL,INE397D01024,,370.0,373.75,367.5,370.6,3170184,1174396478.9,0.912915764758595,338.3265824195353
2011-05-25,BHARTIARTL,INE397D01024,,367.65,372.5,363.55,369.65,2078730,764296124.05,0.912915764758595,337.45931244301465
2011-05-26,BHARTIARTL,INE397D01024,,367.2,373.7,364.8,367.3,5203132,1917027215.8,0.912915764758595,335.31396039583194
2011-05-27,BHARTIARTL,INE397D01024,,369.2,374.25,369.0,372.9,2236569,833974513.75,0.912915764758595,340.4262886784801
2011-05-30,BHARTIARTL,INE397D01024,,373.0,373.9,367.0,371.45,3548175,1314934947.65,0.912915764758595,339.1025608195801
2011-05-31,BHARTIARTL,INE397D01024,,371.8,375.5,369.25,374.15,2897616,1080145558.55,0.912915764758595,341.56743338442834
2011-06-01,BHARTIARTL,INE397D01024,,375.25,384.65,375.0,381.6,4153497,1582781425.55,0.912915764758595,348.3686558318799
2011-06-02,BHARTIARTL,INE397D01024,,379.0,385.9,378.5,381.15,2037011,779387605.2,0.912915764758595,347.9578437377385
2011-06-03,BHARTIARTL,INE397D01024,,382.0,384.6,377.15,378.45,2443813,931570500.5,0.912915764758595,345.4929711728903
2011-06-06,BHARTIARTL,INE397D01024,,380.35,382.6,375.5,380.0,2540466,965516149.6,0.912915764758595,346.9079906082661
2011-06-07,BHARTIARTL,INE397D01024,,379.0,381.85,377.0,377.85,1980997,751846927.95,0.912915764758595,344.94522171403514
2011-06-08,BHARTIARTL,INE397D01024,,378.05,379.3,371.0,377.75,2615109,981807938.9,0.912915764758595,344.8539301375593
2011-06-09,BHARTIARTL,INE397D01024,,377.1,379.75,375.6,376.55,2111613,795394719.7,0.912915764758595,343.75843121984894
2011-06-10,BHARTIARTL,INE397D01024,,377.5,377.9,372.25,373.95,1782390,666423328.4,0.912915764758595,341.3848502314766
2011-06-13,BHARTIARTL,INE397D01024,,375.25,379.55,373.9,377.6,2569015,969890263.0,0.912915764758595,344.7169927728455
2011-06-14,BHARTIARTL,INE397D01024,,377.95,380.5,377.0,379.3,2879443,1090534572.15,0.912915764758595,346.2689495729351
2011-06-15,BHARTIARTL,INE397D01024,,377.95,379.4,375.1,376.75,2319378,874873963.35,0.912915764758595,343.9410143728007
2011-06-16,BHARTIARTL,INE397D01024,,375.0,379.8,367.65,369.65,5402846,2029990819.9,0.912915764758595,337.45931244301465
2011-06-17,BHARTIARTL,INE397D01024,,369.2,381.95,369.2,380.55,4624129,1751991830.5,0.912915764758595,347.4100942788834
2011-06-20,BHARTIARTL,INE397D01024,,380.0,391.95,375.55,389.85,7974447,3083243037.25,0.912915764758595,355.9002108911383
2011-06-21,BHARTIARTL,INE397D01024,,390.05,398.4,388.15,391.6,5010285,1979967751.9,0.912915764758595,357.49781347946583
2011-06-22,BHARTIARTL,INE397D01024,,393.0,395.0,377.6,381.8,7698165,2957655506.65,0.912915764758595,348.55123898483157
2011-06-23,BHARTIARTL,INE397D01024,,380.15,387.1,379.3,382.15,2949962,1130735038.55,0.912915764758595,348.8707595024971
2011-06-24,BHARTIARTL,INE397D01024,,383.55,394.25,383.55,391.9,4931183,1921902519.4,0.912915764758595,357.77168820889335
2011-06-27,BHARTIARTL,INE397D01024,,389.0,398.9,388.0,396.0,4469968,1768022971.3,0.912915764758595,361.5146428444036
2011-06-28,BHARTIARTL,INE397D01024,,396.8,404.95,396.25,400.3,9660772,3869582446.95,0.912915764758595,365.4401806328656
2011-06-29,BHARTIARTL,INE397D01024,,401.55,403.95,399.45,401.45,3842334,1541318962.3,0.912915764758595,366.490033762338
2011-06-30,BHARTIARTL,INE397D01024,,402.0,403.8,389.75,394.9,11829151,4668930934.2,0.912915764758595,360.51043550316916
2011-07-01,BHARTIARTL,INE397D01024,,394.9,396.0,382.35,383.45,5226738,2011782461.7,0.912915764758595,350.05754999668324
2011-07-04,BHARTIARTL,INE397D01024,,385.5,388.3,383.0,384.3,3974708,1529393872.5,0.912915764758595,350.83352839672807
2011-07-05,BHARTIARTL,INE397D01024,,386.0,386.4,378.25,382.25,2338180,890803866.15,0.912915764758595,348.96205107897293
2011-07-06,BHARTIARTL,INE397D01024,,380.55,388.8,380.55,383.4,3829322,1474060079.05,0.912915764758595,350.01190420844534
2011-07-07,BHARTIARTL,INE397D01024,,383.55,398.9,383.55,398.0,8086735,3187633858.95,0.912915764758595,363.3404743739208
2011-07-08,BHARTIARTL,INE397D01024,,399.85,409.9,395.65,398.15,5606368,2260745928.8,0.912915764758595,363.4774117386346
2011-07-11,BHARTIARTL,INE397D01024,,398.05,399.9,389.75,391.25,1702731,671340132.1,0.912915764758595,357.1782929618003
2011-07-12,BHARTIARTL,INE397D01024,,387.1,394.7,385.25,386.9,2460319,956972925.25,0.912915764758595,353.2071093851004
2011-07-13,BHARTIARTL,INE397D01024,,387.1,397.3,386.4,394.9,5453915,2143151145.95,0.912915764758595,360.51043550316916
2011-07-14,BHARTIARTL,INE397D01024,,395.8,399.1,393.65,396.55,3456859,1369830861.75,0.912915764758595,362.0167465150209
2011-07-15,BHARTIARTL,INE397D01024,,398.25,398.5,391.3,392.95,1730730,681688825.55,0.912915764758595,358.7302497618899
2011-07-18,BHARTIARTL,INE397D01024,,390.3,395.5,390.15,393.1,975877,384068814.05,0.912915764758595,358.8671871266037
2011-07-19,BHARTIARTL,INE397D01024,,391.05,401.0,391.05,398.45,3422715,1359138970.6,0.912915764758595,363.7512864680622
2011-07-20,BHARTIARTL,INE397D01024,,400.0,401.0,393.7,395.35,2903047,1153101236.85,0.912915764758595,360.9212475973106
2011-07-21,BHARTIARTL,INE397D01024,,393.0,397.3,392.25,395.1,5021942,1984576085.85,0.912915764758595,360.6930186561209
2011-07-22,BHARTIARTL,INE397D01024,,397.6,412.55,396.15,411.15,10295153,4187558011.9,0.912915764758595,375.34531668049635
2011-07-25,BHARTIARTL,INE397D01024,,410.0,438.2,409.55,432.65,14105401,6022475423.45,0.912915764758595,394.9730056228061
2011-07-26,BHARTIARTL,INE397D01024,,430.0,432.65,422.25,424.6,7094569,3025904126.45,0.912915764758595,387.62403371649947
2011-07-27,BHARTIARTL,INE397D01024,,426.9,432.4,422.5,429.55,4767206,2033575502.3,0.912915764758595,392.1429667520545
2011-07-28,BHARTIARTL,INE397D01024,,422.5,433.5,422.5,430.8,4438145,1910899956.55,0.912915764758595,393.28411145800277
2011-07-29,BHARTIARTL,INE397D01024,,430.5,439.25,426.15,437.25,7205818,3136481854.85,0.912915764758595,399.1724181406957
2011-08-01,BHARTIARTL,INE397D01024,,447.85,447.85,437.8,441.35,3882377,1714555342.9,0.912915764758595,402.9153727762059
2011-08-02,BHARTIARTL,INE397D01024,,437.55,439.75,430.0,432.4,2738618,1185777348.05,0.912915764758595,394.7447766816165
2011-08-03,BHARTIARTL,INE397D01024,,428.0,431.9,412.7,426.25,13827732,5847440747.35,0.912915764758595,389.13034472835113
2011-08-04,BHARTIARTL,INE397D01024,,424.0,429.0,419.75,424.05,3547891,1505350198.9,0.912915764758595,387.1219300458822
2011-08-05,BHARTIARTL,INE397D01024,,408.9,420.95,408.8,415.8,5394670,2240520474.6,0.912915764758595,379.59037498662383
2011-08-08,BHARTIARTL,INE397D01024,,400.0,414.85,395.3,408.35,7831195,3178539506.3,0.912915764758595,372.7891525391723
2011-08-09,BHARTIARTL,INE397D01024,,393.25,412.4,392.15,407.25,9114725,3682461091.45,0.912915764758595,371.7849451979378
2011-08-10,BHARTIARTL,INE397D01024,,411.0,413.45,399.2,406.85,6569086,2663600711.65,0.912915764758595,371.4197788920344
2011-08-11,BHARTIARTL,INE397D01024,,406.0,406.9,395.0,397.1,6684209,2674671799.4,0.912915764758595,362.5188501856381
2011-08-12,BHARTIARTL,INE397D01024,,401.0,401.3,385.0,389.1,6347821,2485131728.65,0.912915764758595,355.21552406756933
2011-08-16,BHARTIARTL,INE397D01024,,392.75,402.8,387.8,395.85,11345409,4501958423.3,0.912915764758595,361.3777054796899
2011-08-17,BHARTIARTL,INE397D01024,,394.1,400.9,383.6,396.4,4883840,1933531797.95,0.9152278219062678,362.79630860364455
2011-08-18,BHARTIARTL,INE397D01024,,397.7,402.2,390.1,391.1,5873073,2327116538.2,0.9152278219062678,357.94560114754137
2011-08-19,BHARTIARTL,INE397D01024,,387.0,394.85,377.2,383.65,7318928,2839007811.75,0.9152278219062678,351.1271538743396
2011-08-22,BHARTIARTL,INE397D01024,,382.2,394.4,381.1,392.7,3315811,1292440744.25,0.9152278219062678,359.4099656625914
2011-08-23,BHARTIARTL,INE397D01024,,394.7,404.8,392.5,401.6,8628608,3456157000.4,0.9152278219062678,367.55549327755716
2011-08-24,BHARTIARTL,INE397D01024,,400.0,404.15,395.3,397.7,4746991,1893591954.9,0.9152278219062678,363.9861047721227
2011-08-25,BHARTIARTL,INE397D01024,,401.9,409.4,392.85,402.3,7669345,3061549332.2,0.9152278219062678,368.1961527528916
2011-08-26,BHARTIARTL,INE397D01024,,400.4,408.3,395.35,398.65,5659774,2284775694.75,0.9152278219062678,364.8555712029337
2011-08-29,BHARTIARTL,INE397D01024,,403.0,410.7,402.75,405.05,3285238,1335340770.15,0.9152278219062678,370.7130292631338
2011-08-30,BHARTIARTL,INE397D01024,,407.0,416.45,401.05,404.65,5031304,2063132485.0,0.9152278219062678,370.34693813437127
2011-09-02,BHARTIARTL,INE397D01024,,416.0,418.95,406.5,408.6,5160183,2116258811.5,0.9152278219062678,373.96208803090104
2011-09-05,BHARTIARTL,INE397D01024,,402.5,409.25,400.7,405.55,2656579,1076311132.55,0.9152278219062678,371.17064317408693
2011-09-06,BHARTIARTL,INE397D01024,,403.1,406.0,390.85,398.25,4443145,1766590375.8,0.9152278219062678,364.4894800741712
2011-09-07,BHARTIARTL,INE397D01024,,400.0,405.8,398.05,401.65,4227778,1700191678.25,0.9152278219062678,367.6012546686525
2011-09-08,BHARTIARTL,INE397D01024,,401.65,404.3,396.2,399.5,3560723,1423555996.4,0.9152278219062678,365.633514851554
2011-09-09,BHARTIARTL,INE397D01024,,403.9,407.0,395.6,400.15,5413450,2180289365.85,0.9152278219062678,366.2284129357931
2011-09-12,BHARTIARTL,INE397D01024,,397.05,397.85,382.55,385.8,2961250,1150102019.75,0.9152278219062678,353.09489369143813
2011-09-13,BHARTIARTL,INE397D01024,,389.9,391.85,379.4,381.55,3754165,1450053146.15,0.9152278219062678,349.2051754483365
2011-09-14,BHARTIARTL,INE397D01024,,383.0,384.0,372.5,377.35,5730400,2157149536.35,0.9152278219062678,345.36121859633016
2011-09-15,BHARTIARTL,INE397D01024,,382.0,389.9,372.7,387.1,4522062,1715733090.4,0.9152278219062678,354.2846898599163
2011-09-16,BHARTIARTL,INE397D01024,,388.8,389.8,381.65,385.8,6222318,2397580166.55,0.9152278219062678,353.09489369143813
2011-09-19,BHARTIARTL,INE397D01024,,384.0,389.9,379.5,386.85,3038911,1172774982.85,0.9152278219062678,354.0558829044397
2011-09-20,BHARTIARTL,INE397D01024,,388.8,392.5,385.8,391.4,3666900,1430341860.7,0.9152278219062678,358.22016949411324
2011-09-21,BHARTIARTL,INE397D01024,,394.95,395.45,391.5,393.25,2455878,966523532.6,0.9152278219062678,359.9133409646398
2011-09-22,BHARTIARTL,INE397D01024,,388.7,388.7,368.05,372.8,4916728,1854562050.95,0.9152278219062678,341.19693200665665
2011-09-23,BHARTIARTL,INE397D01024,,369.0,382.2,360.65,375.0,7091652,2636339052.1,0.9152278219062678,343.2104332148504
2011-09-26,BHARTIARTL,INE397D01024,,376.75,385.35,368.0,380.9,3562657,1347138076.1,0.9152278219062678,348.6102773640974
2011-09-27,BHARTIARTL,INE397D01024,,386.5,389.45,381.65,387.6,4798589,1856753031.15,0.9152278219062678,354.74230377086946
2011-09-28,BHARTIARTL,INE397D01024,,389.8,389.8,376.95,379.25,1838156,700379957.2,0.9152278219062678,347.10015145795205
2011-09-29,BHARTIARTL,INE397D01024,,377.0,380.8,373.6,375.4,3807792,1432432548.65,0.9152278219062678,343.5765243436129
2011-09-30,BHARTIARTL,INE397D01024,,376.85,388.5,371.75,378.0,3183837,1217638005.75,0.9152278219062678,345.95611668056927
2011-10-03,BHARTIARTL,INE397D01024,,373.1,382.95,371.05,380.95,3213776,1211786244.7,0.9152278219062678,348.6560387551927
2011-10-04,BHARTIARTL,INE397D01024,,378.5,383.1,365.35,369.9,4761342,1785868070.9,0.9152278219062678,338.5427713231285
2011-10-05,BHARTIARTL,INE397D01024,,373.9,373.9,365.05,366.1,4481624,1652669686.55,0.9152278219062678,335.0649055998847
2011-10-07,BHARTIARTL,INE397D01024,,371.2,375.9,348.2,354.8,13527004,4832014301.05,0.9152278219062678,324.72283121234386
2011-10-10,BHARTIARTL,INE397D01024,,352.0,368.0,343.55,363.55,10066752,3574008216.5,0.9152278219062678,332.7310746540237
2011-10-11,BHARTIARTL,INE397D01024,,367.25,380.45,367.0,375.0,6300227,2372143741.25,0.9152278219062678,343.2104332148504
2011-10-12,BHARTIARTL,INE397D01024,,376.0,377.95,370.15,373.2,3708998,1387806411.1,0.9152278219062678,341.56302313541914
2011-10-13,BHARTIARTL,INE397D01024,,376.0,376.9,366.1,369.9,4699139,1738848726.55,0.9152278219062678,338.5427713231285
2011-10-14,BHARTIARTL,INE397D01024,,367.2,384.9,367.2,383.65,3693590,1393353643.2,0.9152278219062678,351.1271538743396
2011-10-17,BHARTIARTL,INE397D01024,,381.45,386.85,377.15,380.05,2473417,941073603.25,0.9152278219062678,347.8323337154771
2011-10-18,BHARTIARTL,INE397D01024,,374.55,379.45,371.35,374.1,2986591,1120962681.7,0.9152278219062678,342.3867281751348
2011-10-19,BHARTIARTL,INE397D01024,,375.3,386.6,371.75,384.75,3861167,1478299329.25,0.9152278219062678,352.13390447843653
2011-10-20,BHARTIARTL,INE397D01024,,381.0,391.95,380.0,390.05,2500435,964102898.75,0.9152278219062678,356.98461193453977
2011-10-21,BHARTIARTL,INE397D01024,,391.9,391.9,376.5,378.0,2936003,1125634606.1,0.9152278219062678,345.95611668056927
2011-10-24,BHARTIARTL,INE397D01024,,384.4,384.8,377.05,383.0,2204524,840065038.5,0.9152278219062678,350.5322557901006
2011-10-25,BHARTIARTL,INE397D01024,,386.0,393.65,381.9,388.45,3190974,1240225185.4,0.9152278219062678,355.52024741948975
2011-10-26,BHARTIARTL,INE397D01024,,391.0,395.0,391.0,393.05,365675,143680628.95,0.9152278219062678,359.73029540025857
2011-10-28,BHARTIARTL,INE397D01024,,399.2,409.3,389.1,391.95,4265585,1689037580.0,0.9152278219062678,358.72354479616166
2011-10-31,BHARTIARTL,INE397D01024,,393.8,395.6,388.35,391.8,2182727,855811901.9,0.9152278219062678,358.5862606228757
2011-11-01,BHARTIARTL,INE397D01024,,386.8,396.0,386.8,394.55,1640827,646422543.95,0.9152278219062678,361.10313713311797
2011-11-02,BHARTIARTL,INE397D01024,,390.05,395.7,383.25,384.45,2653510,1031780366.1,0.9152278219062678,351.85933613186467
2011-11-03,BHARTIARTL,INE397D01024,,383.45,394.8,383.05,393.4,3287671,1277943986.1,0.9152278219062678,360.05062513792575
2011-11-04,BHARTIARTL,INE397D01024,,391.0,400.5,385.05,397.3,7576437,2996127596.4,0.9152278219062678,363.6200136433602
2011-11-08,BHARTIARTL,INE397D01024,,397.0,402.3,395.15,397.15,3987770,1585836270.05,0.9152278219062678,363.4827294700743
2011-11-09,BHARTIARTL,INE397D01024,,395.6,402.5,393.0,395.25,3174141,1268255994.35,0.9152278219062678,361.7437966084524
2011-11-11,BHARTIARTL,INE397D01024,,390.0,398.9,388.95,395.6,3363567,1328353481.8,0.9152278219062678,362.06412634611956
2011-11-14,BHARTIARTL,INE397D01024,,398.65,406.7,397.5,405.2,5906547,2389032175.85,0.9152278219062678,370.8503134364197
2011-11-15,BHARTIARTL,INE397D01024,,405.0,408.5,400.1,401.6,5694312,2303464430.45,0.9152278219062678,367.55549327755716
2011-11-16,BHARTIARTL,INE397D01024,,404.9,412.0,395.8,401.6,6320574,2566282392.9,0.9152278219062678,367.55549327755716
2011-11-17,BHARTIARTL,INE397D01024,,402.4,408.8,392.75,395.65,3947782,1584347021.05,0.9152278219062678,362.1098877372149
2011-11-18,BHARTIARTL,INE397D01024,,391.6,402.0,391.6,397.5,5670723,2251657036.85,0.9152278219062678,363.80305920774146
2011-11-21,BHARTIARTL,INE397D01024,,384.0,395.8,383.0,388.45,9322995,3647923267.2,0.9152278219062678,355.52024741948975
2011-11-22,BHARTIARTL,INE397D01024,,387.0,388.8,372.6,378.7,6424856,2434109563.6,0.9152278219062678,346.5967761559036
2011-11-23,BHARTIARTL,INE397D01024,,374.0,374.0,354.8,364.8,10060801,3659332327.65,0.9152278219062678,333.87510943140654
2011-11-24,BHARTIARTL,INE397D01024,,367.0,384.5,363.2,378.7,12051919,4494440065.85,0.9152278219062678,346.5967761559036
2011-11-25,BHARTIARTL,INE397D01024,,375.95,382.2,370.5,375.15,4637766,1752196816.6,0.9152278219062678,343.34771738813635
2011-11-28,BHARTIARTL,INE397D01024,,378.0,389.8,377.45,387.5,5911532,2266389052.4,0.9152278219062678,354.6507809886788
2011-11-29,BHARTIARTL,INE397D01024,,390.8,392.15,368.1,373.7,6858554,2588953476.15,0.9152278219062678,342.02063704637226
2011-11-30,BHARTIARTL,INE397D01024,,376.0,389.0,367.25,386.1,47139255,18020724226.7,0.9152278219062678,353.36946203801006
2011-12-01,BHARTIARTL,INE397D01024,,392.9,395.65,374.85,379.1,8410443,3213505427.3,0.9152278219062678,346.9628672846662
2011-12-02,BHARTIARTL,INE397D01024,,381.3,393.85,372.3,390.6,9427836,3583899541.5,0.9152278219062678,357.48798723658825
2011-12-05,BHARTIARTL,INE397D01024,,392.1,397.8,385.65,390.5,4608295,1804061657.75,0.9152278219062678,357.3964644543976
2011-12-07,BHARTIARTL,INE397D01024,,390.5,391.0,376.0,377.35,7499002,2859541303.05,0.9152278219062678,345.36121859633016
2011-12-08,BHARTIARTL,INE397D01024,,376.5,376.5,364.1,367.25,5981204,2203204208.25,0.9152278219062678,336.11741759507686
2011-12-09,BHARTIARTL,INE397D01024,,364.4,365.9,351.65,358.7,8867119,3176395308.2,0.9152278219062678,328.29221971777827
2011-12-12,BHARTIARTL,INE397D01024,,361.35,362.8,340.45,342.3,7915098,2747368254.45,0.9152278219062678,313.2824834385155
2011-12-13,BHARTIARTL,INE397D01024,,339.6,350.8,336.95,345.85,6110761,2109689741.45,0.9152278219062678,316.5315422062828
2011-12-14,BHARTIARTL,INE397D01024,,345.2,353.8,341.9,348.8,5326642,1861869385.15,0.9152278219062678,319.2314642809062
2011-12-15,BHARTIARTL,INE397D01024,,338.0,342.2,332.0,336.65,9889975,3319600457.25,0.9152278219062678,308.111446244745
2011-12-16,BHARTIARTL,INE397D01024,,337.65,352.6,329.5,336.55,7129037,2461043229.0,0.9152278219062678,308.01992346255446
2011-12-19,BHARTIARTL,INE397D01024,,334.0,343.4,321.25,336.4,10875946,3635555205.85,0.9152278219062678,307.88263928926847
2011-12-20,BHARTIARTL,INE397D01024,,339.8,339.8,319.25,323.25,8050347,2644037743.8,0.9152278219062678,295.84739343120106
2011-12-21,BHARTIARTL,INE397D01024,,332.0,345.15,327.7,341.5,4648963,1558644881.25,0.9152278219062678,312.55030118099046
2011-12-22,BHARTIARTL,INE397D01024,,339.0,342.0,323.3,335.2,5911454,1959737688.5,0.9152278219062678,306.784365902981
2011-12-23,BHARTIARTL,INE397D01024,,336.0,337.85,327.65,330.65,3240784,1072697258.2,0.9152278219062678,302.62007931330743
2011-12-26,BHARTIARTL,INE397D01024,,334.0,345.6,333.0,344.75,3666822,1251837541.15,0.9152278219062678,315.5247916021858
2011-12-27,BHARTIARTL,INE397D01024,,345.1,347.95,340.2,343.1,2520555,865374814.8,0.9152278219062678,314.01466569604054
2011-12-28,BHARTIARTL,INE397D01024,,342.7,345.95,339.6,343.7,1943231,666343874.05,0.9152278219062678,314.5638023891842
2011-12-29,BHARTIARTL,INE397D01024,,343.0,350.8,336.3,340.95,5068247,1739965023.25,0.9152278219062678,312.04692587894203
2011-12-30,BHARTIARTL,INE397D01024,,342.1,346.2,338.15,343.5,3435770,1174389898.0,0.9152278219062678,314.38075682480303
2012-01-02,BHARTIARTL,INE397D01024,,344.5,348.9,342.25,344.8,1963822,678294548.1,0.9152278219062678,315.5705529932812
2012-01-03,BHARTIARTL,INE397D01024,,347.5,360.45,345.25,358.65,2114712,746933115.4,0.9152278219062678,328.24645832668295
2012-01-04,BHARTIARTL,INE397D01024,,355.15,357.0,345.5,346.35,2922304,1020339416.5,0.9152278219062678,316.9891561172359
2012-01-05,BHARTIARTL,INE397D01024,,347.0,348.8,342.1,344.4,2897700,999493993.1,0.9152278219062678,315.20446186451863
2012-01-06,BHARTIARTL,INE397D01024,,342.0,342.0,328.3,330.55,7905920,2623271174.7,0.9152278219062678,302.52855653111686
2012-01-09,BHARTIARTL,INE397D01024,,330.0,330.4,320.0,320.45,7546227,2428313588.8,0.9152278219062678,293.2847555298635
2012-01-10,BHARTIARTL,INE397D01024,,321.05,333.4,321.05,330.35,8891367,2925124532.35,0.9152278219062678,302.3455109667356
2012-01-11,BHARTIARTL,INE397D01024,,332.0,332.0,323.2,325.65,6196348,2024059018.2,0.9152278219062678,298.0439402037761
2012-01-12,BHARTIARTL,INE397D01024,,327.95,329.95,324.3,326.45,4267110,1396523829.35,0.9152278219062678,298.7761224613011
2012-01-13,BHARTIARTL,INE397D01024,,330.0,338.5,328.45,334.6,7423530,2480625557.9,0.9152278219062678,306.23522920983726
2012-01-16,BHARTIARTL,INE397D01024,,335.15,342.8,335.0,340.0,3394388,1153969643.55,0.9152278219062678,311.17745944813106
2012-01-17,BHARTIARTL,INE397D01024,,344.7,347.5,340.3,345.05,4661973,1603832085.95,0.9152278219062678,315.79935994875774
2012-01-18,BHARTIARTL,INE397D01024,,347.4,351.7,343.5,345.45,2158507,749719889.8,0.9152278219062678,316.16545107752023
2012-01-19,BHARTIARTL,INE397D01024,,339.0,344.6,336.25,340.75,4204639,1435187949.2,0.9152278219062678,311.8638803145608
2012-01-20,BHARTIARTL,INE397D01024,,342.15,346.9,337.65,342.35,3100345,1061421368.05,0.9152278219062678,313.3282448296108
2012-01-23,BHARTIARTL,INE397D01024,,340.05,354.6,340.05,352.15,3034942,1061654186.4,0.9152278219062678,322.2974774842922
2012-01-24,BHARTIARTL,INE397D01024,,354.7,361.6,352.25,356.65,3563730,1270964421.3,0.9152278219062678,326.4160026828704
2012-01-25,BHARTIARTL,INE397D01024,,360.0,364.45,354.1,359.3,4263387,1531704460.35,0.9152278219062678,328.84135641092206
2012-01-27,BHARTIARTL,INE397D01024,,365.95,375.8,358.8,374.6,4671178,1734379395.9,0.9152278219062678,342.844342086088
2012-01-30,BHARTIARTL,INE397D01024,,372.0,373.9,355.05,357.15,2539948,915654878.75,0.9152278219062678,326.87361659382356
2012-01-31,BHARTIARTL,INE397D01024,,361.8,370.45,355.0,365.7,4600194,1658553789.05,0.9152278219062678,334.69881447112215
2012-02-01,BHARTIARTL,INE397D01024,,364.8,364.8,356.55,361.3,5671068,2044043306.9,0.9152278219062678,330.6718120547346
2012-02-02,BHARTIARTL,INE397D01024,,367.0,395.45,358.6,385.85,25324272,9679383712.3,0.9152278219062678,353.14065508253344
2012-02-03,BHARTIARTL,INE397D01024,,393.5,400.95,385.6,387.6,16171457,6369697359.2,0.9152278219062678,354.74230377086946
2012-02-06,BHARTIARTL,INE397D01024,,394.0,394.0,385.25,389.05,6051591,2355701782.75,0.9152278219062678,356.0693841126335
2012-02-07,BHARTIARTL,INE397D01024,,390.0,390.5,374.6,378.75,6214900,2361409681.45,0.9152278219062678,346.64253754699894
2012-02-08,BHARTIARTL,INE397D01024,,370.0,370.0,351.4,354.0,23297344,8354684236.25,0.9152278219062678,323.9906489548188
2012-02-09,BHARTIARTL,INE397D01024,,352.75,353.95,344.4,350.1,13701820,4778820541.9,0.9152278219062678,320.42126044938436
2012-02-10,BHARTIARTL,INE397D01024,,351.0,357.4,348.0,349.95,8913185,3142366326.45,0.9152278219062678,320.28397627609843
2012-02-13,BHARTIARTL,INE397D01024,,350.4,351.95,343.6,347.7,7639239,2657188507.95,0.9152278219062678,318.2247136768093
2012-02-14,BHARTIARTL,INE397D01024,,349.0,349.0,341.05,342.35,7382092,2534502450.65,0.9152278219062678,313.3282448296108
2012-02-15,BHARTIARTL,INE397D01024,,346.0,353.0,343.85,349.6,10631921,3714874074.3,0.9152278219062678,319.96364653843125
2012-02-16,BHARTIARTL,INE397D01024,,353.5,356.7,346.0,350.35,7955092,2795446564.25,0.9152278219062678,320.650067404861
2012-02-17,BHARTIARTL,INE397D01024,,355.0,355.55,347.15,349.6,9397137,3311469468.35,0.9152278219062678,319.96364653843125
2012-02-21,BHARTIARTL,INE397D01024,,350.0,360.5,346.2,358.9,8280037,2940363343.4,0.9152278219062678,328.4752652821595
2012-02-22,BHARTIARTL,INE397D01024,,362.5,362.5,340.15,347.45,11157071,3927615293.55,0.9152278219062678,317.99590672133274
2012-02-23,BHARTIARTL,INE397D01024,,340.6,343.75,333.65,338.7,11599152,3940131629.2,0.9152278219062678,309.9876632796529
2012-02-24,BHARTIARTL,INE397D01024,,345.0,347.2,338.25,342.6,3574357,1221285731.8,0.9152278219062678,313.55705178508737
2012-02-27,BHARTIARTL,INE397D01024,,344.7,347.45,337.5,340.95,3488305,1196943191.75,0.9152278219062678,312.04692587894203
2012-02-28,BHARTIARTL,INE397D01024,,343.0,349.9,339.2,343.25,2671787,922021178.85,0.9152278219062678,314.1519498693264
2012-02-29,BHARTIARTL,INE397D01024,,343.35,352.35,343.35,350.2,4609791,1608326241.15,0.9152278219062678,320.512783231575
2012-03-01,BHARTIARTL,INE397D01024,,349.0,350.2,344.0,346.3,2094696,724718806.0,0.9152278219062678,316.9433947261406
2012-03-02,BHARTIARTL,INE397D01024,,348.9,352.25,344.1,350.4,3724877,1297602376.6,0.9152278219062678,320.69582879595623
2012-03-05,BHARTIARTL,INE397D01024,,348.0,354.9,345.15,349.05,3461073,1217728627.7,0.9152278219062678,319.4602712363828
2012-03-06,BHARTIARTL,INE397D01024,,346.0,351.0,334.35,335.55,3461787,1182512524.35,0.9152278219062678,307.1046956406482
2012-03-07,BHARTIARTL,INE397D01024,,336.0,336.95,327.65,329.65,4506445,1495291920.3,0.9152278219062678,301.70485149140114
2012-03-09,BHARTIARTL,INE397D01024,,334.8,339.8,331.05,338.85,4879306,1638794022.25,0.9152278219062678,310.1249474529389
2012-03-12,BHARTIARTL,INE397D01024,,344.9,344.9,336.65,339.1,2599754,884802726.75,0.9152278219062678,310.35375440841545
2012-03-13,BHARTIARTL,INE397D01024,,340.2,342.4,336.3,339.05,3788877,1283759336.75,0.9152278219062678,310.30799301732014
2012-03-14,BHARTIARTL,INE397D01024,,341.45,345.8,337.4,338.2,4421099,1507276489.45,0.9152278219062678,309.5300493686998
2012-03-15,BHARTIARTL,INE397D01024,,338.0,338.4,330.1,331.65,3090507,1031016650.8,0.9152278219062678,303.5353071352137
2012-03-16,BHARTIARTL,INE397D01024,,333.0,335.3,327.0,327.55,4397091,1455780481.35,0.9152278219062678,299.78287306539806
2012-03-19,BHARTIARTL,INE397D01024,,331.0,331.35,322.3,325.2,4739013,1541775107.65,0.9152278219062678,297.6320876839183
2012-03-20,BHARTIARTL,INE397D01024,,325.0,326.45,320.65,322.75,4836286,1566072751.1,0.9152278219062678,295.38977952024794
2012-03-21,BHARTIARTL,INE397D01024,,323.55,334.0,322.1,332.85,5826498,1912336420.85,0.9152278219062678,304.63358052150124
2012-03-22,BHARTIARTL,INE397D01024,,333.0,333.8,323.15,323.9,3648471,1195200169.75,0.9152278219062678,296.4422915154401
2012-03-23,BHARTIARTL,INE397D01024,,324.0,340.0,321.1,336.0,7685794,2551779565.0,0.9152278219062678,307.516548160506
2012-03-26,BHARTIARTL,INE397D01024,,336.0,336.8,326.2,328.85,3449259,1137509594.05,0.9152278219062678,300.9726692338762
2012-03-27,BHARTIARTL,INE397D01024,,333.7,339.4,330.0,338.7,5158500,1733592322.45,0.9152278219062678,309.9876632796529
2012-03-28,BHARTIARTL,INE397D01024,,338.0,340.9,335.15,337.75,3172261,1071750621.5,0.9152278219062678,309.118196848842
2012-03-29,BHARTIARTL,INE397D01024,,334.6,336.55,325.0,332.15,6334939,2105078349.35,0.9152278219062678,303.9929210461668
2012-03-30,BHARTIARTL,INE397D01024,,334.85,339.2,332.2,337.9,3950569,1326915597.1,0.9152278219062678,309.25548102212787
2012-04-02,BHARTIARTL,INE397D01024,,338.9,342.85,337.75,340.3,1822891,620112784.35,0.9152278219062678,311.45202779470293
2012-04-03,BHARTIARTL,INE397D01024,,342.0,343.85,335.55,336.8,3515916,1194275662.0,0.9152278219062678,308.248730418031
2012-04-04,BHARTIARTL,INE397D01024,,334.9,336.0,329.1,330.1,3421688,1132545875.0,0.9152278219062678,302.11670401125906
2012-04-09,BHARTIARTL,INE397D01024,,329.8,332.8,327.45,329.75,2401995,793119570.7,0.9152278219062678,301.7963742735918
2012-04-10,BHARTIARTL,INE397D01024,,332.6,332.6,328.05,329.85,4443874,1467302404.4,0.9152278219062678,301.88789705578245
2012-04-11,BHARTIARTL,INE397D01024,,330.0,330.0,321.25,322.0,4651798,1513725565.4,0.9152278219062678,294.70335865381827
2012-04-12,BHARTIARTL,INE397D01024,,323.0,327.5,322.05,324.0,2613682,849580261.95,0.9152278219062678,296.5338142976308
2012-04-13,BHARTIARTL,INE397D01024,,325.55,329.1,320.4,323.5,2034893,663164317.1,0.9152278219062678,296.07620038667767
2012-04-16,BHARTIARTL,INE397D01024,,322.0,322.0,314.5,317.05,3883244,1233337994.4,0.9152278219062678,290.1729809353822
2012-04-17,BHARTIARTL,INE397D01024,,316.95,324.0,315.1,322.3,3384569,1082591805.05,0.9152278219062678,294.97792700039014
2012-04-18,BHARTIARTL,INE397D01024,,326.0,326.4,320.55,321.45,1885494,610417359.45,0.9152278219062678,294.1999833517698
2012-04-19,BHARTIARTL,INE397D01024,,322.6,325.8,321.5,323.65,1313311,425517176.95,0.9152278219062678,296.21348455996355
2012-04-20,BHARTIARTL,INE397D01024,,323.15,328.45,320.35,324.35,2233083,726712645.2,0.9152278219062678,296.854144035298
2012-04-23,BHARTIARTL,INE397D01024,,322.6,326.5,310.4,312.5,3595057,1138872511.0,0.9152278219062678,286.0086943457087
2012-04-24,BHARTIARTL,INE397D01024,,306.1,309.7,288.95,307.35,13804800,4162516776.25,0.9152278219062678,281.29527106289146
2012-04-25,BHARTIARTL,INE397D01024,,305.0,315.65,305.0,313.0,4095785,1280281469.6,0.9152278219062678,286.4663082566618
2012-04-26,BHARTIARTL,INE397D01024,,315.0,316.95,305.5,308.3,6066575,1885917268.2,0.9152278219062678,282.1647374937024
2012-04-27,BHARTIARTL,INE397D01024,,308.3,313.0,303.0,307.4,4531180,1387301741.45,0.9152278219062678,281.3410324539867
2012-04-30,BHARTIARTL,INE397D01024,,307.1,312.55,307.1,310.5,3109772,964362892.1,0.9152278219062678,284.1782387018962
2012-05-02,BHARTIARTL,INE397D01024,,312.0,319.95,307.55,317.95,6770765,2136813122.65,0.9152278219062678,290.9966859750979
2012-05-03,BHARTIARTL,INE397D01024,,315.0,317.45,313.1,315.0,1757735,554102777.95,0.9152278219062678,288.2967639004744
2012-05-04,BHARTIARTL,INE397D01024,,313.4,315.5,309.7,311.75,3255914,1017850890.6,0.9152278219062678,285.322273479279
2012-05-07,BHARTIARTL,INE397D01024,,309.3,318.2,307.75,316.05,2779526,871959163.7,0.9152278219062678,289.257753113476
2012-05-08,BHARTIARTL,INE397D01024,,317.0,319.2,313.1,315.4,2471611,779566394.25,0.9152278219062678,288.6628550292369
2012-05-09,BHARTIARTL,INE397D01024,,312.9,313.2,308.05,309.4,1843905,571638815.1,0.9152278219062678,283.1714880977992
2012-05-10,BHARTIARTL,INE397D01024,,309.65,314.75,308.35,310.1,2852003,888375768.9,0.9152278219062678,283.8121475731337
2012-05-11,BHARTIARTL,INE397D01024,,307.1,312.5,306.0,307.2,1777171,548186837.95,0.9152278219062678,281.15798688960547
2012-05-14,BHARTIARTL,INE397D01024,,308.0,310.0,302.0,307.75,2020492,618598285.5,0.9152278219062678,281.66136219165395
2012-05-15,BHARTIARTL,INE397D01024,,304.1,308.7,292.05,304.15,7264784,2201298290.95,0.9152278219062678,278.36654203279136
2012-05-16,BHARTIARTL,INE397D01024,,300.0,304.8,295.35,297.55,3651023,1095731177.0,0.9152278219062678,272.32603840821
2012-05-17,BHARTIARTL,INE397D01024,,300.45,306.0,297.35,298.7,2644440,795253542.95,0.9152278219062678,273.3785504034022
2012-05-18,BHARTIARTL,INE397D01024,,295.95,298.95,292.65,296.55,2774740,818286740.85,0.9152278219062678,271.41081058630374
2012-05-21,BHARTIARTL,INE397D01024,,297.4,303.0,292.75,294.75,2007283,596740253.6,0.9152278219062678,269.7634005068725
2012-05-22,BHARTIARTL,INE397D01024,,299.7,299.7,293.85,295.15,2360202,698976143.9,0.9152278219062678,270.1294916356349
2012-05-23,BHARTIARTL,INE397D01024,,295.05,296.45,280.1,282.1,5013328,1438373624.75,0.9152278219062678,258.1857685597582
2012-05-24,BHARTIARTL,INE397D01024,,280.55,301.6,280.55,297.8,3786821,1098353656.75,0.9152278219062678,272.5548453636866
2012-05-25,BHARTIARTL,INE397D01024,,301.0,302.95,297.0,299.05,2943311,882611263.7,0.9152278219062678,273.6988801410694
2012-05-28,BHARTIARTL,INE397D01024,,300.25,304.5,300.0,302.35,2087040,631210759.25,0.9152278219062678,276.7191319533601
2012-05-29,BHARTIARTL,INE397D01024,,303.0,304.4,299.0,300.0,2603488,783289546.05,0.9152278219062678,274.56834657188034
2012-05-30,BHARTIARTL,INE397D01024,,300.9,307.0,299.2,302.25,3569195,1078735677.3,0.9152278219062678,276.62760917116947
2012-05-31,BHARTIARTL,INE397D01024,,301.45,307.9,300.0,302.55,5647628,1712650411.7,0.9152278219062678,276.90217751774134
2012-06-01,BHARTIARTL,INE397D01024,,300.1,304.65,299.15,300.85,3156228,951249965.25,0.9152278219062678,275.3462902205007
2012-06-04,BHARTIARTL,INE397D01024,,300.0,300.85,290.6,294.55,18824132,5543650921.35,0.9152278219062678,269.5803549424912
2012-06-05,BHARTIARTL,INE397D01024,,297.0,297.75,285.35,287.2,9442442,2742711058.25,0.9152278219062678,262.8534304514801
2012-06-06,BHARTIARTL,INE397D01024,,291.0,299.5,285.3,297.3,8960095,2604950734.2,0.9152278219062678,272.0972314527334
2012-06-07,BHARTIARTL,INE397D01024,,300.0,302.5,294.65,301.5,2783052,831610228.4,0.9152278219062678,275.94118830473974
2012-06-08,BHARTIARTL,INE397D01024,,297.0,308.0,297.0,304.25,3284658,992134600.95,0.9152278219062678,278.458064814982
2012-06-11,BHARTIARTL,INE397D01024,,308.65,308.65,301.9,304.05,1906308,581662271.95,0.9152278219062678,278.27501925060074
2012-06-12,BHARTIARTL,INE397D01024,,301.0,309.9,301.0,308.75,1487769,456069319.5,0.9152278219062678,282.5765900135602
2012-06-13,BHARTIARTL,INE397D01024,,310.0,313.4,306.4,307.3,2582358,799108771.35,0.9152278219062678,281.2495096717961
2012-06-14,BHARTIARTL,INE397D01024,,305.2,308.3,303.75,305.95,2412500,736859547.2,0.9152278219062678,280.0139521122226
2012-06-15,BHARTIARTL,INE397D01024,,303.55,312.65,303.0,311.7,2189591,675866850.95,0.9152278219062678,285.27651208818367
2012-06-18,BHARTIARTL,INE397D01024,,314.0,314.75,307.0,309.2,1887003,584134412.5,0.9152278219062678,282.988442533418
2012-06-19,BHARTIARTL,INE397D01024,,308.3,316.0,308.3,314.95,2306766,719020290.25,0.9152278219062678,288.251002509379
2012-06-20,BHARTIARTL,INE397D01024,,315.85,316.9,309.0,310.35,2409192,750232748.75,0.9152278219062678,284.04095452861026
2012-06-21,BHARTIARTL,INE397D01024,,310.3,314.0,309.05,311.65,2128295,662536276.65,0.9152278219062678,285.23075069708835
2012-06-22,BHARTIARTL,INE397D01024,,310.1,312.4,306.0,310.9,1748881,540885703.15,0.9152278219062678,284.5443298306586
2012-06-25,BHARTIARTL,INE397D01024,,313.45,314.5,307.4,308.85,1863997,579932396.05,0.9152278219062678,282.66811279575086
2012-06-26,BHARTIARTL,INE397D01024,,309.25,310.5,303.8,306.0,2035612,624575868.85,0.9152278219062678,280.05971350331794
2012-06-27,BHARTIARTL,INE397D01024,,307.7,308.0,302.9,304.85,3234629,987510014.2,0.9152278219062678,279.0072015081258
2012-06-28,BHARTIARTL,INE397D01024,,305.7,306.7,302.35,303.6,2369225,720438997.8,0.9152278219062678,277.86316673074293
2012-06-29,BHARTIARTL,INE397D01024,,304.0,307.85,302.5,305.05,5028856,1530912810.4,0.9152278219062678,279.190247072507
2012-07-02,BHARTIARTL,INE397D01024,,305.05,311.5,305.0,310.2,2464469,760286644.0,0.9152278219062678,283.90367035532427
2012-07-03,BHARTIARTL,INE397D01024,,312.4,322.6,312.0,318.7,6263697,2000220472.3,0.9152278219062678,291.68310684152755
2012-07-04,BHARTIARTL,INE397D01024,,320.0,328.0,318.7,326.95,4571460,1482129267.9,0.9152278219062678,299.23373637225427
2012-07-05,BHARTIARTL,INE397D01024,,326.0,328.35,323.0,324.1,2740611,890584229.5,0.9152278219062678,296.6253370798214
2012-07-06,BHARTIARTL,INE397D01024,,324.2,325.35,319.3,321.3,1854590,597565771.55,0.9152278219062678,294.06269917848385
2012-07-09,BHARTIARTL,INE397D01024,,320.45,320.45,313.65,316.75,1369844,433436296.0,0.9152278219062678,289.89841258881034
2012-07-10,BHARTIARTL,INE397D01024,,317.8,324.9,316.05,321.4,2244565,720172124.4,0.9152278219062678,294.1542219606745
2012-07-11,BHARTIARTL,INE397D01024,,319.0,320.45,314.7,315.75,2335942,741417670.05,0.9152278219062678,288.98318476690406
2012-07-12,BHARTIARTL,INE397D01024,,314.9,316.2,305.55,306.3,3471650,1069468583.05,0.9152278219062678,280.33428184988986
2012-07-13,BHARTIARTL,INE397D01024,,308.45,309.85,306.5,307.95,2494199,769224093.75,0.9152278219062678,281.8444077560352
2012-07-16,BHARTIARTL,INE397D01024,,313.5,321.95,310.0,319.55,5805205,1843268100.3,0.9152278219062678,292.4610504901479
2012-07-17,BHARTIARTL,INE397D01024,,323.2,328.8,320.05,324.15,5923146,1929587871.2,0.9152278219062678,296.6710984709167
2012-07-18,BHARTIARTL,INE397D01024,,324.45,326.25,315.0,324.6,3828197,1235621910.7,0.9152278219062678,297.0829509907746
2012-07-19,BHARTIARTL,INE397D01024,,326.1,326.85,315.25,316.55,3020023,961854810.9,0.9152278219062678,289.7153670244291
2012-07-20,BHARTIARTL,INE397D01024,,317.0,319.4,313.35,314.65,4770672,1505190397.8,0.9152278219062678,287.97643416280715
2012-07-23,BHARTIARTL,INE397D01024,,315.9,315.9,299.95,304.25,3340969,1025361844.15,0.9152278219062678,278.458064814982
2012-07-24,BHARTIARTL,INE397D01024,,306.4,309.7,300.7,308.55,2668789,813997855.65,0.9152278219062678,282.39354444917893
2012-07-25,BHARTIARTL,INE397D01024,,309.9,309.9,298.55,300.7,3144732,948804007.65,0.9152278219062678,275.2090060472147
2012-07-26,BHARTIARTL,INE397D01024,,302.85,304.45,298.0,300.5,3886936,1170611310.85,0.9152278219062678,275.0259604828335
2012-07-27,BHARTIARTL,INE397D01024,,307.0,312.0,305.05,307.45,3946111,1213477870.75,0.9152278219062678,281.386793845082
2012-07-30,BHARTIARTL,INE397D01024,,310.0,313.8,308.0,309.15,2751953,855509177.4,0.9152278219062678,282.94268114232267
2012-07-31,BHARTIARTL,INE397D01024,,311.0,311.1,298.5,300.05,7949097,2393294490.05,0.9152278219062678,274.61410796297565
2012-08-01,BHARTIARTL,INE397D01024,,301.0,303.15,295.55,297.5,4297062,1279547135.4,0.9152278219062678,272.28027701711466
2012-08-02,BHARTIARTL,INE397D01024,,299.0,301.5,296.1,298.25,3257002,974299959.25,0.9152278219062678,272.9666978835444
2012-08-03,BHARTIARTL,INE397D01024,,298.0,299.3,293.8,296.5,3017023,893938943.0,0.9152278219062678,271.3650491952084
2012-08-06,BHARTIARTL,INE397D01024,,298.5,301.4,294.5,296.2,3060838,913391456.65,0.9152278219062678,271.0904808486365
2012-08-07,BHARTIARTL,INE397D01024,,298.0,298.4,293.15,293.8,4444420,1313467436.25,0.9152278219062678,268.8939340760615
2012-08-08,BHARTIARTL,INE397D01024,,294.05,294.05,272.4,274.35,33427045,9474731085.65,0.9152278219062678,251.0927529399846
2012-08-09,BHARTIARTL,INE397D01024,,275.65,275.9,254.3,256.75,33553285,8772697162.1,0.9152278219062678,234.98474327443427
2012-08-10,BHARTIARTL,INE397D01024,,258.1,263.7,252.9,255.6,12058225,3106493960.85,0.9152278219062678,233.93223127924205
2012-08-13,BHARTIARTL,INE397D01024,,257.0,261.9,257.0,260.05,6800679,1768134364.7,0.9152278219062678,238.00499508672496
2012-08-14,BHARTIARTL,INE397D01024,,262.0,263.35,259.35,260.8,4474734,1167809381.5,0.9152278219062678,238.69141595315466
2012-08-16,BHARTIARTL,INE397D01024,,261.4,262.75,259.75,260.0,6494962,1691314649.15,0.9187506387727277,238.8751660809092
2012-08-17,BHARTIARTL,INE397D01024,,260.0,264.7,259.2,262.3,8913802,2324201253.05,0.9187506387727277,240.98829255008647
2012-08-21,BHARTIARTL,INE397D01024,,260.5,263.9,255.55,258.55,14023393,3642554934.95,0.9187506387727277,237.54297765468874
2012-08-22,BHARTIARTL,INE397D01024,,255.5,255.9,248.0,248.65,11115787,2783366172.55,0.9187506387727277,228.44734633083874
2012-08-23,BHARTIARTL,INE397D01024,,247.05,251.75,243.55,249.0,9372344,2325009859.55,0.9187506387727277,228.7689090544092
2012-08-24,BHARTIARTL,INE397D01024,,248.0,250.5,244.5,247.95,6238039,1547038940.7,0.9187506387727277,227.8042208836978
2012-08-27,BHARTIARTL,INE397D01024,,250.0,253.8,247.8,249.15,5934165,1492145945.65,0.9187506387727277,228.9067216502251
2012-08-28,BHARTIARTL,INE397D01024,,249.0,250.0,245.4,248.8,4164414,1033054344.6,0.9187506387727277,228.58515892665466
2012-08-29,BHARTIARTL,INE397D01024,,248.75,249.8,239.8,242.3,6040187,1474998855.85,0.9187506387727277,222.61327977463193
2012-08-30,BHARTIARTL,INE397D01024,,240.0,243.85,238.45,242.85,9268614,2239432921.65,0.9187506387727277,223.11859262595692
2012-08-31,BHARTIARTL,INE397D01024,,240.2,248.9,240.15,247.8,6093229,1503374097.55,0.9187506387727277,227.66640828788192
2012-09-03,BHARTIARTL,INE397D01024,,246.6,249.4,244.5,246.85,4998706,1237387534.3,0.9187506387727277,226.7935951810478
2012-09-04,BHARTIARTL,INE397D01024,,245.25,250.25,241.3,249.75,7370979,1809953865.2,0.9187506387727277,229.45797203348874
2012-09-05,BHARTIARTL,INE397D01024,,247.55,258.8,247.5,257.85,6136561,1569296649.05,0.9187506387727277,236.89985220754784
2012-09-06,BHARTIARTL,INE397D01024,,257.1,257.95,246.1,252.1,14102875,3545204472.0,0.9187506387727277,231.61703603460464
2012-09-07,BHARTIARTL,INE397D01024,,254.9,256.9,253.9,256.0,5495649,1405786461.35,0.9187506387727277,235.20016352581828
2012-09-10,BHARTIARTL,INE397D01024,,254.15,261.75,254.15,261.05,3984425,1034272243.75,0.9187506387727277,239.83985425162058
2012-09-11,BHARTIARTL,INE397D01024,,259.0,262.3,255.75,261.6,3564595,923186036.1,0.9187506387727277,240.34516710294557
2012-09-12,BHARTIARTL,INE397D01024,,260.15,262.3,258.05,260.75,5517698,1438252784.55,0.9187506387727277,239.56422905998875
2012-09-13,BHARTIARTL,INE397D01024,,259.4,260.0,250.95,253.55,6028970,1538892632.75,0.9187506387727277,232.94922446082512
2012-09-14,BHARTIARTL,INE397D01024,,258.5,259.85,253.6,255.1,6840936,1746321067.8,0.9187506387727277,234.37328795092282
2012-09-17,BHARTIARTL,INE397D01024,,260.2,268.0,256.85,264.75,8519429,2233568770.6,0.9187506387727277,243.23923161507966
2012-09-18,BHARTIARTL,INE397D01024,,266.0,271.0,265.55,268.2,8476535,2276679421.9,0.9187506387727277,246.40892131884556
2012-09-20,BHARTIARTL,INE397D01024,,266.0,272.65,265.15,268.25,6482106,1754299177.0,0.9187506387727277,246.4548588507842
2012-09-21,BHARTIARTL,INE397D01024,,271.0,280.45,270.75,279.25,10420993,2888289554.4,0.9187506387727277,256.5611158772842
2012-09-24,BHARTIARTL,INE397D01024,,280.0,283.0,273.0,279.0,9164484,2558753166.95,0.9187506387727277,256.331428217591
2012-09-25,BHARTIARTL,INE397D01024,,279.4,280.0,273.65,275.6,4039707,1119355418.5,0.9187506387727277,253.20767604576378
2012-09-26,BHARTIARTL,INE397D01024,,274.0,275.55,262.0,265.2,8122548,2164262933.65,0.9187506387727277,243.65266940252738
2012-09-27,BHARTIARTL,INE397D01024,,266.4,269.8,260.0,261.4,5375581,1419236721.75,0.9187506387727277,240.161416975191
2012-09-28,BHARTIARTL,INE397D01024,,264.85,267.0,262.2,265.45,5210906,1381162109.0,0.9187506387727277,243.88235706222054
2012-10-01,BHARTIARTL,INE397D01024,,265.15,267.6,262.6,265.05,2477195,656922660.0,0.9187506387727277,243.5148568067115
2012-10-03,BHARTIARTL,INE397D01024,,266.5,269.5,264.35,265.3,3107673,829385932.8,0.9187506387727277,243.74454446640465
2012-10-04,BHARTIARTL,INE397D01024,,267.5,273.35,267.5,269.75,3512150,949911354.85,0.9187506387727277,247.83298480894328
2012-10-05,BHARTIARTL,INE397D01024,,271.3,271.75,215.8,265.75,2898386,764059327.75,0.9187506387727277,244.15798225385237
2012-10-08,BHARTIARTL,INE397D01024,,267.05,276.6,266.0,270.45,6108438,1654144727.9,0.9187506387727277,248.47611025608418
2012-10-09,BHARTIARTL,INE397D01024,,272.55,272.75,264.25,265.3,4150905,1106729459.15,0.9187506387727277,243.74454446640465
2012-10-10,BHARTIARTL,INE397D01024,,264.5,266.5,261.2,262.05,2853409,751744690.45,0.9187506387727277,240.7586048903933
2012-10-11,BHARTIARTL,INE397D01024,,263.0,269.45,262.0,267.3,2728017,727045143.6,0.9187506387727277,245.58204574395012
2012-10-12,BHARTIARTL,INE397D01024,,267.0,269.0,258.2,260.35,3560789,936063311.8,0.9187506387727277,239.19672880447968
2012-10-15,BHARTIARTL,INE397D01024,,260.55,264.5,256.5,264.05,4358898,1136545378.25,0.9187506387727277,242.59610616793876
2012-10-16,BHARTIARTL,INE397D01024,,260.1,269.7,260.1,267.65,4984994,1333167289.45,0.9187506387727277,245.90360846752054
2012-10-17,BHARTIARTL,INE397D01024,,269.25,272.0,266.1,270.55,5009932,1351303220.55,0.9187506387727277,248.56798531996148
2012-10-18,BHARTIARTL,INE397D01024,,268.3,269.8,263.2,265.9,5058808,1345453554.4,0.9187506387727277,244.29579484966825
2012-10-19,BHARTIARTL,INE397D01024,,263.0,267.95,261.2,267.1,4030417,1066187053.75,0.9187506387727277,245.39829561619558
2012-10-22,BHARTIARTL,INE397D01024,,266.0,272.45,264.8,271.9,3136286,846051438.5,0.9187506387727277,249.80829868230464
2012-10-23,BHARTIARTL,INE397D01024,,271.95,274.7,270.05,271.2,2352518,642073472.1,0.9187506387727277,249.16517323516373
2012-10-25,BHARTIARTL,INE397D01024,,271.5,273.65,268.5,269.65,3321429,897475542.8,0.9187506387727277,247.74110974506598
2012-10-26,BHARTIARTL,INE397D01024,,269.0,269.35,264.1,266.65,2535161,675080630.25,0.9187506387727277,244.9848578287478
2012-10-29,BHARTIARTL,INE397D01024,,266.65,271.0,266.1,269.8,3054840,819736314.0,0.9187506387727277,247.87892234088193
2012-10-30,BHARTIARTL,INE397D01024,,270.75,274.5,268.8,270.2,1946923,528256659.55,0.9187506387727277,248.246422596391
2012-10-31,BHARTIARTL,INE397D01024,,270.0,273.25,267.0,269.65,1959603,531042324.2,0.9187506387727277,247.74110974506598
2012-11-01,BHARTIARTL,INE397D01024,,270.8,281.9,269.2,281.15,4017181,1118034037.1,0.9187506387727277,258.30674209095235
2012-11-02,BHARTIARTL,INE397D01024,,283.05,284.0,274.5,274.95,2871369,798357229.25,0.9187506387727277,252.61048813056146
2012-11-05,BHARTIARTL,INE397D01024,,275.5,277.5,271.05,273.5,1356042,370851105.75,0.9187506387727277,251.278299704341
2012-11-06,BHARTIARTL,INE397D01024,,273.4,276.65,270.6,273.75,1922996,526907948.7,0.9187506387727277,251.5079873640342
2012-11-07,BHARTIARTL,INE397D01024,,271.0,280.95,269.35,271.1,12240199,3328254067.5,0.9187506387727277,249.0732981712865
2012-11-08,BHARTIARTL,INE397D01024,,268.0,277.9,267.7,277.05,6950757,1909835067.3,0.9187506387727277,254.5398644719842
2012-11-09,BHARTIARTL,INE397D01024,,275.9,279.5,274.95,275.8,2366944,655511009.25,0.9187506387727277,253.3914261735183
2012-11-12,BHARTIARTL,INE397D01024,,273.6,283.0,272.7,280.0,3450730,964695843.8,0.9187506387727277,257.25017885636373
2012-11-13,BHARTIARTL,INE397D01024,,280.4,283.5,280.0,283.0,1008682,285344262.55,0.9187506387727277,260.00643077268194
2012-11-15,BHARTIARTL,INE397D01024,,285.25,296.05,285.2,290.3,10584857,3084176528.35,0.9187506387727277,266.71331043572286
2012-11-16,BHARTIARTL,INE397D01024,,292.15,303.95,292.15,301.4,11860203,3562790217.3,0.9187506387727277,276.9114425261001
2012-11-19,BHARTIARTL,INE397D01024,,303.7,311.0,303.55,309.5,8406635,2597227685.95,0.9187506387727277,284.3533227001592
2012-11-20,BHARTIARTL,INE397D01024,,311.0,312.5,305.5,309.0,7594597,2348474115.45,0.9187506387727277,283.89394738077283
2012-11-21,BHARTIARTL,INE397D01024,,309.0,310.2,303.5,307.4,4747297,1453380503.3,0.9187506387727277,282.4239463587365
2012-11-22,BHARTIARTL,INE397D01024,,307.3,311.55,305.15,307.8,5261752,1621227770.05,0.9187506387727277,282.7914466142456
2012-11-23,BHARTIARTL,INE397D01024,,309.95,312.0,303.4,305.45,3644296,1119727767.35,0.9187506387727277,280.63238261312966
2012-11-26,BHARTIARTL,INE397D01024,,307.95,311.5,306.7,310.25,3862420,1195088066.7,0.9187506387727277,285.04238567923875
2012-11-27,BHARTIARTL,INE397D01024,,312.5,331.55,310.5,326.7,11696973,3740597251.25,0.9187506387727277,300.1558336870501
2012-11-29,BHARTIARTL,INE397D01024,,326.0,332.35,325.5,330.35,9879281,3247299703.8,0.9187506387727277,303.5092735185706
2012-11-30,BHARTIARTL,INE397D01024,,333.65,340.7,324.8,337.0,9948239,3314797420.75,0.9187506387727277,309.61896526640925
2012-12-03,BHARTIARTL,INE397D01024,,337.5,340.0,330.35,331.15,3917151,1308212336.4,0.9187506387727277,304.2442740295887
2012-12-04,BHARTIARTL,INE397D01024,,330.0,333.7,327.65,332.45,4535611,1499850516.35,0.9187506387727277,305.4386498599933
2012-12-05,BHARTIARTL,INE397D01024,,330.0,333.3,326.6,330.4,3956172,1302086092.85,0.9187506387727277,303.55521105050923
2012-12-06,BHARTIARTL,INE397D01024,,334.4,334.4,321.15,324.7,5205750,1691207674.85,0.9187506387727277,298.31833240950465
2012-12-07,BHARTIARTL,INE397D01024,,324.9,330.0,320.25,322.45,4662395,1519700338.9,0.9187506387727277,296.25114347226605
2012-12-10,BHARTIARTL,INE397D01024,,325.5,326.0,315.6,317.9,3314145,1057156158.35,0.9187506387727277,292.0708280658501
2012-12-11,BHARTIARTL,INE397D01024,,318.1,321.0,312.0,314.2,5482955,1739254366.4,0.9187506387727277,288.67145070239104
2012-12-12,BHARTIARTL,INE397D01024,,317.5,317.5,307.7,311.9,6207129,1942235673.7,0.9187506387727277,286.55832423321374
2012-12-13,BHARTIARTL,INE397D01024,,311.5,320.0,310.35,317.8,6296998,1990733539.95,0.9187506387727277,291.97895300197285
2012-12-14,BHARTIARTL,INE397D01024,,318.05,319.25,308.45,312.45,3633891,1136108994.75,0.9187506387727277,287.06363708453875
2012-12-17,BHARTIARTL,INE397D01024,,309.0,311.1,299.55,300.55,7154131,2166734196.95,0.9187506387727277,276.1305044831433
2012-12-18,BHARTIARTL,INE397D01024,,300.1,314.3,300.0,313.4,6648870,2060489726.25,0.9187506387727277,287.93645019137284
2012-12-19,BHARTIARTL,INE397D01024,,313.3,318.85,313.3,316.05,4695641,1487240534.85,0.9187506387727277,290.37113938412057
2012-12-20,BHARTIARTL,INE397D01024,,313.1,318.4,309.35,316.9,3050305,959464016.05,0.9187506387727277,291.15207742707736
2012-12-21,BHARTIARTL,INE397D01024,,314.05,314.85,305.9,307.35,3412985,1052897326.15,0.9187506387727277,282.3780088267979
2012-12-24,BHARTIARTL,INE397D01024,,306.7,311.45,303.4,308.6,1965570,606161967.25,0.9187506387727277,283.52644712526376
2012-12-26,BHARTIARTL,INE397D01024,,309.0,318.85,308.7,317.4,3172583,1003619838.35,0.9187506387727277,291.6114527464637
2012-12-27,BHARTIARTL,INE397D01024,,318.05,321.55,316.0,318.65,3451306,1101193258.5,0.9187506387727277,292.75989104492965
2012-12-28,BHARTIARTL,INE397D01024,,316.75,323.5,313.9,319.05,4422304,1409065641.15,0.9187506387727277,293.1273913004388
2012-12-31,BHARTIARTL,INE397D01024,,319.0,320.9,315.65,317.1,1713356,544563805.3,0.9187506387727277,291.33582755483195
2013-01-01,BHARTIARTL,INE397D01024,,318.55,323.0,317.5,322.1,1719595,552802404.4,0.9187506387727277,295.9295807486956
2013-01-02,BHARTIARTL,INE397D01024,,322.3,326.3,320.0,321.05,2809828,908693316.95,0.9187506387727277,294.96489257798424
2013-01-03,BHARTIARTL,INE397D01024,,323.0,328.9,319.3,328.0,3677588,1196710453.05,0.9187506387727277,301.3502095174547
2013-01-04,BHARTIARTL,INE397D01024,,327.15,329.8,325.75,327.0,3282834,1075271042.5,0.9187506387727277,300.43145887868195
2013-01-07,BHARTIARTL,INE397D01024,,329.65,331.15,325.3,326.8,3315377,1091379106.4,0.9187506387727277,300.2477087509274
2013-01-08,BHARTIARTL,INE397D01024,,326.8,332.75,324.7,330.3,3228335,1061997883.85,0.9187506387727277,303.46333598663193
2013-01-09,BHARTIARTL,INE397D01024,,331.95,336.5,331.3,333.75,5122162,1711980962.05,0.9187506387727277,306.63302569039786
2013-01-10,BHARTIARTL,INE397D01024,,333.55,333.95,326.85,330.05,2530888,835843801.15,0.9187506387727277,303.2336483269388
2013-01-11,BHARTIARTL,INE397D01024,,329.8,331.05,323.9,325.2,2777058,906616488.3,0.9187506387727277,298.777707728891
2013-01-14,BHARTIARTL,INE397D01024,,326.5,330.0,323.3,328.7,3271242,1073615666.05,0.9187506387727277,301.9933349645956
2013-01-15,BHARTIARTL,INE397D01024,,328.5,350.6,326.3,345.2,9143622,3121677417.25,0.9187506387727277,317.15272050434555
2013-01-16,BHARTIARTL,INE397D01024,,345.0,348.6,340.8,342.9,4095484,1410180876.0,0.9187506387727277,315.0395940351683
2013-01-17,BHARTIARTL,INE397D01024,,341.1,357.0,338.3,353.5,7430591,2607796465.85,0.9187506387727277,324.7783508061592
2013-01-18,BHARTIARTL,INE397D01024,,351.9,353.4,345.25,348.85,5354557,1867374472.0,0.9187506387727277,320.50616033586607
2013-01-21,BHARTIARTL,INE397D01024,,347.25,359.0,344.8,355.55,5146996,1816788385.9,0.9187506387727277,326.66178961564333
2013-01-22,BHARTIARTL,INE397D01024,,354.65,354.9,349.0,351.65,5148108,1813779779.0,0.9187506387727277,323.0786621244297
2013-01-23,BHARTIARTL,INE397D01024,,351.0,368.55,350.25,367.35,8519611,3102782764.6,0.9187506387727277,337.5030471531615
2013-01-24,BHARTIARTL,INE397D01024,,368.95,369.6,359.6,361.9,4848135,1758970859.2,0.9187506387727277,332.4958561718501
2013-01-25,BHARTIARTL,INE397D01024,,360.0,370.6,357.2,360.5,4734763,1726569952.2,0.9187506387727277,331.2096052775683
2013-01-28,BHARTIARTL,INE397D01024,,357.8,362.8,355.5,357.35,2872794,1028267457.15,0.9187506387727277,328.31554076543426
2013-01-29,BHARTIARTL,INE397D01024,,357.35,363.6,348.3,349.5,4479132,1595939985.9,0.9187506387727277,321.1033482510683
2013-01-30,BHARTIARTL,INE397D01024,,352.7,352.95,342.55,344.6,3448857,1194431345.3,0.9187506387727277,316.601470121082
2013-01-31,BHARTIARTL,INE397D01024,,343.15,347.45,337.4,339.6,4275185,1460430651.65,0.9187506387727277,312.0077169272183
2013-02-01,BHARTIARTL,INE397D01024,,336.45,346.8,326.7,329.4,15973555,5352699204.1,0.9187506387727277,302.6364604117365
2013-02-04,BHARTIARTL,INE397D01024,,332.0,334.7,327.8,331.05,4035813,1337465227.65,0.9187506387727277,304.1523989657115
2013-02-05,BHARTIARTL,INE397D01024,,329.55,333.2,322.85,324.75,6294423,2056480710.6,0.9187506387727277,298.3642699414433
2013-02-06,BHARTIARTL,INE397D01024,,327.45,330.85,324.45,326.6,3838138,1253470986.2,0.9187506387727277,300.0639586231729
2013-02-07,BHARTIARTL,INE397D01024,,326.6,326.9,316.15,320.1,3302713,1059105852.0,0.9187506387727277,294.09207947115016
2013-02-08,BHARTIARTL,INE397D01024,,319.8,325.2,317.25,321.8,3692959,1186768713.9,0.9187506387727277,295.6539555570638
2013-02-11,BHARTIARTL,INE397D01024,,320.1,321.0,314.65,316.2,2276277,721284630.3,0.9187506387727277,290.50895197993646
2013-02-12,BHARTIARTL,INE397D01024,,314.05,323.5,314.05,322.3,2478887,793154326.15,0.9187506387727277,296.11333087645016
2013-02-13,BHARTIARTL,INE397D01024,,323.5,330.35,322.9,325.95,3046771,997960736.25,0.9187506387727277,299.46677070797057
2013-02-14,BHARTIARTL,INE397D01024,,326.4,326.5,310.2,311.7,4392038,1380858614.1,0.9187506387727277,286.3745741054592
2013-02-15,BHARTIARTL,INE397D01024,,311.7,318.25,306.65,316.65,3074733,957433290.15,0.9187506387727277,290.9223897673842
2013-02-18,BHARTIARTL,INE397D01024,,316.0,317.5,312.0,313.7,2514586,790537075.15,0.9187506387727277,288.2120753830047
2013-02-19,BHARTIARTL,INE397D01024,,314.95,315.0,304.6,307.55,4557863,1401401890.7,0.9187506387727277,282.56175895455243
2013-02-20,BHARTIARTL,INE397D01024,,311.3,311.4,303.05,304.0,7260463,2222576364.0,0.9187506387727277,279.3001941869092
2013-02-21,BHARTIARTL,INE397D01024,,302.9,307.8,291.5,296.2,7970709,2406836179.8,0.9187506387727277,272.1339392044819
2013-02-22,BHARTIARTL,INE397D01024,,297.3,311.3,296.15,309.65,6408998,1958307202.3,0.9187506387727277,284.4911352959751
2013-02-25,BHARTIARTL,INE397D01024,,307.5,311.8,305.5,307.0,3621177,1115822646.1,0.9187506387727277,282.0564461032274
2013-02-26,BHARTIARTL,INE397D01024,,311.9,335.6,302.6,311.8,10760276,3378914879.8,0.9187506387727277,286.4664491693365
2013-02-27,BHARTIARTL,INE397D01024,,317.0,324.9,315.35,321.75,9599900,3084017744.25,0.9187506387727277,295.60801802512515
2013-02-28,BHARTIARTL,INE397D01024,,326.4,327.8,317.25,322.9,9598857,3107504996.95,0.9187506387727277,296.66458125971377
2013-03-01,BHARTIARTL,INE397D01024,,323.45,326.3,307.9,311.1,7595738,2415164999.5,0.9187506387727277,285.8233237221956
2013-03-04,BHARTIARTL,INE397D01024,,311.0,318.15,307.25,316.05,3605048,1126868512.65,0.9187506387727277,290.37113938412057
2013-03-05,BHARTIARTL,INE397D01024,,316.0,323.95,309.6,322.1,5540707,1750023634.3,0.9187506387727277,295.9295807486956
2013-03-06,BHARTIARTL,INE397D01024,,323.25,326.95,318.85,320.45,4746184,1523801566.95,0.9187506387727277,294.4136421947206
2013-03-07,BHARTIARTL,INE397D01024,,319.0,321.3,316.2,320.25,5028875,1607039569.65,0.9187506387727277,294.22989206696604
2013-03-08,BHARTIARTL,INE397D01024,,323.05,325.95,320.5,322.9,3015108,973614265.2,0.9187506387727277,296.66458125971377
2013-03-11,BHARTIARTL,INE397D01024,,323.1,326.45,319.0,321.35,3648074,1173287793.75,0.9187506387727277,295.2405177696161
2013-03-12,BHARTIARTL,INE397D01024,,321.0,321.0,313.9,314.55,2450601,775086615.0,0.9187506387727277,288.9930134259615
2013-03-13,BHARTIARTL,INE397D01024,,313.2,320.35,310.9,317.3,4156246,1316928040.35,0.9187506387727277,291.5195776825865
2013-03-14,BHARTIARTL,INE397D01024,,315.6,317.45,309.0,314.6,5372321,1683484867.35,0.9187506387727277,289.03895095790017
2013-03-15,BHARTIARTL,INE397D01024,,312.3,317.25,307.2,310.3,6070791,1888216256.3,0.9187506387727277,285.0883232111774
2013-03-18,BHARTIARTL,INE397D01024,,305.0,310.35,301.15,307.5,5243284,1604418378.9,0.9187506387727277,282.5158214226138
2013-03-19,BHARTIARTL,INE397D01024,,310.0,311.9,284.0,293.4,15992336,4751046619.8,0.9187506387727277,269.56143741591825
2013-03-20,BHARTIARTL,INE397D01024,,291.0,297.4,275.6,280.05,20799128,5991943880.25,0.9187506387727277,257.2961163883024
2013-03-21,BHARTIARTL,INE397D01024,,285.0,303.6,285.0,297.9,11023517,3283846101.45,0.9187506387727277,273.69581529039556
2013-03-22,BHARTIARTL,INE397D01024,,299.75,299.75,288.85,294.05,6362754,1863519325.45,0.9187506387727277,270.15862533112056
2013-03-25,BHARTIARTL,INE397D01024,,297.0,297.5,287.6,288.6,5156416,1502620625.15,0.9187506387727277,265.1514343498092
2013-03-26,BHARTIARTL,INE397D01024,,286.9,298.0,285.45,296.9,6637974,1951225846.3,0.9187506387727277,272.7770646516228
2013-03-28,BHARTIARTL,INE397D01024,,296.55,296.9,288.75,291.75,4467333,1300700894.65,0.9187506387727277,268.0454988619433
2013-04-01,BHARTIARTL,INE397D01024,,288.0,294.9,288.0,293.65,1452020,424576687.5,0.9187506387727277,269.79112507561143
2013-04-02,BHARTIARTL,INE397D01024,,294.0,295.0,290.3,291.8,2705431,790228654.8,0.9187506387727277,268.09143639388196
2013-04-03,BHARTIARTL,INE397D01024,,290.45,292.9,279.6,280.8,5649118,1599818768.55,0.9187506387727277,257.98517936738193
2013-04-04,BHARTIARTL,INE397D01024,,281.0,284.55,272.05,273.6,6518245,1815449065.45,0.9187506387727277,251.3701747682183
2013-04-05,BHARTIARTL,INE397D01024,,273.0,279.6,266.55,270.25,4321668,1177277409.45,0.9187506387727277,248.29236012832965
2013-04-08,BHARTIARTL,INE397D01024,,270.0,284.4,269.85,280.6,3964800,1101471398.4,0.9187506387727277,257.8014292396274
2013-04-09,BHARTIARTL,INE397D01024,,282.0,282.5,274.0,277.0,4390191,1215325325.05,0.9187506387727277,254.49392694004555
2013-04-10,BHARTIARTL,INE397D01024,,279.1,282.95,274.4,281.65,3493011,974603023.35,0.9187506387727277,258.7661174103387
2013-04-11,BHARTIARTL,INE397D01024,,280.65,281.25,271.65,275.2,4138660,1137870694.45,0.9187506387727277,252.84017579025465
2013-04-12,BHARTIARTL,INE397D01024,,273.0,278.4,271.0,273.5,2014947,552515563.1,0.9187506387727277,251.278299704341
2013-04-15,BHARTIARTL,INE397D01024,,271.0,283.8,270.85,279.65,3029345,845832811.45,0.9187506387727277,256.92861613279325
2013-04-16,BHARTIARTL,INE397D01024,,281.8,285.95,278.4,285.0,3106444,881728864.05,0.9187506387727277,261.8439320502274
2013-04-17,BHARTIARTL,INE397D01024,,285.0,288.5,283.5,286.05,3100491,885956664.85,0.9187506387727277,262.80862022093874
2013-04-18,BHARTIARTL,INE397D01024,,285.0,302.0,284.5,299.65,6084934,1799991033.2,0.9187506387727277,275.30362890824784
2013-04-22,BHARTIARTL,INE397D01024,,301.0,305.0,299.0,300.75,3260252,981961805.15,0.9187506387727277,276.3142546108978
2013-04-23,BHARTIARTL,INE397D01024,,300.7,307.75,296.5,299.45,5835909,1749676447.45,0.9187506387727277,275.1198787804933
2013-04-25,BHARTIARTL,INE397D01024,,302.0,309.8,298.55,303.85,5039180,1524529778.5,0.9187506387727277,279.1623815910933
2013-04-26,BHARTIARTL,INE397D01024,,311.0,321.0,309.1,318.45,7094560,2255296644.05,0.9187506387727277,292.5761409171751
2013-04-29,BHARTIARTL,INE397D01024,,320.7,324.15,312.95,318.2,3315857,1052211675.9,0.9187506387727277,292.3464532574819
2013-04-30,BHARTIARTL,INE397D01024,,324.0,324.05,313.9,318.75,3415935,1083586156.65,0.9187506387727277,292.85176610880694
2013-05-02,BHARTIARTL,INE397D01024,,308.0,324.8,303.1,316.75,11886408,3754818716.5,0.9187506387727277,291.01426483126147
2013-05-03,BHARTIARTL,INE397D01024,,326.0,331.5,316.1,317.7,7779835,2504829678.75,0.9187506387727277,291.88707793809556
2013-05-06,BHARTIARTL,INE397D01024,,322.05,323.35,318.1,320.5,5012266,1606759030.0,0.9187506387727277,294.45957972665923
2013-05-07,BHARTIARTL,INE397D01024,,322.25,332.8,318.9,331.2,5984796,1961715734.75,0.9187506387727277,304.29021156152737
2013-05-08,BHARTIARTL,INE397D01024,,331.0,331.0,322.85,324.2,3653087,1194109905.15,0.9187506387727277,297.8589570901183
2013-05-09,BHARTIARTL,INE397D01024,,322.0,327.8,322.0,325.0,3316021,1077997124.05,0.9187506387727277,298.5939576011365
2013-05-10,BHARTIARTL,INE397D01024,,325.0,327.0,322.65,324.25,2306447,748714510.0,0.9187506387727277,297.90489462205693
2013-05-13,BHARTIARTL,INE397D01024,,321.9,324.8,310.2,311.75,2938891,931840979.25,0.9187506387727277,286.42051163739785
2013-05-14,BHARTIARTL,INE397D01024,,314.5,318.9,312.1,317.25,2466898,779561787.2,0.9187506387727277,291.47364015064784
2013-05-15,BHARTIARTL,INE397D01024,,315.3,324.6,315.3,322.65,3306969,1066984798.55,0.9187506387727277,296.4348936000206
2013-05-16,BHARTIARTL,INE397D01024,,321.15,327.85,320.55,321.5,2567538,830596350.05,0.9187506387727277,295.37833036543196
2013-05-17,BHARTIARTL,INE397D01024,,322.4,323.5,312.65,315.55,2675844,848566441.2,0.9187506387727277,289.9117640647342
2013-05-20,BHARTIARTL,INE397D01024,,319.7,319.8,306.8,307.8,3724937,1164092066.4,0.9187506387727277,282.7914466142456
2013-05-21,BHARTIARTL,INE397D01024,,307.0,311.0,302.75,304.45,3183905,975767871.7,0.9187506387727277,279.71363197435693
2013-05-22,BHARTIARTL,INE397D01024,,306.7,313.9,306.0,312.05,3838636,1189611708.5,0.9187506387727277,286.6961368290297
2013-05-23,BHARTIARTL,INE397D01024,,308.25,308.85,299.1,300.25,6411926,1930216946.05,0.9217043460184204,276.7417298920307
2013-05-24,BHARTIARTL,INE397D01024,,304.7,304.7,294.65,298.5,2897762,864625303.35,0.9217043460184204,275.1287472864985
2013-05-27,BHARTIARTL,INE397D01024,,300.0,310.9,300.0,309.15,3168322,977733098.8,0.9217043460184204,284.94489857159465
2013-05-28,BHARTIARTL,INE397D01024,,310.6,317.4,310.0,314.8,2575984,811139237.6,0.9217043460184204,290.1525281265988
2013-05-29,BHARTIARTL,INE397D01024,,315.95,316.2,309.6,315.0,2063617,646659168.55,0.9217043460184204,290.33686899580243
2013-05-30,BHARTIARTL,INE397D01024,,306.3,319.1,306.3,315.4,2567220,801897792.35,0.9217043460184204,290.7055507342098
2013-05-31,BHARTIARTL,INE397D01024,,314.0,316.55,297.0,301.95,2965374,909242401.6,0.9217043460184204,278.30862728026204
2013-06-03,BHARTIARTL,INE397D01024,,302.3,308.45,298.4,303.4,1608555,488485247.9,0.9217043460184204,279.64509858198875
2013-06-04,BHARTIARTL,INE397D01024,,305.25,308.5,302.55,304.2,1309904,400452065.15,0.9217043460184204,280.38246205880347
2013-06-05,BHARTIARTL,INE397D01024,,305.7,306.0,300.1,302.45,4122132,1247065896.9,0.9217043460184204,278.76947945327123
2013-06-06,BHARTIARTL,INE397D01024,,301.95,302.4,292.3,295.1,5912055,1745856314.65,0.9217043460184204,271.9949525100359
2013-06-07,BHARTIARTL,INE397D01024,,293.1,296.9,286.7,288.3,4082684,1192601119.15,0.9217043460184204,265.72736295711064
2013-06-10,BHARTIARTL,INE397D01024,,290.5,291.4,281.0,283.75,4452987,1267319083.25,0.9217043460184204,261.5336081827268
2013-06-11,BHARTIARTL,INE397D01024,,281.55,283.2,274.25,278.7,8138375,2259232044.75,0.9217043460184204,256.87900123533376
2013-06-12,BHARTIARTL,INE397D01024,,276.25,281.7,274.6,277.75,5215478,1450749430.25,0.9217043460184204,256.0033821066163
2013-06-13,BHARTIARTL,INE397D01024,,275.2,288.85,275.2,287.7,4613514,1317049039.05,0.9217043460184204,265.1743403494996
2013-06-14,BHARTIARTL,INE397D01024,,290.0,292.35,287.1,289.45,2580211,747826045.6,0.9217043460184204,266.7873229550318
2013-06-17,BHARTIARTL,INE397D01024,,289.45,300.0,289.45,296.0,3955786,1169100154.95,0.9217043460184204,272.82448642145243
2013-06-18,BHARTIARTL,INE397D01024,,299.1,301.45,289.65,291.95,3410019,1010883255.4,0.9217043460184204,269.09158382007786
2013-06-19,BHARTIARTL,INE397D01024,,292.0,301.75,292.0,299.55,3432738,1020298975.95,0.9217043460184204,276.0965368498179
2013-06-20,BHARTIARTL,INE397D01024,,295.0,295.0,286.6,288.8,7118719,2067283820.4,0.9217043460184204,266.18821513011983
2013-06-21,BHARTIARTL,INE397D01024,,288.8,295.55,285.85,291.95,5653537,1647660331.65,0.9217043460184204,269.09158382007786
2013-06-24,BHARTIARTL,INE397D01024,,289.0,291.0,281.6,283.45,4783222,1369652563.7,0.9217043460184204,261.2570968789213
2013-06-25,BHARTIARTL,INE397D01024,,284.5,297.15,280.15,295.3,4286337,1252719371.75,0.9217043460184204,272.17929337923954
2013-06-26,BHARTIARTL,INE397D01024,,293.0,294.0,276.45,277.7,9111931,2570521346.85,0.9217043460184204,255.95729688931536
2013-06-27,BHARTIARTL,INE397D01024,,285.9,285.9,278.0,280.75,5729066,1607689047.25,0.9217043460184204,258.76849514467153
2013-06-28,BHARTIARTL,INE397D01024,,282.25,294.1,281.3,291.75,4067169,1173541975.9,0.9217043460184204,268.90724295087415
2013-07-01,BHARTIARTL,INE397D01024,,291.75,301.0,291.15,296.15,3167392,939138406.05,0.9217043460184204,272.9627420733552
2013-07-02,BHARTIARTL,INE397D01024,,294.85,305.65,292.0,302.85,5035140,1520538465.6,0.9217043460184204,279.13816119167865
2013-07-03,BHARTIARTL,INE397D01024,,302.0,306.65,282.8,294.55,4379599,1289746132.35,0.9217043460184204,271.48801511972573
2013-07-04,BHARTIARTL,INE397D01024,,293.1,303.6,293.1,301.15,3076649,924572776.65,0.9217043460184204,277.57126380344727
2013-07-05,BHARTIARTL,INE397D01024,,304.6,306.1,292.8,295.85,1934909,577589525.95,0.9217043460184204,272.6862307695497
2013-07-08,BHARTIARTL,INE397D01024,,293.2,307.7,290.1,293.6,4546445,1348162668.85,0.9217043460184204,270.61239599100827
2013-07-09,BHARTIARTL,INE397D01024,,294.6,297.0,290.1,291.65,2551185,745647257.5,0.9217043460184204,268.8150725162723
2013-07-10,BHARTIARTL,INE397D01024,,294.0,294.0,289.15,290.1,2815323,818685793.35,0.9217043460184204,267.3864307799438
2013-07-11,BHARTIARTL,INE397D01024,,293.0,301.0,293.0,300.05,2685299,800537274.4,0.9217043460184204,276.55738902282707
2013-07-12,BHARTIARTL,INE397D01024,,301.0,306.95,296.8,305.5,3406255,1031110016.4,0.9217043460184204,281.58067770862743
2013-07-15,BHARTIARTL,INE397D01024,,304.1,316.15,302.05,314.45,3445497,1071571380.8,0.9217043460184204,289.8299316054923
2013-07-16,BHARTIARTL,INE397D01024,,310.0,323.55,308.3,321.1,3778621,1203832451.35,0.9217043460184204,295.95926550651484
2013-07-17,BHARTIARTL,INE397D01024,,325.0,327.45,312.1,316.05,6230190,1995473471.85,0.9217043460184204,291.3046585591218
2013-07-18,BHARTIARTL,INE397D01024,,314.75,325.0,314.75,323.65,3459638,1111437896.2,0.9217043460184204,298.30961158886174
2013-07-19,BHARTIARTL,INE397D01024,,323.7,333.9,318.4,329.85,5672291,1859800794.75,0.9217043460184204,304.02417853417603
2013-07-22,BHARTIARTL,INE397D01024,,328.9,337.3,326.05,336.1,3536186,1175586426.35,0.9217043460184204,309.7848306967911
2013-07-23,BHARTIARTL,INE397D01024,,336.45,337.4,328.85,330.1,2820493,938507969.0,0.9217043460184204,304.2546046206806
2013-07-24,BHARTIARTL,INE397D01024,,327.0,339.0,327.0,337.4,4353761,1461516422.35,0.9217043460184204,310.983046346615
2013-07-25,BHARTIARTL,INE397D01024,,337.0,340.8,333.2,337.1,4801747,1619378305.1,0.9217043460184204,310.70653504280955
2013-07-26,BHARTIARTL,INE397D01024,,337.9,339.95,331.05,337.2,2644855,886489037.1,0.9217043460184204,310.7987054774114
2013-07-29,BHARTIARTL,INE397D01024,,337.0,346.8,331.5,334.0,5016522,1704203452.9,0.9217043460184204,307.84925157015243
2013-07-30,BHARTIARTL,INE397D01024,,332.5,333.85,317.2,321.1,3205834,1040588899.8,0.9217043460184204,295.95926550651484
2013-07-31,BHARTIARTL,INE397D01024,,314.0,348.0,313.3,344.5,13900401,4683350038.2,0.9217043460184204,317.52714720334586
2013-08-01,BHARTIARTL,INE397D01024,,347.75,354.0,339.25,343.25,13362011,4636455359.05,0.9217043460184204,316.3750167708228
2013-08-02,BHARTIARTL,INE397D01024,,343.2,349.4,339.1,345.25,6311866,2178617896.2,0.9217043460184204,318.21842546285967
2013-08-05,BHARTIARTL,INE397D01024,,344.15,346.4,335.0,336.35,3410480,1163721517.0,0.9217043460184204,310.01525678329574
2013-08-06,BHARTIARTL,INE397D01024,,337.9,337.9,318.05,322.9,5384370,1758659657.95,0.9217043460184204,297.61833332934793
2013-08-07,BHARTIARTL,INE397D01024,,325.0,332.5,320.5,326.25,4227592,1381481690.15,0.9217043460184204,300.70604288850967
2013-08-08,BHARTIARTL,INE397D01024,,326.9,340.1,324.0,337.3,4476081,1496839337.25,0.9217043460184204,310.8908759120132
2013-08-12,BHARTIARTL,INE397D01024,,342.2,344.45,332.95,341.8,4605380,1568518781.6,0.9217043460184204,315.0385454690961
2013-08-13,BHARTIARTL,INE397D01024,,338.0,349.45,333.6,346.4,3762623,1295728722.65,0.9217043460184204,319.27838546078084
2013-08-14,BHARTIARTL,INE397D01024,,346.0,351.8,341.2,343.3,2959870,1023493456.2,0.9217043460184204,316.4211019881237
2013-08-16,BHARTIARTL,INE397D01024,,346.8,348.0,331.8,335.65,8437789,2851769600.55,0.9217043460184204,309.3700637410828
2013-08-19,BHARTIARTL,INE397D01024,,334.9,334.95,307.8,317.6,7218354,2285165086.7,0.9217043460184204,292.73330029545036
2013-08-20,BHARTIARTL,INE397D01024,,311.0,323.75,301.35,318.45,6580724,2058890731.8,0.9217043460184204,293.516748989566
2013-08-21,BHARTIARTL,INE397D01024,,324.0,324.55,294.5,298.75,4869456,1501696171.85,0.9217043460184204,275.3591733730031
2013-08-22,BHARTIARTL,INE397D01024,,298.0,317.0,295.8,313.0,5191133,1608189542.75,0.9217043460184204,288.4934603037656
2013-08-23,BHARTIARTL,INE397D01024,,313.0,313.95,303.55,308.95,5727686,1760594763.0,0.9217043460184204,284.760557702391
2013-08-26,BHARTIARTL,INE397D01024,,309.1,316.5,305.0,307.05,2589277,800400802.75,0.9217043460184204,283.009319444956
2013-08-27,BHARTIARTL,INE397D01024,,305.0,306.75,291.1,293.9,6246745,1869281850.7,0.9217043460184204,270.88890729481375
2013-08-28,BHARTIARTL,INE397D01024,,293.0,293.0,279.2,287.8,4485234,1282401753.25,0.9217043460184204,265.2665107841014
2013-08-29,BHARTIARTL,INE397D01024,,293.4,300.9,290.0,299.35,8530405,2540282688.65,0.9217043460184204,275.9121959806142
2013-08-30,BHARTIARTL,INE397D01024,,302.0,302.2,290.1,299.1,5440350,1625758129.8,0.9217043460184204,275.68176989410955
2013-09-02,BHARTIARTL,INE397D01024,,303.8,303.8,295.1,300.3,2555875,765304301.5,0.9217043460184204,276.7878151093317
2013-09-03,BHARTIARTL,INE397D01024,,306.0,307.9,283.0,285.0,4683710,1388387115.9,0.9217043460184204,262.6857386152498
2013-09-04,BHARTIARTL,INE397D01024,,285.2,299.2,280.5,297.2,3419257,1004511037.65,0.9217043460184204,273.9305316366745
2013-09-05,BHARTIARTL,INE397D01024,,303.0,309.0,294.0,296.2,7496830,2249931461.4,0.9217043460184204,273.00882729065614
2013-09-06,BHARTIARTL,INE397D01024,,302.95,317.8,298.55,313.75,9339071,2876267563.2,0.9217043460184204,289.18473856327944
2013-09-10,BHARTIARTL,INE397D01024,,324.0,351.4,321.6,338.35,12203818,4035132330.45,0.9217043460184204,311.8586654753326
2013-09-11,BHARTIARTL,INE397D01024,,338.65,344.85,329.25,335.1,5684566,1910620794.15,0.9217043460184204,308.8631263507727
2013-09-12,BHARTIARTL,INE397D01024,,338.8,339.9,324.55,328.6,3151266,1045326140.05,0.9217043460184204,302.872048101653
2013-09-13,BHARTIARTL,INE397D01024,,323.1,332.25,316.4,325.75,4860710,1570153882.45,0.9217043460184204,300.2451907155005
2013-09-16,BHARTIARTL,INE397D01024,,329.0,339.7,327.0,335.75,3591045,1196907018.85,0.9217043460184204,309.46223417568467
2013-09-17,BHARTIARTL,INE397D01024,,336.7,340.8,330.3,337.3,3314431,1117662321.6,0.9217043460184204,310.8908759120132
2013-09-18,BHARTIARTL,INE397D01024,,340.0,340.3,333.55,337.6,2241487,755059185.25,0.9217043460184204,311.16738721581874
2013-09-19,BHARTIARTL,INE397D01024,,345.0,358.75,343.05,354.3,8538166,3014215486.35,0.9217043460184204,326.5598497943264
2013-09-20,BHARTIARTL,INE397D01024,,354.3,354.3,341.1,344.2,10258650,3560371228.85,0.9217043460184204,317.2506358995403
2013-09-23,BHARTIARTL,INE397D01024,,339.9,340.3,330.05,335.15,5286310,1769667243.15,0.9217043460184204,308.9092115680736
2013-09-24,BHARTIARTL,INE397D01024,,334.9,336.0,328.6,330.3,5446352,1809112052.75,0.9217043460184204,304.4389454898843
2013-09-25,BHARTIARTL,INE397D01024,,330.0,338.9,325.1,336.0,3314606,1106128625.6,0.9217043460184204,309.6926602621893
2013-09-26,BHARTIARTL,INE397D01024,,337.5,339.2,329.2,334.75,5169378,1728488359.65,0.9217043460184204,308.54052982966624
2013-09-27,BHARTIARTL,INE397D01024,,338.5,338.5,323.55,325.3,5038528,1649989421.05,0.9217043460184204,299.83042375979215
2013-09-30,BHARTIARTL,INE397D01024,,321.8,322.6,312.05,318.65,5563497,1760495137.7,0.9217043460184204,293.70108985876965
2013-10-01,BHARTIARTL,INE397D01024,,319.3,324.3,309.0,322.6,4194649,1331565285.95,0.9217043460184204,297.34182202554246
2013-10-03,BHARTIARTL,INE397D01024,,321.8,325.8,311.0,324.3,5484088,1762356243.2,0.9217043460184204,298.9087194137738
2013-10-04,BHARTIARTL,INE397D01024,,318.3,332.2,318.3,328.35,3760092,1236582004.05,0.9217043460184204,302.64162201514836
2013-10-07,BHARTIARTL,INE397D01024,,323.25,325.7,319.4,323.25,2424524,782771884.55,0.9217043460184204,297.9409298504544
2013-10-08,BHARTIARTL,INE397D01024,,331.2,334.6,323.0,332.1,4026958,1333416325.55,0.9217043460184204,306.09801331271746
2013-10-09,BHARTIARTL,INE397D01024,,333.7,335.05,323.15,334.15,5236197,1724192117.5,0.9217043460184204,307.98750722205517
2013-10-10,BHARTIARTL,INE397D01024,,331.25,336.3,329.1,332.9,3310490,1104467140.5,0.9217043460184204,306.8353767895321
2013-10-11,BHARTIARTL,INE397D01024,,335.65,337.6,331.75,334.55,2069825,692420789.9,0.9217043460184204,308.3561889604626
2013-10-14,BHARTIARTL,INE397D01024,,336.9,338.5,332.0,333.1,1675479,561184017.65,0.9217043460184204,307.0197176587359
2013-10-15,BHARTIARTL,INE397D01024,,336.0,344.0,334.0,339.1,4164374,1416614941.55,0.9217043460184204,312.5499437348464
2013-10-17,BHARTIARTL,INE397D01024,,341.0,350.0,339.5,348.65,5863086,2031651438.35,0.9217043460184204,321.35222023932226
2013-10-18,BHARTIARTL,INE397D01024,,350.0,359.0,348.75,356.75,4647912,1643275893.3,0.9217043460184204,328.8180254420715
2013-10-21,BHARTIARTL,INE397D01024,,354.55,359.55,350.0,352.95,2339511,827183934.1,0.9217043460184204,325.31554892720146
2013-10-22,BHARTIARTL,INE397D01024,,350.5,355.9,349.5,352.15,2870020,1010991315.25,0.9217043460184204,324.57818545038674
2013-10-23,BHARTIARTL,INE397D01024,,351.75,354.9,345.5,347.85,2405503,840471061.25,0.9217043460184204,320.61485676250754
2013-10-24,BHARTIARTL,INE397D01024,,349.0,356.8,347.85,349.65,3009362,1063122221.25,0.9217043460184204,322.2739245853407
2013-10-25,BHARTIARTL,INE397D01024,,348.2,349.1,342.0,343.5,2354292,812167191.5,0.9217043460184204,316.60544285732743
2013-10-28,BHARTIARTL,INE397D01024,,344.0,348.3,337.1,339.4,2073537,709828877.65,0.9217043460184204,312.8264550386519
2013-10-29,BHARTIARTL,INE397D01024,,341.9,344.9,336.2,341.2,2270440,774009799.25,0.9217043460184204,314.48552286148504
2013-10-30,BHARTIARTL,INE397D01024,,340.5,364.5,334.2,360.0,19754366,7020659187.7,0.9217043460184204,331.8135645666314
2013-10-31,BHARTIARTL,INE397D01024,,357.85,370.5,356.1,367.1,10451477,3822350143.05,0.9217043460184204,338.35766542336216
2013-11-01,BHARTIARTL,INE397D01024,,365.0,373.8,362.3,367.2,5371490,1976160524.5,0.9217043460184204,338.449835857964
2013-11-05,BHARTIARTL,INE397D01024,,360.6,365.5,356.0,359.6,5387008,1937615784.7,0.9217043460184204,331.444882828224
2013-11-06,BHARTIARTL,INE397D01024,,360.3,364.75,352.8,355.6,5280322,1893279216.9,0.9217043460184204,327.7580654441503
2013-11-07,BHARTIARTL,INE397D01024,,354.0,358.5,346.8,348.25,3359338,1182707931.8,0.9217043460184204,320.9835385009149
2013-11-08,BHARTIARTL,INE397D01024,,346.05,352.95,342.85,344.0,3067373,1062863313.7,0.9217043460184204,317.0662950303366
2013-11-11,BHARTIARTL,INE397D01024,,341.0,346.5,339.5,341.0,4320157,1476412525.95,0.9217043460184204,314.3011819922814
2013-11-12,BHARTIARTL,INE397D01024,,340.75,343.95,336.05,337.75,2639867,894243297.9,0.9217043460184204,311.30564286772153
2013-11-13,BHARTIARTL,INE397D01024,,339.8,340.0,328.15,332.5,3225546,1075118758.35,0.9217043460184204,306.4666950511248
2013-11-18,BHARTIARTL,INE397D01024,,342.4,347.0,340.8,345.25,3642773,1253501700.05,0.9217043460184204,318.21842546285967
2013-11-19,BHARTIARTL,INE397D01024,,346.5,353.95,346.05,351.6,4973412,1746616460.5,0.9217043460184204,324.07124806007664
2013-11-20,BHARTIARTL,INE397D01024,,352.1,353.05,341.9,344.4,3844257,1338006542.85,0.9217043460184204,317.434976768744
2013-11-21,BHARTIARTL,INE397D01024,,340.95,343.95,336.6,338.65,2233529,757877138.65,0.9217043460184204,312.1351767791381
2013-11-22,BHARTIARTL,INE397D01024,,339.6,346.9,335.0,335.9,3294684,1127805903.4,0.9217043460184204,309.6004898275874
2013-11-25,BHARTIARTL,INE397D01024,,339.45,341.7,330.0,336.15,3169334,1061201770.7,0.9217043460184204,309.83091591409203
2013-11-26,BHARTIARTL,INE397D01024,,336.0,340.55,325.0,327.05,6197490,2045748065.9,0.9217043460184204,301.4434063653244
2013-11-27,BHARTIARTL,INE397D01024,,328.0,329.4,318.55,321.9,6326212,2037290556.1,0.9217043460184204,296.6966289833295
2013-11-28,BHARTIARTL,INE397D01024,,326.7,326.8,321.3,323.6,5808551,1882609465.0,0.9217043460184204,298.2635263715609
2013-11-29,BHARTIARTL,INE397D01024,,326.9,329.7,323.7,327.0,6291678,2057859916.0,0.9217043460184204,301.3973211480235
2013-12-02,BHARTIARTL,INE397D01024,,328.0,335.6,328.0,332.6,3457737,1145790353.0,0.9217043460184204,306.55886548572664
2013-12-03,BHARTIARTL,INE397D01024,,332.0,333.35,329.6,331.0,2583335,854934400.55,0.9217043460184204,305.08413853209714
2013-12-04,BHARTIARTL,INE397D01024,,329.1,336.75,329.1,332.25,4038479,1349525389.15,0.9217043460184204,306.2362689646202
2013-12-05,BHARTIARTL,INE397D01024,,338.0,340.0,334.0,335.35,8449237,2838816648.35,0.9217043460184204,309.0935524372773
2013-12-06,BHARTIARTL,INE397D01024,,335.8,336.0,331.0,332.4,4292182,1425685068.7,0.9217043460184204,306.37452461652293
2013-12-09,BHARTIARTL,INE397D01024,,344.0,344.0,334.6,336.35,5334287,1802916446.55,0.9217043460184204,310.01525678329574
2013-12-10,BHARTIARTL,INE397D01024,,337.0,341.25,333.05,335.25,3083687,1038766197.55,0.9217043460184204,309.0013820026754
2013-12-11,BHARTIARTL,INE397D01024,,338.65,338.65,326.3,328.1,2851626,946644228.4,0.9217043460184204,302.4111959286438
2013-12-12,BHARTIARTL,INE397D01024,,327.05,328.5,315.55,323.6,4083158,1319104464.2,0.9217043460184204,298.2635263715609
2013-12-13,BHARTIARTL,INE397D01024,,325.3,329.65,319.5,320.85,4530682,1474600102.4,0.9217043460184204,295.7288394200102
2013-12-16,BHARTIARTL,INE397D01024,,320.85,323.5,311.5,313.35,4481531,1420179804.9,0.9217043460184204,288.8160568248721
2013-12-17,BHARTIARTL,INE397D01024,,314.15,329.45,314.15,327.35,4246097,1379641985.7,0.9217043460184204,301.7199176691299
2013-12-18,BHARTIARTL,INE397D01024,,327.95,332.0,323.6,327.75,3601778,1186190837.65,0.9217043460184204,302.0885994075373
2013-12-19,BHARTIARTL,INE397D01024,,326.1,329.6,318.6,323.55,3157436,1017991972.45,0.9217043460184204,298.2174411542599
2013-12-20,BHARTIARTL,INE397D01024,,324.0,329.9,319.95,327.9,3431338,1110589240.5,0.9217043460184204,302.22685505944
2013-12-23,BHARTIARTL,INE397D01024,,327.9,330.25,325.65,328.25,2701290,886322485.0,0.9217043460184204,302.54945158054653
2013-12-24,BHARTIARTL,INE397D01024,,329.0,331.9,324.25,325.65,2395504,786744713.25,0.9217043460184204,300.1530202808986
2013-12-26,BHARTIARTL,INE397D01024,,326.65,331.7,323.95,329.55,5098718,1679522051.25,0.9217043460184204,303.74766723037044
2013-12-27,BHARTIARTL,INE397D01024,,331.5,331.5,327.85,329.2,2529524,833682692.65,0.9217043460184204,303.425070709264
2013-12-30,BHARTIARTL,INE397D01024,,329.35,333.7,329.0,329.65,3257682,1078113021.25,0.9217043460184204,303.83983766497226
2013-12-31,BHARTIARTL,INE397D01024,,329.5,333.3,326.05,330.25,2108156,695995722.55,0.9217043460184204,304.39286027258333
2014-01-01,BHARTIARTL,INE397D01024,,331.0,339.0,330.2,337.75,1697629,568886446.5,0.9217043460184204,311.30564286772153
2014-01-02,BHARTIARTL,INE397D01024,,338.0,339.0,326.5,328.7,4755449,1583069977.6,0.9217043460184204,302.9642185362548
2014-01-03,BHARTIARTL,INE397D01024,,328.0,331.9,324.05,329.35,4237118,1392222519.6,0.9217043460184204,303.5633263611668
2014-01-06,BHARTIARTL,INE397D01024,,328.5,330.65,325.75,329.35,2437800,801914660.55,0.9217043460184204,303.5633263611668
2014-01-07,BHARTIARTL,INE397D01024,,330.5,334.5,326.5,331.7,3704661,1223265029.95,0.9217043460184204,305.72933157431004
2014-01-08,BHARTIARTL,INE397D01024,,333.0,334.0,327.7,332.4,5683302,1886270801.6,0.9217043460184204,306.37452461652293
2014-01-09,BHARTIARTL,INE397D01024,,332.4,333.0,327.25,329.6,3362087,1112979207.15,0.9217043460184204,303.7937524476714
2014-01-10,BHARTIARTL,INE397D01024,,327.0,333.15,327.0,330.55,3413854,1128640465.8,0.9217043460184204,304.66937157638887
2014-01-13,BHARTIARTL,INE397D01024,,330.0,333.8,329.05,331.0,2302991,762813365.75,0.9217043460184204,305.08413853209714
2014-01-14,BHARTIARTL,INE397D01024,,331.0,332.0,326.0,327.95,2230254,733473022.95,0.9217043460184204,302.272940276741
2014-01-15,BHARTIARTL,INE397D01024,,329.9,333.2,329.2,331.5,2524252,835740039.6,0.9217043460184204,305.5449907051064
2014-01-16,BHARTIARTL,INE397D01024,,332.95,332.95,313.55,315.55,9471235,3009964291.15,0.9217043460184204,290.8438063861126
2014-01-17,BHARTIARTL,INE397D01024,,316.0,318.55,306.25,310.9,5862244,1831303911.8,0.9217043460184204,286.5578811771269
2014-01-20,BHARTIARTL,INE397D01024,,311.1,312.8,307.15,308.55,4702669,1454443735.65,0.9217043460184204,284.39187596398364
2014-01-21,BHARTIARTL,INE397D01024,,311.0,311.0,302.65,304.9,7067976,2159756182.35,0.9217043460184204,281.02765510101636
2014-01-22,BHARTIARTL,INE397D01024,,305.2,311.8,305.2,309.75,5363524,1661077072.5,0.9217043460184204,285.4979211792057
2014-01-23,BHARTIARTL,INE397D01024,,309.0,315.9,306.4,314.65,4757394,1491669211.9,0.9217043460184204,290.014272474696
2014-01-24,BHARTIARTL,INE397D01024,,313.0,314.75,307.75,313.15,4558851,1420391240.9,0.9217043460184204,288.6317159556683
2014-01-27,BHARTIARTL,INE397D01024,,307.9,312.15,303.85,306.9,5018364,1544129748.85,0.9217043460184204,282.8710637930532
2014-01-28,BHARTIARTL,INE397D01024,,306.9,309.5,302.15,306.0,5189372,1584358530.9,0.9217043460184204,282.0415298816367
2014-01-29,BHARTIARTL,INE397D01024,,310.0,314.75,300.95,301.9,7761126,2379215007.05,0.9217043460184204,278.26254206296113
2014-01-30,BHARTIARTL,INE397D01024,,302.0,310.65,300.1,308.65,8481543,2612560149.1,0.9217043460184204,284.48404639858546
2014-01-31,BHARTIARTL,INE397D01024,,310.0,316.25,309.1,315.0,3312518,1038362741.8,0.9217043460184204,290.33686899580243
2014-02-03,BHARTIARTL,INE397D01024,,313.1,313.1,303.8,305.85,3630373,1114092351.35,0.9217043460184204,281.90327422973394
2014-02-04,BHARTIARTL,INE397D01024,,302.9,317.7,299.45,316.25,6882938,2124948578.75,0.9217043460184204,291.4889994283255
2014-02-05,BHARTIARTL,INE397D01024,,316.9,317.7,311.4,314.3,4594081,1445908685.4,0.9217043460184204,289.69167595358954
2014-02-06,BHARTIARTL,INE397D01024,,314.5,319.45,312.5,315.1,6842879,2157863715.3,0.9217043460184204,290.4290394304043
2014-02-07,BHARTIARTL,INE397D01024,,314.75,318.25,307.45,315.55,8313742,2605762349.95,0.9217043460184204,290.8438063861126
2014-02-10,BHARTIARTL,INE397D01024,,314.8,314.8,305.3,307.0,9433701,2921538666.9,0.9217043460184204,282.96323422765505
2014-02-11,BHARTIARTL,INE397D01024,,305.0,307.05,299.6,304.6,10065050,3048879846.15,0.9217043460184204,280.7511437972109
2014-02-12,BHARTIARTL,INE397D01024,,305.1,308.5,301.65,307.95,6539715,2003798191.75,0.9217043460184204,283.83885335637257
2014-02-13,BHARTIARTL,INE397D01024,,307.45,310.1,301.1,302.9,3311192,1006661230.0,0.9217043460184204,279.1842464089795
2014-02-14,BHARTIARTL,INE397D01024,,304.0,317.5,302.0,305.4,12761731,3930752880.3,0.9217043460184204,281.4885072740256
2014-02-17,BHARTIARTL,INE397D01024,,310.85,310.9,303.0,304.65,3485844,1064768257.25,0.9217043460184204,280.79722901451174
2014-02-18,BHARTIARTL,INE397D01024,,307.0,308.65,299.45,302.25,6676786,2022211266.2,0.9217043460184204,278.5851385840676
2014-02-19,BHARTIARTL,INE397D01024,,302.0,305.7,301.35,302.55,2293597,696460093.25,0.9217043460184204,278.8616498878731
2014-02-20,BHARTIARTL,INE397D01024,,304.0,304.0,296.15,296.9,4313306,1287279435.1,0.9217043460184204,273.654020332869
2014-02-21,BHARTIARTL,INE397D01024,,297.5,298.4,286.1,288.15,5639852,1642374251.6,0.9217043460184204,265.58910730520785
2014-02-24,BHARTIARTL,INE397D01024,,289.9,292.0,281.9,282.8,6484211,1855267991.7,0.9217043460184204,260.6579890540093
2014-02-25,BHARTIARTL,INE397D01024,,283.8,289.4,283.8,287.1,5313164,1526866387.9,0.9217043460184204,264.6213177418885
2014-02-26,BHARTIARTL,INE397D01024,,287.25,291.9,285.1,288.2,7257494,2099456530.35,0.9217043460184204,265.63519252250876
2014-02-28,BHARTIARTL,INE397D01024,,290.0,292.35,283.3,287.6,4542273,1305107447.85,0.9217043460184204,265.08216991489775
2014-03-03,BHARTIARTL,INE397D01024,,290.4,290.9,285.1,286.65,3374224,969879021.1,0.9217043460184204,264.2065507861802
2014-03-04,BHARTIARTL,INE397D01024,,288.5,290.9,285.85,287.35,3795552,1092960199.4,0.9217043460184204,264.8517438283931
2014-03-05,BHARTIARTL,INE397D01024,,290.4,290.4,281.9,282.75,7637920,2168423495.15,0.9217043460184204,260.6119038367084
2014-03-06,BHARTIARTL,INE397D01024,,284.0,286.5,283.5,285.85,7491046,2138829258.95,0.9217043460184204,263.4691873093655
2014-03-07,BHARTIARTL,INE397D01024,,288.0,305.75,287.55,301.9,12842274,3840839453.05,0.9217043460184204,278.26254206296113
2014-03-10,BHARTIARTL,INE397D01024,,301.95,309.9,300.9,305.15,9133615,2795854711.95,0.9217043460184204,281.258081187521
2014-03-11,BHARTIARTL,INE397D01024,,306.75,306.75,298.8,303.05,4009342,1211818487.35,0.9217043460184204,279.3225020608823
2014-03-12,BHARTIARTL,INE397D01024,,305.0,307.0,298.1,300.15,3709139,1116531338.6,0.9217043460184204,276.6495594574289
2014-03-13,BHARTIARTL,INE397D01024,,301.0,303.95,298.0,300.9,2058471,621482578.55,0.9217043460184204,277.3408377169427
2014-03-14,BHARTIARTL,INE397D01024,,300.6,302.3,290.35,295.0,3784387,1115576767.9,0.9217043460184204,271.902782075434
2014-03-18,BHARTIARTL,INE397D01024,,297.5,299.0,293.7,295.1,3104006,918557913.2,0.9217043460184204,271.9949525100359
2014-03-19,BHARTIARTL,INE397D01024,,296.95,301.9,295.6,299.7,4696950,1406934755.65,0.9217043460184204,276.2347925017206
2014-03-20,BHARTIARTL,INE397D01024,,299.05,304.1,295.0,295.5,3228869,970649381.5,0.9217043460184204,272.36363424844325
2014-03-21,BHARTIARTL,INE397D01024,,299.3,300.0,291.55,292.45,4551519,1338583620.45,0.9217043460184204,269.55243599308704
2014-03-24,BHARTIARTL,INE397D01024,,295.0,297.75,292.2,293.95,4794591,1410112022.15,0.9217043460184204,270.93499251211466
2014-03-25,BHARTIARTL,INE397D01024,,294.0,296.4,289.55,294.85,6894113,2017529629.1,0.9217043460184204,271.76452642353127
2014-03-26,BHARTIARTL,INE397D01024,,296.5,299.5,295.0,298.55,7109047,2112904830.7,0.9217043460184204,275.17483250379945
2014-03-27,BHARTIARTL,INE397D01024,,301.5,315.5,299.55,310.7,12908463,3995687452.55,0.9217043460184204,286.37354030792324
2014-03-28,BHARTIARTL,INE397D01024,,311.0,319.9,309.6,317.4,5102919,1604078518.15,0.9217043460184204,292.54895942624665
2014-03-31,BHARTIARTL,INE397D01024,,319.5,327.2,315.85,317.75,5887374,1894529706.55,0.9217043460184204,292.8715559473531
2014-04-01,BHARTIARTL,INE397D01024,,318.0,321.4,312.0,315.35,2850369,900113224.0,0.9217043460184204,290.6594655169089
2014-04-02,BHARTIARTL,INE397D01024,,320.0,328.5,319.05,325.85,6040679,1963625922.1,0.9217043460184204,300.3373611501023
2014-04-03,BHARTIARTL,INE397D01024,,328.7,328.7,319.45,320.7,4399722,1416634983.05,0.9217043460184204,295.5905837681074
2014-04-04,BHARTIARTL,INE397D01024,,321.7,322.0,315.0,316.2,2253884,714213403.75,0.9217043460184204,291.4429142110245
2014-04-07,BHARTIARTL,INE397D01024,,316.2,319.7,314.0,317.45,3334921,1055360966.9,0.9217043460184204,292.59504464354757
2014-04-09,BHARTIARTL,INE397D01024,,318.15,321.0,317.1,320.1,3851685,1228366294.05,0.9217043460184204,295.0375611604964
2014-04-10,BHARTIARTL,INE397D01024,,321.0,324.75,316.25,319.75,6311897,2031744833.0,0.9217043460184204,294.71496463938996
2014-04-11,BHARTIARTL,INE397D01024,,318.0,323.95,316.15,322.25,5097557,1637976223.8,0.9217043460184204,297.019225504436
2014-04-15,BHARTIARTL,INE397D01024,,320.6,330.4,320.6,325.25,6342640,2070140846.9,0.9217043460184204,299.78433854249124
2014-04-16,BHARTIARTL,INE397D01024,,326.0,330.0,321.5,323.7,2359506,769166765.9,0.9217043460184204,298.3556968061627
2014-04-17,BHARTIARTL,INE397D01024,,325.0,326.9,321.0,325.55,2505961,813445036.65,0.9217043460184204,300.0608498462968
2014-04-21,BHARTIARTL,INE397D01024,,326.0,336.4,325.35,334.8,2101270,696006217.05,0.9217043460184204,308.58661504696715
2014-04-22,BHARTIARTL,INE397D01024,,336.0,337.65,331.6,335.25,3608167,1206814910.6,0.9217043460184204,309.0013820026754
2014-04-23,BHARTIARTL,INE397D01024,,335.25,341.5,334.55,338.8,9125576,3094503816.85,0.9217043460184204,312.2734324310409
2014-04-25,BHARTIARTL,INE397D01024,,339.25,345.5,337.35,341.7,4735202,1623154105.65,0.9217043460184204,314.9463750344943
2014-04-28,BHARTIARTL,INE397D01024,,340.35,343.45,334.8,337.65,1858182,627856556.5,0.9217043460184204,311.21347243311965
2014-04-29,BHARTIARTL,INE397D01024,,340.95,341.6,330.65,335.0,4399124,1481159948.3,0.9217043460184204,308.77095591617086
2014-04-30,BHARTIARTL,INE397D01024,,339.3,343.6,323.35,328.05,5975894,1990425974.15,0.9217043460184204,302.3651107113428
2014-05-02,BHARTIARTL,INE397D01024,,328.05,331.55,322.1,325.6,4217395,1378105663.15,0.9217043460184204,300.1069350635977
2014-05-05,BHARTIARTL,INE397D01024,,325.0,327.6,318.6,320.3,2481756,798886191.6,0.9217043460184204,295.22190202970006
2014-05-06,BHARTIARTL,INE397D01024,,321.75,323.0,313.35,314.9,3626671,1147654622.85,0.9217043460184204,290.24469856120055
2014-05-07,BHARTIARTL,INE397D01024,,314.5,316.0,305.25,311.0,5881938,1817675283.45,0.9217043460184204,286.65005161172877
2014-05-08,BHARTIARTL,INE397D01024,,312.0,315.3,307.0,308.0,3641579,1130838340.2,0.9217043460184204,283.8849385736735
2014-05-09,BHARTIARTL,INE397D01024,,308.0,313.8,307.5,309.45,4375852,1360416402.0,0.9217043460184204,285.2214098754002
2014-05-12,BHARTIARTL,INE397D01024,,310.15,319.7,310.15,317.55,2842719,900394027.35,0.9217043460184204,292.6872150781494
2014-05-13,BHARTIARTL,INE397D01024,,321.15,325.75,314.65,319.2,5290041,1694573629.7,0.9217043460184204,294.2080272490798
2014-05-14,BHARTIARTL,INE397D01024,,322.5,325.0,320.5,323.2,2746160,886657382.15,0.9217043460184204,297.89484463315347
2014-05-15,BHARTIARTL,INE397D01024,,325.4,326.0,318.45,321.4,3043188,978663122.35,0.9217043460184204,296.2357768103203
2014-05-16,BHARTIARTL,INE397D01024,,326.0,346.0,326.0,330.75,13790160,4625319060.7,0.9217043460184204,304.8537124455926
2014-05-19,BHARTIARTL,INE397D01024,,332.9,344.3,332.3,338.2,4936531,1671763647.2,0.9217043460184204,311.7204098234298
2014-05-20,BHARTIARTL,INE397D01024,,340.0,349.9,338.35,347.55,7716082,2661946961.65,0.9217043460184204,320.338345458702
2014-05-21,BHARTIARTL,INE397D01024,,348.0,349.95,335.7,339.3,3426688,1175275253.8,0.9217043460184204,312.73428460405006
2014-05-22,BHARTIARTL,INE397D01024,,339.9,340.5,330.7,332.6,3796339,1268958678.8,0.9217043460184204,306.55886548572664
2014-05-23,BHARTIARTL,INE397D01024,,333.6,348.0,333.6,343.65,6473546,2228611738.55,0.9217043460184204,316.74369850923017
2014-05-26,BHARTIARTL,INE397D01024,,345.05,349.05,336.2,339.5,6230600,2124006183.4,0.9217043460184204,312.9186254732537
2014-05-27,BHARTIARTL,INE397D01024,,340.0,340.0,333.0,335.9,3940154,1320741665.8,0.9217043460184204,309.6004898275874
2014-05-28,BHARTIARTL,INE397D01024,,337.5,344.0,334.25,341.6,5422996,1839968249.85,0.9217043460184204,314.85420459989246
2014-05-29,BHARTIARTL,INE397D01024,,342.2,348.85,335.5,337.55,7234338,2471610339.9,0.9217043460184204,311.1213019985178
2014-05-30,BHARTIARTL,INE397D01024,,339.0,346.9,339.0,344.1,4357504,1499294783.0,0.9217043460184204,317.1584654649385
2014-06-02,BHARTIARTL,INE397D01024,,345.0,365.0,341.25,361.6,6206400,2206403707.6,0.9217043460184204,333.2882915202608
2014-06-03,BHARTIARTL,INE397D01024,,364.7,366.15,355.55,360.2,5846835,2105942967.4,0.9217043460184204,331.99790543583504
2014-06-04,BHARTIARTL,INE397D01024,,360.0,361.2,350.65,353.9,5647351,2008363566.95,0.9217043460184204,326.191168055919
2014-06-05,BHARTIARTL,INE397D01024,,354.0,360.0,350.5,355.2,7345609,2610779264.4,0.9217043460184204,327.38938370574294
2014-06-06,BHARTIARTL,INE397D01024,,359.8,367.15,351.4,355.9,6465082,2306089362.6,0.9217043460184204,328.03457674795584
2014-06-09,BHARTIARTL,INE397D01024,,359.35,363.5,353.5,356.4,8547764,3063105762.2,0.9217043460184204,328.495428920965
2014-06-10,BHARTIARTL,INE397D01024,,362.55,366.5,356.25,361.55,8509462,3075646793.25,0.9217043460184204,333.2422063029599
2014-06-11,BHARTIARTL,INE397D01024,,363.0,365.0,350.25,355.35,4873863,1744223260.55,0.9217043460184204,327.52763935764574
2014-06-12,BHARTIARTL,INE397D01024,,351.0,352.65,339.65,342.0,6284102,2159215814.8,0.9217043460184204,315.2228863382998
2014-06-13,BHARTIARTL,INE397D01024,,342.4,343.5,329.25,333.3,6190725,2073598710.8,0.9217043460184204,307.20405852793954
2014-06-16,BHARTIARTL,INE397D01024,,332.5,335.4,327.95,332.65,4758027,1581039067.9,0.9217043460184204,306.60495070302755
2014-06-17,BHARTIARTL,INE397D01024,,333.0,340.2,333.0,338.25,3946045,1334106285.4,0.9217043460184204,311.7664950407307
2014-06-18,BHARTIARTL,INE397D01024,,337.0,344.9,336.35,340.25,5906866,2014628229.5,0.9217043460184204,313.6099037327676
2014-06-19,BHARTIARTL,INE397D01024,,338.85,344.8,336.4,338.15,4307787,1470765158.05,0.9217043460184204,311.67432460612883
2014-06-20,BHARTIARTL,INE397D01024,,336.1,339.85,333.3,338.75,2759406,932336376.25,0.9217043460184204,312.2273472137399
2014-06-23,BHARTIARTL,INE397D01024,,337.0,343.65,337.0,341.55,4394990,1498474589.9,0.9217043460184204,314.8081193825915
2014-06-24,BHARTIARTL,INE397D01024,,343.0,345.4,338.75,340.95,3167113,1080392462.25,0.9217043460184204,314.2550967749804
2014-06-25,BHARTIARTL,INE397D01024,,338.0,338.7,332.05,337.0,5673918,1903374381.35,0.9217043460184204,310.61436460820767
2014-06-26,BHARTIARTL,INE397D01024,,335.5,341.0,335.15,338.45,4290862,1451410947.35,0.9217043460184204,311.95083590993437
2014-06-27,BHARTIARTL,INE397D01024,,339.9,339.9,329.15,331.7,6287948,2083776031.9,0.9217043460184204,305.72933157431004
2014-06-30,BHARTIARTL,INE397D01024,,332.0,338.0,332.0,336.9,4630050,1550211761.75,0.9217043460184204,310.52219417360584
2014-07-01,BHARTIARTL,INE397D01024,,337.25,341.75,334.65,335.5,2116458,716218545.65,0.9217043460184204,309.23180808918005
2014-07-02,BHARTIARTL,INE397D01024,,337.7,339.9,336.05,338.15,2916022,986751146.15,0.9217043460184204,311.67432460612883
2014-07-03,BHARTIARTL,INE397D01024,,340.0,342.2,336.0,336.95,3681985,1244646222.75,0.9217043460184204,310.56827939090675
2014-07-04,BHARTIARTL,INE397D01024,,341.25,345.2,337.45,339.25,4176636,1424354703.75,0.9217043460184204,312.68819938674915
2014-07-07,BHARTIARTL,INE397D01024,,340.55,346.9,339.2,344.45,5556875,1914764722.95,0.9217043460184204,317.4810619860449
2014-07-08,BHARTIARTL,INE397D01024,,344.5,347.35,337.8,340.55,3985510,1367108073.6,0.9217043460184204,313.8864150365731
2014-07-09,BHARTIARTL,INE397D01024,,340.85,344.8,338.05,341.5,2626259,897240845.15,0.9217043460184204,314.7620341652906
2014-07-10,BHARTIARTL,INE397D01024,,344.0,345.5,329.0,334.05,5953186,1994950889.55,0.9217043460184204,307.89533678745335
2014-07-11,BHARTIARTL,INE397D01024,,333.0,336.9,330.35,335.5,3805544,1269674924.3,0.9217043460184204,309.23180808918005
2014-07-14,BHARTIARTL,INE397D01024,,333.05,335.0,326.6,332.1,3561550,1174198673.35,0.9217043460184204,306.09801331271746
2014-07-15,BHARTIARTL,INE397D01024,,333.1,335.55,329.55,334.55,2515494,837569643.95,0.9217043460184204,308.3561889604626
2014-07-16,BHARTIARTL,INE397D01024,,333.0,337.5,330.0,336.2,4144501,1381499775.25,0.9217043460184204,309.87700113139294
2014-07-17,BHARTIARTL,INE397D01024,,336.95,339.8,335.5,336.6,1445570,487789027.05,0.9217043460184204,310.24568286980036
2014-07-18,BHARTIARTL,INE397D01024,,335.6,339.05,334.1,336.25,1967395,662134777.7,0.9217043460184204,309.92308634869386
2014-07-21,BHARTIARTL,INE397D01024,,337.0,340.0,334.1,337.2,1516465,511813876.4,0.9217043460184204,310.7987054774114
2014-07-22,BHARTIARTL,INE397D01024,,340.0,356.8,340.0,354.15,9764963,3431919656.35,0.9217043460184204,326.4215941424236
2014-07-23,BHARTIARTL,INE397D01024,,354.15,356.7,349.75,354.35,5063735,1789177031.8,0.9217043460184204,326.6059350116273
2014-07-24,BHARTIARTL,INE397D01024,,354.0,356.0,351.15,354.6,2056370,726879239.4,0.9217043460184204,326.83636109813193
2014-07-25,BHARTIARTL,INE397D01024,,355.5,357.9,351.15,354.8,3126528,1109291699.2,0.9217043460184204,327.0207019673356
2014-07-28,BHARTIARTL,INE397D01024,,356.5,357.0,351.2,353.95,3425122,1211499837.75,0.9217043460184204,326.2372532732199
2014-07-30,BHARTIARTL,INE397D01024,,358.0,374.3,358.0,373.15,11240864,4164969770.15,0.9217043460184204,343.93397671677354
2014-07-31,BHARTIARTL,INE397D01024,,374.0,375.2,370.05,372.9,8283453,3090268167.6,0.9217043460184204,343.703550630269
2014-08-01,BHARTIARTL,INE397D01024,,370.5,387.1,370.05,380.05,8426619,3217756797.8,0.9217043460184204,350.29373670430067
2014-08-04,BHARTIARTL,INE397D01024,,382.55,386.6,373.0,376.9,6531410,2465724148.15,0.9217043460184204,347.39036801434264
2014-08-05,BHARTIARTL,INE397D01024,,379.65,380.2,373.5,374.75,3093783,1161658291.35,0.9217043460184204,345.40870367040304
2014-08-06,BHARTIARTL,INE397D01024,,375.0,377.4,365.35,367.65,5248913,1940235717.6,0.9217043460184204,338.86460281367226
2014-08-07,BHARTIARTL,INE397D01024,,367.0,370.95,363.25,365.8,7103871,2607438443.5,0.9217043460184204,337.1594497735382
2014-08-08,BHARTIARTL,INE397D01024,,363.85,375.35,361.25,374.0,5395955,1997045039.3,0.9217043460184204,344.71742541088923
2014-08-11,BHARTIARTL,INE397D01024,,376.95,380.0,372.4,376.45,4166914,1565242381.75,0.9217043460184204,346.97560105863437
2014-08-12,BHARTIARTL,INE397D01024,,379.5,379.5,368.8,369.95,3387181,1256314451.0,0.9217043460184204,340.98452280951466
2014-08-13,BHARTIARTL,INE397D01024,,371.8,378.0,365.7,368.6,4585824,1701638071.2,0.9217043460184204,339.7402219423898
2014-08-14,BHARTIARTL,INE397D01024,,367.95,369.95,363.2,365.2,2780421,1017477053.8,0.9217043460184204,336.60642716592713
2014-08-18,BHARTIARTL,INE397D01024,,364.9,376.5,363.0,376.3,2650671,986765033.05,0.9217043460184204,346.83734540673163
2014-08-19,BHARTIARTL,INE397D01024,,375.35,384.2,375.35,377.15,4986528,1889706341.75,0.9217043460184204,347.62079410084726
2014-08-20,BHARTIARTL,INE397D01024,,380.5,385.95,373.55,374.55,4358523,1644384477.4,0.9217043460184204,345.2243628011994
2014-08-21,BHARTIARTL,INE397D01024,,372.6,375.0,368.4,371.1,2307848,857267369.55,0.9302230081946523,345.2057583410355
2014-08-22,BHARTIARTL,INE397D01024,,370.05,372.4,364.3,365.1,2814687,1032519198.55,0.9302230081946523,339.6244202918676
2014-08-25,BHARTIARTL,INE397D01024,,366.9,370.4,365.0,369.1,2706905,997469477.95,0.9302230081946523,343.3453123246462
2014-08-26,BHARTIARTL,INE397D01024,,368.3,375.7,365.15,369.6,2540609,942660910.25,0.9302230081946523,343.8104238287435
2014-08-27,BHARTIARTL,INE397D01024,,369.5,373.6,365.55,369.0,3129970,1157281879.05,0.9302230081946523,343.25229002382673
2014-08-28,BHARTIARTL,INE397D01024,,368.15,373.2,368.15,369.8,4315121,1596354391.0,0.9302230081946523,343.99646843038244
2014-09-01,BHARTIARTL,INE397D01024,,370.0,378.0,369.85,375.8,3107500,1168030030.85,0.9302230081946523,349.57780647955036
2014-09-02,BHARTIARTL,INE397D01024,,378.6,394.5,375.85,391.6,5981547,2330458941.3,0.9302230081946523,364.2753300090259
2014-09-03,BHARTIARTL,INE397D01024,,390.4,408.9,390.4,404.5,12312188,4982982684.2,0.9302230081946523,376.27520681473686
2014-09-04,BHARTIARTL,INE397D01024,,405.9,407.95,398.3,404.5,6055962,2426597732.7,0.9302230081946523,376.27520681473686
2014-09-05,BHARTIARTL,INE397D01024,,405.55,407.7,395.5,401.1,2753511,1103881200.0,0.9302230081946523,373.1124485868751
2014-09-08,BHARTIARTL,INE397D01024,,404.3,407.5,401.55,403.75,3216789,1299861195.35,0.9302230081946523,375.57753955859084
2014-09-09,BHARTIARTL,INE397D01024,,399.8,410.95,399.7,406.1,3554074,1447218756.85,0.9302230081946523,377.7635636278483
2014-09-10,BHARTIARTL,INE397D01024,,406.95,411.8,403.65,407.75,4638837,1896024093.1,0.9302230081946523,379.2984315913695
2014-09-11,BHARTIARTL,INE397D01024,,407.75,413.75,402.1,406.05,7064825,2870145102.55,0.9302230081946523,377.7170524774386
2014-09-12,BHARTIARTL,INE397D01024,,406.95,415.6,406.2,414.0,4162710,1710443661.9,0.9302230081946523,385.11232539258606
2014-09-15,BHARTIARTL,INE397D01024,,410.55,414.5,408.15,411.55,3262018,1341172007.05,0.9302230081946523,382.83327902250915
2014-09-16,BHARTIARTL,INE397D01024,,411.5,417.55,409.45,412.3,3913376,1617609283.25,0.9302230081946523,383.53094627865516
2014-09-17,BHARTIARTL,INE397D01024,,416.0,418.3,412.05,414.35,3945705,1637509437.75,0.9302230081946523,385.4379034454542
2014-09-18,BHARTIARTL,INE397D01024,,413.95,419.0,411.35,415.9,3283524,1366118534.2,0.9302230081946523,386.87974910815586
2014-09-19,BHARTIARTL,INE397D01024,,415.5,420.0,409.15,414.95,3481287,1444226567.5,0.9302230081946523,385.996037250371
2014-09-22,BHARTIARTL,INE397D01024,,414.5,418.1,409.4,415.15,2150882,892538171.45,0.9302230081946523,386.1820818520099
2014-09-23,BHARTIARTL,INE397D01024,,415.0,415.15,405.45,406.5,1967045,805909489.7,0.9302230081946523,378.13565283112615
2014-09-24,BHARTIARTL,INE397D01024,,405.1,408.5,395.2,403.15,3131273,1256964234.1,0.9302230081946523,375.01940575367405
2014-09-25,BHARTIARTL,INE397D01024,,403.2,418.0,399.35,406.25,5762594,2349856704.2,0.9302230081946523,377.9030970790775
2014-09-26,BHARTIARTL,INE397D01024,,405.0,408.75,401.55,405.05,3621353,1467020953.75,0.9302230081946523,376.7868294692439
2014-09-29,BHARTIARTL,INE397D01024,,403.85,406.9,399.6,403.25,2194904,883795685.45,0.9302230081946523,375.11242805449353
2014-09-30,BHARTIARTL,INE397D01024,,403.25,408.95,401.0,405.2,3738643,1511589482.7,0.9302230081946523,376.9263629204731
2014-10-01,BHARTIARTL,INE397D01024,,404.0,407.4,401.7,403.2,4183952,1689380140.55,0.9302230081946523,375.0659169040838
2014-10-07,BHARTIARTL,INE397D01024,,400.0,405.55,400.0,403.4,4891817,1971578846.45,0.9302230081946523,375.2519615057227
2014-10-08,BHARTIARTL,INE397D01024,,400.0,406.5,397.1,399.7,6020242,2406976987.5,0.9302230081946523,371.8101363754025
2014-10-09,BHARTIARTL,INE397D01024,,399.1,407.95,399.1,404.95,2861002,1160515123.95,0.9302230081946523,376.6938071684244
2014-10-10,BHARTIARTL,INE397D01024,,400.85,402.0,390.5,392.3,2656346,1051580325.8,0.9302230081946523,364.9264861147621
2014-10-13,BHARTIARTL,INE397D01024,,391.7,393.55,380.0,391.55,4218158,1632961924.85,0.9302230081946523,364.22881885861614
2014-10-14,BHARTIARTL,INE397D01024,,392.6,400.3,392.6,398.4,2446930,971996311.2,0.9302230081946523,370.60084646474945
2014-10-16,BHARTIARTL,INE397D01024,,398.4,402.25,384.1,388.15,3873643,1526176958.6,0.9302230081946523,361.0660606307543
2014-10-17,BHARTIARTL,INE397D01024,,390.0,400.0,390.0,395.95,4579166,1817054782.1,0.9302230081946523,368.3218000946726
2014-10-20,BHARTIARTL,INE397D01024,,400.0,403.35,398.35,401.7,3290184,1319057780.0,0.9302230081946523,373.6705823917918
2014-10-21,BHARTIARTL,INE397D01024,,403.9,415.0,403.7,410.65,4093622,1682018232.9,0.9302230081946523,381.99607831513396
2014-10-22,BHARTIARTL,INE397D01024,,413.9,415.0,407.2,409.45,2572965,1061483722.8,0.9302230081946523,380.8798107053004
2014-10-27,BHARTIARTL,INE397D01024,,411.1,416.85,411.05,414.55,2483615,1028904188.1,0.9302230081946523,385.6239480470931
2014-10-28,BHARTIARTL,INE397D01024,,415.0,415.0,400.15,407.7,3071829,1247440147.5,0.9302230081946523,379.25192044095974
2014-10-29,BHARTIARTL,INE397D01024,,411.0,411.5,403.3,405.1,2318074,941459461.25,0.9302230081946523,376.83334061965365
2014-10-30,BHARTIARTL,INE397D01024,,405.6,410.0,401.45,407.5,5752458,2334382615.6,0.9302230081946523,379.0658758393208
2014-10-31,BHARTIARTL,INE397D01024,,412.2,414.0,396.1,398.9,15235707,6111551556.45,0.9302230081946523,371.06595796884676
2014-11-03,BHARTIARTL,INE397D01024,,401.45,403.85,393.5,395.75,5172544,2053249822.3,0.9302230081946523,368.1357554930336
2014-11-05,BHARTIARTL,INE397D01024,,399.0,399.3,382.55,384.55,10701361,4147462021.2,0.9302230081946523,357.71725780125354
2014-11-07,BHARTIARTL,INE397D01024,,386.4,392.15,379.0,390.85,7472243,2877691998.0,0.9302230081946523,363.57766275287986
2014-11-10,BHARTIARTL,INE397D01024,,392.0,395.2,385.9,391.25,3359013,1309291649.85,0.9302230081946523,363.94975195615774
2014-11-11,BHARTIARTL,INE397D01024,,392.1,393.4,382.95,385.0,4153180,1604450354.9,0.9302230081946523,358.13585815494116
2014-11-12,BHARTIARTL,INE397D01024,,384.35,389.05,383.5,387.3,2813945,1087266348.95,0.9302230081946523,360.27537107378885
2014-11-13,BHARTIARTL,INE397D01024,,389.25,391.95,376.0,390.9,4637907,1794620911.05,0.9302230081946523,363.62417390328955
2014-11-14,BHARTIARTL,INE397D01024,,387.55,394.3,387.0,388.35,2589236,1009400269.85,0.9302230081946523,361.25210523239326
2014-11-17,BHARTIARTL,INE397D01024,,387.8,395.0,385.2,393.2,2082320,816593329.35,0.9302230081946523,365.7636868221373
2014-11-18,BHARTIARTL,INE397D01024,,394.0,404.4,391.0,399.5,7502325,3004941506.55,0.9302230081946523,371.6240917737636
2014-11-19,BHARTIARTL,INE397D01024,,401.2,407.8,395.35,401.75,5714750,2290121998.1,0.9302230081946523,373.71709354220155
2014-11-20,BHARTIARTL,INE397D01024,,402.5,404.85,393.05,397.75,2968833,1185003219.1,0.9302230081946523,369.996201509423
2014-11-21,BHARTIARTL,INE397D01024,,398.4,402.3,394.75,401.55,2871746,1149596737.3,0.9302230081946523,373.53104894056264
2014-11-24,BHARTIARTL,INE397D01024,,401.0,404.2,396.1,399.45,2569167,1028018794.1,0.9302230081946523,371.57758062335387
2014-11-25,BHARTIARTL,INE397D01024,,405.9,407.8,398.5,403.6,5803928,2341484829.05,0.9302230081946523,375.4380061073617
2014-11-26,BHARTIARTL,INE397D01024,,402.4,403.2,391.55,393.35,3751109,1485669332.1,0.9302230081946523,365.9032202733665
2014-11-27,BHARTIARTL,INE397D01024,,394.2,394.2,383.4,385.4,4778964,1845609597.35,0.9302230081946523,358.507947358219
2014-11-28,BHARTIARTL,INE397D01024,,386.0,390.3,379.15,382.3,5459500,2090667970.7,0.9302230081946523,355.6242560328156
2014-12-01,BHARTIARTL,INE397D01024,,384.75,385.5,376.1,377.8,2862826,1091226660.45,0.9302230081946523,351.43825249593965
2014-12-02,BHARTIARTL,INE397D01024,,377.65,385.8,377.15,384.35,3314665,1268641746.5,0.9302230081946523,357.5312131996146
2014-12-03,BHARTIARTL,INE397D01024,,387.0,387.35,377.0,378.4,6746545,2573175288.1,0.9302230081946523,351.9963863008564
2014-12-04,BHARTIARTL,INE397D01024,,380.0,382.6,368.1,369.9,5287286,1970672583.1,0.9302230081946523,344.08949073120186
2014-12-05,BHARTIARTL,INE397D01024,,373.0,375.75,365.05,367.8,4345536,1612684475.45,0.9302230081946523,342.13602241399315
2014-12-08,BHARTIARTL,INE397D01024,,367.0,374.9,366.5,369.75,3842163,1426830268.2,0.9302230081946523,343.9499572799727
2014-12-09,BHARTIARTL,INE397D01024,,366.2,372.25,352.6,354.15,5885614,2120070546.25,0.9302230081946523,329.4384783521361
2014-12-10,BHARTIARTL,INE397D01024,,360.0,361.65,348.65,353.3,5255721,1862960541.6,0.9302230081946523,328.6477887951707
2014-12-11,BHARTIARTL,INE397D01024,,352.7,357.5,342.0,343.3,4516550,1572931538.75,0.9302230081946523,319.34555871322414
2014-12-12,BHARTIARTL,INE397D01024,,345.05,351.25,345.05,347.95,3889039,1357050045.55,0.9302230081946523,323.67109570132925
2014-12-15,BHARTIARTL,INE397D01024,,344.5,351.45,341.0,349.95,3400040,1183106183.65,0.9302230081946523,325.53154171771854
2014-12-16,BHARTIARTL,INE397D01024,,347.0,351.75,341.0,350.05,3402781,1183361284.95,0.9302230081946523,325.6245640185381
2014-12-17,BHARTIARTL,INE397D01024,,345.1,349.45,340.1,342.05,5479412,1883695638.35,0.9302230081946523,318.1827799529808
2014-12-18,BHARTIARTL,INE397D01024,,344.15,349.2,343.55,348.2,4860053,1687807310.7,0.9302230081946523,323.9036514533779
2014-12-19,BHARTIARTL,INE397D01024,,348.55,348.85,335.8,343.1,5042121,1724128583.95,0.9302230081946523,319.1595141115852
2014-12-22,BHARTIARTL,INE397D01024,,344.95,349.65,344.0,348.8,3084702,1073749628.15,0.9302230081946523,324.46178525829475
2014-12-23,BHARTIARTL,INE397D01024,,350.0,356.5,349.05,355.2,4616451,1638194054.15,0.9302230081946523,330.4152125107405
2014-12-24,BHARTIARTL,INE397D01024,,357.4,357.4,350.5,353.1,5499222,1943531685.25,0.9302230081946523,328.46174419353173
2014-12-26,BHARTIARTL,INE397D01024,,356.0,356.7,349.45,354.3,1158205,408993548.75,0.9302230081946523,329.5780118033653
2014-12-29,BHARTIARTL,INE397D01024,,353.0,359.45,350.0,351.2,1209977,429918064.15,0.9302230081946523,326.69432047796187
2014-12-30,BHARTIARTL,INE397D01024,,353.4,354.0,347.1,349.75,1023382,358120484.75,0.9302230081946523,325.3454971160796
2014-12-31,BHARTIARTL,INE397D01024,,349.8,353.5,349.8,352.7,2183671,769807700.8,0.9302230081946523,328.08965499025385
2015-01-01,BHARTIARTL,INE397D01024,,354.4,364.9,351.65,362.9,2217263,795769691.5,0.9302230081946523,337.5779296738393
2015-01-02,BHARTIARTL,INE397D01024,,363.8,367.0,362.0,365.05,2519814,919042492.1,0.9302230081946523,339.57790914145784
2015-01-05,BHARTIARTL,INE397D01024,,366.25,366.25,355.6,356.95,1446759,519836884.55,0.9302230081946523,332.04310277508114
2015-01-06,BHARTIARTL,INE397D01024,,356.1,356.1,348.4,354.15,3530178,1248926247.05,0.9302230081946523,329.4384783521361
2015-01-07,BHARTIARTL,INE397D01024,,351.95,358.0,350.5,355.0,4415546,1569343054.6,0.9302230081946523,330.2291679091016
2015-01-08,BHARTIARTL,INE397D01024,,356.55,362.95,353.15,361.15,6395881,2306745514.7,0.9302230081946523,335.9500394094987
2015-01-09,BHARTIARTL,INE397D01024,,362.5,364.9,353.95,355.8,3453422,1235213112.35,0.9302230081946523,330.9733463156573
2015-01-12,BHARTIARTL,INE397D01024,,355.7,355.7,347.1,348.95,2052141,716435022.6,0.9302230081946523,324.6013187095239
2015-01-13,BHARTIARTL,INE397D01024,,349.9,352.3,344.3,346.3,1445773,504053448.4,0.9302230081946523,322.1362277378081
2015-01-14,BHARTIARTL,INE397D01024,,346.95,348.2,344.65,345.8,3077986,1064772351.05,0.9302230081946523,321.6711162337108
2015-01-15,BHARTIARTL,INE397D01024,,346.1,352.6,343.3,349.35,4475688,1566621442.95,0.9302230081946523,324.9734079128018
2015-01-16,BHARTIARTL,INE397D01024,,347.0,352.0,339.1,342.85,8813544,3010681050.65,0.9302230081946523,318.92695835953657
2015-01-19,BHARTIARTL,INE397D01024,,343.9,352.3,341.9,350.45,3050874,1062996015.55,0.9302230081946523,325.9966532218159
2015-01-20,BHARTIARTL,INE397D01024,,350.45,357.0,348.05,354.9,2605572,920223045.4,0.9302230081946523,330.1361456082821
2015-01-21,BHARTIARTL,INE397D01024,,355.0,370.0,354.5,369.0,4553897,1664930838.05,0.9302230081946523,343.25229002382673
2015-01-22,BHARTIARTL,INE397D01024,,373.35,373.95,361.15,370.0,2255707,831337128.85,0.9302230081946523,344.18251303202135
2015-01-23,BHARTIARTL,INE397D01024,,372.95,387.75,372.0,384.1,5650375,2160639782.35,0.9302230081946523,357.298657447566
2015-01-27,BHARTIARTL,INE397D01024,,382.7,395.0,381.6,394.2,4748323,1850129055.1,0.9302230081946523,366.6939098303319
2015-01-28,BHARTIARTL,INE397D01024,,393.7,395.7,371.6,373.6,4047153,1533535333.35,0.9302230081946523,347.5313158615221
2015-01-29,BHARTIARTL,INE397D01024,,374.8,380.5,363.05,375.8,6797437,2516481775.6,0.9302230081946523,349.57780647955036
2015-01-30,BHARTIARTL,INE397D01024,,380.8,380.8,366.15,373.7,4875027,1813166223.35,0.9302230081946523,347.62433816234153
2015-02-02,BHARTIARTL,INE397D01024,,370.0,373.35,356.5,359.3,3746754,1354166003.95,0.9302230081946523,334.22912684433857
2015-02-03,BHARTIARTL,INE397D01024,,360.15,374.0,360.1,371.55,3823467,1407218135.35,0.9302230081946523,345.62435869472307
2015-02-04,BHARTIARTL,INE397D01024,,375.0,377.3,365.0,368.95,4988487,1844427759.45,0.9302230081946523,343.20577887341693
2015-02-05,BHARTIARTL,INE397D01024,,370.0,371.9,360.05,364.7,7443731,2724139591.45,0.9302230081946523,339.2523310885897
2015-02-06,BHARTIARTL,INE397D01024,,364.9,370.0,359.0,368.25,2991270,1097831031.3,0.9302230081946523,342.5546227676807
2015-02-09,BHARTIARTL,INE397D01024,,365.0,365.7,353.25,356.1,2731044,978102039.85,0.9302230081946523,331.2524132181157
2015-02-10,BHARTIARTL,INE397D01024,,355.3,361.8,353.0,356.15,6171167,2192528432.15,0.9302230081946523,331.2989243685254
2015-02-11,BHARTIARTL,INE397D01024,,356.95,360.65,348.0,356.1,3144877,1108372685.95,0.9302230081946523,331.2524132181157
2015-02-12,BHARTIARTL,INE397D01024,,359.0,359.85,349.3,352.7,3931238,1381764985.5,0.9302230081946523,328.08965499025385
2015-02-13,BHARTIARTL,INE397D01024,,353.8,356.5,349.3,355.0,3044239,1073600779.8,0.9302230081946523,330.2291679091016
2015-02-16,BHARTIARTL,INE397D01024,,353.0,365.45,352.0,361.35,2123212,768996599.9,0.9302230081946523,336.13608401113765
2015-02-18,BHARTIARTL,INE397D01024,,363.05,363.55,350.5,352.0,3072179,1083751866.8,0.9302230081946523,327.4384988845176
2015-02-19,BHARTIARTL,INE397D01024,,354.95,358.4,350.2,356.7,2755381,976739448.65,0.9302230081946523,331.8105470230325
2015-02-20,BHARTIARTL,INE397D01024,,355.0,358.8,348.25,349.35,3670043,1290912696.3,0.9302230081946523,324.9734079128018
2015-02-23,BHARTIARTL,INE397D01024,,348.0,350.9,345.2,347.3,2172758,755071740.55,0.9302230081946523,323.0664507460028
2015-02-24,BHARTIARTL,INE397D01024,,346.1,349.85,340.1,342.05,6661135,2282222786.1,0.9302230081946523,318.1827799529808
2015-02-25,BHARTIARTL,INE397D01024,,346.9,350.5,344.65,348.6,2598042,904595591.8,0.9302230081946523,324.27574065665584
2015-02-26,BHARTIARTL,INE397D01024,,350.0,352.6,346.25,349.35,4120409,1441987384.85,0.9302230081946523,324.9734079128018
2015-02-27,BHARTIARTL,INE397D01024,,349.0,358.1,347.35,355.2,3344667,1178676947.6,0.9302230081946523,330.4152125107405
2015-03-02,BHARTIARTL,INE397D01024,,356.3,363.0,345.5,349.05,4163665,1467095403.35,0.9302230081946523,324.6943410103434
2015-03-03,BHARTIARTL,INE397D01024,,350.0,350.6,343.7,349.25,2067018,719019644.3,0.9302230081946523,324.8803856119823
2015-03-04,BHARTIARTL,INE397D01024,,352.0,358.4,349.3,351.25,3329753,1176821518.75,0.9302230081946523,326.7408316283716
2015-03-05,BHARTIARTL,INE397D01024,,351.4,351.9,344.05,347.9,3496176,1213068170.9,0.9302230081946523,323.6245845509195
2015-03-09,BHARTIARTL,INE397D01024,,346.75,346.75,339.1,343.45,3446284,1181727295.65,0.9302230081946523,319.4850921644533
2015-03-10,BHARTIARTL,INE397D01024,,342.05,382.3,340.75,367.95,11622814,4233038259.35,0.9302230081946523,342.2755558652223
2015-03-11,BHARTIARTL,INE397D01024,,370.0,394.0,362.25,389.55,12904845,4873943285.35,0.9302230081946523,362.3683728422268
2015-03-12,BHARTIARTL,INE397D01024,,389.45,399.9,387.05,397.8,16593635,6565615275.3,0.9302230081946523,370.0427126598327
2015-03-13,BHARTIARTL,INE397D01024,,398.95,402.7,389.4,400.25,11404462,4548239014.05,0.9302230081946523,372.3217590299096
2015-03-16,BHARTIARTL,INE397D01024,,399.9,399.9,386.2,388.4,14064935,5529842130.8,0.9302230081946523,361.29861638280295
2015-03-17,BHARTIARTL,INE397D01024,,392.2,392.4,379.0,386.55,11859215,4577037241.0,0.9302230081946523,359.5777038176429
2015-03-18,BHARTIARTL,INE397D01024,,385.9,390.3,381.5,382.25,4305526,1653903443.35,0.9302230081946523,355.57774488240585
2015-03-19,BHARTIARTL,INE397D01024,,383.0,384.95,379.75,381.95,4178353,1598606250.35,0.9302230081946523,355.29867797994746
2015-03-20,BHARTIARTL,INE397D01024,,381.0,387.8,377.6,380.25,6540065,2498026503.0,0.9302230081946523,353.71729886601656
2015-03-23,BHARTIARTL,INE397D01024,,384.0,389.9,378.0,383.25,3196617,1227986088.9,0.9302230081946523,356.5079678906005
2015-03-24,BHARTIARTL,INE397D01024,,381.8,396.5,381.6,393.85,7301973,2870038342.25,0.9302230081946523,366.3683317774638
2015-03-25,BHARTIARTL,INE397D01024,,387.0,397.45,386.95,395.0,10251492,4042237495.95,0.9302230081946523,367.43808823688767
2015-03-26,BHARTIARTL,INE397D01024,,390.0,403.5,390.0,399.65,11406895,4561730225.0,0.9302230081946523,371.7636252249928
2015-03-27,BHARTIARTL,INE397D01024,,401.0,404.5,371.1,376.5,8433322,3257156953.85,0.9302230081946523,350.2289625852866
2015-03-30,BHARTIARTL,INE397D01024,,380.0,392.9,377.6,389.4,4656455,1809378980.1,0.9302230081946523,362.22883939099756
2015-03-31,BHARTIARTL,INE397D01024,,389.05,395.7,385.0,393.3,6047311,2367860423.9,0.9302230081946523,365.8567091229568
2015-04-01,BHARTIARTL,INE397D01024,,393.3,404.85,393.05,402.3,5494883,2204944593.75,0.9302230081946523,374.22871619670866
2015-04-06,BHARTIARTL,INE397D01024,,402.3,409.1,398.45,400.8,4348717,1756135455.4,0.9302230081946523,372.8333816844167
2015-04-07,BHARTIARTL,INE397D01024,,402.0,410.0,396.2,404.75,4228563,1694291750.35,0.9302230081946523,376.5077625667855
2015-04-08,BHARTIARTL,INE397D01024,,407.0,422.85,407.0,419.15,5761565,2388835922.0,0.9302230081946523,389.9029738847885
2015-04-09,BHARTIARTL,INE397D01024,,419.2,420.5,405.25,407.2,4665113,1913708824.95,0.9302230081946523,378.7868089368624
2015-04-10,BHARTIARTL,INE397D01024,,407.0,413.9,401.5,411.95,4599422,1880876023.65,0.9302230081946523,383.205368225787
2015-04-13,BHARTIARTL,INE397D01024,,409.1,427.0,408.0,425.7,3882509,1632741577.55,0.9302230081946523,395.99593458846346
2015-04-15,BHARTIARTL,INE397D01024,,425.0,425.0,409.15,415.15,3500240,1451061290.9,0.9302230081946523,386.1820818520099
2015-04-16,BHARTIARTL,INE397D01024,,416.15,422.95,414.45,418.0,3091097,1295774072.95,0.9302230081946523,388.8332174253647
2015-04-17,BHARTIARTL,INE397D01024,,419.95,424.7,403.9,405.95,5556587,2286252282.9,0.9302230081946523,377.6240301766191
2015-04-20,BHARTIARTL,INE397D01024,,403.8,407.6,398.75,402.3,3282831,1323677964.65,0.9302230081946523,374.22871619670866
2015-04-21,BHARTIARTL,INE397D01024,,397.65,409.95,394.0,398.3,3889611,1566140494.75,0.9302230081946523,370.50782416393
2015-04-22,BHARTIARTL,INE397D01024,,397.0,401.3,391.2,399.4,4199482,1666869494.1,0.9302230081946523,371.5310694729441
2015-04-23,BHARTIARTL,INE397D01024,,401.8,402.9,397.0,399.85,5744973,2298602649.3,0.9302230081946523,371.94966982663175
2015-04-24,BHARTIARTL,INE397D01024,,400.0,403.2,394.95,399.15,7402536,2959838538.2,0.9302230081946523,371.29851372089547
2015-04-27,BHARTIARTL,INE397D01024,,398.95,403.7,384.15,391.0,15164337,6053959649.75,0.9302230081946523,363.71719620410903
2015-04-28,BHARTIARTL,INE397D01024,,389.0,409.5,383.4,400.75,5188517,2040346808.6,0.9302230081946523,372.78687053400694
2015-04-29,BHARTIARTL,INE397D01024,,394.0,402.5,383.9,387.35,11248419,4457124545.55,0.9302230081946523,360.3218822241986
2015-04-30,BHARTIARTL,INE397D01024,,387.45,388.0,371.8,381.1,8223433,3110175550.6,0.9302230081946523,354.507988422982
2015-05-04,BHARTIARTL,INE397D01024,,373.6,394.1,373.6,392.9,4528827,1748053088.0,0.9302230081946523,365.4846199196789
2015-05-05,BHARTIARTL,INE397D01024,,392.0,392.0,382.5,387.05,2442992,943131337.5,0.9302230081946523,360.0428153217402
2015-05-06,BHARTIARTL,INE397D01024,,393.3,405.0,386.0,390.2,13587701,5398959076.6,0.9302230081946523,362.9730177975533
2015-05-07,BHARTIARTL,INE397D01024,,389.9,400.5,385.35,393.65,7914843,3125904763.15,0.9302230081946523,366.18228717582485
2015-05-08,BHARTIARTL,INE397D01024,,397.0,400.0,394.1,397.95,5742562,2286170604.95,0.9302230081946523,370.1822461110619
2015-05-11,BHARTIARTL,INE397D01024,,397.0,402.75,394.7,396.2,4325644,1726734806.75,0.9302230081946523,368.55435584672125
2015-05-12,BHARTIARTL,INE397D01024,,396.5,399.35,388.95,391.55,6246245,2465549058.7,0.9302230081946523,364.22881885861614
2015-05-13,BHARTIARTL,INE397D01024,,396.0,400.0,380.7,382.55,5804576,2249655141.05,0.9302230081946523,355.85681178486425
2015-05-14,BHARTIARTL,INE397D01024,,382.0,392.2,380.9,386.0,4943211,1914039109.05,0.9302230081946523,359.0660811631358
2015-05-15,BHARTIARTL,INE397D01024,,388.0,395.0,387.0,392.0,3895796,1526759269.75,0.9302230081946523,364.6474192123037
2015-05-18,BHARTIARTL,INE397D01024,,394.0,399.8,392.0,397.45,4385982,1740815978.65,0.9302230081946523,369.7171346069646
2015-05-19,BHARTIARTL,INE397D01024,,398.9,405.0,395.1,398.0,5446018,2176931273.6,0.9302230081946523,370.2287572614716
2015-05-20,BHARTIARTL,INE397D01024,,397.25,403.85,396.85,400.55,5088247,2039072018.2,0.9302230081946523,372.60082593236797
2015-05-21,BHARTIARTL,INE397D01024,,401.0,402.7,393.5,396.45,2549715,1016988372.75,0.9302230081946523,368.7869115987699
2015-05-22,BHARTIARTL,INE397D01024,,395.5,398.7,390.65,394.9,3235169,1278265189.25,0.9302230081946523,367.3450659360682
2015-05-25,BHARTIARTL,INE397D01024,,394.9,409.0,392.3,399.9,5388695,2170372124.0,0.9302230081946523,371.99618097704143
2015-05-26,BHARTIARTL,INE397D01024,,402.0,406.95,398.2,400.55,6289299,2527018750.45,0.9302230081946523,372.60082593236797
2015-05-27,BHARTIARTL,INE397D01024,,400.15,413.1,400.15,408.75,5060958,2059376245.5,0.9302230081946523,380.22865459956415
2015-05-28,BHARTIARTL,INE397D01024,,412.0,412.75,399.95,403.0,7227151,2918445861.9,0.9302230081946523,374.8798723024449
2015-05-29,BHARTIARTL,INE397D01024,,402.75,435.0,402.3,425.6,67772622,28644588035.25,0.9302230081946523,395.902912287644
2015-06-01,BHARTIARTL,INE397D01024,,415.95,420.95,410.2,416.6,4260493,1774599174.8,0.9302230081946523,387.5309052138922
2015-06-02,BHARTIARTL,INE397D01024,,420.35,424.5,412.75,418.1,4289191,1794692398.2,0.9302230081946523,388.9262397261842
2015-06-03,BHARTIARTL,INE397D01024,,418.15,423.0,409.2,420.7,3654504,1522934009.85,0.9302230081946523,391.3448195474902
2015-06-04,BHARTIARTL,INE397D01024,,420.5,424.4,414.0,416.4,3272393,1370153277.75,0.9302230081946523,387.3448606122532
2015-06-05,BHARTIARTL,INE397D01024,,417.0,422.35,413.8,415.6,4981553,2080656134.35,0.9302230081946523,386.6006822056975
2015-06-08,BHARTIARTL,INE397D01024,,417.35,417.9,408.05,410.55,2846903,1172822918.0,0.9302230081946523,381.90305601431453
2015-06-09,BHARTIARTL,INE397D01024,,412.0,412.0,402.85,407.95,2715768,1104893185.45,0.9302230081946523,379.4844761930084
2015-06-10,BHARTIARTL,INE397D01024,,409.8,418.55,408.1,415.05,3421211,1419699712.65,0.9302230081946523,386.0890595511905
2015-06-11,BHARTIARTL,INE397D01024,,417.1,417.7,409.1,410.55,3095236,1275224864.5,0.9302230081946523,381.90305601431453
2015-06-12,BHARTIARTL,INE397D01024,,411.1,421.35,407.55,414.8,2279478,941570756.45,0.9302230081946523,385.85650379914176
2015-06-15,BHARTIARTL,INE397D01024,,417.8,418.4,411.6,413.65,2347669,972939117.05,0.9302230081946523,384.7867473397179
2015-06-16,BHARTIARTL,INE397D01024,,413.05,415.3,409.15,414.3,3862175,1597042265.85,0.9302230081946523,385.39139229504445
2015-06-17,BHARTIARTL,INE397D01024,,415.6,424.5,414.75,422.3,4384363,1848456285.6,0.9302230081946523,392.83317636060167
2015-06-18,BHARTIARTL,INE397D01024,,418.1,433.45,413.9,426.45,6193856,2641847694.35,0.9302230081946523,396.6936018446095
2015-06-19,BHARTIARTL,INE397D01024,,426.5,437.3,426.5,434.0,3377381,1461111920.25,0.9302230081946523,403.7167855564791
2015-06-22,BHARTIARTL,INE397D01024,,434.9,436.0,423.5,424.5,3727397,1591507767.6,0.9302230081946523,394.8796669786299
2015-06-23,BHARTIARTL,INE397D01024,,428.95,434.2,428.3,430.3,5237774,2256833244.75,0.9302230081946523,400.2749604261589
2015-06-24,BHARTIARTL,INE397D01024,,429.0,431.4,423.35,424.95,2581489,1099727870.75,0.9302230081946523,395.2982673323175
2015-06-25,BHARTIARTL,INE397D01024,,425.5,429.5,422.5,426.7,3941835,1680904046.9,0.9302230081946523,396.92615759665813
2015-06-26,BHARTIARTL,INE397D01024,,426.4,428.45,417.25,417.95,2364501,993242391.95,0.9302230081946523,388.7867062749549
2015-06-29,BHARTIARTL,INE397D01024,,413.05,416.0,406.0,413.9,2879169,1187816141.5,0.9302230081946523,385.0193030917666
2015-06-30,BHARTIARTL,INE397D01024,,417.55,422.0,414.0,420.05,4699479,1971617428.7,0.9302230081946523,390.7401745921637
2015-07-01,BHARTIARTL,INE397D01024,,423.7,428.45,420.3,424.45,2831825,1203674351.9,0.9302230081946523,394.8331558282202
2015-07-02,BHARTIARTL,INE397D01024,,428.0,438.15,425.5,433.15,4484423,1938009784.5,0.9302230081946523,402.9260959995136
2015-07-03,BHARTIARTL,INE397D01024,,433.95,437.8,432.5,435.1,3583173,1559197507.4,0.9302230081946523,404.7400308654932
2015-07-06,BHARTIARTL,INE397D01024,,430.5,438.2,429.75,433.1,2008978,870492918.35,0.9302230081946523,402.87958484910394
2015-07-07,BHARTIARTL,INE397D01024,,433.0,436.1,430.65,431.85,1181630,512288955.2,0.9302230081946523,401.7168060888606
2015-07-08,BHARTIARTL,INE397D01024,,428.9,433.0,423.2,430.3,2783268,1190318803.0,0.9302230081946523,400.2749604261589
2015-07-09,BHARTIARTL,INE397D01024,,432.35,442.9,430.3,433.9,5622296,2462462488.7,0.9302230081946523,403.62376325565964
2015-07-10,BHARTIARTL,INE397D01024,,436.0,436.0,417.65,419.3,5160538,2176901118.75,0.9302230081946523,390.0425073360177
2015-07-13,BHARTIARTL,INE397D01024,,422.0,426.9,419.55,423.7,2497585,1058958882.5,0.9302230081946523,394.13548857207417
2015-07-14,BHARTIARTL,INE397D01024,,423.7,425.5,421.0,422.3,1381107,584899170.25,0.9302230081946523,392.83317636060167
2015-07-15,BHARTIARTL,INE397D01024,,422.0,426.8,420.55,422.95,2151544,910004416.9,0.9302230081946523,393.4378213159282
2015-07-16,BHARTIARTL,INE397D01024,,425.4,426.4,419.4,424.65,2115917,897030535.15,0.9302230081946523,395.0192004298591
2015-07-17,BHARTIARTL,INE397D01024,,425.0,430.0,422.15,425.85,3097095,1323763812.7,0.9302230081946523,396.1354680396927
2015-07-20,BHARTIARTL,INE397D01024,,425.1,432.5,425.1,429.45,2043087,879359858.15,0.9302230081946523,399.48427086919344
2015-07-21,BHARTIARTL,INE397D01024,,440.0,452.45,433.9,445.25,6000291,2678482605.35,0.9302230081946523,414.18179439866896
2015-07-22,BHARTIARTL,INE397D01024,,442.5,448.75,437.85,439.4,2816791,1243752795.3,0.9302230081946523,408.7399898007302
2015-07-23,BHARTIARTL,INE397D01024,,441.0,441.15,430.8,432.9,2361270,1024427238.35,0.9302230081946523,402.69354024746497
2015-07-24,BHARTIARTL,INE397D01024,,433.45,438.9,430.15,433.9,1943504,846646847.65,0.9302230081946523,403.62376325565964
2015-07-27,BHARTIARTL,INE397D01024,,432.0,433.8,416.5,417.95,2312492,978409997.95,0.9302230081946523,388.7867062749549
2015-07-28,BHARTIARTL,INE397D01024,,419.0,425.0,409.1,410.0,3186387,1318977988.5,0.9302230081946523,381.3914333598074
2015-07-29,BHARTIARTL,INE397D01024,,411.0,419.95,404.1,417.65,3456157,1424229476.8,0.9302230081946523,388.5076393724965
2015-07-30,BHARTIARTL,INE397D01024,,417.65,425.95,412.6,416.95,3286614,1378361774.4,0.9302230081946523,387.8564832667603
2015-07-31,BHARTIARTL,INE397D01024,,418.75,426.15,414.0,418.8,2904605,1219892311.3,0.9302230081946523,389.5773958319204
2015-08-03,BHARTIARTL,INE397D01024,,420.0,423.0,417.45,418.9,1394032,585985267.9,0.9302230081946523,389.6704181327398
2015-08-04,BHARTIARTL,INE397D01024,,422.8,426.0,409.2,413.25,4611673,1929054029.45,0.9302230081946523,384.4146581364401
2015-08-05,BHARTIARTL,INE397D01024,,426.0,427.7,415.75,417.55,5522516,2327669652.3,0.9302230081946523,388.41461707167707
2015-08-06,BHARTIARTL,INE397D01024,,419.95,422.0,414.0,415.0,3624150,1512329742.55,0.9302230081946523,386.04254840078073
2015-08-07,BHARTIARTL,INE397D01024,,416.0,417.0,410.1,411.6,3736249,1539830197.05,0.9302230081946523,382.8797901729189
2015-08-10,BHARTIARTL,INE397D01024,,412.7,415.45,408.5,410.2,2683088,1104715670.75,0.9302230081946523,381.5774779614464
2015-08-11,BHARTIARTL,INE397D01024,,411.0,412.0,402.75,404.85,2893339,1175980278.35,0.9302230081946523,376.600784867605
2015-08-12,BHARTIARTL,INE397D01024,,404.0,405.7,391.3,398.7,3745404,1482380218.95,0.9302230081946523,370.87991336720785
2015-08-13,BHARTIARTL,INE397D01024,,405.0,414.75,377.15,384.8,7094136,2825896859.55,0.9354315813337568,359.9540724972296
2015-08-14,BHARTIARTL,INE397D01024,,390.0,396.8,383.3,395.1,3255737,1271773071.1,0.9354315813337568,369.5890177849673
2015-08-17,BHARTIARTL,INE397D01024,,396.0,398.65,386.25,390.2,1480738,580210659.4,0.9354315813337568,365.0054030364319
2015-08-18,BHARTIARTL,INE397D01024,,394.1,395.7,384.25,385.55,1763071,684458942.1,0.9354315813337568,360.65564618323
2015-08-19,BHARTIARTL,INE397D01024,,386.0,386.4,372.9,382.55,3975219,1511823737.25,0.9354315813337568,357.84935143922866
2015-08-20,BHARTIARTL,INE397D01024,,390.0,392.0,373.4,380.0,3997053,1541497656.45,0.9354315813337568,355.4640009068276
2015-08-21,BHARTIARTL,INE397D01024,,373.9,373.9,358.5,369.55,5941186,2190456813.05,0.9354315813337568,345.6887408818898
2015-08-24,BHARTIARTL,INE397D01024,,357.25,366.65,337.95,348.3,6690120,2383562004.35,0.9354315813337568,325.8108197785475
2015-08-25,BHARTIARTL,INE397D01024,,350.55,367.5,332.5,348.35,7956259,2745243447.3,0.9354315813337568,325.8575913576142
2015-08-26,BHARTIARTL,INE397D01024,,350.0,350.9,336.5,339.2,6868118,2350191491.3,0.9354315813337568,317.2983923884103
2015-08-27,BHARTIARTL,INE397D01024,,347.5,351.1,342.4,347.3,7701455,2669437636.75,0.9354315813337568,324.87538819721374
2015-08-28,BHARTIARTL,INE397D01024,,356.9,364.85,351.5,362.5,6139699,2196428740.75,0.9354315813337568,339.09394823348686
2015-08-31,BHARTIARTL,INE397D01024,,365.0,366.0,350.0,354.3,7544391,2678102077.35,0.9354315813337568,331.42340926655004
2015-09-01,BHARTIARTL,INE397D01024,,351.0,354.6,343.15,345.4,4019136,1392964955.3,0.9354315813337568,323.0980681926796
2015-09-02,BHARTIARTL,INE397D01024,,348.0,349.8,339.75,343.25,6335896,2174328271.1,0.9354315813337568,321.08689029281203
2015-09-03,BHARTIARTL,INE397D01024,,343.25,347.95,343.25,346.75,3312806,1148562118.4,0.9354315813337568,324.3609008274802
2015-09-04,BHARTIARTL,INE397D01024,,345.0,352.65,342.25,350.0,4781577,1664533872.3,0.9354315813337568,327.40105346681486
2015-09-07,BHARTIARTL,INE397D01024,,349.9,349.9,343.1,347.1,2612148,903925657.4,0.9354315813337568,324.688301880947
2015-09-08,BHARTIARTL,INE397D01024,,349.0,349.45,339.2,347.75,2784226,958359400.9,0.9354315813337568,325.29633240881395
2015-09-09,BHARTIARTL,INE397D01024,,350.0,365.7,348.0,354.5,5744863,2043100747.5,0.9354315813337568,331.6104955828168
2015-09-10,BHARTIARTL,INE397D01024,,352.5,352.5,346.0,350.45,3025672,1057959492.4,0.9354315813337568,327.8219976784151
2015-09-11,BHARTIARTL,INE397D01024,,351.8,353.95,346.3,348.7,3023220,1059293096.5,0.9354315813337568,326.184992411081
2015-09-14,BHARTIARTL,INE397D01024,,349.9,355.0,346.15,354.15,2533452,891136338.5,0.9354315813337568,331.28309452934997
2015-09-15,BHARTIARTL,INE397D01024,,354.0,354.0,349.0,351.0,2128175,747133613.8,0.9354315813337568,328.33648504814863
2015-09-16,BHARTIARTL,INE397D01024,,351.5,362.1,351.5,359.5,2680583,961344791.8,0.9354315813337568,336.2876534894856
2015-09-18,BHARTIARTL,INE397D01024,,360.05,362.95,353.2,356.9,6113546,2184997583.45,0.9354315813337568,333.85553137801776
2015-09-21,BHARTIARTL,INE397D01024,,354.0,359.0,351.4,352.3,2516964,889689903.45,0.9354315813337568,329.55254610388255
2015-09-22,BHARTIARTL,INE397D01024,,355.0,355.0,340.3,343.8,4108336,1416848233.85,0.9354315813337568,321.6013776625456
2015-09-23,BHARTIARTL,INE397D01024,,340.0,343.0,336.25,337.9,3684193,1252892596.55,0.9354315813337568,316.0823313326764
2015-09-24,BHARTIARTL,INE397D01024,,337.9,338.6,332.05,332.95,8983265,3004147416.8,0.9354315813337568,311.4519450050743
2015-09-28,BHARTIARTL,INE397D01024,,332.1,335.4,323.4,327.6,4772473,1581965902.0,0.9354315813337568,306.44738604493875
2015-09-29,BHARTIARTL,INE397D01024,,325.0,326.8,315.6,322.65,6422659,2064168487.2,0.9354315813337568,301.8169997173366
2015-09-30,BHARTIARTL,INE397D01024,,330.0,338.75,325.0,337.85,6535770,2194867896.65,0.9354315813337568,316.03555975360973
2015-10-01,BHARTIARTL,INE397D01024,,339.4,340.45,335.6,339.45,4590821,1556535563.85,0.9354315813337568,317.53225028374374
2015-10-05,BHARTIARTL,INE397D01024,,341.9,347.45,339.25,346.25,5380357,1860942097.1,0.9354315813337568,323.8931850368133
2015-10-06,BHARTIARTL,INE397D01024,,349.0,350.6,345.6,348.85,4155550,1449404377.65,0.9354315813337568,326.32530714828107
2015-10-07,BHARTIARTL,INE397D01024,,348.85,348.95,340.35,342.65,3276629,1122345709.55,0.9354315813337568,320.52563134401174
2015-10-08,BHARTIARTL,INE397D01024,,343.5,345.7,336.95,341.55,4299231,1463932180.15,0.9354315813337568,319.4966566045446
2015-10-09,BHARTIARTL,INE397D01024,,344.0,348.9,343.25,347.6,5000251,1728494596.9,0.9354315813337568,325.1560176716139
2015-10-12,BHARTIARTL,INE397D01024,,348.0,352.1,347.6,349.5,2200378,769124420.05,0.9354315813337568,326.933337676148
2015-10-13,BHARTIARTL,INE397D01024,,351.1,351.7,342.85,345.45,2334312,807474858.95,0.9354315813337568,323.14483977174626
2015-10-14,BHARTIARTL,INE397D01024,,347.45,350.15,341.9,346.3,3121999,1079564555.2,0.9354315813337568,323.93995661588
2015-10-15,BHARTIARTL,INE397D01024,,348.0,353.4,344.0,351.25,4969702,1732533889.65,0.9354315813337568,328.5703429434821
2015-10-16,BHARTIARTL,INE397D01024,,347.2,352.45,341.0,349.65,4144144,1432985413.75,0.9354315813337568,327.07365241334804
2015-10-19,BHARTIARTL,INE397D01024,,353.0,365.65,346.0,363.7,3906153,1409612799.7,0.9354315813337568,340.2164661310873
2015-10-20,BHARTIARTL,INE397D01024,,362.85,367.0,359.5,361.85,2332512,844594250.25,0.9354315813337568,338.4859177056199
2015-10-21,BHARTIARTL,INE397D01024,,364.05,373.8,363.9,371.5,3996821,1478684026.9,0.9354315813337568,347.51283246549065
2015-10-23,BHARTIARTL,INE397D01024,,374.0,374.7,356.5,359.1,4012696,1454094777.15,0.9354315813337568,335.9134808569521
2015-10-26,BHARTIARTL,INE397D01024,,365.0,365.25,346.85,352.2,6627337,2356806010.8,0.9354315813337568,329.45900294574915
2015-10-27,BHARTIARTL,INE397D01024,,351.45,354.7,348.1,352.65,2573223,904198296.3,0.9354315813337568,329.8799471573493
2015-10-28,BHARTIARTL,INE397D01024,,352.3,359.75,351.0,358.3,3430973,1227306247.35,0.9354315813337568,335.1651355918851
2015-10-29,BHARTIARTL,INE397D01024,,356.5,358.95,349.0,355.4,4110592,1454276697.9,0.9354315813337568,332.45238400601716
2015-10-30,BHARTIARTL,INE397D01024,,353.0,360.9,344.55,349.05,3594643,1274808902.2,0.9354315813337568,326.5123934645478
2015-11-02,BHARTIARTL,INE397D01024,,347.5,351.7,343.65,350.15,2574952,894271605.6,0.9354315813337568,327.54136820401493
2015-11-03,BHARTIARTL,INE397D01024,,351.05,353.8,345.9,347.65,1505969,524172447.65,0.9354315813337568,325.20278925068055
2015-11-04,BHARTIARTL,INE397D01024,,349.0,350.3,343.2,346.4,2174205,752713220.6,0.9354315813337568,324.03349977401336
2015-11-05,BHARTIARTL,INE397D01024,,343.35,346.0,334.1,336.55,3125170,1055215619.3,0.9354315813337568,314.8194986978759
2015-11-06,BHARTIARTL,INE397D01024,,333.0,342.15,317.1,339.2,3040002,1019353066.1,0.9354315813337568,317.2983923884103
2015-11-09,BHARTIARTL,INE397D01024,,334.05,338.6,320.75,335.25,3272247,1089104499.05,0.9354315813337568,313.60343764214196
2015-11-10,BHARTIARTL,INE397D01024,,332.65,335.7,327.55,331.65,2182752,724454235.55,0.9354315813337568,310.2358839493404
2015-11-13,BHARTIARTL,INE397D01024,,325.05,336.0,325.05,333.9,2505836,830613612.5,0.9354315813337568,312.34060500734137
2015-11-16,BHARTIARTL,INE397D01024,,335.7,339.3,330.5,335.75,2431305,817502189.45,0.9354315813337568,314.07115343280884
2015-11-17,BHARTIARTL,INE397D01024,,336.5,337.65,331.0,334.5,1958494,652114491.95,0.9354315813337568,312.90186395614165
2015-11-18,BHARTIARTL,INE397D01024,,336.0,342.15,332.45,333.95,2241421,755739813.05,0.9354315813337568,312.3873765864081
2015-11-19,BHARTIARTL,INE397D01024,,335.15,341.0,332.2,339.55,1787205,601881694.4,0.9354315813337568,317.62579344187714
2015-11-20,BHARTIARTL,INE397D01024,,338.55,344.35,334.0,341.35,2087013,706647193.85,0.9354315813337568,319.3095702882779
2015-11-23,BHARTIARTL,INE397D01024,,341.6,346.2,336.95,339.0,1934436,659923037.7,0.9354315813337568,317.1113060721436
2015-11-24,BHARTIARTL,INE397D01024,,339.5,345.7,335.15,341.55,2597651,884215388.8,0.9354315813337568,319.4966566045446
2015-11-26,BHARTIARTL,INE397D01024,,342.0,345.65,340.05,342.15,7324230,2507442388.55,0.9354315813337568,320.05791555334486
2015-11-27,BHARTIARTL,INE397D01024,,343.9,344.75,339.35,342.2,1315880,449913471.15,0.9354315813337568,320.1046871324116
2015-11-30,BHARTIARTL,INE397D01024,,343.0,344.0,333.2,334.35,6408570,2148157480.25,0.9354315813337568,312.76154921894164
2015-12-01,BHARTIARTL,INE397D01024,,335.95,335.95,321.45,322.75,8163924,2652770564.2,0.9354315813337568,301.91054287547
2015-12-02,BHARTIARTL,INE397D01024,,325.3,325.55,316.45,322.9,6132838,1965906361.85,0.9354315813337568,302.05085761267003
2015-12-03,BHARTIARTL,INE397D01024,,322.0,326.5,318.5,319.55,3973225,1281766004.45,0.9354315813337568,298.917161815202
2015-12-04,BHARTIARTL,INE397D01024,,318.0,322.5,317.15,321.3,2651126,849727448.15,0.9354315813337568,300.5541670825361
2015-12-07,BHARTIARTL,INE397D01024,,321.3,324.0,318.65,320.1,2420069,774595566.7,0.9354315813337568,299.43164918493557
2015-12-08,BHARTIARTL,INE397D01024,,320.0,320.45,315.1,317.85,4137318,1316554306.35,0.9354315813337568,297.3269281269346
2015-12-09,BHARTIARTL,INE397D01024,,317.25,317.5,308.1,310.85,4676095,1453216922.45,0.9354315813337568,290.7789070575983
2015-12-10,BHARTIARTL,INE397D01024,,313.9,314.45,308.5,312.65,2109887,658246094.3,0.9354315813337568,292.46268390399905
2015-12-11,BHARTIARTL,INE397D01024,,315.0,315.0,307.5,309.55,2123322,659486155.35,0.9354315813337568,289.56284600186444
2015-12-14,BHARTIARTL,INE397D01024,,307.0,311.0,304.15,306.15,3448481,1056636400.95,0.9354315813337568,286.38237862532964
2015-12-15,BHARTIARTL,INE397D01024,,306.15,310.0,304.6,309.2,2364423,729882640.9,0.9354315813337568,289.23544494839757
2015-12-16,BHARTIARTL,INE397D01024,,311.0,321.95,309.55,320.35,4134516,1317441685.45,0.9354315813337568,299.66550708026904
2015-12-17,BHARTIARTL,INE397D01024,,321.0,324.3,320.05,322.4,3605149,1161616489.4,0.9354315813337568,301.5831418220032
2015-12-18,BHARTIARTL,INE397D01024,,322.3,323.4,318.0,319.05,4095659,1309530110.6,0.9354315813337568,298.4494460245351
2015-12-21,BHARTIARTL,INE397D01024,,319.45,323.25,317.0,320.9,2978983,953755631.7,0.9354315813337568,300.17999445000254
2015-12-22,BHARTIARTL,INE397D01024,,321.0,327.3,320.2,323.2,3339358,1082781833.45,0.9354315813337568,302.3314870870702
2015-12-23,BHARTIARTL,INE397D01024,,326.0,332.85,324.2,332.35,3587112,1182482134.75,0.9354315813337568,310.8906860562741
2015-12-24,BHARTIARTL,INE397D01024,,332.25,339.75,328.65,338.45,2576348,863524099.15,0.9354315813337568,316.59681870240996
2015-12-28,BHARTIARTL,INE397D01024,,337.25,338.0,330.0,331.75,3007130,1000511016.25,0.9354315813337568,310.3294271074738
2015-12-29,BHARTIARTL,INE397D01024,,332.9,336.25,330.5,335.25,2513363,840656892.4,0.9354315813337568,313.60343764214196
2015-12-30,BHARTIARTL,INE397D01024,,339.0,339.35,332.05,333.1,1555673,521989017.0,0.9354315813337568,311.5922597422744
2015-12-31,BHARTIARTL,INE397D01024,,334.0,341.75,332.45,340.4,2952266,998655570.8,0.9354315813337568,318.4209102860108
2016-01-01,BHARTIARTL,INE397D01024,,339.95,344.0,337.65,340.5,1250268,426436931.25,0.9354315813337568,318.5144534441442
2016-01-04,BHARTIARTL,INE397D01024,,338.0,338.95,321.0,326.8,3152751,1035909409.55,0.9354315813337568,305.6990407798717
2016-01-05,BHARTIARTL,INE397D01024,,327.0,328.75,321.0,323.45,2118958,685694867.45,0.9354315813337568,302.56534498240364
2016-01-06,BHARTIARTL,INE397D01024,,325.9,332.5,319.65,322.2,2414140,789629792.25,0.9354315813337568,301.39605550573646
2016-01-07,BHARTIARTL,INE397D01024,,320.9,325.8,316.6,322.35,2825774,908517294.9,0.9354315813337568,301.5363702429365
2016-01-08,BHARTIARTL,INE397D01024,,324.3,324.95,318.5,323.85,1801868,580504701.1,0.9354315813337568,302.9395176149372
2016-01-11,BHARTIARTL,INE397D01024,,321.0,324.0,314.7,321.15,2519730,805062959.7,0.9354315813337568,300.41385234533595
2016-01-12,BHARTIARTL,INE397D01024,,322.0,325.45,313.6,315.4,2940261,929454067.0,0.9354315813337568,295.0351207526669
2016-01-13,BHARTIARTL,INE397D01024,,321.0,322.55,302.05,308.6,4546017,1414587175.45,0.9354315813337568,288.6741859995974
2016-01-14,BHARTIARTL,INE397D01024,,306.9,312.0,300.5,308.75,3274522,1003569498.65,0.9354315813337568,288.8145007367974
2016-01-15,BHARTIARTL,INE397D01024,,311.7,311.7,303.1,306.1,3219918,985292635.2,0.9354315813337568,286.33560704626296
2016-01-18,BHARTIARTL,INE397D01024,,307.8,308.7,293.85,300.25,4122977,1239095928.75,0.9354315813337568,280.8633322954605
2016-01-19,BHARTIARTL,INE397D01024,,301.8,312.4,298.4,310.3,3341662,1025383930.2,0.9354315813337568,290.26441968786474
2016-01-20,BHARTIARTL,INE397D01024,,308.5,313.85,302.8,309.6,5073820,1559391192.65,0.9354315813337568,289.6096175809311
2016-01-21,BHARTIARTL,INE397D01024,,313.0,313.4,303.65,309.3,3084225,948819767.65,0.9354315813337568,289.32898810653097
2016-01-22,BHARTIARTL,INE397D01024,,311.1,311.2,291.55,298.7,5321085,1583888533.9,0.9354315813337568,279.4134133443932
2016-01-25,BHARTIARTL,INE397D01024,,299.85,300.95,292.55,297.5,3136094,930334635.05,0.9354315813337568,278.29089544679266
2016-01-27,BHARTIARTL,INE397D01024,,297.5,299.5,291.8,297.8,5087567,1510433913.85,0.9354315813337568,278.5715249211928
2016-01-28,BHARTIARTL,INE397D01024,,294.3,295.85,288.35,291.4,6381357,1864543893.45,0.9354315813337568,272.58476280065673
2016-01-29,BHARTIARTL,INE397D01024,,289.4,297.3,282.3,289.9,6645497,1912738123.05,0.9354315813337568,271.1816154286561
2016-02-01,BHARTIARTL,INE397D01024,,292.2,298.0,291.2,296.6,3988413,1176085332.4,0.9354315813337568,277.4490070235923
2016-02-02,BHARTIARTL,INE397D01024,,296.6,304.0,295.7,302.2,4333890,1308946779.5,0.9354315813337568,282.68742387906127
2016-02-03,BHARTIARTL,INE397D01024,,300.7,301.8,296.15,299.8,4716217,1408048041.05,0.9354315813337568,280.4423880838603
2016-02-04,BHARTIARTL,INE397D01024,,303.8,305.8,301.6,304.25,3074313,933539663.95,0.9354315813337568,284.6050586207955
2016-02-05,BHARTIARTL,INE397D01024,,302.1,308.5,302.05,307.2,2385945,729889310.05,0.9354315813337568,287.3645817857301
2016-02-08,BHARTIARTL,INE397D01024,,308.35,313.5,305.6,311.0,2481260,771690489.25,0.9354315813337568,290.9192217947984
2016-02-09,BHARTIARTL,INE397D01024,,309.0,313.95,307.0,312.25,2835306,883719911.2,0.9354315813337568,292.08851127146556
2016-02-10,BHARTIARTL,INE397D01024,,311.0,314.95,308.5,311.3,9174821,2851237215.55,0.9354315813337568,291.1998512691985
2016-02-11,BHARTIARTL,INE397D01024,,305.0,315.5,304.45,308.7,5876839,1826423857.05,0.9354315813337568,288.76772915773074
2016-02-12,BHARTIARTL,INE397D01024,,312.5,330.0,307.5,324.55,3649561,1155967943.15,0.9354315813337568,303.59431972187076
2016-02-15,BHARTIARTL,INE397D01024,,328.55,329.9,316.45,318.9,5061087,1618667636.2,0.9354315813337568,298.30913128733505
2016-02-16,BHARTIARTL,INE397D01024,,322.35,324.9,313.75,315.3,2623523,838659461.15,0.9354315813337568,294.94157759453356
2016-02-17,BHARTIARTL,INE397D01024,,313.5,321.6,308.6,319.55,3582126,1122428184.55,0.9354315813337568,298.917161815202
2016-02-18,BHARTIARTL,INE397D01024,,323.0,323.1,316.05,321.2,2315365,738969240.85,0.9354315813337568,300.4606239244027
2016-02-19,BHARTIARTL,INE397D01024,,320.5,327.95,316.75,326.05,5373117,1747029575.0,0.9354315813337568,304.9974670938714
2016-02-22,BHARTIARTL,INE397D01024,,324.5,334.9,322.0,329.1,3113993,1028071382.25,0.9354315813337568,307.8505334169394
2016-02-23,BHARTIARTL,INE397D01024,,333.0,333.0,318.1,321.3,4900675,1592599168.15,0.9354315813337568,300.5541670825361
2016-02-24,BHARTIARTL,INE397D01024,,318.15,325.55,317.65,323.95,2274192,733341074.35,0.9354315813337568,303.03306077307053
2016-02-25,BHARTIARTL,INE397D01024,,324.95,325.45,318.0,322.55,8613286,2772502495.85,0.9354315813337568,301.72345655920327
2016-02-26,BHARTIARTL,INE397D01024,,324.85,324.85,317.0,317.95,6367019,2031897505.1,0.9354315813337568,297.42047128506795
2016-02-29,BHARTIARTL,INE397D01024,,317.0,322.35,313.05,315.5,3594778,1138026312.8,0.9354315813337568,295.1286639108003
2016-03-01,BHARTIARTL,INE397D01024,,315.55,322.3,310.25,320.7,4353551,1388518771.0,0.9354315813337568,299.9929081337358
2016-03-02,BHARTIARTL,INE397D01024,,322.0,327.75,321.0,326.35,2964861,960423252.85,0.9354315813337568,305.27809656827156
2016-03-03,BHARTIARTL,INE397D01024,,328.4,334.95,324.0,333.4,2942607,976987411.2,0.9354315813337568,311.8728892166745
2016-03-04,BHARTIARTL,INE397D01024,,332.0,336.65,327.1,329.25,1953836,647249063.8,0.9354315813337568,307.9908481541394
2016-03-08,BHARTIARTL,INE397D01024,,329.5,334.0,326.75,331.5,2157320,713421132.6,0.9354315813337568,310.0955692121404
2016-03-09,BHARTIARTL,INE397D01024,,329.05,335.85,328.3,334.6,3091469,1028629035.3,0.9354315813337568,312.99540711427505
2016-03-10,BHARTIARTL,INE397D01024,,332.05,338.7,331.0,336.3,1656083,552396651.3,0.9354315813337568,314.5856408025424
2016-03-11,BHARTIARTL,INE397D01024,,335.0,338.8,334.0,337.25,2720156,913260150.0,0.9354315813337568,315.4743008048095
2016-03-14,BHARTIARTL,INE397D01024,,335.15,342.0,331.8,340.75,2373050,800886556.05,0.9354315813337568,318.74831133947765
2016-03-15,BHARTIARTL,INE397D01024,,340.0,344.5,336.0,342.9,2081414,712431523.05,0.9354315813337568,320.7594892393452
2016-03-16,BHARTIARTL,INE397D01024,,341.25,344.8,335.4,338.5,3931205,1331141804.65,0.9354315813337568,316.6435902814767
2016-03-17,BHARTIARTL,INE397D01024,,341.3,351.7,338.05,340.75,6449118,2237749308.7,0.9354315813337568,318.74831133947765
2016-03-18,BHARTIARTL,INE397D01024,,345.8,348.25,340.05,344.3,3561683,1223800220.65,0.9354315813337568,322.0690934532125
2016-03-21,BHARTIARTL,INE397D01024,,345.0,355.0,343.2,353.65,2535611,892930510.6,0.9354315813337568,330.8153787386831
2016-03-22,BHARTIARTL,INE397D01024,,354.9,356.7,344.65,350.9,3988349,1392251945.5,0.9354315813337568,328.24294189001523
2016-03-23,BHARTIARTL,INE397D01024,,352.0,361.4,352.0,358.2,4611410,1652156810.25,0.9354315813337568,335.0715924337517
2016-03-28,BHARTIARTL,INE397D01024,,358.9,361.0,346.85,349.8,4173356,1470387919.1,0.9354315813337568,327.21396715054817
2016-03-29,BHARTIARTL,INE397D01024,,347.0,357.75,346.05,354.5,3671058,1292360254.15,0.9354315813337568,331.6104955828168
2016-03-30,BHARTIARTL,INE397D01024,,355.0,359.25,351.1,353.8,3811564,1349453210.2,0.9354315813337568,330.95569347588315
2016-03-31,BHARTIARTL,INE397D01024,,353.5,356.65,346.55,350.8,7144216,2514277180.15,0.9354315813337568,328.1493987318819
2016-04-01,BHARTIARTL,INE397D01024,,350.2,350.2,332.2,335.45,4071134,1370947598.5,0.9354315813337568,313.7905239584087
2016-04-04,BHARTIARTL,INE397D01024,,335.55,350.9,335.55,348.5,3095605,1064072040.6,0.9354315813337568,325.99790609481425
2016-04-05,BHARTIARTL,INE397D01024,,346.5,346.5,329.05,330.5,4767509,1592960648.3,0.9354315813337568,309.1601376308066
2016-04-06,BHARTIARTL,INE397D01024,,333.45,339.55,331.55,334.5,2737206,918436638.0,0.9354315813337568,312.90186395614165
2016-04-07,BHARTIARTL,INE397D01024,,336.1,336.3,329.25,331.25,2177209,722273901.3,0.9354315813337568,309.8617113168069
2016-04-08,BHARTIARTL,INE397D01024,,331.95,337.4,325.6,334.6,2090508,691337879.4,0.9354315813337568,312.99540711427505
2016-04-11,BHARTIARTL,INE397D01024,,341.45,350.0,341.0,348.25,4077524,1413340653.35,0.9354315813337568,325.7640481994808
2016-04-12,BHARTIARTL,INE397D01024,,348.2,352.5,344.15,350.1,2784511,972221065.75,0.9354315813337568,327.49459662494826
2016-04-13,BHARTIARTL,INE397D01024,,351.05,364.5,349.6,351.25,5961256,2115546021.85,0.9354315813337568,328.5703429434821
2016-04-18,BHARTIARTL,INE397D01024,,355.05,363.0,352.2,359.4,2549108,908231525.7,0.9354315813337568,336.1941103313522
2016-04-20,BHARTIARTL,INE397D01024,,364.0,364.35,354.1,356.65,2929869,1049457367.3,0.9354315813337568,333.62167348268434
2016-04-21,BHARTIARTL,INE397D01024,,357.85,359.0,351.0,357.25,1999186,708011591.1,0.9354315813337568,334.18293243148463
2016-04-22,BHARTIARTL,INE397D01024,,351.0,357.95,349.75,353.1,1315980,465531904.05,0.9354315813337568,330.3008913689496
2016-04-25,BHARTIARTL,INE397D01024,,354.3,364.0,354.3,358.95,3092288,1112837874.75,0.9354315813337568,335.773166119752
2016-04-26,BHARTIARTL,INE397D01024,,357.45,363.8,355.4,360.4,2348466,845115670.8,0.9354315813337568,337.1295419126859
2016-04-27,BHARTIARTL,INE397D01024,,365.0,381.4,362.15,373.05,7767551,2902824056.4,0.9354315813337568,348.962751416558
2016-04-28,BHARTIARTL,INE397D01024,,383.45,385.0,370.5,372.7,9027610,3399311149.5,0.9354315813337568,348.63535036309116
2016-04-29,BHARTIARTL,INE397D01024,,371.85,372.6,360.5,363.6,4876927,1778020084.35,0.9354315813337568,340.122922972954
2016-05-02,BHARTIARTL,INE397D01024,,363.0,364.5,356.4,357.8,1572749,564260573.65,0.9354315813337568,334.6974198012182
2016-05-03,BHARTIARTL,INE397D01024,,358.0,370.5,358.0,368.35,3919783,1437402189.65,0.9354315813337568,344.56622298428937
2016-05-04,BHARTIARTL,INE397D01024,,365.95,369.25,359.3,361.45,1697313,616395892.1,0.9354315813337568,338.1117450730864
2016-05-05,BHARTIARTL,INE397D01024,,362.5,366.0,351.65,354.4,2140529,764238933.35,0.9354315813337568,331.5169524246834
2016-05-06,BHARTIARTL,INE397D01024,,357.0,364.45,354.4,359.1,2880488,1036472888.35,0.9354315813337568,335.9134808569521
2016-05-09,BHARTIARTL,INE397D01024,,360.25,367.9,358.2,366.8,1866271,678915909.4,0.9354315813337568,343.11630403322204
2016-05-10,BHARTIARTL,INE397D01024,,367.5,369.3,360.35,368.85,2642844,967172575.0,0.9354315813337568,345.0339387749562
2016-05-11,BHARTIARTL,INE397D01024,,364.5,377.45,357.0,358.9,4791361,1752267077.05,0.9354315813337568,335.7263945406853
2016-05-12,BHARTIARTL,INE397D01024,,363.0,363.55,355.7,362.1,2905943,1047937343.3,0.9354315813337568,338.71977560095337
2016-05-13,BHARTIARTL,INE397D01024,,362.0,362.0,353.0,354.9,3610466,1282310093.5,0.9354315813337568,331.98466821535027
2016-05-16,BHARTIARTL,INE397D01024,,355.0,356.15,342.85,353.45,2700321,941466261.25,0.9354315813337568,330.62829242241634
2016-05-17,BHARTIARTL,INE397D01024,,356.0,359.0,348.6,351.2,2478092,874993057.8,0.9354315813337568,328.5235713644154
2016-05-18,BHARTIARTL,INE397D01024,,350.0,352.6,347.25,351.25,2182531,763664728.85,0.9354315813337568,328.5703429434821
2016-05-19,BHARTIARTL,INE397D01024,,351.25,352.8,343.4,344.8,2470460,855241071.6,0.9354315813337568,322.53680924387936
2016-05-20,BHARTIARTL,INE397D01024,,345.9,346.5,339.3,341.95,3784752,1296399770.15,0.9354315813337568,319.8708292370781
2016-05-23,BHARTIARTL,INE397D01024,,346.7,348.75,341.5,345.85,1660748,574360606.65,0.9354315813337568,323.5190124042798
2016-05-24,BHARTIARTL,INE397D01024,,345.9,346.95,341.8,345.15,2067119,712047211.05,0.9354315813337568,322.8642102973461
2016-05-25,BHARTIARTL,INE397D01024,,347.1,352.5,347.0,351.65,1944422,681968661.2,0.9354315813337568,328.9445155760156
2016-05-26,BHARTIARTL,INE397D01024,,352.0,356.0,347.75,352.85,4752719,1678833337.55,0.9354315813337568,330.0670334736161
2016-05-27,BHARTIARTL,INE397D01024,,352.95,357.6,349.55,351.25,2772151,979533414.75,0.9354315813337568,328.5703429434821
2016-05-30,BHARTIARTL,INE397D01024,,353.1,357.2,352.25,355.9,2564704,910501460.85,0.9354315813337568,332.92009979668404
2016-05-31,BHARTIARTL,INE397D01024,,356.9,357.0,347.15,351.4,21884214,7693651505.75,0.9354315813337568,328.7106576806821
2016-06-01,BHARTIARTL,INE397D01024,,353.55,364.35,352.3,363.25,2777337,997983585.95,0.9354315813337568,339.79552191948716
2016-06-02,BHARTIARTL,INE397D01024,,361.35,368.0,359.8,366.2,2347471,857625303.45,0.9354315813337568,342.55504508442175
2016-06-03,BHARTIARTL,INE397D01024,,365.0,365.7,355.35,358.15,3314283,1191469833.3,0.9354315813337568,335.024820854685
2016-06-06,BHARTIARTL,INE397D01024,,357.0,359.05,347.2,348.75,4744743,1666946358.4,0.9354315813337568,326.23176399014767
2016-06-07,BHARTIARTL,INE397D01024,,348.75,352.1,347.3,349.15,4022603,1406612799.25,0.9354315813337568,326.60593662268116
2016-06-08,BHARTIARTL,INE397D01024,,355.6,358.25,351.6,352.65,2391937,849409543.3,0.9354315813337568,329.8799471573493
2016-06-09,BHARTIARTL,INE397D01024,,355.5,356.4,349.8,351.25,1396930,492632190.8,0.9354315813337568,328.5703429434821
2016-06-10,BHARTIARTL,INE397D01024,,349.7,353.55,347.6,351.1,1965285,690278338.3,0.9354315813337568,328.43002820628203
2016-06-13,BHARTIARTL,INE397D01024,,348.3,350.5,341.55,342.4,1965043,678060761.1,0.9354315813337568,320.2917734486783
2016-06-14,BHARTIARTL,INE397D01024,,343.2,344.5,337.35,342.65,3026950,1030978794.95,0.9354315813337568,320.52563134401174
2016-06-15,BHARTIARTL,INE397D01024,,348.0,352.85,347.0,351.9,2937711,1031745943.7,0.9354315813337568,329.178373471349
2016-06-16,BHARTIARTL,INE397D01024,,351.55,351.95,341.25,346.5,2355893,813842424.2,0.9354315813337568,324.1270429321467
2016-06-17,BHARTIARTL,INE397D01024,,348.0,358.9,344.45,357.0,5039991,1779551492.2,0.9354315813337568,333.94907453615116
2016-06-20,BHARTIARTL,INE397D01024,,356.0,366.0,353.8,364.5,2889376,1044853984.05,0.9354315813337568,340.96481139615435
2016-06-21,BHARTIARTL,INE397D01024,,362.25,364.7,360.15,362.2,1455994,527522947.5,0.9354315813337568,338.8133187590867
2016-06-22,BHARTIARTL,INE397D01024,,363.95,367.0,360.85,363.05,2162737,787732454.65,0.9354315813337568,339.6084356032204
2016-06-23,BHARTIARTL,INE397D01024,,364.7,365.75,362.0,364.8,1266933,460793436.25,0.9354315813337568,341.2454408705545
2016-06-24,BHARTIARTL,INE397D01024,,357.0,360.0,348.7,355.85,2203750,778448868.1,0.9354315813337568,332.87332821761737
2016-06-27,BHARTIARTL,INE397D01024,,354.0,357.95,349.75,351.15,2430919,855271910.65,0.9354315813337568,328.4767997853487
2016-06-28,BHARTIARTL,INE397D01024,,352.35,358.5,351.8,357.1,3191711,1138303448.4,0.9354315813337568,334.04261769428456
2016-06-29,BHARTIARTL,INE397D01024,,358.5,360.3,354.25,356.2,2225253,795304764.95,0.9354315813337568,333.2007292710842
2016-06-30,BHARTIARTL,INE397D01024,,358.0,370.0,355.45,366.8,3674149,1336091117.9,0.9354315813337568,343.11630403322204
2016-07-01,BHARTIARTL,INE397D01024,,365.8,372.85,362.65,368.35,2620663,969083763.05,0.9354315813337568,344.56622298428937
2016-07-04,BHARTIARTL,INE397D01024,,370.55,375.9,368.9,373.35,1672423,623987876.5,0.9354315813337568,349.2433808909581
2016-07-05,BHARTIARTL,INE397D01024,,374.0,374.0,363.6,365.9,1405904,515824746.75,0.9354315813337568,342.2744156100216
2016-07-07,BHARTIARTL,INE397D01024,,365.0,371.3,362.65,363.35,2348712,863875160.1,0.9354315813337568,339.88906507762056
2016-07-08,BHARTIARTL,INE397D01024,,360.75,362.25,353.0,355.05,1574377,559086225.85,0.9354315813337568,332.12498295255034
2016-07-11,BHARTIARTL,INE397D01024,,365.9,365.9,358.05,359.85,2196825,793541069.95,0.9354315813337568,336.6150545429524
2016-07-12,BHARTIARTL,INE397D01024,,362.4,364.5,360.0,363.3,1201581,435697275.7,0.9354315813337568,339.8422934985539
2016-07-13,BHARTIARTL,INE397D01024,,365.9,365.95,359.1,363.7,1450574,525316904.9,0.9354315813337568,340.2164661310873
2016-07-14,BHARTIARTL,INE397D01024,,363.6,367.7,361.85,366.95,989099,362073003.6,0.9354315813337568,343.25661877042205
2016-07-15,BHARTIARTL,INE397D01024,,365.4,379.95,365.4,378.9,2536815,950267327.3,0.9354315813337568,354.43502616736043
2016-07-18,BHARTIARTL,INE397D01024,,379.7,380.0,361.05,362.65,3238034,1197371274.75,0.9354315813337568,339.23426297068687
2016-07-19,BHARTIARTL,INE397D01024,,359.05,368.2,357.6,364.3,3201786,1164003744.7,0.9354315813337568,340.7777250798876
2016-07-20,BHARTIARTL,INE397D01024,,364.2,366.95,361.35,363.4,2564180,932126447.65,0.9354315813337568,339.93583665668723
2016-07-21,BHARTIARTL,INE397D01024,,365.9,369.7,362.5,367.85,1981372,727073986.95,0.9354315813337568,344.0985071936225
2016-07-22,BHARTIARTL,INE397D01024,,368.0,369.8,364.1,367.35,2307181,847789547.5,0.9354315813337568,343.6307914029556
2016-07-25,BHARTIARTL,INE397D01024,,364.0,372.8,363.1,371.95,1668016,616277395.55,0.9354315813337568,347.93377667709086
2016-07-26,BHARTIARTL,INE397D01024,,370.0,372.95,366.85,369.85,1678667,619702821.35,0.9354315813337568,345.96937035628997
2016-07-27,BHARTIARTL,INE397D01024,,370.7,377.25,368.4,372.55,2337156,871096300.4,0.9354315813337568,348.4950356258911
2016-07-28,BHARTIARTL,INE397D01024,,381.8,381.8,363.6,371.9,7405226,2750713194.4,0.9354315813337568,347.88700509802413
2016-07-29,BHARTIARTL,INE397D01024,,371.9,371.9,360.45,362.05,3765474,1370244886.5,0.9354315813337568,338.67300402188664
2016-08-01,BHARTIARTL,INE397D01024,,363.45,367.0,362.1,364.0,1599986,582825166.9,0.9354315813337568,340.49709560548746
2016-08-02,BHARTIARTL,INE397D01024,,361.9,364.8,355.65,357.8,3206029,1158353162.0,0.9354315813337568,334.6974198012182
2016-08-03,BHARTIARTL,INE397D01024,,359.15,360.4,353.25,358.85,2245459,801754318.85,0.9354315813337568,335.67962296161863
2016-08-04,BHARTIARTL,INE397D01024,,359.8,368.75,353.05,366.25,2975193,1075955371.7,0.9354315813337568,342.6018166634884
2016-08-05,BHARTIARTL,INE397D01024,,367.2,371.5,359.55,364.0,3838729,1404127553.4,0.9354315813337568,340.49709560548746
2016-08-08,BHARTIARTL,INE397D01024,,363.0,364.9,349.3,351.55,4841846,1713947717.75,0.9354315813337568,328.8509724178822
2016-08-09,BHARTIARTL,INE397D01024,,352.9,355.05,344.75,349.45,5168298,1809689739.55,0.9354315813337568,326.8865660970813
2016-08-10,BHARTIARTL,INE397D01024,,351.0,353.4,345.0,346.45,1535903,536248418.4,0.9354315813337568,324.08027135308004
2016-08-11,BHARTIARTL,INE397D01024,,346.25,346.75,342.0,346.35,2485709,856092436.4,0.9391181180361067,325.2635601818056
2016-08-12,BHARTIARTL,INE397D01024,,344.25,349.0,344.1,347.8,2356815,816972624.8,0.9391181180361067,326.6252814529579
2016-08-16,BHARTIARTL,INE397D01024,,348.5,351.35,339.7,342.45,3742897,1286595290.0,0.9391181180361067,321.6009995214647
2016-08-17,BHARTIARTL,INE397D01024,,343.5,349.5,343.5,345.65,3222433,1117377683.3,0.9391181180361067,324.60617749918026
2016-08-18,BHARTIARTL,INE397D01024,,348.4,353.9,346.85,353.15,1886760,662911489.6,0.9391181180361067,331.649563384451
2016-08-19,BHARTIARTL,INE397D01024,,354.0,355.0,347.3,351.4,1708149,598097673.4,0.9391181180361067,330.0061066778879
2016-08-22,BHARTIARTL,INE397D01024,,351.0,353.0,346.1,350.2,886465,309891787.45,0.9391181180361067,328.87916493624454
2016-08-23,BHARTIARTL,INE397D01024,,348.0,355.4,344.7,353.75,2295101,803695440.05,0.9391181180361067,332.21303425527276
2016-08-24,BHARTIARTL,INE397D01024,,354.0,358.35,350.0,352.6,1631250,576909699.5,0.9391181180361067,331.13304841953124
2016-08-25,BHARTIARTL,INE397D01024,,351.25,354.0,344.1,346.0,3229352,1121061798.5,0.9391181180361067,324.9348688404929
2016-08-26,BHARTIARTL,INE397D01024,,347.5,348.1,341.55,343.95,1127246,387863910.45,0.9391181180361067,323.0096766985189
2016-08-29,BHARTIARTL,INE397D01024,,343.5,347.75,335.25,342.6,2549031,871185361.95,0.9391181180361067,321.7418672391702
2016-08-30,BHARTIARTL,INE397D01024,,342.75,344.1,328.75,331.85,4044189,1348408562.05,0.9391181180361067,311.646347470282
2016-08-31,BHARTIARTL,INE397D01024,,332.25,336.9,328.85,331.65,6401848,2126450775.55,0.9391181180361067,311.4585238466748
2016-09-01,BHARTIARTL,INE397D01024,,330.0,332.35,301.5,310.85,35411027,11025358117.25,0.9391181180361067,291.9248669915238
2016-09-02,BHARTIARTL,INE397D01024,,308.15,320.95,306.5,318.9,15330612,4815907586.1,0.9391181180361067,299.4847678417144
2016-09-06,BHARTIARTL,INE397D01024,,318.9,322.8,312.65,321.5,7067529,2246594667.75,0.9391181180361067,301.9264749486083
2016-09-07,BHARTIARTL,INE397D01024,,318.5,322.4,316.1,320.15,3414495,1089972215.25,0.9391181180361067,300.65866548925953
2016-09-08,BHARTIARTL,INE397D01024,,320.15,327.2,319.0,324.4,3442329,1113620264.15,0.9391181180361067,304.64991749091297
2016-09-09,BHARTIARTL,INE397D01024,,323.5,326.75,318.35,322.1,2956745,953330433.55,0.9391181180361067,302.48994581943
2016-09-12,BHARTIARTL,INE397D01024,,317.9,321.95,314.1,318.05,3149855,1003435986.15,0.9391181180361067,298.6865174413837
2016-09-14,BHARTIARTL,INE397D01024,,317.1,323.25,317.1,319.85,2004656,641821359.0,0.9391181180361067,300.37693005384875
2016-09-15,BHARTIARTL,INE397D01024,,319.05,325.0,316.9,322.7,2074012,666480820.15,0.9391181180361067,303.0534166902516
2016-09-16,BHARTIARTL,INE397D01024,,322.1,326.5,321.1,323.6,3230892,1045700783.75,0.9391181180361067,303.89862299648416
2016-09-19,BHARTIARTL,INE397D01024,,323.0,325.0,321.05,324.15,1529681,494664610.9,0.9391181180361067,304.41513796140396
2016-09-20,BHARTIARTL,INE397D01024,,324.0,324.0,317.7,319.2,2739997,876061397.1,0.9391181180361067,299.76650327712525
2016-09-21,BHARTIARTL,INE397D01024,,320.4,323.0,318.8,321.85,1663305,533772975.05,0.9391181180361067,302.25516628992096
2016-09-22,BHARTIARTL,INE397D01024,,323.6,327.95,322.65,327.0,1480515,482184258.5,0.9391181180361067,307.09162459780686
2016-09-23,BHARTIARTL,INE397D01024,,326.0,330.0,324.0,326.95,2135834,700527233.2,0.9391181180361067,307.0446686919051
2016-09-26,BHARTIARTL,INE397D01024,,326.0,328.7,319.1,320.35,2155103,692007530.3,0.9391181180361067,300.8464891128668
2016-09-27,BHARTIARTL,INE397D01024,,321.9,321.9,314.05,314.8,2244406,709713753.35,0.9391181180361067,295.6343835577664
2016-09-28,BHARTIARTL,INE397D01024,,313.55,323.45,311.1,321.75,2941322,936808182.2,0.9391181180361067,302.1612544781173
2016-09-29,BHARTIARTL,INE397D01024,,322.5,323.7,314.1,315.7,6256119,1980462837.65,0.9391181180361067,296.47958986399885
2016-09-30,BHARTIARTL,INE397D01024,,315.75,316.5,308.1,314.0,5727632,1786600452.45,0.9391181180361067,294.8830890633375
2016-10-03,BHARTIARTL,INE397D01024,,314.0,320.0,314.0,318.7,1507552,479239488.3,0.9391181180361067,299.29694421810717
2016-10-04,BHARTIARTL,INE397D01024,,317.5,324.85,316.1,324.0,2621167,841661589.55,0.9391181180361067,304.27427024369854
2016-10-05,BHARTIARTL,INE397D01024,,322.0,326.15,320.6,321.7,1297532,420246969.7,0.9391181180361067,302.1142985722155
2016-10-06,BHARTIARTL,INE397D01024,,324.95,325.25,319.1,322.3,1569393,505909857.9,0.9391181180361067,302.67776944303716
2016-10-07,BHARTIARTL,INE397D01024,,322.6,324.45,317.2,319.45,1331294,426154014.5,0.9391181180361067,300.00128280663426
2016-10-10,BHARTIARTL,INE397D01024,,318.1,319.9,315.0,315.9,2421849,765983978.3,0.9391181180361067,296.6674134876061
2016-10-13,BHARTIARTL,INE397D01024,,312.95,313.9,305.5,306.75,3100457,960833883.85,0.9391181180361067,288.0744827075757
2016-10-14,BHARTIARTL,INE397D01024,,307.9,307.9,302.4,305.4,4894941,1489636480.3,0.9391181180361067,286.80667324822696
2016-10-17,BHARTIARTL,INE397D01024,,305.4,305.85,296.25,301.3,3406493,1023133931.0,0.9391181180361067,282.95628896427894
2016-10-18,BHARTIARTL,INE397D01024,,302.0,308.0,297.05,306.65,4599085,1388495944.8,0.9391181180361067,287.9805708957721
2016-10-19,BHARTIARTL,INE397D01024,,306.65,309.45,304.0,306.95,4572957,1402806488.1,0.9391181180361067,288.2623063311829
2016-10-20,BHARTIARTL,INE397D01024,,307.1,310.5,305.0,309.1,4768039,1469609144.55,0.9391181180361067,290.2814102849606
2016-10-21,BHARTIARTL,INE397D01024,,311.4,311.4,305.6,309.75,2129413,656507090.6,0.9391181180361067,290.89183706168404
2016-10-24,BHARTIARTL,INE397D01024,,306.35,308.0,303.65,306.65,1969377,602991199.3,0.9391181180361067,287.9805708957721
2016-10-25,BHARTIARTL,INE397D01024,,303.5,312.4,301.7,311.8,3627374,1112973226.1,0.9391181180361067,292.8170292036581
2016-10-26,BHARTIARTL,INE397D01024,,315.0,322.9,314.8,317.7,5893311,1879447708.95,0.9391181180361067,298.35782610007107
2016-10-27,BHARTIARTL,INE397D01024,,314.55,325.65,313.6,323.1,5061205,1624633767.75,0.9391181180361067,303.4290639374661
2016-10-28,BHARTIARTL,INE397D01024,,322.95,322.95,318.25,318.85,1411617,451073532.25,0.9391181180361067,299.43781193581265
2016-11-01,BHARTIARTL,INE397D01024,,318.0,320.7,316.25,317.45,2161829,687010392.9,0.9391181180361067,298.12304657056205
2016-11-02,BHARTIARTL,INE397D01024,,315.5,315.6,308.65,309.6,2002267,626519299.85,0.9391181180361067,290.7509693439786
2016-11-03,BHARTIARTL,INE397D01024,,309.0,315.35,305.3,308.95,2693912,835118518.85,0.9391181180361067,290.1405425672551
2016-11-04,BHARTIARTL,INE397D01024,,309.75,310.55,304.05,306.7,2141519,656843480.05,0.9391181180361067,288.0275268016739
2016-11-07,BHARTIARTL,INE397D01024,,311.9,311.9,303.7,305.6,1664774,509901056.55,0.9391181180361067,286.9944968718342
2016-11-08,BHARTIARTL,INE397D01024,,306.6,306.75,301.0,304.9,1376855,418497097.65,0.9391181180361067,286.3371141892089
2016-11-09,BHARTIARTL,INE397D01024,,288.0,305.0,283.05,301.0,5110029,1516810909.75,0.9391181180361067,282.6745535288681
2016-11-10,BHARTIARTL,INE397D01024,,305.0,314.1,303.25,308.65,2875894,891214641.95,0.9391181180361067,289.8588071318443
2016-11-11,BHARTIARTL,INE397D01024,,304.0,307.95,298.35,301.4,1699888,512442351.1,0.9391181180361067,283.05020077608253
2016-11-15,BHARTIARTL,INE397D01024,,303.0,304.9,294.0,302.65,2806881,839988929.15,0.9391181180361067,284.22409842362765
2016-11-16,BHARTIARTL,INE397D01024,,305.05,311.35,303.3,309.65,2475716,763056713.4,0.9391181180361067,290.7979252498804
2016-11-17,BHARTIARTL,INE397D01024,,311.4,315.6,295.15,297.15,3818257,1155958111.15,0.9391181180361067,279.0589487744291
2016-11-18,BHARTIARTL,INE397D01024,,298.4,304.45,295.25,303.75,3281707,987371293.8,0.9391181180361067,285.2571283534674
2016-11-21,BHARTIARTL,INE397D01024,,304.4,305.55,297.45,299.5,1645883,493086285.95,0.9391181180361067,281.265876351814
2016-11-22,BHARTIARTL,INE397D01024,,301.0,305.45,295.0,303.95,2998820,900361970.15,0.9391181180361067,285.4449519770746
2016-11-23,BHARTIARTL,INE397D01024,,305.45,308.25,299.15,300.55,1775708,536229122.95,0.9391181180361067,282.25195037575185
2016-11-24,BHARTIARTL,INE397D01024,,301.0,304.7,298.4,302.4,4321906,1301506126.6,0.9391181180361067,283.98931889411864
2016-11-25,BHARTIARTL,INE397D01024,,302.9,306.0,298.65,301.0,1891865,569192333.5,0.9391181180361067,282.6745535288681
2016-11-28,BHARTIARTL,INE397D01024,,301.0,321.2,301.0,318.8,4403979,1383809184.1,0.9391181180361067,299.3908560299108
2016-11-29,BHARTIARTL,INE397D01024,,320.8,326.0,316.8,324.85,4070382,1314564169.3,0.9391181180361067,305.0725206440293
2016-11-30,BHARTIARTL,INE397D01024,,325.0,326.8,323.8,324.6,4500415,1462207333.8,0.9391181180361067,304.83774111452027
2016-12-01,BHARTIARTL,INE397D01024,,324.0,324.8,313.55,318.2,6420823,2048478721.55,0.9391181180361067,298.82738515908915
2016-12-02,BHARTIARTL,INE397D01024,,315.0,321.3,314.3,318.6,1654720,527152021.75,0.9391181180361067,299.20303240630363
2016-12-05,BHARTIARTL,INE397D01024,,317.5,328.65,317.5,326.75,2236218,727293813.7,0.9391181180361067,306.85684506829784
2016-12-06,BHARTIARTL,INE397D01024,,326.9,331.95,324.75,328.85,2832195,933543466.45,0.9391181180361067,308.8289931161737
2016-12-07,BHARTIARTL,INE397D01024,,329.7,334.95,325.1,328.15,2613278,861895569.8,0.9391181180361067,308.1716104335484
2016-12-08,BHARTIARTL,INE397D01024,,330.8,334.0,328.4,332.45,1857785,616688152.75,0.9391181180361067,312.20981834110364
2016-12-09,BHARTIARTL,INE397D01024,,334.15,337.45,329.1,332.0,2385084,792305649.35,0.9391181180361067,311.78721518798744
2016-12-12,BHARTIARTL,INE397D01024,,329.5,330.0,326.55,329.15,698605,229724713.5,0.9391181180361067,309.1107285515845
2016-12-13,BHARTIARTL,INE397D01024,,326.0,330.95,326.0,330.0,958820,315803677.75,0.9391181180361067,309.90897895191523
2016-12-14,BHARTIARTL,INE397D01024,,328.1,329.75,321.5,322.6,1335121,434465276.25,0.9391181180361067,302.95950487844806
2016-12-15,BHARTIARTL,INE397D01024,,320.8,322.35,317.5,318.45,2769795,884141499.2,0.9391181180361067,299.06216468859816
2016-12-16,BHARTIARTL,INE397D01024,,319.0,319.6,308.45,310.25,3967065,1238795164.2,0.9391181180361067,291.36139612070207
2016-12-19,BHARTIARTL,INE397D01024,,310.4,311.5,304.1,305.5,3718597,1141432623.4,0.9391181180361067,286.9005850600306
2016-12-20,BHARTIARTL,INE397D01024,,306.0,306.75,299.1,302.55,3241008,977365715.8,0.9391181180361067,284.13018661182406
2016-12-21,BHARTIARTL,INE397D01024,,304.1,306.35,300.0,301.7,2389833,724372712.75,0.9391181180361067,283.33193621149337
2016-12-22,BHARTIARTL,INE397D01024,,299.5,300.95,290.25,292.25,2844538,838813074.1,0.9391181180361067,274.45726999605216
2016-12-23,BHARTIARTL,INE397D01024,,295.4,297.15,291.15,295.55,1845279,543644245.15,0.9391181180361067,277.5563597855713
2016-12-26,BHARTIARTL,INE397D01024,,294.5,297.0,288.7,296.1,2451002,719843402.35,0.9391181180361067,278.0728747504912
2016-12-27,BHARTIARTL,INE397D01024,,296.0,300.8,291.15,299.6,2296599,679366189.45,0.9391181180361067,281.35978816361757
2016-12-28,BHARTIARTL,INE397D01024,,299.0,303.1,296.8,299.5,2613061,782816811.45,0.9391181180361067,281.265876351814
2016-12-29,BHARTIARTL,INE397D01024,,301.4,304.45,297.5,303.0,3200839,965518473.55,0.9391181180361067,284.5527897649403
2016-12-30,BHARTIARTL,INE397D01024,,301.3,307.1,300.1,305.65,1761999,533635195.85,0.9391181180361067,287.04145277773597
2017-01-02,BHARTIARTL,INE397D01024,,303.1,312.0,303.1,311.0,1480996,458799031.25,0.9391181180361067,292.06573470922916
2017-01-03,BHARTIARTL,INE397D01024,,311.95,313.95,300.0,304.45,2961851,909723129.4,0.9391181180361067,285.9145110360927
2017-01-04,BHARTIARTL,INE397D01024,,302.4,315.2,299.15,313.9,5205848,1590236921.5,0.9391181180361067,294.7891772515339
2017-01-05,BHARTIARTL,INE397D01024,,313.15,323.0,310.05,321.1,3846820,1221853323.8,0.9391181180361067,301.55082770139387
2017-01-06,BHARTIARTL,INE397D01024,,319.15,330.0,318.3,319.75,2394583,772089860.9,0.9391181180361067,300.2830182420451
2017-01-09,BHARTIARTL,INE397D01024,,320.6,321.4,316.2,317.95,2374918,755938626.45,0.9391181180361067,298.59260562958013
2017-01-10,BHARTIARTL,INE397D01024,,319.0,321.0,317.05,320.1,953689,304500437.55,0.9391181180361067,300.61170958335777
2017-01-11,BHARTIARTL,INE397D01024,,321.1,324.65,318.8,322.75,2352071,757243131.75,0.9391181180361067,303.1003725961534
2017-01-12,BHARTIARTL,INE397D01024,,323.45,325.35,320.0,321.8,1514369,488386699.4,0.9391181180361067,302.20821038401914
2017-01-13,BHARTIARTL,INE397D01024,,322.4,325.0,316.0,320.2,2356032,755471350.6,0.9391181180361067,300.70562139516136
2017-01-16,BHARTIARTL,INE397D01024,,320.0,323.4,317.3,318.6,1686878,539591842.6,0.9391181180361067,299.20303240630363
2017-01-17,BHARTIARTL,INE397D01024,,318.9,319.8,317.1,318.5,1848476,588122137.3,0.9391181180361067,299.1091205945
2017-01-18,BHARTIARTL,INE397D01024,,318.0,318.8,311.25,313.9,3307754,1037798084.7,0.9391181180361067,294.7891772515339
2017-01-19,BHARTIARTL,INE397D01024,,314.0,322.6,311.0,317.1,2277346,724638450.1,0.9391181180361067,297.79435522924945
2017-01-20,BHARTIARTL,INE397D01024,,314.05,327.5,314.05,320.55,3411157,1098232725.9,0.9391181180361067,301.034312736474
2017-01-23,BHARTIARTL,INE397D01024,,321.0,322.0,315.4,319.65,1789247,570193841.65,0.9391181180361067,300.18910643024145
2017-01-24,BHARTIARTL,INE397D01024,,318.0,319.0,314.65,316.5,2157238,682142148.05,0.9391181180361067,297.2308843584278
2017-01-25,BHARTIARTL,INE397D01024,,305.0,314.7,305.0,311.35,13456858,4169175948.9,0.9391181180361067,292.3944260505418
2017-01-27,BHARTIARTL,INE397D01024,,310.3,328.0,310.3,323.75,3191346,1018683098.25,0.9391181180361067,304.0394907141895
2017-01-30,BHARTIARTL,INE397D01024,,323.1,369.95,322.1,345.65,20946162,7327928572.65,0.9391181180361067,324.60617749918026
2017-01-31,BHARTIARTL,INE397D01024,,349.05,353.0,343.05,348.2,10573672,3687307963.0,0.9391181180361067,327.0009287001723
2017-02-01,BHARTIARTL,INE397D01024,,346.0,349.9,340.15,345.1,3698745,1279615426.8,0.9391181180361067,324.0896625342604
2017-02-02,BHARTIARTL,INE397D01024,,345.0,359.8,344.25,353.3,6277232,2222768547.65,0.9391181180361067,331.7904311021565
2017-02-03,BHARTIARTL,INE397D01024,,353.3,362.0,352.2,353.8,2399709,852337088.35,0.9391181180361067,332.2599901611745
2017-02-06,BHARTIARTL,INE397D01024,,354.0,356.95,352.65,355.25,1355896,481050410.4,0.9391181180361067,333.6217114323269
2017-02-07,BHARTIARTL,INE397D01024,,354.2,358.8,350.8,353.15,3660915,1297555059.85,0.9391181180361067,331.649563384451
2017-02-08,BHARTIARTL,INE397D01024,,355.0,355.85,346.9,352.2,4405681,1544508030.7,0.9391181180361067,330.75740117231675
2017-02-09,BHARTIARTL,INE397D01024,,352.05,357.0,350.8,355.25,1842114,652828725.65,0.9391181180361067,333.6217114323269
2017-02-10,BHARTIARTL,INE397D01024,,357.0,360.4,355.05,357.55,1986275,709695120.8,0.9391181180361067,335.78168310380994
2017-02-13,BHARTIARTL,INE397D01024,,353.45,360.0,353.35,358.05,3306745,1180920833.25,0.9391181180361067,336.251242162828
2017-02-14,BHARTIARTL,INE397D01024,,357.5,369.9,355.0,368.95,4271242,1554260830.55,0.9391181180361067,346.48762964942154
2017-02-15,BHARTIARTL,INE397D01024,,369.9,372.5,360.1,365.3,3582028,1312968506.4,0.9391181180361067,343.0598485185898
2017-02-16,BHARTIARTL,INE397D01024,,361.3,368.9,360.3,365.7,3650069,1336585769.8,0.9391181180361067,343.4354957658042
2017-02-17,BHARTIARTL,INE397D01024,,367.0,372.2,362.3,369.5,2299853,844073253.0,0.9391181180361067,347.00414461434144
2017-02-20,BHARTIARTL,INE397D01024,,370.15,379.0,370.15,375.35,3493398,1314922337.05,0.9391181180361067,352.49798560485266
2017-02-21,BHARTIARTL,INE397D01024,,372.1,377.9,359.5,362.85,6334134,2324234136.6,0.9391181180361067,340.7590091294013
2017-02-22,BHARTIARTL,INE397D01024,,362.9,372.5,359.1,361.0,6787592,2472799105.7,0.9391181180361067,339.0216406110345
2017-02-23,BHARTIARTL,INE397D01024,,371.0,401.0,363.7,366.25,35600168,13477887308.7,0.9391181180361067,343.95201073072406
2017-02-27,BHARTIARTL,INE397D01024,,367.0,367.45,352.55,355.7,9082281,3251744517.2,0.9391181180361067,334.04431458544315
2017-02-28,BHARTIARTL,INE397D01024,,357.0,373.1,356.4,365.15,12156357,4409890539.35,0.9391181180361067,342.91898080088436
2017-03-01,BHARTIARTL,INE397D01024,,368.55,368.85,361.45,362.75,3448583,1252522366.3,0.9391181180361067,340.6650973175977
2017-03-02,BHARTIARTL,INE397D01024,,364.0,366.0,352.2,356.85,4197805,1508449610.45,0.9391181180361067,335.12430042118467
2017-03-03,BHARTIARTL,INE397D01024,,356.85,361.5,353.3,356.15,3624580,1292227676.45,0.9391181180361067,334.46691773855935
2017-03-06,BHARTIARTL,INE397D01024,,360.0,364.0,357.2,361.5,2976688,1073065173.7,0.9391181180361067,339.49119967005254
2017-03-07,BHARTIARTL,INE397D01024,,361.0,362.45,356.35,361.1,2858176,1028694255.95,0.9391181180361067,339.11555242283816
2017-03-08,BHARTIARTL,INE397D01024,,360.2,364.1,358.5,360.7,2725867,984100226.0,0.9391181180361067,338.7399051756237
2017-03-09,BHARTIARTL,INE397D01024,,359.85,361.9,356.65,360.2,1175441,422947616.55,0.9391181180361067,338.2703461166056
2017-03-10,BHARTIARTL,INE397D01024,,360.85,366.5,359.95,364.9,2090743,760023113.4,0.9391181180361067,342.6842012713753
2017-03-14,BHARTIARTL,INE397D01024,,366.0,369.8,358.6,361.1,5336687,1929365490.2,0.9391181180361067,339.11555242283816
2017-03-15,BHARTIARTL,INE397D01024,,360.0,366.15,356.2,363.2,6660091,2409358847.25,0.9391181180361067,341.0877004707139
2017-03-16,BHARTIARTL,INE397D01024,,364.0,365.6,359.1,360.65,2407103,868268433.6,0.9391181180361067,338.69294926972185
2017-03-17,BHARTIARTL,INE397D01024,,361.15,363.0,344.0,346.85,5748783,2014422624.8,0.9391181180361067,325.7331192408236
2017-03-20,BHARTIARTL,INE397D01024,,346.0,352.3,339.25,349.4,4270022,1478767837.7,0.9391181180361067,328.1278704418157
2017-03-21,BHARTIARTL,INE397D01024,,349.0,351.8,345.05,349.9,2263133,787933426.25,0.9391181180361067,328.5974295008337
2017-03-22,BHARTIARTL,INE397D01024,,347.0,348.5,325.8,338.2,8071204,2734797959.75,0.9391181180361067,317.60974751981126
2017-03-23,BHARTIARTL,INE397D01024,,338.8,341.7,335.55,338.5,4291861,1452573864.85,0.9391181180361067,317.8914829552221
2017-03-24,BHARTIARTL,INE397D01024,,341.4,347.7,338.2,340.5,4784560,1636274016.95,0.9391181180361067,319.7697191912943
2017-03-27,BHARTIARTL,INE397D01024,,340.0,341.85,335.15,338.7,2895389,980142628.85,0.9391181180361067,318.07930657882935
2017-03-28,BHARTIARTL,INE397D01024,,340.9,343.5,338.6,340.75,2087407,711891734.75,0.9391181180361067,320.0044987208033
2017-03-29,BHARTIARTL,INE397D01024,,342.5,346.4,341.2,344.85,8855391,3040765113.85,0.9391181180361067,323.8548830047514
2017-03-30,BHARTIARTL,INE397D01024,,344.85,352.4,342.2,351.2,3916104,1366820997.8,0.9391181180361067,329.81828305428064
2017-03-31,BHARTIARTL,INE397D01024,,350.0,352.3,345.0,350.05,5215911,1814949025.9,0.9391181180361067,328.7382972185392
2017-04-03,BHARTIARTL,INE397D01024,,346.0,346.0,336.25,341.8,6609750,2248026144.55,0.9391181180361067,320.99057274474126
2017-04-05,BHARTIARTL,INE397D01024,,342.95,347.25,339.1,344.5,4230271,1454117677.7,0.9391181180361067,323.52619166343874
2017-04-06,BHARTIARTL,INE397D01024,,343.0,343.0,337.6,341.8,2174170,741239067.75,0.9391181180361067,320.99057274474126
2017-04-07,BHARTIARTL,INE397D01024,,344.05,350.45,341.75,344.7,5720486,1991025745.9,0.9391181180361067,323.714015287046
2017-04-10,BHARTIARTL,INE397D01024,,348.3,348.4,342.05,345.7,1381119,477038977.4,0.9391181180361067,324.6531334050821
2017-04-11,BHARTIARTL,INE397D01024,,343.0,355.75,342.85,350.2,2097727,734352786.65,0.9391181180361067,328.87916493624454
2017-04-12,BHARTIARTL,INE397D01024,,347.0,353.9,345.35,350.8,2279495,797825212.6,0.9391181180361067,329.4426358070662
2017-04-13,BHARTIARTL,INE397D01024,,350.0,353.5,339.25,340.25,5907728,2025686027.45,0.9391181180361067,319.5349396617853
2017-04-17,BHARTIARTL,INE397D01024,,342.8,343.3,338.4,341.3,1882937,641413141.65,0.9391181180361067,320.52101368572323
2017-04-18,BHARTIARTL,INE397D01024,,340.0,343.35,336.3,338.8,5561549,1888456043.0,0.9391181180361067,318.17321839063294
2017-04-19,BHARTIARTL,INE397D01024,,339.4,341.75,332.75,339.95,2504964,845080005.85,0.9391181180361067,319.25320422637446
2017-04-20,BHARTIARTL,INE397D01024,,342.0,343.8,338.05,342.75,1890096,644694003.25,0.9391181180361067,321.88273495687554
2017-04-21,BHARTIARTL,INE397D01024,,342.0,346.0,340.3,342.8,1352040,464217602.35,0.9391181180361067,321.92969086277736
2017-04-24,BHARTIARTL,INE397D01024,,344.0,346.45,338.65,344.65,1340716,458863008.1,0.9391181180361067,323.66705938114416
2017-04-25,BHARTIARTL,INE397D01024,,343.0,359.8,341.4,353.95,4278330,1506560118.5,0.9391181180361067,332.40085787887995
2017-04-26,BHARTIARTL,INE397D01024,,353.95,360.0,352.0,357.55,2949212,1052591344.65,0.9391181180361067,335.78168310380994
2017-04-27,BHARTIARTL,INE397D01024,,354.25,361.95,353.75,357.9,4486798,1606253802.85,0.9391181180361067,336.11037444512255
2017-04-28,BHARTIARTL,INE397D01024,,355.3,357.9,350.5,355.5,2690876,954167364.75,0.9391181180361067,333.8564909618359
2017-05-02,BHARTIARTL,INE397D01024,,355.5,355.95,346.7,347.6,2195524,766756927.05,0.9391181180361067,326.4374578293507
2017-05-03,BHARTIARTL,INE397D01024,,348.1,350.0,343.85,346.35,2358454,818890363.0,0.9391181180361067,325.2635601818056
2017-05-04,BHARTIARTL,INE397D01024,,346.7,351.4,343.7,346.0,1213003,421005298.75,0.9391181180361067,324.9348688404929
2017-05-05,BHARTIARTL,INE397D01024,,346.45,349.0,343.15,344.75,1539822,531965483.5,0.9391181180361067,323.76097119294775
2017-05-08,BHARTIARTL,INE397D01024,,344.75,355.25,344.3,351.3,2664070,935246768.7,0.9391181180361067,329.9121948660843
2017-05-09,BHARTIARTL,INE397D01024,,350.0,351.0,343.6,345.25,2817923,977280815.65,0.9391181180361067,324.23053025196583
2017-05-10,BHARTIARTL,INE397D01024,,336.5,380.4,336.5,372.75,24411321,8873508071.1,0.9391181180361067,350.0562784979588
2017-05-11,BHARTIARTL,INE397D01024,,370.0,370.85,362.45,366.0,7263857,2658586705.75,0.9391181180361067,343.71723120121504
2017-05-12,BHARTIARTL,INE397D01024,,362.25,370.3,361.5,365.1,3668575,1339027491.7,0.9391181180361067,342.8720248949826
2017-05-15,BHARTIARTL,INE397D01024,,366.0,369.95,361.4,364.15,3724158,1359207083.5,0.9391181180361067,341.97986268284825
2017-05-16,BHARTIARTL,INE397D01024,,365.9,377.65,365.45,374.35,5858910,2194394384.6,0.9391181180361067,351.55886748681655
2017-05-17,BHARTIARTL,INE397D01024,,371.2,380.9,371.2,375.95,5265901,1984776062.85,0.9391181180361067,353.0614564756743
2017-05-18,BHARTIARTL,INE397D01024,,373.7,381.6,368.6,370.75,3319974,1243592538.0,0.9391181180361067,348.17804226188656
2017-05-19,BHARTIARTL,INE397D01024,,373.0,379.5,368.15,372.75,5431034,2029856413.35,0.9391181180361067,350.0562784979588
2017-05-22,BHARTIARTL,INE397D01024,,374.0,378.6,371.4,372.55,2737412,1026155283.05,0.9391181180361067,349.8684548743515
2017-05-23,BHARTIARTL,INE397D01024,,372.05,376.25,371.0,371.9,5814307,2166006489.15,0.9391181180361067,349.258028097628
2017-05-24,BHARTIARTL,INE397D01024,,368.0,373.0,365.65,368.35,6943292,2568788209.05,0.9391181180361067,345.9241587785999
2017-05-25,BHARTIARTL,INE397D01024,,367.0,376.35,360.75,370.7,14179868,5258923085.65,0.9391181180361067,348.13108635598473
2017-05-26,BHARTIARTL,INE397D01024,,369.0,380.45,368.5,373.6,2858455,1073339550.35,0.9391181180361067,350.85452889828946
2017-05-29,BHARTIARTL,INE397D01024,,374.7,378.9,367.9,373.1,1996158,745326754.0,0.9391181180361067,350.38496983927143
2017-05-30,BHARTIARTL,INE397D01024,,374.8,376.8,369.35,370.7,1958269,730666738.0,0.9391181180361067,348.13108635598473
2017-05-31,BHARTIARTL,INE397D01024,,374.0,376.9,368.05,371.55,15400633,5721142914.55,0.9391181180361067,348.9293367563154
2017-06-01,BHARTIARTL,INE397D01024,,370.0,373.4,365.85,366.9,2223961,818462128.15,0.9391181180361067,344.5624375074475
2017-06-02,BHARTIARTL,INE397D01024,,370.8,381.35,369.8,373.25,5180320,1944516483.0,0.9391181180361067,350.5258375569768
2017-06-05,BHARTIARTL,INE397D01024,,373.2,377.8,371.35,372.4,2332623,872743274.25,0.9391181180361067,349.7275871566461
2017-06-06,BHARTIARTL,INE397D01024,,370.0,372.5,367.0,369.0,3304788,1218333117.4,0.9391181180361067,346.53458555532336
2017-06-07,BHARTIARTL,INE397D01024,,373.45,375.25,371.0,372.8,3882379,1448305385.5,0.9391181180361067,350.1032344038606
2017-06-08,BHARTIARTL,INE397D01024,,372.95,374.3,366.7,367.7,3477533,1282687981.8,0.9391181180361067,345.3137320018764
2017-06-09,BHARTIARTL,INE397D01024,,367.75,371.1,366.25,367.8,2888545,1064470401.55,0.9391181180361067,345.40764381368007
2017-06-12,BHARTIARTL,INE397D01024,,366.9,371.8,363.55,365.2,2219230,813037425.9,0.9391181180361067,342.9659367067861
2017-06-13,BHARTIARTL,INE397D01024,,364.0,368.5,362.1,363.2,1133452,413553759.15,0.9391181180361067,341.0877004707139
2017-06-14,BHARTIARTL,INE397D01024,,363.5,368.55,361.55,365.5,2107709,768157657.7,0.9391181180361067,343.24767214219696
2017-06-15,BHARTIARTL,INE397D01024,,365.5,370.5,364.45,365.3,2544387,934183783.6,0.9391181180361067,343.0598485185898
2017-06-16,BHARTIARTL,INE397D01024,,366.0,367.5,360.6,364.85,4472274,1622806902.65,0.9391181180361067,342.6372453654735
2017-06-19,BHARTIARTL,INE397D01024,,364.0,368.75,363.25,367.5,1701672,623631903.75,0.9391181180361067,345.12590837826923
2017-06-20,BHARTIARTL,INE397D01024,,368.75,370.85,365.75,366.6,2301754,845152197.95,0.9391181180361067,344.2807020720367
2017-06-21,BHARTIARTL,INE397D01024,,366.4,368.2,364.5,367.3,2654891,973970713.05,0.9391181180361067,344.938084754662
2017-06-22,BHARTIARTL,INE397D01024,,367.75,368.95,362.5,366.2,6320827,2322561298.45,0.9391181180361067,343.90505482482223
2017-06-23,BHARTIARTL,INE397D01024,,365.9,368.55,363.25,366.2,5120076,1871543898.35,0.9391181180361067,343.90505482482223
2017-06-27,BHARTIARTL,INE397D01024,,365.0,375.9,365.0,371.45,3809540,1418409358.3,0.9391181180361067,348.83542494451183
2017-06-28,BHARTIARTL,INE397D01024,,374.9,381.65,367.5,377.2,3794226,1415125621.5,0.9391181180361067,354.23535412321945
2017-06-29,BHARTIARTL,INE397D01024,,377.75,386.35,377.7,382.45,4234116,1621181898.85,0.9391181180361067,359.165724242909
2017-06-30,BHARTIARTL,INE397D01024,,382.45,383.9,372.6,379.7,3269881,1234487809.15,0.9391181180361067,356.5831494183097
2017-07-03,BHARTIARTL,INE397D01024,,381.45,384.15,376.8,382.05,1521063,580163410.8,0.9391181180361067,358.79007699569456
2017-07-04,BHARTIARTL,INE397D01024,,383.9,383.9,378.1,379.3,1655289,628705844.55,0.9391181180361067,356.20750217109526
2017-07-05,BHARTIARTL,INE397D01024,,377.0,378.5,373.35,376.3,2107618,791197606.65,0.9391181180361067,353.39014781698694
2017-07-06,BHARTIARTL,INE397D01024,,376.55,382.85,373.95,381.3,2162556,821536733.15,0.9391181180361067,358.08573840716747
2017-07-07,BHARTIARTL,INE397D01024,,384.0,387.55,383.0,385.9,4371065,1684069449.3,0.9391181180361067,362.40568175013357
2017-07-10,BHARTIARTL,INE397D01024,,388.1,410.15,363.8,405.7,1901518,768356181.1,0.9391181180361067,381.00022048724844
2017-07-11,BHARTIARTL,INE397D01024,,404.15,408.9,393.45,395.45,5565524,2235742085.1,0.9391181180361067,371.37425977737837
2017-07-12,BHARTIARTL,INE397D01024,,397.8,402.3,394.45,397.1,2608465,1036278350.05,0.9391181180361067,372.923804672138
2017-07-13,BHARTIARTL,INE397D01024,,402.25,404.9,398.7,403.15,2594966,1041720309.65,0.941489029720116,379.56130233166476
2017-07-14,BHARTIARTL,INE397D01024,,405.05,408.6,402.2,407.0,2184660,887449965.7,0.941489029720116,383.1860350960872
2017-07-17,BHARTIARTL,INE397D01024,,409.5,410.0,405.95,408.45,2269037,925486749.4,0.941489029720116,384.5511941891814
2017-07-18,BHARTIARTL,INE397D01024,,406.2,430.0,406.2,408.3,3640766,1510069980.4,0.941489029720116,384.4099708347234
2017-07-19,BHARTIARTL,INE397D01024,,410.0,422.8,407.25,421.25,4600139,1926887529.7,0.941489029720116,396.60225376959886
2017-07-20,BHARTIARTL,INE397D01024,,422.0,424.5,416.1,419.8,3069917,1289837050.1,0.941489029720116,395.23709467650474
2017-07-21,BHARTIARTL,INE397D01024,,417.0,417.0,402.6,411.3,10944639,4475122187.05,0.941489029720116,387.2344379238837
2017-07-24,BHARTIARTL,INE397D01024,,407.0,422.5,406.05,420.05,4889853,2037207675.15,0.941489029720116,395.47246693393475
2017-07-25,BHARTIARTL,INE397D01024,,422.65,431.6,418.65,427.8,6430068,2736099985.0,0.941489029720116,402.7690069142657
2017-07-26,BHARTIARTL,INE397D01024,,430.0,430.05,421.75,426.25,5195656,2209636107.9,0.941489029720116,401.30969891819944
2017-07-27,BHARTIARTL,INE397D01024,,426.0,426.75,411.45,416.05,13918157,5797023565.7,0.941489029720116,391.7065108150543
2017-07-28,BHARTIARTL,INE397D01024,,413.05,415.5,408.2,413.3,1748552,720403360.2,0.941489029720116,389.11741598332395
2017-07-31,BHARTIARTL,INE397D01024,,415.0,421.45,410.0,418.95,2662076,1108616649.95,0.941489029720116,394.4368290012426
2017-08-01,BHARTIARTL,INE397D01024,,420.15,423.0,413.75,417.05,2206614,921944294.05,0.941489029720116,392.6479998447744
2017-08-02,BHARTIARTL,INE397D01024,,420.85,422.65,412.75,415.85,1978308,823999376.8,0.941489029720116,391.5182130091103
2017-08-03,BHARTIARTL,INE397D01024,,415.95,425.1,413.25,424.2,2535067,1062347996.25,0.941489029720116,399.37964640727324
2017-08-04,BHARTIARTL,INE397D01024,,423.35,423.35,411.6,420.9,2707432,1127359732.45,0.941489029720116,396.27273260919685
2017-08-07,BHARTIARTL,INE397D01024,,420.85,422.6,416.45,417.45,1170962,490925294.7,0.941489029720116,393.02459545666244
2017-08-08,BHARTIARTL,INE397D01024,,417.5,425.0,414.1,417.8,1797460,751896930.0,0.941489029720116,393.3541166170645
2017-08-09,BHARTIARTL,INE397D01024,,418.95,418.95,412.0,416.05,1226554,508902552.8,0.941489029720116,391.7065108150543
2017-08-10,BHARTIARTL,INE397D01024,,415.1,420.5,412.3,416.25,1497110,623604366.75,0.941489029720116,391.89480862099833
2017-08-11,BHARTIARTL,INE397D01024,,412.0,418.0,410.0,414.55,2287991,947457237.95,0.941489029720116,390.29427727047414
2017-08-14,BHARTIARTL,INE397D01024,,413.0,414.45,405.15,408.55,2013666,825619536.15,0.941489029720116,384.64534309215344
2017-08-16,BHARTIARTL,INE397D01024,,407.0,411.1,403.75,407.75,3768547,1529347488.15,0.941489029720116,383.8921518683773
2017-08-17,BHARTIARTL,INE397D01024,,411.0,420.0,405.95,416.35,2958725,1227382301.5,0.941489029720116,391.9889575239703
2017-08-18,BHARTIARTL,INE397D01024,,413.95,422.4,412.75,421.0,2759975,1158912331.25,0.941489029720116,396.36688151216885
2017-08-21,BHARTIARTL,INE397D01024,,423.45,425.8,417.5,419.15,1870782,789537068.55,0.941489029720116,394.62512680718663
2017-08-22,BHARTIARTL,INE397D01024,,422.7,425.0,416.55,422.1,3115334,1310720837.5,0.941489029720116,397.402519444861
2017-08-23,BHARTIARTL,INE397D01024,,424.25,434.0,424.2,431.9,4285266,1842858289.05,0.941489029720116,406.6291119361181
2017-08-24,BHARTIARTL,INE397D01024,,433.0,434.35,428.0,432.95,2499222,1077950211.7,0.941489029720116,407.6176754173242
2017-08-28,BHARTIARTL,INE397D01024,,434.0,438.15,430.2,434.4,2529369,1098747152.6,0.941489029720116,408.9828345104184
2017-08-29,BHARTIARTL,INE397D01024,,435.5,435.5,427.35,428.1,1894924,813421375.9,0.941489029720116,403.0514536231817
2017-08-30,BHARTIARTL,INE397D01024,,431.5,431.7,427.5,429.0,2153282,924796215.85,0.941489029720116,403.8987937499298
2017-08-31,BHARTIARTL,INE397D01024,,431.8,431.8,424.15,427.7,7131194,3044364533.5,0.941489029720116,402.6748580112936
2017-09-01,BHARTIARTL,INE397D01024,,430.0,430.45,421.2,422.55,1799076,761701487.05,0.941489029720116,397.8261895082351
2017-09-04,BHARTIARTL,INE397D01024,,423.0,424.95,413.7,416.4,1270036,529444572.95,0.941489029720116,392.0360319754563
2017-09-05,BHARTIARTL,INE397D01024,,414.1,414.9,397.9,406.5,6492726,2625902004.05,0.941489029720116,382.7152905812272
2017-09-06,BHARTIARTL,INE397D01024,,401.55,405.55,401.55,402.5,1860455,750520539.45,0.941489029720116,378.9493344623467
2017-09-07,BHARTIARTL,INE397D01024,,402.6,407.45,395.05,397.3,2381502,956022147.55,0.941489029720116,374.05359150780214
2017-09-08,BHARTIARTL,INE397D01024,,397.9,404.85,396.6,403.5,1814900,728425631.55,0.941489029720116,379.89082349206683
2017-09-11,BHARTIARTL,INE397D01024,,407.0,407.4,398.5,402.95,1452972,583977173.0,0.941489029720116,379.3730045257208
2017-09-12,BHARTIARTL,INE397D01024,,407.0,407.0,398.0,405.2,2328047,935517868.6,0.941489029720116,381.491354842591
2017-09-13,BHARTIARTL,INE397D01024,,407.4,407.7,399.8,401.65,1692304,683958151.25,0.941489029720116,378.1490687870846
2017-09-14,BHARTIARTL,INE397D01024,,406.5,406.5,397.0,398.9,1502692,601979139.95,0.941489029720116,375.5599739553543
2017-09-15,BHARTIARTL,INE397D01024,,400.0,402.95,393.35,396.0,4812148,1911909412.95,0.941489029720116,372.829655769166
2017-09-18,BHARTIARTL,INE397D01024,,399.0,401.25,395.2,396.65,1180053,468864510.85,0.941489029720116,373.44162363848403
2017-09-19,BHARTIARTL,INE397D01024,,399.0,399.0,390.6,394.8,994791,392298404.9,0.941489029720116,371.6998689335018
2017-09-20,BHARTIARTL,INE397D01024,,371.0,398.9,371.0,396.85,10616328,4154686515.35,0.941489029720116,373.6299214444281
2017-09-21,BHARTIARTL,INE397D01024,,392.0,402.4,389.75,400.1,5909612,2333085433.25,0.941489029720116,376.68976079101844
2017-09-22,BHARTIARTL,INE397D01024,,398.0,400.95,391.25,395.35,4752999,1885884258.25,0.941489029720116,372.21768789984793
2017-09-25,BHARTIARTL,INE397D01024,,396.9,396.9,387.4,389.75,2705831,1056500056.7,0.941489029720116,366.9453493334152
2017-09-26,BHARTIARTL,INE397D01024,,387.25,392.4,383.05,387.35,3788116,1461268163.4,0.941489029720116,364.685775662087
2017-09-27,BHARTIARTL,INE397D01024,,387.95,390.0,384.3,385.95,2446169,944071741.2,0.941489029720116,363.3676910204788
2017-09-28,BHARTIARTL,INE397D01024,,387.5,388.9,377.5,382.05,14570752,5540339697.95,0.941489029720116,359.69588380457037
2017-09-29,BHARTIARTL,INE397D01024,,381.95,391.85,379.15,389.45,4810172,1860231818.55,0.941489029720116,366.66290262449917
2017-10-03,BHARTIARTL,INE397D01024,,392.0,392.9,383.0,384.65,1660624,646427246.5,0.941489029720116,362.14375528184263
2017-10-04,BHARTIARTL,INE397D01024,,386.0,386.55,376.1,377.15,2828962,1071204735.55,0.941489029720116,355.0825875589417
2017-10-05,BHARTIARTL,INE397D01024,,376.75,380.65,373.15,377.7,3038456,1142982119.95,0.941489029720116,355.60040652528784
2017-10-06,BHARTIARTL,INE397D01024,,378.2,383.55,378.2,382.3,960608,365923586.9,0.941489029720116,359.9312560620004
2017-10-09,BHARTIARTL,INE397D01024,,380.4,381.6,377.55,378.95,1074428,407390966.95,0.941489029720116,356.77726781243797
2017-10-10,BHARTIARTL,INE397D01024,,379.45,387.55,375.0,384.6,1353878,514878752.75,0.941489029720116,362.09668083035666
2017-10-11,BHARTIARTL,INE397D01024,,386.2,406.4,386.0,403.55,7006526,2801070470.15,0.941489029720116,379.93789794355285
2017-10-12,BHARTIARTL,INE397D01024,,403.2,404.8,395.7,400.25,3626106,1449585514.75,0.941489029720116,376.83098414547646
2017-10-13,BHARTIARTL,INE397D01024,,430.0,437.0,420.8,430.9,41421808,17755889052.15,0.941489029720116,405.68762290639796
2017-10-16,BHARTIARTL,INE397D01024,,432.2,457.8,432.2,453.3,19057174,8496674149.75,0.941489029720116,426.7769771721286
2017-10-17,BHARTIARTL,INE397D01024,,456.0,469.35,455.1,465.95,16983113,7836141628.6,0.941489029720116,438.6868133980881
2017-10-18,BHARTIARTL,INE397D01024,,468.0,469.0,457.5,461.95,8125615,3752430912.05,0.941489029720116,434.9208572792076
2017-10-23,BHARTIARTL,INE397D01024,,475.0,501.4,475.0,497.35,26645509,13131803683.45,0.941489029720116,468.24956893129973
2017-10-24,BHARTIARTL,INE397D01024,,493.65,504.7,493.65,502.05,15904316,7954836848.05,0.941489029720116,472.6745673709843
2017-10-25,BHARTIARTL,INE397D01024,,502.9,518.0,493.9,515.75,9085464,4601200426.95,0.941489029720116,485.5729670781499
2017-10-26,BHARTIARTL,INE397D01024,,511.6,519.35,502.45,511.3,9942611,5076305403.35,0.941489029720116,481.38334089589534
2017-10-27,BHARTIARTL,INE397D01024,,511.6,511.7,483.0,485.3,8025079,3940894562.85,0.941489029720116,456.9046261231723
2017-10-30,BHARTIARTL,INE397D01024,,490.5,497.7,486.05,492.9,6499242,3197604506.5,0.941489029720116,464.0599427490452
2017-10-31,BHARTIARTL,INE397D01024,,490.0,503.4,486.7,497.2,11437618,5659016100.85,0.941489029720116,468.1083455768417
2017-11-01,BHARTIARTL,INE397D01024,,518.5,544.7,510.0,539.1,32182374,17129167379.75,0.941489029720116,507.55673592211457
2017-11-02,BHARTIARTL,INE397D01024,,544.95,548.55,530.6,543.2,9870544,5317554023.5,0.941489029720116,511.4168409439671
2017-11-03,BHARTIARTL,INE397D01024,,543.2,564.8,537.3,541.25,16340958,9026024179.3,0.941489029720116,509.5809373360128
2017-11-06,BHARTIARTL,INE397D01024,,539.9,544.6,527.15,532.55,7476786,4006965209.65,0.941489029720116,501.38998277744776
2017-11-07,BHARTIARTL,INE397D01024,,535.9,536.6,512.1,514.35,6358001,3327706285.05,0.941489029720116,484.2548824365417
2017-11-08,BHARTIARTL,INE397D01024,,496.0,509.0,483.1,495.3,45366234,22365352322.5,0.941489029720116,466.3195164203735
2017-11-09,BHARTIARTL,INE397D01024,,502.25,508.0,495.3,504.25,9896380,4953207123.05,0.941489029720116,474.7458432363685
2017-11-10,BHARTIARTL,INE397D01024,,507.0,511.75,496.6,503.45,9452105,4763806633.75,0.941489029720116,473.99265201259243
2017-11-13,BHARTIARTL,INE397D01024,,503.0,506.75,496.65,498.0,6380726,3186626382.65,0.941489029720116,468.8615368006178
2017-11-14,BHARTIARTL,INE397D01024,,499.75,504.9,494.8,498.15,5812236,2899987127.8,0.941489029720116,469.0027601550758
2017-11-15,BHARTIARTL,INE397D01024,,498.0,499.0,483.5,486.75,8734007,4288384052.7,0.941489029720116,458.2697852162665
2017-11-16,BHARTIARTL,INE397D01024,,489.0,494.9,481.15,489.9,9627427,4713954003.0,0.941489029720116,461.23547565988486
2017-11-17,BHARTIARTL,INE397D01024,,495.0,505.95,491.05,493.5,10556190,5260880461.25,0.941489029720116,464.6248361668773
2017-11-20,BHARTIARTL,INE397D01024,,494.15,496.7,489.0,492.65,5231236,2578166396.8,0.941489029720116,463.82457049161513
2017-11-21,BHARTIARTL,INE397D01024,,495.3,509.25,494.5,503.25,9091201,4578917892.35,0.941489029720116,473.8043542066484
2017-11-22,BHARTIARTL,INE397D01024,,504.5,507.5,495.45,499.1,3263924,1632053757.4,0.941489029720116,469.89717473330995
2017-11-23,BHARTIARTL,INE397D01024,,503.0,507.0,493.5,496.35,5334161,2671464064.35,0.941489029720116,467.3080799015796
2017-11-24,BHARTIARTL,INE397D01024,,497.0,501.25,495.0,496.8,3514919,1753024111.75,0.941489029720116,467.7317499649537
2017-11-27,BHARTIARTL,INE397D01024,,495.9,499.8,491.0,498.0,3154345,1561181512.15,0.941489029720116,468.8615368006178
2017-11-28,BHARTIARTL,INE397D01024,,497.95,497.95,490.2,492.0,3016416,1489131945.75,0.941489029720116,463.2126026222971
2017-11-29,BHARTIARTL,INE397D01024,,492.0,497.25,490.0,495.75,5315769,2625986399.45,0.941489029720116,466.74318648374754
2017-11-30,BHARTIARTL,INE397D01024,,492.35,499.4,490.8,496.45,13410289,6648830051.85,0.941489029720116,467.4022288045516
2017-12-01,BHARTIARTL,INE397D01024,,498.9,498.9,481.85,484.15,5522454,2702720257.15,0.941489029720116,455.82191373899417
2017-12-04,BHARTIARTL,INE397D01024,,485.0,492.0,482.5,484.3,2740000,1337424964.4,0.941489029720116,455.9631370934522
2017-12-05,BHARTIARTL,INE397D01024,,485.65,491.95,476.85,490.65,3843203,1871671159.7,0.941489029720116,461.9415924321749
2017-12-06,BHARTIARTL,INE397D01024,,486.5,493.0,479.0,483.45,7508821,3640478072.05,0.941489029720116,455.1628714181901
2017-12-07,BHARTIARTL,INE397D01024,,485.0,518.5,484.2,514.7,6263169,3131575552.8,0.941489029720116,484.5844035969438
2017-12-08,BHARTIARTL,INE397D01024,,515.15,530.85,515.1,525.15,12795236,6717011017.6,0.941489029720116,494.4229639575189
2017-12-11,BHARTIARTL,INE397D01024,,530.8,538.0,524.35,532.7,11156171,5927556479.3,0.941489029720116,501.5312061319059
2017-12-12,BHARTIARTL,INE397D01024,,533.1,533.9,520.55,523.85,3267323,1716101618.45,0.941489029720116,493.1990282188828
2017-12-13,BHARTIARTL,INE397D01024,,528.0,533.0,514.2,517.35,7138671,3752949185.8,0.941489029720116,487.07934952570207
2017-12-14,BHARTIARTL,INE397D01024,,517.9,525.0,511.0,520.3,3019435,1560991111.95,0.941489029720116,489.85674216337634
2017-12-15,BHARTIARTL,INE397D01024,,527.8,529.85,514.75,517.95,6296789,3286497643.75,0.941489029720116,487.64424294353415
2017-12-18,BHARTIARTL,INE397D01024,,505.1,531.8,495.1,526.25,9429700,4908688067.45,0.941489029720116,495.45860189021107
2017-12-19,BHARTIARTL,INE397D01024,,526.75,540.2,520.2,536.6,6192288,3277693202.85,0.941489029720116,505.2030133478143
2017-12-20,BHARTIARTL,INE397D01024,,540.0,540.85,526.45,528.9,6754525,3604114758.15,0.941489029720116,497.95354781896935
2017-12-21,BHARTIARTL,INE397D01024,,528.5,531.75,522.0,524.1,5093541,2679151763.55,0.941489029720116,493.4344004763129
2017-12-22,BHARTIARTL,INE397D01024,,526.9,538.95,523.45,528.55,8548170,4547755186.05,0.941489029720116,497.6240266585673
2017-12-26,BHARTIARTL,INE397D01024,,531.0,546.4,525.25,542.95,5801051,3107961679.35,0.941489029720116,511.1814686865371
2017-12-27,BHARTIARTL,INE397D01024,,544.5,547.5,530.6,534.65,6038567,3260854328.2,0.941489029720116,503.36710973986004
2017-12-28,BHARTIARTL,INE397D01024,,534.5,537.55,530.1,531.35,7840192,4177930352.3,0.941489029720116,500.2601959417837
2017-12-29,BHARTIARTL,INE397D01024,,531.8,538.45,522.0,529.65,6761280,3593440523.25,0.941489029720116,498.65966459125946
2018-01-01,BHARTIARTL,INE397D01024,,531.0,538.1,525.4,527.9,4333190,2307486229.5,0.941489029720116,497.01205878924924
2018-01-02,BHARTIARTL,INE397D01024,,532.9,532.9,511.85,516.55,4724570,2463556274.15,0.941489029720116,486.3261583019259
2018-01-03,BHARTIARTL,INE397D01024,,519.15,525.5,514.75,518.2,5707905,2975947483.55,0.941489029720116,487.87961520096417
2018-01-04,BHARTIARTL,INE397D01024,,519.0,527.2,514.5,523.0,5366018,2794101405.15,0.941489029720116,492.3987625436207
2018-01-05,BHARTIARTL,INE397D01024,,525.0,542.5,518.55,540.0,7218024,3855251256.05,0.941489029720116,508.4040760488627
2018-01-08,BHARTIARTL,INE397D01024,,534.15,534.15,514.2,516.35,11074508,5756512300.85,0.941489029720116,486.13786049598195
2018-01-09,BHARTIARTL,INE397D01024,,518.0,521.05,504.7,509.8,6796613,3481252368.45,0.941489029720116,479.9711073513152
2018-01-10,BHARTIARTL,INE397D01024,,515.0,517.5,504.3,506.4,6008949,3064895820.55,0.941489029720116,476.77004465026675
2018-01-11,BHARTIARTL,INE397D01024,,508.0,516.7,503.2,514.75,5322546,2727794913.15,0.941489029720116,484.63147804842976
2018-01-12,BHARTIARTL,INE397D01024,,516.0,517.35,504.5,509.55,4369137,2228090353.2,0.941489029720116,479.7357350938851
2018-01-15,BHARTIARTL,INE397D01024,,509.8,511.95,502.45,504.5,2554677,1294990048.25,0.941489029720116,474.9812154937986
2018-01-16,BHARTIARTL,INE397D01024,,508.0,513.65,491.4,497.25,5786478,2905862987.65,0.941489029720116,468.1554200283277
2018-01-17,BHARTIARTL,INE397D01024,,495.0,503.2,491.45,499.9,6150484,3055619972.0,0.941489029720116,470.65036595708597
2018-01-18,BHARTIARTL,INE397D01024,,501.0,508.8,493.0,495.0,7131552,3567506125.55,0.941489029720116,466.03706971145743
2018-01-19,BHARTIARTL,INE397D01024,,484.0,500.25,483.5,497.9,8982201,4430451746.2,0.941489029720116,468.7673878976458
2018-01-22,BHARTIARTL,INE397D01024,,495.6,498.5,488.0,490.7,4084647,2007518671.6,0.941489029720116,461.9886668836609
2018-01-23,BHARTIARTL,INE397D01024,,494.0,498.8,488.8,492.1,5543486,2735414565.55,0.941489029720116,463.30675152526914
2018-01-24,BHARTIARTL,INE397D01024,,486.9,487.0,455.15,459.5,26450900,12392236513.1,0.941489029720116,432.6142091563933
2018-01-25,BHARTIARTL,INE397D01024,,463.5,463.5,444.45,452.7,18548035,8415629700.2,0.941489029720116,426.21208375429654
2018-01-29,BHARTIARTL,INE397D01024,,444.0,446.4,435.05,440.6,24459885,10772403917.15,0.941489029720116,414.82006649468315
2018-01-30,BHARTIARTL,INE397D01024,,440.6,451.1,437.25,440.6,9624998,4274380756.8,0.9475970086227228,417.51124199917166
2018-01-31,BHARTIARTL,INE397D01024,,442.5,446.0,436.4,439.85,6371320,2814264850.5,0.9475970086227228,416.80054424270463
2018-02-01,BHARTIARTL,INE397D01024,,440.05,447.0,430.1,438.4,7297226,3189690677.55,0.9475970086227228,415.42652858020165
2018-02-02,BHARTIARTL,INE397D01024,,437.8,440.5,415.8,422.35,6009663,2589915486.05,0.9475970086227228,400.21759659180697
2018-02-05,BHARTIARTL,INE397D01024,,417.75,446.75,411.2,440.2,13591277,5948118649.0,0.9475970086227228,417.1322031957226
2018-02-06,BHARTIARTL,INE397D01024,,420.0,447.75,418.55,439.15,8409695,3671313436.25,0.9475970086227228,416.1372263366687
2018-02-07,BHARTIARTL,INE397D01024,,444.95,449.4,427.1,430.25,9898121,4310934712.75,0.9475970086227228,407.7036129599265
2018-02-08,BHARTIARTL,INE397D01024,,434.0,436.0,425.0,429.8,5563903,2393271001.25,0.9475970086227228,407.2771943060463
2018-02-09,BHARTIARTL,INE397D01024,,424.0,433.95,419.7,422.5,4861350,2069199478.45,0.9475970086227228,400.35973614310035
2018-02-12,BHARTIARTL,INE397D01024,,429.8,431.0,421.35,424.4,3593521,1530091232.15,0.9475970086227228,402.16017045948354
2018-02-14,BHARTIARTL,INE397D01024,,426.3,438.5,426.3,434.8,9434541,4098915067.1,0.9475970086227228,412.0151793491599
2018-02-15,BHARTIARTL,INE397D01024,,439.3,439.3,426.7,428.95,4130548,1787371623.0,0.9475970086227228,406.47173684871694
2018-02-16,BHARTIARTL,INE397D01024,,434.95,434.95,418.4,419.7,3968970,1690317541.85,0.9475970086227228,397.70646451895675
2018-02-19,BHARTIARTL,INE397D01024,,419.85,420.0,403.2,414.35,5819508,2393554591.35,0.9475970086227228,392.6368205228252
2018-02-20,BHARTIARTL,INE397D01024,,415.1,422.2,415.1,418.1,7230257,3030517712.35,0.9475970086227228,396.19030930516044
2018-02-21,BHARTIARTL,INE397D01024,,420.0,422.5,417.35,419.65,4264637,1790226374.05,0.9475970086227228,397.65908466852557
2018-02-22,BHARTIARTL,INE397D01024,,418.8,419.25,413.35,416.1,9706094,4048242119.5,0.9475970086227228,394.295115287915
2018-02-23,BHARTIARTL,INE397D01024,,419.0,428.2,417.1,425.55,6763260,2874731315.15,0.9475970086227228,403.2499070193997
2018-02-26,BHARTIARTL,INE397D01024,,430.0,430.0,420.85,423.15,3669690,1556392206.95,0.9475970086227228,400.9756741987051
2018-02-27,BHARTIARTL,INE397D01024,,425.8,432.65,424.3,430.5,4675953,2002810239.95,0.9475970086227228,407.9405122120822
2018-02-28,BHARTIARTL,INE397D01024,,430.0,433.5,425.9,428.55,23360784,10015547850.0,0.9475970086227228,406.09269804526787
2018-03-01,BHARTIARTL,INE397D01024,,429.05,436.6,425.75,427.75,5260644,2274864995.3,0.9475970086227228,405.33462043836965
2018-03-05,BHARTIARTL,INE397D01024,,426.95,427.1,417.6,421.45,3482148,1470564009.6,0.9475970086227228,399.3647592840465
2018-03-06,BHARTIARTL,INE397D01024,,423.7,427.65,410.6,413.9,3789549,1596867751.8,0.9475970086227228,392.2104018689449
2018-03-07,BHARTIARTL,INE397D01024,,410.65,416.3,391.25,403.2,10873348,4387202276.95,0.9475970086227228,382.0711138766818
2018-03-08,BHARTIARTL,INE397D01024,,411.5,414.1,395.0,401.3,7808565,3170860649.4,0.9475970086227228,380.2706795602987
2018-03-09,BHARTIARTL,INE397D01024,,404.9,408.5,397.55,402.15,4590422,1852902775.5,0.9475970086227228,381.07613701762796
2018-03-12,BHARTIARTL,INE397D01024,,405.0,424.5,404.0,421.55,7558993,3138406645.8,0.9475970086227228,399.4595189849088
2018-03-13,BHARTIARTL,INE397D01024,,423.0,429.8,420.15,426.3,5148679,2186404117.15,0.9475970086227228,403.9606047758667
2018-03-14,BHARTIARTL,INE397D01024,,425.9,425.9,418.55,422.6,3780338,1593287326.95,0.9475970086227228,400.45449584396266
2018-03-15,BHARTIARTL,INE397D01024,,422.6,424.3,417.25,420.45,3277154,1378090972.7,0.9475970086227228,398.4171622754238
2018-03-16,BHARTIARTL,INE397D01024,,415.25,426.75,413.65,416.75,7237424,3033151322.1,0.9475970086227228,394.9110533435197
2018-03-19,BHARTIARTL,INE397D01024,,418.0,421.6,396.7,399.65,5408078,2201078297.45,0.9475970086227228,378.7071444960711
2018-03-20,BHARTIARTL,INE397D01024,,399.0,403.5,392.7,400.4,7463026,2968282482.3,0.9475970086227228,379.4178422525382
2018-03-21,BHARTIARTL,INE397D01024,,403.0,420.15,402.2,418.2,8351422,3462131491.65,0.9475970086227228,396.28506900602264
2018-03-22,BHARTIARTL,INE397D01024,,414.0,420.25,412.1,415.6,4850714,2018086895.3,0.9475970086227228,393.8213167836036
2018-03-23,BHARTIARTL,INE397D01024,,412.65,418.95,405.2,412.7,5133743,2107338020.25,0.9475970086227228,391.0732854585977
2018-03-26,BHARTIARTL,INE397D01024,,412.0,423.0,406.6,421.5,4402440,1824805264.75,0.9475970086227228,399.4121391344776
2018-03-27,BHARTIARTL,INE397D01024,,422.0,422.4,408.2,413.2,6080433,2513909840.35,0.9475970086227228,391.547083962909
2018-03-28,BHARTIARTL,INE397D01024,,411.0,413.05,395.4,398.7,10286301,4126318686.65,0.9475970086227228,377.8069273378796
2018-04-02,BHARTIARTL,INE397D01024,,399.5,401.75,390.5,395.1,4986921,1966895002.65,0.9475970086227228,374.3955781068378
2018-04-03,BHARTIARTL,INE397D01024,,391.25,404.0,391.25,402.2,4559620,1813955454.45,0.9475970086227228,381.1235168680591
2018-04-04,BHARTIARTL,INE397D01024,,404.0,404.8,392.95,395.05,3627666,1447940373.3,0.9475970086227228,374.34819825640665
2018-04-05,BHARTIARTL,INE397D01024,,398.1,400.9,391.15,393.9,8784680,3463623310.75,0.9475970086227228,373.2584616964905
2018-04-06,BHARTIARTL,INE397D01024,,394.2,396.5,383.1,384.95,8494868,3284413652.6,0.9475970086227228,364.7774684693171
2018-04-09,BHARTIARTL,INE397D01024,,382.9,386.7,376.65,380.3,11983251,4571306956.25,0.9475970086227228,360.3711423792215
2018-04-10,BHARTIARTL,INE397D01024,,381.05,386.7,374.5,385.55,11969955,4545997178.15,0.9475970086227228,365.34602667449076
2018-04-11,BHARTIARTL,INE397D01024,,388.0,390.8,383.35,385.3,6933891,2679148436.45,0.9475970086227228,365.1091274223351
2018-04-12,BHARTIARTL,INE397D01024,,384.0,385.5,379.2,380.2,4477422,1707416690.85,0.9475970086227228,360.2763826783592
2018-04-13,BHARTIARTL,INE397D01024,,382.95,386.2,375.8,377.9,6974242,2647676875.3,0.9475970086227228,358.09690955852693
2018-04-16,BHARTIARTL,INE397D01024,,377.0,380.3,374.5,376.65,3731213,1408167173.5,0.9475970086227228,356.9124132977485
2018-04-17,BHARTIARTL,INE397D01024,,377.0,383.45,374.15,382.05,5728575,2168607760.8,0.9475970086227228,362.02943714431126
2018-04-18,BHARTIARTL,INE397D01024,,383.7,391.85,382.35,384.25,5732851,2216084653.95,0.9475970086227228,364.1141505632812
2018-04-19,BHARTIARTL,INE397D01024,,388.75,397.3,385.45,395.35,3468687,1358299935.55,0.9475970086227228,374.63247735899347
2018-04-20,BHARTIARTL,INE397D01024,,393.55,403.7,391.45,402.0,6753048,2686678452.45,0.9475970086227228,380.9339974663346
2018-04-23,BHARTIARTL,INE397D01024,,401.5,406.5,396.85,402.85,3780866,1525130499.2,0.9475970086227228,381.7394549236639
2018-04-24,BHARTIARTL,INE397D01024,,401.9,408.6,396.6,406.25,6292775,2533280201.9,0.9475970086227228,384.96128475298116
2018-04-25,BHARTIARTL,INE397D01024,,414.45,427.4,412.0,419.85,20000806,8408722937.3,0.9475970086227228,397.8486040702502
2018-04-26,BHARTIARTL,INE397D01024,,420.0,420.0,405.45,409.2,12504161,5147761764.25,0.9475970086227228,387.75669592841814
2018-04-27,BHARTIARTL,INE397D01024,,406.25,411.75,401.0,408.75,4518031,1837905894.9,0.9475970086227228,387.33027727453793
2018-04-30,BHARTIARTL,INE397D01024,,407.0,413.25,404.2,409.55,3274387,1341174696.35,0.9475970086227228,388.08835488143615
2018-05-02,BHARTIARTL,INE397D01024,,412.9,412.9,406.0,408.45,6087447,2487328263.3,0.9475970086227228,387.0459981719511
2018-05-03,BHARTIARTL,INE397D01024,,406.3,408.0,399.0,404.4,3716970,1500808251.8,0.9475970086227228,383.2082302870291
2018-05-04,BHARTIARTL,INE397D01024,,410.85,418.35,394.0,396.75,14415306,5844289091.9,0.9475970086227228,375.95911317106527
2018-05-07,BHARTIARTL,INE397D01024,,401.5,404.55,395.5,398.25,5906011,2362589384.7,0.9475970086227228,377.3805086839993
2018-05-08,BHARTIARTL,INE397D01024,,401.45,402.95,396.8,401.15,3565204,1425907634.8,0.9475970086227228,380.12854000900523
2018-05-09,BHARTIARTL,INE397D01024,,403.2,409.5,397.2,402.45,8129162,3277179189.2,0.9475970086227228,381.3604161202148
2018-05-10,BHARTIARTL,INE397D01024,,404.85,413.7,403.9,412.1,8132505,3328710708.1,0.9475970086227228,390.5047272534241
2018-05-11,BHARTIARTL,INE397D01024,,400.15,402.7,381.5,386.6,23031948,8963692820.55,0.9475970086227228,366.34100353354467
2018-05-14,BHARTIARTL,INE397D01024,,386.0,394.0,378.3,383.15,8853922,3419389894.25,0.9475970086227228,363.07179385379624
2018-05-15,BHARTIARTL,INE397D01024,,383.0,388.15,378.35,381.95,6379409,2437449576.9,0.9475970086227228,361.93467744344895
2018-05-16,BHARTIARTL,INE397D01024,,382.95,382.95,374.0,375.35,6098125,2297965735.25,0.9475970086227228,355.680537186539
2018-05-17,BHARTIARTL,INE397D01024,,377.25,378.95,365.45,367.6,9012407,3348049386.45,0.9475970086227228,348.3366603697129
2018-05-18,BHARTIARTL,INE397D01024,,368.05,368.05,355.05,361.35,11205849,4038854389.1,0.9475970086227228,342.4141790658209
2018-05-21,BHARTIARTL,INE397D01024,,361.35,369.25,355.2,360.0,4941028,1800584598.85,0.9475970086227228,341.1349231041802
2018-05-22,BHARTIARTL,INE397D01024,,356.95,371.1,351.6,361.85,6522208,2367049475.5,0.9475970086227228,342.88797757013225
2018-05-23,BHARTIARTL,INE397D01024,,361.8,365.8,354.25,356.8,5952154,2142446861.0,0.9475970086227228,338.1026126765875
2018-05-24,BHARTIARTL,INE397D01024,,359.0,373.9,356.9,371.9,4503855,1649493786.35,0.9475970086227228,352.4113275067906
2018-05-25,BHARTIARTL,INE397D01024,,372.3,380.0,367.0,376.95,3735986,1402311186.35,0.9475970086227228,357.19669240033534
2018-05-28,BHARTIARTL,INE397D01024,,377.6,380.8,370.8,375.15,5957301,2242789575.15,0.9475970086227228,355.4910177848144
2018-05-29,BHARTIARTL,INE397D01024,,375.95,381.7,371.25,379.15,3477100,1310545612.7,0.9475970086227228,359.28140581930535
2018-05-30,BHARTIARTL,INE397D01024,,378.9,378.9,373.0,375.8,3368675,1263360179.3,0.9475970086227228,356.10695584041923
2018-05-31,BHARTIARTL,INE397D01024,,376.1,383.2,371.25,373.6,10796716,4045672798.3,0.9475970086227228,354.0222424214493
2018-06-01,BHARTIARTL,INE397D01024,,374.55,385.9,372.55,383.7,4099108,1557619430.75,0.9475970086227228,363.5929722085387
2018-06-04,BHARTIARTL,INE397D01024,,384.0,386.75,370.1,372.3,3567479,1349512701.15,0.9475970086227228,352.7903663102397
2018-06-05,BHARTIARTL,INE397D01024,,371.4,372.25,357.55,364.3,4989187,1809611229.0,0.9475970086227228,345.2095902412579
2018-06-06,BHARTIARTL,INE397D01024,,362.1,381.9,362.1,379.75,5016415,1878498424.8,0.9475970086227228,359.849964024479
2018-06-07,BHARTIARTL,INE397D01024,,379.7,386.25,375.0,379.95,3637971,1384650480.4,0.9475970086227228,360.0394834262035
2018-06-08,BHARTIARTL,INE397D01024,,379.5,383.45,372.25,377.55,3874201,1465135807.7,0.9475970086227228,357.765250605509
2018-06-11,BHARTIARTL,INE397D01024,,377.75,391.8,377.75,388.8,5444048,2111110945.65,0.9475970086227228,368.4257169525146
2018-06-12,BHARTIARTL,INE397D01024,,389.95,393.4,379.55,380.65,5527034,2126158776.4,0.9475970086227228,360.7028013322394
2018-06-13,BHARTIARTL,INE397D01024,,374.0,382.9,373.3,375.65,6698891,2529693803.05,0.9475970086227228,355.9648162891258
2018-06-14,BHARTIARTL,INE397D01024,,373.5,384.0,373.5,376.5,4703619,1778485706.25,0.9475970086227228,356.77027374645513
2018-06-15,BHARTIARTL,INE397D01024,,378.7,380.25,370.2,378.25,5713581,2144345320.7,0.9475970086227228,358.4285685115449
2018-06-18,BHARTIARTL,INE397D01024,,377.95,380.9,368.05,370.9,2812154,1056762016.25,0.9475970086227228,351.4637304981679
2018-06-19,BHARTIARTL,INE397D01024,,371.0,375.9,369.2,371.2,3570887,1330972602.15,0.9475970086227228,351.7480096007547
2018-06-20,BHARTIARTL,INE397D01024,,372.5,376.5,370.45,371.9,2510768,937634189.65,0.9475970086227228,352.4113275067906
2018-06-21,BHARTIARTL,INE397D01024,,374.95,375.0,363.8,368.7,3841053,1420645203.7,0.9475970086227228,349.37901707919787
2018-06-22,BHARTIARTL,INE397D01024,,370.95,376.5,366.3,374.55,3068406,1140859144.25,0.9475970086227228,354.9224595796408
2018-06-25,BHARTIARTL,INE397D01024,,372.0,377.95,371.8,374.15,3008052,1126833002.2,0.9475970086227228,354.5434207761917
2018-06-26,BHARTIARTL,INE397D01024,,374.0,382.75,373.2,380.2,4318837,1639390021.0,0.9475970086227228,360.2763826783592
2018-06-27,BHARTIARTL,INE397D01024,,381.25,381.55,373.1,375.65,3412205,1285297019.0,0.9475970086227228,355.9648162891258
2018-06-28,BHARTIARTL,INE397D01024,,373.7,381.4,368.55,377.95,5857077,2203903472.4,0.9475970086227228,358.14428940895806
2018-06-29,BHARTIARTL,INE397D01024,,375.3,383.3,375.3,381.95,3443146,1310910019.65,0.9475970086227228,361.93467744344895
2018-07-02,BHARTIARTL,INE397D01024,,381.1,381.4,365.55,368.05,4391116,1629274029.4,0.9475970086227228,348.76307902359315
2018-07-03,BHARTIARTL,INE397D01024,,374.6,374.6,366.1,370.75,2787262,1031021648.25,0.9475970086227228,351.3215909468745
2018-07-04,BHARTIARTL,INE397D01024,,370.85,371.9,362.7,367.4,3925362,1444309597.65,0.9475970086227228,348.1471409679883
2018-07-05,BHARTIARTL,INE397D01024,,365.0,366.75,359.65,363.4,6402876,2323714028.65,0.9475970086227228,344.35675293349743
2018-07-06,BHARTIARTL,INE397D01024,,362.0,365.4,359.9,362.25,7218013,2614209028.35,0.9475970086227228,343.2670163735813
2018-07-09,BHARTIARTL,INE397D01024,,366.0,366.4,361.6,362.1,4730035,1715462451.6,0.9475970086227228,343.12487682228794
2018-07-10,BHARTIARTL,INE397D01024,,362.5,369.8,362.5,367.8,1693780,619438389.85,0.9475970086227228,348.52617977143746
2018-07-11,BHARTIARTL,INE397D01024,,368.9,368.9,360.9,362.0,1879248,684696773.0,0.9475970086227228,343.03011712142563
2018-07-12,BHARTIARTL,INE397D01024,,365.0,365.0,360.35,362.15,2072184,752025963.5,0.9475970086227228,343.172256672719
2018-07-13,BHARTIARTL,INE397D01024,,364.0,364.85,357.35,358.95,4786772,1722994230.45,0.9475970086227228,340.13994624512634
2018-07-16,BHARTIARTL,INE397D01024,,356.0,359.75,344.8,347.4,3261119,1144384433.35,0.9475970086227228,329.1952007955339
2018-07-17,BHARTIARTL,INE397D01024,,347.0,350.7,340.0,342.55,4884957,1675185846.8,0.9475970086227228,324.5993553037137
2018-07-18,BHARTIARTL,INE397D01024,,344.1,345.1,331.0,336.8,4796681,1613769791.3,0.9475970086227228,319.15067250413307
2018-07-19,BHARTIARTL,INE397D01024,,339.0,347.5,337.6,345.0,4531466,1558366966.65,0.9475970086227228,326.92096797483936
2018-07-20,BHARTIARTL,INE397D01024,,343.0,347.7,340.35,345.4,3796397,1308153217.95,0.9475970086227228,327.30000677828843
2018-07-23,BHARTIARTL,INE397D01024,,345.5,360.0,345.0,358.95,3735930,1328004372.45,0.9475970086227228,340.13994624512634
2018-07-24,BHARTIARTL,INE397D01024,,361.4,366.45,355.25,356.8,3920957,1418107471.75,0.9475970086227228,338.1026126765875
2018-07-25,BHARTIARTL,INE397D01024,,355.1,355.8,343.5,352.3,4664164,1622948047.55,0.9475970086227228,333.83842613778523
2018-07-26,BHARTIARTL,INE397D01024,,353.05,360.0,352.35,357.65,3439808,1226083661.55,0.9475970086227228,338.9080701339168
2018-07-27,BHARTIARTL,INE397D01024,,359.9,373.9,351.65,364.7,8126603,2951743514.5,0.9475970086227228,345.588629044707
2018-07-30,BHARTIARTL,INE397D01024,,359.0,388.9,355.3,383.25,6737958,2522138159.25,0.9475970086227228,363.1665535546585
2018-07-31,BHARTIARTL,INE397D01024,,382.0,392.55,378.7,390.6,7296848,2833269271.7,0.9475970086227228,370.13139156803555
2018-08-01,BHARTIARTL,INE397D01024,,390.0,399.0,382.65,384.5,8512340,3334676438.55,0.9475970086227228,364.3510498154369
2018-08-02,BHARTIARTL,INE397D01024,,383.4,384.75,369.2,373.0,5575854,2086602690.4,0.9537985597262746,355.7668627779004
2018-08-03,BHARTIARTL,INE397D01024,,374.8,376.9,370.4,374.5,3287520,1228260156.75,0.9537985597262746,357.19756061748984
2018-08-06,BHARTIARTL,INE397D01024,,374.85,387.7,374.7,385.75,3640662,1391532776.95,0.9537985597262746,367.9277944144104
2018-08-07,BHARTIARTL,INE397D01024,,385.75,386.8,379.25,381.9,2190884,837246512.0,0.9537985597262746,364.2556699594642
2018-08-08,BHARTIARTL,INE397D01024,,380.1,387.9,373.4,385.3,2993950,1138321879.0,0.9537985597262746,367.4985850625336
2018-08-09,BHARTIARTL,INE397D01024,,386.3,386.3,364.5,367.05,11040336,4074228264.6,0.9537985597262746,350.0917613475291
2018-08-10,BHARTIARTL,INE397D01024,,368.2,374.8,365.1,369.8,4046462,1500652161.95,0.9537985597262746,352.71470738677635
2018-08-13,BHARTIARTL,INE397D01024,,368.9,375.75,363.0,370.15,3817525,1418280140.0,0.9537985597262746,353.04853688268054
2018-08-14,BHARTIARTL,INE397D01024,,370.15,372.7,364.0,367.0,2897961,1064002693.35,0.9537985597262746,350.0440714195428
2018-08-16,BHARTIARTL,INE397D01024,,366.55,374.0,365.2,372.0,2715006,1004550484.0,0.9537985597262746,354.81306421817413
2018-08-17,BHARTIARTL,INE397D01024,,372.05,375.0,366.15,371.4,3030830,1119561553.05,0.9537985597262746,354.24078508233833
2018-08-20,BHARTIARTL,INE397D01024,,372.4,373.85,367.3,370.55,2557572,948294802.05,0.9537985597262746,353.43005630657103
2018-08-21,BHARTIARTL,INE397D01024,,364.0,370.4,363.1,368.25,3110530,1144260206.8,0.9537985597262746,351.23631961920063
2018-08-23,BHARTIARTL,INE397D01024,,372.3,376.75,368.1,369.9,4278039,1585754683.35,0.9537985597262746,352.8100872427489
2018-08-24,BHARTIARTL,INE397D01024,,370.0,370.8,365.0,368.95,2089422,768282183.75,0.9537985597262746,351.903978611009
2018-08-27,BHARTIARTL,INE397D01024,,370.0,383.8,367.4,379.15,5938671,2233007394.25,0.9537985597262746,361.63272392021696
2018-08-28,BHARTIARTL,INE397D01024,,382.35,385.7,375.4,376.8,3669920,1386672077.85,0.9537985597262746,359.3912973048603
2018-08-29,BHARTIARTL,INE397D01024,,378.0,382.45,372.75,374.9,4038807,1526527275.65,0.9537985597262746,357.57908004138034
2018-08-30,BHARTIARTL,INE397D01024,,377.3,385.0,375.65,383.1,7026818,2675813511.65,0.9537985597262746,365.4002282311358
2018-08-31,BHARTIARTL,INE397D01024,,379.85,386.0,376.0,383.85,7849613,2990271963.85,0.9537985597262746,366.1155771509305
2018-09-03,BHARTIARTL,INE397D01024,,387.0,387.25,380.45,383.8,3764539,1446141429.8,0.9537985597262746,366.0678872229442
2018-09-04,BHARTIARTL,INE397D01024,,382.3,383.45,375.7,378.35,2886141,1097427982.05,0.9537985597262746,360.869685072436
2018-09-05,BHARTIARTL,INE397D01024,,375.0,377.85,366.25,372.05,5983744,2232286284.85,0.9537985597262746,354.86075414616045
2018-09-06,BHARTIARTL,INE397D01024,,373.95,374.7,368.1,372.3,2354020,874732770.9,0.9537985597262746,355.09920378609206
2018-09-07,BHARTIARTL,INE397D01024,,373.9,391.3,368.8,389.6,4923668,1890257295.55,0.9537985597262746,371.5999188693566
2018-09-10,BHARTIARTL,INE397D01024,,389.3,397.5,382.2,388.4,5059483,1962406863.9,0.9537985597262746,370.455360597685
2018-09-11,BHARTIARTL,INE397D01024,,388.5,392.4,377.45,378.7,5241423,2001419163.45,0.9537985597262746,361.20351456834015
2018-09-12,BHARTIARTL,INE397D01024,,380.9,382.15,371.8,376.7,3664475,1381874342.1,0.9537985597262746,359.2959174488876
2018-09-14,BHARTIARTL,INE397D01024,,378.0,388.2,373.0,383.6,3241639,1226613538.35,0.9537985597262746,365.87712751099895
2018-09-17,BHARTIARTL,INE397D01024,,380.15,391.0,377.1,382.05,3086233,1185459020.35,0.9537985597262746,364.3987397434232
2018-09-18,BHARTIARTL,INE397D01024,,380.2,384.8,372.55,373.7,2663263,1006689203.25,0.9537985597262746,356.4345217697088
2018-09-19,BHARTIARTL,INE397D01024,,374.5,380.4,360.3,370.05,1966708,735409098.85,0.9537985597262746,352.9531570267079
2018-09-21,BHARTIARTL,INE397D01024,,364.9,379.85,357.25,370.5,5503664,2026667477.45,0.9537985597262746,353.3823663785847
2018-09-24,BHARTIARTL,INE397D01024,,370.4,372.9,350.5,356.2,7105527,2535578712.25,0.9537985597262746,339.743046974499
2018-09-25,BHARTIARTL,INE397D01024,,359.2,363.65,344.0,360.5,6177721,2166300648.95,0.9537985597262746,343.844380781322
2018-09-26,BHARTIARTL,INE397D01024,,363.0,365.0,357.15,361.3,3964043,1429370151.5,0.9537985597262746,344.607419629103
2018-09-27,BHARTIARTL,INE397D01024,,361.5,363.45,354.65,356.8,4041142,1449278106.0,0.9537985597262746,340.3153261103348
2018-09-28,BHARTIARTL,INE397D01024,,356.8,359.0,335.15,338.55,11183009,3828483818.85,0.9537985597262746,322.9085023953303
2018-10-01,BHARTIARTL,INE397D01024,,339.0,340.0,321.7,326.75,9794496,3202274997.9,0.9537985597262746,311.6536793905602
2018-10-03,BHARTIARTL,INE397D01024,,326.0,327.3,316.35,318.45,6659938,2137080580.3,0.9537985597262746,303.7371513448321
2018-10-04,BHARTIARTL,INE397D01024,,315.35,317.45,302.15,310.15,8083991,2513639066.4,0.9537985597262746,295.82062329910406
2018-10-05,BHARTIARTL,INE397D01024,,308.5,315.9,291.9,298.6,7168719,2198187034.7,0.9537985597262746,284.8042499342656
2018-10-08,BHARTIARTL,INE397D01024,,298.8,298.8,291.0,295.2,9026370,2659569851.0,0.9537985597262746,281.56133483119623
2018-10-09,BHARTIARTL,INE397D01024,,296.25,296.9,287.0,289.0,8561269,2480521183.3,0.9537985597262746,275.64778376089333
2018-10-10,BHARTIARTL,INE397D01024,,289.0,303.8,284.2,295.1,10215590,2989792162.9,0.9537985597262746,281.46595497522367
2018-10-11,BHARTIARTL,INE397D01024,,288.95,294.8,282.25,285.35,4681303,1347912965.8,0.9537985597262746,272.16641901789245
2018-10-12,BHARTIARTL,INE397D01024,,288.0,292.6,284.65,290.05,9008275,2601040247.7,0.9537985597262746,276.64927224860594
2018-10-15,BHARTIARTL,INE397D01024,,290.05,293.0,284.05,291.1,2607240,751158708.35,0.9537985597262746,277.65076073631855
2018-10-16,BHARTIARTL,INE397D01024,,292.4,295.9,289.2,294.0,3011299,882651090.7,0.9537985597262746,280.41677655952475
2018-10-17,BHARTIARTL,INE397D01024,,296.5,298.35,284.65,288.5,3877700,1130301973.3,0.9537985597262746,275.1708844810302
2018-10-19,BHARTIARTL,INE397D01024,,287.0,293.2,284.6,287.3,3730327,1076956194.35,0.9537985597262746,274.0263262093587
2018-10-22,BHARTIARTL,INE397D01024,,289.45,290.0,276.85,285.75,6531421,1852939722.7,0.9537985597262746,272.54793844178295
2018-10-23,BHARTIARTL,INE397D01024,,283.05,290.6,283.0,285.9,6637533,1899819232.15,0.9537985597262746,272.6910082257419
2018-10-24,BHARTIARTL,INE397D01024,,290.0,328.75,286.65,315.85,12195277,3709608399.75,0.9537985597262746,301.25727508954384
2018-10-25,BHARTIARTL,INE397D01024,,307.0,310.4,292.15,295.55,15304817,4592284197.5,0.9537985597262746,281.8951643271005
2018-10-26,BHARTIARTL,INE397D01024,,297.1,306.0,287.0,297.95,7858963,2341727929.55,0.9537985597262746,284.1842808704435
2018-10-29,BHARTIARTL,INE397D01024,,299.1,303.55,290.0,294.1,5651902,1677085894.8,0.9537985597262746,280.5121564154974
2018-10-30,BHARTIARTL,INE397D01024,,294.45,297.2,289.35,292.6,4807626,1409776006.9,0.9537985597262746,279.08145857590796
2018-10-31,BHARTIARTL,INE397D01024,,292.9,295.0,278.9,292.35,7357453,2115129638.1,0.9537985597262746,278.8430089359764
2018-11-01,BHARTIARTL,INE397D01024,,293.0,298.0,287.35,293.5,4748038,1394721302.35,0.9537985597262746,279.9398772796616
2018-11-02,BHARTIARTL,INE397D01024,,293.9,307.8,293.5,302.05,4425655,1337317545.1,0.9537985597262746,288.09485496532125
2018-11-05,BHARTIARTL,INE397D01024,,300.8,305.4,298.0,303.2,4363411,1316953779.25,0.9617588214499123,291.6052746636134
2018-11-06,BHARTIARTL,INE397D01024,,304.0,307.95,302.9,305.05,2653071,809988726.45,0.9617588214499123,293.38452848329575
2018-11-09,BHARTIARTL,INE397D01024,,289.8,303.4,288.7,299.75,8495072,2533573737.2,0.9617588214499123,288.2872067296112
2018-11-12,BHARTIARTL,INE397D01024,,301.0,305.0,294.0,296.2,6121627,1825413218.3,0.9617588214499123,284.872962913464
2018-11-13,BHARTIARTL,INE397D01024,,296.0,304.0,290.3,297.55,3891168,1147300122.65,0.9617588214499123,286.17133732242144
2018-11-14,BHARTIARTL,INE397D01024,,300.0,311.8,298.0,301.3,4883558,1488600275.35,0.9617588214499123,289.7779329028586
2018-11-15,BHARTIARTL,INE397D01024,,301.3,306.7,298.0,304.4,4050154,1232288607.65,0.9617588214499123,292.7593852493533
2018-11-16,BHARTIARTL,INE397D01024,,302.9,336.8,302.0,332.75,22573096,7314208585.75,0.9617588214499123,320.0252478374583
2018-11-19,BHARTIARTL,INE397D01024,,329.4,338.9,319.0,336.85,11772584,3891864184.75,0.9617588214499123,323.96845900540296
2018-11-20,BHARTIARTL,INE397D01024,,333.1,339.45,328.3,331.95,10734672,3598472725.85,0.9617588214499123,319.2558407802984
2018-11-21,BHARTIARTL,INE397D01024,,331.0,339.45,330.15,332.7,8477936,2834896802.65,0.9617588214499123,319.97715989638584
2018-11-22,BHARTIARTL,INE397D01024,,331.9,339.8,321.4,327.85,8925992,2938469154.7,0.9617588214499123,315.31262961235376
2018-11-26,BHARTIARTL,INE397D01024,,328.05,338.9,328.05,334.55,5969802,2001605832.7,0.9617588214499123,321.75641371606815
2018-11-27,BHARTIARTL,INE397D01024,,333.9,335.9,324.1,328.15,6970751,2297137225.05,0.9617588214499123,315.6011572587887
2018-11-28,BHARTIARTL,INE397D01024,,332.0,332.8,311.0,314.1,9175591,2957821840.15,0.9617588214499123,302.0884458174175
2018-11-29,BHARTIARTL,INE397D01024,,321.0,322.0,312.0,317.2,8307218,2622794893.5,0.9617588214499123,305.06989816391217
2018-11-30,BHARTIARTL,INE397D01024,,319.0,324.3,310.7,313.5,5944313,1884392540.15,0.9617588214499123,301.5113905245475
2018-12-03,BHARTIARTL,INE397D01024,,316.5,321.0,314.5,319.75,3036001,966193623.0,0.9617588214499123,307.52238315860944
2018-12-04,BHARTIARTL,INE397D01024,,321.0,323.5,310.25,318.55,6449992,2038698447.0,0.9617588214499123,306.36827257286956
2018-12-05,BHARTIARTL,INE397D01024,,319.7,320.85,310.2,312.8,4530938,1425395265.2,0.9617588214499123,300.8381593495326
2018-12-06,BHARTIARTL,INE397D01024,,311.0,311.0,302.0,304.0,5918098,1808943082.35,0.9617588214499123,292.37468172077337
2018-12-07,BHARTIARTL,INE397D01024,,305.0,307.8,298.95,303.95,4775658,1450907492.45,0.9617588214499123,292.32659377970083
2018-12-10,BHARTIARTL,INE397D01024,,298.45,301.65,290.85,294.95,5181119,1536254955.95,0.9617588214499123,283.6707643866516
2018-12-11,BHARTIARTL,INE397D01024,,288.0,294.4,282.0,290.25,9007497,2609809948.45,0.9617588214499123,279.15049792583704
2018-12-12,BHARTIARTL,INE397D01024,,294.0,311.0,291.5,305.55,9282794,2794285644.35,0.9617588214499123,293.86540789402073
2018-12-13,BHARTIARTL,INE397D01024,,308.5,312.85,301.55,303.1,6909651,2116584441.9,0.9617588214499123,291.5090987814684
2018-12-14,BHARTIARTL,INE397D01024,,305.2,333.4,305.2,319.25,20486283,6511035522.75,0.9617588214499123,307.0415037478845
2018-12-17,BHARTIARTL,INE397D01024,,319.25,323.2,312.8,315.2,6136693,1949682580.6,0.9617588214499123,303.14638052101236
2018-12-18,BHARTIARTL,INE397D01024,,314.2,320.7,311.6,317.8,5653153,1787151930.0,0.9617588214499123,305.64695345678217
2018-12-19,BHARTIARTL,INE397D01024,,319.5,324.0,318.05,322.7,5217959,1675067553.55,0.9617588214499123,310.3595716818867
2018-12-20,BHARTIARTL,INE397D01024,,317.0,321.55,314.0,316.55,5396352,1711031998.6,0.9617588214499123,304.44475492996975
2018-12-21,BHARTIARTL,INE397D01024,,320.0,324.75,305.6,307.9,11143116,3506140905.55,0.9617588214499123,296.12554112442797
2018-12-24,BHARTIARTL,INE397D01024,,309.8,312.3,304.25,309.1,4709660,1450503602.3,0.9617588214499123,297.2796517101679
2018-12-26,BHARTIARTL,INE397D01024,,308.2,323.0,302.6,320.45,7540970,2345829539.1,0.9617588214499123,308.1956143336244
2018-12-27,BHARTIARTL,INE397D01024,,323.2,323.7,314.0,316.7,7899279,2508176349.95,0.9617588214499123,304.58901875318725
2018-12-28,BHARTIARTL,INE397D01024,,316.9,321.0,314.5,316.55,4672856,1487552906.15,0.9617588214499123,304.44475492996975
2018-12-31,BHARTIARTL,INE397D01024,,319.0,320.9,311.1,312.5,3795043,1197298521.9,0.9617588214499123,300.5496317030976
2019-01-01,BHARTIARTL,INE397D01024,,315.95,322.0,313.3,319.5,5513123,1744358710.55,0.9617588214499123,307.281943453247
2019-01-02,BHARTIARTL,INE397D01024,,316.9,321.0,309.1,312.65,5604911,1761349534.6,0.9617588214499123,300.6938955263151
2019-01-03,BHARTIARTL,INE397D01024,,312.5,315.5,307.95,313.5,5615566,1747945502.1,0.9617588214499123,301.5113905245475
2019-01-04,BHARTIARTL,INE397D01024,,312.45,324.7,312.45,322.45,10239262,3277681502.6,0.9617588214499123,310.1191319765242
2019-01-07,BHARTIARTL,INE397D01024,,324.4,327.9,322.1,324.95,4966909,1613266648.0,0.9617588214499123,312.523529030149
2019-01-08,BHARTIARTL,INE397D01024,,323.75,331.75,323.25,329.25,6484522,2131210693.0,0.9617588214499123,316.6590919623836
2019-01-09,BHARTIARTL,INE397D01024,,333.2,337.9,327.3,334.5,7226454,2403151818.8,0.9617588214499123,321.70832577499567
2019-01-10,BHARTIARTL,INE397D01024,,336.55,338.65,332.4,337.3,5180570,1737089359.6,0.9617588214499123,324.40125047505546
2019-01-11,BHARTIARTL,INE397D01024,,337.15,337.3,329.0,335.1,5337767,1778157434.7,0.9617588214499123,322.2853810678656
2019-01-14,BHARTIARTL,INE397D01024,,334.1,334.8,328.15,331.6,3311854,1095361341.85,0.9617588214499123,318.9192251927909
2019-01-15,BHARTIARTL,INE397D01024,,330.0,339.35,326.5,337.75,5143387,1711244778.8,0.9617588214499123,324.8340419447079
2019-01-16,BHARTIARTL,INE397D01024,,336.75,345.25,331.4,333.95,6944533,2352913401.25,0.9617588214499123,321.1793584231982
2019-01-17,BHARTIARTL,INE397D01024,,333.0,336.75,330.2,332.05,4118364,1370557152.2,0.9617588214499123,319.3520166624434
2019-01-18,BHARTIARTL,INE397D01024,,330.5,332.45,304.3,311.15,14744448,4639895654.95,0.9617588214499123,299.2512572941402
2019-01-21,BHARTIARTL,INE397D01024,,310.7,315.5,306.0,311.35,7769963,2420053640.75,0.9617588214499123,299.44360905843024
2019-01-22,BHARTIARTL,INE397D01024,,312.0,312.1,301.55,304.85,7904590,2419884254.7,0.9617588214499123,293.1921767190058
2019-01-23,BHARTIARTL,INE397D01024,,306.8,307.4,302.3,303.7,5063257,1542345675.65,0.9617588214499123,292.08615407433837
2019-01-24,BHARTIARTL,INE397D01024,,306.7,307.8,294.5,301.65,9363696,2828263625.3,0.9617588214499123,290.114548490366
2019-01-25,BHARTIARTL,INE397D01024,,304.0,312.0,302.0,307.5,5443641,1670714383.95,0.9617588214499123,295.74083759584806
2019-01-28,BHARTIARTL,INE397D01024,,308.0,309.35,294.7,305.15,4097172,1244378613.2,0.9617588214499123,293.4807043654407
2019-01-29,BHARTIARTL,INE397D01024,,305.0,309.65,301.7,307.85,2893056,888096822.3,0.9617588214499123,296.07745318335554
2019-01-30,BHARTIARTL,INE397D01024,,309.0,312.9,300.1,303.7,5906356,1816150680.9,0.9617588214499123,292.08615407433837
2019-01-31,BHARTIARTL,INE397D01024,,304.5,310.45,303.15,306.4,8555853,2617313200.2,0.9617588214499123,294.68290289225314
2019-02-01,BHARTIARTL,INE397D01024,,305.1,320.9,305.0,311.85,8331159,2612118833.45,0.9617588214499123,299.92448846915516
2019-02-04,BHARTIARTL,INE397D01024,,310.0,310.75,302.2,306.55,3511129,1071412128.35,0.9617588214499123,294.82716671547064
2019-02-05,BHARTIARTL,INE397D01024,,295.4,311.65,292.85,308.2,13229252,3987209443.45,0.9617588214499123,296.41406877086297
2019-02-06,BHARTIARTL,INE397D01024,,307.0,310.5,301.0,308.75,4688955,1432035442.0,0.9617588214499123,296.94303612266043
2019-02-07,BHARTIARTL,INE397D01024,,308.6,314.4,305.2,311.15,3472111,1081495541.15,0.9617588214499123,299.2512572941402
2019-02-08,BHARTIARTL,INE397D01024,,309.0,314.2,306.1,313.25,3076831,956707380.5,0.9617588214499123,301.27095081918503
2019-02-11,BHARTIARTL,INE397D01024,,315.0,315.45,311.0,312.2,2977404,931209974.5,0.9617588214499123,300.2611040566626
2019-02-12,BHARTIARTL,INE397D01024,,311.7,315.6,309.65,311.25,2006320,626768444.55,0.9617588214499123,299.3474331762852
2019-02-13,BHARTIARTL,INE397D01024,,312.45,312.55,307.3,310.55,2196566,682189870.25,0.9617588214499123,298.67420200127026
2019-02-14,BHARTIARTL,INE397D01024,,309.0,309.9,296.5,300.8,7726834,2327047955.8,0.9617588214499123,289.2970534921336
2019-02-15,BHARTIARTL,INE397D01024,,301.0,306.05,297.35,304.6,6063171,1826558970.15,0.9617588214499123,292.9517370136433
2019-02-18,BHARTIARTL,INE397D01024,,306.9,307.15,300.05,302.55,4001810,1207963435.35,0.9617588214499123,290.98013142967096
2019-02-19,BHARTIARTL,INE397D01024,,303.9,313.5,301.55,303.7,6844127,2112816066.9,0.9617588214499123,292.08615407433837
2019-02-20,BHARTIARTL,INE397D01024,,305.55,310.85,304.95,309.0,5603086,1724337806.5,0.9617588214499123,297.1834758280229
2019-02-21,BHARTIARTL,INE397D01024,,305.9,311.0,303.0,309.9,5232493,1601691928.7,0.9617588214499123,298.0490587673278
2019-02-22,BHARTIARTL,INE397D01024,,309.2,316.5,308.05,313.85,5587441,1753066479.85,0.9617588214499123,301.848006112055
2019-02-25,BHARTIARTL,INE397D01024,,314.0,320.0,311.6,317.25,3744506,1184856425.3,0.9617588214499123,305.1179861049847
2019-02-26,BHARTIARTL,INE397D01024,,315.7,320.5,313.4,315.45,5012987,1587433097.25,0.9617588214499123,303.3868202263748
2019-02-27,BHARTIARTL,INE397D01024,,318.95,325.25,314.35,320.15,4080123,1302037856.95,0.9617588214499123,307.9070866871894
2019-02-28,BHARTIARTL,INE397D01024,,324.9,326.95,315.95,318.05,6928578,2217600560.35,0.9617588214499123,305.88739316214463
2019-03-01,BHARTIARTL,INE397D01024,,317.8,317.8,302.1,307.65,26657232,8200068544.95,0.9617588214499123,295.8851014190655
2019-03-05,BHARTIARTL,INE397D01024,,308.0,309.2,303.6,307.85,10271412,3148288827.4,0.9617588214499123,296.07745318335554
2019-03-06,BHARTIARTL,INE397D01024,,310.95,313.25,308.3,309.4,6392974,1985150298.7,0.9617588214499123,297.56817935660285
2019-03-07,BHARTIARTL,INE397D01024,,310.0,312.2,307.0,307.65,5828055,1803075390.45,0.9617588214499123,295.8851014190655
2019-03-08,BHARTIARTL,INE397D01024,,309.75,312.0,307.65,308.7,4002947,1239288746.2,0.9617588214499123,296.8949481815879
2019-03-11,BHARTIARTL,INE397D01024,,309.05,337.1,308.7,333.8,15374558,5007552527.3,0.9617588214499123,321.03509459998077
2019-03-12,BHARTIARTL,INE397D01024,,332.8,354.0,329.35,351.8,27100883,9393488235.6,0.9617588214499123,338.3467533860792
2019-03-13,BHARTIARTL,INE397D01024,,348.5,356.55,336.5,337.75,12612026,4336658540.4,0.9617588214499123,324.8340419447079
2019-03-14,BHARTIARTL,INE397D01024,,337.0,345.95,334.55,342.4,6246873,2126775306.0,0.9617588214499123,329.30622046444995
2019-03-15,BHARTIARTL,INE397D01024,,344.0,344.85,331.2,337.7,10397551,3500567165.35,0.9617588214499123,324.78595400363537
2019-03-18,BHARTIARTL,INE397D01024,,338.0,343.65,329.3,330.6,7007083,2336325905.5,0.9617588214499123,317.957466371341
2019-03-19,BHARTIARTL,INE397D01024,,332.0,339.45,332.0,336.75,5082584,1708050316.25,0.9617588214499123,323.872283123258
2019-03-20,BHARTIARTL,INE397D01024,,337.15,339.9,332.35,334.0,2982715,998877839.8,0.9617588214499123,321.2274463642707
2019-03-22,BHARTIARTL,INE397D01024,,336.0,347.4,329.3,331.55,8213789,2773228313.7,0.9617588214499123,318.87113725171844
2019-03-25,BHARTIARTL,INE397D01024,,332.9,334.9,323.2,327.0,4734760,1555151118.4,0.9617588214499123,314.49513461412135
2019-03-26,BHARTIARTL,INE397D01024,,328.55,331.4,326.25,327.8,3827846,1256558101.3,0.9617588214499123,315.2645416712813
2019-03-27,BHARTIARTL,INE397D01024,,331.0,333.0,320.4,322.5,5364208,1759044880.35,0.9617588214499123,310.1672199175967
2019-03-28,BHARTIARTL,INE397D01024,,322.6,333.0,317.75,329.95,12272355,4016110329.7,0.9617588214499123,317.33232313739853
2019-03-29,BHARTIARTL,INE397D01024,,331.0,336.35,329.0,333.1,4459756,1484614630.0,0.9617588214499123,320.3618634249658
2019-04-01,BHARTIARTL,INE397D01024,,333.9,344.95,333.2,340.8,6381272,2170620964.65,0.9617588214499123,327.7674063501301
2019-04-02,BHARTIARTL,INE397D01024,,343.0,359.0,343.0,356.45,20054316,7083137291.45,0.9617588214499123,342.8189319058212
2019-04-03,BHARTIARTL,INE397D01024,,356.0,363.0,347.5,350.0,11041131,3945723940.15,0.9617588214499123,336.6155875074693
2019-04-04,BHARTIARTL,INE397D01024,,352.0,359.5,352.0,356.8,10966638,3907990802.0,0.9617588214499123,343.1555474933287
2019-04-05,BHARTIARTL,INE397D01024,,358.6,359.75,353.55,356.65,3359951,1196932771.85,0.9617588214499123,343.0112836701112
2019-04-08,BHARTIARTL,INE397D01024,,358.4,363.8,352.55,354.95,5097675,1824628791.65,0.9617588214499123,341.3762936736464
2019-04-09,BHARTIARTL,INE397D01024,,358.55,361.0,341.5,351.6,9079248,3166265502.8,0.9617588214499123,338.1544016217892
2019-04-10,BHARTIARTL,INE397D01024,,350.8,354.4,338.0,340.0,4289454,1489942763.55,0.9617588214499123,326.9979992929702
2019-04-11,BHARTIARTL,INE397D01024,,341.7,351.25,337.15,346.35,16393215,5670763245.45,0.9617588214499123,333.10516780917715
2019-04-12,BHARTIARTL,INE397D01024,,347.0,350.35,339.0,341.95,7525281,2586811769.75,0.9617588214499123,328.8734289947975
2019-04-15,BHARTIARTL,INE397D01024,,344.9,349.0,334.8,347.7,9201883,3141996799.6,0.9617588214499123,334.4035422181345
2019-04-16,BHARTIARTL,INE397D01024,,348.0,351.1,340.75,348.75,8579411,2969709033.65,0.9617588214499123,335.4133889806569
2019-04-18,BHARTIARTL,INE397D01024,,349.5,350.45,332.65,346.95,14545230,4973545566.3,0.9617588214499123,333.6822231020471
2019-04-22,BHARTIARTL,INE397D01024,,344.0,358.55,336.6,349.4,13824740,4793602359.2,0.9617588214499123,336.03853221459934
2019-04-23,BHARTIARTL,INE397D01024,,325.0,325.4,314.2,316.5,11412878,3645704177.85,0.9617588214499123,304.39666698889727
2019-04-24,BHARTIARTL,INE397D01024,,316.5,326.3,315.6,324.5,7029531,2264404261.35,0.9617588214499123,312.09073756049656
2019-04-25,BHARTIARTL,INE397D01024,,322.8,332.9,321.0,328.5,11305703,3704385818.2,0.9617588214499123,315.9377728462962
2019-04-26,BHARTIARTL,INE397D01024,,330.0,335.7,322.3,325.45,4908166,1604961950.5,0.9617588214499123,313.00440844087393
2019-04-30,BHARTIARTL,INE397D01024,,324.0,326.8,314.05,320.3,6026790,1921051530.1,0.9617588214499123,308.0513505104069
2019-05-02,BHARTIARTL,INE397D01024,,322.9,329.4,321.6,324.2,7779750,2537399686.7,0.9617588214499123,311.80220991406156
2019-05-03,BHARTIARTL,INE397D01024,,324.45,333.85,324.45,331.45,9718936,3214384372.25,0.9617588214499123,318.7749613695734
2019-05-06,BHARTIARTL,INE397D01024,,331.45,336.4,326.5,333.45,14596079,4847078171.85,0.9617588214499123,320.69847901247323
2019-05-07,BHARTIARTL,INE397D01024,,340.0,340.85,321.45,324.95,17408388,5754031864.95,0.9617588214499123,312.523529030149
2019-05-08,BHARTIARTL,INE397D01024,,324.85,327.45,320.1,324.5,4774792,1546751379.35,0.9617588214499123,312.09073756049656
2019-05-09,BHARTIARTL,INE397D01024,,321.25,326.2,312.6,315.45,7850740,2516330734.7,0.9617588214499123,303.3868202263748
2019-05-10,BHARTIARTL,INE397D01024,,318.9,328.4,315.2,324.1,7711197,2490413927.1,0.9617588214499123,311.7060340319166
2019-05-13,BHARTIARTL,INE397D01024,,321.5,327.35,314.65,318.65,6498273,2101760014.7,0.9617588214499123,306.4644484550145
2019-05-14,BHARTIARTL,INE397D01024,,316.0,339.7,315.2,336.6,10752770,3549013289.7,0.9617588214499123,323.7280193000405
2019-05-15,BHARTIARTL,INE397D01024,,336.0,338.0,328.7,331.25,7639127,2548279800.3,0.9617588214499123,318.58260960528344
2019-05-16,BHARTIARTL,INE397D01024,,332.0,333.3,321.05,325.2,4507071,1470322759.6,0.9617588214499123,312.76396873551147
2019-05-17,BHARTIARTL,INE397D01024,,323.7,330.7,322.15,328.45,4042029,1317722485.8,0.9617588214499123,315.8896849052237
2019-05-20,BHARTIARTL,INE397D01024,,332.05,341.95,331.0,340.1,7713557,2590482820.15,0.9617588214499123,327.0941751751152
2019-05-21,BHARTIARTL,INE397D01024,,340.0,340.1,328.55,330.65,4237059,1415813120.55,0.9617588214499123,318.0055543124135
2019-05-22,BHARTIARTL,INE397D01024,,331.0,337.95,328.65,335.15,6666818,2226908908.4,0.9617588214499123,322.3334690089381
2019-05-23,BHARTIARTL,INE397D01024,,337.55,349.0,334.2,338.8,5349429,1826968825.8,0.9617588214499123,325.8438887072303
2019-05-24,BHARTIARTL,INE397D01024,,340.05,356.0,340.0,353.2,9576934,3343226110.0,0.9617588214499123,339.69321573610904
2019-05-27,BHARTIARTL,INE397D01024,,349.7,351.9,346.35,349.5,3930538,1371781665.35,0.9617588214499123,336.13470809674436
2019-05-28,BHARTIARTL,INE397D01024,,348.75,351.7,341.7,345.6,8484214,2930758175.2,0.9617588214499123,332.3838486930897
2019-05-29,BHARTIARTL,INE397D01024,,343.8,345.15,337.85,338.8,4497114,1530836678.0,0.9617588214499123,325.8438887072303
2019-05-30,BHARTIARTL,INE397D01024,,340.0,349.55,339.55,346.7,13891400,4808255042.4,0.9617588214499123,333.44178339668457
2019-05-31,BHARTIARTL,INE397D01024,,349.0,352.4,344.45,348.8,10825441,3774629215.2,0.9617588214499123,335.4614769217294
2019-06-03,BHARTIARTL,INE397D01024,,351.5,355.75,348.85,352.75,5118048,1801181215.4,0.9617588214499123,339.2604242664566
2019-06-04,BHARTIARTL,INE397D01024,,351.0,355.95,349.75,352.4,6625043,2335226388.7,0.9617588214499123,338.92380867894906
2019-06-06,BHARTIARTL,INE397D01024,,352.8,355.95,348.5,353.8,10317108,3631729960.25,0.9617588214499123,340.270271028979
2019-06-07,BHARTIARTL,INE397D01024,,353.8,361.95,351.8,357.1,5771494,2061599626.5,0.9617588214499123,343.4440751397637
2019-06-10,BHARTIARTL,INE397D01024,,354.8,364.65,353.65,363.45,5882086,2118863222.25,0.9617588214499123,349.5512436559706
2019-06-11,BHARTIARTL,INE397D01024,,363.0,366.95,358.25,363.25,5563691,2015315453.7,0.9617588214499123,349.3588918916806
2019-06-12,BHARTIARTL,INE397D01024,,362.4,362.4,357.1,359.9,2815172,1013142259.45,0.9617588214499123,346.13699983982343
2019-06-13,BHARTIARTL,INE397D01024,,357.05,364.95,357.05,363.75,3768622,1366161652.25,0.9617588214499123,349.8397713024056
2019-06-14,BHARTIARTL,INE397D01024,,362.55,362.95,351.65,353.3,5075586,1805820113.55,0.9617588214499123,339.78939161825406
2019-06-17,BHARTIARTL,INE397D01024,,355.6,355.6,342.1,344.0,6956493,2422300784.75,0.9617588214499123,330.84503457876986
2019-06-18,BHARTIARTL,INE397D01024,,345.4,347.35,341.2,345.15,4885837,1679229679.2,0.9617588214499123,331.9510572234372
2019-06-19,BHARTIARTL,INE397D01024,,346.5,348.0,334.3,341.1,3934382,1344613716.05,0.9617588214499123,328.0559339965651
2019-06-20,BHARTIARTL,INE397D01024,,339.25,350.0,339.2,348.55,3498169,1213994436.3,0.9617588214499123,335.22103721636694
2019-06-21,BHARTIARTL,INE397D01024,,347.5,349.9,342.7,343.8,9584254,3312475281.3,0.9617588214499123,330.6526828144799
2019-06-24,BHARTIARTL,INE397D01024,,345.15,348.55,343.5,345.1,3249667,1125158202.1,0.9617588214499123,331.9029692823648
2019-06-25,BHARTIARTL,INE397D01024,,345.45,352.0,344.55,348.6,2796405,970937462.85,0.9617588214499123,335.2691251574395
2019-06-26,BHARTIARTL,INE397D01024,,350.0,352.0,342.55,345.55,4645627,1611449213.45,0.9617588214499123,332.3357607520172
2019-06-27,BHARTIARTL,INE397D01024,,347.25,350.85,340.9,348.65,12895120,4469847676.25,0.9617588214499123,335.3172130985119
2019-06-28,BHARTIARTL,INE397D01024,,348.4,350.0,342.5,346.65,8576035,2967385045.0,0.9617588214499123,333.3936954556121
2019-07-01,BHARTIARTL,INE397D01024,,347.0,349.85,345.15,348.5,3405198,1183866721.9,0.9617588214499123,335.17294927529446
2019-07-02,BHARTIARTL,INE397D01024,,349.0,354.5,347.35,353.6,3745884,1317577943.95,0.9617588214499123,340.077919264689
2019-07-03,BHARTIARTL,INE397D01024,,352.9,356.5,349.75,353.2,8317090,2945468490.15,0.9617588214499123,339.69321573610904
2019-07-04,BHARTIARTL,INE397D01024,,353.35,365.0,353.0,362.75,8407402,3041005084.0,0.9617588214499123,348.8780124809557
2019-07-05,BHARTIARTL,INE397D01024,,362.75,371.15,360.5,364.8,6751716,2465131393.05,0.9617588214499123,350.84961806492805
2019-07-08,BHARTIARTL,INE397D01024,,362.0,364.4,354.45,356.4,3478536,1250625592.9,0.9617588214499123,342.77084396474874
2019-07-09,BHARTIARTL,INE397D01024,,356.0,363.25,354.1,362.3,3859398,1385804609.5,0.9617588214499123,348.44522101130326
2019-07-10,BHARTIARTL,INE397D01024,,362.9,364.9,353.65,358.55,5201801,1861381544.45,0.9617588214499123,344.83862543086605
2019-07-11,BHARTIARTL,INE397D01024,,358.25,362.4,356.3,360.75,3448755,1240859067.65,0.9617588214499123,346.9544948380559
2019-07-12,BHARTIARTL,INE397D01024,,360.8,360.8,354.15,356.1,4662763,1659523340.8,0.9617588214499123,342.4823163183138
2019-07-15,BHARTIARTL,INE397D01024,,357.6,359.4,349.15,350.6,3459346,1219963056.4,0.9617588214499123,337.1926428003393
2019-07-16,BHARTIARTL,INE397D01024,,351.0,354.95,349.65,350.75,3584392,1259273113.5,0.9617588214499123,337.33690662355673
2019-07-17,BHARTIARTL,INE397D01024,,350.55,353.4,344.8,346.25,4677593,1629923635.5,0.9617588214499123,333.0089919270321
2019-07-18,BHARTIARTL,INE397D01024,,348.0,351.2,338.6,342.5,3642763,1257671937.8,0.9617588214499123,329.40239634659497
2019-07-19,BHARTIARTL,INE397D01024,,343.5,346.0,336.1,339.95,2470956,840777393.4,0.9617588214499123,326.9499113518977
2019-07-22,BHARTIARTL,INE397D01024,,339.0,343.5,335.6,342.55,3062655,1043478826.8,0.9617588214499123,329.45048428766745
2019-07-23,BHARTIARTL,INE397D01024,,342.95,348.5,337.4,343.6,3614547,1239865489.0,0.9617588214499123,330.4603310501899
2019-07-24,BHARTIARTL,INE397D01024,,344.0,344.75,335.75,338.9,4751577,1607971420.6,0.9617588214499123,325.94006458937525
2019-07-25,BHARTIARTL,INE397D01024,,335.0,343.45,334.55,339.0,7460110,2537628517.65,0.9617588214499123,326.0362404715203
2019-07-26,BHARTIARTL,INE397D01024,,338.0,338.9,328.2,334.9,4995313,1664530944.85,0.9617588214499123,322.09302930357563
2019-07-29,BHARTIARTL,INE397D01024,,334.7,336.45,328.1,334.55,4979396,1662923114.8,0.9617588214499123,321.75641371606815
2019-07-30,BHARTIARTL,INE397D01024,,337.0,348.3,335.15,345.75,12722092,4381621008.55,0.9617588214499123,332.5281125163072
2019-07-31,BHARTIARTL,INE397D01024,,343.2,353.75,332.7,337.6,10861621,3703547310.1,0.9617588214499123,324.6897781214904
2019-08-01,BHARTIARTL,INE397D01024,,335.0,338.75,321.15,323.9,9773900,3221466825.2,0.9617588214499123,311.51368226762656
2019-08-02,BHARTIARTL,INE397D01024,,332.0,354.95,327.2,343.55,28059958,9482584584.35,0.9617588214499123,330.4122431091174
2019-08-05,BHARTIARTL,INE397D01024,,340.1,361.65,339.05,357.7,15227460,5306818437.65,0.9617588214499123,344.02113043263364
2019-08-06,BHARTIARTL,INE397D01024,,354.1,375.4,354.1,368.45,17019717,6221558066.65,0.9617588214499123,354.3600377632202
2019-08-07,BHARTIARTL,INE397D01024,,368.0,372.95,362.5,366.1,12524292,4614346251.15,0.9617588214499123,352.0999045328129
2019-08-08,BHARTIARTL,INE397D01024,,366.0,378.75,365.4,372.15,16050094,5991099342.8,0.9617588214499123,357.91854540258487
2019-08-09,BHARTIARTL,INE397D01024,,372.0,373.75,364.15,371.15,7700362,2846321508.6,0.9617588214499123,356.9567865811349
2019-08-13,BHARTIARTL,INE397D01024,,361.2,365.0,346.15,351.65,14028958,4945249386.15,0.9617588214499123,338.2024895628617
2019-08-14,BHARTIARTL,INE397D01024,,355.0,363.85,347.3,361.2,7669905,2754629476.95,0.9617588214499123,347.38728630770834
2019-08-16,BHARTIARTL,INE397D01024,,360.0,365.0,355.0,361.55,5719722,2060867754.0,0.9617588214499123,347.7239018952158
2019-08-19,BHARTIARTL,INE397D01024,,363.45,366.25,359.8,361.0,4521771,1642248181.25,0.9617588214499123,347.19493454341836
2019-08-20,BHARTIARTL,INE397D01024,,360.5,362.35,357.4,358.05,5266052,1893737658.7,0.9617588214499123,344.3577460201411
2019-08-21,BHARTIARTL,INE397D01024,,358.0,360.2,353.15,354.9,4046902,1444041805.4,0.9617588214499123,341.32820573257385
2019-08-22,BHARTIARTL,INE397D01024,,355.0,357.2,351.0,352.75,3113528,1102750259.75,0.9617588214499123,339.2604242664566
2019-08-23,BHARTIARTL,INE397D01024,,354.0,358.95,350.5,356.4,4590240,1631123457.35,0.9617588214499123,342.77084396474874
2019-08-26,BHARTIARTL,INE397D01024,,357.95,362.65,346.9,360.65,4931663,1767255263.0,0.9617588214499123,346.8583189559109
2019-08-27,BHARTIARTL,INE397D01024,,362.5,368.2,344.75,348.3,32201102,11257584648.6,0.9617588214499123,334.9805975110045
2019-08-28,BHARTIARTL,INE397D01024,,349.5,349.5,340.5,345.8,5524473,1903313946.05,0.9617588214499123,332.5762004573797
2019-08-29,BHARTIARTL,INE397D01024,,342.35,349.75,341.15,343.5,5929198,2044106395.5,0.9617588214499123,330.3641551680449
2019-08-30,BHARTIARTL,INE397D01024,,345.0,349.6,338.75,346.8,4765624,1641544494.0,0.9617588214499123,333.5379592788296
2019-09-03,BHARTIARTL,INE397D01024,,345.5,345.95,335.5,336.85,4226095,1438345493.15,0.9617588214499123,323.96845900540296
2019-09-04,BHARTIARTL,INE397D01024,,336.0,347.35,335.1,345.7,5144579,1764910138.7,0.9617588214499123,332.48002457523467
2019-09-05,BHARTIARTL,INE397D01024,,345.0,349.35,340.95,347.7,3264321,1127814367.0,0.9617588214499123,334.4035422181345
2019-09-06,BHARTIARTL,INE397D01024,,350.2,354.0,345.1,349.25,6274987,2196386190.15,0.9617588214499123,335.8942683913819
2019-09-09,BHARTIARTL,INE397D01024,,350.95,357.4,349.55,356.45,3712496,1312230845.2,0.9617588214499123,342.8189319058212
2019-09-11,BHARTIARTL,INE397D01024,,361.75,361.95,351.2,355.1,4810430,1711591052.2,0.9617588214499123,341.5205574968639
2019-09-12,BHARTIARTL,INE397D01024,,358.4,358.4,346.75,347.55,5535262,1935675479.4,0.9617588214499123,334.25927839491703
2019-09-13,BHARTIARTL,INE397D01024,,347.6,349.7,340.9,343.05,4920207,1687855754.7,0.9617588214499123,329.93136369839243
2019-09-16,BHARTIARTL,INE397D01024,,343.0,345.4,338.4,344.0,5010025,1719024141.9,0.9617588214499123,330.84503457876986
2019-09-17,BHARTIARTL,INE397D01024,,348.8,348.8,332.55,339.85,8329655,2815160504.7,0.9617588214499123,326.85373546975273
2019-09-18,BHARTIARTL,INE397D01024,,341.6,344.15,334.6,335.6,7490889,2522314243.15,0.9617588214499123,322.7662604785906
2019-09-19,BHARTIARTL,INE397D01024,,338.4,342.55,334.7,337.6,11672389,3939987420.6,0.9617588214499123,324.6897781214904
2019-09-20,BHARTIARTL,INE397D01024,,339.7,365.1,335.05,356.4,15528435,5473008708.8,0.9617588214499123,342.77084396474874
2019-09-23,BHARTIARTL,INE397D01024,,356.0,362.25,345.0,348.0,5746894,2024977044.05,0.9617588214499123,334.6920698645695
2019-09-24,BHARTIARTL,INE397D01024,,348.0,352.0,345.4,348.65,4722666,1647543977.3,0.9617588214499123,335.3172130985119
2019-09-25,BHARTIARTL,INE397D01024,,349.05,350.95,338.0,341.65,4610586,1579917668.8,0.9617588214499123,328.5849013483625
2019-09-26,BHARTIARTL,INE397D01024,,341.05,347.05,340.45,344.05,4867361,1675006189.3,0.9617588214499123,330.89312251984234
2019-09-27,BHARTIARTL,INE397D01024,,344.0,354.9,339.25,349.1,3353263,1158659777.05,0.9617588214499123,335.7500045681644
2019-09-30,BHARTIARTL,INE397D01024,,353.0,374.9,344.25,367.05,19616421,6986635478.45,0.9617588214499123,353.0135754131903
2019-10-01,BHARTIARTL,INE397D01024,,370.0,370.65,346.85,350.95,7208995,2569626489.6,0.9617588214499123,337.5292583878467
2019-10-03,BHARTIARTL,INE397D01024,,350.95,355.6,341.3,344.9,4944826,1724286614.1,0.9617588214499123,331.71061751807474
2019-10-04,BHARTIARTL,INE397D01024,,348.3,348.7,334.25,339.5,4705661,1601881134.8,0.9617588214499123,326.51711988224525
2019-10-07,BHARTIARTL,INE397D01024,,338.0,346.75,337.1,341.55,3500384,1200750768.6,0.9617588214499123,328.48872546621755
2019-10-09,BHARTIARTL,INE397D01024,,343.1,360.85,339.0,359.4,8685318,3074710631.4,0.9617588214499123,345.65612042909845
2019-10-10,BHARTIARTL,INE397D01024,,362.9,385.0,362.0,377.25,47660614,17932349997.35,0.9617588214499123,362.8235153919794
2019-10-11,BHARTIARTL,INE397D01024,,374.95,385.35,372.6,382.9,10908530,4130745360.4,0.9617588214499123,368.2574527331714
2019-10-14,BHARTIARTL,INE397D01024,,384.45,397.0,380.25,393.55,10729180,4191203204.95,0.9617588214499123,378.500184181613
2019-10-15,BHARTIARTL,INE397D01024,,390.0,391.95,381.55,383.65,8585170,3311118513.15,0.9617588214499123,368.97877184925886
2019-10-16,BHARTIARTL,INE397D01024,,381.1,386.8,377.35,385.25,8912567,3424527099.75,0.9617588214499123,370.5175859635787
2019-10-17,BHARTIARTL,INE397D01024,,385.0,387.5,379.05,385.85,4787789,1836943323.1,0.9617588214499123,371.0946412564487
2019-10-18,BHARTIARTL,INE397D01024,,384.95,386.4,380.5,383.5,3979009,1524909665.4,0.9617588214499123,368.83450802604136
2019-10-22,BHARTIARTL,INE397D01024,,381.8,396.5,367.2,374.1,11357444,4379782615.45,0.9617588214499123,359.7939751044122
2019-10-23,BHARTIARTL,INE397D01024,,373.5,378.0,355.0,360.35,13337712,4855975330.0,0.9617588214499123,346.56979130947593
2019-10-24,BHARTIARTL,INE397D01024,,353.95,376.35,325.5,372.35,72697775,25485559617.95,0.9617588214499123,358.11089716687485
2019-10-25,BHARTIARTL,INE397D01024,,369.9,378.4,362.6,375.15,27754837,10266198838.7,0.9617588214499123,360.8038218669346
2019-10-29,BHARTIARTL,INE397D01024,,363.0,365.65,353.1,359.9,36231891,13035491120.7,0.9617588214499123,346.13699983982343
2019-10-30,BHARTIARTL,INE397D01024,,364.3,371.35,360.65,367.95,16869202,6196413523.35,0.9617588214499123,353.8791583524952
2019-10-31,BHARTIARTL,INE397D01024,,366.7,376.8,363.75,374.25,12794123,4737410712.95,0.9617588214499123,359.9382389276297
2019-11-01,BHARTIARTL,INE397D01024,,363.35,376.4,363.35,373.05,13682012,5082109739.85,0.9617588214499123,358.7841283418898
2019-11-04,BHARTIARTL,INE397D01024,,378.25,381.7,374.0,378.0,7620719,2883020031.7,0.9617588214499123,363.54483450806686
2019-11-05,BHARTIARTL,INE397D01024,,377.0,385.5,374.55,383.95,6641731,2532910326.2,0.9617588214499123,369.2672994956938
2019-11-06,BHARTIARTL,INE397D01024,,385.0,385.4,370.25,371.45,8181919,3070381464.95,0.9617588214499123,357.2453142275699
2019-11-07,BHARTIARTL,INE397D01024,,374.8,375.5,369.05,371.75,4816149,1793074500.45,0.9617588214499123,357.5338418740049
2019-11-08,BHARTIARTL,INE397D01024,,370.0,375.85,366.6,369.15,5982102,2215611610.8,0.9617588214499123,355.0332689382351
2019-11-11,BHARTIARTL,INE397D01024,,371.25,373.95,368.25,371.5,2774571,1029876195.0,0.9617588214499123,357.29340216864244
2019-11-13,BHARTIARTL,INE397D01024,,372.1,373.4,366.15,368.6,6424227,2373686077.55,0.9617588214499123,354.5043015864377
2019-11-14,BHARTIARTL,INE397D01024,,357.9,367.1,350.3,362.5,21091587,7557478154.15,0.9617588214499123,348.63757277559324
2019-11-15,BHARTIARTL,INE397D01024,,357.85,398.5,357.25,393.05,55174490,21236761448.5,0.9617588214499123,378.019304770888
2019-11-18,BHARTIARTL,INE397D01024,,396.0,420.55,392.1,409.2,42661408,17482815976.75,0.9617588214499123,393.5517097373041
2019-11-19,BHARTIARTL,INE397D01024,,426.9,445.65,421.45,439.35,62786851,27107664375.7,0.9617588214499123,422.548738204019
2019-11-20,BHARTIARTL,INE397D01024,,448.3,452.95,433.1,437.3,55644344,24715008245.3,0.9617588214499123,420.57713262004665
2019-11-21,BHARTIARTL,INE397D01024,,442.5,442.5,422.2,426.3,22178883,9492925447.7,0.9617588214499123,409.99778558409764
2019-11-22,BHARTIARTL,INE397D01024,,423.0,429.95,417.0,420.65,16775621,7093372570.6,0.9617588214499123,404.5638482429056
2019-11-25,BHARTIARTL,INE397D01024,,421.35,455.65,421.35,451.4,33483563,14805559334.85,0.9617588214499123,434.1379320024904
2019-11-26,BHARTIARTL,INE397D01024,,445.0,447.0,429.9,432.35,23466171,10228053378.95,0.9617588214499123,415.8164264538696
2019-11-27,BHARTIARTL,INE397D01024,,433.5,437.0,426.4,433.35,13336531,5753397587.05,0.9617588214499123,416.7781852753195
2019-11-28,BHARTIARTL,INE397D01024,,433.35,443.9,428.5,436.65,21940833,9559872651.55,0.9617588214499123,419.9519893861042
2019-11-29,BHARTIARTL,INE397D01024,,439.6,449.65,435.15,442.45,20010753,8880357950.7,0.9617588214499123,425.5301905505137
2019-12-02,BHARTIARTL,INE397D01024,,471.15,485.6,455.05,458.6,55735805,26240342189.15,0.9617588214499123,441.06259551692983
2019-12-03,BHARTIARTL,INE397D01024,,462.8,465.05,445.25,459.1,23871561,10851540325.4,0.9617588214499123,441.54347492765476
2019-12-04,BHARTIARTL,INE397D01024,,460.85,464.8,454.7,461.4,16541195,7612487953.3,0.9617588214499123,443.7555202169895
2019-12-05,BHARTIARTL,INE397D01024,,463.3,463.6,445.35,447.35,17317332,7813452898.7,0.9617588214499123,430.2428087756183
2019-12-06,BHARTIARTL,INE397D01024,,451.9,452.4,442.85,444.85,11415172,5104658563.4,0.9617588214499123,427.8384117219935
2019-12-09,BHARTIARTL,INE397D01024,,447.6,451.6,441.7,445.85,7865300,3513444503.0,0.9617588214499123,428.8001705434434
2019-12-10,BHARTIARTL,INE397D01024,,445.45,451.0,443.25,447.0,7140031,3195968753.3,0.9617588214499123,429.9061931881108
2019-12-11,BHARTIARTL,INE397D01024,,444.5,449.05,440.6,442.75,6803615,3023651472.2,0.9617588214499123,425.8187181969487
2019-12-12,BHARTIARTL,INE397D01024,,442.9,443.85,436.5,438.65,7389050,3255150536.75,0.9617588214499123,421.87550702900404
2019-12-13,BHARTIARTL,INE397D01024,,440.0,440.7,426.0,427.8,13074677,5630835347.25,0.9617588214499123,411.4404238162725
2019-12-16,BHARTIARTL,INE397D01024,,430.4,431.05,420.45,421.85,6962613,2959486504.2,0.9617588214499123,405.7179588286455
2019-12-17,BHARTIARTL,INE397D01024,,424.75,441.5,417.6,439.95,22991811,9849379560.65,0.9617588214499123,423.1257934968889
2019-12-18,BHARTIARTL,INE397D01024,,447.0,447.1,434.15,438.3,17654537,7737487614.25,0.9617588214499123,421.53889144149656
2019-12-19,BHARTIARTL,INE397D01024,,436.0,456.8,430.25,449.45,13974432,6175486191.4,0.9617588214499123,432.2625023006631
2019-12-20,BHARTIARTL,INE397D01024,,449.9,460.4,445.7,453.8,21289419,9662534196.5,0.9617588214499123,436.44615317397023
2019-12-23,BHARTIARTL,INE397D01024,,449.05,459.15,446.45,454.8,10434970,4720083422.15,0.9617588214499123,437.40791199542014
2019-12-24,BHARTIARTL,INE397D01024,,454.5,460.0,452.4,457.15,6845488,3126676827.7,0.9617588214499123,439.66804522582737
2019-12-26,BHARTIARTL,INE397D01024,,455.3,456.5,446.0,447.55,5887041,2654693992.7,0.9617588214499123,430.4351605399083
2019-12-27,BHARTIARTL,INE397D01024,,449.0,457.05,449.0,455.1,5887082,2667533904.95,0.9617588214499123,437.69643964185514
2019-12-30,BHARTIARTL,INE397D01024,,460.0,464.7,455.1,460.5,11917988,5489450493.85,0.9617588214499123,442.8899372776846
2019-12-31,BHARTIARTL,INE397D01024,,460.0,462.5,454.5,455.8,5116528,2349620437.85,0.9617588214499123,438.36967081687004
2020-01-01,BHARTIARTL,INE397D01024,,456.05,460.5,449.75,453.3,5059995,2299887461.4,0.9617588214499123,435.96527376324525
2020-01-02,BHARTIARTL,INE397D01024,,454.1,459.4,453.5,455.2,4842142,2205786807.1,0.9617588214499123,437.7926155240001
2020-01-03,BHARTIARTL,INE397D01024,,455.7,459.2,451.5,455.1,5059594,2301088400.05,0.9617588214499123,437.69643964185514
2020-01-06,BHARTIARTL,INE397D01024,,453.9,457.45,444.65,449.65,7399981,3329261288.85,0.9617588214499123,432.45485406495305
2020-01-07,BHARTIARTL,INE397D01024,,452.0,455.3,443.1,445.1,4273646,1916057156.75,0.9617588214499123,428.07885142735597
2020-01-08,BHARTIARTL,INE397D01024,,442.6,460.75,440.35,458.85,13858623,6247253976.95,0.9617588214499123,441.3030352222923
2020-01-09,BHARTIARTL,INE397D01024,,468.4,474.95,455.3,460.1,17845812,8262208879.25,0.9617588214499123,442.50523374910466
2020-01-10,BHARTIARTL,INE397D01024,,464.8,465.95,454.2,457.0,37029733,17079783925.8,0.9617588214499123,439.5237814026099
2020-01-13,BHARTIARTL,INE397D01024,,459.0,470.3,454.25,468.9,14925989,6912694440.35,0.9617588214499123,450.9687113778639
2020-01-14,BHARTIARTL,INE397D01024,,468.9,472.65,466.6,469.35,8086659,3800217823.05,0.9617588214499123,451.4015028475164
2020-01-15,BHARTIARTL,INE397D01024,,469.5,472.0,465.0,467.85,10674839,4999266953.75,0.9617588214499123,449.9588646153415
2020-01-16,BHARTIARTL,INE397D01024,,469.2,476.95,468.0,473.9,15990374,7567876635.45,0.9617588214499123,455.7775054851134
2020-01-17,BHARTIARTL,INE397D01024,,475.1,503.8,475.1,500.05,60774623,30178603183.35,0.9617588214499123,480.92749866602867
2020-01-20,BHARTIARTL,INE397D01024,,499.0,512.7,494.25,508.7,44464024,22463001282.45,0.9617588214499123,489.2467124715704
2020-01-21,BHARTIARTL,INE397D01024,,510.0,515.0,504.4,511.75,64001338,32689618608.5,0.9617588214499123,492.18007687699264
2020-01-22,BHARTIARTL,INE397D01024,,514.75,523.75,506.7,514.5,19911947,10214851987.1,0.9617588214499123,494.8249136359799
2020-01-23,BHARTIARTL,INE397D01024,,515.0,526.0,512.35,523.65,15482185,8049454241.1,0.9617588214499123,503.62500685224654
2020-01-24,BHARTIARTL,INE397D01024,,520.5,527.35,514.15,524.25,23385562,12189542599.6,0.9617588214499123,504.20206214511654
2020-01-27,BHARTIARTL,INE397D01024,,521.15,524.1,511.9,514.4,11638278,6028564321.1,0.9617588214499123,494.7287377538349
2020-01-28,BHARTIARTL,INE397D01024,,514.35,514.4,486.1,491.25,31091035,15432280273.75,0.9617588214499123,472.46402103726945
2020-01-29,BHARTIARTL,INE397D01024,,493.1,501.4,488.25,490.25,19668016,9708706048.55,0.9617588214499123,471.5022622158195
2020-01-30,BHARTIARTL,INE397D01024,,492.0,492.9,480.1,489.8,15055241,7336027610.4,0.9617588214499123,471.06947074616704
2020-01-31,BHARTIARTL,INE397D01024,,493.2,499.4,487.0,496.45,18017965,8898482017.9,0.9617588214499123,477.46516690880895
2020-02-03,BHARTIARTL,INE397D01024,,496.05,513.35,496.05,510.05,14932443,7543904664.8,0.9617588214499123,490.5450868805278
2020-02-04,BHARTIARTL,INE397D01024,,514.0,522.6,503.45,518.9,14376670,7366141037.5,0.9617588214499123,499.0566524503595
2020-02-05,BHARTIARTL,INE397D01024,,518.0,537.5,515.8,533.35,30082900,15810309738.1,0.9617588214499123,512.9540674203107
2020-02-06,BHARTIARTL,INE397D01024,,535.05,552.8,534.1,546.8,16863683,9194464871.95,0.9617588214499123,525.889723568812
2020-02-07,BHARTIARTL,INE397D01024,,548.9,549.0,538.25,539.45,8802579,4765151221.9,0.9617588214499123,518.8207962311552
2020-02-10,BHARTIARTL,INE397D01024,,540.2,543.65,536.1,538.7,8412522,4535242510.8,0.9617588214499123,518.0994771150678
2020-02-11,BHARTIARTL,INE397D01024,,539.5,544.65,532.75,534.3,6500749,3504433600.35,0.9617588214499123,513.8677383006881
2020-02-12,BHARTIARTL,INE397D01024,,536.0,542.35,535.0,539.6,5065813,2734671060.45,0.9617588214499123,518.9650600543727
2020-02-13,BHARTIARTL,INE397D01024,,539.7,542.75,531.75,539.95,5623475,3017950326.2,0.9617588214499123,519.3016756418803
2020-02-14,BHARTIARTL,INE397D01024,,544.9,567.55,534.25,565.0,36826473,20485559573.2,0.9617588214499123,543.3937341192004
2020-02-17,BHARTIARTL,INE397D01024,,564.95,568.7,556.5,564.85,22924036,12924202249.05,0.9617588214499123,543.249470295983
2020-02-18,BHARTIARTL,INE397D01024,,563.35,568.85,537.3,548.25,21462600,11841426534.95,0.9617588214499123,527.2842738599144
2020-02-19,BHARTIARTL,INE397D01024,,549.1,553.6,538.75,543.4,21681078,11855411528.05,0.9617588214499123,522.6197435758824
2020-02-20,BHARTIARTL,INE397D01024,,543.7,552.0,538.6,545.6,15715009,8561789361.65,0.9617588214499123,524.7356129830722
2020-02-24,BHARTIARTL,INE397D01024,,542.0,542.05,527.1,529.9,9653196,5159864888.0,0.9617588214499123,509.6359994863085
2020-02-25,BHARTIARTL,INE397D01024,,533.0,537.95,530.95,535.25,9623521,5137647526.85,0.9617588214499123,514.7814091810656
2020-02-26,BHARTIARTL,INE397D01024,,532.7,539.4,520.3,535.95,18615730,9867326831.6,0.9617588214499123,515.4546403560805
2020-02-27,BHARTIARTL,INE397D01024,,534.7,535.85,527.0,531.65,11171400,5929669320.15,0.9617588214499123,511.31907742384584
2020-02-28,BHARTIARTL,INE397D01024,,524.9,528.4,513.5,523.5,16622086,8668627536.75,0.9617588214499123,503.4807430290291
2020-03-02,BHARTIARTL,INE397D01024,,534.0,536.0,511.85,518.35,9910097,5231780015.65,0.9617588214499123,498.5276850985621
2020-03-03,BHARTIARTL,INE397D01024,,524.0,533.35,514.15,520.8,10368929,5411242272.6,0.9617588214499123,500.88399421111427
2020-03-04,BHARTIARTL,INE397D01024,,525.0,532.8,507.4,516.75,17733434,9237081176.35,0.9617588214499123,496.98887098424217
2020-03-05,BHARTIARTL,INE397D01024,,522.8,530.7,516.65,526.9,14080598,7374510677.1,0.9617588214499123,506.7507230219588
2020-03-06,BHARTIARTL,INE397D01024,,517.75,523.65,511.45,519.15,9328722,4831014593.95,0.9617588214499123,499.29709215572194
2020-03-09,BHARTIARTL,INE397D01024,,510.0,512.0,491.05,496.25,15375756,7691649226.8,0.9617588214499123,477.272815144519
2020-03-11,BHARTIARTL,INE397D01024,,487.0,508.5,487.0,493.8,21007587,10485814895.1,0.9617588214499123,474.9165060319667
2020-03-12,BHARTIARTL,INE397D01024,,478.5,481.5,459.2,464.95,14204414,6682576151.2,0.9617588214499123,447.16976403313674
2020-03-13,BHARTIARTL,INE397D01024,,453.8,509.05,420.0,491.85,23807651,11412749392.5,0.9617588214499123,473.0410763301394
2020-03-16,BHARTIARTL,INE397D01024,,472.25,492.95,456.15,464.8,14661576,6933356556.65,0.9617588214499123,447.02550020991924
2020-03-17,BHARTIARTL,INE397D01024,,465.0,481.0,444.35,454.7,12396973,5809627600.5,0.9617588214499123,437.3117361132751
2020-03-18,BHARTIARTL,INE397D01024,,460.0,478.8,407.45,425.55,28815241,12780875877.15,0.9617588214499123,409.2764664680102
2020-03-19,BHARTIARTL,INE397D01024,,416.45,451.65,361.75,444.75,23574894,10121477872.95,0.9617588214499123,427.7422358398485
2020-03-20,BHARTIARTL,INE397D01024,,445.0,472.0,436.65,462.65,19395922,8826143940.05,0.9617588214499123,444.95771874380193
2020-03-23,BHARTIARTL,INE397D01024,,416.4,445.7,399.5,407.35,14632657,6152719664.9,0.9617588214499123,391.7724559176218
2020-03-24,BHARTIARTL,INE397D01024,,410.9,437.85,400.15,404.05,12716346,5254629478.05,0.9617588214499123,388.5986518068371
2020-03-25,BHARTIARTL,INE397D01024,,406.55,438.25,405.6,429.1,13833486,5851889197.95,0.9617588214499123,412.6907102841574
2020-03-26,BHARTIARTL,INE397D01024,,426.5,493.45,420.25,470.7,21891560,9917558179.8,0.9617588214499123,452.6998772564737
2020-03-27,BHARTIARTL,INE397D01024,,470.7,474.8,437.5,448.95,16076582,7266453090.55,0.9617588214499123,431.78162288993815
2020-03-30,BHARTIARTL,INE397D01024,,443.85,449.3,428.0,431.05,10022553,4393076273.55,0.9617588214499123,414.5661399859847
2020-03-31,BHARTIARTL,INE397D01024,,441.0,447.0,424.0,440.9,16745176,7301360963.35,0.9617588214499123,424.0394643772663
2020-04-01,BHARTIARTL,INE397D01024,,440.0,440.0,412.4,421.35,9469124,4031149761.55,0.9617588214499123,405.2370794179206
2020-04-03,BHARTIARTL,INE397D01024,,432.0,432.0,415.6,423.95,14153710,5994409267.05,0.9617588214499123,407.7376523536903
2020-04-07,BHARTIARTL,INE397D01024,,433.15,485.75,433.15,470.2,15267141,6926098666.55,0.9617588214499123,452.2189978457488
2020-04-08,BHARTIARTL,INE397D01024,,474.35,491.1,453.0,461.65,13388084,6272584979.0,0.9617588214499123,443.995959922352
2020-04-09,BHARTIARTL,INE397D01024,,471.0,492.3,471.0,488.7,11742601,5660360877.45,0.9617588214499123,470.0115360425721
2020-04-13,BHARTIARTL,INE397D01024,,491.0,520.9,491.0,512.2,23966611,12156969985.4,0.9617588214499123,492.61286834664514
2020-04-15,BHARTIARTL,INE397D01024,,533.95,535.95,505.05,510.5,25793155,13477037292.25,0.9617588214499123,490.9778783501802
2020-04-16,BHARTIARTL,INE397D01024,,500.0,513.0,497.35,500.45,17082242,8639490584.8,0.9617588214499123,481.31220219460863
2020-04-17,BHARTIARTL,INE397D01024,,511.0,512.5,498.2,502.45,16127623,8124790564.25,0.9617588214499123,483.23571983750844
2020-04-20,BHARTIARTL,INE397D01024,,507.7,507.7,486.9,490.3,11473202,5647705773.65,0.9617588214499123,471.550350156892
2020-04-21,BHARTIARTL,INE397D01024,,484.0,503.8,479.15,500.5,15491009,7593958328.0,0.9617588214499123,481.3602901356811
2020-04-22,BHARTIARTL,INE397D01024,,516.0,517.05,492.05,501.4,18107820,9124489971.0,0.9617588214499123,482.225873074986
2020-04-23,BHARTIARTL,INE397D01024,,501.85,507.3,491.05,496.0,12532120,6276373110.4,0.9617588214499123,477.0323754391565
2020-04-24,BHARTIARTL,INE397D01024,,494.9,499.0,484.45,494.25,11937738,5868795452.6,0.9617588214499123,475.34929750161916
2020-04-27,BHARTIARTL,INE397D01024,,498.05,503.05,491.1,494.05,9888710,4924686784.0,0.9617588214499123,475.1569457373292
2020-04-28,BHARTIARTL,INE397D01024,,497.45,497.45,484.1,485.65,11512936,5644020520.1,0.9617588214499123,467.0781716371499
2020-04-29,BHARTIARTL,INE397D01024,,490.95,498.4,487.05,496.0,8217929,4047129938.8,0.9617588214499123,477.0323754391565
2020-04-30,BHARTIARTL,INE397D01024,,503.1,515.95,495.2,514.3,19799179,10018542819.25,0.9617588214499123,494.63256187168986
2020-05-04,BHARTIARTL,INE397D01024,,502.45,540.0,499.9,532.5,34019465,17801631923.6,0.9617588214499123,512.1365724220783
2020-05-05,BHARTIARTL,INE397D01024,,538.0,553.7,526.05,528.05,29936910,16241294331.35,0.9617588214499123,507.8567456666262
2020-05-06,BHARTIARTL,INE397D01024,,531.75,551.45,530.05,546.0,25594404,13875837694.35,0.9617588214499123,525.1203165116522
2020-05-07,BHARTIARTL,INE397D01024,,545.35,545.35,524.45,528.05,15532288,8287535503.8,0.9617588214499123,507.8567456666262
2020-05-08,BHARTIARTL,INE397D01024,,540.0,545.8,528.3,530.05,13592563,7316010096.4,0.9617588214499123,509.780263309526
2020-05-11,BHARTIARTL,INE397D01024,,533.05,548.5,532.1,536.2,14223774,7709005087.9,0.9617588214499123,515.695080061443
2020-05-12,BHARTIARTL,INE397D01024,,533.0,564.0,530.5,559.85,22616586,12429164473.15,0.9617588214499123,538.4406761887334
2020-05-13,BHARTIARTL,INE397D01024,,568.4,569.75,549.3,555.95,21114162,11745317628.45,0.9617588214499123,534.6898167850788
2020-05-14,BHARTIARTL,INE397D01024,,551.1,562.5,535.1,539.85,13180895,7209850659.2,0.9617588214499123,519.2054997597352
2020-05-15,BHARTIARTL,INE397D01024,,543.5,556.9,539.4,554.1,14486155,7968186283.7,0.9617588214499123,532.9105629653965
2020-05-18,BHARTIARTL,INE397D01024,,556.9,559.0,535.2,538.05,21586051,11829269220.8,0.9617588214499123,517.4743338811253
2020-05-19,BHARTIARTL,INE397D01024,,558.5,603.5,557.0,598.8,71909586,41965283080.7,0.9617588214499123,575.9011822842075
2020-05-20,BHARTIARTL,INE397D01024,,605.0,612.0,588.6,594.05,35744408,21381025536.5,0.9617588214499123,571.3328278823203
2020-05-21,BHARTIARTL,INE397D01024,,590.5,604.5,585.4,594.55,20292652,12078157666.55,0.9617588214499123,571.8137072930454
2020-05-22,BHARTIARTL,INE397D01024,,597.0,597.4,587.0,593.2,11416299,6758814648.7,0.9617588214499123,570.515332884088
2020-05-26,BHARTIARTL,INE397D01024,,572.0,576.45,557.55,559.25,76497320,43528477744.5,0.9617588214499123,537.8636208958635
2020-05-27,BHARTIARTL,INE397D01024,,561.0,565.55,553.85,563.1,22528009,12627746002.15,0.9617588214499123,541.5663923584457
2020-05-28,BHARTIARTL,INE397D01024,,564.65,568.0,556.0,562.75,16270436,9135730053.55,0.9617588214499123,541.2297767709382
2020-05-29,BHARTIARTL,INE397D01024,,558.0,564.0,543.8,552.6,54189241,29909512728.6,0.9617588214499123,531.4679247332216
2020-06-01,BHARTIARTL,INE397D01024,,559.0,561.65,550.15,559.05,39288299,21846690191.85,0.9617588214499123,537.6712691315735
2020-06-02,BHARTIARTL,INE397D01024,,563.0,572.3,556.1,558.1,31973639,18046476315.9,0.9617588214499123,536.7575982511961
2020-06-03,BHARTIARTL,INE397D01024,,568.0,568.3,549.25,551.65,29235064,16213789219.75,0.9617588214499123,530.5542538528441
2020-06-04,BHARTIARTL,INE397D01024,,552.3,585.4,549.55,572.45,29454952,16560569047.0,0.9617588214499123,550.5588373390024
2020-06-05,BHARTIARTL,INE397D01024,,584.0,590.0,567.45,584.35,47874414,27699751053.35,0.9617588214499123,562.0037673142563
2020-06-08,BHARTIARTL,INE397D01024,,588.0,593.7,579.2,585.15,20430645,11972150144.7,0.9617588214499123,562.7731743714162
2020-06-09,BHARTIARTL,INE397D01024,,580.0,591.65,565.7,567.8,14939279,8660153046.0,0.9617588214499123,546.0866588192602
2020-06-10,BHARTIARTL,INE397D01024,,571.0,576.0,563.05,567.1,19130490,10894636931.85,0.9617588214499123,545.4134276442453
2020-06-11,BHARTIARTL,INE397D01024,,570.0,573.8,546.7,551.85,27293431,15351558888.4,0.9617588214499123,530.7466056171342
2020-06-12,BHARTIARTL,INE397D01024,,540.0,562.0,540.0,560.1,18870757,10478985242.75,0.9617588214499123,538.6811158940959
2020-06-15,BHARTIARTL,INE397D01024,,556.0,563.75,549.0,550.7,13584908,7535502023.0,0.9617588214499123,529.6405829724667
2020-06-16,BHARTIARTL,INE397D01024,,558.0,559.3,537.0,544.9,19072659,10461620914.85,0.9617588214499123,524.0623818080572
2020-06-17,BHARTIARTL,INE397D01024,,546.85,565.5,541.0,563.45,20531433,11443781425.5,0.9617588214499123,541.9030079459532
2020-06-18,BHARTIARTL,INE397D01024,,564.25,572.9,558.2,560.9,19329827,10923484259.05,0.9617588214499123,539.4505229512558
2020-06-19,BHARTIARTL,INE397D01024,,561.9,578.2,561.0,572.5,41152446,23482028597.85,0.9617588214499123,550.6069252800748
2020-06-22,BHARTIARTL,INE397D01024,,575.8,588.0,570.4,581.05,12715786,7365602580.95,0.9617588214499123,558.8299632034715
2020-06-23,BHARTIARTL,INE397D01024,,581.05,584.6,574.35,578.8,9762436,5657523649.7,0.9617588214499123,556.6660058552092
2020-06-24,BHARTIARTL,INE397D01024,,581.0,582.0,555.0,557.35,12387454,7023032216.5,0.9617588214499123,536.0362791351087
2020-06-25,BHARTIARTL,INE397D01024,,553.9,563.7,550.0,559.0,15589317,8675326938.0,0.9617588214499123,537.623181190501
2020-06-26,BHARTIARTL,INE397D01024,,560.0,566.4,557.15,560.4,11109042,6240675781.7,0.9617588214499123,538.9696435405308
2020-06-29,BHARTIARTL,INE397D01024,,558.9,568.95,551.2,567.1,12920745,7255834167.6,0.9617588214499123,545.4134276442453
2020-06-30,BHARTIARTL,INE397D01024,,572.0,577.0,557.4,559.85,12939125,7346775072.75,0.9617588214499123,538.4406761887334
2020-07-01,BHARTIARTL,INE397D01024,,575.0,575.0,558.3,560.15,13639649,7695690214.65,0.9617588214499123,538.7292038351684
2020-07-02,BHARTIARTL,INE397D01024,,564.8,567.0,557.6,558.45,13542472,7592915770.15,0.9617588214499123,537.0942138387036
2020-07-03,BHARTIARTL,INE397D01024,,561.8,583.45,560.6,581.45,20620014,11854997354.8,0.9617588214499123,559.2146667320516
2020-07-06,BHARTIARTL,INE397D01024,,587.6,589.3,575.05,576.6,15818188,9196796978.75,0.9617588214499123,554.5501364480194
2020-07-07,BHARTIARTL,INE397D01024,,579.0,582.6,566.05,567.15,12524549,7178567349.0,0.9617588214499123,545.4615155853178
2020-07-08,BHARTIARTL,INE397D01024,,572.0,574.0,559.0,561.3,9404763,5328709385.45,0.9617588214499123,539.8352264798357
2020-07-09,BHARTIARTL,INE397D01024,,564.0,570.25,560.3,568.65,8452964,4776067353.6,0.9617588214499123,546.9041538174927
2020-07-10,BHARTIARTL,INE397D01024,,569.1,579.0,565.65,574.7,13284057,7616115434.95,0.9617588214499123,552.7227946872647
2020-07-13,BHARTIARTL,INE397D01024,,574.5,589.0,570.0,586.8,16353967,9492769916.0,0.9617588214499123,564.3600764268085
2020-07-14,BHARTIARTL,INE397D01024,,584.5,596.8,578.55,589.35,32329098,19073807963.05,0.9617588214499123,566.8125614215058
2020-07-15,BHARTIARTL,INE397D01024,,588.95,588.95,559.65,563.6,19693277,11321743830.8,0.9617588214499123,542.0472717691706
2020-07-16,BHARTIARTL,INE397D01024,,565.9,566.2,553.3,562.75,11316438,6355200286.95,0.9617588214499123,541.2297767709382
2020-07-17,BHARTIARTL,INE397D01024,,563.1,573.9,561.75,566.75,11964954,6804605134.95,0.9617588214499123,545.0768120567378
2020-07-20,BHARTIARTL,INE397D01024,,571.0,582.5,567.6,575.75,9610173,5513366033.8,0.9617588214499123,553.732641449787
2020-07-21,BHARTIARTL,INE397D01024,,580.0,583.8,566.35,567.75,11784668,6742169780.3,0.9617588214499123,546.0385708781877
2020-07-22,BHARTIARTL,INE397D01024,,568.0,575.5,562.8,569.15,10831170,6169548439.8,0.9617588214499123,547.3850332282176
2020-07-23,BHARTIARTL,INE397D01024,,570.0,575.75,564.0,567.2,9539899,5433974985.95,0.9617588214499123,545.5096035263903
2020-07-24,BHARTIARTL,INE397D01024,,565.0,567.4,555.4,559.45,9777107,5489064999.8,0.9617588214499123,538.0559726601535
2020-07-27,BHARTIARTL,INE397D01024,,558.2,563.75,544.15,559.5,10695118,5942658506.95,0.9617588214499123,538.1040606012259
2020-07-28,BHARTIARTL,INE397D01024,,558.5,574.25,555.3,564.6,13948427,7892975310.25,0.9617588214499123,543.0090305906206
2020-07-29,BHARTIARTL,INE397D01024,,565.25,569.15,560.25,566.2,9796100,5532682526.25,0.9617588214499123,544.5478447049404
2020-07-30,BHARTIARTL,INE397D01024,,576.0,580.45,543.05,552.7,44491235,24993876533.35,0.9617588214499123,531.5641006153666
2020-07-31,BHARTIARTL,INE397D01024,,550.9,559.3,546.3,554.85,13661601,7585466560.6,0.9617588214499123,533.6318820814839
2020-08-03,BHARTIARTL,INE397D01024,,554.5,556.5,546.4,547.35,9219748,5075997873.5,0.9617588214499123,526.4186909206095
2020-08-04,BHARTIARTL,INE397D01024,,548.0,553.35,545.85,549.0,11813422,6490854717.05,0.9617588214499123,528.0055929760018
2020-08-05,BHARTIARTL,INE397D01024,,552.0,560.5,546.55,558.95,12682481,7027359180.75,0.9617588214499123,537.5750932494285
2020-08-06,BHARTIARTL,INE397D01024,,561.7,561.7,552.65,555.3,10425489,5800966943.6,0.965212484512844,535.9824926499822
2020-08-07,BHARTIARTL,INE397D01024,,556.0,563.4,552.05,560.8,7210904,4027002147.05,0.965212484512844,541.2911613148029
2020-08-10,BHARTIARTL,INE397D01024,,564.3,565.0,554.8,558.85,9417841,5273097252.9,0.965212484512844,539.4089969700029
2020-08-11,BHARTIARTL,INE397D01024,,558.0,560.5,550.2,551.1,8137948,4507116213.7,0.965212484512844,531.9286002150284
2020-08-12,BHARTIARTL,INE397D01024,,550.0,561.25,545.35,547.7,12381746,6859713361.1,0.965212484512844,528.6468777676847
2020-08-13,BHARTIARTL,INE397D01024,,534.0,548.3,524.25,535.35,36774554,19777363253.5,0.965212484512844,516.7265035839511
2020-08-14,BHARTIARTL,INE397D01024,,542.85,542.85,525.0,528.6,18209193,9716236319.35,0.965212484512844,510.21131931348935
2020-08-17,BHARTIARTL,INE397D01024,,530.55,532.5,518.1,521.4,19014347,9948885552.55,0.965212484512844,503.26178942499683
2020-08-18,BHARTIARTL,INE397D01024,,522.05,529.1,520.15,526.3,13517889,7087860485.95,0.965212484512844,507.99133059910974
2020-08-19,BHARTIARTL,INE397D01024,,529.0,539.9,527.1,535.85,17075491,9103643889.9,0.965212484512844,517.2091098262075
2020-08-20,BHARTIARTL,INE397D01024,,531.0,533.6,522.7,525.55,13440102,7085518553.65,0.965212484512844,507.2674212357251
2020-08-21,BHARTIARTL,INE397D01024,,529.8,529.8,516.0,520.25,21835588,11395853838.05,0.965212484512844,502.1517950678071
2020-08-24,BHARTIARTL,INE397D01024,,517.9,532.4,508.2,526.9,29166922,15089520439.25,0.965212484512844,508.5704580898175
2020-08-25,BHARTIARTL,INE397D01024,,534.5,535.65,526.0,528.65,19516042,10338649072.85,0.965212484512844,510.259579937715
2020-08-26,BHARTIARTL,INE397D01024,,528.4,528.4,512.0,514.5,25906518,13377981403.95,0.965212484512844,496.60182328185823
2020-08-27,BHARTIARTL,INE397D01024,,514.4,518.5,508.0,511.15,21871778,11219593852.35,0.965212484512844,493.3683614587402
2020-08-28,BHARTIARTL,INE397D01024,,512.1,529.55,512.1,523.45,21808591,11412882808.75,0.965212484512844,505.2404750182483
2020-08-31,BHARTIARTL,INE397D01024,,518.5,522.3,508.55,513.1,186856499,95956407296.25,0.965212484512844,495.2505258035403
2020-09-01,BHARTIARTL,INE397D01024,,517.5,555.45,514.2,546.25,74337280,40105838216.8,0.965212484512844,527.247319665141
2020-09-02,BHARTIARTL,INE397D01024,,550.0,559.0,545.1,550.55,35023081,19331827446.15,0.965212484512844,531.3977333485462
2020-09-03,BHARTIARTL,INE397D01024,,550.55,552.9,535.65,538.0,24622381,13350029336.35,0.965212484512844,519.28431666791
2020-09-04,BHARTIARTL,INE397D01024,,531.5,538.0,519.5,523.15,28083439,14862027359.8,0.965212484512844,504.9509112728943
2020-09-07,BHARTIARTL,INE397D01024,,525.0,528.0,510.3,515.45,16147428,8347886616.45,0.965212484512844,497.5187751421455
2020-09-08,BHARTIARTL,INE397D01024,,516.0,516.85,494.0,498.1,33123745,16765833252.05,0.965212484512844,480.7723385358476
2020-09-09,BHARTIARTL,INE397D01024,,493.25,506.65,491.1,504.25,31478272,15748241560.1,0.965212484512844,486.7083953156016
2020-09-10,BHARTIARTL,INE397D01024,,508.0,508.0,491.2,497.35,21005767,10520625168.4,0.965212484512844,480.048429172463
2020-09-11,BHARTIARTL,INE397D01024,,499.3,502.45,488.55,491.65,15597700,7705393909.7,0.965212484512844,474.54671801073977
2020-09-14,BHARTIARTL,INE397D01024,,496.0,497.25,468.3,474.1,52056004,24966969808.8,0.965212484512844,457.6072389075394
2020-09-15,BHARTIARTL,INE397D01024,,475.15,487.65,470.05,485.55,30857464,14810152927.9,0.965212484512844,468.6589218552114
2020-09-16,BHARTIARTL,INE397D01024,,487.0,490.7,480.55,481.75,13133556,6364030285.3,0.965212484512844,464.9911144140626
2020-09-17,BHARTIARTL,INE397D01024,,480.0,482.35,474.0,479.0,13497203,6451564953.55,0.965212484512844,462.3367800816523
2020-09-18,BHARTIARTL,INE397D01024,,483.0,497.65,475.3,494.55,54801702,26921750331.75,0.965212484512844,477.34583421582704
2020-09-21,BHARTIARTL,INE397D01024,,496.0,496.0,461.25,467.75,22737775,10831174039.1,0.965212484512844,451.47813963088277
2020-09-22,BHARTIARTL,INE397D01024,,468.5,478.5,461.0,470.95,18600835,8770254400.65,0.965212484512844,454.5668195813239
2020-09-23,BHARTIARTL,INE397D01024,,467.0,467.0,423.9,433.8,85211349,37571011349.25,0.965212484512844,418.7091757816718
2020-09-24,BHARTIARTL,INE397D01024,,425.25,433.5,416.15,419.3,35786844,15267370541.6,0.965212484512844,404.7135947562355
2020-09-25,BHARTIARTL,INE397D01024,,425.0,444.95,422.15,439.65,33602428,14668070249.75,0.965212484512844,424.35566881607184
2020-09-28,BHARTIARTL,INE397D01024,,446.0,447.65,434.05,443.65,21053041,9302946430.7,0.965212484512844,428.21651875412323
2020-09-29,BHARTIARTL,INE397D01024,,444.0,444.55,429.5,435.6,17852308,7773643270.75,0.965212484512844,420.4465582537949
2020-09-30,BHARTIARTL,INE397D01024,,438.0,440.4,418.15,420.95,27176498,11655184705.1,0.965212484512844,406.30619535568167
2020-10-01,BHARTIARTL,INE397D01024,,426.0,434.6,423.65,432.35,13344280,5739948115.1,0.965212484512844,417.3096176791281
2020-10-05,BHARTIARTL,INE397D01024,,432.35,437.5,423.0,424.45,15001368,6444395584.75,0.965212484512844,409.68443905147666
2020-10-06,BHARTIARTL,INE397D01024,,427.0,430.0,423.1,426.75,10876652,4637894769.35,0.965212484512844,411.9044277658562
2020-10-07,BHARTIARTL,INE397D01024,,427.8,431.75,421.1,422.45,10202818,4335157786.05,0.965212484512844,407.75401408245096
2020-10-08,BHARTIARTL,INE397D01024,,426.0,435.5,419.1,424.45,16705222,7152657253.55,0.965212484512844,409.68443905147666
2020-10-09,BHARTIARTL,INE397D01024,,428.0,435.0,423.3,425.2,20563361,8800074866.75,0.965212484512844,410.4083484148613
2020-10-12,BHARTIARTL,INE397D01024,,428.0,430.6,411.85,415.05,14063002,5912009213.05,0.965212484512844,400.6114416970559
2020-10-13,BHARTIARTL,INE397D01024,,421.15,427.5,413.1,415.3,27781773,11671631474.15,0.965212484512844,400.85274481818414
2020-10-14,BHARTIARTL,INE397D01024,,416.4,419.5,411.3,413.25,14110038,5854855648.7,0.965212484512844,398.8740592249328
2020-10-15,BHARTIARTL,INE397D01024,,413.4,415.5,395.0,399.2,27855540,11229315429.15,0.965212484512844,385.3128238175273
2020-10-16,BHARTIARTL,INE397D01024,,404.45,407.3,398.35,401.65,23347957,9391515816.15,0.965212484512844,387.6775944045838
2020-10-19,BHARTIARTL,INE397D01024,,403.55,404.65,394.0,397.7,16921274,6732310242.35,0.965212484512844,383.8650050907581
2020-10-20,BHARTIARTL,INE397D01024,,397.7,413.2,396.95,405.0,25909683,10548625038.45,0.965212484512844,390.9110562277018
2020-10-21,BHARTIARTL,INE397D01024,,405.7,420.2,403.55,419.0,23488238,9700833387.8,0.965212484512844,404.42403101088166
2020-10-22,BHARTIARTL,INE397D01024,,419.0,432.35,418.0,430.65,26516990,11295181917.7,0.965212484512844,415.6687564554563
2020-10-23,BHARTIARTL,INE397D01024,,434.9,437.6,427.3,434.4,18171287,7876624802.2,0.965212484512844,419.28830327237944
2020-10-26,BHARTIARTL,INE397D01024,,434.35,439.45,428.0,434.05,11736985,5090850646.95,0.965212484512844,418.95047890279994
2020-10-27,BHARTIARTL,INE397D01024,,434.05,438.9,427.5,433.35,12781318,5534346619.25,0.965212484512844,418.27483016364096
2020-10-28,BHARTIARTL,INE397D01024,,446.0,488.0,442.0,451.85,123585653,57283140201.95,0.965212484512844,436.1312611271286
2020-10-29,BHARTIARTL,INE397D01024,,447.7,457.1,445.0,450.8,25066939,11299443464.9,0.965212484512844,435.1177880183901
2020-10-30,BHARTIARTL,INE397D01024,,454.9,454.9,430.5,433.75,23051352,10124440584.85,0.965212484512844,418.6609151574461
2020-11-02,BHARTIARTL,INE397D01024,,435.0,460.0,435.0,457.4,28174600,12709769653.2,0.965212484512844,441.48819041617486
2020-11-03,BHARTIARTL,INE397D01024,,458.0,460.7,447.45,454.6,16036760,7290605970.95,0.965212484512844,438.7855954595389
2020-11-04,BHARTIARTL,INE397D01024,,453.0,455.55,447.15,453.05,10003680,4518784877.25,0.965212484512844,437.289516108544
2020-11-05,BHARTIARTL,INE397D01024,,457.0,461.9,452.6,457.3,9234395,4224737992.7,0.965212484512844,441.3916691677236
2020-11-06,BHARTIARTL,INE397D01024,,457.0,460.35,448.75,449.9,11970462,5424776151.6,0.965212484512844,434.2490967823285
2020-11-09,BHARTIARTL,INE397D01024,,456.3,474.75,452.55,471.8,24493687,11400215666.6,0.965212484512844,455.38725019315984
2020-11-10,BHARTIARTL,INE397D01024,,474.0,474.15,465.0,466.4,9620279,4503741587.0,0.965212484512844,450.1751027767904
2020-11-11,BHARTIARTL,INE397D01024,,467.95,481.35,464.05,478.6,15737416,7448580860.1,0.965212484512844,461.9506950878472
2020-11-12,BHARTIARTL,INE397D01024,,476.85,483.2,475.05,479.85,14512799,6964693772.25,0.965212484512844,463.15721069348825
2020-11-13,BHARTIARTL,INE397D01024,,477.0,478.0,470.0,475.75,8272841,3924406131.9,0.965212484512844,459.19983950698554
2020-11-17,BHARTIARTL,INE397D01024,,490.9,494.95,481.25,484.55,18699305,9115487943.95,0.965212484512844,467.69370937069857
2020-11-18,BHARTIARTL,INE397D01024,,483.95,485.0,471.1,478.4,10311000,4922943482.05,0.965212484512844,461.7576525909446
2020-11-19,BHARTIARTL,INE397D01024,,476.0,481.45,467.0,468.55,11329235,5361504589.3,0.965212484512844,452.2503096184931
2020-11-20,BHARTIARTL,INE397D01024,,470.5,485.95,465.35,483.7,11867647,5638941177.8,0.965212484512844,466.8732787588626
2020-11-23,BHARTIARTL,INE397D01024,,486.75,486.75,475.1,477.25,10005675,4794770649.6,0.965212484512844,460.64765823375484
2020-11-24,BHARTIARTL,INE397D01024,,478.4,481.25,471.2,474.25,9173967,4358262925.35,0.965212484512844,457.7520207802163
2020-11-25,BHARTIARTL,INE397D01024,,476.5,477.9,458.65,464.1,14229948,6654006389.15,0.965212484512844,447.9551140624109
2020-11-26,BHARTIARTL,INE397D01024,,468.7,469.65,460.1,468.4,11322533,5273040451.05,0.965212484512844,452.1055277458161
2020-11-27,BHARTIARTL,INE397D01024,,468.3,472.65,462.0,463.25,18151096,8450527177.6,0.965212484512844,447.134683450575
2020-12-01,BHARTIARTL,INE397D01024,,467.75,482.5,460.5,479.45,18193356,8627059181.6,0.965212484512844,462.77112569968307
2020-12-02,BHARTIARTL,INE397D01024,,481.0,487.9,474.05,484.9,20562558,9899563137.5,0.965212484512844,468.03153374027806
2020-12-03,BHARTIARTL,INE397D01024,,487.1,489.15,474.0,479.9,19723853,9471694661.3,0.965212484512844,463.20547131771383
2020-12-04,BHARTIARTL,INE397D01024,,486.85,497.8,483.4,493.75,31039563,15274968845.15,0.965212484512844,476.5736642282167
2020-12-07,BHARTIARTL,INE397D01024,,498.0,510.5,494.6,508.95,22125752,11134639555.0,0.965212484512844,491.24489399281197
2020-12-08,BHARTIARTL,INE397D01024,,514.0,516.25,499.65,503.6,19298806,9776155721.95,0.965212484512844,486.0810072006683
2020-12-09,BHARTIARTL,INE397D01024,,504.9,506.9,499.1,503.05,11608846,5837385008.1,0.965212484512844,485.5501403341862
2020-12-10,BHARTIARTL,INE397D01024,,501.5,508.75,494.1,505.15,13194186,6619376248.8,0.965212484512844,487.5770865516631
2020-12-11,BHARTIARTL,INE397D01024,,508.5,508.5,497.3,504.4,13760737,6938611857.75,0.965212484512844,486.8531771882785
2020-12-14,BHARTIARTL,INE397D01024,,507.0,512.0,501.15,503.05,13886923,7009944011.75,0.965212484512844,485.5501403341862
2020-12-15,BHARTIARTL,INE397D01024,,505.85,506.8,498.1,504.2,13074733,6572013086.15,0.965212484512844,486.66013469137596
2020-12-16,BHARTIARTL,INE397D01024,,504.2,518.8,502.1,516.2,17381441,8862339608.7,0.965212484512844,498.2426845055301
2020-12-17,BHARTIARTL,INE397D01024,,517.0,522.5,512.0,515.1,19654749,10153858361.85,0.965212484512844,497.180950772566
2020-12-18,BHARTIARTL,INE397D01024,,513.9,514.9,505.05,510.65,10797760,5510041413.3,0.965212484512844,492.8857552164838
2020-12-21,BHARTIARTL,INE397D01024,,507.5,511.2,480.15,490.9,15253094,7577547767.05,0.965212484512844,473.8228086473551
2020-12-22,BHARTIARTL,INE397D01024,,494.0,505.0,485.55,500.3,21233811,10579573245.25,0.965212484512844,482.8958060017759
2020-12-23,BHARTIARTL,INE397D01024,,500.3,509.5,498.4,507.2,13081361,6592634496.2,0.965212484512844,489.5557721449145
2020-12-24,BHARTIARTL,INE397D01024,,520.0,523.0,510.45,517.3,20849597,10796115991.0,0.965212484512844,499.3044182384942
2020-12-28,BHARTIARTL,INE397D01024,,520.1,527.0,516.6,521.6,12882390,6729343198.6,0.965212484512844,503.4548319218995
2020-12-29,BHARTIARTL,INE397D01024,,523.0,524.95,515.1,520.25,11246474,5853727837.45,0.965212484512844,502.1517950678071
2020-12-30,BHARTIARTL,INE397D01024,,523.4,523.4,513.3,516.15,10494434,5416322835.7,0.965212484512844,498.19442388130443
2020-12-31,BHARTIARTL,INE397D01024,,517.1,518.45,506.3,509.7,15524994,7944285299.8,0.965212484512844,491.9688033561966
2021-01-01,BHARTIARTL,INE397D01024,,512.25,516.4,508.2,515.15,10185843,5214358970.2,0.965212484512844,497.2292113967916
2021-01-04,BHARTIARTL,INE397D01024,,517.0,520.5,511.6,517.1,13240524,6834336261.05,0.965212484512844,499.11137574159164
2021-01-05,BHARTIARTL,INE397D01024,,514.0,516.9,511.1,514.0,10492428,5393846628.05,0.965212484512844,496.11921703960184
2021-01-06,BHARTIARTL,INE397D01024,,515.0,531.75,513.1,525.3,30269288,15899469920.65,0.965212484512844,507.0261181145969
2021-01-07,BHARTIARTL,INE397D01024,,532.0,554.45,527.1,545.25,38717913,21069520839.0,0.965212484512844,526.2821071806283
2021-01-08,BHARTIARTL,INE397D01024,,549.3,549.75,537.3,540.25,14270435,7746345547.15,0.965212484512844,521.456044758064
2021-01-11,BHARTIARTL,INE397D01024,,541.5,554.35,541.5,547.15,19525604,10710819559.15,0.965212484512844,528.1160109012026
2021-01-12,BHARTIARTL,INE397D01024,,549.0,569.0,545.0,565.75,25380555,14208170262.65,0.965212484512844,546.0689631131415
2021-01-13,BHARTIARTL,INE397D01024,,588.0,601.7,567.0,578.25,83668562,49030253523.35,0.965212484512844,558.134119169552
2021-01-14,BHARTIARTL,INE397D01024,,582.7,584.8,570.05,580.55,16661518,9634652219.65,0.965212484512844,560.3541078839315
2021-01-15,BHARTIARTL,INE397D01024,,609.55,610.65,593.8,602.65,56392307,33935785593.7,0.965212484512844,581.6853037916654
2021-01-18,BHARTIARTL,INE397D01024,,602.65,603.0,584.0,586.95,20965905,12435110814.5,0.965212484512844,566.5314677848138
2021-01-19,BHARTIARTL,INE397D01024,,591.1,597.45,586.5,592.3,10830923,6425133731.95,0.965212484512844,571.6953545769575
2021-01-20,BHARTIARTL,INE397D01024,,592.3,602.5,589.0,596.15,13087294,7803883836.05,0.965212484512844,575.4114226423319
2021-01-21,BHARTIARTL,INE397D01024,,600.25,604.05,574.4,581.35,17060331,10075227013.3,0.965212484512844,561.1262778715419
2021-01-22,BHARTIARTL,INE397D01024,,583.9,585.55,572.75,576.85,12429589,7204623788.75,0.965212484512844,556.7828216912341
2021-01-25,BHARTIARTL,INE397D01024,,579.0,587.85,569.55,580.75,12273498,7126808101.15,0.965212484512844,560.5471503808342
2021-01-27,BHARTIARTL,INE397D01024,,580.0,581.75,562.35,570.8,15280757,8757731200.35,0.965212484512844,550.9432861599313
2021-01-28,BHARTIARTL,INE397D01024,,566.5,575.85,562.75,570.9,14921448,8501091969.6,0.965212484512844,551.0398074083827
2021-01-29,BHARTIARTL,INE397D01024,,578.5,578.5,550.6,553.6,25051621,14041671850.95,0.965212484512844,534.3416314263105
2021-02-01,BHARTIARTL,INE397D01024,,559.0,581.1,549.2,579.15,13951025,7902180559.9,0.965212484512844,559.0028104056136
2021-02-02,BHARTIARTL,INE397D01024,,584.9,605.65,579.25,599.35,21311866,12650443192.75,0.965212484512844,578.5001025927731
2021-02-03,BHARTIARTL,INE397D01024,,609.4,622.5,599.45,608.85,30076561,18446303550.75,0.965212484512844,587.6696211956452
2021-02-04,BHARTIARTL,INE397D01024,,614.9,623.0,595.65,600.6,51018799,30909763017.35,0.965212484512844,579.7066181984142
2021-02-05,BHARTIARTL,INE397D01024,,603.8,605.9,576.25,581.1,34811620,20370367177.9,0.965212484512844,560.8849747504137
2021-02-08,BHARTIARTL,INE397D01024,,589.0,603.65,584.7,597.3,21247165,12672304481.95,0.965212484512844,576.5214169995216
2021-02-09,BHARTIARTL,INE397D01024,,598.9,607.75,595.0,598.95,20541765,12358751758.8,0.965212484512844,578.114017598968
2021-02-10,BHARTIARTL,INE397D01024,,604.95,607.75,580.25,590.2,31059522,18355259542.95,0.965212484512844,569.6684083594806
2021-02-11,BHARTIARTL,INE397D01024,,592.0,603.55,589.0,598.1,18898771,11312566134.3,0.965212484512844,577.293586987132
2021-02-12,BHARTIARTL,INE397D01024,,597.85,597.85,584.6,586.25,15611939,9225345868.75,0.965212484512844,565.8558190456548
2021-02-15,BHARTIARTL,INE397D01024,,592.1,603.0,590.0,593.7,17641523,10537397427.3,0.965212484512844,573.0466520552756
2021-02-16,BHARTIARTL,INE397D01024,,595.0,601.6,593.0,593.95,14787224,8832271405.35,0.965212484512844,573.2879551764038
2021-02-17,BHARTIARTL,INE397D01024,,596.95,598.8,590.05,593.85,16133750,9583719253.85,0.965212484512844,573.1914339279524
2021-02-18,BHARTIARTL,INE397D01024,,597.0,598.0,585.2,589.05,21784559,12881387332.95,0.965212484512844,568.5584140022908
2021-02-19,BHARTIARTL,INE397D01024,,590.0,596.0,575.5,581.35,19106404,11221300798.5,0.965212484512844,561.1262778715419
2021-02-22,BHARTIARTL,INE397D01024,,582.0,584.9,568.0,570.3,19854892,11470577067.5,0.965212484512844,550.460679917675
2021-02-23,BHARTIARTL,INE397D01024,,575.0,577.0,564.0,565.55,23326447,13323679974.9,0.965212484512844,545.8759206162389
2021-02-24,BHARTIARTL,INE397D01024,,568.1,574.1,565.2,572.95,8725136,4980903599.85,0.965212484512844,553.018493001634
2021-02-25,BHARTIARTL,INE397D01024,,579.9,584.45,577.05,579.15,15931134,9250911670.4,0.965212484512844,559.0028104056136
2021-02-26,BHARTIARTL,INE397D01024,,574.5,585.95,551.75,556.3,194887984,109075644627.25,0.965212484512844,536.9477051344951
2021-03-01,BHARTIARTL,INE397D01024,,558.0,559.1,521.0,532.2,54075848,28809311393.05,0.965212484512844,513.6860842577356
2021-03-02,BHARTIARTL,INE397D01024,,540.5,544.0,528.85,541.2,30058411,16118091210.5,0.965212484512844,522.3729966183512
2021-03-03,BHARTIARTL,INE397D01024,,548.75,550.75,540.0,546.3,24214390,13228780673.05,0.965212484512844,527.2955802893666
2021-03-04,BHARTIARTL,INE397D01024,,540.0,546.0,538.0,539.6,17352483,9376887661.5,0.965212484512844,520.8286566431307
2021-03-05,BHARTIARTL,INE397D01024,,535.0,538.5,524.4,532.8,16351700,8701568566.05,0.965212484512844,514.2652117484432
2021-03-08,BHARTIARTL,INE397D01024,,531.0,535.45,524.75,525.7,15011518,7940064973.05,0.965212484512844,507.41220310840214
2021-03-09,BHARTIARTL,INE397D01024,,530.1,532.0,514.3,521.75,19809833,10340276014.85,0.965212484512844,503.5996137945764
2021-03-10,BHARTIARTL,INE397D01024,,520.2,530.5,516.35,525.85,18663334,9777519895.45,0.965212484512844,507.55698498107904
2021-03-12,BHARTIARTL,INE397D01024,,530.55,532.75,521.55,524.2,11410264,6023904033.45,0.965212484512844,505.9643843816329
2021-03-15,BHARTIARTL,INE397D01024,,527.8,527.8,516.4,522.85,10676602,5570683697.3,0.965212484512844,504.6613475275405
2021-03-16,BHARTIARTL,INE397D01024,,524.0,533.75,524.0,529.3,13007824,6893084057.8,0.965212484512844,510.8869680526483
2021-03-17,BHARTIARTL,INE397D01024,,528.8,531.0,519.0,522.9,8326430,4354061120.6,0.965212484512844,504.70960815176613
2021-03-18,BHARTIARTL,INE397D01024,,529.85,532.2,515.35,527.2,12235615,6411046945.7,0.965212484512844,508.86002183517144
2021-03-19,BHARTIARTL,INE397D01024,,528.0,534.75,525.5,529.95,48683525,25818105415.85,0.965212484512844,511.51435616758175
2021-03-22,BHARTIARTL,INE397D01024,,533.05,534.0,523.0,528.0,13331409,7031845755.45,0.965212484512844,509.63219182278164
2021-03-23,BHARTIARTL,INE397D01024,,529.7,532.45,522.15,529.25,14958494,7884828195.4,0.965212484512844,510.8387074284227
2021-03-24,BHARTIARTL,INE397D01024,,528.0,533.45,521.5,523.65,10602439,5599337216.45,0.965212484512844,505.43351751515075
2021-03-25,BHARTIARTL,INE397D01024,,523.4,523.65,499.55,507.75,17248482,8811620260.4,0.965212484512844,490.0866390113965
2021-03-26,BHARTIARTL,INE397D01024,,512.1,524.9,510.6,522.5,10943035,5676774106.95,0.965212484512844,504.323523157961
2021-03-30,BHARTIARTL,INE397D01024,,527.8,527.9,516.25,521.5,10494794,5472898567.55,0.965212484512844,503.35831067344816
2021-03-31,BHARTIARTL,INE397D01024,,522.35,525.9,516.25,517.3,7570387,3938520814.05,0.965212484512844,499.3044182384942
2021-04-01,BHARTIARTL,INE397D01024,,519.95,523.9,514.55,520.8,6980458,3628704761.8,0.965212484512844,502.6826619342891
2021-04-05,BHARTIARTL,INE397D01024,,520.8,529.0,514.6,528.25,9203847,4802722483.05,0.965212484512844,509.87349494390986
2021-04-06,BHARTIARTL,INE397D01024,,528.5,537.85,524.55,532.2,12873443,6859684394.45,0.965212484512844,513.6860842577356
2021-04-07,BHARTIARTL,INE397D01024,,537.0,546.9,535.25,541.6,20997280,11384107645.1,0.965212484512844,522.7590816121564
2021-04-08,BHARTIARTL,INE397D01024,,546.8,548.55,540.5,543.0,11157958,6076850707.35,0.965212484512844,524.1103790904743
2021-04-09,BHARTIARTL,INE397D01024,,539.5,549.75,536.5,545.25,11426998,6212767261.6,0.965212484512844,526.2821071806283
2021-04-12,BHARTIARTL,INE397D01024,,537.55,538.85,518.5,522.45,9687846,5101596995.3,0.965212484512844,504.27526253373543
2021-04-13,BHARTIARTL,INE397D01024,,526.4,540.0,523.1,536.15,6535007,3469800867.35,0.965212484512844,517.4986735715613
2021-04-15,BHARTIARTL,INE397D01024,,540.0,546.15,530.25,539.35,9805711,5278033639.5,0.965212484512844,520.5873535220024
2021-04-16,BHARTIARTL,INE397D01024,,540.05,544.15,538.0,540.75,6157781,3333066008.55,0.965212484512844,521.9386510003204
2021-04-19,BHARTIARTL,INE397D01024,,532.25,535.0,523.25,526.45,7232945,3814784409.4,0.965212484512844,508.13611247178676
2021-04-20,BHARTIARTL,INE397D01024,,529.0,537.0,525.9,530.2,7233304,3846248822.8,0.965212484512844,511.7556592887099
2021-04-22,BHARTIARTL,INE397D01024,,530.0,533.4,526.05,530.85,6552131,3473379509.9,0.965212484512844,512.3830474036432
2021-04-23,BHARTIARTL,INE397D01024,,529.0,532.45,519.1,522.6,6992388,3676918378.85,0.965212484512844,504.42004440641233
2021-04-26,BHARTIARTL,INE397D01024,,522.75,528.5,522.75,527.55,5819893,3061970698.8,0.965212484512844,509.1978462047508
2021-04-27,BHARTIARTL,INE397D01024,,527.45,538.55,526.25,534.3,9693047,5180449355.4,0.965212484512844,515.7130304752125
2021-04-28,BHARTIARTL,INE397D01024,,535.95,548.0,535.6,544.3,11970652,6497866112.15,0.965212484512844,525.3651553203409
2021-04-29,BHARTIARTL,INE397D01024,,549.7,550.0,539.1,540.85,8683857,4713693574.75,0.965212484512844,522.0351722487717
2021-04-30,BHARTIARTL,INE397D01024,,533.5,547.0,533.5,536.75,8178192,4423888615.05,0.965212484512844,518.077801062269
2021-05-03,BHARTIARTL,INE397D01024,,530.0,562.5,529.05,558.85,14288088,7821900426.0,0.965212484512844,539.4089969700029
2021-05-04,BHARTIARTL,INE397D01024,,565.95,565.95,546.7,552.45,13934607,7771656550.65,0.965212484512844,533.2316370691208
2021-05-05,BHARTIARTL,INE397D01024,,556.9,564.95,554.0,559.95,11872729,6657315674.9,0.965212484512844,540.4707307029671
2021-05-06,BHARTIARTL,INE397D01024,,559.95,564.4,552.6,558.75,9000753,5025504840.55,0.965212484512844,539.3124757215516
2021-05-07,BHARTIARTL,INE397D01024,,561.2,572.9,556.9,568.5,12656867,7187072890.5,0.965212484512844,548.7232974455518
2021-05-10,BHARTIARTL,INE397D01024,,572.0,577.0,569.1,572.55,8211446,4709582275.35,0.965212484512844,552.6324080078288
2021-05-11,BHARTIARTL,INE397D01024,,565.5,574.85,564.05,568.4,7885422,4491212893.35,0.965212484512844,548.6267761971005
2021-05-12,BHARTIARTL,INE397D01024,,568.0,569.15,558.2,561.75,6689476,3771645447.9,0.965212484512844,542.2081131750901
2021-05-14,BHARTIARTL,INE397D01024,,564.0,569.35,556.15,560.4,7555855,4249858578.0,0.965212484512844,540.9050763209978
2021-05-17,BHARTIARTL,INE397D01024,,563.95,563.95,545.8,549.65,13424956,7407763708.5,0.965212484512844,530.5290421124847
2021-05-18,BHARTIARTL,INE397D01024,,547.5,552.9,534.55,536.35,34324460,18564867278.0,0.965212484512844,517.691716068464
2021-05-19,BHARTIARTL,INE397D01024,,537.9,540.55,526.2,528.2,19223054,10215112223.25,0.965212484512844,509.8252343196843
2021-05-20,BHARTIARTL,INE397D01024,,531.0,531.0,520.0,520.65,13777903,7213285931.7,0.965212484512844,502.5378800616122
2021-05-21,BHARTIARTL,INE397D01024,,523.25,533.3,522.0,530.95,10299402,5451932192.25,0.965212484512844,512.4795686520946
2021-05-24,BHARTIARTL,INE397D01024,,531.0,533.0,526.0,526.8,6268351,3311233392.95,0.965212484512844,508.4739368413662
2021-05-25,BHARTIARTL,INE397D01024,,529.9,530.8,524.5,526.1,9239443,4874387126.65,0.965212484512844,507.79828810220727
2021-05-26,BHARTIARTL,INE397D01024,,529.0,530.8,525.0,525.75,6781577,3576925771.65,0.965212484512844,507.4604637326278
2021-05-27,BHARTIARTL,INE397D01024,,526.1,527.0,518.7,519.8,22363299,11656699297.45,0.965212484512844,501.71744944977627
2021-05-28,BHARTIARTL,INE397D01024,,522.25,528.5,520.4,523.6,10060110,5275656923.2,0.965212484512844,505.3852568909252
2021-05-31,BHARTIARTL,INE397D01024,,525.5,536.0,525.1,534.9,12567516,6692501618.3,0.965212484512844,516.2921579659203
2021-06-01,BHARTIARTL,INE397D01024,,537.45,538.4,530.3,532.9,8280431,4417544303.4,0.965212484512844,514.3617329968946
2021-06-02,BHARTIARTL,INE397D01024,,529.9,534.6,528.0,529.5,10372845,5499910242.45,0.965212484512844,511.08001054955093
2021-06-03,BHARTIARTL,INE397D01024,,530.0,533.4,528.5,532.05,6174103,3279761456.4,0.965212484512844,513.5413023850587
2021-06-04,BHARTIARTL,INE397D01024,,533.95,535.8,531.2,532.7,4788898,2554100070.05,0.965212484512844,514.1686904999921
2021-06-07,BHARTIARTL,INE397D01024,,534.0,541.0,533.0,536.45,9496183,5105741297.3,0.965212484512844,517.7882373169152
2021-06-08,BHARTIARTL,INE397D01024,,538.1,548.0,534.0,546.8,12586649,6813116864.75,0.965212484512844,527.7781865316231
2021-06-09,BHARTIARTL,INE397D01024,,549.9,551.5,535.35,540.0,12440819,6775299669.3,0.965212484512844,521.2147416369357
2021-06-10,BHARTIARTL,INE397D01024,,543.9,547.85,540.35,545.15,6888855,3752090657.65,0.965212484512844,526.1855859321769
2021-06-11,BHARTIARTL,INE397D01024,,545.5,549.75,540.05,540.85,7634036,4154426547.05,0.965212484512844,522.0351722487717
2021-06-14,BHARTIARTL,INE397D01024,,540.85,540.85,529.3,539.35,5609077,3009623906.4,0.965212484512844,520.5873535220024
2021-06-15,BHARTIARTL,INE397D01024,,541.0,543.65,538.4,542.5,7130896,3862612357.05,0.965212484512844,523.6277728482179
2021-06-16,BHARTIARTL,INE397D01024,,543.8,543.8,534.9,536.75,9860470,5304126675.05,0.965212484512844,518.077801062269
2021-06-17,BHARTIARTL,INE397D01024,,539.5,541.25,527.05,528.65,10026485,5349557376.65,0.965212484512844,510.259579937715
2021-06-18,BHARTIARTL,INE397D01024,,531.4,541.9,519.0,538.75,14723907,7815213017.9,0.965212484512844,520.0082260312947
2021-06-21,BHARTIARTL,INE397D01024,,535.0,541.9,533.0,539.6,5637000,3037013916.0,0.965212484512844,520.8286566431307
2021-06-22,BHARTIARTL,INE397D01024,,548.05,549.0,535.5,536.4,8946586,4836759319.15,0.965212484512844,517.7399766926895
2021-06-23,BHARTIARTL,INE397D01024,,538.0,539.2,532.7,534.05,4679563,2508526631.8,0.965212484512844,515.4717273540844
2021-06-24,BHARTIARTL,INE397D01024,,535.0,535.45,527.4,528.75,6301610,3341441185.6,0.965212484512844,510.35610118616626
2021-06-25,BHARTIARTL,INE397D01024,,531.3,535.9,529.35,535.1,5402768,2880566074.45,0.965212484512844,516.4852004628228
2021-06-28,BHARTIARTL,INE397D01024,,537.0,537.0,530.45,531.2,5168753,2751756795.85,0.965212484512844,512.7208717732228
2021-06-29,BHARTIARTL,INE397D01024,,531.25,532.25,524.0,524.95,8553386,4511158755.9,0.965212484512844,506.6882937450175
2021-06-30,BHARTIARTL,INE397D01024,,527.0,530.4,524.35,525.65,5654391,2982191881.9,0.965212484512844,507.36394248417645
2021-07-01,BHARTIARTL,INE397D01024,,529.0,531.0,522.0,522.65,6454014,3386693761.15,0.965212484512844,504.4683050306379
2021-07-02,BHARTIARTL,INE397D01024,,525.6,533.0,520.0,525.0,13063791,6888614243.15,0.965212484512844,506.7365543692431
2021-07-05,BHARTIARTL,INE397D01024,,528.0,528.5,523.3,523.95,6256128,3287021023.45,0.965212484512844,505.72308126050467
2021-07-06,BHARTIARTL,INE397D01024,,523.5,527.7,521.1,526.1,10300966,5402230768.1,0.965212484512844,507.79828810220727
2021-07-07,BHARTIARTL,INE397D01024,,523.2,530.6,523.2,529.6,6546286,3462650689.55,0.965212484512844,511.1765317980022
2021-07-08,BHARTIARTL,INE397D01024,,530.0,532.8,523.55,525.3,5301428,2800991214.8,0.965212484512844,507.0261181145969
2021-07-09,BHARTIARTL,INE397D01024,,525.5,537.5,523.0,536.25,7169047,3813176904.75,0.965212484512844,517.5951948200126
2021-07-12,BHARTIARTL,INE397D01024,,538.95,538.95,528.65,529.65,8768168,4666065345.9,0.965212484512844,511.22479242222784
2021-07-13,BHARTIARTL,INE397D01024,,533.55,535.5,528.2,530.05,7988044,4244666731.9,0.965212484512844,511.6108774160329
2021-07-14,BHARTIARTL,INE397D01024,,529.0,531.4,526.65,530.05,6543996,3465174567.9,0.965212484512844,511.6108774160329
2021-07-15,BHARTIARTL,INE397D01024,,532.5,532.5,525.0,525.45,6759881,3563337512.7,0.965212484512844,507.1708999872739
2021-07-16,BHARTIARTL,INE397D01024,,527.0,543.4,525.95,541.15,11043791,5940802604.7,0.965212484512844,522.3247359941255
2021-07-19,BHARTIARTL,INE397D01024,,539.0,544.7,529.3,538.45,8962285,4836579078.15,0.965212484512844,519.7186622859409
2021-07-20,BHARTIARTL,INE397D01024,,536.45,536.8,523.0,525.75,7505544,3957651837.85,0.965212484512844,507.4604637326278
2021-07-22,BHARTIARTL,INE397D01024,,531.1,548.0,523.65,546.7,19847956,10673637878.15,0.965212484512844,527.6816652831719
2021-07-23,BHARTIARTL,INE397D01024,,547.7,560.65,532.75,548.3,32588978,17929863694.8,0.965212484512844,529.2260052583923
2021-07-26,BHARTIARTL,INE397D01024,,545.0,553.85,542.1,544.05,5118493,2804279214.4,0.965212484512844,525.1238521992127
2021-07-27,BHARTIARTL,INE397D01024,,545.8,545.8,536.15,540.55,5727485,3097905205.25,0.965212484512844,521.7456085034178
2021-07-28,BHARTIARTL,INE397D01024,,539.5,570.7,537.85,567.9,31932505,17876254010.5,0.965212484512844,548.1441699548441
2021-07-29,BHARTIARTL,INE397D01024,,574.1,576.7,565.0,567.15,15552340,8874254806.0,0.965212484512844,547.4202605914595
2021-07-30,BHARTIARTL,INE397D01024,,565.9,568.5,557.8,561.65,9938812,5594328208.75,0.965212484512844,542.1115919266389
2021-08-02,BHARTIARTL,INE397D01024,,566.0,569.95,560.0,565.15,6254864,3532436890.25,0.965212484512844,545.4898356224338
2021-08-03,BHARTIARTL,INE397D01024,,568.0,582.0,562.1,580.2,21280806,12267867924.5,0.965212484512844,560.0162835143522
2021-08-04,BHARTIARTL,INE397D01024,,575.0,586.9,570.3,574.4,21414510,12376468144.25,0.965212484512844,554.4180511041776
2021-08-05,BHARTIARTL,INE397D01024,,577.5,619.0,577.5,598.7,71088770,42828882475.7,0.965212484512844,577.8727144778397
2021-08-06,BHARTIARTL,INE397D01024,,594.5,616.95,588.5,607.9,28520160,17331650760.8,0.965212484512844,586.7526693353578
2021-08-09,BHARTIARTL,INE397D01024,,610.0,612.7,597.55,599.25,9892910,5962324949.95,0.965212484512844,578.4035813443218
2021-08-10,BHARTIARTL,INE397D01024,,602.2,628.0,598.4,622.2,33878294,20969148430.5,0.965212484512844,600.5552078638916
2021-08-11,BHARTIARTL,INE397D01024,,622.2,629.25,613.7,620.85,18386089,11412232380.35,0.965212484512844,599.2521710097992
2021-08-12,BHARTIARTL,INE397D01024,,623.0,628.95,617.0,623.15,8274954,5146336611.2,0.965212484512844,601.4721597241787
2021-08-13,BHARTIARTL,INE397D01024,,623.15,638.8,618.1,637.05,20690579,13104154660.7,0.965212484512844,614.8886132589073
2021-08-16,BHARTIARTL,INE397D01024,,638.75,644.0,632.0,634.05,10312706,6573078634.0,0.965212484512844,611.9929758053687
2021-08-17,BHARTIARTL,INE397D01024,,634.05,638.0,623.0,626.35,11102775,6984365686.45,0.965212484512844,604.5608396746198
2021-08-18,BHARTIARTL,INE397D01024,,625.9,634.0,620.85,622.95,7005347,4385293903.85,0.965212484512844,601.2791172272762
2021-08-20,BHARTIARTL,INE397D01024,,619.5,633.0,607.0,613.7,12534832,7796382718.7,0.965212484512844,592.3509017455324
2021-08-23,BHARTIARTL,INE397D01024,,618.4,630.5,607.6,622.65,12554898,7785232234.15,0.965212484512844,600.9895534819223
2021-08-24,BHARTIARTL,INE397D01024,,627.95,627.95,617.05,620.1,5776595,3593337041.5,0.965212484512844,598.5282616464146
2021-08-25,BHARTIARTL,INE397D01024,,622.35,622.35,611.0,612.45,7977884,4903814634.95,0.965212484512844,591.1443861398914
2021-08-26,BHARTIARTL,INE397D01024,,610.0,611.5,584.3,586.9,25831904,15368224392.65,0.965212484512844,566.4832071605881
2021-08-27,BHARTIARTL,INE397D01024,,588.8,605.4,585.05,595.15,16141223,9628890825.85,0.965212484512844,574.4462101578191
2021-08-30,BHARTIARTL,INE397D01024,,596.0,625.0,590.1,620.45,39759785,24135482915.2,0.965212484512844,598.8660860159941
2021-08-31,BHARTIARTL,INE397D01024,,626.05,668.1,625.0,664.05,59661820,38609751163.6,0.965212484512844,640.949350340754
2021-09-01,BHARTIARTL,INE397D01024,,668.0,673.3,654.0,666.4,30228814,20076317857.3,0.965212484512844,643.2175996793592
2021-09-02,BHARTIARTL,INE397D01024,,669.95,673.75,664.05,666.5,18601857,12446958541.35,0.965212484512844,643.3141209278106
2021-09-03,BHARTIARTL,INE397D01024,,668.0,669.6,654.0,658.45,7774350,5143819645.3,0.965212484512844,635.5441604274822
2021-09-06,BHARTIARTL,INE397D01024,,664.4,665.75,653.4,654.6,10035041,6604811953.8,0.965212484512844,631.8280923621077
2021-09-07,BHARTIARTL,INE397D01024,,657.95,680.5,648.0,670.55,27665704,18500038540.6,0.965212484512844,647.2232314900875
2021-09-08,BHARTIARTL,INE397D01024,,678.0,683.8,665.0,667.85,20492200,13807544223.9,0.965212484512844,644.617157781903
2021-09-09,BHARTIARTL,INE397D01024,,667.85,688.2,667.05,686.15,19419892,13194985934.45,0.965212484512844,662.2805462484879
2021-09-13,BHARTIARTL,INE397D01024,,692.0,697.0,685.85,693.3,19341527,13388757142.2,0.965212484512844,669.1818155127547
2021-09-14,BHARTIARTL,INE397D01024,,695.0,699.7,689.1,694.2,11479081,7970130901.75,0.965212484512844,670.0505067488164
2021-09-15,BHARTIARTL,INE397D01024,,697.0,734.95,696.15,725.5,55750090,40202853716.15,0.965212484512844,700.2616575140684
2021-09-16,BHARTIARTL,INE397D01024,,735.0,737.0,715.4,718.6,44172650,32033019298.55,0.965212484512844,693.6016913709298
2021-09-17,BHARTIARTL,INE397D01024,,721.0,734.75,721.0,728.15,26158201,18993707230.8,0.965212484512844,702.8194705980274
2021-09-20,BHARTIARTL,INE397D01024,,725.0,733.7,720.3,724.95,14066795,10227526671.0,0.965212484512844,699.7307906475863
2021-09-21,BHARTIARTL,INE397D01024,,722.9,740.75,722.0,726.65,13954874,10180209791.35,0.965212484512844,701.3716518712581
2021-09-22,BHARTIARTL,INE397D01024,,727.0,732.05,724.1,726.75,16047334,11684020061.5,0.965212484512844,701.4681731197094
2021-09-23,BHARTIARTL,INE397D01024,,733.4,740.1,723.2,726.8,26009026,18983963449.7,0.965212484512844,701.516433743935
2021-09-24,BHARTIARTL,INE397D01024,,729.05,753.0,728.0,739.4,70844952,52566116044.9,0.965212484512844,713.6781110487968
2021-09-27,BHARTIARTL,INE397D01024,,731.0,731.9,718.15,722.55,11282248,8172162220.45,0.965212484512844,697.4142806847555
2021-09-28,BHARTIARTL,INE397D01024,,724.4,726.8,686.0,696.15,21944239,15334572733.45,0.965212484512844,671.9326710936164
2021-09-29,BHARTIARTL,INE397D01024,,697.0,702.0,689.15,694.1,16729859,11626871377.8,0.965212484512844,669.9539855003651
2021-09-30,BHARTIARTL,INE397D01024,,695.8,709.8,686.8,688.3,13911568,9708475403.1,0.965212484512844,664.3557530901905
2021-10-01,BHARTIARTL,INE397D01024,,687.35,687.35,667.65,675.9,14952128,10103276449.7,0.965212484512844,652.3871182822312
2021-10-04,BHARTIARTL,INE397D01024,,675.0,686.2,669.7,681.4,8917898,6068058554.7,0.965212484512844,657.6957869470519
2021-10-05,BHARTIARTL,INE397D01024,,684.4,703.45,680.4,699.25,25598885,17726051844.3,0.965212484512844,674.9248297956062
2021-10-06,BHARTIARTL,INE397D01024,,705.75,707.95,688.2,691.4,10406502,7266632648.8,0.965212484512844,667.3479117921803
2021-10-07,BHARTIARTL,INE397D01024,,695.75,702.2,691.3,692.5,8121590,5666053722.7,0.965212484512844,668.4096455251445
2021-10-08,BHARTIARTL,INE397D01024,,695.15,699.55,688.9,695.5,6297352,4378941991.45,0.965212484512844,671.3052829786831
2021-10-11,BHARTIARTL,INE397D01024,,693.1,696.05,685.0,690.85,8792050,6076746795.05,0.965212484512844,666.8170449256983
2021-10-12,BHARTIARTL,INE397D01024,,691.0,698.4,684.2,686.35,8579567,5910316024.0,0.965212484512844,662.4735887453905
2021-10-13,BHARTIARTL,INE397D01024,,689.0,696.8,683.1,689.9,7062149,4886425291.0,0.965212484512844,665.900093065411
2021-10-14,BHARTIARTL,INE397D01024,,693.0,694.0,681.85,685.8,9820591,6745350118.15,0.965212484512844,661.9427218789084
2021-10-18,BHARTIARTL,INE397D01024,,700.0,701.95,679.65,680.6,8574445,5886766704.3,0.965212484512844,656.9236169594417
2021-10-19,BHARTIARTL,INE397D01024,,699.0,699.0,675.45,681.1,7328862,5028996719.6,0.965212484512844,657.4062232016981
2021-10-20,BHARTIARTL,INE397D01024,,683.4,713.9,681.4,708.45,21217306,14959584879.8,0.965212484512844,683.8047846531244
2021-10-21,BHARTIARTL,INE397D01024,,710.95,712.35,689.2,696.05,8908979,6222328272.4,0.965212484512844,671.8361498451651
2021-10-22,BHARTIARTL,INE397D01024,,698.5,705.3,684.25,694.5,6587256,4580967537.85,0.965212484512844,670.3400704941702
2021-10-25,BHARTIARTL,INE397D01024,,693.0,704.0,675.0,691.1,9540441,6610023479.45,0.965212484512844,667.0583480468265
2021-10-26,BHARTIARTL,INE397D01024,,695.0,709.85,689.0,696.2,10953878,7642032683.55,0.965212484512844,671.980931717842
2021-10-27,BHARTIARTL,INE397D01024,,699.4,714.65,694.0,702.35,11878571,8376715277.75,0.965212484512844,677.916988497596
2021-10-28,BHARTIARTL,INE397D01024,,702.75,706.05,684.4,689.75,8884507,6175668655.4,0.965212484512844,665.7553111927342
2021-10-29,BHARTIARTL,INE397D01024,,692.2,701.0,677.05,685.35,8602343,5937693303.7,0.965212484512844,661.5083762608776
2021-11-01,BHARTIARTL,INE397D01024,,689.95,722.8,689.6,712.5,17121001,12182834909.4,0.965212484512844,687.7138952154014
2021-11-02,BHARTIARTL,INE397D01024,,712.5,723.1,709.55,713.95,7725455,5527109351.15,0.965212484512844,689.1134533179451
2021-11-03,BHARTIARTL,INE397D01024,,725.75,732.5,696.0,699.1,23261507,16544960649.15,0.965212484512844,674.7800479229293
2021-11-08,BHARTIARTL,INE397D01024,,707.45,714.9,704.0,709.0,7565546,5369884373.25,0.965212484512844,684.3356515196064
2021-11-09,BHARTIARTL,INE397D01024,,711.7,716.45,705.15,713.2,5278131,3755339128.9,0.965212484512844,688.3895439545604
2021-11-10,BHARTIARTL,INE397D01024,,717.5,738.0,707.35,735.45,15180490,11038230229.6,0.965212484512844,709.8655217349711
2021-11-11,BHARTIARTL,INE397D01024,,735.0,738.6,724.25,728.6,7421118,5427569743.7,0.965212484512844,703.2538162160582
2021-11-12,BHARTIARTL,INE397D01024,,733.0,745.0,725.25,743.5,9207508,6806027528.7,0.965212484512844,717.6354822352995
2021-11-15,BHARTIARTL,INE397D01024,,740.0,746.0,736.2,737.55,5454742,4037413874.5,0.965212484512844,711.8924679524481
2021-11-16,BHARTIARTL,INE397D01024,,741.35,742.05,727.05,730.3,4639931,3411373132.05,0.965212484512844,704.89467743973
2021-11-17,BHARTIARTL,INE397D01024,,724.55,732.35,716.25,720.05,8002927,5798837637.15,0.965212484512844,695.0012494734733
2021-11-18,BHARTIARTL,INE397D01024,,720.6,723.45,708.0,714.35,4469597,3198209525.1,0.965212484512844,689.4995383117501
2021-11-22,BHARTIARTL,INE397D01024,,740.0,755.95,733.1,742.1,36884348,27460467117.85,0.965212484512844,716.2841847569816
2021-11-23,BHARTIARTL,INE397D01024,,745.0,761.0,735.7,758.9,18240414,13692421297.35,0.965212484512844,732.4997544967973
2021-11-24,BHARTIARTL,INE397D01024,,764.0,781.8,756.25,758.9,21653712,16659448540.9,0.965212484512844,732.4997544967973
2021-11-25,BHARTIARTL,INE397D01024,,759.05,768.5,752.8,765.15,8483653,6461637919.95,0.965212484512844,738.5323325250026
2021-11-26,BHARTIARTL,INE397D01024,,763.0,763.0,733.1,738.75,11142921,8300683385.8,0.965212484512844,713.0507229338635
2021-11-29,BHARTIARTL,INE397D01024,,752.0,755.0,727.1,739.35,15885643,11756261450.3,0.965212484512844,713.6298504245713
2021-11-30,BHARTIARTL,INE397D01024,,740.0,750.2,722.65,728.25,14272616,10478376142.0,0.965212484512844,702.9159918464786
2021-12-01,BHARTIARTL,INE397D01024,,733.0,737.4,718.25,722.25,10488561,7634537130.25,0.965212484512844,697.1247169394017
2021-12-02,BHARTIARTL,INE397D01024,,723.9,735.7,714.15,732.55,11507427,8332066780.2,0.965212484512844,707.0664055298838
2021-12-03,BHARTIARTL,INE397D01024,,730.0,734.65,716.3,718.35,11024093,7949033646.85,0.965212484512844,693.3603882498015
2021-12-06,BHARTIARTL,INE397D01024,,718.0,721.9,693.85,697.6,8804487,6215996627.15,0.965212484512844,673.33222919616
2021-12-07,BHARTIARTL,INE397D01024,,702.35,705.7,694.1,698.85,10238693,7155735079.5,0.965212484512844,674.538744801801
2021-12-08,BHARTIARTL,INE397D01024,,705.0,719.0,702.3,715.15,8296393,5897694384.65,0.965212484512844,690.2717082993604
2021-12-09,BHARTIARTL,INE397D01024,,716.8,723.95,711.0,713.95,9069515,6492502690.6,0.965212484512844,689.1134533179451
2021-12-10,BHARTIARTL,INE397D01024,,711.0,718.9,707.0,710.7,4251339,3026027789.2,0.965212484512844,685.9765127432782
2021-12-13,BHARTIARTL,INE397D01024,,715.0,718.4,698.35,703.1,9896899,6992095765.75,0.965212484512844,678.6408978609807
2021-12-14,BHARTIARTL,INE397D01024,,701.0,706.3,688.4,691.6,9275631,6449005565.45,0.965212484512844,667.540954289083
2021-12-15,BHARTIARTL,INE397D01024,,691.75,694.9,684.1,685.45,7674319,5286093004.05,0.965212484512844,661.604897509329
2021-12-16,BHARTIARTL,INE397D01024,,689.9,689.9,677.6,681.4,9633006,6569387274.2,0.965212484512844,657.6957869470519
2021-12-17,BHARTIARTL,INE397D01024,,681.0,685.7,661.1,666.05,13850460,9253601297.85,0.965212484512844,642.8797753097797
2021-12-20,BHARTIARTL,INE397D01024,,659.15,661.15,645.1,658.25,11812939,7725049296.0,0.965212484512844,635.3511179305796
2021-12-21,BHARTIARTL,INE397D01024,,663.95,670.9,659.2,667.0,8084499,5380653575.4,0.965212484512844,643.796727170067
2021-12-22,BHARTIARTL,INE397D01024,,667.0,686.0,667.0,684.75,8522226,5800265897.3,0.965212484512844,660.9292487701699
2021-12-23,BHARTIARTL,INE397D01024,,689.0,689.0,675.5,678.75,5602466,3807977792.45,0.965212484512844,655.1379738630928
2021-12-24,BHARTIARTL,INE397D01024,,682.1,682.85,672.65,677.05,3756020,2544136883.7,0.965212484512844,653.497112639421
2021-12-27,BHARTIARTL,INE397D01024,,674.95,678.35,668.65,675.75,3658572,2468910296.35,0.965212484512844,652.2423364095544
2021-12-28,BHARTIARTL,INE397D01024,,679.85,683.5,675.05,680.05,3892590,2646466080.3,0.965212484512844,656.3927500929595
2021-12-29,BHARTIARTL,INE397D01024,,679.95,683.5,675.0,676.85,3847574,2613403545.6,0.965212484512844,653.3040701425185
2021-12-30,BHARTIARTL,INE397D01024,,677.5,685.8,674.2,679.35,5701612,3881626397.45,0.965212484512844,655.7171013538006
2021-12-31,BHARTIARTL,INE397D01024,,680.5,694.1,680.0,683.8,4598628,3157130862.75,0.965212484512844,660.0122969098827
2022-01-03,BHARTIARTL,INE397D01024,,687.8,692.6,683.1,691.3,2939833,2024900233.75,0.965212484512844,667.251390543729
2022-01-04,BHARTIARTL,INE397D01024,,692.25,703.25,690.4,697.45,6473875,4515251886.35,0.965212484512844,673.1874473234831
2022-01-05,BHARTIARTL,INE397D01024,,700.9,702.75,691.75,700.0,4586105,3203921431.85,0.965212484512844,675.6487391589908
2022-01-06,BHARTIARTL,INE397D01024,,702.0,720.5,700.0,710.4,21642414,15402157764.95,0.965212484512844,685.6869489979243
2022-01-07,BHARTIARTL,INE397D01024,,713.9,715.15,701.45,704.7,4315015,3052867348.25,0.965212484512844,680.1852378362013
2022-01-10,BHARTIARTL,INE397D01024,,705.4,711.35,703.65,704.95,3565324,2518498799.95,0.965212484512844,680.4265409573294
2022-01-11,BHARTIARTL,INE397D01024,,703.0,709.55,694.6,703.45,10642484,7462080833.75,0.965212484512844,678.9787222305602
2022-01-12,BHARTIARTL,INE397D01024,,707.95,732.7,704.2,730.2,12366953,8890964593.6,0.965212484512844,704.7981561912787
2022-01-13,BHARTIARTL,INE397D01024,,729.0,735.65,726.15,731.8,5829874,4265485873.75,0.965212484512844,706.3424961664992
2022-01-14,BHARTIARTL,INE397D01024,,729.95,730.9,718.45,720.6,5344096,3863767970.55,0.965212484512844,695.5321163399555
2022-01-17,BHARTIARTL,INE397D01024,,720.0,734.75,719.55,728.6,4340924,3162261276.5,0.965212484512844,703.2538162160582
2022-01-18,BHARTIARTL,INE397D01024,,727.0,730.7,712.55,714.35,4312058,3104152905.65,0.965212484512844,689.4995383117501
2022-01-19,BHARTIARTL,INE397D01024,,714.0,715.0,701.7,703.7,5879490,4150449660.05,0.965212484512844,679.2200253516884
2022-01-20,BHARTIARTL,INE397D01024,,706.0,719.65,705.25,715.4,4812496,3429736090.65,0.965212484512844,690.5130114204886
2022-01-21,BHARTIARTL,INE397D01024,,709.6,714.0,689.35,695.25,6704622,4685308745.05,0.965212484512844,671.0639798575548
2022-01-24,BHARTIARTL,INE397D01024,,690.3,707.0,677.35,689.9,11091633,7693451056.85,0.965212484512844,665.900093065411
2022-01-25,BHARTIARTL,INE397D01024,,684.0,720.45,682.15,711.85,14128764,10027351546.55,0.965212484512844,687.086507100468
2022-01-27,BHARTIARTL,INE397D01024,,706.5,716.0,701.5,707.25,8937312,6333036738.35,0.965212484512844,682.6465296717089
2022-01-28,BHARTIARTL,INE397D01024,,714.9,754.0,701.65,715.8,21450677,15413494337.7,0.965212484512844,690.8990964142937
2022-01-31,BHARTIARTL,INE397D01024,,728.0,735.0,719.55,729.3,10745370,7822973341.7,0.965212484512844,703.9294649552171
2022-02-01,BHARTIARTL,INE397D01024,,733.0,735.0,718.3,723.05,4814511,3501028779.55,0.965212484512844,697.8968869270118
2022-02-02,BHARTIARTL,INE397D01024,,726.1,731.75,720.5,725.05,3286577,2381909149.9,0.965212484512844,699.8273118960375
2022-02-03,BHARTIARTL,INE397D01024,,726.0,729.0,718.5,721.65,3651578,2641591234.9,0.965212484512844,696.5455894486938
2022-02-04,BHARTIARTL,INE397D01024,,721.1,723.25,716.5,720.2,3284198,2364897340.35,0.965212484512844,695.1460313461503
2022-02-07,BHARTIARTL,INE397D01024,,718.0,720.1,699.5,706.5,6833983,4835739601.35,0.965212484512844,681.9226203083243
2022-02-08,BHARTIARTL,INE397D01024,,711.2,714.7,701.0,708.9,7167684,5064859595.8,0.965212484512844,684.2391302711551
2022-02-09,BHARTIARTL,INE397D01024,,707.1,726.1,702.15,719.35,10185173,7291175686.95,0.965212484512844,694.3256007343143
2022-02-10,BHARTIARTL,INE397D01024,,722.95,726.95,708.6,724.05,6074014,4366441126.25,0.965212484512844,698.8620994115247
2022-02-11,BHARTIARTL,INE397D01024,,721.7,725.4,710.9,715.15,5646980,4045110736.1,0.965212484512844,690.2717082993604
2022-02-14,BHARTIARTL,INE397D01024,,704.0,704.0,685.0,689.7,7441445,5171789239.2,0.965212484512844,665.7070505685085
2022-02-15,BHARTIARTL,INE397D01024,,696.0,713.1,686.6,711.55,4650249,3250471564.1,0.965212484512844,686.7969433551141
2022-02-16,BHARTIARTL,INE397D01024,,717.4,728.2,708.0,721.8,5433910,3908776019.45,0.965212484512844,696.6903713213708
2022-02-17,BHARTIARTL,INE397D01024,,724.45,727.5,715.0,717.0,5107708,3677661983.35,0.965212484512844,692.0573513957091
2022-02-18,BHARTIARTL,INE397D01024,,712.05,719.55,711.35,712.55,4099366,2933719343.75,0.965212484512844,687.762155839627
2022-02-21,BHARTIARTL,INE397D01024,,708.05,716.55,703.0,709.95,4307430,3063380672.4,0.965212484512844,685.2526033798937
2022-02-22,BHARTIARTL,INE397D01024,,694.2,702.5,687.5,699.25,9148804,6348204854.45,0.965212484512844,674.9248297956062
2022-02-23,BHARTIARTL,INE397D01024,,700.1,708.95,699.5,704.4,4124469,2907363092.2,0.965212484512844,679.8956740908474
2022-02-24,BHARTIARTL,INE397D01024,,682.0,688.55,645.45,670.9,14139461,9548316519.05,0.965212484512844,647.561055859667
2022-02-25,BHARTIARTL,INE397D01024,,677.5,695.15,677.5,688.65,6452099,4450902016.3,0.965212484512844,664.69357745977
2022-02-28,BHARTIARTL,INE397D01024,,681.0,690.0,666.45,686.5,8301523,5654064694.55,0.965212484512844,662.6183706180674
2022-03-02,BHARTIARTL,INE397D01024,,684.0,684.0,666.0,674.25,10220908,6877819127.45,0.965212484512844,650.7945176827851
2022-03-03,BHARTIARTL,INE397D01024,,675.0,679.8,668.6,672.05,6517030,4385023860.95,0.965212484512844,648.6710502168568
2022-03-04,BHARTIARTL,INE397D01024,,665.0,667.95,650.0,653.7,7094874,4662610397.7,0.965212484512844,630.9594011260461
2022-03-07,BHARTIARTL,INE397D01024,,640.0,679.35,639.0,675.4,12615451,8389449156.9,0.965212484512844,651.9045120399749
2022-03-08,BHARTIARTL,INE397D01024,,675.0,686.85,667.6,683.0,8462985,5747955862.95,0.965212484512844,659.2401269222725
2022-03-09,BHARTIARTL,INE397D01024,,682.0,698.0,674.3,691.5,9896395,6837953186.8,0.965212484512844,667.4444330406317
2022-03-10,BHARTIARTL,INE397D01024,,699.95,707.5,690.6,697.75,5989327,4192789257.55,0.965212484512844,673.4770110688369
2022-03-11,BHARTIARTL,INE397D01024,,696.7,702.4,691.5,694.85,3353880,2335501660.0,0.965212484512844,670.6778948637497
2022-03-14,BHARTIARTL,INE397D01024,,688.15,704.85,688.15,700.4,4016137,2810303856.7,0.965212484512844,676.034824152796
2022-03-15,BHARTIARTL,INE397D01024,,699.0,709.5,695.5,703.1,6006439,4226116846.1,0.965212484512844,678.6408978609807
2022-03-16,BHARTIARTL,INE397D01024,,710.0,715.5,705.0,712.0,3843706,2727848498.4,0.965212484512844,687.231288973145
2022-03-17,BHARTIARTL,INE397D01024,,720.0,727.95,715.0,722.9,8168953,5909814621.8,0.965212484512844,697.752105054335
2022-03-21,BHARTIARTL,INE397D01024,,722.0,724.35,706.8,708.2,6317305,4513922556.25,0.965212484512844,683.5634815319962
2022-03-22,BHARTIARTL,INE397D01024,,708.5,721.0,705.85,719.25,3000133,2142849722.2,0.965212484512844,694.229079485863
2022-03-23,BHARTIARTL,INE397D01024,,719.25,719.85,703.0,704.95,7974713,5633501331.0,0.965212484512844,680.4265409573294
2022-03-24,BHARTIARTL,INE397D01024,,698.0,708.85,697.85,706.35,3597143,2534906530.5,0.965212484512844,681.7778384356474
2022-03-25,BHARTIARTL,INE397D01024,,712.3,714.45,705.85,709.35,2930336,2080398006.35,0.965212484512844,684.673475889186
2022-03-28,BHARTIARTL,INE397D01024,,715.25,737.0,710.1,733.05,7960258,5751720380.8,0.965212484512844,707.5490117721403
2022-03-29,BHARTIARTL,INE397D01024,,740.4,763.0,737.0,754.95,15833573,11899377451.9,0.965212484512844,728.6871651829716
2022-03-30,BHARTIARTL,INE397D01024,,762.75,769.9,744.6,749.5,9938988,7520695972.55,0.965212484512844,723.4267571423766
2022-03-31,BHARTIARTL,INE397D01024,,753.0,759.0,739.7,754.95,7371181,5516573660.2,0.965212484512844,728.6871651829716
2022-04-01,BHARTIARTL,INE397D01024,,759.8,766.65,749.25,758.5,5920139,4481591819.5,0.965212484512844,732.1136695029921
2022-04-04,BHARTIARTL,INE397D01024,,757.85,775.0,756.2,767.8,5783224,4438803621.0,0.965212484512844,741.0901456089616
2022-04-05,BHARTIARTL,INE397D01024,,767.8,773.8,761.0,766.6,3990794,3061725446.95,0.965212484512844,739.9318906275463
2022-04-06,BHARTIARTL,INE397D01024,,764.0,780.7,763.0,775.65,7490027,5797540256.45,0.965212484512844,748.6670636123874
2022-04-07,BHARTIARTL,INE397D01024,,775.0,777.85,759.55,762.4,5818505,4461357930.2,0.965212484512844,735.8779981925923
2022-04-08,BHARTIARTL,INE397D01024,,768.35,768.35,757.6,762.1,5583587,4255846177.1,0.965212484512844,735.5884344472385
2022-04-11,BHARTIARTL,INE397D01024,,757.0,765.2,756.0,758.05,4927865,3752283488.0,0.965212484512844,731.6793238849614
2022-04-12,BHARTIARTL,INE397D01024,,759.95,759.95,740.1,741.65,3904026,2919333392.5,0.965212484512844,715.8498391389508
2022-04-13,BHARTIARTL,INE397D01024,,742.0,756.5,737.95,740.65,6343030,4734103794.15,0.965212484512844,714.8846266544379
2022-04-18,BHARTIARTL,INE397D01024,,736.65,740.15,723.4,729.5,8950327,6521833849.2,0.965212484512844,704.1225074521197
2022-04-19,BHARTIARTL,INE397D01024,,739.0,739.0,716.85,723.5,9957060,7251573217.15,0.965212484512844,698.3312325450427
2022-04-20,BHARTIARTL,INE397D01024,,730.05,744.5,723.95,739.35,6632292,4894816527.0,0.965212484512844,713.6298504245713
2022-04-21,BHARTIARTL,INE397D01024,,743.9,743.9,730.0,735.75,6111830,4514820013.95,0.965212484512844,710.1550854803249
2022-04-22,BHARTIARTL,INE397D01024,,731.0,740.9,729.0,738.75,5182247,3820279418.85,0.965212484512844,713.0507229338635
2022-04-25,BHARTIARTL,INE397D01024,,729.95,743.0,729.15,739.35,3571031,2629801132.75,0.965212484512844,713.6298504245713
2022-04-26,BHARTIARTL,INE397D01024,,745.0,758.9,739.1,756.3,4987848,3744626322.35,0.965212484512844,729.9902020370639
2022-04-27,BHARTIARTL,INE397D01024,,750.0,761.55,746.4,752.5,4571399,3445012188.65,0.965212484512844,726.3223945959152
2022-04-28,BHARTIARTL,INE397D01024,,751.0,754.3,744.6,747.35,6101866,4567143508.1,0.965212484512844,721.351550300674
2022-04-29,BHARTIARTL,INE397D01024,,752.0,761.0,735.55,739.0,7219115,5404450311.6,0.965212484512844,713.2920260549918
2022-05-02,BHARTIARTL,INE397D01024,,734.0,742.95,730.35,741.35,3938533,2907041429.95,0.965212484512844,715.560275393597
2022-05-04,BHARTIARTL,INE397D01024,,737.0,739.35,717.0,722.4,6785271,4937275463.65,0.965212484512844,697.2694988120785
2022-05-05,BHARTIARTL,INE397D01024,,726.0,733.1,714.25,718.95,4836692,3503723722.25,0.965212484512844,693.9395157405093
2022-05-06,BHARTIARTL,INE397D01024,,711.25,723.9,707.75,710.25,5912312,4229659562.25,0.965212484512844,685.5421671252475
2022-05-09,BHARTIARTL,INE397D01024,,706.1,720.5,704.45,711.5,4819274,3439126712.6,0.965212484512844,686.7486827308885
2022-05-10,BHARTIARTL,INE397D01024,,711.0,728.5,710.15,719.65,6746893,4873013763.6,0.965212484512844,694.6151644796682
2022-05-11,BHARTIARTL,INE397D01024,,719.65,735.0,716.9,722.85,6919703,5014359458.55,0.965212484512844,697.7038444301094
2022-05-12,BHARTIARTL,INE397D01024,,715.25,722.8,701.25,705.4,6754953,4789576823.05,0.965212484512844,680.8608865753602
2022-05-13,BHARTIARTL,INE397D01024,,713.0,713.0,684.75,689.9,11938252,8318729809.65,0.965212484512844,665.900093065411
2022-05-16,BHARTIARTL,INE397D01024,,685.85,698.0,679.65,693.2,5412233,3736419404.55,0.965212484512844,669.0852942643036
2022-05-17,BHARTIARTL,INE397D01024,,695.0,710.0,690.85,707.05,4847812,3405613793.95,0.965212484512844,682.4534871748064
2022-05-18,BHARTIARTL,INE397D01024,,721.0,727.15,689.2,696.15,18992703,13362187997.9,0.965212484512844,671.9326710936164
2022-05-19,BHARTIARTL,INE397D01024,,685.0,693.0,667.85,674.25,7322668,4993782108.65,0.965212484512844,650.7945176827851
2022-05-20,BHARTIARTL,INE397D01024,,688.5,691.5,683.0,687.9,5577407,3831558517.7,0.965212484512844,663.9696680963854
2022-05-23,BHARTIARTL,INE397D01024,,681.8,693.9,679.6,685.85,3788601,2606528213.35,0.965212484512844,661.9909825031341
2022-05-24,BHARTIARTL,INE397D01024,,689.25,689.25,675.85,678.2,4053608,2756396322.65,0.965212484512844,654.6071069966108
2022-05-25,BHARTIARTL,INE397D01024,,681.25,689.9,679.55,688.2,4188088,2867094996.55,0.965212484512844,664.2592318417393
2022-05-26,BHARTIARTL,INE397D01024,,690.0,695.5,675.9,693.65,5780597,3966106443.7,0.965212484512844,669.5196398823342
2022-05-27,BHARTIARTL,INE397D01024,,697.05,700.0,676.0,684.4,7131633,4905405213.1,0.965212484512844,660.5914244005904
2022-05-30,BHARTIARTL,INE397D01024,,687.45,703.75,683.0,699.05,4675033,3254009697.7,0.965212484512844,674.7317872987036
2022-05-31,BHARTIARTL,INE397D01024,,697.5,706.6,692.6,700.2,44593174,31222384433.35,0.965212484512844,675.8417816558934
2022-06-01,BHARTIARTL,INE397D01024,,701.55,706.2,691.25,694.65,3749781,2614354829.45,0.965212484512844,670.4848523668471
2022-06-02,BHARTIARTL,INE397D01024,,688.9,696.95,683.05,695.95,3466993,2396864597.3,0.965212484512844,671.7396285967138
2022-06-03,BHARTIARTL,INE397D01024,,697.05,700.8,685.25,686.5,6673615,4599395771.85,0.965212484512844,662.6183706180674
2022-06-06,BHARTIARTL,INE397D01024,,682.2,689.8,676.5,682.95,6407024,4384162865.6,0.965212484512844,659.1918662980469
2022-06-07,BHARTIARTL,INE397D01024,,678.15,687.25,673.3,685.3,8349903,5681429422.75,0.965212484512844,661.460115636652
2022-06-08,BHARTIARTL,INE397D01024,,682.5,687.8,660.45,663.3,13904149,9376899045.95,0.965212484512844,640.2254409773694
2022-06-09,BHARTIARTL,INE397D01024,,660.0,679.4,655.1,676.35,6774925,4540157594.75,0.965212484512844,652.8214639002621
2022-06-10,BHARTIARTL,INE397D01024,,668.0,676.45,668.0,673.35,3221484,2170002489.7,0.965212484512844,649.9258264467236
2022-06-13,BHARTIARTL,INE397D01024,,660.1,673.35,658.0,671.3,5982102,3986323713.4,0.965212484512844,647.9471408534722
2022-06-14,BHARTIARTL,INE397D01024,,669.1,689.4,669.1,682.05,8878530,6033199557.7,0.965212484512844,658.3231750619852
2022-06-15,BHARTIARTL,INE397D01024,,681.95,685.0,673.5,682.1,6005970,4086541593.25,0.965212484512844,658.3714356862109
2022-06-16,BHARTIARTL,INE397D01024,,683.1,683.9,650.0,654.2,9525587,6306016844.25,0.965212484512844,631.4420073683026
2022-06-17,BHARTIARTL,INE397D01024,,656.0,661.75,638.0,643.65,11085830,7170431128.75,0.965212484512844,621.259015656692
2022-06-20,BHARTIARTL,INE397D01024,,644.95,647.45,634.2,640.9,3883001,2479725612.6,0.965212484512844,618.6046813242817
2022-06-21,BHARTIARTL,INE397D01024,,642.1,658.15,640.5,654.3,3515991,2291395392.1,0.965212484512844,631.5385286167538
2022-06-22,BHARTIARTL,INE397D01024,,648.6,650.35,641.45,642.85,4348884,2807724018.25,0.965212484512844,620.4868456690818
2022-06-23,BHARTIARTL,INE397D01024,,648.15,664.6,647.75,660.2,4336533,2854209967.0,0.965212484512844,637.2332822753797
2022-06-24,BHARTIARTL,INE397D01024,,662.1,675.7,662.1,671.2,5621332,3773945754.9,0.965212484512844,647.8506196050209
2022-06-27,BHARTIARTL,INE397D01024,,675.0,687.0,671.2,683.95,5284297,3590917956.95,0.965212484512844,660.1570787825597
2022-06-28,BHARTIARTL,INE397D01024,,683.0,684.9,676.3,681.15,3216376,2191048621.05,0.965212484512844,657.4544838259237
2022-06-29,BHARTIARTL,INE397D01024,,677.0,689.1,675.0,687.8,5011798,3433644687.75,0.965212484512844,663.8731468479341
2022-06-30,BHARTIARTL,INE397D01024,,689.8,691.6,679.0,684.95,6505666,4451313726.0,0.965212484512844,661.1222912670726
2022-07-01,BHARTIARTL,INE397D01024,,684.85,685.8,666.0,673.45,4488771,3024148360.5,0.965212484512844,650.0223476951749
2022-07-04,BHARTIARTL,INE397D01024,,670.5,685.5,666.05,681.9,4229588,2862736984.15,0.965212484512844,658.1783931893083
2022-07-05,BHARTIARTL,INE397D01024,,683.3,689.3,680.05,684.45,3494504,2394377842.15,0.965212484512844,660.6396850248161
2022-07-06,BHARTIARTL,INE397D01024,,684.5,694.95,684.2,693.95,4697006,3246029240.45,0.965212484512844,669.8092036276881
2022-07-07,BHARTIARTL,INE397D01024,,692.0,696.5,685.45,686.8,3485283,2405645318.05,0.965212484512844,662.9079343634212
2022-07-08,BHARTIARTL,INE397D01024,,688.0,696.6,686.65,695.15,2732170,1891701767.1,0.965212484512844,670.9674586091035
2022-07-11,BHARTIARTL,INE397D01024,,675.0,681.0,658.95,660.55,18687521,12397434355.4,0.965212484512844,637.5711066449591
2022-07-12,BHARTIARTL,INE397D01024,,663.25,666.9,660.0,663.0,7416645,4921672744.3,0.965212484512844,639.9358772320156
2022-07-13,BHARTIARTL,INE397D01024,,670.0,670.0,641.0,643.5,12030163,7843736812.7,0.965212484512844,621.1142337840151
2022-07-14,BHARTIARTL,INE397D01024,,650.0,652.2,628.75,641.65,11379990,7297906604.7,0.965212484512844,619.3285906876663
2022-07-15,BHARTIARTL,INE397D01024,,648.95,657.5,643.25,651.8,5567877,3635354513.85,0.965212484512844,629.1254974054717
2022-07-18,BHARTIARTL,INE397D01024,,657.0,670.0,649.15,663.05,8982417,5920500002.1,0.965212484512844,639.9841378562412
2022-07-19,BHARTIARTL,INE397D01024,,675.0,677.0,663.1,672.9,7836419,5261274911.3,0.965212484512844,649.4914808286927
2022-07-20,BHARTIARTL,INE397D01024,,680.0,680.0,668.2,670.65,4458819,2997399920.8,0.965212484512844,647.3197527385388
2022-07-21,BHARTIARTL,INE397D01024,,671.5,679.95,671.2,678.35,3550107,2403751177.65,0.965212484512844,654.7518888692878
2022-07-22,BHARTIARTL,INE397D01024,,679.7,681.9,675.2,678.85,2415220,1638724949.15,0.965212484512844,655.2344951115442
2022-07-25,BHARTIARTL,INE397D01024,,680.0,686.55,676.55,678.4,2913348,1986958413.75,0.965212484512844,654.8001494935133
2022-07-26,BHARTIARTL,INE397D01024,,682.6,685.35,670.25,684.1,5016687,3411478454.65,0.965212484512844,660.3018606552366
2022-07-27,BHARTIARTL,INE397D01024,,683.95,683.95,669.7,674.9,6237523,4217047083.35,0.965212484512844,651.4219057977184
2022-07-28,BHARTIARTL,INE397D01024,,678.8,679.4,664.2,666.85,7374170,4936146186.45,0.965212484512844,643.6519452973901
2022-07-29,BHARTIARTL,INE397D01024,,672.8,680.65,671.0,677.95,7669970,5183792338.6,0.965212484512844,654.3658038754827
2022-08-01,BHARTIARTL,INE397D01024,,677.95,697.8,677.05,694.45,8812526,6079249167.5,0.9695026355663124,673.2711052690257
2022-08-02,BHARTIARTL,INE397D01024,,700.0,700.3,681.15,686.8,6236599,4292121299.35,0.9695026355663124,665.8544101069433
2022-08-03,BHARTIARTL,INE397D01024,,688.0,696.85,687.0,693.15,5237250,3621178448.2,0.9695026355663124,672.0107518427894
2022-08-04,BHARTIARTL,INE397D01024,,698.2,698.5,680.7,694.3,6352142,4386901897.0,0.9695026355663124,673.1256798736907
2022-08-05,BHARTIARTL,INE397D01024,,698.0,710.0,696.35,703.65,5811092,4094194767.95,0.9695026355663124,682.1905295162358
2022-08-08,BHARTIARTL,INE397D01024,,707.95,709.85,699.0,704.35,5918607,4169362957.8,0.9695026355663124,682.8691813611322
2022-08-10,BHARTIARTL,INE397D01024,,713.9,718.0,706.0,715.25,12201239,8688970162.35,0.9695026355663124,693.4367600888049
2022-08-11,BHARTIARTL,INE397D01024,,718.8,719.4,705.7,709.8,7142902,5080400815.45,0.9695026355663124,688.1529707249686
2022-08-12,BHARTIARTL,INE397D01024,,709.85,712.5,706.65,709.7,4540159,3220761090.2,0.9695026355663124,688.056020461412
2022-08-16,BHARTIARTL,INE397D01024,,715.0,716.0,700.5,704.1,6679663,4708571922.85,0.9695026355663124,682.6268057022406
2022-08-17,BHARTIARTL,INE397D01024,,707.0,724.65,702.3,722.95,8812954,6308380545.95,0.9695026355663124,700.9019303826656
2022-08-18,BHARTIARTL,INE397D01024,,725.0,736.0,720.9,733.2,10354897,7576239330.4,0.9695026355663124,710.8393323972203
2022-08-19,BHARTIARTL,INE397D01024,,730.2,737.6,726.0,732.3,13743828,10075701596.0,0.9695026355663124,709.9667800252106
2022-08-22,BHARTIARTL,INE397D01024,,731.85,734.4,724.4,727.6,8118490,5911990744.95,0.9695026355663124,705.410117638049
2022-08-23,BHARTIARTL,INE397D01024,,725.0,742.6,722.55,737.6,8229797,6041802015.85,0.9695026355663124,715.1051439937121
2022-08-24,BHARTIARTL,INE397D01024,,722.85,754.2,718.0,738.75,14922081,10933220132.85,0.9695026355663124,716.2200720246133
2022-08-25,BHARTIARTL,INE397D01024,,744.8,754.05,735.25,741.0,9849958,7326545401.35,0.9695026355663124,718.4014529546375
2022-08-26,BHARTIARTL,INE397D01024,,741.5,741.5,728.0,730.85,5928897,4341157526.5,0.9695026355663124,708.5610012036394
2022-08-29,BHARTIARTL,INE397D01024,,717.7,724.9,715.1,720.6,5878942,4239196304.5,0.9695026355663124,698.6235991890848
2022-08-30,BHARTIARTL,INE397D01024,,722.0,730.1,711.8,726.6,8894800,6422989833.2,0.9695026355663124,704.4406150024827
2022-09-01,BHARTIARTL,INE397D01024,,726.5,746.0,726.5,735.05,11869518,8753899329.8,0.9695026355663124,712.632912273018
2022-09-02,BHARTIARTL,INE397D01024,,725.0,740.9,719.65,735.0,5693707,4184899796.0,0.9695026355663124,712.5844371412396
2022-09-05,BHARTIARTL,INE397D01024,,735.0,741.95,733.25,740.4,3660135,2705618118.9,0.9695026355663124,717.8197513732977
2022-09-06,BHARTIARTL,INE397D01024,,740.4,765.0,740.4,761.25,10166270,7692473118.0,0.9695026355663124,738.0338813248553
2022-09-07,BHARTIARTL,INE397D01024,,755.5,761.9,686.2,753.1,126794211,88548206813.5,0.9695026355663124,730.1324348449899
2022-09-08,BHARTIARTL,INE397D01024,,759.0,776.0,757.05,769.8,10648073,8187864705.0,0.9695026355663124,746.3231288589473
2022-09-09,BHARTIARTL,INE397D01024,,773.0,774.8,762.9,765.75,4627905,3552241017.95,0.9695026355663124,742.3966431849037
2022-09-12,BHARTIARTL,INE397D01024,,767.0,771.4,764.5,769.15,2654087,2041140934.7,0.9695026355663124,745.6929521458292
2022-09-13,BHARTIARTL,INE397D01024,,774.0,788.9,770.0,784.25,8335652,6512349250.65,0.9695026355663124,760.3324419428806
2022-09-14,BHARTIARTL,INE397D01024,,776.0,788.4,775.75,783.35,6645392,5203597053.45,0.9695026355663124,759.4598895708709
2022-09-15,BHARTIARTL,INE397D01024,,788.0,790.65,782.0,785.1,5485310,4310134279.05,0.9695026355663124,761.1565191831119
2022-09-16,BHARTIARTL,INE397D01024,,788.0,788.0,776.45,779.65,20211162,15754163953.45,0.9695026355663124,755.8727298192755
2022-09-19,BHARTIARTL,INE397D01024,,773.5,786.0,772.2,782.75,5760313,4502088087.6,0.9695026355663124,758.878187989531
2022-09-20,BHARTIARTL,INE397D01024,,786.7,796.95,785.0,792.15,7936714,6292014643.05,0.9695026355663124,767.9915127638544
2022-09-21,BHARTIARTL,INE397D01024,,792.15,797.0,779.0,780.2,9966193,7835103490.0,0.9695026355663124,756.405956268837
2022-09-22,BHARTIARTL,INE397D01024,,791.2,794.8,776.35,784.1,7721133,6042967389.0,0.9695026355663124,760.1870165475456
2022-09-23,BHARTIARTL,INE397D01024,,788.0,788.0,768.7,771.35,9271829,7197174021.55,0.9695026355663124,747.8258579440751
2022-09-26,BHARTIARTL,INE397D01024,,769.95,771.15,753.2,755.05,13144297,10061838408.4,0.9695026355663124,732.0229649843442
2022-09-27,BHARTIARTL,INE397D01024,,758.85,765.0,757.2,760.6,5965026,4537371673.25,0.9695026355663124,737.4037046117372
2022-09-28,BHARTIARTL,INE397D01024,,755.5,771.0,755.0,761.45,5546932,4241669565.95,0.9695026355663124,738.2277818519686
2022-09-29,BHARTIARTL,INE397D01024,,763.95,769.0,759.3,764.65,5413233,4139104191.65,0.9695026355663124,741.3301902857808
2022-09-30,BHARTIARTL,INE397D01024,,765.95,809.0,761.45,799.9,7469164,5922107226.85,0.9695026355663124,775.5051581894933
2022-10-03,BHARTIARTL,INE397D01024,,803.4,815.55,798.05,803.35,12619046,10155550869.1,0.9695026355663124,778.8499422821972
2022-10-04,BHARTIARTL,INE397D01024,,813.0,816.75,807.5,808.7,5772140,4680327985.05,0.9695026355663124,784.0367813824769
2022-10-06,BHARTIARTL,INE397D01024,,810.55,815.85,786.65,788.6,6503205,5189765700.35,0.9695026355663124,764.549778407594
2022-10-07,BHARTIARTL,INE397D01024,,792.0,796.8,784.7,793.1,6025982,4772583137.8,0.9695026355663124,768.9125402676424
2022-10-10,BHARTIARTL,INE397D01024,,784.95,794.8,779.7,792.35,3519416,2772240151.3,0.9695026355663124,768.1854132909676
2022-10-11,BHARTIARTL,INE397D01024,,797.5,797.5,776.0,780.3,3699862,2910747187.85,0.9695026355663124,756.5029065323936
2022-10-12,BHARTIARTL,INE397D01024,,780.3,781.35,769.2,775.55,5984299,4640086205.5,0.9695026355663124,751.8977690134536
2022-10-13,BHARTIARTL,INE397D01024,,775.0,779.0,767.65,768.9,2842056,2190332518.6,0.9695026355663124,745.4505764869376
2022-10-14,BHARTIARTL,INE397D01024,,779.95,779.95,763.05,765.95,3608210,2786100553.8,0.9695026355663124,742.590543712017
2022-10-17,BHARTIARTL,INE397D01024,,761.0,771.0,759.85,766.0,4566333,3492734003.25,0.9695026355663124,742.6390188437954
2022-10-18,BHARTIARTL,INE397D01024,,769.85,785.6,768.65,783.15,4391263,3435211662.4,0.9695026355663124,759.2659890437576
2022-10-19,BHARTIARTL,INE397D01024,,787.95,788.65,779.5,783.4,5219180,4087364135.95,0.9695026355663124,759.5083647026491
2022-10-20,BHARTIARTL,INE397D01024,,782.0,794.0,778.3,792.9,4756732,3751642724.45,0.9695026355663124,768.7186397405292
2022-10-21,BHARTIARTL,INE397D01024,,790.0,802.85,789.75,797.45,4807736,3836904518.45,0.9695026355663124,773.1298767323559
2022-10-25,BHARTIARTL,INE397D01024,,806.15,806.35,798.7,802.3,3184277,2553637110.35,0.9695026355663124,777.8319645148524
2022-10-27,BHARTIARTL,INE397D01024,,806.5,822.2,804.2,817.1,8159181,6645839709.85,0.9695026355663124,792.1806035212339
2022-10-28,BHARTIARTL,INE397D01024,,819.0,824.4,811.3,816.85,3905093,3189279527.45,0.9695026355663124,791.9382278623424
2022-10-31,BHARTIARTL,INE397D01024,,823.0,833.8,820.0,832.0,5487233,4550408261.7,0.9695026355663124,806.626192791172
2022-11-01,BHARTIARTL,INE397D01024,,828.0,841.45,821.05,835.55,10488759,8722433075.75,0.9695026355663124,810.0679271474323
2022-11-02,BHARTIARTL,INE397D01024,,830.0,830.0,807.25,809.85,11729925,9550048000.9,0.9695026355663124,785.1517094133782
2022-11-03,BHARTIARTL,INE397D01024,,809.75,824.4,804.2,818.65,5897840,4823129132.05,0.9695026355663124,793.6833326063617
2022-11-04,BHARTIARTL,INE397D01024,,815.7,821.8,809.2,816.4,3768226,3069542041.25,0.9695026355663124,791.5019516763375
2022-11-07,BHARTIARTL,INE397D01024,,817.0,824.05,809.0,822.7,7171570,5844340617.45,0.9695026355663124,797.6098182804053
2022-11-09,BHARTIARTL,INE397D01024,,824.2,825.5,814.45,819.05,3969171,3248007545.55,0.9695026355663124,794.0711336605882
2022-11-10,BHARTIARTL,INE397D01024,,819.8,830.7,817.55,825.75,4425290,3650021528.65,0.9695026355663124,800.5668013188825
2022-11-11,BHARTIARTL,INE397D01024,,830.75,836.9,823.8,826.9,4325441,3590720582.25,0.9695026355663124,801.6817293497837
2022-11-14,BHARTIARTL,INE397D01024,,818.0,830.8,817.0,821.9,10406576,8538431978.15,0.9695026355663124,796.8342161719522
2022-11-15,BHARTIARTL,INE397D01024,,822.65,838.75,822.65,835.25,6229710,5165677304.8,0.9695026355663124,809.7770763567624
2022-11-16,BHARTIARTL,INE397D01024,,837.5,844.05,828.05,841.2,3445345,2876296573.8,0.9695026355663124,815.545617038382
2022-11-17,BHARTIARTL,INE397D01024,,841.8,849.4,838.4,846.15,4545534,3839537095.55,0.9695026355663124,820.3446550844352
2022-11-18,BHARTIARTL,INE397D01024,,849.95,851.85,831.1,837.3,7405949,6205339882.55,0.9695026355663124,811.7645567596734
2022-11-21,BHARTIARTL,INE397D01024,,837.0,852.8,835.0,851.2,5527122,4672392641.7,0.9695026355663124,825.2406433940452
2022-11-22,BHARTIARTL,INE397D01024,,853.4,860.55,845.1,847.6,7601660,6470902779.05,0.9695026355663124,821.7504339060065
2022-11-23,BHARTIARTL,INE397D01024,,851.85,851.85,841.6,843.25,4596816,3887462402.95,0.9695026355663124,817.533097441293
2022-11-24,BHARTIARTL,INE397D01024,,846.0,851.0,837.75,848.35,3455310,2911444328.25,0.9695026355663124,822.4775608826811
2022-11-25,BHARTIARTL,INE397D01024,,852.0,860.0,841.6,846.85,2991065,2532689147.9,0.9695026355663124,821.0233069293317
2022-11-28,BHARTIARTL,INE397D01024,,840.25,852.55,836.05,837.4,3668846,3085819267.65,0.9695026355663124,811.86150702323
2022-11-29,BHARTIARTL,INE397D01024,,839.0,844.8,835.0,835.85,2680296,2248787693.85,0.9695026355663124,810.3587779381023
2022-11-30,BHARTIARTL,INE397D01024,,834.8,852.0,832.6,848.75,6874390,5809234672.55,0.9695026355663124,822.8653619369077
2022-12-01,BHARTIARTL,INE397D01024,,853.0,853.2,841.6,848.6,4506664,3818629525.95,0.9695026355663124,822.7199365415728
2022-12-02,BHARTIARTL,INE397D01024,,851.4,851.95,839.1,848.65,3505272,2961058057.1,0.9695026355663124,822.768411673351
2022-12-05,BHARTIARTL,INE397D01024,,851.0,851.6,840.85,844.1,3311316,2796345955.2,0.9695026355663124,818.3571746815244
2022-12-06,BHARTIARTL,INE397D01024,,844.9,845.0,829.7,833.35,5567349,4647114188.65,0.9695026355663124,807.9350213491865
2022-12-07,BHARTIARTL,INE397D01024,,837.55,841.6,832.0,834.0,3771882,3151952619.35,0.9695026355663124,808.5651980623046
2022-12-08,BHARTIARTL,INE397D01024,,833.0,840.2,826.3,832.6,4822179,4022061768.7,0.9695026355663124,807.2078943725118
2022-12-09,BHARTIARTL,INE397D01024,,830.3,836.6,823.95,834.9,4615843,3838911518.9,0.9695026355663124,809.4377504343142
2022-12-12,BHARTIARTL,INE397D01024,,832.6,836.95,825.4,828.4,3149823,2614026026.75,0.9695026355663124,803.1359833031332
2022-12-13,BHARTIARTL,INE397D01024,,822.0,840.0,822.0,838.05,3832999,3188106001.05,0.9695026355663124,812.4916837363481
2022-12-14,BHARTIARTL,INE397D01024,,840.65,842.0,828.15,829.2,7491333,6225279058.2,0.9695026355663124,803.9115854115863
2022-12-15,BHARTIARTL,INE397D01024,,829.0,831.0,824.35,826.35,2996482,2476920967.15,0.9695026355663124,801.1485029002223
2022-12-16,BHARTIARTL,INE397D01024,,825.0,832.7,819.9,822.75,4309644,3555365558.6,0.9695026355663124,797.6582934121835
2022-12-19,BHARTIARTL,INE397D01024,,822.7,845.05,822.0,840.4,6397169,5353626483.5,0.9695026355663124,814.770014929929
2022-12-20,BHARTIARTL,INE397D01024,,839.75,839.75,822.0,828.95,2828863,2340659186.6,0.9695026355663124,803.6692097526948
2022-12-21,BHARTIARTL,INE397D01024,,833.0,833.05,812.35,814.0,5079337,4167268237.7,0.9695026355663124,789.1751453509784
2022-12-22,BHARTIARTL,INE397D01024,,819.0,824.7,809.5,816.6,3626834,2968737260.25,0.9695026355663124,791.6958522034507
2022-12-23,BHARTIARTL,INE397D01024,,814.0,817.95,805.0,808.65,2804496,2273913792.35,0.9695026355663124,783.9883062506985
2022-12-26,BHARTIARTL,INE397D01024,,805.05,815.2,801.15,811.0,6023206,4871044496.85,0.9695026355663124,786.2666374442794
2022-12-27,BHARTIARTL,INE397D01024,,815.0,819.45,805.0,814.8,1782053,1447652815.05,0.9695026355663124,789.9507474594313
2022-12-28,BHARTIARTL,INE397D01024,,813.0,813.9,801.45,803.8,2907741,2345225830.6,0.9695026355663124,779.2862184682019
2022-12-29,BHARTIARTL,INE397D01024,,807.05,824.75,760.1,820.75,6110313,4974535535.65,0.9695026355663124,795.7192881410509
2022-12-30,BHARTIARTL,INE397D01024,,824.7,824.8,804.95,806.1,3113243,2525811276.4,0.9695026355663124,781.5160745300045
2023-01-02,BHARTIARTL,INE397D01024,,806.25,816.2,805.6,813.5,1626846,1322520250.25,0.9695026355663124,788.6903940331952
2023-01-03,BHARTIARTL,INE397D01024,,810.35,818.8,808.5,817.6,1717603,1398352259.7,0.9695026355663124,792.665354839017
2023-01-04,BHARTIARTL,INE397D01024,,818.95,820.45,806.2,811.8,2970216,2420273325.1,0.9695026355663124,787.0422395527324
2023-01-05,BHARTIARTL,INE397D01024,,825.0,825.0,803.75,807.1,5297349,4295702465.25,0.9695026355663124,782.4855771655708
2023-01-06,BHARTIARTL,INE397D01024,,807.55,812.25,792.0,796.0,3199618,2558133801.45,0.9695026355663124,771.7240979107847
2023-01-09,BHARTIARTL,INE397D01024,,802.7,821.5,801.05,819.4,4340729,3546979332.7,0.9695026355663124,794.4104595830364
2023-01-10,BHARTIARTL,INE397D01024,,826.1,826.1,790.3,792.85,8392344,6713895339.0,0.9695026355663124,768.6701646087508
2023-01-11,BHARTIARTL,INE397D01024,,775.0,779.65,751.65,765.55,28389020,21675281579.4,0.9695026355663124,742.2027426577904
2023-01-12,BHARTIARTL,INE397D01024,,765.0,769.3,753.55,756.9,12732671,9679059639.2,0.9695026355663124,733.8165448601419
2023-01-13,BHARTIARTL,INE397D01024,,757.0,765.95,752.0,764.3,12279288,9313978908.75,0.9695026355663124,740.9908643633325
2023-01-16,BHARTIARTL,INE397D01024,,766.4,768.1,754.65,759.15,5779293,4388775266.4,0.9695026355663124,735.997925790166
2023-01-17,BHARTIARTL,INE397D01024,,759.15,768.9,758.75,765.7,6594428,5037079690.3,0.9695026355663124,742.3481680531255
2023-01-18,BHARTIARTL,INE397D01024,,768.2,780.0,766.0,776.55,5800899,4483907197.3,0.9695026355663124,752.8672716490199
2023-01-19,BHARTIARTL,INE397D01024,,776.0,776.5,765.65,772.0,4169463,3215310671.45,0.9695026355663124,748.4560346571932
2023-01-20,BHARTIARTL,INE397D01024,,775.85,775.85,758.3,764.45,6289718,4807275573.0,0.9695026355663124,741.1362897586675
2023-01-23,BHARTIARTL,INE397D01024,,767.9,776.0,763.85,772.7,2685320,2072654013.7,0.9695026355663124,749.1346865020897
2023-01-24,BHARTIARTL,INE397D01024,,773.0,777.55,761.0,775.65,5012125,3854184385.2,0.9695026355663124,751.9947192770102
2023-01-25,BHARTIARTL,INE397D01024,,774.95,780.5,768.0,776.5,6560514,5085446377.05,0.9695026355663124,752.8187965172416
2023-01-27,BHARTIARTL,INE397D01024,,774.95,778.9,765.8,774.5,6745926,5216606772.7,0.9695026355663124,750.879791246109
2023-01-30,BHARTIARTL,INE397D01024,,771.6,774.95,763.0,770.2,5420851,4166805348.95,0.9695026355663124,746.7109299131739
2023-01-31,BHARTIARTL,INE397D01024,,775.0,779.0,768.4,770.3,8537557,6592792173.65,0.9695026355663124,746.8078801767305
2023-02-01,BHARTIARTL,INE397D01024,,775.95,784.65,756.6,769.1,4472974,3459246357.25,0.9695026355663124,745.644477014051
2023-02-02,BHARTIARTL,INE397D01024,,765.1,781.0,765.05,777.75,2841909,2206972919.5,0.9695026355663124,754.0306748116996
2023-02-03,BHARTIARTL,INE397D01024,,779.9,794.95,778.4,792.9,5493687,4330966677.05,0.9695026355663124,768.7186397405292
2023-02-06,BHARTIARTL,INE397D01024,,789.7,794.65,778.8,789.25,2407975,1891579647.9,0.9695026355663124,765.1799551207121
2023-02-07,BHARTIARTL,INE397D01024,,793.9,795.85,783.0,785.9,4126502,3254737871.9,0.9695026355663124,761.932121291565
2023-02-08,BHARTIARTL,INE397D01024,,778.0,781.0,765.0,775.1,9951783,7702076257.5,0.9695026355663124,751.4614928274488
2023-02-09,BHARTIARTL,INE397D01024,,770.0,775.1,761.3,766.65,5913945,4529647065.65,0.9695026355663124,743.2691955569134
2023-02-10,BHARTIARTL,INE397D01024,,768.95,773.2,761.0,771.95,2954992,2267426982.7,0.9695026355663124,748.407559525415
2023-02-13,BHARTIARTL,INE397D01024,,771.0,779.6,766.7,768.6,3705892,2865902928.95,0.9695026355663124,745.1597256962677
2023-02-14,BHARTIARTL,INE397D01024,,769.0,777.6,766.2,775.2,3502010,2707255061.25,0.9695026355663124,751.5584430910054
2023-02-15,BHARTIARTL,INE397D01024,,775.0,787.15,772.2,785.4,3602838,2813347209.8,0.9695026355663124,761.4473699737817
2023-02-16,BHARTIARTL,INE397D01024,,789.65,790.5,780.6,784.45,3399428,2667268771.65,0.9695026355663124,760.5263424699939
2023-02-17,BHARTIARTL,INE397D01024,,785.95,787.45,770.3,776.8,3093216,2411514605.2,0.9695026355663124,753.1096473079115
2023-02-20,BHARTIARTL,INE397D01024,,781.25,793.8,777.1,779.15,3381774,2655733287.75,0.9695026355663124,755.3879785014923
2023-02-21,BHARTIARTL,INE397D01024,,783.05,788.0,778.15,779.05,2769616,2167522736.25,0.9695026355663124,755.2910282379356
2023-02-22,BHARTIARTL,INE397D01024,,777.0,781.65,766.5,772.15,3261898,2528187575.2,0.9695026355663124,748.6014600525282
2023-02-23,BHARTIARTL,INE397D01024,,774.0,777.5,761.85,762.95,4062194,3117959411.2,0.9695026355663124,739.6820358053182
2023-02-24,BHARTIARTL,INE397D01024,,775.7,775.8,755.0,757.1,4357223,3323490640.4,0.9695026355663124,734.0104453872551
2023-02-27,BHARTIARTL,INE397D01024,,753.0,754.4,738.45,752.9,6719439,5021132650.65,0.9695026355663124,729.9385343178766
2023-02-28,BHARTIARTL,INE397D01024,,755.0,757.1,739.65,742.25,10562614,7871513157.15,0.9695026355663124,719.6133312490954
2023-03-01,BHARTIARTL,INE397D01024,,742.4,753.45,741.0,750.2,3744982,2799944265.1,0.9695026355663124,727.3208772018477
2023-03-02,BHARTIARTL,INE397D01024,,751.0,751.8,735.8,740.1,4910541,3640737195.75,0.9695026355663124,717.5289005826279
2023-03-03,BHARTIARTL,INE397D01024,,745.0,765.9,743.55,764.4,5759333,4360458293.75,0.9695026355663124,741.0878146268892
2023-03-06,BHARTIARTL,INE397D01024,,766.7,775.9,765.1,766.6,4597345,3546524465.75,0.9695026355663124,743.2207204251351
2023-03-08,BHARTIARTL,INE397D01024,,764.0,769.9,760.7,766.55,3546995,2714941717.3,0.9695026355663124,743.1722452933568
2023-03-09,BHARTIARTL,INE397D01024,,795.0,795.0,770.2,773.4,5240056,4067027341.55,0.9695026355663124,749.813338346986
2023-03-10,BHARTIARTL,INE397D01024,,773.0,778.95,768.2,773.75,4113931,3181694569.15,0.9695026355663124,750.1526642694342
2023-03-13,BHARTIARTL,INE397D01024,,777.45,777.8,763.15,765.3,3447889,2656144328.65,0.9695026355663124,741.9603669988988
2023-03-14,BHARTIARTL,INE397D01024,,764.0,776.75,764.0,771.8,3753502,2890285389.1,0.9695026355663124,748.2621341300799
2023-03-15,BHARTIARTL,INE397D01024,,758.0,765.55,752.5,756.65,8101060,6157633655.05,0.9695026355663124,733.5741692012502
2023-03-16,BHARTIARTL,INE397D01024,,750.0,759.0,743.5,745.95,7465693,5610160041.65,0.9695026355663124,723.2004910006908
2023-03-17,BHARTIARTL,INE397D01024,,750.0,759.45,739.15,757.25,9306857,6967807074.7,0.9695026355663124,734.1558707825901
2023-03-20,BHARTIARTL,INE397D01024,,754.95,759.8,748.8,754.8,3566109,2684514946.35,0.9695026355663124,731.7805893254526
2023-03-21,BHARTIARTL,INE397D01024,,760.0,766.0,755.15,756.95,5332221,4058647398.05,0.9695026355663124,733.8650199919202
2023-03-22,BHARTIARTL,INE397D01024,,761.0,763.2,753.15,756.7,2680654,2028473766.6,0.9695026355663124,733.6226443330287
2023-03-23,BHARTIARTL,INE397D01024,,758.0,765.8,756.85,763.55,2454948,1872671368.4,0.9695026355663124,740.2637373866578
2023-03-24,BHARTIARTL,INE397D01024,,763.55,767.0,758.85,762.45,2336818,1782693209.55,0.9695026355663124,739.197284487535
2023-03-27,BHARTIARTL,INE397D01024,,763.0,769.7,759.35,761.75,2258853,1728191028.85,0.9695026355663124,738.5186326426385
2023-03-28,BHARTIARTL,INE397D01024,,765.6,765.6,742.8,748.45,4166723,3121290077.2,0.9695026355663124,725.6242475896066
2023-03-29,BHARTIARTL,INE397D01024,,751.0,754.9,738.85,743.6,4891868,3640900803.05,0.9695026355663124,720.92215980711
2023-03-31,BHARTIARTL,INE397D01024,,752.15,753.0,742.05,749.0,5796532,4341753978.45,0.9695026355663124,726.157474039168
2023-04-03,BHARTIARTL,INE397D01024,,755.0,761.9,752.05,760.55,2120667,1608186233.0,0.9695026355663124,737.3552294799589
2023-04-05,BHARTIARTL,INE397D01024,,768.0,768.0,756.0,763.45,3197932,2435667483.45,0.9695026355663124,740.1667871231012
2023-04-06,BHARTIARTL,INE397D01024,,762.6,768.7,759.1,765.95,1777379,1360334610.05,0.9695026355663124,742.590543712017
2023-04-10,BHARTIARTL,INE397D01024,,768.95,776.3,766.45,769.75,1701065,1313707441.4,0.9695026355663124,746.274653727169
2023-04-11,BHARTIARTL,INE397D01024,,776.0,776.0,768.15,774.15,3485481,2691819557.4,0.9695026355663124,750.5404653236608
2023-04-12,BHARTIARTL,INE397D01024,,774.0,774.55,765.1,771.1,3794841,2920131015.2,0.9695026355663124,747.5834822851835
2023-04-13,BHARTIARTL,INE397D01024,,770.0,771.15,765.45,767.05,4292170,3297179127.85,0.9695026355663124,743.6569966111399
2023-04-17,BHARTIARTL,INE397D01024,,789.0,789.0,754.35,759.65,9083437,6925366082.8,0.9695026355663124,736.4826771079493
2023-04-18,BHARTIARTL,INE397D01024,,765.0,765.0,752.55,759.75,4051481,3069379835.3,0.9695026355663124,736.5796273715059
2023-04-19,BHARTIARTL,INE397D01024,,761.35,766.85,756.0,764.65,3429794,2613595965.7,0.9695026355663124,741.3301902857808
2023-04-20,BHARTIARTL,INE397D01024,,764.0,773.75,762.6,772.3,2355441,1809507449.7,0.9695026355663124,748.7468854478631
2023-04-21,BHARTIARTL,INE397D01024,,769.6,775.25,764.45,765.2,4524208,3469724572.85,0.9695026355663124,741.8634167353423
2023-04-24,BHARTIARTL,INE397D01024,,765.2,767.4,755.65,760.25,5271105,4001801384.45,0.9695026355663124,737.064378689289
2023-04-25,BHARTIARTL,INE397D01024,,764.95,777.0,761.75,772.6,5773233,4435684975.25,0.9695026355663124,749.0377362385331
2023-04-26,BHARTIARTL,INE397D01024,,779.9,779.9,767.1,773.45,5057352,3909177445.6,0.9695026355663124,749.8618134787644
2023-04-27,BHARTIARTL,INE397D01024,,772.0,789.2,771.35,786.5,4129769,3227329295.6,0.9695026355663124,762.5138228729047
2023-04-28,BHARTIARTL,INE397D01024,,789.85,802.05,787.2,799.3,6572656,5221844390.9,0.9695026355663124,774.9234566081535
2023-05-02,BHARTIARTL,INE397D01024,,800.25,806.8,788.55,790.2,6301210,5012557696.55,0.9695026355663124,766.1009826245001
2023-05-03,BHARTIARTL,INE397D01024,,794.5,794.5,777.2,779.3,3908267,3061830102.9,0.9695026355663124,755.5334038968273
2023-05-04,BHARTIARTL,INE397D01024,,779.3,792.7,773.65,789.1,2457671,1934748979.6,0.9695026355663124,765.0345297253772
2023-05-05,BHARTIARTL,INE397D01024,,789.1,790.95,780.25,787.3,1438467,1129712187.5,0.9695026355663124,763.2894249813578
2023-05-08,BHARTIARTL,INE397D01024,,789.9,795.3,785.2,793.75,2489174,1969157948.6,0.9695026355663124,769.5427169807605
2023-05-09,BHARTIARTL,INE397D01024,,796.9,798.35,790.5,793.6,2486331,1973175570.5,0.9695026355663124,769.3972915854256
2023-05-10,BHARTIARTL,INE397D01024,,797.0,797.55,788.05,796.05,2737334,2173116079.55,0.9695026355663124,771.772573042563
2023-05-11,BHARTIARTL,INE397D01024,,794.55,794.55,783.7,788.6,4808171,3791798018.8,0.9695026355663124,764.549778407594
2023-05-12,BHARTIARTL,INE397D01024,,787.5,793.7,784.5,791.95,2576010,2036259735.05,0.9695026355663124,767.7976122367412
2023-05-15,BHARTIARTL,INE397D01024,,793.0,802.5,789.55,797.05,7569060,6051303365.3,0.9695026355663124,772.7420756781293
2023-05-16,BHARTIARTL,INE397D01024,,800.85,801.25,784.0,787.35,4846217,3841177707.95,0.9695026355663124,763.3379001131361
2023-05-17,BHARTIARTL,INE397D01024,,788.0,797.65,783.9,792.25,6529233,5165026615.75,0.9695026355663124,768.0884630274111
2023-05-18,BHARTIARTL,INE397D01024,,797.95,803.0,794.65,799.35,11383252,9112548762.85,0.9695026355663124,774.9719317399318
2023-05-19,BHARTIARTL,INE397D01024,,799.35,808.35,793.25,805.75,3432240,2748401009.25,0.9695026355663124,781.1767486075563
2023-05-22,BHARTIARTL,INE397D01024,,801.0,804.0,799.5,801.85,9996762,8014177973.0,0.9695026355663124,777.3956883288477
2023-05-23,BHARTIARTL,INE397D01024,,808.95,808.95,797.95,799.95,6516636,5221083162.7,0.9695026355663124,775.5536333212717
2023-05-24,BHARTIARTL,INE397D01024,,802.9,802.9,795.0,801.4,9104329,7293840447.7,0.9695026355663124,776.9594121428428
2023-05-25,BHARTIARTL,INE397D01024,,799.6,825.5,797.85,822.7,9570396,7826548818.15,0.9695026355663124,797.6098182804053
2023-05-26,BHARTIARTL,INE397D01024,,827.9,829.35,813.4,817.95,6150206,5033816400.5,0.9695026355663124,793.0046807614654
2023-05-29,BHARTIARTL,INE397D01024,,829.4,829.4,818.0,821.25,3684829,3027154525.95,0.9695026355663124,796.2040394588341
2023-05-30,BHARTIARTL,INE397D01024,,821.25,826.35,812.8,818.45,5148256,4223782090.05,0.9695026355663124,793.4894320792484
2023-05-31,BHARTIARTL,INE397D01024,,819.0,888.75,818.0,849.9,47342125,40069594413.9,0.9695026355663124,823.980289967809
2023-06-01,BHARTIARTL,INE397D01024,,837.95,837.95,823.0,827.95,9713155,8043168432.4,0.9695026355663124,802.6997071171285
2023-06-02,BHARTIARTL,INE397D01024,,832.8,839.3,826.95,836.5,6834131,5690541059.4,0.9695026355663124,810.9889546512204
2023-06-05,BHARTIARTL,INE397D01024,,838.5,841.35,832.15,834.5,5298053,4433877024.4,0.9695026355663124,809.0499493800877
2023-06-06,BHARTIARTL,INE397D01024,,834.5,838.25,826.15,829.45,2722174,2259156071.2,0.9695026355663124,804.1539610704779
2023-06-07,BHARTIARTL,INE397D01024,,828.9,847.5,827.25,844.25,4110739,3451055068.1,0.9695026355663124,818.5026000768593
2023-06-08,BHARTIARTL,INE397D01024,,847.7,849.4,834.55,836.0,4050621,3406398442.6,0.9695026355663124,810.5042033334372
2023-06-09,BHARTIARTL,INE397D01024,,838.55,839.8,828.95,833.5,3332436,2774189879.75,0.9695026355663124,808.0804467445214
2023-06-12,BHARTIARTL,INE397D01024,,834.85,843.1,831.75,836.35,1569715,1314703006.3,0.9695026355663124,810.8435292558854
2023-06-13,BHARTIARTL,INE397D01024,,838.1,844.0,832.75,834.35,3224345,2699514267.65,0.9695026355663124,808.9045239847528
2023-06-14,BHARTIARTL,INE397D01024,,832.0,833.95,819.0,827.95,5108720,4215333765.2,0.9695026355663124,802.6997071171285
2023-06-15,BHARTIARTL,INE397D01024,,827.0,833.8,824.2,829.7,3865201,3208473864.2,0.9695026355663124,804.3963367293695
2023-06-16,BHARTIARTL,INE397D01024,,822.5,840.0,820.8,837.8,4907797,4088228585.5,0.9695026355663124,812.2493080774565
2023-06-19,BHARTIARTL,INE397D01024,,840.0,840.0,827.5,828.15,3017364,2515112366.1,0.9695026355663124,802.8936076442417
2023-06-20,BHARTIARTL,INE397D01024,,828.1,833.7,826.85,831.2,2691557,2232528229.65,0.9695026355663124,805.8505906827189
2023-06-21,BHARTIARTL,INE397D01024,,832.0,840.75,830.4,839.0,3022724,2528212230.95,0.9695026355663124,813.4127112401361
2023-06-22,BHARTIARTL,INE397D01024,,836.7,843.5,834.7,842.8,4380046,3676682065.85,0.9695026355663124,817.0968212552881
2023-06-23,BHARTIARTL,INE397D01024,,844.0,862.75,841.35,854.8,7667340,6563642809.2,0.9695026355663124,828.7308528820838
2023-06-26,BHARTIARTL,INE397D01024,,857.35,857.35,846.35,851.95,4431992,3769427459.3,0.9695026355663124,825.9677703707199
2023-06-27,BHARTIARTL,INE397D01024,,856.5,871.35,853.6,864.9,5533649,4780544905.4,0.9695026355663124,838.5228295013036
2023-06-28,BHARTIARTL,INE397D01024,,869.5,873.6,863.6,872.2,6272649,5461712322.7,0.9695026355663124,845.6001987409378
2023-06-30,BHARTIARTL,INE397D01024,,880.0,883.0,867.05,878.75,5217511,4560720673.45,0.9695026355663124,851.950441003897
2023-07-03,BHARTIARTL,INE397D01024,,880.0,884.15,874.6,879.15,3333167,2929775801.75,0.9695026355663124,852.3382420581236
2023-07-04,BHARTIARTL,INE397D01024,,873.8,873.8,853.3,865.15,7397493,6392836100.4,0.9695026355663124,838.7652051601951
2023-07-05,BHARTIARTL,INE397D01024,,868.0,871.0,863.05,866.65,4284477,3708322841.1,0.9695026355663124,840.2194591135446
2023-07-06,BHARTIARTL,INE397D01024,,864.35,877.9,863.45,869.65,6365222,5534724205.0,0.9695026355663124,843.1279670202435
2023-07-07,BHARTIARTL,INE397D01024,,865.0,883.6,862.5,870.45,18763997,16288012071.3,0.9695026355663124,843.9035691286967
2023-07-10,BHARTIARTL,INE397D01024,,867.0,889.6,865.0,885.4,4310681,3802859918.25,0.9695026355663124,858.397633530413
2023-07-11,BHARTIARTL,INE397D01024,,890.0,893.15,886.3,891.9,3353977,2987094565.65,0.9695026355663124,864.699400661594
2023-07-12,BHARTIARTL,INE397D01024,,889.95,895.7,883.1,889.95,3033186,2695531805.1,0.9695026355663124,862.8088705222398
2023-07-13,BHARTIARTL,INE397D01024,,891.35,893.3,883.25,885.05,4228714,3754587743.0,0.9695026355663124,858.0583076079648
2023-07-14,BHARTIARTL,INE397D01024,,885.0,890.25,879.65,886.5,3860080,3412204015.7,0.9695026355663124,859.464086429536
2023-07-17,BHARTIARTL,INE397D01024,,886.0,896.65,876.0,878.1,5614592,4938008023.25,0.9695026355663124,851.3202642907789
2023-07-18,BHARTIARTL,INE397D01024,,877.05,880.2,863.15,875.45,4731911,4131338940.85,0.9695026355663124,848.7510823065282
2023-07-19,BHARTIARTL,INE397D01024,,875.45,877.0,867.2,870.75,6641825,5803305016.5,0.9695026355663124,844.1944199193665
2023-07-20,BHARTIARTL,INE397D01024,,871.0,886.7,868.0,884.85,3779959,3311436952.65,0.9695026355663124,857.8644070808516
2023-07-21,BHARTIARTL,INE397D01024,,878.1,891.9,874.8,886.0,7001587,6189819441.1,0.9695026355663124,858.9793351117528
2023-07-24,BHARTIARTL,INE397D01024,,885.0,892.6,880.8,888.15,4125577,3659391523.8,0.9695026355663124,861.0637657782204
2023-07-25,BHARTIARTL,INE397D01024,,888.0,894.7,879.1,883.65,3652262,3233006922.5,0.9695026355663124,856.701003918172
2023-07-26,BHARTIARTL,INE397D01024,,886.5,896.5,883.3,889.4,2845581,2537286260.85,0.9695026355663124,862.2756440726782
2023-07-27,BHARTIARTL,INE397D01024,,889.35,901.4,888.15,895.15,3445446,3084518098.55,0.9695026355663124,867.8502842271846
2023-07-28,BHARTIARTL,INE397D01024,,899.9,899.9,890.55,895.1,2314339,2071147527.8,0.9695026355663124,867.8018090954063
2023-07-31,BHARTIARTL,INE397D01024,,894.0,897.8,885.25,889.9,4424817,3939875145.3,0.9695026355663124,862.7603953904614
2023-08-01,BHARTIARTL,INE397D01024,,894.5,897.4,888.15,891.65,2087412,1862704324.45,0.9695026355663124,864.4570250027025
2023-08-02,BHARTIARTL,INE397D01024,,883.2,890.65,872.6,878.1,3328903,2930204169.05,0.9695026355663124,851.3202642907789
2023-08-03,BHARTIARTL,INE397D01024,,875.0,882.05,865.1,871.7,4642067,4050692872.7,0.9695026355663124,845.1154474231546
2023-08-04,BHARTIARTL,INE397D01024,,869.0,892.95,866.2,889.65,7066276,6223723525.95,0.9695026355663124,862.5180197315699
2023-08-07,BHARTIARTL,INE397D01024,,885.15,900.55,884.1,891.4,4086452,3654709674.45,0.9695026355663124,864.2146493438108
2023-08-08,BHARTIARTL,INE397D01024,,892.0,894.3,880.45,885.4,3282856,2909470265.85,0.9695026355663124,858.397633530413
2023-08-09,BHARTIARTL,INE397D01024,,885.0,897.45,878.8,883.7,3185159,2832701197.7,0.9695026355663124,856.7494790499503
2023-08-10,BHARTIARTL,INE397D01024,,882.0,883.9,868.2,874.8,3439922,3014308814.15,0.9695026355663124,848.12090559341
2023-08-11,BHARTIARTL,INE397D01024,,872.0,873.7,865.0,870.55,2812690,2447455390.7,0.9739560238785142,847.8774165874405
2023-08-14,BHARTIARTL,INE397D01024,,870.5,870.6,857.6,867.05,2665905,2301612127.15,0.9739560238785142,844.4685705038657
2023-08-16,BHARTIARTL,INE397D01024,,870.0,874.0,853.2,856.95,3962408,3400571581.75,0.9739560238785142,834.6316146626928
2023-08-17,BHARTIARTL,INE397D01024,,857.2,859.85,850.0,856.7,3013019,2576325665.85,0.9739560238785142,834.3881256567232
2023-08-18,BHARTIARTL,INE397D01024,,856.7,862.0,852.25,856.25,4929835,4223604928.0,0.9739560238785142,833.9498454459778
2023-08-21,BHARTIARTL,INE397D01024,,855.65,874.0,854.1,871.95,3220142,2800076299.95,0.9739560238785142,849.2409550208705
2023-08-22,BHARTIARTL,INE397D01024,,871.0,879.95,866.2,877.65,3333869,2920413952.2,0.9739560238785142,854.7925043569779
2023-08-23,BHARTIARTL,INE397D01024,,877.0,877.0,866.8,868.15,1860153,1618352691.1,0.9739560238785142,845.5399221301321
2023-08-24,BHARTIARTL,INE397D01024,,873.0,874.7,864.2,869.45,2842728,2470363589.8,0.9739560238785142,846.8060649611742
2023-08-25,BHARTIARTL,INE397D01024,,869.45,875.95,861.1,873.5,3124339,2717321625.35,0.9739560238785142,850.7505868578821
2023-08-28,BHARTIARTL,INE397D01024,,874.05,875.75,865.85,870.35,3094455,2691622777.9,0.9739560238785142,847.6826253826648
2023-08-29,BHARTIARTL,INE397D01024,,870.0,870.0,848.5,855.2,14064286,12030836241.8,0.9739560238785142,832.9271916209054
2023-08-30,BHARTIARTL,INE397D01024,,859.85,862.6,856.45,857.75,3261665,2803520293.5,0.9739560238785142,835.4107794817955
2023-08-31,BHARTIARTL,INE397D01024,,855.5,859.5,847.05,856.4,12528190,10728809630.9,0.9739560238785142,834.0959388495595
2023-09-01,BHARTIARTL,INE397D01024,,853.15,867.55,852.75,865.95,4427899,3817652352.65,0.9739560238785142,843.3972188775995
2023-09-04,BHARTIARTL,INE397D01024,,865.75,869.45,859.7,865.3,3102649,2681132532.85,0.9739560238785142,842.7641474620783
2023-09-05,BHARTIARTL,INE397D01024,,863.1,867.8,858.4,865.9,2216754,1914315180.8,0.9739560238785142,843.3485210764054
2023-09-06,BHARTIARTL,INE397D01024,,867.15,882.4,865.8,880.3,4235096,3704815138.25,0.9739560238785142,857.3734878202561
2023-09-07,BHARTIARTL,INE397D01024,,880.3,883.7,873.15,875.3,4532834,3975676216.5,0.9739560238785142,852.5037077008634
2023-09-08,BHARTIARTL,INE397D01024,,881.8,890.65,878.15,885.85,3741470,3315465895.3,0.9739560238785142,862.7789437527819
2023-09-11,BHARTIARTL,INE397D01024,,888.0,892.3,883.6,890.8,2733894,2428558288.55,0.9739560238785142,867.6000260709804
2023-09-12,BHARTIARTL,INE397D01024,,894.9,896.5,885.0,890.4,4106031,3655702147.15,0.9739560238785142,867.210443661429
2023-09-13,BHARTIARTL,INE397D01024,,888.05,918.0,885.55,915.15,5222561,4732534438.7,0.9739560238785142,891.3158552524222
2023-09-14,BHARTIARTL,INE397D01024,,920.3,920.6,910.1,914.95,5513106,5040718356.8,0.9739560238785142,891.1210640476467
2023-09-15,BHARTIARTL,INE397D01024,,912.6,948.7,910.0,936.15,14003428,13046821150.7,0.9739560238785142,911.768931753871
2023-09-18,BHARTIARTL,INE397D01024,,929.4,935.8,918.0,920.2,2977375,2758963551.2,0.9739560238785142,896.2343331730088
2023-09-20,BHARTIARTL,INE397D01024,,911.0,919.3,904.8,910.7,5241903,4772186787.2,0.9739560238785142,886.981750946163
2023-09-21,BHARTIARTL,INE397D01024,,910.2,920.15,903.35,917.95,4896202,4471240108.55,0.9739560238785142,894.0429321192821
2023-09-22,BHARTIARTL,INE397D01024,,917.95,922.35,903.8,911.4,6112928,5579302888.8,0.9739560238785142,887.6635201628778
2023-09-25,BHARTIARTL,INE397D01024,,912.0,913.35,902.05,910.4,5278045,4792973043.1,0.9739560238785142,886.6895641389993
2023-09-26,BHARTIARTL,INE397D01024,,910.0,920.95,908.0,912.7,5355047,4901480221.75,0.9739560238785142,888.9296629939199
2023-09-27,BHARTIARTL,INE397D01024,,914.95,921.05,907.45,920.25,4713145,4323237995.8,0.9739560238785142,896.2830309742027
2023-09-28,BHARTIARTL,INE397D01024,,926.0,932.0,918.6,925.65,7386917,6815740038.05,0.9739560238785142,901.5423935031466
2023-09-29,BHARTIARTL,INE397D01024,,932.0,936.4,921.8,926.4,5608557,5191800004.15,0.9739560238785142,902.2728605210556
2023-10-03,BHARTIARTL,INE397D01024,,918.25,928.25,916.05,925.3,4338272,4005260521.55,0.9739560238785142,901.2015088947892
2023-10-04,BHARTIARTL,INE397D01024,,918.3,925.95,918.3,924.25,5603669,5170734369.25,0.9739560238785142,900.1788550697167
2023-10-05,BHARTIARTL,INE397D01024,,925.05,929.6,919.4,928.85,7063132,6546667335.4,0.9739560238785142,904.6590527795579
2023-10-06,BHARTIARTL,INE397D01024,,929.2,929.2,924.3,926.05,2420855,2241102171.8,0.9739560238785142,901.931975912698
2023-10-09,BHARTIARTL,INE397D01024,,918.0,928.05,916.55,924.55,2248103,2076103398.05,0.9739560238785142,900.4710418768802
2023-10-10,BHARTIARTL,INE397D01024,,924.55,954.05,921.05,948.35,7897875,7464453875.95,0.9739560238785142,923.651195245189
2023-10-11,BHARTIARTL,INE397D01024,,948.5,956.8,948.0,955.6,5645289,5384579914.55,0.9739560238785142,930.7123764183082
2023-10-12,BHARTIARTL,INE397D01024,,955.6,956.8,947.0,950.35,5544735,5267515386.25,0.9739560238785142,925.599107292946
2023-10-13,BHARTIARTL,INE397D01024,,946.3,955.95,946.3,954.2,4421671,4206189748.8,0.9739560238785142,929.3488379848783
2023-10-16,BHARTIARTL,INE397D01024,,957.95,958.75,943.85,946.55,1881721,1791981426.8,0.9739560238785142,921.8980744022076
2023-10-17,BHARTIARTL,INE397D01024,,946.55,960.25,946.0,953.65,3863410,3686639940.8,0.9739560238785142,928.813162171745
2023-10-18,BHARTIARTL,INE397D01024,,953.0,958.9,950.65,952.85,2334392,2228224517.35,0.9739560238785142,928.0339973526422
2023-10-19,BHARTIARTL,INE397D01024,,945.8,951.3,941.35,942.95,4306963,4068370588.35,0.9739560238785142,918.3918327162451
2023-10-20,BHARTIARTL,INE397D01024,,937.8,947.5,937.0,945.2,3125104,2945984936.9,0.9739560238785142,920.5832337699717
2023-10-23,BHARTIARTL,INE397D01024,,941.6,949.1,937.0,939.3,2180066,2053194474.0,0.9739560238785142,914.8368932290883
2023-10-25,BHARTIARTL,INE397D01024,,924.6,939.65,919.0,922.6,6365249,5903478785.8,0.9739560238785142,898.5718276303172
2023-10-26,BHARTIARTL,INE397D01024,,921.65,924.6,900.05,905.5,6595332,5998749994.4,0.9739560238785142,881.9171796219946
2023-10-27,BHARTIARTL,INE397D01024,,910.75,918.4,906.45,914.6,3508393,3205125300.7,0.9739560238785142,890.7801794392891
2023-10-30,BHARTIARTL,INE397D01024,,914.8,931.95,910.35,926.25,3686773,3413607747.05,0.9739560238785142,902.1267671174738
2023-10-31,BHARTIARTL,INE397D01024,,920.3,923.55,912.4,914.4,5697563,5221888248.3,0.9739560238785142,890.5853882345134
2023-11-01,BHARTIARTL,INE397D01024,,903.0,914.55,895.45,913.45,4821458,4383498248.25,0.9739560238785142,889.6601300118289
2023-11-02,BHARTIARTL,INE397D01024,,920.0,925.95,916.4,923.85,6611573,6100806165.15,0.9739560238785142,899.7892726601654
2023-11-03,BHARTIARTL,INE397D01024,,925.0,933.7,922.2,930.75,3895154,3615964840.5,0.9739560238785142,906.5095692249271
2023-11-06,BHARTIARTL,INE397D01024,,934.2,940.7,930.0,939.2,2760800,2580438053.3,0.9739560238785142,914.7394976267005
2023-11-07,BHARTIARTL,INE397D01024,,936.05,938.95,932.45,937.15,3616946,3383107335.2,0.9739560238785142,912.7428877777496
2023-11-08,BHARTIARTL,INE397D01024,,941.8,941.8,934.4,936.75,1808553,1695918490.85,0.9739560238785142,912.3533053681982
2023-11-09,BHARTIARTL,INE397D01024,,936.75,937.3,930.55,932.35,3914416,3654856687.55,0.9739560238785142,908.0678988631328
2023-11-10,BHARTIARTL,INE397D01024,,929.0,937.0,929.0,935.5,1345614,1256686984.6,0.9739560238785142,911.1358603383501
2023-11-13,BHARTIARTL,INE397D01024,,938.0,940.3,933.8,935.0,1656368,1550661632.6,0.9739560238785142,910.6488823264108
2023-11-15,BHARTIARTL,INE397D01024,,948.0,952.7,936.2,950.0,4816316,4558496943.1,0.9739560238785142,925.2582226845885
2023-11-16,BHARTIARTL,INE397D01024,,949.0,953.9,943.25,949.55,5310736,5040707499.7,0.9739560238785142,924.8199424738431
2023-11-17,BHARTIARTL,INE397D01024,,948.8,954.0,946.0,947.3,3249469,3084831234.85,0.9739560238785142,922.6285414201164
2023-11-20,BHARTIARTL,INE397D01024,,949.0,964.3,941.95,961.4,4646962,4436228404.85,0.9739560238785142,936.3613213568035
2023-11-21,BHARTIARTL,INE397D01024,,967.0,976.35,961.0,970.85,5704644,5527768506.55,0.9739560238785142,945.5652057824556
2023-11-22,BHARTIARTL,INE397D01024,,974.3,976.3,965.95,969.75,3309732,3213098687.0,0.9739560238785142,944.4938541561892
2023-11-23,BHARTIARTL,INE397D01024,,970.0,981.0,963.7,976.65,2749555,2679979758.35,0.9739560238785142,951.2141507209509
2023-11-24,BHARTIARTL,INE397D01024,,975.0,977.15,971.0,973.15,2322104,2262922858.2,0.9739560238785142,947.805304637376
2023-11-28,BHARTIARTL,INE397D01024,,974.05,988.0,971.2,984.9,5096984,4983265570.1,0.9739560238785142,959.2492879179487
2023-11-29,BHARTIARTL,INE397D01024,,995.9,1007.1,990.95,995.4,5647918,5629073013.55,0.9739560238785142,969.475826168673
2023-11-30,BHARTIARTL,INE397D01024,,995.0,1018.2,992.7,1014.7,9934052,10028150960.05,0.9739560238785142,988.2731774295285
2023-12-01,BHARTIARTL,INE397D01024,,1015.0,1022.55,1008.2,1014.7,5544950,5624640050.0,0.9739560238785142,988.2731774295285
2023-12-04,BHARTIARTL,INE397D01024,,1036.0,1044.0,1025.2,1032.9,5164902,5347725482.5,0.9739560238785142,1005.9991770641174
2023-12-05,BHARTIARTL,INE397D01024,,1038.8,1045.95,1022.1,1031.1,4266159,4406030546.55,0.9739560238785142,1004.2460562211359
2023-12-06,BHARTIARTL,INE397D01024,,1029.1,1035.0,1013.45,1024.45,4121251,4208999808.4,0.9739560238785142,997.7692486623439
2023-12-07,BHARTIARTL,INE397D01024,,1015.0,1019.7,998.0,1000.0,13805235,13867652281.9,0.9739560238785142,973.9560238785142
2023-12-08,BHARTIARTL,INE397D01024,,998.7,1004.0,991.3,1000.25,6630766,6607762938.65,0.9739560238785142,974.1995128844839
2023-12-11,BHARTIARTL,INE397D01024,,996.1,1004.6,992.05,1000.85,6195119,6177451547.35,0.9739560238785142,974.783886498811
2023-12-12,BHARTIARTL,INE397D01024,,999.25,1000.85,987.0,995.25,7119331,7074661313.8,0.9739560238785142,969.3297327650913
2023-12-13,BHARTIARTL,INE397D01024,,993.2,1002.0,991.5,999.9,4153219,4144065266.7,0.9739560238785142,973.8586282761263
2023-12-14,BHARTIARTL,INE397D01024,,1006.0,1011.2,999.15,1005.2,6541673,6575098202.3,0.9739560238785142,979.0205952026826
2023-12-15,BHARTIARTL,INE397D01024,,999.65,1010.85,988.25,992.55,10119597,10075681422.2,0.9739560238785142,966.7000515006192
2023-12-18,BHARTIARTL,INE397D01024,,995.0,998.8,982.15,990.25,5750263,5684226510.15,0.9739560238785142,964.4599526456986
2023-12-19,BHARTIARTL,INE397D01024,,995.45,997.95,985.9,988.45,3912964,3885037793.6,0.9739560238785142,962.7068318027174
2023-12-20,BHARTIARTL,INE397D01024,,992.9,993.65,969.0,971.55,3990591,3917468526.05,0.9739560238785142,946.2469749991704
2023-12-21,BHARTIARTL,INE397D01024,,968.0,981.55,960.0,977.9,4294277,4177539210.1,0.9739560238785142,952.431595750799
2023-12-22,BHARTIARTL,INE397D01024,,981.9,998.95,975.55,989.55,4605120,4559629305.35,0.9739560238785142,963.7781834289837
2023-12-26,BHARTIARTL,INE397D01024,,995.0,1002.5,989.65,999.85,2460643,2456039268.45,0.9739560238785142,973.8099304749325
2023-12-27,BHARTIARTL,INE397D01024,,1000.0,1024.05,998.0,1021.2,4791379,4858018548.75,0.9739560238785142,994.6038915847388
2023-12-28,BHARTIARTL,INE397D01024,,1023.9,1041.95,1022.2,1036.7,5288328,5456290114.85,0.9739560238785142,1009.7002099548557
2023-12-29,BHARTIARTL,INE397D01024,,1033.15,1043.25,1024.4,1032.2,4631749,4783023734.8,0.9739560238785142,1005.3174078474024
2024-01-01,BHARTIARTL,INE397D01024,BHARTI AIRTEL LIMITED,1031.95,1031.95,1007.0,1013.05,3804406,3860029871.0,0.9739560238785142,986.6661499901288
2024-01-02,BHARTIARTL,INE397D01024,BHARTI AIRTEL LIMITED,1017.4,1025.45,1016.0,1021.7,6865791,7008656979.5,0.9739560238785142,995.090869596678
2024-01-03,BHARTIARTL,INE397D01024,BHARTI AIRTEL LIMITED,1031.95,1037.0,1021.35,1035.2,3604276,3716765576.8,0.9739560238785142,1008.2392759190379
2024-01-04,BHARTIARTL,INE397D01024,BHARTI AIRTEL LIMITED,1035.25,1058.8,1027.55,1047.9,4664043,4851374068.6,0.9739560238785142,1020.6085174222951
2024-01-05,BHARTIARTL,INE397D01024,BHARTI AIRTEL LIMITED,1053.8,1063.65,1038.95,1046.6,4008221,4201227600.8,0.9739560238785142,1019.3423745912529
2024-01-08,BHARTIARTL,INE397D01024,BHARTI AIRTEL LIMITED,1050.0,1059.0,1045.25,1049.05,4489695,4725925719.3,0.9739560238785142,1021.7285668497553
2024-01-09,BHARTIARTL,INE397D01024,BHARTI AIRTEL LIMITED,1057.0,1067.9,1048.05,1064.5,3371125,3571438585.85,0.9739560238785142,1036.7761874186783
2024-01-10,BHARTIARTL,INE397D01024,BHARTI AIRTEL LIMITED,1066.95,1073.3,1055.3,1062.7,3111573,3305853664.1,0.9739560238785142,1035.0230665756972
2024-01-11,BHARTIARTL,INE397D01024,BHARTI AIRTEL LIMITED,1065.75,1073.9,1057.35,1062.85,2604325,2774512302.45,0.9739560238785142,1035.1691599792787
2024-01-12,BHARTIARTL,INE397D01024,BHARTI AIRTEL LIMITED,1058.1,1078.55,1051.6,1076.35,3394013,3627101303.6,0.9739560238785142,1048.3175663016386
2024-01-15,BHARTIARTL,INE397D01024,BHARTI AIRTEL LIMITED,1078.05,1104.7,1074.55,1102.4,3312897,3611185184.6,0.9739560238785142,1073.6891207236743
2024-01-16,BHARTIARTL,INE397D01024,BHARTI AIRTEL LIMITED,1107.0,1117.0,1093.0,1095.9,5025540,5537180631.6,0.9739560238785142,1067.3584065684638
2024-01-17,BHARTIARTL,INE397D01024,BHARTI AIRTEL LIMITED,1092.0,1108.95,1078.8,1085.25,4568700,4983594125.45,0.9739560238785142,1056.9857749141574
2024-01-18,BHARTIARTL,INE397D01024,BHARTI AIRTEL LIMITED,1075.2,1096.0,1075.2,1087.05,4407330,4797225597.5,0.9739560238785142,1058.7388957571388
2024-01-19,BHARTIARTL,INE397D01024,BHARTI AIRTEL LIMITED,1091.0,1136.35,1089.8,1125.0,11753391,13166873417.1,0.9739560238785142,1095.7005268633284
2024-01-20,BHARTIARTL,INE397D01024,BHARTI AIRTEL LIMITED,1128.05,1139.25,1118.75,1123.75,1919442,2167802608.05,0.9739560238785142,1094.4830818334804
2024-01-23,BHARTIARTL,INE397D01024,BHARTI AIRTEL LIMITED,1145.0,1172.55,1135.0,1158.0,18194595,21033408926.9,0.9739560238785142,1127.8410756513194
2024-01-24,BHARTIARTL,INE397D01024,BHARTI AIRTEL LIMITED,1140.1,1194.0,1140.1,1189.95,9546592,11193789334.5,0.9739560238785142,1158.958970614238
2024-01-25,BHARTIARTL,INE397D01024,BHARTI AIRTEL LIMITED,1186.0,1200.65,1157.05,1160.55,11424697,13445874004.9,0.9739560238785142,1130.3246635122096
2024-01-29,BHARTIARTL,INE397D01024,BHARTI AIRTEL LIMITED,1158.0,1169.75,1158.0,1162.15,4015858,4668486847.95,0.9739560238785142,1131.8829931504154
2024-01-30,BHARTIARTL,INE397D01024,BHARTI AIRTEL LIMITED,1162.15,1180.85,1154.55,1158.65,3902023,4561179260.6,0.9739560238785142,1128.4741470668405
2024-01-31,BHARTIARTL,INE397D01024,BHARTI AIRTEL LIMITED,1159.0,1175.05,1146.2,1170.7,5981966,6964183630.25,0.9739560238785142,1140.2103171545766
2024-02-01,BHARTIARTL,INE397D01024,BHARTI AIRTEL LIMITED,1165.05,1170.2,1148.95,1151.2,3606209,4174439923.3,0.9739560238785142,1121.2181746889455
2024-02-02,BHARTIARTL,INE397D01024,BHARTI AIRTEL LIMITED,1155.0,1175.2,1145.3,1150.8,4969983,5755472240.85,0.9739560238785142,1120.8285922793941
2024-02-05,BHARTIARTL,INE397D01024,BHARTI AIRTEL LIMITED,1154.35,1159.65,1110.0,1113.55,7809331,8765407819.3,0.9739560238785142,1084.5487303899195
2024-02-06,BHARTIARTL,INE397D01024,BHARTI AIRTEL LIMITED,1125.0,1156.1,1123.0,1134.05,9863065,11271927153.2,0.9739560238785142,1104.514828879429
2024-02-07,BHARTIARTL,INE397D01024,BHARTI AIRTEL LIMITED,1138.8,1148.25,1131.8,1134.3,2770694,3148670425.9,0.9739560238785142,1104.7583178853986
2024-02-08,BHARTIARTL,INE397D01024,BHARTI AIRTEL LIMITED,1144.4,1146.5,1116.2,1142.15,6519392,7375227019.3,0.9739560238785142,1112.4038726728452
2024-02-09,BHARTIARTL,INE397D01024,BHARTI AIRTEL LIMITED,1145.95,1145.95,1116.25,1120.25,4203171,4721992051.85,0.9739560238785142,1091.0742357499055
2024-02-12,BHARTIARTL,INE397D01024,BHARTI AIRTEL LIMITED,1122.9,1129.0,1111.3,1118.7,3887976,4356056101.75,0.9739560238785142,1089.564603912894
2024-02-13,BHARTIARTL,INE397D01024,BHARTI AIRTEL LIMITED,1111.0,1125.0,1103.8,1117.85,3211554,3587098590.05,0.9739560238785142,1088.7367412925971
2024-02-14,BHARTIARTL,INE397D01024,BHARTI AIRTEL LIMITED,1110.0,1121.15,1104.7,1115.85,4653070,5174723672.8,0.9739560238785142,1086.78882924484
2024-02-15,BHARTIARTL,INE397D01024,BHARTI AIRTEL LIMITED,1122.3,1131.45,1109.4,1120.7,5056712,5670509397.4,0.9739560238785142,1091.512515960651
2024-02-16,BHARTIARTL,INE397D01024,BHARTI AIRTEL LIMITED,1124.0,1127.05,1116.85,1120.0,3091952,3465748298.65,0.9739560238785142,1090.8307467439358
2024-02-19,BHARTIARTL,INE397D01024,BHARTI AIRTEL LIMITED,1121.05,1145.0,1118.35,1142.2,4711035,5348885080.65,0.9739560238785142,1112.452570474039
2024-02-20,BHARTIARTL,INE397D01024,BHARTI AIRTEL LIMITED,1145.0,1151.6,1135.0,1143.95,5397418,6172819232.4,0.9739560238785142,1114.1569935158263
2024-02-21,BHARTIARTL,INE397D01024,BHARTI AIRTEL LIMITED,1155.0,1159.15,1132.6,1139.9,4570259,5241190591.85,0.9739560238785142,1110.2124716191183
2024-02-22,BHARTIARTL,INE397D01024,BHARTI AIRTEL LIMITED,1137.6,1138.75,1097.65,1135.55,8642368,9682819827.7,0.9739560238785142,1105.9757629152468
2024-02-23,BHARTIARTL,INE397D01024,BHARTI AIRTEL LIMITED,1127.0,1131.85,1115.3,1125.75,6709844,7542793866.6,0.9739560238785142,1096.4309938812373
2024-02-26,BHARTIARTL,INE397D01024,BHARTI AIRTEL LIMITED,1118.1,1125.9,1104.35,1110.05,3186134,3537730362.55,0.9739560238785142,1081.1398843063446
2024-02-27,BHARTIARTL,INE397D01024,BHARTI AIRTEL LIMITED,1113.0,1131.0,1101.3,1127.5,7149094,8002055091.6,0.9739560238785142,1098.1354169230249
2024-02-28,BHARTIARTL,INE397D01024,BHARTI AIRTEL LIMITED,1133.4,1152.65,1123.5,1128.75,5302711,6008532350.6,0.9739560238785142,1099.352861952873
2024-02-29,BHARTIARTL,INE397D01024,BHARTI AIRTEL LIMITED,1118.85,1137.95,1099.0,1123.35,13818650,15513367283.65,0.9739560238785142,1094.093499423929
2024-03-01,BHARTIARTL,INE397D01024,BHARTI AIRTEL LIMITED,1128.0,1140.75,1117.4,1128.7,5927490,6698133326.3,0.9739560238785142,1099.304164151679
2024-03-04,BHARTIARTL,INE397D01024,BHARTI AIRTEL LIMITED,1132.0,1149.25,1132.0,1133.5,5855090,6673722897.0,0.9739560238785142,1103.9791530662958
2024-03-05,BHARTIARTL,INE397D01024,BHARTI AIRTEL LIMITED,1133.05,1179.75,1133.05,1168.9,5375008,6235925719.0,0.9739560238785142,1138.4571963115955
2024-03-06,BHARTIARTL,INE397D01024,BHARTI AIRTEL LIMITED,1173.95,1196.6,1157.35,1193.7,5464839,6441859278.5,0.9739560238785142,1162.6113057037824
2024-03-07,BHARTIARTL,INE397D01024,BHARTI AIRTEL LIMITED,1209.85,1213.6,1189.45,1199.7,8903981,10686411588.8,0.9739560238785142,1168.4550418470535
2024-03-11,BHARTIARTL,INE397D01024,BHARTI AIRTEL LIMITED,1186.0,1218.3,1186.0,1196.6,6679208,8051156240.85,0.9739560238785142,1165.43577817303
2024-03-12,BHARTIARTL,INE397D01024,BHARTI AIRTEL LIMITED,1200.0,1208.0,1197.8,1204.25,4249548,5110509531.8,0.9739560238785142,1172.8865417557008
2024-03-13,BHARTIARTL,INE397D01024,BHARTI AIRTEL LIMITED,1212.0,1212.0,1151.7,1168.75,7528096,8846736268.55,0.9739560238785142,1138.3111029080135
2024-03-14,BHARTIARTL,INE397D01024,BHARTI AIRTEL LIMITED,1173.95,1199.7,1163.55,1194.6,8569080,10175248523.0,0.9739560238785142,1163.487866125273
2024-03-15,BHARTIARTL,INE397D01024,BHARTI AIRTEL LIMITED,1190.0,1222.8,1187.85,1220.0,10115416,12278804842.05,0.9739560238785142,1188.2263491317874
2024-03-18,BHARTIARTL,INE397D01024,BHARTI AIRTEL LIMITED,1225.0,1230.55,1215.2,1225.3,4141080,5073428189.4,0.9739560238785142,1193.3883160583434
2024-03-19,BHARTIARTL,INE397D01024,BHARTI AIRTEL LIMITED,1216.2,1240.4,1214.6,1228.35,7703719,9489910515.9,0.9739560238785142,1196.3588819311728
2024-03-20,BHARTIARTL,INE397D01024,BHARTI AIRTEL LIMITED,1228.25,1239.0,1223.65,1231.8,6596032,8131017652.25,0.9739560238785142,1199.7190302135537
2024-03-21,BHARTIARTL,INE397D01024,BHARTI AIRTEL LIMITED,1238.0,1242.9,1214.1,1220.8,9952250,12212640948.95,0.9739560238785142,1189.0055139508902
2024-03-22,BHARTIARTL,INE397D01024,BHARTI AIRTEL LIMITED,1226.95,1245.0,1222.0,1236.1,7840007,9671876894.15,0.9739560238785142,1203.9070411162313
2024-03-26,BHARTIARTL,INE397D01024,BHARTI AIRTEL LIMITED,1225.0,1234.0,1210.0,1213.1,10898138,13305029290.4,0.9739560238785142,1181.5060525670256
2024-03-27,BHARTIARTL,INE397D01024,BHARTI AIRTEL LIMITED,1210.55,1228.25,1210.55,1224.8,5779169,7055747461.2,0.9739560238785142,1192.9013380464041
2024-03-28,BHARTIARTL,INE397D01024,BHARTI AIRTEL LIMITED,1226.95,1238.5,1220.3,1228.6,10518377,12922642936.3,0.9739560238785142,1196.6023709371425
2024-04-01,BHARTIARTL,INE397D01024,BHARTI AIRTEL LIMITED,1228.0,1231.9,1208.0,1217.35,5461473,6658509124.85,0.9739560238785142,1185.6453656685092
2024-04-02,BHARTIARTL,INE397D01024,BHARTI AIRTEL LIMITED,1225.0,1227.75,1203.2,1208.25,3625577,4390448363.9,0.9739560238785142,1176.7823658512148
2024-04-03,BHARTIARTL,INE397D01024,BHARTI AIRTEL LIMITED,1195.0,1240.6,1189.45,1225.7,9532291,11622514036.6,0.9739560238785142,1193.7778984678948
2024-04-04,BHARTIARTL,INE397D01024,BHARTI AIRTEL LIMITED,1231.95,1233.0,1201.3,1206.85,7327626,8898839413.6,0.9739560238785142,1175.4188274177848
2024-04-05,BHARTIARTL,INE397D01024,BHARTI AIRTEL LIMITED,1205.9,1211.35,1188.95,1191.0,4227519,5057905008.95,0.9739560238785142,1159.9816244393105
2024-04-08,BHARTIARTL,INE397D01024,BHARTI AIRTEL LIMITED,1188.0,1210.55,1183.1,1204.7,4827733,5784172973.3,0.9739560238785142,1173.324821966446
2024-04-09,BHARTIARTL,INE397D01024,BHARTI AIRTEL LIMITED,1214.95,1214.95,1198.3,1204.45,3372798,4064121461.65,0.9739560238785142,1173.0813329604764
2024-04-10,BHARTIARTL,INE397D01024,BHARTI AIRTEL LIMITED,1213.25,1230.7,1208.75,1229.4,6442196,7883732741.3,0.9739560238785142,1197.3815357562455
2024-04-12,BHARTIARTL,INE397D01024,BHARTI AIRTEL LIMITED,1226.1,1231.85,1219.55,1225.55,7877073,9647887768.3,0.9739560238785142,1193.631805064313
2024-04-15,BHARTIARTL,INE397D01024,BHARTI AIRTEL LIMITED,1210.6,1235.0,1210.35,1224.55,4281602,5244665282.6,0.9739560238785142,1192.6578490404345
2024-04-16,BHARTIARTL,INE397D01024,BHARTI AIRTEL LIMITED,1223.9,1233.95,1212.05,1216.45,5235632,6388777844.0,0.9739560238785142,1184.7688052470187
2024-04-18,BHARTIARTL,INE397D01024,BHARTI AIRTEL LIMITED,1220.0,1281.85,1215.8,1265.75,19939924,25104832365.9,0.9739560238785142,1232.7848372242292
2024-04-19,BHARTIARTL,INE397D01024,BHARTI AIRTEL LIMITED,1280.0,1296.5,1253.35,1289.0,13103862,16751906719.8,0.9739560238785142,1255.4293147794049
2024-04-22,BHARTIARTL,INE397D01024,BHARTI AIRTEL LIMITED,1304.0,1305.4,1288.25,1297.55,7894656,10222232850.3,0.9739560238785142,1263.7566387835661
2024-04-23,BHARTIARTL,INE397D01024,BHARTI AIRTEL LIMITED,1310.0,1351.0,1302.1,1342.35,12074766,16106742618.7,0.9739560238785142,1307.3898686533234
2024-04-24,BHARTIARTL,INE397D01024,BHARTI AIRTEL LIMITED,1352.0,1354.0,1333.55,1336.4,6277492,8428296229.4,0.9739560238785142,1301.5948303112464
2024-04-25,BHARTIARTL,INE397D01024,BHARTI AIRTEL LIMITED,1331.0,1343.8,1324.35,1338.7,8512627,11376807449.25,0.9739560238785142,1303.834929166167
2024-04-26,BHARTIARTL,INE397D01024,BHARTI AIRTEL LIMITED,1338.0,1345.7,1322.0,1326.0,5289771,7027485956.2,0.9739560238785142,1291.4656876629099
2024-04-29,BHARTIARTL,INE397D01024,BHARTI AIRTEL LIMITED,1324.5,1346.0,1320.0,1332.45,3195888,4264809677.75,0.9739560238785142,1297.7477040169263
2024-04-30,BHARTIARTL,INE397D01024,BHARTI AIRTEL LIMITED,1323.15,1334.8,1319.95,1322.3,5272565,6986899999.55,0.9739560238785142,1287.8620503745592
2024-05-02,BHARTIARTL,INE397D01024,BHARTI AIRTEL LIMITED,1315.25,1319.9,1293.6,1304.05,7995432,10436070019.95,0.9739560238785142,1270.0873529387763
2024-05-03,BHARTIARTL,INE397D01024,BHARTI AIRTEL LIMITED,1306.0,1310.5,1258.15,1277.4,11290875,14435015829.3,0.9739560238785142,1244.1314249024142
2024-05-06,BHARTIARTL,INE397D01024,BHARTI AIRTEL LIMITED,1275.0,1298.45,1273.2,1283.4,5555467,7148593836.75,0.9739560238785142,1249.9751610456851
2024-05-07,BHARTIARTL,INE397D01024,BHARTI AIRTEL LIMITED,1286.35,1294.45,1271.0,1286.15,5767030,7387452016.4,0.9739560238785142,1252.653540111351
2024-05-08,BHARTIARTL,INE397D01024,BHARTI AIRTEL LIMITED,1276.15,1299.4,1274.7,1288.6,2682816,3452934862.5,0.9739560238785142,1255.0397323698533
2024-05-09,BHARTIARTL,INE397D01024,BHARTI AIRTEL LIMITED,1283.0,1295.3,1270.05,1275.45,4809145,6153898909.4,0.9739560238785142,1242.232210655851
2024-05-10,BHARTIARTL,INE397D01024,BHARTI AIRTEL LIMITED,1275.05,1308.5,1271.75,1301.15,5532513,7178847181.5,0.9739560238785142,1267.262880469529
2024-05-13,BHARTIARTL,INE397D01024,BHARTI AIRTEL LIMITED,1301.15,1302.9,1281.4,1285.95,3703942,4775788559.7,0.9739560238785142,1252.4587489065755
2024-05-14,BHARTIARTL,INE397D01024,BHARTI AIRTEL LIMITED,1290.55,1299.9,1280.7,1284.3,3262908,4200300657.45,0.9739560238785142,1250.8517214671758
2024-05-15,BHARTIARTL,INE397D01024,BHARTI AIRTEL LIMITED,1281.55,1318.25,1280.5,1309.9,6891004,8951201318.25,0.9739560238785142,1275.7849956784657
2024-05-16,BHARTIARTL,INE397D01024,BHARTI AIRTEL LIMITED,1328.0,1356.85,1321.3,1345.1,11932181,15975934431.1,0.9739560238785142,1310.0682477189894
2024-05-17,BHARTIARTL,INE397D01024,BHARTI AIRTEL LIMITED,1353.6,1360.0,1339.25,1344.45,6614017,8921852706.7,0.9739560238785142,1309.4351763034686
2024-05-21,BHARTIARTL,INE397D01024,BHARTI AIRTEL LIMITED,1356.0,1362.75,1335.75,1344.3,5422220,7326213760.15,0.9739560238785142,1309.2890828998866
2024-05-22,BHARTIARTL,INE397D01024,BHARTI AIRTEL LIMITED,1342.15,1351.0,1329.55,1347.9,3026723,4055121982.05,0.9739560238785142,1312.7953245858494
2024-05-23,BHARTIARTL,INE397D01024,BHARTI AIRTEL LIMITED,1350.75,1377.3,1344.3,1374.05,7147341,9766854002.4,0.9739560238785142,1338.2642746102724
2024-05-24,BHARTIARTL,INE397D01024,BHARTI AIRTEL LIMITED,1375.5,1397.75,1374.05,1388.5,5622368,7809276082.05,0.9739560238785142,1352.337939155317
2024-05-27,BHARTIARTL,INE397D01024,BHARTI AIRTEL LIMITED,1396.0,1407.0,1378.0,1384.35,6553974,9126774633.4,0.9739560238785142,1348.296021656221
2024-05-28,BHARTIARTL,INE397D01024,BHARTI AIRTEL LIMITED,1384.8,1386.95,1366.9,1371.05,2068963,2846266079.85,0.9739560238785142,1335.3424065386369
2024-05-29,BHARTIARTL,INE397D01024,BHARTI AIRTEL LIMITED,1355.5,1390.25,1355.5,1377.1,4445083,6112213290.3,0.9739560238785142,1341.2348404831018
2024-05-30,BHARTIARTL,INE397D01024,BHARTI AIRTEL LIMITED,1378.8,1386.45,1363.5,1377.15,7100303,9776155940.95,0.9739560238785142,1341.283538284296
2024-05-31,BHARTIARTL,INE397D01024,BHARTI AIRTEL LIMITED,1380.0,1388.0,1338.0,1372.75,24825643,33876945475.1,0.9739560238785142,1336.9981317792303
2024-06-03,BHARTIARTL,INE397D01024,BHARTI AIRTEL LIMITED,1415.3,1420.45,1385.0,1391.1,6017122,8404790074.05,0.9739560238785142,1354.870224817401
2024-06-04,BHARTIARTL,INE397D01024,BHARTI AIRTEL LIMITED,1391.1,1397.0,1219.05,1299.7,19924421,26084327621.2,0.9739560238785142,1265.850644234905
2024-06-05,BHARTIARTL,INE397D01024,BHARTI AIRTEL LIMITED,1325.65,1348.75,1279.85,1344.35,12175520,16104199442.95,0.9739560238785142,1309.3377807010804
2024-06-06,BHARTIARTL,INE397D01024,BHARTI AIRTEL LIMITED,1359.0,1376.25,1329.0,1370.6,10279789,13961395349.75,0.9739560238785142,1334.9041263278914
2024-06-07,BHARTIARTL,INE397D01024,BHARTI AIRTEL LIMITED,1370.6,1430.65,1363.15,1425.25,12280748,17246814225.75,0.9739560238785142,1388.1308230328523
2024-06-10,BHARTIARTL,INE397D01024,BHARTI AIRTEL LIMITED,1421.05,1436.65,1421.05,1426.05,5318477,7607028700.55,0.9739560238785142,1388.909987851955
2024-06-11,BHARTIARTL,INE397D01024,BHARTI AIRTEL LIMITED,1426.0,1434.6,1413.0,1427.25,4416792,6296678087.4,0.9739560238785142,1390.0787350806095
2024-06-12,BHARTIARTL,INE397D01024,BHARTI AIRTEL LIMITED,1425.0,1447.85,1422.1,1438.4,4876138,7031530760.05,0.9739560238785142,1400.938344746855
2024-06-13,BHARTIARTL,INE397D01024,BHARTI AIRTEL LIMITED,1449.0,1455.95,1420.45,1425.75,7990376,11456855785.8,0.9739560238785142,1388.6178010447916
2024-06-14,BHARTIARTL,INE397D01024,BHARTI AIRTEL LIMITED,1434.0,1434.0,1420.95,1427.4,3978442,5675158029.25,0.9739560238785142,1390.2248284841912
2024-06-18,BHARTIARTL,INE397D01024,BHARTI AIRTEL LIMITED,1444.0,1444.0,1418.0,1428.35,8671131,12378185076.5,0.9739560238785142,1391.1500867068758
2024-06-19,BHARTIARTL,INE397D01024,BHARTI AIRTEL LIMITED,1433.95,1434.8,1388.3,1392.35,8640918,12163882182.85,0.9739560238785142,1356.0876698472491
2024-06-20,BHARTIARTL,INE397D01024,BHARTI AIRTEL LIMITED,1405.95,1406.95,1376.25,1381.15,8742855,12124517992.7,0.9739560238785142,1345.17936237981
2024-06-21,BHARTIARTL,INE397D01024,BHARTI AIRTEL LIMITED,1384.95,1423.95,1372.85,1416.05,43929578,62087786596.5,0.9739560238785142,1379.17042761317
2024-06-24,BHARTIARTL,INE397D01024,BHARTI AIRTEL LIMITED,1402.0,1423.8,1389.35,1419.8,6195831,8773481017.6,0.9739560238785142,1382.8227627027145
2024-06-25,BHARTIARTL,INE397D01024,BHARTI AIRTEL LIMITED,1434.0,1434.0,1409.85,1414.95,6353748,9010746033.7,0.9739560238785142,1378.0990759869037
2024-06-26,BHARTIARTL,INE397D01024,BHARTI AIRTEL LIMITED,1414.95,1479.95,1408.95,1459.5,9579826,13874933244.65,0.9739560238785142,1421.4888168506916
2024-06-27,BHARTIARTL,INE397D01024,BHARTI AIRTEL LIMITED,1464.0,1489.0,1440.05,1475.8,19675528,28878001926.5,0.9739560238785142,1437.3643000399113
2024-06-28,BHARTIARTL,INE397D01024,BHARTI AIRTEL LIMITED,1536.25,1536.25,1436.65,1444.05,29145832,42839696769.1,0.9739560238785142,1406.4411962817685
2024-07-01,BHARTIARTL,INE397D01024,BHARTI AIRTEL LIMITED,1450.0,1466.8,1449.25,1454.0,6011806,8751708327.75,0.9739560238785142,1416.1320587193597
2024-07-02,BHARTIARTL,INE397D01024,BHARTI AIRTEL LIMITED,1462.0,1473.4,1417.0,1418.95,7792632,11184942511.95,0.9739560238785142,1381.9949000824179
2024-07-03,BHARTIARTL,INE397D01024,BHARTI AIRTEL LIMITED,1427.95,1432.4,1408.45,1419.85,8261388,11736900893.75,0.9739560238785142,1382.8714605039083
2024-07-04,BHARTIARTL,INE397D01024,BHARTI AIRTEL LIMITED,1418.0,1441.1,1411.5,1423.05,9570938,13626507680.95,0.9739560238785142,1385.9881197803195
2024-07-05,BHARTIARTL,INE397D01024,BHARTI AIRTEL LIMITED,1422.5,1433.6,1416.85,1429.7,4881198,6957049989.8,0.9739560238785142,1392.464927339112
2024-07-08,BHARTIARTL,INE397D01024,BHARTI AIRTEL LIMITED,1431.0,1438.85,1423.15,1435.15,3261797,4677515531.0,0.9739560238785142,1397.7729876692497
2024-07-09,BHARTIARTL,INE397D01024,BHARTI AIRTEL LIMITED,1436.0,1441.65,1428.15,1435.55,2897480,4155730776.55,0.9739560238785142,1398.162570078801
2024-07-10,BHARTIARTL,INE397D01024,BHARTI AIRTEL LIMITED,1441.0,1448.75,1426.15,1445.05,3416762,4922263197.9,0.9739560238785142,1407.4151523056469
2024-07-11,BHARTIARTL,INE397D01024,BHARTI AIRTEL LIMITED,1450.0,1450.85,1428.0,1437.95,4178558,6003964241.8,0.9739560238785142,1400.5000645361094
2024-07-12,BHARTIARTL,INE397D01024,BHARTI AIRTEL LIMITED,1442.0,1447.6,1421.45,1433.25,6342135,9099868179.45,0.9739560238785142,1395.9224712238804
2024-07-15,BHARTIARTL,INE397D01024,BHARTI AIRTEL LIMITED,1433.25,1440.0,1426.05,1437.6,3324806,4772555198.85,0.9739560238785142,1400.159179927752
2024-07-16,BHARTIARTL,INE397D01024,BHARTI AIRTEL LIMITED,1452.0,1473.3,1445.0,1466.5,6967651,10196670529.45,0.9739560238785142,1428.306509017841
2024-07-18,BHARTIARTL,INE397D01024,BHARTI AIRTEL LIMITED,1466.0,1485.95,1459.05,1483.65,6470342,9545297101.9,0.9739560238785142,1445.0098548273577
2024-07-19,BHARTIARTL,INE397D01024,BHARTI AIRTEL LIMITED,1480.0,1480.0,1451.95,1461.75,3858596,5641085230.6,0.9739560238785142,1423.6802179044182
2024-07-22,BHARTIARTL,INE397D01024,BHARTI AIRTEL LIMITED,1450.0,1472.0,1449.05,1465.4,3560584,5216592684.8,0.9739560238785142,1427.2351573915748
2024-07-23,BHARTIARTL,INE397D01024,BHARTI AIRTEL LIMITED,1470.0,1470.0,1428.45,1465.7,2936143,4275779944.95,0.9739560238785142,1427.5273441987383
2024-07-24,BHARTIARTL,INE397D01024,BHARTI AIRTEL LIMITED,1466.0,1475.6,1436.55,1455.2,4529339,6584575989.4,0.9739560238785142,1417.300805948014
2024-07-25,BHARTIARTL,INE397D01024,BHARTI AIRTEL LIMITED,1445.0,1454.0,1440.1,1449.15,4277756,6198077834.9,0.9739560238785142,1411.408372003549
2024-07-26,BHARTIARTL,INE397D01024,BHARTI AIRTEL LIMITED,1450.25,1520.0,1449.15,1514.4,9564987,14339989863.5,0.9739560238785142,1474.959002561622
2024-07-29,BHARTIARTL,INE397D01024,BHARTI AIRTEL LIMITED,1525.0,1525.0,1477.05,1481.35,4589313,6829768789.4,0.9739560238785142,1442.769755972437
2024-07-30,BHARTIARTL,INE397D01024,BHARTI AIRTEL LIMITED,1484.4,1484.9,1464.05,1470.35,4263689,6277916506.95,0.9739560238785142,1432.0562397097733
2024-07-31,BHARTIARTL,INE397D01024,BHARTI AIRTEL LIMITED,1477.85,1504.15,1473.15,1491.55,5634305,8399992828.65,0.9739560238785142,1452.704107415998
2024-08-01,BHARTIARTL,INE397D01024,BHARTI AIRTEL LIMITED,1485.0,1511.0,1485.0,1505.5,4531379,6817000498.05,0.9739560238785142,1466.290793949103
2024-08-02,BHARTIARTL,INE397D01024,BHARTI AIRTEL LIMITED,1494.1,1505.15,1483.6,1493.8,3335905,4984115358.15,0.9739560238785142,1454.8955084697245
2024-08-05,BHARTIARTL,INE397D01024,BHARTI AIRTEL LIMITED,1482.0,1488.0,1451.5,1465.7,5111901,7492555994.65,0.9739560238785142,1427.5273441987383
2024-08-06,BHARTIARTL,INE397D01024,BHARTI AIRTEL LIMITED,1483.1,1492.9,1431.1,1443.55,8249573,11985692004.55,0.9739560238785142,1405.9542182698292
2024-08-07,BHARTIARTL,INE397D01024,BHARTI AIRTEL LIMITED,1452.0,1454.9,1422.6,1441.75,5700734,8197971710.8,0.9793836635922324,1412.026396984101
2024-08-08,BHARTIARTL,INE397D01024,BHARTI AIRTEL LIMITED,1435.0,1466.5,1430.0,1451.8,5986360,8688369190.55,0.9793836635922324,1421.869202803203
2024-08-09,BHARTIARTL,INE397D01024,BHARTI AIRTEL LIMITED,1465.0,1482.0,1457.3,1464.1,3615910,5314256491.3,0.9793836635922324,1433.9156218653873
2024-08-12,BHARTIARTL,INE397D01024,BHARTI AIRTEL LIMITED,1466.0,1477.5,1445.0,1458.6,4028226,5876078202.1,0.9793836635922324,1428.52901171563
2024-08-13,BHARTIARTL,INE397D01024,BHARTI AIRTEL LIMITED,1468.0,1478.4,1450.35,1459.7,4495208,6582039897.4,0.9793836635922324,1429.6063337455817
2024-08-14,BHARTIARTL,INE397D01024,BHARTI AIRTEL LIMITED,1453.1,1480.1,1453.1,1471.7,5891784,8657047426.05,0.9793836635922324,1441.3589377086885
2024-08-16,BHARTIARTL,INE397D01024,BHARTI AIRTEL LIMITED,1480.0,1491.0,1468.1,1483.55,7176426,10636844703.65,0.9793836635922324,1452.9646341222563
2024-08-19,BHARTIARTL,INE397D01024,BHARTI AIRTEL LIMITED,1487.0,1489.1,1464.3,1469.65,4404075,6478502561.2,0.9793836635922324,1439.3512011983244
2024-08-20,BHARTIARTL,INE397D01024,BHARTI AIRTEL LIMITED,1480.0,1484.75,1446.5,1449.15,10046892,14609224549.2,0.9793836635922324,1419.2738360946837
2024-08-21,BHARTIARTL,INE397D01024,BHARTI AIRTEL LIMITED,1453.0,1466.6,1447.7,1463.45,6175510,8998024468.0,0.9793836635922324,1433.2790224840526
2024-08-22,BHARTIARTL,INE397D01024,BHARTI AIRTEL LIMITED,1473.7,1499.9,1465.0,1486.35,6781325,10079514201.05,0.9793836635922324,1455.7069083803144
2024-08-23,BHARTIARTL,INE397D01024,BHARTI AIRTEL LIMITED,1493.0,1510.0,1479.35,1506.75,6238112,9335493519.1,0.9793836635922324,1475.6863351175962
2024-08-26,BHARTIARTL,INE397D01024,BHARTI AIRTEL LIMITED,1509.0,1520.7,1505.0,1513.55,4307432,6524019566.0,0.9793836635922324,1482.3461440300232
2024-08-27,BHARTIARTL,INE397D01024,BHARTI AIRTEL LIMITED,1518.0,1526.35,1502.0,1522.75,3965066,6023166020.95,0.9793836635922324,1491.3564737350719
2024-08-28,BHARTIARTL,INE397D01024,BHARTI AIRTEL LIMITED,1527.95,1564.5,1521.65,1556.35,6225319,9633526775.1,0.9793836635922324,1524.2637648317707
2024-08-29,BHARTIARTL,INE397D01024,BHARTI AIRTEL LIMITED,1565.0,1571.7,1545.95,1565.9,8036748,12546176112.9,0.9793836635922324,1533.6168788190769
2024-08-30,BHARTIARTL,INE397D01024,BHARTI AIRTEL LIMITED,1576.0,1608.4,1561.6,1589.05,37820442,60110658279.35,0.9793836635922324,1556.2896106312369
2024-09-02,BHARTIARTL,INE397D01024,BHARTI AIRTEL LIMITED,1605.0,1605.0,1565.5,1571.35,4890314,7713118140.0,0.9793836635922324,1538.9545197856544
2024-09-03,BHARTIARTL,INE397D01024,BHARTI AIRTEL LIMITED,1579.0,1579.0,1558.6,1560.6,4546295,7110723534.9,0.9793836635922324,1528.4261454020377
2024-09-04,BHARTIARTL,INE397D01024,BHARTI AIRTEL LIMITED,1558.0,1566.0,1542.0,1561.9,5213811,8091828843.8,0.9793836635922324,1529.6993441647078
2024-09-05,BHARTIARTL,INE397D01024,BHARTI AIRTEL LIMITED,1559.0,1563.0,1541.5,1547.2,5652812,8766144144.7,0.9793836635922324,1515.302404309902
2024-09-06,BHARTIARTL,INE397D01024,BHARTI AIRTEL LIMITED,1552.8,1555.6,1530.2,1539.25,5497805,8463394332.35,0.9793836635922324,1507.5163041843437
2024-09-09,BHARTIARTL,INE397D01024,BHARTI AIRTEL LIMITED,1523.25,1546.75,1523.25,1542.65,3912508,6023387316.0,0.9793836635922324,1510.8462086405573
2024-09-10,BHARTIARTL,INE397D01024,BHARTI AIRTEL LIMITED,1545.15,1586.0,1545.15,1577.85,6163457,9685764900.4,0.9793836635922324,1545.3205135990038
2024-09-11,BHARTIARTL,INE397D01024,BHARTI AIRTEL LIMITED,1578.45,1598.9,1574.45,1577.8,5994914,9513033635.8,0.9793836635922324,1545.271544415824
2024-09-12,BHARTIARTL,INE397D01024,BHARTI AIRTEL LIMITED,1596.15,1652.8,1590.1,1646.75,12204496,19848202397.45,0.9793836635922324,1612.8000480205087
2024-09-13,BHARTIARTL,INE397D01024,BHARTI AIRTEL LIMITED,1651.0,1654.9,1631.05,1634.45,5609618,9173216407.55,0.9793836635922324,1600.7536289583243
2024-09-16,BHARTIARTL,INE397D01024,BHARTI AIRTEL LIMITED,1634.45,1652.95,1630.1,1635.45,3762063,6179597499.95,0.9793836635922324,1601.7330126219165
2024-09-17,BHARTIARTL,INE397D01024,BHARTI AIRTEL LIMITED,1650.0,1666.05,1638.5,1661.75,4223072,6998072025.45,0.9793836635922324,1627.4908029743922
2024-09-18,BHARTIARTL,INE397D01024,BHARTI AIRTEL LIMITED,1655.2,1670.95,1647.85,1654.9,3171195,5262405080.2,0.9793836635922324,1620.7820248787855
2024-09-19,BHARTIARTL,INE397D01024,BHARTI AIRTEL LIMITED,1647.7,1711.7,1647.7,1664.85,8498240,14221848051.35,0.9793836635922324,1630.526892331528
2024-09-20,BHARTIARTL,INE397D01024,BHARTI AIRTEL LIMITED,1671.0,1723.4,1666.0,1711.75,21646275,36868531854.95,0.9793836635922324,1676.459986154004
2024-09-23,BHARTIARTL,INE397D01024,BHARTI AIRTEL LIMITED,1719.0,1754.25,1719.0,1750.45,5001827,8711962679.5,0.9793836635922324,1714.3621339350232
2024-09-24,BHARTIARTL,INE397D01024,BHARTI AIRTEL LIMITED,1752.0,1767.55,1746.1,1756.65,7579205,13324494276.7,0.9793836635922324,1720.4343126492952
2024-09-25,BHARTIARTL,INE397D01024,BHARTI AIRTEL LIMITED,1755.55,1766.9,1745.0,1760.4,4017103,7047142964.35,0.9793836635922324,1724.1070013877659
2024-09-26,BHARTIARTL,INE397D01024,BHARTI AIRTEL LIMITED,1770.0,1779.0,1746.15,1771.1,7417423,13096038434.05,0.9793836635922324,1734.5864065882026
2024-09-27,BHARTIARTL,INE397D01024,BHARTI AIRTEL LIMITED,1755.2,1763.45,1722.5,1734.6,7116861,12346579695.75,0.9793836635922324,1698.8389028670863
2024-09-30,BHARTIARTL,INE397D01024,BHARTI AIRTEL LIMITED,1714.0,1733.0,1704.2,1709.55,6907288,11834551074.85,0.9793836635922324,1674.3053420941008
2024-10-01,BHARTIARTL,INE397D01024,BHARTI AIRTEL LIMITED,1705.0,1722.85,1696.0,1698.7,3649090,6226449706.4,0.9793836635922324,1663.6790293441252
2024-10-03,BHARTIARTL,INE397D01024,BHARTI AIRTEL LIMITED,1665.0,1695.0,1665.0,1673.45,7200276,12096044656.35,0.9793836635922324,1638.9495918384214
2024-10-04,BHARTIARTL,INE397D01024,BHARTI AIRTEL LIMITED,1670.05,1686.7,1630.15,1640.9,8576527,14183550969.65,0.9793836635922324,1607.0706535884942
2024-10-07,BHARTIARTL,INE397D01024,BHARTI AIRTEL LIMITED,1651.0,1670.0,1642.45,1662.05,5387707,8932505100.45,0.9793836635922324,1627.7846180734698
2024-10-08,BHARTIARTL,INE397D01024,BHARTI AIRTEL LIMITED,1662.6,1679.5,1652.0,1657.45,5224335,8682131114.85,0.9793836635922324,1623.2794532209457
2024-10-09,BHARTIARTL,INE397D01024,BHARTI AIRTEL LIMITED,1666.75,1704.6,1661.05,1678.1,3414614,5751945660.05,0.9793836635922324,1643.5037258741252
2024-10-10,BHARTIARTL,INE397D01024,BHARTI AIRTEL LIMITED,1686.6,1698.95,1665.0,1678.1,5047657,8449564270.45,0.9793836635922324,1643.5037258741252
2024-10-11,BHARTIARTL,INE397D01024,BHARTI AIRTEL LIMITED,1678.1,1690.25,1658.65,1687.4,2367678,3977563789.1,0.9793836635922324,1652.611993945533
2024-10-14,BHARTIARTL,INE397D01024,BHARTI AIRTEL LIMITED,1686.0,1710.05,1679.35,1695.6,2069815,3506514940.5,0.9793836635922324,1660.6429399869892
2024-10-15,BHARTIARTL,INE397D01024,BHARTI AIRTEL LIMITED,1708.0,1732.75,1699.95,1717.25,5891334,10117278156.9,0.9793836635922324,1681.846596303761
2024-10-16,BHARTIARTL,INE397D01024,BHARTI AIRTEL LIMITED,1720.0,1742.25,1717.1,1733.95,3299887,5706594336.3,0.9793836635922324,1698.2023034857514
2024-10-17,BHARTIARTL,INE397D01024,BHARTI AIRTEL LIMITED,1736.75,1737.95,1694.4,1701.15,4373392,7483852555.9,0.9793836635922324,1666.0785193199263
2024-10-18,BHARTIARTL,INE397D01024,BHARTI AIRTEL LIMITED,1710.0,1716.1,1685.2,1707.85,4154915,7081360280.1,0.9793836635922324,1672.640389865994
2024-10-21,BHARTIARTL,INE397D01024,BHARTI AIRTEL LIMITED,1705.55,1708.95,1662.0,1692.55,3836168,6473593466.35,0.9793836635922324,1657.6558198130328
2024-10-22,BHARTIARTL,INE397D01024,BHARTI AIRTEL LIMITED,1692.0,1712.9,1687.35,1692.25,3070057,5208031068.75,0.9793836635922324,1657.3620047139552
2024-10-23,BHARTIARTL,INE397D01024,BHARTI AIRTEL LIMITED,1690.0,1701.35,1680.1,1685.8,2764757,4671454657.35,0.9793836635922324,1651.0449800837853
2024-10-24,BHARTIARTL,INE397D01024,BHARTI AIRTEL LIMITED,1687.0,1693.0,1657.4,1678.45,3669575,6146355468.0,0.9793836635922324,1643.8465101563825
2024-10-25,BHARTIARTL,INE397D01024,BHARTI AIRTEL LIMITED,1681.1,1684.75,1655.85,1666.0,3434386,5732917769.5,0.9793836635922324,1631.6531835446592
2024-10-28,BHARTIARTL,INE397D01024,BHARTI AIRTEL LIMITED,1658.15,1677.85,1645.65,1663.35,2811651,4680428475.1,0.9793836635922324,1629.0578168361396
2024-10-29,BHARTIARTL,INE397D01024,BHARTI AIRTEL LIMITED,1650.5,1667.95,1610.0,1637.1,6990747,11409314583.9,0.9793836635922324,1603.3489956668436
2024-10-30,BHARTIARTL,INE397D01024,BHARTI AIRTEL LIMITED,1627.8,1651.0,1617.8,1633.35,4622628,7556894648.75,0.9793836635922324,1599.6763069283727
2024-10-31,BHARTIARTL,INE397D01024,BHARTI AIRTEL LIMITED,1634.0,1638.8,1602.15,1612.6,4921681,7953003828.75,0.9793836635922324,1579.3540959088339
2024-11-04,BHARTIARTL,INE397D01024,BHARTI AIRTEL LIMITED,1619.15,1623.85,1573.05,1591.25,6094029,9690429950.7,0.9793836635922324,1558.4442546911398
2024-11-05,BHARTIARTL,INE397D01024,BHARTI AIRTEL LIMITED,1583.25,1593.9,1566.0,1578.4,6473278,10208332409.8,0.9793836635922324,1545.8591746139798
2024-11-06,BHARTIARTL,INE397D01024,BHARTI AIRTEL LIMITED,1583.0,1610.75,1566.5,1598.8,6631728,10565053107.7,0.9793836635922324,1565.838601351261
2024-11-07,BHARTIARTL,INE397D01024,BHARTI AIRTEL LIMITED,1595.95,1608.55,1569.65,1575.8,5160994,8188848584.0,0.9793836635922324,1543.3127770886397
2024-11-08,BHARTIARTL,INE397D01024,BHARTI AIRTEL LIMITED,1571.0,1579.5,1558.85,1569.9,3096384,4861524408.1,0.9793836635922324,1537.5344134734457
2024-11-11,BHARTIARTL,INE397D01024,BHARTI AIRTEL LIMITED,1561.0,1581.6,1551.8,1560.55,3664301,5741710679.15,0.9793836635922324,1528.3771762188583
2024-11-12,BHARTIARTL,INE397D01024,BHARTI AIRTEL LIMITED,1568.8,1595.0,1550.1,1555.65,4479934,7036645512.5,0.9793836635922324,1523.5781962672563
2024-11-13,BHARTIARTL,INE397D01024,BHARTI AIRTEL LIMITED,1559.9,1572.5,1546.35,1550.45,5816699,9048953940.45,0.9793836635922324,1518.4854012165767
2024-11-14,BHARTIARTL,INE397D01024,BHARTI AIRTEL LIMITED,1550.0,1568.0,1536.55,1550.5,5139154,7945164690.0,0.9793836635922324,1518.5343703997564
2024-11-18,BHARTIARTL,INE397D01024,BHARTI AIRTEL LIMITED,1568.95,1568.95,1529.45,1537.0,4816078,7427637407.05,0.9793836635922324,1505.3126909412613
2024-11-19,BHARTIARTL,INE397D01024,BHARTI AIRTEL LIMITED,1537.0,1558.0,1519.3,1525.5,6238241,9640990222.0,0.9793836635922324,1494.0497788099506
2024-11-21,BHARTIARTL,INE397D01024,BHARTI AIRTEL LIMITED,1538.0,1542.05,1511.0,1525.15,7356679,11193472815.0,0.9793836635922324,1493.7069945276933
2024-11-22,BHARTIARTL,INE397D01024,BHARTI AIRTEL LIMITED,1533.0,1575.0,1520.2,1569.3,7640321,11853193827.45,0.9793836635922324,1536.9467832752903
2024-11-25,BHARTIARTL,INE397D01024,BHARTI AIRTEL LIMITED,1581.95,1609.25,1562.55,1578.75,12155641,19210995879.0,0.9793836635922324,1546.2019588962369
2024-11-26,BHARTIARTL,INE397D01024,BHARTI AIRTEL LIMITED,1590.0,1604.85,1566.0,1577.25,4030593,6364754302.0,0.9793836635922324,1544.7328834008486
2024-11-27,BHARTIARTL,INE397D01024,BHARTI AIRTEL LIMITED,1569.15,1583.75,1554.15,1577.65,4982785,7832737320.3,0.9793836635922324,1545.1246368662855
2024-11-28,BHARTIARTL,INE397D01024,BHARTI AIRTEL LIMITED,1571.0,1588.5,1556.95,1560.4,6714728,10518283541.95,0.9793836635922324,1528.2302686693195
2024-11-29,BHARTIARTL,INE397D01024,BHARTI AIRTEL LIMITED,1551.15,1648.9,1551.15,1627.15,10775801,17511426034.2,0.9793836635922324,1593.604128214101
2024-12-02,BHARTIARTL,INE397D01024,BHARTI AIRTEL LIMITED,1627.15,1646.2,1617.2,1643.6,3790108,6202283532.3,0.9793836635922324,1609.714989480193
2024-12-03,BHARTIARTL,INE397D01024,BHARTI AIRTEL LIMITED,1652.9,1652.9,1613.15,1620.55,9131055,14817737498.65,0.9793836635922324,1587.1401960343921
2024-12-04,BHARTIARTL,INE397D01024,BHARTI AIRTEL LIMITED,1629.75,1630.5,1582.4,1584.1,8772014,13972858885.9,0.9793836635922324,1551.4416614964553
2024-12-05,BHARTIARTL,INE397D01024,BHARTI AIRTEL LIMITED,1600.0,1622.05,1585.35,1615.35,10324005,16575310077.75,0.9793836635922324,1582.0474009837126
2024-12-06,BHARTIARTL,INE397D01024,BHARTI AIRTEL LIMITED,1618.0,1624.65,1594.8,1597.85,4296866,6899026930.3,0.9793836635922324,1564.9081868708483
2024-12-09,BHARTIARTL,INE397D01024,BHARTI AIRTEL LIMITED,1595.9,1605.9,1589.05,1602.55,4264409,6826740662.2,0.9793836635922324,1569.511290089732
2024-12-10,BHARTIARTL,INE397D01024,BHARTI AIRTEL LIMITED,1610.55,1611.85,1570.05,1578.65,14645786,23154851794.85,0.9793836635922324,1546.1040205298777
2024-12-11,BHARTIARTL,INE397D01024,BHARTI AIRTEL LIMITED,1588.0,1588.0,1571.2,1586.0,3853182,6088965522.8,0.9793836635922324,1553.3024904572806
2024-12-12,BHARTIARTL,INE397D01024,BHARTI AIRTEL LIMITED,1578.5,1617.9,1578.5,1610.55,13120939,21065996458.85,0.9793836635922324,1577.3463593984698
2024-12-13,BHARTIARTL,INE397D01024,BHARTI AIRTEL LIMITED,1618.0,1685.0,1606.8,1681.75,12900707,21347081835.2,0.9793836635922324,1647.0784762462367
2024-12-16,BHARTIARTL,INE397D01024,BHARTI AIRTEL LIMITED,1681.75,1687.0,1660.15,1662.55,4375126,7293558107.15,0.9793836635922324,1628.274309905266
2024-12-17,BHARTIARTL,INE397D01024,BHARTI AIRTEL LIMITED,1650.5,1658.65,1608.5,1615.3,6182486,10035168733.95,0.9793836635922324,1581.998431800533
2024-12-18,BHARTIARTL,INE397D01024,BHARTI AIRTEL LIMITED,1621.4,1623.0,1596.1,1601.9,3905144,6273228825.45,0.9793836635922324,1568.874690708397
2024-12-19,BHARTIARTL,INE397D01024,BHARTI AIRTEL LIMITED,1586.4,1609.75,1585.45,1600.3,5865855,9386999692.4,0.9793836635922324,1567.3076768466494
2024-12-20,BHARTIARTL,INE397D01024,BHARTI AIRTEL LIMITED,1610.0,1622.3,1573.4,1578.1,9738879,15501784321.3,0.9793836635922324,1545.565359514902
2024-12-23,BHARTIARTL,INE397D01024,BHARTI AIRTEL LIMITED,1586.0,1607.45,1578.35,1586.9,4363599,6943195642.05,0.9793836635922324,1554.1839357545136
2024-12-24,BHARTIARTL,INE397D01024,BHARTI AIRTEL LIMITED,1590.0,1598.8,1575.0,1583.9,3610076,5735171342.4,0.9793836635922324,1551.245784763737
2024-12-26,BHARTIARTL,INE397D01024,BHARTI AIRTEL LIMITED,1583.9,1606.85,1581.1,1599.5,3400479,5431693999.45,0.9793836635922324,1566.5241699157757
2024-12-27,BHARTIARTL,INE397D01024,BHARTI AIRTEL LIMITED,1599.5,1628.45,1596.3,1599.85,2559578,4116915359.65,0.9793836635922324,1566.866954198033
2024-12-30,BHARTIARTL,INE397D01024,BHARTI AIRTEL LIMITED,1605.0,1613.05,1581.1,1586.9,4438130,7089404378.55,0.9793836635922324,1554.1839357545136
2024-12-31,BHARTIARTL,INE397D01024,BHARTI AIRTEL LIMITED,1583.0,1597.2,1563.35,1587.75,2249626,3566995283.15,0.9793836635922324,1555.016411868567
2025-01-01,BHARTIARTL,INE397D01024,BHARTI AIRTEL LIMITED,1593.0,1606.55,1584.05,1595.7,1405565,2241059050.3,0.9793836635922324,1562.8025119941253
2025-01-02,BHARTIARTL,INE397D01024,BHARTI AIRTEL LIMITED,1599.9,1619.6,1588.4,1609.7,3728040,5997612867.3,0.9793836635922324,1576.5138832844166
2025-01-03,BHARTIARTL,INE397D01024,BHARTI AIRTEL LIMITED,1615.0,1617.0,1593.3,1598.85,3669685,5876919268.4,0.9793836635922324,1565.8875705344406
2025-01-06,BHARTIARTL,INE397D01024,BHARTI AIRTEL LIMITED,1596.15,1609.85,1567.1,1588.45,4584188,7284366528.4,0.9793836635922324,1555.7019804330816
2025-01-07,BHARTIARTL,INE397D01024,BHARTI AIRTEL LIMITED,1594.0,1603.0,1584.05,1590.85,2830856,4505179409.1,0.9793836635922324,1558.0525012257028
2025-01-08,BHARTIARTL,INE397D01024,BHARTI AIRTEL LIMITED,1598.75,1613.45,1577.85,1599.2,3674564,5846408484.3,0.9793836635922324,1566.230354816698
2025-01-09,BHARTIARTL,INE397D01024,BHARTI AIRTEL LIMITED,1600.0,1620.2,1592.4,1607.05,4684859,7521159280.55,0.9793836635922324,1573.918516575897
2025-01-10,BHARTIARTL,INE397D01024,BHARTI AIRTEL LIMITED,1608.0,1625.0,1591.8,1615.9,4145892,6689210125.05,0.9793836635922324,1582.5860619986884
2025-01-13,BHARTIARTL,INE397D01024,BHARTI AIRTEL LIMITED,1580.0,1614.7,1578.1,1597.2,3705039,5923897408.2,0.9793836635922324,1564.2715874895136
2025-01-14,BHARTIARTL,INE397D01024,BHARTI AIRTEL LIMITED,1604.7,1633.4,1578.5,1600.1,7284572,11717327866.95,0.9793836635922324,1567.111800113931
2025-01-15,BHARTIARTL,INE397D01024,BHARTI AIRTEL LIMITED,1608.05,1613.85,1593.0,1607.45,2960985,4754253926.2,0.9793836635922324,1574.310270041334
2025-01-16,BHARTIARTL,INE397D01024,BHARTI AIRTEL LIMITED,1619.05,1635.0,1600.55,1630.2,5299325,8609708184.45,0.9793836635922324,1596.5912483880572
2025-01-17,BHARTIARTL,INE397D01024,BHARTI AIRTEL LIMITED,1630.1,1639.0,1623.0,1627.5,2678801,4363939418.55,0.9793836635922324,1593.9469124963582
2025-01-20,BHARTIARTL,INE397D01024,BHARTI AIRTEL LIMITED,1638.0,1645.0,1618.1,1641.15,3933044,6430525082.85,0.9793836635922324,1607.3154995043922
2025-01-21,BHARTIARTL,INE397D01024,BHARTI AIRTEL LIMITED,1654.0,1656.7,1620.3,1626.15,7958844,13028383404.7,0.9793836635922324,1592.6247445505087
2025-01-22,BHARTIARTL,INE397D01024,BHARTI AIRTEL LIMITED,1627.5,1641.0,1622.55,1631.75,3262136,5324593310.25,0.9793836635922324,1598.1092930666252
2025-01-23,BHARTIARTL,INE397D01024,BHARTI AIRTEL LIMITED,1624.5,1645.4,1617.2,1636.0,2457080,4019513108.75,0.9793836635922324,1602.2716736368923
2025-01-24,BHARTIARTL,INE397D01024,BHARTI AIRTEL LIMITED,1634.05,1661.9,1634.05,1644.8,3620058,5961640034.75,0.9793836635922324,1610.8902498765037
2025-01-27,BHARTIARTL,INE397D01024,BHARTI AIRTEL LIMITED,1638.95,1647.2,1593.7,1602.6,6622807,10693344747.05,0.9793836635922324,1569.5602592729115
2025-01-28,BHARTIARTL,INE397D01024,BHARTI AIRTEL LIMITED,1607.65,1630.3,1597.0,1618.35,5216471,8426687243.95,0.9793836635922324,1584.9855519744892
2025-01-29,BHARTIARTL,INE397D01024,BHARTI AIRTEL LIMITED,1620.0,1626.9,1593.15,1600.45,5009227,8089582028.8,0.9793836635922324,1567.4545843961885
2025-01-30,BHARTIARTL,INE397D01024,BHARTI AIRTEL LIMITED,1606.7,1644.95,1595.2,1640.75,4283637,6976450419.8,0.9793836635922324,1606.9237460389552
2025-01-31,BHARTIARTL,INE397D01024,BHARTI AIRTEL LIMITED,1639.1,1639.1,1574.25,1626.3,8340866,13474126995.1,0.9793836635922324,1592.7716521000475
2025-02-01,BHARTIARTL,INE397D01024,BHARTI AIRTEL LIMITED,1627.0,1644.0,1609.2,1623.25,2741589,4461522182.0,0.9793836635922324,1589.7845319260912
2025-02-03,BHARTIARTL,INE397D01024,BHARTI AIRTEL LIMITED,1619.9,1661.0,1608.1,1652.35,4146970,6828939750.05,0.9793836635922324,1618.284596536625
2025-02-04,BHARTIARTL,INE397D01024,BHARTI AIRTEL LIMITED,1662.15,1668.3,1629.05,1661.45,6385876,10524438817.3,0.9793836635922324,1627.1969878753146
2025-02-05,BHARTIARTL,INE397D01024,BHARTI AIRTEL LIMITED,1670.0,1675.2,1649.1,1660.45,3920893,6508206942.1,0.9793836635922324,1626.2176042117223
2025-02-06,BHARTIARTL,INE397D01024,BHARTI AIRTEL LIMITED,1665.9,1667.3,1613.25,1619.75,5229162,8524533206.15,0.9793836635922324,1586.3566891035184
2025-02-07,BHARTIARTL,INE397D01024,BHARTI AIRTEL LIMITED,1635.05,1707.55,1635.0,1676.75,14873255,25072137924.85,0.9793836635922324,1642.1815579282757
2025-02-10,BHARTIARTL,INE397D01024,BHARTI AIRTEL LIMITED,1698.85,1700.0,1678.05,1693.05,6782878,11462183700.6,0.9793836635922324,1658.145511644829
2025-02-11,BHARTIARTL,INE397D01024,BHARTI AIRTEL LIMITED,1706.0,1706.65,1686.2,1696.75,8965266,15221772711.85,0.9793836635922324,1661.7692312001202
2025-02-12,BHARTIARTL,INE397D01024,BHARTI AIRTEL LIMITED,1704.0,1713.7,1684.5,1711.55,7148192,12166976749.65,0.9793836635922324,1676.2641094212854
2025-02-13,BHARTIARTL,INE397D01024,BHARTI AIRTEL LIMITED,1710.0,1728.4,1703.9,1714.6,5356002,9199017749.95,0.9793836635922324,1679.2512295952415
2025-02-14,BHARTIARTL,INE397D01024,BHARTI AIRTEL LIMITED,1714.0,1724.1,1705.25,1717.05,5125863,8789195888.15,0.9793836635922324,1681.6507195710426
2025-02-17,BHARTIARTL,INE397D01024,BHARTI AIRTEL LIMITED,1711.75,1716.9,1666.25,1675.55,4906462,8276761536.2,0.9793836635922324,1641.006297531965
2025-02-18,BHARTIARTL,INE397D01024,BHARTI AIRTEL LIMITED,1692.0,1695.95,1655.8,1668.9,7529598,12566230247.9,0.9793836635922324,1634.4933961690767
2025-02-19,BHARTIARTL,INE397D01024,BHARTI AIRTEL LIMITED,1670.0,1673.45,1638.45,1645.2,7776555,12828171503.55,0.9793836635922324,1611.2820033419407
2025-02-20,BHARTIARTL,INE397D01024,BHARTI AIRTEL LIMITED,1639.85,1649.8,1627.25,1643.5,5524503,9036435549.3,0.9793836635922324,1609.617051113834
2025-02-21,BHARTIARTL,INE397D01024,BHARTI AIRTEL LIMITED,1643.5,1658.7,1629.2,1639.25,5447583,8947842381.3,0.9793836635922324,1605.4546705435669
2025-02-24,BHARTIARTL,INE397D01024,BHARTI AIRTEL LIMITED,1627.0,1637.55,1598.0,1601.3,4673190,7520792175.05,0.9793836635922324,1568.2870605102416
2025-02-25,BHARTIARTL,INE397D01024,BHARTI AIRTEL LIMITED,1597.0,1649.15,1597.0,1641.4,6286808,10272424878.25,0.9793836635922324,1607.5603454202903
2025-02-27,BHARTIARTL,INE397D01024,BHARTI AIRTEL LIMITED,1643.4,1656.0,1638.65,1650.4,7568745,12476451442.5,0.9793836635922324,1616.3747983926205
2025-02-28,BHARTIARTL,INE397D01024,BHARTI AIRTEL LIMITED,1641.95,1648.45,1559.5,1570.2,13640211,21570635492.6,0.9793836635922324,1537.8282285725234
2025-03-03,BHARTIARTL,INE397D01024,BHARTI AIRTEL LIMITED,1579.0,1602.75,1572.75,1595.8,6993525,11115039796.7,0.9793836635922324,1562.9004503604845
2025-03-04,BHARTIARTL,INE397D01024,BHARTI AIRTEL LIMITED,1589.0,1590.5,1568.0,1575.35,5219668,8222086740.05,0.9793836635922324,1542.8720544400232
2025-03-05,BHARTIARTL,INE397D01024,BHARTI AIRTEL LIMITED,1578.0,1626.1,1577.1,1618.25,6295425,10147975647.3,0.9793836635922324,1584.88761360813
2025-03-06,BHARTIARTL,INE397D01024,BHARTI AIRTEL LIMITED,1618.0,1631.75,1590.45,1626.9,5174009,8361000902.85,0.9793836635922324,1593.359282298203
2025-03-07,BHARTIARTL,INE397D01024,BHARTI AIRTEL LIMITED,1629.0,1642.4,1615.6,1630.7,3035558,4944683610.65,0.9793836635922324,1597.0809402198533
2025-03-10,BHARTIARTL,INE397D01024,BHARTI AIRTEL LIMITED,1640.0,1654.9,1626.6,1630.95,3778450,6195012671.45,0.9793836635922324,1597.3257861357515
2025-03-11,BHARTIARTL,INE397D01024,BHARTI AIRTEL LIMITED,1630.0,1676.4,1624.05,1662.95,6078564,10065296628.05,0.9793836635922324,1628.666063370703
2025-03-12,BHARTIARTL,INE397D01024,BHARTI AIRTEL LIMITED,1690.0,1716.65,1634.0,1642.85,9907628,16459005626.85,0.9793836635922324,1608.980451732499
2025-03-13,BHARTIARTL,INE397D01024,BHARTI AIRTEL LIMITED,1650.8,1656.9,1629.6,1632.5,8317331,13639534755.5,0.9793836635922324,1598.8438308143193
2025-03-17,BHARTIARTL,INE397D01024,BHARTI AIRTEL LIMITED,1612.2,1648.4,1612.2,1639.15,6405525,10494187865.95,0.9793836635922324,1605.3567321772077
2025-03-18,BHARTIARTL,INE397D01024,BHARTI AIRTEL LIMITED,1649.5,1655.0,1622.1,1627.3,6539954,10689280328.15,0.9793836635922324,1593.7510357636397
2025-03-19,BHARTIARTL,INE397D01024,BHARTI AIRTEL LIMITED,1635.0,1642.05,1627.5,1637.15,6283464,10271009720.55,0.9793836635922324,1603.3979648500233
2025-03-20,BHARTIARTL,INE397D01024,BHARTI AIRTEL LIMITED,1660.0,1709.65,1646.1,1705.25,12074465,20361409533.45,0.9793836635922324,1670.0939923406543
2025-03-21,BHARTIARTL,INE397D01024,BHARTI AIRTEL LIMITED,1709.65,1731.4,1692.0,1725.8,14715349,25256604396.5,0.9793836635922324,1690.2203266274746
2025-03-24,BHARTIARTL,INE397D01024,BHARTI AIRTEL LIMITED,1740.0,1740.0,1714.85,1718.8,4120999,7108364278.0,0.9793836635922324,1683.364640982329
2025-03-25,BHARTIARTL,INE397D01024,BHARTI AIRTEL LIMITED,1725.0,1740.5,1706.1,1730.5,4857399,8384466695.5,0.9793836635922324,1694.823429846358
2025-03-26,BHARTIARTL,INE397D01024,BHARTI AIRTEL LIMITED,1739.15,1765.0,1726.15,1738.55,7142394,12443161155.45,0.9793836635922324,1702.7074683382755
2025-03-27,BHARTIARTL,INE397D01024,BHARTI AIRTEL LIMITED,1739.95,1746.4,1713.25,1724.7,6222339,10764094794.1,0.9793836635922324,1689.1430045975233
2025-03-28,BHARTIARTL,INE397D01024,BHARTI AIRTEL LIMITED,1733.3,1745.75,1660.0,1733.4,4133264,7153914205.55,0.9793836635922324,1697.6636424707758
2025-04-01,BHARTIARTL,INE397D01024,BHARTI AIRTEL LIMITED,1715.0,1765.0,1708.45,1724.15,6773056,11733878299.8,0.9793836635922324,1688.6043435825475
2025-04-02,BHARTIARTL,INE397D01024,BHARTI AIRTEL LIMITED,1720.0,1760.4,1716.95,1754.6,6431226,11237222453.5,0.9793836635922324,1718.4265761389308
2025-04-03,BHARTIARTL,INE397D01024,BHARTI AIRTEL LIMITED,1748.0,1754.95,1735.45,1746.0,2341989,4089893735.2,0.9793836635922324,1710.0038766320376
2025-04-04,BHARTIARTL,INE397D01024,BHARTI AIRTEL LIMITED,1754.5,1770.8,1740.0,1743.45,7817334,13704722222.15,0.9793836635922324,1707.5064482898777
2025-04-07,BHARTIARTL,INE397D01024,BHARTI AIRTEL LIMITED,1730.0,1774.75,1669.4,1686.65,14870388,25401930206.3,0.9793836635922324,1651.877456197839
2025-04-08,BHARTIARTL,INE397D01024,BHARTI AIRTEL LIMITED,1720.7,1742.3,1706.8,1720.4,7206935,12421775636.65,0.9793836635922324,1684.9316548440768
2025-04-09,BHARTIARTL,INE397D01024,BHARTI AIRTEL LIMITED,1719.65,1726.85,1711.6,1715.55,5600666,9621435360.4,0.9793836635922324,1680.1816440756543
2025-04-11,BHARTIARTL,INE397D01024,BHARTI AIRTEL LIMITED,1760.0,1767.0,1732.35,1756.6,8340002,14647837496.05,0.9793836635922324,1720.3853434661153
2025-04-15,BHARTIARTL,INE397D01024,BHARTI AIRTEL LIMITED,1808.2,1820.0,1781.1,1798.8,10313411,18563102108.7,0.9793836635922324,1761.7153340697075
2025-04-16,BHARTIARTL,INE397D01024,BHARTI AIRTEL LIMITED,1802.4,1826.5,1794.1,1822.6,6180958,11190947200.5,0.9793836635922324,1785.0246652632027
2025-04-17,BHARTIARTL,INE397D01024,BHARTI AIRTEL LIMITED,1834.0,1897.7,1825.7,1889.1,10894325,20336174780.8,0.9793836635922324,1850.1536788920862
2025-04-21,BHARTIARTL,INE397D01024,BHARTI AIRTEL LIMITED,1898.4,1904.3,1868.6,1883.4,3501123,6585758282.3,0.9793836635922324,1844.5711920096105
2025-04-22,BHARTIARTL,INE397D01024,BHARTI AIRTEL LIMITED,1888.0,1888.0,1836.8,1852.2,6155127,11426950907.9,0.9793836635922324,1814.0144217055329
2025-04-23,BHARTIARTL,INE397D01024,BHARTI AIRTEL LIMITED,1867.0,1885.9,1836.1,1881.6,6855027,12761537178.8,0.9793836635922324,1842.8083014151443
2025-04-24,BHARTIARTL,INE397D01024,BHARTI AIRTEL LIMITED,1874.5,1877.8,1839.5,1845.6,5180688,9581534808.1,0.9793836635922324,1807.550489525824
2025-04-25,BHARTIARTL,INE397D01024,BHARTI AIRTEL LIMITED,1846.7,1861.7,1806.0,1817.2,4570083,8330254030.3,0.9793836635922324,1779.7359934798048
2025-04-28,BHARTIARTL,INE397D01024,BHARTI AIRTEL LIMITED,1836.0,1838.9,1813.4,1821.8,3301891,6017036292.3,0.9793836635922324,1784.241158332329
2025-04-29,BHARTIARTL,INE397D01024,BHARTI AIRTEL LIMITED,1823.7,1847.8,1817.6,1823.8,4684155,8569695123.7,0.9793836635922324,1786.1999256595134
2025-04-30,BHARTIARTL,INE397D01024,BHARTI AIRTEL LIMITED,1837.0,1876.9,1827.0,1864.5,9139821,16951167803.7,0.9793836635922324,1826.0608407677173
2025-05-02,BHARTIARTL,INE397D01024,BHARTI AIRTEL LIMITED,1852.0,1883.6,1832.1,1851.9,5528529,10255209665.9,0.9793836635922324,1813.7206066064552
2025-05-05,BHARTIARTL,INE397D01024,BHARTI AIRTEL LIMITED,1868.0,1873.5,1849.2,1866.0,3548839,6616547877.0,0.9793836635922324,1827.5299162631056
2025-05-06,BHARTIARTL,INE397D01024,BHARTI AIRTEL LIMITED,1888.3,1912.0,1882.6,1901.0,8597920,16331996371.7,0.9793836635922324,1861.8083444888339
2025-05-07,BHARTIARTL,INE397D01024,BHARTI AIRTEL LIMITED,1901.0,1917.0,1885.5,1896.8,5554616,10548724277.0,0.9793836635922324,1857.6949331017463
2025-05-08,BHARTIARTL,INE397D01024,BHARTI AIRTEL LIMITED,1897.0,1905.8,1862.4,1874.9,5500724,10343102911.1,0.9793836635922324,1836.2464308690767
2025-05-09,BHARTIARTL,INE397D01024,BHARTI AIRTEL LIMITED,1855.0,1871.1,1836.5,1848.4,3686209,6815420471.7,0.9793836635922324,1810.2927637838825
2025-05-12,BHARTIARTL,INE397D01024,BHARTI AIRTEL LIMITED,1868.9,1883.4,1854.0,1870.8,3936019,7358980437.0,0.9793836635922324,1832.2309578483482
2025-05-13,BHARTIARTL,INE397D01024,BHARTI AIRTEL LIMITED,1870.0,1883.7,1816.6,1820.6,8817763,16171933283.3,0.9793836635922324,1783.0658979360182
2025-05-14,BHARTIARTL,INE397D01024,BHARTI AIRTEL LIMITED,1830.0,1870.7,1820.2,1834.2,7401614,13644025354.7,0.9793836635922324,1796.3855157608727
2025-05-15,BHARTIARTL,INE397D01024,BHARTI AIRTEL LIMITED,1849.9,1869.9,1825.0,1867.2,8788351,16254270538.1,0.9793836635922324,1828.7051766594163
2025-05-16,BHARTIARTL,INE397D01024,BHARTI AIRTEL LIMITED,1834.0,1834.0,1810.1,1814.0,100662047,182719665612.8,0.9793836635922324,1776.6019657563095
2025-05-19,BHARTIARTL,INE397D01024,BHARTI AIRTEL LIMITED,1822.0,1828.7,1809.0,1818.3,5799804,10546436610.0,0.9793836635922324,1780.8133155097562
2025-05-20,BHARTIARTL,INE397D01024,BHARTI AIRTEL LIMITED,1809.8,1824.9,1799.5,1808.9,12512596,22645951310.9,0.9793836635922324,1771.6071090719893
2025-05-21,BHARTIARTL,INE397D01024,BHARTI AIRTEL LIMITED,1813.0,1826.5,1805.3,1822.5,6849562,12460710453.5,0.9793836635922324,1784.9267268968435
2025-05-22,BHARTIARTL,INE397D01024,BHARTI AIRTEL LIMITED,1819.9,1836.7,1816.3,1831.4,6496923,11888988220.5,0.9793836635922324,1793.6432415028146
2025-05-23,BHARTIARTL,INE397D01024,BHARTI AIRTEL LIMITED,1825.0,1841.8,1821.5,1831.7,3460945,6352622258.7,0.9793836635922324,1793.9370566018922
2025-05-26,BHARTIARTL,INE397D01024,BHARTI AIRTEL LIMITED,1834.0,1850.0,1830.9,1847.4,3254715,6007142210.4,0.9793836635922324,1809.3133801202903
2025-05-27,BHARTIARTL,INE397D01024,BHARTI AIRTEL LIMITED,1844.0,1857.6,1833.7,1843.8,5847725,10783099301.4,0.9793836635922324,1805.787598931358
2025-05-28,BHARTIARTL,INE397D01024,BHARTI AIRTEL LIMITED,1848.0,1867.0,1845.1,1856.1,3713699,6898020834.2,0.9793836635922324,1817.8340179935424
2025-05-29,BHARTIARTL,INE397D01024,BHARTI AIRTEL LIMITED,1858.0,1867.0,1850.5,1863.6,5786774,10770332949.6,0.9793836635922324,1825.1793954704842
2025-05-30,BHARTIARTL,INE397D01024,BHARTI AIRTEL LIMITED,1854.0,1867.0,1843.0,1856.2,16712960,31024799188.6,0.9793836635922324,1817.9319563599017
2025-06-02,BHARTIARTL,INE397D01024,BHARTI AIRTEL LIMITED,1844.0,1859.0,1831.5,1854.1,3199499,5915706164.5,0.9793836635922324,1815.875250666358
2025-06-03,BHARTIARTL,INE397D01024,BHARTI AIRTEL LIMITED,1867.0,1869.5,1832.0,1841.3,5596977,10321475298.6,0.9793836635922324,1803.3391397723774
2025-06-04,BHARTIARTL,INE397D01024,BHARTI AIRTEL LIMITED,1855.0,1884.6,1850.0,1875.4,5892170,11038406458.9,0.9793836635922324,1836.7361227008728
2025-06-05,BHARTIARTL,INE397D01024,BHARTI AIRTEL LIMITED,1884.0,1889.0,1868.6,1878.8,8999675,16867977555.4,0.9793836635922324,1840.0660271570862
2025-06-06,BHARTIARTL,INE397D01024,BHARTI AIRTEL LIMITED,1872.1,1881.9,1867.3,1870.2,4644174,8705867475.2,0.9793836635922324,1831.643327650193
2025-06-09,BHARTIARTL,INE397D01024,BHARTI AIRTEL LIMITED,1874.0,1875.0,1848.7,1865.1,3649505,6797612329.0,0.9793836635922324,1826.6484709658725
2025-06-10,BHARTIARTL,INE397D01024,BHARTI AIRTEL LIMITED,1866.6,1875.6,1850.3,1857.1,7925901,14742016739.2,0.9793836635922324,1818.8134016571346
2025-06-11,BHARTIARTL,INE397D01024,BHARTI AIRTEL LIMITED,1857.9,1866.5,1847.8,1860.2,8907265,16546192522.9,0.9793836635922324,1821.8494910142708
2025-06-12,BHARTIARTL,INE397D01024,BHARTI AIRTEL LIMITED,1871.9,1883.0,1831.6,1844.2,7346031,13603343695.4,0.9793836635922324,1806.179352396795
2025-06-13,BHARTIARTL,INE397D01024,BHARTI AIRTEL LIMITED,1815.0,1844.6,1815.0,1840.4,4613000,8477734828.5,0.9793836635922324,1802.4576944751445
2025-06-16,BHARTIARTL,INE397D01024,BHARTI AIRTEL LIMITED,1842.1,1870.0,1838.8,1861.3,5722187,10647100022.6,0.9793836635922324,1822.9268130442222
2025-06-17,BHARTIARTL,INE397D01024,BHARTI AIRTEL LIMITED,1879.0,1879.0,1847.6,1854.8,6561555,12169888553.1,0.9793836635922324,1816.5608192308725
2025-06-18,BHARTIARTL,INE397D01024,BHARTI AIRTEL LIMITED,1847.6,1871.0,1843.1,1865.9,5069427,9451432452.5,0.9793836635922324,1827.4319778967465
2025-06-19,BHARTIARTL,INE397D01024,BHARTI AIRTEL LIMITED,1872.0,1879.0,1864.1,1877.0,4712312,8834585788.1,0.9793836635922324,1838.3031365626202
2025-06-20,BHARTIARTL,INE397D01024,BHARTI AIRTEL LIMITED,1880.0,1949.0,1874.0,1936.7,16228526,31286969336.3,0.9793836635922324,1896.7723412790765
2025-06-23,BHARTIARTL,INE397D01024,BHARTI AIRTEL LIMITED,1930.0,1949.0,1927.1,1936.3,2946463,5710099351.1,0.9793836635922324,1896.3805878136395
2025-06-24,BHARTIARTL,INE397D01024,BHARTI AIRTEL LIMITED,1950.9,1963.0,1929.1,1933.6,6837210,13272989083.7,0.9793836635922324,1893.7362519219405
2025-06-25,BHARTIARTL,INE397D01024,BHARTI AIRTEL LIMITED,1942.0,1970.0,1938.0,1965.6,4152765,8137023309.4,0.9793836635922324,1925.0765291568919
2025-06-26,BHARTIARTL,INE397D01024,BHARTI AIRTEL LIMITED,1970.0,2018.4,1966.3,2014.3,9413241,18827572697.1,0.9793836635922324,1972.7725135738337
2025-06-27,BHARTIARTL,INE397D01024,BHARTI AIRTEL LIMITED,2010.0,2039.0,2008.6,2027.1,6405854,12966837500.6,0.9793836635922324,1985.3086244678143
2025-06-30,BHARTIARTL,INE397D01024,BHARTI AIRTEL LIMITED,2018.0,2023.9,2000.2,2009.6,5597484,11247098467.7,0.9793836635922324,1968.16941035495
2025-07-01,BHARTIARTL,INE397D01024,BHARTI AIRTEL LIMITED,2009.0,2030.8,2006.9,2019.4,3769165,7607773613.0,0.9793836635922324,1977.7673702581542
2025-07-02,BHARTIARTL,INE397D01024,BHARTI AIRTEL LIMITED,2037.0,2045.8,2018.3,2033.3,6513288,13244594437.2,0.9793836635922324,1991.380803182086
2025-07-03,BHARTIARTL,INE397D01024,BHARTI AIRTEL LIMITED,2041.8,2044.9,2012.9,2019.3,5558647,11284185157.6,0.9793836635922324,1977.6694318917948
2025-07-04,BHARTIARTL,INE397D01024,BHARTI AIRTEL LIMITED,2027.0,2036.5,2005.1,2017.2,2178315,4387298875.4,0.9793836635922324,1975.6127261982513
2025-07-07,BHARTIARTL,INE397D01024,BHARTI AIRTEL LIMITED,2018.0,2036.0,2010.6,2033.9,4165432,8430571808.8,0.9793836635922324,1991.9684333802415
2025-07-08,BHARTIARTL,INE397D01024,BHARTI AIRTEL LIMITED,2026.0,2035.0,2014.8,2030.0,3624619,7341077387.4,0.9793836635922324,1988.1488370922318
2025-07-09,BHARTIARTL,INE397D01024,BHARTI AIRTEL LIMITED,2035.0,2040.7,1998.5,2019.7,2937734,5953511845.9,0.9793836635922324,1978.0611853572318
2025-07-10,BHARTIARTL,INE397D01024,BHARTI AIRTEL LIMITED,2028.6,2028.6,1962.3,1964.5,5695845,11284970384.5,0.9793836635922324,1923.9992071269405
2025-07-11,BHARTIARTL,INE397D01024,BHARTI AIRTEL LIMITED,1942.0,1959.1,1914.2,1921.9,13103980,25222831889.3,0.9793836635922324,1882.2774630579115
2025-07-14,BHARTIARTL,INE397D01024,BHARTI AIRTEL LIMITED,1915.0,1927.5,1900.2,1920.9,5269381,10076781994.0,0.9793836635922324,1881.2980793943193
2025-07-15,BHARTIARTL,INE397D01024,BHARTI AIRTEL LIMITED,1924.8,1943.0,1923.2,1934.2,4163140,8049106906.9,0.9793836635922324,1894.323882120096
2025-07-16,BHARTIARTL,INE397D01024,BHARTI AIRTEL LIMITED,1944.0,1944.0,1928.8,1936.6,4211258,8160962898.0,0.9793836635922324,1896.6744029127171
2025-07-17,BHARTIARTL,INE397D01024,BHARTI AIRTEL LIMITED,1943.7,1944.9,1927.6,1929.9,6256455,12100262832.1,0.9793836635922324,1890.1125323666495
2025-07-18,BHARTIARTL,INE397D01024,BHARTI AIRTEL LIMITED,1915.1,1916.0,1891.8,1901.0,4643961,8825370372.3,0.9875712066286898,1877.3728638011394
2025-07-21,BHARTIARTL,INE397D01024,BHARTI AIRTEL LIMITED,1894.8,1919.9,1892.6,1909.2,5109654,9746237253.0,0.9875712066286898,1885.4709476954947
2025-07-22,BHARTIARTL,INE397D01024,BHARTI AIRTEL LIMITED,1909.2,1911.3,1883.0,1906.8,4513541,8576375988.7,0.9875712066286898,1883.1007767995857
2025-07-23,BHARTIARTL,INE397D01024,BHARTI AIRTEL LIMITED,1920.0,1949.0,1907.3,1943.8,5194282,10034958569.7,0.9875712066286898,1919.6409114448472
2025-07-24,BHARTIARTL,INE397D01024,BHARTI AIRTEL LIMITED,1943.8,1970.4,1933.7,1936.1,4150685,8092572461.0,0.9875712066286898,1912.0366131538062
2025-07-25,BHARTIARTL,INE397D01024,BHARTI AIRTEL LIMITED,1936.1,1952.7,1925.0,1937.9,3896884,7553854412.8,0.9875712066286898,1913.814241325738
2025-07-28,BHARTIARTL,INE397D01024,BHARTI AIRTEL LIMITED,1930.0,1930.0,1885.0,1890.3,3575044,6789304593.1,0.9875712066286898,1866.8058518902124
2025-07-29,BHARTIARTL,INE397D01024,BHARTI AIRTEL LIMITED,1880.0,1923.6,1880.0,1918.3,3748040,7174267314.5,0.9875712066286898,1894.4578456758156
2025-07-30,BHARTIARTL,INE397D01024,BHARTI AIRTEL LIMITED,1934.0,1939.2,1922.1,1932.6,5044683,9742040986.3,0.9875712066286898,1908.5801139306059
2025-07-31,BHARTIARTL,INE397D01024,BHARTI AIRTEL LIMITED,1913.0,1926.5,1895.6,1914.3,4674966,8947909333.1,0.9875712066286898,1890.507560849301
2025-08-01,BHARTIARTL,INE397D01024,BHARTI AIRTEL LIMITED,1914.0,1919.7,1878.0,1884.4,5192594,9847524466.9,0.9875712066286898,1860.9791817711032
2025-08-04,BHARTIARTL,INE397D01024,BHARTI AIRTEL LIMITED,1892.0,1919.9,1878.5,1914.6,3074380,5870535946.2,0.9875712066286898,1890.8038322112893
2025-08-05,BHARTIARTL,INE397D01024,BHARTI AIRTEL LIMITED,1920.0,1937.6,1912.1,1931.8,5167672,9968010970.7,0.9875712066286898,1907.790056965303
2025-08-06,BHARTIARTL,INE397D01024,BHARTI AIRTEL LIMITED,1930.0,1964.8,1921.6,1929.7,5461349,10590335524.2,0.9875712066286898,1905.7161574313827
2025-08-07,BHARTIARTL,INE397D01024,BHARTI AIRTEL LIMITED,1928.1,1933.3,1909.1,1922.6,4268534,8191939056.3,0.9875712066286898,1898.704401864319
2025-08-08,BHARTIARTL,INE397D01024,BHARTI AIRTEL LIMITED,1886.3,1893.8,1856.0,1858.6,93801105,175503711662.1,0.9875712066286898,1835.4998446400828
2025-08-11,BHARTIARTL,INE397D01024,BHARTI AIRTEL LIMITED,1863.0,1866.0,1845.7,1857.4,5266532,9783347103.0,0.9875712066286898,1834.3147591921286
2025-08-12,BHARTIARTL,INE397D01024,BHARTI AIRTEL LIMITED,1857.4,1865.0,1847.1,1850.3,4645011,8610901523.1,0.9875712066286898,1827.3030036250648
2025-08-13,BHARTIARTL,INE397D01024,BHARTI AIRTEL LIMITED,1853.0,1872.5,1851.8,1867.4,6697206,12486297813.4,0.9875712066286898,1844.1904712584155
2025-08-14,BHARTIARTL,INE397D01024,BHARTI AIRTEL LIMITED,1873.0,1883.0,1866.8,1873.8,3958631,7423516081.0,0.9875712066286898,1850.5109269808388
2025-08-18,BHARTIARTL,INE397D01024,BHARTI AIRTEL LIMITED,1892.5,1912.6,1870.3,1892.3,7146376,13552663053.7,0.9875712066286898,1868.7809943034697
2025-08-19,BHARTIARTL,INE397D01024,BHARTI AIRTEL LIMITED,1901.1,1931.8,1900.0,1909.7,5706265,10936227739.1,0.9875712066286898,1885.964733298809
2025-08-20,BHARTIARTL,INE397D01024,BHARTI AIRTEL LIMITED,1937.0,1952.0,1926.0,1928.4,6962619,13472715684.8,0.9875712066286898,1904.4323148627655
2025-08-21,BHARTIARTL,INE397D01024,BHARTI AIRTEL LIMITED,1930.0,1940.9,1927.7,1929.9,3376913,6526315351.1,0.9875712066286898,1905.9136716727085
2025-08-22,BHARTIARTL,INE397D01024,BHARTI AIRTEL LIMITED,1934.0,1947.7,1917.4,1933.3,3271920,6318796024.8,0.9875712066286898,1909.271413775246
2025-08-25,BHARTIARTL,INE397D01024,BHARTI AIRTEL LIMITED,1940.0,1940.1,1913.2,1930.7,2451388,4724917353.1,0.9875712066286898,1906.7037286380114
2025-08-26,BHARTIARTL,INE397D01024,BHARTI AIRTEL LIMITED,1922.1,1925.8,1896.2,1904.7,5984656,11418074402.1,0.9875712066286898,1881.0268772656655
2025-08-28,BHARTIARTL,INE397D01024,BHARTI AIRTEL LIMITED,1893.0,1899.8,1878.2,1881.1,5494113,10372670054.7,0.9875712066286898,1857.7201967892283
2025-08-29,BHARTIARTL,INE397D01024,BHARTI AIRTEL LIMITED,1872.5,1900.1,1872.5,1888.8,4339042,8189312163.6,0.9875712066286898,1865.3244950802693
2025-09-01,BHARTIARTL,INE397D01024,BHARTI AIRTEL LIMITED,1889.0,1904.8,1884.2,1900.6,3421488,6489678664.8,0.9875712066286898,1876.9778353184877
2025-09-02,BHARTIARTL,INE397D01024,BHARTI AIRTEL LIMITED,1904.5,1917.5,1878.0,1887.2,4423049,8378097503.2,0.9875712066286898,1863.7443811496635
2025-09-03,BHARTIARTL,INE397D01024,BHARTI AIRTEL LIMITED,1891.0,1892.1,1870.0,1883.9,3803044,7151267254.5,0.9875712066286898,1860.4853961677888
2025-09-04,BHARTIARTL,INE397D01024,BHARTI AIRTEL LIMITED,1899.0,1903.5,1876.6,1880.4,5205333,9805202617.5,0.9875712066286898,1857.0288969445885
2025-09-05,BHARTIARTL,INE397D01024,BHARTI AIRTEL LIMITED,1887.0,1910.7,1875.7,1895.3,2620140,4960971727.3,0.9875712066286898,1871.7437079233557
2025-09-08,BHARTIARTL,INE397D01024,BHARTI AIRTEL LIMITED,1898.0,1899.0,1884.1,1887.7,2547552,4817259823.5,0.9875712066286898,1864.2381667529778
2025-09-09,BHARTIARTL,INE397D01024,BHARTI AIRTEL LIMITED,1892.0,1904.0,1883.0,1893.7,4517793,8553498311.2,0.9875712066286898,1870.1635939927498
2025-09-10,BHARTIARTL,INE397D01024,BHARTI AIRTEL LIMITED,1904.0,1905.0,1883.0,1891.4,3566139,6747922521.4,0.9875712066286898,1867.892180217504
2025-09-11,BHARTIARTL,INE397D01024,BHARTI AIRTEL LIMITED,1884.0,1916.0,1882.1,1913.0,4718266,8982164743.1,0.9875712066286898,1889.2237182806837
2025-09-12,BHARTIARTL,INE397D01024,BHARTI AIRTEL LIMITED,1925.0,1925.0,1901.6,1902.6,3192824,6102258824.1,0.9875712066286898,1878.952977731745
2025-09-15,BHARTIARTL,INE397D01024,BHARTI AIRTEL LIMITED,1904.0,1913.0,1898.4,1904.5,3553258,6766007905.0,0.9875712066286898,1880.8293630243397
2025-09-16,BHARTIARTL,INE397D01024,BHARTI AIRTEL LIMITED,1903.3,1942.0,1902.5,1939.5,5427586,10473975256.4,0.9875712066286898,1915.394355256344
2025-09-17,BHARTIARTL,INE397D01024,BHARTI AIRTEL LIMITED,1938.1,1950.1,1932.6,1941.3,4234637,8228211139.5,0.9875712066286898,1917.1719834282756
2025-09-18,BHARTIARTL,INE397D01024,BHARTI AIRTEL LIMITED,1944.5,1949.8,1920.5,1941.1,5080814,9846443250.2,0.9875712066286898,1916.9744691869496
2025-09-19,BHARTIARTL,INE397D01024,BHARTI AIRTEL LIMITED,1930.2,1976.8,1927.8,1962.4,11287603,22058814337.5,0.9875712066286898,1938.009735888141
2025-09-22,BHARTIARTL,INE397D01024,BHARTI AIRTEL LIMITED,1954.0,1966.0,1944.0,1956.2,4469137,8742910725.5,0.9875712066286898,1931.886794407043
2025-09-23,BHARTIARTL,INE397D01024,BHARTI AIRTEL LIMITED,1950.0,1955.0,1930.1,1938.7,4348633,8440872959.4,0.9875712066286898,1914.604298291041
2025-09-24,BHARTIARTL,INE397D01024,BHARTI AIRTEL LIMITED,1926.0,1937.3,1918.8,1931.1,5237977,10095835192.1,0.9875712066286898,1907.0987571206629
2025-09-25,BHARTIARTL,INE397D01024,BHARTI AIRTEL LIMITED,1930.0,1950.0,1928.8,1935.6,7133365,13839559461.2,0.9875712066286898,1911.542827550492
2025-09-26,BHARTIARTL,INE397D01024,BHARTI AIRTEL LIMITED,1931.1,1944.7,1911.9,1916.6,3239306,6228584260.7,0.9875712066286898,1892.778974624547
2025-09-29,BHARTIARTL,INE397D01024,BHARTI AIRTEL LIMITED,1928.0,1928.0,1897.5,1902.2,5072608,9681198593.5,0.9875712066286898,1878.5579492490938
2025-09-30,BHARTIARTL,INE397D01024,BHARTI AIRTEL LIMITED,1896.0,1907.6,1875.2,1878.4,5945625,11216008469.8,0.9875712066286898,1855.053754531331
2025-10-01,BHARTIARTL,INE397D01024,BHARTI AIRTEL LIMITED,1868.0,1877.0,1855.9,1867.6,5675393,10595421987.8,0.9875712066286898,1844.387985499741
2025-10-03,BHARTIARTL,INE397D01024,BHARTI AIRTEL LIMITED,1851.2,1900.3,1848.1,1896.7,5828332,10962776533.0,0.9875712066286898,1873.126307612636
2025-10-06,BHARTIARTL,INE397D01024,BHARTI AIRTEL LIMITED,1892.6,1907.0,1887.5,1903.1,2809218,5332230593.9,0.9875712066286898,1879.4467633350594
2025-10-07,BHARTIARTL,INE397D01024,BHARTI AIRTEL LIMITED,1900.0,1946.0,1900.0,1929.0,5713060,11016084010.0,0.9875712066286898,1905.0248575867427
2025-10-08,BHARTIARTL,INE397D01024,BHARTI AIRTEL LIMITED,1929.0,1962.6,1927.6,1943.5,4957406,9645507545.2,0.9875712066286898,1919.3446400828586
2025-10-09,BHARTIARTL,INE397D01024,BHARTI AIRTEL LIMITED,1945.0,1948.8,1931.3,1942.0,3945737,7656969690.2,0.9875712066286898,1917.8632832729156
2025-10-10,BHARTIARTL,INE397D01024,BHARTI AIRTEL LIMITED,1937.0,1947.6,1935.4,1939.9,2512581,4875455292.6,0.9875712066286898,1915.7893837389954
2025-10-13,BHARTIARTL,INE397D01024,BHARTI AIRTEL LIMITED,1937.9,1965.9,1936.0,1954.9,3672419,7180372108.1,0.9875712066286898,1930.6029518384257
2025-10-14,BHARTIARTL,INE397D01024,BHARTI AIRTEL LIMITED,1964.0,1964.0,1939.2,1946.6,4454239,8678447974.6,0.9875712066286898,1922.4061108234075
2025-10-15,BHARTIARTL,INE397D01024,BHARTI AIRTEL LIMITED,1957.2,1976.0,1951.6,1968.5,3447352,6774313245.8,0.9875712066286898,1944.033920248576
2025-10-16,BHARTIARTL,INE397D01024,BHARTI AIRTEL LIMITED,1962.3,1986.9,1962.0,1967.4,3700674,7304500778.7,0.9875712066286898,1942.9475919212844
2025-10-17,BHARTIARTL,INE397D01024,BHARTI AIRTEL LIMITED,1973.6,2034.3,1970.3,2012.0,6743801,13580290074.7,0.9875712066286898,1986.9932677369238
2025-10-20,BHARTIARTL,INE397D01024,BHARTI AIRTEL LIMITED,2026.0,2057.0,2019.7,2051.5,7387180,15091064288.2,0.9875712066286898,2026.002330398757
2025-10-23,BHARTIARTL,INE397D01024,BHARTI AIRTEL LIMITED,2063.9,2067.0,2003.6,2007.9,8790128,17789960867.9,0.9875712066286898,1982.9442257897463
2025-10-24,BHARTIARTL,INE397D01024,BHARTI AIRTEL LIMITED,2008.0,2033.0,2006.9,2029.3,3236799,6553106604.6,0.9875712066286898,2004.0782496116
2025-10-27,BHARTIARTL,INE397D01024,BHARTI AIRTEL LIMITED,2030.0,2094.0,2030.0,2080.1,5796831,12048905188.6,0.9875712066286898,2054.246866908338
2025-10-28,BHARTIARTL,INE397D01024,BHARTI AIRTEL LIMITED,2092.0,2102.6,2071.7,2090.2,9891522,20670514955.2,0.9875712066286898,2064.2213360952874
2025-10-29,BHARTIARTL,INE397D01024,BHARTI AIRTEL LIMITED,2083.0,2110.4,2081.6,2100.6,2742750,5755608868.0,0.9875712066286898,2074.4920766442256
2025-10-30,BHARTIARTL,INE397D01024,BHARTI AIRTEL LIMITED,2070.0,2088.0,2058.6,2066.3,4222189,8726723356.2,0.9875712066286898,2040.6183842568619
2025-10-31,BHARTIARTL,INE397D01024,BHARTI AIRTEL LIMITED,2056.0,2073.8,2051.7,2054.5,4659723,9597365272.3,0.9875712066286898,2028.965044018643
2025-11-03,BHARTIARTL,INE397D01024,BHARTI AIRTEL LIMITED,2055.0,2081.0,2047.2,2074.0,2979629,6149184487.3,0.9875712066286898,2048.2226825479024
2025-11-04,BHARTIARTL,INE397D01024,BHARTI AIRTEL LIMITED,2107.0,2135.6,2103.5,2113.3,12263078,25977570895.9,0.9875712066286898,2087.03423096841
2025-11-06,BHARTIARTL,INE397D01024,BHARTI AIRTEL LIMITED,2115.0,2123.3,2080.5,2094.9,9546299,20076041845.4,0.9875712066286898,2068.862920766442
2025-11-07,BHARTIARTL,INE397D01024,BHARTI AIRTEL LIMITED,2048.0,2048.0,1995.6,2001.2,70392750,142594915349.9,0.9875712066286898,1976.3274987053342
2025-11-10,BHARTIARTL,INE397D01024,BHARTI AIRTEL LIMITED,1995.0,2028.8,1992.2,2019.8,7457061,15041281563.9,0.9875712066286898,1994.6963231486277
2025-11-11,BHARTIARTL,INE397D01024,BHARTI AIRTEL LIMITED,2020.1,2056.9,2017.4,2042.3,14825625,30289652182.7,0.9875712066286898,2016.916675297773
2025-11-12,BHARTIARTL,INE397D01024,BHARTI AIRTEL LIMITED,2060.0,2079.8,2054.9,2073.8,8210277,16998543806.7,0.9875712066286898,2048.025168306577
2025-11-13,BHARTIARTL,INE397D01024,BHARTI AIRTEL LIMITED,2099.9,2107.0,2079.0,2091.8,5958875,12475113933.4,0.9875712066286898,2065.8014500258937
2025-11-14,BHARTIARTL,INE397D01024,BHARTI AIRTEL LIMITED,2090.0,2107.9,2081.9,2100.7,6312655,13193910899.9,0.9875712066286898,2074.5908337648884
2025-11-17,BHARTIARTL,INE397D01024,BHARTI AIRTEL LIMITED,2112.0,2122.0,2100.9,2112.2,5998770,12676321842.4,0.9875712066286898,2085.9479026411186
2025-11-18,BHARTIARTL,INE397D01024,BHARTI AIRTEL LIMITED,2122.0,2159.0,2110.3,2149.2,10972556,23528990860.4,0.9875712066286898,2122.48803728638
2025-11-19,BHARTIARTL,INE397D01024,BHARTI AIRTEL LIMITED,2155.0,2166.2,2146.7,2159.8,7419461,15971622748.6,0.9875712066286898,2132.9562920766443
2025-11-20,BHARTIARTL,INE397D01024,BHARTI AIRTEL LIMITED,2153.1,2169.3,2149.9,2158.3,7452899,16085671565.6,0.9875712066286898,2131.4749352667013
2025-11-21,BHARTIARTL,INE397D01024,BHARTI AIRTEL LIMITED,2150.1,2174.5,2148.6,2162.7,6720938,14534905632.6,0.9875712066286898,2135.8202485758675
2025-11-24,BHARTIARTL,INE397D01024,BHARTI AIRTEL LIMITED,2162.1,2165.8,2140.4,2152.1,9686848,20869887058.2,0.9875712066286898,2125.351993785603
2025-11-25,BHARTIARTL,INE397D01024,BHARTI AIRTEL LIMITED,2159.0,2170.7,2138.7,2161.6,7102592,15340216596.7,0.9875712066286898,2134.733920248576
2025-11-26,BHARTIARTL,INE397D01024,BHARTI AIRTEL LIMITED,2104.0,2134.9,2097.5,2126.8,43174047,90770524452.1,0.9875712066286898,2100.3664422578977
2025-11-27,BHARTIARTL,INE397D01024,BHARTI AIRTEL LIMITED,2132.0,2136.9,2103.8,2115.6,4444877,9408157935.7,0.9875712066286898,2089.305644743656
2025-11-28,BHARTIARTL,INE397D01024,BHARTI AIRTEL LIMITED,2118.0,2129.5,2096.4,2101.6,6263457,13188376119.0,0.9875712066286898,2075.4796478508542
2025-12-01,BHARTIARTL,INE397D01024,BHARTI AIRTEL LIMITED,2114.7,2119.0,2083.1,2089.7,5058900,10602749697.7,0.9875712066286898,2063.727550491973
2025-12-02,BHARTIARTL,INE397D01024,BHARTI AIRTEL LIMITED,2089.8,2114.8,2087.1,2104.0,6591396,13860529208.8,0.9875712066286898,2077.8498187467635
2025-12-03,BHARTIARTL,INE397D01024,BHARTI AIRTEL LIMITED,2100.1,2109.9,2081.6,2086.0,4357641,9100769632.8,0.9875712066286898,2060.073537027447
2025-12-04,BHARTIARTL,INE397D01024,BHARTI AIRTEL LIMITED,2094.8,2108.5,2074.1,2103.8,4611819,9640866601.1,0.9875712066286898,2077.6523045054378
2025-12-05,BHARTIARTL,INE397D01024,BHARTI AIRTEL LIMITED,2092.6,2111.9,2090.0,2108.8,2938290,6174337765.0,0.9875712066286898,2082.590160538581
2025-12-08,BHARTIARTL,INE397D01024,BHARTI AIRTEL LIMITED,2114.4,2114.4,2078.9,2086.2,4327091,9045832820.7,0.9875712066286898,2060.2710512687727
2025-12-09,BHARTIARTL,INE397D01024,BHARTI AIRTEL LIMITED,2086.8,2100.4,2080.4,2089.7,5139229,10732805998.5,0.9875712066286898,2063.727550491973
2025-12-10,BHARTIARTL,INE397D01024,BHARTI AIRTEL LIMITED,2072.0,2096.9,2062.2,2067.0,3987451,8279599352.9,0.9875712066286898,2041.3096841015017
2025-12-11,BHARTIARTL,INE397D01024,BHARTI AIRTEL LIMITED,2066.0,2069.2,2038.0,2053.2,3254850,6676036622.2,0.9875712066286898,2027.6812014500258
2025-12-12,BHARTIARTL,INE397D01024,BHARTI AIRTEL LIMITED,2053.1,2087.1,2050.6,2083.4,2706420,5613747141.9,0.9875712066286898,2057.5058518902124
2025-12-15,BHARTIARTL,INE397D01024,BHARTI AIRTEL LIMITED,2070.1,2078.9,2061.5,2069.7,3233614,6697521715.6,0.9875712066286898,2043.9761263593991
2025-12-16,BHARTIARTL,INE397D01024,BHARTI AIRTEL LIMITED,2070.1,2106.6,2070.1,2102.0,5756692,12075653201.7,0.9875712066286898,2075.874676333506
2025-12-17,BHARTIARTL,INE397D01024,BHARTI AIRTEL LIMITED,2117.6,2128.0,2096.4,2108.0,6412516,13507842168.0,0.9875712066286898,2081.800103573278
2025-12-18,BHARTIARTL,INE397D01024,BHARTI AIRTEL LIMITED,2099.0,2116.6,2088.1,2092.0,3760341,7898569012.9,0.9875712066286898,2065.998964267219
2025-12-19,BHARTIARTL,INE397D01024,BHARTI AIRTEL LIMITED,2113.9,2115.0,2082.0,2097.7,10127415,21219798389.7,0.9875712066286898,2071.6281201450024
2025-12-22,BHARTIARTL,INE397D01024,BHARTI AIRTEL LIMITED,2118.0,2151.7,2101.7,2147.6,7670853,16397170359.7,0.9875712066286898,2120.907923355774
2025-12-23,BHARTIARTL,INE397D01024,BHARTI AIRTEL LIMITED,2157.0,2164.0,2119.2,2122.9,4110853,8748834353.8,0.9875712066286898,2096.514914552046
2025-12-24,BHARTIARTL,INE397D01024,BHARTI AIRTEL LIMITED,2111.0,2137.2,2111.0,2123.7,3145464,6691975445.4,0.9875712066286898,2097.3049715173483
2025-12-26,BHARTIARTL,INE397D01024,BHARTI AIRTEL LIMITED,2123.0,2123.0,2101.8,2105.4,1297870,2736129285.2,0.9875712066286898,2079.2324184360436
2025-12-29,BHARTIARTL,INE397D01024,BHARTI AIRTEL LIMITED,2105.4,2112.7,2079.4,2081.6,2371034,4953136389.4,0.9875712066286898,2055.728223718281
2025-12-30,BHARTIARTL,INE397D01024,BHARTI AIRTEL LIMITED,2077.0,2102.8,2071.6,2099.8,6983390,14653574322.6,0.9875712066286898,2073.702019678923
2025-12-31,BHARTIARTL,INE397D01024,BHARTI AIRTEL LIMITED,2096.0,2121.0,2090.1,2105.6,2991434,6298336696.3,0.9875712066286898,2079.4299326773694
2026-01-01,BHARTIARTL,INE397D01024,BHARTI AIRTEL LIMITED,2114.8,2123.9,2107.0,2110.4,2097756,4436371604.4,0.9875712066286898,2084.170274469187
2026-01-02,BHARTIARTL,INE397D01024,BHARTI AIRTEL LIMITED,2108.0,2125.0,2098.0,2106.3,2927138,6169784842.0,0.9875712066286898,2080.1212325220094
2026-01-05,BHARTIARTL,INE397D01024,BHARTI AIRTEL LIMITED,2102.1,2112.1,2096.5,2105.0,2642580,5563055322.7,0.9875712066286898,2078.837389953392
2026-01-06,BHARTIARTL,INE397D01024,BHARTI AIRTEL LIMITED,2106.8,2121.8,2087.5,2105.3,9119265,19179757706.1,0.9875712066286898,2079.133661315381
2026-01-07,BHARTIARTL,INE397D01024,BHARTI AIRTEL LIMITED,2095.6,2103.8,2077.0,2084.2,4171371,8697163031.2,0.9875712066286898,2058.295908855515
2026-01-08,BHARTIARTL,INE397D01024,BHARTI AIRTEL LIMITED,2088.0,2092.0,2055.0,2066.3,5534929,11448254930.2,0.9875712066286898,2040.6183842568619
2026-01-09,BHARTIARTL,INE397D01024,BHARTI AIRTEL LIMITED,2070.2,2084.0,2023.2,2027.1,4165409,8518316241.7,0.9875712066286898,2001.905592957017
2026-01-12,BHARTIARTL,INE397D01024,BHARTI AIRTEL LIMITED,2023.5,2048.8,2001.3,2044.0,4689135,9469011167.4,0.9875712066286898,2018.595546349042
2026-01-13,BHARTIARTL,INE397D01024,BHARTI AIRTEL LIMITED,2047.0,2049.9,2014.9,2026.9,7388496,14981244480.7,0.9875712066286898,2001.7080787156915
2026-01-14,BHARTIARTL,INE397D01024,BHARTI AIRTEL LIMITED,2015.1,2034.0,2008.7,2022.5,4842964,9791798346.3,0.9875712066286898,1997.362765406525
2026-01-16,BHARTIARTL,INE397D01024,BHARTI AIRTEL LIMITED,2020.0,2029.7,1988.7,2016.4,7310676,14697512240.7,0.9875712066286898,1991.3385810460902
2026-01-19,BHARTIARTL,INE397D01024,BHARTI AIRTEL LIMITED,2023.0,2023.0,1996.3,2010.0,4272071,8591892954.1,0.9875712066286898,1985.0181253236665
2026-01-20,BHARTIARTL,INE397D01024,BHARTI AIRTEL LIMITED,2018.0,2018.0,1977.1,1996.0,6076838,12165556263.8,0.9875712066286898,1971.1921284308648
2026-01-21,BHARTIARTL,INE397D01024,BHARTI AIRTEL LIMITED,1977.0,2007.1,1967.0,1996.1,7952295,15837943630.5,0.9875712066286898,1971.2908855515277
2026-01-22,BHARTIARTL,INE397D01024,BHARTI AIRTEL LIMITED,2008.8,2018.9,1990.0,2002.2,6722567,13460436283.7,0.9875712066286898,1977.3150699119628
2026-01-23,BHARTIARTL,INE397D01024,BHARTI AIRTEL LIMITED,2009.0,2011.7,1980.1,1984.7,4340925,8656145673.8,0.9875712066286898,1960.0325737959606
2026-01-27,BHARTIARTL,INE397D01024,BHARTI AIRTEL LIMITED,1972.1,2003.8,1962.7,1973.4,10510891,20776998380.3,0.9875712066286898,1948.8730191610566
2026-01-28,BHARTIARTL,INE397D01024,BHARTI AIRTEL LIMITED,1995.0,1995.0,1939.0,1957.7,9426909,18452553631.7,0.9875712066286898,1933.368151216986
2026-01-29,BHARTIARTL,INE397D01024,BHARTI AIRTEL LIMITED,1964.0,1970.5,1939.0,1967.9,6065044,11891602207.3,0.9875712066286898,1943.4413775245987
2026-01-30,BHARTIARTL,INE397D01024,BHARTI AIRTEL LIMITED,1925.6,1974.0,1925.6,1968.7,7683747,15080142264.7,0.9875712066286898,1944.2314344899016
2026-02-02,BHARTIARTL,INE397D01024,BHARTI AIRTEL LIMITED,1936.1,1969.8,1926.5,1965.4,5326225,10406649696.1,0.9875712066286898,1940.972449508027
2026-02-03,BHARTIARTL,INE397D01024,BHARTI AIRTEL LIMITED,2050.0,2050.0,1980.1,1997.3,6915795,13821523452.4,0.9875712066286898,1972.4759709994821
2026-02-04,BHARTIARTL,INE397D01024,BHARTI AIRTEL LIMITED,2008.0,2034.6,1998.4,2025.8,7464725,15100287543.8,0.9875712066286898,2000.6217503883997
2026-02-05,BHARTIARTL,INE397D01024,BHARTI AIRTEL LIMITED,2012.0,2022.9,1985.0,1992.4,7708690,15433394106.9,0.9875712066286898,1967.6368720870016
2026-02-06,BHARTIARTL,INE397D01024,BHARTI AIRTEL LIMITED,1994.0,2049.7,1988.5,2038.4,13870403,28035888422.2,0.9875712066286898,2013.0651475919215
2026-02-09,BHARTIARTL,INE397D01024,BHARTI AIRTEL LIMITED,2051.2,2055.2,2028.7,2038.2,7570161,15466083176.8,0.9875712066286898,2012.8676333505955
2026-02-10,BHARTIARTL,INE397D01024,BHARTI AIRTEL LIMITED,2052.0,2057.0,2008.4,2011.3,9077763,18414367468.2,0.9875712066286898,1986.3019678922838
2026-02-11,BHARTIARTL,INE397D01024,BHARTI AIRTEL LIMITED,2012.9,2021.0,1996.7,2012.1,7423601,14916061102.7,0.9875712066286898,1987.0920248575867
2026-02-12,BHARTIARTL,INE397D01024,BHARTI AIRTEL LIMITED,2019.2,2027.0,2009.1,2014.5,7437690,15009512113.0,0.9875712066286898,1989.4621957534955
2026-02-13,BHARTIARTL,INE397D01024,BHARTI AIRTEL LIMITED,2013.9,2024.2,1992.0,2004.7,4808543,9664613458.1,0.9875712066286898,1979.7839979285345
2026-02-16,BHARTIARTL,INE397D01024,BHARTI AIRTEL LIMITED,2010.0,2032.2,1995.0,2029.4,3455964,6975886026.7,0.9875712066286898,2004.1770067322632
2026-02-17,BHARTIARTL,INE397D01024,BHARTI AIRTEL LIMITED,2028.0,2038.5,2014.2,2020.3,4471158,9056005422.0,0.9875712066286898,1995.190108751942
2026-02-18,BHARTIARTL,INE397D01024,BHARTI AIRTEL LIMITED,2020.1,2028.6,2015.0,2021.8,2182669,4413907896.3,0.9875712066286898,1996.671465561885
2026-02-19,BHARTIARTL,INE397D01024,BHARTI AIRTEL LIMITED,2032.0,2032.0,1974.8,1988.6,4712417,9415673835.3,0.9875712066286898,1963.8841015018124
2026-02-20,BHARTIARTL,INE397D01024,BHARTI AIRTEL LIMITED,1981.1,1993.7,1971.0,1977.4,5180301,10275171540.9,0.9875712066286898,1952.8233039875713
2026-02-23,BHARTIARTL,INE397D01024,BHARTI AIRTEL LIMITED,1994.0,2000.5,1983.9,1997.3,3728878,7435858950.0,0.9875712066286898,1972.4759709994821
2026-02-24,BHARTIARTL,INE397D01024,BHARTI AIRTEL LIMITED,1997.3,1997.3,1921.8,1941.0,10006761,19442511897.4,0.9875712066286898,1916.875712066287
2026-02-25,BHARTIARTL,INE397D01024,BHARTI AIRTEL LIMITED,1955.0,1961.8,1904.0,1913.4,8285195,15951164616.7,0.9875712066286898,1889.6187467633351
2026-02-26,BHARTIARTL,INE397D01024,BHARTI AIRTEL LIMITED,1914.0,1935.0,1904.5,1929.6,10795028,20736322162.8,0.9875712066286898,1905.6174003107199
2026-02-27,BHARTIARTL,INE397D01024,BHARTI AIRTEL LIMITED,1910.0,1915.0,1870.1,1879.3,13754648,25899362760.7,0.9875712066286898,1855.9425686172967
2026-03-02,BHARTIARTL,INE397D01024,BHARTI AIRTEL LIMITED,1850.1,1895.9,1847.9,1873.2,11785758,22106668597.4,0.9875712066286898,1849.9183842568618
2026-03-04,BHARTIARTL,INE397D01024,BHARTI AIRTEL LIMITED,1861.1,1920.0,1815.3,1905.9,20565585,38624852239.0,0.9875712066286898,1882.21196271362
2026-03-05,BHARTIARTL,INE397D01024,BHARTI AIRTEL LIMITED,1919.0,1929.1,1897.2,1907.0,11398717,21777070378.9,0.9875712066286898,1883.2982910409114
2026-03-06,BHARTIARTL,INE397D01024,BHARTI AIRTEL LIMITED,1900.0,1902.1,1867.1,1870.8,10896859,20511535465.7,0.9875712066286898,1847.5482133609528
2026-03-09,BHARTIARTL,INE397D01024,BHARTI AIRTEL LIMITED,1831.0,1872.4,1818.1,1866.7,8073518,14961027031.0,0.9875712066286898,1843.4991714137752
2026-03-10,BHARTIARTL,INE397D01024,BHARTI AIRTEL LIMITED,1880.8,1881.0,1846.5,1850.4,11741600,21758005040.0,0.9875712066286898,1827.4017607457276
2026-03-11,BHARTIARTL,INE397D01024,BHARTI AIRTEL LIMITED,1841.0,1847.7,1799.5,1807.0,9548404,17366405770.8,0.9875712066286898,1784.5411703780426
2026-03-12,BHARTIARTL,INE397D01024,BHARTI AIRTEL LIMITED,1797.9,1817.8,1791.0,1801.3,12922735,23285924604.3,0.9875712066286898,1778.912014500259
2026-03-13,BHARTIARTL,INE397D01024,BHARTI AIRTEL LIMITED,1781.1,1816.0,1776.6,1803.4,8970772,16188549355.8,0.9875712066286898,1780.9859140341794
2026-03-16,BHARTIARTL,INE397D01024,BHARTI AIRTEL LIMITED,1798.0,1804.9,1770.9,1788.8,14261268,25490420100.7,0.9875712066286898,1766.5673744174003
2026-03-17,BHARTIARTL,INE397D01024,BHARTI AIRTEL LIMITED,1797.0,1834.5,1791.1,1827.0,7181491,13084761934.3,0.9875712066286898,1804.2925945106163
2026-03-18,BHARTIARTL,INE397D01024,BHARTI AIRTEL LIMITED,1826.8,1869.0,1826.8,1855.4,6428092,11933500968.2,0.9875712066286898,1832.3396167788712
2026-03-19,BHARTIARTL,INE397D01024,BHARTI AIRTEL LIMITED,1826.6,1861.3,1816.3,1827.0,7145082,13128248532.0,0.9875712066286898,1804.2925945106163
2026-03-20,BHARTIARTL,INE397D01024,BHARTI AIRTEL LIMITED,1834.0,1860.9,1834.0,1846.1,7691633,14215320146.3,0.9875712066286898,1823.1552045572241
2026-03-23,BHARTIARTL,INE397D01024,BHARTI AIRTEL LIMITED,1827.0,1830.0,1792.0,1795.9,6874051,12385952606.4,0.9875712066286898,1773.579129984464
2026-03-24,BHARTIARTL,INE397D01024,BHARTI AIRTEL LIMITED,1816.3,1826.8,1781.0,1802.1,7535860,13572401488.5,0.9875712066286898,1779.7020714655619
2026-03-25,BHARTIARTL,INE397D01024,BHARTI AIRTEL LIMITED,1814.0,1849.2,1810.1,1834.9,12473682,22820750844.0,0.9875712066286898,1812.094407042983
2026-03-27,BHARTIARTL,INE397D01024,BHARTI AIRTEL LIMITED,1839.9,1856.9,1818.4,1843.9,24490425,45048244978.5,0.9875712066286898,1820.9825479026413
2026-03-30,BHARTIARTL,INE397D01024,BHARTI AIRTEL LIMITED,1818.0,1824.5,1774.5,1782.4,14240129,25496261863.8,0.9875712066286898,1760.2469186949768
2026-04-01,BHARTIARTL,INE397D01024,BHARTI AIRTEL LIMITED,1811.0,1817.3,1776.5,1781.9,10694662,19167649291.7,0.9875712066286898,1759.7531330916624
2026-04-02,BHARTIARTL,INE397D01024,BHARTI AIRTEL LIMITED,1765.0,1799.4,1746.9,1789.7,10857093,19195786730.2,0.9875712066286898,1767.456188503366
2026-04-06,BHARTIARTL,INE397D01024,BHARTI AIRTEL LIMITED,1812.1,1814.3,1763.4,1792.8,8183498,14597763359.5,0.9875712066286898,1770.517659243915
2026-04-07,BHARTIARTL,INE397D01024,BHARTI AIRTEL LIMITED,1788.1,1840.0,1772.0,1830.3,10057628,18272883173.7,0.9875712066286898,1807.5515794924909
2026-04-08,BHARTIARTL,INE397D01024,BHARTI AIRTEL LIMITED,1864.0,1871.5,1840.2,1861.6,11587604,21532971581.5,0.9875712066286898,1838.4625582599688
2026-04-09,BHARTIARTL,INE397D01024,BHARTI AIRTEL LIMITED,1869.9,1869.9,1846.1,1859.4,10113053,18776107034.1,0.9875712066286898,1836.289901605386
2026-04-10,BHARTIARTL,INE397D01024,BHARTI AIRTEL LIMITED,1868.0,1874.6,1859.9,1870.0,5857988,10939585862.5,0.9875712066286898,1846.7581563956498
2026-04-13,BHARTIARTL,INE397D01024,BHARTI AIRTEL LIMITED,1838.0,1893.7,1838.0,1870.9,10371983,19418062038.5,0.9875712066286898,1847.6469704816159
2026-04-15,BHARTIARTL,INE397D01024,BHARTI AIRTEL LIMITED,1880.5,1890.9,1853.6,1855.7,11049107,20593489320.6,0.9875712066286898,1832.6358881408596
2026-04-16,BHARTIARTL,INE397D01024,BHARTI AIRTEL LIMITED,1863.5,1864.9,1823.2,1840.6,15871247,29178028115.8,0.9875712066286898,1817.7235629207664
2026-04-17,BHARTIARTL,INE397D01024,BHARTI AIRTEL LIMITED,1837.1,1851.4,1829.7,1846.9,7344787,13523092481.7,0.9875712066286898,1823.9452615225273
2026-04-20,BHARTIARTL,INE397D01024,BHARTI AIRTEL LIMITED,1865.0,1865.0,1839.2,1846.1,9243641,17111750979.8,0.9875712066286898,1823.1552045572241
2026-04-21,BHARTIARTL,INE397D01024,BHARTI AIRTEL LIMITED,1830.0,1868.9,1830.0,1855.0,10485373,19496086360.0,0.9875712066286898,1831.9445882962195
2026-04-22,BHARTIARTL,INE397D01024,BHARTI AIRTEL LIMITED,1850.2,1857.9,1825.3,1829.0,5687058,10449584640.1,0.9875712066286898,1806.2677369238736
2026-04-23,BHARTIARTL,INE397D01024,BHARTI AIRTEL LIMITED,1821.8,1846.0,1812.1,1841.2,7489947,13746412171.6,0.9875712066286898,1818.3161056447436
2026-04-24,BHARTIARTL,INE397D01024,BHARTI AIRTEL LIMITED,1845.0,1850.7,1807.3,1814.5,6306448,11461490981.7,0.9875712066286898,1791.9479544277576
2026-04-27,BHARTIARTL,INE397D01024,BHARTI AIRTEL LIMITED,1816.1,1828.4,1814.0,1820.1,4413769,8039675875.4,0.9875712066286898,1797.4783531848782
2026-04-28,BHARTIARTL,INE397D01024,BHARTI AIRTEL LIMITED,1826.0,1852.0,1812.6,1843.8,10558455,19408631111.3,0.9875712066286898,1820.8837907819782
2026-04-29,BHARTIARTL,INE397D01024,BHARTI AIRTEL LIMITED,1848.0,1900.4,1845.4,1888.1,7713013,14550631575.0,0.9875712066286898,1864.633195235629
2026-04-30,BHARTIARTL,INE397D01024,BHARTI AIRTEL LIMITED,1860.0,1906.0,1860.0,1886.8,12709188,23937149558.5,0.9875712066286898,1863.3493526670118
2026-05-04,BHARTIARTL,INE397D01024,BHARTI AIRTEL LIMITED,1873.2,1895.3,1821.7,1827.1,10707858,19797111343.6,0.9875712066286898,1804.3913516312791
2026-05-05,BHARTIARTL,INE397D01024,BHARTI AIRTEL LIMITED,1828.0,1846.0,1801.0,1806.1,11407461,20706142883.4,0.9875712066286898,1783.6523562920765
2026-05-06,BHARTIARTL,INE397D01024,BHARTI AIRTEL LIMITED,1817.0,1841.5,1813.8,1833.7,5507749,10084452551.0,0.9875712066286898,1810.9093215950286
2026-05-07,BHARTIARTL,INE397D01024,BHARTI AIRTEL LIMITED,1835.0,1843.9,1821.2,1826.6,7914845,14480045584.0,0.9875712066286898,1803.8975660279648
2026-05-08,BHARTIARTL,INE397D01024,BHARTI AIRTEL LIMITED,1820.0,1840.8,1815.2,1834.5,4839183,8859253117.6,0.9875712066286898,1811.6993785603315
2026-05-11,BHARTIARTL,INE397D01024,BHARTI AIRTEL LIMITED,1814.0,1819.8,1756.0,1759.8,15803791,27978181805.5,0.9875712066286898,1737.9278094251683
2026-05-12,BHARTIARTL,INE397D01024,BHARTI AIRTEL LIMITED,1751.5,1776.5,1751.5,1756.8,11945399,21073063303.4,0.9875712066286898,1734.965095805282
2026-05-13,BHARTIARTL,INE397D01024,BHARTI AIRTEL LIMITED,1740.5,1798.0,1740.5,1789.2,9825413,17500662370.0,0.9875712066286898,1766.9624029000518
2026-05-14,BHARTIARTL,INE397D01024,BHARTI AIRTEL LIMITED,1820.0,1889.2,1797.3,1883.5,21279151,39391793987.3,0.9875712066286898,1860.0903676851372
2026-05-15,BHARTIARTL,INE397D01024,BHARTI AIRTEL LIMITED,1883.2,1922.9,1880.4,1905.4,15807294,30133300830.2,0.9875712066286898,1881.7181771103055
2026-05-18,BHARTIARTL,INE397D01024,BHARTI AIRTEL LIMITED,1904.8,1953.8,1890.4,1938.1,13888648,26849307507.6,0.9875712066286898,1914.0117555670636
2026-05-19,BHARTIARTL,INE397D01024,BHARTI AIRTEL LIMITED,1928.4,1942.0,1907.8,1913.5,8962228,17195634876.8,0.9875712066286898,1889.717503883998
2026-05-20,BHARTIARTL,INE397D01024,BHARTI AIRTEL LIMITED,1914.0,1914.0,1897.7,1904.9,5778742,11008704118.2,0.9875712066286898,1881.2243915069912
2026-05-21,BHARTIARTL,INE397D01024,BHARTI AIRTEL LIMITED,1911.0,1915.3,1880.8,1885.3,6419014,12173949974.3,0.9875712066286898,1861.8679958570688
2026-05-22,BHARTIARTL,INE397D01024,BHARTI AIRTEL LIMITED,1891.3,1896.6,1869.3,1871.4,5099120,9577506253.5,0.9875712066286898,1848.1407560849302
2026-05-25,BHARTIARTL,INE397D01024,BHARTI AIRTEL LIMITED,1892.5,1892.5,1863.1,1874.8,5903841,11068438246.8,0.9875712066286898,1851.4984981874677
2026-05-26,BHARTIARTL,INE397D01024,BHARTI AIRTEL LIMITED,1874.0,1874.0,1844.8,1846.9,5803034,10770919595.6,0.9875712066286898,1823.9452615225273
2026-05-27,BHARTIARTL,INE397D01024,BHARTI AIRTEL LIMITED,1840.4,1869.4,1840.4,1852.2,8653155,16045494051.6,0.9875712066286898,1829.1793889176593
2026-05-29,BHARTIARTL,INE397D01024,BHARTI AIRTEL LIMITED,1860.0,1860.0,1818.5,1829.0,52886264,96695698670.9,0.9875712066286898,1806.2677369238736
2026-06-01,BHARTIARTL,INE397D01024,BHARTI AIRTEL LIMITED,1830.0,1842.0,1803.9,1810.6,6391656,11601619064.8,0.9875712066286898,1788.0964267219056
2026-06-02,BHARTIARTL,INE397D01024,BHARTI AIRTEL LIMITED,1785.0,1825.0,1777.4,1814.2,10791294,19404823451.1,0.9875712066286898,1791.651683065769
2026-06-03,BHARTIARTL,INE397D01024,BHARTI AIRTEL LIMITED,1829.9,1835.5,1804.9,1824.1,5832363,10610551306.9,0.9875712066286898,1801.4286380113929
2026-06-04,BHARTIARTL,INE397D01024,BHARTI AIRTEL LIMITED,1815.0,1829.8,1798.4,1818.9,6735759,12216262916.2,0.9875712066286898,1796.293267736924
2026-06-08,BHARTIARTL,INE397D01024,BHARTI AIRTEL LIMITED,1775.1,1820.1,1771.0,1813.3,6324919,11423137749.7,0.9875712066286898,1790.7628689798032
2026-06-09,BHARTIARTL,INE397D01024,BHARTI AIRTEL LIMITED,1837.0,1837.0,1789.2,1799.0,10377475,18725518731.7,0.9875712066286898,1776.640600725013
2026-06-10,BHARTIARTL,INE397D01024,BHARTI AIRTEL LIMITED,1799.0,1807.7,1771.0,1775.2,7999362,14312346240.8,0.9875712066286898,1753.1364060072501
2026-06-11,BHARTIARTL,INE397D01024,BHARTI AIRTEL LIMITED,1773.0,1796.0,1768.6,1782.6,5020731,8966168021.7,0.9875712066286898,1760.4444329363023
2026-06-12,BHARTIARTL,INE397D01024,BHARTI AIRTEL LIMITED,1784.0,1825.0,1784.0,1822.5,5910557,10715077314.4,0.9875712066286898,1799.8485240807872
2026-06-17,BHARTIARTL,INE397D01024,BHARTI AIRTEL LIMITED,1853.0,1878.0,1841.5,1875.7,7653632,14264406143.8,0.9875712066286898,1852.3873122734335
2026-06-18,BHARTIARTL,INE397D01024,BHARTI AIRTEL LIMITED,1878.8,1878.8,1861.8,1874.8,4262944,7977507623.2,0.9875712066286898,1851.4984981874677
2026-06-19,BHARTIARTL,INE397D01024,BHARTI AIRTEL LIMITED,1874.3,1917.5,1867.2,1910.8,15918432,30336272702.9,0.9875712066286898,1887.0510616261004
2026-06-23,BHARTIARTL,INE397D01024,BHARTI AIRTEL LIMITED,1907.6,1927.7,1896.7,1901.6,5155908,9848629239.5,0.9875712066286898,1877.9654065251164
2026-06-24,BHARTIARTL,INE397D01024,BHARTI AIRTEL LIMITED,1891.2,1894.1,1872.9,1877.3,8957457,16869915025.7,0.9875712066286898,1853.9674262040394
2026-06-25,BHARTIARTL,INE397D01024,BHARTI AIRTEL LIMITED,1885.0,1889.0,1848.0,1850.7,8521503,15859213698.7,0.9875712066286898,1827.6980321077162
2026-06-29,BHARTIARTL,INE397D01024,BHARTI AIRTEL LIMITED,1837.1,1849.8,1833.1,1841.1,10940130,20135865263.0,0.9875712066286898,1818.2173485240808
2026-06-30,BHARTIARTL,INE397D01024,BHARTI AIRTEL LIMITED,1853.0,1876.6,1843.2,1852.0,7233634,13451218056.1,0.9875712066286898,1828.9818746763335
2026-07-01,BHARTIARTL,INE397D01024,BHARTI AIRTEL LIMITED,1845.6,1887.0,1845.6,1871.0,4307333,8060578470.2,0.9875712066286898,1847.7457276022785
2026-07-02,BHARTIARTL,INE397D01024,BHARTI AIRTEL LIMITED,1860.8,1883.8,1850.2,1875.0,5282404,9845356345.3,0.9875712066286898,1851.6960124287934
2026-07-03,BHARTIARTL,INE397D01024,BHARTI AIRTEL LIMITED,1890.0,1913.0,1885.0,1910.4,5087043,9683387583.9,0.9875712066286898,1886.6560331434491
2026-07-06,BHARTIARTL,INE397D01024,BHARTI AIRTEL LIMITED,1916.8,1932.7,1915.6,1925.7,2740217,5274779529.8,0.9875712066286898,1901.765872604868
2026-07-07,BHARTIARTL,INE397D01024,BHARTI AIRTEL LIMITED,1923.5,1956.5,1917.0,1925.8,5767438,11156463291.6,0.9875712066286898,1901.8646297255307
2026-07-08,BHARTIARTL,INE397D01024,BHARTI AIRTEL LIMITED,1911.0,1924.2,1875.1,1888.1,6188780,11749840325.0,0.9875712066286898,1864.633195235629
2026-07-09,BHARTIARTL,INE397D01024,BHARTI AIRTEL LIMITED,1902.0,1966.0,1898.8,1931.1,11145066,21611857969.2,0.9875712066286898,1907.0987571206629
2026-07-10,BHARTIARTL,INE397D01024,BHARTI AIRTEL LIMITED,1930.0,1930.0,1906.0,1920.4,6420887,12305846472.4,0.9875712066286898,1896.531745209736
2026-07-13,BHARTIARTL,INE397D01024,BHARTI AIRTEL LIMITED,1914.0,1917.0,1896.7,1901.8,7862506,14981284461.0,0.9875712066286898,1878.1629207664423
2026-07-14,BHARTIARTL,INE397D01024,BHARTI AIRTEL LIMITED,1885.0,1941.1,1885.0,1936.5,6964062,13446192088.7,0.9875712066286898,1912.4316416364577
2026-07-15,BHARTIARTL,INE397D01024,BHARTI AIRTEL LIMITED,1953.7,1953.7,1916.6,1918.3,5763065,11126809423.0,0.9875712066286898,1894.4578456758156
2026-07-16,BHARTIARTL,INE397D01024,BHARTI AIRTEL LIMITED,1928.0,1936.0,1917.0,1921.8,4644787,8945510680.3,0.9875712066286898,1897.914344899016
2026-07-17,BHARTIARTL,INE397D01024,BHARTI AIRTEL LIMITED,1918.0,1925.2,1902.7,1908.8,4715613,9016155922.8,0.9875712066286898,1885.075919212843
2026-07-20,BHARTIARTL,INE397D01024,BHARTI AIRTEL LIMITED,1901.2,1942.5,1901.2,1940.1,6437294,12451764175.8,0.9875712066286898,1915.986897980321
2026-07-21,BHARTIARTL,INE397D01024,BHARTI AIRTEL LIMITED,1946.4,1952.0,1938.7,1948.4,5061312,9852305037.5,0.9875712066286898,1924.1837389953394
2026-07-22,BHARTIARTL,INE397D01024,BHARTI AIRTEL LIMITED,1942.4,1956.0,1939.5,1949.0,6589708,12824553909.4,0.9875712066286898,1924.7762817193163
2026-07-23,BHARTIARTL,INE397D01024,BHARTI AIRTEL LIMITED,1948.0,1948.9,1925.8,1931.0,5612121,10852578382.5,0.9875712066286898,1907.0
2026-07-24,BHARTIARTL,INE397D01024,BHARTI AIRTEL LIMITED,1900.2,1905.0,1878.0,1898.2,4483600,8476001400.9,1.0,1898.2
2026-07-27,BHARTIARTL,INE397D01024,BHARTI AIRTEL LIMITED,1892.0,1917.0,1890.0,1905.3,5230299,9946216546.7,1.0,1905.3
2026-07-28,BHARTIARTL,INE397D01024,BHARTI AIRTEL LIMITED,1901.0,1908.4,1892.4,1901.8,6309089,11984625934.3,1.0,1901.8
2026-07-29,BHARTIARTL,INE397D01024,BHARTI AIRTEL LIMITED,1915.2,1957.0,1913.1,1950.2,6315728,12281980300.0,1.0,1950.2
2026-07-30,BHARTIARTL,INE397D01024,BHARTI AIRTEL LIMITED,1954.0,1963.2,1943.9,1956.8,5356472,10462478796.7,1.0,1956.8
2026-07-31,BHARTIARTL,INE397D01024,BHARTI AIRTEL LIMITED,1969.0,1976.4,1947.4,1972.0,6529385,12840545617.9,1.0,1972.0
2026-08-03,BHARTIARTL,INE397D01024,BHARTI AIRTEL LIMITED,1987.4,1987.4,1943.0,1970.5,4361200,8535939553.8,1.0,1970.5
2026-08-04,BHARTIARTL,INE397D01024,BHARTI AIRTEL LIMITED,1980.0,1980.0,1936.0,1970.1,4977391,9745526967.5,1.0,1970.1
2026-08-05,BHARTIARTL,INE397D01024,BHARTI AIRTEL LIMITED,2020.0,2031.0,1951.8,1978.0,14286999,28208408058.8,1.0,1978.0
2026-08-06,BHARTIARTL,INE397D01024,BHARTI AIRTEL LIMITED,1969.0,1970.0,1944.3,1948.0,5391645,10555335317.8,1.0,1948.0
2026-08-07,BHARTIARTL,INE397D01024,BHARTI AIRTEL LIMITED,1938.3,1961.0,1938.3,1959.9,3019876,5895973991.9,1.0,1959.9
2026-08-10,BHARTIARTL,INE397D01024,BHARTI AIRTEL LIMITED,1955.0,1959.0,1935.0,1943.0,3671000,7136819899.7,1.0,1943.0
2026-08-11,BHARTIARTL,INE397D01024,BHARTI AIRTEL LIMITED,1934.8,1938.3,1914.4,1915.2,6798617,13051225122.5,1.0,1915.2
2026-08-12,BHARTIARTL,INE397D01024,BHARTI AIRTEL LIMITED,1908.6,1945.0,1901.3,1945.0,10871157,20772761627.8,1.0,1945.0
2026-08-13,BHARTIARTL,INE397D01024,BHARTI AIRTEL LIMITED,1965.0,1970.0,1930.5,1939.1,13019222,25441031186.4,1.0,1939.1
2026-08-14,BHARTIARTL,INE397D01024,BHARTI AIRTEL LIMITED,1939.1,2005.8,1932.0,1992.1,12282580,24413834493.2,1.0,1992.1
2026-08-17,BHARTIARTL,INE397D01024,BHARTI AIRTEL LIMITED,1984.2,1993.2,1969.3,1969.3,5537411,10991199835.4,1.0,1969.3
2026-08-18,BHARTIARTL,INE397D01024,BHARTI AIRTEL LIMITED,1956.7,1959.7,1923.2,1934.2,6710275,13046360028.2,1.0,1934.2
2026-08-19,BHARTIARTL,INE397D01024,BHARTI AIRTEL LIMITED,1924.8,1941.8,1922.0,1922.0,6252338,12058023677.1,1.0,1922.0
2026-08-20,BHARTIARTL,INE397D01024,BHARTI AIRTEL LIMITED,1944.0,1952.2,1933.0,1941.7,4390604,8540140969.6,1.0,1941.7
2026-08-21,BHARTIARTL,INE397D01024,BHARTI AIRTEL LIMITED,1950.0,1954.9,1940.5,1946.0,3016258,5873798892.2,1.0,1946.0
2026-08-24,BHARTIARTL,INE397D01024,BHARTI AIRTEL LIMITED,1950.0,1952.5,1932.5,1935.0,2277098,4413948252.3,1.0,1935.0
2026-08-25,BHARTIARTL,INE397D01024,BHARTI AIRTEL LIMITED,1926.0,1947.0,1923.4,1947.0,3820206,7402776825.7,1.0,1947.0
2026-08-26,BHARTIARTL,INE397D01024,BHARTI AIRTEL LIMITED,1933.5,1942.9,1902.1,1902.1,4552921,8743736819.9,1.0,1902.1
2026-08-27,BHARTIARTL,INE397D01024,BHARTI AIRTEL LIMITED,1915.0,1915.0,1878.3,1878.3,8757645,16582684344.8,1.0,1878.3
2026-08-28,BHARTIARTL,INE397D01024,BHARTI AIRTEL LIMITED,1875.7,1894.3,1867.6,1882.4,6106300,11480659564.2,1.0,1882.4
2026-08-31,BHARTIARTL,INE397D01024,BHARTI AIRTEL LIMITED,1880.0,1895.5,1811.9,1811.9,16921326,31264427404.7,1.0,1811.9
2026-09-01,BHARTIARTL,INE397D01024,BHARTI AIRTEL LIMITED,1852.0,1877.2,1848.5,1877.2,9900740,18467928231.3,1.0,1877.2
2026-09-02,BHARTIARTL,INE397D01024,BHARTI AIRTEL LIMITED,1869.0,1873.0,1854.9,1862.8,4125938,7696355020.7,1.0,1862.8
2026-09-03,BHARTIARTL,INE397D01024,BHARTI AIRTEL LIMITED,1855.6,1869.0,1855.6,1869.0,3700992,6905101156.8,1.0,1869.0
2026-09-04,BHARTIARTL,INE397D01024,BHARTI AIRTEL LIMITED,1868.1,1870.7,1840.0,1840.0,3614328,6704394530.2,1.0,1840.0
2026-09-07,BHARTIARTL,INE397D01024,BHARTI AIRTEL LIMITED,1845.0,1855.5,1830.4,1854.0,5972458,11001713330.4,1.0,1854.0
2026-09-08,BHARTIARTL,INE397D01024,BHARTI AIRTEL LIMITED,1846.2,1848.8,1829.0,1844.0,4169706,7662581575.5,1.0,1844.0
2026-09-09,BHARTIARTL,INE397D01024,BHARTI AIRTEL LIMITED,1830.5,1834.8,1813.0,1814.7,5574027,10165611329.2,1.0,1814.7
2026-09-10,BHARTIARTL,INE397D01024,BHARTI AIRTEL LIMITED,1815.1,1849.0,1814.0,1839.0,4588126,8397784272.7,1.0,1839.0
2026-09-11,BHARTIARTL,INE397D01024,BHARTI AIRTEL LIMITED,1832.0,1852.0,1830.5,1831.1,4181325,7704004262.2,1.0,1831.1
2026-09-15,BHARTIARTL,INE397D01024,BHARTI AIRTEL LIMITED,1844.0,1844.0,1819.6,1830.4,4066471,7444061033.5,1.0,1830.4
2026-09-16,BHARTIARTL,INE397D01024,BHARTI AIRTEL LIMITED,1835.8,1838.0,1818.6,1835.0,2925053,5359001019.9,1.0,1835.0
2026-09-17,BHARTIARTL,INE397D01024,BHARTI AIRTEL LIMITED,1841.8,1845.9,1827.6,1836.0,4368285,8021221872.2,1.0,1836.0
2026-09-18,BHARTIARTL,INE397D01024,BHARTI AIRTEL LIMITED,1843.0,1893.3,1835.3,1893.3,14189780,26593041077.6,1.0,1893.3
