date,symbol,isin,name,open,high,low,close,volume,turnover,adj_factor_cumulative,adj_close
2010-01-04,MARUTI,INE585B01010,,1565.0,1586.7,1546.15,1551.45,534231,832988541.45,0.873906551595198,1355.82231947237
2010-01-05,MARUTI,INE585B01010,,1563.5,1567.55,1510.0,1515.85,1407407,2153559340.25,0.873906551595198,1324.7112462355808
2010-01-06,MARUTI,INE585B01010,,1518.0,1522.8,1460.0,1461.65,1571353,2316258235.95,0.873906551595198,1277.3455111391213
2010-01-07,MARUTI,INE585B01010,,1468.0,1485.0,1450.0,1453.3,901165,1319864360.3,0.873906551595198,1270.0483914333013
2010-01-08,MARUTI,INE585B01010,,1459.0,1463.8,1421.1,1433.15,1294429,1860132265.5,0.873906551595198,1252.4391744186582
2010-01-11,MARUTI,INE585B01010,,1442.0,1462.25,1438.0,1454.75,478942,697111959.0,0.873906551595198,1271.3155559331144
2010-01-12,MARUTI,INE585B01010,,1454.75,1462.0,1435.0,1441.0,767986,1110491530.1,0.873906551595198,1259.2993408486805
2010-01-13,MARUTI,INE585B01010,,1437.0,1449.5,1410.8,1428.75,612474,874919857.5,0.873906551595198,1248.5939855916392
2010-01-14,MARUTI,INE585B01010,,1439.0,1443.25,1411.0,1414.85,480493,685110725.75,0.873906551595198,1236.4466845244658
2010-01-15,MARUTI,INE585B01010,,1410.0,1442.9,1408.15,1413.45,723389,1031365931.15,0.873906551595198,1235.2232153522327
2010-01-18,MARUTI,INE585B01010,,1409.0,1447.0,1407.0,1429.35,916180,1312907219.6,0.873906551595198,1249.1183295225962
2010-01-19,MARUTI,INE585B01010,,1435.0,1450.0,1413.1,1419.3,1009858,1444625652.7,0.873906551595198,1240.3355686790646
2010-01-20,MARUTI,INE585B01010,,1428.8,1465.0,1421.0,1458.35,1376326,1988403870.35,0.873906551595198,1274.4616195188569
2010-01-21,MARUTI,INE585B01010,,1445.0,1480.0,1440.0,1452.75,1220211,1783746740.95,0.873906551595198,1269.5677428299239
2010-01-22,MARUTI,INE585B01010,,1440.0,1457.0,1405.0,1444.45,650256,932634815.0,0.873906551595198,1262.314318451684
2010-01-25,MARUTI,INE585B01010,,1412.0,1475.0,1412.0,1446.2,851324,1237717063.6,0.873906551595198,1263.8436549169755
2010-01-27,MARUTI,INE585B01010,,1431.0,1447.0,1350.3,1369.8,1180230,1647997954.05,0.873906551595198,1197.0771943751022
2010-01-28,MARUTI,INE585B01010,,1377.0,1399.0,1362.05,1378.3,835498,1153736670.65,0.873906551595198,1204.5054000636615
2010-01-29,MARUTI,INE585B01010,,1374.4,1399.0,1332.0,1389.45,468949,645324680.8,0.873906551595198,1214.2494581139479
2010-02-01,MARUTI,INE585B01010,,1389.0,1419.7,1375.25,1398.95,584347,818810790.45,0.873906551595198,1222.5515703541023
2010-02-02,MARUTI,INE585B01010,,1418.25,1418.25,1360.0,1373.55,573306,796861711.7,0.873906551595198,1200.3543439435841
2010-02-03,MARUTI,INE585B01010,,1365.0,1384.9,1360.2,1377.25,594119,816539293.35,0.873906551595198,1203.5877981844865
2010-02-04,MARUTI,INE585B01010,,1370.0,1385.0,1355.0,1365.15,453970,622458238.75,0.873906551595198,1193.0135289101847
2010-02-05,MARUTI,INE585B01010,,1349.5,1378.05,1320.25,1358.9,471270,637415363.2,0.873906551595198,1187.5516129627147
2010-02-08,MARUTI,INE585B01010,,1375.1,1388.8,1347.2,1362.05,555655,758306035.9,0.873906551595198,1190.3044186002394
2010-02-09,MARUTI,INE585B01010,,1355.0,1374.0,1342.5,1352.75,491001,666276041.75,0.873906551595198,1182.177087670404
2010-02-10,MARUTI,INE585B01010,,1355.0,1368.6,1328.25,1333.9,433681,585353496.95,0.873906551595198,1165.7039491728347
2010-02-11,MARUTI,INE585B01010,,1330.1,1363.5,1330.1,1356.35,289022,390748150.15,0.873906551595198,1185.3231512561467
2010-02-15,MARUTI,INE585B01010,,1364.0,1368.8,1330.1,1336.0,288768,389126006.55,0.873906551595198,1167.5391529311846
2010-02-16,MARUTI,INE585B01010,,1339.7,1370.45,1334.0,1357.35,322869,434847697.75,0.873906551595198,1186.1970578077419
2010-02-17,MARUTI,INE585B01010,,1369.95,1386.9,1365.3,1380.25,371999,512794303.85,0.873906551595198,1206.2095178392722
2010-02-18,MARUTI,INE585B01010,,1390.0,1390.0,1349.0,1359.65,323684,440083872.3,0.873906551595198,1188.2070428764112
2010-02-19,MARUTI,INE585B01010,,1354.0,1381.0,1335.0,1371.0,399798,547464142.55,0.873906551595198,1198.1258822370164
2010-02-22,MARUTI,INE585B01010,,1380.0,1403.0,1378.3,1386.25,385247,536626244.85,0.873906551595198,1211.4529571488433
2010-02-23,MARUTI,INE585B01010,,1369.85,1389.0,1317.7,1335.75,484780,657212436.0,0.873906551595198,1167.3206762932857
2010-02-24,MARUTI,INE585B01010,,1325.0,1388.85,1317.65,1365.4,827260,1115283371.35,0.873906551595198,1193.2320055480834
2010-02-25,MARUTI,INE585B01010,,1374.2,1407.9,1358.0,1399.9,794244,1099196907.75,0.873906551595198,1223.3817815781179
2010-02-26,MARUTI,INE585B01010,,1398.8,1490.0,1375.0,1459.95,1711733,2460957705.3,0.873906551595198,1275.8598700014095
2010-03-02,MARUTI,INE585B01010,,1472.0,1501.0,1462.55,1491.1,1321957,1966384074.2,0.873906551595198,1303.0820590835997
2010-03-03,MARUTI,INE585B01010,,1496.0,1500.9,1460.65,1476.5,809671,1194894152.1,0.873906551595198,1290.3230234303098
2010-03-04,MARUTI,INE585B01010,,1477.0,1489.0,1452.1,1457.15,413804,604529528.35,0.873906551595198,1273.4129316569429
2010-03-05,MARUTI,INE585B01010,,1467.0,1474.4,1447.7,1457.05,353414,515948659.8,0.873906551595198,1273.3255410017832
2010-03-08,MARUTI,INE585B01010,,1473.7,1492.3,1463.0,1478.15,515595,760588040.3,0.873906551595198,1291.764969240442
2010-03-09,MARUTI,INE585B01010,,1480.0,1509.15,1471.0,1499.5,875543,1311014704.15,0.873906551595198,1310.4228741169995
2010-03-10,MARUTI,INE585B01010,,1508.0,1519.8,1470.0,1479.85,976355,1460072510.75,0.873906551595198,1293.2506103781536
2010-03-11,MARUTI,INE585B01010,,1470.05,1484.95,1455.0,1464.2,554034,812948498.75,0.873906551595198,1279.573972845689
2010-03-12,MARUTI,INE585B01010,,1470.0,1487.5,1460.0,1463.6,334671,492610994.7,0.873906551595198,1279.0496289147318
2010-03-15,MARUTI,INE585B01010,,1464.0,1464.8,1426.15,1446.1,445078,642419690.0,0.873906551595198,1263.7562642618159
2010-03-16,MARUTI,INE585B01010,,1459.8,1462.8,1436.45,1458.8,256298,371704413.65,0.873906551595198,1274.8548774670749
2010-03-17,MARUTI,INE585B01010,,1465.0,1473.75,1428.65,1433.5,648678,938843570.7,0.873906551595198,1252.7450417117163
2010-03-18,MARUTI,INE585B01010,,1444.0,1446.0,1409.0,1421.7,631915,897452353.2,0.873906551595198,1242.432944402893
2010-03-19,MARUTI,INE585B01010,,1428.0,1434.3,1421.0,1429.3,286967,410131965.0,0.873906551595198,1249.0746341950164
2010-03-22,MARUTI,INE585B01010,,1420.0,1423.8,1391.0,1397.45,470482,661483696.05,0.873906551595198,1221.2407105267096
2010-03-23,MARUTI,INE585B01010,,1404.95,1412.2,1388.0,1393.4,313873,439123737.5,0.873906551595198,1217.7013889927491
2010-03-25,MARUTI,INE585B01010,,1390.0,1397.85,1360.0,1370.15,656336,900849248.8,0.873906551595198,1197.3830616681607
2010-03-26,MARUTI,INE585B01010,,1372.0,1413.0,1368.05,1396.85,576501,806923897.25,0.873906551595198,1220.7163665957523
2010-03-29,MARUTI,INE585B01010,,1409.8,1437.8,1397.2,1427.45,628028,890579326.2,0.873906551595198,1247.4579070745656
2010-03-30,MARUTI,INE585B01010,,1400.0,1446.0,1400.0,1407.65,354798,505415151.3,0.873906551595198,1230.1545573529806
2010-03-31,MARUTI,INE585B01010,,1391.55,1423.5,1349.0,1417.95,320921,453798520.45,0.873906551595198,1239.1557948344112
2010-04-01,MARUTI,INE585B01010,,1425.0,1429.0,1386.25,1393.15,477130,667846651.7,0.873906551595198,1217.4829123548502
2010-04-05,MARUTI,INE585B01010,,1399.5,1409.0,1386.3,1397.35,409185,570824875.65,0.873906551595198,1221.15331987155
2010-04-06,MARUTI,INE585B01010,,1410.0,1410.0,1373.25,1376.65,343707,475436110.25,0.873906551595198,1203.0634542535295
2010-04-07,MARUTI,INE585B01010,,1389.7,1407.0,1368.0,1402.9,634823,884911390.3,0.873906551595198,1226.0035012329033
2010-04-08,MARUTI,INE585B01010,,1247.7,1412.0,1247.7,1384.1,410233,572553790.35,0.873906551595198,1209.5740580629135
2010-04-09,MARUTI,INE585B01010,,1396.0,1399.0,1370.25,1377.65,441989,610530043.7,0.873906551595198,1203.9373608051246
2010-04-12,MARUTI,INE585B01010,,1398.0,1408.8,1363.5,1371.55,401803,553660708.55,0.873906551595198,1198.6065308403938
2010-04-13,MARUTI,INE585B01010,,1375.0,1376.8,1352.8,1363.3,309664,421623422.8,0.873906551595198,1191.3968017897334
2010-04-15,MARUTI,INE585B01010,,1371.0,1378.9,1350.0,1354.85,296630,405029031.8,0.873906551595198,1184.012291428754
2010-04-16,MARUTI,INE585B01010,,1350.75,1361.7,1345.0,1351.15,220122,297748037.8,0.873906551595198,1180.7788371878519
2010-04-19,MARUTI,INE585B01010,,1352.6,1352.6,1324.2,1332.3,239032,318805977.85,0.873906551595198,1164.3056986902823
2010-04-20,MARUTI,INE585B01010,,1340.0,1366.05,1332.0,1352.35,379984,513566040.3,0.873906551595198,1181.8275250497659
2010-04-21,MARUTI,INE585B01010,,1350.0,1380.0,1350.0,1377.45,314739,430210645.55,0.873906551595198,1203.7625794948055
2010-04-22,MARUTI,INE585B01010,,1375.0,1399.8,1364.5,1379.35,483673,670104300.75,0.873906551595198,1205.4230019428364
2010-04-23,MARUTI,INE585B01010,,1380.0,1388.7,1355.05,1361.35,268925,369088686.7,0.873906551595198,1189.6926840141227
2010-04-26,MARUTI,INE585B01010,,1370.0,1385.4,1327.05,1333.7,1940724,2615821390.5,0.873906551595198,1165.5291678625156
2010-04-27,MARUTI,INE585B01010,,1329.0,1335.15,1280.0,1283.3,2351290,3038708789.65,0.873906551595198,1121.4842776621176
2010-04-28,MARUTI,INE585B01010,,1275.0,1287.8,1255.0,1270.35,1214131,1542615057.8,0.873906551595198,1110.1671878189597
2010-04-29,MARUTI,INE585B01010,,1273.1,1294.7,1272.0,1289.4,815734,1050372300.35,0.873906551595198,1126.8151076268484
2010-04-30,MARUTI,INE585B01010,,1300.0,1300.0,1275.1,1279.7,441044,568354869.15,0.873906551595198,1118.338214076375
2010-05-03,MARUTI,INE585B01010,,1275.0,1294.25,1263.35,1281.45,599874,769395059.35,0.873906551595198,1119.8675505416666
2010-05-04,MARUTI,INE585B01010,,1288.0,1297.45,1257.5,1265.35,457051,582767747.5,0.873906551595198,1105.7976550609837
2010-05-05,MARUTI,INE585B01010,,1247.7,1290.0,1233.8,1282.55,550720,696754492.45,0.873906551595198,1120.8288477484211
2010-05-06,MARUTI,INE585B01010,,1284.0,1289.0,1265.25,1278.5,394583,504017957.45,0.873906551595198,1117.2895262144607
2010-05-07,MARUTI,INE585B01010,,1261.0,1288.0,1250.0,1279.0,488321,622475381.7,0.873906551595198,1117.7264794902583
2010-05-10,MARUTI,INE585B01010,,1291.2,1299.9,1276.7,1295.45,563998,728907935.15,0.873906551595198,1132.1022422639994
2010-05-11,MARUTI,INE585B01010,,1300.0,1300.0,1265.0,1268.1,395084,505565048.05,0.873906551595198,1108.2008980778705
2010-05-12,MARUTI,INE585B01010,,1270.0,1286.8,1262.0,1265.25,589711,750607357.35,0.873906551595198,1105.7102644058243
2010-05-13,MARUTI,INE585B01010,,1275.0,1285.6,1270.35,1275.8,662614,847646842.65,0.873906551595198,1114.9299785251535
2010-05-14,MARUTI,INE585B01010,,1269.0,1281.0,1246.9,1259.5,443386,561639381.95,0.873906551595198,1100.6853017341518
2010-05-17,MARUTI,INE585B01010,,1250.0,1254.8,1237.05,1241.5,322917,402258863.5,0.873906551595198,1084.9549838054384
2010-05-18,MARUTI,INE585B01010,,1241.3,1252.45,1236.0,1242.45,462417,574271875.95,0.873906551595198,1085.785195029454
2010-05-19,MARUTI,INE585B01010,,1234.7,1254.0,1221.0,1226.8,496232,613206050.45,0.873906551595198,1072.1085574969889
2010-05-20,MARUTI,INE585B01010,,1238.8,1239.3,1198.6,1208.35,485640,591823452.8,0.873906551595198,1055.9849816200574
2010-05-21,MARUTI,INE585B01010,,1176.0,1245.0,1170.0,1238.55,744951,902499398.1,0.873906551595198,1082.3769594782325
2010-05-24,MARUTI,INE585B01010,,1254.9,1259.0,1205.0,1215.65,263273,324799358.15,0.873906551595198,1062.3644994467027
2010-05-25,MARUTI,INE585B01010,,1201.2,1211.0,1177.6,1198.75,457431,544742141.9,0.873906551595198,1047.5954787247435
2010-05-26,MARUTI,INE585B01010,,1195.0,1224.0,1184.15,1200.7,584220,701800793.2,0.873906551595198,1049.2995965003543
2010-05-27,MARUTI,INE585B01010,,1205.0,1248.75,1191.0,1238.15,982229,1207033909.6,0.873906551595198,1082.0273968575946
2010-05-28,MARUTI,INE585B01010,,1243.0,1244.8,1216.2,1225.2,330714,405441845.8,0.873906551595198,1070.7103070144367
2010-05-31,MARUTI,INE585B01010,,1236.0,1240.0,1224.65,1236.85,233634,288264919.85,0.873906551595198,1080.8913183405207
2010-06-01,MARUTI,INE585B01010,,1235.0,1297.0,1231.05,1257.0,1452405,1843764140.9,0.873906551595198,1098.500535355164
2010-06-02,MARUTI,INE585B01010,,1261.0,1286.0,1261.0,1278.25,785644,1003081692.35,0.873906551595198,1117.0710495765618
2010-06-03,MARUTI,INE585B01010,,1288.0,1310.0,1287.0,1296.8,686347,892635748.45,0.873906551595198,1133.2820161086527
2010-06-04,MARUTI,INE585B01010,,1304.0,1335.0,1290.0,1330.05,883335,1162808573.6,0.873906551595198,1162.339408949193
2010-06-07,MARUTI,INE585B01010,,1282.1,1319.8,1280.8,1315.45,464373,607015211.1,0.873906551595198,1149.5803732959032
2010-06-08,MARUTI,INE585B01010,,1319.9,1337.5,1286.5,1294.35,608641,802427835.2,0.873906551595198,1131.1409450572446
2010-06-09,MARUTI,INE585B01010,,1295.65,1317.5,1290.05,1303.0,403149,526542853.55,0.873906551595198,1138.7002367285431
2010-06-10,MARUTI,INE585B01010,,1316.0,1349.8,1296.0,1346.15,910604,1210105482.05,0.873906551595198,1176.4093044298759
2010-06-11,MARUTI,INE585B01010,,1347.0,1364.0,1340.0,1356.65,733725,992810849.35,0.873906551595198,1185.5853232216255
2010-06-14,MARUTI,INE585B01010,,1364.0,1367.0,1344.0,1355.45,245161,331815701.15,0.873906551595198,1184.5366353597112
2010-06-15,MARUTI,INE585B01010,,1355.0,1359.85,1332.1,1342.9,316340,425315910.35,0.873906551595198,1173.5691081371915
2010-06-16,MARUTI,INE585B01010,,1349.0,1369.9,1332.6,1364.45,616333,836524592.4,0.873906551595198,1192.401794324068
2010-06-17,MARUTI,INE585B01010,,1369.0,1387.0,1356.5,1379.75,428095,586949523.85,0.873906551595198,1205.7725645634746
2010-06-18,MARUTI,INE585B01010,,1374.7,1383.0,1347.0,1351.15,557649,758249585.95,0.873906551595198,1180.7788371878519
2010-06-21,MARUTI,INE585B01010,,1362.0,1383.0,1358.65,1376.25,312694,429689294.85,0.873906551595198,1202.7138916328913
2010-06-22,MARUTI,INE585B01010,,1367.5,1380.0,1360.0,1369.05,235521,323235915.75,0.873906551595198,1196.421764461406
2010-06-23,MARUTI,INE585B01010,,1365.0,1414.0,1360.0,1407.35,860773,1202116140.5,0.873906551595198,1229.892385387502
2010-06-24,MARUTI,INE585B01010,,1410.0,1416.9,1371.0,1386.95,1361910,1892846779.05,0.873906551595198,1212.06469173496
2010-06-25,MARUTI,INE585B01010,,1382.0,1421.9,1376.0,1396.8,1336002,1877647172.75,0.873906551595198,1220.6726712681725
2010-06-28,MARUTI,INE585B01010,,1398.0,1403.8,1380.35,1394.75,292395,406122889.05,0.873906551595198,1218.8811628374024
2010-06-29,MARUTI,INE585B01010,,1390.0,1409.9,1380.25,1388.95,362725,505565360.25,0.873906551595198,1213.8125048381503
2010-06-30,MARUTI,INE585B01010,,1370.0,1433.95,1370.0,1423.75,735102,1034192406.8,0.873906551595198,1244.2244528336632
2010-07-01,MARUTI,INE585B01010,,1424.3,1424.3,1380.0,1400.9,637323,891905085.05,0.873906551595198,1224.255688129713
2010-07-02,MARUTI,INE585B01010,,1400.0,1425.8,1381.0,1415.9,580326,820588461.4,0.873906551595198,1237.364286403641
2010-07-05,MARUTI,INE585B01010,,1415.9,1415.9,1392.2,1396.1,196977,276253861.5,0.873906551595198,1220.0609366820559
2010-07-06,MARUTI,INE585B01010,,1396.0,1396.0,1385.0,1392.35,261295,363318679.0,0.873906551595198,1216.783787113574
2010-07-07,MARUTI,INE585B01010,,1392.0,1409.8,1372.25,1380.0,350245,488060986.65,0.873906551595198,1205.9910412013733
2010-07-08,MARUTI,INE585B01010,,1392.2,1408.9,1387.9,1403.4,419025,586436478.6,0.873906551595198,1226.440454508701
2010-07-09,MARUTI,INE585B01010,,1400.0,1429.75,1395.0,1424.25,615302,871210216.35,0.873906551595198,1244.6614061094608
2010-07-12,MARUTI,INE585B01010,,1435.0,1435.0,1405.8,1409.35,271217,384308545.2,0.873906551595198,1231.6401984906922
2010-07-13,MARUTI,INE585B01010,,1415.05,1415.9,1391.05,1409.1,284452,399291871.55,0.873906551595198,1231.4217218527936
2010-07-14,MARUTI,INE585B01010,,1417.0,1423.45,1386.6,1393.6,182512,256212018.95,0.873906551595198,1217.876170303068
2010-07-15,MARUTI,INE585B01010,,1415.0,1415.0,1371.0,1375.25,308916,426359398.4,0.873906551595198,1201.8399850812962
2010-07-16,MARUTI,INE585B01010,,1372.9,1382.7,1364.0,1374.1,184121,253005206.9,0.873906551595198,1200.8349925469615
2010-07-19,MARUTI,INE585B01010,,1335.0,1387.9,1335.0,1363.3,220018,301310221.55,0.873906551595198,1191.3968017897334
2010-07-20,MARUTI,INE585B01010,,1395.0,1395.0,1351.1,1358.5,141510,193496335.3,0.873906551595198,1187.2020503420765
2010-07-21,MARUTI,INE585B01010,,1369.0,1379.9,1359.1,1362.4,293180,401120314.1,0.873906551595198,1190.610285893298
2010-07-22,MARUTI,INE585B01010,,1379.9,1380.0,1345.25,1354.15,514174,696501698.55,0.873906551595198,1183.4005568426376
2010-07-23,MARUTI,INE585B01010,,1365.0,1372.7,1346.3,1358.2,736077,999551899.15,0.873906551595198,1186.939878376598
2010-07-26,MARUTI,INE585B01010,,1302.3,1317.5,1126.85,1191.45,6485230,7869570231.4,0.873906551595198,1041.2159608980987
2010-07-27,MARUTI,INE585B01010,,1190.0,1239.9,1182.0,1207.5,4499525,5448506878.1,0.873906551595198,1055.2421610512017
2010-07-28,MARUTI,INE585B01010,,1210.0,1223.7,1200.0,1202.6,848412,1027450056.25,0.873906551595198,1050.9600189483851
2010-07-29,MARUTI,INE585B01010,,1205.0,1214.45,1190.1,1197.75,1600687,1925140649.9,0.873906551595198,1046.7215721731484
2010-07-30,MARUTI,INE585B01010,,1199.0,1212.9,1192.55,1198.6,553516,665869814.1,0.873906551595198,1047.4643927420043
2010-08-02,MARUTI,INE585B01010,,1211.0,1218.5,1202.2,1209.9,660849,799423623.55,0.873906551595198,1057.3395367750302
2010-08-03,MARUTI,INE585B01010,,1223.45,1224.0,1210.05,1213.2,461037,560126675.05,0.873906551595198,1060.2234283952944
2010-08-04,MARUTI,INE585B01010,,1214.0,1221.0,1206.4,1213.6,581630,706365867.3,0.873906551595198,1060.5729910159323
2010-08-05,MARUTI,INE585B01010,,1218.0,1240.95,1217.5,1225.75,875377,1078149287.0,0.873906551595198,1071.190955617814
2010-08-06,MARUTI,INE585B01010,,1230.0,1235.55,1218.5,1221.4,358993,440083575.5,0.873906551595198,1067.389462118375
2010-08-09,MARUTI,INE585B01010,,1216.7,1234.0,1215.75,1232.1,365489,448292139.65,0.873906551595198,1076.7402622204434
2010-08-10,MARUTI,INE585B01010,,1230.0,1237.95,1222.0,1227.25,291160,358142643.85,0.873906551595198,1072.5018154452068
2010-08-11,MARUTI,INE585B01010,,1227.0,1234.9,1211.05,1215.2,668240,812701811.15,0.873906551595198,1061.9712414984847
2010-08-12,MARUTI,INE585B01010,,1209.0,1232.7,1203.5,1226.0,334170,406481003.25,0.873906551595198,1071.4094322557128
2010-08-13,MARUTI,INE585B01010,,1230.0,1254.4,1222.5,1249.15,683945,850389611.8,0.873906551595198,1091.6403689251417
2010-08-16,MARUTI,INE585B01010,,1249.0,1271.8,1245.0,1256.55,537805,677711327.8,0.873906551595198,1098.107277406946
2010-08-17,MARUTI,INE585B01010,,1260.0,1267.0,1245.45,1253.55,311850,391927970.95,0.873906551595198,1095.4855577521605
2010-08-18,MARUTI,INE585B01010,,1258.85,1264.15,1251.0,1254.35,182885,229358341.45,0.873906551595198,1096.1846829934366
2010-08-19,MARUTI,INE585B01010,,1261.8,1267.85,1250.05,1251.65,202683,254659175.9,0.873906551595198,1093.8251353041296
2010-08-20,MARUTI,INE585B01010,,1248.0,1257.0,1238.0,1239.7,152662,190178121.8,0.873906551595198,1083.3819520125671
2010-08-23,MARUTI,INE585B01010,,1240.4,1252.75,1236.0,1245.1,148100,184596529.65,0.873906551595198,1088.101047391181
2010-08-24,MARUTI,INE585B01010,,1255.0,1255.0,1225.0,1233.05,215635,265819037.65,0.878138203043484,1082.7883112627678
2010-08-25,MARUTI,INE585B01010,,1236.4,1242.0,1216.1,1220.05,198994,243438391.95,0.878138203043484,1071.3725146232025
2010-08-26,MARUTI,INE585B01010,,1223.65,1234.75,1212.6,1227.2,962065,1179918011.95,0.878138203043484,1077.6512027749636
2010-08-27,MARUTI,INE585B01010,,1218.0,1245.0,1210.05,1218.7,209560,257963600.0,0.878138203043484,1070.187028049094
2010-08-30,MARUTI,INE585B01010,,1222.0,1247.8,1222.0,1235.35,322578,399123451.25,0.878138203043484,1084.8080291297679
2010-08-31,MARUTI,INE585B01010,,1234.35,1264.45,1228.0,1257.5,478908,597399732.5,0.878138203043484,1104.258790327181
2010-09-01,MARUTI,INE585B01010,,1262.0,1281.15,1262.0,1272.75,688890,876610996.85,0.878138203043484,1117.6503979235943
2010-09-02,MARUTI,INE585B01010,,1276.0,1291.95,1273.5,1276.7,480517,617150957.15,0.878138203043484,1121.119043825616
2010-09-03,MARUTI,INE585B01010,,1277.0,1284.0,1213.65,1272.1,209238,266494152.1,0.878138203043484,1117.079608091616
2010-09-06,MARUTI,INE585B01010,,1280.0,1313.0,1277.35,1302.55,446653,578816423.05,0.878138203043484,1143.81891637429
2010-09-07,MARUTI,INE585B01010,,1305.0,1328.75,1304.45,1315.4,441540,581945607.4,0.878138203043484,1155.1029922833989
2010-09-08,MARUTI,INE585B01010,,1319.7,1336.9,1303.0,1307.5,372456,490657064.2,0.878138203043484,1148.1657004793553
2010-09-09,MARUTI,INE585B01010,,1312.0,1321.0,1307.5,1314.8,244342,321325018.5,0.878138203043484,1154.5761093615727
2010-09-13,MARUTI,INE585B01010,,1325.0,1333.0,1314.15,1328.15,235561,311664746.8,0.878138203043484,1166.2992543722034
2010-09-14,MARUTI,INE585B01010,,1330.15,1367.9,1330.15,1346.5,1528650,2068663538.75,0.878138203043484,1182.4130903980513
2010-09-15,MARUTI,INE585B01010,,1349.0,1380.0,1348.7,1368.65,1032922,1411401944.4,0.878138203043484,1201.8638515954644
2010-09-16,MARUTI,INE585B01010,,1360.0,1405.4,1358.9,1397.3,1238076,1717885854.45,0.878138203043484,1227.0225111126601
2010-09-17,MARUTI,INE585B01010,,1400.0,1414.2,1382.0,1388.35,322006,448790761.65,0.878138203043484,1219.1631741954209
2010-09-20,MARUTI,INE585B01010,,1390.0,1405.0,1380.0,1398.9,542217,752845910.05,0.878138203043484,1228.42753223753
2010-09-21,MARUTI,INE585B01010,,1400.05,1417.9,1387.1,1413.1,582679,819006278.05,0.878138203043484,1240.8970947207472
2010-09-22,MARUTI,INE585B01010,,1420.25,1470.0,1420.25,1463.85,1288474,1872357215.75,0.878138203043484,1285.462608525204
2010-09-23,MARUTI,INE585B01010,,1465.0,1470.0,1444.45,1458.6,494100,718186988.5,0.878138203043484,1280.8523829592257
2010-09-24,MARUTI,INE585B01010,,1465.0,1485.0,1460.1,1481.75,609319,899567772.6,0.878138203043484,1301.1812823596824
2010-09-27,MARUTI,INE585B01010,,1494.0,1495.0,1472.0,1479.1,371002,549388312.4,0.878138203043484,1298.8542161216171
2010-09-28,MARUTI,INE585B01010,,1452.0,1484.6,1452.0,1468.1,405994,598209221.3,0.878138203043484,1289.1946958881388
2010-09-29,MARUTI,INE585B01010,,1452.0,1481.95,1425.2,1430.05,413917,598892763.0,0.878138203043484,1255.7815372623343
2010-09-30,MARUTI,INE585B01010,,1440.0,1497.25,1390.35,1440.9,457480,657203640.45,0.878138203043484,1265.3093367653562
2010-10-01,MARUTI,INE585B01010,,1456.0,1491.8,1451.0,1479.95,736838,1091534347.6,0.878138203043484,1299.6006335942043
2010-10-04,MARUTI,INE585B01010,,1490.0,1498.0,1475.3,1480.15,246301,365921569.9,0.878138203043484,1299.7762612348129
2010-10-05,MARUTI,INE585B01010,,1486.0,1524.0,1478.2,1503.35,620564,934526677.75,0.878138203043484,1320.1490675454215
2010-10-06,MARUTI,INE585B01010,,1510.0,1529.0,1507.0,1516.7,361329,548339139.55,0.878138203043484,1331.8722125560523
2010-10-07,MARUTI,INE585B01010,,1519.05,1524.4,1485.0,1490.1,288753,434482412.85,0.878138203043484,1308.5137363550955
2010-10-08,MARUTI,INE585B01010,,1492.0,1507.0,1472.3,1497.2,208208,310204080.45,0.878138203043484,1314.7485175967042
2010-10-11,MARUTI,INE585B01010,,1508.1,1526.25,1495.0,1517.25,307964,465493081.5,0.878138203043484,1332.3551885677261
2010-10-12,MARUTI,INE585B01010,,1519.95,1529.0,1503.25,1520.05,355625,540185994.45,0.878138203043484,1334.8139755362479
2010-10-13,MARUTI,INE585B01010,,1525.0,1566.8,1518.0,1558.4,1201084,1865792181.2,0.878138203043484,1368.4905756229655
2010-10-14,MARUTI,INE585B01010,,1560.05,1574.4,1541.35,1557.4,647855,1009600682.4,0.878138203043484,1367.6124374199221
2010-10-15,MARUTI,INE585B01010,,1555.0,1560.55,1481.85,1518.9,597943,918375365.25,0.878138203043484,1333.8041166027479
2010-10-18,MARUTI,INE585B01010,,1515.0,1520.0,1482.6,1491.55,388544,582274018.05,0.878138203043484,1309.7870367495086
2010-10-19,MARUTI,INE585B01010,,1495.05,1515.0,1481.05,1494.85,243570,364921674.85,0.878138203043484,1312.684892819552
2010-10-20,MARUTI,INE585B01010,,1490.0,1508.0,1485.0,1490.7,151275,226567709.45,0.878138203043484,1309.0406192769217
2010-10-21,MARUTI,INE585B01010,,1500.0,1519.0,1481.3,1513.65,208642,314333581.1,0.878138203043484,1329.1938910367696
2010-10-22,MARUTI,INE585B01010,,1515.0,1525.0,1495.0,1503.3,133665,201920375.8,0.878138203043484,1320.1051606352694
2010-10-25,MARUTI,INE585B01010,,1504.9,1525.9,1500.2,1507.0,151666,229964570.65,0.878138203043484,1323.3542719865304
2010-10-26,MARUTI,INE585B01010,,1517.95,1585.0,1511.0,1566.8,2316413,3603824829.9,0.878138203043484,1375.8669365285307
2010-10-27,MARUTI,INE585B01010,,1567.15,1570.0,1507.2,1525.6,794179,1224220914.2,0.878138203043484,1339.6876425631392
2010-10-28,MARUTI,INE585B01010,,1529.7,1549.0,1515.0,1534.8,665095,1021743135.5,0.878138203043484,1347.7665140311392
2010-10-29,MARUTI,INE585B01010,,1534.8,1559.0,1516.05,1551.6,236775,364006039.35,0.878138203043484,1362.5192358422696
2010-11-01,MARUTI,INE585B01010,,1560.0,1560.0,1482.5,1508.3,875788,1324261223.65,0.878138203043484,1324.4958516504869
2010-11-02,MARUTI,INE585B01010,,1509.85,1524.0,1488.0,1493.4,345655,520338122.4,0.878138203043484,1311.4115924251391
2010-11-03,MARUTI,INE585B01010,,1497.55,1508.6,1487.0,1496.1,235501,352866416.1,0.878138203043484,1313.7825655733564
2010-11-04,MARUTI,INE585B01010,,1501.0,1514.0,1496.05,1507.6,352793,531774052.1,0.878138203043484,1323.8811549083564
2010-11-05,MARUTI,INE585B01010,,1525.0,1525.0,1507.0,1512.35,40103,60712081.2,0.878138203043484,1328.052311372813
2010-11-08,MARUTI,INE585B01010,,1515.0,1519.0,1486.0,1488.6,228488,341196375.5,0.878138203043484,1307.1965290505302
2010-11-09,MARUTI,INE585B01010,,1490.0,1506.0,1466.0,1471.95,382790,567310734.2,0.878138203043484,1292.5755279698562
2010-11-10,MARUTI,INE585B01010,,1475.0,1478.0,1460.05,1475.1,209770,308580654.6,0.878138203043484,1295.3416633094432
2010-11-11,MARUTI,INE585B01010,,1485.0,1487.5,1465.2,1470.4,217656,321238790.45,0.878138203043484,1291.214413755139
2010-11-12,MARUTI,INE585B01010,,1463.0,1469.0,1444.05,1454.5,213197,310285816.15,0.878138203043484,1277.2520163267475
2010-11-15,MARUTI,INE585B01010,,1452.0,1459.15,1424.0,1436.9,133347,191222274.0,0.878138203043484,1261.7967839531823
2010-11-16,MARUTI,INE585B01010,,1444.95,1449.35,1385.55,1400.65,382476,540609679.05,0.878138203043484,1229.964274092856
2010-11-18,MARUTI,INE585B01010,,1409.85,1437.7,1376.7,1430.35,359749,508404628.55,0.878138203043484,1256.0449787232474
2010-11-19,MARUTI,INE585B01010,,1433.9,1433.9,1397.1,1405.4,235528,332614063.95,0.878138203043484,1234.1354305573125
2010-11-22,MARUTI,INE585B01010,,1410.0,1428.0,1395.0,1420.95,145576,205732828.0,0.878138203043484,1247.7904796146386
2010-11-23,MARUTI,INE585B01010,,1415.0,1453.85,1396.9,1441.5,331033,470194919.6,0.878138203043484,1265.8362196871822
2010-11-24,MARUTI,INE585B01010,,1440.0,1467.0,1403.15,1416.05,202980,293535108.5,0.878138203043484,1243.4876024197256
2010-11-25,MARUTI,INE585B01010,,1416.15,1427.9,1371.35,1380.1,407030,566460372.5,0.878138203043484,1211.918534020312
2010-11-26,MARUTI,INE585B01010,,1386.0,1389.9,1336.0,1367.0,199109,271176183.4,0.878138203043484,1200.4149235604427
2010-11-29,MARUTI,INE585B01010,,1370.0,1417.4,1365.3,1406.05,143095,198642638.75,0.878138203043484,1234.7062203892906
2010-11-30,MARUTI,INE585B01010,,1406.05,1428.75,1376.45,1422.0,215559,304217707.35,0.878138203043484,1248.7125247278343
2010-12-01,MARUTI,INE585B01010,,1420.0,1446.5,1402.15,1414.1,414015,589527675.75,0.878138203043484,1241.7752329237906
2010-12-02,MARUTI,INE585B01010,,1437.3,1437.3,1403.4,1408.85,234362,331572470.95,0.878138203043484,1237.1650073578123
2010-12-03,MARUTI,INE585B01010,,1410.0,1419.8,1391.3,1400.6,228411,320082458.1,0.878138203043484,1229.9203671827036
2010-12-06,MARUTI,INE585B01010,,1417.0,1417.0,1391.0,1408.1,129508,182349048.5,0.878138203043484,1236.5064037055297
2010-12-07,MARUTI,INE585B01010,,1410.0,1446.7,1408.7,1428.65,376506,538654255.25,0.878138203043484,1254.5521437780735
2010-12-08,MARUTI,INE585B01010,,1430.0,1444.7,1392.15,1417.15,309194,438528562.15,0.878138203043484,1244.4535544430735
2010-12-09,MARUTI,INE585B01010,,1406.0,1415.0,1383.25,1391.15,228112,317448966.15,0.878138203043484,1221.6219611639428
2010-12-10,MARUTI,INE585B01010,,1390.0,1418.85,1365.7,1413.25,156706,218987823.15,0.878138203043484,1241.0288154512039
2010-12-13,MARUTI,INE585B01010,,1420.0,1434.05,1402.0,1421.85,202845,288187040.3,0.878138203043484,1248.5808039973776
2010-12-14,MARUTI,INE585B01010,,1420.05,1435.0,1406.0,1413.85,112041,159006746.35,0.878138203043484,1241.5556983730298
2010-12-15,MARUTI,INE585B01010,,1414.0,1414.95,1387.6,1395.0,222327,310991938.8,0.878138203043484,1225.00279324566
2010-12-16,MARUTI,INE585B01010,,1398.0,1399.0,1365.25,1378.0,338077,465594264.15,0.878138203043484,1210.0744437939209
2010-12-20,MARUTI,INE585B01010,,1380.5,1422.0,1346.0,1414.85,325141,449912747.3,0.878138203043484,1242.4338365760732
2010-12-21,MARUTI,INE585B01010,,1416.6,1454.8,1402.5,1423.3,610373,871551891.7,0.878138203043484,1249.8541043917908
2010-12-22,MARUTI,INE585B01010,,1425.05,1431.0,1384.2,1394.1,297205,416937076.15,0.878138203043484,1224.212468862921
2010-12-23,MARUTI,INE585B01010,,1390.25,1399.95,1385.1,1392.35,346689,482087306.5,0.878138203043484,1222.6757270075948
2010-12-24,MARUTI,INE585B01010,,1391.0,1398.45,1368.0,1391.5,208168,287928533.75,0.878138203043484,1221.929309535008
2010-12-27,MARUTI,INE585B01010,,1398.0,1407.8,1386.7,1394.35,149330,208586618.7,0.878138203043484,1224.4320034136817
2010-12-28,MARUTI,INE585B01010,,1400.0,1406.0,1386.05,1395.2,193304,270084534.05,0.878138203043484,1225.178420886269
2010-12-29,MARUTI,INE585B01010,,1394.1,1424.0,1386.35,1417.9,228653,322567398.6,0.878138203043484,1245.112158095356
2010-12-30,MARUTI,INE585B01010,,1422.0,1439.5,1413.0,1420.45,231775,330353617.9,0.878138203043484,1247.351410513117
2010-12-31,MARUTI,INE585B01010,,1420.8,1430.5,1415.0,1421.6,153415,218290466.65,0.878138203043484,1248.3612694466167
2011-01-03,MARUTI,INE585B01010,,1430.0,1450.0,1418.5,1426.05,300162,430254820.65,0.878138203043484,1252.2689844501604
2011-01-04,MARUTI,INE585B01010,,1427.0,1453.4,1404.05,1428.75,540328,770050861.9,0.878138203043484,1254.6399575983778
2011-01-05,MARUTI,INE585B01010,,1428.0,1435.0,1406.35,1412.45,275096,390111636.5,0.878138203043484,1240.326304888769
2011-01-06,MARUTI,INE585B01010,,1415.05,1425.0,1366.3,1373.9,353272,490161891.45,0.878138203043484,1206.4740771614427
2011-01-07,MARUTI,INE585B01010,,1365.0,1367.7,1337.55,1340.55,493731,666432199.15,0.878138203043484,1177.1881680899423
2011-01-10,MARUTI,INE585B01010,,1349.0,1350.0,1318.2,1326.0,254474,338607760.55,0.878138203043484,1164.4112572356598
2011-01-11,MARUTI,INE585B01010,,1325.0,1330.7,1305.95,1318.45,394195,519588441.6,0.878138203043484,1157.7813138026816
2011-01-12,MARUTI,INE585B01010,,1324.0,1328.9,1294.9,1317.65,316610,415396347.5,0.878138203043484,1157.0788032402468
2011-01-13,MARUTI,INE585B01010,,1320.0,1325.0,1301.6,1315.55,263445,346090776.85,0.878138203043484,1155.2347130138553
2011-01-14,MARUTI,INE585B01010,,1316.0,1319.0,1263.3,1269.7,468849,603981209.9,0.878138203043484,1114.9720764043116
2011-01-17,MARUTI,INE585B01010,,1270.0,1280.0,1255.0,1269.6,206244,261412083.55,0.878138203043484,1114.8842625840073
2011-01-18,MARUTI,INE585B01010,,1276.0,1285.05,1268.05,1277.6,210065,268461916.1,0.878138203043484,1121.909368208355
2011-01-19,MARUTI,INE585B01010,,1284.0,1284.0,1266.5,1272.7,233334,296873377.6,0.878138203043484,1117.606491013442
2011-01-20,MARUTI,INE585B01010,,1267.55,1268.0,1245.1,1259.25,186731,234675326.65,0.878138203043484,1105.7955321825073
2011-01-21,MARUTI,INE585B01010,,1264.0,1267.7,1238.2,1248.65,361853,452109203.6,0.878138203043484,1096.4872672302463
2011-01-24,MARUTI,INE585B01010,,1269.0,1299.95,1255.0,1292.5,285343,364090799.1,0.878138203043484,1134.993627433703
2011-01-25,MARUTI,INE585B01010,,1305.0,1305.0,1276.05,1288.15,237024,305548592.65,0.878138203043484,1131.173726250464
2011-01-27,MARUTI,INE585B01010,,1299.8,1299.8,1263.1,1269.7,188751,240147748.25,0.878138203043484,1114.9720764043116
2011-01-28,MARUTI,INE585B01010,,1272.0,1272.0,1220.0,1229.35,609439,754116760.7,0.878138203043484,1079.539199911507
2011-01-31,MARUTI,INE585B01010,,1199.0,1264.45,1150.3,1252.85,1056178,1291121184.75,0.878138203043484,1100.1754476830288
2011-02-01,MARUTI,INE585B01010,,1266.0,1275.0,1233.6,1242.4,331423,412384074.5,0.878138203043484,1090.9989034612247
2011-02-02,MARUTI,INE585B01010,,1248.45,1248.45,1211.0,1217.05,446214,545229200.35,0.878138203043484,1068.7381000140722
2011-02-03,MARUTI,INE585B01010,,1210.0,1229.9,1205.3,1218.2,355406,433206534.9,0.878138203043484,1069.7479589475722
2011-02-04,MARUTI,INE585B01010,,1230.0,1236.4,1176.0,1182.95,309323,371539362.35,0.878138203043484,1038.7935872902895
2011-02-07,MARUTI,INE585B01010,,1201.0,1201.0,1180.0,1189.75,155137,184590715.45,0.878138203043484,1044.764927070985
2011-02-08,MARUTI,INE585B01010,,1194.0,1194.0,1170.1,1176.8,214476,253121232.3,0.878138203043484,1033.393037341572
2011-02-09,MARUTI,INE585B01010,,1174.0,1189.0,1145.0,1154.0,178835,208924423.75,0.878138203043484,1013.3714863121805
2011-02-10,MARUTI,INE585B01010,,1157.5,1174.85,1148.1,1160.0,268346,311583923.1,0.878138203043484,1018.6403155304414
2011-02-11,MARUTI,INE585B01010,,1145.0,1186.8,1145.0,1181.35,306097,359011410.65,0.878138203043484,1037.3885661654197
2011-02-14,MARUTI,INE585B01010,,1200.0,1228.0,1193.0,1224.1,258845,314310907.45,0.878138203043484,1074.9289743455288
2011-02-15,MARUTI,INE585B01010,,1225.0,1242.0,1212.0,1236.7,215206,264109968.1,0.878138203043484,1085.9935157038767
2011-02-16,MARUTI,INE585B01010,,1240.0,1240.0,1221.0,1227.95,94606,116249096.15,0.878138203043484,1078.3098064272463
2011-02-17,MARUTI,INE585B01010,,1218.9,1239.95,1215.0,1228.05,128256,157631520.1,0.878138203043484,1078.3976202475505
2011-02-18,MARUTI,INE585B01010,,1227.0,1256.0,1225.0,1228.7,355711,440663437.2,0.878138203043484,1078.968410079529
2011-02-21,MARUTI,INE585B01010,,1229.0,1230.0,1181.0,1207.35,203836,245832206.65,0.878138203043484,1060.2201594445503
2011-02-22,MARUTI,INE585B01010,,1205.0,1205.0,1170.1,1181.1,189502,224319247.5,0.878138203043484,1037.169031614659
2011-02-23,MARUTI,INE585B01010,,1178.0,1202.6,1178.0,1192.5,339470,404590056.95,0.878138203043484,1047.1798071293547
2011-02-24,MARUTI,INE585B01010,,1178.0,1199.0,1154.7,1174.55,656061,768783082.5,0.878138203043484,1031.417226384724
2011-02-25,MARUTI,INE585B01010,,1183.0,1183.0,1144.6,1168.65,347521,404853100.6,0.878138203043484,1026.2362109867677
2011-02-28,MARUTI,INE585B01010,,1171.0,1228.0,1158.5,1208.2,376909,451526083.2,0.878138203043484,1060.9665769171374
2011-03-01,MARUTI,INE585B01010,,1209.1,1312.7,1206.0,1290.75,759153,965799157.4,0.878138203043484,1133.456885578377
2011-03-03,MARUTI,INE585B01010,,1281.15,1334.0,1271.05,1322.25,461594,599657659.25,0.878138203043484,1161.1182389742467
2011-03-04,MARUTI,INE585B01010,,1325.0,1341.6,1294.9,1312.05,455165,603745649.35,0.878138203043484,1152.161229303203
2011-03-07,MARUTI,INE585B01010,,1281.0,1290.0,1249.15,1260.85,252355,321005158.2,0.878138203043484,1107.2005533073768
2011-03-08,MARUTI,INE585B01010,,1267.8,1274.9,1245.5,1256.15,406646,510810798.05,0.878138203043484,1103.0733037530724
2011-03-09,MARUTI,INE585B01010,,1262.0,1283.0,1260.1,1266.0,181247,230329445.35,0.878138203043484,1111.7229650530508
2011-03-10,MARUTI,INE585B01010,,1264.75,1285.0,1255.35,1271.4,220927,280937906.3,0.878138203043484,1116.4649113494856
2011-03-11,MARUTI,INE585B01010,,1256.5,1278.5,1240.0,1250.85,252688,317212449.65,0.878138203043484,1098.4191712769418
2011-03-14,MARUTI,INE585B01010,,1242.25,1266.0,1218.05,1257.0,555011,688401545.05,0.878138203043484,1103.8197212256594
2011-03-15,MARUTI,INE585B01010,,1220.0,1229.9,1200.0,1214.15,447418,544488621.75,0.878138203043484,1066.1914992252462
2011-03-16,MARUTI,INE585B01010,,1219.8,1228.9,1214.1,1219.25,233465,285337437.4,0.878138203043484,1070.670004060768
2011-03-17,MARUTI,INE585B01010,,1205.2,1213.9,1155.05,1165.1,1136194,1334795751.55,0.878138203043484,1023.1188203659631
2011-03-18,MARUTI,INE585B01010,,1183.7,1201.0,1147.1,1156.2,1087299,1280605068.85,0.878138203043484,1015.3033903588762
2011-03-21,MARUTI,INE585B01010,,1161.2,1166.0,1122.0,1128.2,524674,599125975.15,0.878138203043484,990.7155206736587
2011-03-22,MARUTI,INE585B01010,,1136.05,1179.0,1133.05,1171.95,879108,1020643110.15,0.878138203043484,1029.134067056811
2011-03-23,MARUTI,INE585B01010,,1170.0,1181.0,1157.1,1175.95,458496,537088214.5,0.878138203043484,1032.646619868985
2011-03-24,MARUTI,INE585B01010,,1170.0,1184.0,1157.8,1167.15,569659,665773080.2,0.878138203043484,1024.9190036822024
2011-03-25,MARUTI,INE585B01010,,1173.0,1185.0,1161.5,1182.3,504995,593955709.15,0.878138203043484,1038.222797458311
2011-03-28,MARUTI,INE585B01010,,1189.8,1210.35,1180.0,1201.7,604130,721487049.3,0.878138203043484,1055.2586785973547
2011-03-29,MARUTI,INE585B01010,,1210.0,1249.9,1206.0,1237.95,593159,727395180.65,0.878138203043484,1087.091188457681
2011-03-30,MARUTI,INE585B01010,,1246.0,1295.8,1238.85,1269.0,934495,1180843906.95,0.878138203043484,1114.3573796621813
2011-03-31,MARUTI,INE585B01010,,1269.0,1286.0,1251.0,1262.15,851042,1076425719.65,0.878138203043484,1108.3421329713335
2011-04-01,MARUTI,INE585B01010,,1251.65,1292.4,1251.65,1271.1,373301,477244063.35,0.878138203043484,1116.2014698885723
2011-04-04,MARUTI,INE585B01010,,1286.0,1304.9,1258.6,1300.35,406624,523245597.05,0.878138203043484,1141.8870123275944
2011-04-05,MARUTI,INE585B01010,,1300.35,1322.0,1282.8,1310.85,327406,425794673.45,0.878138203043484,1151.107463459551
2011-04-06,MARUTI,INE585B01010,,1327.0,1328.1,1288.05,1297.5,477877,626039405.7,0.878138203043484,1139.3843184489206
2011-04-07,MARUTI,INE585B01010,,1279.55,1285.0,1268.0,1278.25,378375,483374446.05,0.878138203043484,1122.4801580403334
2011-04-08,MARUTI,INE585B01010,,1275.0,1284.5,1250.0,1253.85,274026,345996694.9,0.878138203043484,1101.0535858860724
2011-04-11,MARUTI,INE585B01010,,1250.0,1254.1,1231.0,1237.6,161328,200046657.85,0.878138203043484,1086.7838400866158
2011-04-13,MARUTI,INE585B01010,,1214.0,1282.15,1214.0,1278.15,486624,614535563.5,0.878138203043484,1122.3923442200291
2011-04-15,MARUTI,INE585B01010,,1270.5,1284.0,1255.0,1257.2,199832,252657219.4,0.878138203043484,1103.9953488662682
2011-04-18,MARUTI,INE585B01010,,1256.0,1282.0,1250.5,1262.35,472622,598254436.35,0.878138203043484,1108.5177606119419
2011-04-19,MARUTI,INE585B01010,,1250.0,1267.25,1240.0,1254.7,342396,429307501.35,0.878138203043484,1101.8000033586595
2011-04-20,MARUTI,INE585B01010,,1258.0,1270.1,1250.1,1265.0,370509,467014190.6,0.878138203043484,1110.8448268500072
2011-04-21,MARUTI,INE585B01010,,1274.9,1314.0,1267.0,1307.0,687122,889639627.65,0.878138203043484,1147.7266313778337
2011-04-25,MARUTI,INE585B01010,,1310.0,1335.0,1286.3,1326.45,1325337,1748541415.65,0.878138203043484,1164.8064194270294
2011-04-26,MARUTI,INE585B01010,,1324.9,1324.9,1297.25,1302.6,543624,710414384.25,0.878138203043484,1143.8628232844421
2011-04-27,MARUTI,INE585B01010,,1308.9,1329.9,1305.2,1316.8,307291,405773493.45,0.878138203043484,1156.3323857676596
2011-04-28,MARUTI,INE585B01010,,1321.2,1325.3,1297.0,1301.25,255730,335104210.35,0.878138203043484,1142.6773367103335
2011-04-29,MARUTI,INE585B01010,,1295.25,1328.65,1288.65,1317.65,336437,443042344.25,0.878138203043484,1157.0788032402468
2011-05-02,MARUTI,INE585B01010,,1320.0,1334.0,1286.1,1291.6,541711,704550403.6,0.878138203043484,1134.2033030509638
2011-05-03,MARUTI,INE585B01010,,1290.0,1290.0,1241.25,1273.8,660811,837802293.55,0.878138203043484,1118.57244303679
2011-05-04,MARUTI,INE585B01010,,1268.5,1269.0,1241.0,1244.6,421192,526348964.0,0.878138203043484,1092.93080750792
2011-05-05,MARUTI,INE585B01010,,1244.0,1274.3,1235.3,1253.85,370008,464136330.45,0.878138203043484,1101.0535858860724
2011-05-06,MARUTI,INE585B01010,,1254.0,1287.0,1242.4,1273.5,481365,609021474.1,0.878138203043484,1118.309001575877
2011-05-09,MARUTI,INE585B01010,,1276.5,1279.9,1240.0,1245.5,154135,192848733.05,0.878138203043484,1093.7211318906593
2011-05-10,MARUTI,INE585B01010,,1245.0,1254.5,1234.0,1241.8,186668,232266356.7,0.878138203043484,1090.4720205393985
2011-05-11,MARUTI,INE585B01010,,1236.4,1245.8,1214.15,1222.85,347243,425539833.25,0.878138203043484,1073.8313015917242
2011-05-12,MARUTI,INE585B01010,,1220.0,1238.0,1215.0,1219.2,189669,232673353.7,0.878138203043484,1070.6260971506158
2011-05-13,MARUTI,INE585B01010,,1219.2,1237.0,1215.0,1222.45,146615,179937399.75,0.878138203043484,1073.480046310507
2011-05-16,MARUTI,INE585B01010,,1215.0,1238.35,1203.3,1230.5,221705,270146123.2,0.878138203043484,1080.549058845007
2011-05-17,MARUTI,INE585B01010,,1230.5,1230.5,1205.0,1210.0,124996,151899605.3,0.878138203043484,1062.5472256826156
2011-05-18,MARUTI,INE585B01010,,1209.0,1232.9,1190.0,1216.6,343937,413780229.8,0.878138203043484,1068.3429378227027
2011-05-19,MARUTI,INE585B01010,,1210.0,1223.2,1206.0,1211.75,106571,129475908.65,0.878138203043484,1064.0839675379418
2011-05-20,MARUTI,INE585B01010,,1212.3,1240.8,1210.0,1223.2,82338,100673069.25,0.878138203043484,1074.1386499627897
2011-05-23,MARUTI,INE585B01010,,1207.0,1220.0,1200.0,1203.75,83639,100922767.4,0.878138203043484,1057.0588619135938
2011-05-24,MARUTI,INE585B01010,,1206.0,1225.95,1195.65,1204.5,139391,168742261.0,0.878138203043484,1057.7174655658764
2011-05-25,MARUTI,INE585B01010,,1201.0,1208.85,1192.25,1200.75,134930,161945756.8,0.878138203043484,1054.4244473044635
2011-05-26,MARUTI,INE585B01010,,1195.35,1234.6,1195.35,1215.3,261038,316130398.4,0.878138203043484,1067.201358158746
2011-05-27,MARUTI,INE585B01010,,1210.0,1227.0,1201.0,1221.7,215160,261016231.9,0.878138203043484,1072.8214426582244
2011-05-30,MARUTI,INE585B01010,,1224.95,1226.0,1207.0,1210.45,122594,148706876.9,0.878138203043484,1062.9423878739854
2011-05-31,MARUTI,INE585B01010,,1220.0,1237.0,1213.0,1230.15,419395,513182288.9,0.878138203043484,1080.241710473942
2011-06-01,MARUTI,INE585B01010,,1220.0,1255.0,1220.0,1250.1,444037,551564930.7,0.878138203043484,1097.7605676246592
2011-06-02,MARUTI,INE585B01010,,1231.0,1245.85,1220.0,1225.4,230627,283839049.5,0.878138203043484,1076.0705540094855
2011-06-03,MARUTI,INE585B01010,,1230.0,1244.9,1218.55,1233.9,219802,270702700.25,0.878138203043484,1083.534728735355
2011-06-06,MARUTI,INE585B01010,,1228.0,1238.9,1210.0,1232.0,186588,228280193.85,0.878138203043484,1081.8662661495723
2011-06-07,MARUTI,INE585B01010,,1210.95,1245.0,1210.95,1240.0,278512,342026423.1,0.878138203043484,1088.8913717739201
2011-06-08,MARUTI,INE585B01010,,1225.0,1236.05,1218.0,1223.9,187917,230343912.95,0.878138203043484,1074.7533467049202
2011-06-09,MARUTI,INE585B01010,,1215.0,1222.7,1210.0,1215.05,168516,204775061.8,0.878138203043484,1066.9818236079852
2011-06-10,MARUTI,INE585B01010,,1205.15,1241.0,1191.05,1226.65,577994,702942338.05,0.878138203043484,1077.1682267632898
2011-06-13,MARUTI,INE585B01010,,1220.0,1236.4,1208.15,1224.95,408847,500645838.3,0.878138203043484,1075.6753918181157
2011-06-14,MARUTI,INE585B01010,,1215.0,1228.9,1208.2,1222.45,290861,355110724.4,0.878138203043484,1073.480046310507
2011-06-15,MARUTI,INE585B01010,,1214.2,1223.9,1205.1,1210.0,175755,213534411.2,0.878138203043484,1062.5472256826156
2011-06-16,MARUTI,INE585B01010,,1196.0,1200.0,1183.9,1193.15,354302,421878601.15,0.878138203043484,1047.750596961333
2011-06-17,MARUTI,INE585B01010,,1224.0,1232.0,1161.3,1165.0,1075331,1278331143.2,0.878138203043484,1023.0310065456589
2011-06-20,MARUTI,INE585B01010,,1177.0,1177.0,1130.05,1160.75,523585,606566722.95,0.878138203043484,1019.298919182724
2011-06-21,MARUTI,INE585B01010,,1164.95,1170.0,1136.0,1144.8,261594,301539258.35,0.878138203043484,1005.2926148441804
2011-06-22,MARUTI,INE585B01010,,1145.15,1149.9,1117.1,1122.75,359730,405525987.45,0.878138203043484,985.9296674670717
2011-06-23,MARUTI,INE585B01010,,1117.0,1118.0,1092.0,1099.3,556227,612385397.85,0.878138203043484,965.337326605702
2011-06-24,MARUTI,INE585B01010,,1104.0,1125.0,1085.8,1119.6,836966,928542343.5,0.878138203043484,983.1635321274846
2011-06-27,MARUTI,INE585B01010,,1109.9,1159.2,1106.0,1152.75,434614,492854007.1,0.878138203043484,1012.2738135583762
2011-06-28,MARUTI,INE585B01010,,1174.7,1174.7,1142.25,1157.85,267340,308741592.1,0.878138203043484,1016.7523183938979
2011-06-29,MARUTI,INE585B01010,,1157.0,1183.0,1155.25,1176.95,235700,276166268.25,0.878138203043484,1033.5247580720286
2011-06-30,MARUTI,INE585B01010,,1185.0,1186.75,1154.05,1159.9,416028,486696427.1,0.878138203043484,1018.5525017101372
2011-07-01,MARUTI,INE585B01010,,1154.0,1155.0,1130.0,1143.15,447038,509471920.35,0.878138203043484,1003.8436868091588
2011-07-04,MARUTI,INE585B01010,,1144.0,1163.95,1131.35,1157.8,278505,319062245.05,0.878138203043484,1016.7084114837457
2011-07-05,MARUTI,INE585B01010,,1155.1,1170.85,1153.5,1166.35,183263,213276112.6,0.878138203043484,1024.2164931197674
2011-07-06,MARUTI,INE585B01010,,1155.2,1174.85,1155.2,1168.9,179419,209712856.35,0.878138203043484,1026.4557455375286
2011-07-07,MARUTI,INE585B01010,,1163.0,1189.0,1158.8,1182.7,229229,269154948.7,0.878138203043484,1038.5740527395285
2011-07-08,MARUTI,INE585B01010,,1184.8,1202.0,1177.05,1184.25,341435,407326897.4,0.878138203043484,1039.935166954246
2011-07-11,MARUTI,INE585B01010,,1175.2,1178.0,1155.0,1164.15,162944,189744780.25,0.878138203043484,1022.284589073072
2011-07-12,MARUTI,INE585B01010,,1151.5,1152.0,1140.25,1147.45,174207,199848450.5,0.878138203043484,1007.6196810822457
2011-07-13,MARUTI,INE585B01010,,1154.0,1167.9,1154.0,1164.8,151856,176347757.5,0.878138203043484,1022.8553789050501
2011-07-14,MARUTI,INE585B01010,,1151.3,1188.4,1151.3,1174.2,368747,432898822.55,0.878138203043484,1031.109878013659
2011-07-15,MARUTI,INE585B01010,,1170.05,1184.7,1161.6,1177.55,171029,200134099.55,0.878138203043484,1034.0516409938546
2011-07-18,MARUTI,INE585B01010,,1170.0,1188.95,1165.0,1174.75,151327,178148370.1,0.878138203043484,1031.5928540253328
2011-07-19,MARUTI,INE585B01010,,1169.5,1174.9,1158.45,1163.0,245365,285632742.3,0.878138203043484,1021.274730139572
2011-07-20,MARUTI,INE585B01010,,1168.7,1176.9,1159.1,1162.7,255318,298930483.55,0.878138203043484,1021.0112886786588
2011-07-21,MARUTI,INE585B01010,,1155.05,1170.0,1147.6,1156.15,172146,198868954.6,0.878138203043484,1015.2594834487242
2011-07-22,MARUTI,INE585B01010,,1159.0,1168.0,1155.0,1161.6,376871,437707317.75,0.878138203043484,1020.045336655311
2011-07-25,MARUTI,INE585B01010,,1156.7,1185.0,1153.6,1181.25,203872,238729535.5,0.878138203043484,1037.3007523451154
2011-07-26,MARUTI,INE585B01010,,1176.0,1201.7,1154.75,1176.95,1430916,1695265422.8,0.878138203043484,1033.5247580720286
2011-07-27,MARUTI,INE585B01010,,1182.9,1216.4,1172.2,1209.25,503547,601818681.05,0.878138203043484,1061.888622030333
2011-07-28,MARUTI,INE585B01010,,1197.0,1225.0,1178.55,1185.9,653432,786793081.25,0.878138203043484,1041.3840949892679
2011-07-29,MARUTI,INE585B01010,,1189.0,1219.8,1189.0,1206.65,333021,403313482.75,0.878138203043484,1059.60546270242
2011-08-01,MARUTI,INE585B01010,,1210.1,1228.9,1191.45,1209.6,381542,461036704.2,0.878138203043484,1062.1959704013982
2011-08-02,MARUTI,INE585B01010,,1193.05,1215.8,1193.05,1212.2,271852,327037974.1,0.878138203043484,1064.4791297293114
2011-08-03,MARUTI,INE585B01010,,1195.5,1221.65,1195.5,1212.3,428422,519445560.6,0.878138203043484,1064.5669435496156
2011-08-04,MARUTI,INE585B01010,,1198.05,1216.0,1193.35,1200.3,476072,573276984.2,0.878138203043484,1054.0292851130937
2011-08-05,MARUTI,INE585B01010,,1170.0,1200.0,1168.8,1192.0,363463,431569317.4,0.878138203043484,1046.740738027833
2011-08-08,MARUTI,INE585B01010,,1178.45,1207.55,1163.1,1191.75,356035,423332190.05,0.878138203043484,1046.521203477072
2011-08-09,MARUTI,INE585B01010,,1170.05,1216.9,1170.0,1211.95,386251,463936507.85,0.878138203043484,1064.2595951785504
2011-08-10,MARUTI,INE585B01010,,1225.0,1283.4,1215.6,1277.6,819358,1029519370.9,0.878138203043484,1121.909368208355
2011-08-11,MARUTI,INE585B01010,,1270.55,1282.0,1239.25,1247.65,399042,501740063.4,0.878138203043484,1095.609129027203
2011-08-12,MARUTI,INE585B01010,,1249.4,1269.0,1238.0,1246.35,442137,552812357.55,0.878138203043484,1094.4675493632462
2011-08-16,MARUTI,INE585B01010,,1246.2,1255.6,1220.1,1225.1,340364,419149610.2,0.878138203043484,1075.8071125485721
2011-08-17,MARUTI,INE585B01010,,1220.0,1230.8,1179.0,1186.0,385046,460240273.8,0.878138203043484,1041.471908809572
2011-08-18,MARUTI,INE585B01010,,1197.0,1203.0,1152.65,1159.4,286994,335889838.9,0.878138203043484,1018.1134326086154
2011-08-19,MARUTI,INE585B01010,,1137.0,1166.45,1134.1,1159.05,271953,312130537.15,0.878138203043484,1017.8060842375501
2011-08-22,MARUTI,INE585B01010,,1165.5,1174.6,1149.1,1169.4,209465,243685179.4,0.878138203043484,1026.8948146390503
2011-08-23,MARUTI,INE585B01010,,1171.1,1174.5,1152.4,1158.2,201777,234108464.15,0.878138203043484,1017.0596667649633
2011-08-24,MARUTI,INE585B01010,,1145.0,1156.8,1097.35,1114.5,650647,732083322.5,0.8838617074519538,985.0638729552026
2011-08-25,MARUTI,INE585B01010,,1124.0,1130.2,1103.4,1110.8,517715,577459490.2,0.8838617074519538,981.7935846376303
2011-08-26,MARUTI,INE585B01010,,1117.05,1129.0,1047.75,1083.4,341740,373145248.6,0.8838617074519538,957.5757738534468
2011-08-29,MARUTI,INE585B01010,,1080.0,1107.0,1056.0,1079.4,688962,740917961.9,0.8838617074519538,954.0403270236391
2011-08-30,MARUTI,INE585B01010,,1070.1,1098.95,1063.6,1091.55,836549,905092419.35,0.8838617074519538,964.7792467691802
2011-09-02,MARUTI,INE585B01010,,1072.05,1089.0,1067.05,1078.95,425137,457738610.8,0.8838617074519538,953.6425892552855
2011-09-05,MARUTI,INE585B01010,,1073.5,1098.15,1064.25,1085.5,359484,387481027.6,0.8838617074519538,959.4318834390958
2011-09-06,MARUTI,INE585B01010,,1088.9,1118.7,1088.9,1102.95,643403,709738058.55,0.8838617074519538,974.8552702341325
2011-09-07,MARUTI,INE585B01010,,1103.45,1139.9,1093.3,1126.4,720712,805716546.8,0.8838617074519538,995.5818272738809
2011-09-08,MARUTI,INE585B01010,,1137.9,1142.0,1122.4,1131.9,469276,531523949.7,0.8838617074519538,1000.4430666648666
2011-09-09,MARUTI,INE585B01010,,1136.0,1149.0,1098.9,1103.4,355468,400773459.2,0.8838617074519538,975.2530080024859
2011-09-12,MARUTI,INE585B01010,,1098.0,1098.0,1056.0,1068.25,261197,280016998.7,0.8838617074519538,944.1852689855497
2011-09-13,MARUTI,INE585B01010,,1070.55,1096.0,1061.65,1074.9,422726,457123047.2,0.8838617074519538,950.0629493401052
2011-09-14,MARUTI,INE585B01010,,1078.0,1104.0,1041.35,1094.6,353955,379825717.2,0.8838617074519538,967.4750249769086
2011-09-15,MARUTI,INE585B01010,,1085.2,1095.85,1060.0,1082.25,781399,841347830.4,0.8838617074519538,956.559332889877
2011-09-16,MARUTI,INE585B01010,,1071.1,1117.65,1065.0,1109.45,1247652,1368649067.9,0.8838617074519538,980.6003713325701
2011-09-19,MARUTI,INE585B01010,,1105.0,1148.6,1096.05,1140.75,1402251,1578949157.6,0.8838617074519538,1008.2652427758163
2011-09-20,MARUTI,INE585B01010,,1139.85,1161.9,1116.5,1154.95,1153749,1312749832.2,0.8838617074519538,1020.8160790216341
2011-09-21,MARUTI,INE585B01010,,1143.05,1148.45,1116.45,1122.7,448621,507681958.8,0.8838617074519538,992.3115389563086
2011-09-22,MARUTI,INE585B01010,,1110.0,1114.8,1080.0,1087.1,569850,623287277.9,0.8838617074519538,960.8460621710188
2011-09-23,MARUTI,INE585B01010,,1070.0,1106.15,1048.6,1090.9,659223,710229866.15,0.8838617074519538,964.2047366593365
2011-09-26,MARUTI,INE585B01010,,1104.0,1108.8,1065.0,1076.8,413800,449269057.75,0.8838617074519538,951.7422865842639
2011-09-27,MARUTI,INE585B01010,,1082.9,1110.9,1082.9,1106.15,290896,319714371.45,0.8838617074519538,977.6836276979787
2011-09-28,MARUTI,INE585B01010,,1110.0,1110.65,1067.0,1078.25,282421,306443887.55,0.8838617074519538,953.0238860600692
2011-09-29,MARUTI,INE585B01010,,1067.35,1116.9,1057.0,1105.1,662381,724474080.8,0.8838617074519538,976.755572905154
2011-09-30,MARUTI,INE585B01010,,1100.0,1107.9,1076.1,1083.0,216286,235805955.45,0.8838617074519538,957.222229170466
2011-10-03,MARUTI,INE585B01010,,1083.9,1100.0,1073.3,1077.75,421513,457089566.35,0.8838617074519538,952.5819552063432
2011-10-04,MARUTI,INE585B01010,,1082.0,1116.0,1081.95,1107.85,1755670,1933412238.25,0.8838617074519538,979.1861926006469
2011-10-05,MARUTI,INE585B01010,,1117.0,1129.0,1077.0,1085.55,710373,784213507.2,0.8838617074519538,959.4760765244685
2011-10-07,MARUTI,INE585B01010,,1115.0,1125.0,1096.8,1113.2,449114,499262658.25,0.8838617074519538,983.9148527355151
2011-10-10,MARUTI,INE585B01010,,1080.1,1091.85,1065.0,1070.95,709266,765292239.55,0.8838617074519538,946.57169559567
2011-10-11,MARUTI,INE585B01010,,1065.0,1087.3,1063.2,1073.2,704061,757466332.8,0.8838617074519538,948.5603844374368
2011-10-12,MARUTI,INE585B01010,,1067.85,1090.0,1065.65,1085.85,337688,364354575.8,0.8838617074519538,959.741235036704
2011-10-13,MARUTI,INE585B01010,,1075.05,1083.75,1050.0,1058.25,816403,870975034.7,0.8838617074519538,935.3466519110301
2011-10-14,MARUTI,INE585B01010,,1050.0,1051.0,1021.6,1027.25,879193,906584131.35,0.8838617074519538,907.9469389800196
2011-10-17,MARUTI,INE585B01010,,1030.55,1065.9,1010.0,1051.6,1683826,1764708579.45,0.8838617074519538,929.4689715564746
2011-10-18,MARUTI,INE585B01010,,1047.0,1064.9,1039.3,1052.3,597663,629711259.75,0.8838617074519538,930.087674751691
2011-10-19,MARUTI,INE585B01010,,1065.0,1074.0,1052.3,1065.8,585164,623086626.4,0.8838617074519538,942.0198078022923
2011-10-20,MARUTI,INE585B01010,,1063.8,1079.9,1050.0,1077.45,522623,560626739.4,0.8838617074519538,952.3167966941077
2011-10-21,MARUTI,INE585B01010,,1110.0,1117.5,1088.0,1094.55,1422468,1563840460.6,0.8838617074519538,967.430831891536
2011-10-24,MARUTI,INE585B01010,,1112.0,1124.55,1106.3,1112.4,550386,613992393.05,0.8838617074519538,983.2077633695535
2011-10-25,MARUTI,INE585B01010,,1122.0,1160.0,1117.2,1151.25,946337,1073394803.2,0.8838617074519538,1017.5457907040618
2011-10-26,MARUTI,INE585B01010,,1159.7,1169.0,1145.0,1149.3,86334,99604241.45,0.8838617074519538,1015.8222603745305
2011-10-28,MARUTI,INE585B01010,,1167.0,1185.0,1111.15,1126.0,1538204,1749522237.35,0.8838617074519538,995.2282825909
2011-10-31,MARUTI,INE585B01010,,1072.0,1133.1,1060.0,1125.3,2206582,2448116815.6,0.8838617074519538,994.6095793956836
2011-11-01,MARUTI,INE585B01010,,1122.0,1140.0,1112.65,1133.5,860761,968331725.25,0.8838617074519538,1001.8572453967896
2011-11-02,MARUTI,INE585B01010,,1116.0,1136.0,1116.0,1124.0,359122,405289433.55,0.8838617074519538,993.4605591759961
2011-11-03,MARUTI,INE585B01010,,1120.0,1134.0,1120.0,1129.5,360567,407295080.4,0.8838617074519538,998.3217985669818
2011-11-04,MARUTI,INE585B01010,,1135.0,1152.8,1117.4,1122.25,738188,836251241.4,0.8838617074519538,991.9138011879552
2011-11-08,MARUTI,INE585B01010,,1130.0,1133.95,1118.0,1124.15,228195,256987668.95,0.8838617074519538,993.593138432114
2011-11-09,MARUTI,INE585B01010,,1129.0,1129.0,1071.55,1076.5,667891,733612409.4,0.8838617074519538,951.4771280720282
2011-11-11,MARUTI,INE585B01010,,1084.0,1091.8,1037.0,1059.75,739345,784691617.95,0.8838617074519538,936.6724444722081
2011-11-14,MARUTI,INE585B01010,,1068.35,1072.8,1021.1,1027.0,464462,485328260.95,0.8838617074519538,907.7259735531566
2011-11-15,MARUTI,INE585B01010,,1031.25,1041.9,991.0,1003.5,598891,606970775.45,0.8838617074519538,886.9552234280357
2011-11-16,MARUTI,INE585B01010,,1009.0,1009.0,981.5,991.4,606285,601825023.45,0.8838617074519538,876.2604967678669
2011-11-17,MARUTI,INE585B01010,,988.0,998.95,941.0,947.15,1312556,1263898319.45,0.8838617074519538,837.1496162131181
2011-11-18,MARUTI,INE585B01010,,945.0,949.0,907.05,940.6,1641351,1517911951.95,0.8838617074519538,831.3603220293078
2011-11-21,MARUTI,INE585B01010,,939.0,967.3,931.0,943.05,1261673,1198573081.2,0.8838617074519538,833.525783212565
2011-11-22,MARUTI,INE585B01010,,953.0,965.0,943.65,959.55,844169,807460201.6,0.8838617074519538,848.1095013855222
2011-11-23,MARUTI,INE585B01010,,954.65,971.5,944.1,953.6,574204,549569634.25,0.8838617074519538,842.8505242261832
2011-11-24,MARUTI,INE585B01010,,953.7,999.0,951.7,988.95,656104,636709269.8,0.8838617074519538,874.0950355846097
2011-11-25,MARUTI,INE585B01010,,992.0,992.1,945.95,949.95,916133,881545320.45,0.8838617074519538,839.6244289939835
2011-11-28,MARUTI,INE585B01010,,966.95,987.1,958.0,965.4,927553,903220756.3,0.8838617074519538,853.2800923741162
2011-11-29,MARUTI,INE585B01010,,965.9,980.8,952.5,958.9,423512,409606769.85,0.8838617074519538,847.5349912756785
2011-11-30,MARUTI,INE585B01010,,956.95,976.15,952.1,972.15,473470,457809220.5,0.8838617074519538,859.2461588994169
2011-12-01,MARUTI,INE585B01010,,992.0,1008.0,958.0,962.25,1036648,1013904995.8,0.8838617074519538,850.4959279956425
2011-12-02,MARUTI,INE585B01010,,963.5,997.0,963.0,992.35,846065,833824724.45,0.8838617074519538,877.1001653899464
2011-12-05,MARUTI,INE585B01010,,982.05,1005.0,980.05,999.55,520465,519594984.9,0.8838617074519538,883.4639696836003
2011-12-07,MARUTI,INE585B01010,,999.55,1014.9,991.0,998.7,533511,536669994.95,0.8838617074519538,882.7126872322663
2011-12-08,MARUTI,INE585B01010,,1003.0,1004.85,965.85,975.9,537059,529579671.85,0.8838617074519538,862.5606403023617
2011-12-09,MARUTI,INE585B01010,,963.5,994.5,956.35,985.8,634649,618772580.9,0.8838617074519538,871.310871206136
2011-12-12,MARUTI,INE585B01010,,985.8,990.05,951.0,958.2,546170,528660018.1,0.8838617074519538,846.9162880804622
2011-12-13,MARUTI,INE585B01010,,952.1,969.4,950.0,956.5,519127,498064147.65,0.8838617074519538,845.4137231777938
2011-12-14,MARUTI,INE585B01010,,950.0,963.55,937.0,947.65,616851,590033888.65,0.8838617074519538,837.591547066844
2011-12-15,MARUTI,INE585B01010,,940.0,940.0,911.45,931.7,539248,499113977.85,0.8838617074519538,823.4939528329854
2011-12-16,MARUTI,INE585B01010,,931.7,949.9,908.7,931.55,848872,794389994.7,0.8838617074519538,823.3613735768675
2011-12-19,MARUTI,INE585B01010,,925.0,931.2,900.0,916.65,620878,569491544.3,0.8838617074519538,810.1918341358335
2011-12-20,MARUTI,INE585B01010,,924.0,926.9,908.7,916.15,366360,336309764.55,0.8838617074519538,809.7499032821074
2011-12-21,MARUTI,INE585B01010,,926.1,969.0,926.1,961.9,702708,665468282.55,0.8838617074519538,850.1865763980344
2011-12-22,MARUTI,INE585B01010,,941.0,978.95,941.0,965.85,648188,624531266.9,0.8838617074519538,853.6778301424696
2011-12-23,MARUTI,INE585B01010,,975.0,988.5,968.25,975.5,372589,365243041.15,0.8838617074519538,862.2070956193809
2011-12-26,MARUTI,INE585B01010,,984.0,991.0,965.05,969.5,351164,343747527.2,0.8838617074519538,856.9039253746693
2011-12-27,MARUTI,INE585B01010,,971.0,979.4,951.3,963.15,230303,222261990.7,0.8838617074519538,851.2914035323492
2011-12-28,MARUTI,INE585B01010,,964.9,972.2,950.25,959.3,232279,222717685.15,0.8838617074519538,847.8885359586592
2011-12-29,MARUTI,INE585B01010,,954.0,959.5,915.5,921.75,544045,509524180.0,0.8838617074519538,814.6995288438384
2011-12-30,MARUTI,INE585B01010,,935.0,939.9,911.0,918.3,390624,360962873.85,0.8838617074519538,811.6502059531291
2012-01-02,MARUTI,INE585B01010,,923.0,944.35,917.0,938.9,531425,496604102.4,0.8838617074519538,829.8577571266394
2012-01-03,MARUTI,INE585B01010,,947.0,964.7,941.35,952.8,363198,346416580.85,0.8838617074519538,842.1434348602215
2012-01-04,MARUTI,INE585B01010,,953.0,969.0,943.15,948.25,296634,283273934.45,0.8838617074519538,838.1218640913152
2012-01-05,MARUTI,INE585B01010,,948.0,948.0,925.6,933.45,458779,429505765.1,0.8838617074519538,825.0407108210263
2012-01-06,MARUTI,INE585B01010,,928.7,955.8,927.0,949.75,349108,329752164.2,0.8838617074519538,839.4476566524932
2012-01-09,MARUTI,INE585B01010,,949.9,975.0,948.0,971.05,430392,415715779.9,0.8838617074519538,858.2739110212196
2012-01-10,MARUTI,INE585B01010,,981.0,993.0,977.25,986.35,356547,351782130.25,0.8838617074519538,871.7969951452346
2012-01-11,MARUTI,INE585B01010,,988.55,995.0,972.2,987.9,433994,426431789.75,0.8838617074519538,873.1669807917851
2012-01-12,MARUTI,INE585B01010,,984.8,1009.0,982.05,994.5,522575,521379006.8,0.8838617074519538,879.000468060968
2012-01-13,MARUTI,INE585B01010,,997.0,1009.2,974.0,977.05,516919,512874826.0,0.8838617074519538,863.5770812659314
2012-01-16,MARUTI,INE585B01010,,970.0,1019.85,970.0,1008.05,781570,779757009.1,0.8838617074519538,890.976794196942
2012-01-17,MARUTI,INE585B01010,,1020.0,1120.0,1019.1,1108.35,3155235,3405820854.4,0.8838617074519538,979.6281234543729
2012-01-18,MARUTI,INE585B01010,,1112.0,1144.85,1092.5,1101.8,2781735,3108827865.9,0.8838617074519538,973.8388292705627
2012-01-19,MARUTI,INE585B01010,,1116.5,1135.0,1107.0,1129.95,857884,965944620.1,0.8838617074519538,998.7195363353352
2012-01-20,MARUTI,INE585B01010,,1131.0,1135.0,1085.0,1103.5,729324,805083711.75,0.8838617074519538,975.341394173231
2012-01-23,MARUTI,INE585B01010,,1084.0,1172.45,1070.05,1160.65,2590616,2912173419.15,0.8838617074519538,1025.8540907541103
2012-01-24,MARUTI,INE585B01010,,1167.4,1172.15,1128.0,1157.95,2008468,2306548443.6,0.8838617074519538,1023.46766414399
2012-01-25,MARUTI,INE585B01010,,1157.0,1198.0,1142.0,1180.75,1776429,2088801398.65,0.8838617074519538,1043.6197110738945
2012-01-27,MARUTI,INE585B01010,,1167.8,1219.0,1159.7,1210.65,951880,1133890045.35,0.8838617074519538,1070.0471761267079
2012-01-30,MARUTI,INE585B01010,,1204.0,1226.0,1185.0,1193.3,656597,791522614.05,0.8838617074519538,1054.7121755024164
2012-01-31,MARUTI,INE585B01010,,1198.0,1209.9,1167.65,1186.7,1045424,1235100654.8,0.8838617074519538,1048.8786882332336
2012-02-01,MARUTI,INE585B01010,,1190.0,1227.0,1183.0,1214.8,1040215,1263624820.45,0.8838617074519538,1073.7152022126334
2012-02-02,MARUTI,INE585B01010,,1225.0,1233.45,1204.2,1217.65,619866,757029606.4,0.8838617074519538,1076.2342080788717
2012-02-03,MARUTI,INE585B01010,,1220.0,1254.0,1205.0,1240.85,647744,794090325.35,0.8838617074519538,1096.7397996917568
2012-02-06,MARUTI,INE585B01010,,1250.0,1265.0,1235.5,1252.75,560045,702086316.6,0.8838617074519538,1107.257754010435
2012-02-07,MARUTI,INE585B01010,,1251.0,1262.0,1240.0,1246.95,443305,553584580.45,0.8838617074519538,1102.1313561072138
2012-02-08,MARUTI,INE585B01010,,1248.0,1280.0,1245.45,1266.5,517183,655792597.0,0.8838617074519538,1119.4108524878995
2012-02-09,MARUTI,INE585B01010,,1259.75,1278.9,1255.15,1270.0,541872,687150358.45,0.8838617074519538,1122.5043684639813
2012-02-10,MARUTI,INE585B01010,,1262.05,1273.95,1233.25,1244.6,631791,788427216.7,0.8838617074519538,1100.0542810947015
2012-02-13,MARUTI,INE585B01010,,1242.2,1258.4,1215.25,1225.05,639454,785195138.0,0.8838617074519538,1082.774784714016
2012-02-14,MARUTI,INE585B01010,,1220.2,1274.5,1220.2,1267.7,899801,1124706151.0,0.8838617074519538,1120.471486536842
2012-02-15,MARUTI,INE585B01010,,1276.0,1324.9,1275.3,1302.8,1011521,1322543583.5,0.8838617074519538,1151.4950324684053
2012-02-16,MARUTI,INE585B01010,,1300.0,1375.0,1279.2,1359.6,1510728,2015372953.1,0.8838617074519538,1201.6983774516764
2012-02-17,MARUTI,INE585B01010,,1359.0,1366.1,1318.05,1321.55,650578,865555792.85,0.8838617074519538,1168.0674394831294
2012-02-21,MARUTI,INE585B01010,,1317.05,1337.05,1295.2,1309.75,665602,872920450.85,0.8838617074519538,1157.6378713351965
2012-02-22,MARUTI,INE585B01010,,1307.0,1329.3,1281.05,1306.35,510787,669713237.6,0.8838617074519538,1154.6327415298597
2012-02-23,MARUTI,INE585B01010,,1291.0,1307.35,1271.65,1279.4,845227,1090966666.75,0.8838617074519538,1130.8126685140298
2012-02-24,MARUTI,INE585B01010,,1290.0,1296.55,1277.8,1285.25,375094,482102134.65,0.8838617074519538,1135.9832595026237
2012-02-27,MARUTI,INE585B01010,,1285.1,1290.0,1235.25,1257.0,345310,434135509.6,0.8838617074519538,1111.014166267106
2012-02-28,MARUTI,INE585B01010,,1263.5,1279.0,1243.05,1269.6,741718,940469749.15,0.8838617074519538,1122.1508237810006
2012-02-29,MARUTI,INE585B01010,,1275.2,1291.8,1239.0,1254.8,736509,931291323.05,0.8838617074519538,1109.0696705107116
2012-03-01,MARUTI,INE585B01010,,1267.9,1322.0,1247.75,1315.05,1543242,2004019064.7,0.8838617074519538,1162.3223383846919
2012-03-02,MARUTI,INE585B01010,,1334.0,1336.7,1306.65,1330.55,924123,1223137037.95,0.8838617074519538,1176.0221948501971
2012-03-05,MARUTI,INE585B01010,,1320.7,1333.9,1309.1,1315.2,547959,724442432.05,0.8838617074519538,1162.4549176408098
2012-03-06,MARUTI,INE585B01010,,1302.0,1350.0,1300.35,1331.6,662053,882756004.0,0.8838617074519538,1176.9502496430216
2012-03-07,MARUTI,INE585B01010,,1321.1,1329.9,1281.0,1308.55,438170,572594489.75,0.8838617074519538,1156.577237286254
2012-03-09,MARUTI,INE585B01010,,1320.0,1359.0,1320.0,1341.35,625544,839879119.5,0.8838617074519538,1185.5679012906783
2012-03-12,MARUTI,INE585B01010,,1351.0,1356.0,1328.7,1337.25,434638,581188656.3,0.8838617074519538,1181.9440682901252
2012-03-13,MARUTI,INE585B01010,,1345.0,1384.0,1345.0,1368.25,863892,1184531367.6,0.8838617074519538,1209.3437812211357
2012-03-14,MARUTI,INE585B01010,,1380.0,1399.7,1366.55,1371.9,688965,950855197.65,0.8838617074519538,1212.5698764533356
2012-03-15,MARUTI,INE585B01010,,1365.0,1379.65,1355.1,1366.4,575251,787176915.85,0.8838617074519538,1207.7086370623497
2012-03-16,MARUTI,INE585B01010,,1352.25,1428.95,1339.0,1374.35,1604822,2214310039.65,0.8838617074519538,1214.7353376365927
2012-03-19,MARUTI,INE585B01010,,1377.5,1378.8,1353.15,1362.1,323100,440689051.6,0.8838617074519538,1203.908031720306
2012-03-20,MARUTI,INE585B01010,,1362.1,1363.0,1328.5,1358.2,471359,636489823.9,0.8838617074519538,1200.4609710612438
2012-03-21,MARUTI,INE585B01010,,1365.0,1372.9,1333.0,1363.2,841209,1140580981.35,0.8838617074519538,1204.8802795985034
2012-03-22,MARUTI,INE585B01010,,1355.55,1357.7,1321.1,1330.3,437399,585390848.8,0.8838617074519538,1175.801229423334
2012-03-23,MARUTI,INE585B01010,,1320.05,1320.5,1286.2,1306.55,806817,1050104145.15,0.8838617074519538,1154.8095138713502
2012-03-26,MARUTI,INE585B01010,,1315.0,1322.3,1290.4,1297.45,696029,906809782.75,0.8838617074519538,1146.7663723335374
2012-03-27,MARUTI,INE585B01010,,1310.0,1310.25,1258.3,1273.7,1138231,1452664962.75,0.8838617074519538,1125.7746567815536
2012-03-28,MARUTI,INE585B01010,,1274.85,1294.95,1254.0,1288.3,584546,747559757.5,0.8838617074519538,1138.679037710352
2012-03-29,MARUTI,INE585B01010,,1279.8,1319.95,1264.2,1305.85,918118,1182255515.4,0.8838617074519538,1154.1908106761339
2012-03-30,MARUTI,INE585B01010,,1309.0,1356.5,1293.05,1350.5,650438,864725507.9,0.8838617074519538,1193.6552359138636
2012-04-02,MARUTI,INE585B01010,,1361.0,1364.2,1332.0,1338.55,486296,654250362.1,0.8838617074519538,1183.0930885098128
2012-04-03,MARUTI,INE585B01010,,1345.0,1349.6,1303.9,1309.55,475271,629827836.55,0.8838617074519538,1157.4610989937062
2012-04-04,MARUTI,INE585B01010,,1309.55,1337.8,1306.85,1315.7,543772,720827633.3,0.8838617074519538,1162.8968484945356
2012-04-09,MARUTI,INE585B01010,,1305.0,1321.4,1275.0,1283.35,420584,542379200.9,0.8838617074519538,1134.3039222584648
2012-04-10,MARUTI,INE585B01010,,1282.0,1295.2,1260.65,1275.8,534399,681542221.65,0.8838617074519538,1127.6307663672026
2012-04-11,MARUTI,INE585B01010,,1263.15,1285.1,1262.05,1272.45,401175,510595082.9,0.8838617074519538,1124.6698296472387
2012-04-12,MARUTI,INE585B01010,,1279.7,1315.7,1276.3,1312.4,671623,876329681.75,0.8838617074519538,1159.9801048599443
2012-04-13,MARUTI,INE585B01010,,1315.25,1350.0,1312.4,1322.75,943900,1260711544.25,0.8838617074519538,1169.128073532072
2012-04-16,MARUTI,INE585B01010,,1312.55,1352.85,1309.9,1342.3,526324,705941720.2,0.8838617074519538,1186.4075699127575
2012-04-17,MARUTI,INE585B01010,,1394.8,1394.8,1326.4,1342.2,583176,782995297.0,0.8838617074519538,1186.3191837420125
2012-04-18,MARUTI,INE585B01010,,1350.0,1366.7,1345.05,1352.5,642609,869963167.85,0.8838617074519538,1195.4229593287675
2012-04-19,MARUTI,INE585B01010,,1364.4,1401.4,1357.4,1391.25,922582,1274437029.95,0.8838617074519538,1229.6726004925308
2012-04-20,MARUTI,INE585B01010,,1392.25,1417.05,1380.0,1390.7,816656,1143494979.4,0.8838617074519538,1229.1864765534322
2012-04-23,MARUTI,INE585B01010,,1391.1,1408.0,1372.1,1377.55,518905,722330837.9,0.8838617074519538,1217.563695100439
2012-04-24,MARUTI,INE585B01010,,1375.0,1376.6,1349.75,1363.75,270412,368517738.15,0.8838617074519538,1205.366403537602
2012-04-25,MARUTI,INE585B01010,,1362.1,1389.0,1362.1,1382.1,593484,819092872.0,0.8838617074519538,1221.5852658693452
2012-04-26,MARUTI,INE585B01010,,1380.0,1399.0,1366.1,1381.95,762098,1052982358.5,0.8838617074519538,1221.4526866132276
2012-04-27,MARUTI,INE585B01010,,1381.05,1388.4,1374.15,1382.5,429216,592868446.9,0.8838617074519538,1221.9388105523262
2012-04-30,MARUTI,INE585B01010,,1399.0,1399.0,1358.25,1371.85,956055,1310104359.4,0.8838617074519538,1212.5256833679628
2012-05-02,MARUTI,INE585B01010,,1384.5,1384.5,1324.0,1332.9,666676,898499904.05,0.8838617074519538,1178.0992698627092
2012-05-03,MARUTI,INE585B01010,,1329.8,1329.8,1284.1,1290.0,662791,863146307.25,0.8838617074519538,1140.1816026130205
2012-05-04,MARUTI,INE585B01010,,1287.3,1291.5,1260.95,1281.3,644798,822673093.15,0.8838617074519538,1132.4920057581883
2012-05-07,MARUTI,INE585B01010,,1264.95,1329.0,1254.0,1310.85,680698,876850952.6,0.8838617074519538,1158.6101192133935
2012-05-08,MARUTI,INE585B01010,,1324.0,1331.7,1299.05,1306.0,632978,831192282.0,0.8838617074519538,1154.3233899322518
2012-05-09,MARUTI,INE585B01010,,1292.25,1312.0,1285.55,1301.25,330149,429302615.75,0.8838617074519538,1150.125046821855
2012-05-10,MARUTI,INE585B01010,,1290.15,1305.4,1250.15,1261.85,415223,528938031.65,0.8838617074519538,1115.3008955482478
2012-05-11,MARUTI,INE585B01010,,1247.95,1251.15,1217.1,1235.25,486137,598146168.2,0.8838617074519538,1091.790174130026
2012-05-14,MARUTI,INE585B01010,,1235.0,1258.0,1231.85,1249.0,491946,612957395.55,0.8838617074519538,1103.9432726074904
2012-05-15,MARUTI,INE585B01010,,1238.0,1239.9,1205.1,1217.3,567302,691664016.9,0.8838617074519538,1075.9248564812633
2012-05-16,MARUTI,INE585B01010,,1202.25,1202.25,1167.35,1192.1,673604,795376318.0,0.8838617074519538,1053.651541453474
2012-05-17,MARUTI,INE585B01010,,1200.0,1218.0,1188.0,1205.3,599674,721939163.65,0.8838617074519538,1065.3185159918398
2012-05-18,MARUTI,INE585B01010,,1175.25,1193.0,1156.0,1166.65,612497,714113531.15,0.8838617074519538,1031.157260998822
2012-05-21,MARUTI,INE585B01010,,1173.25,1215.95,1170.55,1208.8,413870,496678780.25,0.8838617074519538,1068.4120319679216
2012-05-22,MARUTI,INE585B01010,,1218.85,1224.6,1143.35,1153.95,950870,1121775143.65,0.8838617074519538,1019.9322173141821
2012-05-23,MARUTI,INE585B01010,,1141.0,1163.9,1116.0,1153.1,782054,887894695.15,0.8838617074519538,1019.1809348628478
2012-05-24,MARUTI,INE585B01010,,1128.9,1148.85,1115.45,1144.45,955704,1082754446.75,0.8838617074519538,1011.5355310933886
2012-05-25,MARUTI,INE585B01010,,1133.0,1150.0,1109.0,1119.0,921129,1035147603.85,0.8838617074519538,989.0412506387363
2012-05-28,MARUTI,INE585B01010,,1124.1,1130.0,1098.2,1103.55,874095,968174470.9,0.8838617074519538,975.3855872586036
2012-05-29,MARUTI,INE585B01010,,1111.0,1136.2,1105.0,1128.35,817104,918596393.0,0.8838617074519538,997.305357603412
2012-05-30,MARUTI,INE585B01010,,1112.05,1157.35,1110.0,1151.05,1151146,1313017870.6,0.8838617074519538,1017.3690183625714
2012-05-31,MARUTI,INE585B01010,,1129.0,1134.35,1093.15,1100.25,3301123,3648704632.75,0.8838617074519538,972.4688436240122
2012-06-01,MARUTI,INE585B01010,,1106.95,1118.6,1071.0,1074.85,879733,964343740.35,0.8838617074519538,950.0187562547325
2012-06-04,MARUTI,INE585B01010,,1069.7,1078.0,1051.0,1067.5,548592,584792974.25,0.8838617074519538,943.5223727049607
2012-06-05,MARUTI,INE585B01010,,1077.5,1089.9,1058.3,1079.0,605028,652409301.75,0.8838617074519538,953.6867823406582
2012-06-06,MARUTI,INE585B01010,,1079.9,1115.8,1076.35,1107.95,925831,1022081583.7,0.8838617074519538,979.2745787713923
2012-06-07,MARUTI,INE585B01010,,1120.0,1146.4,1110.6,1143.25,984712,1114914299.35,0.8838617074519538,1010.4748970444462
2012-06-08,MARUTI,INE585B01010,,1137.0,1137.0,1111.15,1124.05,456053,512071819.3,0.8838617074519538,993.5047522613686
2012-06-11,MARUTI,INE585B01010,,1132.0,1143.4,1102.0,1110.5,724281,815667137.6,0.8838617074519538,981.5284261253947
2012-06-12,MARUTI,INE585B01010,,1104.0,1152.8,1103.35,1144.55,534252,604007374.5,0.8838617074519538,1011.6239172641336
2012-06-13,MARUTI,INE585B01010,,1138.0,1144.0,1102.5,1107.75,1333440,1481959224.35,0.8838617074519538,979.0978064299019
2012-06-14,MARUTI,INE585B01010,,1110.15,1125.3,1073.15,1080.1,882665,970248151.6,0.8838617074519538,954.6590302188553
2012-06-15,MARUTI,INE585B01010,,1094.0,1110.0,1077.3,1106.8,685861,749456346.95,0.8838617074519538,978.2581378078224
2012-06-18,MARUTI,INE585B01010,,1115.0,1127.45,1083.5,1091.8,610175,673540043.25,0.8838617074519538,965.0002121960431
2012-06-19,MARUTI,INE585B01010,,1090.0,1103.7,1076.4,1090.95,430252,468044983.3,0.8838617074519538,964.248929744709
2012-06-20,MARUTI,INE585B01010,,1089.0,1092.55,1073.0,1076.4,616008,665412755.45,0.8838617074519538,951.3887419012832
2012-06-21,MARUTI,INE585B01010,,1080.0,1094.0,1062.1,1088.85,844982,908692929.95,0.8838617074519538,962.3928201590599
2012-06-22,MARUTI,INE585B01010,,1078.0,1113.3,1074.5,1102.1,904652,998171270.75,0.8838617074519538,974.1039877827982
2012-06-25,MARUTI,INE585B01010,,1106.6,1133.9,1106.6,1113.9,910242,1022290356.55,0.8838617074519538,984.5335559307314
2012-06-26,MARUTI,INE585B01010,,1115.0,1120.95,1105.05,1113.2,302263,336258095.7,0.8838617074519538,983.9148527355151
2012-06-27,MARUTI,INE585B01010,,1121.0,1124.0,1109.0,1121.7,532527,595492749.45,0.8838617074519538,991.4276772488566
2012-06-28,MARUTI,INE585B01010,,1126.95,1132.0,1110.35,1120.85,516495,580161630.75,0.8838617074519538,990.6763947975223
2012-06-29,MARUTI,INE585B01010,,1140.0,1176.0,1140.0,1169.75,1346720,1564341233.6,0.8838617074519538,1033.897232291923
2012-07-02,MARUTI,INE585B01010,,1180.0,1204.8,1155.0,1178.5,1141219,1354215995.25,0.8838617074519538,1041.6310222321276
2012-07-03,MARUTI,INE585B01010,,1188.0,1201.2,1185.45,1191.65,973813,1163568587.95,0.8838617074519538,1053.2538036851208
2012-07-04,MARUTI,INE585B01010,,1197.25,1224.5,1197.25,1221.15,1044761,1271166301.85,0.8838617074519538,1079.3277240549535
2012-07-05,MARUTI,INE585B01010,,1215.55,1250.0,1213.5,1240.3,1278118,1576787592.85,0.8838617074519538,1096.2536757526582
2012-07-06,MARUTI,INE585B01010,,1240.35,1242.0,1211.5,1215.5,611047,746832150.6,0.8838617074519538,1074.33390540785
2012-07-09,MARUTI,INE585B01010,,1212.0,1213.0,1183.75,1187.75,403988,482014419.05,0.8838617074519538,1049.806743026058
2012-07-10,MARUTI,INE585B01010,,1193.0,1228.8,1181.0,1220.55,794615,962974663.7,0.8838617074519538,1078.7974070304822
2012-07-11,MARUTI,INE585B01010,,1214.0,1218.0,1200.05,1203.4,407383,492403445.15,0.8838617074519538,1063.6391787476814
2012-07-12,MARUTI,INE585B01010,,1199.8,1216.0,1189.15,1195.6,559552,673359254.45,0.8838617074519538,1056.7450574295558
2012-07-13,MARUTI,INE585B01010,,1200.25,1207.9,1175.65,1183.95,592804,702968656.0,0.8838617074519538,1046.4480685377407
2012-07-16,MARUTI,INE585B01010,,1190.0,1212.95,1178.4,1203.3,599666,721855098.7,0.8838617074519538,1063.550792576936
2012-07-17,MARUTI,INE585B01010,,1210.5,1215.75,1190.6,1196.2,273112,328759315.35,0.8838617074519538,1057.275374454027
2012-07-18,MARUTI,INE585B01010,,1197.35,1229.0,1186.8,1226.6,508727,616071520.75,0.8838617074519538,1084.1447703605666
2012-07-19,MARUTI,INE585B01010,,1175.0,1175.0,1110.0,1117.3,8345304,9467290402.6,0.8838617074519538,987.5386857360679
2012-07-20,MARUTI,INE585B01010,,1095.25,1151.7,1094.75,1147.5,4553438,5151236132.6,0.8838617074519538,1014.231309301117
2012-07-23,MARUTI,INE585B01010,,1106.0,1107.0,1074.3,1079.95,4040249,4376786043.8,0.8838617074519538,954.5264509627375
2012-07-24,MARUTI,INE585B01010,,1086.0,1119.0,1085.25,1106.9,2373402,2618825839.4,0.8838617074519538,978.3465239785678
2012-07-25,MARUTI,INE585B01010,,1095.0,1107.8,1085.95,1102.95,1202467,1318670477.05,0.8838617074519538,974.8552702341325
2012-07-26,MARUTI,INE585B01010,,1110.0,1125.6,1098.6,1108.55,2109342,2346491372.25,0.8838617074519538,979.8048957958633
2012-07-27,MARUTI,INE585B01010,,1124.75,1124.95,1106.05,1112.95,884839,983671128.0,0.8838617074519538,983.693887308652
2012-07-30,MARUTI,INE585B01010,,1085.1,1124.5,1082.65,1119.9,1353345,1502067880.5,0.8838617074519538,989.8367261754431
2012-07-31,MARUTI,INE585B01010,,1115.0,1137.6,1112.75,1134.85,708501,798208957.15,0.8838617074519538,1003.0504587018497
2012-08-01,MARUTI,INE585B01010,,1134.0,1144.0,1118.5,1125.6,704104,793521486.5,0.8838617074519538,994.8747379079191
2012-08-02,MARUTI,INE585B01010,,1129.8,1134.0,1116.0,1125.35,429857,483578421.1,0.8838617074519538,994.6537724810561
2012-08-03,MARUTI,INE585B01010,,1119.8,1124.85,1108.95,1120.85,297511,332400425.7,0.8838617074519538,990.6763947975223
2012-08-06,MARUTI,INE585B01010,,1134.0,1141.0,1125.0,1137.65,425446,481848742.15,0.8838617074519538,1005.5252714827153
2012-08-07,MARUTI,INE585B01010,,1139.95,1148.95,1130.0,1146.95,556437,636391344.4,0.8838617074519538,1013.7451853620184
2012-08-08,MARUTI,INE585B01010,,1140.6,1151.25,1136.0,1140.1,568514,649689418.75,0.8838617074519538,1007.6907326659724
2012-08-09,MARUTI,INE585B01010,,1142.0,1166.0,1137.0,1144.8,895054,1030336711.3,0.8838617074519538,1011.8448826909967
2012-08-10,MARUTI,INE585B01010,,1144.0,1175.85,1140.65,1165.8,638608,740558121.1,0.8838617074519538,1030.4059785474876
2012-08-13,MARUTI,INE585B01010,,1179.3,1195.0,1177.2,1184.95,838204,995552228.15,0.8838617074519538,1047.3319302451928
2012-08-14,MARUTI,INE585B01010,,1184.0,1191.0,1160.0,1184.9,418219,492818749.05,0.8894916389190137,1053.9586429551393
2012-08-16,MARUTI,INE585B01010,,1191.8,1198.0,1170.0,1172.6,396861,467962827.1,0.8894916389190137,1043.0178957964354
2012-08-17,MARUTI,INE585B01010,,1190.0,1194.8,1171.15,1177.55,1988327,2345409647.15,0.8894916389190137,1047.4208794090846
2012-08-21,MARUTI,INE585B01010,,1190.0,1197.0,1176.1,1187.9,1186236,1405792464.15,0.8894916389190137,1056.6271178718964
2012-08-22,MARUTI,INE585B01010,,1185.0,1206.0,1180.05,1183.15,700024,835703491.1,0.8894916389190137,1052.4020325870313
2012-08-23,MARUTI,INE585B01010,,1186.25,1192.05,1177.0,1181.0,304311,360055950.75,0.8894916389190137,1050.4896255633553
2012-08-24,MARUTI,INE585B01010,,1181.2,1193.0,1161.0,1190.3,470889,555585414.9,0.8894916389190137,1058.761897805302
2012-08-27,MARUTI,INE585B01010,,1194.95,1198.5,1164.05,1167.8,355903,418251507.3,0.8894916389190137,1038.748335929624
2012-08-28,MARUTI,INE585B01010,,1165.2,1183.3,1156.0,1164.45,432474,505771957.2,0.8894916389190137,1035.7685389392457
2012-08-29,MARUTI,INE585B01010,,1167.25,1173.0,1154.25,1167.8,630103,734132000.35,0.8894916389190137,1038.748335929624
2012-08-30,MARUTI,INE585B01010,,1160.05,1164.0,1133.1,1143.6,896906,1027332462.15,0.8894916389190137,1017.222638267784
2012-08-31,MARUTI,INE585B01010,,1138.4,1148.5,1130.0,1143.3,392594,447299288.4,0.8894916389190137,1016.9557907761083
2012-09-03,MARUTI,INE585B01010,,1130.2,1170.05,1130.2,1162.5,445403,513874709.9,0.8894916389190137,1034.0340302433535
2012-09-04,MARUTI,INE585B01010,,1162.5,1179.0,1147.5,1174.65,417884,485241057.75,0.8894916389190137,1044.8413536562196
2012-09-05,MARUTI,INE585B01010,,1170.0,1179.0,1162.05,1174.5,421800,493829716.15,0.8894916389190137,1044.7079299103816
2012-09-06,MARUTI,INE585B01010,,1170.0,1196.0,1170.0,1183.45,767955,912405778.85,0.8894916389190137,1052.668880078707
2012-09-07,MARUTI,INE585B01010,,1196.0,1208.0,1191.3,1205.0,1285056,1545853573.25,0.8894916389190137,1071.8374248974114
2012-09-10,MARUTI,INE585B01010,,1212.0,1220.75,1197.6,1206.1,474322,574741756.15,0.8894916389190137,1072.8158657002223
2012-09-11,MARUTI,INE585B01010,,1198.5,1220.95,1191.7,1213.85,498747,604815547.25,0.8894916389190137,1079.7094259018447
2012-09-12,MARUTI,INE585B01010,,1216.0,1225.25,1212.3,1220.2,482824,589924775.05,0.8894916389190137,1085.3576978089807
2012-09-13,MARUTI,INE585B01010,,1222.3,1229.85,1204.0,1210.6,347562,422742360.7,0.8894916389190137,1076.818578075358
2012-09-14,MARUTI,INE585B01010,,1226.0,1267.8,1226.0,1261.1,1197005,1500929283.25,0.8894916389190137,1121.7379058407682
2012-09-17,MARUTI,INE585B01010,,1281.0,1324.5,1275.05,1279.3,1338378,1738928129.55,0.8894916389190137,1137.9266536690943
2012-09-18,MARUTI,INE585B01010,,1289.9,1292.6,1268.15,1275.95,640871,818565973.0,0.8894916389190137,1134.9468566787157
2012-09-20,MARUTI,INE585B01010,,1251.0,1301.8,1251.0,1282.9,940325,1213267506.7,0.8894916389190137,1141.1288235692027
2012-09-21,MARUTI,INE585B01010,,1294.0,1317.3,1287.15,1311.75,800094,1042808397.35,0.8894916389190137,1166.7906573520163
2012-09-24,MARUTI,INE585B01010,,1315.0,1369.8,1310.15,1354.65,994282,1337193650.2,0.8894916389190137,1204.9498486616421
2012-09-25,MARUTI,INE585B01010,,1360.8,1368.4,1317.05,1321.7,693537,925787544.15,0.8894916389190137,1175.6410991592604
2012-09-26,MARUTI,INE585B01010,,1308.05,1329.6,1297.45,1312.1,909320,1196063803.5,0.8894916389190137,1167.1019794256379
2012-09-27,MARUTI,INE585B01010,,1317.9,1342.0,1317.45,1331.05,1272235,1695376054.35,0.8894916389190137,1183.9578459831532
2012-09-28,MARUTI,INE585B01010,,1345.0,1370.0,1341.0,1350.6,1241053,1681107230.65,0.8894916389190137,1201.34740752402
2012-10-01,MARUTI,INE585B01010,,1359.0,1382.8,1347.6,1358.0,865209,1180113740.1,0.8894916389190137,1207.9296456520206
2012-10-03,MARUTI,INE585B01010,,1358.0,1374.3,1354.45,1363.45,639206,872067131.5,0.8894916389190137,1212.7773750841293
2012-10-04,MARUTI,INE585B01010,,1371.25,1409.85,1362.6,1390.5,1104971,1529439803.05,0.8894916389190137,1236.8381239168887
2012-10-05,MARUTI,INE585B01010,,1399.5,1409.0,1261.2,1387.7,987181,1366959887.75,0.8894916389190137,1234.3475473279154
2012-10-08,MARUTI,INE585B01010,,1382.0,1409.9,1375.15,1385.45,1099782,1531346404.55,0.8894916389190137,1232.3461911403476
2012-10-09,MARUTI,INE585B01010,,1400.0,1405.0,1387.5,1392.6,755966,1054106804.55,0.8894916389190137,1238.7060563586185
2012-10-10,MARUTI,INE585B01010,,1385.0,1394.5,1376.0,1378.95,450007,622690867.5,0.8894916389190137,1226.564495487374
2012-10-11,MARUTI,INE585B01010,,1385.0,1391.0,1347.5,1369.2,1280918,1746871078.05,0.8894916389190137,1217.8919520079137
2012-10-12,MARUTI,INE585B01010,,1355.5,1387.5,1355.5,1372.05,792185,1087663501.55,0.8894916389190137,1220.4270031788328
2012-10-15,MARUTI,INE585B01010,,1374.3,1384.3,1334.0,1338.25,710035,956245957.7,0.8894916389190137,1190.36218578337
2012-10-16,MARUTI,INE585B01010,,1342.5,1372.7,1337.6,1367.05,860593,1171769811.25,0.8894916389190137,1215.9795449842377
2012-10-17,MARUTI,INE585B01010,,1378.85,1389.0,1362.95,1368.15,896249,1234688322.0,0.8894916389190137,1216.9579857870488
2012-10-18,MARUTI,INE585B01010,,1373.25,1388.5,1371.1,1378.75,559121,770918106.4,0.8894916389190137,1226.38659715959
2012-10-19,MARUTI,INE585B01010,,1373.45,1382.0,1362.7,1369.25,243014,333127316.75,0.8894916389190137,1217.9364265898596
2012-10-22,MARUTI,INE585B01010,,1362.0,1377.9,1353.55,1369.85,278367,380970057.3,0.8894916389190137,1218.470121573211
2012-10-23,MARUTI,INE585B01010,,1365.0,1377.9,1361.0,1366.9,351522,481382935.55,0.8894916389190137,1215.8461212384
2012-10-25,MARUTI,INE585B01010,,1369.0,1376.95,1348.0,1368.85,540856,735506453.55,0.8894916389190137,1217.580629934292
2012-10-26,MARUTI,INE585B01010,,1362.0,1378.0,1360.35,1365.7,320472,437775045.5,0.8894916389190137,1214.778731271697
2012-10-29,MARUTI,INE585B01010,,1370.0,1373.0,1353.6,1362.2,665083,906574220.1,0.8894916389190137,1211.6655105354805
2012-10-30,MARUTI,INE585B01010,,1351.0,1419.0,1338.0,1390.8,1697578,2339499666.5,0.8894916389190137,1237.1049714085643
2012-10-31,MARUTI,INE585B01010,,1385.0,1443.8,1381.3,1437.9,2341085,3338368206.5,0.8894916389190137,1279.00002760165
2012-11-01,MARUTI,INE585B01010,,1439.0,1467.0,1438.1,1459.75,1719118,2498191559.95,0.8894916389190137,1298.4354199120303
2012-11-02,MARUTI,INE585B01010,,1466.0,1477.35,1454.1,1465.9,1151250,1688597092.45,0.8894916389190137,1303.9057934913824
2012-11-05,MARUTI,INE585B01010,,1462.0,1487.95,1458.75,1478.25,741504,1090365877.05,0.8894916389190137,1314.891015232032
2012-11-06,MARUTI,INE585B01010,,1468.05,1474.95,1443.1,1451.6,915224,1328405964.8,0.8894916389190137,1291.1860630548401
2012-11-07,MARUTI,INE585B01010,,1448.65,1478.25,1448.05,1467.15,486738,714612532.2,0.8894916389190137,1305.0176580400312
2012-11-08,MARUTI,INE585B01010,,1451.2,1473.15,1451.1,1459.75,459052,671982673.55,0.8894916389190137,1298.4354199120303
2012-11-09,MARUTI,INE585B01010,,1459.75,1475.0,1457.5,1463.4,578089,848457430.2,0.8894916389190137,1301.6820643940848
2012-11-12,MARUTI,INE585B01010,,1474.0,1474.0,1443.9,1454.1,290527,421782897.85,0.8894916389190137,1293.4097921521377
2012-11-13,MARUTI,INE585B01010,,1452.0,1466.8,1446.35,1462.35,119895,175017506.35,0.8894916389190137,1300.7480981732197
2012-11-15,MARUTI,INE585B01010,,1446.3,1477.0,1440.75,1466.05,788772,1152593276.5,0.8894916389190137,1304.03921723722
2012-11-16,MARUTI,INE585B01010,,1461.0,1477.0,1434.2,1438.1,376344,547209398.3,0.8894916389190137,1279.1779259294335
2012-11-19,MARUTI,INE585B01010,,1445.9,1506.7,1445.9,1494.25,1688460,2516753455.0,0.8894916389190137,1329.1228814547362
2012-11-20,MARUTI,INE585B01010,,1505.0,1509.1,1486.95,1499.3,1032949,1549007574.8,0.8894916389190137,1333.6148142312773
2012-11-21,MARUTI,INE585B01010,,1500.25,1503.95,1480.1,1492.5,421427,627604059.8,0.8894916389190137,1327.566271086628
2012-11-22,MARUTI,INE585B01010,,1500.0,1514.5,1489.25,1493.45,427099,640972076.35,0.8894916389190137,1328.411288143601
2012-11-23,MARUTI,INE585B01010,,1501.0,1503.0,1485.0,1493.3,223808,334105146.25,0.8894916389190137,1328.277864397763
2012-11-26,MARUTI,INE585B01010,,1501.1,1501.25,1485.0,1491.85,381166,568213180.35,0.8894916389190137,1326.9881015213305
2012-11-27,MARUTI,INE585B01010,,1498.0,1509.4,1493.05,1497.65,531466,796097139.7,0.8894916389190137,1332.147153027061
2012-11-29,MARUTI,INE585B01010,,1500.0,1504.45,1474.15,1489.1,639078,950360278.0,0.8894916389190137,1324.5419995143034
2012-11-30,MARUTI,INE585B01010,,1492.25,1499.0,1470.2,1473.85,432369,639747207.8,0.8894916389190137,1310.9772520207882
2012-12-03,MARUTI,INE585B01010,,1480.0,1504.25,1479.45,1489.9,710972,1061685523.85,0.8894916389190137,1325.2535928254385
2012-12-04,MARUTI,INE585B01010,,1502.0,1502.0,1475.65,1480.55,326134,484299449.6,0.8894916389190137,1316.9368460015457
2012-12-05,MARUTI,INE585B01010,,1487.0,1490.0,1472.0,1477.35,368330,545216278.0,0.8894916389190137,1314.0904727570048
2012-12-06,MARUTI,INE585B01010,,1480.8,1486.95,1459.45,1482.55,340106,501820379.8,0.8894916389190137,1318.7158292793838
2012-12-07,MARUTI,INE585B01010,,1490.0,1539.9,1490.0,1509.95,1272135,1933298920.3,0.8894916389190137,1343.0879001857647
2012-12-10,MARUTI,INE585B01010,,1505.0,1523.5,1490.25,1493.4,314521,473093976.15,0.8894916389190137,1328.3668135616551
2012-12-11,MARUTI,INE585B01010,,1489.9,1500.0,1466.6,1477.9,309880,458814751.75,0.8894916389190137,1314.5796931584105
2012-12-12,MARUTI,INE585B01010,,1485.0,1491.95,1463.05,1476.0,652425,964188549.2,0.8894916389190137,1312.8896590444642
2012-12-13,MARUTI,INE585B01010,,1482.0,1496.0,1470.0,1474.15,536596,793349713.9,0.8894916389190137,1311.2440995124641
2012-12-14,MARUTI,INE585B01010,,1478.25,1488.0,1451.0,1477.25,464608,682722556.15,0.8894916389190137,1314.001523593113
2012-12-17,MARUTI,INE585B01010,,1490.0,1510.8,1480.55,1499.65,879034,1319522628.5,0.8894916389190137,1333.926136304899
2012-12-18,MARUTI,INE585B01010,,1500.0,1504.95,1471.85,1475.35,579109,860659099.4,0.8894916389190137,1312.3114894791668
2012-12-19,MARUTI,INE585B01010,,1487.35,1516.95,1484.9,1509.75,960012,1447366219.85,0.8894916389190137,1342.910001857981
2012-12-20,MARUTI,INE585B01010,,1513.7,1530.15,1510.0,1520.15,626581,953549209.95,0.8894916389190137,1352.1607149027388
2012-12-21,MARUTI,INE585B01010,,1513.0,1521.9,1500.1,1504.9,505267,763155438.55,0.8894916389190137,1338.595967409224
2012-12-24,MARUTI,INE585B01010,,1497.25,1500.85,1475.35,1478.9,338405,502017786.0,0.8894916389190137,1315.4691847973295
2012-12-26,MARUTI,INE585B01010,,1478.5,1493.9,1478.0,1480.1,260198,385971198.0,0.8894916389190137,1316.5365747640321
2012-12-27,MARUTI,INE585B01010,,1490.0,1501.0,1475.35,1482.0,588291,875539867.5,0.8894916389190137,1318.2266088779784
2012-12-28,MARUTI,INE585B01010,,1490.0,1517.0,1484.1,1500.4,453955,682824461.4,0.8894916389190137,1334.5932550340883
2012-12-31,MARUTI,INE585B01010,,1502.5,1514.0,1486.75,1490.05,187038,280424519.75,0.8894916389190137,1325.3870165712763
2013-01-01,MARUTI,INE585B01010,,1497.0,1524.0,1484.95,1514.4,446063,672915119.65,0.8894916389190137,1347.0461379789544
2013-01-02,MARUTI,INE585B01010,,1518.8,1566.0,1518.8,1557.4,801361,1240266597.8,0.8894916389190137,1385.294278452472
2013-01-03,MARUTI,INE585B01010,,1567.0,1567.0,1540.3,1543.3,584243,904660667.15,0.8894916389190137,1372.752446343714
2013-01-04,MARUTI,INE585B01010,,1542.0,1558.9,1539.5,1545.45,361754,560502611.6,0.8894916389190137,1374.6648533673897
2013-01-07,MARUTI,INE585B01010,,1553.5,1601.75,1553.5,1584.6,951298,1511572516.85,0.8894916389190137,1409.488451031069
2013-01-08,MARUTI,INE585B01010,,1593.9,1594.0,1571.0,1574.85,640368,1010726941.6,0.8894916389190137,1400.8159075516087
2013-01-09,MARUTI,INE585B01010,,1570.0,1595.4,1561.6,1569.6,671715,1061814321.1,0.8894916389190137,1396.1460764472838
2013-01-10,MARUTI,INE585B01010,,1576.1,1589.0,1564.15,1572.3,911264,1438795326.5,0.8894916389190137,1398.5477038723652
2013-01-11,MARUTI,INE585B01010,,1572.0,1592.95,1557.7,1565.25,812488,1281289234.0,0.8894916389190137,1392.2767878179861
2013-01-14,MARUTI,INE585B01010,,1570.0,1578.0,1531.0,1539.1,1491642,2298152130.7,0.8894916389190137,1369.016581460254
2013-01-15,MARUTI,INE585B01010,,1545.0,1564.9,1543.2,1546.0,693345,1077046358.6,0.8894916389190137,1375.1540737687951
2013-01-16,MARUTI,INE585B01010,,1540.0,1560.0,1482.3,1493.2,1202364,1833417477.95,0.8894916389190137,1328.1889152338713
2013-01-17,MARUTI,INE585B01010,,1486.1,1521.7,1486.1,1494.1,986779,1488063558.45,0.8894916389190137,1328.9894577088983
2013-01-18,MARUTI,INE585B01010,,1507.8,1564.2,1502.5,1547.45,1741932,2694915544.55,0.8894916389190137,1376.4438366452277
2013-01-21,MARUTI,INE585B01010,,1555.0,1582.8,1550.75,1574.6,1538191,2416114576.85,0.8894916389190137,1400.593534641879
2013-01-22,MARUTI,INE585B01010,,1581.0,1594.9,1567.05,1570.1,930310,1469608181.5,0.8894916389190137,1396.5908222667433
2013-01-23,MARUTI,INE585B01010,,1584.0,1586.35,1565.2,1573.7,841493,1327815057.3,0.8894916389190137,1399.792992166852
2013-01-24,MARUTI,INE585B01010,,1576.0,1578.0,1528.7,1538.8,575646,893649352.8,0.8894916389190137,1368.7497339685783
2013-01-25,MARUTI,INE585B01010,,1549.0,1606.0,1542.25,1599.45,2993882,4734659063.6,0.8894916389190137,1422.6974018690166
2013-01-28,MARUTI,INE585B01010,,1621.0,1633.9,1600.5,1608.15,1157319,1874290386.75,0.8894916389190137,1430.435979127612
2013-01-29,MARUTI,INE585B01010,,1608.0,1628.0,1588.0,1593.05,703176,1134734785.0,0.8894916389190137,1417.0046553799348
2013-01-30,MARUTI,INE585B01010,,1603.95,1622.75,1596.0,1601.9,649445,1043607358.7,0.8894916389190137,1424.876656384368
2013-01-31,MARUTI,INE585B01010,,1594.0,1616.0,1578.05,1581.6,933230,1492196259.65,0.8894916389190137,1406.819976114312
2013-02-01,MARUTI,INE585B01010,,1585.2,1621.8,1580.0,1609.7,895967,1440637818.05,0.8894916389190137,1431.8146911679364
2013-02-04,MARUTI,INE585B01010,,1612.0,1616.8,1591.0,1599.4,416405,666136908.0,0.8894916389190137,1422.6529272870707
2013-02-05,MARUTI,INE585B01010,,1593.0,1610.5,1590.0,1600.35,491977,787477978.25,0.8894916389190137,1423.4979443440436
2013-02-06,MARUTI,INE585B01010,,1610.0,1639.0,1610.0,1627.85,1082611,1764160769.2,0.8894916389190137,1447.9589644143164
2013-02-07,MARUTI,INE585B01010,,1626.95,1628.9,1614.4,1622.35,480018,778153843.0,0.8894916389190137,1443.0667604002617
2013-02-08,MARUTI,INE585B01010,,1625.0,1631.9,1577.15,1587.7,659412,1057268427.65,0.8894916389190137,1412.245875111718
2013-02-11,MARUTI,INE585B01010,,1593.7,1594.9,1555.85,1558.8,361453,566567187.25,0.8894916389190137,1386.5395667469586
2013-02-12,MARUTI,INE585B01010,,1561.55,1584.0,1548.15,1558.95,442763,692900262.65,0.8894916389190137,1386.6729904927965
2013-02-13,MARUTI,INE585B01010,,1559.7,1570.0,1530.0,1532.45,598533,925941692.95,0.8894916389190137,1363.1014620614426
2013-02-14,MARUTI,INE585B01010,,1515.1,1518.45,1476.35,1485.25,1655638,2474182017.8,0.8894916389190137,1321.1174567044652
2013-02-15,MARUTI,INE585B01010,,1477.25,1485.0,1463.5,1475.05,688998,1014869214.45,0.8894916389190137,1312.044641987491
2013-02-18,MARUTI,INE585B01010,,1476.0,1485.0,1466.5,1479.8,457163,675816647.65,0.8894916389190137,1316.2697272723565
2013-02-19,MARUTI,INE585B01010,,1471.25,1524.8,1463.3,1511.25,814306,1216418887.05,0.8894916389190137,1344.2442393163594
2013-02-20,MARUTI,INE585B01010,,1503.25,1511.25,1482.35,1508.3,639004,960248041.3,0.8894916389190137,1341.6202389815483
2013-02-21,MARUTI,INE585B01010,,1494.0,1507.9,1450.15,1467.5,957074,1422778341.0,0.8894916389190137,1305.3289801136527
2013-02-22,MARUTI,INE585B01010,,1463.4,1467.0,1430.1,1438.4,648683,939025352.3,0.8894916389190137,1279.4447734211094
2013-02-25,MARUTI,INE585B01010,,1442.0,1459.9,1438.25,1444.1,399084,577866770.45,0.8894916389190137,1284.5148757629477
2013-02-26,MARUTI,INE585B01010,,1440.0,1440.0,1391.1,1404.3,686212,968980400.75,0.8894916389190137,1249.113108533971
2013-02-27,MARUTI,INE585B01010,,1400.0,1429.85,1377.2,1408.55,504783,709083397.7,0.8894916389190137,1252.8934479993768
2013-02-28,MARUTI,INE585B01010,,1415.3,1418.8,1340.3,1354.35,2957853,4037311183.1,0.8894916389190137,1204.6830011699662
2013-03-01,MARUTI,INE585B01010,,1364.0,1436.4,1362.25,1424.4,935306,1316743119.35,0.8894916389190137,1266.9918904762433
2013-03-04,MARUTI,INE585B01010,,1408.1,1416.8,1390.9,1398.75,277745,389211490.0,0.8894916389190137,1244.1764299379704
2013-03-05,MARUTI,INE585B01010,,1395.0,1444.8,1395.0,1430.75,620394,886243678.2,0.8894916389190137,1272.640162383379
2013-03-06,MARUTI,INE585B01010,,1434.45,1442.2,1411.3,1424.45,436690,623362266.05,0.8894916389190137,1267.0363650581892
2013-03-07,MARUTI,INE585B01010,,1419.5,1454.8,1409.85,1449.35,425637,612820676.2,0.8894916389190137,1289.1847068672726
2013-03-08,MARUTI,INE585B01010,,1460.0,1473.95,1415.9,1428.95,756489,1087249460.95,0.8894916389190137,1271.0390774333248
2013-03-11,MARUTI,INE585B01010,,1438.9,1448.0,1414.0,1417.95,372123,531924766.35,0.8894916389190137,1261.2546694052155
2013-03-12,MARUTI,INE585B01010,,1410.65,1430.0,1401.7,1417.0,423192,600177552.4,0.8894916389190137,1260.4096523482424
2013-03-13,MARUTI,INE585B01010,,1404.0,1413.7,1371.0,1374.25,328461,455814985.8,0.8894916389190137,1222.3838847844547
2013-03-14,MARUTI,INE585B01010,,1372.0,1424.9,1360.75,1418.8,627771,879725260.75,0.8894916389190137,1262.0107372982966
2013-03-15,MARUTI,INE585B01010,,1424.0,1427.8,1387.6,1406.7,444509,625474754.9,0.8894916389190137,1251.2478884673767
2013-03-18,MARUTI,INE585B01010,,1390.0,1393.9,1355.65,1361.05,369621,506517285.35,0.8894916389190137,1210.6425951507235
2013-03-19,MARUTI,INE585B01010,,1366.0,1382.8,1335.05,1364.65,677734,923926020.0,0.8894916389190137,1213.8447650508322
2013-03-20,MARUTI,INE585B01010,,1355.0,1374.0,1332.0,1342.6,454199,615168231.3,0.8894916389190137,1194.2314744126677
2013-03-21,MARUTI,INE585B01010,,1343.0,1357.7,1288.0,1306.95,707612,930840543.35,0.8894916389190137,1162.521097485205
2013-03-22,MARUTI,INE585B01010,,1313.8,1323.0,1295.5,1305.55,719856,940413014.85,0.8894916389190137,1161.2758091907183
2013-03-25,MARUTI,INE585B01010,,1321.0,1330.0,1276.4,1285.2,336083,437831439.25,0.8894916389190137,1143.1746543387164
2013-03-26,MARUTI,INE585B01010,,1275.2,1297.9,1266.1,1293.25,303740,390137846.5,0.8894916389190137,1150.3350620320145
2013-03-28,MARUTI,INE585B01010,,1287.0,1315.8,1271.7,1281.2,840376,1085918156.4,0.8894916389190137,1139.6166877830403
2013-04-01,MARUTI,INE585B01010,,1280.0,1288.4,1262.0,1283.8,280418,358073460.15,0.8894916389190137,1141.9293660442297
2013-04-02,MARUTI,INE585B01010,,1275.0,1315.85,1260.0,1307.8,798827,1038072920.7,0.8894916389190137,1163.277165378286
2013-04-03,MARUTI,INE585B01010,,1295.0,1328.4,1295.0,1303.5,361668,475716359.25,0.8894916389190137,1159.4523513309343
2013-04-04,MARUTI,INE585B01010,,1292.0,1329.5,1282.0,1311.1,385661,505250471.7,0.8894916389190137,1166.2124877867188
2013-04-05,MARUTI,INE585B01010,,1327.0,1424.0,1327.0,1406.3,1681662,2332948053.35,0.8894916389190137,1250.892091811809
2013-04-08,MARUTI,INE585B01010,,1402.2,1424.0,1381.25,1420.15,781175,1097215379.4,0.8894916389190137,1263.2115510108374
2013-04-09,MARUTI,INE585B01010,,1426.0,1442.0,1401.0,1407.4,682014,971570235.3,0.8894916389190137,1251.87053261462
2013-04-10,MARUTI,INE585B01010,,1413.1,1417.65,1384.25,1412.6,479132,672305287.35,0.8894916389190137,1256.4958891369988
2013-04-11,MARUTI,INE585B01010,,1414.0,1432.0,1397.8,1428.05,506487,717423936.7,0.8894916389190137,1270.2385349582976
2013-04-12,MARUTI,INE585B01010,,1420.0,1430.0,1402.15,1408.45,245123,347257613.85,0.8894916389190137,1252.804498835485
2013-04-15,MARUTI,INE585B01010,,1400.0,1444.9,1396.35,1422.9,358385,510850240.7,0.8894916389190137,1265.6576530178647
2013-04-16,MARUTI,INE585B01010,,1415.0,1487.9,1415.0,1482.05,620229,908439318.95,0.8894916389190137,1318.2710834599243
2013-04-17,MARUTI,INE585B01010,,1486.1,1504.8,1467.1,1494.5,422625,629821390.15,0.8894916389190137,1329.345254364466
2013-04-18,MARUTI,INE585B01010,,1485.3,1533.45,1485.3,1524.6,540860,818240131.15,0.8894916389190137,1356.1189526959283
2013-04-22,MARUTI,INE585B01010,,1528.0,1553.85,1525.9,1540.45,352370,542315666.7,0.8894916389190137,1370.2173951727948
2013-04-23,MARUTI,INE585B01010,,1541.0,1544.2,1515.15,1536.35,288841,441585610.95,0.8894916389190137,1366.5704794532267
2013-04-25,MARUTI,INE585B01010,,1541.9,1599.25,1541.9,1590.95,775649,1223558302.0,0.8894916389190137,1415.136722938205
2013-04-26,MARUTI,INE585B01010,,1590.95,1693.0,1567.5,1673.15,3505606,5792498596.8,0.8894916389190137,1488.252935657348
2013-04-29,MARUTI,INE585B01010,,1675.85,1704.35,1675.85,1683.5,897487,1516265039.65,0.8894916389190137,1497.4591741201596
2013-04-30,MARUTI,INE585B01010,,1690.0,1697.0,1655.85,1669.6,400577,670195974.6,0.8894916389190137,1485.0952403391852
2013-05-02,MARUTI,INE585B01010,,1642.0,1709.7,1642.0,1679.8,877894,1479077366.2,0.8894916389190137,1494.1680550561591
2013-05-03,MARUTI,INE585B01010,,1682.75,1699.5,1661.6,1665.4,575722,963895423.45,0.8894916389190137,1481.3593754557255
2013-05-06,MARUTI,INE585B01010,,1669.0,1699.0,1657.4,1692.4,414868,697487000.1,0.8894916389190137,1505.375649706539
2013-05-07,MARUTI,INE585B01010,,1700.0,1707.15,1683.8,1692.8,462187,782257123.25,0.8894916389190137,1505.7314463621065
2013-05-08,MARUTI,INE585B01010,,1697.0,1697.0,1674.0,1680.85,306652,515758246.15,0.8894916389190137,1495.102021277024
2013-05-09,MARUTI,INE585B01010,,1682.25,1684.0,1655.9,1660.15,344448,574693682.95,0.8894916389190137,1476.6895443514006
2013-05-10,MARUTI,INE585B01010,,1675.0,1734.9,1673.0,1727.95,1228156,2106209738.45,0.8894916389190137,1536.9970774701098
2013-05-13,MARUTI,INE585B01010,,1740.0,1740.0,1698.85,1705.0,347596,597406452.5,0.8894916389190137,1516.5832443569184
2013-05-14,MARUTI,INE585B01010,,1706.0,1715.9,1691.5,1703.9,300610,512207113.95,0.8894916389190137,1515.6048035541075
2013-05-15,MARUTI,INE585B01010,,1719.75,1758.0,1711.8,1739.05,653485,1138256315.55,0.8894916389190137,1546.8704346621107
2013-05-16,MARUTI,INE585B01010,,1730.1,1749.8,1722.3,1728.2,289810,502255956.25,0.8894916389190137,1537.2194503798396
2013-05-17,MARUTI,INE585B01010,,1730.0,1741.25,1700.7,1708.7,288440,494101822.35,0.8894916389190137,1519.8743634209188
2013-05-20,MARUTI,INE585B01010,,1715.0,1774.4,1715.0,1742.25,549253,962230718.05,0.8894916389190137,1549.7168079066516
2013-05-21,MARUTI,INE585B01010,,1742.35,1744.55,1691.6,1697.4,559417,956378287.95,0.8894916389190137,1509.8231079011339
2013-05-22,MARUTI,INE585B01010,,1705.0,1714.65,1682.0,1687.6,419210,711090071.85,0.8894916389190137,1501.1060898397275
2013-05-23,MARUTI,INE585B01010,,1680.0,1687.45,1586.1,1647.5,1072941,1748543754.5,0.8894916389190137,1465.437475119075
2013-05-24,MARUTI,INE585B01010,,1650.4,1777.0,1614.0,1674.9,743669,1229802919.2,0.8894916389190137,1489.8095460254563
2013-05-27,MARUTI,INE585B01010,,1670.0,1670.0,1633.7,1648.75,584287,962056016.2,0.8894916389190137,1466.5493396677239
2013-05-28,MARUTI,INE585B01010,,1650.05,1669.0,1650.05,1655.1,333797,553516603.55,0.8894916389190137,1472.1976115748596
2013-05-29,MARUTI,INE585B01010,,1650.0,1661.8,1620.65,1634.15,457835,751176729.35,0.8894916389190137,1453.5627617395064
2013-05-30,MARUTI,INE585B01010,,1623.0,1646.0,1603.35,1637.5,593474,966152327.6,0.8894916389190137,1456.542558729885
2013-05-31,MARUTI,INE585B01010,,1625.1,1652.9,1598.15,1605.6,410598,667937193.3,0.8894916389190137,1428.1677754483683
2013-06-03,MARUTI,INE585B01010,,1599.95,1599.95,1548.35,1568.55,432366,675552441.55,0.8894916389190137,1395.2121102264189
2013-06-04,MARUTI,INE585B01010,,1555.65,1588.75,1539.3,1546.8,431388,673162718.65,0.8894916389190137,1375.8656670799303
2013-06-05,MARUTI,INE585B01010,,1550.1,1576.3,1533.25,1568.25,621196,969951838.35,0.8894916389190137,1394.9452627347432
2013-06-06,MARUTI,INE585B01010,,1558.8,1598.8,1550.0,1587.1,498248,787507446.3,0.8894916389190137,1411.7121801283665
2013-06-07,MARUTI,INE585B01010,,1565.0,1583.5,1545.0,1554.9,780953,1221955935.3,0.8894916389190137,1383.0705493551745
2013-06-10,MARUTI,INE585B01010,,1575.0,1580.95,1510.15,1521.85,503982,773980543.25,0.8894916389190137,1353.672850688901
2013-06-11,MARUTI,INE585B01010,,1512.0,1521.0,1481.0,1490.45,675122,1008861687.7,0.8894916389190137,1325.742813226844
2013-06-12,MARUTI,INE585B01010,,1486.0,1490.0,1461.9,1479.65,469660,692178341.1,0.8894916389190137,1316.1363035265188
2013-06-13,MARUTI,INE585B01010,,1459.0,1461.5,1430.0,1456.6,690959,1000210573.15,0.8894916389190137,1295.6335212494353
2013-06-14,MARUTI,INE585B01010,,1482.0,1520.0,1471.65,1514.15,383703,576998771.1,0.8894916389190137,1346.8237650692247
2013-06-17,MARUTI,INE585B01010,,1535.1,1551.4,1505.1,1535.25,533292,816650050.95,0.8894916389190137,1365.5920386504158
2013-06-18,MARUTI,INE585B01010,,1535.0,1547.0,1521.0,1538.55,529919,814079257.5,0.8894916389190137,1368.5273610588486
2013-06-19,MARUTI,INE585B01010,,1529.2,1549.5,1524.0,1543.75,389004,596888684.35,0.8894916389190137,1373.1527175812275
2013-06-20,MARUTI,INE585B01010,,1520.0,1540.9,1493.25,1525.15,505078,766623431.0,0.8894916389190137,1356.608173097334
2013-06-21,MARUTI,INE585B01010,,1520.0,1559.9,1511.75,1554.65,433570,668651398.45,0.8894916389190137,1382.8481764454448
2013-06-24,MARUTI,INE585B01010,,1546.0,1572.0,1531.8,1544.45,707604,1096363803.85,0.8894916389190137,1373.775361728471
2013-06-25,MARUTI,INE585B01010,,1540.0,1557.2,1502.25,1545.2,484805,742234437.55,0.8894916389190137,1374.44248045766
2013-06-26,MARUTI,INE585B01010,,1546.2,1557.9,1513.6,1544.75,408512,629697883.2,0.8894916389190137,1374.0422092201466
2013-06-27,MARUTI,INE585B01010,,1560.0,1565.0,1511.2,1521.2,493875,756343533.75,0.8894916389190137,1353.0946811236038
2013-06-28,MARUTI,INE585B01010,,1540.0,1549.2,1517.1,1537.75,444718,679685734.95,0.8894916389190137,1367.8157677477134
2013-07-01,MARUTI,INE585B01010,,1540.0,1622.4,1515.0,1605.45,856025,1336153856.8,0.8894916389190137,1428.0343517025306
2013-07-02,MARUTI,INE585B01010,,1590.5,1619.0,1572.5,1578.65,589430,941705881.8,0.8894916389190137,1404.1959757795012
2013-07-03,MARUTI,INE585B01010,,1561.0,1581.0,1555.65,1560.95,173724,272110079.75,0.8894916389190137,1388.4519737706346
2013-07-04,MARUTI,INE585B01010,,1570.0,1577.0,1533.05,1557.35,278194,432494019.35,0.8894916389190137,1385.249803870526
2013-07-05,MARUTI,INE585B01010,,1571.0,1575.0,1549.0,1554.55,273858,427116674.9,0.8894916389190137,1382.7592272815527
2013-07-08,MARUTI,INE585B01010,,1545.0,1563.0,1530.0,1551.05,311166,481444721.0,0.8894916389190137,1379.6460065453361
2013-07-09,MARUTI,INE585B01010,,1544.0,1549.0,1521.0,1543.85,467745,718610929.0,0.8894916389190137,1373.2416667451193
2013-07-10,MARUTI,INE585B01010,,1537.05,1549.65,1530.0,1543.5,344394,530835467.05,0.8894916389190137,1372.9303446714978
2013-07-11,MARUTI,INE585B01010,,1560.0,1579.1,1497.25,1505.55,543696,834993330.75,0.8894916389190137,1339.1741369745212
2013-07-12,MARUTI,INE585B01010,,1495.0,1505.05,1438.5,1447.95,945429,1380234279.15,0.8894916389190137,1287.939418572786
2013-07-15,MARUTI,INE585B01010,,1449.0,1465.0,1433.15,1446.6,522612,756280070.6,0.8894916389190137,1286.7386048602452
2013-07-16,MARUTI,INE585B01010,,1429.0,1429.9,1401.0,1411.25,817379,1153997019.25,0.8894916389190137,1255.2950754244582
2013-07-17,MARUTI,INE585B01010,,1412.25,1432.8,1401.5,1421.15,1141103,1609127371.7,0.8894916389190137,1264.1010426497564
2013-07-18,MARUTI,INE585B01010,,1415.0,1456.0,1407.2,1445.55,714436,1026039567.0,0.8894916389190137,1285.8046386393803
2013-07-19,MARUTI,INE585B01010,,1450.25,1462.0,1432.1,1451.5,403857,585337798.05,0.8894916389190137,1291.0971138909483
2013-07-22,MARUTI,INE585B01010,,1437.0,1466.5,1435.0,1448.45,324022,470924542.95,0.8894916389190137,1288.3841643922456
2013-07-23,MARUTI,INE585B01010,,1442.3,1464.0,1439.7,1448.7,451305,655689569.9,0.8894916389190137,1288.6065373019753
2013-07-24,MARUTI,INE585B01010,,1437.0,1443.8,1402.1,1416.05,405613,574565438.7,0.8894916389190137,1259.5646352912693
2013-07-25,MARUTI,INE585B01010,,1420.4,1452.15,1402.25,1414.0,1896090,2690514552.6,0.8894916389190137,1257.7411774314853
2013-07-26,MARUTI,INE585B01010,,1448.0,1448.0,1352.7,1375.4,1226137,1690858735.35,0.8894916389190137,1223.4068001692115
2013-07-29,MARUTI,INE585B01010,,1375.0,1378.1,1335.8,1348.2,710715,957488580.1,0.8894916389190137,1199.2126275906144
2013-07-30,MARUTI,INE585B01010,,1349.9,1362.8,1340.5,1342.4,459744,620034443.5,0.8894916389190137,1194.053576084884
2013-07-31,MARUTI,INE585B01010,,1336.0,1336.0,1292.0,1326.3,500776,662210764.45,0.8894916389190137,1179.7327606982878
2013-08-01,MARUTI,INE585B01010,,1326.0,1359.6,1322.25,1340.3,797570,1070032156.3,0.8894916389190137,1192.185643643154
2013-08-02,MARUTI,INE585B01010,,1358.0,1363.85,1327.65,1337.7,360939,485816939.95,0.8894916389190137,1189.8729653819646
2013-08-05,MARUTI,INE585B01010,,1345.25,1361.8,1332.05,1343.9,178344,240108121.45,0.8894916389190137,1195.3878135432626
2013-08-06,MARUTI,INE585B01010,,1330.0,1358.75,1309.25,1331.95,301434,403060570.9,0.8894916389190137,1184.7583884581804
2013-08-07,MARUTI,INE585B01010,,1345.0,1349.9,1302.0,1330.85,456603,603962714.3,0.8894916389190137,1183.7799476553694
2013-08-08,MARUTI,INE585B01010,,1331.1,1392.4,1331.1,1385.05,1398921,1928244736.1,0.8894916389190137,1231.99039448478
2013-08-12,MARUTI,INE585B01010,,1392.25,1409.0,1372.2,1380.2,700028,977191069.5,0.8894916389190137,1227.6763600360227
2013-08-13,MARUTI,INE585B01010,,1355.0,1412.85,1355.0,1396.95,1031827,1443053219.2,0.8946774231424156,1249.8196262587976
2013-08-14,MARUTI,INE585B01010,,1398.0,1424.0,1385.0,1391.2,530381,743531671.35,0.8946774231424156,1244.6752310757286
2013-08-16,MARUTI,INE585B01010,,1389.15,1389.2,1317.15,1325.1,1464791,1945471650.65,0.8946774231424156,1185.5370534060148
2013-08-19,MARUTI,INE585B01010,,1320.0,1336.8,1300.0,1308.45,429786,563106115.7,0.8946774231424156,1170.6406743106938
2013-08-20,MARUTI,INE585B01010,,1300.0,1306.7,1268.6,1297.9,916913,1180187124.85,0.8946774231424156,1161.2018274965412
2013-08-21,MARUTI,INE585B01010,,1313.0,1324.85,1275.0,1284.45,926580,1203704483.65,0.8946774231424156,1149.1684161552757
2013-08-22,MARUTI,INE585B01010,,1284.2,1299.0,1232.6,1285.7,1030562,1308221582.7,0.8946774231424156,1150.2867629342038
2013-08-23,MARUTI,INE585B01010,,1299.9,1324.0,1266.05,1293.0,621224,800767353.7,0.8946774231424156,1156.8179081231433
2013-08-26,MARUTI,INE585B01010,,1300.0,1318.3,1294.45,1308.15,438706,573839909.95,0.8946774231424156,1170.372271083751
2013-08-27,MARUTI,INE585B01010,,1299.9,1306.95,1240.0,1260.25,929746,1172147113.6,0.8946774231424156,1127.5172225152294
2013-08-28,MARUTI,INE585B01010,,1238.0,1249.0,1215.0,1236.35,1150637,1416863215.1,0.8946774231424156,1106.1344321021254
2013-08-29,MARUTI,INE585B01010,,1240.5,1263.8,1223.3,1250.6,573972,712765501.15,0.8946774231424156,1118.8835853819048
2013-08-30,MARUTI,INE585B01010,,1246.0,1249.0,1225.0,1243.55,758972,940136849.45,0.8946774231424156,1112.576109548751
2013-09-02,MARUTI,INE585B01010,,1240.25,1307.6,1233.0,1300.0,537411,685642533.15,0.8946774231424156,1163.0806500851402
2013-09-03,MARUTI,INE585B01010,,1315.0,1319.6,1254.5,1276.05,627614,808020534.6,0.8946774231424156,1141.6531258008795
2013-09-04,MARUTI,INE585B01010,,1269.0,1282.8,1242.0,1276.5,656723,828700890.5,0.8946774231424156,1142.0557306412936
2013-09-05,MARUTI,INE585B01010,,1290.0,1314.35,1290.0,1299.6,531076,691553615.2,0.8946774231424156,1162.7227791158832
2013-09-06,MARUTI,INE585B01010,,1311.0,1311.95,1277.0,1288.4,473918,612260860.4,0.8946774231424156,1152.7023919766884
2013-09-10,MARUTI,INE585B01010,,1305.0,1349.95,1300.0,1336.65,857196,1144802408.95,0.8946774231424156,1195.8705776433098
2013-09-11,MARUTI,INE585B01010,,1351.0,1388.8,1346.3,1360.8,1255303,1719878540.4,0.8946774231424156,1217.477037412199
2013-09-12,MARUTI,INE585B01010,,1367.95,1376.0,1315.55,1320.9,523296,702354570.35,0.8946774231424156,1181.779408228817
2013-09-13,MARUTI,INE585B01010,,1315.0,1335.0,1301.0,1315.9,534719,703580097.15,0.8946774231424156,1177.3060211131049
2013-09-16,MARUTI,INE585B01010,,1343.35,1379.3,1334.45,1359.9,707004,961857136.9,0.8946774231424156,1216.671827731371
2013-09-17,MARUTI,INE585B01010,,1362.0,1388.8,1360.0,1375.8,478211,658206215.5,0.8946774231424156,1230.8971987593354
2013-09-18,MARUTI,INE585B01010,,1385.0,1405.0,1377.0,1401.85,413270,575854911.9,0.8946774231424156,1254.2035456321953
2013-09-19,MARUTI,INE585B01010,,1441.0,1503.4,1441.0,1480.0,1132596,1679450789.15,0.8946774231424156,1324.1225862507752
2013-09-20,MARUTI,INE585B01010,,1479.9,1482.0,1401.0,1467.25,751243,1081138200.1,0.8946774231424156,1312.7154491057092
2013-09-23,MARUTI,INE585B01010,,1450.0,1454.4,1388.0,1401.25,500010,706505521.4,0.8946774231424156,1253.6667391783099
2013-09-24,MARUTI,INE585B01010,,1390.0,1442.0,1387.0,1410.8,517200,734346469.05,0.8946774231424156,1262.2109085693198
2013-09-25,MARUTI,INE585B01010,,1414.9,1423.0,1376.15,1393.2,326342,456397121.45,0.8946774231424156,1246.4645859220134
2013-09-26,MARUTI,INE585B01010,,1415.0,1423.0,1380.1,1387.55,537625,750827832.1,0.8946774231424156,1241.4096584812587
2013-09-27,MARUTI,INE585B01010,,1391.9,1407.7,1361.55,1366.95,599199,826548629.65,0.8946774231424156,1222.979303564525
2013-09-30,MARUTI,INE585B01010,,1366.0,1373.65,1340.0,1358.55,406918,549788890.85,0.8946774231424156,1215.4640132101288
2013-10-01,MARUTI,INE585B01010,,1364.05,1410.0,1364.0,1380.2,931358,1292218620.95,0.8946774231424156,1234.833779421162
2013-10-03,MARUTI,INE585B01010,,1394.95,1420.0,1375.2,1412.35,650153,914381997.25,0.8946774231424156,1263.5976585751905
2013-10-04,MARUTI,INE585B01010,,1410.5,1434.95,1406.05,1428.5,666373,950036403.85,0.8946774231424156,1278.0466989589406
2013-10-07,MARUTI,INE585B01010,,1425.0,1432.7,1402.05,1410.2,329756,465784656.75,0.8946774231424156,1261.6741021154346
2013-10-08,MARUTI,INE585B01010,,1420.0,1423.85,1400.0,1406.6,411447,581386877.65,0.8946774231424156,1258.4532633921217
2013-10-09,MARUTI,INE585B01010,,1407.0,1407.0,1386.2,1398.5,481828,672811441.95,0.8946774231424156,1251.2063762646683
2013-10-10,MARUTI,INE585B01010,,1399.0,1425.2,1398.25,1421.1,617290,875059661.65,0.8946774231424156,1271.4260860276868
2013-10-11,MARUTI,INE585B01010,,1436.1,1470.0,1413.1,1464.0,762748,1105478426.9,0.8946774231424156,1309.8077474804963
2013-10-14,MARUTI,INE585B01010,,1465.25,1479.0,1442.4,1446.9,697237,1021090710.2,0.8946774231424156,1294.5087635447612
2013-10-15,MARUTI,INE585B01010,,1452.0,1473.2,1431.0,1439.9,413066,598730014.6,0.8946774231424156,1288.2460215827643
2013-10-17,MARUTI,INE585B01010,,1440.05,1451.8,1418.0,1427.05,316070,453659773.9,0.8946774231424156,1276.749416695384
2013-10-18,MARUTI,INE585B01010,,1432.0,1472.5,1428.1,1468.75,490221,715743077.85,0.8946774231424156,1314.057465240423
2013-10-21,MARUTI,INE585B01010,,1470.35,1542.75,1470.1,1519.95,877353,1331359264.85,0.8946774231424156,1359.8649493053147
2013-10-22,MARUTI,INE585B01010,,1523.0,1536.0,1505.3,1514.6,351924,534244393.05,0.8946774231424156,1355.0784250915026
2013-10-23,MARUTI,INE585B01010,,1516.8,1545.0,1482.5,1528.85,534863,806975811.2,0.8946774231424156,1367.827578371282
2013-10-24,MARUTI,INE585B01010,,1528.0,1549.75,1499.95,1513.9,580715,887864588.6,0.8946774231424156,1354.452150895303
2013-10-25,MARUTI,INE585B01010,,1501.1,1533.1,1490.0,1508.7,432129,654607588.1,0.8946774231424156,1349.7998282949625
2013-10-28,MARUTI,INE585B01010,,1510.35,1529.0,1503.0,1513.35,919522,1396174768.3,0.8946774231424156,1353.9600783125745
2013-10-29,MARUTI,INE585B01010,,1590.9,1646.5,1565.75,1635.25,4085346,6565666878.0,0.8946774231424156,1463.021256193635
2013-10-30,MARUTI,INE585B01010,,1641.0,1659.9,1625.0,1636.65,951167,1561989216.45,0.8946774231424156,1464.2738045860347
2013-10-31,MARUTI,INE585B01010,,1626.1,1646.7,1617.25,1636.2,760636,1240752258.7,0.8946774231424156,1463.8711997456205
2013-11-01,MARUTI,INE585B01010,,1642.0,1655.85,1626.25,1636.15,733492,1203521868.15,0.8946774231424156,1463.8264658744633
2013-11-05,MARUTI,INE585B01010,,1645.0,1645.0,1617.2,1623.25,491093,800937764.45,0.8946774231424156,1452.2851271159261
2013-11-06,MARUTI,INE585B01010,,1622.0,1644.0,1610.0,1614.55,526949,857414492.7,0.8946774231424156,1444.501433534587
2013-11-07,MARUTI,INE585B01010,,1610.3,1644.9,1602.4,1610.8,496581,805234735.8,0.8946774231424156,1441.146393197803
2013-11-08,MARUTI,INE585B01010,,1605.1,1610.0,1557.5,1580.55,740937,1169709584.95,0.8946774231424156,1414.082401147745
2013-11-11,MARUTI,INE585B01010,,1580.0,1604.0,1561.3,1582.55,509621,808171678.7,0.8946774231424156,1415.8717559940299
2013-11-12,MARUTI,INE585B01010,,1591.5,1622.0,1582.1,1587.1,720325,1154930220.85,0.8946774231424156,1419.9425382693278
2013-11-13,MARUTI,INE585B01010,,1580.0,1594.0,1573.0,1579.5,446748,707363092.85,0.8946774231424156,1413.1429898534454
2013-11-18,MARUTI,INE585B01010,,1627.7,1635.15,1612.05,1629.35,642611,1043357649.55,0.8946774231424156,1457.7426593970947
2013-11-19,MARUTI,INE585B01010,,1630.0,1691.1,1625.45,1682.55,1253144,2097788818.55,0.8946774231424156,1505.3394983082712
2013-11-20,MARUTI,INE585B01010,,1690.0,1700.0,1643.1,1649.85,612988,1026300795.5,0.8946774231424156,1476.0835465715143
2013-11-21,MARUTI,INE585B01010,,1654.9,1667.7,1638.85,1647.0,591465,977743280.3,0.8946774231424156,1473.5337159155586
2013-11-22,MARUTI,INE585B01010,,1662.0,1676.75,1636.25,1640.15,822901,1356640961.3,0.8946774231424156,1467.405175567033
2013-11-25,MARUTI,INE585B01010,,1653.0,1689.8,1646.3,1678.9,730897,1219294524.35,0.8946774231424156,1502.0739257138016
2013-11-26,MARUTI,INE585B01010,,1680.0,1688.0,1654.55,1663.3,395917,660369442.5,0.8946774231424156,1488.1169579127798
2013-11-27,MARUTI,INE585B01010,,1668.05,1670.0,1641.0,1659.95,571218,944745007.9,0.8946774231424156,1485.1197885452527
2013-11-28,MARUTI,INE585B01010,,1669.0,1675.0,1648.15,1666.65,888680,1478055795.85,0.8946774231424156,1491.114127280307
2013-11-29,MARUTI,INE585B01010,,1670.0,1692.65,1667.15,1676.15,502124,843799838.05,0.8946774231424156,1499.61356280016
2013-12-02,MARUTI,INE585B01010,,1670.0,1682.3,1656.6,1661.4,495575,826149671.85,0.8946774231424156,1486.4170708088093
2013-12-03,MARUTI,INE585B01010,,1660.0,1686.85,1652.25,1663.25,572128,956270592.4,0.8946774231424156,1488.0722240416228
2013-12-04,MARUTI,INE585B01010,,1652.3,1669.8,1633.95,1639.75,428767,709106774.05,0.8946774231424156,1467.047304597776
2013-12-05,MARUTI,INE585B01010,,1667.15,1708.7,1667.15,1700.15,1947489,3288527632.05,0.8946774231424156,1521.085820955578
2013-12-06,MARUTI,INE585B01010,,1705.75,1717.65,1694.0,1701.5,834899,1426045615.1,0.8946774231424156,1522.29363547682
2013-12-09,MARUTI,INE585B01010,,1738.9,1770.0,1709.5,1763.75,1184977,2059936702.65,0.8946774231424156,1577.9873050674355
2013-12-10,MARUTI,INE585B01010,,1763.0,1780.6,1746.0,1751.8,1048021,1842602872.45,0.8946774231424156,1567.2959098608835
2013-12-11,MARUTI,INE585B01010,,1743.3,1775.9,1735.0,1753.0,668007,1173403319.8,0.8946774231424156,1568.3695227686546
2013-12-12,MARUTI,INE585B01010,,1748.0,1748.0,1710.4,1714.8,478485,825906099.5,0.8946774231424156,1534.1928452046143
2013-12-13,MARUTI,INE585B01010,,1710.0,1719.95,1682.6,1689.6,577334,980834393.75,0.8946774231424156,1511.6469741414253
2013-12-16,MARUTI,INE585B01010,,1687.0,1714.9,1676.0,1701.6,428119,726016925.45,0.8946774231424156,1522.3831032191342
2013-12-17,MARUTI,INE585B01010,,1710.2,1731.7,1694.95,1701.9,552326,947251681.85,0.8946774231424156,1522.6515064460773
2013-12-18,MARUTI,INE585B01010,,1703.75,1740.85,1695.4,1729.95,791839,1364851594.6,0.8946774231424156,1547.747208165222
2013-12-19,MARUTI,INE585B01010,,1741.0,1798.0,1725.25,1780.55,1469454,2599991917.65,0.8946774231424156,1593.017885776228
2013-12-20,MARUTI,INE585B01010,,1795.0,1830.0,1774.95,1809.65,1493300,2696740779.65,0.8946774231424156,1619.0529987896725
2013-12-23,MARUTI,INE585B01010,,1809.0,1819.9,1795.6,1802.4,681383,1230746613.05,0.8946774231424156,1612.56658747189
2013-12-24,MARUTI,INE585B01010,,1795.0,1802.55,1775.25,1788.8,409326,732351619.55,0.8946774231424156,1600.398974517153
2013-12-26,MARUTI,INE585B01010,,1785.0,1803.75,1778.45,1793.6,362435,648834084.1,0.8946774231424156,1604.6934261482365
2013-12-27,MARUTI,INE585B01010,,1790.25,1800.7,1763.0,1775.05,503568,894042801.95,0.8946774231424156,1588.0971599489449
2013-12-30,MARUTI,INE585B01010,,1785.0,1794.85,1768.0,1777.2,358010,636838503.7,0.8946774231424156,1590.020716408701
2013-12-31,MARUTI,INE585B01010,,1780.1,1784.95,1757.55,1763.9,303542,536488133.85,0.8946774231424156,1578.121506680907
2014-01-01,MARUTI,INE585B01010,,1770.0,1776.9,1756.55,1764.0,214453,379049358.65,0.8946774231424156,1578.2109744232212
2014-01-02,MARUTI,INE585B01010,,1759.0,1814.8,1759.0,1768.4,1565710,2811257306.35,0.8946774231424156,1582.1475550850478
2014-01-03,MARUTI,INE585B01010,,1766.0,1808.65,1752.25,1798.6,583504,1040501737.65,0.8946774231424156,1609.1668132639486
2014-01-06,MARUTI,INE585B01010,,1805.0,1819.4,1792.55,1807.7,549379,991736292.9,0.8946774231424156,1617.3083778145447
2014-01-07,MARUTI,INE585B01010,,1838.0,1854.25,1820.1,1845.75,1614578,2975305365.65,0.8946774231424156,1651.3508537651137
2014-01-08,MARUTI,INE585B01010,,1850.0,1860.0,1827.05,1837.5,1398622,2577200159.2,0.8946774231424156,1643.9697650241887
2014-01-09,MARUTI,INE585B01010,,1858.8,1859.0,1801.1,1811.8,947521,1731873596.65,0.8946774231424156,1620.9765552494287
2014-01-10,MARUTI,INE585B01010,,1811.1,1814.55,1768.0,1794.1,670378,1205462507.55,0.8946774231424156,1605.1407648598079
2014-01-13,MARUTI,INE585B01010,,1800.0,1814.75,1765.0,1782.75,559984,1000073467.85,0.8946774231424156,1594.9861761071413
2014-01-14,MARUTI,INE585B01010,,1783.0,1791.8,1759.1,1773.35,530939,940602003.5,0.8946774231424156,1586.5762083296027
2014-01-15,MARUTI,INE585B01010,,1790.0,1807.0,1767.1,1800.1,612338,1095076669.5,0.8946774231424156,1610.5088293986623
2014-01-16,MARUTI,INE585B01010,,1803.1,1810.8,1785.0,1789.85,429527,770962851.85,0.8946774231424156,1601.3383858114526
2014-01-17,MARUTI,INE585B01010,,1778.2,1808.8,1766.3,1775.2,310359,554840080.3,0.8946774231424156,1588.2313615624162
2014-01-20,MARUTI,INE585B01010,,1774.0,1797.35,1762.0,1778.2,340046,605475045.35,0.8946774231424156,1590.9153938318434
2014-01-21,MARUTI,INE585B01010,,1782.0,1812.7,1782.0,1801.9,541958,977773367.3,0.8946774231424156,1612.1192487603187
2014-01-22,MARUTI,INE585B01010,,1805.5,1819.0,1795.0,1807.85,424767,768652980.3,0.8946774231424156,1617.442579428016
2014-01-23,MARUTI,INE585B01010,,1796.1,1819.9,1788.45,1793.8,493794,891851647.85,0.8946774231424156,1604.872361632865
2014-01-24,MARUTI,INE585B01010,,1784.9,1804.9,1769.25,1774.25,377713,674289917.65,0.8946774231424156,1587.381418010431
2014-01-27,MARUTI,INE585B01010,,1755.0,1755.0,1690.0,1702.3,923081,1579157282.1,0.8946774231424156,1523.009377415334
2014-01-28,MARUTI,INE585B01010,,1715.0,1751.5,1540.4,1566.0,6599087,10712505678.25,0.8946774231424156,1401.0648446410228
2014-01-29,MARUTI,INE585B01010,,1615.2,1697.8,1615.2,1673.85,6737926,11250770803.7,0.8946774231424156,1497.5558047269324
2014-01-30,MARUTI,INE585B01010,,1668.0,1674.0,1625.6,1635.9,1651215,2714574011.05,0.8946774231424156,1463.6027965186777
2014-01-31,MARUTI,INE585B01010,,1655.0,1655.0,1620.85,1636.25,729347,1192742562.35,0.8946774231424156,1463.9159336167775
2014-02-03,MARUTI,INE585B01010,,1620.0,1660.0,1613.05,1618.5,957497,1561537855.1,0.8946774231424156,1448.0354093559997
2014-02-04,MARUTI,INE585B01010,,1601.0,1630.0,1590.0,1619.65,703285,1135137285.75,0.8946774231424156,1449.0642883926134
2014-02-05,MARUTI,INE585B01010,,1619.0,1623.1,1602.1,1606.7,627278,1009729640.9,0.8946774231424156,1437.4782157629193
2014-02-06,MARUTI,INE585B01010,,1610.2,1644.95,1593.0,1639.7,1237835,2008152353.0,0.8946774231424156,1467.0025707266188
2014-02-07,MARUTI,INE585B01010,,1654.95,1670.4,1648.5,1664.95,921283,1531561492.9,0.8946774231424156,1489.593175660965
2014-02-10,MARUTI,INE585B01010,,1665.0,1701.6,1665.0,1688.85,896683,1509350857.45,0.8946774231424156,1510.9759660740685
2014-02-11,MARUTI,INE585B01010,,1690.25,1698.0,1668.1,1678.15,294694,494464491.8,0.8946774231424156,1501.4029176464448
2014-02-12,MARUTI,INE585B01010,,1685.0,1689.8,1643.1,1647.7,442825,734041563.75,0.8946774231424156,1474.1599901117581
2014-02-13,MARUTI,INE585B01010,,1646.0,1658.8,1632.5,1641.25,439092,721619867.95,0.8946774231424156,1468.3893207324895
2014-02-14,MARUTI,INE585B01010,,1642.0,1653.55,1615.65,1643.4,451950,738686471.7,0.8946774231424156,1470.3128771922459
2014-02-17,MARUTI,INE585B01010,,1635.0,1674.9,1635.0,1665.7,617227,1023348699.7,0.8946774231424156,1490.2641837283218
2014-02-18,MARUTI,INE585B01010,,1675.0,1733.65,1666.1,1708.45,954637,1624991304.2,0.8946774231424156,1528.51164356766
2014-02-19,MARUTI,INE585B01010,,1714.0,1721.0,1692.0,1698.1,341015,580744321.2,0.8946774231424156,1519.251732238136
2014-02-20,MARUTI,INE585B01010,,1697.0,1706.0,1674.2,1683.3,344996,582656823.9,0.8946774231424156,1506.0105063756282
2014-02-21,MARUTI,INE585B01010,,1686.1,1702.4,1671.55,1675.6,340948,574919784.0,0.8946774231424156,1499.1214902174315
2014-02-24,MARUTI,INE585B01010,,1675.0,1695.0,1645.8,1684.4,326898,548635637.4,0.8946774231424156,1506.994651541085
2014-02-25,MARUTI,INE585B01010,,1690.1,1693.9,1672.4,1678.0,245384,412050832.05,0.8946774231424156,1501.2687160329733
2014-02-26,MARUTI,INE585B01010,,1668.0,1684.1,1651.0,1664.05,584837,973956500.15,0.8946774231424156,1488.7879659801367
2014-02-28,MARUTI,INE585B01010,,1640.0,1659.05,1573.0,1589.0,1768632,2814079092.0,0.8946774231424156,1421.6424253732985
2014-03-03,MARUTI,INE585B01010,,1582.0,1616.9,1575.0,1582.2,1060385,1689189894.35,0.8946774231424156,1415.55861889593
2014-03-04,MARUTI,INE585B01010,,1577.0,1603.0,1550.0,1597.4,797764,1260530035.15,0.8946774231424156,1429.1577157276947
2014-03-05,MARUTI,INE585B01010,,1614.7,1636.95,1593.55,1625.4,728060,1180018221.9,0.8946774231424156,1454.2086835756825
2014-03-06,MARUTI,INE585B01010,,1629.7,1657.0,1618.0,1650.45,422906,692468158.5,0.8946774231424156,1476.6203530254
2014-03-07,MARUTI,INE585B01010,,1655.0,1747.0,1640.2,1735.05,944177,1610779024.75,0.8946774231424156,1552.3100630232482
2014-03-10,MARUTI,INE585B01010,,1730.0,1817.25,1716.65,1801.1,1324717,2354196919.55,0.8946774231424156,1611.4035068218047
2014-03-11,MARUTI,INE585B01010,,1804.0,1811.7,1744.8,1754.15,703249,1248875344.15,0.8946774231424156,1569.3984018052683
2014-03-12,MARUTI,INE585B01010,,1725.0,1791.0,1680.0,1764.05,1443683,2520510849.3,0.8946774231424156,1578.255708294378
2014-03-13,MARUTI,INE585B01010,,1766.0,1790.9,1733.0,1747.35,641720,1134212121.1,0.8946774231424156,1563.3145953278997
2014-03-14,MARUTI,INE585B01010,,1715.0,1756.35,1710.0,1738.45,588996,1022359556.0,0.8946774231424156,1555.3519662619324
2014-03-18,MARUTI,INE585B01010,,1900.0,1909.0,1852.25,1868.2,1795672,3359564578.9,0.8946774231424156,1671.436361914661
2014-03-19,MARUTI,INE585B01010,,1873.0,1889.0,1850.75,1869.75,621508,1161207892.75,0.8946774231424156,1672.8231119205316
2014-03-20,MARUTI,INE585B01010,,1869.0,1874.8,1848.05,1856.55,310199,577942884.85,0.8946774231424156,1661.0133699350517
2014-03-21,MARUTI,INE585B01010,,1856.55,1879.25,1856.55,1868.55,284182,531192735.5,0.8946774231424156,1671.7494990127607
2014-03-24,MARUTI,INE585B01010,,1877.65,1903.0,1873.25,1886.3,329812,622389791.85,0.8946774231424156,1687.6300232735384
2014-03-25,MARUTI,INE585B01010,,1881.0,1912.0,1875.85,1901.7,395158,748546270.2,0.8946774231424156,1701.4080555899318
2014-03-26,MARUTI,INE585B01010,,1911.0,1949.0,1911.0,1937.1,634815,1230331376.35,0.8946774231424156,1733.0796363691732
2014-03-27,MARUTI,INE585B01010,,1941.0,1968.4,1920.15,1935.55,825829,1601973507.45,0.8946774231424156,1731.6928863633025
2014-03-28,MARUTI,INE585B01010,,1935.9,1956.55,1920.1,1931.4,326409,631904984.15,0.8946774231424156,1727.9799750572615
2014-03-31,MARUTI,INE585B01010,,1937.95,1980.0,1925.0,1971.75,437613,857930843.15,0.8946774231424156,1764.080209081058
2014-04-01,MARUTI,INE585B01010,,1976.0,1980.0,1922.1,1930.85,288560,561228606.25,0.8946774231424156,1727.487902474533
2014-04-02,MARUTI,INE585B01010,,1935.0,1948.7,1922.85,1933.2,268932,520743929.1,0.8946774231424156,1729.5903944189179
2014-04-03,MARUTI,INE585B01010,,1940.0,1964.4,1927.0,1939.7,307539,597348926.9,0.8946774231424156,1735.4057976693437
2014-04-04,MARUTI,INE585B01010,,1940.0,1950.0,1917.15,1927.2,195927,378872453.3,0.8946774231424156,1724.2223298800634
2014-04-07,MARUTI,INE585B01010,,1925.0,1936.0,1872.0,1904.95,319401,606122144.65,0.8946774231424156,1704.3157572151447
2014-04-09,MARUTI,INE585B01010,,1890.0,1940.0,1876.0,1932.5,698363,1337040344.55,0.8946774231424156,1728.964120222718
2014-04-10,MARUTI,INE585B01010,,1933.0,1973.5,1916.1,1959.95,486855,951777905.85,0.8946774231424156,1753.5230154879775
2014-04-11,MARUTI,INE585B01010,,1941.0,1948.7,1923.15,1935.7,504763,976070021.5,0.8946774231424156,1731.827087976774
2014-04-15,MARUTI,INE585B01010,,1924.3,1948.6,1904.0,1927.2,228758,439510885.75,0.8946774231424156,1724.2223298800634
2014-04-16,MARUTI,INE585B01010,,1929.25,1964.8,1926.45,1935.25,371554,723821882.8,0.8946774231424156,1731.4244831363599
2014-04-17,MARUTI,INE585B01010,,1937.5,1961.5,1915.9,1951.35,337629,657948048.0,0.8946774231424156,1745.8287896489526
2014-04-21,MARUTI,INE585B01010,,1953.45,2001.0,1953.45,1988.3,481905,957517292.55,0.8946774231424156,1778.8871204340649
2014-04-22,MARUTI,INE585B01010,,1998.95,2006.85,1967.0,1975.6,323792,642148065.2,0.8946774231424156,1767.5247171601561
2014-04-23,MARUTI,INE585B01010,,1984.9,1994.0,1969.0,1982.05,398691,790247245.45,0.8946774231424156,1773.2953865394247
2014-04-25,MARUTI,INE585B01010,,1990.0,1994.0,1917.0,1956.2,1064921,2069854822.85,0.8946774231424156,1750.1679751511936
2014-04-28,MARUTI,INE585B01010,,1950.0,1966.8,1936.95,1950.45,258675,505083213.1,0.8946774231424156,1745.0235799681245
2014-04-29,MARUTI,INE585B01010,,1955.0,1961.0,1910.3,1916.5,335612,649402740.75,0.8946774231424156,1714.6492814524395
2014-04-30,MARUTI,INE585B01010,,1921.1,1940.8,1911.0,1923.0,243902,470363816.15,0.8946774231424156,1720.4646847028653
2014-05-02,MARUTI,INE585B01010,,1895.0,1908.7,1880.05,1883.4,324650,614285840.45,0.8946774231424156,1685.0354587464255
2014-05-05,MARUTI,INE585B01010,,1883.0,1916.4,1866.0,1897.85,352889,667321516.85,0.8946774231424156,1697.9635475108335
2014-05-06,MARUTI,INE585B01010,,1899.0,1916.05,1883.0,1910.25,239206,455063693.1,0.8946774231424156,1709.0575475577994
2014-05-07,MARUTI,INE585B01010,,1905.2,1907.2,1878.1,1881.25,246112,464685540.45,0.8946774231424156,1683.1119022866694
2014-05-08,MARUTI,INE585B01010,,1888.0,1900.0,1876.2,1896.6,180796,342179468.85,0.8946774231424156,1696.8452007319054
2014-05-09,MARUTI,INE585B01010,,1880.0,1983.75,1880.0,1974.85,457287,893156670.25,0.8946774231424156,1766.8537090927994
2014-05-12,MARUTI,INE585B01010,,1975.0,2064.85,1965.05,2049.9,555623,1127554807.55,0.8946774231424156,1833.9992496996379
2014-05-13,MARUTI,INE585B01010,,2080.0,2120.0,2042.55,2090.35,528807,1105965329.25,0.8946774231424156,1870.1889514657485
2014-05-14,MARUTI,INE585B01010,,2092.0,2120.0,2059.5,2085.2,329237,683898800.2,0.8946774231424156,1865.5813627365649
2014-05-15,MARUTI,INE585B01010,,2082.0,2127.0,2078.0,2117.85,441637,930662807.1,0.8946774231424156,1894.792580602165
2014-05-16,MARUTI,INE585B01010,,2200.0,2318.5,2140.1,2152.15,808438,1798313173.75,0.8946774231424156,1925.4800162159497
2014-05-19,MARUTI,INE585B01010,,2190.0,2250.0,2190.0,2214.65,490566,1093093463.25,0.8946774231424156,1981.3973551623508
2014-05-20,MARUTI,INE585B01010,,2222.0,2236.8,2182.55,2194.0,225127,496143375.5,0.8946774231424156,1962.92226637446
2014-05-21,MARUTI,INE585B01010,,2201.0,2209.95,2166.0,2169.2,186665,407244273.8,0.8946774231424156,1940.7342662805277
2014-05-22,MARUTI,INE585B01010,,2204.95,2287.0,2204.95,2264.8,679922,1540912761.0,0.8946774231424156,2026.265427932943
2014-05-23,MARUTI,INE585B01010,,2278.7,2403.0,2265.35,2385.85,397790,922655205.15,0.8946774231424156,2134.566130004332
2014-05-26,MARUTI,INE585B01010,,2407.5,2505.0,2314.05,2341.3,778712,1893663196.6,0.8946774231424156,2094.7082508033377
2014-05-27,MARUTI,INE585B01010,,2345.95,2368.0,2289.0,2302.05,241821,562610673.7,0.8946774231424156,2059.592161944998
2014-05-28,MARUTI,INE585B01010,,2290.0,2360.3,2285.25,2309.95,352579,817587098.25,0.8946774231424156,2066.6601135878227
2014-05-29,MARUTI,INE585B01010,,2303.1,2337.7,2255.05,2305.85,352983,812322013.0,0.8946774231424156,2062.991936152939
2014-05-30,MARUTI,INE585B01010,,2314.15,2339.95,2254.0,2271.8,189180,434079671.5,0.8946774231424156,2032.52816989494
2014-06-02,MARUTI,INE585B01010,,2270.0,2340.35,2270.0,2324.3,246577,571073536.1,0.8946774231424156,2079.498734609917
2014-06-03,MARUTI,INE585B01010,,2344.7,2356.8,2310.0,2336.85,372134,870053804.2,0.8946774231424156,2090.7269362703537
2014-06-04,MARUTI,INE585B01010,,2339.3,2393.05,2338.0,2372.05,296026,701946862.8,0.8946774231424156,2122.219581564967
2014-06-05,MARUTI,INE585B01010,,2410.0,2427.0,2367.15,2381.2,553410,1324682144.2,0.8946774231424156,2130.40587998672
2014-06-06,MARUTI,INE585B01010,,2402.0,2412.9,2380.0,2392.05,252012,603539503.8,0.8946774231424156,2140.1131300278153
2014-06-09,MARUTI,INE585B01010,,2415.0,2449.0,2387.05,2435.15,315081,763671343.5,0.8946774231424156,2178.6737269652535
2014-06-10,MARUTI,INE585B01010,,2475.0,2484.0,2411.0,2464.3,559445,1372822605.15,0.8946774231424156,2204.753573849855
2014-06-11,MARUTI,INE585B01010,,2470.0,2482.5,2433.0,2448.55,395488,971093061.65,0.8946774231424156,2190.662404435362
2014-06-12,MARUTI,INE585B01010,,2420.0,2488.35,2406.75,2480.85,446513,1100054724.6,0.8946774231424156,2219.560485202862
2014-06-13,MARUTI,INE585B01010,,2485.0,2496.0,2393.55,2403.35,328108,802536288.8,0.8946774231424156,2150.2229849093246
2014-06-16,MARUTI,INE585B01010,,2399.0,2409.0,2360.5,2381.15,225806,537807346.65,0.8946774231424156,2130.361146115563
2014-06-17,MARUTI,INE585B01010,,2388.0,2422.5,2381.0,2414.45,190284,457353537.7,0.8946774231424156,2160.1539043062053
2014-06-18,MARUTI,INE585B01010,,2415.0,2449.0,2400.0,2435.0,501190,1216087931.8,0.8946774231424156,2178.539525351782
2014-06-19,MARUTI,INE585B01010,,2441.0,2449.0,2371.0,2380.05,305893,733702156.7,0.8946774231424156,2129.3770009501063
2014-06-20,MARUTI,INE585B01010,,2363.25,2397.35,2362.0,2366.4,135952,323285204.6,0.8946774231424156,2117.1646541242126
2014-06-23,MARUTI,INE585B01010,,2392.0,2394.95,2351.05,2380.3,158501,376106957.4,0.8946774231424156,2129.600670305892
2014-06-24,MARUTI,INE585B01010,,2390.0,2422.0,2389.2,2414.6,217974,524690792.4,0.8946774231424156,2160.2881059196766
2014-06-25,MARUTI,INE585B01010,,2414.95,2528.0,2391.1,2471.0,430866,1051994633.35,0.8946774231424156,2210.747912584909
2014-06-26,MARUTI,INE585B01010,,2485.0,2503.95,2437.5,2486.9,539042,1332031392.3,0.8946774231424156,2224.9732836128733
2014-06-27,MARUTI,INE585B01010,,2480.05,2480.05,2440.0,2454.7,151990,374226100.0,0.8946774231424156,2196.1646705876874
2014-06-30,MARUTI,INE585B01010,,2454.95,2469.5,2428.2,2439.35,240672,588902342.8,0.8946774231424156,2182.4313721424514
2014-07-01,MARUTI,INE585B01010,,2453.8,2605.4,2446.6,2583.8,1505073,3841210485.5,0.8946774231424156,2311.6675259153735
2014-07-02,MARUTI,INE585B01010,,2593.8,2665.0,2568.25,2641.95,775548,2038603881.35,0.8946774231424156,2363.6930180711047
2014-07-03,MARUTI,INE585B01010,,2650.0,2662.0,2615.0,2629.9,395691,1043448810.45,0.8946774231424156,2352.912155122239
2014-07-04,MARUTI,INE585B01010,,2627.0,2654.3,2616.65,2642.5,346996,915632823.5,0.8946774231424156,2364.1850906538334
2014-07-07,MARUTI,INE585B01010,,2649.0,2660.0,2618.6,2638.85,252391,665071902.0,0.8946774231424156,2360.9195180593633
2014-07-08,MARUTI,INE585B01010,,2660.0,2661.15,2578.0,2589.65,325370,848822830.25,0.8946774231424156,2316.9013888407567
2014-07-09,MARUTI,INE585B01010,,2607.0,2607.0,2492.2,2516.45,406355,1039488843.6,0.8946774231424156,2251.4110014667317
2014-07-10,MARUTI,INE585B01010,,2517.0,2630.0,2490.0,2531.7,349298,888070493.8,0.8946774231424156,2265.0548321696533
2014-07-11,MARUTI,INE585B01010,,2525.0,2560.95,2472.0,2504.65,273178,686030694.15,0.8946774231424156,2240.8538078736515
2014-07-14,MARUTI,INE585B01010,,2482.0,2525.55,2482.0,2509.65,142260,356976448.25,0.8946774231424156,2245.3271949893633
2014-07-15,MARUTI,INE585B01010,,2526.0,2549.35,2507.0,2518.45,171337,432580028.9,0.8946774231424156,2253.2003563130165
2014-07-16,MARUTI,INE585B01010,,2524.95,2584.8,2502.0,2572.15,255637,649906736.55,0.8946774231424156,2301.2445339357646
2014-07-17,MARUTI,INE585B01010,,2575.0,2579.75,2527.25,2560.35,214428,547487436.0,0.8946774231424156,2290.687340342684
2014-07-18,MARUTI,INE585B01010,,2550.0,2553.2,2505.0,2524.6,260815,657738165.6,0.8946774231424156,2258.7026224653423
2014-07-21,MARUTI,INE585B01010,,2524.6,2573.0,2524.6,2541.35,238243,608426652.65,0.8946774231424156,2273.688469302978
2014-07-22,MARUTI,INE585B01010,,2545.8,2561.0,2493.65,2513.4,236100,596668223.6,0.8946774231424156,2248.6822353261473
2014-07-23,MARUTI,INE585B01010,,2525.15,2529.45,2479.0,2490.05,253475,633552320.05,0.8946774231424156,2227.791517495772
2014-07-24,MARUTI,INE585B01010,,2500.0,2511.0,2485.0,2498.7,288868,721337413.7,0.8946774231424156,2235.5304772059535
2014-07-25,MARUTI,INE585B01010,,2497.0,2537.0,2496.9,2509.3,230984,581902284.7,0.8946774231424156,2245.0140578912637
2014-07-28,MARUTI,INE585B01010,,2510.0,2525.0,2492.6,2505.5,182179,457312311.3,0.8946774231424156,2241.6142836833224
2014-07-30,MARUTI,INE585B01010,,2509.95,2560.0,2485.0,2552.45,189655,479726787.85,0.8946774231424156,2283.6193886998585
2014-07-31,MARUTI,INE585B01010,,2564.75,2590.0,2511.4,2524.05,958095,2444442918.95,0.8946774231424156,2258.2105498826145
2014-08-01,MARUTI,INE585B01010,,2510.0,2626.55,2509.0,2586.0,943610,2446566347.75,0.8946774231424156,2313.6358162462866
2014-08-04,MARUTI,INE585B01010,,2590.0,2660.0,2571.4,2645.7,480503,1258119569.2,0.8946774231424156,2367.0480584078887
2014-08-05,MARUTI,INE585B01010,,2653.7,2675.0,2628.6,2665.85,412319,1095443952.65,0.8946774231424156,2385.0758084842087
2014-08-06,MARUTI,INE585B01010,,2654.0,2670.0,2630.35,2637.0,238191,631164627.85,0.8946774231424156,2359.26436482655
2014-08-07,MARUTI,INE585B01010,,2629.5,2667.0,2629.5,2649.4,286075,758564914.35,0.8946774231424156,2370.358364873516
2014-08-08,MARUTI,INE585B01010,,2629.0,2635.0,2593.5,2622.6,266242,695790068.05,0.8946774231424156,2346.381009933299
2014-08-11,MARUTI,INE585B01010,,2639.0,2672.0,2635.05,2664.55,226565,602002578.6,0.8946774231424156,2383.912727834124
2014-08-12,MARUTI,INE585B01010,,2672.0,2684.95,2647.2,2664.25,223239,594321280.55,0.8946774231424156,2383.644324607181
2014-08-13,MARUTI,INE585B01010,,2653.3,2674.95,2643.0,2650.95,186796,495916902.75,0.8946774231424156,2371.7451148793866
2014-08-14,MARUTI,INE585B01010,,2645.0,2693.0,2645.0,2666.55,311544,832706932.5,0.8946774231424156,2385.7020826804087
2014-08-18,MARUTI,INE585B01010,,2651.15,2722.5,2651.15,2703.55,359547,969741709.75,0.8946774231424156,2418.8051473366777
2014-08-19,MARUTI,INE585B01010,,2715.0,2760.0,2712.2,2749.3,404906,1108135874.8,0.8946774231424156,2459.7366394454434
2014-08-20,MARUTI,INE585B01010,,2749.0,2755.0,2724.95,2737.85,212477,581210474.15,0.8946774231424156,2449.4925829504623
2014-08-21,MARUTI,INE585B01010,,2743.95,2771.0,2738.1,2750.55,206504,569231030.2,0.8946774231424156,2460.8549862243713
2014-08-22,MARUTI,INE585B01010,,2756.0,2767.9,2729.0,2754.85,192631,529119952.7,0.8946774231424156,2464.7020991438835
2014-08-25,MARUTI,INE585B01010,,2781.0,2824.95,2779.2,2805.85,390940,1095471974.35,0.8946774231424156,2510.3306477241467
2014-08-26,MARUTI,INE585B01010,,2785.0,2799.9,2755.0,2772.4,295099,818776871.4,0.8946774231424156,2480.403687920033
2014-08-27,MARUTI,INE585B01010,,2785.0,2798.65,2760.75,2769.25,308090,854040901.85,0.898566761309967,2488.3560037576262
2014-08-28,MARUTI,INE585B01010,,2775.0,2803.7,2761.7,2784.5,444326,1237416681.55,0.898566761309967,2502.0591468676034
2014-09-01,MARUTI,INE585B01010,,2804.0,2930.0,2792.0,2912.8,640846,1842074857.25,0.898566761309967,2617.345262343672
2014-09-02,MARUTI,INE585B01010,,2929.0,2966.0,2907.8,2915.05,431825,1263873896.55,0.898566761309967,2619.3670375566194
2014-09-03,MARUTI,INE585B01010,,2940.0,2942.0,2897.0,2908.55,423897,1235629049.65,0.898566761309967,2613.5263536081047
2014-09-04,MARUTI,INE585B01010,,2910.0,2923.55,2883.1,2897.75,254066,736661355.85,0.898566761309967,2603.821832585957
2014-09-05,MARUTI,INE585B01010,,2872.0,2901.95,2859.9,2880.75,262632,757004469.15,0.898566761309967,2588.5461976436877
2014-09-08,MARUTI,INE585B01010,,2875.0,2924.4,2856.0,2915.65,393871,1139236636.25,0.898566761309967,2619.9061776134054
2014-09-09,MARUTI,INE585B01010,,2930.0,2932.0,2903.0,2910.0,194446,566244494.0,0.898566761309967,2614.829275412004
2014-09-10,MARUTI,INE585B01010,,2891.05,2919.95,2885.0,2906.95,185112,537991774.7,0.898566761309967,2612.0886467900086
2014-09-11,MARUTI,INE585B01010,,2905.0,2924.0,2876.25,2917.1,280993,815834011.65,0.898566761309967,2621.209099417305
2014-09-12,MARUTI,INE585B01010,,2921.0,2979.0,2921.0,2971.8,453657,1342578692.25,0.898566761309967,2670.36070126096
2014-09-15,MARUTI,INE585B01010,,2970.9,2974.4,2930.0,2962.6,287604,850612998.95,0.898566761309967,2662.0938870569084
2014-09-16,MARUTI,INE585B01010,,2955.0,2980.3,2931.0,2950.35,360771,1065945216.6,0.898566761309967,2651.086444230861
2014-09-17,MARUTI,INE585B01010,,2950.0,2985.0,2916.25,2967.2,313982,925190750.9,0.898566761309967,2666.227294158934
2014-09-18,MARUTI,INE585B01010,,2978.0,3060.0,2960.0,3042.7,369872,1116929901.3,0.898566761309967,2734.0690846378366
2014-09-19,MARUTI,INE585B01010,,3045.2,3094.0,3030.0,3082.4,276972,847608076.7,0.898566761309967,2769.7421850618425
2014-09-22,MARUTI,INE585B01010,,3074.3,3085.0,3041.5,3066.2,228956,701700500.25,0.898566761309967,2755.185403528621
2014-09-23,MARUTI,INE585B01010,,3079.0,3112.0,3054.1,3061.8,331237,1022023208.95,0.898566761309967,2751.2317097788573
2014-09-24,MARUTI,INE585B01010,,3075.0,3090.0,3031.0,3071.8,211358,646545696.35,0.898566761309967,2760.217377391957
2014-09-25,MARUTI,INE585B01010,,3075.0,3100.0,3043.0,3057.25,318285,976165783.25,0.898566761309967,2747.1432310148966
2014-09-26,MARUTI,INE585B01010,,3040.3,3087.0,2961.9,3038.0,290099,877856685.45,0.898566761309967,2729.84582085968
2014-09-29,MARUTI,INE585B01010,,3036.0,3037.0,3001.85,3008.15,217945,657170701.1,0.898566761309967,2703.0236030345773
2014-09-30,MARUTI,INE585B01010,,3018.0,3078.0,3013.8,3062.85,293390,895930577.2,0.898566761309967,2752.1752048782323
2014-10-01,MARUTI,INE585B01010,,3048.0,3081.9,2961.15,2970.95,513843,1541746767.45,0.898566761309967,2669.5969195138464
2014-10-07,MARUTI,INE585B01010,,2971.0,2994.0,2934.0,2938.65,295318,876397564.75,0.898566761309967,2640.5732131235345
2014-10-08,MARUTI,INE585B01010,,2939.0,2968.0,2924.05,2951.1,283872,836970831.05,0.898566761309967,2651.7603693018436
2014-10-09,MARUTI,INE585B01010,,2961.0,3013.55,2961.0,3006.2,292837,876493810.15,0.898566761309967,2701.271397850023
2014-10-10,MARUTI,INE585B01010,,2990.1,2995.0,2942.0,2966.2,249861,743078452.15,0.898566761309967,2665.328727397624
2014-10-13,MARUTI,INE585B01010,,2941.0,2980.0,2925.05,2972.85,158747,470167942.6,0.898566761309967,2671.3041963603355
2014-10-14,MARUTI,INE585B01010,,2980.1,2992.7,2957.1,2962.1,176342,523902805.1,0.898566761309967,2661.644603676253
2014-10-16,MARUTI,INE585B01010,,2956.1,2980.0,2912.0,2936.85,168761,498163349.6,0.898566761309967,2638.9557929531766
2014-10-17,MARUTI,INE585B01010,,2940.0,2960.7,2902.0,2941.1,283917,831324315.35,0.898566761309967,2642.774701688744
2014-10-20,MARUTI,INE585B01010,,2978.0,3014.8,2978.0,3003.7,196994,590945902.7,0.898566761309967,2699.0249809467477
2014-10-21,MARUTI,INE585B01010,,3015.0,3084.75,3010.0,3075.7,220013,671115587.8,0.898566761309967,2763.7217877610656
2014-10-22,MARUTI,INE585B01010,,3092.0,3189.0,3085.4,3177.2,398874,1256086594.8,0.898566761309967,2854.926314034027
2014-10-27,MARUTI,INE585B01010,,3171.0,3190.0,3105.5,3169.7,160160,507004704.4,0.898566761309967,2848.1870633242024
2014-10-28,MARUTI,INE585B01010,,3169.7,3169.7,3130.05,3151.35,220379,693438005.8,0.898566761309967,2831.6983632541646
2014-10-29,MARUTI,INE585B01010,,3166.0,3219.0,3145.4,3205.4,228343,726361730.25,0.898566761309967,2880.2658967029683
2014-10-30,MARUTI,INE585B01010,,3221.85,3299.0,3171.0,3240.25,1274329,4129570232.35,0.898566761309967,2911.5809483346206
2014-10-31,MARUTI,INE585B01010,,3265.0,3350.0,3246.25,3337.25,902391,2986898065.25,0.898566761309967,2998.7419241816874
2014-11-03,MARUTI,INE585B01010,,3330.0,3334.0,3276.0,3286.85,452092,1488347262.45,0.898566761309967,2953.454159411665
2014-11-05,MARUTI,INE585B01010,,3295.0,3327.85,3280.0,3288.95,267172,884395304.15,0.898566761309967,2955.341149610416
2014-11-07,MARUTI,INE585B01010,,3286.0,3318.7,3249.15,3288.35,302843,995507816.5,0.898566761309967,2954.80200955363
2014-11-10,MARUTI,INE585B01010,,3285.0,3315.0,3268.05,3307.8,207284,683035655.75,0.898566761309967,2972.279133061109
2014-11-11,MARUTI,INE585B01010,,3298.0,3334.9,3291.15,3329.0,213365,707774473.25,0.898566761309967,2991.32874840088
2014-11-12,MARUTI,INE585B01010,,3329.0,3371.3,3310.0,3359.75,261098,874429429.45,0.898566761309967,3018.9596763111617
2014-11-13,MARUTI,INE585B01010,,3370.0,3396.0,3321.7,3328.55,235947,792924240.9,0.898566761309967,2990.924393358291
2014-11-14,MARUTI,INE585B01010,,3329.1,3344.0,3320.3,3329.55,115687,385631244.75,0.898566761309967,2991.822960119601
2014-11-17,MARUTI,INE585B01010,,3321.95,3370.0,3313.1,3341.2,186565,624094851.85,0.898566761309967,3002.2912628888616
2014-11-18,MARUTI,INE585B01010,,3341.0,3376.75,3324.55,3364.6,276896,929792624.2,0.898566761309967,3023.317725103515
2014-11-19,MARUTI,INE585B01010,,3378.0,3395.0,3323.6,3343.4,213795,717891370.6,0.898566761309967,3004.2681097637437
2014-11-20,MARUTI,INE585B01010,,3343.0,3364.8,3312.0,3335.5,164288,548174129.7,0.898566761309967,2997.1694323493953
2014-11-21,MARUTI,INE585B01010,,3333.05,3364.0,3305.55,3355.05,261401,873169647.9,0.898566761309967,3014.736412533005
2014-11-24,MARUTI,INE585B01010,,3350.35,3363.1,3334.0,3353.1,156584,524137146.35,0.898566761309967,3012.9842073484506
2014-11-25,MARUTI,INE585B01010,,3358.0,3388.0,3281.65,3288.85,343894,1143182101.5,0.898566761309967,2955.251292934285
2014-11-26,MARUTI,INE585B01010,,3280.0,3306.9,3248.7,3284.0,223306,731898037.25,0.898566761309967,2950.893244141932
2014-11-27,MARUTI,INE585B01010,,3286.7,3305.4,3257.2,3263.45,244311,799963395.7,0.898566761309967,2932.4276971970116
2014-11-28,MARUTI,INE585B01010,,3279.0,3359.7,3276.0,3346.2,275680,917669934.1,0.898566761309967,3006.7840966954113
2014-12-01,MARUTI,INE585B01010,,3341.0,3432.0,3335.0,3389.15,510490,1734639204.7,0.898566761309967,3045.377539093675
2014-12-02,MARUTI,INE585B01010,,3395.0,3395.0,3352.05,3356.85,165773,557952743.35,0.898566761309967,3016.353832703363
2014-12-03,MARUTI,INE585B01010,,3365.85,3414.7,3365.85,3391.5,286735,974410346.65,0.898566761309967,3047.4891709827534
2014-12-04,MARUTI,INE585B01010,,3392.0,3415.0,3384.2,3406.85,199285,677730390.25,0.898566761309967,3061.2821707688613
2014-12-05,MARUTI,INE585B01010,,3411.0,3417.0,3390.0,3410.1,140056,477206754.45,0.898566761309967,3064.2025127431184
2014-12-08,MARUTI,INE585B01010,,3430.0,3440.0,3366.1,3379.85,203336,690480040.25,0.898566761309967,3037.020868213492
2014-12-09,MARUTI,INE585B01010,,3390.0,3390.0,3319.8,3336.55,221590,740924215.7,0.898566761309967,2998.1129274487707
2014-12-10,MARUTI,INE585B01010,,3323.05,3345.0,3303.2,3323.4,236136,784263259.4,0.898566761309967,2986.2967745375445
2014-12-11,MARUTI,INE585B01010,,3325.0,3352.0,3286.75,3341.1,156314,520095432.0,0.898566761309967,3002.201406212731
2014-12-12,MARUTI,INE585B01010,,3352.0,3394.4,3342.3,3379.3,241538,814569478.65,0.898566761309967,3036.526656494772
2014-12-15,MARUTI,INE585B01010,,3374.0,3379.9,3346.3,3368.75,135240,454897065.15,0.898566761309967,3027.0467771629515
2014-12-16,MARUTI,INE585B01010,,3345.0,3383.7,3301.5,3309.85,217196,723187896.45,0.898566761309967,2974.1211949217945
2014-12-17,MARUTI,INE585B01010,,3290.0,3315.0,3250.75,3261.95,267012,873044271.9,0.898566761309967,2931.0798470550467
2014-12-18,MARUTI,INE585B01010,,3300.0,3399.25,3270.05,3385.3,283235,947004686.15,0.898566761309967,3041.9180570626318
2014-12-19,MARUTI,INE585B01010,,3401.0,3462.0,3350.25,3359.4,473560,1613018180.7,0.898566761309967,3018.6451779447034
2014-12-22,MARUTI,INE585B01010,,3381.95,3412.5,3358.1,3393.5,194933,660213950.7,0.898566761309967,3049.286304505373
2014-12-23,MARUTI,INE585B01010,,3395.0,3424.0,3385.1,3398.7,202035,687692795.1,0.898566761309967,3053.9588516641847
2014-12-24,MARUTI,INE585B01010,,3400.0,3420.0,3332.8,3365.5,403056,1363804461.35,0.898566761309967,3024.126435188694
2014-12-26,MARUTI,INE585B01010,,3367.0,3388.7,3326.0,3333.1,210882,705574858.75,0.898566761309967,2995.012872122251
2014-12-29,MARUTI,INE585B01010,,3335.05,3380.0,3335.05,3347.2,211257,708851926.7,0.898566761309967,3007.6826634567215
2014-12-30,MARUTI,INE585B01010,,3350.0,3368.65,3339.45,3347.25,109577,367207941.7,0.898566761309967,3007.7275917947873
2014-12-31,MARUTI,INE585B01010,,3305.0,3341.9,3299.75,3329.8,281626,937560368.25,0.898566761309967,2992.0476018099284
2015-01-01,MARUTI,INE585B01010,,3320.25,3360.0,3320.25,3340.75,299232,1000942414.2,0.898566761309967,3001.8869078462726
2015-01-02,MARUTI,INE585B01010,,3360.0,3383.0,3350.5,3359.6,233924,787320596.05,0.898566761309967,3018.8248912969652
2015-01-05,MARUTI,INE585B01010,,3382.0,3469.35,3376.05,3447.8,536747,1849840982.7,0.898566761309967,3098.0784796445046
2015-01-06,MARUTI,INE585B01010,,3439.0,3439.0,3382.5,3395.25,422743,1440882885.05,0.898566761309967,3050.858796337666
2015-01-07,MARUTI,INE585B01010,,3400.0,3458.95,3382.05,3437.75,369241,1262644030.65,0.898566761309967,3089.0478836933394
2015-01-08,MARUTI,INE585B01010,,3465.0,3509.55,3444.0,3475.5,422022,1468916514.1,0.898566761309967,3122.9687789327904
2015-01-09,MARUTI,INE585B01010,,3500.0,3507.7,3429.95,3468.2,194054,673464173.3,0.898566761309967,3116.4092415752275
2015-01-12,MARUTI,INE585B01010,,3470.0,3483.65,3445.15,3462.9,152803,529179759.85,0.898566761309967,3111.646837740285
2015-01-13,MARUTI,INE585B01010,,3483.8,3515.0,3462.1,3468.25,237771,828740850.0,0.898566761309967,3116.4541699132933
2015-01-14,MARUTI,INE585B01010,,3471.85,3531.0,3461.3,3516.0,429069,1504680576.25,0.898566761309967,3159.360732765844
2015-01-15,MARUTI,INE585B01010,,3550.35,3638.65,3540.0,3625.8,670686,2417096120.4,0.898566761309967,3258.023363157679
2015-01-16,MARUTI,INE585B01010,,3615.25,3625.0,3592.05,3616.6,379075,1368807040.55,0.898566761309967,3249.756548953627
2015-01-19,MARUTI,INE585B01010,,3627.7,3642.5,3615.2,3626.25,192537,698865360.35,0.898566761309967,3258.427718200268
2015-01-20,MARUTI,INE585B01010,,3618.0,3636.0,3584.5,3605.55,333315,1201079905.65,0.898566761309967,3239.827386241152
2015-01-21,MARUTI,INE585B01010,,3623.0,3690.0,3592.0,3634.7,402419,1470084110.0,0.898566761309967,3266.020607333337
2015-01-22,MARUTI,INE585B01010,,3648.0,3648.0,3592.1,3597.25,318883,1150185984.4,0.898566761309967,3232.369282122279
2015-01-23,MARUTI,INE585B01010,,3634.0,3639.75,3575.0,3606.7,337571,1216979140.2,0.898566761309967,3240.860738016658
2015-01-27,MARUTI,INE585B01010,,3644.95,3704.7,3585.15,3687.9,1278436,4665291818.45,0.898566761309967,3313.8243590350276
2015-01-28,MARUTI,INE585B01010,,3692.0,3758.5,3692.0,3725.8,672705,2509983688.0,0.898566761309967,3347.8800392886756
2015-01-29,MARUTI,INE585B01010,,3745.0,3745.0,3677.0,3688.8,603103,2226611128.75,0.898566761309967,3314.6330691202065
2015-01-30,MARUTI,INE585B01010,,3700.0,3741.0,3626.55,3647.35,284786,1051399224.9,0.898566761309967,3277.3874768639084
2015-02-02,MARUTI,INE585B01010,,3647.35,3725.0,3620.0,3669.45,319679,1178637565.25,0.898566761309967,3297.2458022888586
2015-02-03,MARUTI,INE585B01010,,3708.0,3708.0,3600.0,3607.85,220676,802816573.75,0.898566761309967,3241.8940897921643
2015-02-04,MARUTI,INE585B01010,,3620.0,3634.0,3550.5,3557.55,203545,729676867.8,0.898566761309967,3196.6961816982734
2015-02-05,MARUTI,INE585B01010,,3579.0,3597.0,3508.0,3522.7,379633,1348200749.65,0.898566761309967,3165.3811300666207
2015-02-06,MARUTI,INE585B01010,,3529.75,3533.5,3490.0,3502.6,198214,694886269.3,0.898566761309967,3147.3199381642903
2015-02-09,MARUTI,INE585B01010,,3490.0,3497.2,3400.0,3411.3,286868,990007968.1,0.898566761309967,3065.280792856691
2015-02-10,MARUTI,INE585B01010,,3393.0,3478.0,3360.0,3393.85,547537,1867364886.9,0.898566761309967,3049.6008028718315
2015-02-11,MARUTI,INE585B01010,,3406.0,3470.8,3406.0,3454.75,341769,1178060710.05,0.898566761309967,3104.3235186356087
2015-02-12,MARUTI,INE585B01010,,3468.0,3559.75,3468.0,3551.9,436882,1544171802.4,0.898566761309967,3191.619279496872
2015-02-13,MARUTI,INE585B01010,,3565.0,3627.0,3531.3,3616.95,321186,1154651299.65,0.898566761309967,3250.071047320085
2015-02-16,MARUTI,INE585B01010,,3620.0,3650.0,3561.5,3572.1,260901,939375036.8,0.898566761309967,3209.770328075333
2015-02-18,MARUTI,INE585B01010,,3575.0,3584.0,3547.05,3564.95,161803,576976077.7,0.898566761309967,3203.345575731967
2015-02-19,MARUTI,INE585B01010,,3575.0,3615.0,3562.15,3595.15,214789,771287032.6,0.898566761309967,3230.482291923528
2015-02-20,MARUTI,INE585B01010,,3610.0,3614.0,3542.0,3547.35,240749,858892549.15,0.898566761309967,3187.5308007329113
2015-02-23,MARUTI,INE585B01010,,3561.0,3575.0,3532.85,3545.9,163132,579919384.2,0.898566761309967,3186.227878929012
2015-02-24,MARUTI,INE585B01010,,3573.85,3600.0,3553.2,3588.3,143983,515194173.95,0.898566761309967,3224.327109608555
2015-02-25,MARUTI,INE585B01010,,3595.0,3615.0,3564.1,3579.9,173339,621888368.15,0.898566761309967,3216.7791488135513
2015-02-26,MARUTI,INE585B01010,,3567.3,3581.9,3483.15,3496.85,429598,1509811021.55,0.898566761309967,3142.153179286758
2015-02-27,MARUTI,INE585B01010,,3497.0,3618.85,3496.85,3604.4,378654,1352393980.65,0.898566761309967,3238.7940344656454
2015-03-02,MARUTI,INE585B01010,,3648.1,3730.0,3632.25,3711.45,386182,1423163159.85,0.898566761309967,3334.985606263877
2015-03-03,MARUTI,INE585B01010,,3718.0,3734.35,3689.55,3708.65,206296,766504334.6,0.898566761309967,3332.4696193322093
2015-03-04,MARUTI,INE585B01010,,3750.0,3789.7,3647.25,3678.4,340907,1269568504.15,0.898566761309967,3305.287974802583
2015-03-05,MARUTI,INE585B01010,,3677.0,3711.25,3641.35,3678.75,152837,561624931.25,0.898566761309967,3305.6024731690413
2015-03-09,MARUTI,INE585B01010,,3632.3,3690.9,3623.0,3671.3,218786,801043993.65,0.898566761309967,3298.9081507972824
2015-03-10,MARUTI,INE585B01010,,3689.0,3689.0,3640.25,3646.75,182667,668431358.75,0.898566761309967,3276.8483368071225
2015-03-11,MARUTI,INE585B01010,,3642.05,3672.0,3615.35,3656.45,198508,723316644.0,0.898566761309967,3285.564434391829
2015-03-12,MARUTI,INE585B01010,,3667.4,3719.95,3662.1,3685.2,308505,1140296037.65,0.898566761309967,3311.39822877949
2015-03-13,MARUTI,INE585B01010,,3705.0,3717.2,3625.1,3650.7,363024,1325799220.1,0.898566761309967,3280.3976755142967
2015-03-16,MARUTI,INE585B01010,,3651.0,3677.0,3637.8,3647.05,182829,668949530.45,0.898566761309967,3277.1179068355154
2015-03-17,MARUTI,INE585B01010,,3665.0,3688.95,3623.55,3661.55,185250,678894252.85,0.898566761309967,3290.14712487451
2015-03-18,MARUTI,INE585B01010,,3663.0,3678.0,3642.3,3664.9,177261,649521974.2,0.898566761309967,3293.1573235248984
2015-03-19,MARUTI,INE585B01010,,3671.0,3695.0,3648.0,3655.0,252139,925898709.05,0.898566761309967,3284.2615125879297
2015-03-20,MARUTI,INE585B01010,,3640.0,3672.8,3610.0,3623.85,206403,750083578.65,0.898566761309967,3256.271157973124
2015-03-23,MARUTI,INE585B01010,,3625.05,3639.2,3583.05,3594.4,192986,694694809.9,0.898566761309967,3229.8083668525455
2015-03-24,MARUTI,INE585B01010,,3625.0,3635.0,3567.05,3587.3,227226,818639163.05,0.898566761309967,3223.428542847245
2015-03-25,MARUTI,INE585B01010,,3590.0,3628.9,3573.3,3614.75,201854,728089546.15,0.898566761309967,3248.0942004452036
2015-03-26,MARUTI,INE585B01010,,3605.0,3622.95,3537.95,3561.45,489101,1754655039.25,0.898566761309967,3200.200592067382
2015-03-27,MARUTI,INE585B01010,,3570.0,3619.75,3545.6,3610.05,204071,731027283.65,0.898566761309967,3243.870936667047
2015-03-30,MARUTI,INE585B01010,,3629.0,3674.0,3600.45,3660.95,152167,554370388.1,0.898566761309967,3289.6079848177237
2015-03-31,MARUTI,INE585B01010,,3659.85,3727.7,3659.85,3697.35,294635,1092034696.5,0.898566761309967,3322.3158149294068
2015-04-01,MARUTI,INE585B01010,,3699.95,3757.55,3600.0,3644.7,694487,2541547513.4,0.898566761309967,3275.006274946437
2015-04-06,MARUTI,INE585B01010,,3646.0,3670.9,3619.0,3628.95,262771,954588975.0,0.898566761309967,3260.853848455805
2015-04-07,MARUTI,INE585B01010,,3640.0,3650.0,3578.0,3599.9,306684,1105288697.4,0.898566761309967,3234.7504840397505
2015-04-08,MARUTI,INE585B01010,,3615.0,3664.9,3606.0,3628.7,256031,930455587.9,0.898566761309967,3260.629206765477
2015-04-09,MARUTI,INE585B01010,,3639.0,3667.0,3625.0,3659.2,238584,870046750.75,0.898566761309967,3288.035492985431
2015-04-10,MARUTI,INE585B01010,,3660.0,3688.35,3633.4,3666.6,201302,737013518.15,0.898566761309967,3294.684887019125
2015-04-13,MARUTI,INE585B01010,,3661.0,3680.0,3642.75,3665.2,218690,800284507.05,0.898566761309967,3293.426893553291
2015-04-15,MARUTI,INE585B01010,,3655.0,3729.0,3650.4,3680.25,232802,860818505.9,0.898566761309967,3306.9503233110063
2015-04-16,MARUTI,INE585B01010,,3676.25,3718.7,3662.25,3677.9,206305,761429986.6,0.898566761309967,3304.8386914219277
2015-04-17,MARUTI,INE585B01010,,3666.15,3682.9,3636.35,3646.8,99056,362607712.2,0.898566761309967,3276.893265145188
2015-04-20,MARUTI,INE585B01010,,3627.0,3648.4,3584.6,3608.05,175033,631882092.3,0.898566761309967,3242.0738031444266
2015-04-21,MARUTI,INE585B01010,,3605.0,3607.25,3470.0,3490.15,482786,1698406524.0,0.898566761309967,3136.1327819859816
2015-04-22,MARUTI,INE585B01010,,3491.05,3508.1,3386.1,3462.95,422446,1455871343.95,0.898566761309967,3111.69176607835
2015-04-23,MARUTI,INE585B01010,,3490.0,3535.55,3480.0,3494.45,234616,821742720.35,0.898566761309967,3139.996619059614
2015-04-24,MARUTI,INE585B01010,,3486.0,3565.0,3434.1,3541.4,332449,1169427403.5,0.898566761309967,3182.1843285031173
2015-04-27,MARUTI,INE585B01010,,3563.2,3684.0,3520.2,3648.4,1804129,6525431998.0,0.898566761309967,3278.330971963284
2015-04-28,MARUTI,INE585B01010,,3664.0,3838.8,3660.0,3822.6,1129937,4249381625.45,0.898566761309967,3434.86130178348
2015-04-29,MARUTI,INE585B01010,,3839.0,3873.0,3746.65,3766.2,703698,2685170728.6,0.898566761309967,3384.1821364455977
2015-04-30,MARUTI,INE585B01010,,3760.0,3793.0,3709.95,3725.85,592304,2219662717.85,0.898566761309967,3347.9249676267405
2015-05-04,MARUTI,INE585B01010,,3797.0,3840.0,3726.75,3757.75,478823,1810646214.5,0.898566761309967,3376.5892473125286
2015-05-05,MARUTI,INE585B01010,,3753.0,3805.0,3736.55,3793.05,458196,1733587214.5,0.898566761309967,3408.308653986771
2015-05-06,MARUTI,INE585B01010,,3788.0,3788.0,3623.55,3634.55,430929,1587747499.75,0.898566761309967,3265.885822319141
2015-05-07,MARUTI,INE585B01010,,3626.0,3626.0,3520.0,3543.6,469950,1678401461.15,0.898566761309967,3184.161175377999
2015-05-08,MARUTI,INE585B01010,,3561.45,3620.0,3561.45,3610.55,495595,1784682734.3,0.898566761309967,3244.3202200477017
2015-05-11,MARUTI,INE585B01010,,3633.9,3674.4,3616.15,3651.7,288810,1053684174.5,0.898566761309967,3281.2962422756063
2015-05-12,MARUTI,INE585B01010,,3650.0,3652.95,3555.0,3577.45,332314,1191759091.55,0.898566761309967,3214.5776602483415
2015-05-13,MARUTI,INE585B01010,,3620.0,3632.0,3544.4,3604.1,337505,1209153096.7,0.898566761309967,3238.524464437252
2015-05-14,MARUTI,INE585B01010,,3604.95,3653.5,3552.0,3646.5,287801,1040475721.9,0.898566761309967,3276.623695116795
2015-05-15,MARUTI,INE585B01010,,3640.0,3684.0,3626.0,3671.2,208258,762178485.25,0.898566761309967,3298.8182941211508
2015-05-18,MARUTI,INE585B01010,,3675.0,3706.4,3652.0,3697.6,183483,675896607.5,0.898566761309967,3322.540456619734
2015-05-19,MARUTI,INE585B01010,,3695.0,3729.9,3685.0,3706.75,175567,652082452.95,0.898566761309967,3330.76234248572
2015-05-20,MARUTI,INE585B01010,,3707.1,3749.95,3707.0,3711.9,218115,813858749.45,0.898566761309967,3335.389961306467
2015-05-21,MARUTI,INE585B01010,,3711.9,3729.9,3691.45,3698.1,198709,736447771.65,0.898566761309967,3322.9897400003892
2015-05-22,MARUTI,INE585B01010,,3703.0,3728.8,3694.6,3702.55,135158,501029327.75,0.898566761309967,3326.9883620882188
2015-05-25,MARUTI,INE585B01010,,3696.2,3717.0,3681.0,3692.75,81113,299913575.55,0.898566761309967,3318.1824078273808
2015-05-26,MARUTI,INE585B01010,,3696.0,3730.0,3672.0,3726.45,252919,940303947.75,0.898566761309967,3348.4641076835264
2015-05-27,MARUTI,INE585B01010,,3700.0,3750.0,3699.0,3721.9,283565,1057735440.85,0.898566761309967,3344.375628919566
2015-05-28,MARUTI,INE585B01010,,3726.0,3738.95,3696.05,3708.9,317937,1180129587.4,0.898566761309967,3332.694261022537
2015-05-29,MARUTI,INE585B01010,,3720.0,3788.95,3693.05,3785.7,432656,1631799760.4,0.898566761309967,3401.704188291142
2015-06-01,MARUTI,INE585B01010,,3785.9,3898.95,3774.4,3882.85,571376,2205367648.0,0.898566761309967,3488.9999491524054
2015-06-02,MARUTI,INE585B01010,,3880.0,3887.3,3815.05,3831.4,329350,1268405664.15,0.898566761309967,3442.768689283008
2015-06-03,MARUTI,INE585B01010,,3805.0,3820.0,3752.0,3777.2,277700,1049287670.25,0.898566761309967,3394.0663708200073
2015-06-04,MARUTI,INE585B01010,,3799.0,3813.0,3747.0,3772.05,193996,733776837.45,0.898566761309967,3389.4387519992615
2015-06-05,MARUTI,INE585B01010,,3769.0,3799.9,3751.0,3759.45,253728,957970298.35,0.898566761309967,3378.1168108067554
2015-06-08,MARUTI,INE585B01010,,3786.0,3804.55,3716.0,3723.5,303682,1138806807.65,0.898566761309967,3345.8133357376623
2015-06-09,MARUTI,INE585B01010,,3710.0,3726.95,3675.8,3692.3,209963,776856188.75,0.898566761309967,3317.7780527847913
2015-06-10,MARUTI,INE585B01010,,3702.95,3748.9,3694.15,3742.55,239272,892929947.15,0.898566761309967,3362.9310325406173
2015-06-11,MARUTI,INE585B01010,,3752.05,3778.95,3691.35,3701.4,226654,846052662.3,0.898566761309967,3325.955010312712
2015-06-12,MARUTI,INE585B01010,,3701.1,3755.0,3695.5,3736.8,173412,645358714.5,0.898566761309967,3357.764273663085
2015-06-15,MARUTI,INE585B01010,,3737.5,3789.9,3731.0,3767.4,175936,662554843.8,0.898566761309967,3385.2604165591697
2015-06-16,MARUTI,INE585B01010,,3767.4,3810.55,3744.7,3789.6,228783,861431001.3,0.898566761309967,3405.208598660251
2015-06-17,MARUTI,INE585B01010,,3805.0,3824.9,3793.0,3808.75,291820,1111409121.85,0.898566761309967,3422.416152139337
2015-06-18,MARUTI,INE585B01010,,3813.0,3891.95,3812.0,3861.1,232645,894676034.5,0.898566761309967,3469.4561220939136
2015-06-19,MARUTI,INE585B01010,,3879.0,3949.5,3862.0,3937.35,309290,1209315141.35,0.898566761309967,3537.9718376437986
2015-06-22,MARUTI,INE585B01010,,3955.05,3994.9,3955.05,3980.65,230791,917808063.95,0.898566761309967,3576.8797784085205
2015-06-23,MARUTI,INE585B01010,,3982.0,4028.5,3955.3,4017.15,330957,1324770447.9,0.898566761309967,3609.677465196334
2015-06-24,MARUTI,INE585B01010,,4024.0,4035.65,3987.05,4009.3,306048,1227692242.2,0.898566761309967,3602.623716120051
2015-06-25,MARUTI,INE585B01010,,3984.0,4043.7,3983.6,4031.5,240888,968645021.95,0.898566761309967,3622.571898221132
2015-06-26,MARUTI,INE585B01010,,4026.0,4077.4,4006.15,4069.95,291925,1182356397.35,0.898566761309967,3657.1217901935
2015-06-29,MARUTI,INE585B01010,,4020.0,4025.75,3961.1,3993.3,344044,1372545199.25,0.898566761309967,3588.2466479390914
2015-06-30,MARUTI,INE585B01010,,3985.25,4060.0,3985.25,4023.35,340789,1373090410.45,0.898566761309967,3615.248579116456
2015-07-01,MARUTI,INE585B01010,,4034.9,4089.85,4026.0,4031.7,380963,1545153394.9,0.898566761309967,3622.751611573394
2015-07-02,MARUTI,INE585B01010,,4031.5,4049.0,3981.15,3993.4,322025,1293024915.3,0.898566761309967,3588.3365046152226
2015-07-03,MARUTI,INE585B01010,,3993.4,4020.0,3977.1,3998.9,279389,1116396320.4,0.898566761309967,3593.278621802427
2015-07-06,MARUTI,INE585B01010,,3984.9,4005.0,3975.05,3987.95,332811,1326615344.9,0.898566761309967,3583.439315766083
2015-07-07,MARUTI,INE585B01010,,3989.0,4003.8,3955.7,3972.15,287981,1143499484.65,0.898566761309967,3569.2419609373856
2015-07-08,MARUTI,INE585B01010,,3950.0,3969.0,3907.0,3949.0,252360,994977961.8,0.898566761309967,3548.44014041306
2015-07-09,MARUTI,INE585B01010,,3950.0,3967.9,3928.5,3935.65,128065,504397070.8,0.898566761309967,3536.444274149572
2015-07-10,MARUTI,INE585B01010,,3949.7,3962.0,3918.9,3934.4,184572,727113164.4,0.898566761309967,3535.3210656979345
2015-07-13,MARUTI,INE585B01010,,3958.7,4040.0,3940.0,4035.25,335198,1341794675.3,0.898566761309967,3625.9415235760443
2015-07-14,MARUTI,INE585B01010,,4049.7,4058.95,4020.15,4050.65,251002,1015095107.25,0.898566761309967,3639.779451700218
2015-07-15,MARUTI,INE585B01010,,4071.0,4179.95,4071.0,4152.15,551469,2288476564.7,0.898566761309967,3730.983977973179
2015-07-16,MARUTI,INE585B01010,,4166.0,4190.0,4156.0,4178.15,321651,1343333061.05,0.898566761309967,3754.3467137672383
2015-07-17,MARUTI,INE585B01010,,4186.0,4228.95,4164.1,4193.0,241023,1011175225.2,0.898566761309967,3767.690430172692
2015-07-20,MARUTI,INE585B01010,,4208.0,4219.0,4161.1,4176.05,207897,869600850.55,0.898566761309967,3752.4597235684882
2015-07-21,MARUTI,INE585B01010,,4176.95,4194.95,4141.45,4152.85,146004,608445601.75,0.898566761309967,3731.612974706097
2015-07-22,MARUTI,INE585B01010,,4139.8,4199.0,4134.0,4191.15,305466,1279263090.15,0.898566761309967,3766.028081664268
2015-07-23,MARUTI,INE585B01010,,4198.9,4245.5,4193.05,4234.05,229845,972590039.9,0.898566761309967,3804.576595724466
2015-07-24,MARUTI,INE585B01010,,4237.95,4261.9,4205.4,4234.2,226189,958185723.2,0.898566761309967,3804.7113807386622
2015-07-27,MARUTI,INE585B01010,,4241.55,4241.55,4166.6,4178.1,220316,925277087.3,0.898566761309967,3754.301785429174
2015-07-28,MARUTI,INE585B01010,,4207.9,4242.0,4151.6,4196.95,940179,3947788694.9,0.898566761309967,3771.239768879866
2015-07-29,MARUTI,INE585B01010,,4224.9,4309.5,4171.2,4273.7,819323,3477053659.15,0.898566761309967,3840.204767810406
2015-07-30,MARUTI,INE585B01010,,4310.0,4318.0,4281.05,4296.45,294361,1264770378.4,0.898566761309967,3860.647161630208
2015-07-31,MARUTI,INE585B01010,,4297.0,4359.0,4284.2,4331.45,297226,1287891984.9,0.898566761309967,3892.0969982760566
2015-08-03,MARUTI,INE585B01010,,4380.0,4439.0,4380.0,4427.05,341893,1511652882.45,0.898566761309967,3977.9999806572896
2015-08-04,MARUTI,INE585B01010,,4449.0,4453.95,4411.45,4438.8,313075,1387954902.25,0.898566761309967,3988.558140102682
2015-08-05,MARUTI,INE585B01010,,4457.0,4484.0,4422.25,4471.65,198485,885466330.85,0.898566761309967,4018.0760582117136
2015-08-06,MARUTI,INE585B01010,,4461.0,4478.35,4430.05,4452.1,184121,820112160.95,0.898566761309967,4000.509078028105
2015-08-07,MARUTI,INE585B01010,,4450.7,4468.2,4430.1,4452.95,144268,641576119.15,0.898566761309967,4001.2728597752175
2015-08-10,MARUTI,INE585B01010,,4470.0,4507.95,4446.0,4497.15,241899,1086975832.55,0.898566761309967,4040.989510625118
2015-08-11,MARUTI,INE585B01010,,4510.0,4534.0,4465.05,4504.3,216773,977603664.05,0.898566761309967,4047.4142629684848
2015-08-12,MARUTI,INE585B01010,,4490.0,4511.4,4416.0,4447.4,221776,988218425.8,0.898566761309967,3996.285814249947
2015-08-13,MARUTI,INE585B01010,,4477.0,4522.7,4430.15,4492.85,261773,1168246511.2,0.898566761309967,4037.1256735514858
2015-08-14,MARUTI,INE585B01010,,4509.5,4589.0,4490.5,4572.5,181419,823824729.4,0.898566761309967,4108.696516089824
2015-08-17,MARUTI,INE585B01010,,4584.95,4587.0,4535.5,4549.8,157066,716209079.55,0.898566761309967,4088.2990506080882
2015-08-18,MARUTI,INE585B01010,,4555.0,4648.0,4536.0,4634.0,172443,792099683.7,0.898566761309967,4163.9583719103875
2015-08-19,MARUTI,INE585B01010,,4627.0,4687.0,4605.7,4671.85,255128,1185816457.1,0.898566761309967,4197.96912382597
2015-08-20,MARUTI,INE585B01010,,4630.0,4692.4,4601.25,4634.15,279387,1298636448.2,0.898566761309967,4164.093156924583
2015-08-21,MARUTI,INE585B01010,,4611.0,4613.85,4529.0,4567.35,310480,1417267498.3,0.898566761309967,4104.068897269079
2015-08-24,MARUTI,INE585B01010,,4350.0,4452.55,4207.55,4241.8,930804,4032865096.65,0.898566761309967,3811.540488124618
2015-08-25,MARUTI,INE585B01010,,4299.0,4369.0,4062.1,4199.0,915511,3832735554.1,0.898566761309967,3773.0818307405516
2015-08-26,MARUTI,INE585B01010,,4197.0,4256.4,4111.4,4207.05,612412,2576565929.15,0.9039486896838888,3802.957334934604
2015-08-27,MARUTI,INE585B01010,,4255.0,4272.9,4186.0,4203.75,795947,3350291281.0,0.9039486896838888,3799.9743042586474
2015-08-28,MARUTI,INE585B01010,,4250.0,4292.0,4175.0,4205.85,372560,1576103931.8,0.9039486896838888,3801.872596506984
2015-08-31,MARUTI,INE585B01010,,4199.0,4233.0,4142.35,4167.2,298281,1246461893.0,0.9039486896838888,3766.934979650701
2015-09-01,MARUTI,INE585B01010,,4170.0,4199.45,4046.2,4061.45,605386,2488635929.0,0.9039486896838888,3671.34240571663
2015-09-02,MARUTI,INE585B01010,,4083.0,4089.95,4010.0,4030.0,392078,1584799091.75,0.9039486896838888,3642.9132194260715
2015-09-03,MARUTI,INE585B01010,,4059.0,4162.3,4040.05,4143.25,514445,2119218052.75,0.9039486896838888,3745.285408532772
2015-09-04,MARUTI,INE585B01010,,4137.0,4139.7,4051.2,4063.3,316141,1287341028.95,0.9039486896838888,3673.0147107925454
2015-09-07,MARUTI,INE585B01010,,4067.9,4128.5,4045.0,4069.6,300049,1227482346.35,0.9039486896838888,3678.7095875375535
2015-09-08,MARUTI,INE585B01010,,4106.0,4155.85,4077.0,4139.3,292997,1206272111.55,0.9039486896838888,3741.714811208521
2015-09-09,MARUTI,INE585B01010,,4210.0,4319.0,4187.65,4305.15,589734,2511882251.85,0.9039486896838888,3891.6347013925933
2015-09-10,MARUTI,INE585B01010,,4255.0,4317.95,4225.15,4301.45,321362,1374725011.45,0.9039486896838888,3888.290091240763
2015-09-11,MARUTI,INE585B01010,,4329.0,4360.0,4308.6,4317.75,281728,1218837786.0,0.9039486896838888,3903.024454882611
2015-09-14,MARUTI,INE585B01010,,4330.0,4347.0,4285.0,4319.5,207396,896464985.45,0.9039486896838888,3904.6063650895576
2015-09-15,MARUTI,INE585B01010,,4375.5,4419.1,4320.0,4337.2,734807,3212015236.4,0.9039486896838888,3920.6062568969623
2015-09-16,MARUTI,INE585B01010,,4377.0,4377.0,4330.1,4355.6,418079,1821852756.3,0.9039486896838888,3937.238912787146
2015-09-18,MARUTI,INE585B01010,,4379.3,4478.3,4355.6,4400.85,621252,2750395965.95,0.9039486896838888,3978.1425909953423
2015-09-21,MARUTI,INE585B01010,,4397.95,4509.0,4387.1,4490.25,642858,2865490878.45,0.9039486896838888,4058.9556038530814
2015-09-22,MARUTI,INE585B01010,,4508.0,4519.9,4440.5,4473.05,924289,4149241214.9,0.9039486896838888,4043.407686390519
2015-09-23,MARUTI,INE585B01010,,4459.0,4523.0,4413.25,4497.65,880695,3942078989.95,0.9039486896838888,4065.644824156742
2015-09-24,MARUTI,INE585B01010,,4499.5,4604.0,4484.75,4566.65,1098076,5012256986.4,0.9039486896838888,4128.01728374493
2015-09-28,MARUTI,INE585B01010,,4570.0,4615.0,4516.75,4536.25,684352,3117994835.35,0.9039486896838888,4100.53724357854
2015-09-29,MARUTI,INE585B01010,,4509.95,4740.0,4467.0,4682.3,1222175,5605758650.2,0.9039486896838888,4232.558949706872
2015-09-30,MARUTI,INE585B01010,,4710.0,4763.45,4657.55,4685.6,835777,3935635958.85,0.9039486896838888,4235.541980382829
2015-10-01,MARUTI,INE585B01010,,4720.0,4721.9,4570.0,4580.35,1087189,5010189039.8,0.9039486896838888,4140.4013807936
2015-10-05,MARUTI,INE585B01010,,4570.0,4570.0,4389.0,4414.05,1949365,8683734773.25,0.9039486896838888,3990.0747136991695
2015-10-06,MARUTI,INE585B01010,,4449.0,4449.0,4338.05,4354.0,1159174,5068903581.3,0.9039486896838888,3935.7925948836514
2015-10-07,MARUTI,INE585B01010,,4352.25,4437.9,4345.05,4364.5,801302,3521174237.8,0.9039486896838888,3945.2840561253324
2015-10-08,MARUTI,INE585B01010,,4380.0,4407.0,4332.2,4353.75,726218,3173781731.75,0.9039486896838888,3935.5666077112305
2015-10-09,MARUTI,INE585B01010,,4390.0,4397.2,4262.75,4276.35,816648,3521172781.2,0.9039486896838888,3865.600979129698
2015-10-12,MARUTI,INE585B01010,,4310.9,4322.65,4216.5,4231.85,837794,3570853549.1,0.9039486896838888,3825.375262438765
2015-10-13,MARUTI,INE585B01010,,4231.0,4288.0,4229.15,4273.85,605082,2578200936.95,0.9039486896838888,3863.3411074054884
2015-10-14,MARUTI,INE585B01010,,4270.9,4295.6,4242.0,4249.75,656029,2797092016.95,0.9039486896838888,3841.5559439841063
2015-10-15,MARUTI,INE585B01010,,4269.9,4389.15,4261.0,4377.4,982419,4264555137.65,0.9039486896838888,3956.944994222254
2015-10-16,MARUTI,INE585B01010,,4410.0,4461.0,4381.05,4450.25,929525,4115843642.15,0.9039486896838888,4022.797656265726
2015-10-19,MARUTI,INE585B01010,,4465.0,4478.0,4408.1,4458.95,594941,2646243731.95,0.9039486896838888,4030.6620098659755
2015-10-20,MARUTI,INE585B01010,,4467.9,4516.7,4441.65,4508.75,675597,3031172853.35,0.9039486896838888,4075.6786546122335
2015-10-21,MARUTI,INE585B01010,,4489.0,4524.7,4450.0,4474.7,316565,1421092683.0,0.9039486896838888,4044.899201728497
2015-10-23,MARUTI,INE585B01010,,4500.8,4508.0,4371.1,4380.9,621558,2742125530.3,0.9039486896838888,3960.108814636148
2015-10-26,MARUTI,INE585B01010,,4400.0,4452.0,4375.8,4385.15,535165,2366363504.75,0.9039486896838888,3963.9505965673043
2015-10-27,MARUTI,INE585B01010,,4409.0,4518.0,4376.6,4497.0,1290318,5738508963.9,0.9039486896838888,4065.0572575084475
2015-10-28,MARUTI,INE585B01010,,4530.0,4559.0,4472.0,4495.2,989227,4467175747.3,0.9039486896838888,4063.4301498670166
2015-10-29,MARUTI,INE585B01010,,4501.5,4512.55,4419.25,4439.55,907407,4038342819.5,0.9039486896838888,4013.1254052861086
2015-10-30,MARUTI,INE585B01010,,4446.0,4467.9,4400.1,4449.0,738321,3270944483.75,0.9039486896838888,4021.667720403621
2015-11-02,MARUTI,INE585B01010,,4470.0,4525.05,4425.2,4495.75,603730,2709614507.45,0.9039486896838888,4063.927321646343
2015-11-03,MARUTI,INE585B01010,,4519.9,4521.2,4465.05,4482.55,320901,1439802308.6,0.9039486896838888,4051.995198942516
2015-11-04,MARUTI,INE585B01010,,4487.75,4536.55,4455.1,4520.55,660804,2978845421.1,0.9039486896838888,4086.3452491505036
2015-11-05,MARUTI,INE585B01010,,4518.95,4555.0,4496.4,4526.6,406256,1842163843.75,0.9039486896838888,4091.814138723091
2015-11-06,MARUTI,INE585B01010,,4532.95,4535.35,4481.05,4522.8,361975,1634247283.3,0.9039486896838888,4088.379133702292
2015-11-09,MARUTI,INE585B01010,,4440.0,4639.0,4440.0,4628.2,729714,3353092128.05,0.9039486896838888,4183.655325594974
2015-11-10,MARUTI,INE585B01010,,4649.5,4729.95,4629.75,4712.7,909977,4266809235.25,0.9039486896838888,4260.038989873262
2015-11-13,MARUTI,INE585B01010,,4734.45,4737.25,4602.4,4619.8,983107,4588130513.5,0.9039486896838888,4176.06215660163
2015-11-16,MARUTI,INE585B01010,,4600.0,4664.0,4572.9,4646.9,644299,2980553565.75,0.9039486896838888,4200.559166092063
2015-11-17,MARUTI,INE585B01010,,4645.4,4676.15,4618.0,4632.25,638262,2966487053.7,0.9039486896838888,4187.316317788193
2015-11-18,MARUTI,INE585B01010,,4634.5,4652.0,4525.0,4533.25,725994,3320759315.05,0.9039486896838888,4097.8253975094885
2015-11-19,MARUTI,INE585B01010,,4580.9,4661.5,4571.05,4650.35,1030684,4764745157.8,0.9039486896838888,4203.677789071472
2015-11-20,MARUTI,INE585B01010,,4666.0,4766.0,4631.0,4737.9,917455,4332999435.65,0.9039486896838888,4282.818496853296
2015-11-23,MARUTI,INE585B01010,,4730.0,4790.0,4702.35,4736.25,1034126,4904082849.5,0.9039486896838888,4281.326981515318
2015-11-24,MARUTI,INE585B01010,,4724.05,4724.05,4621.0,4639.9,1287988,5994724080.95,0.9039486896838888,4194.231525264275
2015-11-26,MARUTI,INE585B01010,,4659.95,4659.95,4577.95,4606.55,1436728,6624710978.8,0.9039486896838888,4164.0848364633175
2015-11-27,MARUTI,INE585B01010,,4680.0,4680.0,4556.4,4580.05,1231876,5647336696.45,0.9039486896838888,4140.130196186695
2015-11-30,MARUTI,INE585B01010,,4586.0,4700.0,4492.1,4606.9,10567769,48789923691.5,0.9039486896838888,4164.401218504707
2015-12-01,MARUTI,INE585B01010,,4609.0,4616.0,4531.35,4556.2,1506622,6883243243.85,0.9039486896838888,4118.571019937734
2015-12-02,MARUTI,INE585B01010,,4600.0,4627.35,4556.2,4618.8,1123497,5161272904.4,0.9039486896838888,4175.158207911945
2015-12-03,MARUTI,INE585B01010,,4609.0,4644.7,4600.5,4627.05,567288,2625324480.4,0.9039486896838888,4182.615784601838
2015-12-04,MARUTI,INE585B01010,,4610.0,4634.0,4579.15,4600.35,581041,2673136867.0,0.9039486896838888,4158.480354587278
2015-12-07,MARUTI,INE585B01010,,4622.0,4640.0,4558.0,4564.2,493623,2266284713.7,0.9039486896838888,4125.802609455205
2015-12-08,MARUTI,INE585B01010,,4540.0,4579.8,4520.0,4542.55,577670,2624791789.9,0.9039486896838888,4106.232120323549
2015-12-09,MARUTI,INE585B01010,,4538.8,4542.0,4470.0,4479.1,607147,2731264897.75,0.9039486896838888,4048.8765759631065
2015-12-10,MARUTI,INE585B01010,,4495.0,4519.8,4406.05,4498.1,506406,2255860086.65,0.9039486896838888,4066.0516010671004
2015-12-11,MARUTI,INE585B01010,,4519.75,4528.0,4412.0,4480.75,532721,2387661216.5,0.9039486896838888,4050.3680913010844
2015-12-14,MARUTI,INE585B01010,,4478.9,4590.0,4471.5,4576.8,484617,2203575744.05,0.9039486896838888,4137.192362945222
2015-12-15,MARUTI,INE585B01010,,4605.0,4634.0,4563.1,4620.0,581111,2672830874.0,0.9039486896838888,4176.242946339566
2015-12-16,MARUTI,INE585B01010,,4655.0,4657.15,4604.0,4619.4,357572,1653989841.0,0.9039486896838888,4175.700577125755
2015-12-17,MARUTI,INE585B01010,,4650.0,4679.0,4573.85,4666.75,443534,2049837395.2,0.9039486896838888,4218.502547582288
2015-12-18,MARUTI,INE585B01010,,4684.7,4702.0,4611.5,4620.45,682206,3172608296.8,0.9039486896838888,4176.649723249923
2015-12-21,MARUTI,INE585B01010,,4626.9,4660.0,4616.25,4639.1,274072,1271088881.95,0.9039486896838888,4193.508366312529
2015-12-22,MARUTI,INE585B01010,,4630.0,4644.95,4602.05,4617.2,207127,956860693.45,0.9039486896838888,4173.711890008451
2015-12-23,MARUTI,INE585B01010,,4635.0,4656.0,4620.0,4634.95,227939,1056950369.8,0.9039486896838888,4189.75697925034
2015-12-24,MARUTI,INE585B01010,,4633.25,4634.35,4586.15,4598.4,162732,749050601.85,0.9039486896838888,4156.717654642393
2015-12-28,MARUTI,INE585B01010,,4598.4,4645.95,4588.0,4640.0,272134,1258426475.75,0.9039486896838888,4194.321920133244
2015-12-29,MARUTI,INE585B01010,,4641.95,4655.9,4612.8,4636.9,253128,1173048485.05,0.9039486896838888,4191.519679195223
2015-12-30,MARUTI,INE585B01010,,4637.0,4642.9,4575.0,4587.2,265170,1221640032.15,0.9039486896838888,4146.593429317934
2015-12-31,MARUTI,INE585B01010,,4587.0,4637.0,4566.3,4621.95,422019,1943789898.6,0.9039486896838888,4178.0056462844495
2016-01-01,MARUTI,INE585B01010,,4621.0,4668.0,4602.35,4638.5,243597,1130370615.95,0.9039486896838888,4192.965997098718
2016-01-04,MARUTI,INE585B01010,,4635.0,4657.0,4571.75,4580.65,405501,1867428618.25,0.9039486896838888,4140.672565400505
2016-01-05,MARUTI,INE585B01010,,4599.95,4600.75,4557.25,4566.95,509285,2330679393.65,0.9039486896838888,4128.288468351836
2016-01-06,MARUTI,INE585B01010,,4592.0,4593.0,4468.0,4480.8,593742,2689389650.0,0.9039486896838888,4050.413288735569
2016-01-07,MARUTI,INE585B01010,,4449.7,4449.7,4251.85,4267.9,1200069,5160918392.35,0.9039486896838888,3857.9626127018687
2016-01-08,MARUTI,INE585B01010,,4286.3,4325.0,4195.8,4214.75,994652,4218658760.05,0.9039486896838888,3809.91773984517
2016-01-11,MARUTI,INE585B01010,,4190.0,4300.0,4117.0,4272.4,865799,3678776101.35,0.9039486896838888,3862.030381805446
2016-01-12,MARUTI,INE585B01010,,4310.0,4324.8,4260.0,4266.7,481142,2061749733.35,0.9039486896838888,3856.877874274248
2016-01-13,MARUTI,INE585B01010,,4298.0,4310.0,4221.35,4291.25,431206,1843824724.85,0.9039486896838888,3879.0698146059876
2016-01-14,MARUTI,INE585B01010,,4239.0,4289.0,4212.7,4248.25,402026,1706975877.65,0.9039486896838888,3840.2000209495804
2016-01-15,MARUTI,INE585B01010,,4265.0,4340.0,4254.0,4273.35,592183,2545184249.2,0.9039486896838888,3862.889133060646
2016-01-18,MARUTI,INE585B01010,,4279.0,4289.25,4172.85,4236.2,396124,1675255245.6,0.9039486896838888,3829.3074392388894
2016-01-19,MARUTI,INE585B01010,,4241.0,4244.95,4165.0,4198.15,499001,2095427877.0,0.9039486896838888,3794.9121915964174
2016-01-20,MARUTI,INE585B01010,,4169.85,4189.95,4028.5,4058.95,679992,2789777295.95,0.9039486896838888,3669.08253399242
2016-01-21,MARUTI,INE585B01010,,4084.95,4084.95,3870.0,3891.7,1212801,4777213081.65,0.9039486896838888,3517.8971156427897
2016-01-22,MARUTI,INE585B01010,,3942.95,4119.9,3930.15,4104.95,1063413,4288133398.4,0.9039486896838888,3710.664173717879
2016-01-25,MARUTI,INE585B01010,,4125.95,4172.0,4073.9,4081.35,608634,2506308573.15,0.9039486896838888,3689.3309846413395
2016-01-27,MARUTI,INE585B01010,,4131.0,4179.0,4092.0,4111.95,886550,3658427180.8,0.9039486896838888,3716.9918145456663
2016-01-28,MARUTI,INE585B01010,,4080.0,4139.9,4031.0,4103.3,1677354,6855710826.35,0.9039486896838888,3709.172658379901
2016-01-29,MARUTI,INE585B01010,,3925.0,4124.0,3923.0,4095.85,2147231,8648258243.1,0.9039486896838888,3702.438240641756
2016-02-01,MARUTI,INE585B01010,,4100.9,4119.0,3933.65,3948.25,1904034,7604567476.85,0.9039486896838888,3569.015414044414
2016-02-02,MARUTI,INE585B01010,,3952.6,3985.0,3851.55,3874.95,902619,3549865939.25,0.9039486896838888,3502.7559750905843
2016-02-03,MARUTI,INE585B01010,,3870.0,3870.0,3784.65,3828.35,1101308,4214923757.25,0.9039486896838888,3460.6319661513153
2016-02-04,MARUTI,INE585B01010,,3864.0,3881.9,3774.0,3794.65,597800,2292776878.65,0.9039486896838888,3430.1688953089683
2016-02-05,MARUTI,INE585B01010,,3784.7,3790.0,3693.3,3723.4,1245857,4647127669.8,0.9039486896838888,3365.7625511689916
2016-02-08,MARUTI,INE585B01010,,3749.0,3789.0,3715.05,3732.55,559505,2098978741.55,0.9039486896838888,3374.0336816795993
2016-02-09,MARUTI,INE585B01010,,3685.0,3689.0,3620.0,3657.1,657011,2397596135.3,0.9039486896838888,3305.8307530429493
2016-02-10,MARUTI,INE585B01010,,3639.85,3718.0,3600.0,3678.55,795377,2902756483.25,0.9039486896838888,3325.2204524366693
2016-02-11,MARUTI,INE585B01010,,3651.1,3664.3,3518.5,3541.45,1066224,3811788609.7,0.9039486896838888,3201.2890870810074
2016-02-12,MARUTI,INE585B01010,,3570.0,3588.0,3461.0,3549.65,1211696,4275082286.05,0.9039486896838888,3208.7014663364157
2016-02-15,MARUTI,INE585B01010,,3605.95,3724.9,3604.4,3711.25,1182286,4337791561.8,0.9039486896838888,3354.7795745893322
2016-02-16,MARUTI,INE585B01010,,3725.25,3748.95,3651.2,3705.2,753873,2797967802.55,0.9039486896838888,3349.3106850167446
2016-02-17,MARUTI,INE585B01010,,3679.9,3755.0,3661.5,3749.15,652019,2416093837.9,0.9039486896838888,3389.0392299283517
2016-02-18,MARUTI,INE585B01010,,3781.25,3796.85,3622.1,3653.25,1243826,4597528207.25,0.9039486896838888,3302.3505505876665
2016-02-19,MARUTI,INE585B01010,,3640.0,3640.0,3559.0,3579.15,718677,2579920065.2,0.9039486896838888,3235.3679526820906
2016-02-22,MARUTI,INE585B01010,,3539.0,3545.0,3491.55,3520.8,1291463,4546871760.15,0.9039486896838888,3182.6225466390356
2016-02-23,MARUTI,INE585B01010,,3530.0,3568.45,3480.0,3487.4,796836,2807851327.8,0.9039486896838888,3152.4306604035937
2016-02-24,MARUTI,INE585B01010,,3499.95,3530.0,3480.0,3489.7,605914,2124308290.2,0.9039486896838888,3154.5097423898665
2016-02-25,MARUTI,INE585B01010,,3509.65,3510.0,3401.0,3414.15,840542,2901603810.05,0.9039486896838888,3086.216418884249
2016-02-26,MARUTI,INE585B01010,,3452.0,3459.1,3375.1,3409.2,831491,2830610992.25,0.9039486896838888,3081.7418728703133
2016-02-29,MARUTI,INE585B01010,,3425.0,3434.95,3193.25,3236.5,2218323,7304214182.9,0.9039486896838888,2925.629934161906
2016-03-01,MARUTI,INE585B01010,,3200.9,3510.0,3200.9,3494.4,1924803,6554509862.05,0.9039486896838888,3158.7583012313808
2016-03-02,MARUTI,INE585B01010,,3542.95,3627.7,3540.05,3612.65,1236996,4437640821.5,0.9039486896838888,3265.650233786501
2016-03-03,MARUTI,INE585B01010,,3625.8,3647.0,3578.0,3608.65,742263,2677509945.15,0.9039486896838888,3262.034439027765
2016-03-04,MARUTI,INE585B01010,,3619.0,3619.0,3526.0,3555.1,610234,2170675205.5,0.9039486896838888,3213.6279866951927
2016-03-08,MARUTI,INE585B01010,,3552.95,3598.95,3450.6,3462.65,1100041,3867274753.2,0.9039486896838888,3130.0579303339173
2016-03-09,MARUTI,INE585B01010,,3454.85,3600.0,3441.1,3576.4,752948,2656772683.6,0.9039486896838888,3232.88209378546
2016-03-10,MARUTI,INE585B01010,,3600.0,3634.7,3573.4,3627.2,1016572,3673601235.5,0.9039486896838888,3278.802687221401
2016-03-11,MARUTI,INE585B01010,,3633.7,3690.0,3616.05,3641.2,1002559,3665158842.35,0.9039486896838888,3291.4579688769754
2016-03-14,MARUTI,INE585B01010,,3660.0,3684.0,3627.05,3648.15,483295,1767577926.75,0.9039486896838888,3297.7404122702787
2016-03-15,MARUTI,INE585B01010,,3670.0,3679.9,3615.5,3654.55,688839,2516941845.35,0.9039486896838888,3303.5256838842556
2016-03-16,MARUTI,INE585B01010,,3650.0,3675.0,3637.5,3667.35,459188,1679755921.4,0.9039486896838888,3315.0962271122094
2016-03-17,MARUTI,INE585B01010,,3686.35,3750.0,3620.0,3635.45,710449,2631154025.05,0.9039486896838888,3286.2602639112934
2016-03-18,MARUTI,INE585B01010,,3640.0,3649.7,3557.05,3621.4,1073782,3864389916.85,0.9039486896838888,3273.5597848212346
2016-03-21,MARUTI,INE585B01010,,3630.1,3678.8,3605.0,3669.55,474712,1730559017.2,0.9039486896838888,3317.084914229514
2016-03-22,MARUTI,INE585B01010,,3669.0,3735.95,3652.0,3699.55,713115,2638934652.2,0.9039486896838888,3344.203374920031
2016-03-23,MARUTI,INE585B01010,,3711.85,3744.0,3666.45,3736.0,586282,2180782776.85,0.9039486896838888,3377.152304659008
2016-03-28,MARUTI,INE585B01010,,3759.0,3777.8,3629.95,3638.95,743468,2746080870.2,0.9039486896838888,3289.424084325187
2016-03-29,MARUTI,INE585B01010,,3649.0,3769.0,3645.0,3729.95,686482,2553808156.4,0.9039486896838888,3371.6834150864206
2016-03-30,MARUTI,INE585B01010,,3745.0,3749.9,3684.0,3727.45,872340,3238634488.75,0.9039486896838888,3369.423543362211
2016-03-31,MARUTI,INE585B01010,,3739.5,3748.75,3664.0,3716.3,1223191,4535182617.85,0.9039486896838888,3359.344515472236
2016-04-01,MARUTI,INE585B01010,,3700.45,3764.95,3682.0,3723.2,769731,2864475194.2,0.9039486896838888,3365.5817614310545
2016-04-04,MARUTI,INE585B01010,,3735.0,3751.5,3676.0,3683.25,299849,1110299764.95,0.9039486896838888,3329.469011278183
2016-04-05,MARUTI,INE585B01010,,3676.0,3696.9,3536.5,3554.85,826024,2995090893.0,0.9039486896838888,3213.401999522772
2016-04-06,MARUTI,INE585B01010,,3568.0,3607.3,3546.0,3573.05,664480,2375866109.65,0.9039486896838888,3229.853865675019
2016-04-07,MARUTI,INE585B01010,,3556.5,3556.5,3450.0,3471.0,1221608,4243102109.65,0.9039486896838888,3137.6059018927776
2016-04-08,MARUTI,INE585B01010,,3460.0,3474.0,3418.5,3430.65,1631533,5613664274.8,0.9039486896838888,3101.131572264033
2016-04-11,MARUTI,INE585B01010,,3437.0,3488.0,3423.0,3478.65,970375,3358466684.05,0.9039486896838888,3144.5211093688595
2016-04-12,MARUTI,INE585B01010,,3470.2,3609.85,3465.05,3573.7,1404427,5000034431.0,0.9039486896838888,3230.441432323313
2016-04-13,MARUTI,INE585B01010,,3613.0,3745.35,3606.6,3731.6,1107727,4082302709.05,0.9039486896838888,3373.174930424399
2016-04-18,MARUTI,INE585B01010,,3720.8,3750.0,3680.0,3718.95,999621,3722078116.8,0.9039486896838888,3361.739979499898
2016-04-20,MARUTI,INE585B01010,,3724.35,3724.35,3651.0,3670.05,1830988,6726641353.85,0.9039486896838888,3317.536888574356
2016-04-21,MARUTI,INE585B01010,,3695.0,3737.25,3674.0,3705.3,1928958,7160820070.7,0.9039486896838888,3349.401079885713
2016-04-22,MARUTI,INE585B01010,,3703.0,3833.0,3680.1,3816.05,1165761,4410386976.1,0.9039486896838888,3449.513397268204
2016-04-25,MARUTI,INE585B01010,,3806.1,3842.0,3715.15,3727.95,838216,3151541408.5,0.9039486896838888,3369.875517707053
2016-04-26,MARUTI,INE585B01010,,3704.05,3894.0,3691.9,3871.55,2782566,10620136865.95,0.9039486896838888,3499.6825495456596
2016-04-27,MARUTI,INE585B01010,,3841.1,3932.75,3830.25,3859.4,1388262,5391826630.1,0.9039486896838888,3488.6995729660002
2016-04-28,MARUTI,INE585B01010,,3819.0,3854.0,3735.1,3747.95,1821236,6918974060.3,0.9039486896838888,3387.9544915007305
2016-04-29,MARUTI,INE585B01010,,3742.0,3820.0,3725.0,3794.65,962848,3634806826.45,0.9039486896838888,3430.1688953089683
2016-05-02,MARUTI,INE585B01010,,3799.9,3840.0,3751.6,3830.85,762337,2899471775.0,0.9039486896838888,3462.891837875525
2016-05-03,MARUTI,INE585B01010,,3840.8,3879.0,3795.7,3819.95,795697,3055664481.5,0.9039486896838888,3453.0387971579707
2016-05-04,MARUTI,INE585B01010,,3800.0,3844.0,3796.05,3811.55,557609,2130902853.05,0.9039486896838888,3445.445628164626
2016-05-05,MARUTI,INE585B01010,,3825.0,3850.0,3802.0,3836.85,485772,1859045999.8,0.9039486896838888,3468.3155300136286
2016-05-06,MARUTI,INE585B01010,,3829.95,3835.0,3802.0,3818.95,411877,1571314189.3,0.9039486896838888,3452.1348484682867
2016-05-09,MARUTI,INE585B01010,,3830.0,3878.0,3825.0,3846.5,771389,2970135056.95,0.9039486896838888,3477.038634869078
2016-05-10,MARUTI,INE585B01010,,3850.5,3897.05,3835.1,3844.8,1094666,4226356607.5,0.9039486896838888,3475.5019220966155
2016-05-11,MARUTI,INE585B01010,,3800.0,3898.0,3790.0,3890.05,679706,2630160927.6,0.9039486896838888,3516.4056003048117
2016-05-12,MARUTI,INE585B01010,,3884.85,3909.8,3841.5,3854.2,857976,3319694063.7,0.9039486896838888,3483.9990397796437
2016-05-13,MARUTI,INE585B01010,,3856.0,3877.9,3828.0,3846.25,435056,1675506194.0,0.9039486896838888,3476.812647696657
2016-05-16,MARUTI,INE585B01010,,3870.0,3895.0,3840.0,3881.6,878812,3393207080.15,0.9039486896838888,3508.7672338769826
2016-05-17,MARUTI,INE585B01010,,3891.05,3969.0,3886.25,3950.7,865028,3404199572.05,0.9039486896838888,3571.230088334139
2016-05-18,MARUTI,INE585B01010,,3928.8,3939.0,3805.05,3914.9,1921044,7437328389.6,0.9039486896838888,3538.868725243456
2016-05-19,MARUTI,INE585B01010,,3900.0,3940.0,3881.0,3926.6,679821,2661180713.05,0.9039486896838888,3549.4449249127574
2016-05-20,MARUTI,INE585B01010,,3883.8,3959.0,3881.1,3944.95,485214,1907909862.95,0.9039486896838888,3566.032383368457
2016-05-23,MARUTI,INE585B01010,,3964.0,3968.3,3900.0,3913.85,348354,1373821327.9,0.9039486896838888,3537.919579119288
2016-05-24,MARUTI,INE585B01010,,3913.8,3937.95,3893.15,3924.2,283533,1111068158.65,0.9039486896838888,3547.275448057516
2016-05-25,MARUTI,INE585B01010,,3948.0,4072.0,3940.0,4060.95,842663,3388984230.3,0.9039486896838888,3670.890431371788
2016-05-26,MARUTI,INE585B01010,,4064.0,4125.0,4027.2,4118.0,1074664,4398580879.25,0.9039486896838888,3722.460704118254
2016-05-27,MARUTI,INE585B01010,,4114.7,4162.0,4091.05,4146.6,880888,3644324779.15,0.9039486896838888,3748.3136366432136
2016-05-30,MARUTI,INE585B01010,,4132.0,4155.2,4054.0,4071.75,555311,2275390334.55,0.9039486896838888,3680.653077220374
2016-05-31,MARUTI,INE585B01010,,4060.0,4180.0,4055.05,4161.6,775477,3207719371.25,0.9039486896838888,3761.8728669884717
2016-06-01,MARUTI,INE585B01010,,4170.7,4199.95,4150.0,4165.35,647041,2699749767.6,0.9039486896838888,3765.262674574786
2016-06-02,MARUTI,INE585B01010,,4150.0,4194.95,4124.0,4186.65,411143,1710809486.25,0.9039486896838888,3784.5167816650523
2016-06-03,MARUTI,INE585B01010,,4192.15,4235.0,4180.0,4217.95,591630,2494543010.9,0.9039486896838888,3812.810375652158
2016-06-06,MARUTI,INE585B01010,,4216.0,4217.0,4118.0,4142.0,443085,1839519061.3,0.9039486896838888,3744.155472670667
2016-06-07,MARUTI,INE585B01010,,4175.0,4188.95,4118.0,4135.65,471388,1957458492.65,0.9039486896838888,3738.415398491174
2016-06-08,MARUTI,INE585B01010,,4131.0,4169.8,4124.7,4160.1,417715,1734276992.05,0.9039486896838888,3760.516943953946
2016-06-09,MARUTI,INE585B01010,,4152.05,4189.75,4140.0,4169.15,305434,1272028413.05,0.9039486896838888,3768.6976795955843
2016-06-10,MARUTI,INE585B01010,,4165.1,4197.0,4100.0,4111.5,464892,1929863129.45,0.9039486896838888,3716.5850376353087
2016-06-13,MARUTI,INE585B01010,,4074.0,4150.0,4062.0,4134.75,385639,1583348107.65,0.9039486896838888,3737.601844670459
2016-06-14,MARUTI,INE585B01010,,4145.0,4155.9,4096.0,4104.5,403193,1662241655.3,0.9039486896838888,3710.257396807521
2016-06-15,MARUTI,INE585B01010,,4125.0,4215.0,4112.1,4209.6,510807,2124706746.75,0.9039486896838888,3805.2624040932983
2016-06-16,MARUTI,INE585B01010,,4160.0,4164.0,4062.0,4084.1,1118517,4582809069.8,0.9039486896838888,3691.81684353797
2016-06-17,MARUTI,INE585B01010,,4115.0,4158.0,4093.45,4114.5,951658,3931682187.55,0.9039486896838888,3719.2968837043604
2016-06-20,MARUTI,INE585B01010,,4076.55,4144.8,4065.7,4133.2,667114,2747950789.85,0.9039486896838888,3736.200724201449
2016-06-21,MARUTI,INE585B01010,,4146.0,4168.1,4109.0,4157.4,512383,2122603379.85,0.9039486896838888,3758.076282491799
2016-06-22,MARUTI,INE585B01010,,4145.0,4180.5,4125.05,4151.35,417540,1737118191.9,0.9039486896838888,3752.607392919212
2016-06-23,MARUTI,INE585B01010,,4151.9,4175.0,4120.45,4168.6,341093,1415090774.05,0.9039486896838888,3768.200507816259
2016-06-24,MARUTI,INE585B01010,,4053.0,4092.1,3866.6,4070.05,1559787,6272376889.6,0.9039486896838888,3679.1163644479116
2016-06-27,MARUTI,INE585B01010,,4061.0,4061.0,4004.1,4025.1,836629,3370939472.9,0.9039486896838888,3638.4838708466204
2016-06-28,MARUTI,INE585B01010,,4041.1,4081.95,4040.0,4078.7,626447,2546746740.6,0.9039486896838888,3686.935520613677
2016-06-29,MARUTI,INE585B01010,,4100.0,4141.0,4089.2,4131.25,646945,2663118818.7,0.9039486896838888,3734.4380242565653
2016-06-30,MARUTI,INE585B01010,,4179.9,4200.0,4145.55,4187.2,770542,3212256705.25,0.9039486896838888,3785.013953444379
2016-07-01,MARUTI,INE585B01010,,4188.6,4214.2,4132.0,4165.4,804652,3353906492.9,0.9039486896838888,3765.30787200927
2016-07-04,MARUTI,INE585B01010,,4171.0,4190.5,4155.75,4173.8,343648,1433991305.3,0.9039486896838888,3772.901041002615
2016-07-05,MARUTI,INE585B01010,,4180.0,4202.0,4150.0,4173.35,282439,1179402903.45,0.9039486896838888,3772.4942640922573
2016-07-07,MARUTI,INE585B01010,,4181.1,4189.9,4125.0,4141.1,325843,1350922349.7,0.9039486896838888,3743.341918849952
2016-07-08,MARUTI,INE585B01010,,4142.0,4175.65,4126.0,4161.8,261295,1086833437.9,0.9039486896838888,3762.0536567264085
2016-07-11,MARUTI,INE585B01010,,4190.0,4285.9,4189.95,4272.05,518428,2205155548.9,0.9039486896838888,3861.713999764057
2016-07-12,MARUTI,INE585B01010,,4300.0,4382.0,4291.0,4370.4,688921,2997536909.8,0.9039486896838888,3950.617353394467
2016-07-13,MARUTI,INE585B01010,,4350.0,4360.0,4301.0,4321.4,416940,1801902055.0,0.9039486896838888,3906.3238675999564
2016-07-14,MARUTI,INE585B01010,,4326.0,4439.0,4326.0,4428.3,637580,2804651042.75,0.9039486896838888,4002.955982527165
2016-07-15,MARUTI,INE585B01010,,4450.0,4493.55,4404.5,4472.05,654076,2914560944.3,0.9039486896838888,4042.503737700835
2016-07-18,MARUTI,INE585B01010,,4477.0,4564.4,4432.4,4454.75,684924,3093843435.7,0.9039486896838888,4026.8654253693035
2016-07-19,MARUTI,INE585B01010,,4455.2,4499.0,4440.0,4485.7,378788,1693234732.05,0.9039486896838888,4054.8426373150196
2016-07-20,MARUTI,INE585B01010,,4471.85,4510.0,4452.05,4469.15,357560,1600913643.8,0.9039486896838888,4039.882286500751
2016-07-21,MARUTI,INE585B01010,,4489.0,4493.05,4405.25,4413.7,252227,1120877949.9,0.9039486896838888,3989.7583316577798
2016-07-22,MARUTI,INE585B01010,,4421.0,4449.0,4405.0,4414.7,339886,1503941615.25,0.9039486896838888,3990.6622803474634
2016-07-25,MARUTI,INE585B01010,,4427.0,4565.0,4421.0,4550.55,499616,2257269483.1,0.9039486896838888,4113.46370984102
2016-07-26,MARUTI,INE585B01010,,4575.15,4584.0,4451.15,4471.3,1828186,8268186391.3,0.9039486896838888,4041.825776183572
2016-07-27,MARUTI,INE585B01010,,4510.3,4628.0,4510.0,4558.15,1212744,5546261097.95,0.9039486896838888,4120.3337198826175
2016-07-28,MARUTI,INE585B01010,,4579.0,4784.0,4570.55,4763.5,1879461,8861878507.95,0.9039486896838888,4305.959583309204
2016-07-29,MARUTI,INE585B01010,,4751.0,4824.0,4720.55,4757.6,799265,3809432635.15,0.9039486896838888,4300.626286040069
2016-08-01,MARUTI,INE585B01010,,4798.95,4885.0,4772.25,4866.25,1206974,5848172359.4,0.9039486896838888,4398.840311174224
2016-08-02,MARUTI,INE585B01010,,4900.0,5039.0,4880.0,4986.05,1611134,8024862506.6,0.9039486896838888,4507.133364198354
2016-08-03,MARUTI,INE585B01010,,5014.9,5020.0,4853.15,4873.85,1019631,5009776068.85,0.9039486896838888,4405.710321215822
2016-08-04,MARUTI,INE585B01010,,4945.0,4945.0,4869.35,4889.65,727097,3567261551.35,0.9039486896838888,4419.992710512826
2016-08-05,MARUTI,INE585B01010,,4919.0,4965.0,4900.0,4941.65,598288,2953137501.6,0.9039486896838888,4466.998042376388
2016-08-08,MARUTI,INE585B01010,,4980.0,5010.0,4960.05,4991.75,474502,2368744665.15,0.9039486896838888,4512.285871729551
2016-08-09,MARUTI,INE585B01010,,5009.9,5021.75,4915.4,4960.85,508711,2522403485.85,0.9039486896838888,4484.35385721832
2016-08-10,MARUTI,INE585B01010,,4975.0,4980.0,4850.0,4861.6,512317,2507484596.95,0.9039486896838888,4394.636949767194
2016-08-11,MARUTI,INE585B01010,,4862.1,4923.5,4805.0,4878.65,623156,3034897101.15,0.9039486896838888,4410.049274926304
2016-08-12,MARUTI,INE585B01010,,4882.0,4940.0,4847.1,4898.6,686072,3353680781.3,0.9039486896838888,4428.083051285498
2016-08-16,MARUTI,INE585B01010,,4948.0,4948.0,4852.0,4864.2,793106,3882892015.15,0.9039486896838888,4396.987216360371
2016-08-17,MARUTI,INE585B01010,,4860.0,4911.3,4849.1,4889.85,498247,2433154413.2,0.9039486896838888,4420.173500250764
2016-08-18,MARUTI,INE585B01010,,4920.85,4950.0,4901.0,4915.85,479572,2363877107.05,0.9039486896838888,4443.676166182545
2016-08-19,MARUTI,INE585B01010,,4916.0,4933.2,4889.05,4900.1,426426,2092999034.7,0.9039486896838888,4429.438974320024
2016-08-22,MARUTI,INE585B01010,,4896.0,4897.0,4828.0,4837.75,292890,1420554293.25,0.9039486896838888,4373.077773518233
2016-08-23,MARUTI,INE585B01010,,4835.05,4855.2,4800.0,4833.8,270869,1308224512.8,0.9039486896838888,4369.507176193982
2016-08-24,MARUTI,INE585B01010,,4890.0,4983.8,4886.45,4948.55,952400,4715880607.45,0.9039486896838888,4473.235288335208
2016-08-25,MARUTI,INE585B01010,,4973.8,4982.8,4906.25,4933.7,914319,4514338113.7,0.9039486896838888,4459.811650293402
2016-08-26,MARUTI,INE585B01010,,4934.8,4964.9,4910.1,4920.9,337715,1665546042.75,0.9039486896838888,4448.241107065448
2016-08-29,MARUTI,INE585B01010,,4925.0,4955.0,4920.9,4927.4,299611,1478331979.3,0.9039486896838888,4454.116773548393
2016-08-30,MARUTI,INE585B01010,,4955.0,5103.9,4951.0,5067.65,996156,5041318682.2,0.9039486896838888,4580.8955772765585
2016-08-31,MARUTI,INE585B01010,,5063.9,5103.85,5036.3,5053.65,804288,4080048433.3,0.9102352790829005,4600.0105181373
2016-09-01,MARUTI,INE585B01010,,5074.0,5100.0,5019.3,5060.75,870402,4407962775.3,0.9102352790829005,4606.473188618788
2016-09-02,MARUTI,INE585B01010,,5078.0,5188.65,5075.0,5160.45,956049,4924067377.75,0.9102352790829005,4697.223645943353
2016-09-06,MARUTI,INE585B01010,,5201.0,5335.0,5201.0,5319.7,970024,5120839223.6,0.9102352790829005,4842.178614137306
2016-09-07,MARUTI,INE585B01010,,5319.0,5362.0,5290.1,5336.05,734051,3915733176.45,0.9102352790829005,4857.060960950311
2016-09-08,MARUTI,INE585B01010,,5321.0,5499.0,5319.0,5489.4,942300,5122745860.45,0.9102352790829005,4996.645540997673
2016-09-09,MARUTI,INE585B01010,,5489.7,5489.95,5377.05,5403.0,547599,2969029183.2,0.9102352790829005,4918.001212884911
2016-09-12,MARUTI,INE585B01010,,5305.0,5350.0,5251.0,5329.0,795632,4227453474.85,0.9102352790829005,4850.643802232777
2016-09-14,MARUTI,INE585B01010,,5330.05,5384.75,5330.05,5363.9,539702,2892887534.85,0.9102352790829005,4882.41101347277
2016-09-15,MARUTI,INE585B01010,,5356.0,5461.0,5349.55,5452.4,704384,3818906904.7,0.9102352790829005,4962.9668356716065
2016-09-16,MARUTI,INE585B01010,,5473.0,5619.9,5473.0,5573.3,1669960,9297247548.3,0.9102352790829005,5073.014280912729
2016-09-19,MARUTI,INE585B01010,,5569.0,5569.0,5485.0,5491.9,632835,3485307597.65,0.9102352790829005,4998.921129195381
2016-09-20,MARUTI,INE585B01010,,5525.0,5560.0,5498.35,5514.85,423083,2337990549.95,0.9102352790829005,5019.811028850334
2016-09-21,MARUTI,INE585B01010,,5526.0,5542.5,5462.1,5501.25,549370,3023947011.5,0.9102352790829005,5007.431829054806
2016-09-22,MARUTI,INE585B01010,,5565.35,5634.1,5564.95,5597.1,526494,2948849508.5,0.9102352790829005,5094.677880554903
2016-09-23,MARUTI,INE585B01010,,5630.0,5630.0,5565.6,5601.8,559592,3135676118.95,0.9102352790829005,5098.955986366592
2016-09-26,MARUTI,INE585B01010,,5586.0,5625.0,5555.55,5568.9,418297,2334769328.4,0.9102352790829005,5069.009245684764
2016-09-27,MARUTI,INE585B01010,,5598.95,5599.95,5500.0,5511.4,427991,2371900042.25,0.9102352790829005,5016.670717137497
2016-09-28,MARUTI,INE585B01010,,5510.6,5555.0,5506.0,5521.8,449876,2486158734.1,0.9102352790829005,5026.13716403996
2016-09-29,MARUTI,INE585B01010,,5575.0,5577.0,5395.0,5438.6,693217,3790733982.7,0.9102352790829005,4950.405588820263
2016-09-30,MARUTI,INE585B01010,,5420.0,5497.5,5382.6,5477.3,646631,3512558553.25,0.9102352790829005,4985.631694120771
2016-10-03,MARUTI,INE585B01010,,5661.0,5720.0,5631.8,5681.0,840940,4774299552.55,0.9102352790829005,5171.046620469958
2016-10-04,MARUTI,INE585B01010,,5715.15,5717.95,5650.0,5680.0,464913,2640053187.4,0.9102352790829005,5170.1363851908745
2016-10-05,MARUTI,INE585B01010,,5707.0,5767.0,5673.0,5689.2,644731,3687580532.1,0.9102352790829005,5178.510549758437
2016-10-06,MARUTI,INE585B01010,,5700.0,5745.6,5700.0,5710.45,416860,2383503640.9,0.9102352790829005,5197.853049438949
2016-10-07,MARUTI,INE585B01010,,5709.45,5717.25,5667.3,5683.8,309473,1760405483.75,0.9102352790829005,5173.59527925139
2016-10-10,MARUTI,INE585B01010,,5724.9,5734.4,5695.95,5712.35,205840,1175882335.0,0.9102352790829005,5199.5824964692065
2016-10-13,MARUTI,INE585B01010,,5690.0,5752.8,5652.6,5718.55,441169,2512235008.0,0.9102352790829005,5205.22595519952
2016-10-14,MARUTI,INE585B01010,,5760.2,5766.95,5669.1,5690.45,352350,2008175649.9,0.9102352790829005,5179.6483438572905
2016-10-17,MARUTI,INE585B01010,,5699.0,5699.0,5574.6,5599.1,400595,2254290683.6,0.9102352790829005,5096.498351113069
2016-10-18,MARUTI,INE585B01010,,5621.0,5645.35,5580.1,5626.7,487798,2740067758.35,0.9102352790829005,5121.620844815756
2016-10-19,MARUTI,INE585B01010,,5633.7,5647.9,5593.05,5604.6,384608,2159340336.05,0.9102352790829005,5101.504645148024
2016-10-20,MARUTI,INE585B01010,,5615.0,5683.5,5615.0,5644.5,311728,1761495142.75,0.9102352790829005,5137.823032783432
2016-10-21,MARUTI,INE585B01010,,5650.5,5670.0,5616.0,5650.2,224567,1267757641.4,0.9102352790829005,5143.011373874204
2016-10-24,MARUTI,INE585B01010,,5666.0,5748.0,5666.0,5713.9,412403,2355780353.95,0.9102352790829005,5200.9933611517845
2016-10-25,MARUTI,INE585B01010,,5734.0,5799.0,5725.65,5781.45,339506,1956281753.9,0.9102352790829005,5262.4797542538345
2016-10-26,MARUTI,INE585B01010,,5796.6,5898.0,5785.0,5869.1,590811,3455240624.2,0.9102352790829005,5342.261876465452
2016-10-27,MARUTI,INE585B01010,,5897.0,5948.0,5789.1,5860.15,1864862,10966946847.5,0.9102352790829005,5334.115270717659
2016-10-28,MARUTI,INE585B01010,,5922.0,5928.55,5865.75,5876.15,935542,5512348645.95,0.9102352790829005,5348.679035182985
2016-11-01,MARUTI,INE585B01010,,5919.0,5974.0,5855.2,5878.1,1163831,6862538365.1,0.9102352790829005,5350.453993977198
2016-11-02,MARUTI,INE585B01010,,5805.0,5864.9,5785.0,5794.6,522312,3039905127.75,0.9102352790829005,5274.449348173775
2016-11-03,MARUTI,INE585B01010,,5799.9,5859.9,5780.0,5805.55,585730,3410002100.6,0.9102352790829005,5284.416424479733
2016-11-04,MARUTI,INE585B01010,,5789.0,5789.0,5667.3,5704.85,679821,3880425730.1,0.9102352790829005,5192.7557318760855
2016-11-07,MARUTI,INE585B01010,,5763.0,5784.85,5708.0,5715.95,532212,3053515021.75,0.9102352790829005,5202.859343473905
2016-11-08,MARUTI,INE585B01010,,5727.8,5731.0,5581.5,5669.0,684050,3855857551.85,0.9102352790829005,5160.123797120963
2016-11-09,MARUTI,INE585B01010,,5305.0,5553.0,5305.0,5392.95,1299603,7048492361.3,0.9102352790829005,4908.853348330128
2016-11-10,MARUTI,INE585B01010,,5505.5,5517.25,5305.0,5328.5,942971,5092965475.35,0.9102352790829005,4850.188684593235
2016-11-11,MARUTI,INE585B01010,,5290.0,5292.95,5103.0,5134.25,1058491,5491644759.25,0.9102352790829005,4673.375481631382
2016-11-15,MARUTI,INE585B01010,,5101.9,5119.05,4806.4,4846.6,2793900,13669663166.75,0.9102352790829005,4411.546303603186
2016-11-16,MARUTI,INE585B01010,,4924.0,5009.4,4901.55,4990.8,1952224,9696000227.95,0.9102352790829005,4542.80223084694
2016-11-17,MARUTI,INE585B01010,,5030.0,5048.0,4916.3,4925.55,668715,3316637910.2,0.9102352790829005,4483.40937888678
2016-11-18,MARUTI,INE585B01010,,4935.0,4989.9,4887.9,4950.9,699355,3461456978.95,0.9102352790829005,4506.483843211531
2016-11-21,MARUTI,INE585B01010,,4990.0,4990.0,4765.3,4787.45,864696,4193021584.0,0.9102352790829005,4357.705886845431
2016-11-22,MARUTI,INE585B01010,,4830.0,4956.0,4825.55,4934.55,845997,4142375931.3,0.9102352790829005,4491.601496398526
2016-11-23,MARUTI,INE585B01010,,4945.0,4945.0,4860.0,4880.85,757744,3706768591.65,0.9102352790829005,4442.721861911775
2016-11-24,MARUTI,INE585B01010,,4862.0,4883.9,4804.0,4830.15,550368,2665579853.1,0.9102352790829005,4396.572933262271
2016-11-25,MARUTI,INE585B01010,,4849.0,4905.0,4792.45,4873.6,669501,3256653755.1,0.9102352790829005,4436.122656138424
2016-11-28,MARUTI,INE585B01010,,4866.0,4913.0,4833.0,4893.75,1387068,6781930626.85,0.9102352790829005,4454.463897011944
2016-11-29,MARUTI,INE585B01010,,4898.0,5119.0,4896.0,5088.15,874897,4420632257.45,0.9102352790829005,4631.41363526566
2016-11-30,MARUTI,INE585B01010,,5110.55,5282.0,5100.1,5266.0,1270618,6613189286.35,0.9102352790829005,4793.2989796505535
2016-12-01,MARUTI,INE585B01010,,5266.0,5307.5,5204.25,5252.1,1221883,6424225847.95,0.9102352790829005,4780.646709271302
2016-12-02,MARUTI,INE585B01010,,5220.0,5236.2,5046.0,5068.1,772281,3980199883.45,0.9102352790829005,4613.163417920048
2016-12-05,MARUTI,INE585B01010,,5063.9,5219.9,5055.0,5202.95,578935,2978655541.4,0.9102352790829005,4735.9086453043765
2016-12-06,MARUTI,INE585B01010,,5220.0,5261.0,5118.05,5135.2,646660,3358978445.3,0.9102352790829005,4674.240205146511
2016-12-07,MARUTI,INE585B01010,,5150.95,5209.75,5035.05,5116.65,590462,3036995577.45,0.9102352790829005,4657.355340719522
2016-12-08,MARUTI,INE585B01010,,5172.0,5269.9,5170.0,5234.6,845955,4428823745.3,0.9102352790829005,4764.717591887351
2016-12-09,MARUTI,INE585B01010,,5290.0,5312.5,5201.2,5235.0,562518,2952855303.35,0.9102352790829005,4765.081685998984
2016-12-12,MARUTI,INE585B01010,,5228.0,5228.0,5120.05,5144.4,357439,1844122787.6,0.9102352790829005,4682.614369714073
2016-12-13,MARUTI,INE585B01010,,5178.75,5207.0,5134.05,5163.15,484291,2505662118.9,0.9102352790829005,4699.6812811968775
2016-12-14,MARUTI,INE585B01010,,5179.95,5214.75,5130.2,5141.05,371699,1921177672.9,0.9102352790829005,4679.565081529146
2016-12-15,MARUTI,INE585B01010,,5099.95,5197.0,5080.0,5152.05,457317,2357577713.15,0.9102352790829005,4689.577669599057
2016-12-16,MARUTI,INE585B01010,,5174.5,5207.0,5151.2,5188.65,1170505,6071076452.45,0.9102352790829005,4722.892280813491
2016-12-19,MARUTI,INE585B01010,,5175.0,5195.45,5104.05,5115.05,369118,1895096606.2,0.9102352790829005,4655.89896427299
2016-12-20,MARUTI,INE585B01010,,5135.9,5147.5,5072.0,5108.0,377676,1930167659.55,0.9102352790829005,4649.481805555456
2016-12-21,MARUTI,INE585B01010,,5119.4,5160.0,5073.55,5137.85,413072,2119486223.9,0.9102352790829005,4676.652328636081
2016-12-22,MARUTI,INE585B01010,,5144.0,5144.0,5053.0,5084.4,399573,2034684947.05,0.9102352790829005,4628.000252969099
2016-12-23,MARUTI,INE585B01010,,5050.0,5214.0,5041.0,5197.15,589006,3026291840.9,0.9102352790829005,4730.629280685695
2016-12-26,MARUTI,INE585B01010,,5179.0,5257.8,5151.1,5167.35,510998,2653458429.85,0.9102352790829005,4703.504269369026
2016-12-27,MARUTI,INE585B01010,,5185.0,5237.4,5117.2,5224.0,486703,2523432348.75,0.9102352790829005,4755.069097929072
2016-12-28,MARUTI,INE585B01010,,5250.0,5278.0,5219.45,5231.25,595514,3124627431.25,0.9102352790829005,4761.668303702423
2016-12-29,MARUTI,INE585B01010,,5217.2,5349.0,5217.2,5314.8,655325,3462874921.8,0.9102352790829005,4837.718461269799
2016-12-30,MARUTI,INE585B01010,,5347.0,5377.9,5303.0,5319.55,559886,2990480369.6,0.9102352790829005,4842.042078845443
2017-01-02,MARUTI,INE585B01010,,5320.05,5474.2,5267.8,5466.0,651321,3508148908.55,0.9102352790829005,4975.346035467134
2017-01-03,MARUTI,INE585B01010,,5466.0,5524.2,5432.6,5508.4,631753,3465393242.3,0.9102352790829005,5013.940011300248
2017-01-04,MARUTI,INE585B01010,,5530.0,5554.7,5494.0,5502.15,679443,3751304398.7,0.9102352790829005,5008.251040805981
2017-01-05,MARUTI,INE585B01010,,5525.1,5649.9,5525.1,5634.95,744210,4167747463.75,0.9102352790829005,5129.13028586819
2017-01-06,MARUTI,INE585B01010,,5650.0,5657.3,5597.0,5615.55,544695,3059065958.45,0.9102352790829005,5111.471721453982
2017-01-09,MARUTI,INE585B01010,,5644.8,5680.0,5610.6,5658.5,345094,1951671534.9,0.9102352790829005,5150.566326690592
2017-01-10,MARUTI,INE585B01010,,5680.0,5693.7,5641.0,5674.85,410444,2326126082.3,0.9102352790829005,5165.448673503598
2017-01-11,MARUTI,INE585B01010,,5691.0,5772.9,5691.0,5762.35,539326,3094661109.0,0.9102352790829005,5245.094260423351
2017-01-12,MARUTI,INE585B01010,,5770.0,5795.0,5742.0,5777.35,421634,2431175297.45,0.9102352790829005,5258.747789609595
2017-01-13,MARUTI,INE585B01010,,5792.0,5794.0,5683.65,5699.5,1086873,6206571206.55,0.9102352790829005,5187.885973132991
2017-01-16,MARUTI,INE585B01010,,5697.95,5725.2,5661.0,5676.9,290142,1648934388.05,0.9102352790829005,5167.314655825718
2017-01-17,MARUTI,INE585B01010,,5690.0,5718.9,5657.05,5669.4,343048,1948615290.9,0.9102352790829005,5160.487891232596
2017-01-18,MARUTI,INE585B01010,,5685.0,5719.0,5665.0,5684.45,308483,1756088073.0,0.9102352790829005,5174.1869321827935
2017-01-19,MARUTI,INE585B01010,,5675.0,5728.0,5675.0,5718.35,239027,1363426406.25,0.9102352790829005,5205.043908143704
2017-01-20,MARUTI,INE585B01010,,5717.0,5749.0,5642.0,5668.95,444280,2533234364.95,0.9102352790829005,5160.078285357008
2017-01-23,MARUTI,INE585B01010,,5668.95,5712.75,5643.8,5700.0,297515,1691574395.85,0.9102352790829005,5188.341090772533
2017-01-24,MARUTI,INE585B01010,,5704.0,5745.75,5688.95,5737.2,301613,1728089864.35,0.9102352790829005,5222.201843154417
2017-01-25,MARUTI,INE585B01010,,5763.9,5834.0,5708.05,5802.55,1148793,6634052767.2,0.9102352790829005,5281.685718642484
2017-01-27,MARUTI,INE585B01010,,5842.0,5927.7,5825.05,5915.9,576906,3398968196.25,0.9102352790829005,5384.860887526531
2017-01-30,MARUTI,INE585B01010,,5916.0,5939.0,5885.0,5894.95,323448,1910522746.3,0.9102352790829005,5365.791458429744
2017-01-31,MARUTI,INE585B01010,,5889.0,5934.9,5875.5,5894.25,374637,2211257402.3,0.9102352790829005,5365.154293734387
2017-02-01,MARUTI,INE585B01010,,5900.0,6203.5,5886.0,6179.2,1212008,7318473660.4,0.9102352790829005,5624.5258365090585
2017-02-02,MARUTI,INE585B01010,,6170.0,6218.35,6130.0,6144.35,745214,4596674205.75,0.9102352790829005,5592.80413703302
2017-02-03,MARUTI,INE585B01010,,6147.9,6156.65,6096.55,6115.45,304078,1861437210.75,0.9102352790829005,5566.498337467524
2017-02-06,MARUTI,INE585B01010,,6157.0,6187.0,6125.0,6149.7,322223,1982511228.05,0.9102352790829005,5597.673895776113
2017-02-07,MARUTI,INE585B01010,,6166.0,6231.5,6144.0,6213.2,456427,2825128782.4,0.9102352790829005,5655.473835997877
2017-02-08,MARUTI,INE585B01010,,6219.7,6233.9,6165.15,6194.65,410369,2543400369.95,0.9102352790829005,5638.588971570889
2017-02-09,MARUTI,INE585B01010,,6195.5,6204.0,6111.6,6157.1,511610,3149554064.25,0.9102352790829005,5604.409636841327
2017-02-10,MARUTI,INE585B01010,,6170.0,6173.75,6096.4,6112.25,284471,1742979647.25,0.9102352790829005,5563.585584574458
2017-02-13,MARUTI,INE585B01010,,6092.0,6139.9,6002.0,6022.0,404675,2447785114.95,0.9102352790829005,5481.436850637227
2017-02-14,MARUTI,INE585B01010,,6045.0,6045.0,5928.1,5939.85,439745,2623475139.45,0.9102352790829005,5406.6610224605665
2017-02-15,MARUTI,INE585B01010,,5950.0,5961.8,5842.2,5862.7,609791,3593241456.6,0.9102352790829005,5336.43637067932
2017-02-16,MARUTI,INE585B01010,,5860.0,6037.95,5860.0,6024.55,576390,3444145136.1,0.9102352790829005,5483.757950598888
2017-02-17,MARUTI,INE585B01010,,6038.0,6055.85,5955.05,5989.75,326378,1958912787.05,0.9102352790829005,5452.0817628868035
2017-02-20,MARUTI,INE585B01010,,5989.75,6120.75,5912.3,6093.15,504439,3052659965.6,0.9102352790829005,5546.200090743975
2017-02-21,MARUTI,INE585B01010,,6071.1,6090.65,6043.0,6063.15,287864,1744688898.9,0.9102352790829005,5518.893032371488
2017-02-22,MARUTI,INE585B01010,,6073.0,6116.15,6040.0,6079.65,431264,2622409520.5,0.9102352790829005,5533.911914476355
2017-02-23,MARUTI,INE585B01010,,6090.0,6092.1,6015.05,6031.0,461009,2792535432.15,0.9102352790829005,5489.6289681489725
2017-02-27,MARUTI,INE585B01010,,6005.0,6050.95,5940.0,5951.5,394395,2361244650.15,0.9102352790829005,5417.265263461883
2017-02-28,MARUTI,INE585B01010,,5946.3,6000.0,5914.8,5922.5,558820,3324714705.45,0.9102352790829005,5390.868440368478
2017-03-01,MARUTI,INE585B01010,,5960.0,5998.8,5885.15,5919.6,559896,3325127757.9,0.9102352790829005,5388.228758059138
2017-03-02,MARUTI,INE585B01010,,5951.0,5998.8,5900.25,5918.75,473769,2817203941.9,0.9102352790829005,5387.455058071917
2017-03-03,MARUTI,INE585B01010,,5924.0,5928.95,5875.0,5887.75,362057,2133107402.3,0.9102352790829005,5359.237764420347
2017-03-06,MARUTI,INE585B01010,,5925.5,5974.8,5912.0,5934.85,361209,2146267752.35,0.9102352790829005,5402.109846065152
2017-03-07,MARUTI,INE585B01010,,5931.0,5954.0,5881.0,5888.5,373103,2202162498.05,0.9102352790829005,5359.9204408796595
2017-03-08,MARUTI,INE585B01010,,5895.0,5904.9,5800.0,5864.15,639968,3741854744.65,0.9102352790829005,5337.75621183399
2017-03-09,MARUTI,INE585B01010,,5884.0,5975.0,5864.15,5964.4,598391,3555616365.6,0.9102352790829005,5429.007298562051
2017-03-10,MARUTI,INE585B01010,,5997.0,6008.4,5936.05,5955.6,443986,2647781136.45,0.9102352790829005,5420.997228106123
2017-03-14,MARUTI,INE585B01010,,6060.0,6144.4,6010.0,6132.4,875005,5325927797.6,0.9102352790829005,5581.926825447978
2017-03-15,MARUTI,INE585B01010,,6115.0,6168.8,6092.5,6137.35,384040,2356693558.8,0.9102352790829005,5586.43249007944
2017-03-16,MARUTI,INE585B01010,,6159.6,6186.3,6131.7,6155.45,252721,1555558722.3,0.9102352790829005,5602.90774863084
2017-03-17,MARUTI,INE585B01010,,6165.0,6226.8,6150.0,6192.6,1048024,6490634219.7,0.9102352790829005,5636.722989248769
2017-03-20,MARUTI,INE585B01010,,6220.0,6220.0,6151.1,6158.9,207710,1281486199.2,0.9102352790829005,5606.048060343675
2017-03-21,MARUTI,INE585B01010,,6164.75,6200.55,6051.85,6076.3,532134,3249391582.15,0.9102352790829005,5530.862626291429
2017-03-22,MARUTI,INE585B01010,,6046.4,6053.4,5977.4,6005.8,462793,2779381004.85,0.9102352790829005,5466.691039116084
2017-03-23,MARUTI,INE585B01010,,6015.9,6069.0,6015.9,6034.8,447530,2703041743.2,0.9102352790829005,5493.087862209488
2017-03-24,MARUTI,INE585B01010,,6047.0,6047.0,5992.1,6004.65,573292,3445430239.3,0.9102352790829005,5465.644268545138
2017-03-27,MARUTI,INE585B01010,,5977.0,6020.0,5965.65,5985.8,340512,2039862524.65,0.9102352790829005,5448.486333534426
2017-03-28,MARUTI,INE585B01010,,5971.2,6049.0,5962.55,5974.25,505962,3037568114.05,0.9102352790829005,5437.973116061018
2017-03-29,MARUTI,INE585B01010,,6008.9,6008.9,5929.35,5944.15,494597,2953492118.25,0.9102352790829005,5410.575034160623
2017-03-30,MARUTI,INE585B01010,,5965.0,6000.9,5935.05,5956.6,898999,5360719636.6,0.9102352790829005,5421.907463385205
2017-03-31,MARUTI,INE585B01010,,5952.0,6041.0,5940.1,6015.7,501939,3012626665.05,0.9102352790829005,5475.702368379004
2017-04-03,MARUTI,INE585B01010,,6095.0,6095.0,6030.0,6072.0,378716,2295209632.5,0.9102352790829005,5526.948614591372
2017-04-05,MARUTI,INE585B01010,,6110.0,6359.0,6071.05,6342.4,1076674,6727364064.0,0.9102352790829005,5773.076234055387
2017-04-06,MARUTI,INE585B01010,,6335.0,6336.0,6260.0,6291.65,505863,3179741845.05,0.9102352790829005,5726.88179364193
2017-04-07,MARUTI,INE585B01010,,6250.0,6336.0,6236.05,6259.35,467235,2940383397.5,0.9102352790829005,5697.481194127553
2017-04-10,MARUTI,INE585B01010,,6282.0,6307.8,6245.05,6268.85,318486,1999023416.25,0.9102352790829005,5706.128429278841
2017-04-11,MARUTI,INE585B01010,,6274.8,6305.0,6230.0,6247.8,373105,2338990588.6,0.9102352790829005,5686.967976654146
2017-04-12,MARUTI,INE585B01010,,6263.9,6263.9,6126.7,6154.5,415372,2562913020.55,0.9102352790829005,5602.043025115711
2017-04-13,MARUTI,INE585B01010,,6155.0,6175.0,6066.9,6077.95,386820,2364452097.95,0.9102352790829005,5532.3645145019145
2017-04-17,MARUTI,INE585B01010,,6070.6,6137.5,6021.0,6115.55,342286,2088037690.25,0.9102352790829005,5566.589360995432
2017-04-18,MARUTI,INE585B01010,,6120.0,6234.35,6120.0,6137.15,453391,2804536312.25,0.9102352790829005,5586.250443023622
2017-04-19,MARUTI,INE585B01010,,6131.9,6222.35,6113.8,6196.95,366504,2260529605.2,0.9102352790829005,5640.6825127127795
2017-04-20,MARUTI,INE585B01010,,6200.0,6303.15,6188.0,6273.5,466934,2920800662.45,0.9102352790829005,5710.361023326576
2017-04-21,MARUTI,INE585B01010,,6283.9,6295.05,6177.0,6185.8,294827,1834924206.3,0.9102352790829005,5630.533389351006
2017-04-24,MARUTI,INE585B01010,,6223.2,6335.0,6200.0,6318.35,426893,2680971030.15,0.9102352790829005,5751.185075593445
2017-04-25,MARUTI,INE585B01010,,6327.7,6350.0,6282.5,6337.2,384281,2429517074.2,0.9102352790829005,5768.343010604157
2017-04-26,MARUTI,INE585B01010,,6335.0,6424.75,6311.0,6406.3,540500,3454275110.5,0.9102352790829005,5831.240268388786
2017-04-27,MARUTI,INE585B01010,,6439.0,6450.0,6320.35,6374.05,1087684,6960568020.7,0.9102352790829005,5801.885180638362
2017-04-28,MARUTI,INE585B01010,,6410.0,6589.8,6390.55,6524.85,949573,6183731922.05,0.9102352790829005,5939.148660724063
2017-05-02,MARUTI,INE585B01010,,6676.0,6730.0,6618.0,6705.5,888539,5930542978.55,0.9102352790829005,6103.582663890389
2017-05-03,MARUTI,INE585B01010,,6714.8,6714.95,6631.1,6644.0,370021,2464442630.6,0.9102352790829005,6047.603194226791
2017-05-04,MARUTI,INE585B01010,,6662.0,6686.95,6626.0,6639.8,372533,2476608891.7,0.9102352790829005,6043.780206054643
2017-05-05,MARUTI,INE585B01010,,6625.55,6676.4,6602.0,6654.15,337498,2243838753.85,0.9102352790829005,6056.842082309482
2017-05-08,MARUTI,INE585B01010,,6688.0,6703.65,6612.55,6630.55,208481,1388862241.4,0.9102352790829005,6035.360529723126
2017-05-09,MARUTI,INE585B01010,,6666.0,6666.0,6615.0,6629.3,215203,1428934947.35,0.9102352790829005,6034.222735624272
2017-05-10,MARUTI,INE585B01010,,6645.0,6754.0,6635.9,6737.75,295859,1983892893.1,0.9102352790829005,6132.937751640813
2017-05-11,MARUTI,INE585B01010,,6749.0,6789.4,6711.1,6762.5,259056,1750689239.0,0.9102352790829005,6155.466074798114
2017-05-12,MARUTI,INE585B01010,,6798.0,6798.0,6691.0,6730.2,256491,1725545143.75,0.9102352790829005,6126.065475283736
2017-05-15,MARUTI,INE585B01010,,6759.4,6839.1,6733.45,6823.9,336356,2286157837.9,0.9102352790829005,6211.354520933804
2017-05-16,MARUTI,INE585B01010,,6850.0,6977.55,6830.0,6953.95,707624,4884173800.35,0.9102352790829005,6329.730618978536
2017-05-17,MARUTI,INE585B01010,,6950.0,6979.0,6885.85,6958.2,445461,3087757535.3,0.9102352790829005,6333.599118914638
2017-05-18,MARUTI,INE585B01010,,6918.3,6948.0,6814.45,6831.05,406814,2794683945.35,0.9102352790829005,6217.862703179248
2017-05-19,MARUTI,INE585B01010,,6854.8,6893.9,6691.55,6790.55,552223,3750475037.3,0.9102352790829005,6180.99817437639
2017-05-22,MARUTI,INE585B01010,,6803.95,6843.95,6689.25,6701.7,327493,2204755982.95,0.9102352790829005,6100.123769829874
2017-05-23,MARUTI,INE585B01010,,6765.0,6910.0,6743.65,6878.85,956457,6556860387.15,0.9102352790829005,6261.37194951941
2017-05-24,MARUTI,INE585B01010,,6903.0,6912.55,6813.0,6869.65,433647,2976444464.5,0.9102352790829005,6252.997784951847
2017-05-25,MARUTI,INE585B01010,,6879.95,7018.0,6835.0,6985.7,435721,3013729805.95,0.9102352790829005,6358.630589089417
2017-05-26,MARUTI,INE585B01010,,6971.15,7085.05,6936.2,7064.8,373937,2636144373.95,0.9102352790829005,6430.630199664875
2017-05-29,MARUTI,INE585B01010,,7050.0,7197.8,7025.55,7134.45,427378,3047215056.0,0.9102352790829005,6494.028086852999
2017-05-30,MARUTI,INE585B01010,,7134.45,7206.6,7084.15,7147.5,403698,2881054388.05,0.9102352790829005,6505.906657245031
2017-05-31,MARUTI,INE585B01010,,7138.0,7248.0,7134.95,7211.0,650259,4689375538.75,0.9102352790829005,6563.706597466796
2017-06-01,MARUTI,INE585B01010,,7242.0,7245.0,7110.1,7146.6,649217,4651660714.4,0.9102352790829005,6505.087445493857
2017-06-02,MARUTI,INE585B01010,,7182.0,7187.7,7100.0,7114.7,310268,2213761589.2,0.9102352790829005,6476.050940091111
2017-06-05,MARUTI,INE585B01010,,7139.8,7161.9,7091.1,7125.7,296147,2110599116.05,0.9102352790829005,6486.063528161024
2017-06-06,MARUTI,INE585B01010,,7134.0,7154.3,7085.05,7112.1,324579,2307809562.65,0.9102352790829005,6473.684328365497
2017-06-07,MARUTI,INE585B01010,,7135.0,7225.0,7107.6,7205.7,518152,3725380789.55,0.9102352790829005,6558.8823504876555
2017-06-08,MARUTI,INE585B01010,,7199.0,7274.95,7198.0,7249.5,426525,3084419776.25,0.9102352790829005,6598.750655711487
2017-06-09,MARUTI,INE585B01010,,7271.0,7480.9,7230.0,7464.85,1122640,8289742220.9,0.9102352790829005,6794.76982306199
2017-06-12,MARUTI,INE585B01010,,7445.0,7450.0,7355.5,7373.65,454342,3359955209.2,0.9102352790829005,6711.756365609629
2017-06-13,MARUTI,INE585B01010,,7394.6,7455.0,7335.0,7348.95,607567,4492481373.45,0.9102352790829005,6689.273554216281
2017-06-14,MARUTI,INE585B01010,,7343.0,7392.45,7331.85,7351.05,277472,2042069845.15,0.9102352790829005,6691.185048302355
2017-06-15,MARUTI,INE585B01010,,7348.35,7393.0,7272.15,7312.3,388150,2842635979.65,0.9102352790829005,6655.913431237893
2017-06-16,MARUTI,INE585B01010,,7332.0,7360.05,7250.0,7263.9,547028,3984961154.25,0.9102352790829005,6611.858043730281
2017-06-19,MARUTI,INE585B01010,,7314.0,7322.15,7235.0,7249.25,372747,2708872699.55,0.9102352790829005,6598.523096891717
2017-06-20,MARUTI,INE585B01010,,7265.0,7283.65,7190.3,7207.25,757716,5487664321.95,0.9102352790829005,6560.293215170234
2017-06-21,MARUTI,INE585B01010,,7220.0,7284.5,7153.3,7268.2,460423,3327567635.15,0.9102352790829005,6615.772055430337
2017-06-22,MARUTI,INE585B01010,,7291.0,7352.0,7288.0,7316.1,436033,3194523105.05,0.9102352790829005,6659.372325298408
2017-06-23,MARUTI,INE585B01010,,7321.25,7331.65,7205.0,7219.15,355854,2574735785.95,0.9102352790829005,6571.12501499132
2017-06-27,MARUTI,INE585B01010,,7239.5,7267.2,7155.1,7183.35,365667,2629253656.9,0.9102352790829005,6538.538592000154
2017-06-28,MARUTI,INE585B01010,,7213.95,7324.0,7205.0,7225.05,637214,4625918523.6,0.9102352790829005,6576.49540313791
2017-06-29,MARUTI,INE585B01010,,7254.9,7290.0,7205.0,7224.35,543979,3937495489.85,0.9102352790829005,6575.858238442553
2017-06-30,MARUTI,INE585B01010,,7214.8,7233.6,7157.15,7217.6,367886,2646335813.4,0.9102352790829005,6569.714150308743
2017-07-03,MARUTI,INE585B01010,,7238.9,7365.0,7211.2,7354.0,556846,4077405610.5,0.9102352790829005,6693.87024237565
2017-07-04,MARUTI,INE585B01010,,7386.0,7415.05,7340.0,7376.15,428293,3159920421.6,0.9102352790829005,6714.031953807336
2017-07-05,MARUTI,INE585B01010,,7374.75,7394.0,7332.0,7377.65,273869,2017627913.15,0.9102352790829005,6715.39730672596
2017-07-06,MARUTI,INE585B01010,,7377.65,7498.0,7376.2,7474.05,416512,3105395941.65,0.9102352790829005,6803.143987629553
2017-07-07,MARUTI,INE585B01010,,7470.0,7474.05,7420.0,7432.8,339803,2527380002.1,0.9102352790829005,6765.596782367383
2017-07-10,MARUTI,INE585B01010,,7500.5,7500.5,6700.0,7430.45,47433,352788666.4,0.9102352790829005,6763.457729461537
2017-07-11,MARUTI,INE585B01010,,7473.9,7495.0,7400.0,7457.0,423681,3154012268.35,0.9102352790829005,6787.624476121189
2017-07-12,MARUTI,INE585B01010,,7485.0,7485.0,7435.1,7476.65,233096,1740473302.15,0.9102352790829005,6805.510599355168
2017-07-13,MARUTI,INE585B01010,,7490.0,7574.5,7465.15,7567.55,472029,3557157294.85,0.9102352790829005,6888.250986223804
2017-07-14,MARUTI,INE585B01010,,7574.95,7588.95,7520.0,7557.25,267450,2019714625.95,0.9102352790829005,6878.87556284925
2017-07-17,MARUTI,INE585B01010,,7571.95,7578.0,7504.3,7522.3,289180,2178395267.9,0.9102352790829005,6847.062839845303
2017-07-18,MARUTI,INE585B01010,,7525.0,7591.5,7515.0,7549.35,387214,2927950723.55,0.9102352790829005,6871.684704144495
2017-07-19,MARUTI,INE585B01010,,7564.25,7584.0,7535.0,7561.5,223986,1693764179.6,0.9102352790829005,6882.744062785352
2017-07-20,MARUTI,INE585B01010,,7580.0,7584.5,7480.05,7490.95,290547,2181771499.25,0.9102352790829005,6818.526963846053
2017-07-21,MARUTI,INE585B01010,,7500.0,7549.9,7445.0,7543.0,434483,3263251529.6,0.9102352790829005,6865.904710122319
2017-07-24,MARUTI,INE585B01010,,7554.0,7569.0,7495.0,7554.55,357195,2692138343.75,0.9102352790829005,6876.417927595726
2017-07-25,MARUTI,INE585B01010,,7573.0,7573.0,7493.55,7504.85,323585,2434031513.05,0.9102352790829005,6831.179234225306
2017-07-26,MARUTI,INE585B01010,,7539.0,7595.0,7504.0,7565.25,377790,2850954339.95,0.9102352790829005,6886.157445081913
2017-07-27,MARUTI,INE585B01010,,7615.0,7683.4,7536.0,7599.6,1148259,8743197157.95,0.9102352790829005,6917.424026918411
2017-07-28,MARUTI,INE585B01010,,7617.0,7673.6,7584.0,7630.45,459181,3502719276.0,0.9102352790829005,6945.504785278118
2017-07-31,MARUTI,INE585B01010,,7664.0,7765.0,7651.0,7750.05,505371,3906101481.4,0.9102352790829005,7054.368924656433
2017-08-01,MARUTI,INE585B01010,,7759.9,7920.0,7725.0,7856.1,1096934,8614019508.65,0.9102352790829005,7150.899376003174
2017-08-02,MARUTI,INE585B01010,,7878.9,7880.0,7775.0,7795.5,414448,3241284717.4,0.9102352790829005,7095.739118090751
2017-08-03,MARUTI,INE585B01010,,7794.0,7829.0,7711.0,7737.4,287116,2226332584.25,0.9102352790829005,7042.854448376033
2017-08-04,MARUTI,INE585B01010,,7750.0,7804.9,7740.0,7770.3,325021,2526674563.35,0.9102352790829005,7072.801189057862
2017-08-07,MARUTI,INE585B01010,,7779.5,7892.35,7771.0,7838.65,327318,2568350274.3,0.9102352790829005,7135.015770383177
2017-08-08,MARUTI,INE585B01010,,7849.0,7885.0,7736.9,7755.9,319951,2492466150.4,0.9102352790829005,7059.693801039068
2017-08-09,MARUTI,INE585B01010,,7759.0,7795.0,7639.1,7661.6,285089,2201462995.05,0.9102352790829005,6973.858614221551
2017-08-10,MARUTI,INE585B01010,,7637.35,7640.0,7538.9,7578.75,385730,2927570408.8,0.9102352790829005,6898.445621349532
2017-08-11,MARUTI,INE585B01010,,7501.9,7533.8,7380.0,7457.4,676390,5047556976.35,0.9102352790829005,6787.988570232822
2017-08-14,MARUTI,INE585B01010,,7516.0,7647.0,7515.0,7608.45,328598,2496635810.55,0.9102352790829005,6925.479609138294
2017-08-16,MARUTI,INE585B01010,,7649.1,7720.1,7585.05,7701.15,488766,3747576507.1,0.9102352790829005,7009.858419509279
2017-08-17,MARUTI,INE585B01010,,7701.0,7708.85,7565.0,7582.45,321296,2451157583.0,0.9102352790829005,6901.813491882139
2017-08-18,MARUTI,INE585B01010,,7551.0,7624.0,7531.35,7598.8,332924,2521965187.95,0.9102352790829005,6916.695838695145
2017-08-21,MARUTI,INE585B01010,,7629.0,7658.05,7490.0,7501.9,277519,2095645278.8,0.9102352790829005,6828.494040152011
2017-08-22,MARUTI,INE585B01010,,7540.0,7567.5,7475.1,7496.1,278131,2088377613.55,0.9102352790829005,6823.214675533331
2017-08-23,MARUTI,INE585B01010,,7548.0,7590.0,7501.0,7573.05,258051,1948896428.9,0.9102352790829005,6893.257280258759
2017-08-24,MARUTI,INE585B01010,,7536.0,7635.0,7483.6,7612.85,436912,3306445863.75,0.9193399991009341,6998.797512155546
2017-08-28,MARUTI,INE585B01010,,7649.0,7649.0,7568.05,7579.0,391028,2970634097.7,0.9193399991009341,6967.67785318598
2017-08-29,MARUTI,INE585B01010,,7565.0,7575.55,7495.05,7521.5,368309,2772923688.65,0.9193399991009341,6914.815803237676
2017-08-30,MARUTI,INE585B01010,,7603.0,7639.35,7532.5,7557.45,471048,3570846999.4,0.9193399991009341,6947.866076205354
2017-08-31,MARUTI,INE585B01010,,7564.9,7720.4,7532.0,7700.3,586954,4492634864.65,0.9193399991009341,7079.193795076923
2017-09-01,MARUTI,INE585B01010,,7747.5,7834.9,7730.0,7812.3,627407,4894185802.5,0.9193399991009341,7182.159874976228
2017-09-04,MARUTI,INE585B01010,,7840.0,7876.0,7756.75,7821.5,362724,2837314016.5,0.9193399991009341,7190.617802967956
2017-09-05,MARUTI,INE585B01010,,7843.0,7855.95,7801.0,7817.2,182518,1428836167.8,0.9193399991009341,7186.664640971822
2017-09-06,MARUTI,INE585B01010,,7800.0,7904.0,7770.0,7846.65,340420,2672001273.2,0.9193399991009341,7213.739203945344
2017-09-07,MARUTI,INE585B01010,,7888.0,7949.0,7858.5,7919.2,389478,3083071578.65,0.9193399991009341,7280.437320880117
2017-09-08,MARUTI,INE585B01010,,7940.45,7979.75,7892.0,7970.75,341309,2714085580.1,0.9193399991009341,7327.82929783377
2017-09-11,MARUTI,INE585B01010,,8000.0,8168.0,8000.0,8142.4,547463,4439345930.9,0.9193399991009341,7485.634008679445
2017-09-12,MARUTI,INE585B01010,,8192.0,8192.0,8116.0,8154.5,387447,3160611115.65,0.9193399991009341,7496.758022668567
2017-09-13,MARUTI,INE585B01010,,8161.9,8200.0,8100.15,8122.6,371832,3031024979.3,0.9193399991009341,7467.431076697248
2017-09-14,MARUTI,INE585B01010,,8139.95,8164.95,8042.05,8070.25,293890,2377104613.0,0.9193399991009341,7419.303627744313
2017-09-15,MARUTI,INE585B01010,,8076.95,8119.1,8043.5,8099.75,400099,3237704045.35,0.9193399991009341,7446.424157717791
2017-09-18,MARUTI,INE585B01010,,8130.7,8185.0,8130.7,8157.85,219992,1795134282.25,0.9193399991009341,7499.837811665556
2017-09-19,MARUTI,INE585B01010,,8178.0,8184.95,8124.45,8131.7,245577,2002689705.5,0.9193399991009341,7475.797070689066
2017-09-20,MARUTI,INE585B01010,,8164.4,8164.4,8109.1,8120.15,185837,1509911111.25,0.9193399991009341,7465.1786936994495
2017-09-21,MARUTI,INE585B01010,,8101.0,8170.9,8075.1,8144.95,258168,2096373370.4,0.9193399991009341,7487.978325677153
2017-09-22,MARUTI,INE585B01010,,8145.0,8175.5,8050.0,8068.2,366359,2967882620.75,0.9193399991009341,7417.418980746156
2017-09-25,MARUTI,INE585B01010,,8074.0,8089.0,7855.05,7964.95,626129,4965189872.65,0.9193399991009341,7322.497125838985
2017-09-26,MARUTI,INE585B01010,,7980.0,7980.05,7869.1,7889.9,440508,3484652885.95,0.9193399991009341,7253.50065890646
2017-09-27,MARUTI,INE585B01010,,7949.0,7978.0,7715.0,7739.95,564788,4423236344.65,0.9193399991009341,7115.645626041275
2017-09-28,MARUTI,INE585B01010,,7735.1,7920.0,7651.0,7897.35,768225,6008189951.05,0.9193399991009341,7260.349741899762
2017-09-29,MARUTI,INE585B01010,,7960.0,8007.8,7925.0,7978.2,486217,3875272090.2,0.9193399991009341,7334.678380827072
2017-10-03,MARUTI,INE585B01010,,8055.35,8069.05,7855.0,7888.3,516298,4084902733.95,0.9193399991009341,7252.029714907899
2017-10-04,MARUTI,INE585B01010,,7894.0,7933.9,7830.6,7847.2,301347,2375782274.15,0.9193399991009341,7214.24484094485
2017-10-05,MARUTI,INE585B01010,,7836.0,7901.0,7807.2,7831.05,272177,2136853487.95,0.9193399991009341,7199.39749995937
2017-10-06,MARUTI,INE585B01010,,7864.95,7919.0,7845.05,7903.2,440453,3471740181.75,0.9193399991009341,7265.727880894502
2017-10-09,MARUTI,INE585B01010,,7909.0,7957.0,7866.7,7896.7,261839,2070109977.9,0.9193399991009341,7259.752170900346
2017-10-10,MARUTI,INE585B01010,,7890.5,7934.9,7885.3,7893.7,224485,1775607927.2,0.9193399991009341,7256.994150903043
2017-10-11,MARUTI,INE585B01010,,7892.0,7898.85,7801.0,7825.15,644166,5048507647.45,0.9193399991009341,7193.973393964674
2017-10-12,MARUTI,INE585B01010,,7845.0,7918.0,7830.0,7904.25,396436,3123209690.05,0.9193399991009341,7266.693187893558
2017-10-13,MARUTI,INE585B01010,,7900.0,7940.0,7860.05,7874.15,328108,2587212307.2,0.9193399991009341,7239.02105392062
2017-10-16,MARUTI,INE585B01010,,7900.0,7935.0,7814.0,7842.0,502632,3948095685.8,0.9193399991009341,7209.464272949525
2017-10-17,MARUTI,INE585B01010,,7851.0,7902.3,7830.9,7838.9,304861,2396813464.25,0.9193399991009341,7206.614318952312
2017-10-18,MARUTI,INE585B01010,,7859.0,7873.05,7748.2,7784.05,489207,3817131311.9,0.9193399991009341,7156.188520001627
2017-10-23,MARUTI,INE585B01010,,7748.8,7860.0,7714.0,7818.5,471496,3663420846.2,0.9193399991009341,7187.859782970653
2017-10-24,MARUTI,INE585B01010,,7865.3,7932.2,7841.6,7875.0,354257,2794441066.65,0.9193399991009341,7239.802492919856
2017-10-25,MARUTI,INE585B01010,,7930.0,7945.0,7810.3,7870.2,254379,2002181670.2,0.9193399991009341,7235.389660924171
2017-10-26,MARUTI,INE585B01010,,7900.0,8086.0,7866.2,8068.05,684763,5482222450.5,0.9193399991009341,7417.281079746292
2017-10-27,MARUTI,INE585B01010,,8123.95,8240.0,8062.6,8114.45,1201080,9817058884.75,0.9193399991009341,7459.938455704575
2017-10-30,MARUTI,INE585B01010,,8200.0,8279.0,8163.3,8195.25,726605,5978960903.35,0.9193399991009341,7534.22112763193
2017-10-31,MARUTI,INE585B01010,,8195.0,8226.5,8167.2,8211.25,318652,2614085103.9,0.9193399991009341,7548.930567617545
2017-11-01,MARUTI,INE585B01010,,8251.0,8256.45,8160.0,8238.4,631375,5184682776.15,0.9193399991009341,7573.890648593136
2017-11-02,MARUTI,INE585B01010,,8250.0,8273.95,8201.0,8225.8,247753,2039647678.7,0.9193399991009341,7562.306964604463
2017-11-03,MARUTI,INE585B01010,,8235.0,8242.9,8175.0,8219.4,288916,2372539982.6,0.9193399991009341,7556.423188610218
2017-11-06,MARUTI,INE585B01010,,8209.5,8370.55,8199.35,8310.2,392588,3262975798.95,0.9193399991009341,7639.899260528583
2017-11-07,MARUTI,INE585B01010,,8348.0,8348.0,8210.0,8220.3,348296,2876376265.5,0.9193399991009341,7557.250594609408
2017-11-08,MARUTI,INE585B01010,,8218.0,8285.05,8204.9,8232.0,199176,1640897076.45,0.9193399991009341,7568.0068725988895
2017-11-09,MARUTI,INE585B01010,,8273.7,8273.7,8148.7,8204.8,442672,3633096642.3,0.9193399991009341,7543.000824623344
2017-11-10,MARUTI,INE585B01010,,8198.8,8234.9,8111.05,8183.5,351694,2878402106.4,0.9193399991009341,7523.418882642494
2017-11-13,MARUTI,INE585B01010,,8185.0,8219.05,8080.0,8109.2,181361,1478140060.55,0.9193399991009341,7455.111920709295
2017-11-14,MARUTI,INE585B01010,,8129.0,8186.0,8109.0,8122.95,237427,1933915506.3,0.9193399991009341,7467.752845696933
2017-11-15,MARUTI,INE585B01010,,8100.0,8180.0,8087.0,8127.25,275441,2240053456.2,0.9193399991009341,7471.706007693067
2017-11-16,MARUTI,INE585B01010,,8130.0,8234.85,8129.25,8163.7,321844,2632126894.75,0.9193399991009341,7505.215950660296
2017-11-17,MARUTI,INE585B01010,,8218.0,8362.45,8218.0,8348.35,419255,3478845719.25,0.9193399991009341,7674.972081494284
2017-11-20,MARUTI,INE585B01010,,8377.0,8449.0,8350.0,8425.65,372037,3129256520.05,0.9193399991009341,7746.037063424786
2017-11-21,MARUTI,INE585B01010,,8446.0,8449.45,8401.0,8424.8,255180,2149473720.95,0.9193399991009341,7745.255624425549
2017-11-22,MARUTI,INE585B01010,,8448.0,8525.0,8444.0,8513.15,383442,3254322661.9,0.9193399991009341,7826.479313346117
2017-11-23,MARUTI,INE585B01010,,8512.0,8519.0,8443.5,8463.4,289808,2458482404.45,0.9193399991009341,7780.742148390846
2017-11-24,MARUTI,INE585B01010,,8463.4,8540.0,8463.4,8487.95,343432,2919936481.9,0.9193399991009341,7803.311945368774
2017-11-27,MARUTI,INE585B01010,,8486.0,8524.2,8445.0,8508.6,172254,1461655073.75,0.9193399991009341,7822.296316350208
2017-11-28,MARUTI,INE585B01010,,8490.6,8658.0,8476.05,8624.15,456041,3923334848.0,0.9193399991009341,7928.526053246321
2017-11-29,MARUTI,INE585B01010,,8649.0,8696.0,8576.0,8671.35,382984,3301825763.6,0.9193399991009341,7971.918901203885
2017-11-30,MARUTI,INE585B01010,,8650.0,8676.0,8575.0,8599.1,582023,5012491441.65,0.9193399991009341,7905.496586268843
2017-12-01,MARUTI,INE585B01010,,8660.0,8695.0,8593.0,8609.0,436589,3774856327.5,0.9193399991009341,7914.598052259942
2017-12-04,MARUTI,INE585B01010,,8659.75,8659.95,8480.55,8500.8,242191,2068660173.6,0.9193399991009341,7815.12546435722
2017-12-05,MARUTI,INE585B01010,,8519.95,8554.95,8476.5,8500.4,213998,1821122204.15,0.9193399991009341,7814.75772835758
2017-12-06,MARUTI,INE585B01010,,8494.0,8638.75,8450.05,8612.4,420876,3596639628.95,0.9193399991009341,7917.723808256885
2017-12-07,MARUTI,INE585B01010,,8615.9,8988.25,8614.55,8882.4,834850,7340994603.6,0.9193399991009341,8165.945608014137
2017-12-08,MARUTI,INE585B01010,,8929.8,9119.0,8899.0,9042.25,1006694,9110772379.8,0.9193399991009341,8312.902106870422
2017-12-11,MARUTI,INE585B01010,,9108.0,9167.0,9089.75,9133.8,564023,5144917118.9,0.9193399991009341,8397.067683788111
2017-12-12,MARUTI,INE585B01010,,9150.0,9218.5,9100.0,9131.35,491488,4500248434.8,0.9193399991009341,8394.815300790315
2017-12-13,MARUTI,INE585B01010,,9091.0,9176.0,9075.0,9120.65,446829,4076138628.25,0.9193399991009341,8384.978362799935
2017-12-14,MARUTI,INE585B01010,,9127.0,9146.8,9046.0,9112.75,655484,5959570660.35,0.9193399991009341,8377.715576807037
2017-12-15,MARUTI,INE585B01010,,9170.0,9236.3,9147.3,9165.9,620495,5696122041.1,0.9193399991009341,8426.578497759252
2017-12-18,MARUTI,INE585B01010,,9110.0,9344.0,8990.15,9309.1,658668,6074024968.65,0.9193399991009341,8558.227985630507
2017-12-19,MARUTI,INE585B01010,,9345.0,9858.0,9326.0,9801.5,1275759,12251774244.45,0.9193399991009341,9010.911001187806
2017-12-20,MARUTI,INE585B01010,,9966.0,9996.4,9700.25,9733.9,1216280,11978607066.35,0.9193399991009341,8948.763617248582
2017-12-21,MARUTI,INE585B01010,,9788.0,9817.4,9610.05,9631.05,849633,8216425577.55,0.9193399991009341,8854.209498341052
2017-12-22,MARUTI,INE585B01010,,9665.0,9824.8,9605.0,9700.0,814330,7917535052.05,0.9193399991009341,8917.59799127906
2017-12-26,MARUTI,INE585B01010,,9741.0,9765.0,9616.2,9679.0,542587,5253172153.05,0.9193399991009341,8898.291851297941
2017-12-27,MARUTI,INE585B01010,,9694.0,9750.7,9629.1,9644.1,402886,3903367073.55,0.9193399991009341,8866.206885329319
2017-12-28,MARUTI,INE585B01010,,9693.5,9693.5,9615.8,9629.2,659995,6363470665.35,0.9193399991009341,8852.508719342715
2017-12-29,MARUTI,INE585B01010,,9659.0,9769.0,9650.0,9729.55,471554,4582438133.6,0.9193399991009341,8944.764488252493
2018-01-01,MARUTI,INE585B01010,,9749.0,9789.0,9629.8,9651.9,426354,4139291259.9,0.9193399991009341,8873.377737322306
2018-01-02,MARUTI,INE585B01010,,9699.0,9718.6,9525.0,9554.05,451227,4329811183.55,0.9193399991009341,8783.420318410279
2018-01-03,MARUTI,INE585B01010,,9597.0,9598.0,9402.0,9416.6,658281,6235928501.7,0.9193399991009341,8657.057035533857
2018-01-04,MARUTI,INE585B01010,,9450.0,9488.0,9367.2,9386.25,562919,5299426703.7,0.9193399991009341,8629.155066561143
2018-01-05,MARUTI,INE585B01010,,9458.0,9532.0,9412.55,9433.85,732512,6935329131.25,0.9193399991009341,8672.915650518347
2018-01-08,MARUTI,INE585B01010,,9488.0,9495.0,9425.0,9448.95,294549,2784691187.85,0.9193399991009341,8686.797684504772
2018-01-09,MARUTI,INE585B01010,,9464.8,9491.45,9361.0,9383.55,427590,4021414257.7,0.9193399991009341,8626.67284856357
2018-01-10,MARUTI,INE585B01010,,9387.8,9454.85,9315.9,9375.85,394826,3707834529.9,0.9193399991009341,8619.593930570494
2018-01-11,MARUTI,INE585B01010,,9410.0,9430.0,9326.0,9339.8,369158,3459003400.85,0.9193399991009341,8586.451723602904
2018-01-12,MARUTI,INE585B01010,,9387.0,9494.75,9355.1,9459.15,685141,6463770956.2,0.9193399991009341,8696.174952495601
2018-01-15,MARUTI,INE585B01010,,9499.95,9508.55,9340.0,9358.45,385462,3623062630.3,0.9193399991009341,8603.597414586138
2018-01-16,MARUTI,INE585B01010,,9371.0,9408.65,9300.0,9322.05,364816,3407133763.2,0.9193399991009341,8570.133438618863
2018-01-17,MARUTI,INE585B01010,,9316.0,9368.8,9256.0,9313.9,390461,3636621749.0,0.9193399991009341,8562.64081762619
2018-01-18,MARUTI,INE585B01010,,9350.0,9518.9,9332.0,9368.7,686971,6473564967.25,0.9193399991009341,8613.020649576922
2018-01-19,MARUTI,INE585B01010,,9325.0,9396.0,9282.0,9323.95,542339,5057756683.0,0.9193399991009341,8571.880184617155
2018-01-22,MARUTI,INE585B01010,,9349.0,9356.75,9271.6,9310.1,454188,4225130878.0,0.9193399991009341,8559.147325629607
2018-01-23,MARUTI,INE585B01010,,9347.0,9429.3,9290.0,9393.4,561948,5260829481.75,0.9193399991009341,8635.728347554714
2018-01-24,MARUTI,INE585B01010,,9419.0,9519.95,9340.45,9434.95,568489,5374093001.5,0.9193399991009341,8673.926924517358
2018-01-25,MARUTI,INE585B01010,,9485.0,9485.0,9250.0,9278.2,705224,6601380856.75,0.9193399991009341,8529.820379658287
2018-01-29,MARUTI,INE585B01010,,9481.0,9714.0,9461.0,9630.7,1546624,14867796305.1,0.9193399991009341,8853.887729341366
2018-01-30,MARUTI,INE585B01010,,9620.0,9675.5,9550.0,9571.55,573988,5516606062.95,0.9193399991009341,8799.508768394546
2018-01-31,MARUTI,INE585B01010,,9558.05,9585.0,9458.9,9509.7,462650,4406304638.55,0.9193399991009341,8742.647589450155
2018-02-01,MARUTI,INE585B01010,,9545.0,9563.7,9312.0,9401.85,550971,5204971689.5,0.9193399991009341,8643.496770547117
2018-02-02,MARUTI,INE585B01010,,9359.0,9359.0,8940.0,8990.6,984189,8964408095.0,0.9193399991009341,8265.418195916858
2018-02-05,MARUTI,INE585B01010,,8850.15,9120.0,8688.0,9080.6,651062,5839460119.5,0.9193399991009341,8348.158795835943
2018-02-06,MARUTI,INE585B01010,,8700.0,9113.5,8661.6,8984.6,840339,7469648791.05,0.9193399991009341,8259.902155922253
2018-02-07,MARUTI,INE585B01010,,9170.0,9170.0,8873.0,8921.8,509440,4599947565.05,0.9193399991009341,8202.167603978713
2018-02-08,MARUTI,INE585B01010,,8988.9,9060.0,8915.0,9030.7,465683,4198736652.15,0.9193399991009341,8302.283729880806
2018-02-09,MARUTI,INE585B01010,,8906.0,8986.55,8870.0,8936.1,364892,3263478454.95,0.9193399991009341,8215.314165965858
2018-02-12,MARUTI,INE585B01010,,8960.0,9150.0,8960.0,9117.85,408523,3706443932.85,0.9193399991009341,8382.404210802453
2018-02-14,MARUTI,INE585B01010,,9149.9,9157.5,8986.0,9001.6,357737,3244507012.7,0.9193399991009341,8275.530935906969
2018-02-15,MARUTI,INE585B01010,,9049.0,9090.0,9001.0,9020.25,250781,2267579838.55,0.9193399991009341,8292.676626890201
2018-02-16,MARUTI,INE585B01010,,9039.9,9070.0,8806.85,8836.95,632659,5628202393.05,0.9193399991009341,8124.161605055
2018-02-19,MARUTI,INE585B01010,,8856.0,8865.85,8691.65,8724.85,436138,3817961734.0,0.9193399991009341,8021.103591155786
2018-02-20,MARUTI,INE585B01010,,8745.0,8768.95,8650.0,8722.65,517802,4506282849.4,0.9193399991009341,8019.081043157763
2018-02-21,MARUTI,INE585B01010,,8771.0,8795.0,8708.2,8782.75,471756,4130873219.95,0.9193399991009341,8074.333377103729
2018-02-22,MARUTI,INE585B01010,,8769.0,8769.0,8601.5,8634.05,638857,5542304256.5,0.9193399991009341,7937.62751923742
2018-02-23,MARUTI,INE585B01010,,8665.0,8738.95,8655.05,8698.8,567960,4943066141.55,0.9193399991009341,7997.154784179205
2018-02-26,MARUTI,INE585B01010,,8758.0,9055.0,8750.05,9005.35,869374,7724549757.15,0.9193399991009341,8278.978460903598
2018-02-27,MARUTI,INE585B01010,,9093.0,9114.95,8872.6,8891.2,684609,6147221395.0,0.9193399991009341,8174.035800006226
2018-02-28,MARUTI,INE585B01010,,8870.0,8934.0,8772.0,8850.95,680125,6024319219.35,0.9193399991009341,8137.032365042413
2018-03-01,MARUTI,INE585B01010,,8874.0,8936.05,8811.35,8873.45,609369,5407981971.7,0.9193399991009341,8157.717515022185
2018-03-05,MARUTI,INE585B01010,,8867.0,8867.0,8775.0,8795.1,388180,3422067060.4,0.9193399991009341,8085.687226092626
2018-03-06,MARUTI,INE585B01010,,8855.55,8885.0,8600.0,8616.5,543686,4764795688.8,0.9193399991009341,7921.493102253199
2018-03-07,MARUTI,INE585B01010,,8621.8,8713.85,8552.0,8679.1,598715,5180538685.55,0.9193399991009341,7979.043786196918
2018-03-08,MARUTI,INE585B01010,,8700.2,8775.0,8651.0,8729.35,533856,4654964405.2,0.9193399991009341,8025.240621151739
2018-03-09,MARUTI,INE585B01010,,8760.0,8774.0,8650.0,8660.6,323450,2816444505.35,0.9193399991009341,7962.03599621355
2018-03-12,MARUTI,INE585B01010,,8719.0,8826.8,8681.1,8810.3,438339,3837368675.9,0.9193399991009341,8099.661194078959
2018-03-13,MARUTI,INE585B01010,,8810.0,8848.0,8691.0,8756.05,521943,4568924440.65,0.9193399991009341,8049.786999127734
2018-03-14,MARUTI,INE585B01010,,8735.0,8874.0,8725.05,8846.3,411769,3622032545.95,0.9193399991009341,8132.757434046593
2018-03-15,MARUTI,INE585B01010,,8839.9,8875.0,8800.95,8837.55,313431,2769415105.75,0.9193399991009341,8124.713209054459
2018-03-16,MARUTI,INE585B01010,,8869.0,8869.0,8649.4,8676.55,622932,5434537851.9,0.9193399991009341,7976.6994691992095
2018-03-19,MARUTI,INE585B01010,,8711.5,8800.0,8703.55,8773.5,571830,5007090606.75,0.9193399991009341,8065.829482112045
2018-03-20,MARUTI,INE585B01010,,8764.45,8845.5,8735.0,8802.4,408924,3597733808.65,0.9193399991009341,8092.398408086062
2018-03-21,MARUTI,INE585B01010,,8839.9,8945.0,8825.05,8874.65,516020,4592755850.95,0.9193399991009341,8158.820723021105
2018-03-22,MARUTI,INE585B01010,,8870.0,8910.5,8684.4,8696.55,471749,4144668071.65,0.9193399991009341,7995.086269181228
2018-03-23,MARUTI,INE585B01010,,8612.55,8640.5,8542.1,8607.25,644482,5542448606.8,0.9193399991009341,7912.989207261515
2018-03-26,MARUTI,INE585B01010,,8607.0,8798.0,8605.0,8765.3,447858,3904102884.4,0.9193399991009341,8058.290894119417
2018-03-27,MARUTI,INE585B01010,,8815.0,8887.0,8767.15,8852.3,423455,3741602576.15,0.9193399991009341,8138.273474041199
2018-03-28,MARUTI,INE585B01010,,8812.0,9084.0,8801.0,8861.1,1194227,10670085393.1,0.9193399991009341,8146.363666033288
2018-04-02,MARUTI,INE585B01010,,8990.0,9088.0,8953.25,9008.2,552649,4986920471.95,0.9193399991009341,8281.598579901036
2018-04-03,MARUTI,INE585B01010,,9008.95,9060.0,8955.0,9026.45,339709,3059925390.95,0.9193399991009341,8298.376534884628
2018-04-04,MARUTI,INE585B01010,,9078.0,9149.4,8980.6,9013.5,488280,4434013857.05,0.9193399991009341,8286.47108189627
2018-04-05,MARUTI,INE585B01010,,9050.0,9157.65,9050.0,9132.6,236956,2159356649.75,0.9193399991009341,8395.964475789191
2018-04-06,MARUTI,INE585B01010,,9165.0,9230.0,9042.55,9206.2,429514,3917129893.85,0.9193399991009341,8463.62789972302
2018-04-09,MARUTI,INE585B01010,,9220.0,9308.15,9184.7,9292.65,426170,3952690359.4,0.9193399991009341,8543.104842645294
2018-04-10,MARUTI,INE585B01010,,9290.0,9315.45,9239.0,9273.45,299119,2774912786.35,0.9193399991009341,8525.453514662559
2018-04-11,MARUTI,INE585B01010,,9290.0,9350.0,9208.55,9302.5,318010,2954131698.8,0.9193399991009341,8552.16034163644
2018-04-12,MARUTI,INE585B01010,,9290.0,9290.0,9181.1,9204.45,300797,2776281391.05,0.9193399991009341,8462.019054724593
2018-04-13,MARUTI,INE585B01010,,9267.0,9267.0,9106.25,9123.95,366224,3357678882.2,0.9193399991009341,8388.012184796968
2018-04-16,MARUTI,INE585B01010,,9100.0,9245.0,9065.0,9232.0,271057,2488190156.7,0.9193399991009341,8487.346871699823
2018-04-17,MARUTI,INE585B01010,,9241.0,9242.0,9137.55,9160.35,342578,3141131142.0,0.9193399991009341,8421.476160764241
2018-04-18,MARUTI,INE585B01010,,9178.0,9227.45,9095.9,9121.5,452854,4154326778.75,0.9193399991009341,8385.759801799171
2018-04-19,MARUTI,INE585B01010,,9144.0,9183.75,9068.0,9077.65,256088,2333833562.6,0.9193399991009341,8345.446742838594
2018-04-20,MARUTI,INE585B01010,,9082.0,9108.15,9012.95,9025.0,303913,2749757415.7,0.9193399991009341,8297.04349188593
2018-04-23,MARUTI,INE585B01010,,9039.9,9125.0,9005.95,9064.85,302205,2742656125.3,0.9193399991009341,8333.679190850104
2018-04-24,MARUTI,INE585B01010,,9095.0,9142.55,9031.0,9064.65,312103,2835079955.85,0.9193399991009341,8333.495322850282
2018-04-25,MARUTI,INE585B01010,,9059.0,9068.8,8908.0,8934.6,488641,4382438065.8,0.9193399991009341,8213.935155967207
2018-04-26,MARUTI,INE585B01010,,8949.0,8981.0,8890.0,8946.45,614321,5490346542.1,0.9193399991009341,8224.829334956552
2018-04-27,MARUTI,INE585B01010,,9015.0,9137.0,8715.1,8783.35,1873816,16708770706.55,0.9193399991009341,8074.88498110319
2018-04-30,MARUTI,INE585B01010,,8790.0,8904.2,8760.3,8814.95,497504,4386065721.25,0.9193399991009341,8103.93612507478
2018-05-02,MARUTI,INE585B01010,,8915.0,8998.0,8725.0,8744.5,806846,7144666042.65,0.9193399991009341,8039.168622138119
2018-05-03,MARUTI,INE585B01010,,8765.0,8799.0,8700.0,8755.95,406825,3554968621.05,0.9193399991009341,8049.695065127825
2018-05-04,MARUTI,INE585B01010,,8784.0,8790.0,8665.0,8678.2,490244,4264408377.6,0.9193399991009341,7978.216380197727
2018-05-07,MARUTI,INE585B01010,,8693.0,8770.0,8660.0,8743.7,342702,2987524031.25,0.9193399991009341,8038.433150138838
2018-05-08,MARUTI,INE585B01010,,8785.0,8806.2,8690.0,8775.2,404969,3549534588.5,0.9193399991009341,8067.392360110518
2018-05-09,MARUTI,INE585B01010,,8795.0,8795.0,8705.0,8718.35,314057,2740676243.95,0.9193399991009341,8015.127881161629
2018-05-10,MARUTI,INE585B01010,,8758.0,8758.0,8690.0,8704.95,298598,2601619415.45,0.9193399991009341,8002.808725173677
2018-05-11,MARUTI,INE585B01010,,8738.0,8765.0,8702.05,8750.3,264405,2308265686.65,0.9193399991009341,8044.500794132903
2018-05-14,MARUTI,INE585B01010,,8751.0,8760.0,8688.1,8707.0,276620,2411424056.1,0.9193399991009341,8004.693372171833
2018-05-15,MARUTI,INE585B01010,,8725.0,8750.35,8639.0,8726.6,506107,4412846810.9,0.9193399991009341,8022.712436154212
2018-05-16,MARUTI,INE585B01010,,8675.0,8733.45,8675.0,8695.6,288597,2512241648.45,0.9193399991009341,7994.212896182083
2018-05-17,MARUTI,INE585B01010,,8725.0,8766.45,8661.2,8697.5,379606,3312461898.35,0.9193399991009341,7995.959642180374
2018-05-18,MARUTI,INE585B01010,,8700.8,8725.0,8496.0,8510.95,603507,5182421772.5,0.9193399991009341,7824.456765348096
2018-05-21,MARUTI,INE585B01010,,8518.0,8524.8,8255.5,8428.5,872463,7311434968.9,0.9193399991009341,7748.657182422223
2018-05-22,MARUTI,INE585B01010,,8416.0,8586.4,8371.25,8560.65,410467,3492656122.4,0.9193399991009341,7870.147963303411
2018-05-23,MARUTI,INE585B01010,,8560.0,8564.8,8458.2,8497.4,399631,3398583196.9,0.9193399991009341,7811.9997083602775
2018-05-24,MARUTI,INE585B01010,,8500.1,8518.3,8400.0,8410.75,292331,2464616797.3,0.9193399991009341,7732.338897438181
2018-05-25,MARUTI,INE585B01010,,8412.0,8574.0,8395.15,8548.15,519151,4406518426.05,0.9193399991009341,7858.65621331465
2018-05-28,MARUTI,INE585B01010,,8560.0,8785.0,8555.1,8709.3,446264,3882802865.5,0.9193399991009341,8006.807854169765
2018-05-29,MARUTI,INE585B01010,,8718.0,8840.0,8680.0,8714.9,665121,5837092839.75,0.9193399991009341,8011.95615816473
2018-05-30,MARUTI,INE585B01010,,8669.0,8669.0,8572.85,8588.2,508262,4373033452.95,0.9193399991009341,7895.4757802786435
2018-05-31,MARUTI,INE585B01010,,8639.0,8639.1,8515.9,8537.2,679959,5813733680.95,0.9193399991009341,7848.589440324496
2018-06-01,MARUTI,INE585B01010,,8610.0,8848.4,8590.05,8808.85,1002010,8769949766.5,0.9193399991009341,8098.3281510802635
2018-06-04,MARUTI,INE585B01010,,8840.0,8840.0,8726.05,8749.85,380690,3335912407.8,0.9193399991009341,8044.087091133309
2018-06-05,MARUTI,INE585B01010,,8750.0,8830.0,8680.0,8810.4,400886,3520921844.4,0.9193399991009341,8099.75312807887
2018-06-06,MARUTI,INE585B01010,,8829.0,8870.0,8810.0,8842.35,328784,2908253790.8,0.9193399991009341,8129.126041050145
2018-06-07,MARUTI,INE585B01010,,8874.0,8934.8,8865.0,8911.25,267961,2386874831.15,0.9193399991009341,8192.468566988198
2018-06-08,MARUTI,INE585B01010,,8894.0,8950.0,8871.0,8932.45,287823,2564428591.35,0.9193399991009341,8211.95857496914
2018-06-11,MARUTI,INE585B01010,,8960.0,9046.0,8921.5,9022.65,337828,3038766590.95,0.9193399991009341,8294.883042888043
2018-06-12,MARUTI,INE585B01010,,9039.0,9065.0,8955.0,9016.75,343452,3099471196.05,0.9193399991009341,8289.458936893348
2018-06-13,MARUTI,INE585B01010,,9030.0,9094.95,8943.0,8967.35,369407,3340435062.7,0.9193399991009341,8244.043540937762
2018-06-14,MARUTI,INE585B01010,,8932.05,9019.95,8908.0,8958.0,269078,2410133955.85,0.9193399991009341,8235.447711946168
2018-06-15,MARUTI,INE585B01010,,8995.0,8995.0,8901.0,8951.6,496572,4439377719.3,0.9193399991009341,8229.563935951923
2018-06-18,MARUTI,INE585B01010,,8947.5,9050.4,8937.95,8973.45,305144,2748134825.9,0.9193399991009341,8249.651514932279
2018-06-19,MARUTI,INE585B01010,,8970.0,8984.8,8820.05,8862.6,350407,3112883419.95,0.9193399991009341,8147.742676031939
2018-06-20,MARUTI,INE585B01010,,8873.0,8970.0,8863.0,8948.3,325981,2909814170.9,0.9193399991009341,8226.530113954888
2018-06-21,MARUTI,INE585B01010,,8978.0,8986.0,8852.95,8863.05,313349,2785748276.9,0.9193399991009341,8148.156379031533
2018-06-22,MARUTI,INE585B01010,,8865.0,8887.0,8810.0,8874.9,319027,2823231340.05,0.9193399991009341,8159.05055802088
2018-06-25,MARUTI,INE585B01010,,8869.0,8869.0,8780.0,8793.0,254954,2245760061.7,0.9193399991009341,8083.756612094514
2018-06-26,MARUTI,INE585B01010,,8793.0,8985.35,8750.0,8931.35,387769,3449127473.75,0.9193399991009341,8210.947300970129
2018-06-27,MARUTI,INE585B01010,,8935.95,9012.0,8873.0,8898.3,501622,4486650022.05,0.9193399991009341,8180.563113999841
2018-06-28,MARUTI,INE585B01010,,8892.0,8894.05,8735.05,8771.3,376404,3323533134.4,0.9193399991009341,8063.806934114023
2018-06-29,MARUTI,INE585B01010,,8750.3,8900.0,8750.3,8825.6,458807,4050760567.45,0.9193399991009341,8113.727096065204
2018-07-02,MARUTI,INE585B01010,,8878.0,8935.0,8800.05,8821.05,298529,2642901128.7,0.9193399991009341,8109.544099069294
2018-07-03,MARUTI,INE585B01010,,8825.0,8995.0,8750.0,8975.15,375718,3352689812.95,0.9193399991009341,8251.214392930748
2018-07-04,MARUTI,INE585B01010,,9014.0,9249.25,8952.5,9220.8,656141,5979721222.6,0.9193399991009341,8477.050263709893
2018-07-05,MARUTI,INE585B01010,,9228.0,9395.0,9225.75,9347.05,887919,8270217041.75,0.9193399991009341,8593.116938596386
2018-07-06,MARUTI,INE585B01010,,9315.0,9413.95,9260.0,9317.5,508241,4756210487.45,0.9193399991009341,8565.950441622954
2018-07-09,MARUTI,INE585B01010,,9395.0,9419.85,9350.0,9374.9,331872,3114225789.6,0.9193399991009341,8618.720557571347
2018-07-10,MARUTI,INE585B01010,,9380.0,9545.9,9380.0,9531.0,485745,4604803092.75,0.9193399991009341,8762.229531431003
2018-07-11,MARUTI,INE585B01010,,9529.0,9529.35,9361.0,9384.7,328446,3101782445.75,0.9193399991009341,8627.730089562538
2018-07-12,MARUTI,INE585B01010,,9448.0,9508.0,9325.25,9347.0,336960,3175370321.0,0.9193399991009341,8593.070971596431
2018-07-13,MARUTI,INE585B01010,,9408.0,9495.0,9362.25,9431.05,511150,4820987998.4,0.9193399991009341,8670.341498520864
2018-07-16,MARUTI,INE585B01010,,9429.0,9498.9,9355.0,9385.3,216426,2039199756.65,0.9193399991009341,8628.281693561996
2018-07-17,MARUTI,INE585B01010,,9351.15,9479.7,9347.0,9445.4,457123,4302905448.3,0.9193399991009341,8683.534027507963
2018-07-18,MARUTI,INE585B01010,,9482.3,9534.0,9296.9,9366.8,430624,4058630035.2,0.9193399991009341,8611.273903578629
2018-07-19,MARUTI,INE585B01010,,9408.0,9434.0,9350.0,9389.1,199983,1879204115.8,0.9193399991009341,8631.775185558581
2018-07-20,MARUTI,INE585B01010,,9392.0,9464.0,9335.0,9398.95,272916,2568797344.7,0.9193399991009341,8640.830684549725
2018-07-23,MARUTI,INE585B01010,,9448.0,9750.0,9372.0,9701.0,607813,5824690783.9,0.9193399991009341,8918.517331278163
2018-07-24,MARUTI,INE585B01010,,9778.0,9929.0,9725.0,9832.45,749626,7384534260.35,0.9193399991009341,9039.36457415998
2018-07-25,MARUTI,INE585B01010,,9853.0,9875.85,9701.0,9758.95,384750,3759314567.95,0.9193399991009341,8971.793084226061
2018-07-26,MARUTI,INE585B01010,,9819.8,9831.7,9361.0,9396.25,1261317,11995230624.35,0.9193399991009341,8638.348466552152
2018-07-27,MARUTI,INE585B01010,,9402.0,9442.2,9290.0,9310.4,672141,6288400289.3,0.9193399991009341,8559.423127629336
2018-07-30,MARUTI,INE585B01010,,9320.0,9404.5,9233.0,9381.9,539464,5024665757.6,0.9193399991009341,8625.155937565054
2018-07-31,MARUTI,INE585B01010,,9400.0,9548.85,9355.0,9520.55,426388,4040440867.0,0.9193399991009341,8752.622428440398
2018-08-01,MARUTI,INE585B01010,,9535.0,9587.75,9300.0,9341.6,700719,6571840183.1,0.9193399991009341,8588.106535601286
2018-08-02,MARUTI,INE585B01010,,9327.0,9327.0,9120.0,9142.4,875157,8036853056.25,0.9193399991009341,8404.97400778038
2018-08-03,MARUTI,INE585B01010,,9150.0,9230.0,9150.0,9187.0,470958,4328450900.75,0.9193399991009341,8445.976571740282
2018-08-06,MARUTI,INE585B01010,,9247.5,9300.0,9200.0,9286.4,237693,2203630186.75,0.9193399991009341,8537.358967650915
2018-08-07,MARUTI,INE585B01010,,9316.0,9420.0,9271.0,9411.5,381993,3572792629.85,0.9193399991009341,8652.36840153844
2018-08-08,MARUTI,INE585B01010,,9449.0,9449.0,9183.05,9207.4,638498,5933983086.6,0.9193399991009341,8464.73110772194
2018-08-09,MARUTI,INE585B01010,,9239.0,9239.0,9060.0,9146.05,651728,5949637962.85,0.9193399991009341,8408.329598777098
2018-08-10,MARUTI,INE585B01010,,9150.0,9210.0,9105.0,9148.25,427827,3919031429.3,0.9193399991009341,8410.35214677512
2018-08-13,MARUTI,INE585B01010,,9119.45,9185.0,9012.2,9080.85,348201,3175074577.65,0.9193399991009341,8348.388630835718
2018-08-14,MARUTI,INE585B01010,,9079.0,9158.8,9046.25,9132.6,344056,3135562091.85,0.9275111384853338,8470.58822333116
2018-08-16,MARUTI,INE585B01010,,9124.0,9235.95,9085.0,9200.55,465479,4275741566.55,0.9275111384853338,8533.612605191238
2018-08-17,MARUTI,INE585B01010,,9243.0,9286.5,9130.0,9152.1,477538,4400297534.15,0.9275111384853338,8488.674690531625
2018-08-20,MARUTI,INE585B01010,,9170.7,9217.8,9062.0,9074.35,449317,4091890845.85,0.9275111384853338,8416.56069951439
2018-08-21,MARUTI,INE585B01010,,9110.0,9130.0,9050.4,9113.3,380824,3464218300.9,0.9275111384853338,8452.687258358392
2018-08-23,MARUTI,INE585B01010,,9145.0,9256.0,9100.1,9223.3,751705,6903705046.15,0.9275111384853338,8554.713483591779
2018-08-24,MARUTI,INE585B01010,,9240.0,9279.9,9142.1,9163.8,401110,3690976213.1,0.9275111384853338,8499.526570851902
2018-08-27,MARUTI,INE585B01010,,9209.0,9274.0,9200.0,9245.25,326945,3023339810.95,0.9275111384853338,8575.072353081532
2018-08-28,MARUTI,INE585B01010,,9277.55,9446.5,9215.0,9427.95,684054,6412101534.8,0.9275111384853338,8744.528638082804
2018-08-29,MARUTI,INE585B01010,,9421.0,9468.3,9339.65,9368.1,433440,4073155249.7,0.9275111384853338,8689.017096444457
2018-08-30,MARUTI,INE585B01010,,9370.0,9370.0,9182.65,9205.8,674292,6246546645.2,0.9275111384853338,8538.482038668286
2018-08-31,MARUTI,INE585B01010,,9208.0,9255.0,9080.3,9096.4,634522,5805757420.15,0.9275111384853338,8437.01232011799
2018-09-03,MARUTI,INE585B01010,,9100.0,9118.95,8875.0,8902.15,992161,8905677307.2,0.9275111384853338,8256.843281467214
2018-09-04,MARUTI,INE585B01010,,8912.0,8999.0,8835.45,8868.5,530967,4733116695.35,0.9275111384853338,8225.632531657184
2018-09-05,MARUTI,INE585B01010,,8871.0,8950.0,8790.6,8896.1,491163,4346599744.35,0.9275111384853338,8251.231839079379
2018-09-06,MARUTI,INE585B01010,,8967.7,8967.7,8741.0,8759.85,687535,6048435827.85,0.9275111384853338,8124.858446460752
2018-09-07,MARUTI,INE585B01010,,8775.0,8789.0,8634.25,8719.2,636918,5552108857.05,0.9275111384853338,8087.155118681323
2018-09-10,MARUTI,INE585B01010,,8700.0,8750.0,8625.0,8639.4,577299,4999612605.3,0.9275111384853338,8013.139729830193
2018-09-11,MARUTI,INE585B01010,,8668.0,8699.9,8479.6,8517.05,552622,4743582215.15,0.9275111384853338,7899.658742036512
2018-09-12,MARUTI,INE585B01010,,8539.0,8539.0,8401.0,8493.95,634678,5378278314.0,0.9275111384853338,7878.233234737502
2018-09-14,MARUTI,INE585B01010,,8593.0,8700.0,8580.35,8626.7,754169,6524093706.35,0.9275111384853338,8001.36033837143
2018-09-17,MARUTI,INE585B01010,,8587.0,8659.7,8517.0,8537.8,422191,3618924481.7,0.9275111384853338,7918.904598160083
2018-09-18,MARUTI,INE585B01010,,8537.7,8596.5,8380.2,8399.15,507455,4303137820.45,0.9275111384853338,7790.305178809092
2018-09-19,MARUTI,INE585B01010,,8425.5,8448.4,8191.05,8210.35,959340,7957128662.95,0.9275111384853338,7615.191075863061
2018-09-21,MARUTI,INE585B01010,,8260.0,8325.0,7599.65,8040.15,1646047,13343010403.2,0.9275111384853338,7457.328680092856
2018-09-24,MARUTI,INE585B01010,,8070.0,8070.0,7590.7,7793.05,1801469,13973286680.35,0.9275111384853338,7228.140677773131
2018-09-25,MARUTI,INE585B01010,,7750.0,8018.25,7680.0,7999.45,1159438,9159291584.6,0.9275111384853338,7419.578976756504
2018-09-26,MARUTI,INE585B01010,,8075.0,8089.9,7822.55,7842.55,754963,5966663079.8,0.9275111384853338,7274.052479128155
2018-09-27,MARUTI,INE585B01010,,7850.0,7878.0,7510.2,7553.05,1594739,12169245444.3,0.9275111384853338,7005.538004536651
2018-09-28,MARUTI,INE585B01010,,7620.0,7648.2,7292.65,7347.95,1413254,10512062542.95,0.9275111384853338,6815.305470033309
2018-10-01,MARUTI,INE585B01010,,7354.0,7485.0,7206.0,7463.95,1034603,7603819539.55,0.9275111384853338,6922.896762097607
2018-10-03,MARUTI,INE585B01010,,7400.0,7410.7,7211.0,7246.0,1148091,8374496827.45,0.9275111384853338,6720.745709464729
2018-10-04,MARUTI,INE585B01010,,7150.0,7288.0,7021.0,7198.75,1104174,7925874609.25,0.9275111384853338,6676.920808171297
2018-10-05,MARUTI,INE585B01010,,7054.8,7220.0,6801.85,6904.35,1481376,10418136537.6,0.9275111384853338,6403.861529001215
2018-10-08,MARUTI,INE585B01010,,6915.0,6989.0,6774.25,6889.75,1393849,9611312576.3,0.9275111384853338,6390.319866379329
2018-10-09,MARUTI,INE585B01010,,6819.75,6940.0,6661.0,6699.45,1079041,7330430274.5,0.9275111384853338,6213.814496725569
2018-10-10,MARUTI,INE585B01010,,6748.0,7050.0,6723.25,6985.85,1162309,8070302445.8,0.9275111384853338,6479.45368678777
2018-10-11,MARUTI,INE585B01010,,6800.0,6950.0,6705.2,6875.5,869569,5948409775.9,0.9275111384853338,6377.102832655913
2018-10-12,MARUTI,INE585B01010,,6950.0,7326.0,6950.0,7287.2,1053651,7589082389.55,0.9275111384853338,6758.959168370325
2018-10-15,MARUTI,INE585B01010,,7320.0,7340.0,7126.05,7182.0,682234,4909845694.8,0.9275111384853338,6661.384996601668
2018-10-16,MARUTI,INE585B01010,,7214.0,7278.0,7123.8,7150.9,637012,4587748717.3,0.9275111384853338,6632.539400194773
2018-10-17,MARUTI,INE585B01010,,7237.65,7245.0,6853.45,6885.6,1021019,7150719634.25,0.9275111384853338,6386.470695154615
2018-10-19,MARUTI,INE585B01010,,6830.0,6965.0,6715.5,6756.45,903940,6154829122.4,0.9275111384853338,6266.682631619234
2018-10-22,MARUTI,INE585B01010,,6818.0,6905.0,6722.05,6812.2,774016,5285012306.1,0.9275111384853338,6318.391377589791
2018-10-23,MARUTI,INE585B01010,,6779.0,6857.0,6666.0,6771.3,734440,4965990372.5,0.9275111384853338,6280.456172025742
2018-10-24,MARUTI,INE585B01010,,6850.0,6885.0,6690.0,6768.3,681526,4613678882.85,0.9275111384853338,6277.673638610285
2018-10-25,MARUTI,INE585B01010,,6700.0,6853.7,6620.2,6723.2,2101936,14115967044.9,0.9275111384853338,6235.842886264596
2018-10-26,MARUTI,INE585B01010,,6750.0,6795.0,6500.0,6717.3,874526,5868056515.7,0.9275111384853338,6230.370570547533
2018-10-29,MARUTI,INE585B01010,,6722.0,6810.0,6691.05,6798.7,505428,3415675984.45,0.9275111384853338,6305.869977220239
2018-10-30,MARUTI,INE585B01010,,6798.0,6868.95,6675.2,6697.0,771389,5228095858.15,0.9275111384853338,6211.54209443628
2018-10-31,MARUTI,INE585B01010,,6760.0,6760.0,6500.0,6616.4,1315746,8667803735.7,0.9275111384853338,6136.784696674363
2018-11-01,MARUTI,INE585B01010,,6648.95,6739.95,6600.0,6711.75,842039,5625656731.95,0.9275111384853338,6225.222883728939
2018-11-02,MARUTI,INE585B01010,,6769.8,7159.0,6750.05,7135.45,1834118,12861783274.75,0.9275111384853338,6618.209353105175
2018-11-05,MARUTI,INE585B01010,,7138.0,7254.7,7060.05,7177.25,1040315,7477343532.5,0.9275111384853338,6656.979318693862
2018-11-06,MARUTI,INE585B01010,,7195.0,7238.0,7050.0,7075.0,667413,4759685186.85,0.9275111384853338,6562.141304783737
2018-11-09,MARUTI,INE585B01010,,7130.0,7315.0,7040.85,7283.5,986090,7134800150.0,0.9275111384853338,6755.527377157929
2018-11-12,MARUTI,INE585B01010,,7300.0,7352.5,7052.0,7087.8,687443,4945417990.6,0.9275111384853338,6574.013447356349
2018-11-13,MARUTI,INE585B01010,,7049.95,7168.75,7021.0,7150.45,572295,4073044268.9,0.9275111384853338,6632.122020182455
2018-11-14,MARUTI,INE585B01010,,7180.1,7409.0,7180.1,7369.05,1112945,8124599471.15,0.9275111384853338,6834.87595505535
2018-11-15,MARUTI,INE585B01010,,7378.9,7515.1,7333.55,7478.3,1048278,7814741020.1,0.9275111384853338,6936.206546934873
2018-11-16,MARUTI,INE585B01010,,7500.0,7544.05,7302.55,7341.2,806420,5986049737.6,0.9275111384853338,6809.044769848532
2018-11-19,MARUTI,INE585B01010,,7360.0,7449.0,7290.0,7411.65,577408,4247982872.25,0.9275111384853338,6874.387929554824
2018-11-20,MARUTI,INE585B01010,,7411.65,7444.5,7311.65,7333.95,637243,4699286893.65,0.9275111384853338,6802.320314094514
2018-11-21,MARUTI,INE585B01010,,7340.0,7466.0,7331.5,7424.5,701156,5184621116.15,0.9275111384853338,6886.306447684361
2018-11-22,MARUTI,INE585B01010,,7393.95,7480.0,7361.2,7411.1,668352,4963962368.85,0.9275111384853338,6873.877798428658
2018-11-26,MARUTI,INE585B01010,,7425.0,7577.75,7387.3,7554.7,899481,6739526984.3,0.9275111384853338,7007.068397915152
2018-11-27,MARUTI,INE585B01010,,7570.0,7657.8,7500.75,7647.6,783389,5949540660.2,0.9275111384853338,7093.2341826804395
2018-11-28,MARUTI,INE585B01010,,7658.0,7680.5,7549.6,7574.2,686734,5227477889.45,0.9275111384853338,7025.154865115615
2018-11-29,MARUTI,INE585B01010,,7613.0,7642.0,7531.0,7546.75,725583,5498794474.3,0.9275111384853338,6999.694684364194
2018-11-30,MARUTI,INE585B01010,,7574.0,7727.0,7570.05,7661.6,869715,6667108302.9,0.9275111384853338,7106.219338619234
2018-12-03,MARUTI,INE585B01010,,7688.5,7800.0,7630.1,7779.95,772869,5962508014.65,0.9275111384853338,7215.990281858973
2018-12-04,MARUTI,INE585B01010,,7780.0,7784.95,7701.0,7721.65,551195,4260896474.6,0.9275111384853338,7161.916382485278
2018-12-05,MARUTI,INE585B01010,,7696.7,7739.9,7520.0,7554.05,704296,5380436339.15,0.9275111384853338,7006.465515675136
2018-12-06,MARUTI,INE585B01010,,7450.05,7486.3,7180.0,7209.7,1339030,9745230364.85,0.9275111384853338,6687.077055137711
2018-12-07,MARUTI,INE585B01010,,7244.0,7349.95,7201.0,7313.95,688881,5020610745.6,0.9275111384853338,6783.770091324807
2018-12-10,MARUTI,INE585B01010,,7200.0,7395.0,7170.0,7350.5,785024,5742450933.3,0.9275111384853338,6817.6706234364465
2018-12-11,MARUTI,INE585B01010,,7240.5,7346.0,7215.55,7305.35,843166,6139420477.95,0.9275111384853338,6775.793495533834
2018-12-12,MARUTI,INE585B01010,,7340.0,7507.3,7295.0,7471.85,643037,4794103557.5,0.9275111384853338,6930.224100091642
2018-12-13,MARUTI,INE585B01010,,7477.5,7700.0,7477.5,7670.5,881204,6717237950.0,0.9275111384853338,7114.474187751754
2018-12-14,MARUTI,INE585B01010,,7684.0,7690.0,7545.95,7662.15,676653,5151871526.7,0.9275111384853338,7106.7294697454
2018-12-17,MARUTI,INE585B01010,,7691.9,7800.0,7650.0,7734.05,712296,5512638446.4,0.9275111384853338,7173.417520602497
2018-12-18,MARUTI,INE585B01010,,7710.0,7785.0,7655.0,7772.35,658919,5095320404.95,0.9275111384853338,7208.9411972064845
2018-12-19,MARUTI,INE585B01010,,7781.0,7949.75,7781.0,7936.0,856358,6753241146.05,0.9275111384853338,7360.72839501961
2018-12-20,MARUTI,INE585B01010,,7850.0,7919.0,7763.65,7807.05,824303,6467070333.1,0.9275111384853338,7241.125833711926
2018-12-21,MARUTI,INE585B01010,,7830.0,7835.0,7515.0,7536.3,1257227,9578152697.9,0.9275111384853338,6990.002192967022
2018-12-24,MARUTI,INE585B01010,,7560.0,7595.65,7470.0,7529.15,611297,4605394253.1,0.9275111384853338,6983.370488326851
2018-12-26,MARUTI,INE585B01010,,7488.0,7600.0,7402.0,7569.1,594156,4460533827.7,0.9275111384853338,7020.424558309341
2018-12-27,MARUTI,INE585B01010,,7649.0,7668.85,7479.3,7499.95,704523,5337216115.2,0.9275111384853338,6956.28716308308
2018-12-28,MARUTI,INE585B01010,,7548.0,7580.0,7490.0,7505.55,616845,4644327086.45,0.9275111384853338,6961.481225458598
2018-12-31,MARUTI,INE585B01010,,7550.0,7572.75,7443.1,7465.5,547975,4119101631.5,0.9275111384853338,6924.33440436226
2019-01-01,MARUTI,INE585B01010,,7449.75,7494.0,7395.0,7476.8,625360,4655079100.35,0.9275111384853338,6934.815280227144
2019-01-02,MARUTI,INE585B01010,,7445.0,7460.0,7244.0,7267.85,891844,6544620434.9,0.9275111384853338,6741.0118278406335
2019-01-03,MARUTI,INE585B01010,,7280.0,7350.0,7185.6,7203.95,715168,5200678866.4,0.9275111384853338,6681.74386609142
2019-01-04,MARUTI,INE585B01010,,7239.0,7309.0,7161.2,7234.5,774445,5604532562.9,0.9275111384853338,6710.079331372148
2019-01-07,MARUTI,INE585B01010,,7310.0,7407.0,7300.0,7362.05,687845,5063034150.55,0.9275111384853338,6828.383377085952
2019-01-08,MARUTI,INE585B01010,,7380.0,7454.8,7322.1,7439.5,516841,3824910448.4,0.9275111384853338,6900.219114761641
2019-01-09,MARUTI,INE585B01010,,7460.5,7529.0,7414.0,7492.9,740580,5547404597.15,0.9275111384853338,6949.7482095567575
2019-01-10,MARUTI,INE585B01010,,7500.0,7511.0,7360.15,7391.6,452699,3370045089.95,0.9275111384853338,6855.791331228194
2019-01-11,MARUTI,INE585B01010,,7382.7,7400.0,7282.0,7320.5,488399,3580950024.2,0.9275111384853338,6789.845289281887
2019-01-14,MARUTI,INE585B01010,,7330.0,7433.35,7257.0,7408.7,424152,3111915153.25,0.9275111384853338,6871.651771696293
2019-01-15,MARUTI,INE585B01010,,7430.0,7470.0,7317.0,7355.15,491196,3625628249.45,0.9275111384853338,6821.983550230403
2019-01-16,MARUTI,INE585B01010,,7349.5,7384.0,7291.1,7310.25,424769,3113143898.7,0.9275111384853338,6780.338300112412
2019-01-17,MARUTI,INE585B01010,,7339.0,7398.95,7307.5,7336.25,462725,3402392796.55,0.9275111384853338,6804.45358971303
2019-01-18,MARUTI,INE585B01010,,7345.0,7379.95,7318.0,7357.95,334555,2459232487.0,0.9275111384853338,6824.580581418162
2019-01-21,MARUTI,INE585B01010,,7358.0,7380.0,7161.0,7208.4,654537,4756431916.75,0.9275111384853338,6685.87129065768
2019-01-22,MARUTI,INE585B01010,,7180.0,7180.0,7054.5,7068.85,896521,6361244400.55,0.9275111384853338,6556.437111282053
2019-01-23,MARUTI,INE585B01010,,7050.0,7132.25,7025.0,7045.4,702474,4963030699.6,0.9275111384853338,6534.686975084571
2019-01-24,MARUTI,INE585B01010,,7059.9,7098.0,7014.4,7040.6,520703,3675424081.6,0.9275111384853338,6530.234921619842
2019-01-25,MARUTI,INE585B01010,,7054.0,7133.0,6410.0,6513.4,3062762,20482145241.7,0.9275111384853338,6041.2510494103735
2019-01-28,MARUTI,INE585B01010,,6512.5,6610.0,6317.7,6511.05,2398091,15499707388.9,0.9275111384853338,6039.071398234933
2019-01-29,MARUTI,INE585B01010,,6480.0,6619.15,6447.4,6526.95,1101399,7201712458.35,0.9275111384853338,6053.81882533685
2019-01-30,MARUTI,INE585B01010,,6559.0,6588.0,6508.0,6548.25,583773,3819371533.7,0.9275111384853338,6073.5748125865875
2019-01-31,MARUTI,INE585B01010,,6575.0,6660.05,6460.05,6641.15,926270,6066027944.5,0.9275111384853338,6159.740597351874
2019-02-01,MARUTI,INE585B01010,,6679.0,7204.0,6652.55,6962.3,2545419,17693698166.8,0.9275111384853338,6457.61079947644
2019-02-04,MARUTI,INE585B01010,,6975.0,7039.0,6851.65,6988.2,658776,4581605508.05,0.9275111384853338,6481.63333796321
2019-02-05,MARUTI,INE585B01010,,6995.0,7125.0,6985.4,7093.6,681498,4811121560.2,0.9275111384853338,6579.393011959564
2019-02-06,MARUTI,INE585B01010,,7120.0,7220.0,7067.0,7183.4,567827,4054652959.75,0.9275111384853338,6662.683512195546
2019-02-07,MARUTI,INE585B01010,,7201.0,7320.0,7185.1,7302.55,690174,5019153995.3,0.9275111384853338,6773.196464346075
2019-02-08,MARUTI,INE585B01010,,7270.0,7300.0,7100.0,7134.25,576159,4143378212.1,0.9275111384853338,6617.096339738993
2019-02-11,MARUTI,INE585B01010,,7150.0,7209.95,7051.1,7177.9,502244,3582669583.6,0.9275111384853338,6657.582200933877
2019-02-12,MARUTI,INE585B01010,,7193.0,7230.0,7127.95,7162.5,494592,3555609756.8,0.9275111384853338,6643.298529401203
2019-02-13,MARUTI,INE585B01010,,7157.0,7165.0,6994.35,7028.25,563690,3992525118.35,0.9275111384853338,6518.780159059547
2019-02-14,MARUTI,INE585B01010,,7036.7,7111.2,6990.0,7017.5,622311,4381258068.75,0.9275111384853338,6508.80941432083
2019-02-15,MARUTI,INE585B01010,,7027.4,7058.7,6900.0,6930.05,768798,5360092163.5,0.9275111384853338,6427.698565260288
2019-02-18,MARUTI,INE585B01010,,6964.7,6997.8,6817.0,6842.7,509963,3507046836.7,0.9275111384853338,6346.680467313594
2019-02-19,MARUTI,INE585B01010,,6855.0,6915.9,6771.0,6804.55,493861,3391320281.95,0.9275111384853338,6311.295917380378
2019-02-20,MARUTI,INE585B01010,,6842.0,6888.0,6804.4,6849.9,534284,3656818737.95,0.9275111384853338,6353.358547510688
2019-02-21,MARUTI,INE585B01010,,6868.95,6879.65,6715.0,6801.55,722938,4901379180.85,0.9275111384853338,6308.5133839649225
2019-02-22,MARUTI,INE585B01010,,6827.0,6939.0,6819.05,6912.4,764535,5275220020.0,0.9275111384853338,6411.327993666021
2019-02-25,MARUTI,INE585B01010,,6948.0,6984.9,6870.05,6924.9,495728,3433518426.2,0.9275111384853338,6422.921882897088
2019-02-26,MARUTI,INE585B01010,,6885.0,6975.0,6812.6,6904.3,673415,4643695673.4,0.9275111384853338,6403.81515344429
2019-02-27,MARUTI,INE585B01010,,6943.0,7048.0,6853.2,6968.5,961829,6694636021.55,0.9275111384853338,6463.361368535049
2019-02-28,MARUTI,INE585B01010,,7010.0,7040.0,6801.0,6829.7,1031563,7098685243.8,0.9275111384853338,6334.6228225132845
2019-03-01,MARUTI,INE585B01010,,6876.8,6950.0,6827.25,6935.15,768822,5300920300.5,0.9275111384853338,6432.428872066563
2019-03-05,MARUTI,INE585B01010,,6950.0,7158.15,6894.45,7117.75,838538,5904042757.9,0.9275111384853338,6601.792405953985
2019-03-06,MARUTI,INE585B01010,,7137.85,7144.9,7010.0,7056.9,557197,3940379306.1,0.9275111384853338,6545.353353177152
2019-03-07,MARUTI,INE585B01010,,7078.0,7092.5,7002.0,7029.05,396771,2791820856.35,0.9275111384853338,6519.522167970336
2019-03-08,MARUTI,INE585B01010,,6975.0,7025.0,6951.0,6967.7,486432,3399088644.55,0.9275111384853338,6462.61935962426
2019-03-11,MARUTI,INE585B01010,,6980.0,7121.6,6975.0,7081.9,720905,5100541634.55,0.9275111384853338,6568.541131639286
2019-03-12,MARUTI,INE585B01010,,7097.0,7232.0,7096.0,7157.2,828847,5953269620.75,0.9275111384853338,6638.382720367231
2019-03-13,MARUTI,INE585B01010,,7177.0,7202.95,7050.0,7091.05,534982,3804421750.75,0.9275111384853338,6577.0278585564265
2019-03-14,MARUTI,INE585B01010,,7103.0,7148.0,7047.25,7086.3,584482,4142023832.2,0.9275111384853338,6572.622180648621
2019-03-15,MARUTI,INE585B01010,,7109.0,7157.0,7060.0,7084.0,861945,6118508750.45,0.9275111384853338,6570.488905030105
2019-03-18,MARUTI,INE585B01010,,7077.45,7077.45,6776.6,6909.1,1525653,10493033072.6,0.9275111384853338,6408.26720690902
2019-03-19,MARUTI,INE585B01010,,6900.0,6901.95,6809.25,6825.2,816763,5594419494.95,0.9275111384853338,6330.4490223901
2019-03-20,MARUTI,INE585B01010,,6860.0,6860.0,6650.0,6673.55,1017560,6861455439.25,0.9275111384853338,6189.791958238799
2019-03-22,MARUTI,INE585B01010,,6567.0,6716.3,6532.35,6552.7,1715983,11318068782.3,0.9275111384853338,6077.7022371528465
2019-03-25,MARUTI,INE585B01010,,6515.0,6621.0,6491.2,6522.6,1093184,7147489392.6,0.9275111384853338,6049.784151884439
2019-03-26,MARUTI,INE585B01010,,6558.0,6600.0,6480.0,6585.7,909087,5946695604.85,0.9275111384853338,6108.310104722863
2019-03-27,MARUTI,INE585B01010,,6628.0,6640.0,6500.0,6518.0,887601,5826280100.0,0.9275111384853338,6045.517600647406
2019-03-28,MARUTI,INE585B01010,,6535.0,6625.0,6501.2,6596.25,949713,6228872558.55,0.9275111384853338,6118.095347233883
2019-03-29,MARUTI,INE585B01010,,6610.0,6775.0,6565.1,6672.55,1458092,9769119265.4,0.9275111384853338,6188.8644471003145
2019-04-01,MARUTI,INE585B01010,,6730.8,6870.0,6700.0,6840.7,1142386,7782414880.9,0.9275111384853338,6344.825445036623
2019-04-02,MARUTI,INE585B01010,,6859.45,6900.7,6785.5,6889.7,866805,5948033441.4,0.9275111384853338,6390.273490822405
2019-04-03,MARUTI,INE585B01010,,6896.0,7098.0,6896.0,7072.9,1491021,10469774729.35,0.9275111384853338,6560.193531392917
2019-04-04,MARUTI,INE585B01010,,7120.0,7170.0,7061.65,7113.1,1388375,9882271361.0,0.9275111384853338,6597.479479160029
2019-04-05,MARUTI,INE585B01010,,7095.0,7143.95,7050.0,7107.7,729603,5181779937.6,0.9275111384853338,6592.470919012208
2019-04-08,MARUTI,INE585B01010,,7107.0,7150.0,7044.7,7129.45,498374,3539627821.2,0.9275111384853338,6612.644286274263
2019-04-09,MARUTI,INE585B01010,,7134.0,7235.0,7080.0,7216.55,741669,5307371261.1,0.9275111384853338,6693.430506436336
2019-04-10,MARUTI,INE585B01010,,7218.95,7218.95,7144.6,7186.35,590107,4236448139.6,0.9275111384853338,6665.419670054079
2019-04-11,MARUTI,INE585B01010,,7186.95,7220.0,7150.0,7187.85,609539,4377388415.5,0.9275111384853338,6666.810936761807
2019-04-12,MARUTI,INE585B01010,,7188.9,7357.0,7161.05,7342.85,929935,6770086682.85,0.9275111384853338,6810.575163227034
2019-04-15,MARUTI,INE585B01010,,7351.05,7389.95,7295.0,7352.5,585205,4297829669.5,0.9275111384853338,6819.525645713417
2019-04-16,MARUTI,INE585B01010,,7369.9,7475.0,7350.0,7458.55,707823,5264397805.8,0.9275111384853338,6917.888201949787
2019-04-18,MARUTI,INE585B01010,,7533.1,7539.35,7434.05,7447.45,713163,5333478619.75,0.9275111384853338,6907.5928283125995
2019-04-22,MARUTI,INE585B01010,,7422.0,7424.9,7300.0,7321.25,479609,3525306803.55,0.9275111384853338,6790.540922635751
2019-04-23,MARUTI,INE585B01010,,7327.0,7388.9,7006.0,7048.9,952628,6888761860.05,0.9275111384853338,6537.933264069269
2019-04-24,MARUTI,INE585B01010,,7065.0,7101.95,6910.0,7016.7,1063510,7433434629.2,0.9275111384853338,6508.067405410042
2019-04-25,MARUTI,INE585B01010,,7014.75,7144.95,6865.0,6905.25,3075510,21421400565.2,0.9275111384853338,6404.696289025852
2019-04-26,MARUTI,INE585B01010,,6805.0,6886.85,6750.0,6842.85,1999920,13609855777.05,0.9275111384853338,6346.819593984367
2019-04-30,MARUTI,INE585B01010,,6700.0,6750.0,6630.0,6666.4,1640025,10960405883.9,0.9275111384853338,6183.160253598629
2019-05-02,MARUTI,INE585B01010,,6550.0,6709.95,6525.0,6683.25,1337101,8882841034.6,0.9275111384853338,6198.788816282107
2019-05-03,MARUTI,INE585B01010,,6675.0,6780.0,6675.0,6710.0,795679,5365789580.7,0.9275111384853338,6223.59973923659
2019-05-06,MARUTI,INE585B01010,,6659.0,6732.0,6639.3,6709.65,480317,3217505520.05,0.9275111384853338,6223.27511033812
2019-05-07,MARUTI,INE585B01010,,6744.9,6785.25,6680.0,6702.0,586684,3952820674.4,0.9275111384853338,6216.179650128707
2019-05-08,MARUTI,INE585B01010,,6679.0,6693.0,6616.0,6650.15,552749,3678929102.2,0.9275111384853338,6168.088197598243
2019-05-09,MARUTI,INE585B01010,,6637.0,6678.0,6600.0,6624.95,570000,3788709570.9,0.9275111384853338,6144.714916908412
2019-05-10,MARUTI,INE585B01010,,6623.0,6664.9,6575.0,6631.6,608669,4030855439.15,0.9275111384853338,6150.88286597934
2019-05-13,MARUTI,INE585B01010,,6626.0,6659.3,6500.0,6543.75,555672,3669122665.4,0.9275111384853338,6069.401012463403
2019-05-14,MARUTI,INE585B01010,,6511.0,6612.0,6450.0,6576.2,843313,5523683293.35,0.9275111384853338,6099.498748907252
2019-05-15,MARUTI,INE585B01010,,6590.0,6640.0,6463.3,6493.75,612357,4023959332.45,0.9275111384853338,6023.025455539137
2019-05-16,MARUTI,INE585B01010,,6506.0,6527.3,6441.4,6479.65,555991,3602110443.1,0.9275111384853338,6009.947548486493
2019-05-17,MARUTI,INE585B01010,,6497.0,6790.0,6485.0,6706.85,782196,5169360544.35,0.9275111384853338,6220.678079150362
2019-05-20,MARUTI,INE585B01010,,6875.0,7150.0,6860.0,7084.6,1286198,9045095148.05,0.9275111384853338,6571.045411713197
2019-05-21,MARUTI,INE585B01010,,7105.0,7137.75,6818.0,6875.35,973836,6805478189.2,0.9275111384853338,6376.96370598514
2019-05-22,MARUTI,INE585B01010,,6877.2,6930.55,6841.0,6899.8,645280,4449882435.6,0.9275111384853338,6399.641353321106
2019-05-23,MARUTI,INE585B01010,,6996.0,7049.1,6830.0,6929.25,1364516,9511440775.35,0.9275111384853338,6426.9565563495
2019-05-24,MARUTI,INE585B01010,,6964.95,7120.0,6886.75,7093.15,1002742,7046739033.35,0.9275111384853338,6578.975631947245
2019-05-27,MARUTI,INE585B01010,,7095.0,7193.9,6900.05,7068.45,1022289,7250547210.5,0.9275111384853338,6556.066106826658
2019-05-28,MARUTI,INE585B01010,,7067.0,7130.0,7031.5,7054.65,915732,6475312499.8,0.9275111384853338,6543.26645311556
2019-05-29,MARUTI,INE585B01010,,7001.0,7009.0,6870.0,6891.45,768022,5327477410.35,0.9275111384853338,6391.896635314753
2019-05-30,MARUTI,INE585B01010,,6890.0,6921.0,6825.0,6867.7,850456,5844991842.6,0.9275111384853338,6369.868245775727
2019-05-31,MARUTI,INE585B01010,,6891.0,6961.3,6825.0,6869.85,1084204,7475047661.45,0.9275111384853338,6371.862394723471
2019-06-03,MARUTI,INE585B01010,,6760.0,7055.0,6760.0,7022.9,1157809,8049748466.8,0.9275111384853338,6513.81797446865
2019-06-04,MARUTI,INE585B01010,,7000.0,7099.0,6971.75,7051.8,575281,4039023299.5,0.9275111384853338,6540.623046370877
2019-06-06,MARUTI,INE585B01010,,7060.2,7099.0,6928.0,6988.7,720856,5062865011.65,0.9275111384853338,6482.097093532452
2019-06-07,MARUTI,INE585B01010,,6990.0,6990.0,6862.65,6948.25,470376,3264402531.7,0.9275111384853338,6444.579267980721
2019-06-10,MARUTI,INE585B01010,,6980.0,7043.3,6922.0,6969.95,395116,2755898692.85,0.9275111384853338,6464.706259685852
2019-06-11,MARUTI,INE585B01010,,6989.95,7018.2,6930.0,6978.3,387309,2699697432.7,0.9275111384853338,6472.450977692205
2019-06-12,MARUTI,INE585B01010,,6963.8,6967.95,6825.05,6852.0,494886,3405346796.1,0.9275111384853338,6355.306320901507
2019-06-13,MARUTI,INE585B01010,,6843.0,6863.7,6766.3,6784.7,561159,3820931953.05,0.9275111384853338,6292.884821281445
2019-06-14,MARUTI,INE585B01010,,6775.0,6839.0,6727.35,6747.4,449930,3045144274.75,0.9275111384853338,6258.288655815942
2019-06-17,MARUTI,INE585B01010,,6749.4,6768.05,6560.5,6581.65,567397,3770850931.75,0.9275111384853338,6104.553684611997
2019-06-18,MARUTI,INE585B01010,,6604.5,6649.0,6390.0,6439.0,1048826,6830101386.4,0.9275111384853338,5972.244220707064
2019-06-19,MARUTI,INE585B01010,,6485.0,6560.65,6380.0,6424.65,715496,4634056851.05,0.9275111384853338,5958.9344358698
2019-06-20,MARUTI,INE585B01010,,6390.0,6649.0,6340.25,6616.75,992450,6437516526.25,0.9275111384853338,6137.109325572833
2019-06-21,MARUTI,INE585B01010,,6549.0,6549.0,6370.2,6417.25,1345890,8671983752.55,0.9275111384853338,5952.070853445009
2019-06-24,MARUTI,INE585B01010,,6411.0,6497.1,6322.85,6459.9,911826,5851867572.65,0.9275111384853338,5991.629203501408
2019-06-25,MARUTI,INE585B01010,,6459.0,6540.0,6427.35,6522.5,580392,3773426143.7,0.9275111384853338,6049.69140077059
2019-06-26,MARUTI,INE585B01010,,6519.0,6557.8,6460.1,6480.3,572239,3720565277.75,0.9275111384853338,6010.550430726509
2019-06-27,MARUTI,INE585B01010,,6496.2,6575.0,6475.0,6486.7,1022011,6665426409.5,0.9275111384853338,6016.4865020128145
2019-06-28,MARUTI,INE585B01010,,6500.0,6550.0,6475.0,6534.65,618701,4036089916.3,0.9275111384853338,6060.960661103187
2019-07-01,MARUTI,INE585B01010,,6600.0,6618.0,6490.0,6507.85,754667,4926640760.05,0.9275111384853338,6036.10336259178
2019-07-02,MARUTI,INE585B01010,,6510.05,6588.8,6482.0,6560.0,518084,3382083492.9,0.9275111384853338,6084.47306846379
2019-07-03,MARUTI,INE585B01010,,6582.0,6590.0,6515.05,6533.8,517709,3393165296.3,0.9275111384853338,6060.172276635474
2019-07-04,MARUTI,INE585B01010,,6540.0,6588.0,6510.2,6544.45,576449,3778673868.75,0.9275111384853338,6070.050270260343
2019-07-05,MARUTI,INE585B01010,,6547.2,6579.0,6300.0,6360.0,866460,5617965484.55,0.9275111384853338,5898.970840766723
2019-07-08,MARUTI,INE585B01010,,6280.1,6283.15,5985.65,6038.7,1927495,11740585131.45,0.9275111384853338,5600.961511971385
2019-07-09,MARUTI,INE585B01010,,6060.0,6070.0,5910.0,5945.45,1337999,8015196039.8,0.9275111384853338,5514.4710983076275
2019-07-10,MARUTI,INE585B01010,,5959.0,5995.0,5900.0,5927.9,809385,4807536078.95,0.9275111384853338,5498.19327782721
2019-07-11,MARUTI,INE585B01010,,5974.0,6050.0,5930.0,6031.2,779113,4669172506.7,0.9275111384853338,5594.005178432745
2019-07-12,MARUTI,INE585B01010,,6017.7,6090.0,5951.95,5971.45,719883,4336951396.55,0.9275111384853338,5538.586387908246
2019-07-15,MARUTI,INE585B01010,,5980.0,6096.0,5955.0,6079.7,675004,4075987631.85,0.9275111384853338,5638.989468649284
2019-07-16,MARUTI,INE585B01010,,6079.95,6172.0,6056.0,6158.05,627259,3848123380.45,0.9275111384853338,5711.65996634961
2019-07-17,MARUTI,INE585B01010,,6168.0,6174.0,6050.0,6075.7,598778,3658071964.8,0.9275111384853338,5635.279424095343
2019-07-18,MARUTI,INE585B01010,,6054.4,6055.7,5857.5,5882.35,1097857,6519542734.4,0.9275111384853338,5455.945145469203
2019-07-19,MARUTI,INE585B01010,,5885.0,5910.95,5710.1,5769.1,1228672,7115441159.25,0.9275111384853338,5350.9045090357395
2019-07-22,MARUTI,INE585B01010,,5780.0,5940.0,5745.05,5912.5,897510,5267143187.25,0.9275111384853338,5483.909606294536
2019-07-23,MARUTI,INE585B01010,,5910.0,5972.4,5820.2,5873.75,841517,4963868755.65,0.9275111384853338,5447.9685496782295
2019-07-24,MARUTI,INE585B01010,,5865.0,5865.0,5725.3,5768.0,800687,4636870286.85,0.9275111384853338,5349.884246783406
2019-07-25,MARUTI,INE585B01010,,5789.1,5844.95,5701.05,5756.75,990461,5707558859.25,0.9275111384853338,5339.449746475446
2019-07-26,MARUTI,INE585B01010,,5728.0,5955.0,5683.9,5805.65,2346714,13621132997.85,0.9275111384853338,5384.805041147378
2019-07-29,MARUTI,INE585B01010,,5770.0,5770.0,5540.0,5561.25,1548125,8697930742.8,0.9275111384853338,5158.1213189015625
2019-07-30,MARUTI,INE585B01010,,5562.0,5644.85,5492.0,5507.15,1189163,6604991463.35,0.9275111384853338,5107.942966309506
2019-07-31,MARUTI,INE585B01010,,5525.8,5582.3,5446.05,5469.7,1053202,5809990797.55,0.9275111384853338,5073.207674173231
2019-08-01,MARUTI,INE585B01010,,5469.7,5615.0,5450.0,5572.6,1134178,6249165414.15,0.9275111384853338,5168.648570323372
2019-08-02,MARUTI,INE585B01010,,5539.6,5724.0,5485.0,5689.35,1391678,7831266660.15,0.9275111384853338,5276.935495741534
2019-08-05,MARUTI,INE585B01010,,5600.0,5695.0,5452.0,5670.35,1122496,6279949817.65,0.9275111384853338,5259.312784110313
2019-08-06,MARUTI,INE585B01010,,5640.0,5849.0,5640.0,5833.3,1125521,6499221773.8,0.9275111384853338,5410.450724126498
2019-08-07,MARUTI,INE585B01010,,5833.95,5867.0,5735.7,5775.0,955090,5536712222.7,0.9275111384853338,5356.376824752803
2019-08-08,MARUTI,INE585B01010,,5725.0,5947.0,5725.0,5902.25,831725,4827558066.0,0.9275111384853338,5474.402617125062
2019-08-09,MARUTI,INE585B01010,,5937.65,6155.0,5927.2,6099.9,1445079,8746706387.25,0.9275111384853338,5657.725193646687
2019-08-13,MARUTI,INE585B01010,,6099.7,6123.0,5791.55,5815.45,909354,5371187419.4,0.9275111384853338,5393.8946503045345
2019-08-14,MARUTI,INE585B01010,,5792.0,5933.4,5710.0,5816.0,1030939,6011758849.75,0.9404483781228212,5469.647767162328
2019-08-16,MARUTI,INE585B01010,,5805.0,5995.0,5590.0,5975.05,1207075,7104481192.15,0.9404483781228212,5619.226081702763
2019-08-19,MARUTI,INE585B01010,,5999.0,6024.4,5911.6,5982.55,902389,5391643802.5,0.9404483781228212,5626.279444538684
2019-08-20,MARUTI,INE585B01010,,6003.0,6233.0,5959.05,6190.95,2198337,13464211807.0,0.9404483781228212,5822.26888653948
2019-08-21,MARUTI,INE585B01010,,6223.0,6276.0,6141.0,6228.9,2128640,13238983427.15,0.9404483781228212,5857.958902489241
2019-08-22,MARUTI,INE585B01010,,6200.0,6298.5,6168.0,6208.55,1551394,9662366526.1,0.9404483781228212,5838.820777994442
2019-08-23,MARUTI,INE585B01010,,6160.0,6279.6,6040.0,6254.35,1232405,7610700093.9,0.9404483781228212,5881.893313712468
2019-08-26,MARUTI,INE585B01010,,6460.0,6466.7,6116.15,6255.55,1552155,9691329741.0,0.9404483781228212,5883.021851766214
2019-08-27,MARUTI,INE585B01010,,6297.5,6340.0,6256.0,6277.75,1078065,6788715373.95,0.9404483781228212,5903.899805760541
2019-08-28,MARUTI,INE585B01010,,6248.0,6248.0,6070.0,6103.4,1242304,7637219530.5,0.9404483781228212,5739.932631034827
2019-08-29,MARUTI,INE585B01010,,6103.4,6198.0,6065.0,6110.2,1006756,6169330665.55,0.9404483781228212,5746.327680006062
2019-08-30,MARUTI,INE585B01010,,6144.0,6159.25,6052.9,6123.75,794518,4855445233.15,0.9404483781228212,5759.070755529627
2019-09-03,MARUTI,INE585B01010,,6035.0,6130.0,6002.25,6049.7,1173373,7115611551.35,0.9404483781228212,5689.430553129631
2019-09-04,MARUTI,INE585B01010,,6062.0,6076.2,5800.0,5830.75,1964992,11577805367.15,0.9404483781228212,5483.51938073964
2019-09-05,MARUTI,INE585B01010,,5805.0,5998.0,5791.25,5968.65,1149196,6792446704.9,0.9404483781228212,5613.207212082777
2019-09-06,MARUTI,INE585B01010,,5997.7,6220.0,5962.1,6186.95,1524051,9285017702.3,0.9404483781228212,5818.5070930269885
2019-09-09,MARUTI,INE585B01010,,6085.0,6366.95,6040.0,6335.5,2061193,12820659102.8,0.9404483781228212,5958.2106995971335
2019-09-11,MARUTI,INE585B01010,,6330.0,6630.0,6285.1,6597.3,2492039,16198807339.7,0.9404483781228212,6204.420084989689
2019-09-12,MARUTI,INE585B01010,,6565.0,6640.0,6370.0,6392.05,1892862,12287102494.45,0.9404483781228212,6011.393055379979
2019-09-13,MARUTI,INE585B01010,,6434.0,6512.8,6340.0,6450.3,1929801,12430889061.8,0.9404483781228212,6066.174173405634
2019-09-16,MARUTI,INE585B01010,,6349.9,6489.0,6340.1,6412.75,1377371,8839261359.35,0.9404483781228212,6030.860336807122
2019-09-17,MARUTI,INE585B01010,,6410.0,6445.85,6110.0,6130.4,1706567,10684914766.2,0.9404483781228212,5765.324737244143
2019-09-18,MARUTI,INE585B01010,,6165.0,6211.8,5986.6,6095.05,1955137,11893628117.15,0.9404483781228212,5732.079887077502
2019-09-19,MARUTI,INE585B01010,,6139.0,6175.0,5942.4,5971.75,1721431,10426637456.05,0.9404483781228212,5616.1226020549575
2019-09-20,MARUTI,INE585B01010,,6015.0,6949.8,5982.45,6591.95,4892962,31870157868.4,0.9404483781228212,6199.3886861667315
2019-09-23,MARUTI,INE585B01010,,6676.1,7000.0,6676.1,6897.85,3140286,21640015382.95,0.9404483781228212,6487.071845034503
2019-09-24,MARUTI,INE585B01010,,6935.0,7177.9,6855.0,7009.1,2354230,16470532686.5,0.9404483781228212,6591.696727100667
2019-09-25,MARUTI,INE585B01010,,7000.0,7000.0,6602.0,6638.5,2296343,15506907735.3,0.9404483781228212,6243.166558168348
2019-09-26,MARUTI,INE585B01010,,6700.0,6899.9,6681.05,6857.45,1893865,12896040085.8,0.9404483781228212,6449.077730558341
2019-09-27,MARUTI,INE585B01010,,6860.0,6915.0,6735.0,6773.7,1457894,9915310112.1,0.9404483781228212,6370.315178890554
2019-09-30,MARUTI,INE585B01010,,6773.0,6809.6,6640.0,6715.8,1264165,8468398992.15,0.9404483781228212,6315.863217797243
2019-10-01,MARUTI,INE585B01010,,6720.0,6850.0,6650.0,6782.0,1473158,9962077964.4,0.9404483781228212,6378.120900428974
2019-10-03,MARUTI,INE585B01010,,6786.6,6794.95,6680.0,6754.05,850852,5729402012.6,0.9404483781228212,6351.835368260441
2019-10-04,MARUTI,INE585B01010,,6793.0,6845.9,6618.4,6649.6,1065056,7202067211.75,0.9404483781228212,6253.605535165512
2019-10-07,MARUTI,INE585B01010,,6674.7,6699.0,6558.15,6629.85,696713,4623534607.75,0.9404483781228212,6235.031679697587
2019-10-09,MARUTI,INE585B01010,,6628.0,6743.8,6590.0,6719.55,1017731,6809664534.6,0.9404483781228212,6319.3898992152035
2019-10-10,MARUTI,INE585B01010,,6700.0,6742.1,6558.25,6605.45,985523,6543513002.35,0.9404483781228212,6212.0847392713895
2019-10-11,MARUTI,INE585B01010,,6626.3,6720.0,6626.3,6698.9,835065,5579596060.4,0.9404483781228212,6299.969640206967
2019-10-14,MARUTI,INE585B01010,,6697.95,6874.55,6696.05,6821.1,963217,6525412654.0,0.9404483781228212,6414.892432013577
2019-10-15,MARUTI,INE585B01010,,6811.0,7019.0,6809.0,6985.75,1276061,8870978185.2,0.9404483781228212,6569.737257471498
2019-10-16,MARUTI,INE585B01010,,7003.45,7013.9,6895.0,6975.0,876844,6101225216.15,0.9404483781228212,6559.627437406678
2019-10-17,MARUTI,INE585B01010,,6977.0,7155.55,6940.0,7123.9,1248295,8771779630.85,0.9404483781228212,6699.660200909166
2019-10-18,MARUTI,INE585B01010,,7081.3,7450.0,7061.65,7302.3,1463126,10571673041.45,0.9404483781228212,6867.436191566278
2019-10-22,MARUTI,INE585B01010,,7333.0,7392.0,7232.0,7256.25,959552,7017969456.7,0.9404483781228212,6824.128543753722
2019-10-23,MARUTI,INE585B01010,,7201.05,7472.0,7200.0,7440.25,1278695,9438098512.75,0.9404483781228212,6997.17104532832
2019-10-24,MARUTI,INE585B01010,,7460.0,7475.0,7271.0,7391.4,1658859,12253327172.3,0.9404483781228212,6951.23014205702
2019-10-25,MARUTI,INE585B01010,,7396.5,7509.0,7353.85,7471.15,1353615,10073877372.65,0.9404483781228212,7026.230900212316
2019-10-29,MARUTI,INE585B01010,,7416.0,7758.7,7381.85,7721.3,1396732,10633212797.45,0.9404483781228212,7261.484061999739
2019-10-30,MARUTI,INE585B01010,,7744.0,7753.65,7539.7,7556.95,1243366,9481592083.2,0.9404483781228212,7106.921371055254
2019-10-31,MARUTI,INE585B01010,,7612.9,7645.0,7502.0,7559.4,1067275,8077406378.6,0.9404483781228212,7109.225469581655
2019-11-01,MARUTI,INE585B01010,,7599.95,7649.0,7545.1,7618.65,1151035,8751611320.35,0.9404483781228212,7164.947035985431
2019-11-04,MARUTI,INE585B01010,,7550.0,7625.0,7407.45,7424.0,824953,6182428853.75,0.9404483781228212,6981.888759183825
2019-11-05,MARUTI,INE585B01010,,7429.95,7541.95,7325.0,7389.0,1207089,8958357460.85,0.9404483781228212,6948.973065949526
2019-11-06,MARUTI,INE585B01010,,7395.0,7415.0,7295.0,7311.15,923041,6774124387.2,0.9404483781228212,6875.759159712664
2019-11-07,MARUTI,INE585B01010,,7357.0,7357.0,7241.0,7287.15,877885,6396671247.55,0.9404483781228212,6853.188398637716
2019-11-08,MARUTI,INE585B01010,,7286.45,7370.0,7178.05,7200.55,983936,7169066091.9,0.9404483781228212,6771.745569092281
2019-11-11,MARUTI,INE585B01010,,7160.0,7237.45,7074.0,7137.3,864507,6170601866.1,0.9404483781228212,6712.262209176012
2019-11-13,MARUTI,INE585B01010,,7130.0,7169.85,7095.0,7154.6,687017,4900533229.7,0.9404483781228212,6728.531966117537
2019-11-14,MARUTI,INE585B01010,,7160.0,7270.0,7160.0,7247.15,802462,5803765744.8,0.9404483781228212,6815.570463512803
2019-11-15,MARUTI,INE585B01010,,7300.0,7359.0,7116.2,7147.2,1049492,7606787177.65,0.9404483781228212,6721.572648119428
2019-11-18,MARUTI,INE585B01010,,7150.0,7177.0,7075.0,7098.45,537228,3825113892.85,0.9404483781228212,6675.72578968594
2019-11-19,MARUTI,INE585B01010,,7146.0,7155.0,7032.0,7045.45,755114,5345101655.45,0.9404483781228212,6625.882025645431
2019-11-20,MARUTI,INE585B01010,,7120.0,7218.0,7044.0,7152.75,1289948,9215771943.1,0.9404483781228212,6726.79213661801
2019-11-21,MARUTI,INE585B01010,,7150.0,7200.0,7004.8,7019.05,763454,5425444943.4,0.9404483781228212,6601.054188462988
2019-11-22,MARUTI,INE585B01010,,7034.0,7077.45,7000.0,7060.45,685503,4826718519.8,0.9404483781228212,6639.9887513172725
2019-11-25,MARUTI,INE585B01010,,7075.2,7263.5,7040.3,7236.1,952419,6838953466.15,0.9404483781228212,6805.178508934547
2019-11-26,MARUTI,INE585B01010,,7238.0,7274.0,7084.0,7125.0,1249810,8962724392.3,0.9404483781228212,6700.694694125101
2019-11-27,MARUTI,INE585B01010,,7166.6,7300.0,7166.6,7294.4,1070680,7767211209.75,0.9404483781228212,6860.006649379106
2019-11-28,MARUTI,INE585B01010,,7299.8,7321.1,7220.95,7261.25,602077,4371543716.8,0.9404483781228212,6828.830785644335
2019-11-29,MARUTI,INE585B01010,,7254.0,7293.85,7132.0,7245.85,792083,5715439563.35,0.9404483781228212,6814.347880621244
2019-12-02,MARUTI,INE585B01010,,7291.0,7294.85,7106.75,7139.35,703838,5049534364.55,0.9404483781228212,6714.190128351164
2019-12-03,MARUTI,INE585B01010,,7142.65,7240.0,7060.0,7138.8,668269,4786049338.35,0.9404483781228212,6713.672881743197
2019-12-04,MARUTI,INE585B01010,,7129.8,7170.0,7052.0,7076.1,737723,5239134460.05,0.9404483781228212,6654.706768434896
2019-12-05,MARUTI,INE585B01010,,7090.0,7125.15,6990.55,7012.85,602894,4254176128.55,0.9404483781228212,6595.223408518627
2019-12-06,MARUTI,INE585B01010,,7012.85,7050.0,6864.1,6886.7,770911,5358089807.75,0.9404483781228212,6476.585845618432
2019-12-09,MARUTI,INE585B01010,,7007.0,7108.0,6952.35,6994.75,1479832,10394166354.7,0.9404483781228212,6578.2012928746035
2019-12-10,MARUTI,INE585B01010,,7019.0,7048.95,6905.0,6963.65,790378,5508420269.85,0.9404483781228212,6548.9533483149835
2019-12-11,MARUTI,INE585B01010,,7000.0,7035.0,6955.2,6993.2,603048,4217403800.5,0.9404483781228212,6576.743597888513
2019-12-12,MARUTI,INE585B01010,,7030.4,7045.95,6975.5,6999.8,932863,6532893219.8,0.9404483781228212,6582.950557184125
2019-12-13,MARUTI,INE585B01010,,7043.95,7249.0,7030.15,7214.95,1199360,8567268416.95,0.9404483781228212,6785.288025737249
2019-12-16,MARUTI,INE585B01010,,7240.0,7257.7,7125.0,7140.05,727854,5228458868.55,0.9404483781228212,6714.84844221585
2019-12-17,MARUTI,INE585B01010,,7209.9,7276.5,7166.0,7195.15,939918,6777942085.3,0.9404483781228212,6766.667147850417
2019-12-18,MARUTI,INE585B01010,,7220.0,7254.95,7164.0,7240.65,841740,6068461334.75,0.9404483781228212,6809.457549055005
2019-12-19,MARUTI,INE585B01010,,7248.95,7310.0,7166.0,7240.65,1001697,7274577372.1,0.9404483781228212,6809.457549055005
2019-12-20,MARUTI,INE585B01010,,7240.65,7304.35,7227.5,7261.5,679779,4938990587.7,0.9404483781228212,6829.065897738867
2019-12-23,MARUTI,INE585B01010,,7275.0,7378.6,7250.1,7360.9,914067,6699709957.0,0.9404483781228212,6922.546466524274
2019-12-24,MARUTI,INE585B01010,,7397.0,7423.7,7302.0,7327.8,850537,6271144686.5,0.9404483781228212,6891.41762520841
2019-12-26,MARUTI,INE585B01010,,7334.0,7343.45,7222.0,7240.9,556360,4051588542.55,0.9404483781228212,6809.6926611495355
2019-12-27,MARUTI,INE585B01010,,7268.0,7368.5,7251.4,7344.9,665383,4859265146.05,0.9404483781228212,6907.499292474309
2019-12-30,MARUTI,INE585B01010,,7378.0,7431.95,7341.6,7416.25,739631,5463787167.85,0.9404483781228212,6974.600284253373
2019-12-31,MARUTI,INE585B01010,,7412.5,7412.5,7355.25,7368.6,560622,4135721059.7,0.9404483781228212,6929.787919035821
2020-01-01,MARUTI,INE585B01010,,7377.0,7409.95,7282.05,7311.7,634725,4658307412.85,0.9404483781228212,6876.276406320631
2020-01-02,MARUTI,INE585B01010,,7327.6,7368.0,7312.0,7329.85,616838,4527173729.35,0.9404483781228212,6893.345544383562
2020-01-03,MARUTI,INE585B01010,,7328.95,7332.0,7226.0,7254.25,571967,4161407040.8,0.9404483781228212,6822.247646997476
2020-01-06,MARUTI,INE585B01010,,7200.0,7210.0,7026.5,7042.4,748516,5295028129.05,0.9404483781228212,6623.013658092156
2020-01-07,MARUTI,INE585B01010,,7100.0,7165.6,7026.4,7073.6,590500,4186415011.4,0.9404483781228212,6652.355647489589
2020-01-08,MARUTI,INE585B01010,,7060.0,7116.65,6980.45,7035.2,793313,5580233047.2,0.9404483781228212,6616.242429769672
2020-01-09,MARUTI,INE585B01010,,7140.0,7240.0,7102.0,7227.9,798184,5731536546.55,0.9404483781228212,6797.466832233939
2020-01-10,MARUTI,INE585B01010,,7261.4,7349.9,7234.4,7330.5,747847,5458857956.8,0.9404483781228212,6893.956835829341
2020-01-13,MARUTI,INE585B01010,,7332.0,7370.0,7279.8,7352.7,537399,3936703056.85,0.9404483781228212,6914.834789823667
2020-01-14,MARUTI,INE585B01010,,7355.0,7412.4,7325.6,7386.8,548522,4046494825.8,0.9404483781228212,6946.904079517656
2020-01-15,MARUTI,INE585B01010,,7388.95,7505.0,7353.0,7482.95,692726,5140014822.3,0.9404483781228212,7037.328191074165
2020-01-16,MARUTI,INE585B01010,,7456.5,7521.0,7421.2,7462.65,640207,4779933299.2,0.9404483781228212,7018.237088998271
2020-01-17,MARUTI,INE585B01010,,7469.0,7569.9,7432.55,7520.15,750738,5629978077.55,0.9404483781228212,7072.312870740334
2020-01-20,MARUTI,INE585B01010,,7521.25,7529.5,7421.05,7449.6,407828,3045737844.2,0.9404483781228212,7005.964237663769
2020-01-21,MARUTI,INE585B01010,,7411.5,7434.65,7287.8,7302.65,442561,3253196112.05,0.9404483781228212,6867.76534849862
2020-01-22,MARUTI,INE585B01010,,7340.0,7374.95,7107.95,7135.6,1048435,7512636152.9,0.9404483781228212,6710.663446933204
2020-01-23,MARUTI,INE585B01010,,7145.4,7220.0,7123.15,7147.1,589326,4221523381.85,0.9404483781228212,6721.4786032816155
2020-01-24,MARUTI,INE585B01010,,7148.8,7210.0,7111.25,7128.45,645723,4619831010.25,0.9404483781228212,6703.939241029625
2020-01-27,MARUTI,INE585B01010,,7101.5,7225.0,7061.0,7148.8,573149,4105610539.8,0.9404483781228212,6723.077365524425
2020-01-28,MARUTI,INE585B01010,,7179.95,7219.95,6963.0,6997.05,1614448,11424531373.55,0.9404483781228212,6580.364324144286
2020-01-29,MARUTI,INE585B01010,,7010.0,7116.25,6975.0,7010.3,1001252,7052201123.75,0.9404483781228212,6592.8252651544135
2020-01-30,MARUTI,INE585B01010,,7020.0,7049.0,6981.0,7020.45,579174,4062497416.75,0.9404483781228212,6602.3708161923605
2020-01-31,MARUTI,INE585B01010,,7035.0,7064.0,6895.55,6913.5,868935,6053651158.65,0.9404483781228212,6501.789862152124
2020-02-03,MARUTI,INE585B01010,,6780.0,7044.85,6780.0,7011.3,1010531,7019275548.45,0.9404483781228212,6593.765713532536
2020-02-04,MARUTI,INE585B01010,,7020.0,7215.0,7001.0,7199.6,973311,6943361735.55,0.9404483781228212,6770.852143133064
2020-02-05,MARUTI,INE585B01010,,7215.0,7231.6,7025.6,7040.9,718489,5101902850.0,0.9404483781228212,6621.602985524972
2020-02-06,MARUTI,INE585B01010,,7075.0,7120.35,6976.8,7021.6,875714,6165891109.55,0.9404483781228212,6603.452331827202
2020-02-07,MARUTI,INE585B01010,,7039.0,7050.0,6935.0,6971.75,645814,4505215041.0,0.9404483781228212,6556.570980177778
2020-02-10,MARUTI,INE585B01010,,6975.0,6989.1,6851.1,6892.9,593773,4096674552.9,0.9404483781228212,6482.416625562794
2020-02-11,MARUTI,INE585B01010,,6950.0,7089.0,6912.3,7033.75,743160,5228626894.85,0.9404483781228212,6614.878779621394
2020-02-12,MARUTI,INE585B01010,,7056.1,7110.0,7007.95,7043.3,599364,4232221558.1,0.9404483781228212,6623.860061632467
2020-02-13,MARUTI,INE585B01010,,7050.0,7056.0,6925.0,7005.05,723169,5041843859.5,0.9404483781228212,6587.887911169269
2020-02-14,MARUTI,INE585B01010,,7000.05,7088.95,6901.0,6913.8,614859,4296819104.45,0.9404483781228212,6502.0719966655615
2020-02-17,MARUTI,INE585B01010,,6920.0,6980.0,6880.0,6906.75,463548,3211043086.15,0.9404483781228212,6495.441835599796
2020-02-18,MARUTI,INE585B01010,,6925.0,6930.0,6735.8,6781.1,830678,5637520586.7,0.9404483781228212,6377.274496888664
2020-02-19,MARUTI,INE585B01010,,6850.0,6854.95,6624.6,6756.6,1033939,6963293978.8,0.9404483781228212,6354.233511624654
2020-02-20,MARUTI,INE585B01010,,6761.0,6807.55,6720.0,6757.6,682513,4622317506.9,0.9404483781228212,6355.173960002777
2020-02-24,MARUTI,INE585B01010,,6710.0,6710.0,6439.8,6470.4,1091346,7151099771.8,0.9404483781228212,6085.077185805902
2020-02-25,MARUTI,INE585B01010,,6505.4,6510.0,6376.55,6414.55,964897,6220955759.0,0.9404483781228212,6032.553143887743
2020-02-26,MARUTI,INE585B01010,,6350.0,6368.85,6186.05,6234.85,1580738,9934932440.0,0.9404483781228212,5863.554570339073
2020-02-27,MARUTI,INE585B01010,,6230.0,6338.05,6166.8,6289.8,1492657,9343594036.05,0.9404483781228212,5915.232208716921
2020-02-28,MARUTI,INE585B01010,,6163.05,6367.35,6103.2,6283.1,1468843,9159134308.35,0.9404483781228212,5908.931204583499
2020-03-02,MARUTI,INE585B01010,,6400.95,6439.55,6250.0,6285.15,1219764,7723695156.5,0.9404483781228212,5910.85912375865
2020-03-03,MARUTI,INE585B01010,,6318.0,6422.15,6280.5,6386.05,849199,5388001212.6,0.9404483781228212,6005.750365111243
2020-03-04,MARUTI,INE585B01010,,6390.0,6424.0,6209.0,6384.35,904360,5728634377.25,0.9404483781228212,6004.151602868434
2020-03-05,MARUTI,INE585B01010,,6411.9,6464.0,6330.2,6365.95,645853,4127568322.9,0.9404483781228212,5986.847352710974
2020-03-06,MARUTI,INE585B01010,,6196.4,6480.0,6100.15,6445.95,1140899,7223292485.55,0.9404483781228212,6062.0832229607995
2020-03-09,MARUTI,INE585B01010,,6301.0,6374.0,6079.4,6201.1,1082031,6752611537.4,0.9404483781228212,5831.814437577427
2020-03-11,MARUTI,INE585B01010,,6160.0,6310.95,6105.0,6146.3,937029,5788518295.35,0.9404483781228212,5780.277866456297
2020-03-12,MARUTI,INE585B01010,,5939.3,5939.3,5555.55,5643.15,1345986,7728917382.75,0.9404483781228212,5307.091265003798
2020-03-13,MARUTI,INE585B01010,,5325.2,6063.5,4803.05,5838.6,1480275,8301616079.85,0.9404483781228212,5490.901900507904
2020-03-16,MARUTI,INE585B01010,,5638.6,5688.0,5400.0,5480.25,933424,5191995753.9,0.9404483781228212,5153.892224207591
2020-03-17,MARUTI,INE585B01010,,5502.0,5746.95,5502.0,5603.95,1238640,6993371024.15,0.9404483781228212,5270.225688581384
2020-03-18,MARUTI,INE585B01010,,5671.0,5688.8,5312.55,5352.65,973406,5275813532.3,0.9404483781228212,5033.8910111591185
2020-03-19,MARUTI,INE585B01010,,4870.0,5096.6,4652.55,4819.55,2554586,12451621373.0,0.9404483781228212,4532.5379807818435
2020-03-20,MARUTI,INE585B01010,,4869.0,5225.0,4812.6,5079.2,1614608,8138443331.4,0.9404483781228212,4776.7254021614335
2020-03-23,MARUTI,INE585B01010,,4575.0,4790.0,4141.0,4220.35,1531989,6697382876.0,0.9404483781228212,3969.0213126106487
2020-03-24,MARUTI,INE585B01010,,4341.0,4570.0,4030.0,4486.45,1746713,7617859746.45,0.9404483781228212,4219.2746260291315
2020-03-25,MARUTI,INE585B01010,,4439.0,5159.4,4310.1,5005.95,1728820,8273787423.9,0.9404483781228212,4707.837558463937
2020-03-26,MARUTI,INE585B01010,,5024.45,5120.0,4750.0,4878.0,1338798,6595206823.45,0.9404483781228212,4587.507188483122
2020-03-27,MARUTI,INE585B01010,,5100.0,5136.5,4555.0,4646.1,1339446,6367269207.6,0.9404483781228212,4369.41720959644
2020-03-30,MARUTI,INE585B01010,,4587.45,4639.95,4270.0,4328.45,1528083,6758982842.0,0.9404483781228212,4070.6837822857256
2020-03-31,MARUTI,INE585B01010,,4450.0,4468.05,4210.0,4288.3,2140288,9179135849.65,0.9404483781228212,4032.9247799040945
2020-04-01,MARUTI,INE585B01010,,4290.0,4424.85,4190.1,4246.35,1323857,5657889879.15,0.9404483781228212,3993.4729704418423
2020-04-03,MARUTI,INE585B01010,,4250.0,4267.0,4001.1,4011.5,1724863,7071562250.8,0.9404483781228212,3772.608668839697
2020-04-07,MARUTI,INE585B01010,,4150.0,4612.9,4120.0,4553.65,2688425,11630036387.35,0.9404483781228212,4282.472757038984
2020-04-08,MARUTI,INE585B01010,,4406.5,4925.0,4406.5,4698.1,2798838,13162032684.55,0.9404483781228212,4418.320525258827
2020-04-09,MARUTI,INE585B01010,,4794.45,5399.0,4736.2,5326.65,3786661,19376215716.55,0.9404483781228212,5009.439353327925
2020-04-13,MARUTI,INE585B01010,,5285.0,5343.4,5001.0,5283.15,2192269,11325858702.6,0.9404483781228212,4968.5298488795825
2020-04-15,MARUTI,INE585B01010,,5307.5,5350.0,5041.0,5094.3,2094529,10914872831.65,0.9404483781228212,4790.926172671088
2020-04-16,MARUTI,INE585B01010,,5017.0,5228.0,4970.0,5130.8,1752170,8958615439.6,0.9404483781228212,4825.252538472571
2020-04-17,MARUTI,INE585B01010,,5325.0,5602.95,5211.7,5505.0,2192907,11749309949.15,0.9404483781228212,5177.1683215661305
2020-04-20,MARUTI,INE585B01010,,5512.0,5573.95,5280.0,5331.35,1555313,8383579546.4,0.9404483781228212,5013.859460705104
2020-04-21,MARUTI,INE585B01010,,5131.3,5131.3,4884.5,5001.1,1843174,9218104936.15,0.9404483781228212,4703.276383830042
2020-04-22,MARUTI,INE585B01010,,5009.0,5248.25,4991.0,5180.85,1991789,10227014548.9,0.9404483781228212,4872.321979797619
2020-04-23,MARUTI,INE585B01010,,5169.0,5244.6,5045.0,5156.35,1454065,7520481407.15,0.9404483781228212,4849.280994533609
2020-04-24,MARUTI,INE585B01010,,5100.0,5140.0,5030.0,5045.65,1070905,5442908928.55,0.9404483781228212,4745.173359075413
2020-04-27,MARUTI,INE585B01010,,5150.1,5225.0,4991.55,5056.35,1432342,7343531404.5,0.9404483781228212,4755.2361567213275
2020-04-28,MARUTI,INE585B01010,,5090.0,5120.0,4990.25,5052.7,1172062,5906042783.0,0.9404483781228212,4751.8035201411785
2020-04-29,MARUTI,INE585B01010,,5100.0,5100.0,5011.05,5068.45,1038100,5252340581.75,0.9404483781228212,4766.615582096613
2020-04-30,MARUTI,INE585B01010,,5122.0,5425.0,5122.0,5358.8,2341400,12482215133.05,0.9404483781228212,5039.674768684575
2020-05-04,MARUTI,INE585B01010,,5096.0,5130.25,4840.0,4886.3,1742871,8622560854.95,0.9404483781228212,4595.312910021542
2020-05-05,MARUTI,INE585B01010,,4995.0,5029.55,4800.0,4829.85,1570620,7663601550.4,0.9404483781228212,4542.224599076509
2020-05-06,MARUTI,INE585B01010,,4841.2,5000.0,4710.0,4843.25,2214534,10751328639.55,0.9404483781228212,4554.826607343354
2020-05-07,MARUTI,INE585B01010,,4899.5,4935.35,4735.0,4749.3,1530824,7391354582.95,0.9404483781228212,4466.471482218715
2020-05-08,MARUTI,INE585B01010,,4874.0,4879.0,4637.5,4654.15,1828146,8610563200.6,0.9404483781228212,4376.987819040328
2020-05-11,MARUTI,INE585B01010,,4750.0,5014.6,4730.15,4937.8,3176498,15615444377.3,0.9404483781228212,4643.7460014948665
2020-05-12,MARUTI,INE585B01010,,4914.0,4985.0,4690.05,4951.3,3124772,15149326903.7,0.9404483781228212,4656.442054599525
2020-05-13,MARUTI,INE585B01010,,5250.0,5317.45,4986.25,5036.1,3304851,16987635340.45,0.9404483781228212,4736.19207706434
2020-05-14,MARUTI,INE585B01010,,4905.0,5145.0,4852.15,5114.05,2590715,13068727254.9,0.9404483781228212,4809.500028139014
2020-05-15,MARUTI,INE585B01010,,5110.0,5123.2,4961.15,5100.4,2182575,11014731950.25,0.9404483781228212,4796.662907777637
2020-05-18,MARUTI,INE585B01010,,5080.4,5095.0,4680.55,4720.95,3164147,15240860423.3,0.9404483781228212,4439.809770698933
2020-05-19,MARUTI,INE585B01010,,4842.0,4900.0,4755.75,4805.3,2108189,10187038993.15,0.9404483781228212,4519.136591393593
2020-05-20,MARUTI,INE585B01010,,4754.0,4920.0,4745.5,4891.95,1518297,7336294666.25,0.9404483781228212,4600.626443357935
2020-05-21,MARUTI,INE585B01010,,4890.0,5073.8,4851.05,5050.1,1868172,9355660060.3,0.9404483781228212,4749.35835435806
2020-05-22,MARUTI,INE585B01010,,5010.0,5150.0,4930.75,5134.3,1935877,9743564241.45,0.9404483781228212,4828.544107796001
2020-05-26,MARUTI,INE585B01010,,5200.0,5285.8,5160.65,5246.15,1508804,7865559880.7,0.9404483781228212,4933.733258889039
2020-05-27,MARUTI,INE585B01010,,5270.0,5291.0,5135.4,5244.4,1534657,8004159975.45,0.9404483781228212,4932.087474227324
2020-05-28,MARUTI,INE585B01010,,5267.0,5495.0,5220.0,5468.35,2325387,12562447019.05,0.9404483781228212,5142.700888507929
2020-05-29,MARUTI,INE585B01010,,5375.0,5666.75,5375.0,5610.8,3386741,18736717522.05,0.9404483781228212,5276.667759971526
2020-06-01,MARUTI,INE585B01010,,5690.0,5864.65,5666.9,5793.6,2341043,13554941145.95,0.9404483781228212,5448.581723492377
2020-06-02,MARUTI,INE585B01010,,5797.75,5849.0,5625.1,5690.1,2110720,12077523692.45,0.9404483781228212,5351.245316356665
2020-06-03,MARUTI,INE585B01010,,5730.0,5832.0,5606.0,5624.0,1652859,9422731962.9,0.9404483781228212,5289.081678562747
2020-06-04,MARUTI,INE585B01010,,5658.0,5719.95,5572.0,5690.2,1642052,9276807167.9,0.9404483781228212,5351.3393611944775
2020-06-05,MARUTI,INE585B01010,,5728.3,5785.0,5671.1,5746.2,1236660,7100338170.65,0.9404483781228212,5404.004470369355
2020-06-08,MARUTI,INE585B01010,,5850.0,5850.0,5701.5,5734.8,1176769,6781555122.85,0.9404483781228212,5393.2833588587555
2020-06-09,MARUTI,INE585B01010,,5754.0,5787.0,5620.0,5662.3,1336815,7613592636.55,0.9404483781228212,5325.10085144485
2020-06-10,MARUTI,INE585B01010,,5655.0,5740.0,5615.0,5675.6,1432292,8142851994.25,0.9404483781228212,5337.6088148738845
2020-06-11,MARUTI,INE585B01010,,5637.0,5689.0,5400.3,5426.15,1766482,9791403129.25,0.9404483781228212,5103.013966951146
2020-06-12,MARUTI,INE585B01010,,5201.0,5608.3,5201.0,5561.75,2064628,11114600580.15,0.9404483781228212,5230.538767024601
2020-06-15,MARUTI,INE585B01010,,5520.0,5585.0,5391.05,5475.75,1530606,8395405157.9,0.9404483781228212,5149.660206506039
2020-06-16,MARUTI,INE585B01010,,5590.0,5612.55,5400.0,5502.2,1184933,6536316484.05,0.9404483781228212,5174.535066107387
2020-06-17,MARUTI,INE585B01010,,5445.0,5813.45,5445.0,5726.2,3454869,19713948719.2,0.9404483781228212,5385.195502806899
2020-06-18,MARUTI,INE585B01010,,5695.0,5758.0,5641.0,5714.4,1580217,9014423191.75,0.9404483781228212,5374.098211945049
2020-06-19,MARUTI,INE585B01010,,5751.0,5935.0,5707.0,5897.35,1854591,10845615849.4,0.9404483781228212,5546.15324272262
2020-06-22,MARUTI,INE585B01010,,5900.0,5975.0,5806.35,5896.0,1497825,8813472099.55,0.9404483781228212,5544.883637412154
2020-06-23,MARUTI,INE585B01010,,5900.0,6007.2,5862.55,5886.5,1398189,8283378649.65,0.9404483781228212,5535.949377819988
2020-06-24,MARUTI,INE585B01010,,5938.0,5938.0,5730.0,5755.35,1268492,7393445097.35,0.9404483781228212,5412.609573029179
2020-06-25,MARUTI,INE585B01010,,5677.0,5846.8,5651.0,5762.3,1266213,7316229888.75,0.9404483781228212,5419.145689257133
2020-06-26,MARUTI,INE585B01010,,5800.0,5810.0,5695.0,5754.9,1063059,6098075256.7,0.9404483781228212,5412.186371259024
2020-06-29,MARUTI,INE585B01010,,5730.0,5800.0,5650.0,5678.7,1102655,6288100845.4,0.9404483781228212,5340.524204846065
2020-06-30,MARUTI,INE585B01010,,5750.0,5874.5,5681.45,5838.3,2015839,11704148721.6,0.9404483781228212,5490.619765994467
2020-07-01,MARUTI,INE585B01010,,5838.3,5885.0,5775.0,5803.1,1284965,7472620274.0,0.9404483781228212,5457.515983084544
2020-07-02,MARUTI,INE585B01010,,5850.0,5960.0,5762.8,5948.45,1470951,8629517143.7,0.9404483781228212,5594.210154844695
2020-07-03,MARUTI,INE585B01010,,5948.45,5988.6,5883.05,5932.1,1059779,6290394582.9,0.9404483781228212,5578.833823862388
2020-07-06,MARUTI,INE585B01010,,5963.45,6147.7,5925.0,6123.6,1385087,8373486835.4,0.9404483781228212,5758.929688272909
2020-07-07,MARUTI,INE585B01010,,6140.0,6250.0,6092.65,6226.75,1799721,11135525711.75,0.9404483781228212,5855.936938476277
2020-07-08,MARUTI,INE585B01010,,6226.75,6235.0,6022.6,6044.4,1204104,7374233971.9,0.9404483781228212,5684.446176725581
2020-07-09,MARUTI,INE585B01010,,6080.0,6096.0,5931.35,6002.35,1043433,6254630547.85,0.9404483781228212,5644.900322425517
2020-07-10,MARUTI,INE585B01010,,5980.0,6085.1,5921.0,5955.65,1168905,6998094624.0,0.9404483781228212,5600.98138316718
2020-07-13,MARUTI,INE585B01010,,6000.0,6059.25,5927.8,5988.85,1035124,6198373072.0,0.9404483781228212,5632.204269320859
2020-07-14,MARUTI,INE585B01010,,5951.0,5958.75,5750.0,5771.75,1602939,9325107046.1,0.9404483781228212,5428.032926430394
2020-07-15,MARUTI,INE585B01010,,5810.0,5879.8,5755.0,5801.3,1246712,7252996208.35,0.9404483781228212,5455.8231760039225
2020-07-16,MARUTI,INE585B01010,,5809.0,5920.0,5752.0,5875.35,1018659,5958954596.05,0.9404483781228212,5525.463378403918
2020-07-17,MARUTI,INE585B01010,,5898.0,5956.0,5851.0,5919.5,810164,4787528745.9,0.9404483781228212,5566.984174298041
2020-07-20,MARUTI,INE585B01010,,5935.0,5936.0,5812.0,5867.5,912611,5351596920.5,0.9404483781228212,5518.080858635653
2020-07-21,MARUTI,INE585B01010,,5919.5,6150.0,5900.0,6130.85,1854694,11277149637.6,0.9404483781228212,5765.747939014299
2020-07-22,MARUTI,INE585B01010,,6117.0,6129.0,5939.7,6003.4,1140094,6879614116.95,0.9404483781228212,5645.887793222545
2020-07-23,MARUTI,INE585B01010,,6013.0,6090.0,5967.95,6065.95,701702,4243833460.1,0.9404483781228212,5704.712839274127
2020-07-24,MARUTI,INE585B01010,,6010.0,6047.35,5932.1,6000.7,793324,4748187299.55,0.9404483781228212,5643.348582601613
2020-07-27,MARUTI,INE585B01010,,6008.0,6062.85,5928.05,6043.3,902597,5416657162.1,0.9404483781228212,5683.411683509646
2020-07-28,MARUTI,INE585B01010,,6050.0,6320.35,6031.15,6282.8,1774866,11016175527.0,0.9404483781228212,5908.6490700700615
2020-07-29,MARUTI,INE585B01010,,6269.95,6295.0,6118.95,6185.15,2057207,12748214359.5,0.9404483781228212,5816.814285946368
2020-07-30,MARUTI,INE585B01010,,6184.05,6393.65,6170.05,6265.4,2217867,14014045828.35,0.9404483781228212,5892.285268290724
2020-07-31,MARUTI,INE585B01010,,6265.0,6379.85,6209.0,6262.75,1613555,10145560781.1,0.9404483781228212,5889.793080088699
2020-08-03,MARUTI,INE585B01010,,6380.0,6437.45,6125.05,6165.2,1836582,11473891228.3,0.9404483781228212,5798.0523408028175
2020-08-04,MARUTI,INE585B01010,,6199.0,6376.85,6185.0,6358.95,1223516,7709552984.55,0.9404483781228212,5980.264214064114
2020-08-05,MARUTI,INE585B01010,,6388.9,6597.7,6380.0,6526.25,2278683,14865889021.95,0.9404483781228212,6137.6012277240625
2020-08-06,MARUTI,INE585B01010,,6534.95,6585.85,6434.4,6555.75,1233253,8014764094.6,0.9404483781228212,6165.344454878686
2020-08-07,MARUTI,INE585B01010,,6498.0,6749.5,6481.85,6679.0,1568000,10420400274.55,0.9404483781228212,6281.254717482323
2020-08-10,MARUTI,INE585B01010,,6690.0,6728.7,6576.0,6608.9,1601753,10644045510.15,0.9404483781228212,6215.329286175913
2020-08-11,MARUTI,INE585B01010,,6665.0,6713.5,6611.0,6649.2,880811,5863468565.65,0.9404483781228212,6253.229355814263
2020-08-12,MARUTI,INE585B01010,,6609.95,6778.05,6592.1,6730.3,1114994,7479427644.7,0.9404483781228212,6329.499719280024
2020-08-13,MARUTI,INE585B01010,,6729.95,6772.0,6655.0,6731.65,1087096,7306279354.8,0.9489078031392927,6387.715213002619
2020-08-14,MARUTI,INE585B01010,,6740.0,6745.15,6552.05,6588.2,905798,6012249380.45,0.9489078031392927,6251.594388642288
2020-08-17,MARUTI,INE585B01010,,6660.0,6789.95,6588.2,6768.4,1028545,6894690547.4,0.9489078031392927,6422.587574767988
2020-08-18,MARUTI,INE585B01010,,6768.4,6924.9,6760.9,6893.1,1322542,9081851848.6,0.9489078031392927,6540.916377819459
2020-08-19,MARUTI,INE585B01010,,6924.0,7014.7,6885.05,6990.3,1326450,9241898711.45,0.9489078031392927,6633.150216284598
2020-08-20,MARUTI,INE585B01010,,6891.1,6999.0,6880.05,6974.7,958233,6670835970.25,0.9489078031392927,6618.347254555624
2020-08-21,MARUTI,INE585B01010,,7048.0,7065.0,6951.0,6973.0,971836,6800445838.3,0.9489078031392927,6616.734111290288
2020-08-24,MARUTI,INE585B01010,,6985.0,7100.0,6955.0,7082.5,961178,6764815408.55,0.9489078031392927,6720.63951573404
2020-08-25,MARUTI,INE585B01010,,7100.0,7175.7,7075.65,7109.95,1047628,7470310210.9,0.9489078031392927,6746.6870349302135
2020-08-26,MARUTI,INE585B01010,,7110.0,7158.0,6972.0,7008.65,992395,7005514681.5,0.9489078031392927,6650.562674472203
2020-08-27,MARUTI,INE585B01010,,7043.0,7127.7,6960.8,7098.0,1158982,8141905586.9,0.9489078031392927,6735.347586682699
2020-08-28,MARUTI,INE585B01010,,7125.0,7156.0,7028.45,7104.1,1019984,7243516750.3,0.9489078031392927,6741.13592428185
2020-08-31,MARUTI,INE585B01010,,7138.0,7160.0,6790.45,6839.95,1580778,10950643154.45,0.9489078031392927,6490.481928082605
2020-09-01,MARUTI,INE585B01010,,6860.45,7018.7,6802.0,6905.65,1117127,7741513231.55,0.9489078031392927,6552.825170748856
2020-09-02,MARUTI,INE585B01010,,6905.5,6980.0,6852.4,6920.75,776393,5367900766.5,0.9489078031392927,6567.15367857626
2020-09-03,MARUTI,INE585B01010,,6925.0,7116.9,6920.75,7072.6,947751,6680820760.15,0.9489078031392927,6711.245328482962
2020-09-04,MARUTI,INE585B01010,,6985.0,7324.0,6965.05,7190.1,2185296,15782764147.0,0.9489078031392927,6822.741995351828
2020-09-07,MARUTI,INE585B01010,,7225.0,7300.0,7129.25,7209.15,1348919,9727944733.05,0.9489078031392927,6840.818689001631
2020-09-08,MARUTI,INE585B01010,,7220.0,7278.0,7137.65,7224.0,1145075,8272033370.55,0.9489078031392927,6854.90996987825
2020-09-09,MARUTI,INE585B01010,,7200.0,7256.35,7121.2,7215.25,1273303,9148349628.65,0.9489078031392927,6846.607026600782
2020-09-10,MARUTI,INE585B01010,,7264.0,7299.4,7168.0,7231.65,978701,7078892166.6,0.9489078031392927,6862.169114572265
2020-09-11,MARUTI,INE585B01010,,7279.95,7349.9,7175.0,7193.6,1383019,10025004989.8,0.9489078031392927,6826.063172662816
2020-09-14,MARUTI,INE585B01010,,7219.0,7239.6,7085.0,7128.85,1003493,7177000743.3,0.9489078031392927,6764.621392409547
2020-09-15,MARUTI,INE585B01010,,7164.0,7175.0,7005.0,7052.8,894418,6325031614.55,0.9489078031392927,6692.4569539808035
2020-09-16,MARUTI,INE585B01010,,7074.0,7169.0,7041.0,7057.95,920587,6529334712.4,0.9489078031392927,6697.343829166971
2020-09-17,MARUTI,INE585B01010,,7049.5,7112.9,6941.0,7085.85,1133421,7942843434.5,0.9489078031392927,6723.818356874557
2020-09-18,MARUTI,INE585B01010,,7148.0,7149.0,6931.6,6964.75,1143560,8026579901.15,0.9489078031392927,6608.905621914389
2020-09-21,MARUTI,INE585B01010,,6964.75,6986.9,6590.0,6626.95,1290483,8726377367.25,0.9489078031392927,6288.3645660139355
2020-09-22,MARUTI,INE585B01010,,6675.0,6685.95,6312.35,6440.55,2666025,17211515580.25,0.9489078031392927,6111.488151508772
2020-09-23,MARUTI,INE585B01010,,6462.0,6549.95,6380.0,6501.3,1456257,9438128597.85,0.9489078031392927,6169.134300549484
2020-09-24,MARUTI,INE585B01010,,6435.0,6486.8,6270.15,6297.7,1237679,7825072047.85,0.9489078031392927,5975.936671830324
2020-09-25,MARUTI,INE585B01010,,6395.0,6518.55,6331.0,6497.7,1316469,8469288870.8,0.9489078031392927,6165.718232458182
2020-09-28,MARUTI,INE585B01010,,6579.0,6720.0,6542.3,6703.0,1099630,7334706220.85,0.9489078031392927,6360.529004442679
2020-09-29,MARUTI,INE585B01010,,6749.0,6813.3,6671.0,6742.75,1199391,8089942113.7,0.9489078031392927,6398.248089617466
2020-09-30,MARUTI,INE585B01010,,6710.0,6779.95,6671.0,6743.45,812841,5469018802.05,0.9489078031392927,6398.912325079663
2020-10-01,MARUTI,INE585B01010,,6838.2,6909.0,6775.4,6796.3,1256003,8593584731.7,0.9489078031392927,6449.062102475575
2020-10-05,MARUTI,INE585B01010,,6865.0,6877.6,6745.0,6818.85,833481,5679478383.55,0.9489078031392927,6470.459973436366
2020-10-06,MARUTI,INE585B01010,,6858.0,6939.8,6830.0,6892.4,756215,5212875293.7,0.9489078031392927,6540.252142357261
2020-10-07,MARUTI,INE585B01010,,6920.0,7070.0,6865.55,7046.9,1101957,7702618064.2,0.9489078031392927,6686.858397942281
2020-10-08,MARUTI,INE585B01010,,7090.0,7140.0,7021.0,7079.85,851205,6021647929.25,0.9489078031392927,6718.124910055722
2020-10-09,MARUTI,INE585B01010,,7060.0,7159.0,7001.0,7062.4,839682,5946764105.75,0.9489078031392927,6701.56646889094
2020-10-12,MARUTI,INE585B01010,,7110.0,7155.0,7005.0,7136.65,799713,5672329507.4,0.9489078031392927,6772.0228732740325
2020-10-13,MARUTI,INE585B01010,,7135.0,7185.0,7022.0,7032.9,819418,5817801716.8,0.9489078031392927,6673.573688698331
2020-10-14,MARUTI,INE585B01010,,7040.0,7075.0,6927.45,7002.35,779634,5445484594.05,0.9489078031392927,6644.584555312426
2020-10-15,MARUTI,INE585B01010,,7029.0,7049.9,6857.7,6892.6,681321,4749674139.9,0.9489078031392927,6540.441923917889
2020-10-16,MARUTI,INE585B01010,,6895.0,6980.0,6863.0,6894.9,657914,4552922593.95,0.9489078031392927,6542.624411865108
2020-10-19,MARUTI,INE585B01010,,6975.0,6980.0,6825.0,6851.95,548472,3769948634.95,0.9489078031392927,6501.868821720276
2020-10-20,MARUTI,INE585B01010,,6817.0,6949.0,6810.0,6844.6,659864,4538109284.65,0.9489078031392927,6494.894349367203
2020-10-21,MARUTI,INE585B01010,,6904.0,6947.6,6764.65,6861.85,911969,6270864676.75,0.9489078031392927,6511.263008971356
2020-10-22,MARUTI,INE585B01010,,6828.0,6860.0,6775.2,6811.55,584542,3979569604.85,0.9489078031392927,6463.53294647345
2020-10-23,MARUTI,INE585B01010,,6858.0,7124.7,6832.0,7103.25,1758999,12350226605.5,0.9489078031392927,6740.329352649181
2020-10-26,MARUTI,INE585B01010,,7100.0,7161.3,6935.05,7054.8,1559361,11003386754.05,0.9489078031392927,6694.354769587082
2020-10-27,MARUTI,INE585B01010,,7067.0,7209.75,7053.0,7158.4,1461819,10437182840.5,0.9489078031392927,6792.661617992312
2020-10-28,MARUTI,INE585B01010,,7194.95,7332.0,7110.0,7186.05,1645177,11912283599.25,0.9489078031392927,6818.898918749114
2020-10-29,MARUTI,INE585B01010,,7114.0,7199.0,6986.7,7117.7,1434853,10176581548.45,0.9489078031392927,6754.0410704045435
2020-10-30,MARUTI,INE585B01010,,7079.05,7110.0,6881.0,6965.15,1360249,9494032473.25,0.9489078031392927,6609.285185035644
2020-11-02,MARUTI,INE585B01010,,7044.9,7053.4,6850.0,6868.35,1059351,7330421439.95,0.9489078031392927,6517.430909691761
2020-11-03,MARUTI,INE585B01010,,6940.0,6963.25,6852.45,6913.35,926491,6403774788.8,0.9489078031392927,6560.131760833029
2020-11-04,MARUTI,INE585B01010,,6913.35,7054.0,6909.5,6954.05,901404,6288738535.0,0.9489078031392927,6598.752308420799
2020-11-05,MARUTI,INE585B01010,,7020.0,7104.9,6979.65,7092.8,843221,5951443565.8,0.9489078031392927,6730.413266106375
2020-11-06,MARUTI,INE585B01010,,7092.0,7135.0,6890.0,6907.6,1378439,9618251913.7,0.9489078031392927,6554.675540964979
2020-11-09,MARUTI,INE585B01010,,6989.95,7032.6,6815.0,6872.15,1479540,10190352638.65,0.9489078031392927,6521.0367593436895
2020-11-10,MARUTI,INE585B01010,,6973.1,6974.0,6761.45,6793.45,1695413,11538752657.75,0.9489078031392927,6446.357715236628
2020-11-11,MARUTI,INE585B01010,,6859.0,6904.0,6753.1,6857.35,1481918,10150503579.5,0.9489078031392927,6506.9929238572295
2020-11-12,MARUTI,INE585B01010,,6857.0,6930.0,6792.0,6836.85,1418041,9712361756.45,0.9489078031392927,6487.540313892873
2020-11-13,MARUTI,INE585B01010,,6880.0,6880.0,6786.0,6809.25,970632,6619868811.3,0.9489078031392927,6461.350458526229
2020-11-17,MARUTI,INE585B01010,,6865.0,6996.9,6863.0,6981.45,1243068,8633180855.5,0.9489078031392927,6624.752382226815
2020-11-18,MARUTI,INE585B01010,,6979.95,7070.0,6948.0,7054.3,1400300,9826094883.05,0.9489078031392927,6693.880315685513
2020-11-19,MARUTI,INE585B01010,,7031.0,7130.0,6915.2,6963.3,1305695,9223529939.5,0.9489078031392927,6607.529705599837
2020-11-20,MARUTI,INE585B01010,,6959.55,7020.0,6904.0,6965.85,923474,6432988472.95,0.9489078031392927,6609.949420497842
2020-11-23,MARUTI,INE585B01010,,7040.0,7044.0,6932.6,6987.75,735755,5137424418.45,0.9489078031392927,6630.730501386593
2020-11-24,MARUTI,INE585B01010,,7050.0,7209.0,7050.0,7158.4,1910670,13684965590.6,0.9489078031392927,6792.661617992312
2020-11-25,MARUTI,INE585B01010,,7250.0,7252.35,7017.0,7055.7,947742,6769610176.95,0.9489078031392927,6695.208786609907
2020-11-26,MARUTI,INE585B01010,,7080.0,7098.0,6903.0,6994.25,1068945,7441141747.75,0.9489078031392927,6636.898402106998
2020-11-27,MARUTI,INE585B01010,,7040.3,7111.0,6930.0,7035.8,2123905,14971337733.1,0.9489078031392927,6676.325521327436
2020-12-01,MARUTI,INE585B01010,,7141.8,7141.8,6975.2,7101.7,1076695,7610088466.3,0.9489078031392927,6738.858545554314
2020-12-02,MARUTI,INE585B01010,,7110.0,7220.0,7105.0,7206.5,1106734,7947928581.4,0.9489078031392927,6838.304083323313
2020-12-03,MARUTI,INE585B01010,,7250.0,7782.85,7249.6,7739.1,3846792,29136125689.65,0.9489078031392927,7343.6923792753005
2020-12-04,MARUTI,INE585B01010,,7798.0,7882.65,7641.25,7803.15,2393536,18632382682.95,0.9489078031392927,7404.469924066371
2020-12-07,MARUTI,INE585B01010,,7828.8,7835.0,7690.0,7743.4,1037296,8055989987.25,0.9489078031392927,7347.772682828799
2020-12-08,MARUTI,INE585B01010,,7748.0,8013.15,7700.0,7762.7,1885285,14758358263.9,0.9489078031392927,7366.086603429387
2020-12-09,MARUTI,INE585B01010,,7775.0,7799.95,7692.0,7709.25,822760,6357425825.3,0.9489078031392927,7315.367481351592
2020-12-10,MARUTI,INE585B01010,,7760.0,7850.0,7710.0,7736.0,1186739,9228330393.2,0.9489078031392927,7340.750765085568
2020-12-11,MARUTI,INE585B01010,,7779.95,7795.7,7700.0,7733.55,706875,5470294540.8,0.9489078031392927,7338.425940967877
2020-12-14,MARUTI,INE585B01010,,7810.0,7825.0,7655.0,7696.8,1038032,8007211706.1,0.9489078031392927,7303.553579202508
2020-12-15,MARUTI,INE585B01010,,7696.8,7790.0,7640.55,7765.25,891801,6885495987.85,0.9489078031392927,7368.506318327392
2020-12-16,MARUTI,INE585B01010,,7820.0,7899.0,7770.0,7796.35,963504,7534866640.5,0.9489078031392927,7398.0173510050245
2020-12-17,MARUTI,INE585B01010,,7799.9,7831.9,7625.0,7694.0,734075,5684646346.3,0.9489078031392927,7300.896637353718
2020-12-18,MARUTI,INE585B01010,,7714.0,7727.0,7541.75,7559.75,1078328,8197185519.25,0.9489078031392927,7173.505764782268
2020-12-21,MARUTI,INE585B01010,,7560.0,7599.0,7278.1,7376.1,970306,7274622541.95,0.9489078031392927,6999.238846735737
2020-12-22,MARUTI,INE585B01010,,7380.0,7438.0,7205.1,7395.4,1138240,8336178647.5,0.9489078031392927,7017.552767336325
2020-12-23,MARUTI,INE585B01010,,7400.4,7555.6,7394.0,7449.95,951805,7114645570.3,0.9489078031392927,7069.315687997573
2020-12-24,MARUTI,INE585B01010,,7507.25,7532.75,7414.2,7446.05,589281,4398147154.5,0.9489078031392927,7065.61494756533
2020-12-28,MARUTI,INE585B01010,,7465.0,7543.0,7454.0,7483.0,521320,3905798161.95,0.9489078031392927,7100.677090891327
2020-12-29,MARUTI,INE585B01010,,7520.0,7545.0,7418.3,7452.35,538719,4024091462.3,0.9489078031392927,7071.593066725108
2020-12-30,MARUTI,INE585B01010,,7497.0,7635.0,7430.0,7612.9,1029800,7771795536.1,0.9489078031392927,7223.940214519121
2020-12-31,MARUTI,INE585B01010,,7614.65,7697.0,7580.0,7649.6,908515,6947119527.4,0.9489078031392927,7258.765130894333
2021-01-01,MARUTI,INE585B01010,,7654.0,7748.5,7650.0,7691.3,767574,5914093729.8,0.9489078031392927,7298.334586285242
2021-01-04,MARUTI,INE585B01010,,7739.0,7755.2,7642.6,7702.3,598645,4607846932.35,0.9489078031392927,7308.772572119774
2021-01-05,MARUTI,INE585B01010,,7660.0,7673.0,7586.0,7655.45,562668,4296203492.3,0.9489078031392927,7264.316241542698
2021-01-06,MARUTI,INE585B01010,,7654.0,7749.0,7555.5,7628.6,840678,6448736327.0,0.9489078031392927,7238.838067028409
2021-01-07,MARUTI,INE585B01010,,7676.0,7704.4,7552.1,7566.05,642968,4899611001.5,0.9489078031392927,7179.483883942045
2021-01-08,MARUTI,INE585B01010,,7600.0,8060.0,7600.0,8014.9,2557157,20202726188.9,0.9489078031392927,7605.4011513811165
2021-01-11,MARUTI,INE585B01010,,8099.0,8288.0,7882.4,8232.75,2182019,17748815820.2,0.9489078031392927,7812.120716295012
2021-01-12,MARUTI,INE585B01010,,8161.0,8329.0,8140.0,8188.05,1514072,12454631354.7,0.9489078031392927,7769.704537494686
2021-01-13,MARUTI,INE585B01010,,8188.0,8250.0,8111.0,8139.85,877225,7175659474.25,0.9489078031392927,7723.967181383372
2021-01-14,MARUTI,INE585B01010,,8164.8,8180.0,8023.45,8149.45,718274,5832147158.25,0.9489078031392927,7733.076696293509
2021-01-15,MARUTI,INE585B01010,,8157.15,8219.5,8000.05,8024.75,751177,6071903149.3,0.9489078031392927,7614.747893242039
2021-01-18,MARUTI,INE585B01010,,8011.0,8023.95,7745.0,7830.65,771183,6050863814.1,0.9489078031392927,7430.5648886527015
2021-01-19,MARUTI,INE585B01010,,7900.0,7990.3,7835.0,7922.6,779892,6177473124.6,0.9489078031392927,7517.81696115136
2021-01-20,MARUTI,INE585B01010,,7882.0,8170.0,7860.25,8144.95,999226,8051274046.1,0.9489078031392927,7728.806611179381
2021-01-21,MARUTI,INE585B01010,,8205.0,8267.0,8021.45,8076.75,769494,6305613188.4,0.9489078031392927,7664.091099005283
2021-01-22,MARUTI,INE585B01010,,8085.0,8308.0,8000.0,8048.85,1172914,9575212952.35,0.9489078031392927,7637.616571297696
2021-01-25,MARUTI,INE585B01010,,8117.0,8164.7,7950.1,7981.5,753043,6077426597.3,0.9489078031392927,7573.707630756265
2021-01-27,MARUTI,INE585B01010,,7992.95,8090.0,7820.5,7870.9,1080785,8616597069.65,0.9489078031392927,7468.758427729058
2021-01-28,MARUTI,INE585B01010,,7840.0,7984.55,7562.0,7588.5,2085637,16195927096.6,0.9489078031392927,7200.786864122522
2021-01-29,MARUTI,INE585B01010,,7685.0,7685.0,7170.0,7206.65,3069968,22648090785.35,0.9489078031392927,6838.446419493784
2021-02-01,MARUTI,INE585B01010,,7265.2,7475.0,7152.0,7399.8,1611478,11788410804.05,0.9489078031392927,7021.727961670138
2021-02-02,MARUTI,INE585B01010,,7534.9,7769.75,7490.15,7654.7,1700845,13013701956.1,0.9489078031392927,7263.6045606903435
2021-02-03,MARUTI,INE585B01010,,7680.0,7716.45,7475.85,7589.2,1491567,11305335855.3,0.9489078031392927,7201.4510995847195
2021-02-04,MARUTI,INE585B01010,,7600.0,7765.0,7529.05,7640.0,1198036,9192774643.55,0.9489078031392927,7249.655615984196
2021-02-05,MARUTI,INE585B01010,,7680.0,7736.0,7461.0,7494.15,1128089,8507656251.4,0.9489078031392927,7111.25741289633
2021-02-08,MARUTI,INE585B01010,,7515.0,7638.0,7474.5,7574.6,912372,6910521423.5,0.9489078031392927,7187.597045658887
2021-02-09,MARUTI,INE585B01010,,7581.0,7680.0,7574.0,7627.05,925127,7065957943.25,0.9489078031392927,7237.367259933542
2021-02-10,MARUTI,INE585B01010,,7605.2,7674.9,7506.05,7621.7,1015600,7707814316.55,0.9489078031392927,7232.290603186747
2021-02-11,MARUTI,INE585B01010,,7600.0,7744.0,7567.65,7667.35,818869,6280585001.5,0.9489078031392927,7275.608244400056
2021-02-12,MARUTI,INE585B01010,,7620.1,7675.0,7525.9,7568.5,756833,5754783099.1,0.9489078031392927,7181.808708059737
2021-02-15,MARUTI,INE585B01010,,7600.0,7649.1,7580.0,7596.65,470093,3578080133.05,0.9489078031392927,7208.520462718107
2021-02-16,MARUTI,INE585B01010,,7639.0,7799.0,7625.25,7697.05,1321126,10196138362.05,0.9489078031392927,7303.790806153293
2021-02-17,MARUTI,INE585B01010,,7679.95,7691.5,7471.3,7503.2,1023548,7742498278.5,0.9489078031392927,7119.845028514741
2021-02-18,MARUTI,INE585B01010,,7574.85,7579.05,7460.0,7497.55,821462,6174906515.9,0.9489078031392927,7114.4836994270045
2021-02-19,MARUTI,INE585B01010,,7448.0,7486.4,7285.0,7323.0,1013887,7485008224.1,0.9489078031392927,6948.85184238904
2021-02-22,MARUTI,INE585B01010,,7323.0,7325.0,7056.0,7086.45,1502068,10742107736.65,0.9489078031392927,6724.38770155644
2021-02-23,MARUTI,INE585B01010,,7118.8,7122.35,6938.0,6970.5,1589884,11136035988.55,0.9489078031392927,6614.36184178244
2021-02-24,MARUTI,INE585B01010,,6905.0,7036.0,6877.5,6952.95,1225254,8539921159.0,0.9489078031392927,6597.7085098373445
2021-02-25,MARUTI,INE585B01010,,7065.0,7069.0,6915.0,6930.35,1740066,12103731876.15,0.9489078031392927,6576.2631934863975
2021-02-26,MARUTI,INE585B01010,,6900.0,7075.0,6822.2,6866.15,2687534,18643537042.3,0.9489078031392927,6515.343312524854
2021-03-01,MARUTI,INE585B01010,,6977.0,7032.85,6917.05,7015.0,1417600,9905278802.95,0.9489078031392927,6656.588239022139
2021-03-02,MARUTI,INE585B01010,,7060.0,7235.0,7030.0,7214.1,1395296,9959731633.85,0.9489078031392927,6845.515782627172
2021-03-03,MARUTI,INE585B01010,,7245.6,7262.3,7101.2,7124.7,796258,5679458771.7,0.9489078031392927,6760.683425026518
2021-03-04,MARUTI,INE585B01010,,7080.0,7175.2,7011.0,7131.6,906310,6442288873.9,0.9489078031392927,6767.23088886818
2021-03-05,MARUTI,INE585B01010,,7130.0,7315.0,7070.0,7249.0,1821165,13179507568.65,0.9489078031392927,6878.632664956733
2021-03-08,MARUTI,INE585B01010,,7264.9,7338.8,7216.0,7259.5,977572,7114722046.3,0.9489078031392927,6888.596196889695
2021-03-09,MARUTI,INE585B01010,,7329.4,7329.4,7256.0,7301.55,678485,4947088435.65,0.9489078031392927,6928.497770011702
2021-03-10,MARUTI,INE585B01010,,7320.0,7387.0,7251.0,7272.1,659270,4825062453.9,0.9489078031392927,6900.552435209251
2021-03-12,MARUTI,INE585B01010,,7300.0,7313.0,7061.4,7096.2,946720,6770110491.2,0.9489078031392927,6733.639552637049
2021-03-15,MARUTI,INE585B01010,,7145.0,7162.95,7011.0,7089.3,700309,4951947146.4,0.9489078031392927,6727.092088795388
2021-03-16,MARUTI,INE585B01010,,7100.0,7200.0,7100.0,7150.3,796357,5698859492.45,0.9489078031392927,6784.975464786885
2021-03-17,MARUTI,INE585B01010,,7160.0,7169.95,7043.5,7064.65,688581,4888228216.2,0.9489078031392927,6703.701511448004
2021-03-18,MARUTI,INE585B01010,,7125.0,7242.0,7060.0,7113.75,984545,7049256728.4,0.9489078031392927,6750.292884582143
2021-03-19,MARUTI,INE585B01010,,7059.95,7149.95,6905.5,7113.55,838756,5890089951.25,0.9489078031392927,6750.103103021515
2021-03-22,MARUTI,INE585B01010,,7104.0,7142.5,7050.2,7101.25,533767,3783347551.15,0.9489078031392927,6738.431537042902
2021-03-23,MARUTI,INE585B01010,,7138.0,7225.0,7130.0,7186.25,757590,5446752223.35,0.9489078031392927,6819.088700309742
2021-03-24,MARUTI,INE585B01010,,7136.0,7158.4,7049.95,7066.2,457147,3242562774.15,0.9489078031392927,6705.17231854287
2021-03-25,MARUTI,INE585B01010,,7050.0,7059.0,6755.25,6786.85,1338767,9160524406.75,0.9489078031392927,6440.094923735909
2021-03-26,MARUTI,INE585B01010,,6889.0,6898.95,6771.0,6784.45,911299,6204382981.0,0.9489078031392927,6437.8175450083745
2021-03-30,MARUTI,INE585B01010,,6811.0,6875.0,6740.0,6851.8,1088917,7410484724.1,0.9489078031392927,6501.726485549806
2021-03-31,MARUTI,INE585B01010,,6852.3,6939.9,6795.2,6859.2,735382,5055637429.15,0.9489078031392927,6508.748403293036
2021-04-01,MARUTI,INE585B01010,,6950.0,6991.5,6855.0,6923.9,660759,4577878601.15,0.9489078031392927,6570.142738156148
2021-04-05,MARUTI,INE585B01010,,6908.5,6908.5,6724.6,6768.55,668129,4533393260.8,0.9489078031392927,6422.729910938459
2021-04-06,MARUTI,INE585B01010,,6818.25,6846.95,6720.0,6751.3,628262,4263820393.3,0.9489078031392927,6406.361251334307
2021-04-07,MARUTI,INE585B01010,,6790.0,6885.0,6775.05,6865.0,598115,4095525836.1,0.9489078031392927,6514.2520685512445
2021-04-08,MARUTI,INE585B01010,,6881.0,6939.3,6806.85,6826.85,604553,4162769048.75,0.9489078031392927,6478.051235861481
2021-04-09,MARUTI,INE585B01010,,6850.0,6875.25,6778.0,6827.1,641327,4378773598.0,0.9489078031392927,6478.288462812266
2021-04-12,MARUTI,INE585B01010,,6739.85,6739.85,6502.15,6520.6,1020746,6702032190.25,0.9489078031392927,6187.448221150073
2021-04-13,MARUTI,INE585B01010,,6520.0,6845.4,6468.8,6815.8,995718,6704776133.05,0.9489078031392927,6467.565804636792
2021-04-15,MARUTI,INE585B01010,,6846.6,6846.85,6551.0,6644.25,1267365,8415409818.65,0.9489078031392927,6304.780671008245
2021-04-16,MARUTI,INE585B01010,,6675.0,6784.85,6606.05,6648.1,1000325,6682314283.55,0.9489078031392927,6308.433966050332
2021-04-19,MARUTI,INE585B01010,,6500.35,6530.0,6415.0,6511.75,772219,5001876840.25,0.9489078031392927,6179.050387092289
2021-04-20,MARUTI,INE585B01010,,6615.0,6678.7,6558.55,6646.65,914142,6048800237.55,0.9489078031392927,6307.05804973578
2021-04-22,MARUTI,INE585B01010,,6625.95,6674.9,6545.0,6650.1,667911,4428993452.85,0.9489078031392927,6310.3317816566105
2021-04-23,MARUTI,INE585B01010,,6560.0,6714.7,6560.0,6676.1,709306,4717836315.35,0.9489078031392927,6335.003384538232
2021-04-26,MARUTI,INE585B01010,,6690.2,6789.0,6600.0,6638.9,937344,6259902831.8,0.9489078031392927,6299.70401426145
2021-04-27,MARUTI,INE585B01010,,6669.95,6709.0,6542.0,6568.75,1610651,10663598294.6,0.9489078031392927,6233.138131871229
2021-04-28,MARUTI,INE585B01010,,6568.75,6650.0,6545.0,6573.8,1406270,9279437297.75,0.9489078031392927,6237.930116277083
2021-04-29,MARUTI,INE585B01010,,6635.0,6647.45,6552.0,6565.65,757075,4982135010.1,0.9489078031392927,6230.1965176814965
2021-04-30,MARUTI,INE585B01010,,6537.1,6559.6,6421.0,6455.65,849997,5525418155.0,0.9489078031392927,6125.816659336175
2021-05-03,MARUTI,INE585B01010,,6430.0,6622.0,6400.0,6597.85,834923,5484391485.25,0.9489078031392927,6260.751348942583
2021-05-04,MARUTI,INE585B01010,,6639.95,6648.5,6482.0,6508.25,507170,3319177168.75,0.9489078031392927,6175.7292097813015
2021-05-05,MARUTI,INE585B01010,,6557.7,6599.0,6483.0,6590.1,499160,3269998391.45,0.9489078031392927,6253.397313468253
2021-05-06,MARUTI,INE585B01010,,6590.0,6709.0,6575.7,6666.65,520125,3466216114.7,0.9489078031392927,6326.036205798565
2021-05-07,MARUTI,INE585B01010,,6679.0,6754.55,6640.0,6703.05,605050,4052043615.0,0.9489078031392927,6360.576449832836
2021-05-10,MARUTI,INE585B01010,,6675.2,6773.15,6660.1,6764.0,541534,3649158066.95,0.9489078031392927,6418.412380434176
2021-05-11,MARUTI,INE585B01010,,6680.15,6749.0,6660.25,6736.65,406046,2724441701.35,0.9489078031392927,6392.459752018316
2021-05-12,MARUTI,INE585B01010,,6730.0,6840.0,6685.0,6817.55,770204,5215271527.5,0.9489078031392927,6469.226393292285
2021-05-14,MARUTI,INE585B01010,,6840.0,6842.15,6700.2,6736.4,647029,4364773225.5,0.9489078031392927,6392.222525067531
2021-05-17,MARUTI,INE585B01010,,6716.5,6838.4,6697.55,6717.85,995827,6736207944.85,0.9489078031392927,6374.620285319298
2021-05-18,MARUTI,INE585B01010,,6788.0,6864.0,6715.45,6811.1,805827,5478337822.85,0.9489078031392927,6463.1059379620365
2021-05-19,MARUTI,INE585B01010,,6799.0,6854.95,6760.0,6775.9,432774,2941308356.6,0.9489078031392927,6429.704383291533
2021-05-20,MARUTI,INE585B01010,,6780.8,6814.7,6729.5,6737.85,470476,3183070495.75,0.9489078031392927,6393.598441382083
2021-05-21,MARUTI,INE585B01010,,6780.0,6835.5,6744.25,6814.65,434363,2952002095.55,0.9489078031392927,6466.4745606631805
2021-05-24,MARUTI,INE585B01010,,6802.0,6965.0,6802.0,6871.6,1027484,7094118134.5,0.9489078031392927,6520.514860051964
2021-05-25,MARUTI,INE585B01010,,6939.95,6948.0,6888.0,6911.8,438736,3034058739.7,0.9489078031392927,6558.660953738164
2021-05-26,MARUTI,INE585B01010,,6926.0,7051.0,6912.0,7034.3,691574,4838291406.15,0.9489078031392927,6674.902159622727
2021-05-27,MARUTI,INE585B01010,,7022.0,7069.0,6951.15,6968.9,922091,6451098364.6,0.9489078031392927,6612.843589297417
2021-05-28,MARUTI,INE585B01010,,6988.6,7047.0,6940.5,6970.0,393809,2748276839.55,0.9489078031392927,6613.88738788087
2021-05-31,MARUTI,INE585B01010,,6955.0,7100.0,6924.05,7086.3,718277,5061672191.6,0.9489078031392927,6724.24536538597
2021-06-01,MARUTI,INE585B01010,,7107.55,7143.0,7047.05,7091.15,642841,4564330191.9,0.9489078031392927,6728.847568231195
2021-06-02,MARUTI,INE585B01010,,7063.45,7197.7,7063.45,7184.7,598862,4277055762.8,0.9489078031392927,6817.617893214876
2021-06-03,MARUTI,INE585B01010,,7200.0,7230.0,7165.05,7209.5,401590,2891818209.75,0.9489078031392927,6841.15080673273
2021-06-04,MARUTI,INE585B01010,,7200.0,7272.0,7151.1,7214.7,575591,4154773651.35,0.9489078031392927,6846.085127309055
2021-06-07,MARUTI,INE585B01010,,7221.0,7328.85,7211.1,7275.65,520482,3789795837.25,0.9489078031392927,6903.921057910395
2021-06-08,MARUTI,INE585B01010,,7317.5,7366.45,7295.2,7336.75,538816,3951082086.1,0.9489078031392927,6961.899324682206
2021-06-09,MARUTI,INE585B01010,,7310.2,7339.2,7200.0,7239.0,443778,3219076289.75,0.9489078031392927,6869.14358692534
2021-06-10,MARUTI,INE585B01010,,7258.0,7279.45,7174.05,7199.9,278027,2004355855.15,0.9489078031392927,6832.041291822593
2021-06-11,MARUTI,INE585B01010,,7244.0,7244.0,7186.4,7223.8,253689,1831400190.7,0.9489078031392927,6854.720188317623
2021-06-14,MARUTI,INE585B01010,,7195.0,7212.95,7095.05,7177.85,322353,2304127409.05,0.9489078031392927,6811.117874763372
2021-06-15,MARUTI,INE585B01010,,7181.15,7228.85,7156.3,7166.25,207625,1490235163.85,0.9489078031392927,6800.110544246956
2021-06-16,MARUTI,INE585B01010,,7166.0,7193.75,7070.0,7114.25,283007,2014823315.2,0.9489078031392927,6750.767338483713
2021-06-17,MARUTI,INE585B01010,,7060.0,7099.1,6931.1,6969.35,595255,4172586651.8,0.9489078031392927,6613.27059780883
2021-06-18,MARUTI,INE585B01010,,6989.85,6989.85,6821.0,6959.35,797389,5512868857.35,0.9489078031392927,6603.781519777437
2021-06-21,MARUTI,INE585B01010,,6870.0,6925.0,6842.0,6899.9,443795,3056241297.0,0.9489078031392927,6547.368950880806
2021-06-22,MARUTI,INE585B01010,,6940.0,7299.95,6930.0,7265.4,1757310,12654804727.6,0.9489078031392927,6894.194752928217
2021-06-23,MARUTI,INE585B01010,,7266.1,7479.0,7240.05,7432.7,2227399,16521613555.7,0.9489078031392927,7052.947028393421
2021-06-24,MARUTI,INE585B01010,,7448.8,7550.0,7410.1,7527.45,1041762,7810489981.45,0.9489078031392927,7142.856042740868
2021-06-25,MARUTI,INE585B01010,,7540.0,7665.0,7540.0,7649.0,1216123,9275493385.9,0.9489078031392927,7258.19578621245
2021-06-28,MARUTI,INE585B01010,,7698.0,7698.0,7571.4,7596.25,433364,3297431604.65,0.9489078031392927,7208.140899596852
2021-06-29,MARUTI,INE585B01010,,7596.0,7601.0,7452.55,7487.5,480219,3603078960.05,0.9489078031392927,7104.947176005454
2021-06-30,MARUTI,INE585B01010,,7505.5,7646.6,7492.6,7515.9,729267,5511775636.3,0.9489078031392927,7131.896157614609
2021-07-01,MARUTI,INE585B01010,,7500.0,7605.0,7495.05,7584.4,584331,4419858255.5,0.9489078031392927,7196.896342129651
2021-07-02,MARUTI,INE585B01010,,7625.0,7634.5,7546.55,7573.85,434905,3295393570.5,0.9489078031392927,7186.885364806532
2021-07-05,MARUTI,INE585B01010,,7596.3,7690.0,7583.0,7599.45,484183,3693980814.45,0.9489078031392927,7211.177404566897
2021-07-06,MARUTI,INE585B01010,,7600.0,7657.95,7487.45,7514.95,425103,3216973391.7,0.9489078031392927,7130.994695201627
2021-07-07,MARUTI,INE585B01010,,7528.0,7581.0,7433.65,7449.4,395336,2959823179.85,0.9489078031392927,7068.793788705847
2021-07-08,MARUTI,INE585B01010,,7455.0,7498.0,7385.0,7401.2,391940,2910612976.25,0.9489078031392927,7023.056432594532
2021-07-09,MARUTI,INE585B01010,,7381.0,7447.9,7343.4,7425.7,400686,2965568184.7,0.9489078031392927,7046.304673771446
2021-07-12,MARUTI,INE585B01010,,7500.0,7589.8,7451.05,7470.1,496478,3733407274.95,0.9489078031392927,7088.43618023083
2021-07-13,MARUTI,INE585B01010,,7520.0,7529.2,7404.0,7430.35,350032,2605181428.5,0.9489078031392927,7050.717095056044
2021-07-14,MARUTI,INE585B01010,,7436.0,7449.0,7310.0,7326.75,460178,3379380585.6,0.9489078031392927,6952.410246650813
2021-07-15,MARUTI,INE585B01010,,7357.0,7358.0,7268.0,7307.0,430055,3139605459.2,0.9489078031392927,6933.669317538812
2021-07-16,MARUTI,INE585B01010,,7333.0,7333.0,7272.8,7303.55,281552,2055179407.7,0.9489078031392927,6930.395585617981
2021-07-19,MARUTI,INE585B01010,,7251.7,7297.0,7151.1,7165.55,386598,2785659741.75,0.9489078031392927,6799.446308784759
2021-07-20,MARUTI,INE585B01010,,7180.0,7265.0,7144.45,7232.7,413816,2980918506.1,0.9489078031392927,6863.165467765562
2021-07-22,MARUTI,INE585B01010,,7302.0,7325.0,7246.3,7299.55,439934,3210315937.2,0.9489078031392927,6926.599954405424
2021-07-23,MARUTI,INE585B01010,,7300.0,7375.0,7277.0,7293.85,436330,3200314442.6,0.9489078031392927,6921.19117992753
2021-07-26,MARUTI,INE585B01010,,7307.0,7360.0,7180.0,7235.8,431758,3126500843.3,0.9489078031392927,6866.107081955294
2021-07-27,MARUTI,INE585B01010,,7241.3,7320.0,7160.85,7240.25,417171,3021558595.95,0.9489078031392927,6870.3297216792635
2021-07-28,MARUTI,INE585B01010,,7280.0,7312.0,7063.0,7165.05,739427,5320239329.75,0.9489078031392927,6798.971854883189
2021-07-29,MARUTI,INE585B01010,,7130.0,7130.0,6936.0,6993.5,1519226,10652165758.75,0.9489078031392927,6636.186721254643
2021-07-30,MARUTI,INE585B01010,,7000.0,7095.0,6964.9,6977.7,715546,5022734358.15,0.9489078031392927,6621.193977965042
2021-08-02,MARUTI,INE585B01010,,7100.0,7107.45,7031.0,7076.95,433760,3063855017.85,0.9489078031392927,6715.373077426617
2021-08-03,MARUTI,INE585B01010,,7124.95,7221.0,7086.1,7199.4,470570,3361125626.55,0.9489078031392927,6831.566837921024
2021-08-04,MARUTI,INE585B01010,,7220.0,7248.6,7003.5,7102.9,484122,3455367472.25,0.9489078031392927,6739.997234918082
2021-08-05,MARUTI,INE585B01010,,7072.0,7079.95,7006.0,7027.55,495133,3485764017.7,0.9549578819362816,6711.014263201316
2021-08-06,MARUTI,INE585B01010,,7054.8,7168.5,7042.55,7100.8,517575,3684077538.25,0.9549578819362816,6780.9649280531485
2021-08-09,MARUTI,INE585B01010,,7135.0,7165.0,7038.0,7081.75,264983,1877758454.3,0.9549578819362816,6762.772980402262
2021-08-10,MARUTI,INE585B01010,,7045.2,7104.9,6995.0,7001.95,356726,2508543834.1,0.9549578819362816,6686.567341423747
2021-08-11,MARUTI,INE585B01010,,7002.0,7095.0,6925.15,7021.5,414311,2897427386.65,0.9549578819362816,6705.236768015601
2021-08-12,MARUTI,INE585B01010,,7022.0,7084.8,6985.0,7012.0,330283,2319900982.6,0.9549578819362816,6696.164668137207
2021-08-13,MARUTI,INE585B01010,,7030.0,7049.9,6973.85,7002.2,431784,3025554557.5,0.9549578819362816,6686.806080894231
2021-08-16,MARUTI,INE585B01010,,6982.5,7018.0,6810.0,6826.85,750966,5166373334.35,0.9549578819362816,6519.354216296704
2021-08-17,MARUTI,INE585B01010,,6800.0,6943.0,6746.4,6885.4,752517,5130377936.3,0.9549578819362816,6575.267000284073
2021-08-18,MARUTI,INE585B01010,,6943.75,6943.75,6820.0,6840.1,434144,2982155413.0,0.9549578819362816,6532.00740823236
2021-08-20,MARUTI,INE585B01010,,6815.0,6914.65,6780.0,6850.9,657982,4512434046.95,0.9549578819362816,6542.320953357272
2021-08-23,MARUTI,INE585B01010,,6905.0,6918.0,6801.0,6825.9,537302,3679341824.35,0.9549578819362816,6518.447006308865
2021-08-24,MARUTI,INE585B01010,,6789.5,6852.0,6740.6,6803.2,646993,4399264639.15,0.9549578819362816,6496.769462388911
2021-08-25,MARUTI,INE585B01010,,6838.0,6838.0,6700.0,6711.45,722194,4877512734.35,0.9549578819362816,6409.152076721257
2021-08-26,MARUTI,INE585B01010,,6700.0,6701.35,6591.0,6608.6,1199429,7947187899.4,0.9549578819362816,6310.9346585641115
2021-08-27,MARUTI,INE585B01010,,6629.75,6694.6,6600.0,6624.85,1428388,9468898445.6,0.9549578819362816,6326.452724145575
2021-08-30,MARUTI,INE585B01010,,6690.0,6810.0,6653.85,6796.9,819447,5533511851.25,0.9549578819362816,6490.753227732712
2021-08-31,MARUTI,INE585B01010,,6820.0,6872.0,6763.55,6846.1,938326,6417361066.6,0.9549578819362816,6537.737155523978
2021-09-01,MARUTI,INE585B01010,,6799.95,6820.0,6702.35,6784.9,1108476,7498701412.95,0.9549578819362816,6479.293733149477
2021-09-02,MARUTI,INE585B01010,,6852.7,6858.95,6708.2,6792.9,741052,5014350831.2,0.9549578819362816,6486.933396204967
2021-09-03,MARUTI,INE585B01010,,6770.0,6958.0,6751.6,6863.1,1196077,8226821156.8,0.9549578819362816,6553.971439516895
2021-09-06,MARUTI,INE585B01010,,6925.0,6954.0,6838.0,6846.9,897444,6183796170.5,0.9549578819362816,6538.501121829526
2021-09-07,MARUTI,INE585B01010,,6879.9,6929.9,6853.7,6877.15,743783,5117101687.7,0.9549578819362816,6567.3885977580985
2021-09-08,MARUTI,INE585B01010,,6852.1,6858.35,6756.0,6781.25,847767,5762308726.0,0.9549578819362816,6475.80813688041
2021-09-09,MARUTI,INE585B01010,,6750.0,6818.45,6740.0,6802.25,515702,3499023753.2,0.9549578819362816,6495.862252401072
2021-09-13,MARUTI,INE585B01010,,6835.5,6895.45,6813.3,6873.7,508397,3486860596.4,0.9549578819362816,6564.0939930654185
2021-09-14,MARUTI,INE585B01010,,6910.0,6955.0,6851.1,6894.45,817280,5643765795.45,0.9549578819362816,6583.909369115597
2021-09-15,MARUTI,INE585B01010,,6938.0,6938.0,6880.0,6909.0,310138,2141224022.5,0.9549578819362816,6597.80400629777
2021-09-16,MARUTI,INE585B01010,,6913.3,6949.0,6870.0,6930.95,556648,3844954603.55,0.9549578819362816,6618.765331806271
2021-09-17,MARUTI,INE585B01010,,6955.0,7064.75,6950.0,7014.45,980793,6881372304.65,0.9549578819362816,6698.504314947951
2021-09-20,MARUTI,INE585B01010,,6979.9,7015.45,6906.2,6950.4,550405,3831909518.8,0.9549578819362816,6637.339262609931
2021-09-21,MARUTI,INE585B01010,,6912.5,6939.7,6741.0,6777.0,1085249,7367655832.75,0.9549578819362816,6471.749565882181
2021-09-22,MARUTI,INE585B01010,,6820.0,6846.0,6785.0,6831.0,548623,3739376181.85,0.9549578819362816,6523.31729150674
2021-09-23,MARUTI,INE585B01010,,6868.0,6879.9,6821.0,6846.7,432740,2963379024.2,0.9549578819362816,6538.3101302531395
2021-09-24,MARUTI,INE585B01010,,6850.0,7037.8,6848.0,6952.25,1649962,11409293128.5,0.9549578819362816,6639.1059346915135
2021-09-27,MARUTI,INE585B01010,,6974.0,7448.0,6974.0,7403.45,2646138,19263608353.75,0.9549578819362816,7069.982931021164
2021-09-28,MARUTI,INE585B01010,,7448.0,7521.55,7333.5,7423.85,1346961,10012656031.85,0.9549578819362816,7089.464071812665
2021-09-29,MARUTI,INE585B01010,,7390.5,7465.0,7291.0,7384.05,643556,4744452005.25,0.9549578819362816,7051.4567481116
2021-09-30,MARUTI,INE585B01010,,7384.75,7408.05,7301.05,7338.05,625717,4597281699.7,0.9549578819362816,7007.528685542531
2021-10-01,MARUTI,INE585B01010,,7220.0,7220.0,7090.0,7162.3,901588,6452025168.3,0.9549578819362816,6839.69483779223
2021-10-04,MARUTI,INE585B01010,,7180.0,7214.95,7131.8,7170.3,466994,3349116023.95,0.9549578819362816,6847.33450084772
2021-10-05,MARUTI,INE585B01010,,7164.8,7300.0,7155.65,7258.25,546004,3961610932.3,0.9549578819362816,6931.323046564016
2021-10-06,MARUTI,INE585B01010,,7270.9,7281.5,7164.25,7199.25,726695,5245133706.5,0.9549578819362816,6874.980531529775
2021-10-07,MARUTI,INE585B01010,,7234.95,7555.0,7225.25,7492.5,1646727,12296518879.05,0.9549578819362816,7155.02193040759
2021-10-08,MARUTI,INE585B01010,,7548.7,7571.95,7401.15,7430.0,630622,4714841448.2,0.9549578819362816,7095.3370627865725
2021-10-11,MARUTI,INE585B01010,,7420.2,7814.8,7419.8,7700.8,1069536,8227923709.05,0.9549578819362816,7353.939657214918
2021-10-12,MARUTI,INE585B01010,,7687.9,7750.0,7630.05,7693.8,406814,3129719433.45,0.9549578819362816,7347.254952041364
2021-10-13,MARUTI,INE585B01010,,7740.0,7749.95,7436.55,7482.15,1084436,8226997979.5,0.9549578819362816,7145.138116329549
2021-10-14,MARUTI,INE585B01010,,7540.0,7560.0,7445.0,7496.9,831546,6237289463.5,0.9549578819362816,7159.223745088109
2021-10-18,MARUTI,INE585B01010,,7405.0,7705.3,7405.0,7657.0,913963,6976980267.55,0.9549578819362816,7312.112501986108
2021-10-19,MARUTI,INE585B01010,,7670.2,7768.6,7585.0,7655.65,658869,5058287231.8,0.9549578819362816,7310.823308845494
2021-10-20,MARUTI,INE585B01010,,7615.0,7667.35,7515.0,7590.75,488082,3699639594.05,0.9549578819362816,7248.84654230783
2021-10-21,MARUTI,INE585B01010,,7650.0,7650.0,7485.0,7575.25,563128,4263015836.5,0.9549578819362816,7234.044695137817
2021-10-22,MARUTI,INE585B01010,,7600.0,7625.0,7386.55,7408.9,224520,1677531538.05,0.9549578819362816,7075.187451477716
2021-10-25,MARUTI,INE585B01010,,7355.0,7396.05,7219.65,7260.6,248058,1807156570.6,0.9549578819362816,6933.567197586567
2021-10-26,MARUTI,INE585B01010,,7265.0,7337.95,7210.2,7297.35,292203,2125955587.65,0.9549578819362816,6968.661899747725
2021-10-27,MARUTI,INE585B01010,,7285.0,7461.25,7244.0,7356.25,1218064,8957084048.1,0.9549578819362816,7024.908918993771
2021-10-28,MARUTI,INE585B01010,,7250.0,7529.7,7235.05,7369.7,961511,7129931436.9,0.9549578819362816,7037.753102505814
2021-10-29,MARUTI,INE585B01010,,7350.0,7550.0,7294.85,7482.4,819875,6135959228.8,0.9549578819362816,7145.376855800033
2021-11-01,MARUTI,INE585B01010,,7401.0,7666.0,7401.0,7615.55,1005690,7623438017.25,0.9549578819362816,7272.529497779849
2021-11-02,MARUTI,INE585B01010,,7647.95,7910.0,7630.8,7791.75,1302733,10198954222.3,0.9549578819362816,7440.7930765770225
2021-11-03,MARUTI,INE585B01010,,7791.75,7842.25,7711.6,7734.25,656492,5108945765.55,0.9549578819362816,7385.882998365686
2021-11-08,MARUTI,INE585B01010,,7759.95,7882.6,7672.0,7684.6,428433,3318719889.0,0.9549578819362816,7338.46933952755
2021-11-09,MARUTI,INE585B01010,,7709.0,7764.5,7538.7,7577.55,632879,4813170272.5,0.9549578819362816,7236.241098266271
2021-11-10,MARUTI,INE585B01010,,7570.0,7580.0,7460.0,7511.65,562432,4222891357.3,0.9549578819362816,7173.30937384667
2021-11-11,MARUTI,INE585B01010,,7512.0,7567.5,7442.0,7453.45,486991,3648168537.45,0.9549578819362816,7117.730825117978
2021-11-12,MARUTI,INE585B01010,,7530.0,7544.0,7442.0,7479.85,349666,2614048200.4,0.9549578819362816,7142.941713201097
2021-11-15,MARUTI,INE585B01010,,7452.0,7579.85,7452.0,7503.1,314414,2361149776.3,0.9549578819362816,7165.1444839561145
2021-11-16,MARUTI,INE585B01010,,7545.0,8128.75,7535.05,8050.35,2619355,20808698928.2,0.9549578819362816,7687.745184845745
2021-11-17,MARUTI,INE585B01010,,8035.0,8350.0,8015.05,8274.75,2377268,19527209332.1,0.9549578819362816,7902.037733552246
2021-11-18,MARUTI,INE585B01010,,8234.0,8368.0,8001.1,8117.15,1337493,10942256532.85,0.9549578819362816,7751.536371359088
2021-11-22,MARUTI,INE585B01010,,8158.0,8187.85,7806.55,7864.4,672298,5325491495.75,0.9549578819362816,7510.170766699693
2021-11-23,MARUTI,INE585B01010,,7849.1,7953.95,7805.0,7854.0,567198,4466012226.55,0.9549578819362816,7500.239204727556
2021-11-24,MARUTI,INE585B01010,,7865.5,7897.95,7636.6,7669.45,571078,4407283241.8,0.9549578819362816,7324.001727616215
2021-11-25,MARUTI,INE585B01010,,7640.0,7719.4,7435.0,7572.5,1007618,7588588260.4,0.9549578819362816,7231.418560962493
2021-11-26,MARUTI,INE585B01010,,7520.0,7520.0,7130.0,7170.5,1154876,8408128599.2,0.9549578819362816,6847.525492424107
2021-11-29,MARUTI,INE585B01010,,7166.0,7210.0,6990.7,7149.5,733010,5229988255.85,0.9549578819362816,6827.471376903445
2021-11-30,MARUTI,INE585B01010,,7149.5,7250.0,7015.55,7067.8,1287938,9203638120.9,0.9549578819362816,6749.4513179492515
2021-12-01,MARUTI,INE585B01010,,7191.0,7380.0,7130.05,7273.25,1669583,12123136350.0,0.9549578819362816,6945.64741479306
2021-12-02,MARUTI,INE585B01010,,7285.0,7355.45,7245.65,7324.95,618573,4510916342.55,0.9549578819362816,6995.018737289166
2021-12-03,MARUTI,INE585B01010,,7305.0,7329.0,7148.75,7208.7,603798,4371620439.6,0.9549578819362816,6884.004883514073
2021-12-06,MARUTI,INE585B01010,,7193.0,7200.0,7021.0,7042.85,609507,4315866085.45,0.9549578819362816,6725.625118794941
2021-12-07,MARUTI,INE585B01010,,7129.0,7261.8,7091.2,7186.6,637151,4581043445.3,0.9549578819362816,6862.900314323282
2021-12-08,MARUTI,INE585B01010,,7225.0,7497.85,7151.1,7434.9,930339,6812732913.2,0.9549578819362816,7100.016356408059
2021-12-09,MARUTI,INE585B01010,,7469.0,7469.0,7325.0,7421.75,615037,4556652787.65,0.9549578819362816,7087.458660260598
2021-12-10,MARUTI,INE585B01010,,7380.0,7475.0,7357.95,7425.65,431682,3207108751.85,0.9549578819362816,7091.18299600015
2021-12-13,MARUTI,INE585B01010,,7485.0,7575.9,7425.0,7516.4,883009,6635001195.3,0.9549578819362816,7177.845423785867
2021-12-14,MARUTI,INE585B01010,,7516.8,7556.3,7457.8,7493.15,749704,5631424505.5,0.9549578819362816,7155.642653030848
2021-12-15,MARUTI,INE585B01010,,7476.0,7640.0,7453.05,7567.95,529018,3997346813.55,0.9549578819362816,7227.073502599682
2021-12-16,MARUTI,INE585B01010,,7591.5,7621.0,7406.0,7450.8,595582,4447308458.75,0.9549578819362816,7115.200186730847
2021-12-17,MARUTI,INE585B01010,,7480.0,7480.0,7241.0,7296.6,1081907,7880245259.3,0.9549578819362816,6967.945681336273
2021-12-20,MARUTI,INE585B01010,,7200.0,7321.55,7035.85,7286.6,867425,6212275278.35,0.9549578819362816,6958.39610251691
2021-12-21,MARUTI,INE585B01010,,7306.5,7404.95,7284.0,7315.15,415744,3051778650.25,0.9549578819362816,6985.66015004619
2021-12-22,MARUTI,INE585B01010,,7305.5,7454.0,7305.5,7423.75,368978,2731334470.4,0.9549578819362816,7089.368576024471
2021-12-23,MARUTI,INE585B01010,,7481.0,7500.0,7355.0,7387.15,249919,1852901817.9,0.9549578819362816,7054.417117545602
2021-12-24,MARUTI,INE585B01010,,7441.0,7449.85,7252.15,7317.1,357447,2622157313.0,0.9549578819362816,6987.522317915967
2021-12-27,MARUTI,INE585B01010,,7277.1,7330.0,7186.2,7289.5,190180,1384335634.25,0.9549578819362816,6961.165480374525
2021-12-28,MARUTI,INE585B01010,,7320.0,7359.0,7255.1,7297.45,214533,1567635808.95,0.9549578819362816,6968.7573955359185
2021-12-29,MARUTI,INE585B01010,,7297.7,7365.0,7240.45,7350.05,287776,2106193318.55,0.9549578819362816,7018.988180125767
2021-12-30,MARUTI,INE585B01010,,7350.0,7395.15,7255.4,7282.25,296041,2165318597.8,0.9549578819362816,6954.242035730486
2021-12-31,MARUTI,INE585B01010,,7290.05,7449.5,7290.05,7426.45,313398,2323013729.65,0.9549578819362816,7091.946962305698
2022-01-03,MARUTI,INE585B01010,,7420.0,7605.95,7420.0,7523.9,456599,3437975801.75,0.9549578819362816,7185.007607900389
2022-01-04,MARUTI,INE585B01010,,7600.0,7649.0,7520.0,7630.1,495182,3766682263.1,0.9549578819362816,7286.424134962022
2022-01-05,MARUTI,INE585B01010,,7624.85,7808.0,7605.6,7775.35,710043,5489083028.45,0.9549578819362816,7425.131767313268
2022-01-06,MARUTI,INE585B01010,,7782.0,7899.45,7683.95,7882.1,739981,5798409397.6,0.9549578819362816,7527.073521209965
2022-01-07,MARUTI,INE585B01010,,7882.1,7944.8,7835.5,7906.0,523116,4127852063.5,0.9549578819362816,7549.897014588242
2022-01-10,MARUTI,INE585B01010,,7950.0,8232.0,7924.15,8125.6,827930,6735779745.2,0.9549578819362816,7759.605765461451
2022-01-11,MARUTI,INE585B01010,,8100.0,8162.45,8069.3,8143.85,688923,5589947764.55,0.9549578819362816,7777.033746806787
2022-01-12,MARUTI,INE585B01010,,8200.0,8200.0,8115.0,8170.75,288174,2351655311.45,0.9549578819362816,7802.722113830873
2022-01-13,MARUTI,INE585B01010,,8175.0,8260.0,7952.0,8077.05,684931,5536295377.95,0.9549578819362816,7713.242560293444
2022-01-14,MARUTI,INE585B01010,,7951.0,8145.0,7951.0,8084.2,299536,2422446883.6,0.9549578819362816,7720.070509149287
2022-01-17,MARUTI,INE585B01010,,8124.8,8368.9,8100.1,8265.5,862249,7147361747.0,0.9549578819362816,7893.2043731443355
2022-01-18,MARUTI,INE585B01010,,8248.95,8248.95,7891.5,7915.15,785199,6294203850.8,0.9549578819362816,7558.634879207959
2022-01-19,MARUTI,INE585B01010,,7929.0,8060.0,7860.0,8015.7,681632,5409163990.7,0.9549578819362816,7654.655894236653
2022-01-20,MARUTI,INE585B01010,,8000.0,8140.0,7997.55,8036.35,522850,4219819715.4,0.9549578819362816,7674.375774498637
2022-01-21,MARUTI,INE585B01010,,7970.0,8244.0,7856.05,8189.6,1041476,8487050939.2,0.9549578819362816,7820.7230699053725
2022-01-24,MARUTI,INE585B01010,,8189.0,8332.8,7952.8,8052.3,1153538,9386343804.8,0.9549578819362816,7689.60735271552
2022-01-25,MARUTI,INE585B01010,,7990.0,8664.0,7887.9,8602.6,2162832,18078538691.25,0.9549578819362816,8215.120675145057
2022-01-27,MARUTI,INE585B01010,,8656.0,8971.65,8400.05,8820.2,2899559,25137895081.35,0.9549578819362816,8422.919510254393
2022-01-28,MARUTI,INE585B01010,,8795.0,8930.0,8522.35,8550.95,1045088,9082694526.7,0.9549578819362816,8165.797100543048
2022-01-31,MARUTI,INE585B01010,,8625.0,8720.0,8552.8,8597.3,561419,4855792761.7,0.9549578819362816,8210.059398370793
2022-02-01,MARUTI,INE585B01010,,8693.0,8790.8,8351.0,8559.4,819689,7028271780.45,0.9549578819362816,8173.866494645408
2022-02-02,MARUTI,INE585B01010,,8579.7,8683.0,8440.25,8515.25,580433,4960169942.45,0.9549578819362816,8131.705104157922
2022-02-03,MARUTI,INE585B01010,,8550.0,8798.0,8522.7,8593.65,810019,7030827258.15,0.9549578819362816,8206.573802101726
2022-02-04,MARUTI,INE585B01010,,8639.9,8680.0,8492.1,8550.55,404421,3459505532.1,0.9549578819362816,8165.415117390272
2022-02-07,MARUTI,INE585B01010,,8545.0,8615.0,8400.0,8511.65,446099,3783590528.15,0.9549578819362816,8128.267255782951
2022-02-08,MARUTI,INE585B01010,,8616.7,8789.1,8436.05,8599.45,998182,8590574058.3,0.9549578819362816,8212.112557816958
2022-02-09,MARUTI,INE585B01010,,8622.0,8989.8,8622.0,8949.45,1403525,12452147437.05,0.9549578819362816,8546.347816494655
2022-02-10,MARUTI,INE585B01010,,9050.0,9050.0,8789.9,8805.45,811887,7195927011.55,0.9549578819362816,8408.833881495832
2022-02-11,MARUTI,INE585B01010,,8738.0,8865.0,8673.3,8737.15,671572,5894040940.05,0.9549578819362816,8343.610258159582
2022-02-14,MARUTI,INE585B01010,,8500.0,8615.05,8325.0,8366.4,995540,8404170767.9,0.9549578819362816,7989.559623431706
2022-02-15,MARUTI,INE585B01010,,8410.0,8664.25,8356.5,8622.7,682766,5801643588.4,0.9549578819362816,8234.315328571976
2022-02-16,MARUTI,INE585B01010,,8720.0,8736.4,8544.0,8582.95,422704,3642745459.55,0.9549578819362816,8196.355752765008
2022-02-17,MARUTI,INE585B01010,,8575.0,8658.3,8525.0,8552.45,305313,2617764682.7,0.9549578819362816,8167.229537365953
2022-02-18,MARUTI,INE585B01010,,8550.0,8645.95,8520.05,8569.1,385273,3310633883.2,0.9549578819362816,8183.129586100191
2022-02-21,MARUTI,INE585B01010,,8544.05,8724.25,8443.6,8612.7,626049,5390760636.15,0.9549578819362816,8224.765749752612
2022-02-22,MARUTI,INE585B01010,,8495.0,8659.8,8384.85,8622.8,620828,5291294242.25,0.9549578819362816,8234.410824360168
2022-02-23,MARUTI,INE585B01010,,8690.0,8789.95,8655.2,8698.85,557954,4872047841.45,0.9549578819362816,8307.035371281423
2022-02-24,MARUTI,INE585B01010,,8402.0,8587.25,8155.0,8210.15,947351,7895854502.15,0.9549578819362816,7840.347454379162
2022-02-25,MARUTI,INE585B01010,,8260.0,8466.0,8209.55,8356.1,1344343,11202465978.5,0.9549578819362816,7979.723557247763
2022-02-28,MARUTI,INE585B01010,,8300.0,8339.95,8114.1,8314.15,961303,7922672680.9,0.9549578819362816,7939.663074100536
2022-03-02,MARUTI,INE585B01010,,8197.7,8199.0,7764.0,7814.2,1783011,14118669484.45,0.9549578819362816,7462.2318810264915
2022-03-03,MARUTI,INE585B01010,,7924.0,7939.95,7558.5,7595.55,1050154,8087803108.3,0.9549578819362816,7253.430340141124
2022-03-04,MARUTI,INE585B01010,,7482.0,7519.2,7130.0,7247.3,2511658,18237773165.65,0.9549578819362816,6920.866257756814
2022-03-07,MARUTI,INE585B01010,,6992.0,7029.85,6730.0,6769.05,2469925,16847442411.0,0.9549578819362816,6464.157650720787
2022-03-08,MARUTI,INE585B01010,,6705.0,6855.0,6536.55,6806.3,2840376,18878862134.95,0.9549578819362816,6499.729831822914
2022-03-09,MARUTI,INE585B01010,,6874.0,7078.1,6777.0,7026.85,1827539,12643576266.3,0.9549578819362816,6710.345792683961
2022-03-10,MARUTI,INE585B01010,,7255.0,7399.85,7177.3,7211.8,1535070,11160438439.1,0.9549578819362816,6886.965252948076
2022-03-11,MARUTI,INE585B01010,,7200.0,7200.0,7080.0,7102.55,1024452,7292597779.4,0.9549578819362816,6782.636104346537
2022-03-14,MARUTI,INE585B01010,,7050.0,7335.0,7012.0,7316.75,1023874,7358236560.15,0.9549578819362816,6987.188082657289
2022-03-15,MARUTI,INE585B01010,,7321.0,7620.0,7318.0,7420.1,1586111,11884569028.75,0.9549578819362816,7085.8829797554035
2022-03-16,MARUTI,INE585B01010,,7570.0,7595.75,7440.0,7485.8,584457,4381954669.35,0.9549578819362816,7148.623712598617
2022-03-17,MARUTI,INE585B01010,,7574.0,7741.95,7530.0,7693.0,1133271,8687643495.8,0.9549578819362816,7346.490985735814
2022-03-21,MARUTI,INE585B01010,,7844.0,7940.0,7650.0,7705.55,1354525,10621624882.65,0.9549578819362816,7358.475707154115
2022-03-22,MARUTI,INE585B01010,,7714.95,7809.0,7536.65,7766.65,1093502,8405093322.25,0.9549578819362816,7416.823633740421
2022-03-23,MARUTI,INE585B01010,,7800.0,7862.8,7611.0,7644.85,808597,6212952229.9,0.9549578819362816,7300.509763720583
2022-03-24,MARUTI,INE585B01010,,7599.3,7655.0,7526.35,7556.95,565485,4293253390.2,0.9549578819362816,7216.568965898383
2022-03-25,MARUTI,INE585B01010,,7515.0,7542.3,7385.0,7415.45,686637,5105415005.0,0.9549578819362816,7081.442425604399
2022-03-28,MARUTI,INE585B01010,,7425.0,7539.0,7413.0,7477.35,599515,4478939398.45,0.9549578819362816,7140.554318496255
2022-03-29,MARUTI,INE585B01010,,7535.0,7563.1,7401.0,7439.15,446257,3343472722.45,0.9549578819362816,7104.074927406289
2022-03-30,MARUTI,INE585B01010,,7521.0,7629.95,7490.0,7598.6,589206,4470518305.6,0.9549578819362816,7256.34296168103
2022-03-31,MARUTI,INE585B01010,,7598.55,7652.75,7528.0,7561.3,434317,3290525644.05,0.9549578819362816,7220.723032684807
2022-04-01,MARUTI,INE585B01010,,7574.0,7729.0,7517.35,7700.05,449386,3429417143.8,0.9549578819362816,7353.223438803466
2022-04-04,MARUTI,INE585B01010,,7650.0,7794.0,7631.65,7774.8,491029,3789845804.35,0.9549578819362816,7424.606540478202
2022-04-05,MARUTI,INE585B01010,,7781.0,7900.0,7730.0,7761.85,488132,3820336476.8,0.9549578819362816,7412.239835907128
2022-04-06,MARUTI,INE585B01010,,7739.0,7849.0,7675.0,7744.2,393628,3052795449.45,0.9549578819362816,7395.3848292909515
2022-04-07,MARUTI,INE585B01010,,7659.75,7748.0,7621.05,7640.5,458566,3522250465.95,0.9549578819362816,7296.35569693416
2022-04-08,MARUTI,INE585B01010,,7708.8,7730.5,7515.4,7557.95,849846,6447175236.3,0.9549578819362816,7217.52392378032
2022-04-11,MARUTI,INE585B01010,,7614.85,7616.55,7485.0,7565.4,496254,3744855773.75,0.9549578819362816,7224.638360000745
2022-04-12,MARUTI,INE585B01010,,7540.0,7711.5,7500.0,7618.35,598047,4556591025.85,0.9549578819362816,7275.203379849271
2022-04-13,MARUTI,INE585B01010,,7618.35,7704.95,7440.0,7469.5,527991,3987288239.7,0.9549578819362816,7133.057899123056
2022-04-18,MARUTI,INE585B01010,,7374.5,7599.0,7355.0,7573.5,551783,4138914923.4,0.9549578819362816,7232.373518844429
2022-04-19,MARUTI,INE585B01010,,7580.0,7678.0,7350.0,7435.1,425990,3222696872.5,0.9549578819362816,7100.207347984448
2022-04-20,MARUTI,INE585B01010,,7499.0,7699.0,7472.6,7666.7,542622,4140222001.35,0.9549578819362816,7321.37559344089
2022-04-21,MARUTI,INE585B01010,,7709.8,7899.8,7686.05,7879.2,772708,6024838044.85,0.9549578819362816,7524.30414335235
2022-04-22,MARUTI,INE585B01010,,7789.0,8016.65,7731.0,7904.5,960818,7615002212.25,0.9549578819362816,7548.464577765338
2022-04-25,MARUTI,INE585B01010,,7810.0,7998.0,7810.0,7912.35,701521,5569667940.9,0.9549578819362816,7555.960997138538
2022-04-26,MARUTI,INE585B01010,,8000.0,8067.5,7830.0,7906.75,801963,6368518523.8,0.9549578819362816,7550.613232999694
2022-04-27,MARUTI,INE585B01010,,7851.0,7865.0,7720.0,7788.4,570519,4445801321.8,0.9549578819362816,7437.593967672536
2022-04-28,MARUTI,INE585B01010,,7844.0,7940.0,7766.7,7888.15,561932,4428190137.05,0.9549578819362816,7532.85101639568
2022-04-29,MARUTI,INE585B01010,,7918.0,7946.5,7626.0,7717.8,1162749,9097095810.55,0.9549578819362816,7370.173941207834
2022-05-02,MARUTI,INE585B01010,,7665.0,7750.0,7544.3,7634.75,544053,4163493248.1,0.9549578819362816,7290.864689113026
2022-05-04,MARUTI,INE585B01010,,7650.0,7747.0,7356.5,7397.9,599211,4536911096.95,0.9549578819362816,7064.682914776417
2022-05-05,MARUTI,INE585B01010,,7450.0,7538.0,7380.15,7407.65,524174,3910635069.75,0.9549578819362816,7073.993754125297
2022-05-06,MARUTI,INE585B01010,,7314.0,7359.9,7156.65,7279.25,650559,4735750867.4,0.9549578819362816,6951.377162084678
2022-05-09,MARUTI,INE585B01010,,7201.5,7424.5,7130.0,7360.3,570578,4148310443.3,0.9549578819362816,7028.776498415614
2022-05-10,MARUTI,INE585B01010,,7350.15,7575.0,7350.15,7515.9,663616,4979206614.5,0.9549578819362816,7177.367944844898
2022-05-11,MARUTI,INE585B01010,,7519.0,7559.55,7346.6,7396.45,605312,4495626729.7,0.9549578819362816,7063.29822584761
2022-05-12,MARUTI,INE585B01010,,7221.5,7323.95,7210.8,7253.65,571754,4154910396.1,0.9549578819362816,6926.930240307109
2022-05-13,MARUTI,INE585B01010,,7340.0,7340.0,7062.35,7101.95,703097,5080198049.2,0.9549578819362816,6782.063129617375
2022-05-16,MARUTI,INE585B01010,,7157.0,7305.35,7150.0,7247.6,369545,2680469304.45,0.9549578819362816,6921.152745121395
2022-05-17,MARUTI,INE585B01010,,7280.0,7584.65,7255.05,7532.8,811448,6046501215.35,0.9549578819362816,7193.506733049622
2022-05-18,MARUTI,INE585B01010,,7566.0,7640.15,7509.6,7566.55,576970,4373848642.3,0.9549578819362816,7225.736561564971
2022-05-19,MARUTI,INE585B01010,,7450.0,7525.0,7385.05,7404.55,363255,2700112476.4,0.9549578819362816,7071.0333846912945
2022-05-20,MARUTI,INE585B01010,,7520.55,7648.9,7450.0,7586.6,742204,5632165612.75,0.9549578819362816,7244.883467097795
2022-05-23,MARUTI,INE585B01010,,7800.1,7954.85,7776.1,7897.45,1161175,9158807647.05,0.9549578819362816,7541.732124697687
2022-05-24,MARUTI,INE585B01010,,7919.0,7941.95,7791.3,7802.65,581609,4563516191.3,0.9549578819362816,7451.202117490127
2022-05-25,MARUTI,INE585B01010,,7840.0,7859.5,7696.05,7787.25,454335,3524264510.95,0.9549578819362816,7436.495766108309
2022-05-26,MARUTI,INE585B01010,,7800.0,7839.95,7620.0,7805.0,476799,3690251081.8,0.9549578819362816,7453.446268512678
2022-05-27,MARUTI,INE585B01010,,7925.0,7965.9,7833.0,7942.95,431411,3412059284.75,0.9549578819362816,7585.182708325788
2022-05-30,MARUTI,INE585B01010,,7980.2,8060.0,7951.0,8013.9,389517,3123496167.35,0.9549578819362816,7652.936970049167
2022-05-31,MARUTI,INE585B01010,,8013.9,8100.0,7900.0,7966.35,2494005,19886318261.55,0.9549578819362816,7607.528722763097
2022-06-01,MARUTI,INE585B01010,,7975.05,8068.9,7880.1,7939.4,522004,4154440191.2,0.9549578819362816,7581.792607844914
2022-06-02,MARUTI,INE585B01010,,7925.0,7972.0,7855.6,7925.4,352848,2791450518.35,0.9549578819362816,7568.423197497806
2022-06-03,MARUTI,INE585B01010,,7950.0,7995.0,7681.0,7705.05,591905,4627200329.2,0.9549578819362816,7357.998228213147
2022-06-06,MARUTI,INE585B01010,,7690.0,7776.9,7591.45,7710.55,606990,4664590803.95,0.9549578819362816,7363.250496563796
2022-06-07,MARUTI,INE585B01010,,7615.05,7820.0,7555.0,7809.4,991192,7632661367.7,0.9549578819362816,7457.648083193198
2022-06-08,MARUTI,INE585B01010,,7824.0,7921.0,7720.7,7892.45,813596,6372589698.75,0.9549578819362816,7536.957335288006
2022-06-09,MARUTI,INE585B01010,,7848.0,8010.0,7830.1,7929.85,687937,5459247887.8,0.9549578819362816,7572.672760072423
2022-06-10,MARUTI,INE585B01010,,7826.0,7988.2,7826.0,7935.1,442921,3514726745.25,0.9549578819362816,7577.686288952588
2022-06-13,MARUTI,INE585B01010,,7849.95,7967.35,7793.75,7901.6,565826,4465464840.55,0.9549578819362816,7545.695199907723
2022-06-14,MARUTI,INE585B01010,,7805.0,7901.4,7750.0,7811.65,553462,4336104630.75,0.9549578819362816,7459.796738427554
2022-06-15,MARUTI,INE585B01010,,7816.0,7929.0,7816.0,7853.45,604566,4758800363.5,0.9549578819362816,7499.713977892491
2022-06-16,MARUTI,INE585B01010,,7938.0,8025.0,7805.0,7833.6,1319566,10461585488.85,0.9549578819362816,7480.758063936056
2022-06-17,MARUTI,INE585B01010,,7805.0,7849.7,7646.15,7688.15,1317656,10170369447.85,0.9549578819362816,7341.859440008423
2022-06-20,MARUTI,INE585B01010,,7699.8,7784.1,7626.0,7660.95,1043423,8036849300.3,0.9549578819362816,7315.884585619757
2022-06-21,MARUTI,INE585B01010,,7714.95,7840.0,7625.15,7780.6,954884,7427896750.05,0.9549578819362816,7430.145296193433
2022-06-22,MARUTI,INE585B01010,,7750.0,7869.0,7716.6,7782.75,796824,6218660495.4,0.9549578819362816,7432.1984556395955
2022-06-23,MARUTI,INE585B01010,,7810.0,8317.8,7803.0,8271.0,1676430,13631466291.15,0.9549578819362816,7898.456641494985
2022-06-24,MARUTI,INE585B01010,,8310.0,8390.0,8238.3,8363.2,1156788,9611941929.05,0.9549578819362816,7986.503758209511
2022-06-27,MARUTI,INE585B01010,,8444.0,8546.7,8391.25,8448.75,921090,7810284349.65,0.9549578819362816,8068.200405009159
2022-06-28,MARUTI,INE585B01010,,8415.25,8539.9,8381.05,8489.7,691242,5868576091.05,0.9549578819362816,8107.3059302744505
2022-06-29,MARUTI,INE585B01010,,8389.95,8530.0,8370.0,8508.9,655413,5558217482.55,0.9549578819362816,8125.641121607627
2022-06-30,MARUTI,INE585B01010,,8500.0,8634.6,8435.6,8470.75,1130302,9664740856.25,0.9549578819362816,8089.209478411757
2022-07-01,MARUTI,INE585B01010,,8440.0,8450.0,8305.6,8402.6,530569,4440634460.2,0.9549578819362816,8024.1290987578
2022-07-04,MARUTI,INE585B01010,,8402.6,8467.6,8320.0,8443.35,625431,5246233481.3,0.9549578819362816,8063.043632446704
2022-07-05,MARUTI,INE585B01010,,8498.5,8508.55,8335.0,8348.7,610290,5134060750.7,0.9549578819362816,7972.656868921435
2022-07-06,MARUTI,INE585B01010,,8377.0,8652.45,8370.0,8630.05,976098,8343337876.55,0.9549578819362816,8241.334269004206
2022-07-07,MARUTI,INE585B01010,,8695.0,8700.0,8576.2,8606.4,547662,4728485228.2,0.9549578819362816,8218.749515096413
2022-07-08,MARUTI,INE585B01010,,8620.0,8656.95,8445.0,8475.95,686327,5833922976.8,0.9549578819362816,8094.175259397827
2022-07-11,MARUTI,INE585B01010,,8451.7,8525.0,8416.1,8507.65,536114,4545674731.75,0.9549578819362816,8124.447424255206
2022-07-12,MARUTI,INE585B01010,,8495.0,8497.45,8376.25,8419.7,424358,3576900255.6,0.9549578819362816,8040.458878538911
2022-07-13,MARUTI,INE585B01010,,8454.0,8488.15,8381.0,8440.2,413855,3492715003.75,0.9549578819362816,8060.035515118605
2022-07-14,MARUTI,INE585B01010,,8464.95,8587.35,8450.0,8567.75,606496,5170602637.25,0.9549578819362816,8181.840392959577
2022-07-15,MARUTI,INE585B01010,,8596.0,8799.0,8576.2,8778.05,631246,5479004521.85,0.9549578819362816,8382.668035530776
2022-07-18,MARUTI,INE585B01010,,8802.0,8843.0,8684.0,8704.8,478682,4199356314.5,0.9549578819362816,8312.717370678944
2022-07-19,MARUTI,INE585B01010,,8699.95,8798.9,8667.45,8715.85,478458,4177324353.65,0.9549578819362816,8323.26965527434
2022-07-20,MARUTI,INE585B01010,,8775.5,8865.45,8720.2,8749.05,398132,3503717428.85,0.9549578819362816,8354.974256954623
2022-07-21,MARUTI,INE585B01010,,8793.0,8831.9,8722.05,8797.0,421090,3694432051.5,0.9549578819362816,8400.76448739347
2022-07-22,MARUTI,INE585B01010,,8850.0,8889.0,8791.0,8830.95,415294,3672182209.0,0.9549578819362816,8433.185307485206
2022-07-25,MARUTI,INE585B01010,,8828.5,8858.6,8490.0,8621.6,623462,5392666180.0,0.9549578819362816,8233.264874901846
2022-07-26,MARUTI,INE585B01010,,8622.0,8625.4,8471.35,8525.85,429454,3672858907.4,0.9549578819362816,8141.827657706447
2022-07-27,MARUTI,INE585B01010,,8555.55,8707.45,8460.0,8658.1,1298855,11137021838.0,0.9549578819362816,8268.12083759252
2022-07-28,MARUTI,INE585B01010,,8700.0,8770.15,8628.8,8721.05,725196,6307506126.1,0.9549578819362816,8328.235436260407
2022-07-29,MARUTI,INE585B01010,,8764.7,8943.0,8730.0,8773.55,821432,7241690615.05,0.9549578819362816,8378.370725062063
2022-08-01,MARUTI,INE585B01010,,8850.0,9085.0,8822.6,9003.4,1009408,9071475240.95,0.9549578819362816,8597.867794225118
2022-08-02,MARUTI,INE585B01010,,8985.0,9196.85,8954.0,9173.05,848311,7703424051.2,0.9549578819362816,8759.876398895607
2022-08-03,MARUTI,INE585B01010,,9144.75,9144.75,8855.6,8959.45,753729,6756146244.85,0.9612452909723538,8612.229122202256
2022-08-04,MARUTI,INE585B01010,,9024.0,9048.0,8830.0,8966.7,643264,5741538598.3,0.9612452909723538,8619.198150561806
2022-08-05,MARUTI,INE585B01010,,8966.8,8985.2,8810.0,8841.2,558385,4953833386.95,0.9612452909723538,8498.561866544775
2022-08-08,MARUTI,INE585B01010,,8841.2,8998.0,8841.0,8921.95,520993,4649100891.75,0.9612452909723538,8576.182423790793
2022-08-10,MARUTI,INE585B01010,,8938.6,8999.5,8826.0,8879.7,445375,3954838255.1,0.9612452909723538,8535.56981024721
2022-08-11,MARUTI,INE585B01010,,8955.7,8998.0,8724.0,8813.85,508318,4495623365.65,0.9612452909723538,8472.271807836682
2022-08-12,MARUTI,INE585B01010,,8815.0,8815.0,8675.0,8699.2,712782,6206705276.0,0.9612452909723538,8362.0650352267
2022-08-16,MARUTI,INE585B01010,,8737.15,9040.0,8705.05,9003.7,963726,8604650651.65,0.9612452909723538,8654.764226327783
2022-08-17,MARUTI,INE585B01010,,9010.0,9070.0,8920.0,8944.35,623749,5600409630.7,0.9612452909723538,8597.714318308574
2022-08-18,MARUTI,INE585B01010,,8925.0,9012.4,8877.0,8947.7,442229,3951700230.5,0.9612452909723538,8600.93449003333
2022-08-19,MARUTI,INE585B01010,,8955.45,8968.0,8715.0,8778.95,572597,5047076287.95,0.9612452909723538,8438.724347181746
2022-08-22,MARUTI,INE585B01010,,8751.0,8767.45,8602.2,8628.0,488485,4234176233.65,0.9612452909723538,8293.624370509468
2022-08-23,MARUTI,INE585B01010,,8607.0,8757.0,8564.0,8720.5,558231,4847238098.25,0.9612452909723538,8382.539559924411
2022-08-24,MARUTI,INE585B01010,,8660.0,8772.0,8594.0,8704.0,442582,3841801593.05,0.9612452909723538,8366.679012623368
2022-08-25,MARUTI,INE585B01010,,8721.0,8835.0,8680.0,8735.9,525721,4609990473.9,0.9612452909723538,8397.342737405384
2022-08-26,MARUTI,INE585B01010,,8800.0,8832.75,8706.2,8720.6,398063,3487067922.55,0.9612452909723538,8382.63568445351
2022-08-29,MARUTI,INE585B01010,,8602.6,8859.9,8590.0,8834.2,459057,4029792282.35,0.9612452909723538,8491.83314950797
2022-08-30,MARUTI,INE585B01010,,8884.8,9164.0,8870.0,9082.25,1016312,9215403526.4,0.9612452909723538,8730.27004393366
2022-09-01,MARUTI,INE585B01010,,8949.95,9233.65,8941.0,9024.5,888864,8096484458.6,0.9612452909723538,8674.758128380006
2022-09-02,MARUTI,INE585B01010,,9026.5,9149.9,8902.1,8919.6,632909,5714301582.55,0.9612452909723538,8573.923497357007
2022-09-05,MARUTI,INE585B01010,,8900.0,9016.8,8875.0,8950.05,386455,3458635079.0,0.9612452909723538,8603.193416467115
2022-09-06,MARUTI,INE585B01010,,8984.3,9022.75,8870.0,8888.75,397902,3558163864.35,0.9612452909723538,8544.269080130509
2022-09-07,MARUTI,INE585B01010,,8864.0,8873.55,8760.0,8784.9,496785,4377619315.15,0.9612452909723538,8444.44375666303
2022-09-08,MARUTI,INE585B01010,,8829.0,8885.1,8780.0,8790.65,428924,3787874486.2,0.9612452909723538,8449.97091708612
2022-09-09,MARUTI,INE585B01010,,8834.65,8989.0,8730.0,8946.0,632296,5603091999.95,0.9612452909723538,8599.300373038677
2022-09-12,MARUTI,INE585B01010,,8969.9,9012.3,8904.0,8927.65,383641,3435162246.0,0.9612452909723538,8581.661521949334
2022-09-13,MARUTI,INE585B01010,,8972.3,8989.05,8910.9,8926.5,405093,3621603947.55,0.9612452909723538,8580.556089864716
2022-09-14,MARUTI,INE585B01010,,8859.85,9000.0,8825.7,8967.2,509547,4562008252.9,0.9612452909723538,8619.678773207292
2022-09-15,MARUTI,INE585B01010,,9030.05,9325.0,9030.0,9209.75,1392132,12846655616.75,0.9612452909723538,8852.828818532635
2022-09-16,MARUTI,INE585B01010,,9209.5,9315.9,9020.05,9189.65,1056382,9676876203.6,0.9612452909723538,8833.50778818409
2022-09-19,MARUTI,INE585B01010,,9175.3,9343.45,9070.0,9280.85,727024,6700561779.2,0.9612452909723538,8921.17335872077
2022-09-20,MARUTI,INE585B01010,,9339.0,9430.0,9250.0,9300.85,747257,6999346953.45,0.9612452909723538,8940.398264540217
2022-09-21,MARUTI,INE585B01010,,9300.0,9398.0,9211.45,9247.9,440725,4094134375.2,0.9612452909723538,8889.50032638323
2022-09-22,MARUTI,INE585B01010,,9199.0,9435.0,9186.0,9401.85,511112,4774658991.95,0.9612452909723538,9037.484038928425
2022-09-23,MARUTI,INE585B01010,,9397.95,9451.0,9277.35,9343.45,574213,5367367147.8,0.9612452909723538,8981.34731393564
2022-09-26,MARUTI,INE585B01010,,9270.3,9270.3,8800.0,8834.95,865432,7750844219.55,0.9612452909723538,8492.554083476198
2022-09-27,MARUTI,INE585B01010,,8890.0,8908.95,8670.5,8774.05,686285,6021142055.0,0.9612452909723538,8434.01424525598
2022-09-28,MARUTI,INE585B01010,,8720.0,8850.0,8660.05,8726.75,663740,5817820226.85,0.9612452909723538,8388.547342992988
2022-09-29,MARUTI,INE585B01010,,8770.4,8800.0,8604.1,8624.85,817007,7091840349.5,0.9612452909723538,8290.596447842905
2022-09-30,MARUTI,INE585B01010,,8668.0,8872.0,8558.2,8828.15,658982,5758777673.7,0.9612452909723538,8486.017615497585
2022-10-03,MARUTI,INE585B01010,,8970.0,8970.0,8510.0,8547.0,1123076,9686488363.7,0.9612452909723538,8215.763501940708
2022-10-04,MARUTI,INE585B01010,,8699.0,8758.55,8630.0,8690.5,503140,4373980340.6,0.9612452909723538,8353.702201195241
2022-10-06,MARUTI,INE585B01010,,8734.0,8825.0,8690.5,8703.0,474445,4153077438.45,0.9612452909723538,8365.717767332395
2022-10-07,MARUTI,INE585B01010,,8750.0,8845.6,8711.0,8779.1,428616,3765081423.7,0.9612452909723538,8438.868533975392
2022-10-10,MARUTI,INE585B01010,,8675.0,8876.45,8658.0,8862.4,411218,3620562068.5,0.9612452909723538,8518.940266713387
2022-10-11,MARUTI,INE585B01010,,8811.0,8850.0,8665.0,8684.15,422610,3700843330.3,0.9612452909723538,8347.598293597566
2022-10-12,MARUTI,INE585B01010,,8698.0,8720.0,8590.6,8686.6,380365,3295210077.35,0.9612452909723538,8349.953344560448
2022-10-13,MARUTI,INE585B01010,,8665.0,8785.45,8592.0,8649.55,355605,3081114685.7,0.9612452909723538,8314.339206529921
2022-10-14,MARUTI,INE585B01010,,8760.0,8766.6,8606.3,8617.3,274160,2380635414.05,0.9612452909723538,8283.339045896064
2022-10-17,MARUTI,INE585B01010,,8610.0,8749.7,8567.05,8723.8,304671,2642200270.85,0.9612452909723538,8385.71166938462
2022-10-18,MARUTI,INE585B01010,,8765.05,8888.25,8752.05,8807.35,369973,3264603252.1,0.9612452909723538,8466.02371344536
2022-10-19,MARUTI,INE585B01010,,8851.4,8855.0,8695.0,8719.35,385416,3381592274.25,0.9612452909723538,8381.434127839793
2022-10-20,MARUTI,INE585B01010,,8700.0,8739.2,8611.0,8707.4,328270,2852109446.4,0.9612452909723538,8369.947246612674
2022-10-21,MARUTI,INE585B01010,,8730.0,8794.0,8641.0,8703.3,356203,3105655790.15,0.9612452909723538,8366.006140919686
2022-10-25,MARUTI,INE585B01010,,8820.0,9017.0,8797.4,9005.0,727441,6506450628.05,0.9612452909723538,8656.013845206046
2022-10-27,MARUTI,INE585B01010,,9050.0,9076.95,8902.0,9041.95,849108,7647571505.85,0.9612452909723538,8691.531858707474
2022-10-28,MARUTI,INE585B01010,,9095.0,9549.95,9051.0,9492.55,1873029,17426085634.65,0.9612452909723538,9124.668986819615
2022-10-31,MARUTI,INE585B01010,,9650.0,9769.0,9451.1,9527.6,1932020,18589107459.7,0.9612452909723538,9158.360634268198
2022-11-01,MARUTI,INE585B01010,,9635.0,9636.9,9375.0,9454.6,805517,7645923256.4,0.9612452909723538,9088.189728027217
2022-11-02,MARUTI,INE585B01010,,9445.0,9454.6,9210.0,9229.4,788679,7313057753.0,0.9612452909723538,8871.717288500242
2022-11-03,MARUTI,INE585B01010,,9210.0,9310.0,9164.4,9239.1,616860,5690725446.55,0.9612452909723538,8881.041367822674
2022-11-04,MARUTI,INE585B01010,,9257.9,9324.0,9191.05,9229.5,465775,4308387867.6,0.9612452909723538,8871.813413029338
2022-11-07,MARUTI,INE585B01010,,9277.0,9352.8,9254.3,9333.3,469017,4366423082.05,0.9612452909723538,8971.59067423227
2022-11-09,MARUTI,INE585B01010,,9480.35,9480.85,9220.0,9253.5,617256,5740894055.9,0.9612452909723538,8894.883300012676
2022-11-10,MARUTI,INE585B01010,,9201.0,9250.75,9071.0,9097.25,445700,4065230559.95,0.9612452909723538,8744.688723298246
2022-11-11,MARUTI,INE585B01010,,9200.0,9240.0,9050.0,9087.55,461074,4210273421.75,0.9612452909723538,8735.364643975812
2022-11-14,MARUTI,INE585B01010,,9100.0,9163.05,8992.55,9152.35,282822,2580046161.7,0.9612452909723538,8797.653338830822
2022-11-15,MARUTI,INE585B01010,,9190.0,9203.55,9130.0,9162.2,359888,3298860534.85,0.9612452909723538,8807.1216049469
2022-11-16,MARUTI,INE585B01010,,9160.0,9252.5,9099.85,9134.95,350737,3220128298.15,0.9612452909723538,8780.927670767904
2022-11-17,MARUTI,INE585B01010,,9101.0,9169.6,8970.0,8986.45,409572,3702912825.55,0.9612452909723538,8638.18274505851
2022-11-18,MARUTI,INE585B01010,,9010.0,9023.95,8836.0,8848.05,515615,4582989142.1,0.9612452909723538,8505.146396787934
2022-11-21,MARUTI,INE585B01010,,8825.0,8929.2,8786.0,8865.2,520644,4612589969.9,0.9612452909723538,8521.631753528112
2022-11-22,MARUTI,INE585B01010,,8875.0,8934.95,8859.05,8873.75,455948,4052493296.6,0.9612452909723538,8529.850400765925
2022-11-23,MARUTI,INE585B01010,,8940.0,8989.0,8902.0,8934.5,621006,5552007404.75,0.9612452909723538,8588.246052192495
2022-11-24,MARUTI,INE585B01010,,8968.9,8994.9,8921.0,8967.1,455343,4076176202.6,0.9612452909723538,8619.582648678193
2022-11-25,MARUTI,INE585B01010,,9000.0,9080.0,8947.5,9019.5,545439,4925630174.8,0.9612452909723538,8669.951901925146
2022-11-28,MARUTI,INE585B01010,,9028.0,9104.1,8950.0,8985.4,439956,3973859541.5,0.9612452909723538,8637.173437502988
2022-11-29,MARUTI,INE585B01010,,8985.0,9024.75,8888.0,8910.2,606692,5429487093.25,0.9612452909723538,8564.887791621868
2022-11-30,MARUTI,INE585B01010,,8924.0,9020.0,8870.0,8974.15,1087650,9718716516.15,0.9612452909723538,8626.359427979549
2022-12-01,MARUTI,INE585B01010,,9019.05,9025.0,8930.0,8958.15,694489,6228221139.15,0.9612452909723538,8610.979503323992
2022-12-02,MARUTI,INE585B01010,,8820.0,8928.9,8754.75,8815.85,971612,8575348570.45,0.9612452909723538,8474.194298418626
2022-12-05,MARUTI,INE585B01010,,8844.0,8853.2,8765.0,8792.05,519621,4568670945.75,0.9612452909723538,8451.316660493483
2022-12-06,MARUTI,INE585B01010,,8777.2,8800.0,8694.95,8717.35,551379,4817158364.9,0.9612452909723538,8379.511637257849
2022-12-07,MARUTI,INE585B01010,,8720.0,8747.85,8641.0,8659.15,546450,4748242515.8,0.9612452909723538,8323.567161323257
2022-12-08,MARUTI,INE585B01010,,8665.0,8711.0,8606.05,8682.7,476001,4127069174.05,0.9612452909723538,8346.204487925657
2022-12-09,MARUTI,INE585B01010,,8707.0,8763.75,8545.45,8613.35,790406,6821600944.15,0.9612452909723538,8279.542126996725
2022-12-12,MARUTI,INE585B01010,,8609.0,8693.3,8515.3,8659.75,445039,3841876421.7,0.9612452909723538,8324.143908497841
2022-12-13,MARUTI,INE585B01010,,8662.0,8697.35,8610.0,8620.7,330236,2854826910.05,0.9612452909723538,8286.607279885371
2022-12-14,MARUTI,INE585B01010,,8650.0,8677.7,8596.05,8641.6,343670,2966051811.45,0.9612452909723538,8306.697306466693
2022-12-15,MARUTI,INE585B01010,,8641.0,8673.6,8575.0,8584.15,472176,4065719145.1,0.9612452909723538,8251.47376450033
2022-12-16,MARUTI,INE585B01010,,8559.5,8588.0,8446.0,8485.8,624222,5310447935.55,0.9612452909723538,8156.9352901331995
2022-12-19,MARUTI,INE585B01010,,8498.8,8621.45,8451.0,8603.85,464106,3971666833.65,0.9612452909723538,8270.410296732487
2022-12-20,MARUTI,INE585B01010,,8584.4,8584.4,8432.05,8524.35,694906,5910111203.0,0.9612452909723538,8193.991296100185
2022-12-21,MARUTI,INE585B01010,,8524.35,8566.95,8288.3,8350.4,800720,6725052413.6,0.9612452909723538,8026.782677735543
2022-12-22,MARUTI,INE585B01010,,8356.65,8384.0,8288.0,8334.35,580858,4838631015.9,0.9612452909723538,8011.354690815437
2022-12-23,MARUTI,INE585B01010,,8299.7,8329.95,8122.85,8141.6,503012,4126807846.7,0.9612452909723538,7826.074660980516
2022-12-26,MARUTI,INE585B01010,,8147.0,8346.0,8076.05,8256.8,315102,2590910966.3,0.9612452909723538,7936.81011850053
2022-12-27,MARUTI,INE585B01010,,8298.95,8315.0,8230.8,8305.45,423308,3504590187.85,0.9612452909723538,7983.5747019063365
2022-12-28,MARUTI,INE585B01010,,8315.0,8453.5,8287.6,8421.05,538632,4527395346.9,0.9612452909723538,8094.694657542739
2022-12-29,MARUTI,INE585B01010,,8370.0,8449.0,8333.0,8435.8,452134,3792957873.95,0.9612452909723538,8108.873025584581
2022-12-30,MARUTI,INE585B01010,,8470.0,8490.0,8362.25,8394.6,433976,3655573363.35,0.9612452909723538,8069.269719596521
2023-01-02,MARUTI,INE585B01010,,8365.0,8454.0,8337.6,8403.3,398159,3346884016.15,0.9612452909723538,8077.63255362798
2023-01-03,MARUTI,INE585B01010,,8380.0,8402.0,8304.15,8382.75,493207,4125121885.85,0.9612452909723538,8057.878962898499
2023-01-04,MARUTI,INE585B01010,,8376.0,8537.05,8311.05,8422.8,566744,4772678127.5,0.9612452909723538,8096.376836801941
2023-01-05,MARUTI,INE585B01010,,8444.95,8475.0,8390.05,8461.1,417716,3520800140.8,0.9612452909723538,8133.192531446183
2023-01-06,MARUTI,INE585B01010,,8460.0,8483.95,8350.0,8383.05,368978,3098457159.2,0.9612452909723538,8058.16733648579
2023-01-09,MARUTI,INE585B01010,,8424.85,8446.95,8325.1,8377.0,613406,5143833217.05,0.9612452909723538,8052.351802475408
2023-01-10,MARUTI,INE585B01010,,8380.0,8410.0,8262.9,8293.15,493677,4105720227.4,0.9612452909723538,7971.751384827376
2023-01-11,MARUTI,INE585B01010,,8334.65,8334.65,8249.15,8284.45,327536,2715092146.35,0.9612452909723538,7963.388550795917
2023-01-12,MARUTI,INE585B01010,,8315.0,8377.0,8260.0,8369.2,283772,2364626252.95,0.9612452909723538,8044.854089205824
2023-01-13,MARUTI,INE585B01010,,8397.0,8500.05,8351.0,8453.4,705220,5959182204.15,0.9612452909723538,8125.790942705695
2023-01-16,MARUTI,INE585B01010,,8480.0,8514.3,8343.6,8380.1,500575,4204730719.1,0.9612452909723538,8055.331662877422
2023-01-17,MARUTI,INE585B01010,,8409.85,8493.3,8342.15,8479.35,409248,3449376289.9,0.9612452909723538,8150.735258006428
2023-01-18,MARUTI,INE585B01010,,8473.0,8537.4,8464.3,8494.05,402883,3424833436.2,0.9612452909723538,8164.865563783721
2023-01-19,MARUTI,INE585B01010,,8479.0,8519.0,8456.5,8501.65,184776,1569369353.5,0.9612452909723538,8172.171027995111
2023-01-20,MARUTI,INE585B01010,,8462.05,8500.0,8412.0,8439.8,346337,2929643905.85,0.9612452909723538,8112.7180067484705
2023-01-23,MARUTI,INE585B01010,,8480.0,8482.0,8377.9,8417.1,410827,3460664360.35,0.9612452909723538,8090.897738643399
2023-01-24,MARUTI,INE585B01010,,8450.0,8718.0,8417.0,8698.8,1039571,8945185007.0,0.9612452909723538,8361.680537110311
2023-01-25,MARUTI,INE585B01010,,8747.9,8833.0,8680.3,8784.1,1131883,9930337994.9,0.9612452909723538,8443.674760430253
2023-01-27,MARUTI,INE585B01010,,8828.45,8889.0,8620.1,8737.5,743546,6491285266.5,0.9612452909723538,8398.880729870942
2023-01-30,MARUTI,INE585B01010,,8779.0,8865.0,8718.0,8817.0,1036998,9124174860.8,0.9612452909723538,8475.299730503244
2023-01-31,MARUTI,INE585B01010,,8856.9,8943.85,8830.2,8895.3,643670,5727116371.7,0.9612452909723538,8550.565236786379
2023-02-01,MARUTI,INE585B01010,,8937.0,9030.45,8673.9,8768.85,707460,6269291995.0,0.9612452909723538,8429.015769742924
2023-02-02,MARUTI,INE585B01010,,8765.0,8940.0,8751.1,8870.15,456995,4050517443.0,0.9612452909723538,8526.389917718423
2023-02-03,MARUTI,INE585B01010,,8940.0,8963.0,8845.15,8942.3,351157,3129104651.85,0.9612452909723538,8595.743765462079
2023-02-06,MARUTI,INE585B01010,,8926.95,8936.0,8820.0,8908.0,205161,1821587649.9,0.9612452909723538,8562.773051981727
2023-02-07,MARUTI,INE585B01010,,8908.0,8920.0,8752.55,8762.45,318669,2803646153.35,0.9612452909723538,8422.863799880703
2023-02-08,MARUTI,INE585B01010,,8773.0,8854.5,8673.05,8834.7,391645,3442211700.9,0.9612452909723538,8492.313772153455
2023-02-09,MARUTI,INE585B01010,,8802.3,8833.0,8700.0,8801.2,392186,3441170550.35,0.9612452909723538,8460.112054905881
2023-02-10,MARUTI,INE585B01010,,8797.8,8875.0,8772.95,8811.35,276298,2436905367.4,0.9612452909723538,8469.86869460925
2023-02-13,MARUTI,INE585B01010,,8787.0,8864.4,8755.7,8809.45,253037,2230391801.8,0.9612452909723538,8468.042328556403
2023-02-14,MARUTI,INE585B01010,,8815.0,8847.0,8765.0,8774.45,227030,1998617825.45,0.9612452909723538,8434.39874337237
2023-02-15,MARUTI,INE585B01010,,8774.45,8895.7,8742.0,8845.35,452568,3999333591.85,0.9612452909723538,8502.55103450231
2023-02-16,MARUTI,INE585B01010,,8880.0,8880.0,8790.0,8805.1,247514,2186278643.9,0.9612452909723538,8463.860911540673
2023-02-17,MARUTI,INE585B01010,,8787.0,8874.0,8749.75,8807.75,214587,1894130570.0,0.9612452909723538,8466.40821156175
2023-02-20,MARUTI,INE585B01010,,8807.75,8849.0,8675.25,8693.65,298434,2610982525.45,0.9612452909723538,8356.730123861804
2023-02-21,MARUTI,INE585B01010,,8694.0,8720.0,8638.45,8669.85,323478,2803304805.4,0.9612452909723538,8333.852485936663
2023-02-22,MARUTI,INE585B01010,,8675.5,8719.0,8585.0,8658.95,363931,3150112526.55,0.9612452909723538,8323.374912265064
2023-02-23,MARUTI,INE585B01010,,8693.45,8747.45,8616.0,8696.25,317544,2757769161.15,0.9612452909723538,8359.229361618332
2023-02-24,MARUTI,INE585B01010,,8711.0,8740.0,8609.3,8660.5,242982,2107602292.65,0.9612452909723538,8324.86484246607
2023-02-27,MARUTI,INE585B01010,,8630.0,8643.05,8530.0,8632.2,220225,1893928993.7,0.9612452909723538,8297.661600731553
2023-02-28,MARUTI,INE585B01010,,8650.0,8709.0,8605.3,8624.35,370998,3208921698.0,0.9612452909723538,8290.11582519742
2023-03-01,MARUTI,INE585B01010,,8620.0,8776.25,8620.0,8764.15,333441,2911640573.6,0.9612452909723538,8424.497916875354
2023-03-02,MARUTI,INE585B01010,,8771.0,8771.0,8509.1,8548.75,603893,5195829480.4,0.9612452909723538,8217.44568119991
2023-03-03,MARUTI,INE585B01010,,8592.05,8629.0,8550.0,8601.25,437977,3763152733.5,0.9612452909723538,8267.911058975958
2023-03-06,MARUTI,INE585B01010,,8640.0,8663.0,8590.95,8631.45,275417,2376621411.45,0.9612452909723538,8296.940666763323
2023-03-08,MARUTI,INE585B01010,,8625.0,8712.05,8610.05,8693.9,348171,3019539160.15,0.9612452909723538,8356.970435184547
2023-03-09,MARUTI,INE585B01010,,8725.0,8737.0,8534.05,8541.95,431466,3719080236.15,0.9612452909723538,8210.909213221297
2023-03-10,MARUTI,INE585B01010,,8530.0,8628.0,8480.1,8601.55,516128,4421113821.85,0.9612452909723538,8268.19943256325
2023-03-13,MARUTI,INE585B01010,,8601.55,8637.3,8481.1,8518.4,479314,4097859281.15,0.9612452909723538,8188.271886618898
2023-03-14,MARUTI,INE585B01010,,8544.95,8544.95,8445.0,8512.15,349510,2965526727.2,0.9612452909723538,8182.264103550321
2023-03-15,MARUTI,INE585B01010,,8650.0,8704.95,8440.0,8474.95,509229,4366859212.65,0.9612452909723538,8146.50577872615
2023-03-16,MARUTI,INE585B01010,,8460.1,8533.4,8411.0,8437.45,340261,2880196973.15,0.9612452909723538,8110.4590803146875
2023-03-17,MARUTI,INE585B01010,,8503.0,8510.95,8293.55,8316.85,471602,3941243158.05,0.9612452909723538,7994.5328982234205
2023-03-20,MARUTI,INE585B01010,,8316.85,8316.85,8130.0,8219.6,488199,3999525557.6,0.9612452909723538,7901.05179367636
2023-03-21,MARUTI,INE585B01010,,8245.0,8275.0,8215.0,8228.4,287497,2368817606.55,0.9612452909723538,7909.510752236915
2023-03-22,MARUTI,INE585B01010,,8236.0,8289.6,8217.0,8252.4,218120,1799619214.75,0.9612452909723538,7932.580639220252
2023-03-23,MARUTI,INE585B01010,,8264.0,8375.0,8232.6,8353.2,540553,4507354540.6,0.9612452909723538,8029.474164550266
2023-03-24,MARUTI,INE585B01010,,8353.2,8386.5,8211.0,8242.9,391840,3253150940.75,0.9612452909723538,7923.448808956015
2023-03-27,MARUTI,INE585B01010,,8250.0,8316.8,8229.55,8278.35,364326,3012892559.65,0.9612452909723538,7957.524954520985
2023-03-28,MARUTI,INE585B01010,,8305.9,8355.6,8140.0,8208.8,360349,2962382006.4,0.9612452909723538,7890.670344533857
2023-03-29,MARUTI,INE585B01010,,8249.85,8319.1,8187.5,8295.3,339851,2801510464.65,0.9612452909723538,7973.818062202966
2023-03-31,MARUTI,INE585B01010,,8325.95,8370.0,8257.05,8292.15,478757,3973151862.05,0.9612452909723538,7970.790139536403
2023-04-03,MARUTI,INE585B01010,,8412.85,8579.0,8390.35,8503.05,627265,5332384252.55,0.9612452909723538,8173.516771402472
2023-04-05,MARUTI,INE585B01010,,8521.95,8548.0,8430.0,8447.05,272888,2307320637.15,0.9612452909723538,8119.687035108021
2023-04-06,MARUTI,INE585B01010,,8464.0,8535.0,8377.1,8516.65,309551,2624034168.6,0.9612452909723538,8186.589707359696
2023-04-10,MARUTI,INE585B01010,,8456.6,8555.8,8403.05,8535.15,308275,2614915538.6,0.9612452909723538,8204.372745242685
2023-04-11,MARUTI,INE585B01010,,8580.0,8670.95,8545.0,8659.55,409240,3531331424.45,0.9612452909723538,8323.951659439646
2023-04-12,MARUTI,INE585B01010,,8672.0,8709.95,8591.0,8621.05,408458,3538420321.75,0.9612452909723538,8286.94371573721
2023-04-13,MARUTI,INE585B01010,,8628.05,8704.0,8620.0,8670.8,480202,4162781442.45,0.9612452909723538,8334.765668963084
2023-04-17,MARUTI,INE585B01010,,8850.0,8850.0,8650.0,8674.65,489356,4254147674.95,0.9612452909723538,8338.466463333329
2023-04-18,MARUTI,INE585B01010,,8692.95,8748.8,8690.0,8732.65,276111,2409503396.95,0.9612452909723538,8394.218690209726
2023-04-19,MARUTI,INE585B01010,,8690.05,8741.8,8662.45,8679.95,280819,2440770841.45,0.9612452909723538,8343.561063375482
2023-04-20,MARUTI,INE585B01010,,8670.0,8739.9,8665.15,8714.65,369060,3217187122.75,0.9612452909723538,8376.916274972222
2023-04-21,MARUTI,INE585B01010,,8679.4,8704.0,8550.0,8558.45,424157,3647672199.55,0.9612452909723538,8226.769760522342
2023-04-24,MARUTI,INE585B01010,,8577.0,8577.0,8444.75,8466.15,543745,4608995080.15,0.9612452909723538,8138.046820165592
2023-04-25,MARUTI,INE585B01010,,8510.0,8525.0,8420.0,8468.9,906406,7663189418.6,0.9612452909723538,8140.690244715766
2023-04-26,MARUTI,INE585B01010,,8527.0,8550.0,8434.9,8506.9,959058,8148132924.35,0.9612452909723538,8177.217565772716
2023-04-27,MARUTI,INE585B01010,,8570.0,8570.0,8471.25,8542.95,536521,4567195084.65,0.9612452909723538,8211.87045851227
2023-04-28,MARUTI,INE585B01010,,8593.0,8612.45,8535.1,8589.55,387567,3324105783.55,0.9612452909723538,8256.664489071582
2023-05-02,MARUTI,INE585B01010,,8622.7,8827.0,8606.0,8776.85,865562,7561840948.15,0.9612452909723538,8436.705732070704
2023-05-03,MARUTI,INE585B01010,,8770.0,8828.0,8715.05,8797.3,537008,4724953410.1,0.9612452909723538,8456.363198271087
2023-05-04,MARUTI,INE585B01010,,8796.65,8822.95,8743.0,8800.6,271926,2387774680.95,0.9612452909723538,8459.535307731298
2023-05-05,MARUTI,INE585B01010,,8800.6,8988.0,8790.0,8948.65,951591,8493961463.95,0.9612452909723538,8601.847673059754
2023-05-08,MARUTI,INE585B01010,,9046.0,9120.95,8960.0,9076.25,678780,6147450057.7,0.9612452909723538,8724.502572187826
2023-05-09,MARUTI,INE585B01010,,9083.0,9140.0,9051.85,9111.55,415394,3781295565.75,0.9612452909723538,8758.43453095915
2023-05-10,MARUTI,INE585B01010,,9128.8,9180.0,9060.0,9168.15,366827,3343719121.5,0.9612452909723538,8812.841014428184
2023-05-11,MARUTI,INE585B01010,,9242.95,9315.0,9142.05,9260.9,644550,5958927392.8,0.9612452909723538,8901.99651516587
2023-05-12,MARUTI,INE585B01010,,9260.95,9329.8,9232.65,9295.4,403028,3738440470.4,0.9612452909723538,8935.159477704417
2023-05-15,MARUTI,INE585B01010,,9242.0,9307.5,9185.4,9207.3,259316,2394347052.55,0.9612452909723538,8850.473767569752
2023-05-16,MARUTI,INE585B01010,,9219.1,9229.3,9057.1,9071.35,448981,4091300130.6,0.9612452909723538,8719.792470262062
2023-05-17,MARUTI,INE585B01010,,9080.35,9132.0,9032.05,9119.4,290482,2638674503.95,0.9612452909723538,8765.980306493282
2023-05-18,MARUTI,INE585B01010,,9144.95,9150.0,9044.1,9053.3,272497,2477178262.3,0.9612452909723538,8702.44199276001
2023-05-19,MARUTI,INE585B01010,,9060.0,9118.2,8960.55,9105.95,543472,4902904246.25,0.9612452909723538,8753.051557329705
2023-05-22,MARUTI,INE585B01010,,9090.0,9169.7,9073.85,9156.65,182115,1665437934.75,0.9612452909723538,8801.786693582002
2023-05-23,MARUTI,INE585B01010,,9169.0,9235.0,9156.75,9200.7,269008,2475207117.8,0.9612452909723538,8844.129548649336
2023-05-24,MARUTI,INE585B01010,,9168.0,9318.2,9159.0,9270.75,470365,4363791600.3,0.9612452909723538,8911.46478128195
2023-05-25,MARUTI,INE585B01010,,9220.75,9293.4,9216.05,9281.85,218979,2028293008.15,0.9612452909723538,8922.134604011742
2023-05-26,MARUTI,INE585B01010,,9333.0,9415.0,9311.25,9399.95,346760,3254474348.25,0.9612452909723538,9035.657672875577
2023-05-29,MARUTI,INE585B01010,,9435.0,9488.8,9312.05,9333.5,236834,2219126179.6,0.9612452909723538,8971.782923290464
2023-05-30,MARUTI,INE585B01010,,9380.0,9402.9,9300.0,9383.35,372004,3484866364.5,0.9612452909723538,9019.701001045436
2023-05-31,MARUTI,INE585B01010,,9449.95,9449.95,9267.6,9367.7,1614766,15109983758.15,0.9612452909723538,9004.65751224172
2023-06-01,MARUTI,INE585B01010,,9337.5,9377.55,9222.0,9328.3,378706,3524409606.2,0.9612452909723538,8966.784447777407
2023-06-02,MARUTI,INE585B01010,,9389.0,9525.15,9312.7,9485.35,445105,4196476839.35,0.9612452909723538,9117.748020724617
2023-06-05,MARUTI,INE585B01010,,9552.5,9640.0,9488.55,9582.1,434649,4167778434.55,0.9612452909723538,9210.748502626191
2023-06-06,MARUTI,INE585B01010,,9629.0,9770.0,9611.0,9736.2,542318,5270336890.95,0.9612452909723538,9358.876401965032
2023-06-07,MARUTI,INE585B01010,,9788.0,9800.0,9650.5,9707.5,453747,4414905766.9,0.9612452909723538,9331.288662114124
2023-06-08,MARUTI,INE585B01010,,9733.0,9765.0,9625.5,9658.6,273746,2650107758.35,0.9612452909723538,9284.283767385577
2023-06-09,MARUTI,INE585B01010,,9675.5,9713.9,9611.1,9627.8,161389,1558381631.2,0.9612452909723538,9254.677412423627
2023-06-12,MARUTI,INE585B01010,,9625.0,9700.0,9537.65,9550.45,316879,3029930516.55,0.9612452909723538,9180.325089166918
2023-06-13,MARUTI,INE585B01010,,9588.0,9618.05,9505.65,9517.5,561014,5359061697.3,0.9612452909723538,9148.652056829376
2023-06-14,MARUTI,INE585B01010,,9520.0,9599.0,9490.5,9532.5,328167,3132043090.3,0.9612452909723538,9163.070736193962
2023-06-15,MARUTI,INE585B01010,,9555.0,9697.8,9543.0,9594.85,459978,4428672734.55,0.9612452909723538,9223.00438008609
2023-06-16,MARUTI,INE585B01010,,9595.05,9643.4,9552.0,9603.7,682099,6550531145.6,0.9612452909723538,9231.511400911195
2023-06-19,MARUTI,INE585B01010,,9638.0,9642.15,9510.0,9532.0,395006,3784665309.4,0.9612452909723538,9162.590113548476
2023-06-20,MARUTI,INE585B01010,,9530.0,9538.9,9420.0,9492.1,612713,5806163235.7,0.9612452909723538,9124.23642643868
2023-06-21,MARUTI,INE585B01010,,9502.0,9537.0,9396.05,9440.85,356331,3366042252.2,0.9612452909723538,9074.972605276347
2023-06-22,MARUTI,INE585B01010,,9439.05,9494.35,9373.8,9403.05,288487,2720414872.85,0.9612452909723538,9038.63753327759
2023-06-23,MARUTI,INE585B01010,,9420.0,9427.0,9305.0,9327.3,309138,2890998081.5,0.9612452909723538,8965.823202486436
2023-06-26,MARUTI,INE585B01010,,9327.3,9520.0,9300.0,9470.2,405168,3816182793.25,0.9612452909723538,9103.185154566385
2023-06-27,MARUTI,INE585B01010,,9490.0,9500.0,9395.05,9461.0,339375,3205552606.6,0.9612452909723538,9094.341697889438
2023-06-28,MARUTI,INE585B01010,,9475.45,9575.0,9432.55,9540.65,482586,4597729163.55,0.9612452909723538,9170.904885315387
2023-06-30,MARUTI,INE585B01010,,9569.0,9853.5,9541.0,9789.05,845006,8239586283.05,0.9612452909723538,9409.67821559292
2023-07-03,MARUTI,INE585B01010,,9742.05,9785.85,9656.55,9673.0,398066,3860234867.0,0.9612452909723538,9298.125699575578
2023-07-04,MARUTI,INE585B01010,,9700.0,9716.5,9620.05,9647.4,247673,2390379578.15,0.9612452909723538,9273.517820126686
2023-07-05,MARUTI,INE585B01010,,9697.0,10036.95,9675.0,9992.3,815044,8057349422.15,0.9612452909723538,9605.05132098305
2023-07-06,MARUTI,INE585B01010,,9999.95,10016.3,9815.2,9859.4,652120,6447326770.3,0.9612452909723538,9477.301821812825
2023-07-07,MARUTI,INE585B01010,,9854.0,9945.0,9815.0,9850.25,457050,4509793409.8,0.9612452909723538,9468.506427400427
2023-07-10,MARUTI,INE585B01010,,9854.0,9933.35,9719.75,9736.3,272008,2669770018.9,0.9612452909723538,9358.972526494128
2023-07-11,MARUTI,INE585B01010,,9796.0,9956.85,9736.3,9900.15,568772,5628732827.65,0.9612452909723538,9516.472567419947
2023-07-12,MARUTI,INE585B01010,,9895.0,9950.0,9805.0,9835.8,552967,5453254194.25,0.9612452909723538,9454.616432945877
2023-07-13,MARUTI,INE585B01010,,9852.95,9898.95,9612.0,9647.55,519564,5050186594.4,0.9612452909723538,9273.66200692033
2023-07-14,MARUTI,INE585B01010,,9701.95,9727.3,9591.0,9603.65,498441,4801894293.1,0.9612452909723538,9231.463338646645
2023-07-17,MARUTI,INE585B01010,,9647.0,9699.0,9555.0,9689.55,444583,4274276111.55,0.9612452909723538,9314.03430914117
2023-07-18,MARUTI,INE585B01010,,9710.2,9766.3,9601.7,9665.65,320985,3104128234.4,0.9612452909723538,9291.060546686931
2023-07-19,MARUTI,INE585B01010,,9651.0,9666.0,9525.65,9607.55,450254,4329181084.85,0.9612452909723538,9235.212195281438
2023-07-20,MARUTI,INE585B01010,,9620.0,9785.0,9575.45,9772.5,466813,4526305506.9,0.9612452909723538,9393.769606027327
2023-07-21,MARUTI,INE585B01010,,9720.0,9845.0,9703.0,9770.05,328483,3210854797.45,0.9612452909723538,9391.414555064444
2023-07-24,MARUTI,INE585B01010,,9770.05,9815.0,9680.0,9694.8,358506,3490413168.95,0.9612452909723538,9319.080846918774
2023-07-25,MARUTI,INE585B01010,,9624.0,9774.95,9616.8,9758.6,240998,2342017795.35,0.9612452909723538,9380.408296482812
2023-07-26,MARUTI,INE585B01010,,9761.5,9810.0,9725.25,9756.35,209861,2049380316.9,0.9612452909723538,9378.245494578125
2023-07-27,MARUTI,INE585B01010,,9770.0,9827.15,9691.65,9753.6,256672,2503814938.05,0.9612452909723538,9375.60207002795
2023-07-28,MARUTI,INE585B01010,,9739.0,9750.0,9546.4,9670.3,381151,3671139736.7,0.9612452909723538,9295.530337289953
2023-07-31,MARUTI,INE585B01010,,9670.3,9837.7,9606.0,9820.75,600060,5860574500.05,0.9612452909723538,9440.149691316743
2023-08-01,MARUTI,INE585B01010,,9760.0,9892.0,9650.05,9716.75,1394528,13586466758.15,0.9612452909723538,9340.180181055619
2023-08-02,MARUTI,INE585B01010,,9715.0,9793.45,9520.35,9653.8,672815,6480909326.85,0.9612452909723538,9279.669789988908
2023-08-03,MARUTI,INE585B01010,,9598.85,9659.95,9515.6,9543.7,614897,5899147052.95,0.9702910757218793,9260.1669393669
2023-08-04,MARUTI,INE585B01010,,9560.0,9616.0,9427.0,9470.4,540470,5149396866.95,0.9702910757218793,9189.044603516486
2023-08-07,MARUTI,INE585B01010,,9490.0,9539.8,9422.0,9523.8,366329,3479713011.05,0.9702910757218793,9240.858146960034
2023-08-08,MARUTI,INE585B01010,,9539.95,9623.0,9505.0,9542.55,430636,4120867494.1,0.9702910757218793,9259.05110462982
2023-08-09,MARUTI,INE585B01010,,9540.0,9540.05,9417.5,9463.1,404602,3827840931.8,0.9702910757218793,9181.961478663718
2023-08-10,MARUTI,INE585B01010,,9463.1,9500.0,9342.05,9397.6,523490,4927507564.7,0.9702910757218793,9118.407413203933
2023-08-11,MARUTI,INE585B01010,,9397.6,9469.0,9344.0,9356.85,498504,4679639335.25,0.9702910757218793,9078.868051868267
2023-08-14,MARUTI,INE585B01010,,9360.0,9364.0,9257.9,9321.65,336864,3140203166.0,0.9702910757218793,9044.713806002856
2023-08-16,MARUTI,INE585B01010,,9334.0,9437.75,9254.15,9419.55,336363,3143716122.15,0.9702910757218793,9139.705302316028
2023-08-17,MARUTI,INE585B01010,,9414.9,9474.75,9350.0,9375.3,402798,3785741485.25,0.9702910757218793,9096.769922215335
2023-08-18,MARUTI,INE585B01010,,9350.0,9470.0,9336.65,9456.05,400745,3779381467.4,0.9702910757218793,9175.120926579877
2023-08-21,MARUTI,INE585B01010,,9455.55,9469.0,9413.25,9438.8,375347,3543794814.8,0.9702910757218793,9158.383405523675
2023-08-22,MARUTI,INE585B01010,,9420.2,9508.05,9409.7,9491.9,435930,4130139859.0,0.9702910757218793,9209.905861644505
2023-08-23,MARUTI,INE585B01010,,9519.0,9640.0,9446.0,9600.95,546842,5229038851.6,0.9702910757218793,9315.716103451978
2023-08-24,MARUTI,INE585B01010,,9661.65,9661.65,9555.0,9573.7,385559,3704039844.45,0.9702910757218793,9289.275671638557
2023-08-25,MARUTI,INE585B01010,,9554.0,9624.75,9485.0,9505.7,346449,3311521395.65,0.9702910757218793,9223.295878489469
2023-08-28,MARUTI,INE585B01010,,9514.95,9670.0,9510.0,9597.7,325938,3133034245.9,0.9702910757218793,9312.562657455883
2023-08-29,MARUTI,INE585B01010,,9600.0,9684.75,9506.0,9621.25,317224,3051937365.65,0.9702910757218793,9335.413012289131
2023-08-30,MARUTI,INE585B01010,,9660.0,9817.95,9610.0,9796.4,543634,5289463342.75,0.9702910757218793,9505.359494201819
2023-08-31,MARUTI,INE585B01010,,9770.1,10065.0,9770.1,10003.8,1581818,15801293328.4,0.9702910757218793,9706.597863306535
2023-09-01,MARUTI,INE585B01010,,9999.0,10397.95,9951.35,10331.25,1193178,12182985617.3,0.9702910757218793,10024.319676051666
2023-09-04,MARUTI,INE585B01010,,10401.0,10467.95,10286.3,10362.45,819552,8504213131.3,0.9702910757218793,10054.59275761419
2023-09-05,MARUTI,INE585B01010,,10350.0,10412.7,10245.8,10262.1,507107,5233797178.05,0.9702910757218793,9957.224048165499
2023-09-06,MARUTI,INE585B01010,,10260.0,10260.0,10130.15,10178.85,663758,6752622890.15,0.9702910757218793,9876.447316111651
2023-09-07,MARUTI,INE585B01010,,10150.0,10300.9,10150.0,10280.75,445805,4566000264.2,0.9702910757218793,9975.319976727711
2023-09-08,MARUTI,INE585B01010,,10399.0,10400.0,10300.0,10332.0,439721,4550689814.8,0.9702910757218793,10025.047394358457
2023-09-11,MARUTI,INE585B01010,,10345.0,10550.0,10344.0,10533.85,598050,6272577462.75,0.9702910757218793,10220.90064799292
2023-09-12,MARUTI,INE585B01010,,10544.0,10568.4,10405.0,10503.6,568773,5962717891.8,0.9702910757218793,10191.549342952332
2023-09-13,MARUTI,INE585B01010,,10500.0,10536.4,10440.0,10473.4,301707,3158351626.85,0.9702910757218793,10162.24655246553
2023-09-14,MARUTI,INE585B01010,,10465.05,10580.0,10431.05,10488.15,501196,5263440185.8,0.9702910757218793,10176.558345832429
2023-09-15,MARUTI,INE585B01010,,10489.3,10550.0,10477.4,10525.25,544616,5731355495.75,0.9702910757218793,10212.556144741711
2023-09-18,MARUTI,INE585B01010,,10500.05,10623.65,10494.05,10522.1,430213,4541588640.95,0.9702910757218793,10209.499727853186
2023-09-20,MARUTI,INE585B01010,,10494.05,10494.05,10337.55,10346.75,545106,5664793346.15,0.9702910757218793,10039.359187725355
2023-09-21,MARUTI,INE585B01010,,10343.05,10345.0,10206.5,10284.3,577252,5922280655.45,0.9702910757218793,9978.764510046523
2023-09-22,MARUTI,INE585B01010,,10378.0,10566.75,10308.45,10535.15,986206,10321804670.75,0.9702910757218793,10222.162026391357
2023-09-25,MARUTI,INE585B01010,,10535.15,10720.0,10530.0,10588.2,756801,8053625226.0,0.9702910757218793,10273.635967958404
2023-09-26,MARUTI,INE585B01010,,10631.9,10633.95,10526.55,10556.65,452503,4777140069.85,0.9702910757218793,10243.023284519377
2023-09-27,MARUTI,INE585B01010,,10550.0,10706.0,10525.0,10680.75,458359,4860122315.5,0.9702910757218793,10363.436407016463
2023-09-28,MARUTI,INE585B01010,,10650.5,10705.0,10532.05,10565.35,598144,6350750171.45,0.9702910757218793,10251.464816878159
2023-09-29,MARUTI,INE585B01010,,10541.0,10705.5,10510.55,10610.6,481725,5119308066.2,0.9702910757218793,10295.370488054574
2023-10-03,MARUTI,INE585B01010,,10709.8,10709.8,10303.3,10346.9,623006,6467781468.8,0.9702910757218793,10039.504731386713
2023-10-04,MARUTI,INE585B01010,,10283.9,10283.9,10090.0,10129.85,407793,4137635895.95,0.9702910757218793,9828.90305340128
2023-10-05,MARUTI,INE585B01010,,10181.95,10270.95,10109.0,10210.15,377196,3839150700.6,0.9702910757218793,9906.817426781747
2023-10-06,MARUTI,INE585B01010,,10283.0,10332.95,10260.0,10302.05,335700,3457679741.95,0.9702910757218793,9995.987176640587
2023-10-09,MARUTI,INE585B01010,,10250.0,10334.4,10183.95,10244.8,230083,2360672534.35,0.9702910757218793,9940.438012555509
2023-10-10,MARUTI,INE585B01010,,10290.0,10417.0,10270.1,10375.0,348342,3614092378.4,0.9702910757218793,10066.769910614497
2023-10-11,MARUTI,INE585B01010,,10349.95,10440.0,10340.05,10412.1,193526,2014025370.35,0.9702910757218793,10102.76770952378
2023-10-12,MARUTI,INE585B01010,,10460.0,10624.55,10420.2,10580.9,569237,6007487869.6,0.9702910757218793,10266.552843105632
2023-10-13,MARUTI,INE585B01010,,10534.05,10745.05,10529.8,10727.55,625954,6678188714.55,0.9702910757218793,10408.846029360246
2023-10-16,MARUTI,INE585B01010,,10729.95,10810.85,10665.0,10704.5,304196,3263350555.7,0.9702910757218793,10386.480820064857
2023-10-17,MARUTI,INE585B01010,,10730.0,10797.85,10565.3,10750.8,474718,5088988778.8,0.9702910757218793,10431.40529687078
2023-10-18,MARUTI,INE585B01010,,10755.0,10809.85,10711.05,10788.45,267435,2880667676.7,0.9702910757218793,10467.93675587171
2023-10-19,MARUTI,INE585B01010,,10700.0,10798.7,10700.0,10771.7,286284,3081492837.95,0.9702910757218793,10451.684380353368
2023-10-20,MARUTI,INE585B01010,,10763.1,10799.0,10695.7,10725.65,232512,2498467832.45,0.9702910757218793,10407.002476316375
2023-10-23,MARUTI,INE585B01010,,10681.0,10724.65,10530.45,10553.65,227925,2417562818.05,0.9702910757218793,10240.112411292212
2023-10-25,MARUTI,INE585B01010,,10520.0,10647.45,10501.6,10588.85,401105,4246185516.65,0.9702910757218793,10274.266657157623
2023-10-26,MARUTI,INE585B01010,,10539.0,10594.0,10392.5,10424.15,506129,5295057074.45,0.9702910757218793,10114.459716986228
2023-10-27,MARUTI,INE585B01010,,10440.05,10845.0,10440.0,10560.7,1116713,11910577273.75,0.9702910757218793,10246.952963376052
2023-10-30,MARUTI,INE585B01010,,10700.0,10700.0,10245.0,10397.7,991168,10335470460.5,0.9702910757218793,10088.795518033385
2023-10-31,MARUTI,INE585B01010,,10490.0,10490.0,10321.0,10392.3,439996,4581157843.3,0.9702910757218793,10083.555946224486
2023-11-01,MARUTI,INE585B01010,,10390.1,10422.2,10188.65,10227.75,699116,7181923305.55,0.9702910757218793,9923.894549714452
2023-11-02,MARUTI,INE585B01010,,10290.3,10345.0,10201.0,10303.6,569194,5848154699.55,0.9702910757218793,9997.491127807956
2023-11-03,MARUTI,INE585B01010,,10318.0,10370.0,10241.0,10276.3,517582,5329619809.95,0.9702910757218793,9971.002181440748
2023-11-06,MARUTI,INE585B01010,,10338.95,10338.95,10252.0,10284.85,490459,5045077478.2,0.9702910757218793,9979.29817013817
2023-11-07,MARUTI,INE585B01010,,10300.0,10326.0,10235.85,10253.3,264935,2723931147.95,0.9702910757218793,9948.685486699145
2023-11-08,MARUTI,INE585B01010,,10320.0,10340.45,10260.6,10322.3,287006,2959056566.7,0.9702910757218793,10015.635570923954
2023-11-09,MARUTI,INE585B01010,,10349.95,10449.6,10316.75,10400.35,310536,3230183156.75,0.9702910757218793,10091.366789384048
2023-11-10,MARUTI,INE585B01010,,10375.0,10416.4,10320.0,10388.8,206395,2141711755.25,0.9702910757218793,10080.15992745946
2023-11-13,MARUTI,INE585B01010,,10429.0,10429.0,10363.65,10398.4,261891,2722382260.65,0.9702910757218793,10089.47472178639
2023-11-15,MARUTI,INE585B01010,,10497.0,10497.0,10375.05,10456.05,436538,4550967038.65,0.9702910757218793,10145.412002301755
2023-11-16,MARUTI,INE585B01010,,10480.0,10543.7,10409.2,10484.5,488715,5122804615.85,0.9702910757218793,10173.016783406043
2023-11-17,MARUTI,INE585B01010,,10500.0,10606.8,10499.15,10523.5,403772,4258144712.4,0.9702910757218793,10210.858135359198
2023-11-20,MARUTI,INE585B01010,,10500.0,10593.35,10500.0,10566.25,234246,2472261189.8,0.9702910757218793,10252.338078846307
2023-11-21,MARUTI,INE585B01010,,10619.0,10619.0,10500.0,10535.15,312242,3290459127.25,0.9702910757218793,10222.162026391357
2023-11-22,MARUTI,INE585B01010,,10550.0,10551.25,10420.0,10494.55,378891,3968153782.55,0.9702910757218793,10182.768208717049
2023-11-23,MARUTI,INE585B01010,,10487.8,10525.0,10394.05,10488.5,453820,4744746938.45,0.9702910757218793,10176.89794770893
2023-11-24,MARUTI,INE585B01010,,10505.95,10566.5,10462.0,10515.65,380306,3998887577.9,0.9702910757218793,10203.24135041478
2023-11-28,MARUTI,INE585B01010,,10539.95,10556.4,10506.0,10537.55,268026,2822809045.5,0.9702910757218793,10224.49072497309
2023-11-29,MARUTI,INE585B01010,,10570.0,10634.55,10525.7,10599.25,343341,3628055916.15,0.9702910757218793,10284.35768434513
2023-11-30,MARUTI,INE585B01010,,10581.0,10649.0,10546.1,10608.7,665660,7053173745.25,0.9702910757218793,10293.526935010703
2023-12-01,MARUTI,INE585B01010,,10608.0,10759.0,10533.05,10585.7,591519,6302472707.8,0.9702910757218793,10271.210240269098
2023-12-04,MARUTI,INE585B01010,,10695.0,10695.1,10425.0,10599.45,625235,6588271133.25,0.9702910757218793,10284.551742560274
2023-12-05,MARUTI,INE585B01010,,10650.9,10770.0,10563.4,10721.9,580996,6212326239.0,0.9702910757218793,10403.363884782419
2023-12-06,MARUTI,INE585B01010,,10721.9,10748.95,10590.0,10625.75,464163,4948340822.0,0.9702910757218793,10310.07039785176
2023-12-07,MARUTI,INE585B01010,,10790.0,10932.85,10635.0,10696.65,704413,7573319990.35,0.9702910757218793,10378.86403512044
2023-12-08,MARUTI,INE585B01010,,10730.0,10748.0,10551.0,10618.55,548373,5827519818.75,0.9702910757218793,10303.084302106561
2023-12-11,MARUTI,INE585B01010,,10630.0,10638.0,10500.05,10541.75,579749,6126296682.05,0.9702910757218793,10228.56594749112
2023-12-12,MARUTI,INE585B01010,,10620.0,10624.0,10301.1,10338.4,1088687,11370075446.4,0.9702910757218793,10031.257257243076
2023-12-13,MARUTI,INE585B01010,,10360.0,10412.9,10260.0,10380.05,603469,6237110090.75,0.9702910757218793,10071.669880546893
2023-12-14,MARUTI,INE585B01010,,10440.0,10495.0,10312.3,10353.2,635475,6583677888.75,0.9702910757218793,10045.617565163762
2023-12-15,MARUTI,INE585B01010,,10459.0,10476.75,9832.6,10286.4,1244681,12777940480.9,0.9702910757218793,9980.80212130554
2023-12-18,MARUTI,INE585B01010,,10295.0,10350.9,10226.2,10319.6,652498,6716179657.25,0.9702910757218793,10013.015785019506
2023-12-19,MARUTI,INE585B01010,,10319.6,10377.0,10206.2,10233.6,585734,6004239635.55,0.9702910757218793,9929.570752507425
2023-12-20,MARUTI,INE585B01010,,10240.0,10309.05,9990.0,10081.25,964051,9816357097.5,0.9702910757218793,9781.746907121196
2023-12-21,MARUTI,INE585B01010,,10000.0,10099.25,9900.0,10012.85,739806,7414061141.9,0.9702910757218793,9715.37899754182
2023-12-22,MARUTI,INE585B01010,,10050.0,10318.3,10030.0,10217.15,652545,6660604500.6,0.9702910757218793,9913.6094643118
2023-12-26,MARUTI,INE585B01010,,10270.0,10281.2,10114.7,10270.65,395273,4040826646.2,0.9702910757218793,9965.52003686292
2023-12-27,MARUTI,INE585B01010,,10286.0,10305.35,10230.0,10288.5,397675,4082680440.85,0.9702910757218793,9982.839732564555
2023-12-28,MARUTI,INE585B01010,,10310.95,10310.95,10187.0,10271.6,584234,5990483486.05,0.9702910757218793,9966.441813384856
2023-12-29,MARUTI,INE585B01010,,10280.45,10396.65,10273.0,10302.35,705227,7282651423.25,0.9702910757218793,9996.278263963304
2024-01-01,MARUTI,INE585B01010,MARUTI SUZUKI INDIA LTD.,10345.0,10345.0,10214.65,10283.3,411724,4230379485.4,0.9702910757218793,9977.794218970801
2024-01-02,MARUTI,INE585B01010,MARUTI SUZUKI INDIA LTD.,10283.3,10294.7,10151.05,10197.75,776837,7925727784.7,0.9702910757218793,9894.785817442795
2024-01-03,MARUTI,INE585B01010,MARUTI SUZUKI INDIA LTD.,10200.0,10210.0,10065.0,10077.65,521046,5263460733.35,0.9702910757218793,9778.253859248596
2024-01-04,MARUTI,INE585B01010,MARUTI SUZUKI INDIA LTD.,10100.0,10120.0,9985.55,10015.3,711733,7126374356.9,0.9702910757218793,9717.756210677337
2024-01-05,MARUTI,INE585B01010,MARUTI SUZUKI INDIA LTD.,10010.65,10075.0,9970.0,10017.0,673131,6736750766.65,0.9702910757218793,9719.405705506066
2024-01-08,MARUTI,INE585B01010,MARUTI SUZUKI INDIA LTD.,10005.0,10128.95,9911.9,9946.7,600153,5992478656.65,0.9702910757218793,9651.194242882819
2024-01-09,MARUTI,INE585B01010,MARUTI SUZUKI INDIA LTD.,9975.0,10042.65,9890.0,10024.1,666469,6647351361.7,0.9702910757218793,9726.29477214369
2024-01-10,MARUTI,INE585B01010,MARUTI SUZUKI INDIA LTD.,10049.95,10050.75,9950.0,10010.2,481699,4819302152.4,0.9702910757218793,9712.807726191157
2024-01-11,MARUTI,INE585B01010,MARUTI SUZUKI INDIA LTD.,10025.1,10124.1,10000.0,10011.1,1024815,10306001328.75,0.9702910757218793,9713.680988159307
2024-01-12,MARUTI,INE585B01010,MARUTI SUZUKI INDIA LTD.,10025.0,10044.95,9935.95,9965.65,850190,8477254762.8,0.9702910757218793,9669.581258767746
2024-01-15,MARUTI,INE585B01010,MARUTI SUZUKI INDIA LTD.,9985.1,10098.8,9948.0,10086.9,463380,4644885147.75,0.9702910757218793,9787.229051699025
2024-01-16,MARUTI,INE585B01010,MARUTI SUZUKI INDIA LTD.,10086.85,10240.0,10060.0,10183.55,536823,5468747111.5,0.9702910757218793,9881.007684167544
2024-01-17,MARUTI,INE585B01010,MARUTI SUZUKI INDIA LTD.,10124.0,10161.8,9996.45,10051.7,610250,6145584008.4,0.9702910757218793,9753.074805833616
2024-01-18,MARUTI,INE585B01010,MARUTI SUZUKI INDIA LTD.,9946.05,10050.0,9737.65,9924.5,614860,6099470047.3,0.9702910757218793,9629.65378100179
2024-01-19,MARUTI,INE585B01010,MARUTI SUZUKI INDIA LTD.,9960.0,10051.65,9949.05,10037.7,377018,3775507917.5,0.9702910757218793,9739.490730773508
2024-01-20,MARUTI,INE585B01010,MARUTI SUZUKI INDIA LTD.,10037.7,10067.0,9938.95,9972.55,92601,926054991.2,0.9702910757218793,9676.276267190227
2024-01-23,MARUTI,INE585B01010,MARUTI SUZUKI INDIA LTD.,9862.0,9973.0,9832.1,9860.45,956269,9469750914.85,0.9702910757218793,9567.506637601806
2024-01-24,MARUTI,INE585B01010,MARUTI SUZUKI INDIA LTD.,9860.0,10000.0,9755.0,9988.2,459092,4541786784.95,0.9702910757218793,9691.461322525276
2024-01-25,MARUTI,INE585B01010,MARUTI SUZUKI INDIA LTD.,9988.2,9999.8,9816.55,9881.0,718817,7107840601.25,0.9702910757218793,9587.446119207889
2024-01-29,MARUTI,INE585B01010,MARUTI SUZUKI INDIA LTD.,9931.15,10035.0,9875.05,9991.4,446516,4461922561.2,0.9702910757218793,9694.566253967585
2024-01-30,MARUTI,INE585B01010,MARUTI SUZUKI INDIA LTD.,10010.85,10033.5,9931.5,9951.65,399869,3992402870.35,0.9702910757218793,9655.997183707641
2024-01-31,MARUTI,INE585B01010,MARUTI SUZUKI INDIA LTD.,9959.3,10235.6,9913.0,10186.9,997024,10088125611.35,0.9702910757218793,9884.258159271212
2024-02-01,MARUTI,INE585B01010,MARUTI SUZUKI INDIA LTD.,10210.0,10699.8,10204.0,10637.95,1869594,19732402602.6,0.9702910757218793,10321.907948975568
2024-02-02,MARUTI,INE585B01010,MARUTI SUZUKI INDIA LTD.,10598.0,10711.6,10540.4,10655.45,814940,8675342978.9,0.9702910757218793,10338.8880428007
2024-02-05,MARUTI,INE585B01010,MARUTI SUZUKI INDIA LTD.,10602.0,10759.95,10400.0,10428.55,365105,3850931249.35,0.9702910757218793,10118.728997719403
2024-02-06,MARUTI,INE585B01010,MARUTI SUZUKI INDIA LTD.,10499.95,10856.75,10458.0,10844.85,829040,8903833889.6,0.9702910757218793,10522.661172542423
2024-02-07,MARUTI,INE585B01010,MARUTI SUZUKI INDIA LTD.,10860.0,10973.5,10786.8,10935.7,560808,6102667386.2,0.9702910757218793,10610.812116771756
2024-02-08,MARUTI,INE585B01010,MARUTI SUZUKI INDIA LTD.,10951.0,10951.0,10689.95,10743.9,557082,5994696014.2,0.9702910757218793,10424.7102884483
2024-02-09,MARUTI,INE585B01010,MARUTI SUZUKI INDIA LTD.,10711.25,10770.0,10611.1,10732.85,645489,6916464211.6,0.9702910757218793,10413.988572061573
2024-02-12,MARUTI,INE585B01010,MARUTI SUZUKI INDIA LTD.,10700.0,10748.95,10650.05,10709.7,190655,2041263487.85,0.9702910757218793,10391.526333658612
2024-02-13,MARUTI,INE585B01010,MARUTI SUZUKI INDIA LTD.,10730.0,10830.0,10640.15,10794.5,397979,4285957291.65,0.9702910757218793,10473.807016879826
2024-02-14,MARUTI,INE585B01010,MARUTI SUZUKI INDIA LTD.,10705.0,11050.0,10703.4,11027.95,354676,3868458664.9,0.9702910757218793,10700.3214685071
2024-02-15,MARUTI,INE585B01010,MARUTI SUZUKI INDIA LTD.,11040.0,11133.0,10980.0,11090.25,447248,4946603223.8,0.9702910757218793,10760.770602524572
2024-02-16,MARUTI,INE585B01010,MARUTI SUZUKI INDIA LTD.,11120.0,11480.0,11098.0,11380.4,716486,8146141193.75,0.9702910757218793,11042.300558145274
2024-02-19,MARUTI,INE585B01010,MARUTI SUZUKI INDIA LTD.,11380.4,11613.05,11333.05,11483.35,581383,6676386291.85,0.9702910757218793,11142.192024390843
2024-02-20,MARUTI,INE585B01010,MARUTI SUZUKI INDIA LTD.,11440.0,11479.95,11315.85,11446.45,355044,4053333068.6,0.9702910757218793,11106.388283696706
2024-02-21,MARUTI,INE585B01010,MARUTI SUZUKI INDIA LTD.,11456.0,11521.0,11370.0,11465.85,348461,3987875374.85,0.9702910757218793,11125.21193056571
2024-02-22,MARUTI,INE585B01010,MARUTI SUZUKI INDIA LTD.,11500.0,11695.0,11391.25,11657.8,584406,6758303125.8,0.9702910757218793,11311.459302550524
2024-02-23,MARUTI,INE585B01010,MARUTI SUZUKI INDIA LTD.,11704.95,11720.0,11475.2,11535.6,472884,5475601069.75,0.9702910757218793,11192.889733097312
2024-02-26,MARUTI,INE585B01010,MARUTI SUZUKI INDIA LTD.,11505.0,11533.95,11416.45,11467.0,277700,3188369777.35,0.9702910757218793,11126.32776530279
2024-02-27,MARUTI,INE585B01010,MARUTI SUZUKI INDIA LTD.,11415.0,11562.9,11384.25,11500.65,307585,3529839746.1,0.9702910757218793,11158.97806000083
2024-02-28,MARUTI,INE585B01010,MARUTI SUZUKI INDIA LTD.,11471.0,11498.95,11130.0,11152.8,358812,4046226321.85,0.9702910757218793,10821.462309310975
2024-02-29,MARUTI,INE585B01010,MARUTI SUZUKI INDIA LTD.,11155.0,11349.0,11129.5,11288.35,943841,10645517435.9,0.9702910757218793,10952.985264625077
2024-03-01,MARUTI,INE585B01010,MARUTI SUZUKI INDIA LTD.,11295.0,11675.0,11295.0,11620.95,487355,5616427564.25,0.9702910757218793,11275.704076410175
2024-03-04,MARUTI,INE585B01010,MARUTI SUZUKI INDIA LTD.,11600.0,11677.3,11544.15,11594.15,369936,4288738837.5,0.9702910757218793,11249.700275580826
2024-03-05,MARUTI,INE585B01010,MARUTI SUZUKI INDIA LTD.,11596.05,11730.0,11561.8,11670.6,320702,3736883368.25,0.9702910757218793,11323.879028319765
2024-03-06,MARUTI,INE585B01010,MARUTI SUZUKI INDIA LTD.,11670.6,11679.0,11518.4,11567.05,639542,7406744061.2,0.9702910757218793,11223.405387428764
2024-03-07,MARUTI,INE585B01010,MARUTI SUZUKI INDIA LTD.,11571.05,11633.5,11421.15,11510.05,255325,2941775830.9,0.9702910757218793,11168.098796112616
2024-03-11,MARUTI,INE585B01010,MARUTI SUZUKI INDIA LTD.,11515.15,11555.9,11350.05,11395.55,525344,5998963418.35,0.9702910757218793,11057.000467942462
2024-03-12,MARUTI,INE585B01010,MARUTI SUZUKI INDIA LTD.,11400.0,11575.9,11381.0,11509.9,283816,3265073047.55,0.9702910757218793,11167.953252451258
2024-03-13,MARUTI,INE585B01010,MARUTI SUZUKI INDIA LTD.,11510.0,11554.85,11267.6,11390.15,385204,4384194903.05,0.9702910757218793,11051.760896133563
2024-03-14,MARUTI,INE585B01010,MARUTI SUZUKI INDIA LTD.,11401.75,11460.0,11302.05,11404.6,523058,5963599571.85,0.9702910757218793,11065.781602177745
2024-03-15,MARUTI,INE585B01010,MARUTI SUZUKI INDIA LTD.,11380.0,11521.05,11314.05,11476.65,972333,11125572703.55,0.9702910757218793,11135.691074183505
2024-03-18,MARUTI,INE585B01010,MARUTI SUZUKI INDIA LTD.,11436.65,11665.4,11366.3,11636.3,311049,3582746048.05,0.9702910757218793,11290.598044422504
2024-03-19,MARUTI,INE585B01010,MARUTI SUZUKI INDIA LTD.,11542.1,11679.95,11456.15,11597.05,409259,4735269810.6,0.9702910757218793,11252.51411970042
2024-03-20,MARUTI,INE585B01010,MARUTI SUZUKI INDIA LTD.,11651.15,12025.0,11651.15,11941.15,1031037,12302075906.5,0.9702910757218793,11586.39127885632
2024-03-21,MARUTI,INE585B01010,MARUTI SUZUKI INDIA LTD.,11999.0,12000.0,11825.35,11908.15,544311,6482257651.95,0.9702910757218793,11554.371673357497
2024-03-22,MARUTI,INE585B01010,MARUTI SUZUKI INDIA LTD.,11890.05,12427.3,11890.05,12337.7,1062263,12993089605.7,0.9702910757218793,11971.16020493383
2024-03-26,MARUTI,INE585B01010,MARUTI SUZUKI INDIA LTD.,12285.55,12321.9,12141.2,12250.55,507568,6215742733.55,0.9702910757218793,11886.599337684669
2024-03-27,MARUTI,INE585B01010,MARUTI SUZUKI INDIA LTD.,12290.0,12722.7,12285.7,12510.35,878986,11038584403.15,0.9702910757218793,12138.680959157213
2024-03-28,MARUTI,INE585B01010,MARUTI SUZUKI INDIA LTD.,12569.95,12726.8,12385.5,12600.35,860324,10824166248.25,0.9702910757218793,12226.007155972182
2024-04-01,MARUTI,INE585B01010,MARUTI SUZUKI INDIA LTD.,12613.35,12689.0,12506.15,12569.6,314676,3961457536.2,0.9702910757218793,12196.170705393735
2024-04-02,MARUTI,INE585B01010,MARUTI SUZUKI INDIA LTD.,12624.95,12648.0,12462.25,12552.45,333508,4181509273.65,0.9702910757218793,12179.530213445105
2024-04-03,MARUTI,INE585B01010,MARUTI SUZUKI INDIA LTD.,12450.0,12525.5,12412.55,12427.85,271935,3388462032.1,0.9702910757218793,12058.631945410158
2024-04-04,MARUTI,INE585B01010,MARUTI SUZUKI INDIA LTD.,12490.0,12649.0,12318.05,12567.25,491166,6129521883.55,0.9702910757218793,12193.890521365787
2024-04-05,MARUTI,INE585B01010,MARUTI SUZUKI INDIA LTD.,12492.0,12557.9,12384.5,12421.6,231600,2885258331.45,0.9702910757218793,12052.567626186898
2024-04-08,MARUTI,INE585B01010,MARUTI SUZUKI INDIA LTD.,12450.0,12927.65,12450.0,12865.1,570422,7299875492.15,0.9702910757218793,12482.89171826955
2024-04-09,MARUTI,INE585B01010,MARUTI SUZUKI INDIA LTD.,12865.1,12985.7,12780.0,12888.0,314466,4051837111.5,0.9702910757218793,12505.11138390358
2024-04-10,MARUTI,INE585B01010,MARUTI SUZUKI INDIA LTD.,12933.0,12958.0,12600.9,12682.75,464239,5912023282.4,0.9702910757218793,12305.959140611665
2024-04-12,MARUTI,INE585B01010,MARUTI SUZUKI INDIA LTD.,12660.0,12660.0,12225.0,12266.55,973366,12101014755.3,0.9702910757218793,11902.123994896217
2024-04-15,MARUTI,INE585B01010,MARUTI SUZUKI INDIA LTD.,12199.5,12510.0,12032.95,12422.85,831257,10231121977.7,0.9702910757218793,12053.78049003155
2024-04-16,MARUTI,INE585B01010,MARUTI SUZUKI INDIA LTD.,12308.0,12549.9,12275.35,12502.7,579183,7215533288.35,0.9702910757218793,12131.258232427941
2024-04-18,MARUTI,INE585B01010,MARUTI SUZUKI INDIA LTD.,12570.0,12602.0,12320.05,12405.0,679117,8488904261.25,0.9702910757218793,12036.460794329912
2024-04-19,MARUTI,INE585B01010,MARUTI SUZUKI INDIA LTD.,12399.9,12759.4,12225.0,12710.95,635535,7949392946.75,0.9702910757218793,12333.321348947024
2024-04-22,MARUTI,INE585B01010,MARUTI SUZUKI INDIA LTD.,12783.15,12879.15,12659.0,12785.5,342212,4374126526.45,0.9702910757218793,12405.656548642088
2024-04-23,MARUTI,INE585B01010,MARUTI SUZUKI INDIA LTD.,12845.0,13024.5,12776.3,12996.25,397281,5132750795.35,0.9702910757218793,12610.145392850474
2024-04-24,MARUTI,INE585B01010,MARUTI SUZUKI INDIA LTD.,13000.0,13073.95,12900.0,12944.05,296364,3848350962.55,0.9702910757218793,12559.496198697792
2024-04-25,MARUTI,INE585B01010,MARUTI SUZUKI INDIA LTD.,12964.0,12980.7,12740.35,12922.5,640725,8242345878.6,0.9702910757218793,12538.586426015985
2024-04-26,MARUTI,INE585B01010,MARUTI SUZUKI INDIA LTD.,12922.0,13045.0,12660.0,12703.35,704626,9023617924.1,0.9702910757218793,12325.947136771536
2024-04-29,MARUTI,INE585B01010,MARUTI SUZUKI INDIA LTD.,12800.05,12994.8,12603.0,12689.85,613937,7813755770.95,0.9702910757218793,12312.848207249292
2024-04-30,MARUTI,INE585B01010,MARUTI SUZUKI INDIA LTD.,12786.0,12996.0,12740.2,12817.5,528776,6804548414.4,0.9702910757218793,12436.705863065188
2024-05-02,MARUTI,INE585B01010,MARUTI SUZUKI INDIA LTD.,12750.0,12844.15,12514.8,12805.35,814923,10391029836.1,0.9702910757218793,12424.916826495168
2024-05-03,MARUTI,INE585B01010,MARUTI SUZUKI INDIA LTD.,12817.95,12830.0,12411.4,12492.15,834990,10499483656.9,0.9702910757218793,12121.021661579074
2024-05-06,MARUTI,INE585B01010,MARUTI SUZUKI INDIA LTD.,12550.0,12646.4,12372.5,12439.3,342231,4276167937.9,0.9702910757218793,12069.741778227173
2024-05-07,MARUTI,INE585B01010,MARUTI SUZUKI INDIA LTD.,12472.4,12508.5,12239.0,12364.05,604375,7461692345.0,0.9702910757218793,11996.727374779102
2024-05-08,MARUTI,INE585B01010,MARUTI SUZUKI INDIA LTD.,12392.0,12559.95,12325.0,12543.55,399669,4981554383.9,0.9702910757218793,12170.89462287118
2024-05-09,MARUTI,INE585B01010,MARUTI SUZUKI INDIA LTD.,12540.0,12739.8,12436.75,12504.65,504590,6344609244.95,0.9702910757218793,12133.150300025598
2024-05-10,MARUTI,INE585B01010,MARUTI SUZUKI INDIA LTD.,12505.0,12696.95,12501.0,12675.5,328670,4156295156.25,0.9702910757218793,12298.92453031268
2024-05-13,MARUTI,INE585B01010,MARUTI SUZUKI INDIA LTD.,12660.0,12708.4,12477.55,12673.85,281421,3543138173.3,0.9702910757218793,12297.323550037741
2024-05-14,MARUTI,INE585B01010,MARUTI SUZUKI INDIA LTD.,12673.85,12840.0,12651.4,12814.2,331037,4235496471.8,0.9702910757218793,12433.503902515307
2024-05-15,MARUTI,INE585B01010,MARUTI SUZUKI INDIA LTD.,12820.0,12872.4,12700.0,12767.3,232030,2965012289.3,0.9702910757218793,12387.997251063949
2024-05-16,MARUTI,INE585B01010,MARUTI SUZUKI INDIA LTD.,12848.0,12848.0,12300.0,12497.65,914201,11399162154.35,0.9702910757218793,12126.358262495545
2024-05-17,MARUTI,INE585B01010,MARUTI SUZUKI INDIA LTD.,12515.15,12665.9,12322.3,12641.5,809226,10136013499.8,0.9702910757218793,12265.934633738138
2024-05-21,MARUTI,INE585B01010,MARUTI SUZUKI INDIA LTD.,12600.15,12678.9,12441.8,12473.3,443136,5555602946.15,0.9702910757218793,12102.731674801717
2024-05-22,MARUTI,INE585B01010,MARUTI SUZUKI INDIA LTD.,12427.8,12563.0,12363.1,12531.35,280015,3498792302.65,0.9702910757218793,12159.057071747373
2024-05-23,MARUTI,INE585B01010,MARUTI SUZUKI INDIA LTD.,12566.05,12975.1,12473.05,12934.9,768732,9855992740.0,0.9702910757218793,12550.618035354937
2024-05-24,MARUTI,INE585B01010,MARUTI SUZUKI INDIA LTD.,12865.0,13034.0,12811.0,13000.45,624801,8101237980.75,0.9702910757218793,12614.220615368507
2024-05-27,MARUTI,INE585B01010,MARUTI SUZUKI INDIA LTD.,13023.45,13058.5,12777.0,12906.1,464953,5994471564.35,0.9702910757218793,12522.673652374147
2024-05-28,MARUTI,INE585B01010,MARUTI SUZUKI INDIA LTD.,12890.0,12985.95,12800.25,12818.6,333806,4300962222.0,0.9702910757218793,12437.773183248482
2024-05-29,MARUTI,INE585B01010,MARUTI SUZUKI INDIA LTD.,12818.0,12850.05,12750.0,12788.65,353706,4525467852.15,0.9702910757218793,12408.712965530613
2024-05-30,MARUTI,INE585B01010,MARUTI SUZUKI INDIA LTD.,12721.0,12810.0,12550.0,12598.0,524559,6631689817.05,0.9702910757218793,12223.726971944236
2024-05-31,MARUTI,INE585B01010,MARUTI SUZUKI INDIA LTD.,12598.0,12633.35,12330.0,12399.3,908304,11315699332.9,0.9702910757218793,12030.930135198298
2024-06-03,MARUTI,INE585B01010,MARUTI SUZUKI INDIA LTD.,12825.0,12825.0,12402.55,12476.15,485936,6075305462.15,0.9702910757218793,12105.497004367524
2024-06-04,MARUTI,INE585B01010,MARUTI SUZUKI INDIA LTD.,12596.6,12597.2,11561.45,12176.05,825928,10068169077.55,0.9702910757218793,11814.312652543389
2024-06-05,MARUTI,INE585B01010,MARUTI SUZUKI INDIA LTD.,12180.0,12614.1,12125.1,12502.6,447581,5579039494.65,0.9702910757218793,12131.16120332037
2024-06-06,MARUTI,INE585B01010,MARUTI SUZUKI INDIA LTD.,12511.55,12690.0,12468.0,12673.5,447536,5646878338.0,0.9702910757218793,12296.983948161238
2024-06-07,MARUTI,INE585B01010,MARUTI SUZUKI INDIA LTD.,12582.35,12828.0,12582.35,12810.9,532480,6784207680.0,0.9702910757218793,12430.301941965423
2024-06-10,MARUTI,INE585B01010,MARUTI SUZUKI INDIA LTD.,12765.15,12920.0,12627.9,12717.55,293471,3738044824.2,0.9702910757218793,12339.725270046785
2024-06-11,MARUTI,INE585B01010,MARUTI SUZUKI INDIA LTD.,12743.5,12939.55,12655.2,12863.65,358807,4602513909.4,0.9702910757218793,12481.484796209752
2024-06-12,MARUTI,INE585B01010,MARUTI SUZUKI INDIA LTD.,12863.65,12951.6,12802.0,12849.35,302719,3898029605.35,0.9702910757218793,12467.60963382693
2024-06-13,MARUTI,INE585B01010,MARUTI SUZUKI INDIA LTD.,12940.0,12940.0,12739.6,12846.85,297240,3811924108.8,0.9702910757218793,12465.183906137627
2024-06-14,MARUTI,INE585B01010,MARUTI SUZUKI INDIA LTD.,12831.5,12895.0,12778.8,12845.2,216967,2786467879.5,0.9702910757218793,12463.582925862685
2024-06-18,MARUTI,INE585B01010,MARUTI SUZUKI INDIA LTD.,12878.4,12880.0,12542.05,12560.95,823306,10392058284.8,0.9702910757218793,12187.777687588741
2024-06-19,MARUTI,INE585B01010,MARUTI SUZUKI INDIA LTD.,12610.0,12625.0,12200.0,12242.1,694871,8598613595.3,0.9702910757218793,11878.400378094819
2024-06-20,MARUTI,INE585B01010,MARUTI SUZUKI INDIA LTD.,12246.0,12305.5,12135.0,12149.5,907751,11066489820.9,0.9702910757218793,11788.551424482974
2024-06-21,MARUTI,INE585B01010,MARUTI SUZUKI INDIA LTD.,12220.0,12366.25,12083.5,12201.5,947800,11557428719.3,0.9702910757218793,11839.00656042051
2024-06-24,MARUTI,INE585B01010,MARUTI SUZUKI INDIA LTD.,12181.0,12289.0,12041.0,12183.4,550862,6706203982.85,0.9702910757218793,11821.444291949945
2024-06-25,MARUTI,INE585B01010,MARUTI SUZUKI INDIA LTD.,12201.4,12237.8,12072.05,12116.6,594272,7214062067.25,0.9702910757218793,11756.628848091723
2024-06-26,MARUTI,INE585B01010,MARUTI SUZUKI INDIA LTD.,12117.0,12323.85,12067.7,12198.25,447931,5471218119.45,0.9702910757218793,11835.853114424415
2024-06-27,MARUTI,INE585B01010,MARUTI SUZUKI INDIA LTD.,12200.0,12227.3,12010.0,12178.75,1230852,14914846122.15,0.9702910757218793,11816.932438447839
2024-06-28,MARUTI,INE585B01010,MARUTI SUZUKI INDIA LTD.,12184.95,12201.5,12004.15,12033.85,1160395,14043849352.0,0.9702910757218793,11676.337261575738
2024-07-01,MARUTI,INE585B01010,MARUTI SUZUKI INDIA LTD.,12045.0,12260.0,12005.55,12108.65,1134926,13760539308.15,0.9702910757218793,11748.915034039734
2024-07-02,MARUTI,INE585B01010,MARUTI SUZUKI INDIA LTD.,12149.95,12149.95,11995.0,12042.6,687181,8281311644.75,0.9702910757218793,11684.827308488304
2024-07-03,MARUTI,INE585B01010,MARUTI SUZUKI INDIA LTD.,12115.0,12150.0,11960.0,12123.65,467532,5640983697.5,0.9702910757218793,11763.469400175562
2024-07-04,MARUTI,INE585B01010,MARUTI SUZUKI INDIA LTD.,12135.0,12210.0,12071.8,12089.6,299684,3631603542.5,0.9702910757218793,11730.430989047232
2024-07-05,MARUTI,INE585B01010,MARUTI SUZUKI INDIA LTD.,12069.15,12137.45,12021.9,12104.05,406926,4917596374.6,0.9702910757218793,11744.451695091413
2024-07-08,MARUTI,INE585B01010,MARUTI SUZUKI INDIA LTD.,12104.0,12112.0,11966.0,12023.6,496933,5974877989.65,0.9702910757218793,11666.391778049589
2024-07-09,MARUTI,INE585B01010,MARUTI SUZUKI INDIA LTD.,12325.0,12959.95,12264.05,12827.7,2114130,26868956638.95,0.9702910757218793,12446.602832037552
2024-07-10,MARUTI,INE585B01010,MARUTI SUZUKI INDIA LTD.,12950.05,13300.0,12732.65,12772.8,2070520,26972955419.45,0.9702910757218793,12393.33385198042
2024-07-11,MARUTI,INE585B01010,MARUTI SUZUKI INDIA LTD.,12800.0,12923.8,12695.05,12715.2,608983,7795119866.75,0.9702910757218793,12337.44508601884
2024-07-12,MARUTI,INE585B01010,MARUTI SUZUKI INDIA LTD.,12620.0,12669.9,12475.0,12562.5,674746,8487349609.5,0.9702910757218793,12189.281638756109
2024-07-15,MARUTI,INE585B01010,MARUTI SUZUKI INDIA LTD.,12600.0,12768.5,12590.0,12643.95,697192,8836054040.85,0.9702910757218793,12268.311846873657
2024-07-16,MARUTI,INE585B01010,MARUTI SUZUKI INDIA LTD.,12643.0,12798.0,12581.75,12639.55,347810,4405919034.55,0.9702910757218793,12264.042566140479
2024-07-18,MARUTI,INE585B01010,MARUTI SUZUKI INDIA LTD.,12633.0,12680.0,12463.0,12644.05,391216,4926876858.5,0.9702910757218793,12268.408875981228
2024-07-19,MARUTI,INE585B01010,MARUTI SUZUKI INDIA LTD.,12650.0,12710.0,12496.45,12524.3,351955,4423609908.95,0.9702910757218793,12152.216519663532
2024-07-22,MARUTI,INE585B01010,MARUTI SUZUKI INDIA LTD.,12500.0,12658.95,12400.05,12641.25,249631,3141891581.95,0.9702910757218793,12265.692060969208
2024-07-23,MARUTI,INE585B01010,MARUTI SUZUKI INDIA LTD.,12720.0,12734.95,12360.0,12629.05,332258,4192172299.65,0.9702910757218793,12253.8545098454
2024-07-24,MARUTI,INE585B01010,MARUTI SUZUKI INDIA LTD.,12634.0,12663.2,12458.2,12487.25,285860,3581934400.95,0.9702910757218793,12116.267235308038
2024-07-25,MARUTI,INE585B01010,MARUTI SUZUKI INDIA LTD.,12388.05,12525.0,12388.05,12509.2,396789,4945782606.9,0.9702910757218793,12137.565124420134
2024-07-26,MARUTI,INE585B01010,MARUTI SUZUKI INDIA LTD.,12470.0,12743.1,12389.2,12663.7,537693,6775562946.0,0.9702910757218793,12287.475095619164
2024-07-29,MARUTI,INE585B01010,MARUTI SUZUKI INDIA LTD.,12709.0,12773.7,12603.0,12751.55,388263,4939152362.45,0.9702910757218793,12372.71516662133
2024-07-30,MARUTI,INE585B01010,MARUTI SUZUKI INDIA LTD.,12760.0,12968.8,12709.9,12873.65,526539,6771212940.35,0.9702910757218793,12491.187706966972
2024-07-31,MARUTI,INE585B01010,MARUTI SUZUKI INDIA LTD.,12980.0,13375.0,12895.15,13115.8,836405,10897966962.35,0.9702910757218793,12726.143690953024
2024-08-01,MARUTI,INE585B01010,MARUTI SUZUKI INDIA LTD.,13393.0,13680.0,13112.0,13359.05,2040384,27329505959.15,0.9702910757218793,12962.166995122372
2024-08-02,MARUTI,INE585B01010,MARUTI SUZUKI INDIA LTD.,13126.0,13174.9,12673.05,12726.4,1333355,17102826826.8,0.9794557973653093,12464.946259589871
2024-08-05,MARUTI,INE585B01010,MARUTI SUZUKI INDIA LTD.,12490.0,12490.0,12027.65,12200.85,1131415,13871976740.75,0.9794557973653093,11950.193265284533
2024-08-06,MARUTI,INE585B01010,MARUTI SUZUKI INDIA LTD.,12390.0,12554.9,12110.0,12131.1,623565,7680240220.35,0.9794557973653093,11881.876223418303
2024-08-07,MARUTI,INE585B01010,MARUTI SUZUKI INDIA LTD.,12399.0,12450.0,12265.9,12371.5,433514,5352362471.2,0.9794557973653093,12117.337397104924
2024-08-08,MARUTI,INE585B01010,MARUTI SUZUKI INDIA LTD.,12371.0,12392.7,12152.15,12218.85,358577,4392787988.0,0.9794557973653093,11967.82346963711
2024-08-09,MARUTI,INE585B01010,MARUTI SUZUKI INDIA LTD.,12390.0,12390.0,12195.1,12224.2,320211,3922389051.25,0.9794557973653093,11973.063558153015
2024-08-12,MARUTI,INE585B01010,MARUTI SUZUKI INDIA LTD.,12200.0,12370.0,12100.0,12273.25,291212,3576868354.4,0.9794557973653093,12021.105865013782
2024-08-13,MARUTI,INE585B01010,MARUTI SUZUKI INDIA LTD.,12337.0,12340.05,12122.0,12176.25,464483,5682931890.6,0.9794557973653093,11926.098652669347
2024-08-14,MARUTI,INE585B01010,MARUTI SUZUKI INDIA LTD.,12239.0,12239.0,12130.0,12205.65,449827,5480445895.55,0.9794557973653093,11954.894653111887
2024-08-16,MARUTI,INE585B01010,MARUTI SUZUKI INDIA LTD.,12314.95,12343.95,12111.0,12213.3,552732,6749983326.9,0.9794557973653093,11962.387489961731
2024-08-19,MARUTI,INE585B01010,MARUTI SUZUKI INDIA LTD.,12195.0,12244.05,12126.8,12149.8,277319,3375650716.5,0.9794557973653093,11900.192046829034
2024-08-20,MARUTI,INE585B01010,MARUTI SUZUKI INDIA LTD.,12160.5,12310.0,12150.1,12214.95,471927,5766407142.5,0.9794557973653093,11964.003592027386
2024-08-21,MARUTI,INE585B01010,MARUTI SUZUKI INDIA LTD.,12214.95,12248.95,12177.05,12220.95,295984,3615954054.3,0.9794557973653093,11969.880326811577
2024-08-22,MARUTI,INE585B01010,MARUTI SUZUKI INDIA LTD.,12280.0,12325.0,12181.0,12276.35,501316,6138135178.6,0.9794557973653093,12024.142177985615
2024-08-23,MARUTI,INE585B01010,MARUTI SUZUKI INDIA LTD.,12300.0,12375.05,12254.4,12302.3,440809,5426317504.2,0.9794557973653093,12049.559055927244
2024-08-26,MARUTI,INE585B01010,MARUTI SUZUKI INDIA LTD.,12325.0,12334.5,12222.0,12243.8,232805,2858491488.55,0.9794557973653093,11992.260891781374
2024-08-27,MARUTI,INE585B01010,MARUTI SUZUKI INDIA LTD.,12245.0,12530.0,12225.1,12496.9,477609,5931500002.45,0.9794557973653093,12240.161154094534
2024-08-28,MARUTI,INE585B01010,MARUTI SUZUKI INDIA LTD.,12500.0,12519.95,12330.0,12357.5,313227,3881918785.6,0.9794557973653093,12103.62501594181
2024-08-29,MARUTI,INE585B01010,MARUTI SUZUKI INDIA LTD.,12343.0,12480.0,12250.0,12453.8,608598,7513925308.0,0.9794557973653093,12197.946609228089
2024-08-30,MARUTI,INE585B01010,MARUTI SUZUKI INDIA LTD.,12460.0,12570.0,12316.2,12403.0,2271179,28193105736.65,0.9794557973653093,12148.19025472193
2024-09-02,MARUTI,INE585B01010,MARUTI SUZUKI INDIA LTD.,12373.0,12525.0,12350.4,12427.4,331514,4119472422.3,0.9794557973653093,12172.088976177645
2024-09-03,MARUTI,INE585B01010,MARUTI SUZUKI INDIA LTD.,12474.0,12474.3,12359.9,12397.1,445514,5528399620.9,0.9794557973653093,12142.411465517476
2024-09-04,MARUTI,INE585B01010,MARUTI SUZUKI INDIA LTD.,12325.05,12398.0,12234.1,12336.25,735076,9052208609.25,0.9794557973653093,12082.811580247797
2024-09-05,MARUTI,INE585B01010,MARUTI SUZUKI INDIA LTD.,12337.0,12370.0,12230.0,12298.6,595865,7320127826.35,0.9794557973653093,12045.935069476993
2024-09-06,MARUTI,INE585B01010,MARUTI SUZUKI INDIA LTD.,12250.0,12304.85,12094.7,12186.15,733354,8929525991.05,0.9794557973653093,11935.795265063263
2024-09-09,MARUTI,INE585B01010,MARUTI SUZUKI INDIA LTD.,12197.5,12219.85,12102.0,12145.75,415790,5050497820.5,0.9794557973653093,11896.225250849706
2024-09-10,MARUTI,INE585B01010,MARUTI SUZUKI INDIA LTD.,12150.1,12288.05,12098.0,12263.4,285122,3474373260.35,0.9794557973653093,12011.458225409733
2024-09-11,MARUTI,INE585B01010,MARUTI SUZUKI INDIA LTD.,12260.0,12334.0,12165.0,12242.6,349799,4286697621.25,0.9794557973653093,11991.085544824537
2024-09-12,MARUTI,INE585B01010,MARUTI SUZUKI INDIA LTD.,12262.1,12427.0,12151.35,12400.85,547830,6734445068.95,0.9794557973653093,12146.084424757597
2024-09-13,MARUTI,INE585B01010,MARUTI SUZUKI INDIA LTD.,12365.0,12395.0,12291.05,12316.05,361093,4450861000.2,0.9794557973653093,12063.026573141016
2024-09-16,MARUTI,INE585B01010,MARUTI SUZUKI INDIA LTD.,12321.95,12364.0,12256.0,12289.0,170114,2092240213.35,0.9794557973653093,12036.532293822285
2024-09-17,MARUTI,INE585B01010,MARUTI SUZUKI INDIA LTD.,12285.0,12285.0,12151.65,12245.75,568161,6935432744.5,0.9794557973653093,11994.170830586236
2024-09-18,MARUTI,INE585B01010,MARUTI SUZUKI INDIA LTD.,12240.05,12337.95,12170.0,12204.1,182282,2232701567.85,0.9794557973653093,11953.376496625971
2024-09-19,MARUTI,INE585B01010,MARUTI SUZUKI INDIA LTD.,12259.95,12410.0,12206.4,12351.5,465608,5747368310.15,0.9794557973653093,12097.748281157617
2024-09-20,MARUTI,INE585B01010,MARUTI SUZUKI INDIA LTD.,12360.4,12705.15,12360.05,12614.5,875654,11032373210.85,0.9794557973653093,12355.345155864694
2024-09-23,MARUTI,INE585B01010,MARUTI SUZUKI INDIA LTD.,12625.0,12749.0,12625.0,12683.1,235586,2989833690.35,0.9794557973653093,12422.535823563954
2024-09-24,MARUTI,INE585B01010,MARUTI SUZUKI INDIA LTD.,12583.1,12778.95,12583.1,12738.6,425916,5413477306.9,0.9794557973653093,12476.89562031773
2024-09-25,MARUTI,INE585B01010,MARUTI SUZUKI INDIA LTD.,12727.25,12816.2,12611.0,12785.3,341172,4341532486.05,0.9794557973653093,12522.636206054689
2024-09-26,MARUTI,INE585B01010,MARUTI SUZUKI INDIA LTD.,12835.0,13411.0,12830.0,13383.8,1471069,19475606621.05,0.9794557973653093,13108.840500777826
2024-09-27,MARUTI,INE585B01010,MARUTI SUZUKI INDIA LTD.,13383.0,13541.65,13274.45,13495.6,865698,11653087003.85,0.9794557973653093,13218.343658923268
2024-09-30,MARUTI,INE585B01010,MARUTI SUZUKI INDIA LTD.,13343.55,13500.0,13208.7,13238.0,415743,5549616171.45,0.9794557973653093,12966.035845521965
2024-10-01,MARUTI,INE585B01010,MARUTI SUZUKI INDIA LTD.,13238.0,13300.45,13000.05,13166.0,388888,5103103288.5,0.9794557973653093,12895.515028111662
2024-10-03,MARUTI,INE585B01010,MARUTI SUZUKI INDIA LTD.,12941.05,13148.0,12592.3,12647.35,863520,11035404864.5,0.9794557973653093,12387.520278808144
2024-10-04,MARUTI,INE585B01010,MARUTI SUZUKI INDIA LTD.,12689.9,12877.85,12512.5,12605.75,679362,8606341316.75,0.9794557973653093,12346.774917637747
2024-10-07,MARUTI,INE585B01010,MARUTI SUZUKI INDIA LTD.,12626.05,12648.0,12378.0,12527.5,465500,5826342143.85,0.9794557973653093,12270.132501493912
2024-10-08,MARUTI,INE585B01010,MARUTI SUZUKI INDIA LTD.,12502.25,12630.1,12462.05,12531.95,387060,4850706431.1,0.9794557973653093,12274.49107979219
2024-10-09,MARUTI,INE585B01010,MARUTI SUZUKI INDIA LTD.,12554.95,12850.0,12540.5,12760.7,465231,5929133201.7,0.9794557973653093,12498.541593439502
2024-10-10,MARUTI,INE585B01010,MARUTI SUZUKI INDIA LTD.,12798.9,12965.0,12711.5,12944.1,492698,6342063492.7,0.9794557973653093,12678.1737866763
2024-10-11,MARUTI,INE585B01010,MARUTI SUZUKI INDIA LTD.,12944.1,12980.0,12725.0,12776.65,274243,3519779381.65,0.9794557973653093,12514.16391340748
2024-10-14,MARUTI,INE585B01010,MARUTI SUZUKI INDIA LTD.,12775.0,12799.0,12462.3,12537.85,488067,6142204005.8,0.9794557973653093,12280.269868996644
2024-10-15,MARUTI,INE585B01010,MARUTI SUZUKI INDIA LTD.,12709.0,12709.0,12355.0,12446.75,532135,6625675777.6,0.9794557973653093,12191.041445856663
2024-10-16,MARUTI,INE585B01010,MARUTI SUZUKI INDIA LTD.,12414.05,12454.95,12231.0,12383.9,418138,5156655371.0,0.9794557973653093,12129.482648992254
2024-10-17,MARUTI,INE585B01010,MARUTI SUZUKI INDIA LTD.,12400.0,12420.1,12070.0,12143.75,875937,10624247294.75,0.9794557973653093,11894.266339254975
2024-10-18,MARUTI,INE585B01010,MARUTI SUZUKI INDIA LTD.,12070.0,12141.25,11844.45,12105.1,506871,6112559479.65,0.9794557973653093,11856.410372686805
2024-10-21,MARUTI,INE585B01010,MARUTI SUZUKI INDIA LTD.,12145.55,12250.0,11944.55,12175.9,375275,4555897320.75,0.9794557973653093,11925.755843140269
2024-10-22,MARUTI,INE585B01010,MARUTI SUZUKI INDIA LTD.,12215.95,12289.8,11840.0,11923.3,904901,10842928866.9,0.9794557973653093,11678.345308725791
2024-10-23,MARUTI,INE585B01010,MARUTI SUZUKI INDIA LTD.,11923.3,12119.9,11753.45,11956.2,412638,4946865248.7,0.9794557973653093,11710.569404459111
2024-10-24,MARUTI,INE585B01010,MARUTI SUZUKI INDIA LTD.,11998.95,11998.95,11636.9,11763.7,552495,6498863500.85,0.9794557973653093,11522.024163466289
2024-10-25,MARUTI,INE585B01010,MARUTI SUZUKI INDIA LTD.,11763.6,11794.3,11440.0,11502.85,624582,7197327790.35,0.9794557973653093,11266.533118723548
2024-10-28,MARUTI,INE585B01010,MARUTI SUZUKI INDIA LTD.,11504.8,11632.65,11440.0,11483.25,613830,7069063740.65,0.9794557973653093,11247.335785095189
2024-10-29,MARUTI,INE585B01010,MARUTI SUZUKI INDIA LTD.,11450.0,11483.0,10742.45,11046.0,2268683,25036612497.25,0.9794557973653093,10819.068737697207
2024-10-30,MARUTI,INE585B01010,MARUTI SUZUKI INDIA LTD.,10979.0,11520.0,10945.0,11256.45,1672966,18927087189.15,0.9794557973653093,11025.195210252736
2024-10-31,MARUTI,INE585B01010,MARUTI SUZUKI INDIA LTD.,11225.0,11247.55,11050.0,11076.45,838211,9310524893.55,0.9794557973653093,10848.89316672698
2024-11-04,MARUTI,INE585B01010,MARUTI SUZUKI INDIA LTD.,11295.0,11295.0,10860.0,11052.45,444462,4886148091.35,0.9794557973653093,10825.386227590214
2024-11-05,MARUTI,INE585B01010,MARUTI SUZUKI INDIA LTD.,11042.0,11275.0,11011.9,11170.1,321159,3593554657.15,0.9794557973653093,10940.619202150241
2024-11-06,MARUTI,INE585B01010,MARUTI SUZUKI INDIA LTD.,11219.0,11430.0,11172.6,11354.25,416027,4716229708.15,0.9794557973653093,11120.985987235063
2024-11-07,MARUTI,INE585B01010,MARUTI SUZUKI INDIA LTD.,11305.15,11385.0,11186.6,11300.15,530194,5982352197.1,0.9794557973653093,11067.997428597599
2024-11-08,MARUTI,INE585B01010,MARUTI SUZUKI INDIA LTD.,11260.5,11344.0,11125.6,11303.0,269993,3038980419.4,0.9794557973653093,11070.78887762009
2024-11-11,MARUTI,INE585B01010,MARUTI SUZUKI INDIA LTD.,11331.5,11518.15,11310.0,11399.7,450681,5160413428.5,0.9794557973653093,11165.502253225317
2024-11-12,MARUTI,INE585B01010,MARUTI SUZUKI INDIA LTD.,11392.05,11516.9,11107.25,11143.1,549747,6193815636.3,0.9794557973653093,10914.173895621378
2024-11-13,MARUTI,INE585B01010,MARUTI SUZUKI INDIA LTD.,11140.0,11142.85,10864.3,11049.6,507710,5588898411.65,0.9794557973653093,10822.594778567722
2024-11-14,MARUTI,INE585B01010,MARUTI SUZUKI INDIA LTD.,11055.0,11117.7,10892.1,11006.05,431348,4735661111.2,0.9794557973653093,10779.939478592461
2024-11-18,MARUTI,INE585B01010,MARUTI SUZUKI INDIA LTD.,10950.0,11182.95,10915.0,11093.95,333440,3690768649.25,0.9794557973653093,10866.033643180874
2024-11-19,MARUTI,INE585B01010,MARUTI SUZUKI INDIA LTD.,11090.0,11195.25,10896.4,10959.3,864067,9566908508.05,0.9794557973653093,10734.149920065633
2024-11-21,MARUTI,INE585B01010,MARUTI SUZUKI INDIA LTD.,10921.15,10958.2,10770.0,10861.45,540201,5874959799.0,0.9794557973653093,10638.31017029344
2024-11-22,MARUTI,INE585B01010,MARUTI SUZUKI INDIA LTD.,10905.0,11106.65,10827.25,11063.6,493678,5421167557.3,0.9794557973653093,10836.307159730837
2024-11-25,MARUTI,INE585B01010,MARUTI SUZUKI INDIA LTD.,11202.0,11247.95,10990.05,11025.15,635726,7044764680.25,0.9794557973653093,10798.64708432214
2024-11-26,MARUTI,INE585B01010,MARUTI SUZUKI INDIA LTD.,11025.15,11077.95,10891.45,10943.95,406586,4461002867.7,0.9794557973653093,10719.115273576077
2024-11-27,MARUTI,INE585B01010,MARUTI SUZUKI INDIA LTD.,10936.0,11116.9,10870.0,11058.35,343332,3788691559.8,0.9794557973653093,10831.165016794668
2024-11-28,MARUTI,INE585B01010,MARUTI SUZUKI INDIA LTD.,11060.4,11080.6,10888.0,10949.85,607669,6662452812.8,0.9794557973653093,10724.894062780533
2024-11-29,MARUTI,INE585B01010,MARUTI SUZUKI INDIA LTD.,10949.95,11130.1,10920.0,11074.2,338207,3738338428.95,0.9794557973653093,10846.689391182908
2024-12-02,MARUTI,INE585B01010,MARUTI SUZUKI INDIA LTD.,11151.0,11330.0,11151.0,11239.3,446880,5033990444.55,0.9794557973653093,11008.39754332792
2024-12-03,MARUTI,INE585B01010,MARUTI SUZUKI INDIA LTD.,11250.0,11309.0,11203.0,11279.25,258644,2914777764.8,0.9794557973653093,11047.526802432665
2024-12-04,MARUTI,INE585B01010,MARUTI SUZUKI INDIA LTD.,11281.0,11300.0,11106.0,11129.85,554674,6209257358.0,0.9794557973653093,10901.196106306288
2024-12-05,MARUTI,INE585B01010,MARUTI SUZUKI INDIA LTD.,11134.95,11270.0,11031.0,11182.25,545501,6074294099.75,0.9794557973653093,10952.51959008823
2024-12-06,MARUTI,INE585B01010,MARUTI SUZUKI INDIA LTD.,11200.0,11375.95,11121.0,11317.95,417214,4697217136.05,0.9794557973653093,11085.431741790702
2024-12-09,MARUTI,INE585B01010,MARUTI SUZUKI INDIA LTD.,11322.0,11368.9,11252.55,11279.8,254485,2873518865.45,0.9794557973653093,11048.065503121215
2024-12-10,MARUTI,INE585B01010,MARUTI SUZUKI INDIA LTD.,11275.0,11314.35,11170.0,11198.2,410569,4606348473.4,0.9794557973653093,10968.141910056207
2024-12-11,MARUTI,INE585B01010,MARUTI SUZUKI INDIA LTD.,11229.9,11320.85,11220.6,11277.75,226584,2556502779.95,0.9794557973653093,11046.057618736617
2024-12-12,MARUTI,INE585B01010,MARUTI SUZUKI INDIA LTD.,11299.35,11299.35,11078.25,11167.4,396561,4426187410.1,0.9794557973653093,10937.974671497355
2024-12-13,MARUTI,INE585B01010,MARUTI SUZUKI INDIA LTD.,11137.4,11290.0,11033.6,11272.55,263579,2949551493.2,0.9794557973653093,11040.964448590317
2024-12-16,MARUTI,INE585B01010,MARUTI SUZUKI INDIA LTD.,11255.55,11329.45,11205.0,11277.0,223389,2516271554.65,0.9794557973653093,11045.323026888593
2024-12-17,MARUTI,INE585B01010,MARUTI SUZUKI INDIA LTD.,11263.0,11272.45,11059.7,11108.55,295445,3293637998.3,0.9794557973653093,10880.333697822405
2024-12-18,MARUTI,INE585B01010,MARUTI SUZUKI INDIA LTD.,11085.0,11098.05,10970.1,11002.45,497103,5474780876.45,0.9794557973653093,10776.413437721949
2024-12-19,MARUTI,INE585B01010,MARUTI SUZUKI INDIA LTD.,10888.0,11035.4,10852.45,10955.35,435360,4768896625.55,0.9794557973653093,10730.281069666042
2024-12-20,MARUTI,INE585B01010,MARUTI SUZUKI INDIA LTD.,10940.0,11077.0,10865.95,10901.05,404608,4434229374.1,0.9794557973653093,10677.096619869104
2024-12-23,MARUTI,INE585B01010,MARUTI SUZUKI INDIA LTD.,10928.0,10989.8,10755.4,10822.0,237165,2575596341.2,0.9794557973653093,10599.670639087377
2024-12-24,MARUTI,INE585B01010,MARUTI SUZUKI INDIA LTD.,10822.0,10887.45,10725.0,10736.6,151149,1631128921.55,0.9794557973653093,10516.02511399238
2024-12-26,MARUTI,INE585B01010,MARUTI SUZUKI INDIA LTD.,10770.5,10974.8,10770.0,10896.0,349811,3813889415.6,0.9794557973653093,10672.15036809241
2024-12-27,MARUTI,INE585B01010,MARUTI SUZUKI INDIA LTD.,10929.5,11133.0,10912.6,10941.05,257973,2840985273.7,0.9794557973653093,10716.274851763717
2024-12-30,MARUTI,INE585B01010,MARUTI SUZUKI INDIA LTD.,10941.05,10950.0,10750.1,10798.95,335481,3637124685.2,0.9794557973653093,10577.094182958108
2024-12-31,MARUTI,INE585B01010,MARUTI SUZUKI INDIA LTD.,10765.0,10893.7,10750.6,10858.4,198997,2155730883.15,0.9794557973653093,10635.322830111474
2025-01-01,MARUTI,INE585B01010,MARUTI SUZUKI INDIA LTD.,10858.0,11273.95,10800.2,11208.3,383202,4256011580.95,0.9794557973653093,10978.034413609596
2025-01-02,MARUTI,INE585B01010,MARUTI SUZUKI INDIA LTD.,11285.0,11859.15,11226.0,11841.3,1417042,16500046404.35,0.9794557973653093,11598.029933341837
2025-01-03,MARUTI,INE585B01010,MARUTI SUZUKI INDIA LTD.,11849.95,12049.8,11787.95,11934.25,701315,8381797263.15,0.9794557973653093,11689.070349706943
2025-01-06,MARUTI,INE585B01010,MARUTI SUZUKI INDIA LTD.,11929.0,11979.9,11690.7,11755.65,383268,4520111449.9,0.9794557973653093,11514.139544297497
2025-01-07,MARUTI,INE585B01010,MARUTI SUZUKI INDIA LTD.,11755.65,11825.95,11673.7,11721.3,308104,3619023348.9,0.9794557973653093,11480.495237657999
2025-01-08,MARUTI,INE585B01010,MARUTI SUZUKI INDIA LTD.,11726.0,11859.95,11725.3,11822.0,303100,3577661230.25,0.9794557973653093,11579.126436452687
2025-01-09,MARUTI,INE585B01010,MARUTI SUZUKI INDIA LTD.,11822.0,11850.0,11659.65,11740.55,266413,3130800907.45,0.9794557973653093,11499.349761757281
2025-01-10,MARUTI,INE585B01010,MARUTI SUZUKI INDIA LTD.,11690.0,11760.0,11570.0,11631.1,218246,2539079696.4,0.9794557973653093,11392.14832473565
2025-01-13,MARUTI,INE585B01010,MARUTI SUZUKI INDIA LTD.,11468.5,11654.45,11468.0,11497.7,253524,2930057738.05,0.9794557973653093,11261.488921367118
2025-01-14,MARUTI,INE585B01010,MARUTI SUZUKI INDIA LTD.,11533.95,11785.55,11531.0,11741.15,627463,7349715789.9,0.9794557973653093,11499.9374352357
2025-01-15,MARUTI,INE585B01010,MARUTI SUZUKI INDIA LTD.,11890.55,12192.4,11861.0,11947.4,692822,8319374879.05,0.9794557973653093,11701.950193442295
2025-01-16,MARUTI,INE585B01010,MARUTI SUZUKI INDIA LTD.,11981.45,12134.0,11956.2,12092.3,551211,6651446665.15,0.9794557973653093,11843.87333848053
2025-01-17,MARUTI,INE585B01010,MARUTI SUZUKI INDIA LTD.,12101.9,12189.9,12004.3,12136.35,285370,3454223311.6,0.9794557973653093,11887.018366354472
2025-01-20,MARUTI,INE585B01010,MARUTI SUZUKI INDIA LTD.,12147.05,12147.05,11984.05,12020.05,251731,3031037469.0,0.9794557973653093,11773.107657120885
2025-01-21,MARUTI,INE585B01010,MARUTI SUZUKI INDIA LTD.,12017.05,12139.8,11862.05,11883.7,300038,3595758995.45,0.9794557973653093,11639.558859150127
2025-01-22,MARUTI,INE585B01010,MARUTI SUZUKI INDIA LTD.,11900.05,12078.85,11900.05,12020.35,396590,4758475783.5,0.9794557973653093,11773.401493860096
2025-01-23,MARUTI,INE585B01010,MARUTI SUZUKI INDIA LTD.,12005.0,12106.3,11961.3,12045.75,480876,5788646596.4,0.9794557973653093,11798.279671113174
2025-01-24,MARUTI,INE585B01010,MARUTI SUZUKI INDIA LTD.,11930.0,12093.0,11914.1,11967.9,310343,3721149231.6,0.9794557973653093,11722.029037288285
2025-01-27,MARUTI,INE585B01010,MARUTI SUZUKI INDIA LTD.,11901.9,12046.9,11811.05,11993.85,251783,3017469310.6,0.9794557973653093,11747.445915229915
2025-01-28,MARUTI,INE585B01010,MARUTI SUZUKI INDIA LTD.,12018.35,12164.7,11884.95,12123.75,533451,6428235389.05,0.9794557973653093,11874.677223307668
2025-01-29,MARUTI,INE585B01010,MARUTI SUZUKI INDIA LTD.,12120.0,12320.7,11885.05,11977.9,817549,9909138346.95,0.9794557973653093,11731.823595261938
2025-01-30,MARUTI,INE585B01010,MARUTI SUZUKI INDIA LTD.,12021.0,12110.85,11923.1,12000.0,418442,5024590033.85,0.9794557973653093,11753.46956838371
2025-01-31,MARUTI,INE585B01010,MARUTI SUZUKI INDIA LTD.,12000.0,12390.0,12000.0,12310.65,709009,8697470476.0,0.9794557973653093,12057.737511835245
2025-02-01,MARUTI,INE585B01010,MARUTI SUZUKI INDIA LTD.,12320.0,13150.0,12228.65,12916.5,1101170,14129928701.3,0.9794557973653093,12651.140806669018
2025-02-03,MARUTI,INE585B01010,MARUTI SUZUKI INDIA LTD.,12990.0,13461.2,12921.65,13139.95,926127,12191606310.55,0.9794557973653093,12870.000204590297
2025-02-04,MARUTI,INE585B01010,MARUTI SUZUKI INDIA LTD.,13250.0,13259.95,12971.5,13109.95,530749,6943225734.4,0.9794557973653093,12840.616530669336
2025-02-05,MARUTI,INE585B01010,MARUTI SUZUKI INDIA LTD.,13110.0,13150.0,13003.5,13086.8,271633,3548684588.0,0.9794557973653093,12817.942128960329
2025-02-06,MARUTI,INE585B01010,MARUTI SUZUKI INDIA LTD.,13060.0,13130.0,13006.8,13074.0,414134,5413261967.95,0.9794557973653093,12805.405094754055
2025-02-07,MARUTI,INE585B01010,MARUTI SUZUKI INDIA LTD.,13060.0,13108.5,13012.0,13049.5,355223,4637043615.65,0.9794557973653093,12781.408427718603
2025-02-10,MARUTI,INE585B01010,MARUTI SUZUKI INDIA LTD.,13050.0,13060.0,12886.65,12900.75,294142,3806005190.1,0.9794557973653093,12635.714377860513
2025-02-11,MARUTI,INE585B01010,MARUTI SUZUKI INDIA LTD.,12899.95,13017.25,12699.45,12724.35,354195,4541285022.3,0.9794557973653093,12462.938375205274
2025-02-12,MARUTI,INE585B01010,MARUTI SUZUKI INDIA LTD.,12700.0,12765.35,12608.05,12655.55,425735,5399284935.8,0.9794557973653093,12395.551816346539
2025-02-13,MARUTI,INE585B01010,MARUTI SUZUKI INDIA LTD.,12675.0,12744.95,12614.75,12671.3,186742,2366144148.3,0.9794557973653093,12410.978245155044
2025-02-14,MARUTI,INE585B01010,MARUTI SUZUKI INDIA LTD.,12700.0,12780.0,12584.1,12680.25,233454,2958090266.95,0.9794557973653093,12419.744374541464
2025-02-17,MARUTI,INE585B01010,MARUTI SUZUKI INDIA LTD.,12601.6,12774.0,12578.1,12762.9,192210,2438929200.6,0.9794557973653093,12500.696396193705
2025-02-18,MARUTI,INE585B01010,MARUTI SUZUKI INDIA LTD.,12764.95,12884.95,12735.15,12786.2,267936,3426537796.15,0.9794557973653093,12523.51771627232
2025-02-19,MARUTI,INE585B01010,MARUTI SUZUKI INDIA LTD.,12727.0,12769.15,12651.0,12686.15,288694,3666654355.65,0.9794557973653093,12425.523163745918
2025-02-20,MARUTI,INE585B01010,MARUTI SUZUKI INDIA LTD.,12650.0,12650.0,12380.0,12440.65,423739,5272163516.45,0.9794557973653093,12185.066765492735
2025-02-21,MARUTI,INE585B01010,MARUTI SUZUKI INDIA LTD.,12420.0,12438.6,12245.0,12323.45,477013,5886460691.5,0.9794557973653093,12070.27454604152
2025-02-24,MARUTI,INE585B01010,MARUTI SUZUKI INDIA LTD.,12248.35,12432.5,12220.1,12345.2,399571,4932368752.1,0.9794557973653093,12091.577709634217
2025-02-25,MARUTI,INE585B01010,MARUTI SUZUKI INDIA LTD.,12388.75,12507.4,12350.0,12476.35,363355,4523064813.5,0.9794557973653093,12220.033337458677
2025-02-27,MARUTI,INE585B01010,MARUTI SUZUKI INDIA LTD.,12531.7,12550.0,12312.0,12380.6,236805,2933247718.75,0.9794557973653093,12126.250444860949
2025-02-28,MARUTI,INE585B01010,MARUTI SUZUKI INDIA LTD.,12338.5,12338.5,11811.7,11945.85,605149,7230913256.2,0.9794557973653093,11700.432036956381
2025-03-03,MARUTI,INE585B01010,MARUTI SUZUKI INDIA LTD.,11886.0,12059.45,11757.75,11775.6,186884,2220295563.8,0.9794557973653093,11533.679687454936
2025-03-04,MARUTI,INE585B01010,MARUTI SUZUKI INDIA LTD.,11690.0,11724.25,11591.0,11616.25,255726,2976968579.85,0.9794557973653093,11377.603406144774
2025-03-05,MARUTI,INE585B01010,MARUTI SUZUKI INDIA LTD.,11605.0,11830.0,11568.35,11617.35,349730,4086183550.8,0.9794557973653093,11378.680807521876
2025-03-06,MARUTI,INE585B01010,MARUTI SUZUKI INDIA LTD.,11701.0,11729.5,11480.0,11666.4,315309,3661208515.4,0.9794557973653093,11426.723114382645
2025-03-07,MARUTI,INE585B01010,MARUTI SUZUKI INDIA LTD.,11650.0,11742.3,11601.0,11664.15,259055,3018608722.2,0.9794557973653093,11424.519338838572
2025-03-10,MARUTI,INE585B01010,MARUTI SUZUKI INDIA LTD.,11600.0,11697.9,11533.65,11586.05,153894,1787533102.6,0.9794557973653093,11348.023841064341
2025-03-11,MARUTI,INE585B01010,MARUTI SUZUKI INDIA LTD.,11579.5,11692.0,11510.0,11646.95,245822,2852530271.7,0.9794557973653093,11407.67269912389
2025-03-12,MARUTI,INE585B01010,MARUTI SUZUKI INDIA LTD.,11620.8,11723.95,11522.0,11640.1,249361,2896538780.35,0.9794557973653093,11400.963426911938
2025-03-13,MARUTI,INE585B01010,MARUTI SUZUKI INDIA LTD.,11634.8,11685.0,11489.75,11513.8,260736,3018286469.55,0.9794557973653093,11277.258159704697
2025-03-17,MARUTI,INE585B01010,MARUTI SUZUKI INDIA LTD.,11513.8,11752.95,11456.35,11553.7,275581,3189909304.65,0.9794557973653093,11316.338446019574
2025-03-18,MARUTI,INE585B01010,MARUTI SUZUKI INDIA LTD.,11560.05,11755.45,11501.0,11714.55,373219,4349876295.1,0.9794557973653093,11473.883911025783
2025-03-19,MARUTI,INE585B01010,MARUTI SUZUKI INDIA LTD.,11700.0,11714.45,11547.0,11615.55,476555,5537086611.7,0.9794557973653093,11376.917787086617
2025-03-20,MARUTI,INE585B01010,MARUTI SUZUKI INDIA LTD.,11699.9,11765.0,11588.0,11730.2,379421,4438809113.75,0.9794557973653093,11489.212394254551
2025-03-21,MARUTI,INE585B01010,MARUTI SUZUKI INDIA LTD.,11780.0,11921.7,11705.8,11732.8,560565,6617691502.55,0.9794557973653093,11491.7589793277
2025-03-24,MARUTI,INE585B01010,MARUTI SUZUKI INDIA LTD.,11779.95,11990.0,11742.05,11922.25,359033,4267282655.85,0.9794557973653093,11677.316880138558
2025-03-25,MARUTI,INE585B01010,MARUTI SUZUKI INDIA LTD.,11951.4,12075.25,11800.0,11868.9,514283,6135410879.15,0.9794557973653093,11625.062913349118
2025-03-26,MARUTI,INE585B01010,MARUTI SUZUKI INDIA LTD.,11807.0,11868.9,11710.0,11734.3,478517,5633893032.95,0.9794557973653093,11493.228163023748
2025-03-27,MARUTI,INE585B01010,MARUTI SUZUKI INDIA LTD.,11773.15,11898.0,11638.0,11721.95,645787,7580716422.05,0.9794557973653093,11481.131883926288
2025-03-28,MARUTI,INE585B01010,MARUTI SUZUKI INDIA LTD.,11699.05,11745.95,11400.1,11522.15,541795,6258548661.75,0.9794557973653093,11285.436615612698
2025-04-01,MARUTI,INE585B01010,MARUTI SUZUKI INDIA LTD.,11480.0,11545.8,11290.0,11481.1,498244,5687832377.15,0.9794557973653093,11245.229955130853
2025-04-02,MARUTI,INE585B01010,MARUTI SUZUKI INDIA LTD.,11481.1,11732.0,11410.05,11716.1,452994,5283658091.1,0.9794557973653093,11475.4020675117
2025-04-03,MARUTI,INE585B01010,MARUTI SUZUKI INDIA LTD.,11630.5,11802.95,11611.05,11688.1,326624,3823725316.15,0.9794557973653093,11447.977305185472
2025-04-04,MARUTI,INE585B01010,MARUTI SUZUKI INDIA LTD.,11600.0,11630.0,11330.0,11482.0,355785,4065618247.4,0.9794557973653093,11246.111465348482
2025-04-07,MARUTI,INE585B01010,MARUTI SUZUKI INDIA LTD.,11105.6,11358.5,11059.45,11329.75,602353,6761271433.85,0.9794557973653093,11096.989320199613
2025-04-08,MARUTI,INE585B01010,MARUTI SUZUKI INDIA LTD.,11530.0,11550.35,11290.05,11458.9,629968,7211668457.3,0.9794557973653093,11223.486036429342
2025-04-09,MARUTI,INE585B01010,MARUTI SUZUKI INDIA LTD.,11460.1,11538.7,11425.0,11457.4,255114,2927511554.2,0.9794557973653093,11222.016852733295
2025-04-11,MARUTI,INE585B01010,MARUTI SUZUKI INDIA LTD.,11480.35,11678.75,11480.0,11599.05,231420,2685269869.9,0.9794557973653093,11360.75676643009
2025-04-15,MARUTI,INE585B01010,MARUTI SUZUKI INDIA LTD.,11790.0,11940.0,11680.0,11855.0,458593,5443434939.0,0.9794557973653093,11611.448477765742
2025-04-16,MARUTI,INE585B01010,MARUTI SUZUKI INDIA LTD.,11768.0,11768.0,11615.0,11664.0,470494,5491129574.0,0.9794557973653093,11424.372420468968
2025-04-17,MARUTI,INE585B01010,MARUTI SUZUKI INDIA LTD.,11664.0,11728.0,11525.0,11695.0,302146,3518777343.0,0.9794557973653093,11454.735550187292
2025-04-21,MARUTI,INE585B01010,MARUTI SUZUKI INDIA LTD.,11695.0,11769.0,11588.0,11745.0,318493,3726551467.0,0.9794557973653093,11503.708340055558
2025-04-22,MARUTI,INE585B01010,MARUTI SUZUKI INDIA LTD.,11770.0,11788.0,11615.0,11734.0,516753,6047456049.0,0.9794557973653093,11492.93432628454
2025-04-23,MARUTI,INE585B01010,MARUTI SUZUKI INDIA LTD.,11799.0,11971.0,11729.0,11907.0,493839,5840798795.0,0.9794557973653093,11662.380179228738
2025-04-24,MARUTI,INE585B01010,MARUTI SUZUKI INDIA LTD.,11940.0,12040.0,11858.0,11894.0,387863,4622427333.0,0.9794557973653093,11649.64725386299
2025-04-25,MARUTI,INE585B01010,MARUTI SUZUKI INDIA LTD.,11902.0,12046.0,11598.0,11698.0,906266,10664569973.0,0.9794557973653093,11457.673917579388
2025-04-28,MARUTI,INE585B01010,MARUTI SUZUKI INDIA LTD.,11428.0,11896.0,11289.0,11846.0,457303,5351810411.0,0.9794557973653093,11602.633375589454
2025-04-29,MARUTI,INE585B01010,MARUTI SUZUKI INDIA LTD.,11812.0,11940.0,11741.0,11841.0,455596,5388049220.0,0.9794557973653093,11597.736096602628
2025-04-30,MARUTI,INE585B01010,MARUTI SUZUKI INDIA LTD.,11825.0,12325.0,11800.0,12257.0,967250,11755859522.0,0.9794557973653093,12005.189708306596
2025-05-02,MARUTI,INE585B01010,MARUTI SUZUKI INDIA LTD.,12257.0,12727.0,12250.0,12406.0,786089,9844447650.0,0.9794557973653093,12151.128622114027
2025-05-05,MARUTI,INE585B01010,MARUTI SUZUKI INDIA LTD.,12490.0,12490.0,12362.0,12458.0,270014,3358401660.0,0.9794557973653093,12202.060323577023
2025-05-06,MARUTI,INE585B01010,MARUTI SUZUKI INDIA LTD.,12438.0,12599.0,12371.0,12581.0,414921,5206687661.0,0.9794557973653093,12322.533386652956
2025-05-07,MARUTI,INE585B01010,MARUTI SUZUKI INDIA LTD.,12355.0,12669.0,12355.0,12633.0,303619,3826175764.0,0.9794557973653093,12373.465088115952
2025-05-08,MARUTI,INE585B01010,MARUTI SUZUKI INDIA LTD.,12560.0,12597.0,12330.0,12392.0,485326,6024946169.0,0.9794557973653093,12137.416240950914
2025-05-09,MARUTI,INE585B01010,MARUTI SUZUKI INDIA LTD.,12135.0,12360.0,12115.0,12250.0,278112,3410669230.0,0.9794557973653093,11998.33351772504
2025-05-12,MARUTI,INE585B01010,MARUTI SUZUKI INDIA LTD.,12426.0,12630.0,12426.0,12616.0,185165,2322641674.0,0.9794557973653093,12356.814339560742
2025-05-13,MARUTI,INE585B01010,MARUTI SUZUKI INDIA LTD.,12600.0,12700.0,12430.0,12482.0,378269,4731899460.0,0.9794557973653093,12225.56726271379
2025-05-14,MARUTI,INE585B01010,MARUTI SUZUKI INDIA LTD.,12485.0,12718.0,12411.0,12670.0,306050,3859501696.0,0.9794557973653093,12409.70495261847
2025-05-15,MARUTI,INE585B01010,MARUTI SUZUKI INDIA LTD.,12600.0,13023.0,12548.0,12952.0,561496,7197073020.0,0.9794557973653093,12685.911487475487
2025-05-16,MARUTI,INE585B01010,MARUTI SUZUKI INDIA LTD.,12950.0,13086.0,12912.0,12995.0,425275,5525445635.0,0.9794557973653093,12728.028086762195
2025-05-19,MARUTI,INE585B01010,MARUTI SUZUKI INDIA LTD.,12990.0,13046.0,12930.0,12989.0,244277,3171703409.0,0.9794557973653093,12722.151351978002
2025-05-20,MARUTI,INE585B01010,MARUTI SUZUKI INDIA LTD.,13005.0,13010.0,12610.0,12638.0,361111,4594223997.0,0.9794557973653093,12378.362367102778
2025-05-21,MARUTI,INE585B01010,MARUTI SUZUKI INDIA LTD.,12675.0,12808.0,12594.0,12615.0,209104,2650482871.0,0.9794557973653093,12355.834883763377
2025-05-22,MARUTI,INE585B01010,MARUTI SUZUKI INDIA LTD.,12611.0,12611.0,12395.0,12445.0,434848,5414576614.0,0.9794557973653093,12189.327398211275
2025-05-23,MARUTI,INE585B01010,MARUTI SUZUKI INDIA LTD.,12450.0,12495.0,12423.0,12453.0,169465,2111507730.0,0.9794557973653093,12197.163044590197
2025-05-26,MARUTI,INE585B01010,MARUTI SUZUKI INDIA LTD.,12455.0,12539.0,12391.0,12421.0,214703,2674499541.0,0.9794557973653093,12165.820459074506
2025-05-27,MARUTI,INE585B01010,MARUTI SUZUKI INDIA LTD.,12421.0,12479.0,12290.0,12414.0,344679,4266737102.0,0.9794557973653093,12158.96426849295
2025-05-28,MARUTI,INE585B01010,MARUTI SUZUKI INDIA LTD.,12414.0,12415.0,12305.0,12331.0,178181,2200009599.0,0.9794557973653093,12077.66943731163
2025-05-29,MARUTI,INE585B01010,MARUTI SUZUKI INDIA LTD.,12340.0,12428.0,12266.0,12392.0,191097,2361995351.0,0.9794557973653093,12137.416240950914
2025-05-30,MARUTI,INE585B01010,MARUTI SUZUKI INDIA LTD.,12392.0,12490.0,12251.0,12319.0,351353,4332124765.0,0.9794557973653093,12065.915967743245
2025-06-02,MARUTI,INE585B01010,MARUTI SUZUKI INDIA LTD.,12161.0,12319.0,12132.0,12290.0,264972,3241662264.0,0.9794557973653093,12037.51174961965
2025-06-03,MARUTI,INE585B01010,MARUTI SUZUKI INDIA LTD.,12273.0,12350.0,12060.0,12128.0,369114,4487724941.0,0.9794557973653093,11878.839910446472
2025-06-04,MARUTI,INE585B01010,MARUTI SUZUKI INDIA LTD.,12128.0,12245.0,12128.0,12163.0,205846,2507961126.0,0.9794557973653093,11913.120863354257
2025-06-05,MARUTI,INE585B01010,MARUTI SUZUKI INDIA LTD.,12200.0,12257.0,12016.0,12126.0,319783,3874261406.0,0.9794557973653093,11876.88099885174
2025-06-06,MARUTI,INE585B01010,MARUTI SUZUKI INDIA LTD.,12139.0,12535.0,12100.0,12462.0,456129,5663220423.0,0.9794557973653093,12205.978146766485
2025-06-09,MARUTI,INE585B01010,MARUTI SUZUKI INDIA LTD.,12505.0,12660.0,12466.0,12637.0,323443,4065896094.0,0.9794557973653093,12377.382911305414
2025-06-10,MARUTI,INE585B01010,MARUTI SUZUKI INDIA LTD.,12660.0,12744.0,12461.0,12520.0,325292,4092172883.0,0.9794557973653093,12262.786583013672
2025-06-11,MARUTI,INE585B01010,MARUTI SUZUKI INDIA LTD.,12470.0,12560.0,12427.0,12452.0,306061,3817439767.0,0.9794557973653093,12196.183588792832
2025-06-12,MARUTI,INE585B01010,MARUTI SUZUKI INDIA LTD.,12459.0,12490.0,12307.0,12390.0,347339,4301985558.0,0.9794557973653093,12135.457329356183
2025-06-13,MARUTI,INE585B01010,MARUTI SUZUKI INDIA LTD.,12200.0,12425.0,12176.0,12408.0,385493,4765581259.0,0.9794557973653093,12153.087533708758
2025-06-16,MARUTI,INE585B01010,MARUTI SUZUKI INDIA LTD.,12404.0,12567.0,12336.0,12530.0,184242,2306069963.0,0.9794557973653093,12272.581140987326
2025-06-17,MARUTI,INE585B01010,MARUTI SUZUKI INDIA LTD.,12529.0,12615.0,12470.0,12595.0,226597,2846012814.0,0.9794557973653093,12336.24576781607
2025-06-18,MARUTI,INE585B01010,MARUTI SUZUKI INDIA LTD.,12620.0,12880.0,12550.0,12748.0,467738,5973442300.0,0.9794557973653093,12486.102504812963
2025-06-19,MARUTI,INE585B01010,MARUTI SUZUKI INDIA LTD.,12750.0,12825.0,12714.0,12806.0,339117,4338545598.0,0.9794557973653093,12542.91094106015
2025-06-20,MARUTI,INE585B01010,MARUTI SUZUKI INDIA LTD.,12809.0,12890.0,12728.0,12791.0,652128,8339442760.0,0.9794557973653093,12528.219104099671
2025-06-23,MARUTI,INE585B01010,MARUTI SUZUKI INDIA LTD.,12771.0,12786.0,12666.0,12699.0,192037,2440399581.0,0.9794557973653093,12438.109170742062
2025-06-24,MARUTI,INE585B01010,MARUTI SUZUKI INDIA LTD.,12830.0,12855.0,12553.0,12611.0,332717,4220639513.0,0.9794557973653093,12351.917060573916
2025-06-25,MARUTI,INE585B01010,MARUTI SUZUKI INDIA LTD.,12684.0,12807.0,12617.0,12767.0,316536,4033202447.0,0.9794557973653093,12504.712164962904
2025-06-26,MARUTI,INE585B01010,MARUTI SUZUKI INDIA LTD.,12780.0,12848.0,12689.0,12715.0,354735,4519725996.0,0.9794557973653093,12453.780463499908
2025-06-27,MARUTI,INE585B01010,MARUTI SUZUKI INDIA LTD.,12750.0,12799.0,12621.0,12642.0,346403,4391877993.0,0.9794557973653093,12382.28019029224
2025-06-30,MARUTI,INE585B01010,MARUTI SUZUKI INDIA LTD.,12667.0,12675.0,12332.0,12400.0,448956,5591754684.0,0.9794557973653093,12145.251887329836
2025-07-01,MARUTI,INE585B01010,MARUTI SUZUKI INDIA LTD.,12450.0,12459.0,12320.0,12442.0,283481,3518573297.0,0.9794557973653093,12186.389030819179
2025-07-02,MARUTI,INE585B01010,MARUTI SUZUKI INDIA LTD.,12380.0,12643.0,12359.0,12622.0,609735,7648614659.0,0.9794557973653093,12362.691074344933
2025-07-03,MARUTI,INE585B01010,MARUTI SUZUKI INDIA LTD.,12630.0,12820.0,12590.0,12752.0,606221,7727285261.0,0.9794557973653093,12490.020328002423
2025-07-04,MARUTI,INE585B01010,MARUTI SUZUKI INDIA LTD.,12715.0,12748.0,12608.0,12646.0,225607,2852480073.0,0.9794557973653093,12386.198013481702
2025-07-07,MARUTI,INE585B01010,MARUTI SUZUKI INDIA LTD.,12647.0,12670.0,12471.0,12520.0,220116,2756043198.0,0.9794557973653093,12262.786583013672
2025-07-08,MARUTI,INE585B01010,MARUTI SUZUKI INDIA LTD.,12525.0,12555.0,12359.0,12414.0,241050,2992436939.0,0.9794557973653093,12158.96426849295
2025-07-09,MARUTI,INE585B01010,MARUTI SUZUKI INDIA LTD.,12435.0,12540.0,12430.0,12470.0,174203,2173990741.0,0.9794557973653093,12213.813793145408
2025-07-10,MARUTI,INE585B01010,MARUTI SUZUKI INDIA LTD.,12500.0,12670.0,12401.0,12650.0,277325,3493839715.0,0.9794557973653093,12390.115836671162
2025-07-11,MARUTI,INE585B01010,MARUTI SUZUKI INDIA LTD.,12640.0,12685.0,12521.0,12574.0,194420,2444295993.0,0.9794557973653093,12315.6771960714
2025-07-14,MARUTI,INE585B01010,MARUTI SUZUKI INDIA LTD.,12590.0,12616.0,12431.0,12514.0,246737,3086552445.0,0.9794557973653093,12256.909848229481
2025-07-15,MARUTI,INE585B01010,MARUTI SUZUKI INDIA LTD.,12481.0,12598.0,12481.0,12536.0,147377,1847860810.0,0.9794557973653093,12278.457875771517
2025-07-16,MARUTI,INE585B01010,MARUTI SUZUKI INDIA LTD.,12536.0,12571.0,12439.0,12564.0,204480,2558428073.0,0.9794557973653093,12305.882638097746
2025-07-17,MARUTI,INE585B01010,MARUTI SUZUKI INDIA LTD.,12569.0,12627.0,12463.0,12476.0,189207,2370565635.0,0.9794557973653093,12219.690527929599
2025-07-18,MARUTI,INE585B01010,MARUTI SUZUKI INDIA LTD.,12525.0,12527.0,12370.0,12419.0,124068,1541382207.0,0.9794557973653093,12163.861547479777
2025-07-21,MARUTI,INE585B01010,MARUTI SUZUKI INDIA LTD.,12431.0,12478.0,12342.0,12405.0,232066,2876425473.0,0.9794557973653093,12150.149166316662
2025-07-22,MARUTI,INE585B01010,MARUTI SUZUKI INDIA LTD.,12449.0,12530.0,12319.0,12492.0,169006,2101638620.0,0.9794557973653093,12235.361820687443
2025-07-23,MARUTI,INE585B01010,MARUTI SUZUKI INDIA LTD.,12540.0,12719.0,12540.0,12627.0,342005,4326076177.0,0.9794557973653093,12367.588353331761
2025-07-24,MARUTI,INE585B01010,MARUTI SUZUKI INDIA LTD.,12648.0,12661.0,12519.0,12557.0,157163,1977240460.0,0.9794557973653093,12299.02644751619
2025-07-25,MARUTI,INE585B01010,MARUTI SUZUKI INDIA LTD.,12545.0,12557.0,12357.0,12404.0,260700,3237449240.0,0.9794557973653093,12149.169710519296
2025-07-28,MARUTI,INE585B01010,MARUTI SUZUKI INDIA LTD.,12371.0,12535.0,12302.0,12340.0,292879,3634907654.0,0.9794557973653093,12086.484539487918
2025-07-29,MARUTI,INE585B01010,MARUTI SUZUKI INDIA LTD.,12340.0,12507.0,12268.0,12469.0,285115,3534049999.0,0.9794557973653093,12212.834337348042
2025-07-30,MARUTI,INE585B01010,MARUTI SUZUKI INDIA LTD.,12431.0,12643.0,12420.0,12618.0,203847,2563395216.0,0.9794557973653093,12358.773251155473
2025-07-31,MARUTI,INE585B01010,MARUTI SUZUKI INDIA LTD.,12506.0,12760.0,12464.0,12608.0,709783,8925274901.0,0.9794557973653093,12348.97869318182
2025-08-01,MARUTI,INE585B01010,MARUTI SUZUKI INDIA LTD.,12521.0,12779.0,12273.0,12302.0,346024,4317729270.0,0.9900568181818182,12179.678977272728
2025-08-04,MARUTI,INE585B01010,MARUTI SUZUKI INDIA LTD.,12326.0,12425.0,12225.0,12365.0,255693,3152367752.0,0.9900568181818182,12242.052556818182
2025-08-05,MARUTI,INE585B01010,MARUTI SUZUKI INDIA LTD.,12400.0,12577.0,12370.0,12537.0,233560,2922504951.0,0.9900568181818182,12412.342329545456
2025-08-06,MARUTI,INE585B01010,MARUTI SUZUKI INDIA LTD.,12570.0,12619.0,12483.0,12524.0,151608,1900677480.0,0.9900568181818182,12399.471590909092
2025-08-07,MARUTI,INE585B01010,MARUTI SUZUKI INDIA LTD.,12525.0,12654.0,12429.0,12632.0,173393,2175506521.0,0.9900568181818182,12506.397727272728
2025-08-08,MARUTI,INE585B01010,MARUTI SUZUKI INDIA LTD.,12630.0,12725.0,12564.0,12590.0,247048,3120582057.0,0.9900568181818182,12464.815340909092
2025-08-11,MARUTI,INE585B01010,MARUTI SUZUKI INDIA LTD.,12585.0,12734.0,12482.0,12597.0,187230,2352398674.0,0.9900568181818182,12471.745738636364
2025-08-12,MARUTI,INE585B01010,MARUTI SUZUKI INDIA LTD.,12620.0,12959.0,12606.0,12840.0,504476,6486386920.0,0.9900568181818182,12712.329545454546
2025-08-13,MARUTI,INE585B01010,MARUTI SUZUKI INDIA LTD.,12840.0,12925.0,12752.0,12834.0,252065,3239581920.0,0.9900568181818182,12706.389204545456
2025-08-14,MARUTI,INE585B01010,MARUTI SUZUKI INDIA LTD.,12864.0,12956.0,12825.0,12936.0,318580,4110520647.0,0.9900568181818182,12807.375
2025-08-18,MARUTI,INE585B01010,MARUTI SUZUKI INDIA LTD.,13703.0,14125.0,13664.0,14068.0,2154781,30033753915.0,0.9900568181818182,13928.119318181818
2025-08-19,MARUTI,INE585B01010,MARUTI SUZUKI INDIA LTD.,14070.0,14270.0,13979.0,14250.0,906623,12838824248.0,0.9900568181818182,14108.30965909091
2025-08-20,MARUTI,INE585B01010,MARUTI SUZUKI INDIA LTD.,14362.0,14362.0,14200.0,14221.0,391425,5579225853.0,0.9900568181818182,14079.598011363638
2025-08-21,MARUTI,INE585B01010,MARUTI SUZUKI INDIA LTD.,14219.0,14401.0,14156.0,14280.0,513460,7331631252.0,0.9900568181818182,14138.011363636364
2025-08-22,MARUTI,INE585B01010,MARUTI SUZUKI INDIA LTD.,14349.0,14370.0,14230.0,14349.0,458935,6574057277.0,0.9900568181818182,14206.32528409091
2025-08-25,MARUTI,INE585B01010,MARUTI SUZUKI INDIA LTD.,14401.0,14478.0,14280.0,14452.0,357110,5142495582.0,0.9900568181818182,14308.301136363638
2025-08-26,MARUTI,INE585B01010,MARUTI SUZUKI INDIA LTD.,14452.0,14825.0,14391.0,14714.0,962974,14126332347.0,0.9900568181818182,14567.696022727274
2025-08-28,MARUTI,INE585B01010,MARUTI SUZUKI INDIA LTD.,14895.0,14895.0,14625.0,14752.0,666635,9829050429.0,0.9900568181818182,14605.318181818182
2025-08-29,MARUTI,INE585B01010,MARUTI SUZUKI INDIA LTD.,14750.0,14850.0,14692.0,14791.0,621560,9182645808.0,0.9900568181818182,14643.930397727274
2025-09-01,MARUTI,INE585B01010,MARUTI SUZUKI INDIA LTD.,14790.0,14938.0,14654.0,14887.0,572927,8490094719.0,0.9900568181818182,14738.975852272728
2025-09-02,MARUTI,INE585B01010,MARUTI SUZUKI INDIA LTD.,14859.0,14934.0,14783.0,14842.0,379167,5635238875.0,0.9900568181818182,14694.423295454546
2025-09-03,MARUTI,INE585B01010,MARUTI SUZUKI INDIA LTD.,14875.0,14991.0,14750.0,14927.0,561656,8369943170.0,0.9900568181818182,14778.578125
2025-09-04,MARUTI,INE585B01010,MARUTI SUZUKI INDIA LTD.,15240.0,15240.0,14630.0,14662.0,784369,11649810635.0,0.9900568181818182,14516.213068181818
2025-09-05,MARUTI,INE585B01010,MARUTI SUZUKI INDIA LTD.,14740.0,14957.0,14701.0,14895.0,473806,7026110833.0,0.9900568181818182,14746.896306818182
2025-09-08,MARUTI,INE585B01010,MARUTI SUZUKI INDIA LTD.,14921.0,15319.0,14850.0,15258.0,691077,10489293330.0,0.9900568181818182,15106.286931818182
2025-09-09,MARUTI,INE585B01010,MARUTI SUZUKI INDIA LTD.,15249.0,15384.0,15201.0,15365.0,605860,9276125259.0,0.9900568181818182,15212.223011363638
2025-09-10,MARUTI,INE585B01010,MARUTI SUZUKI INDIA LTD.,15366.0,15384.0,15072.0,15108.0,489062,7428485424.0,0.9900568181818182,14957.77840909091
2025-09-11,MARUTI,INE585B01010,MARUTI SUZUKI INDIA LTD.,15111.0,15191.0,15038.0,15095.0,657161,9925241316.0,0.9900568181818182,14944.907670454546
2025-09-12,MARUTI,INE585B01010,MARUTI SUZUKI INDIA LTD.,15160.0,15373.0,15153.0,15325.0,420101,6432420385.0,0.9900568181818182,15172.620738636364
2025-09-15,MARUTI,INE585B01010,MARUTI SUZUKI INDIA LTD.,15350.0,15378.0,15249.0,15265.0,170587,2609150923.0,0.9900568181818182,15113.217329545456
2025-09-16,MARUTI,INE585B01010,MARUTI SUZUKI INDIA LTD.,15300.0,15594.0,15284.0,15573.0,381944,5904774595.0,0.9900568181818182,15418.154829545456
2025-09-17,MARUTI,INE585B01010,MARUTI SUZUKI INDIA LTD.,15592.0,15818.0,15570.0,15801.0,624986,9832357992.0,0.9900568181818182,15643.88778409091
2025-09-18,MARUTI,INE585B01010,MARUTI SUZUKI INDIA LTD.,15916.0,15939.0,15703.0,15817.0,642175,10160368757.0,0.9900568181818182,15659.72869318182
2025-09-19,MARUTI,INE585B01010,MARUTI SUZUKI INDIA LTD.,16000.0,16060.0,15811.0,15864.0,652443,10364547118.0,0.9900568181818182,15706.261363636364
2025-09-22,MARUTI,INE585B01010,MARUTI SUZUKI INDIA LTD.,15879.0,16000.0,15779.0,15816.0,302234,4806806833.0,0.9900568181818182,15658.738636363638
2025-09-23,MARUTI,INE585B01010,MARUTI SUZUKI INDIA LTD.,16120.0,16325.0,16031.0,16097.0,873114,14099794364.0,0.9900568181818182,15936.944602272728
2025-09-24,MARUTI,INE585B01010,MARUTI SUZUKI INDIA LTD.,16188.0,16375.0,16063.0,16249.0,663647,10777689205.0,0.9900568181818182,16087.433238636364
2025-09-25,MARUTI,INE585B01010,MARUTI SUZUKI INDIA LTD.,16249.0,16370.0,16067.0,16269.0,490262,7958113355.0,0.9900568181818182,16107.234375
2025-09-26,MARUTI,INE585B01010,MARUTI SUZUKI INDIA LTD.,16235.0,16435.0,16202.0,16286.0,490957,8030122303.0,0.9900568181818182,16124.065340909092
2025-09-29,MARUTI,INE585B01010,MARUTI SUZUKI INDIA LTD.,16300.0,16340.0,15950.0,15984.0,627326,10081302827.0,0.9900568181818182,15825.068181818182
2025-09-30,MARUTI,INE585B01010,MARUTI SUZUKI INDIA LTD.,15985.0,16054.0,15921.0,16029.0,390006,6239952133.0,0.9900568181818182,15869.620738636364
2025-10-01,MARUTI,INE585B01010,MARUTI SUZUKI INDIA LTD.,16026.0,16109.0,15850.0,15965.0,426075,6789144839.0,0.9900568181818182,15806.257102272728
2025-10-03,MARUTI,INE585B01010,MARUTI SUZUKI INDIA LTD.,15949.0,16025.0,15736.0,15806.0,470216,7440301086.0,0.9900568181818182,15648.83806818182
2025-10-06,MARUTI,INE585B01010,MARUTI SUZUKI INDIA LTD.,15840.0,16057.0,15708.0,15998.0,268497,4285780255.0,0.9900568181818182,15838.928977272728
2025-10-07,MARUTI,INE585B01010,MARUTI SUZUKI INDIA LTD.,16014.0,16159.0,15977.0,16108.0,330326,5320971490.0,0.9900568181818182,15947.835227272728
2025-10-08,MARUTI,INE585B01010,MARUTI SUZUKI INDIA LTD.,16108.0,16236.0,15979.0,16012.0,306518,4942694838.0,0.9900568181818182,15852.789772727274
2025-10-09,MARUTI,INE585B01010,MARUTI SUZUKI INDIA LTD.,16070.0,16075.0,15853.0,15985.0,300499,4790949910.0,0.9900568181818182,15826.058238636364
2025-10-10,MARUTI,INE585B01010,MARUTI SUZUKI INDIA LTD.,15980.0,16315.0,15911.0,16265.0,423031,6841972205.0,0.9900568181818182,16103.274147727274
2025-10-13,MARUTI,INE585B01010,MARUTI SUZUKI INDIA LTD.,16264.0,16432.0,16218.0,16323.0,337617,5514050574.0,0.9900568181818182,16160.69744318182
2025-10-14,MARUTI,INE585B01010,MARUTI SUZUKI INDIA LTD.,16350.0,16350.0,16121.0,16261.0,307925,4993834187.0,0.9900568181818182,16099.313920454546
2025-10-15,MARUTI,INE585B01010,MARUTI SUZUKI INDIA LTD.,16300.0,16380.0,16200.0,16212.0,266435,4339334831.0,0.9900568181818182,16050.801136363638
2025-10-16,MARUTI,INE585B01010,MARUTI SUZUKI INDIA LTD.,16246.0,16332.0,16200.0,16298.0,265727,4327811746.0,0.9900568181818182,16135.946022727274
2025-10-17,MARUTI,INE585B01010,MARUTI SUZUKI INDIA LTD.,16298.0,16549.0,16298.0,16401.0,411608,6763133045.0,0.9900568181818182,16237.921875
2025-10-20,MARUTI,INE585B01010,MARUTI SUZUKI INDIA LTD.,16500.0,16518.0,16380.0,16424.0,374246,6147238191.0,0.9900568181818182,16260.693181818182
2025-10-23,MARUTI,INE585B01010,MARUTI SUZUKI INDIA LTD.,16660.0,16660.0,16340.0,16393.0,481753,7904651754.0,0.9900568181818182,16230.001420454546
2025-10-24,MARUTI,INE585B01010,MARUTI SUZUKI INDIA LTD.,16392.0,16423.0,16200.0,16274.0,208520,3397396967.0,0.9900568181818182,16112.18465909091
2025-10-27,MARUTI,INE585B01010,MARUTI SUZUKI INDIA LTD.,16350.0,16410.0,16275.0,16388.0,209829,3429322041.0,0.9900568181818182,16225.051136363638
2025-10-28,MARUTI,INE585B01010,MARUTI SUZUKI INDIA LTD.,16399.0,16495.0,16261.0,16311.0,383383,6270649073.0,0.9900568181818182,16148.816761363638
2025-10-29,MARUTI,INE585B01010,MARUTI SUZUKI INDIA LTD.,16360.0,16428.0,16046.0,16138.0,232815,3783283107.0,0.9900568181818182,15977.536931818182
2025-10-30,MARUTI,INE585B01010,MARUTI SUZUKI INDIA LTD.,16190.0,16275.0,16077.0,16206.0,230383,3731979767.0,0.9900568181818182,16044.860795454546
2025-10-31,MARUTI,INE585B01010,MARUTI SUZUKI INDIA LTD.,16204.0,16516.0,15949.0,16186.0,719402,11688832854.0,0.9900568181818182,16025.05965909091
2025-11-03,MARUTI,INE585B01010,MARUTI SUZUKI INDIA LTD.,16016.0,16100.0,15530.0,15651.0,942850,14771635214.0,0.9900568181818182,15495.379261363638
2025-11-04,MARUTI,INE585B01010,MARUTI SUZUKI INDIA LTD.,15607.0,15633.0,15355.0,15374.0,748848,11581319295.0,0.9900568181818182,15221.133522727274
2025-11-06,MARUTI,INE585B01010,MARUTI SUZUKI INDIA LTD.,15534.0,15534.0,15309.0,15452.0,429800,6633579488.0,0.9900568181818182,15298.357954545456
2025-11-07,MARUTI,INE585B01010,MARUTI SUZUKI INDIA LTD.,15459.0,15499.0,15260.0,15479.0,227247,3497986309.0,0.9900568181818182,15325.089488636364
2025-11-10,MARUTI,INE585B01010,MARUTI SUZUKI INDIA LTD.,15380.0,15647.0,15380.0,15583.0,274191,4260196205.0,0.9900568181818182,15428.055397727274
2025-11-11,MARUTI,INE585B01010,MARUTI SUZUKI INDIA LTD.,15640.0,15680.0,15512.0,15645.0,181524,2834220115.0,0.9900568181818182,15489.438920454546
2025-11-12,MARUTI,INE585B01010,MARUTI SUZUKI INDIA LTD.,15674.0,15731.0,15555.0,15696.0,244015,3823017286.0,0.9900568181818182,15539.93181818182
2025-11-13,MARUTI,INE585B01010,MARUTI SUZUKI INDIA LTD.,15661.0,15800.0,15660.0,15749.0,250711,3947386271.0,0.9900568181818182,15592.404829545456
2025-11-14,MARUTI,INE585B01010,MARUTI SUZUKI INDIA LTD.,15725.0,15735.0,15572.0,15684.0,253698,3970445359.0,0.9900568181818182,15528.051136363638
2025-11-17,MARUTI,INE585B01010,MARUTI SUZUKI INDIA LTD.,15689.0,15892.0,15655.0,15878.0,301069,4764685848.0,0.9900568181818182,15720.12215909091
2025-11-18,MARUTI,INE585B01010,MARUTI SUZUKI INDIA LTD.,15878.0,15999.0,15750.0,15930.0,392903,6254353451.0,0.9900568181818182,15771.605113636364
2025-11-19,MARUTI,INE585B01010,MARUTI SUZUKI INDIA LTD.,15950.0,15950.0,15715.0,15768.0,286434,4525563697.0,0.9900568181818182,15611.21590909091
2025-11-20,MARUTI,INE585B01010,MARUTI SUZUKI INDIA LTD.,15810.0,15823.0,15618.0,15801.0,249492,3927246017.0,0.9900568181818182,15643.88778409091
2025-11-21,MARUTI,INE585B01010,MARUTI SUZUKI INDIA LTD.,15790.0,16150.0,15737.0,15977.0,586351,9374265295.0,0.9900568181818182,15818.13778409091
2025-11-24,MARUTI,INE585B01010,MARUTI SUZUKI INDIA LTD.,16005.0,16085.0,15911.0,15958.0,525788,8401576400.0,0.9900568181818182,15799.326704545456
2025-11-25,MARUTI,INE585B01010,MARUTI SUZUKI INDIA LTD.,15958.0,16050.0,15842.0,15889.0,214525,3423251345.0,0.9900568181818182,15731.01278409091
2025-11-26,MARUTI,INE585B01010,MARUTI SUZUKI INDIA LTD.,15950.0,16210.0,15950.0,16156.0,314946,5074748498.0,0.9900568181818182,15995.357954545456
2025-11-27,MARUTI,INE585B01010,MARUTI SUZUKI INDIA LTD.,16166.0,16171.0,15875.0,15903.0,339986,5440980837.0,0.9900568181818182,15744.873579545456
2025-11-28,MARUTI,INE585B01010,MARUTI SUZUKI INDIA LTD.,15906.0,16049.0,15850.0,15900.0,352340,5611445309.0,0.9900568181818182,15741.90340909091
2025-12-01,MARUTI,INE585B01010,MARUTI SUZUKI INDIA LTD.,15975.0,16177.0,15851.0,16097.0,434052,6955024200.0,0.9900568181818182,15936.944602272728
2025-12-02,MARUTI,INE585B01010,MARUTI SUZUKI INDIA LTD.,16127.0,16261.0,16095.0,16239.0,383165,6205747033.0,0.9900568181818182,16077.532670454546
2025-12-03,MARUTI,INE585B01010,MARUTI SUZUKI INDIA LTD.,16219.0,16248.0,16010.0,16082.0,264397,4252423071.0,0.9900568181818182,15922.09375
2025-12-04,MARUTI,INE585B01010,MARUTI SUZUKI INDIA LTD.,16058.0,16135.0,15887.0,15994.0,248812,3977155877.0,0.9900568181818182,15834.96875
2025-12-05,MARUTI,INE585B01010,MARUTI SUZUKI INDIA LTD.,16000.0,16338.0,15979.0,16282.0,332032,5377078767.0,0.9900568181818182,16120.105113636364
2025-12-08,MARUTI,INE585B01010,MARUTI SUZUKI INDIA LTD.,16200.0,16256.0,16094.0,16187.0,220513,3567537785.0,0.9900568181818182,16026.049715909092
2025-12-09,MARUTI,INE585B01010,MARUTI SUZUKI INDIA LTD.,16051.0,16226.0,15985.0,16020.0,276388,4442488107.0,0.9900568181818182,15860.710227272728
2025-12-10,MARUTI,INE585B01010,MARUTI SUZUKI INDIA LTD.,16090.0,16125.0,15925.0,16019.0,293374,4706266802.0,0.9900568181818182,15859.720170454546
2025-12-11,MARUTI,INE585B01010,MARUTI SUZUKI INDIA LTD.,16049.0,16296.0,15983.0,16248.0,268701,4357942870.0,0.9900568181818182,16086.443181818182
2025-12-12,MARUTI,INE585B01010,MARUTI SUZUKI INDIA LTD.,16248.0,16536.0,16247.0,16522.0,404711,6669761249.0,0.9900568181818182,16357.71875
2025-12-15,MARUTI,INE585B01010,MARUTI SUZUKI INDIA LTD.,16500.0,16500.0,16360.0,16415.0,225221,3698320481.0,0.9900568181818182,16251.782670454546
2025-12-16,MARUTI,INE585B01010,MARUTI SUZUKI INDIA LTD.,16400.0,16451.0,16320.0,16354.0,156134,2557303075.0,0.9900568181818182,16191.389204545456
2025-12-17,MARUTI,INE585B01010,MARUTI SUZUKI INDIA LTD.,16389.0,16490.0,16357.0,16398.0,257406,4223759764.0,0.9900568181818182,16234.951704545456
2025-12-18,MARUTI,INE585B01010,MARUTI SUZUKI INDIA LTD.,16440.0,16486.0,16221.0,16329.0,213981,3495035605.0,0.9900568181818182,16166.63778409091
2025-12-19,MARUTI,INE585B01010,MARUTI SUZUKI INDIA LTD.,16329.0,16475.0,16329.0,16414.0,360190,5911769247.0,0.9900568181818182,16250.792613636364
2025-12-22,MARUTI,INE585B01010,MARUTI SUZUKI INDIA LTD.,16464.0,16693.0,16414.0,16649.0,271590,4496295608.0,0.9900568181818182,16483.455965909092
2025-12-23,MARUTI,INE585B01010,MARUTI SUZUKI INDIA LTD.,16709.0,16720.0,16558.0,16585.0,215650,3581300352.0,0.9900568181818182,16420.092329545456
2025-12-24,MARUTI,INE585B01010,MARUTI SUZUKI INDIA LTD.,16640.0,16720.0,16542.0,16703.0,258486,4312671071.0,0.9900568181818182,16536.91903409091
2025-12-26,MARUTI,INE585B01010,MARUTI SUZUKI INDIA LTD.,16703.0,16703.0,16516.0,16596.0,212925,3533305925.0,0.9900568181818182,16430.982954545456
2025-12-29,MARUTI,INE585B01010,MARUTI SUZUKI INDIA LTD.,16600.0,16682.0,16499.0,16542.0,251796,4173811450.0,0.9900568181818182,16377.519886363638
2025-12-30,MARUTI,INE585B01010,MARUTI SUZUKI INDIA LTD.,16575.0,16818.0,16482.0,16647.0,1055843,17589067242.0,0.9900568181818182,16481.475852272728
2025-12-31,MARUTI,INE585B01010,MARUTI SUZUKI INDIA LTD.,16581.0,16776.0,16581.0,16697.0,314427,5245513521.0,0.9900568181818182,16530.97869318182
2026-01-01,MARUTI,INE585B01010,MARUTI SUZUKI INDIA LTD.,16700.0,16798.0,16602.0,16708.0,171293,2863714561.0,0.9900568181818182,16541.86931818182
2026-01-02,MARUTI,INE585B01010,MARUTI SUZUKI INDIA LTD.,16750.0,16999.0,16723.0,16960.0,388562,6585606939.0,0.9900568181818182,16791.363636363636
2026-01-05,MARUTI,INE585B01010,MARUTI SUZUKI INDIA LTD.,17025.0,17370.0,16980.0,17155.0,305668,5255523933.0,0.9900568181818182,16984.424715909092
2026-01-06,MARUTI,INE585B01010,MARUTI SUZUKI INDIA LTD.,17170.0,17306.0,17142.0,17292.0,192182,3312275529.0,0.9900568181818182,17120.0625
2026-01-07,MARUTI,INE585B01010,MARUTI SUZUKI INDIA LTD.,17230.0,17249.0,16524.0,16809.0,427979,7207507067.0,0.9900568181818182,16641.865056818184
2026-01-08,MARUTI,INE585B01010,MARUTI SUZUKI INDIA LTD.,16808.0,16808.0,16541.0,16664.0,238421,3976075058.0,0.9900568181818182,16498.30681818182
2026-01-09,MARUTI,INE585B01010,MARUTI SUZUKI INDIA LTD.,16663.0,16704.0,16417.0,16501.0,286302,4727618716.0,0.9900568181818182,16336.927556818182
2026-01-12,MARUTI,INE585B01010,MARUTI SUZUKI INDIA LTD.,16456.0,16615.0,16271.0,16582.0,288686,4752759953.0,0.9900568181818182,16417.12215909091
2026-01-13,MARUTI,INE585B01010,MARUTI SUZUKI INDIA LTD.,16662.0,16726.0,16293.0,16426.0,312205,5133939553.0,0.9900568181818182,16262.673295454546
2026-01-14,MARUTI,INE585B01010,MARUTI SUZUKI INDIA LTD.,16390.0,16412.0,16090.0,16152.0,240043,3893451263.0,0.9900568181818182,15991.397727272728
2026-01-16,MARUTI,INE585B01010,MARUTI SUZUKI INDIA LTD.,16000.0,16197.0,15770.0,15859.0,703056,11210982404.0,0.9900568181818182,15701.311079545456
2026-01-19,MARUTI,INE585B01010,MARUTI SUZUKI INDIA LTD.,15859.0,16242.0,15813.0,16176.0,385141,6201899035.0,0.9900568181818182,16015.159090909092
2026-01-20,MARUTI,INE585B01010,MARUTI SUZUKI INDIA LTD.,16200.0,16233.0,15850.0,15879.0,289609,4628130377.0,0.9900568181818182,15721.112215909092
2026-01-21,MARUTI,INE585B01010,MARUTI SUZUKI INDIA LTD.,15675.0,15973.0,15675.0,15770.0,345738,5457640419.0,0.9900568181818182,15613.196022727274
2026-01-22,MARUTI,INE585B01010,MARUTI SUZUKI INDIA LTD.,15950.0,15971.0,15714.0,15765.0,352320,5571273372.0,0.9900568181818182,15608.245738636364
2026-01-23,MARUTI,INE585B01010,MARUTI SUZUKI INDIA LTD.,15819.0,15846.0,15439.0,15469.0,338669,5266505014.0,0.9900568181818182,15315.188920454546
2026-01-27,MARUTI,INE585B01010,MARUTI SUZUKI INDIA LTD.,15300.0,15387.0,15013.0,15245.0,565768,8591582244.0,0.9900568181818182,15093.41619318182
2026-01-28,MARUTI,INE585B01010,MARUTI SUZUKI INDIA LTD.,15161.0,15294.0,14431.0,14877.0,1584483,23663089539.0,0.9900568181818182,14729.07528409091
2026-01-29,MARUTI,INE585B01010,MARUTI SUZUKI INDIA LTD.,14870.0,14870.0,14353.0,14502.0,716545,10378728054.0,0.9900568181818182,14357.803977272728
2026-01-30,MARUTI,INE585B01010,MARUTI SUZUKI INDIA LTD.,14502.0,14679.0,14300.0,14599.0,946509,13721100934.0,0.9900568181818182,14453.839488636364
2026-02-02,MARUTI,INE585B01010,MARUTI SUZUKI INDIA LTD.,14251.0,14446.0,14058.0,14384.0,621514,8847446701.0,0.9900568181818182,14240.977272727274
2026-02-03,MARUTI,INE585B01010,MARUTI SUZUKI INDIA LTD.,15200.0,15281.0,14482.0,14782.0,638870,9449080571.0,0.9900568181818182,14635.019886363638
2026-02-04,MARUTI,INE585B01010,MARUTI SUZUKI INDIA LTD.,14800.0,15170.0,14723.0,15071.0,451065,6789885687.0,0.9900568181818182,14921.146306818182
2026-02-05,MARUTI,INE585B01010,MARUTI SUZUKI INDIA LTD.,15090.0,15150.0,14900.0,15059.0,374759,5640273975.0,0.9900568181818182,14909.265625
2026-02-06,MARUTI,INE585B01010,MARUTI SUZUKI INDIA LTD.,15084.0,15118.0,14871.0,14997.0,276529,4146904729.0,0.9900568181818182,14847.882102272728
2026-02-09,MARUTI,INE585B01010,MARUTI SUZUKI INDIA LTD.,15125.0,15126.0,14905.0,14978.0,200034,2997097685.0,0.9900568181818182,14829.071022727274
2026-02-10,MARUTI,INE585B01010,MARUTI SUZUKI INDIA LTD.,14999.0,15349.0,14983.0,15146.0,360240,5472993454.0,0.9900568181818182,14995.40056818182
2026-02-11,MARUTI,INE585B01010,MARUTI SUZUKI INDIA LTD.,15180.0,15432.0,15174.0,15412.0,360742,5540678740.0,0.9900568181818182,15258.755681818182
2026-02-12,MARUTI,INE585B01010,MARUTI SUZUKI INDIA LTD.,15459.0,15459.0,15265.0,15326.0,201895,3100794527.0,0.9900568181818182,15173.610795454546
2026-02-13,MARUTI,INE585B01010,MARUTI SUZUKI INDIA LTD.,15309.0,15434.0,15190.0,15237.0,208645,3193825032.0,0.9900568181818182,15085.495738636364
2026-02-16,MARUTI,INE585B01010,MARUTI SUZUKI INDIA LTD.,15237.0,15299.0,14960.0,15051.0,210175,3165434454.0,0.9900568181818182,14901.345170454546
2026-02-17,MARUTI,INE585B01010,MARUTI SUZUKI INDIA LTD.,15031.0,15211.0,14960.0,15179.0,166765,2524960791.0,0.9900568181818182,15028.07244318182
2026-02-18,MARUTI,INE585B01010,MARUTI SUZUKI INDIA LTD.,15208.0,15239.0,15074.0,15164.0,280772,4249297621.0,0.9900568181818182,15013.221590909092
2026-02-19,MARUTI,INE585B01010,MARUTI SUZUKI INDIA LTD.,15163.0,15279.0,14853.0,14903.0,152788,2303320080.0,0.9900568181818182,14754.816761363638
2026-02-20,MARUTI,INE585B01010,MARUTI SUZUKI INDIA LTD.,14903.0,15077.0,14848.0,14977.0,515847,7735135280.0,0.9900568181818182,14828.080965909092
2026-02-23,MARUTI,INE585B01010,MARUTI SUZUKI INDIA LTD.,15050.0,15118.0,14984.0,15072.0,242968,3656979904.0,0.9900568181818182,14922.136363636364
2026-02-24,MARUTI,INE585B01010,MARUTI SUZUKI INDIA LTD.,15001.0,15062.0,14904.0,14926.0,300991,4498411456.0,0.9900568181818182,14777.58806818182
2026-02-25,MARUTI,INE585B01010,MARUTI SUZUKI INDIA LTD.,14860.0,15133.0,14837.0,15070.0,356495,5359501097.0,0.9900568181818182,14920.15625
2026-02-26,MARUTI,INE585B01010,MARUTI SUZUKI INDIA LTD.,15145.0,15224.0,15046.0,15213.0,308213,4670789597.0,0.9900568181818182,15061.734375
2026-02-27,MARUTI,INE585B01010,MARUTI SUZUKI INDIA LTD.,15110.0,15192.0,14804.0,14857.0,478164,7131956751.0,0.9900568181818182,14709.274147727274
2026-03-02,MARUTI,INE585B01010,MARUTI SUZUKI INDIA LTD.,14407.0,14684.0,14204.0,14388.0,603744,8694396120.0,0.9900568181818182,14244.9375
2026-03-04,MARUTI,INE585B01010,MARUTI SUZUKI INDIA LTD.,14150.0,14184.0,13794.0,14158.0,710366,9948946240.0,0.9900568181818182,14017.224431818182
2026-03-05,MARUTI,INE585B01010,MARUTI SUZUKI INDIA LTD.,14300.0,14570.0,14081.0,14415.0,448650,6403638189.0,0.9900568181818182,14271.66903409091
2026-03-06,MARUTI,INE585B01010,MARUTI SUZUKI INDIA LTD.,14339.0,14466.0,14115.0,14159.0,390629,5582195243.0,0.9900568181818182,14018.214488636364
2026-03-09,MARUTI,INE585B01010,MARUTI SUZUKI INDIA LTD.,13800.0,13800.0,13365.0,13508.0,676224,9114922116.0,0.9900568181818182,13373.6875
2026-03-10,MARUTI,INE585B01010,MARUTI SUZUKI INDIA LTD.,13721.0,13909.0,13505.0,13867.0,353715,4851403778.0,0.9900568181818182,13729.117897727274
2026-03-11,MARUTI,INE585B01010,MARUTI SUZUKI INDIA LTD.,13850.0,13948.0,13441.0,13497.0,392182,5342303410.0,0.9900568181818182,13362.796875
2026-03-12,MARUTI,INE585B01010,MARUTI SUZUKI INDIA LTD.,13430.0,13430.0,12966.0,13011.0,544683,7152895645.0,0.9900568181818182,12881.629261363638
2026-03-13,MARUTI,INE585B01010,MARUTI SUZUKI INDIA LTD.,12899.0,12962.0,12483.0,12591.0,939594,11863552101.0,0.9900568181818182,12465.805397727274
2026-03-16,MARUTI,INE585B01010,MARUTI SUZUKI INDIA LTD.,12532.0,12874.0,12400.0,12757.0,1416170,17909078298.0,0.9900568181818182,12630.154829545456
2026-03-17,MARUTI,INE585B01010,MARUTI SUZUKI INDIA LTD.,12790.0,13100.0,12686.0,12972.0,1178941,15233442744.0,0.9900568181818182,12843.017045454546
2026-03-18,MARUTI,INE585B01010,MARUTI SUZUKI INDIA LTD.,13100.0,13176.0,13015.0,13048.0,458827,6010501399.0,0.9900568181818182,12918.261363636364
2026-03-19,MARUTI,INE585B01010,MARUTI SUZUKI INDIA LTD.,12768.0,12838.0,12505.0,12599.0,569346,7192181948.0,0.9900568181818182,12473.725852272728
2026-03-20,MARUTI,INE585B01010,MARUTI SUZUKI INDIA LTD.,12605.0,12756.0,12556.0,12601.0,725481,9172117297.0,0.9900568181818182,12475.705965909092
2026-03-23,MARUTI,INE585B01010,MARUTI SUZUKI INDIA LTD.,12501.0,12501.0,12278.0,12355.0,517985,6408991130.0,0.9900568181818182,12232.151988636364
2026-03-24,MARUTI,INE585B01010,MARUTI SUZUKI INDIA LTD.,12600.0,12650.0,12332.0,12464.0,583568,7278452524.0,0.9900568181818182,12340.068181818182
2026-03-25,MARUTI,INE585B01010,MARUTI SUZUKI INDIA LTD.,12549.0,12780.0,12506.0,12711.0,540649,6868269846.0,0.9900568181818182,12584.612215909092
2026-03-27,MARUTI,INE585B01010,MARUTI SUZUKI INDIA LTD.,12626.0,12646.0,12342.0,12389.0,775339,9626673228.0,0.9900568181818182,12265.813920454546
2026-03-30,MARUTI,INE585B01010,MARUTI SUZUKI INDIA LTD.,12300.0,12424.0,12201.0,12306.0,635675,7834673523.0,0.9900568181818182,12183.639204545456
2026-04-01,MARUTI,INE585B01010,MARUTI SUZUKI INDIA LTD.,12900.0,12900.0,12333.0,12509.0,501882,6288814114.0,0.9900568181818182,12384.620738636364
2026-04-02,MARUTI,INE585B01010,MARUTI SUZUKI INDIA LTD.,12389.0,12673.0,12239.0,12631.0,438227,5461644100.0,0.9900568181818182,12505.407670454546
2026-04-06,MARUTI,INE585B01010,MARUTI SUZUKI INDIA LTD.,12631.0,12720.0,12420.0,12688.0,382650,4811632458.0,0.9900568181818182,12561.84090909091
2026-04-07,MARUTI,INE585B01010,MARUTI SUZUKI INDIA LTD.,12640.0,12835.0,12496.0,12798.0,359542,4566437718.0,0.9900568181818182,12670.74715909091
2026-04-08,MARUTI,INE585B01010,MARUTI SUZUKI INDIA LTD.,13350.0,13745.0,13210.0,13602.0,1026292,13984274915.0,0.9900568181818182,13466.752840909092
2026-04-09,MARUTI,INE585B01010,MARUTI SUZUKI INDIA LTD.,13570.0,13773.0,13330.0,13589.0,549914,7463968261.0,0.9900568181818182,13453.882102272728
2026-04-10,MARUTI,INE585B01010,MARUTI SUZUKI INDIA LTD.,13650.0,13797.0,13590.0,13709.0,471921,6471799917.0,0.9900568181818182,13572.688920454546
2026-04-13,MARUTI,INE585B01010,MARUTI SUZUKI INDIA LTD.,13402.0,13420.0,12966.0,13076.0,1347910,17689613577.0,0.9900568181818182,12945.982954545456
2026-04-15,MARUTI,INE585B01010,MARUTI SUZUKI INDIA LTD.,13250.0,13473.0,13200.0,13289.0,699458,9316961882.0,0.9900568181818182,13156.865056818182
2026-04-16,MARUTI,INE585B01010,MARUTI SUZUKI INDIA LTD.,13380.0,13435.0,13237.0,13335.0,527309,7028765080.0,0.9900568181818182,13202.407670454546
2026-04-17,MARUTI,INE585B01010,MARUTI SUZUKI INDIA LTD.,13300.0,13647.0,13256.0,13453.0,549308,7420550780.0,0.9900568181818182,13319.234375
2026-04-20,MARUTI,INE585B01010,MARUTI SUZUKI INDIA LTD.,13474.0,13533.0,13329.0,13450.0,348629,4689828029.0,0.9900568181818182,13316.264204545456
2026-04-21,MARUTI,INE585B01010,MARUTI SUZUKI INDIA LTD.,13456.0,13543.0,13421.0,13461.0,292879,3952192315.0,0.9900568181818182,13327.154829545456
2026-04-22,MARUTI,INE585B01010,MARUTI SUZUKI INDIA LTD.,13452.0,13530.0,13300.0,13337.0,434640,5822042057.0,0.9900568181818182,13204.38778409091
2026-04-23,MARUTI,INE585B01010,MARUTI SUZUKI INDIA LTD.,13250.0,13358.0,13125.0,13160.0,541086,7143682323.0,0.9900568181818182,13029.147727272728
2026-04-24,MARUTI,INE585B01010,MARUTI SUZUKI INDIA LTD.,13200.0,13253.0,12978.0,13048.0,464098,6060213206.0,0.9900568181818182,12918.261363636364
2026-04-27,MARUTI,INE585B01010,MARUTI SUZUKI INDIA LTD.,13153.0,13270.0,13043.0,13222.0,312786,4115786478.0,0.9900568181818182,13090.53125
2026-04-28,MARUTI,INE585B01010,MARUTI SUZUKI INDIA LTD.,13222.0,13307.0,12828.0,12892.0,836679,10883733857.0,0.9900568181818182,12763.8125
2026-04-29,MARUTI,INE585B01010,MARUTI SUZUKI INDIA LTD.,13090.0,13548.0,13090.0,13257.0,754798,10119379735.0,0.9900568181818182,13125.183238636364
2026-04-30,MARUTI,INE585B01010,MARUTI SUZUKI INDIA LTD.,13134.0,13360.0,12970.0,13314.0,612975,8059016754.0,0.9900568181818182,13181.616477272728
2026-05-04,MARUTI,INE585B01010,MARUTI SUZUKI INDIA LTD.,13559.0,13976.0,13435.0,13580.0,722127,9885657764.0,0.9900568181818182,13444.971590909092
2026-05-05,MARUTI,INE585B01010,MARUTI SUZUKI INDIA LTD.,13560.0,13568.0,13360.0,13426.0,419490,5642621704.0,0.9900568181818182,13292.502840909092
2026-05-06,MARUTI,INE585B01010,MARUTI SUZUKI INDIA LTD.,13555.0,13762.0,13379.0,13722.0,435208,5913629211.0,0.9900568181818182,13585.55965909091
2026-05-07,MARUTI,INE585B01010,MARUTI SUZUKI INDIA LTD.,13722.0,13870.0,13672.0,13770.0,726199,10007038412.0,0.9900568181818182,13633.082386363638
2026-05-08,MARUTI,INE585B01010,MARUTI SUZUKI INDIA LTD.,13672.0,13789.0,13626.0,13726.0,270505,3707521407.0,0.9900568181818182,13589.519886363638
2026-05-11,MARUTI,INE585B01010,MARUTI SUZUKI INDIA LTD.,13547.0,13657.0,13231.0,13483.0,634354,8590424809.0,0.9900568181818182,13348.936079545456
2026-05-12,MARUTI,INE585B01010,MARUTI SUZUKI INDIA LTD.,13442.0,13455.0,13150.0,13172.0,302512,4012921097.0,0.9900568181818182,13041.02840909091
2026-05-13,MARUTI,INE585B01010,MARUTI SUZUKI INDIA LTD.,13187.0,13285.0,12986.0,13103.0,307027,4021674415.0,0.9900568181818182,12972.714488636364
2026-05-14,MARUTI,INE585B01010,MARUTI SUZUKI INDIA LTD.,13234.0,13234.0,12926.0,13075.0,286648,3742580112.0,0.9900568181818182,12944.992897727274
2026-05-15,MARUTI,INE585B01010,MARUTI SUZUKI INDIA LTD.,13079.0,13325.0,13079.0,13221.0,268206,3542708048.0,0.9900568181818182,13089.541193181818
2026-05-18,MARUTI,INE585B01010,MARUTI SUZUKI INDIA LTD.,13127.0,13139.0,12850.0,13016.0,373184,4834759941.0,0.9900568181818182,12886.579545454546
2026-05-19,MARUTI,INE585B01010,MARUTI SUZUKI INDIA LTD.,13034.0,13104.0,12900.0,12956.0,342737,4455361260.0,0.9900568181818182,12827.176136363638
2026-05-20,MARUTI,INE585B01010,MARUTI SUZUKI INDIA LTD.,12850.0,13072.0,12753.0,13003.0,300695,3893046313.0,0.9900568181818182,12873.708806818182
2026-05-21,MARUTI,INE585B01010,MARUTI SUZUKI INDIA LTD.,13103.0,13150.0,12933.0,13010.0,213095,2775625784.0,0.9900568181818182,12880.639204545456
2026-05-22,MARUTI,INE585B01010,MARUTI SUZUKI INDIA LTD.,13100.0,13152.0,12974.0,12987.0,387975,5059971729.0,0.9900568181818182,12857.867897727274
2026-05-25,MARUTI,INE585B01010,MARUTI SUZUKI INDIA LTD.,13145.0,13236.0,13101.0,13170.0,276553,3640375858.0,0.9900568181818182,13039.048295454546
2026-05-26,MARUTI,INE585B01010,MARUTI SUZUKI INDIA LTD.,13188.0,13329.0,13134.0,13208.0,256901,3402662899.0,0.9900568181818182,13076.670454545456
2026-05-27,MARUTI,INE585B01010,MARUTI SUZUKI INDIA LTD.,13208.0,13417.0,13102.0,13364.0,322020,4268281492.0,0.9900568181818182,13231.119318181818
2026-05-29,MARUTI,INE585B01010,MARUTI SUZUKI INDIA LTD.,13456.0,13508.0,13050.0,13127.0,963291,12703926249.0,0.9900568181818182,12996.475852272728
2026-06-01,MARUTI,INE585B01010,MARUTI SUZUKI INDIA LTD.,13200.0,13267.0,12913.0,12946.0,295359,3860107300.0,0.9900568181818182,12817.275568181818
2026-06-02,MARUTI,INE585B01010,MARUTI SUZUKI INDIA LTD.,12700.0,13051.0,12700.0,13022.0,586599,7566339289.0,0.9900568181818182,12892.519886363638
2026-06-03,MARUTI,INE585B01010,MARUTI SUZUKI INDIA LTD.,13014.0,13206.0,12911.0,13044.0,607808,7964618882.0,0.9900568181818182,12914.301136363638
2026-06-04,MARUTI,INE585B01010,MARUTI SUZUKI INDIA LTD.,12990.0,13264.0,12949.0,13064.0,465070,6108156834.0,0.9900568181818182,12934.102272727274
2026-06-08,MARUTI,INE585B01010,MARUTI SUZUKI INDIA LTD.,12900.0,13029.0,12841.0,12912.0,372902,4831116675.0,0.9900568181818182,12783.613636363638
2026-06-09,MARUTI,INE585B01010,MARUTI SUZUKI INDIA LTD.,13079.0,13157.0,12851.0,13120.0,428323,5564042567.0,0.9900568181818182,12989.545454545456
2026-06-10,MARUTI,INE585B01010,MARUTI SUZUKI INDIA LTD.,13118.0,13205.0,13050.0,13073.0,203885,2677816413.0,0.9900568181818182,12943.01278409091
2026-06-11,MARUTI,INE585B01010,MARUTI SUZUKI INDIA LTD.,13070.0,13217.0,12968.0,13098.0,308710,4047235452.0,0.9900568181818182,12967.764204545456
2026-06-12,MARUTI,INE585B01010,MARUTI SUZUKI INDIA LTD.,13232.0,13418.0,13130.0,13366.0,559038,7439807276.0,0.9900568181818182,13233.099431818182
2026-06-17,MARUTI,INE585B01010,MARUTI SUZUKI INDIA LTD.,13700.0,13740.0,13560.0,13630.0,241534,3296608813.0,0.9900568181818182,13494.474431818182
2026-06-18,MARUTI,INE585B01010,MARUTI SUZUKI INDIA LTD.,13646.0,13714.0,13433.0,13484.0,373512,5050076437.0,0.9900568181818182,13349.926136363638
2026-06-19,MARUTI,INE585B01010,MARUTI SUZUKI INDIA LTD.,13484.0,13507.0,13353.0,13395.0,719756,9647776045.0,0.9900568181818182,13261.811079545456
2026-06-23,MARUTI,INE585B01010,MARUTI SUZUKI INDIA LTD.,13420.0,13549.0,13236.0,13451.0,398558,5333913975.0,0.9900568181818182,13317.254261363638
2026-06-24,MARUTI,INE585B01010,MARUTI SUZUKI INDIA LTD.,13440.0,13440.0,13201.0,13248.0,327495,4348121238.0,0.9900568181818182,13116.272727272728
2026-06-25,MARUTI,INE585B01010,MARUTI SUZUKI INDIA LTD.,13358.0,13917.0,13326.0,13745.0,981556,13492616506.0,0.9900568181818182,13608.330965909092
2026-06-29,MARUTI,INE585B01010,MARUTI SUZUKI INDIA LTD.,13740.0,13840.0,13371.0,13412.0,1358592,18292508819.0,0.9900568181818182,13278.642045454546
2026-06-30,MARUTI,INE585B01010,MARUTI SUZUKI INDIA LTD.,13744.0,14201.0,13510.0,14115.0,1511415,21136105823.0,0.9900568181818182,13974.651988636364
2026-07-01,MARUTI,INE585B01010,MARUTI SUZUKI INDIA LTD.,14151.0,14549.0,14070.0,14395.0,1397790,20044599692.0,0.9900568181818182,14251.867897727274
2026-07-02,MARUTI,INE585B01010,MARUTI SUZUKI INDIA LTD.,14431.0,14490.0,14275.0,14348.0,327088,4697783966.0,0.9900568181818182,14205.335227272728
2026-07-03,MARUTI,INE585B01010,MARUTI SUZUKI INDIA LTD.,14450.0,14520.0,14333.0,14366.0,384188,5541785555.0,0.9900568181818182,14223.15625
2026-07-06,MARUTI,INE585B01010,MARUTI SUZUKI INDIA LTD.,14348.0,14526.0,14291.0,14456.0,214686,3099498464.0,0.9900568181818182,14312.261363636364
2026-07-07,MARUTI,INE585B01010,MARUTI SUZUKI INDIA LTD.,14463.0,14598.0,14414.0,14538.0,524759,7618010514.0,0.9900568181818182,14393.446022727274
2026-07-08,MARUTI,INE585B01010,MARUTI SUZUKI INDIA LTD.,14475.0,14500.0,13880.0,13951.0,481076,6817973719.0,0.9900568181818182,13812.282670454546
2026-07-09,MARUTI,INE585B01010,MARUTI SUZUKI INDIA LTD.,14000.0,14037.0,13700.0,13728.0,576451,7978481601.0,0.9900568181818182,13591.5
2026-07-10,MARUTI,INE585B01010,MARUTI SUZUKI INDIA LTD.,13800.0,13987.0,13776.0,13854.0,430154,5966698041.0,0.9900568181818182,13716.24715909091
2026-07-13,MARUTI,INE585B01010,MARUTI SUZUKI INDIA LTD.,13682.0,13841.0,13536.0,13695.0,458633,6283314219.0,0.9900568181818182,13558.828125
2026-07-14,MARUTI,INE585B01010,MARUTI SUZUKI INDIA LTD.,13619.0,13690.0,13470.0,13489.0,368645,4988488791.0,0.9900568181818182,13354.876420454546
2026-07-15,MARUTI,INE585B01010,MARUTI SUZUKI INDIA LTD.,13503.0,13606.0,13435.0,13583.0,456369,6176284738.0,0.9900568181818182,13447.941761363638
2026-07-16,MARUTI,INE585B01010,MARUTI SUZUKI INDIA LTD.,13605.0,13845.0,13584.0,13783.0,356847,4912660777.0,0.9900568181818182,13645.953125
2026-07-17,MARUTI,INE585B01010,MARUTI SUZUKI INDIA LTD.,13750.0,13885.0,13700.0,13803.0,237330,3272614569.0,0.9900568181818182,13665.754261363638
2026-07-20,MARUTI,INE585B01010,MARUTI SUZUKI INDIA LTD.,13824.0,13832.0,13377.0,13514.0,517730,7014977915.0,0.9900568181818182,13379.627840909092
2026-07-21,MARUTI,INE585B01010,MARUTI SUZUKI INDIA LTD.,13520.0,13655.0,13348.0,13597.0,341101,4591656193.0,0.9900568181818182,13461.802556818182
2026-07-22,MARUTI,INE585B01010,MARUTI SUZUKI INDIA LTD.,13596.0,13719.0,13491.0,13545.0,299404,4063662687.0,0.9900568181818182,13410.319602272728
2026-07-23,MARUTI,INE585B01010,MARUTI SUZUKI INDIA LTD.,13541.0,13568.0,13372.0,13403.0,327912,4415214851.0,0.9900568181818182,13269.73153409091
2026-07-24,MARUTI,INE585B01010,MARUTI SUZUKI INDIA LTD.,13340.0,13495.0,13197.0,13442.0,223369,2986400053.0,0.9900568181818182,13308.34375
2026-07-27,MARUTI,INE585B01010,MARUTI SUZUKI INDIA LTD.,13579.0,13760.0,13501.0,13730.0,333477,4551255862.0,0.9900568181818182,13593.480113636364
2026-07-28,MARUTI,INE585B01010,MARUTI SUZUKI INDIA LTD.,13729.0,13848.0,13669.0,13802.0,481068,6628557089.0,0.9900568181818182,13664.764204545456
2026-07-29,MARUTI,INE585B01010,MARUTI SUZUKI INDIA LTD.,13780.0,13980.0,13720.0,13948.0,515674,7158852531.0,0.9900568181818182,13809.3125
2026-07-30,MARUTI,INE585B01010,MARUTI SUZUKI INDIA LTD.,13939.0,14250.0,13825.0,14188.0,626000,8763230279.0,0.9900568181818182,14046.926136363638
2026-07-31,MARUTI,INE585B01010,MARUTI SUZUKI INDIA LTD.,14250.0,14348.0,14124.0,14234.0,535417,7620349064.0,0.9900568181818182,14092.46875
2026-08-03,MARUTI,INE585B01010,MARUTI SUZUKI INDIA LTD.,14300.0,14440.0,13901.0,14150.0,961183,13566817027.0,0.9900568181818182,14009.303977272728
2026-08-04,MARUTI,INE585B01010,MARUTI SUZUKI INDIA LTD.,14124.0,14254.0,14015.0,14168.0,619717,8759827896.0,0.9900568181818182,14027.125
2026-08-05,MARUTI,INE585B01010,MARUTI SUZUKI INDIA LTD.,14240.0,14249.0,14089.0,14190.0,312540,4422679020.0,0.9900568181818182,14048.90625
2026-08-06,MARUTI,INE585B01010,MARUTI SUZUKI INDIA LTD.,14181.0,14181.0,13985.0,14080.0,333510,4689214286.0,0.9900568181818182,13940.0
2026-08-07,MARUTI,INE585B01010,MARUTI SUZUKI INDIA LTD.,13811.0,14038.0,13811.0,14037.0,324104,4527230169.0,1.0,14037.0
2026-08-10,MARUTI,INE585B01010,MARUTI SUZUKI INDIA LTD.,14039.0,14119.0,13954.0,14097.0,299446,4217102089.0,1.0,14097.0
2026-08-11,MARUTI,INE585B01010,MARUTI SUZUKI INDIA LTD.,14120.0,14175.0,13980.0,13990.0,334931,4717798817.0,1.0,13990.0
2026-08-12,MARUTI,INE585B01010,MARUTI SUZUKI INDIA LTD.,13990.0,14067.0,13875.0,13875.0,354408,4949378635.0,1.0,13875.0
2026-08-13,MARUTI,INE585B01010,MARUTI SUZUKI INDIA LTD.,13884.0,13938.0,13825.0,13905.0,220061,3055645134.0,1.0,13905.0
2026-08-14,MARUTI,INE585B01010,MARUTI SUZUKI INDIA LTD.,13905.0,13943.0,13760.0,13834.0,216810,3007761654.0,1.0,13834.0
2026-08-17,MARUTI,INE585B01010,MARUTI SUZUKI INDIA LTD.,13834.0,13920.0,13760.0,13760.0,177071,2454470607.0,1.0,13760.0
2026-08-18,MARUTI,INE585B01010,MARUTI SUZUKI INDIA LTD.,13762.0,13890.0,13691.0,13691.0,267433,3687398203.0,1.0,13691.0
2026-08-19,MARUTI,INE585B01010,MARUTI SUZUKI INDIA LTD.,13744.0,13745.0,13628.0,13690.0,175646,2401911904.0,1.0,13690.0
2026-08-20,MARUTI,INE585B01010,MARUTI SUZUKI INDIA LTD.,13758.0,13826.0,13681.0,13809.0,186272,2565994022.0,1.0,13809.0
2026-08-21,MARUTI,INE585B01010,MARUTI SUZUKI INDIA LTD.,13809.0,13809.0,13565.0,13565.0,224951,3071269737.0,1.0,13565.0
2026-08-24,MARUTI,INE585B01010,MARUTI SUZUKI INDIA LTD.,13623.0,13694.0,13505.0,13620.0,230499,3125437740.0,1.0,13620.0
2026-08-25,MARUTI,INE585B01010,MARUTI SUZUKI INDIA LTD.,13609.0,13678.0,13450.0,13678.0,296429,4014703843.0,1.0,13678.0
2026-08-26,MARUTI,INE585B01010,MARUTI SUZUKI INDIA LTD.,13750.0,13750.0,13514.0,13520.0,197113,2681956337.0,1.0,13520.0
2026-08-27,MARUTI,INE585B01010,MARUTI SUZUKI INDIA LTD.,13520.0,13580.0,13404.0,13440.0,315555,4244493870.0,1.0,13440.0
2026-08-28,MARUTI,INE585B01010,MARUTI SUZUKI INDIA LTD.,13500.0,13525.0,13318.0,13376.0,277509,3721974285.0,1.0,13376.0
2026-08-31,MARUTI,INE585B01010,MARUTI SUZUKI INDIA LTD.,13375.0,13547.0,13268.0,13547.0,443131,5942733042.0,1.0,13547.0
2026-09-01,MARUTI,INE585B01010,MARUTI SUZUKI INDIA LTD.,13540.0,13540.0,12851.0,12950.0,915975,11940179811.0,1.0,12950.0
2026-09-02,MARUTI,INE585B01010,MARUTI SUZUKI INDIA LTD.,12763.0,12888.0,12640.0,12849.0,614156,7817012629.0,1.0,12849.0
2026-09-03,MARUTI,INE585B01010,MARUTI SUZUKI INDIA LTD.,12853.0,12927.0,12780.0,12857.0,362982,4670406214.0,1.0,12857.0
2026-09-04,MARUTI,INE585B01010,MARUTI SUZUKI INDIA LTD.,12880.0,12880.0,12656.0,12694.0,322752,4108282962.0,1.0,12694.0
2026-09-07,MARUTI,INE585B01010,MARUTI SUZUKI INDIA LTD.,12691.0,12833.0,12618.0,12760.0,413778,5279179449.0,1.0,12760.0
2026-09-08,MARUTI,INE585B01010,MARUTI SUZUKI INDIA LTD.,12758.0,12758.0,12582.0,12641.0,356860,4512237813.0,1.0,12641.0
2026-09-09,MARUTI,INE585B01010,MARUTI SUZUKI INDIA LTD.,12609.0,12692.0,12537.0,12618.0,534832,6747013101.0,1.0,12618.0
2026-09-10,MARUTI,INE585B01010,MARUTI SUZUKI INDIA LTD.,12679.0,12693.0,12517.0,12590.0,338613,4271391293.0,1.0,12590.0
2026-09-11,MARUTI,INE585B01010,MARUTI SUZUKI INDIA LTD.,12520.0,12541.0,12381.0,12400.0,514868,6398635907.0,1.0,12400.0
2026-09-15,MARUTI,INE585B01010,MARUTI SUZUKI INDIA LTD.,12470.0,12470.0,12231.0,12231.0,286167,3533602385.0,1.0,12231.0
2026-09-16,MARUTI,INE585B01010,MARUTI SUZUKI INDIA LTD.,12231.0,12367.0,12159.0,12166.0,312876,3836615083.0,1.0,12166.0
2026-09-17,MARUTI,INE585B01010,MARUTI SUZUKI INDIA LTD.,12165.0,12409.0,12127.0,12338.0,249064,3068415009.0,1.0,12338.0
2026-09-18,MARUTI,INE585B01010,MARUTI SUZUKI INDIA LTD.,12350.0,12458.0,12103.0,12103.0,659773,8053400911.0,1.0,12103.0
