date,symbol,isin,name,open,high,low,close,volume,turnover,adj_factor_cumulative,adj_close
2010-01-08,NESTLEIND,INE239A01016,,2555.0,2575.0,2475.2,2494.65,648,1639316.3,0.0420060356932602,104.79035694219156
2010-01-11,NESTLEIND,INE239A01016,,2401.0,2515.0,2400.0,2498.95,825,2057909.05,0.0420060356932602,104.97098289567258
2010-01-12,NESTLEIND,INE239A01016,,2540.0,2540.0,2471.35,2502.85,68346,169854940.95,0.0420060356932602,105.1348064348763
2010-01-13,NESTLEIND,INE239A01016,,2502.85,2540.0,2480.0,2489.35,1032,2571682.4,0.0420060356932602,104.56772495301729
2010-01-14,NESTLEIND,INE239A01016,,2535.0,2595.0,2470.0,2568.2,330361,829295643.05,0.0420060356932602,107.87990086743085
2010-01-15,NESTLEIND,INE239A01016,,2580.0,2580.0,2500.05,2513.5,8229,20970372.85,0.0420060356932602,105.58217071500952
2010-01-18,NESTLEIND,INE239A01016,,2574.0,2574.0,2514.0,2536.15,883,2238188.9,0.0420060356932602,106.53360742346187
2010-01-19,NESTLEIND,INE239A01016,,2567.0,2570.0,2531.0,2556.1,688,1760481.6,0.0420060356932602,107.3716278355424
2010-01-20,NESTLEIND,INE239A01016,,2550.0,2575.0,2540.0,2542.5,641,1636038.5,0.0420060356932602,106.80034575011406
2010-01-21,NESTLEIND,INE239A01016,,2539.9,2569.0,2499.9,2526.2,831,2109380.15,0.0420060356932602,106.11564736831392
2010-01-22,NESTLEIND,INE239A01016,,2500.0,2530.0,2478.0,2529.0,681,1713680.4,0.0420060356932602,106.23326426825506
2010-01-25,NESTLEIND,INE239A01016,,2665.35,2665.35,2510.0,2522.25,1955,4943576.7,0.0420060356932602,105.94972352732555
2010-01-27,NESTLEIND,INE239A01016,,2570.0,2574.9,2498.6,2566.9,5302,13506872.55,0.0420060356932602,107.82529302102962
2010-01-28,NESTLEIND,INE239A01016,,2568.0,2610.0,2535.5,2586.85,1048,2693702.0,0.0420060356932602,108.66331343311015
2010-01-29,NESTLEIND,INE239A01016,,2526.0,2580.0,2526.0,2533.0,787,2011634.0,0.0420060356932602,106.40128841102809
2010-02-01,NESTLEIND,INE239A01016,,2599.95,2599.95,2515.1,2532.2,614,1563502.7,0.0420060356932602,106.36768358247348
2010-02-02,NESTLEIND,INE239A01016,,2599.1,2599.1,2540.0,2560.1,831,2131995.9,0.0420060356932602,107.53965197831545
2010-02-03,NESTLEIND,INE239A01016,,2588.0,2600.0,2556.0,2564.6,8681,22393700.5,0.0420060356932602,107.7286791389351
2010-02-04,NESTLEIND,INE239A01016,,2548.0,2583.8,2548.0,2568.35,442,1134602.0,0.0420060356932602,107.88620177278484
2010-02-05,NESTLEIND,INE239A01016,,2582.0,2582.0,2442.0,2549.1,1651,4198864.85,0.0420060356932602,107.07758558568958
2010-02-08,NESTLEIND,INE239A01016,,2570.0,2672.0,2570.0,2645.5,8181,21614899.85,0.0420060356932602,111.12696742651987
2010-02-09,NESTLEIND,INE239A01016,,2600.1,2824.0,2600.1,2792.6,8861,24306575.15,0.0420060356932602,117.30605527699844
2010-02-10,NESTLEIND,INE239A01016,,2802.0,3244.0,2738.6,2750.2,44699,125025528.75,0.0420060356932602,115.52499936360421
2010-02-11,NESTLEIND,INE239A01016,,2819.0,2819.0,2726.1,2737.25,31881,88144293.15,0.0420060356932602,114.98102120137649
2010-02-15,NESTLEIND,INE239A01016,,2815.0,2815.0,2614.0,2719.25,4504,12260329.2,0.0420060356932602,114.22491255889781
2010-02-16,NESTLEIND,INE239A01016,,2792.0,2814.7,2697.05,2701.85,6120,16628102.3,0.0420060356932602,113.49400753783507
2010-02-17,NESTLEIND,INE239A01016,,2705.15,2743.0,2681.4,2688.75,9981,27046473.4,0.0420060356932602,112.94372847025338
2010-02-18,NESTLEIND,INE239A01016,,2688.75,2710.0,2645.0,2651.5,2203,5884105.85,0.0420060356932602,111.37900364067943
2010-02-19,NESTLEIND,INE239A01016,,2650.0,2685.0,2628.0,2640.15,7495,19819381.4,0.0420060356932602,110.90223513556093
2010-02-22,NESTLEIND,INE239A01016,,2625.05,2649.0,2560.0,2584.9,14820,38444874.6,0.0420060356932602,108.5814016635083
2010-02-23,NESTLEIND,INE239A01016,,2570.0,2590.0,2551.0,2552.2,3070,7877556.4,0.0420060356932602,107.20780429633868
2010-02-24,NESTLEIND,INE239A01016,,2550.0,2590.0,2540.0,2574.7,9918,25304261.65,0.0420060356932602,108.15294009943703
2010-02-25,NESTLEIND,INE239A01016,,2580.0,2600.0,2552.1,2559.6,4264,10924537.6,0.0420060356932602,107.51864896046881
2010-02-26,NESTLEIND,INE239A01016,,2526.1,2650.0,2526.1,2626.9,4239,11085474.85,0.0420060356932602,110.34565516262523
2010-03-02,NESTLEIND,INE239A01016,,2620.0,2645.0,2600.0,2625.45,3343,8750252.25,0.0420060356932602,110.28474641087
2010-03-03,NESTLEIND,INE239A01016,,2630.0,2640.0,2604.65,2629.15,2339,6133929.8,0.0420060356932602,110.44016874293507
2010-03-04,NESTLEIND,INE239A01016,,2610.0,2650.0,2610.0,2634.0,4796,12599223.3,0.0420060356932602,110.64389801604737
2010-03-05,NESTLEIND,INE239A01016,,2670.0,2719.8,2670.0,2701.15,14392,38885890.55,0.0420060356932602,113.4646033128498
2010-03-08,NESTLEIND,INE239A01016,,2730.0,2750.0,2692.25,2725.95,9767,26486165.75,0.0420060356932602,114.50635299804264
2010-03-09,NESTLEIND,INE239A01016,,2700.0,2751.0,2700.0,2745.2,4212,11477157.4,0.0420060356932602,115.3149691851379
2010-03-10,NESTLEIND,INE239A01016,,2721.0,2765.0,2721.0,2739.95,8386,22954229.4,0.0420060356932602,115.09443749774829
2010-03-11,NESTLEIND,INE239A01016,,2725.0,2740.0,2695.0,2732.75,27712,75736312.4,0.0420060356932602,114.79199404075682
2010-03-12,NESTLEIND,INE239A01016,,2825.0,2825.0,2690.0,2715.45,19872,54021915.7,0.0420060356932602,114.06528962326341
2010-03-15,NESTLEIND,INE239A01016,,2731.0,2757.0,2704.1,2744.8,2980,8118527.75,0.0420060356932602,115.29816677086062
2010-03-16,NESTLEIND,INE239A01016,,2735.6,2736.0,2660.0,2672.35,9216,24832969.95,0.0420060356932602,112.2548294848839
2010-03-17,NESTLEIND,INE239A01016,,2690.0,2690.0,2655.0,2678.55,2149,5746471.4,0.0420060356932602,112.51526690618212
2010-03-18,NESTLEIND,INE239A01016,,2698.0,2698.0,2658.05,2668.05,6485,17300032.35,0.0420060356932602,112.07420353140289
2010-03-19,NESTLEIND,INE239A01016,,2689.75,2689.75,2621.0,2646.35,11167,29657047.35,0.0420060356932602,111.16267255685914
2010-03-22,NESTLEIND,INE239A01016,,2650.0,2659.8,2611.5,2634.7,21885,57733096.8,0.0420060356932602,110.67330224103264
2010-03-23,NESTLEIND,INE239A01016,,2641.2,2661.0,2635.0,2653.85,2990,7917648.35,0.0420060356932602,111.47771782455858
2010-03-25,NESTLEIND,INE239A01016,,2660.0,2665.0,2610.0,2648.35,8068,21235601.95,0.0420060356932602,111.24668462824566
2010-03-26,NESTLEIND,INE239A01016,,2632.1,2719.95,2632.1,2687.4,22900,61408774.9,0.0420060356932602,112.88702032206747
2010-03-29,NESTLEIND,INE239A01016,,2670.0,2800.0,2643.0,2712.9,7730,20686556.3,0.0420060356932602,113.95817423224561
2010-03-30,NESTLEIND,INE239A01016,,2711.0,2730.0,2643.1,2670.65,9235,24811069.15,0.0420060356932602,112.18341922420537
2010-03-31,NESTLEIND,INE239A01016,,2750.0,2751.0,2600.0,2670.6,16964,45600064.35,0.0420060356932602,112.1813189224207
2010-04-01,NESTLEIND,INE239A01016,,2665.65,2735.0,2635.0,2709.5,20334,54280447.55,0.0420060356932602,113.81535371088852
2010-04-05,NESTLEIND,INE239A01016,,2750.0,2750.0,2699.1,2719.1,13077,35453049.6,0.0420060356932602,114.21861165354382
2010-04-06,NESTLEIND,INE239A01016,,2715.1,2831.0,2705.0,2760.15,32846,90846052.7,0.0420060356932602,115.94295941875215
2010-04-07,NESTLEIND,INE239A01016,,2750.0,2770.0,2712.2,2751.15,3657,9998551.95,0.0420060356932602,115.5649050975128
2010-04-08,NESTLEIND,INE239A01016,,2716.0,2750.0,2675.05,2718.55,108603,295913738.8,0.0420060356932602,114.19550833391253
2010-04-09,NESTLEIND,INE239A01016,,2695.3,2724.8,2691.0,2700.95,3248,8780588.6,0.0420060356932602,113.45620210571114
2010-04-12,NESTLEIND,INE239A01016,,2727.65,2730.0,2659.2,2694.85,5090,13714444.55,0.0420060356932602,113.19996528798225
2010-04-13,NESTLEIND,INE239A01016,,2680.0,2725.0,2660.0,2714.55,8135,21851349.95,0.0420060356932602,114.0274841911395
2010-04-15,NESTLEIND,INE239A01016,,2722.5,2760.0,2681.0,2747.75,4672,12753756.55,0.0420060356932602,115.42208457615573
2010-04-16,NESTLEIND,INE239A01016,,2720.0,2775.0,2711.0,2747.15,4681,12779066.25,0.0420060356932602,115.39688095473977
2010-04-19,NESTLEIND,INE239A01016,,2745.0,2809.9,2713.25,2760.95,7606,21028007.3,0.0420060356932602,115.97656424730675
2010-04-20,NESTLEIND,INE239A01016,,2740.1,2808.5,2740.1,2773.25,37732,105281350.0,0.0420060356932602,116.49323848633387
2010-04-21,NESTLEIND,INE239A01016,,2751.0,2840.0,2751.0,2813.0,9344,26031339.95,0.0420060356932602,118.16297840514095
2010-04-22,NESTLEIND,INE239A01016,,2850.0,2994.0,2762.0,2877.4,41088,119081448.45,0.0420060356932602,120.86816710378692
2010-04-23,NESTLEIND,INE239A01016,,2295.0,2850.0,2295.0,2722.1,85414,236383644.85,0.0420060356932602,114.34462976062359
2010-04-26,NESTLEIND,INE239A01016,,2701.2,2780.0,2700.8,2755.6,24239,66991318.5,0.0420060356932602,115.75183195634781
2010-04-27,NESTLEIND,INE239A01016,,2770.0,2798.0,2750.0,2793.65,20373,56553478.6,0.0420060356932602,117.35016161447638
2010-04-28,NESTLEIND,INE239A01016,,2755.1,2805.0,2755.1,2799.55,103864,290595668.45,0.0420060356932602,117.5979972250666
2010-04-29,NESTLEIND,INE239A01016,,2799.55,2810.0,2770.25,2789.65,3186,8870994.8,0.0420060356932602,117.18213747170333
2010-04-30,NESTLEIND,INE239A01016,,2820.0,2820.0,2751.0,2763.1,70882,197697944.25,0.0420060356932602,116.06687722404726
2010-05-03,NESTLEIND,INE239A01016,,2735.0,2786.0,2735.0,2750.65,81877,225181057.1,0.0420060356932602,115.54390207966618
2010-05-04,NESTLEIND,INE239A01016,,2750.0,2775.0,2723.0,2751.35,4674,12863408.9,0.0420060356932602,115.57330630465145
2010-05-05,NESTLEIND,INE239A01016,,2724.0,2770.0,2724.0,2754.3,14124,38726835.1,0.0420060356932602,115.69722410994659
2010-05-06,NESTLEIND,INE239A01016,,2741.1,2759.9,2740.1,2754.2,3566,9802559.7,0.0420060356932602,115.69302350637724
2010-05-07,NESTLEIND,INE239A01016,,2741.0,2774.95,2720.15,2731.55,37579,103339878.75,0.0420060356932602,114.74158679792491
2010-05-10,NESTLEIND,INE239A01016,,2769.6,2834.95,2725.7,2794.55,177339,491949253.55,0.0420060356932602,117.38796704660031
2010-05-11,NESTLEIND,INE239A01016,,2796.8,2796.8,2745.0,2747.6,2376,6541628.15,0.0420060356932602,115.41578367080173
2010-05-12,NESTLEIND,INE239A01016,,2710.0,2795.0,2710.0,2790.45,2315,6418034.4,0.0420060356932602,117.21574230025793
2010-05-13,NESTLEIND,INE239A01016,,2800.0,2830.0,2761.8,2790.45,7755,21577326.9,0.0420060356932602,117.21574230025793
2010-05-14,NESTLEIND,INE239A01016,,2763.0,2819.4,2763.0,2806.6,7030,19695581.65,0.0420060356932602,117.89413977670408
2010-05-17,NESTLEIND,INE239A01016,,2828.95,2860.0,2790.0,2852.95,5205,14722179.5,0.0420060356932602,119.84111953108669
2010-05-18,NESTLEIND,INE239A01016,,2866.3,2957.8,2850.0,2948.6,11975,34784907.95,0.0420060356932602,123.85899684514703
2010-05-19,NESTLEIND,INE239A01016,,2915.0,2964.5,2897.0,2945.65,11104,32557865.05,0.0420060356932602,123.73507903985193
2010-05-20,NESTLEIND,INE239A01016,,2905.3,2945.0,2850.0,2893.85,23083,67309811.0,0.0420060356932602,121.55916639094103
2010-05-21,NESTLEIND,INE239A01016,,2880.0,2924.0,2670.1,2788.1,28256,78676132.55,0.0420060356932602,117.11702811637876
2010-05-24,NESTLEIND,INE239A01016,,2848.0,2935.0,2802.0,2903.2,7809,22596101.15,0.0420060356932602,121.95192282467302
2010-05-25,NESTLEIND,INE239A01016,,2872.0,2900.0,2751.0,2777.1,5329,14979414.7,0.0420060356932602,116.6549617237529
2010-05-26,NESTLEIND,INE239A01016,,2822.0,2825.0,2795.1,2809.95,12312,34618849.05,0.0420060356932602,118.0348599962765
2010-05-27,NESTLEIND,INE239A01016,,2824.0,2850.0,2762.1,2836.35,2569,7198283.65,0.0420060356932602,119.14381933857858
2010-05-28,NESTLEIND,INE239A01016,,2849.0,2890.0,2843.0,2860.65,10678,30544178.45,0.0420060356932602,120.16456600592481
2010-05-31,NESTLEIND,INE239A01016,,2870.0,2940.0,2850.0,2879.2,8318,23982973.6,0.0420060356932602,120.94377796803477
2010-06-01,NESTLEIND,INE239A01016,,2930.0,2930.0,2844.4,2855.4,8078,23097673.7,0.0420060356932602,119.94403431853519
2010-06-02,NESTLEIND,INE239A01016,,2885.8,2911.0,2790.0,2837.6,165739,475856364.15,0.0420060356932602,119.19632688319516
2010-06-03,NESTLEIND,INE239A01016,,2948.0,2948.0,2800.0,2807.1,9976,28227031.2,0.0420060356932602,117.91514279455072
2010-06-04,NESTLEIND,INE239A01016,,2810.0,2840.0,2795.0,2810.3,7972,22342506.0,0.0420060356932602,118.04956210876915
2010-06-07,NESTLEIND,INE239A01016,,2810.3,2839.8,2775.0,2796.8,4549,12726757.2,0.0420060356932602,117.48248062691015
2010-06-08,NESTLEIND,INE239A01016,,2804.3,2845.0,2800.0,2821.25,121330,339923580.8,0.0420060356932602,118.50952819961034
2010-06-09,NESTLEIND,INE239A01016,,2835.0,2869.0,2793.05,2861.85,4667,13273260.95,0.0420060356932602,120.2149732487567
2010-06-10,NESTLEIND,INE239A01016,,2827.0,2900.0,2827.0,2892.1,2766,7967481.7,0.0420060356932602,121.48565582847783
2010-06-11,NESTLEIND,INE239A01016,,2906.8,2906.8,2871.1,2897.7,8908,25712371.0,0.0420060356932602,121.72088962836008
2010-06-14,NESTLEIND,INE239A01016,,2925.0,2925.0,2875.0,2904.6,2040,5918984.95,0.0420060356932602,122.01073127464359
2010-06-15,NESTLEIND,INE239A01016,,2887.0,2915.0,2887.0,2908.4,2069,6005746.3,0.0420060356932602,122.17035421027798
2010-06-16,NESTLEIND,INE239A01016,,2928.3,2938.3,2906.0,2928.65,2709,7912326.25,0.0420060356932602,123.0209764330665
2010-06-17,NESTLEIND,INE239A01016,,2925.0,2925.0,2890.05,2916.25,2214,6431655.0,0.0420060356932602,122.50010159047007
2010-06-18,NESTLEIND,INE239A01016,,2927.65,2983.3,2904.6,2951.9,6429,18947058.2,0.0420060356932602,123.9976167629348
2010-06-21,NESTLEIND,INE239A01016,,2945.0,3064.0,2943.05,2996.8,12661,38035869.55,0.0420060356932602,125.88368776556219
2010-06-22,NESTLEIND,INE239A01016,,2872.6,2973.0,2872.6,2911.85,8260,24183552.35,0.0420060356932602,122.31527503341972
2010-06-23,NESTLEIND,INE239A01016,,2913.0,2980.45,2885.0,2899.2,36713,107213097.5,0.0420060356932602,121.78389868189997
2010-06-24,NESTLEIND,INE239A01016,,2945.0,2950.0,2907.05,2939.4,6216,18199254.05,0.0420060356932602,123.47254131676904
2010-06-25,NESTLEIND,INE239A01016,,2910.05,2947.95,2905.0,2907.55,2090,6098450.65,0.0420060356932602,122.13464907993871
2010-06-28,NESTLEIND,INE239A01016,,2949.0,2949.0,2885.0,2907.4,5672,16469033.4,0.0420060356932602,122.12834817458472
2010-06-29,NESTLEIND,INE239A01016,,2907.0,2915.0,2888.0,2897.85,19808,57392536.35,0.0420060356932602,121.72719053371408
2010-06-30,NESTLEIND,INE239A01016,,2897.0,2949.95,2852.75,2879.55,115279,332520246.05,0.0420060356932602,120.95848008052742
2010-07-01,NESTLEIND,INE239A01016,,2895.0,2974.7,2894.0,2942.9,7854,23118205.5,0.0420060356932602,123.61956244169545
2010-07-02,NESTLEIND,INE239A01016,,2943.0,2990.0,2905.0,2978.5,6474,19178750.8,0.0420060356932602,125.11497731237552
2010-07-05,NESTLEIND,INE239A01016,,2956.0,3125.0,2950.0,3084.8,24078,73738585.9,0.0420060356932602,129.5802189065691
2010-07-06,NESTLEIND,INE239A01016,,3085.0,3119.95,3072.0,3091.05,16725,51720992.95,0.0420060356932602,129.84275662965197
2010-07-07,NESTLEIND,INE239A01016,,3089.8,3089.8,3021.0,3033.95,3734,11367688.45,0.0420060356932602,127.44421199156679
2010-07-08,NESTLEIND,INE239A01016,,3066.0,3092.0,3041.0,3047.7,5845,17918807.85,0.0420060356932602,128.02179498234912
2010-07-09,NESTLEIND,INE239A01016,,3074.5,3074.7,2977.6,2984.0,11188,33515761.95,0.0420060356932602,125.34601050868845
2010-07-12,NESTLEIND,INE239A01016,,3300.0,3300.0,2980.0,2994.9,2926,8778002.1,0.0420060356932602,125.80387629774499
2010-07-13,NESTLEIND,INE239A01016,,2994.9,3039.0,2962.0,2985.05,10651,31937803.3,0.0420060356932602,125.39011684616638
2010-07-14,NESTLEIND,INE239A01016,,2953.0,3020.0,2953.0,2989.55,7359,22050817.1,0.0420060356932602,125.57914400678605
2010-07-15,NESTLEIND,INE239A01016,,3002.95,3002.95,2960.0,2977.25,4156,12367963.95,0.0420060356932602,125.06246976775894
2010-07-16,NESTLEIND,INE239A01016,,2978.0,3067.0,2965.0,3022.9,26706,80428656.3,0.0420060356932602,126.98004529715627
2010-07-19,NESTLEIND,INE239A01016,,3085.0,3085.0,2987.1,2992.15,9316,28000618.75,0.0420060356932602,125.68835969958852
2010-07-20,NESTLEIND,INE239A01016,,3016.0,3016.0,2985.0,2999.75,2986,8954825.45,0.0420060356932602,126.0076055708573
2010-07-21,NESTLEIND,INE239A01016,,2985.0,3019.65,2945.0,2951.1,7766,23053657.25,0.0420060356932602,123.96401193438018
2010-07-22,NESTLEIND,INE239A01016,,2987.6,2987.6,2942.0,2949.9,3466,10252657.55,0.0420060356932602,123.91360469154827
2010-07-23,NESTLEIND,INE239A01016,,2969.0,2976.05,2940.0,2952.75,6664,19710375.5,0.0420060356932602,124.03332189327406
2010-07-26,NESTLEIND,INE239A01016,,2944.0,3024.85,2931.0,3007.6,7893,23504928.5,0.0420060356932602,126.33735295104938
2010-07-27,NESTLEIND,INE239A01016,,2981.0,3005.0,2955.0,2992.65,4554,13555054.0,0.0420060356932602,125.70936271743516
2010-07-28,NESTLEIND,INE239A01016,,3000.0,3001.0,2950.0,2961.1,4805,14256685.8,0.0420060356932602,124.38407229131279
2010-07-29,NESTLEIND,INE239A01016,,3027.55,3027.55,2950.0,2965.5,5144,15212527.8,0.0420060356932602,124.56889884836313
2010-07-30,NESTLEIND,INE239A01016,,2970.0,3033.3,2960.5,3020.65,15480,46589374.15,0.0420060356932602,126.88553171684644
2010-08-02,NESTLEIND,INE239A01016,,3040.0,3040.0,3007.2,3022.8,3671,11103963.0,0.0420060356932602,126.97584469358695
2010-08-03,NESTLEIND,INE239A01016,,3040.0,3085.0,2956.6,2962.95,8654,25815326.95,0.0420060356932602,124.4617834573453
2010-08-04,NESTLEIND,INE239A01016,,2999.9,3020.0,2900.0,2907.1,12561,36769292.7,0.0420060356932602,122.11574636387674
2010-08-05,NESTLEIND,INE239A01016,,2930.0,2940.0,2765.0,2798.3,35921,102107554.1,0.0420060356932602,117.54548968045003
2010-08-06,NESTLEIND,INE239A01016,,2816.0,2830.0,2750.1,2769.9,85524,237391412.7,0.0420060356932602,116.35251826676144
2010-08-09,NESTLEIND,INE239A01016,,2775.0,2830.0,2769.95,2790.8,21872,61239192.55,0.0420060356932602,117.23044441275059
2010-08-10,NESTLEIND,INE239A01016,,2801.95,2840.0,2791.85,2818.7,10540,29735322.15,0.0420060356932602,118.40241280859253
2010-08-11,NESTLEIND,INE239A01016,,2825.55,2852.0,2775.55,2828.1,17058,48234837.5,0.0420060356932602,118.79726954410917
2010-08-12,NESTLEIND,INE239A01016,,2839.9,2846.0,2800.0,2830.8,43064,120919012.35,0.0420060356932602,118.910685840481
2010-08-13,NESTLEIND,INE239A01016,,2810.0,2840.0,2792.0,2800.4,60853,170620507.15,0.0420060356932602,117.63370235540587
2010-08-16,NESTLEIND,INE239A01016,,2772.35,2827.9,2750.0,2763.95,11436,31727611.3,0.0420060356932602,116.10258235438653
2010-08-17,NESTLEIND,INE239A01016,,2755.3,2782.5,2701.0,2727.15,28193,77703473.4,0.0420060356932602,114.55676024087457
2010-08-18,NESTLEIND,INE239A01016,,2738.0,2795.0,2730.3,2753.35,16295,44900264.9,0.0420060356932602,115.65731837603798
2010-08-19,NESTLEIND,INE239A01016,,2755.1,2833.05,2755.1,2816.5,10641,29779647.35,0.0420060356932602,118.30999953006736
2010-08-20,NESTLEIND,INE239A01016,,2776.0,2915.0,2776.0,2879.95,123051,356214408.85,0.0420060356932602,120.97528249480472
2010-08-23,NESTLEIND,INE239A01016,,2851.0,2928.0,2851.0,2910.3,177521,518493013.1,0.0420060356932602,122.25016567809517
2010-08-24,NESTLEIND,INE239A01016,,2909.95,2990.0,2902.0,2947.05,6949,20448436.1,0.0420060356932602,123.7938874898225
2010-08-25,NESTLEIND,INE239A01016,,2916.0,3000.0,2865.0,2966.95,13955,41500726.6,0.0420060356932602,124.62980760011835
2010-08-26,NESTLEIND,INE239A01016,,2984.0,3100.0,2981.0,3077.6,84591,255882084.0,0.0420060356932602,129.2777754495776
2010-08-27,NESTLEIND,INE239A01016,,3087.0,3098.8,3051.0,3061.7,44864,137590755.75,0.0420060356932602,128.60987948205477
2010-08-30,NESTLEIND,INE239A01016,,3099.95,3200.0,3065.1,3106.8,24605,76083878.95,0.0420060356932602,130.5043516918208
2010-08-31,NESTLEIND,INE239A01016,,3100.0,3100.0,3015.0,3078.8,28886,88717030.4,0.0420060356932602,129.3281826924095
2010-09-01,NESTLEIND,INE239A01016,,3080.0,3120.0,3050.0,3069.1,31311,96313127.55,0.0420060356932602,128.92072414618488
2010-09-02,NESTLEIND,INE239A01016,,3120.0,3237.0,3050.05,3129.55,474245,1502165935.95,0.0420060356932602,131.45998900384248
2010-09-03,NESTLEIND,INE239A01016,,3140.0,3194.0,3125.0,3178.25,14176,44894437.95,0.0420060356932602,133.50568294210424
2010-09-06,NESTLEIND,INE239A01016,,3190.0,3250.0,3180.0,3207.6,27873,89398831.5,0.0420060356932602,134.73856008970142
2010-09-07,NESTLEIND,INE239A01016,,3207.0,3224.95,3191.0,3204.3,9507,30483351.45,0.0420060356932602,134.5999401719137
2010-09-08,NESTLEIND,INE239A01016,,3205.0,3247.55,3180.0,3209.05,13574,43686168.95,0.0420060356932602,134.79946884145667
2010-09-09,NESTLEIND,INE239A01016,,3200.0,3200.0,3133.25,3170.05,205913,652982662.75,0.0420060356932602,133.1612334494195
2010-09-13,NESTLEIND,INE239A01016,,3190.0,3202.8,3155.05,3182.7,6721,21388003.2,0.0420060356932602,133.69260980093924
2010-09-14,NESTLEIND,INE239A01016,,3189.9,3230.0,3155.25,3203.9,11995,38299950.15,0.0420060356932602,134.58313775763636
2010-09-15,NESTLEIND,INE239A01016,,3221.15,3221.15,3147.0,3156.9,24323,77079990.7,0.0420060356932602,132.60885408005313
2010-09-16,NESTLEIND,INE239A01016,,3165.0,3259.0,3141.0,3190.75,22303,71538912.85,0.0420060356932602,134.03075838827
2010-09-17,NESTLEIND,INE239A01016,,3180.0,3300.0,3162.0,3263.3,133266,430104626.55,0.0420060356932602,137.07829627781604
2010-09-20,NESTLEIND,INE239A01016,,3265.0,3310.0,3205.55,3269.6,38322,125485552.3,0.0420060356932602,137.34293430268355
2010-09-21,NESTLEIND,INE239A01016,,3269.6,3334.0,3260.0,3308.55,17797,58600669.5,0.0420060356932602,138.97906939293605
2010-09-22,NESTLEIND,INE239A01016,,3270.0,3313.95,3228.0,3295.0,19232,63155678.0,0.0420060356932602,138.40988760929238
2010-09-23,NESTLEIND,INE239A01016,,3305.0,3310.0,3245.0,3257.65,11305,37131248.75,0.0420060356932602,136.8409621761491
2010-09-24,NESTLEIND,INE239A01016,,3257.65,3324.6,3257.65,3313.25,93158,307370545.05,0.0420060356932602,139.17649776069436
2010-09-27,NESTLEIND,INE239A01016,,3317.0,3371.0,3270.0,3338.0,14146,47286291.05,0.0420060356932602,140.21614714410256
2010-09-28,NESTLEIND,INE239A01016,,3352.0,3352.0,3316.2,3349.05,13857,46283089.75,0.0420060356932602,140.6803138385131
2010-09-29,NESTLEIND,INE239A01016,,3326.05,3351.0,3301.0,3340.8,10116,33668108.35,0.0420060356932602,140.3337640440437
2010-09-30,NESTLEIND,INE239A01016,,3332.9,3399.0,3270.65,3382.15,14539,48546697.75,0.0420060356932602,142.07071361996
2010-10-01,NESTLEIND,INE239A01016,,3351.0,3370.0,3341.0,3360.5,3678,12338513.85,0.0420060356932602,141.1612829472009
2010-10-04,NESTLEIND,INE239A01016,,3380.0,3384.9,3300.1,3311.9,9495,31564970.75,0.0420060356932602,139.11978961250847
2010-10-05,NESTLEIND,INE239A01016,,3311.9,3311.9,3255.7,3269.45,9666,31634019.45,0.0420060356932602,137.33663339732956
2010-10-06,NESTLEIND,INE239A01016,,3280.15,3280.15,3181.1,3197.6,12884,41615975.3,0.0420060356932602,134.31849973276883
2010-10-07,NESTLEIND,INE239A01016,,3197.6,3275.05,3190.0,3209.85,15687,50323077.55,0.0420060356932602,134.83307367001126
2010-10-08,NESTLEIND,INE239A01016,,3220.0,3269.0,3196.5,3251.35,111410,359240653.05,0.0420060356932602,136.57632415128157
2010-10-11,NESTLEIND,INE239A01016,,3224.0,3264.0,3206.0,3219.65,4311,13905080.35,0.0420060356932602,135.24473281980522
2010-10-12,NESTLEIND,INE239A01016,,3224.9,3330.0,3192.0,3299.05,12717,41424884.35,0.0420060356932602,138.58001205385008
2010-10-13,NESTLEIND,INE239A01016,,3299.0,3325.0,3277.05,3304.8,441179,1466527722.3,0.0420060356932602,138.82154675908632
2010-10-14,NESTLEIND,INE239A01016,,3300.0,3333.0,3251.0,3261.45,14729,48573002.15,0.0420060356932602,137.0005851117835
2010-10-15,NESTLEIND,INE239A01016,,3252.1,3284.95,3170.0,3198.0,6568,21296376.5,0.0420060356932602,134.33530214704612
2010-10-18,NESTLEIND,INE239A01016,,3182.0,3215.6,3125.0,3208.05,16439,52304880.15,0.0420060356932602,134.7574628057634
2010-10-19,NESTLEIND,INE239A01016,,3188.9,3390.0,3179.9,3314.55,53746,175992370.1,0.0420060356932602,139.23110560709563
2010-10-20,NESTLEIND,INE239A01016,,3280.0,3332.8,3260.0,3312.1,9339,30843681.6,0.0420060356932602,139.1281908196471
2010-10-21,NESTLEIND,INE239A01016,,3301.0,3421.5,3301.0,3405.25,14653,49615496.1,0.0420060356932602,143.0410530444743
2010-10-22,NESTLEIND,INE239A01016,,3410.0,3425.0,3393.0,3403.85,9885,33634152.0,0.0420060356932602,142.98224459450373
2010-10-25,NESTLEIND,INE239A01016,,3419.0,3483.0,3419.0,3442.7,9607,33147244.25,0.0420060356932602,144.6141790811869
2010-10-26,NESTLEIND,INE239A01016,,3447.95,3485.0,3392.0,3449.3,18085,61703609.85,0.0420060356932602,144.89141891676243
2010-10-27,NESTLEIND,INE239A01016,,3458.9,3499.85,3380.0,3398.65,18354,63105564.65,0.0420060356932602,142.7638132088988
2010-10-28,NESTLEIND,INE239A01016,,3430.0,3476.5,3415.2,3463.15,52398,181310272.9,0.0420060356932602,145.47320251111407
2010-10-29,NESTLEIND,INE239A01016,,3465.0,3540.0,3415.0,3484.45,28041,97006128.55,0.0420060356932602,146.3679310713805
2010-11-01,NESTLEIND,INE239A01016,,3484.45,3590.0,3440.0,3550.4,24368,85241656.65,0.0420060356932602,149.13822912535102
2010-11-02,NESTLEIND,INE239A01016,,3549.95,3597.3,3521.5,3552.6,22321,79373770.25,0.0420060356932602,149.2306424038762
2010-11-03,NESTLEIND,INE239A01016,,3553.5,3625.0,3550.15,3609.95,16152,57836154.15,0.04232772929540396,152.80098636994353
2010-11-04,NESTLEIND,INE239A01016,,3608.0,3683.0,3600.0,3649.25,10104,36853603.65,0.04232772929540396,154.4644661312529
2010-11-05,NESTLEIND,INE239A01016,,3650.0,3694.9,3650.0,3661.0,801,2937477.35,0.04232772929540396,154.9618169504739
2010-11-08,NESTLEIND,INE239A01016,,3600.0,3838.0,3600.0,3732.0,23029,84876289.1,0.04232772929540396,157.96708573044756
2010-11-09,NESTLEIND,INE239A01016,,3742.0,4224.0,3742.0,4002.35,212070,848058237.05,0.04232772929540396,169.41038734546004
2010-11-10,NESTLEIND,INE239A01016,,4050.0,4050.0,3825.0,3858.6,47460,185372213.85,0.04232772929540396,163.3257762592457
2010-11-11,NESTLEIND,INE239A01016,,3867.5,3920.0,3775.0,3800.2,189396,729179987.1,0.04232772929540396,160.85383686839413
2010-11-12,NESTLEIND,INE239A01016,,3802.0,3850.0,3800.0,3830.15,11730,44872400.15,0.04232772929540396,162.12155236079147
2010-11-15,NESTLEIND,INE239A01016,,3850.0,3978.7,3801.05,3901.6,19024,74162443.55,0.04232772929540396,165.14586861894807
2010-11-16,NESTLEIND,INE239A01016,,3950.0,3950.0,3835.1,3896.6,17219,67011314.7,0.04232772929540396,164.93422997247106
2010-11-18,NESTLEIND,INE239A01016,,3939.7,3939.7,3705.0,3762.3,36071,137057754.9,0.04232772929540396,159.24961592809834
2010-11-19,NESTLEIND,INE239A01016,,3810.0,3815.0,3600.0,3624.85,33131,122480972.7,0.04232772929540396,153.43166953644504
2010-11-22,NESTLEIND,INE239A01016,,3648.0,3770.0,3643.0,3707.9,13356,49249593.4,0.04232772929540396,156.94698745442835
2010-11-23,NESTLEIND,INE239A01016,,3700.0,3745.0,3609.95,3690.95,25608,94733107.85,0.04232772929540396,156.22953244287123
2010-11-24,NESTLEIND,INE239A01016,,3691.05,3821.0,3691.05,3792.8,13471,50662352.9,0.04232772929540396,160.54061167160813
2010-11-25,NESTLEIND,INE239A01016,,3800.0,3870.0,3690.0,3761.15,8714,33088759.9,0.04232772929540396,159.2009390394086
2010-11-26,NESTLEIND,INE239A01016,,3725.0,3799.9,3501.0,3561.5,118760,429948144.15,0.04232772929540396,150.7502078855812
2010-11-29,NESTLEIND,INE239A01016,,3600.0,3679.0,3501.05,3566.25,20816,74256782.55,0.04232772929540396,150.95126459973437
2010-11-30,NESTLEIND,INE239A01016,,3531.0,3650.0,3531.0,3625.35,47473,169976340.4,0.04232772929540396,153.45283340109273
2010-12-01,NESTLEIND,INE239A01016,,3625.35,3690.0,3550.0,3568.05,12409,44756993.1,0.04232772929540396,151.0274545124661
2010-12-02,NESTLEIND,INE239A01016,,3609.0,3680.0,3599.9,3646.2,87053,317296676.65,0.04232772929540396,154.3353665569019
2010-12-03,NESTLEIND,INE239A01016,,3645.0,3718.45,3645.0,3671.1,22952,84628436.65,0.04232772929540396,155.38932701635747
2010-12-06,NESTLEIND,INE239A01016,,3699.9,3767.0,3675.0,3745.7,22808,84584441.4,0.04232772929540396,158.54697562179462
2010-12-07,NESTLEIND,INE239A01016,,3742.0,3767.8,3707.05,3739.65,12752,47637151.5,0.04232772929540396,158.29089285955743
2010-12-08,NESTLEIND,INE239A01016,,3745.0,3779.95,3702.25,3741.5,14008,52389728.85,0.04232772929540396,158.36919915875393
2010-12-09,NESTLEIND,INE239A01016,,3769.0,3778.9,3686.2,3718.3,8437,31543959.25,0.04232772929540396,157.38719583910054
2010-12-10,NESTLEIND,INE239A01016,,3711.0,3806.1,3670.1,3785.8,7417,27751661.65,0.04232772929540396,160.24431756654033
2010-12-13,NESTLEIND,INE239A01016,,3840.0,3920.0,3780.0,3885.75,16785,65132067.95,0.04232772929540396,164.47497410961594
2010-12-14,NESTLEIND,INE239A01016,,3849.05,3899.0,3775.0,3779.9,11401,43378708.0,0.04232772929540396,159.99458396369744
2010-12-15,NESTLEIND,INE239A01016,,3799.0,3834.0,3565.25,3614.85,34679,126081439.5,0.04232772929540396,153.008392243491
2010-12-16,NESTLEIND,INE239A01016,,3695.0,3695.0,3549.0,3566.6,27047,97221037.35,0.04232772929540396,150.96607930498777
2010-12-20,NESTLEIND,INE239A01016,,3566.6,3615.0,3552.0,3567.85,18154,64842499.75,0.04232772929540396,151.01898896660703
2010-12-21,NESTLEIND,INE239A01016,,3597.0,3627.85,3582.0,3610.65,6131,22168527.8,0.04232772929540396,152.8306157804503
2010-12-22,NESTLEIND,INE239A01016,,3587.6,3699.0,3565.0,3668.65,6481,23775576.0,0.04232772929540396,155.28562407958373
2010-12-23,NESTLEIND,INE239A01016,,3616.0,3690.0,3616.0,3679.8,2558,9390110.2,0.04232772929540396,155.7575782612275
2010-12-24,NESTLEIND,INE239A01016,,3626.0,3689.5,3606.2,3676.35,4658,17042687.45,0.04232772929540396,155.61154759515836
2010-12-27,NESTLEIND,INE239A01016,,3677.0,3698.95,3652.25,3686.4,3151,11605694.5,0.04232772929540396,156.03694127457717
2010-12-28,NESTLEIND,INE239A01016,,3676.5,3685.0,3660.0,3663.95,8300,30511155.3,0.04232772929540396,155.08668375189532
2010-12-29,NESTLEIND,INE239A01016,,3680.0,3690.0,3650.0,3663.7,4046,14851052.05,0.04232772929540396,155.07610181957148
2010-12-30,NESTLEIND,INE239A01016,,3683.85,3754.9,3660.0,3741.55,5044,18755663.3,0.04232772929540396,158.3713155452187
2010-12-31,NESTLEIND,INE239A01016,,3759.0,3859.0,3731.2,3813.75,10274,38933867.15,0.04232772929540396,161.42737760034686
2011-01-03,NESTLEIND,INE239A01016,,3838.7,3861.0,3800.0,3835.85,5256,20176903.6,0.04232772929540397,162.3628204177753
2011-01-04,NESTLEIND,INE239A01016,,3835.0,3899.9,3800.0,3891.6,21916,84791794.3,0.04232772929540397,164.72259132599407
2011-01-05,NESTLEIND,INE239A01016,,3874.0,3934.95,3856.5,3900.95,32381,126513901.65,0.04232772929540397,165.1183555949061
2011-01-06,NESTLEIND,INE239A01016,,3900.0,3949.0,3805.0,3833.8,16829,65257528.75,0.04232772929540397,162.27604857271973
2011-01-07,NESTLEIND,INE239A01016,,3810.0,3870.0,3772.0,3789.95,30854,117564041.05,0.04232772929540397,160.41997764311625
2011-01-10,NESTLEIND,INE239A01016,,3789.0,3819.9,3771.0,3789.5,8894,33790362.6,0.04232772929540397,160.40093016493333
2011-01-11,NESTLEIND,INE239A01016,,3780.0,3918.0,3770.0,3811.0,23416,89934775.2,0.04232772929540397,161.3109763447845
2011-01-12,NESTLEIND,INE239A01016,,3829.5,3896.0,3790.0,3810.4,16802,64293644.75,0.04232772929540397,161.2855797072073
2011-01-13,NESTLEIND,INE239A01016,,3829.9,3859.9,3710.8,3762.4,22291,84973395.4,0.04232772929540397,159.2538487010279
2011-01-14,NESTLEIND,INE239A01016,,3779.0,3789.95,3680.0,3725.5,7708,28944242.65,0.04232772929540397,157.69195549002748
2011-01-17,NESTLEIND,INE239A01016,,3739.0,3763.0,3652.1,3684.65,9343,34805608.65,0.04232772929540397,155.96286774831023
2011-01-18,NESTLEIND,INE239A01016,,3693.0,3717.0,3635.0,3649.1,9489,34807329.8,0.04232772929540397,154.4581169718586
2011-01-19,NESTLEIND,INE239A01016,,3652.0,3666.0,3637.0,3650.65,5313,19418522.05,0.04232772929540397,154.5237249522665
2011-01-20,NESTLEIND,INE239A01016,,3659.9,3708.55,3646.0,3683.8,13488,49525026.8,0.04232772929540397,155.92688917840914
2011-01-21,NESTLEIND,INE239A01016,,3680.0,3700.0,3591.5,3610.35,8709,31704945.45,0.04232772929540397,152.8179174616617
2011-01-24,NESTLEIND,INE239A01016,,3589.0,3685.0,3417.0,3664.65,10850,39685978.4,0.04232772929540397,155.11631316240215
2011-01-25,NESTLEIND,INE239A01016,,3655.05,3706.0,3612.4,3632.15,5823,21182059.75,0.04232772929540397,153.7406619603015
2011-01-27,NESTLEIND,INE239A01016,,3669.0,3669.0,3530.2,3549.45,12167,43512734.25,0.04232772929540397,150.2401587475716
2011-01-28,NESTLEIND,INE239A01016,,3550.0,3559.9,3464.0,3492.6,18551,64836499.5,0.04232772929540397,147.8338273371279
2011-01-31,NESTLEIND,INE239A01016,,3497.0,3497.0,3311.2,3327.55,34824,116864534.35,0.04232772929540397,140.84763561692148
2011-02-01,NESTLEIND,INE239A01016,,3337.0,3384.7,3165.2,3240.85,27525,89410662.25,0.04232772929540397,137.17782148700994
2011-02-02,NESTLEIND,INE239A01016,,3264.95,3284.1,3236.0,3256.95,62661,204163159.65,0.04232772929540397,137.85929792866594
2011-02-03,NESTLEIND,INE239A01016,,3250.0,3260.0,3171.8,3251.2,19996,64435327.25,0.04232772929540397,137.61591348521736
2011-02-04,NESTLEIND,INE239A01016,,3299.95,3325.0,3201.0,3247.3,15035,48767497.65,0.04232772929540397,137.4508353409653
2011-02-07,NESTLEIND,INE239A01016,,3230.0,3337.8,3200.0,3326.0,11479,38015751.3,0.04232772929540397,140.7820276365136
2011-02-08,NESTLEIND,INE239A01016,,3327.0,3347.85,3252.0,3266.8,5832,19179991.05,0.04232772929540397,138.27622606222567
2011-02-09,NESTLEIND,INE239A01016,,3250.0,3267.0,3178.5,3200.85,23311,74580699.7,0.04232772929540397,135.48471231519378
2011-02-10,NESTLEIND,INE239A01016,,3200.85,3240.0,3162.25,3215.65,5494,17583594.15,0.04232772929540397,136.11116270876576
2011-02-11,NESTLEIND,INE239A01016,,3200.0,3340.0,3191.0,3218.05,32487,104086647.15,0.04232772929540397,136.21274925907474
2011-02-14,NESTLEIND,INE239A01016,,3280.0,3399.0,3280.0,3380.95,8482,28590790.4,0.04232772929540397,143.10793636129603
2011-02-15,NESTLEIND,INE239A01016,,3420.0,3480.0,3380.95,3392.15,6091,20669814.0,0.04232772929540397,143.58200692940457
2011-02-16,NESTLEIND,INE239A01016,,3400.0,3415.25,3373.15,3391.05,396790,1349072572.85,0.04232772929540397,143.53544642717964
2011-02-17,NESTLEIND,INE239A01016,,3400.0,3455.0,3370.0,3442.1,8528,29257857.9,0.04232772929540397,145.69627700771
2011-02-18,NESTLEIND,INE239A01016,,3480.0,3538.0,3440.0,3450.55,23078,80681272.05,0.04232772929540397,146.05394632025616
2011-02-21,NESTLEIND,INE239A01016,,3500.0,3650.0,3400.0,3462.95,39327,139341799.85,0.04232772929540397,146.57881016351917
2011-02-22,NESTLEIND,INE239A01016,,3458.95,3495.0,3427.0,3454.9,13563,46870539.9,0.04232772929540397,146.23807194269116
2011-02-23,NESTLEIND,INE239A01016,,3469.0,3490.0,3441.0,3479.75,5590,19393981.7,0.04232772929540397,147.28991601568194
2011-02-24,NESTLEIND,INE239A01016,,3477.7,3477.7,3440.0,3448.0,4815,16592666.45,0.04232772929540397,145.9460106105529
2011-02-25,NESTLEIND,INE239A01016,,3456.0,3555.0,3448.15,3540.3,21826,76658122.3,0.04232772929540397,149.85286002451866
2011-02-28,NESTLEIND,INE239A01016,,3599.9,3599.9,3515.75,3548.7,8123,29000350.8,0.04232772929540397,150.20841295060004
2011-03-01,NESTLEIND,INE239A01016,,3563.0,3603.0,3541.05,3572.7,6524,23336454.5,0.04232772929540397,151.22427845368975
2011-03-03,NESTLEIND,INE239A01016,,3572.7,3615.0,3551.0,3578.65,10093,36110962.35,0.04232772929540397,151.4761284429974
2011-03-04,NESTLEIND,INE239A01016,,3620.0,3685.0,3575.0,3670.3,16895,61430673.0,0.04232772929540397,155.3554648329212
2011-03-07,NESTLEIND,INE239A01016,,3650.0,3778.95,3562.35,3748.75,39096,144524879.35,0.04232772929540397,158.67607519614563
2011-03-08,NESTLEIND,INE239A01016,,3748.0,3835.0,3748.0,3804.7,63651,241771827.0,0.04232772929540397,161.04431165022348
2011-03-09,NESTLEIND,INE239A01016,,3790.0,3996.0,3751.5,3964.65,40299,157834944.0,0.04232772929540397,167.81463195102333
2011-03-10,NESTLEIND,INE239A01016,,3870.3,3964.65,3870.3,3938.25,7303,28701191.05,0.04232772929540397,166.69717989762466
2011-03-11,NESTLEIND,INE239A01016,,3761.05,3940.0,3761.05,3870.2,10841,42133476.3,0.04232772929540397,163.81677791907242
2011-03-14,NESTLEIND,INE239A01016,,3875.0,3930.0,3841.0,3859.8,4070,15757096.8,0.04232772929540397,163.37656953440023
2011-03-15,NESTLEIND,INE239A01016,,3790.0,3833.0,3752.2,3783.55,7669,29046569.25,0.04232772929540397,160.1490801756257
2011-03-16,NESTLEIND,INE239A01016,,3840.0,3874.7,3681.0,3694.7,11029,41282862.95,0.04232772929540397,156.38826142772902
2011-03-17,NESTLEIND,INE239A01016,,3750.0,3750.0,3541.55,3564.4,49420,178072557.0,0.04232772929540397,150.8729583005379
2011-03-18,NESTLEIND,INE239A01016,,3550.05,3600.0,3501.3,3532.25,78390,277869572.3,0.04232772929540397,149.51212180369066
2011-03-21,NESTLEIND,INE239A01016,,3550.0,3634.85,3520.0,3594.45,8818,31442445.3,0.04232772929540397,152.14490656586477
2011-03-22,NESTLEIND,INE239A01016,,3594.45,3634.95,3575.45,3588.8,7723,27815528.95,0.04232772929540397,151.90575489534575
2011-03-23,NESTLEIND,INE239A01016,,3564.0,3645.0,3564.0,3629.8,6990,25247105.25,0.04232772929540397,153.64119179645732
2011-03-24,NESTLEIND,INE239A01016,,3649.0,3690.0,3640.0,3655.45,6004,21992649.25,0.04232772929540397,154.72689805288442
2011-03-25,NESTLEIND,INE239A01016,,3655.0,3725.95,3655.0,3689.1,14931,55206783.3,0.04232772929540397,156.15122614367476
2011-03-28,NESTLEIND,INE239A01016,,3690.0,3720.0,3685.0,3697.35,2984,11035418.55,0.04232772929540397,156.50042991036185
2011-03-29,NESTLEIND,INE239A01016,,3690.0,3708.0,3671.0,3682.05,20213,74620215.1,0.04232772929540397,155.85281565214217
2011-03-30,NESTLEIND,INE239A01016,,3699.0,3717.0,3635.0,3668.6,10269,37761484.95,0.04232772929540397,155.283507693119
2011-03-31,NESTLEIND,INE239A01016,,3679.0,3745.0,3640.0,3696.55,36461,134671942.85,0.04232772929540397,156.46656772692555
2011-04-01,NESTLEIND,INE239A01016,,3748.0,3748.0,3651.0,3679.6,13367,49249245.05,0.04232772929540397,155.74911271536843
2011-04-04,NESTLEIND,INE239A01016,,3681.0,3690.0,3652.05,3682.05,14235,52389835.25,0.04232772929540397,155.85281565214217
2011-04-05,NESTLEIND,INE239A01016,,3655.65,3705.0,3655.65,3685.0,20133,74144633.1,0.04232772929540397,155.97768245356363
2011-04-06,NESTLEIND,INE239A01016,,3698.9,3720.0,3690.0,3702.05,244855,904772408.65,0.04232772929540397,156.69937023805025
2011-04-07,NESTLEIND,INE239A01016,,3705.0,3740.1,3700.0,3709.15,85452,317236373.7,0.04232772929540397,156.99989711604763
2011-04-08,NESTLEIND,INE239A01016,,3730.0,3800.0,3701.05,3707.6,149123,555679584.4,0.04232772929540397,156.93428913563974
2011-04-11,NESTLEIND,INE239A01016,,3718.65,3745.0,3705.0,3710.55,8943,33235410.8,0.04232772929540397,157.0591559370612
2011-04-13,NESTLEIND,INE239A01016,,3700.0,3762.0,3670.0,3737.8,16705,62432247.65,0.04232772929540397,158.21258656036096
2011-04-15,NESTLEIND,INE239A01016,,3759.9,3759.9,3702.1,3721.5,9950,36990255.45,0.04232772929540397,157.52264457284585
2011-04-18,NESTLEIND,INE239A01016,,3737.0,3763.0,3707.0,3724.55,10037,37492561.45,0.04232772929540397,157.65174414719687
2011-04-19,NESTLEIND,INE239A01016,,3740.0,3745.0,3705.0,3729.6,9404,35106523.65,0.04232772929540397,157.86549918013864
2011-04-20,NESTLEIND,INE239A01016,,3741.9,3800.0,3717.15,3749.6,28966,108823948.75,0.04232772929540397,158.71205376604672
2011-04-21,NESTLEIND,INE239A01016,,3801.0,3843.9,3769.95,3827.6,18825,71711391.5,0.042571833847280575,162.94795123385111
2011-04-25,NESTLEIND,INE239A01016,,3829.0,3964.95,3792.0,3916.25,18654,72344896.75,0.042571833847280575,166.72194430441255
2011-04-26,NESTLEIND,INE239A01016,,3950.0,3959.0,3836.65,3894.6,8279,32172276.45,0.042571833847280575,165.80026410161892
2011-04-27,NESTLEIND,INE239A01016,,3939.0,3950.0,3839.0,3945.35,10022,39484003.4,0.042571833847280575,167.96078466936842
2011-04-28,NESTLEIND,INE239A01016,,3940.05,3959.0,3882.05,3925.5,7466,29241342.5,0.042571833847280575,167.1157337674999
2011-04-29,NESTLEIND,INE239A01016,,3885.0,4050.0,3885.0,3992.9,71310,283314548.9,0.042571833847280575,169.9850753688066
2011-05-02,NESTLEIND,INE239A01016,,4012.0,4012.0,3910.05,3950.35,8252,32842485.45,0.042571833847280575,168.17364383860482
2011-05-03,NESTLEIND,INE239A01016,,3960.0,4024.9,3850.4,4011.65,12583,50267398.05,0.042571833847280575,170.78329725344312
2011-05-04,NESTLEIND,INE239A01016,,4008.9,4074.0,4000.0,4052.25,16928,68453183.1,0.042571833847280575,172.5117137076427
2011-05-05,NESTLEIND,INE239A01016,,4030.0,4168.0,4000.0,4134.65,25556,105037697.25,0.042571833847280575,176.01963281665863
2011-05-06,NESTLEIND,INE239A01016,,4115.0,4130.0,3940.1,4009.05,20441,81948416.05,0.042571833847280575,170.6726104854402
2011-05-09,NESTLEIND,INE239A01016,,3965.65,4194.0,3965.65,4127.75,136372,567254748.35,0.042571833847280575,175.7258871631124
2011-05-10,NESTLEIND,INE239A01016,,4140.0,4189.55,4080.1,4113.7,6631,27303789.8,0.042571833847280575,175.12775289755808
2011-05-11,NESTLEIND,INE239A01016,,4120.7,4122.0,4021.0,4040.9,6657,27015737.65,0.042571833847280575,172.0285233934761
2011-05-12,NESTLEIND,INE239A01016,,4040.1,4119.9,3983.4,4014.8,7530,30647201.1,0.042571833847280575,170.91739853006206
2011-05-13,NESTLEIND,INE239A01016,,4045.0,4160.0,4044.0,4122.95,11541,47572507.4,0.042571833847280575,175.52154236064544
2011-05-16,NESTLEIND,INE239A01016,,4100.1,4190.0,4090.0,4176.25,53302,221232684.85,0.042571833847280575,177.7906211047055
2011-05-17,NESTLEIND,INE239A01016,,4190.0,4205.0,4103.15,4116.65,71539,298695212.3,0.042571833847280575,175.25333980740757
2011-05-18,NESTLEIND,INE239A01016,,4140.0,4173.95,4059.0,4088.65,4145,16996729.0,0.042571833847280575,174.06132845968372
2011-05-19,NESTLEIND,INE239A01016,,4165.0,4202.0,4057.0,4077.35,5798,23805660.75,0.042571833847280575,173.58026673720946
2011-05-20,NESTLEIND,INE239A01016,,4141.0,4141.0,4052.0,4056.65,58067,238013607.15,0.042571833847280575,172.69902977657074
2011-05-23,NESTLEIND,INE239A01016,,4075.05,4075.05,4000.0,4003.95,3982,16035086.95,0.042571833847280575,170.45549413281904
2011-05-24,NESTLEIND,INE239A01016,,4010.0,4054.9,3991.4,4008.5,9222,37117943.55,0.042571833847280575,170.6491959768242
2011-05-25,NESTLEIND,INE239A01016,,3992.0,4034.85,3875.1,3894.3,15560,61265511.15,0.042571833847280575,165.78749255146477
2011-05-26,NESTLEIND,INE239A01016,,3903.0,3979.85,3902.0,3932.95,6786,26818137.35,0.042571833847280575,167.43289392966213
2011-05-27,NESTLEIND,INE239A01016,,3964.9,4034.9,3912.3,3993.95,9094,36273407.65,0.042571833847280575,170.02977579434625
2011-05-30,NESTLEIND,INE239A01016,,4014.0,4089.1,4000.25,4020.6,7329,29533114.25,0.042571833847280575,171.16431516637627
2011-05-31,NESTLEIND,INE239A01016,,4059.85,4075.0,4021.0,4059.3,10689,43361029.4,0.042571833847280575,172.81184513626604
2011-06-01,NESTLEIND,INE239A01016,,4065.1,4134.0,4065.0,4104.45,24513,100086457.15,0.042571833847280575,174.73396343447075
2011-06-02,NESTLEIND,INE239A01016,,4070.0,4139.0,4060.1,4105.2,8774,36081805.8,0.042571833847280575,174.7658923098562
2011-06-03,NESTLEIND,INE239A01016,,4120.0,4140.75,4088.0,4093.25,3699,15192594.35,0.042571833847280575,174.25715889538122
2011-06-06,NESTLEIND,INE239A01016,,4130.0,4150.0,4072.1,4141.25,7083,29250748.1,0.042571833847280575,176.30060692005068
2011-06-07,NESTLEIND,INE239A01016,,4149.0,4173.9,4106.3,4165.1,7831,32441165.7,0.042571833847280575,177.31594515730833
2011-06-08,NESTLEIND,INE239A01016,,4180.0,4210.0,4130.0,4181.1,16791,70279904.55,0.042571833847280575,177.99709449886484
2011-06-09,NESTLEIND,INE239A01016,,4181.0,4181.0,4150.25,4175.85,4282,17863487.6,0.042571833847280575,177.77359237116661
2011-06-10,NESTLEIND,INE239A01016,,4161.35,4220.8,4160.0,4179.65,6050,25406644.0,0.042571833847280575,177.93536533978624
2011-06-13,NESTLEIND,INE239A01016,,4180.0,4198.8,4101.0,4147.35,9321,38665260.65,0.042571833847280575,176.5602951065191
2011-06-14,NESTLEIND,INE239A01016,,4220.0,4220.0,4125.05,4153.45,10460,43417934.2,0.042571833847280575,176.8199832929875
2011-06-15,NESTLEIND,INE239A01016,,4160.0,4184.8,4052.0,4074.85,14671,60394339.6,0.042571833847280575,173.47383715259124
2011-06-16,NESTLEIND,INE239A01016,,4065.0,4065.0,3950.0,3951.25,44083,174814999.7,0.042571833847280575,168.21195848906737
2011-06-17,NESTLEIND,INE239A01016,,4035.0,4035.0,3859.75,3937.5,17013,67502629.5,0.042571833847280575,167.62659577366728
2011-06-20,NESTLEIND,INE239A01016,,3925.05,3950.0,3875.0,3893.85,8699,34002708.95,0.042571833847280575,165.76833522623346
2011-06-21,NESTLEIND,INE239A01016,,3949.0,3968.7,3876.35,3887.9,5116,19965372.3,0.042571833847280575,165.51503281484216
2011-06-22,NESTLEIND,INE239A01016,,3880.05,3936.9,3855.0,3914.25,7673,29895700.55,0.042571833847280575,166.636800636718
2011-06-23,NESTLEIND,INE239A01016,,3914.25,3949.9,3890.0,3932.65,7270,28445869.1,0.042571833847280575,167.42012237950797
2011-06-24,NESTLEIND,INE239A01016,,3950.0,4010.0,3930.0,3999.15,10767,42854240.65,0.042571833847280575,170.25114933035212
2011-06-27,NESTLEIND,INE239A01016,,3990.0,4019.0,3911.0,3948.75,10278,40565164.8,0.042571833847280575,168.10552890444916
2011-06-28,NESTLEIND,INE239A01016,,3930.0,3999.9,3907.0,3933.2,12226,47994349.0,0.042571833847280575,167.44353688812396
2011-06-29,NESTLEIND,INE239A01016,,3879.0,4023.0,3879.0,3998.5,17678,70648325.4,0.042571833847280575,170.22347763835137
2011-06-30,NESTLEIND,INE239A01016,,4009.0,4140.0,4009.0,4108.1,17843,73096810.85,0.042571833847280575,174.88935062801335
2011-07-01,NESTLEIND,INE239A01016,,4100.0,4350.0,4100.0,4305.4,55823,239486829.55,0.042571833847280575,183.28877344608176
2011-07-04,NESTLEIND,INE239A01016,,4310.0,4467.0,4310.0,4435.8,63829,283005165.8,0.042571833847280575,188.8401405797672
2011-07-05,NESTLEIND,INE239A01016,,4435.8,4435.8,4265.0,4280.5,20477,88366266.2,0.042571833847280575,182.2287347832845
2011-07-06,NESTLEIND,INE239A01016,,4280.05,4375.0,4250.0,4278.55,37730,162081891.2,0.042571833847280575,182.14571970728232
2011-07-07,NESTLEIND,INE239A01016,,4300.0,4334.0,4280.4,4295.35,11341,48792063.65,0.042571833847280575,182.86092651591665
2011-07-08,NESTLEIND,INE239A01016,,4329.0,4329.0,4250.0,4262.45,7422,31723528.0,0.042571833847280575,181.46031318234108
2011-07-11,NESTLEIND,INE239A01016,,4260.0,4344.0,4260.0,4309.15,25135,108485118.1,0.042571833847280575,183.44841782300907
2011-07-12,NESTLEIND,INE239A01016,,4349.0,4355.0,4262.0,4314.65,30918,133648446.25,0.042571833847280575,183.68256290916912
2011-07-13,NESTLEIND,INE239A01016,,4319.9,4330.0,4180.0,4324.85,23565,101890493.1,0.042571833847280575,184.11679561441142
2011-07-14,NESTLEIND,INE239A01016,,4380.0,4380.0,4300.0,4330.65,21484,93280957.2,0.042571833847280575,184.3637122507256
2011-07-15,NESTLEIND,INE239A01016,,4379.0,4409.0,4340.0,4397.5,25983,113477385.5,0.042571833847280575,187.20963934341634
2011-07-18,NESTLEIND,INE239A01016,,4400.0,4477.0,4350.0,4444.2,27609,123031482.55,0.042571833847280575,189.19774398408433
2011-07-19,NESTLEIND,INE239A01016,,4451.0,4520.0,4386.0,4400.5,14553,64859063.6,0.042571833847280575,187.33735484495818
2011-07-20,NESTLEIND,INE239A01016,,4463.95,4463.95,4270.0,4281.55,13167,57153662.25,0.042571833847280575,182.27343520882417
2011-07-21,NESTLEIND,INE239A01016,,4291.95,4383.0,4212.35,4250.65,11806,50641965.6,0.042571833847280575,180.95796554294316
2011-07-22,NESTLEIND,INE239A01016,,4255.05,4335.0,4255.0,4309.45,9739,41912227.2,0.042571833847280575,183.46118937316328
2011-07-25,NESTLEIND,INE239A01016,,4325.0,4359.0,4237.95,4245.85,14284,61148768.6,0.042571833847280575,180.75362074047624
2011-07-26,NESTLEIND,INE239A01016,,4225.8,4285.95,4225.8,4254.8,12057,51239039.05,0.042571833847280575,181.1346386534094
2011-07-27,NESTLEIND,INE239A01016,,4253.0,4440.0,4250.0,4403.65,33862,146076796.95,0.042571833847280575,187.4714561215771
2011-07-28,NESTLEIND,INE239A01016,,4401.0,4428.0,4305.0,4359.3,7804,34036755.35,0.042571833847280575,185.58339529045023
2011-07-29,NESTLEIND,INE239A01016,,4365.0,4405.0,4316.0,4360.1,11207,48926828.55,0.042571833847280575,185.61745275752804
2011-08-01,NESTLEIND,INE239A01016,,4360.1,4360.1,4220.05,4239.35,18427,78941157.15,0.042571833847280575,180.47690382046892
2011-08-02,NESTLEIND,INE239A01016,,4340.0,4420.0,4250.0,4275.35,7045,30091156.8,0.042571833847280575,182.00948983897104
2011-08-03,NESTLEIND,INE239A01016,,4249.95,4300.0,4203.05,4243.15,7954,33692934.3,0.042571833847280575,180.63867678908855
2011-08-04,NESTLEIND,INE239A01016,,4248.0,4330.0,4239.0,4300.45,12744,54796852.95,0.042571833847280575,183.07804286853775
2011-08-05,NESTLEIND,INE239A01016,,4160.45,4256.0,4150.1,4238.35,17220,72429227.45,0.042571833847280575,180.43433198662163
2011-08-08,NESTLEIND,INE239A01016,,4189.9,4189.9,4050.0,4133.8,25451,104533687.85,0.042571833847280575,175.98344675788846
2011-08-09,NESTLEIND,INE239A01016,,4050.0,4267.75,4033.0,4218.75,17121,71088187.35,0.042571833847280575,179.59992404321494
2011-08-10,NESTLEIND,INE239A01016,,4230.0,4280.0,4109.0,4165.25,42857,177991228.95,0.042571833847280575,177.32233093238543
2011-08-11,NESTLEIND,INE239A01016,,4170.05,4246.95,4141.05,4173.45,19699,82542778.0,0.042571833847280575,177.6714199699331
2011-08-12,NESTLEIND,INE239A01016,,4178.0,4249.9,4075.0,4127.3,43862,180975621.05,0.042571833847280575,175.7067298378811
2011-08-16,NESTLEIND,INE239A01016,,4200.0,4229.0,4163.05,4194.85,13279,55648245.9,0.042571833847280575,178.58245721426493
2011-08-17,NESTLEIND,INE239A01016,,4164.05,4198.0,4131.0,4145.75,9355,38985674.6,0.042571833847280575,176.49218017236345
2011-08-18,NESTLEIND,INE239A01016,,4199.0,4340.0,4145.75,4197.95,39515,168150529.9,0.042571833847280575,178.7144298991915
2011-08-19,NESTLEIND,INE239A01016,,4192.95,4230.2,4094.05,4186.05,20556,85452601.4,0.042571833847280575,178.20782507640885
2011-08-22,NESTLEIND,INE239A01016,,4174.45,4263.0,4125.1,4253.8,12915,54682599.25,0.042571833847280575,181.09206681956212
2011-08-23,NESTLEIND,INE239A01016,,4206.0,4320.0,4206.0,4276.85,12368,53134553.5,0.042571833847280575,182.07334758974196
2011-08-24,NESTLEIND,INE239A01016,,4298.6,4376.0,4275.0,4356.55,13193,57339776.4,0.042571833847280575,185.46632274737019
2011-08-25,NESTLEIND,INE239A01016,,4379.0,4400.0,4360.1,4383.9,7971,34960966.75,0.042571833847280575,186.6306624030933
2011-08-26,NESTLEIND,INE239A01016,,4394.95,4415.0,4344.7,4380.05,9248,40594506.05,0.042571833847280575,186.4667608427813
2011-08-29,NESTLEIND,INE239A01016,,4336.0,4409.95,4336.0,4402.8,8277,36381509.15,0.042571833847280575,187.43527006280692
2011-08-30,NESTLEIND,INE239A01016,,4365.0,4444.5,4365.0,4389.1,8707,38354504.8,0.042571833847280575,186.85203593909918
2011-09-02,NESTLEIND,INE239A01016,,4450.0,4520.5,4409.95,4492.2,58516,262579580.3,0.042571833847280575,191.24119200875379
2011-09-05,NESTLEIND,INE239A01016,,4370.1,4500.25,4370.1,4456.5,12864,57698144.85,0.042571833847280575,189.72137754040588
2011-09-06,NESTLEIND,INE239A01016,,4519.8,4519.8,4400.0,4408.85,4719,20872511.75,0.042571833847280575,187.692829657583
2011-09-07,NESTLEIND,INE239A01016,,4448.6,4495.0,4433.05,4454.1,22592,100996831.5,0.042571833847280575,189.61920513917244
2011-09-08,NESTLEIND,INE239A01016,,4450.0,4490.1,4408.0,4429.25,9059,40192045.7,0.042571833847280575,188.5612950680675
2011-09-09,NESTLEIND,INE239A01016,,4410.0,4449.9,4375.05,4387.15,2251,9905904.15,0.042571833847280575,186.76902086309696
2011-09-12,NESTLEIND,INE239A01016,,4395.0,4397.0,4268.05,4271.85,5706,24541855.75,0.042571833847280575,181.86048842050553
2011-09-13,NESTLEIND,INE239A01016,,4271.85,4338.0,4271.85,4286.55,11427,49022418.1,0.042571833847280575,182.48629437806056
2011-09-14,NESTLEIND,INE239A01016,,4298.0,4380.0,4185.0,4273.7,19173,81020181.3,0.042571833847280575,181.939246313123
2011-09-15,NESTLEIND,INE239A01016,,4340.0,4348.8,4232.25,4258.25,9747,41760436.4,0.042571833847280575,181.2815114801825
2011-09-16,NESTLEIND,INE239A01016,,4260.0,4340.0,4132.05,4179.95,41384,174601825.2,0.042571833847280575,177.94813688994043
2011-09-19,NESTLEIND,INE239A01016,,4175.0,4239.15,4175.0,4226.75,47500,199644537.6,0.042571833847280575,179.94049871399318
2011-09-20,NESTLEIND,INE239A01016,,4200.05,4328.8,4200.05,4247.0,19301,82287963.45,0.042571833847280575,180.8025783494006
2011-09-21,NESTLEIND,INE239A01016,,4215.45,4295.0,4215.45,4283.45,8412,35900047.85,0.042571833847280575,182.35432169313398
2011-09-22,NESTLEIND,INE239A01016,,4168.0,4270.0,4168.0,4254.75,23802,100769515.9,0.042571833847280575,181.13251006171703
2011-09-23,NESTLEIND,INE239A01016,,4200.05,4345.0,4182.0,4311.2,18095,77089224.25,0.042571833847280575,183.535690082396
2011-09-26,NESTLEIND,INE239A01016,,4290.0,4318.0,4180.0,4210.0,16462,69364146.55,0.042571833847280575,179.2274204970512
2011-09-27,NESTLEIND,INE239A01016,,4220.0,4278.0,4192.0,4214.7,6888,29170654.8,0.042571833847280575,179.42750811613342
2011-09-28,NESTLEIND,INE239A01016,,4250.0,4278.0,4180.05,4256.7,19716,84088461.15,0.042571833847280575,181.21552513771923
2011-09-29,NESTLEIND,INE239A01016,,4246.6,4270.0,4220.0,4258.6,33364,142064993.3,0.042571833847280575,181.29641162202907
2011-09-30,NESTLEIND,INE239A01016,,4200.0,4265.0,4168.0,4252.1,26670,113395765.0,0.042571833847280575,181.01969470202175
2011-10-03,NESTLEIND,INE239A01016,,4268.95,4268.95,4168.0,4189.45,60637,256691562.05,0.042571833847280575,178.3525693114896
2011-10-04,NESTLEIND,INE239A01016,,4192.2,4215.0,4165.25,4193.9,15588,65346155.35,0.042571833847280575,178.54201397211
2011-10-05,NESTLEIND,INE239A01016,,4170.0,4210.0,4168.25,4198.9,27912,117206741.25,0.042571833847280575,178.7548731413464
2011-10-07,NESTLEIND,INE239A01016,,4234.95,4285.0,4172.05,4214.25,20190,84830750.35,0.042571833847280575,179.40835079090218
2011-10-10,NESTLEIND,INE239A01016,,4224.0,4230.0,4201.0,4214.3,3363,14198282.3,0.042571833847280575,179.41047938259453
2011-10-11,NESTLEIND,INE239A01016,,4228.95,4228.95,4130.0,4152.4,6776,28411537.85,0.042571833847280575,176.77528286744786
2011-10-12,NESTLEIND,INE239A01016,,4200.0,4240.0,4160.0,4217.2,23847,100020709.1,0.042571833847280575,179.53393770075164
2011-10-13,NESTLEIND,INE239A01016,,4229.0,4229.0,4189.05,4206.15,2594,10914065.25,0.042571833847280575,179.06351893673917
2011-10-14,NESTLEIND,INE239A01016,,4187.85,4220.0,4170.0,4181.6,7788,32609140.2,0.042571833847280575,178.01838041578847
2011-10-17,NESTLEIND,INE239A01016,,4218.65,4218.65,4120.0,4154.7,3909,16272534.1,0.042571833847280575,176.8731980852966
2011-10-18,NESTLEIND,INE239A01016,,4145.0,4155.95,4125.0,4136.5,3147,13022042.65,0.042571833847280575,176.0983907092761
2011-10-19,NESTLEIND,INE239A01016,,4140.0,4168.95,4056.25,4124.15,10440,42855638.15,0.042571833847280575,175.57262856126218
2011-10-20,NESTLEIND,INE239A01016,,4154.95,4290.0,4110.0,4267.65,13861,58443956.45,0.042571833847280575,181.68168671834692
2011-10-21,NESTLEIND,INE239A01016,,4292.6,4347.7,4292.6,4306.55,13505,58294623.35,0.042571833847280575,183.33773105500617
2011-10-24,NESTLEIND,INE239A01016,,4300.0,4339.95,4235.0,4279.55,10652,45594364.2,0.042571833847280575,182.1882915411296
2011-10-25,NESTLEIND,INE239A01016,,4300.95,4323.0,4250.35,4277.8,5360,22912967.8,0.042571833847280575,182.11379083189686
2011-10-26,NESTLEIND,INE239A01016,,4344.0,4344.0,4269.8,4293.0,1239,5332053.0,0.042571833847280575,182.7608827063755
2011-10-28,NESTLEIND,INE239A01016,,4315.0,4339.95,4236.0,4256.3,14264,61027721.75,0.042571833847280575,181.19849640418033
2011-10-31,NESTLEIND,INE239A01016,,4206.0,4275.0,4199.9,4243.85,89170,379075794.75,0.042571833847280575,180.66847707278168
2011-11-01,NESTLEIND,INE239A01016,,4167.45,4399.9,4167.45,4359.8,35114,150803156.7,0.042571833847280575,185.60468120737386
2011-11-02,NESTLEIND,INE239A01016,,4337.45,4440.0,4300.05,4404.15,17647,77610264.05,0.042571833847280575,187.49274203850072
2011-11-03,NESTLEIND,INE239A01016,,4404.25,4435.0,4387.0,4409.85,13897,61404124.45,0.042571833847280575,187.73540149143025
2011-11-04,NESTLEIND,INE239A01016,,4435.0,4500.0,4416.0,4497.45,24340,109048309.9,0.042571833847280575,191.464694136452
2011-11-08,NESTLEIND,INE239A01016,,4540.0,4588.7,4348.7,4364.85,17108,75779190.55,0.042571833847280575,185.81966896830264
2011-11-09,NESTLEIND,INE239A01016,,4450.0,4469.0,4391.25,4425.4,12883,57162537.45,0.042571833847280575,188.39739350775545
2011-11-11,NESTLEIND,INE239A01016,,4430.05,4507.95,4320.05,4488.55,45482,204060305.1,0.042571833847280575,191.08580481521125
2011-11-14,NESTLEIND,INE239A01016,,4490.0,4500.5,4345.0,4388.95,13500,59675656.55,0.042571833847280575,186.84565016402206
2011-11-15,NESTLEIND,INE239A01016,,4388.0,4464.75,4370.0,4421.3,40444,178839995.5,0.042571833847280575,188.2228489889816
2011-11-16,NESTLEIND,INE239A01016,,4421.5,4450.0,4353.15,4419.95,33620,147941333.85,0.042571833847280575,188.16537701328778
2011-11-17,NESTLEIND,INE239A01016,,4410.0,4496.0,4405.1,4473.65,28757,128378418.2,0.042571833847280575,190.45148449088674
2011-11-18,NESTLEIND,INE239A01016,,4475.0,4490.0,4376.0,4428.0,108068,479944309.1,0.042571833847280575,188.50808027575837
2011-11-21,NESTLEIND,INE239A01016,,4427.95,4430.0,4350.0,4368.65,7510,33052002.65,0.042571833847280575,185.98144193692227
2011-11-22,NESTLEIND,INE239A01016,,4350.05,4367.4,4260.0,4276.5,21370,91860437.25,0.042571833847280575,182.0584474478954
2011-11-23,NESTLEIND,INE239A01016,,4263.25,4275.05,4180.5,4194.75,10585,44571831.9,0.042571833847280575,178.5782000308802
2011-11-24,NESTLEIND,INE239A01016,,4180.25,4238.25,4175.0,4185.45,59350,248472796.45,0.042571833847280575,178.18228197610048
2011-11-25,NESTLEIND,INE239A01016,,4185.5,4274.9,4150.0,4196.7,30877,130071642.9,0.042571833847280575,178.6612151068824
2011-11-28,NESTLEIND,INE239A01016,,4230.95,4254.3,4201.5,4238.7,5322,22556254.4,0.042571833847280575,180.44923212846817
2011-11-29,NESTLEIND,INE239A01016,,4253.0,4253.0,4180.0,4192.6,4834,20363871.75,0.042571833847280575,178.48667058810855
2011-11-30,NESTLEIND,INE239A01016,,4200.1,4250.0,4175.25,4222.55,20479,86223961.4,0.042571833847280575,179.7616970118346
2011-12-01,NESTLEIND,INE239A01016,,4242.0,4275.0,4190.0,4206.55,8271,35019122.45,0.042571833847280575,179.08054767027812
2011-12-02,NESTLEIND,INE239A01016,,4206.55,4238.95,4170.0,4222.7,11540,48446624.2,0.042571833847280575,179.7680827869117
2011-12-05,NESTLEIND,INE239A01016,,4241.0,4272.0,4200.1,4213.75,8079,34267820.05,0.042571833847280575,179.38706487397852
2011-12-07,NESTLEIND,INE239A01016,,4249.9,4260.0,4160.2,4205.2,25295,106460100.6,0.042571833847280575,179.02307569458426
2011-12-08,NESTLEIND,INE239A01016,,4238.0,4260.0,4193.1,4244.4,14732,62579081.75,0.042571833847280575,180.69189158139767
2011-12-09,NESTLEIND,INE239A01016,,4239.95,4248.7,4167.0,4190.55,14142,59324019.3,0.042571833847280575,178.39939832872162
2011-12-12,NESTLEIND,INE239A01016,,4250.0,4250.0,4192.0,4212.85,17592,74361294.25,0.04284790583245586,180.51180008626167
2011-12-13,NESTLEIND,INE239A01016,,4150.0,4205.0,4145.25,4169.25,9748,40648688.45,0.04284790583245586,178.6436313919666
2011-12-14,NESTLEIND,INE239A01016,,4170.0,4199.0,4151.0,4169.0,42622,177735867.7,0.04284790583245586,178.63291941550847
2011-12-15,NESTLEIND,INE239A01016,,4135.0,4230.0,4130.0,4228.25,13763,57843983.4,0.04284790583245586,181.1716578360815
2011-12-16,NESTLEIND,INE239A01016,,4185.05,4260.0,4184.2,4206.85,11908,50243362.65,0.04284790583245586,180.25471265126694
2011-12-19,NESTLEIND,INE239A01016,,4162.2,4208.0,4132.4,4160.0,22192,92307516.8,0.04284790583245586,178.24728826301637
2011-12-20,NESTLEIND,INE239A01016,,4189.0,4199.9,4012.0,4114.25,18419,76519422.3,0.04284790583245586,176.28699657118153
2011-12-21,NESTLEIND,INE239A01016,,4125.05,4125.05,3970.0,3983.85,46227,185699230.05,0.04284790583245586,170.69962965062928
2011-12-22,NESTLEIND,INE239A01016,,4024.85,4140.0,3980.1,4113.4,47714,193348419.9,0.04284790583245586,176.2505758512239
2011-12-23,NESTLEIND,INE239A01016,,4135.0,4139.9,4013.4,4087.45,17917,73288725.15,0.04284790583245586,175.1386726948717
2011-12-26,NESTLEIND,INE239A01016,,4093.7,4151.0,4088.0,4139.15,3780,15598984.0,0.04284790583245586,177.35390942640964
2011-12-27,NESTLEIND,INE239A01016,,4149.0,4240.0,4145.0,4219.05,13254,55706018.05,0.04284790583245586,180.77745710242291
2011-12-28,NESTLEIND,INE239A01016,,4210.15,4239.0,4145.0,4207.65,135687,571906357.15,0.04284790583245586,180.28899097593288
2011-12-29,NESTLEIND,INE239A01016,,4197.0,4210.0,4100.0,4112.55,3558,14728534.1,0.04284790583245586,176.21415513126635
2011-12-30,NESTLEIND,INE239A01016,,4135.0,4135.0,4016.0,4094.85,19746,80502379.1,0.04284790583245586,175.45574719803187
2012-01-02,NESTLEIND,INE239A01016,,4143.5,4143.5,4025.0,4038.95,16691,67579617.0,0.04284790583245586,173.06054926199758
2012-01-03,NESTLEIND,INE239A01016,,4089.0,4105.0,4025.1,4098.85,11518,47062602.35,0.04284790583245586,175.6271388213617
2012-01-04,NESTLEIND,INE239A01016,,4109.0,4125.0,4080.05,4120.9,11027,45281060.5,0.04284790583245586,176.57193514496734
2012-01-05,NESTLEIND,INE239A01016,,4119.0,4136.4,4097.15,4108.0,3228,13285250.8,0.04284790583245586,176.01919715972866
2012-01-06,NESTLEIND,INE239A01016,,4107.5,4150.0,4075.0,4129.4,15157,62344625.3,0.04284790583245586,176.9361423445432
2012-01-09,NESTLEIND,INE239A01016,,4139.0,4147.0,4090.0,4105.35,18454,75807879.2,0.04284790583245586,175.9056502092727
2012-01-10,NESTLEIND,INE239A01016,,4099.0,4125.15,4084.5,4101.75,23466,96405693.15,0.04284790583245586,175.75139774827582
2012-01-11,NESTLEIND,INE239A01016,,4064.05,4100.0,4052.0,4062.25,40673,166073964.5,0.04284790583245586,174.05890546789382
2012-01-12,NESTLEIND,INE239A01016,,4069.9,4069.9,3943.1,3958.65,94502,375817244.9,0.04284790583245586,169.6198624236514
2012-01-13,NESTLEIND,INE239A01016,,3993.95,3994.0,3925.0,3943.15,21042,83247203.25,0.04284790583245586,168.95571988324832
2012-01-16,NESTLEIND,INE239A01016,,3949.9,4018.95,3943.2,3997.1,27136,108525383.8,0.04284790583245586,171.26736440290932
2012-01-17,NESTLEIND,INE239A01016,,3940.05,4074.0,3940.05,4056.7,36865,149553810.0,0.04284790583245586,173.8210995905237
2012-01-18,NESTLEIND,INE239A01016,,4084.7,4084.7,4015.05,4037.95,29600,119559906.85,0.04284790583245586,173.01770135616513
2012-01-19,NESTLEIND,INE239A01016,,4080.0,4099.0,4024.85,4075.35,11728,47801133.6,0.04284790583245586,174.62021303429898
2012-01-20,NESTLEIND,INE239A01016,,4101.0,4158.85,4072.05,4143.3,9066,37290989.25,0.04284790583245586,177.53172823561437
2012-01-23,NESTLEIND,INE239A01016,,4148.05,4170.0,4102.35,4123.75,14604,60357629.85,0.04284790583245586,176.69405167658985
2012-01-24,NESTLEIND,INE239A01016,,4080.05,4169.0,4080.05,4147.15,23239,96196702.25,0.04284790583245586,177.6966926730693
2012-01-25,NESTLEIND,INE239A01016,,4120.0,4164.9,4075.4,4127.0,14675,60279736.45,0.04284790583245586,176.83330737054533
2012-01-27,NESTLEIND,INE239A01016,,4159.0,4349.9,4151.2,4281.2,7895,33377935.1,0.04284790583245586,183.44045444991002
2012-01-30,NESTLEIND,INE239A01016,,4340.0,4340.0,4245.0,4259.55,25614,109199591.95,0.04284790583245586,182.51279728863736
2012-01-31,NESTLEIND,INE239A01016,,4259.55,4260.05,4200.0,4236.0,18603,78775683.45,0.04284790583245586,181.50372910628303
2012-02-01,NESTLEIND,INE239A01016,,4300.0,4300.0,4221.0,4231.65,17102,72587136.45,0.04284790583245586,181.31734071591183
2012-02-02,NESTLEIND,INE239A01016,,4297.95,4297.95,4230.0,4247.8,12356,52698254.75,0.04284790583245586,182.009334395106
2012-02-03,NESTLEIND,INE239A01016,,4203.0,4285.0,4170.15,4238.4,8353,35196490.65,0.04284790583245586,181.6065640802809
2012-02-06,NESTLEIND,INE239A01016,,4256.0,4319.0,4232.35,4255.9,18193,77744059.75,0.04284790583245586,182.3564024323489
2012-02-07,NESTLEIND,INE239A01016,,4285.0,4323.0,4215.0,4245.25,26892,115070124.3,0.04284790583245586,181.90007223523324
2012-02-08,NESTLEIND,INE239A01016,,4255.05,4280.0,4206.1,4234.25,57312,243517091.05,0.04284790583245586,181.42874527107622
2012-02-09,NESTLEIND,INE239A01016,,4273.0,4280.0,4225.0,4271.95,22188,94745545.6,0.04284790583245586,183.04411132095981
2012-02-10,NESTLEIND,INE239A01016,,4278.8,4325.0,4240.0,4285.3,15872,68014292.25,0.04284790583245586,183.61613086382312
2012-02-13,NESTLEIND,INE239A01016,,4299.0,4339.0,4269.95,4322.1,10133,43611579.4,0.04284790583245586,185.1929337984575
2012-02-14,NESTLEIND,INE239A01016,,4377.95,4429.95,4325.1,4411.7,17440,76616663.6,0.04284790583245586,189.0321061610455
2012-02-15,NESTLEIND,INE239A01016,,4420.0,4455.0,4377.0,4389.15,14490,64092234.55,0.04284790583245586,188.06588588452362
2012-02-16,NESTLEIND,INE239A01016,,4400.0,4450.0,4370.0,4387.8,11141,49000834.35,0.04284790583245586,188.00804121164984
2012-02-17,NESTLEIND,INE239A01016,,4377.0,4419.9,4345.05,4357.0,8205,35914178.1,0.04284790583245586,186.68832571201017
2012-02-21,NESTLEIND,INE239A01016,,4398.75,4399.85,4360.0,4383.6,20013,87595437.9,0.04284790583245586,187.82808000715352
2012-02-22,NESTLEIND,INE239A01016,,4392.05,4400.0,4352.0,4375.7,9501,41528094.35,0.04284790583245586,187.4895815510771
2012-02-23,NESTLEIND,INE239A01016,,4312.2,4420.0,4312.2,4376.15,18869,82648684.6,0.04284790583245586,187.5088631087017
2012-02-24,NESTLEIND,INE239A01016,,4419.95,4437.5,4382.6,4400.2,26728,117719271.85,0.04284790583245586,188.53935524397227
2012-02-27,NESTLEIND,INE239A01016,,4401.55,4450.0,4382.1,4418.85,38097,167579707.75,0.04284790583245586,189.3384686877476
2012-02-28,NESTLEIND,INE239A01016,,4445.0,4485.0,4399.0,4449.6,23370,104052498.25,0.04284790583245586,190.6560417920956
2012-02-29,NESTLEIND,INE239A01016,,4444.95,4514.6,4401.05,4413.2,12607,56091014.8,0.04284790583245586,189.0963780197942
2012-03-01,NESTLEIND,INE239A01016,,4425.05,4460.0,4356.0,4377.4,18853,82772802.7,0.04284790583245586,187.56242299099227
2012-03-02,NESTLEIND,INE239A01016,,4479.95,4479.95,4362.4,4419.85,18610,82263840.15,0.04284790583245586,189.38131659358004
2012-03-05,NESTLEIND,INE239A01016,,4418.4,4499.0,4396.0,4458.8,34618,153725680.65,0.04284790583245586,191.0502425257542
2012-03-06,NESTLEIND,INE239A01016,,4478.95,4490.0,4400.15,4462.35,5805,25920951.8,0.04284790583245586,191.20235259145943
2012-03-07,NESTLEIND,INE239A01016,,4417.65,4459.0,4387.0,4422.8,4199,18579940.2,0.04284790583245586,189.50771791578578
2012-03-09,NESTLEIND,INE239A01016,,4425.05,4486.4,4425.05,4450.4,12518,55641769.1,0.04284790583245586,190.69032011676154
2012-03-12,NESTLEIND,INE239A01016,,4372.0,4518.95,4372.0,4480.25,12638,56798108.5,0.04284790583245586,191.96933010586037
2012-03-13,NESTLEIND,INE239A01016,,4435.2,4486.9,4434.1,4456.15,13420,59886438.7,0.04284790583245586,190.93669557529816
2012-03-14,NESTLEIND,INE239A01016,,4477.0,4543.95,4377.1,4508.55,44574,198928250.2,0.04284790583245586,193.18192584091886
2012-03-15,NESTLEIND,INE239A01016,,4451.05,4469.9,4377.3,4395.7,19795,87426137.85,0.04284790583245586,188.3465396677262
2012-03-16,NESTLEIND,INE239A01016,,4449.85,4449.85,4360.0,4387.75,46031,201716532.6,0.04284790583245586,188.0058988163582
2012-03-19,NESTLEIND,INE239A01016,,4388.0,4409.75,4367.4,4382.3,90011,394659541.2,0.04284790583245586,187.77237772957133
2012-03-20,NESTLEIND,INE239A01016,,4351.0,4468.0,4351.0,4430.1,6172,27277234.4,0.04284790583245586,189.82050762836272
2012-03-21,NESTLEIND,INE239A01016,,4425.0,4490.0,4402.55,4446.05,71736,318805545.4,0.04296914786951347,191.04297988525036
2012-03-22,NESTLEIND,INE239A01016,,4473.8,4549.0,4431.05,4499.85,20726,93060731.75,0.04296914786951347,193.35472004063018
2012-03-23,NESTLEIND,INE239A01016,,4444.05,4680.0,4444.0,4604.65,20388,92891205.65,0.04296914786951347,197.85788673735516
2012-03-26,NESTLEIND,INE239A01016,,4610.0,4660.05,4416.0,4448.05,50031,224517585.05,0.04296914786951347,191.1289181809894
2012-03-27,NESTLEIND,INE239A01016,,4528.15,4644.0,4434.95,4474.75,111326,500572642.3,0.04296914786951347,192.2761944291054
2012-03-28,NESTLEIND,INE239A01016,,4500.0,4568.0,4475.0,4544.05,127263,575242715.85,0.04296914786951347,195.25395637646267
2012-03-29,NESTLEIND,INE239A01016,,4599.8,4625.0,4403.3,4499.2,17800,80133158.1,0.04296914786951347,193.326790094515
2012-03-30,NESTLEIND,INE239A01016,,4509.95,4670.0,4481.85,4630.6,32002,145656865.2,0.04296914786951347,198.9729361245691
2012-04-02,NESTLEIND,INE239A01016,,4610.0,4739.9,4561.0,4685.65,35630,167001526.8,0.04296914786951347,201.33838771478577
2012-04-03,NESTLEIND,INE239A01016,,4649.85,4821.0,4606.35,4742.5,16078,76225244.55,0.04296914786951347,203.7811837711676
2012-04-04,NESTLEIND,INE239A01016,,4743.0,4780.0,4676.55,4687.25,16991,80105331.2,0.04296914786951347,201.407138351377
2012-04-09,NESTLEIND,INE239A01016,,4695.0,4763.15,4560.0,4579.0,33824,155793794.2,0.04296914786951347,196.75572809450216
2012-04-10,NESTLEIND,INE239A01016,,4506.35,4848.0,4506.35,4784.15,61917,295262086.1,0.04296914786951347,205.57084877993285
2012-04-11,NESTLEIND,INE239A01016,,4795.0,4906.95,4733.05,4867.45,58961,286496509.85,0.04296914786951347,209.15017879746333
2012-04-12,NESTLEIND,INE239A01016,,4867.45,4975.5,4791.6,4921.15,26106,128874889.9,0.04296914786951347,211.45762203805617
2012-04-13,NESTLEIND,INE239A01016,,4922.85,4975.0,4900.35,4922.65,23103,114153599.7,0.04296914786951347,211.52207575986046
2012-04-16,NESTLEIND,INE239A01016,,4922.65,4958.7,4751.0,4785.25,41432,201639957.9,0.04296914786951347,205.6181148425893
2012-04-17,NESTLEIND,INE239A01016,,4800.0,4893.0,4770.0,4828.85,32302,156272997.25,0.04296914786951347,207.49156968970013
2012-04-18,NESTLEIND,INE239A01016,,4888.0,4994.0,4845.0,4960.5,58402,287681746.8,0.04296914786951347,213.14845800672157
2012-04-19,NESTLEIND,INE239A01016,,4978.0,5024.0,4848.6,4903.9,30863,153282733.75,0.04296914786951347,210.71640423730707
2012-04-20,NESTLEIND,INE239A01016,,4851.0,4990.15,4851.0,4978.75,25081,124709080.0,0.04296914786951347,213.93264495534018
2012-04-23,NESTLEIND,INE239A01016,,4950.05,5015.0,4816.15,4882.65,26201,129965817.3,0.04296914786951347,209.80330984507992
2012-04-24,NESTLEIND,INE239A01016,,4920.0,4941.85,4872.0,4883.7,5340,26150653.45,0.04296914786951347,209.8484274503429
2012-04-25,NESTLEIND,INE239A01016,,4912.0,4975.0,4902.2,4935.7,9828,48550467.5,0.04296914786951347,212.0828231395576
2012-04-26,NESTLEIND,INE239A01016,,4935.0,4969.95,4714.1,4735.15,43829,208822514.25,0.04296914786951347,203.4653605343267
2012-04-27,NESTLEIND,INE239A01016,,4743.9,4778.5,4670.0,4696.05,19055,89555215.4,0.04296914786951347,201.78526685262872
2012-04-30,NESTLEIND,INE239A01016,,4700.1,4719.75,4655.0,4674.15,6985,32703980.7,0.04296914786951347,200.84424251428635
2012-05-02,NESTLEIND,INE239A01016,,4699.95,4725.0,4581.0,4622.7,150422,700755302.85,0.04296914786951347,198.6334798563999
2012-05-03,NESTLEIND,INE239A01016,,4632.0,4664.4,4582.2,4613.65,39582,183504785.1,0.04296914786951347,198.2446090681808
2012-05-04,NESTLEIND,INE239A01016,,4580.05,4697.3,4530.0,4568.4,194740,895027187.25,0.04296914786951347,196.3002551270853
2012-05-07,NESTLEIND,INE239A01016,,4594.9,4595.0,4515.5,4576.1,15976,73086933.0,0.04296914786951347,196.6311175656806
2012-05-08,NESTLEIND,INE239A01016,,4599.0,4600.0,4401.0,4488.8,19378,88275859.15,0.04296914786951347,192.87991095667206
2012-05-09,NESTLEIND,INE239A01016,,4509.0,4547.0,4420.0,4444.8,263586,1173019477.3,0.04296914786951347,190.98926845041348
2012-05-10,NESTLEIND,INE239A01016,,4496.0,4550.0,4449.0,4502.5,20515,92023671.1,0.04296914786951347,193.46858828248438
2012-05-11,NESTLEIND,INE239A01016,,4525.0,4580.0,4490.1,4559.45,9575,43225474.3,0.04296914786951347,195.91568125365316
2012-05-14,NESTLEIND,INE239A01016,,4559.0,4700.0,4511.15,4664.5,17704,81390830.6,0.04296914786951347,200.42959023734556
2012-05-15,NESTLEIND,INE239A01016,,4659.95,4660.0,4610.0,4627.45,14425,66863232.0,0.04296914786951347,198.8375833087801
2012-05-16,NESTLEIND,INE239A01016,,4627.05,4627.05,4549.35,4561.55,6081,27745097.55,0.04296914786951347,196.00591646417917
2012-05-17,NESTLEIND,INE239A01016,,4561.55,4725.1,4561.55,4707.4,37451,175456685.3,0.04296914786951347,202.2729666809477
2012-05-18,NESTLEIND,INE239A01016,,4699.45,4725.0,4615.4,4699.8,22494,105466327.8,0.04296914786951347,201.9464011571394
2012-05-21,NESTLEIND,INE239A01016,,4714.9,4750.0,4672.05,4681.1,12064,56643269.35,0.04296914786951347,201.1428780919795
2012-05-22,NESTLEIND,INE239A01016,,4675.05,4727.45,4675.0,4693.5,59979,281789238.0,0.04296914786951347,201.67569552556145
2012-05-23,NESTLEIND,INE239A01016,,4717.95,4718.0,4600.0,4616.5,5826,27065570.55,0.04296914786951347,198.36707113960892
2012-05-24,NESTLEIND,INE239A01016,,4552.5,4650.0,4525.0,4551.95,14387,65616474.55,0.04296914786951347,195.59341264463183
2012-05-25,NESTLEIND,INE239A01016,,4560.0,4613.95,4515.1,4528.6,17751,81001854.15,0.04296914786951347,194.5900830418787
2012-05-28,NESTLEIND,INE239A01016,,4500.0,4574.95,4500.0,4536.35,16742,75768928.85,0.04296914786951347,194.92309393786743
2012-05-29,NESTLEIND,INE239A01016,,4572.0,4574.0,4526.0,4539.55,15770,71716786.9,0.04296914786951347,195.06059521104987
2012-05-30,NESTLEIND,INE239A01016,,4568.95,4568.95,4421.0,4464.35,31710,141667195.25,0.04296914786951347,191.82931529126247
2012-05-31,NESTLEIND,INE239A01016,,4554.0,4554.0,4440.95,4505.2,27370,123063081.15,0.04296914786951347,193.58460498173207
2012-06-01,NESTLEIND,INE239A01016,,4545.0,4600.0,4463.35,4583.45,20022,91438700.3,0.04296914786951347,196.94694080252148
2012-06-04,NESTLEIND,INE239A01016,,4579.0,4583.0,4519.95,4546.0,9833,44750881.7,0.04296914786951347,195.33774621480822
2012-06-05,NESTLEIND,INE239A01016,,4520.0,4571.5,4520.0,4535.25,20089,91325522.5,0.04296914786951347,194.87582787521094
2012-06-06,NESTLEIND,INE239A01016,,4520.0,4590.0,4520.0,4547.05,15729,71507629.3,0.04296914786951347,195.3828638200712
2012-06-07,NESTLEIND,INE239A01016,,4594.75,4594.75,4462.4,4548.15,12133,55018936.25,0.04296914786951347,195.43012988272767
2012-06-08,NESTLEIND,INE239A01016,,4547.95,4575.0,4490.0,4516.6,12198,55082060.7,0.04296914786951347,194.07445326744454
2012-06-11,NESTLEIND,INE239A01016,,4516.9,4553.95,4454.0,4487.35,19199,86116355.7,0.04296914786951347,192.81760569226128
2012-06-12,NESTLEIND,INE239A01016,,4498.95,4526.0,4457.8,4466.6,25789,115401857.9,0.04296914786951347,191.92599587396887
2012-06-13,NESTLEIND,INE239A01016,,4466.5,4555.7,4466.45,4526.45,19660,88992583.75,0.04296914786951347,194.49769937395922
2012-06-14,NESTLEIND,INE239A01016,,4528.0,4564.45,4500.25,4541.4,14040,63706935.4,0.04296914786951347,195.14008813460845
2012-06-15,NESTLEIND,INE239A01016,,4548.0,4548.0,4502.0,4511.55,47769,215705203.85,0.04296914786951347,193.8574590707035
2012-06-18,NESTLEIND,INE239A01016,,4543.9,4580.0,4500.0,4515.2,5267,23861445.25,0.04296914786951347,194.0142964604272
2012-06-19,NESTLEIND,INE239A01016,,4482.05,4597.0,4482.05,4590.95,12320,56348264.9,0.04296914786951347,197.26920941154285
2012-06-20,NESTLEIND,INE239A01016,,4560.0,4619.95,4550.8,4590.7,19241,88388149.4,0.04296914786951347,197.25846712457547
2012-06-21,NESTLEIND,INE239A01016,,4482.05,4610.0,4470.0,4479.85,52154,234562332.65,0.04296914786951347,192.49533708323992
2012-06-22,NESTLEIND,INE239A01016,,4590.0,4620.0,4450.0,4515.1,12137,54950898.05,0.04296914786951347,194.00999954564028
2012-06-25,NESTLEIND,INE239A01016,,4485.0,4547.3,4475.1,4499.9,6231,28076648.0,0.04296914786951347,193.35686849802363
2012-06-26,NESTLEIND,INE239A01016,,4580.0,4580.0,4460.5,4478.0,12979,58110311.75,0.04296914786951347,192.4158441596813
2012-06-27,NESTLEIND,INE239A01016,,4575.0,4575.0,4488.0,4499.8,40568,182821825.25,0.04296914786951347,193.3525715832367
2012-06-28,NESTLEIND,INE239A01016,,4570.0,4570.0,4475.0,4499.55,33881,152457408.05,0.04296914786951347,193.34182929626934
2012-06-29,NESTLEIND,INE239A01016,,4502.7,4555.0,4490.15,4539.05,49289,222744866.5,0.04296914786951347,195.0391106371151
2012-07-02,NESTLEIND,INE239A01016,,4567.0,4640.0,4527.5,4536.75,8720,39746777.8,0.04296914786951347,194.94028159701523
2012-07-03,NESTLEIND,INE239A01016,,4560.0,4562.45,4515.15,4536.05,58414,265014526.85,0.04296914786951347,194.91020319350656
2012-07-04,NESTLEIND,INE239A01016,,4541.35,4552.55,4470.05,4475.5,82730,370654291.15,0.04296914786951347,192.30842129000752
2012-07-05,NESTLEIND,INE239A01016,,4476.1,4500.0,4455.0,4459.75,48268,216557298.7,0.04296914786951347,191.63165721106267
2012-07-06,NESTLEIND,INE239A01016,,4450.0,4470.0,4420.0,4437.2,29078,129068860.35,0.04296914786951347,190.66270292660516
2012-07-09,NESTLEIND,INE239A01016,,4437.0,4478.0,4410.0,4420.65,11624,51561373.55,0.04296914786951347,189.9515635293647
2012-07-10,NESTLEIND,INE239A01016,,4419.0,4478.7,4419.0,4464.35,32964,146962848.5,0.04296914786951347,191.82931529126247
2012-07-11,NESTLEIND,INE239A01016,,4450.15,4509.0,4445.0,4496.55,20268,90867754.35,0.04296914786951347,193.2129218526608
2012-07-12,NESTLEIND,INE239A01016,,4524.0,4524.0,4470.05,4503.15,21316,95919833.6,0.04296914786951347,193.49651822859954
2012-07-13,NESTLEIND,INE239A01016,,4482.0,4520.0,4450.0,4482.65,70984,320029729.6,0.04296914786951347,192.61565069727453
2012-07-16,NESTLEIND,INE239A01016,,4452.3,4531.0,4452.3,4525.15,16561,74827533.25,0.04296914786951347,194.44183948172886
2012-07-17,NESTLEIND,INE239A01016,,4529.0,4545.95,4465.0,4498.7,5396,24322693.7,0.04296914786951347,193.30530552058022
2012-07-18,NESTLEIND,INE239A01016,,4503.5,4509.0,4475.0,4502.35,2765,12439788.95,0.04296914786951347,193.46214291030398
2012-07-19,NESTLEIND,INE239A01016,,4545.0,4545.0,4479.0,4485.0,10767,48342338.95,0.04296914786951347,192.7166281947679
2012-07-20,NESTLEIND,INE239A01016,,4484.65,4539.0,4483.65,4514.85,14460,65401874.45,0.04296914786951347,193.99925725867288
2012-07-23,NESTLEIND,INE239A01016,,4464.6,4531.0,4450.0,4464.1,8784,39216602.25,0.04296914786951347,191.81857300429508
2012-07-24,NESTLEIND,INE239A01016,,4476.3,4485.0,4426.1,4450.65,12070,53842864.9,0.04296914786951347,191.2406379654501
2012-07-25,NESTLEIND,INE239A01016,,4416.7,4475.0,4416.7,4450.05,11027,49057058.85,0.04296914786951347,191.21485647672841
2012-07-26,NESTLEIND,INE239A01016,,4465.4,4480.0,4430.0,4438.0,12285,54722477.6,0.04296914786951347,190.69707824490078
2012-07-27,NESTLEIND,INE239A01016,,4470.95,4489.5,4438.0,4456.7,6809,30427714.1,0.04296914786951347,191.50060131006066
2012-07-30,NESTLEIND,INE239A01016,,4457.0,4540.0,4431.5,4504.6,22522,101495655.15,0.04296914786951347,193.55882349301038
2012-07-31,NESTLEIND,INE239A01016,,4500.0,4518.9,4460.05,4478.65,5756,25784098.75,0.04296914786951347,192.44377410579648
2012-08-01,NESTLEIND,INE239A01016,,4475.0,4491.85,4418.0,4422.4,17334,76858436.45,0.04314254068483214,190.79357192460165
2012-08-02,NESTLEIND,INE239A01016,,4495.9,4527.8,4365.2,4399.85,42869,188732230.8,0.04314254068483214,189.82070763215873
2012-08-03,NESTLEIND,INE239A01016,,4400.0,4443.95,4350.0,4370.6,30596,133650441.1,0.04314254068483214,188.55878831712738
2012-08-06,NESTLEIND,INE239A01016,,4400.0,4430.5,4375.0,4400.6,11823,52145070.4,0.04314254068483214,189.85306453767234
2012-08-07,NESTLEIND,INE239A01016,,4422.75,4485.95,4400.35,4459.25,43301,192527316.3,0.04314254068483214,192.38337454883774
2012-08-08,NESTLEIND,INE239A01016,,4475.0,4475.0,4400.0,4409.4,12893,56937542.8,0.04314254068483214,190.23271889569884
2012-08-09,NESTLEIND,INE239A01016,,4453.0,4464.4,4400.4,4456.35,7650,34030635.15,0.04314254068483214,192.25826118085175
2012-08-10,NESTLEIND,INE239A01016,,4469.0,4473.9,4390.0,4399.1,40789,180137458.6,0.04314254068483214,189.7883507266451
2012-08-13,NESTLEIND,INE239A01016,,4473.35,4473.35,4400.5,4434.0,2837,12546386.65,0.04314254068483214,191.29402539654572
2012-08-14,NESTLEIND,INE239A01016,,4425.0,4463.9,4401.0,4452.45,21658,96269044.0,0.04314254068483214,192.09000527218086
2012-08-16,NESTLEIND,INE239A01016,,4426.0,4455.0,4420.0,4441.9,16158,71704316.0,0.04314254068483214,191.63485146795588
2012-08-17,NESTLEIND,INE239A01016,,4428.05,4479.0,4428.05,4460.65,80663,359325317.3,0.04314254068483214,192.44377410579648
2012-08-21,NESTLEIND,INE239A01016,,4443.0,4633.8,4435.0,4591.9,36645,166403030.2,0.04314254068483214,198.1062325706807
2012-08-22,NESTLEIND,INE239A01016,,4591.0,4618.95,4565.0,4590.75,41989,192726774.25,0.04314254068483214,198.05661864889316
2012-08-23,NESTLEIND,INE239A01016,,4591.05,4709.0,4588.0,4688.05,30033,140414781.6,0.04314254068483214,202.25438785752732
2012-08-24,NESTLEIND,INE239A01016,,4500.0,4750.0,4500.0,4710.3,21063,98723528.95,0.04314254068483214,203.21430938776484
2012-08-27,NESTLEIND,INE239A01016,,4710.3,4759.9,4635.0,4732.75,12529,59140043.05,0.04314254068483214,204.18285942613932
2012-08-28,NESTLEIND,INE239A01016,,4753.75,4753.75,4644.0,4721.95,12895,60680897.65,0.04314254068483214,203.71691998674314
2012-08-29,NESTLEIND,INE239A01016,,4714.95,4719.0,4648.0,4701.05,10568,49551318.3,0.04314254068483214,202.81524088643016
2012-08-30,NESTLEIND,INE239A01016,,4696.75,4706.75,4610.1,4669.65,11821,55292289.25,0.04314254068483214,201.4605651089264
2012-08-31,NESTLEIND,INE239A01016,,4669.65,4704.0,4610.0,4635.3,54236,251649856.7,0.04314254068483214,199.97861883640243
2012-09-03,NESTLEIND,INE239A01016,,4600.0,4648.95,4584.95,4593.25,23415,107671536.75,0.04314254068483214,198.16447500060525
2012-09-04,NESTLEIND,INE239A01016,,4648.0,4678.95,4595.0,4621.9,11094,51173511.05,0.04314254068483214,199.40050879122566
2012-09-05,NESTLEIND,INE239A01016,,4621.0,4635.0,4580.0,4599.25,24993,115032084.35,0.04314254068483214,198.42333024471424
2012-09-06,NESTLEIND,INE239A01016,,4550.05,4640.0,4550.05,4603.85,31120,143270685.95,0.04314254068483214,198.62178593186448
2012-09-07,NESTLEIND,INE239A01016,,4676.8,4676.8,4575.0,4602.8,119460,549761517.45,0.04314254068483214,198.5764862641454
2012-09-10,NESTLEIND,INE239A01016,,4621.0,4640.0,4580.0,4589.7,14107,64920773.4,0.04314254068483214,198.01131898117407
2012-09-11,NESTLEIND,INE239A01016,,4646.7,4646.7,4501.0,4519.35,11481,52217068.9,0.04314254068483214,194.97624124399616
2012-09-12,NESTLEIND,INE239A01016,,4558.95,4605.8,4519.95,4574.35,9928,45406521.4,0.04314254068483214,197.34908098166193
2012-09-13,NESTLEIND,INE239A01016,,4634.9,4634.9,4500.0,4535.3,9241,41825998.05,0.04314254068483214,195.6643647679192
2012-09-14,NESTLEIND,INE239A01016,,4555.0,4614.95,4467.0,4489.4,26678,120024772.55,0.04314254068483214,193.6841221504854
2012-09-17,NESTLEIND,INE239A01016,,4489.4,4529.95,4443.0,4461.9,72209,321753911.95,0.04314254068483214,192.49770228165252
2012-09-18,NESTLEIND,INE239A01016,,4436.0,4465.0,4400.0,4400.8,22475,99368970.45,0.04314254068483214,189.8616930458093
2012-09-20,NESTLEIND,INE239A01016,,4400.0,4428.9,4351.0,4360.25,32753,143282299.65,0.04314254068483214,188.11226302103935
2012-09-21,NESTLEIND,INE239A01016,,4388.8,4394.95,4348.0,4354.1,35233,154116663.5,0.04314254068483214,187.84693639582764
2012-09-24,NESTLEIND,INE239A01016,,4370.05,4390.0,4325.0,4352.25,12189,53067342.35,0.04314254068483214,187.7671226955607
2012-09-25,NESTLEIND,INE239A01016,,4344.0,4374.0,4320.0,4350.6,8835,38457531.6,0.04314254068483214,187.69593750343074
2012-09-26,NESTLEIND,INE239A01016,,4335.0,4389.0,4335.0,4344.2,11830,51551920.25,0.04314254068483214,187.4198252430478
2012-09-27,NESTLEIND,INE239A01016,,4378.85,4378.85,4300.0,4324.4,39145,169223922.55,0.04314254068483214,186.5656029374881
2012-09-28,NESTLEIND,INE239A01016,,4314.0,4433.0,4308.0,4401.95,41764,183525228.0,0.04314254068483214,189.91130696759683
2012-10-01,NESTLEIND,INE239A01016,,4438.8,4450.0,4407.5,4435.55,20435,90628369.25,0.04314254068483214,191.36089633460722
2012-10-03,NESTLEIND,INE239A01016,,4435.55,4570.0,4372.9,4557.9,35246,159289516.2,0.04314254068483214,196.6393861873964
2012-10-04,NESTLEIND,INE239A01016,,4542.0,4600.0,4490.0,4586.05,40826,187318106.95,0.04314254068483214,197.85384870767444
2012-10-05,NESTLEIND,INE239A01016,,4586.0,4610.0,4580.1,4599.5,55826,257029137.0,0.04314254068483214,198.43411587988544
2012-10-08,NESTLEIND,INE239A01016,,4600.0,4615.0,4505.0,4602.15,61737,283945909.45,0.04314254068483214,198.54844361270023
2012-10-09,NESTLEIND,INE239A01016,,4633.95,4670.0,4605.0,4630.5,29262,135710067.2,0.04314254068483214,199.77153464111524
2012-10-10,NESTLEIND,INE239A01016,,4626.0,4674.0,4600.0,4640.4,11007,50991554.55,0.04314254068483214,200.19864579389505
2012-10-11,NESTLEIND,INE239A01016,,4655.0,5429.0,4616.15,4646.15,25306,118808034.5,0.04314254068483214,200.44671540283284
2012-10-12,NESTLEIND,INE239A01016,,4560.0,4695.0,4526.3,4680.25,23494,109733692.75,0.04314254068483214,201.91787604018563
2012-10-15,NESTLEIND,INE239A01016,,4675.0,4720.0,4649.95,4695.6,24248,113581126.0,0.04314254068483214,202.58011403969783
2012-10-16,NESTLEIND,INE239A01016,,4699.9,4799.0,4699.85,4765.6,21940,104136502.25,0.04314254068483214,205.60009188763607
2012-10-17,NESTLEIND,INE239A01016,,4765.6,4800.0,4740.0,4760.25,4920,23412673.0,0.04314254068483214,205.36927929497222
2012-10-18,NESTLEIND,INE239A01016,,4760.0,4784.5,4728.95,4741.25,8098,38471767.8,0.04314254068483214,204.5495710219604
2012-10-19,NESTLEIND,INE239A01016,,4700.0,4785.95,4700.0,4768.8,42975,203335447.55,0.04314254068483214,205.73814801782754
2012-10-22,NESTLEIND,INE239A01016,,4768.8,4794.0,4663.3,4766.3,5131,24457947.45,0.04314254068483214,205.63029166611545
2012-10-23,NESTLEIND,INE239A01016,,4758.0,4770.05,4660.0,4669.6,32247,152100694.1,0.04314254068483214,201.45840798189218
2012-10-25,NESTLEIND,INE239A01016,,4734.0,4734.0,4652.35,4687.95,10159,47558875.2,0.04314254068483214,202.25007360345884
2012-10-26,NESTLEIND,INE239A01016,,4680.0,4700.0,4650.0,4651.9,13517,63082225.1,0.04314254068483214,200.69478501177062
2012-10-29,NESTLEIND,INE239A01016,,4674.9,4700.0,4649.95,4672.5,6246,29192834.35,0.04314254068483214,201.5835213498782
2012-10-30,NESTLEIND,INE239A01016,,4700.0,4700.0,4650.0,4689.25,31953,149230573.1,0.04314254068483214,202.3061589063491
2012-10-31,NESTLEIND,INE239A01016,,4749.9,4749.9,4655.15,4700.1,7162,33659337.8,0.04314254068483214,202.77425547277957
2012-11-01,NESTLEIND,INE239A01016,,4698.9,4734.8,4640.2,4726.1,9718,45782438.7,0.04314254068483214,203.8959615305852
2012-11-02,NESTLEIND,INE239A01016,,4788.85,4788.85,4690.1,4780.45,47155,225095387.3,0.04314254068483214,206.2407586168058
2012-11-05,NESTLEIND,INE239A01016,,4824.95,4849.25,4782.5,4841.05,19795,95508313.5,0.04314254068483214,208.85519658230666
2012-11-06,NESTLEIND,INE239A01016,,4798.75,4888.0,4798.75,4859.8,18470,89929534.15,0.04314254068483214,209.66411922014726
2012-11-07,NESTLEIND,INE239A01016,,4869.9,4886.0,4839.95,4857.25,32460,158124470.95,0.04314254068483214,209.55410574140092
2012-11-08,NESTLEIND,INE239A01016,,4820.0,4915.5,4820.0,4892.8,12260,59977561.95,0.04314254068483214,211.0878230627467
2012-11-09,NESTLEIND,INE239A01016,,4899.95,4920.0,4850.0,4863.55,7950,38738648.7,0.04314254068483214,209.8259037477154
2012-11-12,NESTLEIND,INE239A01016,,4870.0,4900.0,4799.95,4802.65,5069,24458004.65,0.04314254068483214,207.19852302000908
2012-11-13,NESTLEIND,INE239A01016,,4800.0,4848.0,4760.0,4792.65,4193,20061257.5,0.04314254068483214,206.76709761316076
2012-11-15,NESTLEIND,INE239A01016,,4785.0,4785.0,4713.0,4720.05,27025,127912502.55,0.04314254068483214,203.63494915944196
2012-11-16,NESTLEIND,INE239A01016,,4714.0,4763.95,4710.85,4724.65,10664,50363763.8,0.04314254068483214,203.83340484659217
2012-11-19,NESTLEIND,INE239A01016,,4650.0,4847.7,4575.0,4599.2,52134,242727296.75,0.04314254068483214,198.42117311767998
2012-11-20,NESTLEIND,INE239A01016,,4650.0,4650.0,4598.0,4609.4,40332,185868763.15,0.04314254068483214,198.86122703266525
2012-11-21,NESTLEIND,INE239A01016,,4620.0,4644.0,4599.95,4627.4,27333,126409176.95,0.04314254068483214,199.63779276499224
2012-11-22,NESTLEIND,INE239A01016,,4627.05,4645.45,4583.35,4620.1,24653,113898822.05,0.04314254068483214,199.322852217993
2012-11-23,NESTLEIND,INE239A01016,,4586.0,4629.9,4580.0,4619.55,22522,103696556.65,0.04314254068483214,199.29912382061633
2012-11-26,NESTLEIND,INE239A01016,,4630.0,4710.0,4583.0,4599.75,17469,81270995.35,0.04314254068483214,198.44490151505664
2012-11-27,NESTLEIND,INE239A01016,,4689.0,4689.0,4600.0,4620.4,12251,56834243.25,0.04314254068483214,199.33579498019841
2012-11-29,NESTLEIND,INE239A01016,,4676.4,5544.45,4630.15,4747.65,38059,181223386.65,0.04314254068483214,204.8256832823433
2012-11-30,NESTLEIND,INE239A01016,,4774.9,4900.0,4630.0,4767.4,46425,220046121.95,0.04314254068483214,205.67774846086874
2012-12-03,NESTLEIND,INE239A01016,,4849.9,4849.9,4655.65,4687.85,17270,81493867.7,0.04314254068483214,202.24575934939037
2012-12-04,NESTLEIND,INE239A01016,,4738.0,4790.0,4707.05,4781.1,14084,67201663.95,0.04314254068483214,206.26880126825097
2012-12-05,NESTLEIND,INE239A01016,,4794.0,4840.0,4794.0,4815.45,7535,36249294.85,0.04314254068483214,207.75074754077494
2012-12-06,NESTLEIND,INE239A01016,,4838.0,4864.0,4782.2,4813.4,6236,30056214.25,0.04314254068483214,207.662305332371
2012-12-07,NESTLEIND,INE239A01016,,4840.0,4840.0,4800.0,4827.5,31715,153033662.1,0.04314254068483214,208.27061515602716
2012-12-10,NESTLEIND,INE239A01016,,4875.8,4875.8,4776.0,4806.6,13085,62877703.4,0.04314254068483214,207.3689360557142
2012-12-11,NESTLEIND,INE239A01016,,4800.1,4860.0,4650.0,4827.6,14396,69123381.55,0.04314254068483214,208.27492941009567
2012-12-12,NESTLEIND,INE239A01016,,4899.0,4899.0,4755.0,4818.2,5263,25354145.7,0.04330400228919154,208.64734382978267
2012-12-13,NESTLEIND,INE239A01016,,4839.9,4851.0,4790.0,4841.85,8540,41265690.2,0.04330400228919154,209.67148348392206
2012-12-14,NESTLEIND,INE239A01016,,4717.3,4892.0,4717.3,4796.55,7409,35594044.5,0.04330400228919154,207.7098121802217
2012-12-17,NESTLEIND,INE239A01016,,4830.0,4830.0,4772.3,4789.1,14830,71346985.1,0.04330400228919154,207.38719736316722
2012-12-18,NESTLEIND,INE239A01016,,4770.45,4850.0,4770.2,4796.15,63282,303807462.65,0.04330400228919154,207.692490579306
2012-12-19,NESTLEIND,INE239A01016,,4776.4,4945.0,4772.0,4912.65,43974,214483193.8,0.04330400228919154,212.73740684599682
2012-12-20,NESTLEIND,INE239A01016,,4929.0,4945.0,4872.0,4886.15,12695,62114006.3,0.04330400228919154,211.58985078533323
2012-12-21,NESTLEIND,INE239A01016,,4887.0,4965.0,4877.1,4900.5,37648,184602947.45,0.04330400228919154,212.21126321818315
2012-12-24,NESTLEIND,INE239A01016,,4905.05,4905.05,4806.2,4828.5,4266,20639273.1,0.04330400228919154,209.09337505336134
2012-12-26,NESTLEIND,INE239A01016,,4818.6,4870.0,4799.65,4841.8,42611,206244125.15,0.04330400228919154,209.6693182838076
2012-12-27,NESTLEIND,INE239A01016,,4830.0,5024.2,4830.0,4949.95,38715,190401974.2,0.04330400228919154,214.35264613138366
2012-12-28,NESTLEIND,INE239A01016,,4989.0,4990.95,4932.1,4965.05,13262,65907042.05,0.04330400228919154,215.00653656595046
2012-12-31,NESTLEIND,INE239A01016,,4997.65,5015.95,4936.0,4992.3,11764,58747778.85,0.04330400228919154,216.18657062833094
2013-01-01,NESTLEIND,INE239A01016,,5001.0,5001.0,4925.0,4951.6,4220,21009170.5,0.04330400228919154,214.42409773516084
2013-01-02,NESTLEIND,INE239A01016,,4988.95,5050.0,4932.0,4974.3,45666,227362238.65,0.04330400228919154,215.4070985871255
2013-01-03,NESTLEIND,INE239A01016,,4975.05,4979.8,4866.0,4899.2,21674,106656834.6,0.04330400228919154,212.15496801520717
2013-01-04,NESTLEIND,INE239A01016,,4905.3,4935.0,4862.6,4875.85,12996,63582044.8,0.04330400228919154,211.14381956175458
2013-01-07,NESTLEIND,INE239A01016,,4949.85,4949.85,4852.35,4874.15,30739,150258464.25,0.04330400228919154,211.07020275786292
2013-01-08,NESTLEIND,INE239A01016,,4875.0,4918.95,4867.65,4894.95,117547,576319909.8,0.04330400228919154,211.97092600547813
2013-01-09,NESTLEIND,INE239A01016,,4881.35,4964.9,4880.0,4947.7,31909,157886463.55,0.04330400228919154,214.25521212623298
2013-01-10,NESTLEIND,INE239A01016,,4948.0,4975.95,4840.0,4857.95,22108,108458482.4,0.04330400228919154,210.36867792077803
2013-01-11,NESTLEIND,INE239A01016,,4894.6,4895.95,4819.95,4839.6,11815,57195244.9,0.04330400228919154,209.5740494787714
2013-01-14,NESTLEIND,INE239A01016,,4979.95,4980.0,4876.3,4894.95,17080,83656046.1,0.04330400228919154,211.97092600547813
2013-01-15,NESTLEIND,INE239A01016,,4880.15,4899.2,4821.45,4857.3,14141,68703633.5,0.04330400228919154,210.34053031929008
2013-01-16,NESTLEIND,INE239A01016,,4856.95,4872.75,4826.0,4839.2,4513,21891437.1,0.04330400228919154,209.55672787785568
2013-01-17,NESTLEIND,INE239A01016,,4878.9,4878.9,4791.0,4797.55,7807,37640042.1,0.04330400228919154,207.7531161825109
2013-01-18,NESTLEIND,INE239A01016,,4831.7,4859.9,4786.6,4797.0,13335,64454746.25,0.04330400228919154,207.72929898125182
2013-01-21,NESTLEIND,INE239A01016,,4852.0,4852.0,4782.0,4794.85,13066,62655411.0,0.04330400228919154,207.63619537633008
2013-01-22,NESTLEIND,INE239A01016,,4776.0,4827.65,4681.0,4700.75,12694,60396989.7,0.04330400228919154,203.56128876091714
2013-01-23,NESTLEIND,INE239A01016,,4779.8,4779.8,4475.0,4503.1,49043,224523823.25,0.04330400228919154,195.00225270845843
2013-01-24,NESTLEIND,INE239A01016,,4550.2,4574.0,4510.15,4549.3,14506,65872076.15,0.04330400228919154,197.00289761421908
2013-01-25,NESTLEIND,INE239A01016,,4550.05,4670.0,4524.0,4650.1,15375,70965287.45,0.04330400228919154,201.3679410449696
2013-01-28,NESTLEIND,INE239A01016,,4698.0,4698.0,4570.05,4596.85,26792,123343088.35,0.04330400228919154,199.06200292307014
2013-01-29,NESTLEIND,INE239A01016,,4690.0,4690.0,4562.35,4602.45,24267,111561603.55,0.04330400228919154,199.3045053358896
2013-01-30,NESTLEIND,INE239A01016,,4635.2,4698.0,4602.0,4649.2,15340,71209052.7,0.04330400228919154,201.3289674429093
2013-01-31,NESTLEIND,INE239A01016,,4651.0,4797.1,4621.45,4745.55,35395,166286335.6,0.04330400228919154,205.50130806347292
2013-02-01,NESTLEIND,INE239A01016,,4670.15,4789.9,4634.2,4692.65,23148,108543880.2,0.04330400228919154,203.21052634237466
2013-02-04,NESTLEIND,INE239A01016,,4747.0,4760.0,4655.0,4739.65,8728,41243607.5,0.04330400228919154,205.24581444996667
2013-02-05,NESTLEIND,INE239A01016,,4789.8,4789.8,4701.6,4745.5,23112,110096830.45,0.04330400228919154,205.49914286335846
2013-02-06,NESTLEIND,INE239A01016,,4761.95,4783.0,4706.5,4715.6,3672,17389367.15,0.04330400228919154,204.20435319491165
2013-02-07,NESTLEIND,INE239A01016,,4743.2,4770.0,4701.0,4705.05,3140,14829305.45,0.04330400228919154,203.74749597076067
2013-02-08,NESTLEIND,INE239A01016,,4717.05,4759.2,4632.0,4643.4,9467,44372347.75,0.04330400228919154,201.077804229632
2013-02-11,NESTLEIND,INE239A01016,,4657.45,4710.0,4570.35,4604.55,25377,118318604.0,0.04330400228919154,199.39544374069692
2013-02-12,NESTLEIND,INE239A01016,,4656.0,4656.65,4580.0,4622.65,23744,109719810.7,0.04330400228919154,200.17924618213127
2013-02-13,NESTLEIND,INE239A01016,,4608.5,4647.7,4599.9,4612.7,13528,62466205.2,0.04330400228919154,199.7483713593538
2013-02-14,NESTLEIND,INE239A01016,,4620.25,4633.9,4570.0,4597.7,33865,155937515.4,0.04330400228919154,199.09881132501593
2013-02-15,NESTLEIND,INE239A01016,,4582.05,4607.0,4565.1,4597.45,7213,33109768.25,0.04330400228919154,199.08798532444365
2013-02-18,NESTLEIND,INE239A01016,,4605.0,4620.8,4557.0,4566.9,14948,68378401.2,0.04330400228919154,197.76504805450884
2013-02-19,NESTLEIND,INE239A01016,,4589.6,4604.9,4571.15,4598.9,4883,22435454.7,0.04330400228919154,199.15077612776295
2013-02-20,NESTLEIND,INE239A01016,,4651.8,4651.8,4581.0,4604.2,350936,1617500043.8,0.04330400228919154,199.3802873398957
2013-02-21,NESTLEIND,INE239A01016,,4600.0,4645.0,4572.65,4593.5,98113,451397300.7,0.04330400228919154,198.91693451540135
2013-02-22,NESTLEIND,INE239A01016,,4644.65,4747.7,4608.0,4629.1,77755,359884565.3,0.04330400228919154,200.45855699689656
2013-02-25,NESTLEIND,INE239A01016,,4606.4,4689.9,4600.0,4654.55,49964,232530318.25,0.04342125308601494,202.10639355151085
2013-02-26,NESTLEIND,INE239A01016,,4615.4,4665.45,4601.1,4617.35,22988,106041716.3,0.04342125308601494,200.4911229367111
2013-02-27,NESTLEIND,INE239A01016,,4632.6,4699.0,4625.15,4670.05,85135,397843268.0,0.04342125308601494,202.77942297434407
2013-02-28,NESTLEIND,INE239A01016,,4699.85,4789.85,4699.8,4761.8,158717,755657510.55,0.04342125308601494,206.76332294498593
2013-03-01,NESTLEIND,INE239A01016,,4760.0,4779.8,4680.05,4696.85,7694,36210251.9,0.04342125308601494,203.9431125570493
2013-03-04,NESTLEIND,INE239A01016,,4716.15,4764.9,4714.0,4738.8,22273,105771245.55,0.04342125308601494,205.76463412400759
2013-03-05,NESTLEIND,INE239A01016,,4722.6,4750.0,4685.0,4725.0,26862,126919459.7,0.04342125308601494,205.1654208314206
2013-03-06,NESTLEIND,INE239A01016,,4749.9,4750.0,4720.0,4735.75,44725,211834770.0,0.04342125308601494,205.63219930209524
2013-03-07,NESTLEIND,INE239A01016,,4713.4,4729.9,4700.0,4709.5,5617,26454785.4,0.04342125308601494,204.49239140858734
2013-03-08,NESTLEIND,INE239A01016,,4728.95,4775.0,4712.65,4768.65,20236,96166989.5,0.04342125308601494,207.06075852862512
2013-03-11,NESTLEIND,INE239A01016,,4751.45,4797.9,4710.0,4721.65,10874,51559671.35,0.04342125308601494,205.01995963358243
2013-03-12,NESTLEIND,INE239A01016,,4705.0,4769.0,4675.0,4697.95,4088,19248947.25,0.04342125308601494,203.99087593544388
2013-03-13,NESTLEIND,INE239A01016,,4687.0,4725.0,4669.95,4688.7,7714,36230325.45,0.04342125308601494,203.58922934439823
2013-03-14,NESTLEIND,INE239A01016,,4685.1,4730.0,4675.05,4706.3,5463,25658574.9,0.04342125308601494,204.3534433987121
2013-03-15,NESTLEIND,INE239A01016,,4700.0,4818.0,4629.65,4725.2,33258,156802809.2,0.04342125308601494,205.17410508203778
2013-03-18,NESTLEIND,INE239A01016,,4735.0,4759.8,4655.55,4677.0,36278,169873747.75,0.04342125308601494,203.08120068329185
2013-03-19,NESTLEIND,INE239A01016,,4698.95,4705.0,4640.0,4679.5,13171,61552299.9,0.04342125308601494,203.1897538160069
2013-03-20,NESTLEIND,INE239A01016,,4700.0,4710.0,4640.0,4699.9,12928,60684681.35,0.04342125308601494,204.0755473789616
2013-03-21,NESTLEIND,INE239A01016,,4625.0,4774.7,4625.0,4756.5,14619,68891474.15,0.04342125308601494,206.53319030363005
2013-03-22,NESTLEIND,INE239A01016,,4725.0,4754.75,4660.0,4706.75,13594,63921431.7,0.04342125308601494,204.37298296260082
2013-03-25,NESTLEIND,INE239A01016,,4681.25,4867.7,4566.0,4610.25,140430,654114411.95,0.04342125308601494,200.18283203980036
2013-03-26,NESTLEIND,INE239A01016,,4590.05,4636.1,4555.0,4567.95,39066,179989734.9,0.04342125308601494,198.34611303426192
2013-03-28,NESTLEIND,INE239A01016,,4599.95,4619.75,4533.0,4588.2,27763,127625943.3,0.04342125308601494,199.22539340925374
2013-04-01,NESTLEIND,INE239A01016,,4675.0,4679.9,4600.0,4622.85,9775,45229665.4,0.04342125308601494,200.72993982868417
2013-04-02,NESTLEIND,INE239A01016,,4581.0,4640.0,4581.0,4622.05,4837,22319683.15,0.04342125308601494,200.69520282621536
2013-04-03,NESTLEIND,INE239A01016,,4610.0,4660.0,4610.0,4645.9,6997,32489821.15,0.04342125308601494,201.73079971231678
2013-04-04,NESTLEIND,INE239A01016,,4605.2,4649.75,4535.0,4552.6,6671,30576818.2,0.04342125308601494,197.67959679939162
2013-04-05,NESTLEIND,INE239A01016,,4625.0,4625.0,4433.0,4454.3,19451,87495671.35,0.04342125308601494,193.41128762103634
2013-04-08,NESTLEIND,INE239A01016,,4500.05,4524.95,4448.1,4452.85,7608,33957826.5,0.04342125308601494,193.34832680406163
2013-04-09,NESTLEIND,INE239A01016,,4515.0,4515.0,4440.0,4460.1,5571,24891089.35,0.04342125308601494,193.66313088893523
2013-04-10,NESTLEIND,INE239A01016,,4514.9,4530.0,4460.0,4513.8,121812,545330548.55,0.04342125308601494,195.99485217965423
2013-04-11,NESTLEIND,INE239A01016,,4600.0,4600.0,4500.0,4511.8,41826,188843065.85,0.04342125308601494,195.9080096734822
2013-04-12,NESTLEIND,INE239A01016,,4490.0,4540.0,4472.65,4520.7,9713,43841143.1,0.04342125308601494,196.29445882594771
2013-04-15,NESTLEIND,INE239A01016,,4525.0,4598.0,4525.0,4585.3,7486,34187497.9,0.04342125308601494,199.0994717753043
2013-04-16,NESTLEIND,INE239A01016,,4584.9,4620.0,4551.65,4619.4,28847,132745316.25,0.04342125308601494,200.58013650553738
2013-04-17,NESTLEIND,INE239A01016,,4650.0,4679.85,4602.0,4662.15,59251,274733149.0,0.04342125308601494,202.43639507496454
2013-04-18,NESTLEIND,INE239A01016,,4689.0,4689.0,4609.0,4670.8,21655,101166925.7,0.04342125308601494,202.81198891415858
2013-04-22,NESTLEIND,INE239A01016,,4610.0,4710.0,4610.0,4698.0,50694,237240806.85,0.04342125308601494,203.99304699809818
2013-04-23,NESTLEIND,INE239A01016,,4675.1,4704.0,4632.05,4655.55,87560,411405578.4,0.04342125308601494,202.14981480459684
2013-04-25,NESTLEIND,INE239A01016,,4707.0,4725.0,4611.55,4714.1,18087,85138962.4,0.04342125308601494,204.69212917278304
2013-04-26,NESTLEIND,INE239A01016,,4615.0,4749.9,4615.0,4730.15,19089,90472837.3,0.04342125308601494,205.38904028481355
2013-04-29,NESTLEIND,INE239A01016,,4750.0,4775.0,4718.4,4734.95,16744,79408927.55,0.04342125308601494,205.59746229962641
2013-04-30,NESTLEIND,INE239A01016,,4712.0,5060.0,4712.0,4981.35,225762,1125798486.05,0.04342125308601494,216.29645906002054
2013-05-02,NESTLEIND,INE239A01016,,4969.6,4969.6,4855.1,4927.8,47424,234342164.15,0.04342125308601494,213.97125095726443
2013-05-03,NESTLEIND,INE239A01016,,4870.0,4936.75,4870.0,4905.0,6023,29525112.7,0.04342125308601494,212.98124638690328
2013-05-06,NESTLEIND,INE239A01016,,4899.95,4938.75,4890.0,4895.6,2939,14409506.95,0.04342125308601494,212.57308660789474
2013-05-07,NESTLEIND,INE239A01016,,4899.0,4919.7,4875.0,4885.1,5409,26475862.3,0.04342125308601494,212.1171634504916
2013-05-08,NESTLEIND,INE239A01016,,4885.0,4947.85,4884.9,4929.7,11628,57257745.35,0.04342125308601494,214.05375133812782
2013-05-09,NESTLEIND,INE239A01016,,4933.0,4935.0,4900.0,4915.55,13686,67258281.0,0.04342125308601494,213.43934060696074
2013-05-10,NESTLEIND,INE239A01016,,4900.0,4930.9,4882.65,4899.0,25671,126094617.1,0.04342125308601494,212.7207188683872
2013-05-13,NESTLEIND,INE239A01016,,4900.0,4949.0,4762.35,4848.2,28518,138832853.2,0.04342125308601494,210.5149192116176
2013-05-14,NESTLEIND,INE239A01016,,4839.95,4899.8,4839.95,4881.05,56994,277736071.4,0.04342125308601494,211.9413073754932
2013-05-15,NESTLEIND,INE239A01016,,4851.0,4960.0,4851.0,4939.0,12927,63775704.6,0.04342125308601494,214.45756899182777
2013-05-16,NESTLEIND,INE239A01016,,4853.25,4974.0,4853.25,4927.15,42477,210138882.2,0.04342125308601494,213.9430271427585
2013-05-17,NESTLEIND,INE239A01016,,4949.95,4989.9,4912.95,4975.05,37254,185038046.2,0.04342125308601494,216.02290516557863
2013-05-20,NESTLEIND,INE239A01016,,4975.05,5130.0,4969.75,5105.1,154555,785801821.35,0.04342125308601494,221.66983912941487
2013-05-21,NESTLEIND,INE239A01016,,5110.1,5270.0,5108.5,5245.6,48664,254422761.05,0.04342125308601494,227.77052518799997
2013-05-22,NESTLEIND,INE239A01016,,5260.0,5325.0,5185.0,5239.8,28739,151875164.65,0.04342125308601494,227.51868192010107
2013-05-23,NESTLEIND,INE239A01016,,5290.0,5350.0,5200.0,5271.3,58390,308191387.7,0.04342125308601494,228.88645139231056
2013-05-24,NESTLEIND,INE239A01016,,5308.0,5308.0,5190.0,5239.65,14912,78087583.05,0.04342125308601494,227.51216873213815
2013-05-27,NESTLEIND,INE239A01016,,5239.65,5308.9,5195.0,5226.5,11410,59768587.45,0.04342125308601494,226.94117925405706
2013-05-28,NESTLEIND,INE239A01016,,5200.2,5271.75,5200.2,5251.55,3537,18540367.35,0.04342125308601494,228.02888164386175
2013-05-29,NESTLEIND,INE239A01016,,5251.0,5300.0,5206.15,5249.75,42997,225806671.6,0.04342125308601494,227.95072338830693
2013-05-30,NESTLEIND,INE239A01016,,5245.05,5249.9,5198.95,5232.5,5029,26275002.3,0.04342125308601494,227.20170677257317
2013-05-31,NESTLEIND,INE239A01016,,5250.05,5324.0,5230.1,5302.25,26090,138292845.9,0.04342125308601494,230.2303391753227
2013-06-03,NESTLEIND,INE239A01016,,5225.0,5300.0,5225.0,5289.25,11026,58174469.55,0.04342125308601494,229.66586288520452
2013-06-04,NESTLEIND,INE239A01016,,5233.0,5347.0,5233.0,5291.1,7957,42110653.9,0.04342125308601494,229.74619220341364
2013-06-05,NESTLEIND,INE239A01016,,5300.0,5349.7,5250.0,5283.95,9910,52365197.3,0.04342125308601494,229.43573024384864
2013-06-06,NESTLEIND,INE239A01016,,5300.0,5327.9,5250.05,5295.5,16572,87885098.65,0.04342125308601494,229.9372457169921
2013-06-07,NESTLEIND,INE239A01016,,5280.0,5321.0,5232.55,5253.05,6911,36474877.15,0.04342125308601494,228.0940135234908
2013-06-10,NESTLEIND,INE239A01016,,5299.0,5299.0,5150.0,5167.05,13085,68064752.0,0.04342125308601494,224.3597857580935
2013-06-11,NESTLEIND,INE239A01016,,5161.0,5180.0,5085.0,5095.2,13332,68203662.35,0.04342125308601494,221.2399687238633
2013-06-12,NESTLEIND,INE239A01016,,5145.0,5236.0,5090.0,5154.65,35954,185610691.45,0.04342125308601494,223.82136221982688
2013-06-13,NESTLEIND,INE239A01016,,5106.0,5190.0,5100.0,5114.65,15497,79860895.8,0.04342125308601494,222.08451209638628
2013-06-14,NESTLEIND,INE239A01016,,5114.7,5185.55,5105.25,5144.8,13864,71373733.45,0.04342125308601494,223.39366287692965
2013-06-17,NESTLEIND,INE239A01016,,5130.05,5150.0,5053.0,5071.5,19907,101491188.6,0.04342125308601494,220.21088502572476
2013-06-18,NESTLEIND,INE239A01016,,5080.05,5100.0,5050.0,5060.8,2470,12529321.75,0.04342125308601494,219.7462776177044
2013-06-19,NESTLEIND,INE239A01016,,5079.9,5114.95,5060.0,5087.15,3619,18386643.7,0.04342125308601494,220.89042763652088
2013-06-20,NESTLEIND,INE239A01016,,5070.65,5100.0,5040.05,5050.15,9332,47280154.35,0.04342125308601494,219.28384127233832
2013-06-21,NESTLEIND,INE239A01016,,5056.0,5099.95,5002.35,5028.65,7811,39397547.2,0.04342125308601494,218.350284330989
2013-06-24,NESTLEIND,INE239A01016,,5026.0,5028.0,5004.45,5014.6,9139,45821703.3,0.04342125308601494,217.74021572513053
2013-06-25,NESTLEIND,INE239A01016,,5024.0,5024.0,4880.2,4910.25,33468,164175967.8,0.04342125308601494,213.20920796560486
2013-06-26,NESTLEIND,INE239A01016,,4891.0,4941.05,4846.0,4873.5,12716,61983315.0,0.04342125308601494,211.6134769146938
2013-06-27,NESTLEIND,INE239A01016,,4856.0,5017.0,4856.0,4900.5,12040,59275414.75,0.04342125308601494,212.7858507480162
2013-06-28,NESTLEIND,INE239A01016,,4900.85,4935.0,4820.0,4854.0,14285,69375563.95,0.04342125308601494,210.7667624795165
2013-07-01,NESTLEIND,INE239A01016,,4869.35,5120.0,4827.0,5102.25,16434,82871551.95,0.04342125308601494,221.54608855811972
2013-07-02,NESTLEIND,INE239A01016,,5126.9,5195.0,5092.0,5170.9,12105,62512170.85,0.04342125308601494,224.52695758247464
2013-07-03,NESTLEIND,INE239A01016,,5170.0,5188.95,5045.85,5061.35,12946,66075549.45,0.04342125308601494,219.77015930690172
2013-07-04,NESTLEIND,INE239A01016,,5095.0,5165.0,5086.0,5126.75,14448,73854840.6,0.04342125308601494,222.60990925872707
2013-07-05,NESTLEIND,INE239A01016,,5145.0,5180.0,5126.5,5151.2,19280,99363217.25,0.04342125308601494,223.67155889668015
2013-07-08,NESTLEIND,INE239A01016,,5179.8,5180.55,5115.0,5133.6,19300,99216113.35,0.04342125308601494,222.9073448423663
2013-07-09,NESTLEIND,INE239A01016,,5148.0,5170.05,5146.4,5153.05,13172,67894165.9,0.04342125308601494,223.75188821488928
2013-07-10,NESTLEIND,INE239A01016,,5151.05,5180.0,5149.95,5153.95,17903,92299489.0,0.04342125308601494,223.79096734266668
2013-07-11,NESTLEIND,INE239A01016,,5174.8,5220.0,5161.0,5212.55,19621,102066139.45,0.04342125308601494,226.33545277350717
2013-07-12,NESTLEIND,INE239A01016,,5213.0,5428.5,5198.0,5399.45,31484,167665676.25,0.04342125308601494,234.45088497528334
2013-07-15,NESTLEIND,INE239A01016,,5390.0,5573.0,5389.95,5564.65,24172,133685927.2,0.04342125308601494,241.62407598509301
2013-07-16,NESTLEIND,INE239A01016,,5565.0,5700.0,5020.0,5687.25,29284,165258942.7,0.04342125308601494,246.94752161343845
2013-07-17,NESTLEIND,INE239A01016,,5685.0,5787.0,5675.4,5742.8,31320,180523907.55,0.04342125308601494,249.3595722223666
2013-07-18,NESTLEIND,INE239A01016,,5725.0,5800.0,5616.35,5732.9,18827,107752351.75,0.04342125308601494,248.92970181681503
2013-07-19,NESTLEIND,INE239A01016,,5677.0,5760.0,5677.0,5702.65,21471,122806997.05,0.04342125308601494,247.61620891096308
2013-07-22,NESTLEIND,INE239A01016,,5708.5,5715.0,5605.15,5629.7,17975,101764300.4,0.04342125308601494,244.44862849833828
2013-07-23,NESTLEIND,INE239A01016,,5635.45,5696.8,5631.0,5664.45,8153,46229981.25,0.04342125308601494,245.9575170430773
2013-07-24,NESTLEIND,INE239A01016,,5648.0,5650.0,5560.0,5620.95,5225,29260357.9,0.04342125308601494,244.06869253383564
2013-07-25,NESTLEIND,INE239A01016,,5590.05,5668.05,5532.0,5578.45,9144,51265181.6,0.04342125308601494,242.22328927768
2013-07-26,NESTLEIND,INE239A01016,,5533.0,5584.0,5412.2,5449.7,18904,103241357.5,0.04342125308601494,236.6328029428556
2013-07-29,NESTLEIND,INE239A01016,,5450.0,5472.0,5351.0,5382.5,14839,80112905.0,0.04342125308601494,233.7148947354754
2013-07-30,NESTLEIND,INE239A01016,,5395.0,5395.0,5301.0,5303.7,7415,39391105.55,0.04342125308601494,230.29329999229742
2013-07-31,NESTLEIND,INE239A01016,,5324.0,5324.0,5223.55,5293.5,10433,54928678.6,0.04342125308601494,229.85040321082008
2013-08-01,NESTLEIND,INE239A01016,,5280.0,5345.0,5199.95,5250.8,10501,55563513.8,0.04342125308601494,227.99631570404725
2013-08-02,NESTLEIND,INE239A01016,,5251.2,5494.0,5205.2,5428.15,13595,72313941.6,0.04342125308601494,235.69707493885198
2013-08-05,NESTLEIND,INE239A01016,,5420.0,5420.0,5224.95,5315.45,8993,47627756.7,0.04342125308601494,230.8034997160581
2013-08-06,NESTLEIND,INE239A01016,,5275.0,5275.0,5095.0,5113.45,28306,145150304.1,0.04342125308601494,222.0324065926831
2013-08-07,NESTLEIND,INE239A01016,,5125.0,5125.0,4920.0,4952.4,14836,74062133.2,0.04342125308601494,215.03941378318035
2013-08-08,NESTLEIND,INE239A01016,,4952.05,5089.75,4859.95,5010.85,11050,54877740.85,0.04342125308601494,217.57738602605798
2013-08-12,NESTLEIND,INE239A01016,,5010.0,5129.95,4963.4,5114.25,5606,28534849.75,0.04342125308601494,222.0671435951519
2013-08-13,NESTLEIND,INE239A01016,,5111.9,5148.9,5026.65,5101.55,4266,21799102.5,0.04342125308601494,221.51569368095952
2013-08-14,NESTLEIND,INE239A01016,,5060.0,5150.0,5051.0,5113.9,11409,58448051.25,0.04342125308601494,222.05194615657177
2013-08-16,NESTLEIND,INE239A01016,,5113.9,5113.9,4950.0,4985.65,9443,47330365.8,0.04342125308601494,216.48317044829037
2013-08-19,NESTLEIND,INE239A01016,,5097.7,5097.7,4875.1,4911.25,11943,58703294.75,0.04342125308601494,213.25262921869086
2013-08-20,NESTLEIND,INE239A01016,,4900.0,4900.05,4760.0,4832.5,29068,140392363.05,0.04342125308601494,209.8332055381672
2013-08-21,NESTLEIND,INE239A01016,,4870.0,4929.95,4850.0,4866.15,11084,54322582.85,0.04342125308601494,211.29433070451157
2013-08-22,NESTLEIND,INE239A01016,,4945.0,4945.0,4810.0,4872.25,5159,25082539.2,0.04342125308601494,211.55920034833628
2013-08-23,NESTLEIND,INE239A01016,,4851.1,4933.9,4851.1,4883.15,27416,134704477.5,0.04342125308601494,212.03249200697383
2013-08-26,NESTLEIND,INE239A01016,,4860.0,4997.0,4855.0,4876.0,6713,32989643.4,0.04342125308601494,211.72203004740885
2013-08-27,NESTLEIND,INE239A01016,,4860.0,4870.15,4700.0,4702.75,9808,46637757.0,0.04342125308601494,204.19929795025675
2013-08-28,NESTLEIND,INE239A01016,,4774.0,4774.0,4565.5,4620.95,40471,186993533.85,0.04342125308601494,200.64743944782072
2013-08-29,NESTLEIND,INE239A01016,,4585.0,4716.9,4585.0,4675.7,8697,40436357.15,0.04342125308601494,203.02475305428004
2013-08-30,NESTLEIND,INE239A01016,,4699.65,4950.0,4699.65,4896.7,47755,232489110.8,0.04342125308601494,212.62084998628933
2013-09-02,NESTLEIND,INE239A01016,,4897.0,4980.0,4889.95,4967.15,10984,54527505.75,0.04342125308601494,215.67987726619907
2013-09-03,NESTLEIND,INE239A01016,,4822.3,4974.95,4822.3,4922.65,15216,75318345.0,0.04342125308601494,213.74763150387142
2013-09-04,NESTLEIND,INE239A01016,,4925.05,5028.85,4925.0,4981.15,36843,183461167.15,0.04342125308601494,216.2877748094033
2013-09-05,NESTLEIND,INE239A01016,,4932.1,5096.85,4929.95,4998.1,21076,105865868.7,0.04342125308601494,217.02376504921128
2013-09-06,NESTLEIND,INE239A01016,,5025.0,5039.8,4955.0,5008.35,17841,89308350.1,0.04342125308601494,217.46883289334292
2013-09-10,NESTLEIND,INE239A01016,,5010.0,5055.1,4990.0,5010.75,20737,103986459.2,0.04342125308601494,217.57304390074935
2013-09-11,NESTLEIND,INE239A01016,,5000.0,5100.0,4999.0,5054.1,62990,318406615.95,0.04342125308601494,219.45535522202812
2013-09-12,NESTLEIND,INE239A01016,,5001.0,5050.0,4960.0,4986.25,16802,84062992.25,0.04342125308601494,216.50922320014197
2013-09-13,NESTLEIND,INE239A01016,,4986.25,5002.0,4936.0,4958.35,25642,128071047.3,0.04342125308601494,215.2977702390422
2013-09-16,NESTLEIND,INE239A01016,,4975.0,5026.5,4770.0,4852.8,9897,48636521.5,0.04342125308601494,210.7146569758133
2013-09-17,NESTLEIND,INE239A01016,,4872.0,5018.9,4850.0,4981.05,17163,85425041.75,0.04342125308601494,216.28343268409472
2013-09-18,NESTLEIND,INE239A01016,,5000.95,5035.0,4935.2,5018.95,18827,94400092.35,0.04342125308601494,217.92909817605468
2013-09-19,NESTLEIND,INE239A01016,,5020.35,5060.1,4989.85,5029.3,60602,304552012.35,0.04342125308601494,218.37850814549495
2013-09-20,NESTLEIND,INE239A01016,,4990.0,5040.0,4933.4,5024.7,7553,37786720.8,0.04342125308601494,218.17877038129924
2013-09-23,NESTLEIND,INE239A01016,,4975.0,5038.7,4900.0,4943.0,19049,94215215.85,0.04342125308601494,214.63125400417184
2013-09-24,NESTLEIND,INE239A01016,,4925.05,4997.85,4883.4,4936.8,14139,69942471.35,0.04342125308601494,214.36204223503856
2013-09-25,NESTLEIND,INE239A01016,,5000.0,5000.0,4903.05,4941.5,20900,103277256.9,0.04342125308601494,214.56612212454283
2013-09-26,NESTLEIND,INE239A01016,,4985.0,5080.0,4951.0,5034.4,121040,605659308.5,0.04342125308601494,218.59995653623358
2013-09-27,NESTLEIND,INE239A01016,,5070.0,5124.0,4992.0,5098.1,24799,125876741.85,0.04342125308601494,221.36589035781276
2013-09-30,NESTLEIND,INE239A01016,,5081.1,5279.0,5081.1,5219.55,33685,173433967.9,0.04342125308601494,226.63940154510928
2013-10-01,NESTLEIND,INE239A01016,,5148.0,5220.0,5111.05,5190.5,21305,110548870.7,0.04342125308601494,225.37801414296052
2013-10-03,NESTLEIND,INE239A01016,,5200.2,5250.0,5101.0,5157.05,26837,139191443.35,0.04342125308601494,223.92557322723334
2013-10-04,NESTLEIND,INE239A01016,,5219.0,5219.0,5055.0,5082.1,18305,93885071.2,0.04342125308601494,220.67115030843652
2013-10-07,NESTLEIND,INE239A01016,,5110.0,5110.0,5033.4,5070.4,24809,125983438.65,0.04342125308601494,220.16312164733012
2013-10-08,NESTLEIND,INE239A01016,,5069.95,5069.95,5002.1,5013.65,5996,30198546.6,0.04342125308601494,217.69896553469877
2013-10-09,NESTLEIND,INE239A01016,,5029.0,5095.95,5002.05,5057.4,24578,124169217.75,0.04342125308601494,219.59864535721192
2013-10-10,NESTLEIND,INE239A01016,,5093.0,5129.0,5037.0,5115.15,22797,116003700.95,0.04342125308601494,222.1062227229293
2013-10-11,NESTLEIND,INE239A01016,,5116.0,5119.0,5021.0,5054.75,9147,46290195.15,0.04342125308601494,219.483579036534
2013-10-14,NESTLEIND,INE239A01016,,5099.3,5110.0,5052.0,5093.3,12623,64274642.65,0.04342125308601494,221.1574683429999
2013-10-15,NESTLEIND,INE239A01016,,5111.0,5368.95,5100.0,5288.25,74963,396105134.0,0.04342125308601494,229.6224416321185
2013-10-17,NESTLEIND,INE239A01016,,5305.55,5518.7,5305.55,5468.4,89874,491517906.5,0.04342125308601494,237.44478037556408
2013-10-18,NESTLEIND,INE239A01016,,5492.0,5569.95,5492.0,5529.55,54203,299671094.0,0.04342125308601494,240.0999900017739
2013-10-21,NESTLEIND,INE239A01016,,5535.0,5578.8,5462.2,5510.5,24666,135946414.75,0.04342125308601494,239.27281513048533
2013-10-22,NESTLEIND,INE239A01016,,5539.8,5640.0,5512.35,5604.65,28120,156260062.75,0.04342125308601494,243.36092610853362
2013-10-23,NESTLEIND,INE239A01016,,5610.65,5651.7,5572.2,5619.2,18920,106581446.2,0.04342125308601494,243.99270534093515
2013-10-24,NESTLEIND,INE239A01016,,5600.0,5625.0,5502.5,5562.4,7454,41440498.4,0.04342125308601494,241.52637816564948
2013-10-25,NESTLEIND,INE239A01016,,5500.0,5552.15,5500.0,5533.2,10914,60408682.45,0.04342125308601494,240.25847757553785
2013-10-28,NESTLEIND,INE239A01016,,5500.0,5600.0,5395.25,5576.0,16085,88599403.7,0.04342125308601494,242.1169072076193
2013-10-29,NESTLEIND,INE239A01016,,5530.0,5608.25,5510.0,5592.25,21207,117909225.0,0.04342125308601494,242.82250257026703
2013-10-30,NESTLEIND,INE239A01016,,5599.95,5604.95,5512.1,5597.35,23304,129834277.4,0.04342125308601494,243.04395096100572
2013-10-31,NESTLEIND,INE239A01016,,5520.0,5600.25,5520.0,5596.95,47672,265903672.85,0.04342125308601494,243.0265824597713
2013-11-01,NESTLEIND,INE239A01016,,5594.0,5747.9,5591.0,5716.0,58751,331918008.45,0.04356134800630428,248.99666520403528
2013-11-05,NESTLEIND,INE239A01016,,5735.0,5798.9,5699.0,5732.85,29934,172102465.05,0.04356134800630428,249.73067391794152
2013-11-06,NESTLEIND,INE239A01016,,5695.0,5725.0,5580.0,5607.4,28120,157994277.35,0.04356134800630428,244.2659028105506
2013-11-07,NESTLEIND,INE239A01016,,5600.2,5751.0,5600.2,5735.75,42990,244764407.25,0.04356134800630428,249.8570018271598
2013-11-08,NESTLEIND,INE239A01016,,5700.0,5844.0,5660.0,5763.15,117812,680321104.2,0.04356134800630428,251.0505827625325
2013-11-11,NESTLEIND,INE239A01016,,5700.0,5773.95,5590.0,5615.15,29174,166039399.05,0.04356134800630428,244.60350325759947
2013-11-12,NESTLEIND,INE239A01016,,5630.0,5725.0,5630.0,5661.35,20390,115941999.35,0.04356134800630428,246.61603753549076
2013-11-13,NESTLEIND,INE239A01016,,5620.0,5709.95,5580.3,5599.35,31544,178707544.75,0.04356134800630428,243.9152339590999
2013-11-18,NESTLEIND,INE239A01016,,5655.0,5700.45,5622.0,5674.45,47371,268150959.8,0.04356134800630428,247.18669119437334
2013-11-19,NESTLEIND,INE239A01016,,5705.0,5705.0,5581.95,5603.9,40999,230247900.2,0.04356134800630428,244.11343809252855
2013-11-20,NESTLEIND,INE239A01016,,5605.0,5623.75,5517.05,5548.2,29692,165654523.25,0.04356134800630428,241.68707100857742
2013-11-21,NESTLEIND,INE239A01016,,5575.0,5585.0,5470.0,5490.8,75959,418380397.65,0.04356134800630428,239.18664963301558
2013-11-22,NESTLEIND,INE239A01016,,5580.0,5582.95,5422.4,5458.45,60751,332868663.35,0.04356134800630428,237.7774400250116
2013-11-25,NESTLEIND,INE239A01016,,5480.0,5535.0,5390.0,5435.9,113016,615111861.95,0.04356134800630428,236.79513162746943
2013-11-26,NESTLEIND,INE239A01016,,5448.0,5494.0,5111.0,5298.65,746123,3977975279.15,0.04356134800630428,230.81633661360416
2013-11-27,NESTLEIND,INE239A01016,,5215.0,5553.0,5156.0,5437.05,264618,1417798588.05,0.04356134800630428,236.84522717767672
2013-11-28,NESTLEIND,INE239A01016,,5375.0,5384.0,5200.0,5224.4,82022,432438073.95,0.04356134800630428,227.5819065241361
2013-11-29,NESTLEIND,INE239A01016,,5245.0,5266.0,5111.0,5145.05,69683,360776898.65,0.04356134800630428,224.12531355983586
2013-12-02,NESTLEIND,INE239A01016,,5180.0,5244.0,5160.0,5187.9,26676,138812326.75,0.04356134800630428,225.991917321906
2013-12-03,NESTLEIND,INE239A01016,,5210.0,5224.9,5080.0,5099.05,25971,133314912.9,0.04356134800630428,222.12149155154586
2013-12-04,NESTLEIND,INE239A01016,,5095.0,5144.8,5013.5,5032.8,24826,125756706.25,0.04356134800630428,219.2355522461282
2013-12-05,NESTLEIND,INE239A01016,,5020.0,5144.0,5020.0,5095.3,22708,115854798.45,0.04356134800630428,221.95813649652223
2013-12-06,NESTLEIND,INE239A01016,,5082.0,5126.0,5042.0,5067.55,27042,137241824.2,0.04356134800630428,220.7493090893473
2013-12-09,NESTLEIND,INE239A01016,,5105.05,5147.15,5021.0,5040.5,46911,238961887.7,0.04356134800630428,219.57097462577673
2013-12-10,NESTLEIND,INE239A01016,,5025.0,5089.9,5010.0,5021.1,37364,187945384.45,0.04356134800630428,218.72588447445446
2013-12-11,NESTLEIND,INE239A01016,,5022.0,5037.85,4990.0,5004.05,20244,101311651.0,0.04356134800630428,217.98316349094696
2013-12-12,NESTLEIND,INE239A01016,,5039.8,5075.0,4997.0,5007.75,23140,116552468.55,0.04356134800630428,218.14434047857029
2013-12-13,NESTLEIND,INE239A01016,,4978.0,5042.0,4895.0,4920.75,28675,142396001.9,0.04356134800630428,214.3545032020218
2013-12-16,NESTLEIND,INE239A01016,,4950.0,5113.9,4925.05,5048.9,31915,161027623.2,0.04356134800630428,219.93688994902968
2013-12-17,NESTLEIND,INE239A01016,,5015.0,5198.0,5015.0,5174.25,45111,232993270.9,0.04356134800630428,225.39730492161993
2013-12-18,NESTLEIND,INE239A01016,,5151.0,5250.0,5151.0,5236.7,74008,387186720.35,0.04356134800630428,228.11771110461362
2013-12-19,NESTLEIND,INE239A01016,,5250.0,5375.0,5177.0,5331.65,57376,303526031.45,0.04356134800630428,232.2538610978122
2013-12-20,NESTLEIND,INE239A01016,,5282.0,5530.0,5282.0,5464.2,54174,294036922.2,0.04356134800630428,238.02791777604784
2013-12-23,NESTLEIND,INE239A01016,,5498.0,5545.0,5400.0,5504.7,54610,299490775.45,0.04356134800630428,239.79215237030317
2013-12-24,NESTLEIND,INE239A01016,,5520.0,5545.0,5370.95,5399.25,27138,148109030.55,0.04356134800630428,235.1986082230384
2013-12-26,NESTLEIND,INE239A01016,,5411.0,5443.7,5350.0,5363.45,12052,64887520.35,0.04356134800630428,233.6391119644127
2013-12-27,NESTLEIND,INE239A01016,,5373.0,5450.25,5328.0,5339.25,9382,50441196.1,0.04356134800630428,232.58492734266014
2013-12-30,NESTLEIND,INE239A01016,,5340.0,5395.0,5331.0,5349.55,15329,82059061.15,0.04356134800630428,233.03360922712508
2013-12-31,NESTLEIND,INE239A01016,,5351.0,5382.0,5260.0,5289.25,11585,61528634.6,0.04356134800630428,230.40685994234494
2014-01-01,NESTLEIND,INE239A01016,,5290.0,5343.0,5290.0,5311.8,6358,33818250.5,0.04356134800630428,231.3891683398871
2014-01-02,NESTLEIND,INE239A01016,,5325.75,5354.0,5193.95,5280.15,25984,138051614.65,0.04356134800630428,230.01045167548756
2014-01-03,NESTLEIND,INE239A01016,,5365.0,5600.0,5311.0,5333.6,91165,493574858.65,0.04356134800630428,232.33880572642454
2014-01-06,NESTLEIND,INE239A01016,,5376.0,5444.0,5340.0,5387.65,25288,136229769.15,0.04356134800630428,234.69329658616525
2014-01-07,NESTLEIND,INE239A01016,,5413.95,5440.0,5365.0,5381.9,19645,106005030.8,0.04356134800630428,234.442818835129
2014-01-08,NESTLEIND,INE239A01016,,5394.9,5427.9,5379.9,5422.4,20048,108621100.9,0.04356134800630428,236.20705342938433
2014-01-09,NESTLEIND,INE239A01016,,5425.0,5435.0,5365.0,5372.85,8235,44337789.15,0.04356134800630428,234.048588635672
2014-01-10,NESTLEIND,INE239A01016,,5390.0,5450.0,5351.0,5405.95,29411,158413718.9,0.04356134800630428,235.49046925468062
2014-01-13,NESTLEIND,INE239A01016,,5440.0,5447.95,5380.0,5426.9,17380,94088990.45,0.04356134800630428,236.4030794954127
2014-01-14,NESTLEIND,INE239A01016,,5410.0,5414.95,5351.0,5379.45,16904,90989203.85,0.04356134800630428,234.33609353251356
2014-01-15,NESTLEIND,INE239A01016,,5360.0,5400.0,5215.0,5237.15,27664,147020051.5,0.04356134800630428,228.13731371121645
2014-01-16,NESTLEIND,INE239A01016,,5260.0,5320.0,5125.0,5130.35,25175,130201285.9,0.04356134800630428,223.4849617441432
2014-01-17,NESTLEIND,INE239A01016,,5150.0,5265.0,5150.0,5238.05,24567,128245359.3,0.04356134800630428,228.17651892442217
2014-01-20,NESTLEIND,INE239A01016,,5224.0,5229.0,5181.8,5200.9,8983,46733314.2,0.04356134800630428,226.55821484598792
2014-01-21,NESTLEIND,INE239A01016,,5200.9,5202.0,5150.0,5177.25,8048,41695967.85,0.04356134800630428,225.52798896563885
2014-01-22,NESTLEIND,INE239A01016,,5175.0,5175.15,5135.0,5144.8,15903,81895482.5,0.04356134800630428,224.1144232228343
2014-01-23,NESTLEIND,INE239A01016,,5190.0,5190.0,5075.0,5083.55,45061,231065338.45,0.04356134800630428,221.44629065744815
2014-01-24,NESTLEIND,INE239A01016,,5083.55,5123.0,5068.0,5081.2,35944,182876076.4,0.04356134800630428,221.34392148963332
2014-01-27,NESTLEIND,INE239A01016,,5066.0,5121.0,5021.0,5050.1,13535,68609950.9,0.04356134800630428,219.98916356663727
2014-01-28,NESTLEIND,INE239A01016,,5050.0,5059.15,4950.0,4959.35,16842,84304777.2,0.04356134800630428,216.03597123506518
2014-01-29,NESTLEIND,INE239A01016,,4990.0,5041.0,4962.0,5033.2,23174,116528860.7,0.04356134800630428,219.2529767853307
2014-01-30,NESTLEIND,INE239A01016,,5010.0,5033.2,4925.0,4945.8,22742,112582166.05,0.04356134800630428,215.44571496957974
2014-01-31,NESTLEIND,INE239A01016,,5039.0,5091.0,4902.4,5047.15,36790,183657764.25,0.04356134800630428,219.86065759001866
2014-02-03,NESTLEIND,INE239A01016,,4993.0,5047.3,4920.0,4938.65,20562,102750556.9,0.04356134800630428,215.13425133133464
2014-02-04,NESTLEIND,INE239A01016,,4920.0,5010.75,4920.0,4960.45,19822,98554732.45,0.04356134800630428,216.08388871787207
2014-02-05,NESTLEIND,INE239A01016,,4962.0,5038.9,4960.0,5013.15,27946,140412523.0,0.04356134800630428,218.3795717578043
2014-02-06,NESTLEIND,INE239A01016,,4985.3,5029.75,4980.1,4999.55,23324,116688774.25,0.04356134800630428,217.7871374249186
2014-02-07,NESTLEIND,INE239A01016,,5000.0,5040.0,5000.0,5016.25,31810,159673896.4,0.04356134800630428,218.51461193662385
2014-02-10,NESTLEIND,INE239A01016,,5000.0,5041.0,4986.05,5034.55,13372,67298200.95,0.04356134800630428,219.31178460513922
2014-02-11,NESTLEIND,INE239A01016,,5005.3,5134.55,5005.3,5057.9,21365,108193755.25,0.04356134800630428,220.3289420810864
2014-02-12,NESTLEIND,INE239A01016,,5023.0,5115.0,5023.0,5055.4,58546,297848487.65,0.04356134800630428,220.22003871107066
2014-02-13,NESTLEIND,INE239A01016,,5100.0,5198.0,5075.05,5098.85,46941,240507960.55,0.04356134800630428,222.1127792819446
2014-02-14,NESTLEIND,INE239A01016,,5085.0,5140.0,5050.0,5082.85,20048,102369194.75,0.04356134800630428,221.41579771384374
2014-02-17,NESTLEIND,INE239A01016,,5000.0,5084.7,4950.0,5004.3,80190,405771180.0,0.04356134800630428,217.99405382794853
2014-02-18,NESTLEIND,INE239A01016,,4965.0,5047.0,4965.0,5024.75,11263,56592605.7,0.04356134800630428,218.88488339467744
2014-02-19,NESTLEIND,INE239A01016,,5034.4,5080.05,5028.8,5058.1,12194,61691612.1,0.04356134800630428,220.3376543506877
2014-02-20,NESTLEIND,INE239A01016,,5033.0,5063.7,5031.05,5043.4,43415,219397698.15,0.04356134800630428,219.697302534995
2014-02-21,NESTLEIND,INE239A01016,,5012.0,5080.0,5012.0,5057.25,30584,154646620.2,0.04356134800630428,220.30062720488235
2014-02-24,NESTLEIND,INE239A01016,,5022.0,5064.95,5009.95,5043.2,98368,496907252.25,0.04356134800630428,219.68859026539374
2014-02-25,NESTLEIND,INE239A01016,,5015.0,5043.9,4980.1,5000.65,65242,326928034.25,0.04356134800630428,217.8350549077255
2014-02-26,NESTLEIND,INE239A01016,,4965.0,5023.9,4965.0,4998.8,107454,537308307.7,0.04356134800630428,217.75446641391386
2014-02-28,NESTLEIND,INE239A01016,,4982.1,5013.55,4774.85,4864.5,849082,4156851060.45,0.04356134800630428,211.90417737666718
2014-03-03,NESTLEIND,INE239A01016,,4861.0,4875.1,4632.0,4656.9,58905,277715440.6,0.04356134800630428,202.8608415305584
2014-03-04,NESTLEIND,INE239A01016,,4675.0,4720.0,4647.0,4710.5,30490,143195934.0,0.04356134800630428,205.19572978369632
2014-03-05,NESTLEIND,INE239A01016,,4735.0,4824.95,4715.0,4777.05,33003,156775773.9,0.04356134800630428,208.09473749351588
2014-03-06,NESTLEIND,INE239A01016,,4775.0,4885.0,4775.0,4863.4,26772,129655371.95,0.04356134800630428,211.85625989386023
2014-03-07,NESTLEIND,INE239A01016,,4873.4,4930.0,4856.75,4910.9,47856,234698750.5,0.04356134800630428,213.9254239241597
2014-03-10,NESTLEIND,INE239A01016,,4920.0,4929.0,4763.0,4800.5,31069,149284705.0,0.04356134800630428,209.1162511042637
2014-03-11,NESTLEIND,INE239A01016,,4875.0,4875.0,4762.5,4798.8,12620,60543097.7,0.04356134800630428,209.042196812653
2014-03-12,NESTLEIND,INE239A01016,,4809.8,4819.45,4780.0,4794.4,16791,80551601.65,0.04356134800630428,208.85052688142525
2014-03-13,NESTLEIND,INE239A01016,,4801.2,4816.95,4750.0,4786.0,22001,105248975.95,0.04356134800630428,208.4846115581723
2014-03-14,NESTLEIND,INE239A01016,,4796.8,4796.8,4712.0,4758.65,33516,159141952.75,0.04356134800630428,207.29320869019986
2014-03-18,NESTLEIND,INE239A01016,,4815.0,4900.0,4711.6,4791.2,31733,151293314.9,0.04356134800630428,208.71113056780507
2014-03-19,NESTLEIND,INE239A01016,,4809.8,4857.5,4800.1,4820.5,27111,130678211.45,0.04356134800630428,209.9874780643898
2014-03-20,NESTLEIND,INE239A01016,,4846.0,4846.0,4805.25,4825.35,11438,55176781.7,0.04356134800630428,210.1987506022204
2014-03-21,NESTLEIND,INE239A01016,,4820.0,4865.0,4720.0,4731.4,32688,155480575.0,0.04356134800630428,206.10616195702806
2014-03-24,NESTLEIND,INE239A01016,,4780.0,4794.8,4706.0,4721.3,23639,111661815.85,0.04356134800630428,205.6661923421644
2014-03-25,NESTLEIND,INE239A01016,,4722.0,4749.9,4707.0,4720.1,20849,98467497.8,0.04356134800630428,205.61391872455687
2014-03-26,NESTLEIND,INE239A01016,,4755.0,4789.0,4710.0,4771.15,38549,182923233.55,0.04356134800630428,207.83772554027865
2014-03-27,NESTLEIND,INE239A01016,,4782.0,4925.0,4732.45,4859.75,67652,325215790.9,0.04356134800630428,211.69726097363724
2014-03-28,NESTLEIND,INE239A01016,,4900.0,4995.0,4845.0,4964.65,47608,234991056.9,0.04356134800630428,216.26684637949853
2014-03-31,NESTLEIND,INE239A01016,,4925.0,5070.0,4925.0,5028.75,52068,261049077.65,0.04356134800630428,219.05912878670267
2014-04-01,NESTLEIND,INE239A01016,,5069.0,5070.0,4832.5,4847.85,70637,343547749.0,0.04356134800630428,211.17888093236223
2014-04-02,NESTLEIND,INE239A01016,,4899.95,4910.0,4845.55,4865.55,53920,262983087.45,0.04356134800630428,211.94991679207382
2014-04-03,NESTLEIND,INE239A01016,,4895.0,4909.95,4839.85,4885.7,33789,164499661.65,0.04356134800630428,212.82767795440083
2014-04-04,NESTLEIND,INE239A01016,,4875.0,4890.0,4825.0,4835.85,29026,140480367.0,0.04356134800630428,210.65614475628658
2014-04-07,NESTLEIND,INE239A01016,,4875.0,4952.6,4825.0,4917.25,37955,185880054.85,0.04356134800630428,214.20203848399973
2014-04-09,NESTLEIND,INE239A01016,,4900.0,4994.95,4900.0,4929.65,30700,151888668.95,0.04356134800630428,214.7421991992779
2014-04-10,NESTLEIND,INE239A01016,,4913.65,4984.3,4838.5,4881.3,49036,240437153.4,0.04356134800630428,212.6360080231731
2014-04-11,NESTLEIND,INE239A01016,,4881.0,4894.1,4825.0,4829.65,19973,96641797.95,0.04356134800630428,210.38606439864748
2014-04-15,NESTLEIND,INE239A01016,,4828.9,4889.4,4770.0,4833.8,44856,215136955.45,0.04356134800630428,210.56684399287366
2014-04-16,NESTLEIND,INE239A01016,,4849.8,4859.65,4770.0,4779.15,13330,64015151.35,0.04356134800630428,208.1862163243291
2014-04-17,NESTLEIND,INE239A01016,,4805.0,4805.0,4750.05,4763.25,28832,137318522.35,0.04356134800630428,207.49359089102887
2014-04-21,NESTLEIND,INE239A01016,,4800.0,4800.0,4717.0,4723.5,23459,111034247.05,0.04356134800630428,205.76202730777828
2014-04-22,NESTLEIND,INE239A01016,,4728.65,4755.0,4713.0,4722.75,23654,111854472.9,0.04356134800630428,205.72935629677355
2014-04-23,NESTLEIND,INE239A01016,,4746.0,4760.0,4715.0,4728.95,18229,86267301.2,0.04356134800630428,205.99943665441262
2014-04-25,NESTLEIND,INE239A01016,,4726.0,4796.7,4726.0,4776.55,26510,126423423.4,0.04356134800630428,208.07295681951274
2014-04-28,NESTLEIND,INE239A01016,,4764.0,4796.05,4700.0,4705.25,18005,85006842.7,0.04356134800630428,204.96703270666322
2014-04-29,NESTLEIND,INE239A01016,,4705.0,4749.9,4703.1,4725.25,19585,92501901.6,0.04356134800630428,205.83825966678933
2014-04-30,NESTLEIND,INE239A01016,,4705.3,4780.0,4685.0,4768.8,31905,151487572.2,0.04356134800630428,207.73535637246388
2014-05-02,NESTLEIND,INE239A01016,,4755.0,4794.85,4721.0,4733.75,8154,38784720.45,0.04356134800630428,206.2085311248429
2014-05-05,NESTLEIND,INE239A01016,,4745.0,4775.0,4703.6,4709.9,77698,366106317.6,0.04356134800630428,205.16959297489254
2014-05-06,NESTLEIND,INE239A01016,,4706.0,4759.85,4670.1,4686.55,375624,1769088615.5,0.04356134800630428,204.15243549894535
2014-05-07,NESTLEIND,INE239A01016,,4709.0,4724.8,4665.05,4681.05,40394,190076234.6,0.04356134800630428,203.91284808491068
2014-05-08,NESTLEIND,INE239A01016,,4681.05,4725.0,4681.05,4698.0,308609,1453429377.0,0.04356134800630428,204.65121293361753
2014-05-09,NESTLEIND,INE239A01016,,4700.0,4795.0,4690.35,4781.9,90866,428454478.05,0.04356134800630428,208.30601003134643
2014-05-12,NESTLEIND,INE239A01016,,4795.0,4848.0,4746.9,4841.6,37350,179702300.75,0.04356134800630428,210.90662250732282
2014-05-13,NESTLEIND,INE239A01016,,4800.35,4880.0,4800.35,4873.5,50324,243223034.3,0.04356134800630428,212.2962295087239
2014-05-14,NESTLEIND,INE239A01016,,4798.85,4798.85,4725.1,4775.2,255642,1218449777.9,0.04356134800630428,208.01414899970422
2014-05-15,NESTLEIND,INE239A01016,,4747.0,4774.95,4680.0,4708.8,26384,124462451.2,0.04367567745180343,205.660029985052
2014-05-16,NESTLEIND,INE239A01016,,4798.0,4798.0,4605.05,4630.15,44030,205180306.0,0.04367567745180343,202.22493795346765
2014-05-19,NESTLEIND,INE239A01016,,4650.0,4673.1,4561.05,4585.85,26462,121582283.25,0.04367567745180343,200.29010544235277
2014-05-20,NESTLEIND,INE239A01016,,4580.0,4585.0,4525.0,4565.95,219523,999444689.6,0.04367567745180343,199.42095946106187
2014-05-21,NESTLEIND,INE239A01016,,4571.0,4700.05,4550.0,4693.15,26110,121101322.85,0.04367567745180343,204.97650563293126
2014-05-22,NESTLEIND,INE239A01016,,4696.1,4758.0,4663.0,4733.95,266403,1258572121.35,0.04367567745180343,206.75847327296484
2014-05-23,NESTLEIND,INE239A01016,,4764.95,4783.9,4696.0,4744.25,26238,124286946.5,0.04367567745180343,207.20833275071843
2014-05-26,NESTLEIND,INE239A01016,,4787.0,4787.0,4725.0,4743.6,34539,163494611.15,0.04367567745180343,207.17994356037477
2014-05-27,NESTLEIND,INE239A01016,,4725.0,4750.0,4722.75,4737.75,25860,122452141.2,0.04367567745180343,206.92444084728172
2014-05-28,NESTLEIND,INE239A01016,,4725.05,4798.0,4725.0,4767.75,23598,112214452.15,0.04367567745180343,208.2347111708358
2014-05-29,NESTLEIND,INE239A01016,,4750.1,4799.0,4731.05,4784.05,21004,99982597.35,0.04367567745180343,208.94662471330022
2014-05-30,NESTLEIND,INE239A01016,,4752.0,5080.0,4738.0,4961.0,121025,596560189.75,0.04367567745180343,216.6750358383968
2014-06-02,NESTLEIND,INE239A01016,,4951.15,4951.15,4788.15,4799.65,18940,91598730.5,0.04367567745180343,209.6279652815483
2014-06-03,NESTLEIND,INE239A01016,,4780.0,4878.0,4780.0,4809.75,11655,56244963.7,0.04367567745180343,210.06908962381155
2014-06-04,NESTLEIND,INE239A01016,,4800.0,4839.55,4761.0,4769.6,14767,70814293.75,0.04367567745180343,208.31551117412167
2014-06-05,NESTLEIND,INE239A01016,,4763.05,4892.35,4763.05,4852.15,86225,417043357.0,0.04367567745180343,211.92093834776801
2014-06-06,NESTLEIND,INE239A01016,,4858.0,4945.0,4825.05,4921.0,29092,142810269.75,0.04367567745180343,214.92800874032469
2014-06-09,NESTLEIND,INE239A01016,,4912.0,4930.0,4879.0,4892.55,29708,145787481.8,0.04367567745180343,213.68543571682088
2014-06-10,NESTLEIND,INE239A01016,,4885.0,4990.0,4865.0,4965.2,27688,136510621.0,0.04367567745180343,216.8584736836944
2014-06-11,NESTLEIND,INE239A01016,,4965.0,5025.0,4916.35,5015.55,31797,158911012.65,0.04367567745180343,219.0575440433927
2014-06-12,NESTLEIND,INE239A01016,,4975.0,5019.0,4955.05,4997.95,36664,183068984.2,0.04367567745180343,218.28885212024096
2014-06-13,NESTLEIND,INE239A01016,,4967.0,5005.1,4930.0,4971.95,50838,251624083.8,0.04367567745180343,217.15328450649406
2014-06-16,NESTLEIND,INE239A01016,,4938.0,5023.15,4903.2,5006.0,17050,84810314.15,0.04367567745180343,218.64044132372797
2014-06-17,NESTLEIND,INE239A01016,,4975.0,5012.5,4963.9,5004.2,37810,188413916.9,0.04367567745180343,218.56182510431472
2014-06-18,NESTLEIND,INE239A01016,,4980.1,5039.0,4911.0,4956.7,17682,88251502.75,0.04367567745180343,216.48723042535406
2014-06-19,NESTLEIND,INE239A01016,,4915.0,4983.95,4915.0,4939.5,11429,56586777.45,0.04367567745180343,215.73600877318304
2014-06-20,NESTLEIND,INE239A01016,,4912.0,4990.0,4866.0,4938.15,23176,114192153.5,0.04367567745180343,215.6770466086231
2014-06-23,NESTLEIND,INE239A01016,,4960.0,4960.0,4906.15,4946.1,12480,61580777.0,0.04367567745180343,216.02426824436498
2014-06-24,NESTLEIND,INE239A01016,,4940.0,4953.4,4910.0,4928.8,10206,50298319.4,0.04367567745180343,215.26867902444877
2014-06-25,NESTLEIND,INE239A01016,,4912.0,4964.8,4912.0,4950.8,7776,38429083.5,0.04367567745180343,216.22954392838844
2014-06-26,NESTLEIND,INE239A01016,,4915.1,4999.0,4915.1,4989.15,11291,56145249.35,0.04367567745180343,217.90450615866507
2014-06-27,NESTLEIND,INE239A01016,,4950.1,4959.95,4901.0,4936.7,11729,57816591.7,0.04367567745180343,215.613716876318
2014-06-30,NESTLEIND,INE239A01016,,4930.0,4949.9,4911.0,4929.75,23768,117154268.5,0.04367567745180343,215.31017091802795
2014-07-01,NESTLEIND,INE239A01016,,4931.0,4964.7,4920.0,4933.85,15826,78097647.25,0.04367567745180343,215.48924119558038
2014-07-02,NESTLEIND,INE239A01016,,4935.05,5000.0,4933.85,4989.4,14754,73198396.75,0.04367567745180343,217.91542507802802
2014-07-03,NESTLEIND,INE239A01016,,4980.0,5010.0,4934.0,4997.95,12909,64520529.85,0.04367567745180343,218.28885212024096
2014-07-04,NESTLEIND,INE239A01016,,5012.0,5050.0,4962.4,4973.95,22828,114335760.4,0.04367567745180343,217.24063586139766
2014-07-07,NESTLEIND,INE239A01016,,4999.0,5089.9,4952.65,5022.9,43292,217006634.15,0.04367567745180343,219.37856027266344
2014-07-08,NESTLEIND,INE239A01016,,5032.0,5048.7,4954.0,4983.2,19325,96900935.0,0.04367567745180343,217.64463587782686
2014-07-09,NESTLEIND,INE239A01016,,5020.0,5020.0,4971.0,5007.0,16062,80353403.3,0.04367567745180343,218.68411700117977
2014-07-10,NESTLEIND,INE239A01016,,5050.0,5057.0,4831.2,4954.35,21222,105579353.95,0.04367567745180343,216.38459258334234
2014-07-11,NESTLEIND,INE239A01016,,4955.0,5019.95,4933.0,4992.0,98763,493524961.65,0.04367567745180343,218.02898183940272
2014-07-14,NESTLEIND,INE239A01016,,4960.0,4980.1,4925.0,4957.7,8282,40983302.9,0.04367567745180343,216.53090610280586
2014-07-15,NESTLEIND,INE239A01016,,4959.0,4967.95,4916.0,4946.5,6102,30163619.45,0.04367567745180343,216.04173851534568
2014-07-16,NESTLEIND,INE239A01016,,4946.35,5010.0,4940.0,4970.55,59947,297013088.95,0.04367567745180343,217.09213855806155
2014-07-17,NESTLEIND,INE239A01016,,4958.0,5010.0,4951.0,4994.8,9658,48169088.5,0.04367567745180343,218.1512737362678
2014-07-18,NESTLEIND,INE239A01016,,4975.15,5020.0,4955.0,5012.8,9756,48736315.2,0.04367567745180343,218.93743593040026
2014-07-21,NESTLEIND,INE239A01016,,4972.1,5055.0,4972.1,5038.55,16101,80820366.55,0.04367567745180343,220.06208462478418
2014-07-22,NESTLEIND,INE239A01016,,5013.0,5220.0,5013.0,5203.0,49535,256391861.8,0.04367567745180343,227.24454978173324
2014-07-23,NESTLEIND,INE239A01016,,5202.0,5220.0,5131.0,5171.8,7252,37456323.8,0.04367567745180343,225.881868645237
2014-07-24,NESTLEIND,INE239A01016,,5175.8,5203.1,5101.1,5149.1,6883,35554079.6,0.04367567745180343,224.89043076708106
2014-07-25,NESTLEIND,INE239A01016,,5190.0,5248.4,5139.25,5166.0,29168,150960551.85,0.04367567745180343,225.62854971601652
2014-07-28,NESTLEIND,INE239A01016,,5174.85,5224.0,5151.25,5186.6,9713,50361321.75,0.04367567745180343,226.5282686715237
2014-07-30,NESTLEIND,INE239A01016,,5126.0,5230.0,5078.0,5181.85,27420,140684401.15,0.04367567745180343,226.32080920362762
2014-07-31,NESTLEIND,INE239A01016,,5174.0,5198.15,5100.55,5128.35,23936,122948133.5,0.04367567745180343,223.98416045995614
2014-08-01,NESTLEIND,INE239A01016,,5143.0,5229.0,5110.0,5203.1,23997,124602073.7,0.04367567745180343,227.24891734947846
2014-08-04,NESTLEIND,INE239A01016,,5222.85,5230.0,5184.4,5208.65,19523,101687083.4,0.04367567745180343,227.49131735933594
2014-08-05,NESTLEIND,INE239A01016,,5195.0,5220.0,5185.0,5209.5,14806,77121393.4,0.04367567745180343,227.52844168516998
2014-08-06,NESTLEIND,INE239A01016,,5199.0,5339.95,5162.0,5299.65,40783,214903135.1,0.04367567745180343,231.46580400745003
2014-08-07,NESTLEIND,INE239A01016,,5315.0,5435.5,5300.05,5405.0,78269,420528213.6,0.04367567745180343,236.06703662699755
2014-08-08,NESTLEIND,INE239A01016,,5406.0,5406.0,5290.0,5363.35,25949,138526500.95,0.04367567745180343,234.24794466112994
2014-08-11,NESTLEIND,INE239A01016,,5399.9,5410.0,5280.05,5383.15,18665,99623542.4,0.04367567745180343,235.1127230746756
2014-08-12,NESTLEIND,INE239A01016,,5339.5,5425.0,5300.1,5334.1,13809,73811816.1,0.04367567745180343,232.9704310956647
2014-08-13,NESTLEIND,INE239A01016,,5301.6,5643.0,5301.6,5561.05,69367,381261420.05,0.04367567745180343,242.8826260933515
2014-08-14,NESTLEIND,INE239A01016,,5595.0,5636.0,5430.0,5572.3,27201,150498023.0,0.04367567745180343,243.37397746468426
2014-08-18,NESTLEIND,INE239A01016,,5560.0,5740.05,5546.15,5655.15,27489,155396809.85,0.04367567745180343,246.99250734156615
2014-08-19,NESTLEIND,INE239A01016,,5608.0,5833.5,5608.0,5764.45,33673,194183699.6,0.04367567745180343,251.76625888704828
2014-08-20,NESTLEIND,INE239A01016,,5706.8,5819.9,5706.0,5795.8,14463,83375291.3,0.04367567745180343,253.13549137516233
2014-08-21,NESTLEIND,INE239A01016,,5799.0,5849.9,5750.0,5834.05,17630,102551345.5,0.04367567745180343,254.8060860376938
2014-08-22,NESTLEIND,INE239A01016,,5840.0,5840.0,5783.1,5809.25,29979,174384874.1,0.04367567745180343,253.7229292368891
2014-08-25,NESTLEIND,INE239A01016,,5840.0,5850.0,5786.5,5811.7,13921,81072524.45,0.04367567745180343,253.829934646646
2014-08-26,NESTLEIND,INE239A01016,,5850.0,5890.0,5802.0,5868.2,12018,70319513.35,0.04367567745180343,256.2976104226729
2014-08-27,NESTLEIND,INE239A01016,,5897.85,5923.95,5822.45,5898.95,18251,107330233.8,0.04367567745180343,257.64063750431586
2014-08-28,NESTLEIND,INE239A01016,,5855.0,6155.0,5852.0,6028.55,72818,433966078.8,0.04367567745180343,263.3010053020696
2014-09-01,NESTLEIND,INE239A01016,,6050.0,6143.0,6025.0,6062.0,13538,82417314.4,0.04367567745180343,264.7619567128324
2014-09-02,NESTLEIND,INE239A01016,,6050.0,6110.0,6048.95,6094.05,11653,70958570.4,0.04367567745180343,266.1617621751627
2014-09-03,NESTLEIND,INE239A01016,,6005.1,6200.0,6005.1,6149.55,27879,171499173.4,0.04367567745180343,268.58576227373777
2014-09-04,NESTLEIND,INE239A01016,,6148.5,6299.0,6148.0,6252.95,19894,123837117.75,0.04367567745180343,273.1018273222543
2014-09-05,NESTLEIND,INE239A01016,,6339.8,6339.8,6155.0,6187.65,18372,114304717.75,0.04367567745180343,270.2498055846515
2014-09-08,NESTLEIND,INE239A01016,,6230.0,6470.0,6229.9,6399.85,27817,176379194.95,0.04367567745180343,279.5177843399242
2014-09-09,NESTLEIND,INE239A01016,,6376.1,6475.0,6361.0,6410.0,36652,234919967.45,0.04367567745180343,279.96109246606
2014-09-10,NESTLEIND,INE239A01016,,6410.0,6439.0,6344.8,6380.85,18194,116201209.1,0.04367567745180343,278.68794646833993
2014-09-11,NESTLEIND,INE239A01016,,6425.0,6620.0,6415.55,6552.7,27302,178133663.4,0.04367567745180343,286.19361163843234
2014-09-12,NESTLEIND,INE239A01016,,6600.0,6600.0,6355.0,6384.6,16750,108249903.7,0.04367567745180343,278.8517302587842
2014-09-15,NESTLEIND,INE239A01016,,6375.0,6497.0,6274.05,6318.95,16736,106728212.65,0.04388186986730624,277.28734159801473
2014-09-16,NESTLEIND,INE239A01016,,6325.0,6469.0,6001.1,6146.1,36861,229965760.55,0.04388186986730624,269.7023603914509
2014-09-17,NESTLEIND,INE239A01016,,6150.0,6169.65,5980.2,6088.45,27122,164767907.85,0.04388186986730624,267.17257059360065
2014-09-18,NESTLEIND,INE239A01016,,6074.95,6245.0,6020.05,6224.05,14596,90041643.7,0.04388186986730624,273.1229521476074
2014-09-19,NESTLEIND,INE239A01016,,6225.0,6262.3,5980.0,6052.55,22982,140188995.05,0.04388186986730624,265.59721146536435
2014-09-22,NESTLEIND,INE239A01016,,6001.0,6090.0,5992.0,6024.75,10956,66125332.1,0.04388186986730624,264.3772954830533
2014-09-23,NESTLEIND,INE239A01016,,6001.0,6064.85,5881.0,5911.15,12186,72439332.55,0.04388186986730624,259.39231506612725
2014-09-24,NESTLEIND,INE239A01016,,5999.0,6150.0,5900.0,6129.9,18136,110281703.55,0.04388186986730624,268.9914740996005
2014-09-25,NESTLEIND,INE239A01016,,6075.0,6248.0,6050.1,6109.1,15572,95385254.2,0.04388186986730624,268.07873120636054
2014-09-26,NESTLEIND,INE239A01016,,6109.1,6199.0,6048.0,6158.4,15580,95893479.2,0.04388186986730624,270.2421073908187
2014-09-29,NESTLEIND,INE239A01016,,6050.0,6245.7,6050.0,6206.45,16365,100846884.2,0.04388186986730624,272.35063123794276
2014-09-30,NESTLEIND,INE239A01016,,6259.0,6259.0,5925.15,5968.65,30783,186649516.15,0.04388186986730624,261.91552258349736
2014-10-01,NESTLEIND,INE239A01016,,6027.0,6073.8,5960.0,6010.95,20819,125774155.9,0.04388186986730624,263.7717256788844
2014-10-07,NESTLEIND,INE239A01016,,5961.05,5999.9,5947.0,5957.65,16251,96822878.45,0.04388186986730624,261.43282201495697
2014-10-08,NESTLEIND,INE239A01016,,5950.0,6023.8,5900.0,5926.7,17942,106732508.5,0.04388186986730624,260.07467814256387
2014-10-09,NESTLEIND,INE239A01016,,5925.0,6059.9,5925.0,6023.45,12599,75922675.2,0.04388186986730624,264.32024905222573
2014-10-10,NESTLEIND,INE239A01016,,5965.0,6023.4,5871.05,5893.3,17992,106485519.3,0.04388186986730624,258.6090236889959
2014-10-13,NESTLEIND,INE239A01016,,5910.0,6095.0,5910.0,6007.4,20058,120392747.95,0.04388186986730624,263.6159450408555
2014-10-14,NESTLEIND,INE239A01016,,6006.0,6200.0,5901.0,5946.05,20911,126125921.15,0.04388186986730624,260.9237923244963
2014-10-16,NESTLEIND,INE239A01016,,5922.0,5975.0,5705.0,5749.75,23362,136486200.4,0.04388186986730624,252.30978126954403
2014-10-17,NESTLEIND,INE239A01016,,5794.0,5850.0,5635.0,5695.1,19970,114682404.1,0.04388186986730624,249.91163708129577
2014-10-20,NESTLEIND,INE239A01016,,5705.05,5794.0,5705.05,5768.9,10678,61433639.15,0.04388186986730624,253.15011907750295
2014-10-21,NESTLEIND,INE239A01016,,5731.0,5995.0,5731.0,5969.85,21550,126566176.35,0.04388186986730624,261.96818082733813
2014-10-22,NESTLEIND,INE239A01016,,6001.45,6036.95,5911.35,5971.75,7677,46008048.1,0.04388186986730624,262.051556380086
2014-10-27,NESTLEIND,INE239A01016,,6010.0,6139.0,6001.0,6099.9,25176,152815244.0,0.04388186986730624,267.67501800358133
2014-10-28,NESTLEIND,INE239A01016,,6142.0,6149.9,5920.0,5948.05,20304,122502617.25,0.04388186986730624,261.0115560642309
2014-10-29,NESTLEIND,INE239A01016,,5947.0,6150.0,5925.15,6128.5,36925,224014023.95,0.04388186986730624,268.93003948178625
2014-10-30,NESTLEIND,INE239A01016,,6061.2,6189.9,6061.2,6133.15,20320,124552593.15,0.04388186986730624,269.13409017666925
2014-10-31,NESTLEIND,INE239A01016,,6133.0,6300.0,6099.95,6257.2,29467,183121554.25,0.04388186986730624,274.5776361337086
2014-11-03,NESTLEIND,INE239A01016,,6261.0,6402.0,6167.05,6362.65,32959,206639939.3,0.04388186986730624,279.204979311216
2014-11-05,NESTLEIND,INE239A01016,,6400.0,6400.0,6280.1,6353.55,16163,102582248.25,0.04388186986730624,278.80565429542355
2014-11-07,NESTLEIND,INE239A01016,,6379.9,6450.0,6257.0,6434.15,18133,115811808.25,0.04388186986730624,282.3425330067284
2014-11-10,NESTLEIND,INE239A01016,,6447.0,6450.0,6300.0,6351.9,12620,80241337.95,0.04388186986730624,278.7332492101425
2014-11-11,NESTLEIND,INE239A01016,,6353.0,6500.0,6344.75,6465.65,16984,109709057.9,0.04388186986730624,283.72481190754854
2014-11-12,NESTLEIND,INE239A01016,,6491.0,6491.0,6305.85,6327.5,18033,115129315.45,0.04388186986730624,277.66253158538024
2014-11-13,NESTLEIND,INE239A01016,,6355.0,6398.15,6283.0,6332.6,16297,103236996.95,0.04388186986730624,277.8863291217035
2014-11-14,NESTLEIND,INE239A01016,,6330.0,6375.0,6280.0,6316.5,10907,69001781.5,0.04388186986730624,277.17983101683984
2014-11-17,NESTLEIND,INE239A01016,,6333.7,6337.0,6220.0,6292.2,13611,85397670.8,0.04388186986730624,276.1135015790643
2014-11-18,NESTLEIND,INE239A01016,,6292.2,6344.55,6140.0,6159.55,26668,165536940.05,0.04388186986730624,270.2925715411661
2014-11-19,NESTLEIND,INE239A01016,,6125.0,6238.75,6039.0,6078.2,20802,127662566.0,0.04388186986730624,266.72278142746075
2014-11-20,NESTLEIND,INE239A01016,,6100.0,6179.0,6050.0,6158.9,16413,100621838.5,0.04388186986730624,270.26404832575236
2014-11-21,NESTLEIND,INE239A01016,,6110.05,6345.0,6110.05,6336.4,26578,167002043.7,0.04388186986730624,278.05308022719925
2014-11-24,NESTLEIND,INE239A01016,,6273.5,6319.0,6201.0,6304.05,13816,86673808.3,0.04388186986730624,276.6335017369919
2014-11-25,NESTLEIND,INE239A01016,,6280.0,6435.7,6269.95,6338.55,56122,354189091.15,0.04388186986730624,278.147426247414
2014-11-26,NESTLEIND,INE239A01016,,6338.55,6410.0,6240.0,6260.35,15788,99242515.15,0.04388186986730624,274.71586402379063
2014-11-27,NESTLEIND,INE239A01016,,6239.0,6309.85,6202.0,6225.7,10799,67366177.9,0.04388186986730624,273.19535723288845
2014-11-28,NESTLEIND,INE239A01016,,6200.0,6300.0,6160.0,6204.05,19588,121662300.05,0.04388186986730624,272.2453147502613
2014-12-01,NESTLEIND,INE239A01016,,6191.05,6292.0,6067.95,6156.3,46478,290366307.7,0.04388186986730624,270.1499554640974
2014-12-02,NESTLEIND,INE239A01016,,6120.0,6215.0,6111.0,6200.15,12888,79577233.45,0.04388186986730624,272.0741754577788
2014-12-03,NESTLEIND,INE239A01016,,6219.0,6340.0,6219.0,6325.1,34351,216910570.9,0.04388186986730624,277.5572150976987
2014-12-04,NESTLEIND,INE239A01016,,6325.15,6375.0,6290.0,6342.9,24684,156544674.1,0.04388186986730624,278.3383123813367
2014-12-05,NESTLEIND,INE239A01016,,6335.0,6379.95,6260.0,6303.1,9393,59392583.25,0.04388186986730624,276.59181396061797
2014-12-08,NESTLEIND,INE239A01016,,6260.0,6350.0,6260.0,6335.75,9593,60785731.3,0.04393763625051515,278.3778788742014
2014-12-09,NESTLEIND,INE239A01016,,6300.0,6375.0,6221.1,6305.45,9501,59784737.45,0.04393763625051515,277.04656849581073
2014-12-10,NESTLEIND,INE239A01016,,6265.0,6350.0,6260.1,6313.4,14021,88496086.1,0.04393763625051515,277.39587270400233
2014-12-11,NESTLEIND,INE239A01016,,6313.4,6359.9,6225.55,6265.75,15757,99202837.75,0.04393763625051515,275.3022443366653
2014-12-12,NESTLEIND,INE239A01016,,6300.0,6329.2,6230.0,6282.35,12049,75828151.85,0.04393763625051515,276.03160909842387
2014-12-15,NESTLEIND,INE239A01016,,6290.0,6290.0,6082.25,6118.45,9859,60699845.45,0.04393763625051515,268.83023051696443
2014-12-16,NESTLEIND,INE239A01016,,6100.0,6199.95,5985.45,6036.55,16607,100547374.7,0.04393763625051515,265.23173810804724
2014-12-17,NESTLEIND,INE239A01016,,6036.0,6139.9,5990.0,6052.1,8243,49853820.0,0.04393763625051515,265.91496835174274
2014-12-18,NESTLEIND,INE239A01016,,6137.9,6189.0,6055.0,6151.5,9283,56985372.05,0.04393763625051515,270.282369395044
2014-12-19,NESTLEIND,INE239A01016,,6215.0,6275.0,6120.0,6177.8,27382,169440215.25,0.04393763625051515,271.4379292284325
2014-12-22,NESTLEIND,INE239A01016,,6250.0,6287.75,6180.0,6251.8,12987,81125255.4,0.04393763625051515,274.68931431097064
2014-12-23,NESTLEIND,INE239A01016,,6207.0,6280.0,6170.0,6201.55,7627,47310664.25,0.04393763625051515,272.48144808938224
2014-12-24,NESTLEIND,INE239A01016,,6152.3,6230.0,6080.0,6143.65,16084,98910837.25,0.04393763625051515,269.9374589504774
2014-12-26,NESTLEIND,INE239A01016,,6106.0,6190.0,6106.0,6155.45,9234,56890251.7,0.04393763625051515,270.4559230582335
2014-12-29,NESTLEIND,INE239A01016,,6122.0,6207.85,6122.0,6148.05,6806,41997185.1,0.04393763625051515,270.1307845499797
2014-12-30,NESTLEIND,INE239A01016,,6140.6,6274.55,6140.6,6247.6,10524,65348498.95,0.04393763625051515,274.5047762387185
2014-12-31,NESTLEIND,INE239A01016,,6202.5,6425.05,6190.0,6384.85,19425,122877496.85,0.04393763625051515,280.53521681410166
2015-01-01,NESTLEIND,INE239A01016,,6385.0,6400.0,6300.0,6317.95,3025,19226407.5,0.043937636250515145,277.59578894894213
2015-01-02,NESTLEIND,INE239A01016,,6256.05,6366.5,6256.05,6331.5,6843,43339401.85,0.043937636250515145,278.19114392013665
2015-01-05,NESTLEIND,INE239A01016,,6370.0,6370.0,6290.0,6334.9,10690,67586375.3,0.043937636250515145,278.3405318833884
2015-01-06,NESTLEIND,INE239A01016,,6296.0,6313.05,6220.0,6246.8,13159,82381283.4,0.043937636250515145,274.469626129718
2015-01-07,NESTLEIND,INE239A01016,,6265.0,6308.95,6247.55,6272.95,35673,224093559.6,0.043937636250515145,275.61859531766896
2015-01-08,NESTLEIND,INE239A01016,,6275.0,6345.0,6275.0,6300.45,7524,47520310.35,0.043937636250515145,276.82688031455814
2015-01-09,NESTLEIND,INE239A01016,,6370.0,6479.95,6273.5,6386.35,20492,130410950.05,0.043937636250515145,280.6011232684774
2015-01-12,NESTLEIND,INE239A01016,,6420.0,6520.0,6385.5,6462.75,47557,306598750.7,0.043937636250515145,283.9579586780168
2015-01-13,NESTLEIND,INE239A01016,,6470.0,6741.0,6470.0,6714.65,55108,368187785.4,0.043937636250515145,295.0258492495215
2015-01-14,NESTLEIND,INE239A01016,,6735.0,6930.0,6684.95,6781.85,37403,255621857.7,0.043937636250515145,297.9784584055562
2015-01-15,NESTLEIND,INE239A01016,,6869.2,6940.0,6761.05,6809.1,59753,407712942.75,0.043937636250515145,299.1757589933827
2015-01-16,NESTLEIND,INE239A01016,,6762.0,7005.0,6740.05,6985.2,49852,347426906.1,0.043937636250515145,306.9131767370984
2015-01-19,NESTLEIND,INE239A01016,,7005.0,7100.0,6984.55,7073.95,35414,250150923.0,0.043937636250515145,310.8126419543316
2015-01-20,NESTLEIND,INE239A01016,,7073.0,7110.0,7000.0,7074.5,28431,200918858.65,0.043937636250515145,310.8368076542694
2015-01-21,NESTLEIND,INE239A01016,,7087.75,7120.0,7038.1,7080.0,31104,219985418.65,0.043937636250515145,311.07846465364725
2015-01-22,NESTLEIND,INE239A01016,,7075.0,7170.0,7052.0,7097.05,54149,384878984.25,0.043937636250515145,311.8276013517185
2015-01-23,NESTLEIND,INE239A01016,,7148.0,7290.0,7148.0,7258.35,45866,332684003.6,0.043937636250515145,318.9147420789266
2015-01-27,NESTLEIND,INE239A01016,,7258.3,7430.0,7255.95,7350.05,45350,333845782.55,0.043937636250515145,322.94382332309885
2015-01-28,NESTLEIND,INE239A01016,,7345.0,7421.0,7215.05,7304.05,23762,173362373.75,0.043937636250515145,320.92269205557517
2015-01-29,NESTLEIND,INE239A01016,,7300.0,7364.9,7148.0,7214.45,22040,159180879.55,0.043937636250515145,316.98587984752896
2015-01-30,NESTLEIND,INE239A01016,,7220.0,7220.0,7100.0,7113.05,30387,216618092.25,0.043937636250515145,312.53060353172674
2015-02-02,NESTLEIND,INE239A01016,,7113.8,7161.55,6976.35,7059.65,24716,174152958.55,0.043937636250515145,310.18433375594924
2015-02-03,NESTLEIND,INE239A01016,,7111.0,7190.0,6950.0,7078.5,18909,133515966.55,0.043937636250515145,311.01255819927144
2015-02-04,NESTLEIND,INE239A01016,,7078.0,7139.15,6956.0,6977.75,6588,46195068.55,0.043937636250515145,306.58584134703204
2015-02-05,NESTLEIND,INE239A01016,,7050.0,7050.0,6810.0,6899.15,17043,118658018.35,0.043937636250515145,303.13234313774154
2015-02-06,NESTLEIND,INE239A01016,,6900.0,6970.0,6850.0,6884.55,8881,61477234.3,0.043937636250515145,302.49085364848406
2015-02-09,NESTLEIND,INE239A01016,,6890.0,6930.0,6760.05,6835.4,15551,106064785.6,0.043937636250515145,300.3313188267712
2015-02-10,NESTLEIND,INE239A01016,,6900.0,7018.0,6767.0,6794.15,15902,109240613.55,0.043937636250515145,298.5188913314375
2015-02-11,NESTLEIND,INE239A01016,,6899.0,7000.0,6805.0,6881.05,13708,94663435.2,0.043937636250515145,302.3370719216073
2015-02-12,NESTLEIND,INE239A01016,,6885.0,6970.0,6780.3,6824.6,12887,88365261.15,0.043937636250515145,299.85679235526567
2015-02-13,NESTLEIND,INE239A01016,,6839.9,7097.8,6830.0,7033.65,28685,200005447.95,0.043937636250515145,309.0419552134358
2015-02-16,NESTLEIND,INE239A01016,,7226.0,7272.0,7102.3,7147.35,23895,171552221.9,0.043937636250515145,314.03766445511945
2015-02-18,NESTLEIND,INE239A01016,,7150.0,7225.0,7060.05,7169.3,32189,229828790.05,0.043937636250515145,315.00209557081826
2015-02-19,NESTLEIND,INE239A01016,,7175.0,7175.0,7013.7,7041.7,11509,81414710.25,0.043937636250515145,309.3956531852525
2015-02-20,NESTLEIND,INE239A01016,,7051.0,7237.7,7025.0,7176.7,134761,957616226.95,0.043937636250515145,315.327234079072
2015-02-23,NESTLEIND,INE239A01016,,7205.2,7205.2,6962.5,6999.45,29209,205182636.35,0.043937636250515145,307.5392880536682
2015-02-24,NESTLEIND,INE239A01016,,7001.9,7079.85,6930.0,7009.75,58297,408661907.35,0.043937636250515145,307.9918457070485
2015-02-25,NESTLEIND,INE239A01016,,7024.2,7075.0,7010.0,7052.5,42946,302747720.9,0.043937636250515145,309.87017965675807
2015-02-26,NESTLEIND,INE239A01016,,7099.7,7099.7,6950.0,7019.4,25702,180330415.25,0.043937636250515145,308.415843896866
2015-02-27,NESTLEIND,INE239A01016,,7044.65,7058.9,6999.5,7020.9,65642,460731454.95,0.043937636250515145,308.48175035124177
2015-03-02,NESTLEIND,INE239A01016,,7049.9,7049.9,6949.95,6990.05,26080,182385265.15,0.043937636250515145,307.1262742729134
2015-03-03,NESTLEIND,INE239A01016,,7040.0,7160.5,6932.3,7096.25,26243,184731819.2,0.043937636250515145,311.7924512427181
2015-03-04,NESTLEIND,INE239A01016,,7164.0,7319.0,7112.95,7299.75,45281,329193467.55,0.043937636250515145,320.73376021969796
2015-03-05,NESTLEIND,INE239A01016,,7300.0,7366.45,7246.3,7295.95,30384,221868615.3,0.043937636250515145,320.566797201946
2015-03-09,NESTLEIND,INE239A01016,,7297.0,7425.0,7235.0,7384.3,21576,158039900.1,0.043937636250515145,324.448687364679
2015-03-10,NESTLEIND,INE239A01016,,7386.9,7505.0,7349.45,7397.15,18258,135883249.8,0.043937636250515145,325.0132859904981
2015-03-11,NESTLEIND,INE239A01016,,7389.6,7445.75,7253.0,7280.7,19345,141388077.9,0.043937636250515145,319.8967482491256
2015-03-12,NESTLEIND,INE239A01016,,7300.1,7379.9,7300.1,7328.9,13701,100448633.4,0.043937636250515145,322.0145423164004
2015-03-13,NESTLEIND,INE239A01016,,7355.35,7357.7,7254.05,7299.0,21515,157039091.25,0.043937636250515145,320.70080699251
2015-03-16,NESTLEIND,INE239A01016,,7347.9,7347.9,7255.0,7276.8,12723,92849656.75,0.043937636250515145,319.72539146774864
2015-03-17,NESTLEIND,INE239A01016,,7300.0,7400.0,7300.0,7389.25,27094,199750342.05,0.043937636250515145,324.66617866411906
2015-03-18,NESTLEIND,INE239A01016,,7410.0,7420.0,7366.0,7408.4,49611,367571354.45,0.043937636250515145,325.5075843983164
2015-03-19,NESTLEIND,INE239A01016,,7420.0,7420.0,7321.0,7367.35,27013,199356185.5,0.043937636250515145,323.70394443023275
2015-03-20,NESTLEIND,INE239A01016,,7400.0,7400.0,7225.0,7264.1,27446,199520925.65,0.043937636250515145,319.1673834873671
2015-03-23,NESTLEIND,INE239A01016,,7284.0,7284.4,7090.0,7133.9,23625,168644185.9,0.043937636250515145,313.44670324755
2015-03-24,NESTLEIND,INE239A01016,,7185.0,7190.0,6990.0,7021.65,26775,188900637.2,0.043937636250515145,308.51470357842965
2015-03-25,NESTLEIND,INE239A01016,,6972.0,7094.95,6972.0,7041.8,27132,190987391.7,0.043937636250515145,309.40004694887756
2015-03-26,NESTLEIND,INE239A01016,,7020.0,7030.9,6765.0,6845.2,42361,292413544.35,0.043937636250515145,300.76190766202626
2015-03-27,NESTLEIND,INE239A01016,,6898.0,6916.95,6771.0,6815.05,26243,178692905.85,0.043937636250515145,299.4371879290733
2015-03-30,NESTLEIND,INE239A01016,,6840.0,6999.0,6840.0,6944.0,45193,312958407.9,0.043937636250515145,305.10294612357717
2015-03-31,NESTLEIND,INE239A01016,,6950.0,7132.0,6827.6,6947.35,64200,444852205.5,0.043937636250515145,305.2501372050164
2015-04-01,NESTLEIND,INE239A01016,,7051.0,7059.95,6870.0,6923.15,13749,95912895.8,0.043937636250515145,304.18684640775393
2015-04-06,NESTLEIND,INE239A01016,,6988.9,7150.0,6926.4,7121.35,24913,176030481.7,0.043937636250515145,312.895285912606
2015-04-07,NESTLEIND,INE239A01016,,7121.4,7174.95,7064.15,7157.45,17718,126441912.05,0.043937636250515145,314.48143458124963
2015-04-08,NESTLEIND,INE239A01016,,7146.0,7168.15,7010.0,7046.2,12695,89939159.35,0.043937636250515145,309.5933725483798
2015-04-09,NESTLEIND,INE239A01016,,7060.0,7112.0,7060.0,7101.0,30467,216324926.95,0.043937636250515145,312.001155014908
2015-04-10,NESTLEIND,INE239A01016,,7122.0,7139.7,7065.0,7098.5,44957,319557307.05,0.043937636250515145,311.89131092428175
2015-04-13,NESTLEIND,INE239A01016,,7119.95,7119.95,7066.2,7098.55,29502,209437539.1,0.043937636250515145,311.8935078060943
2015-04-15,NESTLEIND,INE239A01016,,7101.0,7109.35,7025.0,7068.4,23427,166105845.6,0.043937636250515145,310.56878807314126
2015-04-16,NESTLEIND,INE239A01016,,7068.4,7095.0,6990.0,7026.8,26406,185789461.95,0.043937636250515145,308.74098240511984
2015-04-17,NESTLEIND,INE239A01016,,7024.25,7053.0,6990.0,7000.85,14346,100587909.15,0.043937636250515145,307.60080074441896
2015-04-20,NESTLEIND,INE239A01016,,7001.0,7010.0,6900.0,6953.2,15258,106365604.6,0.043937636250515145,305.50717237708193
2015-04-21,NESTLEIND,INE239A01016,,6999.8,6999.8,6865.0,6887.85,11133,76797470.1,0.043937636250515145,302.63584784811076
2015-04-22,NESTLEIND,INE239A01016,,6887.0,6940.0,6825.3,6872.05,17374,119683703.35,0.043937636250515145,301.9416331953526
2015-04-23,NESTLEIND,INE239A01016,,6934.0,6934.0,6866.0,6908.7,35827,246923814.4,0.043937636250515145,303.551947563934
2015-04-24,NESTLEIND,INE239A01016,,6950.0,6950.0,6780.1,6849.75,10639,72921137.95,0.043937636250515145,300.9618239069661
2015-04-27,NESTLEIND,INE239A01016,,6849.0,6868.0,6760.9,6848.1,34239,234173372.25,0.043937636250515145,300.88932680715277
2015-04-28,NESTLEIND,INE239A01016,,6840.0,6849.9,6795.45,6836.85,25326,173178651.6,0.043937636250515145,300.3950283993345
2015-04-29,NESTLEIND,INE239A01016,,6879.95,6879.95,6525.0,6565.45,41655,276651962.15,0.043937636250515145,288.47035392094466
2015-04-30,NESTLEIND,INE239A01016,,6565.2,6709.95,6525.9,6572.6,42919,284267877.3,0.043937636250515145,288.7845080201359
2015-05-04,NESTLEIND,INE239A01016,,6660.0,6810.0,6623.4,6801.45,16941,114338146.5,0.043937636250515145,298.83963607606626
2015-05-05,NESTLEIND,INE239A01016,,6809.0,6835.0,6772.0,6807.4,14582,99209157.5,0.043937636250515145,299.10106501175676
2015-05-06,NESTLEIND,INE239A01016,,6809.4,6820.0,6756.25,6802.75,17433,118465964.7,0.043937636250515145,298.8967550031919
2015-05-07,NESTLEIND,INE239A01016,,6850.0,6850.0,6725.0,6767.55,28509,193094437.55,0.043937636250515145,297.3501502071738
2015-05-08,NESTLEIND,INE239A01016,,6761.0,6869.95,6761.0,6796.3,22452,152573787.2,0.043937636250515145,298.61335724937607
2015-05-11,NESTLEIND,INE239A01016,,6856.9,6870.0,6763.2,6806.3,39358,267485092.45,0.043937636250515145,299.05273361188125
2015-05-12,NESTLEIND,INE239A01016,,6812.2,6845.0,6680.0,6704.45,38069,258049719.45,0.043937636250515145,294.57768535976624
2015-05-13,NESTLEIND,INE239A01016,,6705.3,6810.65,6650.0,6701.5,34511,231570657.8,0.043937636250515145,294.44806933282723
2015-05-14,NESTLEIND,INE239A01016,,6705.0,6919.7,6705.0,6854.5,20242,138393714.5,0.043937636250515145,301.17052767915607
2015-05-15,NESTLEIND,INE239A01016,,6875.0,7050.0,6860.15,7031.3,23138,162200245.65,0.043937636250515145,308.93870176824714
2015-05-18,NESTLEIND,INE239A01016,,7100.1,7349.0,6941.0,7077.35,37666,266589826.0,0.043937636250515145,310.9620299175834
2015-05-19,NESTLEIND,INE239A01016,,7100.0,7157.95,6902.5,7028.7,26114,184934811.95,0.04410277199452312,309.9851535179047
2015-05-20,NESTLEIND,INE239A01016,,7068.7,7116.3,6855.0,6961.6,30255,210109060.45,0.04410277199452312,307.0258575170722
2015-05-21,NESTLEIND,INE239A01016,,6874.9,6999.0,6830.0,6948.9,30907,213183866.5,0.04410277199452312,306.4657523127417
2015-05-22,NESTLEIND,INE239A01016,,6950.0,7119.5,6928.05,6995.9,42396,297384585.85,0.04410277199452312,308.5385825964843
2015-05-25,NESTLEIND,INE239A01016,,6926.0,7013.9,6905.0,6936.6,12915,89638180.0,0.04410277199452312,305.9232882172091
2015-05-26,NESTLEIND,INE239A01016,,6960.0,6993.0,6535.1,6805.35,62840,424750058.45,0.04410277199452312,300.13479939292796
2015-05-27,NESTLEIND,INE239A01016,,6805.35,7135.0,6776.0,7062.5,61700,429588765.9,0.04410277199452312,311.47582721131954
2015-05-28,NESTLEIND,INE239A01016,,7090.0,7210.0,6955.5,7057.65,34215,240848016.45,0.04410277199452312,311.2619287671461
2015-05-29,NESTLEIND,INE239A01016,,6992.0,7057.65,6564.8,6751.55,108338,738434516.7,0.04410277199452312,297.7620702596226
2015-06-01,NESTLEIND,INE239A01016,,6700.0,6733.0,6530.95,6670.2,68323,453479225.5,0.04410277199452312,294.1743097578681
2015-06-02,NESTLEIND,INE239A01016,,6772.0,6999.9,6755.15,6803.25,75154,515405895.75,0.04410277199452312,300.04218357173943
2015-06-03,NESTLEIND,INE239A01016,,6500.0,6533.0,5980.0,6186.95,390444,2442519161.35,0.04410277199452312,272.8616451915148
2015-06-04,NESTLEIND,INE239A01016,,5880.0,6050.0,5800.55,6004.45,430477,2556918897.95,0.04410277199452312,264.81288930251435
2015-06-05,NESTLEIND,INE239A01016,,5830.0,6125.0,5711.0,6011.6,756189,4519579874.55,0.04410277199452312,265.12822412227524
2015-06-08,NESTLEIND,INE239A01016,,5850.0,5850.0,5501.0,5569.0,344869,1953584179.7,0.04410277199452312,245.60833723749926
2015-06-09,NESTLEIND,INE239A01016,,5590.35,6120.0,5525.0,5964.35,568881,3283998926.75,0.04410277199452312,263.044368145534
2015-06-10,NESTLEIND,INE239A01016,,6049.9,6240.0,6021.25,6060.35,247150,1517432420.4,0.04410277199452312,267.2782342570082
2015-06-11,NESTLEIND,INE239A01016,,6158.9,6306.0,5975.75,6164.7,302802,1853692057.8,0.04410277199452312,271.88035851463667
2015-06-12,NESTLEIND,INE239A01016,,6184.5,6184.5,5925.35,6087.2,104699,637921496.65,0.04410277199452312,268.46239368506116
2015-06-15,NESTLEIND,INE239A01016,,6048.0,6050.0,5892.4,5955.05,73067,434978753.3,0.04410277199452312,262.6342123659849
2015-06-16,NESTLEIND,INE239A01016,,5899.0,5899.0,5755.0,5784.65,87482,508350744.9,0.04410277199452312,255.11910001811816
2015-06-17,NESTLEIND,INE239A01016,,5745.0,5900.0,5651.0,5838.9,140517,817110518.55,0.04410277199452312,257.51167539882107
2015-06-18,NESTLEIND,INE239A01016,,5864.0,6128.0,5850.0,6081.65,118969,710935901.45,0.04410277199452312,268.21762330049154
2015-06-19,NESTLEIND,INE239A01016,,6010.0,6325.0,6010.0,6281.0,145841,908991673.55,0.04410277199452312,277.00951089759974
2015-06-22,NESTLEIND,INE239A01016,,6276.0,6411.15,6215.0,6296.6,78944,498982262.35,0.04410277199452312,277.6975141407143
2015-06-23,NESTLEIND,INE239A01016,,6290.0,6290.0,6100.1,6127.85,54383,336469502.1,0.04410277199452312,270.25517136663854
2015-06-24,NESTLEIND,INE239A01016,,6150.0,6163.15,5981.1,6004.1,55028,333176208.55,0.04410277199452312,264.7974533323163
2015-06-25,NESTLEIND,INE239A01016,,6005.0,6049.0,5810.25,5836.45,136513,803698305.85,0.04410277199452312,257.4036236074345
2015-06-26,NESTLEIND,INE239A01016,,5922.0,5970.0,5870.0,5958.15,75863,450295018.9,0.04410277199452312,262.7709309591679
2015-06-29,NESTLEIND,INE239A01016,,5825.5,6087.5,5825.5,6071.05,82096,494313983.8,0.04410277199452312,267.7501339173496
2015-06-30,NESTLEIND,INE239A01016,,6022.0,6392.0,6022.0,6352.2,252693,1582038476.0,0.04410277199452312,280.14962826360977
2015-07-01,NESTLEIND,INE239A01016,,6400.0,6494.0,6116.0,6144.45,168999,1065812468.7,0.04410277199452312,270.9872773817476
2015-07-02,NESTLEIND,INE239A01016,,6259.95,6375.0,6215.0,6241.6,111329,700596064.35,0.04410277199452312,275.27186168101554
2015-07-03,NESTLEIND,INE239A01016,,6314.95,6344.95,6151.0,6165.2,89765,558889032.45,0.04410277199452312,271.9024099006339
2015-07-06,NESTLEIND,INE239A01016,,6199.95,6199.95,6075.0,6120.3,38621,235911004.3,0.04410277199452312,269.9221954380799
2015-07-07,NESTLEIND,INE239A01016,,6190.0,6190.0,6060.0,6084.85,63527,388105321.45,0.04410277199452312,268.358752170874
2015-07-08,NESTLEIND,INE239A01016,,6060.0,6060.2,5960.1,5995.9,109001,653963625.7,0.04410277199452312,264.4358106019612
2015-07-09,NESTLEIND,INE239A01016,,6075.0,6099.0,6001.0,6029.95,70819,427866235.05,0.04410277199452312,265.9375099883747
2015-07-10,NESTLEIND,INE239A01016,,6060.0,6070.0,5926.05,5963.4,92072,549422190.65,0.04410277199452312,263.00247051213915
2015-07-13,NESTLEIND,INE239A01016,,6020.0,6020.0,5895.0,5955.5,65745,391726160.9,0.04410277199452312,262.65405861338246
2015-07-14,NESTLEIND,INE239A01016,,5989.9,5994.0,5935.25,5953.1,40738,242819602.45,0.04410277199452312,262.5482119605956
2015-07-15,NESTLEIND,INE239A01016,,5920.0,5995.6,5920.0,5967.9,101401,606148519.75,0.04410277199452312,263.20093298611454
2015-07-16,NESTLEIND,INE239A01016,,5989.95,6045.5,5975.05,6025.5,35537,213786524.0,0.04410277199452312,265.7412526529991
2015-07-17,NESTLEIND,INE239A01016,,6020.0,6125.0,6019.95,6078.6,52852,321548556.4,0.04410277199452312,268.08310984590827
2015-07-20,NESTLEIND,INE239A01016,,6104.95,6131.8,6057.7,6071.05,19953,121437604.5,0.04410277199452312,267.7501339173496
2015-07-21,NESTLEIND,INE239A01016,,6099.95,6107.85,6050.0,6068.5,22646,137425739.15,0.04410277199452312,267.63767184876355
2015-07-22,NESTLEIND,INE239A01016,,6048.0,6048.0,5974.0,5990.6,26233,157259526.75,0.04410277199452312,264.2020659103902
2015-07-23,NESTLEIND,INE239A01016,,6000.0,6069.9,5999.4,6060.4,31337,189516823.85,0.04410277199452312,267.2804393956079
2015-07-24,NESTLEIND,INE239A01016,,6052.0,6124.45,6000.0,6033.9,30532,184581721.45,0.04410277199452312,266.11171593775305
2015-07-27,NESTLEIND,INE239A01016,,6100.0,6306.85,6033.0,6261.4,113239,700685142.9,0.04410277199452312,276.14509656650705
2015-07-28,NESTLEIND,INE239A01016,,6265.0,6300.0,6169.0,6192.45,53887,335005740.25,0.04410277199452312,273.1042104374847
2015-07-29,NESTLEIND,INE239A01016,,6200.0,6254.6,6082.4,6152.65,73126,453705736.3,0.04410277199452312,271.3489201121027
2015-07-30,NESTLEIND,INE239A01016,,6032.05,6390.0,5980.45,6331.2,176979,1097935667.4,0.04410277199452312,279.2234700517248
2015-07-31,NESTLEIND,INE239A01016,,6210.0,6390.0,6210.0,6357.4,111955,707066848.9,0.04410277199452312,280.3789626779813
2015-08-03,NESTLEIND,INE239A01016,,6385.0,6500.0,6220.05,6326.25,108792,698857751.5,0.04410277199452312,279.0051613303519
2015-08-04,NESTLEIND,INE239A01016,,6349.9,6383.6,6320.2,6350.65,105771,671888594.95,0.04410277199452312,280.0812689670183
2015-08-05,NESTLEIND,INE239A01016,,6800.0,6998.0,6590.2,6838.35,364555,2471280894.9,0.04410277199452312,301.5901908687472
2015-08-06,NESTLEIND,INE239A01016,,6533.7,6596.0,6450.0,6486.1,173295,1124879080.85,0.04410277199452312,286.05498943367644
2015-08-07,NESTLEIND,INE239A01016,,6548.0,6560.0,6525.55,6548.6,69339,453948110.05,0.04410277199452312,288.81141268333414
2015-08-10,NESTLEIND,INE239A01016,,6550.0,6567.3,6347.05,6388.4,62031,398805555.35,0.04410277199452312,281.7461486098115
2015-08-11,NESTLEIND,INE239A01016,,6460.35,6463.95,6300.0,6317.35,51237,325238266.2,0.04410277199452312,278.61264665960067
2015-08-12,NESTLEIND,INE239A01016,,6225.0,6350.0,6007.05,6234.3,114437,709157655.75,0.04410277199452312,274.9499114454555
2015-08-13,NESTLEIND,INE239A01016,,6300.0,6533.0,6234.0,6317.25,506085,3244123693.25,0.04410277199452312,278.6082363824012
2015-08-14,NESTLEIND,INE239A01016,,6398.0,6398.0,6251.1,6268.8,63854,402939812.45,0.04410277199452312,276.47145707926654
2015-08-17,NESTLEIND,INE239A01016,,6268.8,6279.95,6130.0,6135.4,45417,280908748.1,0.04410277199452312,270.58814729519713
2015-08-18,NESTLEIND,INE239A01016,,6201.0,6207.0,6140.0,6164.7,63390,391935581.7,0.04410277199452312,271.88035851463667
2015-08-19,NESTLEIND,INE239A01016,,6200.0,6200.0,6081.25,6098.7,59166,363371476.75,0.04410277199452312,268.96957556299816
2015-08-20,NESTLEIND,INE239A01016,,6124.95,6180.0,6085.75,6150.9,65541,403064654.25,0.04410277199452312,271.27174026111226
2015-08-21,NESTLEIND,INE239A01016,,6075.0,6195.0,6060.0,6090.75,36949,225642943.05,0.04410277199452312,268.6189585256417
2015-08-24,NESTLEIND,INE239A01016,,6078.0,6208.75,5995.0,6036.0,78584,479287745.8,0.04410277199452312,266.2043317589416
2015-08-25,NESTLEIND,INE239A01016,,6094.95,6220.8,6029.0,6163.4,50568,310606768.45,0.04410277199452312,271.8230249110438
2015-08-26,NESTLEIND,INE239A01016,,6169.95,6199.85,6050.0,6064.2,56983,347754133.95,0.04410277199452312,267.4480299291871
2015-08-27,NESTLEIND,INE239A01016,,6165.0,6175.0,6030.0,6057.0,35980,219280384.3,0.04410277199452312,267.13048997082655
2015-08-28,NESTLEIND,INE239A01016,,6100.0,6140.0,6040.0,6104.65,43170,263675475.85,0.04410277199452312,269.23198705636554
2015-08-31,NESTLEIND,INE239A01016,,6099.95,6104.95,5950.0,5965.4,69408,416434802.35,0.04410277199452312,263.09067605612825
2015-09-01,NESTLEIND,INE239A01016,,5935.0,6028.45,5910.0,6003.6,34852,209090637.1,0.04410277199452312,264.77540194631905
2015-09-02,NESTLEIND,INE239A01016,,6041.0,6067.2,5903.55,5930.0,40575,242253493.25,0.04410277199452312,261.5294379275221
2015-09-03,NESTLEIND,INE239A01016,,6029.5,6074.7,5850.0,6035.45,51799,309605201.35,0.04410277199452312,266.1800752343446
2015-09-04,NESTLEIND,INE239A01016,,6050.0,6064.95,5960.4,5995.6,19538,117161502.9,0.04410277199452312,264.42257977036286
2015-09-07,NESTLEIND,INE239A01016,,6003.0,6030.0,5960.0,6001.35,31004,186048763.6,0.04410277199452312,264.67617070933136
2015-09-08,NESTLEIND,INE239A01016,,5981.0,6004.1,5880.0,5902.2,37289,221493402.7,0.04410277199452312,260.30338086607435
2015-09-09,NESTLEIND,INE239A01016,,5939.95,5995.0,5931.05,5986.6,26234,156517874.7,0.04410277199452312,264.02565482241215
2015-09-10,NESTLEIND,INE239A01016,,6000.0,6014.95,5969.95,6005.1,22946,137707563.1,0.04410277199452312,264.8415561043108
2015-09-11,NESTLEIND,INE239A01016,,6001.0,6060.0,5961.2,6001.25,14192,85311170.0,0.04410277199452312,264.67176043213186
2015-09-14,NESTLEIND,INE239A01016,,6020.0,6069.0,6000.0,6056.5,18457,111536362.9,0.04410277199452312,267.1084385848293
2015-09-15,NESTLEIND,INE239A01016,,6039.95,6090.0,6000.0,6025.0,21365,128770444.8,0.04410277199452312,265.71920126700184
2015-09-16,NESTLEIND,INE239A01016,,6087.0,6138.0,6003.85,6096.35,52025,314692587.8,0.04410277199452312,268.865934048811
2015-09-18,NESTLEIND,INE239A01016,,6096.35,6260.0,6096.35,6236.7,64894,403891109.1,0.04410277199452312,275.05575809824234
2015-09-21,NESTLEIND,INE239A01016,,6255.0,6255.0,6170.0,6176.8,9914,61414341.75,0.04410277199452312,272.4140020557704
2015-09-22,NESTLEIND,INE239A01016,,6220.0,6300.0,6125.0,6148.45,25332,157542319.15,0.04410277199452312,271.1636884697257
2015-09-23,NESTLEIND,INE239A01016,,6178.9,6350.35,6060.0,6219.8,31449,194467423.85,0.04410277199452312,274.31042125153493
2015-09-24,NESTLEIND,INE239A01016,,6288.0,6288.0,6152.35,6212.05,26846,166597464.75,0.04410277199452312,273.9686247685774
2015-09-28,NESTLEIND,INE239A01016,,6245.0,6278.0,6153.0,6219.3,27813,173259954.3,0.04410277199452312,274.2883698655377
2015-09-29,NESTLEIND,INE239A01016,,6188.0,6250.0,6111.0,6179.6,24187,149641965.2,0.04410277199452312,272.5374898173551
2015-09-30,NESTLEIND,INE239A01016,,6250.0,6398.0,6213.4,6367.65,54871,346371573.55,0.04410277199452312,280.8310160909251
2015-10-01,NESTLEIND,INE239A01016,,6364.0,6434.0,6323.15,6422.5,30309,193739507.45,0.04410277199452312,283.2500531348248
2015-10-05,NESTLEIND,INE239A01016,,6450.0,6482.0,6426.0,6478.6,29433,190360176.75,0.04410277199452312,285.7242186437175
2015-10-06,NESTLEIND,INE239A01016,,6480.0,6519.0,6425.0,6495.25,23236,150650607.55,0.04410277199452312,286.4585297974263
2015-10-07,NESTLEIND,INE239A01016,,6490.0,6490.0,6314.7,6337.55,36934,235746378.15,0.04410277199452312,279.50352265389
2015-10-08,NESTLEIND,INE239A01016,,6392.0,6419.0,6340.35,6367.45,8972,57201489.25,0.04410277199452312,280.82219553652624
2015-10-09,NESTLEIND,INE239A01016,,6367.0,6449.0,6352.55,6416.55,14875,95323678.4,0.04410277199452312,282.98764164145734
2015-10-12,NESTLEIND,INE239A01016,,6417.0,6430.05,6230.0,6256.1,24060,151208166.85,0.04410277199452312,275.91135187493614
2015-10-13,NESTLEIND,INE239A01016,,6267.0,6317.6,6105.15,6151.95,46265,284799056.9,0.04410277199452312,271.3180481717065
2015-10-14,NESTLEIND,INE239A01016,,6199.0,6248.0,6111.0,6210.65,15619,96790620.05,0.04410277199452312,273.906880887785
2015-10-15,NESTLEIND,INE239A01016,,6195.0,6258.95,6150.5,6206.5,24109,149410717.35,0.04410277199452312,273.7238543840078
2015-10-16,NESTLEIND,INE239A01016,,6250.0,6669.95,6170.0,6569.4,317373,2078645068.75,0.04410277199452312,289.72875034082017
2015-10-19,NESTLEIND,INE239A01016,,6598.0,6614.4,6452.25,6493.0,71912,468830968.0,0.04410277199452312,286.3592985604386
2015-10-20,NESTLEIND,INE239A01016,,6598.4,6648.5,6510.5,6536.5,73153,480886719.6,0.04410277199452312,288.2777691422004
2015-10-21,NESTLEIND,INE239A01016,,6545.0,6629.0,6440.1,6463.3,59955,391511493.55,0.04410277199452312,285.0494462322013
2015-10-23,NESTLEIND,INE239A01016,,6550.0,6550.0,6311.2,6328.65,39067,250787449.5,0.04410277199452312,279.11100798313873
2015-10-26,NESTLEIND,INE239A01016,,6358.0,6420.0,6280.0,6316.3,33416,211808664.75,0.04410277199452312,278.56633874900643
2015-10-27,NESTLEIND,INE239A01016,,6399.0,6410.0,6345.0,6354.5,33326,212312780.3,0.04410277199452312,280.2510646391972
2015-10-28,NESTLEIND,INE239A01016,,6370.0,6380.05,6300.0,6337.4,29844,188958403.9,0.04410277199452312,279.49690723809084
2015-10-29,NESTLEIND,INE239A01016,,6337.5,6370.0,6251.95,6290.5,47775,299965390.0,0.04410277199452312,277.4284872315477
2015-10-30,NESTLEIND,INE239A01016,,6230.0,6262.0,6150.0,6173.9,51020,316427697.25,0.04410277199452312,272.2861040169863
2015-11-02,NESTLEIND,INE239A01016,,6160.0,6319.0,6150.0,6276.05,29690,184892327.6,0.04410277199452312,276.7912021762269
2015-11-03,NESTLEIND,INE239A01016,,6299.0,6320.0,6205.15,6217.75,28500,177824165.75,0.04410277199452312,274.2200105689461
2015-11-04,NESTLEIND,INE239A01016,,6250.0,6474.0,6219.75,6251.15,157371,998390827.1,0.04410277199452312,275.6930431535632
2015-11-05,NESTLEIND,INE239A01016,,6260.0,6299.0,6150.0,6165.65,38309,238297413.3,0.04410277199452312,271.92225614803147
2015-11-06,NESTLEIND,INE239A01016,,6199.0,6234.95,6151.0,6168.95,16050,99306037.7,0.04410277199452312,272.0677952956134
2015-11-09,NESTLEIND,INE239A01016,,6125.0,6199.95,6099.0,6111.4,51683,318281018.55,0.04410277199452312,269.5296807673286
2015-11-10,NESTLEIND,INE239A01016,,6190.0,6190.0,6050.0,6072.3,32828,200198145.95,0.04410277199452312,267.8052623823428
2015-11-13,NESTLEIND,INE239A01016,,6154.8,6186.0,6014.0,6034.2,115791,699870628.2,0.04410277199452312,266.1249467693514
2015-11-16,NESTLEIND,INE239A01016,,6050.0,6070.0,5962.5,5986.45,110197,659175061.9,0.04410277199452312,264.01903940661293
2015-11-17,NESTLEIND,INE239A01016,,6005.0,6137.85,5951.0,6084.6,67571,408175016.65,0.04410277199452312,268.3477264778754
2015-11-18,NESTLEIND,INE239A01016,,6105.0,6134.9,6068.0,6082.3,27800,169590810.2,0.04410277199452312,268.246290102288
2015-11-19,NESTLEIND,INE239A01016,,6109.0,6323.0,6085.05,6280.15,61148,380093107.25,0.04410277199452312,276.9720235414044
2015-11-20,NESTLEIND,INE239A01016,,6268.0,6279.0,6180.0,6196.25,19934,124042291.7,0.04410277199452312,273.2718009710639
2015-11-23,NESTLEIND,INE239A01016,,6199.0,6226.0,6110.0,6141.6,28203,173469115.9,0.04410277199452312,270.8615844815632
2015-11-24,NESTLEIND,INE239A01016,,6162.5,6162.5,6050.0,6056.35,33023,200808710.0,0.04410277199452312,267.1018231690301
2015-11-26,NESTLEIND,INE239A01016,,6073.9,6140.0,6006.0,6023.55,72189,435490999.0,0.04410277199452312,265.6552522476098
2015-11-27,NESTLEIND,INE239A01016,,6021.0,6043.25,5905.55,5949.0,113708,675812269.15,0.04410277199452312,262.36739059541804
2015-11-30,NESTLEIND,INE239A01016,,5900.0,5964.15,5850.0,5858.8,142381,835698523.3,0.04410277199452312,258.3893205615121
2015-12-01,NESTLEIND,INE239A01016,,5858.9,5950.0,5858.9,5879.15,50000,294278255.5,0.04410277199452312,259.2868119716006
2015-12-02,NESTLEIND,INE239A01016,,5885.2,5920.0,5834.9,5868.1,59827,350147037.65,0.04410277199452312,258.79947634106117
2015-12-03,NESTLEIND,INE239A01016,,5860.0,5860.0,5820.0,5835.9,66220,386446203.25,0.04410277199452312,257.37936708283746
2015-12-04,NESTLEIND,INE239A01016,,5836.0,5907.0,5805.15,5857.05,41218,241069274.55,0.04410277199452312,258.31214071052165
2015-12-07,NESTLEIND,INE239A01016,,5898.0,5910.0,5819.8,5893.6,17595,103541901.35,0.04410277199452312,259.9240970269215
2015-12-08,NESTLEIND,INE239A01016,,5893.0,5899.7,5820.0,5825.35,50408,294484222.95,0.04410277199452312,256.9140828382953
2015-12-09,NESTLEIND,INE239A01016,,5827.1,5849.0,5752.55,5759.7,120058,691982604.35,0.04410277199452312,254.01873585685482
2015-12-10,NESTLEIND,INE239A01016,,5760.0,5820.0,5750.0,5770.65,28579,165002155.1,0.04410277199452312,254.50166121019484
2015-12-11,NESTLEIND,INE239A01016,,5770.65,5930.0,5765.0,5908.25,53452,314343142.4,0.04422539358782808,261.2946816652852
2015-12-14,NESTLEIND,INE239A01016,,5909.9,5909.9,5782.45,5879.75,27743,162302667.25,0.04422539358782808,260.0342579480322
2015-12-15,NESTLEIND,INE239A01016,,5907.0,5910.0,5813.05,5838.6,34519,202215369.35,0.04422539358782808,258.21438300189305
2015-12-16,NESTLEIND,INE239A01016,,5889.0,5915.0,5821.0,5828.4,31415,183964290.8,0.04422539358782808,257.76328398729714
2015-12-17,NESTLEIND,INE239A01016,,5832.0,5919.95,5820.8,5883.35,27911,163430464.7,0.04422539358782808,260.1934693649483
2015-12-18,NESTLEIND,INE239A01016,,5897.0,5897.0,5630.0,5673.0,61457,351748491.95,0.04422539358782808,250.89065782374868
2015-12-21,NESTLEIND,INE239A01016,,5715.0,5732.0,5665.2,5674.35,28016,159426392.7,0.04422539358782808,250.95036210509227
2015-12-22,NESTLEIND,INE239A01016,,5704.9,5749.0,5680.0,5730.0,19130,109501176.0,0.04422539358782808,253.4115052582549
2015-12-23,NESTLEIND,INE239A01016,,5765.0,5794.0,5730.0,5778.0,12253,70619155.45,0.04422539358782808,255.53432415047064
2015-12-24,NESTLEIND,INE239A01016,,5775.0,5798.0,5725.0,5775.9,14043,80910856.6,0.04422539358782808,255.44145082393618
2015-12-28,NESTLEIND,INE239A01016,,5776.0,5850.65,5750.0,5804.65,22286,129541486.3,0.04422539358782808,256.71293088958623
2015-12-29,NESTLEIND,INE239A01016,,5829.0,5855.0,5795.05,5839.2,14160,82750403.4,0.04422539358782808,258.2409182380457
2015-12-30,NESTLEIND,INE239A01016,,5850.0,5860.0,5790.1,5839.85,19255,112360614.55,0.04422539358782808,258.26966474387785
2015-12-31,NESTLEIND,INE239A01016,,5862.65,5870.05,5803.5,5828.0,19210,111925551.25,0.04422539358782808,257.74559382986206
2016-01-01,NESTLEIND,INE239A01016,,5820.05,5850.0,5775.0,5785.15,12085,70187977.8,0.04422539358782809,255.85053571462365
2016-01-04,NESTLEIND,INE239A01016,,5814.0,5827.0,5652.0,5669.8,35426,202793418.35,0.04422539358782809,250.7491365642677
2016-01-05,NESTLEIND,INE239A01016,,5739.0,5739.0,5650.0,5662.4,27112,153616462.25,0.04422539358782809,250.42186865171774
2016-01-06,NESTLEIND,INE239A01016,,5666.1,5729.55,5655.0,5719.5,55372,315928248.75,0.04422539358782809,252.94713862558274
2016-01-07,NESTLEIND,INE239A01016,,5729.95,5729.95,5621.4,5638.95,22220,125873922.75,0.04422539358782809,249.3847831720832
2016-01-08,NESTLEIND,INE239A01016,,5690.0,5691.0,5615.0,5632.55,44465,250201958.4,0.04422539358782809,249.10174065312108
2016-01-11,NESTLEIND,INE239A01016,,5625.0,5625.0,5435.55,5469.25,50060,276106252.15,0.04422539358782809,241.87973388022877
2016-01-12,NESTLEIND,INE239A01016,,5515.0,5515.0,5408.15,5439.85,56465,307324526.8,0.04422539358782809,240.57950730874663
2016-01-13,NESTLEIND,INE239A01016,,5465.0,5530.0,5400.4,5501.15,61874,339127787.95,0.04422539358782809,243.29052393568045
2016-01-14,NESTLEIND,INE239A01016,,5460.0,5630.2,5432.0,5616.15,34830,194217713.75,0.04422539358782809,248.3764441982807
2016-01-15,NESTLEIND,INE239A01016,,5600.0,5630.0,5572.05,5597.7,27017,151398475.9,0.04422539358782809,247.56048568658528
2016-01-18,NESTLEIND,INE239A01016,,5597.7,5600.0,5400.0,5436.0,21414,116608350.05,0.04422539358782809,240.40923954343347
2016-01-19,NESTLEIND,INE239A01016,,5444.95,5494.0,5390.0,5428.8,21347,115917814.7,0.04422539358782809,240.0908167096011
2016-01-20,NESTLEIND,INE239A01016,,5417.8,5525.0,5375.0,5485.6,14685,79729982.1,0.04422539358782809,242.60281906538978
2016-01-21,NESTLEIND,INE239A01016,,5460.0,5492.0,5404.6,5429.85,79144,433803219.85,0.04422539358782809,240.13725337286834
2016-01-22,NESTLEIND,INE239A01016,,5490.0,5512.4,5431.65,5447.6,24884,135953324.4,0.04422539358782809,240.9222541090523
2016-01-25,NESTLEIND,INE239A01016,,5460.0,5512.0,5448.0,5461.35,26417,144800322.75,0.04422539358782809,241.53035327088494
2016-01-27,NESTLEIND,INE239A01016,,5494.55,5494.55,5451.1,5487.7,59544,326782258.95,0.04422539358782809,242.69569239192418
2016-01-28,NESTLEIND,INE239A01016,,5480.0,5490.0,5450.0,5468.95,40287,220498026.15,0.04422539358782809,241.86646626215241
2016-01-29,NESTLEIND,INE239A01016,,5488.95,5500.0,5469.0,5488.0,50118,275031397.75,0.04422539358782809,242.70896001000054
2016-02-01,NESTLEIND,INE239A01016,,5575.0,5575.0,5420.85,5448.95,19318,105376721.45,0.04422539358782809,240.98195839039585
2016-02-02,NESTLEIND,INE239A01016,,5480.0,5503.9,5420.0,5457.35,41682,228483114.65,0.04422539358782809,241.35345169653363
2016-02-03,NESTLEIND,INE239A01016,,5457.35,5457.35,5400.0,5408.35,31939,172844868.55,0.04422539358782809,239.18640741073006
2016-02-04,NESTLEIND,INE239A01016,,5425.0,5492.95,5425.0,5485.3,19439,106403883.4,0.04422539358782809,242.5895514473134
2016-02-05,NESTLEIND,INE239A01016,,5470.0,5550.0,5385.0,5421.5,30883,168314435.6,0.04422539358782809,239.76797133640997
2016-02-08,NESTLEIND,INE239A01016,,5469.95,5490.0,5401.95,5413.0,21474,117055576.05,0.04422539358782809,239.39205549091344
2016-02-09,NESTLEIND,INE239A01016,,5444.0,5459.85,5391.25,5419.25,24994,135953991.0,0.04422539358782809,239.66846420083735
2016-02-10,NESTLEIND,INE239A01016,,5439.0,5449.0,5279.4,5297.6,46842,251079937.7,0.04422539358782809,234.28844507087808
2016-02-11,NESTLEIND,INE239A01016,,5323.95,5323.95,5190.0,5217.05,58313,304585349.45,0.04422539358782809,230.72608961737853
2016-02-12,NESTLEIND,INE239A01016,,5230.0,5268.65,5001.05,5056.05,37439,190370483.0,0.04422539358782809,223.6058012497382
2016-02-15,NESTLEIND,INE239A01016,,5058.0,5149.0,5019.95,5057.75,66272,335854545.75,0.04422539358782809,223.6809844188375
2016-02-16,NESTLEIND,INE239A01016,,5115.0,5115.0,5030.0,5049.8,49811,252865826.9,0.04422539358782809,223.32939253981428
2016-02-17,NESTLEIND,INE239A01016,,5090.0,5100.0,5034.0,5072.7,72280,366512361.6,0.04422539358782809,224.34215405297553
2016-02-18,NESTLEIND,INE239A01016,,5095.0,5205.0,5060.0,5182.85,26633,137455663.95,0.04422539358782809,229.21358115667482
2016-02-19,NESTLEIND,INE239A01016,,5206.95,5240.0,5175.1,5209.7,12939,67310968.45,0.04422539358782809,230.40103297450798
2016-02-22,NESTLEIND,INE239A01016,,5208.0,5298.0,5162.15,5279.35,85293,450025502.95,0.04422539358782809,233.4813316379002
2016-02-23,NESTLEIND,INE239A01016,,5309.95,5309.95,5180.0,5192.25,21387,111324443.75,0.04422539358782809,229.6292998564004
2016-02-24,NESTLEIND,INE239A01016,,5185.0,5204.9,5135.0,5199.4,11843,61465228.4,0.04422539358782809,229.94551142055334
2016-02-25,NESTLEIND,INE239A01016,,5199.4,5200.0,5090.95,5142.9,31388,161258614.35,0.04422539358782809,227.44677668284106
2016-02-26,NESTLEIND,INE239A01016,,5190.0,5190.0,5101.0,5111.2,36011,184205443.0,0.04422539358782809,226.04483170610692
2016-02-29,NESTLEIND,INE239A01016,,5144.9,5144.9,4981.0,5008.0,52942,265349294.95,0.04422539358782809,221.48077108784307
2016-03-01,NESTLEIND,INE239A01016,,5050.0,5117.25,5000.55,5052.25,41530,209893643.8,0.04422539358782809,223.43774475410444
2016-03-02,NESTLEIND,INE239A01016,,5080.0,5105.0,5045.0,5078.2,29138,147819458.6,0.04422539358782809,224.58539371770857
2016-03-03,NESTLEIND,INE239A01016,,5110.0,5243.0,5080.0,5217.75,33110,171847683.6,0.04422539358782809,230.75704739289
2016-03-04,NESTLEIND,INE239A01016,,5218.0,5325.05,5166.0,5285.25,26291,138351697.7,0.04422539358782809,233.7422614600684
2016-03-08,NESTLEIND,INE239A01016,,5300.0,5429.0,5276.1,5320.8,53547,286984981.55,0.04422539358782809,235.3144742021157
2016-03-09,NESTLEIND,INE239A01016,,5275.3,5307.45,5182.0,5209.8,47123,245951580.3,0.04422539358782809,230.40545551386677
2016-03-10,NESTLEIND,INE239A01016,,5223.0,5241.65,5106.35,5177.8,63711,328199953.25,0.04422539358782809,228.99024291905627
2016-03-11,NESTLEIND,INE239A01016,,5189.95,5249.9,5100.0,5163.15,35312,182607436.55,0.04422539358782809,228.34234090299458
2016-03-14,NESTLEIND,INE239A01016,,5173.0,5173.0,5090.0,5103.1,61213,312634055.45,0.04422539358782809,225.68660601804552
2016-03-15,NESTLEIND,INE239A01016,,5117.4,5117.4,5040.8,5053.75,99413,502518446.25,0.04422539358782809,223.5040828444862
2016-03-16,NESTLEIND,INE239A01016,,5054.9,5059.95,5005.0,5011.75,91850,460369567.85,0.04422539358782809,221.6466163137974
2016-03-17,NESTLEIND,INE239A01016,,5040.0,5114.7,5030.05,5096.85,34979,178050681.05,0.04422539358782809,225.4101973081216
2016-03-18,NESTLEIND,INE239A01016,,5097.3,5260.0,5043.0,5186.25,51696,265790397.35,0.04422539358782809,229.3639474948734
2016-03-21,NESTLEIND,INE239A01016,,5200.0,5250.0,5200.0,5231.55,52834,276206384.9,0.04422539358782809,231.36735782440203
2016-03-22,NESTLEIND,INE239A01016,,5250.0,5349.0,5155.0,5260.35,46192,240945831.2,0.04422539358782809,232.6410491597315
2016-03-23,NESTLEIND,INE239A01016,,5311.1,5340.0,5210.0,5253.15,107792,568801557.45,0.04422539358782809,232.3226263258991
2016-03-28,NESTLEIND,INE239A01016,,5299.0,5375.0,5282.55,5353.5,69661,370855369.45,0.04422539358782809,236.76064457243766
2016-03-29,NESTLEIND,INE239A01016,,5340.0,5390.0,5310.0,5335.9,15640,83747290.4,0.04422539358782809,235.98227764529187
2016-03-30,NESTLEIND,INE239A01016,,5354.8,5501.65,5354.8,5479.8,47816,260086131.65,0.04422539358782809,242.34631178258036
2016-03-31,NESTLEIND,INE239A01016,,5445.05,5849.0,5400.0,5757.35,72171,406877349.5,0.04422539358782809,254.62106977288204
2016-04-01,NESTLEIND,INE239A01016,,5690.0,5749.0,5558.05,5638.2,37393,209984844.2,0.04422539358782809,249.35161412689231
2016-04-04,NESTLEIND,INE239A01016,,5630.0,5724.95,5607.0,5683.55,21694,123036422.3,0.04422539358782809,251.35723572610033
2016-04-05,NESTLEIND,INE239A01016,,5632.0,5777.0,5632.0,5738.95,31231,178312218.8,0.04422539358782809,253.807322530866
2016-04-06,NESTLEIND,INE239A01016,,5738.0,5749.05,5704.0,5724.15,30696,175760206.6,0.04422539358782809,253.15278670576612
2016-04-07,NESTLEIND,INE239A01016,,5799.45,5950.05,5748.0,5888.55,39466,230699042.5,0.04422539358782809,260.4234414116051
2016-04-08,NESTLEIND,INE239A01016,,5924.95,6006.0,5851.0,5975.65,22133,131500670.65,0.04422539358782809,264.2754731931049
2016-04-11,NESTLEIND,INE239A01016,,5980.0,6008.95,5855.4,5870.75,25180,148149960.5,0.04422539358782809,259.63622940574174
2016-04-12,NESTLEIND,INE239A01016,,6099.0,6185.05,6050.55,6147.8,62801,384141003.65,0.04422539358782809,271.8888746992495
2016-04-13,NESTLEIND,INE239A01016,,6157.0,6175.0,6021.1,6116.5,32898,200396075.55,0.04422539358782809,270.5046198799505
2016-04-18,NESTLEIND,INE239A01016,,6120.0,6246.75,6057.0,6134.6,47449,292245253.65,0.04422539358782809,271.3050995038902
2016-04-20,NESTLEIND,INE239A01016,,6180.0,6196.0,6002.0,6036.0,43665,265872593.35,0.04422539358782809,266.9444756961303
2016-04-21,NESTLEIND,INE239A01016,,6036.0,6050.0,5947.0,5966.85,75844,451978322.95,0.04422539358782809,263.88628972953205
2016-04-22,NESTLEIND,INE239A01016,,5960.0,6039.6,5960.0,5969.75,15566,93109587.9,0.04422539358782809,264.01454337093674
2016-04-25,NESTLEIND,INE239A01016,,5970.0,6025.15,5850.0,5881.65,60089,355540056.85,0.04422539358782809,260.11828619584907
2016-04-26,NESTLEIND,INE239A01016,,5894.6,5899.9,5805.0,5830.65,70732,412401421.5,0.04422539358782809,257.8627911228698
2016-04-27,NESTLEIND,INE239A01016,,5830.65,5965.05,5802.6,5885.85,18309,107829129.55,0.04422539358782809,260.304032848918
2016-04-28,NESTLEIND,INE239A01016,,5878.0,5954.9,5755.0,5908.05,39851,233360957.55,0.04422539358782809,261.2858365865677
2016-04-29,NESTLEIND,INE239A01016,,5930.0,5930.0,5703.05,5725.45,34469,198613440.3,0.04422539358782809,253.2102797174303
2016-05-02,NESTLEIND,INE239A01016,,5739.95,5800.0,5712.35,5754.25,20305,117048532.55,0.04422539358782809,254.48397105275976
2016-05-03,NESTLEIND,INE239A01016,,5769.95,5794.0,5575.0,5591.6,34263,193733711.1,0.04422539358782809,247.29071078569953
2016-05-04,NESTLEIND,INE239A01016,,5592.1,5649.4,5512.3,5542.25,23847,133055084.15,0.04422539358782809,245.1081876121402
2016-05-05,NESTLEIND,INE239A01016,,5551.0,5569.95,5500.1,5540.85,24819,137139318.6,0.04422539358782809,245.04627206111726
2016-05-06,NESTLEIND,INE239A01016,,5545.0,5640.0,5531.2,5610.9,51851,289019017.1,0.04422539358782809,248.1442608819446
2016-05-09,NESTLEIND,INE239A01016,,5610.9,5684.0,5482.05,5509.55,35654,198330622.1,0.04422539358782809,243.66201724181823
2016-05-10,NESTLEIND,INE239A01016,,5521.35,5560.6,5505.85,5520.4,59945,330936713.9,0.04422539358782809,244.14186276224615
2016-05-11,NESTLEIND,INE239A01016,,5520.0,5616.05,5496.2,5601.65,17803,99151712.4,0.04422539358782809,247.7351759912572
2016-05-12,NESTLEIND,INE239A01016,,5624.0,5731.0,5613.05,5710.3,25891,147256583.1,0.04422539358782809,252.54026500457474
2016-05-13,NESTLEIND,INE239A01016,,5695.05,6160.0,5691.0,6121.65,196377,1185381879.7,0.04422539358782809,270.7323806569278
2016-05-16,NESTLEIND,INE239A01016,,6100.0,6348.0,6004.0,6284.45,79610,493586043.45,0.04422539358782809,277.9322747330262
2016-05-17,NESTLEIND,INE239A01016,,6280.0,6285.0,6152.0,6219.6,74498,462005901.85,0.04422539358782809,275.0642579588556
2016-05-18,NESTLEIND,INE239A01016,,6160.4,6234.9,6122.65,6200.15,19838,122513775.05,0.04444333715061246,275.55535683436983
2016-05-19,NESTLEIND,INE239A01016,,6190.1,6200.0,6060.0,6092.0,17051,104399999.2,0.04444333715061246,270.7488099215311
2016-05-20,NESTLEIND,INE239A01016,,6099.0,6170.05,5885.95,6005.7,40528,246582157.8,0.04444333715061246,266.91334992543324
2016-05-23,NESTLEIND,INE239A01016,,6003.0,6048.8,5933.0,5966.55,17554,104969773.1,0.04444333715061246,265.17339327598677
2016-05-24,NESTLEIND,INE239A01016,,5997.85,6084.85,5954.1,6003.9,59051,355831554.85,0.04444333715061246,266.83335191856213
2016-05-25,NESTLEIND,INE239A01016,,6009.95,6169.1,6006.05,6145.85,28959,177152090.85,0.04444333715061246,273.1420836270916
2016-05-26,NESTLEIND,INE239A01016,,5800.0,6197.0,5800.0,6142.0,33253,202914873.15,0.04444333715061246,272.97097677906174
2016-05-27,NESTLEIND,INE239A01016,,6135.0,6240.0,6120.05,6173.95,32211,199731956.2,0.04444333715061246,274.3909414010238
2016-05-30,NESTLEIND,INE239A01016,,6180.0,6359.0,6174.0,6307.95,34258,215092358.55,0.04444333715061246,280.3463485792059
2016-05-31,NESTLEIND,INE239A01016,,6280.0,6354.85,6002.0,6097.35,75860,466928363.2,0.04444333715061246,270.9865817752869
2016-06-01,NESTLEIND,INE239A01016,,6116.0,6449.0,6109.05,6390.8,63791,403994039.55,0.04444333715061246,284.0284790621341
2016-06-02,NESTLEIND,INE239A01016,,6348.9,6390.1,6256.0,6302.05,72774,459338752.4,0.04444333715061246,280.08413289001726
2016-06-03,NESTLEIND,INE239A01016,,6375.0,6375.0,6265.0,6305.2,35337,222618872.15,0.04444333715061246,280.2241294020417
2016-06-06,NESTLEIND,INE239A01016,,6275.3,6705.0,6156.15,6479.4,75989,478866158.45,0.04444333715061246,287.96615873367836
2016-06-07,NESTLEIND,INE239A01016,,6520.0,6699.0,6374.1,6450.25,64157,419785886.9,0.04444333715061246,286.670635455738
2016-06-08,NESTLEIND,INE239A01016,,6473.9,6541.65,6381.1,6480.9,26412,170724309.05,0.04444333715061246,288.03282373940425
2016-06-09,NESTLEIND,INE239A01016,,6476.0,6545.0,6400.0,6431.05,16224,105004569.8,0.04444333715061246,285.81732338244626
2016-06-10,NESTLEIND,INE239A01016,,6453.3,6600.0,6433.0,6544.15,27431,178616103.1,0.04444333715061246,290.8438648141805
2016-06-13,NESTLEIND,INE239A01016,,6475.0,6589.0,6454.35,6538.0,28530,185998103.8,0.04444333715061246,290.57053829070423
2016-06-14,NESTLEIND,INE239A01016,,6525.0,6599.0,6525.0,6589.05,17846,117214820.25,0.04444333715061246,292.839370652243
2016-06-15,NESTLEIND,INE239A01016,,6570.0,6591.9,6456.15,6492.1,31345,204577055.75,0.04444333715061246,288.5305891154912
2016-06-16,NESTLEIND,INE239A01016,,6492.0,6555.0,6470.0,6490.75,33083,215177927.3,0.04444333715061246,288.4705906103378
2016-06-17,NESTLEIND,INE239A01016,,6500.0,6550.0,6438.05,6464.2,22197,143896429.65,0.04444333715061246,287.29062000898904
2016-06-20,NESTLEIND,INE239A01016,,6444.0,6599.0,6443.1,6548.15,29420,192807054.65,0.04444333715061246,291.02163816278295
2016-06-21,NESTLEIND,INE239A01016,,6562.0,6599.45,6482.3,6537.4,18216,119083638.75,0.04444333715061246,290.54387228841387
2016-06-22,NESTLEIND,INE239A01016,,6540.0,6555.0,6450.0,6489.55,20002,130026706.55,0.04444333715061246,288.41725860575707
2016-06-23,NESTLEIND,INE239A01016,,6513.0,6533.0,6401.0,6431.75,26171,168722748.2,0.04444333715061246,285.8484337184517
2016-06-24,NESTLEIND,INE239A01016,,6306.25,6526.6,6200.0,6496.5,21109,134964679.4,0.04444333715061246,288.72613979895385
2016-06-27,NESTLEIND,INE239A01016,,6400.0,6534.5,6400.0,6447.8,17117,110914914.45,0.04444333715061246,286.56174927971904
2016-06-28,NESTLEIND,INE239A01016,,6449.0,6505.95,6449.0,6493.8,41820,271586100.8,0.04444333715061246,288.6061427886472
2016-06-29,NESTLEIND,INE239A01016,,6484.0,6500.0,6422.35,6444.55,12424,80221051.45,0.04444333715061246,286.41730843397954
2016-06-30,NESTLEIND,INE239A01016,,6444.4,6545.0,6444.4,6492.35,125414,814544293.5,0.04444333715061246,288.54169994977883
2016-07-01,NESTLEIND,INE239A01016,,6514.9,6540.0,6456.15,6509.7,22119,144155483.75,0.04444333715061246,289.3127918493419
2016-07-04,NESTLEIND,INE239A01016,,6499.0,6560.0,6496.5,6528.0,15027,98258381.1,0.04444333715061246,290.12610491919816
2016-07-05,NESTLEIND,INE239A01016,,6502.0,6549.7,6502.0,6532.9,20359,133098582.15,0.04444333715061246,290.3438772712361
2016-07-07,NESTLEIND,INE239A01016,,6510.0,6550.0,6480.0,6511.3,11999,78271814.35,0.04444333715061246,289.38390118878294
2016-07-08,NESTLEIND,INE239A01016,,6510.0,6539.75,6390.0,6412.15,37875,243379086.7,0.04444333715061246,284.97734431029966
2016-07-11,NESTLEIND,INE239A01016,,6449.5,6506.05,6416.8,6487.2,43840,282585841.25,0.04444333715061246,288.31281676345316
2016-07-12,NESTLEIND,INE239A01016,,6487.0,6498.0,6421.0,6427.25,32864,211437825.2,0.04444333715061246,285.6484387012739
2016-07-13,NESTLEIND,INE239A01016,,6454.95,6592.8,6454.0,6581.2,83086,543153117.2,0.04444333715061246,292.4904904556107
2016-07-14,NESTLEIND,INE239A01016,,6575.05,6590.0,6530.0,6567.0,23764,156173391.15,0.04444333715061246,291.85939506807205
2016-07-15,NESTLEIND,INE239A01016,,6575.0,6666.6,6560.95,6632.95,44875,297120013.85,0.04444333715061246,294.7904331531549
2016-07-18,NESTLEIND,INE239A01016,,6633.0,6664.9,6560.0,6618.65,39417,261619692.1,0.04444333715061246,294.15489343190114
2016-07-19,NESTLEIND,INE239A01016,,6611.15,6690.05,6571.0,6642.7,45611,301938220.15,0.04444333715061246,295.22375569037337
2016-07-20,NESTLEIND,INE239A01016,,6625.0,6695.0,6625.0,6674.3,37115,247294180.8,0.04444333715061246,296.62816514433274
2016-07-21,NESTLEIND,INE239A01016,,6674.0,6899.7,6674.0,6867.7,33795,229875200.75,0.04444333715061246,305.2235065492612
2016-07-22,NESTLEIND,INE239A01016,,6877.05,7134.0,6877.05,7078.35,71345,500470035.65,0.04444333715061246,314.58549552003774
2016-07-25,NESTLEIND,INE239A01016,,7070.0,7169.95,6991.0,7126.5,30950,219780935.9,0.04444333715061246,316.7254422038397
2016-07-26,NESTLEIND,INE239A01016,,7119.9,7209.9,7065.0,7164.15,24699,176381935.6,0.04444333715061246,318.3987338475602
2016-07-27,NESTLEIND,INE239A01016,,7141.0,7160.2,7044.05,7076.35,27120,192122601.45,0.04444333715061246,314.4966088457365
2016-07-28,NESTLEIND,INE239A01016,,7099.95,7300.0,7082.25,7237.3,58771,421936658.95,0.04444333715061246,321.6497639601276
2016-07-29,NESTLEIND,INE239A01016,,7264.0,7369.0,7011.15,7188.35,58090,417672673.4,0.04444333715061246,319.47426260660507
2016-08-01,NESTLEIND,INE239A01016,,7172.0,7215.15,6875.85,6951.95,76085,534596496.3,0.04444333715061246,308.9678577042003
2016-08-02,NESTLEIND,INE239A01016,,6955.0,7059.9,6810.0,6833.5,33594,232982520.8,0.04444333715061246,303.70354441871024
2016-08-03,NESTLEIND,INE239A01016,,6828.0,6979.0,6742.0,6776.65,20610,141300707.65,0.04444333715061246,301.1769407016979
2016-08-04,NESTLEIND,INE239A01016,,6790.0,6890.3,6750.0,6805.2,16549,112766586.75,0.04444333715061246,302.4457979773479
2016-08-05,NESTLEIND,INE239A01016,,6840.0,6892.0,6820.0,6838.05,21689,148347782.15,0.04452184507703997,304.4426027290532
2016-08-08,NESTLEIND,INE239A01016,,6891.0,6905.0,6780.0,6854.9,27211,185659315.7,0.04452184507703997,305.19279581860127
2016-08-09,NESTLEIND,INE239A01016,,6866.0,6915.0,6800.0,6892.3,17856,122616375.1,0.04452184507703997,306.8579128244826
2016-08-10,NESTLEIND,INE239A01016,,6894.0,6951.0,6810.0,6844.7,18752,128481087.35,0.04452184507703997,304.73867299881545
2016-08-11,NESTLEIND,INE239A01016,,6850.0,6875.0,6790.0,6849.05,16926,115818726.0,0.04452184507703997,304.9323430249006
2016-08-12,NESTLEIND,INE239A01016,,6882.0,6975.0,6830.0,6894.8,25880,178982853.2,0.04452184507703997,306.9692174371752
2016-08-16,NESTLEIND,INE239A01016,,6890.0,6890.0,6712.2,6749.25,27240,184467374.25,0.04452184507703997,300.489062886212
2016-08-17,NESTLEIND,INE239A01016,,6788.9,6810.0,6670.0,6694.45,28667,192255361.8,0.04452184507703997,298.0492657759902
2016-08-18,NESTLEIND,INE239A01016,,6745.0,6769.6,6660.0,6697.0,13803,92702472.65,0.04452184507703997,298.16279648093666
2016-08-19,NESTLEIND,INE239A01016,,6700.0,6759.8,6700.0,6727.35,7145,48068636.75,0.04452184507703997,299.5140344790249
2016-08-22,NESTLEIND,INE239A01016,,6725.0,6808.0,6711.4,6785.35,31457,212776547.1,0.04452184507703997,302.0963014934932
2016-08-23,NESTLEIND,INE239A01016,,6830.0,6848.6,6790.0,6810.9,28773,196065113.5,0.04452184507703997,303.2338346352115
2016-08-24,NESTLEIND,INE239A01016,,6815.0,6863.0,6745.05,6818.2,32290,220634128.05,0.04452184507703997,303.55884410427393
2016-08-25,NESTLEIND,INE239A01016,,6819.0,6850.0,6808.9,6829.85,26445,180632392.65,0.04452184507703997,304.07752359942145
2016-08-26,NESTLEIND,INE239A01016,,6848.0,6860.25,6809.7,6831.25,19970,136666242.95,0.04452184507703997,304.1398541825293
2016-08-29,NESTLEIND,INE239A01016,,6849.0,6849.0,6721.45,6751.4,42107,284080186.7,0.04452184507703997,300.58478485312764
2016-08-30,NESTLEIND,INE239A01016,,6750.0,6776.25,6655.0,6687.55,20441,137412507.2,0.04452184507703997,297.7420650449587
2016-08-31,NESTLEIND,INE239A01016,,6688.0,6725.0,6470.0,6525.55,62266,409449233.0,0.04452184507703997,290.5295261424782
2016-09-01,NESTLEIND,INE239A01016,,6525.0,6625.0,6460.3,6488.65,26058,170542912.1,0.04452184507703997,288.8866700591354
2016-09-02,NESTLEIND,INE239A01016,,6528.0,6528.0,6425.0,6439.65,14379,92973283.0,0.04452184507703997,286.7050996503604
2016-09-06,NESTLEIND,INE239A01016,,6478.0,6590.0,6446.95,6565.15,30795,200453392.1,0.04452184507703997,292.2925912075289
2016-09-07,NESTLEIND,INE239A01016,,6581.0,6600.0,6437.0,6461.8,53353,346041781.75,0.04452184507703997,287.6912585188169
2016-09-08,NESTLEIND,INE239A01016,,6450.0,6498.0,6413.0,6431.8,15720,101543322.15,0.04452184507703997,286.35560316650566
2016-09-09,NESTLEIND,INE239A01016,,6435.0,6539.0,6400.0,6507.9,25820,167195941.35,0.04452184507703997,289.7437155768684
2016-09-12,NESTLEIND,INE239A01016,,6495.0,6495.0,6400.0,6431.2,17135,110232860.05,0.04452184507703997,286.32889005945947
2016-09-14,NESTLEIND,INE239A01016,,6447.8,6501.0,6200.0,6344.45,52642,337238608.0,0.04452184507703997,282.46661999902625
2016-09-15,NESTLEIND,INE239A01016,,6290.0,6358.75,6245.9,6301.4,83601,524815503.7,0.04452184507703997,280.54995456845967
2016-09-16,NESTLEIND,INE239A01016,,6330.0,6467.95,6308.0,6407.0,43872,280957757.4,0.04452184507703997,285.2514614085951
2016-09-19,NESTLEIND,INE239A01016,,6407.0,6450.0,6301.0,6337.45,52913,338704373.5,0.04452184507703997,282.15496708348695
2016-09-20,NESTLEIND,INE239A01016,,6349.0,6376.1,6323.5,6339.95,21526,136494935.75,0.04452184507703997,282.26627169617956
2016-09-21,NESTLEIND,INE239A01016,,6370.0,6370.0,6270.0,6313.05,31447,198339104.2,0.04452184507703997,281.0686340636072
2016-09-22,NESTLEIND,INE239A01016,,6353.3,6518.0,6313.0,6450.3,34213,219955335.6,0.04452184507703997,287.17925730043095
2016-09-23,NESTLEIND,INE239A01016,,6505.0,6537.0,6402.5,6494.6,53448,346971071.05,0.04452184507703997,289.1515750373438
2016-09-26,NESTLEIND,INE239A01016,,6509.0,6525.0,6401.0,6504.25,24552,158975343.45,0.04452184507703997,289.5812108423372
2016-09-27,NESTLEIND,INE239A01016,,6499.0,6510.0,6412.1,6488.25,23621,152940672.1,0.04452184507703997,288.8688613211046
2016-09-28,NESTLEIND,INE239A01016,,6491.0,6506.25,6424.55,6452.55,19022,122709019.8,0.04452184507703997,287.27943145185424
2016-09-29,NESTLEIND,INE239A01016,,6470.0,6525.0,6225.4,6353.2,34583,220123274.6,0.04452184507703997,282.8561861434503
2016-09-30,NESTLEIND,INE239A01016,,6353.2,6500.0,6315.9,6432.85,64898,415861081.05,0.04452184507703997,286.40235110383657
2016-10-03,NESTLEIND,INE239A01016,,6432.9,6650.0,6432.9,6621.9,30768,202256858.8,0.04452184507703997,294.81920591565097
2016-10-04,NESTLEIND,INE239A01016,,6650.0,6700.0,6594.1,6680.95,24219,161268551.7,0.04452184507703997,297.4482208674502
2016-10-05,NESTLEIND,INE239A01016,,6685.0,6800.0,6614.1,6775.55,17108,114908779.55,0.04452184507703997,301.65998741173814
2016-10-06,NESTLEIND,INE239A01016,,6775.0,6814.9,6668.05,6723.55,13191,88865430.7,0.04452184507703997,299.3448514677321
2016-10-07,NESTLEIND,INE239A01016,,6746.0,6746.0,6655.4,6727.85,6414,43031784.15,0.04452184507703997,299.5362954015634
2016-10-10,NESTLEIND,INE239A01016,,6702.0,6785.0,6603.0,6632.6,7682,51209720.4,0.04452184507703997,295.2955896579753
2016-10-13,NESTLEIND,INE239A01016,,6630.0,6649.0,6525.0,6542.9,24056,157373394.95,0.04452184507703997,291.3019801545648
2016-10-14,NESTLEIND,INE239A01016,,6542.9,6925.0,6532.05,6877.25,40793,276915706.9,0.04452184507703997,306.18785905607314
2016-10-17,NESTLEIND,INE239A01016,,6831.4,6845.0,6699.65,6758.1,13164,89092185.3,0.04452184507703997,300.8830812151438
2016-10-18,NESTLEIND,INE239A01016,,6798.75,6900.0,6651.0,6873.9,25218,172216330.15,0.04452184507703997,306.038710875065
2016-10-19,NESTLEIND,INE239A01016,,6800.6,6859.0,6760.0,6792.55,24013,163487350.6,0.04452184507703997,302.41685877804787
2016-10-20,NESTLEIND,INE239A01016,,6804.5,6920.0,6738.9,6842.8,47801,326895117.65,0.04452184507703997,304.6540814931691
2016-10-21,NESTLEIND,INE239A01016,,6830.0,6895.0,6780.9,6869.1,11703,80270354.4,0.04452184507703997,305.82500601869526
2016-10-24,NESTLEIND,INE239A01016,,6848.0,6900.0,6812.15,6853.35,9235,63261166.35,0.04452184507703997,305.1237869587319
2016-10-25,NESTLEIND,INE239A01016,,6825.0,6865.8,6777.0,6793.95,77752,528122642.75,0.04452184507703997,302.4791893611557
2016-10-26,NESTLEIND,INE239A01016,,6759.0,6839.95,6740.0,6825.4,41678,283999737.2,0.04452184507703997,303.87940138882857
2016-10-27,NESTLEIND,INE239A01016,,6839.9,6997.2,6760.0,6936.95,16940,116666641.75,0.04452184507703997,308.8458132071724
2016-10-28,NESTLEIND,INE239A01016,,6937.0,7000.0,6850.85,6985.75,24595,171226772.5,0.04452184507703997,311.018479246932
2016-11-01,NESTLEIND,INE239A01016,,6925.0,6960.75,6706.3,6794.35,33213,227819059.1,0.04452184507703997,302.49699809918656
2016-11-02,NESTLEIND,INE239A01016,,6790.0,6790.0,6670.05,6759.15,18067,121700255.65,0.04452184507703997,300.92982915247467
2016-11-03,NESTLEIND,INE239A01016,,6740.05,6795.0,6666.0,6717.75,16866,113513368.85,0.04452184507703997,299.08662476628524
2016-11-04,NESTLEIND,INE239A01016,,6717.8,6776.0,6618.0,6654.05,17717,118166036.0,0.04452184507703997,296.2505832348778
2016-11-07,NESTLEIND,INE239A01016,,6660.1,6750.0,6355.0,6458.05,23558,153441316.55,0.04452184507703997,287.52430159977797
2016-11-08,NESTLEIND,INE239A01016,,6462.0,6508.95,6410.0,6451.7,12853,83047882.15,0.04452184507703997,287.2415878835388
2016-11-09,NESTLEIND,INE239A01016,,6139.0,6459.9,5656.05,6387.9,40371,253045645.7,0.04452184507703997,284.4010941676236
2016-11-10,NESTLEIND,INE239A01016,,6450.0,6543.3,6401.0,6420.1,19694,126680752.0,0.04452184507703997,285.83469757910433
2016-11-11,NESTLEIND,INE239A01016,,6488.0,6488.0,6163.0,6255.25,44257,278229673.95,0.04452184507703997,278.4952714181543
2016-11-15,NESTLEIND,INE239A01016,,6260.0,6294.9,5911.55,5957.65,106163,638125316.0,0.04452184507703997,265.2455703232271
2016-11-16,NESTLEIND,INE239A01016,,5999.0,6080.05,5950.0,5965.6,174386,1045553580.4,0.04452184507703997,265.59951899158966
2016-11-17,NESTLEIND,INE239A01016,,6029.0,6029.0,5933.0,5958.0,61210,365468195.95,0.04452184507703997,265.2611529690041
2016-11-18,NESTLEIND,INE239A01016,,5960.0,5980.0,5851.0,5881.7,61184,361073025.45,0.04452184507703997,261.864136189626
2016-11-21,NESTLEIND,INE239A01016,,5895.0,5947.0,5830.0,5868.05,28878,169473379.9,0.04452184507703997,261.2564130043244
2016-11-22,NESTLEIND,INE239A01016,,5899.6,5940.5,5850.0,5893.95,61482,361746360.3,0.04452184507703997,262.4095287918197
2016-11-23,NESTLEIND,INE239A01016,,5894.0,6000.0,5870.0,5915.85,134376,794722182.5,0.04452184507703997,263.3845571990069
2016-11-24,NESTLEIND,INE239A01016,,5867.5,6252.05,5867.5,6123.45,27087,164897779.95,0.04452184507703997,272.6272922370004
2016-11-25,NESTLEIND,INE239A01016,,6123.45,6200.0,6112.2,6159.25,63475,390414172.05,0.04452184507703997,274.2211742907584
2016-11-28,NESTLEIND,INE239A01016,,6158.25,6310.0,6124.0,6288.9,14540,90618522.0,0.04452184507703997,279.99343150499664
2016-11-29,NESTLEIND,INE239A01016,,6300.0,6519.8,6226.25,6289.0,79429,504027254.7,0.04452184507703997,279.99788368950436
2016-11-30,NESTLEIND,INE239A01016,,6290.0,6400.0,6252.0,6289.7,43873,276243424.75,0.04452184507703997,280.0290489810583
2016-12-01,NESTLEIND,INE239A01016,,6243.0,6325.95,6212.6,6284.05,39345,246042717.95,0.04452184507703997,279.777500556373
2016-12-02,NESTLEIND,INE239A01016,,6272.0,6272.0,6211.35,6230.95,63016,392495893.75,0.04452184507703997,277.4133905827822
2016-12-05,NESTLEIND,INE239A01016,,6275.0,6365.4,6125.0,6229.0,21148,133431382.2,0.04452184507703997,277.326572984882
2016-12-06,NESTLEIND,INE239A01016,,6244.5,6299.8,6190.75,6265.9,23625,148116479.85,0.04452184507703997,278.9694290682247
2016-12-07,NESTLEIND,INE239A01016,,6278.8,6336.0,6245.0,6281.95,16091,101026815.25,0.04452184507703997,279.6840046817112
2016-12-08,NESTLEIND,INE239A01016,,6285.0,6375.0,6281.1,6330.7,19252,121748954.5,0.04452184507703997,281.8544446292169
2016-12-09,NESTLEIND,INE239A01016,,6330.0,6392.7,6265.0,6352.35,15619,98931414.95,0.044634653210638184,283.5349393225975
2016-12-12,NESTLEIND,INE239A01016,,6306.3,6332.85,6264.0,6313.7,8112,51147131.35,0.044634653210638184,281.8098099760063
2016-12-13,NESTLEIND,INE239A01016,,6331.0,6339.9,6300.0,6329.55,29190,184741993.15,0.044634653210638184,282.5172692293949
2016-12-14,NESTLEIND,INE239A01016,,6333.4,6356.0,6190.0,6235.15,20092,125648719.2,0.044634653210638184,278.3037579663106
2016-12-15,NESTLEIND,INE239A01016,,6200.0,6270.95,6134.05,6176.75,23653,146298362.25,0.044634653210638184,275.6970942188094
2016-12-16,NESTLEIND,INE239A01016,,6223.3,6226.95,5912.05,6115.2,49759,304679779.55,0.044634653210638184,272.94983131369463
2016-12-19,NESTLEIND,INE239A01016,,6139.0,6139.0,5975.0,6030.75,28248,170501648.2,0.044634653210638184,269.1804348500562
2016-12-20,NESTLEIND,INE239A01016,,6050.0,6074.0,5900.0,5917.95,19716,117346079.5,0.044634653210638184,264.14564596789626
2016-12-21,NESTLEIND,INE239A01016,,5916.0,5949.55,5820.0,5846.45,53140,312280991.35,0.044634653210638184,260.9542682633356
2016-12-22,NESTLEIND,INE239A01016,,5849.0,5849.0,5750.0,5767.85,46891,270701845.65,0.044634653210638184,257.44598452097944
2016-12-23,NESTLEIND,INE239A01016,,5760.0,5935.05,5746.0,5803.6,53313,309134951.55,0.044634653210638184,259.04167337325975
2016-12-26,NESTLEIND,INE239A01016,,5810.0,5856.0,5750.0,5838.0,8203,47520006.6,0.044634653210638184,260.5771054437057
2016-12-27,NESTLEIND,INE239A01016,,5835.0,5913.95,5799.0,5877.55,25155,148024253.2,0.044634653210638184,262.3424059781865
2016-12-28,NESTLEIND,INE239A01016,,5869.95,5931.1,5840.3,5897.65,36511,215439239.8,0.044634653210638184,263.2395625077203
2016-12-29,NESTLEIND,INE239A01016,,5865.0,6029.95,5865.0,5974.3,36337,216992319.8,0.044634653210638184,266.6608086763157
2016-12-30,NESTLEIND,INE239A01016,,5959.95,6048.4,5902.05,6028.35,16658,100334711.2,0.044634653210638184,269.0733116823507
2017-01-02,NESTLEIND,INE239A01016,,6030.0,6081.05,5939.95,5974.4,16376,98636487.6,0.044634653210638184,266.66527214163676
2017-01-03,NESTLEIND,INE239A01016,,5975.1,6069.95,5975.1,6027.4,13996,84573343.4,0.044634653210638184,269.03090876180056
2017-01-04,NESTLEIND,INE239A01016,,6040.0,6049.85,5851.0,5890.15,44184,262198890.2,0.044634653210638184,262.90480260864047
2017-01-05,NESTLEIND,INE239A01016,,5939.9,5965.0,5830.05,5921.8,49983,295270181.7,0.044634653210638184,264.31748938275723
2017-01-06,NESTLEIND,INE239A01016,,5916.15,5959.0,5890.0,5929.85,10929,64859079.9,0.044634653210638184,264.6767983411028
2017-01-09,NESTLEIND,INE239A01016,,5960.0,5980.0,5891.0,5910.85,5231,31058957.75,0.044634653210638184,263.8287399301007
2017-01-10,NESTLEIND,INE239A01016,,5940.0,5945.0,5856.15,5905.75,13422,79224065.7,0.044634653210638184,263.60110319872643
2017-01-11,NESTLEIND,INE239A01016,,5912.1,5940.0,5877.0,5914.8,26136,154628056.85,0.044634653210638184,264.00504681028275
2017-01-12,NESTLEIND,INE239A01016,,5900.0,5935.0,5833.0,5855.0,50031,294990159.95,0.044634653210638184,261.33589454828655
2017-01-13,NESTLEIND,INE239A01016,,5877.0,5915.0,5859.0,5899.3,20629,121604528.5,0.044634653210638184,263.31320968551785
2017-01-16,NESTLEIND,INE239A01016,,5910.05,5915.0,5870.9,5883.45,5009,29523809.7,0.044634653210638184,262.60575043212924
2017-01-17,NESTLEIND,INE239A01016,,5882.95,5914.5,5851.05,5895.8,10304,60717393.95,0.044634653210638184,263.15698839928064
2017-01-18,NESTLEIND,INE239A01016,,5885.15,5950.0,5872.0,5918.25,44155,260951158.5,0.044634653210638184,264.15903636385946
2017-01-19,NESTLEIND,INE239A01016,,5918.25,5939.0,5886.0,5911.45,31506,186276844.0,0.044634653210638184,263.8555207220271
2017-01-20,NESTLEIND,INE239A01016,,5905.0,5910.1,5871.0,5899.8,229261,1352464814.65,0.044634653210638184,263.3355270121232
2017-01-23,NESTLEIND,INE239A01016,,5854.05,5940.05,5854.05,5924.05,19862,117584553.0,0.044634653210638184,264.41791735248114
2017-01-24,NESTLEIND,INE239A01016,,5915.2,5999.0,5881.65,5957.75,18514,109771217.1,0.044634653210638184,265.9221051656796
2017-01-25,NESTLEIND,INE239A01016,,5979.95,5993.0,5920.0,5965.95,76075,454595330.55,0.044634653210638184,266.28810932200685
2017-01-27,NESTLEIND,INE239A01016,,5975.0,6005.0,5851.0,5914.2,35907,212568892.8,0.044634653210638184,263.97826601835635
2017-01-30,NESTLEIND,INE239A01016,,5966.2,5975.0,5880.0,5899.5,41985,247966522.35,0.044634653210638184,263.32213661616
2017-01-31,NESTLEIND,INE239A01016,,5882.0,5920.0,5828.0,5851.85,227693,1332111822.1,0.044634653210638184,261.1952953906731
2017-02-01,NESTLEIND,INE239A01016,,5898.0,5935.0,5834.75,5912.45,18509,108984051.15,0.044634653210638184,263.9001553752377
2017-02-02,NESTLEIND,INE239A01016,,5934.0,6030.0,5885.0,5994.3,28641,170456263.95,0.044634653210638184,267.5535017405285
2017-02-03,NESTLEIND,INE239A01016,,5999.8,6145.0,5971.0,6088.5,25689,155365096.3,0.044634653210638184,271.75808607297057
2017-02-06,NESTLEIND,INE239A01016,,6085.0,6346.0,6085.0,6305.5,30113,188079176.75,0.044634653210638184,281.4438058196791
2017-02-07,NESTLEIND,INE239A01016,,6300.0,6350.0,6075.0,6128.25,35284,217486930.0,0.044634653210638184,273.53231353809343
2017-02-08,NESTLEIND,INE239A01016,,6194.95,6210.0,6140.0,6193.1,34358,212299258.95,0.044634653210638184,276.42687079880335
2017-02-09,NESTLEIND,INE239A01016,,6138.0,6220.0,6138.0,6196.7,54513,336869566.0,0.044634653210638184,276.5875555503616
2017-02-10,NESTLEIND,INE239A01016,,6195.0,6200.0,6090.6,6178.2,35678,220144589.0,0.044634653210638184,275.76181446596485
2017-02-13,NESTLEIND,INE239A01016,,6160.05,6210.0,6160.05,6200.15,65600,406692327.25,0.044634653210638184,276.74154510393834
2017-02-14,NESTLEIND,INE239A01016,,6200.05,6205.0,6115.05,6193.1,16393,101026407.8,0.044634653210638184,276.42687079880335
2017-02-15,NESTLEIND,INE239A01016,,6193.1,6275.35,6141.1,6169.35,20218,125198856.75,0.044634653210638184,275.3667977850507
2017-02-16,NESTLEIND,INE239A01016,,6098.0,6250.0,5962.35,6207.8,66496,406631882.85,0.044634653210638184,277.0830002009997
2017-02-17,NESTLEIND,INE239A01016,,6201.0,6267.0,6125.0,6240.5,31485,195953734.85,0.044634653210638184,278.5425533609876
2017-02-20,NESTLEIND,INE239A01016,,6155.0,6290.0,6155.0,6284.1,38912,242748315.25,0.044634653210638184,280.48862424097143
2017-02-21,NESTLEIND,INE239A01016,,6279.0,6450.0,6221.2,6376.5,45913,290492702.15,0.044634653210638184,284.6128661976344
2017-02-22,NESTLEIND,INE239A01016,,6400.0,6430.0,6333.5,6397.8,15382,98088912.75,0.044634653210638184,285.563584311021
2017-02-23,NESTLEIND,INE239A01016,,6375.05,6415.0,6306.6,6381.85,15034,95828499.15,0.044634653210638184,284.8516615923113
2017-02-27,NESTLEIND,INE239A01016,,6398.9,6420.0,6310.0,6339.7,14282,90955730.0,0.044634653210638184,282.9703109594829
2017-02-28,NESTLEIND,INE239A01016,,6343.4,6394.75,6230.0,6254.25,32595,204067005.95,0.044634653210638184,279.15627984263386
2017-03-01,NESTLEIND,INE239A01016,,6235.15,6324.0,6233.0,6250.4,9522,59558528.45,0.044634653210638184,278.9844364277729
2017-03-02,NESTLEIND,INE239A01016,,6260.0,6300.0,6148.0,6197.6,25500,159374049.65,0.044634653210638184,276.6277267382512
2017-03-03,NESTLEIND,INE239A01016,,6190.15,6235.0,6164.3,6189.55,31558,195386262.3,0.044634653210638184,276.2684177799056
2017-03-06,NESTLEIND,INE239A01016,,6165.1,6300.0,6165.1,6272.7,9980,62142883.35,0.044634653210638184,279.97978919437014
2017-03-07,NESTLEIND,INE239A01016,,6275.1,6384.15,6190.0,6319.05,85668,534804532.4,0.044634653210638184,282.0486053706832
2017-03-08,NESTLEIND,INE239A01016,,6306.15,6372.1,6262.85,6346.4,12586,79574717.4,0.044634653210638184,283.2693631359941
2017-03-09,NESTLEIND,INE239A01016,,6365.0,6365.0,6180.0,6210.8,24732,154706157.25,0.044634653210638184,277.21690416063166
2017-03-10,NESTLEIND,INE239A01016,,6269.9,6269.9,6110.0,6131.75,19988,123245527.15,0.044634653210638184,273.6885348243307
2017-03-14,NESTLEIND,INE239A01016,,6248.0,6248.0,6091.2,6119.4,28535,174947483.8,0.044634653210638184,273.1372968571793
2017-03-15,NESTLEIND,INE239A01016,,6150.0,6160.95,6089.0,6104.95,46677,284809557.85,0.044634653210638184,272.4923261182856
2017-03-16,NESTLEIND,INE239A01016,,6145.0,6160.0,6100.0,6150.4,44325,271705477.2,0.044634653210638184,274.52097110670906
2017-03-17,NESTLEIND,INE239A01016,,6155.05,6249.0,6145.0,6222.1,51300,318265486.0,0.044634653210638184,277.7212757419119
2017-03-20,NESTLEIND,INE239A01016,,6249.0,6300.0,6210.0,6296.8,32611,204224113.45,0.044634653210638184,281.05548433674653
2017-03-21,NESTLEIND,INE239A01016,,6300.0,6345.95,6255.0,6335.2,33563,211787380.55,0.044634653210638184,282.769455020035
2017-03-22,NESTLEIND,INE239A01016,,6301.0,6356.6,6254.9,6341.6,30771,194029186.7,0.044634653210638184,283.0551168005831
2017-03-23,NESTLEIND,INE239A01016,,6316.0,6352.5,6281.2,6338.2,50703,319838587.3,0.044634653210638184,282.9033589796669
2017-03-24,NESTLEIND,INE239A01016,,6326.9,6380.0,6279.45,6352.55,22772,143872243.9,0.044634653210638184,283.5438662532396
2017-03-27,NESTLEIND,INE239A01016,,6383.0,6499.0,6311.0,6463.35,18957,121605312.55,0.044634653210638184,288.4893858289783
2017-03-28,NESTLEIND,INE239A01016,,6463.35,6540.0,6402.4,6501.5,19821,128294493.1,0.044634653210638184,290.19219784896416
2017-03-29,NESTLEIND,INE239A01016,,6510.0,6525.0,6420.0,6493.2,64216,416741293.1,0.044634653210638184,289.82173022731587
2017-03-30,NESTLEIND,INE239A01016,,6493.2,6639.35,6464.95,6605.2,63730,419209094.6,0.044634653210638184,294.82081138690734
2017-03-31,NESTLEIND,INE239A01016,,6600.0,6720.0,6557.5,6680.65,41843,277649955.25,0.044634653210638184,298.18849597164996
2017-04-03,NESTLEIND,INE239A01016,,6612.05,6666.0,6560.35,6578.55,11510,75952662.8,0.044634653210638184,293.63129787884384
2017-04-05,NESTLEIND,INE239A01016,,6551.0,6650.0,6551.0,6628.05,22845,151090133.0,0.044634653210638184,295.8407132127704
2017-04-06,NESTLEIND,INE239A01016,,6600.0,6650.0,6596.0,6616.8,24871,164676514.4,0.044634653210638184,295.33857336415076
2017-04-07,NESTLEIND,INE239A01016,,6606.0,6644.0,6594.0,6619.7,24490,162163771.0,0.044634653210638184,295.4680138584616
2017-04-10,NESTLEIND,INE239A01016,,6624.0,6654.0,6537.2,6628.5,24268,160542129.85,0.044634653210638184,295.8607988067152
2017-04-11,NESTLEIND,INE239A01016,,6628.5,6628.55,6537.65,6559.25,15965,104942660.65,0.044634653210638184,292.7698490718785
2017-04-12,NESTLEIND,INE239A01016,,6573.95,6600.0,6415.0,6518.7,27166,177355447.95,0.044634653210638184,290.95991388418713
2017-04-13,NESTLEIND,INE239A01016,,6560.0,6560.0,6403.1,6438.25,22923,148292482.45,0.044634653210638184,287.3690560333913
2017-04-17,NESTLEIND,INE239A01016,,6489.0,6489.0,6300.0,6312.05,18421,116817502.95,0.044634653210638184,281.73616279820874
2017-04-18,NESTLEIND,INE239A01016,,6326.0,6371.0,6312.25,6337.8,36733,232848381.75,0.044634653210638184,282.8855051183827
2017-04-19,NESTLEIND,INE239A01016,,6315.0,6344.0,6280.0,6298.55,14258,89987763.45,0.044634653210638184,281.13359497986517
2017-04-20,NESTLEIND,INE239A01016,,6370.1,6388.95,6300.0,6339.75,14709,93187989.15,0.044634653210638184,282.9725426921434
2017-04-21,NESTLEIND,INE239A01016,,6350.0,6371.0,6303.0,6353.7,11992,76168577.0,0.044634653210638184,283.5951961044318
2017-04-24,NESTLEIND,INE239A01016,,6353.7,6355.75,6267.75,6287.8,22792,143589988.3,0.044634653210638184,280.6537724578508
2017-04-25,NESTLEIND,INE239A01016,,6300.0,6364.0,6290.0,6323.1,43876,277121836.1,0.044634653210638184,282.2293757161863
2017-04-26,NESTLEIND,INE239A01016,,6310.0,6444.0,6310.0,6424.3,19546,124902792.7,0.044634653210638184,286.7464026211029
2017-04-27,NESTLEIND,INE239A01016,,6449.0,6730.0,6427.75,6702.15,65906,438171447.0,0.044634653210638184,299.1481410156787
2017-04-28,NESTLEIND,INE239A01016,,6700.0,6785.9,6670.2,6697.75,52935,356616273.9,0.044634653210638184,298.9517485415519
2017-05-02,NESTLEIND,INE239A01016,,6723.9,6746.85,6683.05,6715.05,37803,253729457.5,0.044634653210638184,299.72392804209596
2017-05-03,NESTLEIND,INE239A01016,,6725.0,6735.0,6690.0,6715.55,23900,160477303.85,0.044634653210638184,299.74624536870124
2017-05-04,NESTLEIND,INE239A01016,,6690.0,6755.0,6690.0,6735.5,18029,121320948.8,0.044634653210638184,300.6367067002535
2017-05-05,NESTLEIND,INE239A01016,,6735.0,6749.9,6668.05,6726.45,23426,157419131.05,0.044634653210638184,300.2327630886972
2017-05-08,NESTLEIND,INE239A01016,,6702.0,6748.0,6632.1,6709.15,17322,116125004.0,0.044634653210638184,299.46058358815316
2017-05-09,NESTLEIND,INE239A01016,,6709.15,6724.9,6678.4,6704.8,10751,72035694.1,0.044634653210638184,299.2664228466869
2017-05-10,NESTLEIND,INE239A01016,,6711.65,7000.0,6700.05,6920.35,100390,695501976.7,0.044634653210638184,308.88742234624
2017-05-11,NESTLEIND,INE239A01016,,6978.0,6984.5,6831.2,6856.55,23533,162278007.4,0.044634653210638184,306.03973147140124
2017-05-12,NESTLEIND,INE239A01016,,6857.05,6898.95,6780.6,6821.4,86982,591525514.3,0.044634653210638184,304.47082341104726
2017-05-15,NESTLEIND,INE239A01016,,6721.0,6750.95,6582.0,6609.8,75940,504488135.25,0.044634653210638184,295.0261307916763
2017-05-16,NESTLEIND,INE239A01016,,6616.0,6631.95,6450.0,6479.2,49015,318270607.75,0.044634653210638184,289.1968450823669
2017-05-17,NESTLEIND,INE239A01016,,6500.0,6575.0,6498.95,6557.6,26258,171847510.1,0.044634653210638184,292.69620189408096
2017-05-18,NESTLEIND,INE239A01016,,6510.05,6584.0,6504.0,6529.45,58301,382031747.7,0.044634653210638184,291.43973640620146
2017-05-19,NESTLEIND,INE239A01016,,6559.0,6608.6,6462.95,6534.05,29045,190191195.25,0.044895937950103826,293.3523033628759
2017-05-22,NESTLEIND,INE239A01016,,6511.0,6644.9,6511.0,6595.85,23406,154708989.35,0.044895937950103826,296.12687232819235
2017-05-23,NESTLEIND,INE239A01016,,6595.85,6687.4,6506.65,6584.5,48490,319222768.25,0.044895937950103826,295.61730343245864
2017-05-24,NESTLEIND,INE239A01016,,6591.2,6591.2,6490.0,6527.05,55967,364926527.9,0.044895937950103826,293.0380317972252
2017-05-25,NESTLEIND,INE239A01016,,6555.0,6580.0,6470.0,6498.45,49980,325007465.05,0.044895937950103826,291.7540079718522
2017-05-26,NESTLEIND,INE239A01016,,6549.0,6739.2,6526.3,6648.55,91240,607484102.9,0.044895937950103826,298.4928882581628
2017-05-29,NESTLEIND,INE239A01016,,6611.0,6671.05,6582.05,6617.35,57795,382443471.7,0.044895937950103826,297.0921349941196
2017-05-30,NESTLEIND,INE239A01016,,6601.7,6654.45,6570.1,6600.8,10564,69690943.15,0.044895937950103826,296.34910722104536
2017-05-31,NESTLEIND,INE239A01016,,6607.55,6690.3,6607.55,6645.1,81114,539527064.35,0.044895937950103826,298.33799727223493
2017-06-01,NESTLEIND,INE239A01016,,6642.0,6646.15,6546.0,6605.85,20315,134065054.15,0.044895937950103826,296.5758317076934
2017-06-02,NESTLEIND,INE239A01016,,6616.0,6691.05,6609.95,6648.6,29991,199112507.95,0.044895937950103826,298.4951330550603
2017-06-05,NESTLEIND,INE239A01016,,6679.0,6798.0,6635.2,6714.2,34741,232820651.35,0.044895937950103826,301.4403065845871
2017-06-06,NESTLEIND,INE239A01016,,6720.0,6750.0,6609.7,6677.2,18460,123034055.2,0.044895937950103826,299.7791568804333
2017-06-07,NESTLEIND,INE239A01016,,6670.0,6720.0,6635.55,6669.8,32691,218551673.9,0.044895937950103826,299.4469269396025
2017-06-08,NESTLEIND,INE239A01016,,6669.0,6704.9,6611.0,6651.85,32379,215559284.5,0.044895937950103826,298.64104485339817
2017-06-09,NESTLEIND,INE239A01016,,6652.0,6710.0,6629.7,6667.5,24558,163191893.35,0.044895937950103826,299.34366628231726
2017-06-12,NESTLEIND,INE239A01016,,6679.9,6708.25,6629.4,6660.15,31121,207244377.3,0.044895937950103826,299.01368113838396
2017-06-13,NESTLEIND,INE239A01016,,6665.0,6709.0,6640.0,6690.1,14818,98961951.1,0.044895937950103826,300.35831447998964
2017-06-14,NESTLEIND,INE239A01016,,6690.0,6709.2,6650.35,6684.35,41363,276605953.85,0.044895937950103826,300.1001628367765
2017-06-15,NESTLEIND,INE239A01016,,6697.9,6704.95,6666.25,6687.35,40371,269958277.95,0.044895937950103826,300.2348506506268
2017-06-16,NESTLEIND,INE239A01016,,6693.9,6820.0,6676.25,6759.75,35730,241511934.2,0.044895937950103826,303.4853165582143
2017-06-19,NESTLEIND,INE239A01016,,6781.0,6850.0,6684.95,6738.35,30864,208272837.95,0.044895937950103826,302.5245434860821
2017-06-20,NESTLEIND,INE239A01016,,6710.0,6745.0,6680.6,6698.95,20081,134582936.1,0.044895937950103826,300.75564353084803
2017-06-21,NESTLEIND,INE239A01016,,6670.0,6780.25,6620.6,6759.45,34599,231712423.1,0.044895937950103826,303.4718477768293
2017-06-22,NESTLEIND,INE239A01016,,6759.0,6837.0,6725.25,6779.55,30288,205662034.35,0.044895937950103826,304.3742561296264
2017-06-23,NESTLEIND,INE239A01016,,6752.0,6780.0,6611.05,6639.65,30670,204304114.4,0.044895937950103826,298.09331441040683
2017-06-27,NESTLEIND,INE239A01016,,6651.0,6663.0,6530.0,6599.95,32822,216843506.45,0.044895937950103826,296.3109456737877
2017-06-28,NESTLEIND,INE239A01016,,6630.1,6660.0,6607.15,6648.6,16831,111727806.4,0.044895937950103826,298.4951330550603
2017-06-29,NESTLEIND,INE239A01016,,6655.0,6780.0,6651.05,6748.7,32869,221649789.75,0.044895937950103826,302.9892164438657
2017-06-30,NESTLEIND,INE239A01016,,6705.05,6779.0,6666.05,6736.8,58484,392753083.7,0.044895937950103826,302.45495478225945
2017-07-03,NESTLEIND,INE239A01016,,6746.5,6830.0,6674.95,6738.4,74048,497820511.5,0.044895937950103826,302.5267882829796
2017-07-04,NESTLEIND,INE239A01016,,6795.0,6865.0,6745.85,6846.7,51575,351207008.4,0.044895937950103826,307.38901836297583
2017-07-05,NESTLEIND,INE239A01016,,6831.0,6989.0,6831.0,6908.35,47661,329460019.1,0.044895937950103826,310.1568529375998
2017-07-06,NESTLEIND,INE239A01016,,6912.0,6980.0,6898.4,6918.0,24812,172152291.65,0.044895937950103826,310.59009873881826
2017-07-07,NESTLEIND,INE239A01016,,6918.0,6958.0,6858.0,6870.05,22470,155128539.4,0.044895937950103826,308.4373385141108
2017-07-10,NESTLEIND,INE239A01016,,6900.05,6900.05,6778.0,6805.5,8777,59797946.5,0.044895937950103826,305.5393057194316
2017-07-11,NESTLEIND,INE239A01016,,6870.0,6870.0,6716.0,6778.45,34715,235066879.4,0.044895937950103826,304.3248705978813
2017-07-12,NESTLEIND,INE239A01016,,6844.0,6844.0,6760.05,6822.1,29412,200272789.45,0.044895937950103826,306.2845782894033
2017-07-13,NESTLEIND,INE239A01016,,6878.0,6890.0,6767.05,6785.8,60187,409594230.8,0.044895937950103826,304.6548557418146
2017-07-14,NESTLEIND,INE239A01016,,6825.0,6839.7,6790.5,6810.95,50380,343268057.65,0.044895937950103826,305.7839885812596
2017-07-17,NESTLEIND,INE239A01016,,6844.7,6899.0,6781.85,6878.2,17552,120268527.95,0.044895937950103826,308.8032404084041
2017-07-18,NESTLEIND,INE239A01016,,6855.0,6949.0,6821.0,6852.5,41199,282885655.6,0.044895937950103826,307.6494148030865
2017-07-19,NESTLEIND,INE239A01016,,6898.0,6944.9,6862.2,6938.1,29743,205822638.95,0.044895937950103826,311.4925070916154
2017-07-20,NESTLEIND,INE239A01016,,6959.6,6959.6,6860.0,6869.4,7438,51282361.15,0.044895937950103826,308.4081561544432
2017-07-21,NESTLEIND,INE239A01016,,6898.0,6925.0,6795.0,6807.05,35748,243987674.15,0.044895937950103826,305.60889442325424
2017-07-24,NESTLEIND,INE239A01016,,6849.0,6860.0,6810.0,6835.85,29921,204335738.35,0.044895937950103826,306.90189743621727
2017-07-25,NESTLEIND,INE239A01016,,6860.0,6860.0,6795.3,6819.55,35510,242178682.8,0.044895937950103826,306.17009364763055
2017-07-26,NESTLEIND,INE239A01016,,6825.0,6899.95,6750.0,6785.65,36324,247468405.6,0.044895937950103826,304.64812135112203
2017-07-27,NESTLEIND,INE239A01016,,6799.5,6867.0,6732.45,6799.65,65349,443983492.1,0.044895937950103826,305.2766644824235
2017-07-28,NESTLEIND,INE239A01016,,6802.1,6805.0,6735.3,6780.7,26647,180590379.1,0.044895937950103826,304.425886458269
2017-07-31,NESTLEIND,INE239A01016,,6785.0,6798.9,6730.05,6767.15,41137,278404832.2,0.044895937950103826,303.8175464990451
2017-08-01,NESTLEIND,INE239A01016,,6732.0,6790.0,6675.85,6703.0,61312,413299449.2,0.044895937950103826,300.93747207954596
2017-08-02,NESTLEIND,INE239A01016,,6740.0,6745.4,6695.0,6711.6,27463,184322675.05,0.0449966315908412,301.9993925850898
2017-08-03,NESTLEIND,INE239A01016,,6696.1,6748.85,6680.05,6731.3,70859,476773168.25,0.0449966315908412,302.88582622742933
2017-08-04,NESTLEIND,INE239A01016,,6683.4,6747.95,6607.35,6702.25,18068,120853377.9,0.0449966315908412,301.5786740797154
2017-08-07,NESTLEIND,INE239A01016,,6700.05,6754.0,6685.0,6740.1,22154,149116453.9,0.0449966315908412,303.28179658542876
2017-08-08,NESTLEIND,INE239A01016,,6730.0,6750.1,6647.2,6681.55,27550,184074836.4,0.0449966315908412,300.647243805785
2017-08-09,NESTLEIND,INE239A01016,,6660.1,6744.4,6660.0,6729.95,37023,249009800.6,0.0449966315908412,302.8250807747817
2017-08-10,NESTLEIND,INE239A01016,,6700.0,6750.0,6555.0,6642.6,90476,602309179.7,0.0449966315908412,298.89462500532176
2017-08-11,NESTLEIND,INE239A01016,,6562.0,6585.0,6532.0,6544.3,27932,182877804.3,0.0449966315908412,294.47145611994205
2017-08-14,NESTLEIND,INE239A01016,,6552.0,6752.0,6552.0,6652.45,22523,150443093.45,0.0449966315908412,299.3378418264915
2017-08-16,NESTLEIND,INE239A01016,,6602.0,6739.85,6602.0,6680.3,18636,124319499.4,0.0449966315908412,300.59099801629645
2017-08-17,NESTLEIND,INE239A01016,,6690.0,6727.45,6640.0,6652.8,18803,125610289.8,0.0449966315908412,299.35359064754834
2017-08-18,NESTLEIND,INE239A01016,,6620.0,6734.45,6620.0,6653.4,61884,413787132.95,0.0449966315908412,299.3805886265028
2017-08-21,NESTLEIND,INE239A01016,,6640.0,6670.5,6578.05,6619.25,36805,243783648.85,0.0449966315908412,297.84395365767557
2017-08-22,NESTLEIND,INE239A01016,,6626.1,6735.0,6586.0,6604.35,46472,307926705.0,0.0449966315908412,297.1735038469721
2017-08-23,NESTLEIND,INE239A01016,,6704.0,6704.0,6596.0,6606.05,20032,132890170.05,0.0449966315908412,297.2499981206765
2017-08-24,NESTLEIND,INE239A01016,,6628.65,6650.0,6601.05,6602.6,28250,186997687.45,0.0449966315908412,297.0947597416881
2017-08-28,NESTLEIND,INE239A01016,,6672.0,7074.0,6650.0,7048.6,211001,1462396742.6,0.0449966315908412,317.1632574312033
2017-08-29,NESTLEIND,INE239A01016,,7032.0,7065.0,6887.75,6956.2,78828,550112253.65,0.0449966315908412,313.0055686722095
2017-08-30,NESTLEIND,INE239A01016,,7030.0,7059.0,6870.15,7033.45,85274,597568391.6,0.0449966315908412,316.48155846260204
2017-08-31,NESTLEIND,INE239A01016,,7050.0,7140.0,6950.95,7121.25,93447,661034312.35,0.0449966315908412,320.4322627162779
2017-09-01,NESTLEIND,INE239A01016,,7100.0,7114.95,7003.0,7015.3,32090,225748323.9,0.0449966315908412,315.66486959922827
2017-09-04,NESTLEIND,INE239A01016,,7074.0,7074.0,6851.1,6864.8,52035,360089872.8,0.0449966315908412,308.89287654480665
2017-09-05,NESTLEIND,INE239A01016,,6880.0,7045.0,6880.0,7027.75,95357,664632360.75,0.0449966315908412,316.2250776625342
2017-09-06,NESTLEIND,INE239A01016,,6969.0,6996.45,6914.5,6973.55,52319,364359902.85,0.0449966315908412,313.78626023031063
2017-09-07,NESTLEIND,INE239A01016,,6999.95,7169.0,6932.05,7132.55,81994,579858533.45,0.0449966315908412,320.9407246532544
2017-09-08,NESTLEIND,INE239A01016,,7187.65,7225.0,7131.0,7201.4,65653,472418325.8,0.0449966315908412,324.03874273828376
2017-09-11,NESTLEIND,INE239A01016,,7188.0,7319.0,7188.0,7295.2,51092,371607104.5,0.0449966315908412,328.2594267815047
2017-09-12,NESTLEIND,INE239A01016,,7330.0,7409.0,7230.6,7388.75,63565,465255060.15,0.0449966315908412,332.4688616668279
2017-09-13,NESTLEIND,INE239A01016,,7380.2,7410.0,7210.0,7239.3,52857,387572271.55,0.0449966315908412,325.7441150755767
2017-09-14,NESTLEIND,INE239A01016,,7347.0,7347.0,7207.2,7234.1,55141,399210918.65,0.0449966315908412,325.51013259130434
2017-09-15,NESTLEIND,INE239A01016,,7220.05,7369.0,7216.1,7349.05,54195,397069168.1,0.0449966315908412,330.6824953926715
2017-09-18,NESTLEIND,INE239A01016,,7310.0,7346.9,7281.45,7288.5,14132,103171183.05,0.0449966315908412,327.95794934984605
2017-09-19,NESTLEIND,INE239A01016,,7300.0,7325.0,7240.0,7254.8,16712,121506597.7,0.0449966315908412,326.44156286523474
2017-09-20,NESTLEIND,INE239A01016,,7250.0,7250.0,7163.2,7203.35,32379,233074548.2,0.0449966315908412,324.12648616988594
2017-09-21,NESTLEIND,INE239A01016,,7202.0,7211.8,7104.4,7146.2,113644,811818933.05,0.0449966315908412,321.55492867446935
2017-09-22,NESTLEIND,INE239A01016,,7150.0,7203.9,7107.05,7169.55,17066,122208488.35,0.0449966315908412,322.60560002211554
2017-09-25,NESTLEIND,INE239A01016,,7130.0,7200.0,7050.95,7146.4,31480,224153953.3,0.0449966315908412,321.56392800078754
2017-09-26,NESTLEIND,INE239A01016,,7113.0,7172.7,7031.0,7054.7,22470,158988048.25,0.0449966315908412,317.4377368839074
2017-09-27,NESTLEIND,INE239A01016,,7078.75,7134.95,7008.2,7102.05,49112,346902942.0,0.0449966315908412,319.5683273897337
2017-09-28,NESTLEIND,INE239A01016,,7110.05,7242.2,7071.4,7137.6,55293,396242554.15,0.0449966315908412,321.16795764278817
2017-09-29,NESTLEIND,INE239A01016,,7120.05,7255.3,7120.0,7216.5,48861,351907129.4,0.0449966315908412,324.7181918753055
2017-10-03,NESTLEIND,INE239A01016,,7300.0,7394.95,7259.95,7309.55,49856,364222749.1,0.0449966315908412,328.9051284448333
2017-10-04,NESTLEIND,INE239A01016,,7242.0,7354.85,7224.05,7330.6,23907,175054353.95,0.0449966315908412,329.8523075398205
2017-10-05,NESTLEIND,INE239A01016,,7310.0,7344.95,7250.0,7260.85,8440,61404656.65,0.0449966315908412,326.71379248635935
2017-10-06,NESTLEIND,INE239A01016,,7301.0,7380.0,7251.05,7352.8,31620,231841792.85,0.0449966315908412,330.85123276113717
2017-10-09,NESTLEIND,INE239A01016,,7354.9,7379.0,7283.0,7295.15,12400,90705675.95,0.0449966315908412,328.25717694992517
2017-10-10,NESTLEIND,INE239A01016,,7347.0,7347.0,7271.5,7288.25,16879,123205110.65,0.0449966315908412,327.94670019194837
2017-10-11,NESTLEIND,INE239A01016,,7295.0,7318.95,7254.45,7288.8,34570,252093166.15,0.0449966315908412,327.97144833932333
2017-10-12,NESTLEIND,INE239A01016,,7300.0,7483.0,7289.0,7380.9,73945,548117093.7,0.0449966315908412,332.1156381088398
2017-10-13,NESTLEIND,INE239A01016,,7380.0,7400.0,7319.35,7345.4,180633,1326902573.7,0.0449966315908412,330.5182576873649
2017-10-16,NESTLEIND,INE239A01016,,7305.0,7399.0,7265.05,7282.85,20309,148791497.1,0.0449966315908412,327.7037183813578
2017-10-17,NESTLEIND,INE239A01016,,7299.9,7388.0,7236.05,7373.95,17809,130362881.4,0.0449966315908412,331.80291151928344
2017-10-18,NESTLEIND,INE239A01016,,7373.0,7373.0,7221.35,7245.75,15678,114006760.35,0.0449966315908412,326.03434334933763
2017-10-23,NESTLEIND,INE239A01016,,7250.0,7324.95,7202.0,7216.2,60706,441967157.45,0.0449966315908412,324.70469288582825
2017-10-24,NESTLEIND,INE239A01016,,7277.0,7277.0,7200.05,7238.55,7616,55134334.45,0.0449966315908412,325.71036760188355
2017-10-25,NESTLEIND,INE239A01016,,7260.0,7260.0,7117.25,7153.4,25934,186509545.9,0.0449966315908412,321.8789044219234
2017-10-26,NESTLEIND,INE239A01016,,7179.0,7198.65,7110.05,7144.9,160226,1145488371.6,0.0449966315908412,321.49643305340123
2017-10-27,NESTLEIND,INE239A01016,,7173.5,7210.0,7128.05,7170.65,17586,126488363.0,0.0449966315908412,322.6550963168654
2017-10-30,NESTLEIND,INE239A01016,,7180.0,7238.95,7180.0,7219.65,20204,145830265.9,0.0449966315908412,324.8599312648166
2017-10-31,NESTLEIND,INE239A01016,,7239.0,7300.0,7191.1,7239.0,28985,209977577.8,0.0449966315908412,325.7306160860994
2017-11-01,NESTLEIND,INE239A01016,,7264.0,7382.9,7203.3,7317.7,48889,357288775.2,0.0449966315908412,329.2718509922986
2017-11-02,NESTLEIND,INE239A01016,,7329.95,7350.0,7260.85,7287.85,19811,144653834.55,0.0449966315908412,327.92870153931204
2017-11-03,NESTLEIND,INE239A01016,,7300.0,7436.0,7160.0,7413.45,95153,693855624.9,0.0449966315908412,333.5802784671217
2017-11-06,NESTLEIND,INE239A01016,,7413.45,7740.0,7287.9,7594.45,108302,824239395.6,0.0449966315908412,341.7246687850639
2017-11-07,NESTLEIND,INE239A01016,,7600.0,7773.95,7600.0,7695.5,83339,641335729.35,0.0449966315908412,346.27157840731843
2017-11-08,NESTLEIND,INE239A01016,,7621.0,7897.0,7621.0,7828.75,89736,702556093.55,0.0449966315908412,352.267379566798
2017-11-09,NESTLEIND,INE239A01016,,7828.95,7898.6,7773.0,7799.3,136442,1067555324.7,0.0449966315908412,350.9422287664478
2017-11-10,NESTLEIND,INE239A01016,,7820.0,7862.9,7640.15,7785.25,63886,495750919.8,0.0449966315908412,350.31002609259644
2017-11-13,NESTLEIND,INE239A01016,,7945.95,7974.15,7648.05,7719.85,55712,432164996.05,0.0449966315908412,347.36724638655545
2017-11-14,NESTLEIND,INE239A01016,,7720.1,7783.9,7610.05,7640.65,24703,189892053.85,0.0449966315908412,343.8035131645608
2017-11-15,NESTLEIND,INE239A01016,,7660.0,7775.0,7543.05,7721.1,103007,788789990.6,0.0449966315908412,347.42349217604396
2017-11-16,NESTLEIND,INE239A01016,,7736.5,7823.8,7625.45,7643.15,30278,233890962.55,0.0449966315908412,343.9160047435379
2017-11-17,NESTLEIND,INE239A01016,,7670.6,7789.95,7660.0,7690.35,15179,116785972.1,0.0449966315908412,346.0398457546256
2017-11-20,NESTLEIND,INE239A01016,,7690.35,7827.0,7676.0,7724.75,37582,291270997.55,0.0449966315908412,347.5877298813505
2017-11-21,NESTLEIND,INE239A01016,,7710.05,7773.0,7710.05,7744.35,20423,158054436.05,0.0449966315908412,348.46966386053106
2017-11-22,NESTLEIND,INE239A01016,,7747.0,7747.0,7585.15,7606.4,55610,424785736.4,0.0449966315908412,342.2623785325745
2017-11-23,NESTLEIND,INE239A01016,,7653.0,7653.0,7590.0,7604.75,28130,214053946.35,0.0449966315908412,342.1881340904496
2017-11-24,NESTLEIND,INE239A01016,,7630.95,7632.25,7475.0,7502.25,55095,414905514.2,0.0449966315908412,337.5759793523884
2017-11-27,NESTLEIND,INE239A01016,,7501.2,7543.8,7435.0,7494.25,25418,190318997.85,0.0449966315908412,337.2160062996617
2017-11-28,NESTLEIND,INE239A01016,,7529.95,7550.0,7462.7,7497.8,46999,352906764.55,0.0449966315908412,337.37574434180914
2017-11-29,NESTLEIND,INE239A01016,,7421.0,7569.0,7420.0,7510.45,68922,516808666.95,0.0449966315908412,337.94495173143326
2017-11-30,NESTLEIND,INE239A01016,,7480.0,7700.0,7471.65,7663.5,97354,741584852.1,0.0449966315908412,344.8316861964115
2017-12-01,NESTLEIND,INE239A01016,,7659.95,7753.0,7630.05,7696.45,41006,316570524.35,0.0449966315908412,346.3143252073297
2017-12-04,NESTLEIND,INE239A01016,,7729.9,7739.0,7633.45,7705.35,33738,259647497.75,0.0449966315908412,346.71479522848824
2017-12-05,NESTLEIND,INE239A01016,,7704.9,7744.6,7643.75,7691.1,34970,268891461.05,0.0449966315908412,346.07359322831877
2017-12-06,NESTLEIND,INE239A01016,,7690.0,7750.0,7679.1,7708.65,76748,592562471.7,0.0449966315908412,346.863284112738
2017-12-07,NESTLEIND,INE239A01016,,7725.0,7870.1,7701.45,7817.0,69843,544892342.75,0.0449966315908412,351.7386691456056
2017-12-08,NESTLEIND,INE239A01016,,7800.0,7988.95,7795.05,7921.05,81419,644600581.95,0.0449966315908412,356.42056866263266
2017-12-11,NESTLEIND,INE239A01016,,7899.95,7940.0,7842.0,7872.65,40636,320113847.95,0.04518487695471411,355.72472155753
2017-12-12,NESTLEIND,INE239A01016,,7884.0,7950.0,7848.05,7932.75,40336,318756333.25,0.04518487695471411,358.44033266250835
2017-12-13,NESTLEIND,INE239A01016,,7920.05,7962.85,7851.0,7935.8,25587,202546320.95,0.04518487695471411,358.5781465372203
2017-12-14,NESTLEIND,INE239A01016,,8035.0,8039.05,7815.5,7876.85,30413,240149867.2,0.04518487695471411,355.9144980407399
2017-12-15,NESTLEIND,INE239A01016,,7900.0,7900.0,7834.0,7848.7,61916,486281899.7,0.04518487695471411,354.64254375446467
2017-12-18,NESTLEIND,INE239A01016,,7850.0,7949.0,7694.95,7929.0,19901,156829203.55,0.04518487695471411,358.2708893739282
2017-12-19,NESTLEIND,INE239A01016,,7949.0,7949.0,7875.0,7897.25,27899,220443602.4,0.04518487695471411,356.83626953061605
2017-12-20,NESTLEIND,INE239A01016,,7915.0,7999.0,7899.1,7945.25,40908,325644663.95,0.04518487695471411,359.0051436244423
2017-12-21,NESTLEIND,INE239A01016,,7950.7,7971.1,7890.0,7899.45,20099,159055957.85,0.04518487695471411,356.93567625991636
2017-12-22,NESTLEIND,INE239A01016,,7899.45,7928.75,7840.0,7883.3,22437,176671215.9,0.04518487695471411,356.20594049709774
2017-12-26,NESTLEIND,INE239A01016,,7884.45,7908.0,7808.85,7828.5,15964,125249605.9,0.04518487695471411,353.72980923997943
2017-12-27,NESTLEIND,INE239A01016,,7864.0,7864.0,7712.2,7740.55,14190,110257156.4,0.04518487695471411,349.7557993118123
2017-12-28,NESTLEIND,INE239A01016,,7800.0,7825.0,7675.0,7733.0,18317,142163010.35,0.04518487695471411,349.41465349080426
2017-12-29,NESTLEIND,INE239A01016,,7715.65,7909.0,7715.65,7870.9,30527,238909523.15,0.04518487695471411,355.6456480228593
2018-01-01,NESTLEIND,INE239A01016,,7900.0,7901.6,7828.6,7863.2,6606,51918103.45,0.045184876954714105,355.29772447030797
2018-01-02,NESTLEIND,INE239A01016,,7855.0,7923.05,7843.0,7863.55,65613,517535928.45,0.045184876954714105,355.3135391772421
2018-01-03,NESTLEIND,INE239A01016,,7900.0,7935.0,7850.15,7860.1,27948,220121977.55,0.045184876954714105,355.15765135174837
2018-01-04,NESTLEIND,INE239A01016,,7865.0,7902.2,7839.0,7869.25,27902,219826864.25,0.045184876954714105,355.57109297588397
2018-01-05,NESTLEIND,INE239A01016,,7846.3,7884.0,7841.0,7856.75,9970,78300267.3,0.045184876954714105,355.00628201395006
2018-01-08,NESTLEIND,INE239A01016,,7830.0,7968.55,7830.0,7941.15,35919,284281817.75,0.045184876954714105,358.8198856289279
2018-01-09,NESTLEIND,INE239A01016,,7941.15,7968.85,7688.0,7779.25,58444,456357094.8,0.045184876954714105,351.5044540499597
2018-01-10,NESTLEIND,INE239A01016,,7850.0,7866.6,7779.3,7846.65,22046,172603745.25,0.045184876954714105,354.54991475670744
2018-01-11,NESTLEIND,INE239A01016,,7854.8,7910.0,7808.35,7874.3,47060,371116591.25,0.045184876954714105,355.7992766045053
2018-01-12,NESTLEIND,INE239A01016,,7878.0,7900.05,7745.05,7789.25,32341,252716927.45,0.045184876954714105,351.95630281950685
2018-01-15,NESTLEIND,INE239A01016,,7815.0,7860.0,7745.0,7757.95,26404,205244403.1,0.045184876954714105,350.5420161708243
2018-01-16,NESTLEIND,INE239A01016,,7760.0,7824.95,7722.0,7774.6,27957,217537655.0,0.045184876954714105,351.2943443721203
2018-01-17,NESTLEIND,INE239A01016,,7799.7,7815.0,7676.6,7761.9,70240,543884845.5,0.045184876954714105,350.7204964347954
2018-01-18,NESTLEIND,INE239A01016,,7830.0,7830.0,7686.6,7736.2,30001,233359957.95,0.045184876954714105,349.55924509705926
2018-01-19,NESTLEIND,INE239A01016,,7800.0,7800.0,7667.0,7680.65,19037,146752525.0,0.045184876954714105,347.04922518222486
2018-01-22,NESTLEIND,INE239A01016,,7667.55,7715.0,7640.15,7667.0,31062,238259176.75,0.045184876954714105,346.43245161179306
2018-01-23,NESTLEIND,INE239A01016,,7699.0,7699.0,7585.0,7599.7,36738,279858799.15,0.045184876954714105,343.3915093927408
2018-01-24,NESTLEIND,INE239A01016,,7630.0,7633.95,7548.5,7592.9,15863,120444063.8,0.045184876954714105,343.08425222944874
2018-01-25,NESTLEIND,INE239A01016,,7553.0,7625.6,7433.0,7490.75,37438,282585388.45,0.045184876954714105,338.46861704852466
2018-01-29,NESTLEIND,INE239A01016,,7530.0,7586.95,7460.0,7530.85,46573,350880329.4,0.045184876954714105,340.28053061440875
2018-01-30,NESTLEIND,INE239A01016,,7520.0,7521.25,7405.05,7455.9,28872,214938266.2,0.045184876954714105,336.8939240866529
2018-01-31,NESTLEIND,INE239A01016,,7483.95,7514.0,7416.2,7469.15,24839,185472348.0,0.045184876954714105,337.4926237063028
2018-02-01,NESTLEIND,INE239A01016,,7499.0,7536.95,7280.0,7310.85,106395,781503527.2,0.045184876954714105,330.3398576843716
2018-02-02,NESTLEIND,INE239A01016,,7300.0,7415.0,7125.0,7135.45,64413,465155151.25,0.045184876954714105,322.4144302665147
2018-02-05,NESTLEIND,INE239A01016,,7130.0,7199.0,6997.65,7134.7,55575,395825659.25,0.045184876954714105,322.3805416087987
2018-02-06,NESTLEIND,INE239A01016,,7000.0,7035.1,6985.0,7016.3,68219,477932299.3,0.045184876954714105,317.0306521773606
2018-02-07,NESTLEIND,INE239A01016,,7097.95,7116.0,6975.8,7007.0,40086,282870952.8,0.045184876954714105,316.61043282168174
2018-02-08,NESTLEIND,INE239A01016,,7014.0,7094.0,6887.25,6986.0,68289,478005732.8,0.045184876954714105,315.66155040563274
2018-02-09,NESTLEIND,INE239A01016,,6973.0,7033.2,6922.2,6969.65,74532,521229138.65,0.045184876954714105,314.92277766742313
2018-02-12,NESTLEIND,INE239A01016,,6998.0,7199.0,6994.05,7141.9,104885,747665725.65,0.045184876954714105,322.70587272287264
2018-02-14,NESTLEIND,INE239A01016,,7200.0,7384.2,7162.0,7264.95,117449,854891369.4,0.045184876954714105,328.26587183215025
2018-02-15,NESTLEIND,INE239A01016,,7500.0,7645.0,7427.05,7583.2,354436,2677580466.6,0.045184876954714105,342.645958922988
2018-02-16,NESTLEIND,INE239A01016,,7650.0,7720.0,7575.0,7592.85,76991,588144895.15,0.045184876954714105,343.081992985601
2018-02-19,NESTLEIND,INE239A01016,,7630.0,7630.0,7490.05,7506.7,50746,381305203.35,0.045184876954714105,339.18931583595236
2018-02-20,NESTLEIND,INE239A01016,,7520.0,7605.95,7520.0,7572.65,49865,378244767.75,0.045184876954714105,342.16925847111577
2018-02-21,NESTLEIND,INE239A01016,,7579.0,7618.6,7570.5,7597.55,73367,557035274.6,0.045184876954714105,343.29436190728813
2018-02-22,NESTLEIND,INE239A01016,,7599.0,7658.9,7479.25,7543.3,94421,717630144.7,0.045184876954714105,340.84308233249493
2018-02-23,NESTLEIND,INE239A01016,,7573.0,7618.95,7526.1,7582.8,66464,504622722.4,0.045184876954714105,342.6278849722061
2018-02-26,NESTLEIND,INE239A01016,,7615.0,7650.0,7562.15,7625.25,65894,502019944.7,0.045184876954714105,344.5459829989337
2018-02-27,NESTLEIND,INE239A01016,,7644.0,7794.0,7620.0,7759.95,69883,541696783.3,0.045184876954714105,350.63238592473374
2018-02-28,NESTLEIND,INE239A01016,,7759.0,7874.0,7718.95,7761.65,75576,589199018.85,0.045184876954714105,350.70920021555673
2018-03-01,NESTLEIND,INE239A01016,,7777.0,7876.0,7777.0,7849.4,61086,479691159.45,0.045184876954714105,354.67417316833286
2018-03-05,NESTLEIND,INE239A01016,,7880.0,7880.0,7695.2,7714.0,63643,495537019.4,0.045184876954714105,348.5561408286646
2018-03-06,NESTLEIND,INE239A01016,,7763.4,7780.0,7650.0,7688.85,62306,480841023.9,0.045184876954714105,347.41974117325356
2018-03-07,NESTLEIND,INE239A01016,,7709.9,7798.0,7650.35,7704.45,61388,475552261.55,0.045184876954714105,348.12462525374707
2018-03-08,NESTLEIND,INE239A01016,,7788.0,7788.0,7700.0,7710.05,49994,386634812.15,0.045184876954714105,348.3776605646935
2018-03-09,NESTLEIND,INE239A01016,,7767.5,7767.5,7642.0,7657.35,104310,799524160.55,0.045184876954714105,345.9964175491801
2018-03-12,NESTLEIND,INE239A01016,,7694.8,7709.0,7566.0,7619.0,28943,220692965.85,0.045184876954714105,344.2635775179668
2018-03-13,NESTLEIND,INE239A01016,,7619.0,7784.0,7615.7,7700.25,65859,507857380.25,0.045184876954714105,347.9348487705373
2018-03-14,NESTLEIND,INE239A01016,,7701.0,7715.95,7616.75,7647.75,64620,493843159.35,0.045184876954714105,345.5626427304148
2018-03-15,NESTLEIND,INE239A01016,,7729.0,7739.0,7605.2,7719.85,65489,505338436.6,0.045184876954714105,348.8204723588497
2018-03-16,NESTLEIND,INE239A01016,,7750.0,7757.95,7670.1,7695.35,176601,1358886301.1,0.045184876954714105,347.7134428734592
2018-03-19,NESTLEIND,INE239A01016,,7722.55,7724.95,7627.5,7663.3,66918,512713994.45,0.045184876954714105,346.2652675670606
2018-03-20,NESTLEIND,INE239A01016,,7699.9,7875.0,7663.7,7841.45,135487,1058225754.05,0.045184876954714105,354.31495339654293
2018-03-21,NESTLEIND,INE239A01016,,7889.0,7965.0,7795.05,7853.25,75926,601188940.65,0.045184876954714105,354.84813494460855
2018-03-22,NESTLEIND,INE239A01016,,7848.0,7916.0,7817.35,7840.75,60100,473323307.0,0.045184876954714105,354.28332398267463
2018-03-23,NESTLEIND,INE239A01016,,7800.0,7836.65,7759.6,7793.8,97274,758286107.85,0.045184876954714105,352.1618940096508
2018-03-26,NESTLEIND,INE239A01016,,7827.0,7918.95,7760.0,7829.05,62461,489380289.35,0.045184876954714105,353.7546609223045
2018-03-27,NESTLEIND,INE239A01016,,7899.95,8154.0,7861.0,8112.7,125000,1005299900.4,0.045184876954714105,366.5713512705091
2018-03-28,NESTLEIND,INE239A01016,,8155.0,8250.0,8121.0,8203.55,124076,1016459563.85,0.045184876954714105,370.67639734184485
2018-04-02,NESTLEIND,INE239A01016,,8199.85,8340.0,8169.95,8308.95,61024,505299936.05,0.045184876954714105,375.43888337287177
2018-04-03,NESTLEIND,INE239A01016,,8299.9,8379.9,8279.95,8343.95,60612,505299531.6,0.045184876954714105,377.0203540662868
2018-04-04,NESTLEIND,INE239A01016,,8322.0,8399.0,8312.0,8351.05,66915,559739271.3,0.045184876954714105,377.3411666926652
2018-04-05,NESTLEIND,INE239A01016,,8388.65,8408.0,8361.05,8384.25,36648,307207387.3,0.045184876954714105,378.8413046075617
2018-04-06,NESTLEIND,INE239A01016,,8384.25,8400.55,8315.0,8346.95,38544,321853932.85,0.045184876954714105,377.15590869715095
2018-04-09,NESTLEIND,INE239A01016,,8350.0,8398.0,8330.1,8382.25,54041,452914027.4,0.045184876954714105,378.7509348536523
2018-04-10,NESTLEIND,INE239A01016,,8399.75,8556.8,8380.0,8499.1,59706,504887850.9,0.045184876954714105,384.0307877258107
2018-04-11,NESTLEIND,INE239A01016,,8499.6,8506.7,8378.2,8476.35,36711,310605854.4,0.045184876954714105,383.0028317750909
2018-04-12,NESTLEIND,INE239A01016,,8446.0,8685.0,8383.0,8636.95,83815,717764813.35,0.045184876954714105,390.25952301401804
2018-04-13,NESTLEIND,INE239A01016,,8650.05,8740.0,8607.05,8687.5,50680,440355010.25,0.045184876954714105,392.5436185440788
2018-04-16,NESTLEIND,INE239A01016,,8704.5,8780.0,8650.0,8749.4,87657,767366223.25,0.045184876954714105,395.34056242757555
2018-04-17,NESTLEIND,INE239A01016,,8784.5,9049.0,8776.0,9013.6,117758,1054126650.45,0.045184876954714105,407.27840691901105
2018-04-18,NESTLEIND,INE239A01016,,8981.1,9118.95,8950.2,8975.25,47494,429450199.35,0.045184876954714105,405.54556688779775
2018-04-19,NESTLEIND,INE239A01016,,8975.85,9198.0,8964.0,9145.55,67268,609157863.85,0.045184876954714105,413.24055143318554
2018-04-20,NESTLEIND,INE239A01016,,9175.0,9250.0,9125.0,9162.0,43195,396621734.35,0.045184876954714105,413.9838426590906
2018-04-23,NESTLEIND,INE239A01016,,9161.1,9182.15,8880.05,8905.35,67578,609318355.7,0.045184876954714105,402.3871439886633
2018-04-24,NESTLEIND,INE239A01016,,8919.9,9020.85,8808.15,8822.05,51022,452821401.0,0.045184876954714105,398.62324373833553
2018-04-25,NESTLEIND,INE239A01016,,8820.0,8908.3,8660.05,8734.55,84260,741229647.15,0.045184876954714105,394.66956700479807
2018-04-26,NESTLEIND,INE239A01016,,8799.85,9190.0,8770.1,9042.95,132498,1201215069.1,0.045184876954714105,408.60458305763194
2018-04-27,NESTLEIND,INE239A01016,,9015.2,9129.8,9006.0,9061.7,38931,352538461.55,0.045184876954714105,409.45179950053284
2018-04-30,NESTLEIND,INE239A01016,,9100.0,9448.0,9063.95,9396.55,66876,622841415.4,0.045184876954714105,424.58195554881877
2018-05-02,NESTLEIND,INE239A01016,,9405.0,9497.0,9184.7,9201.25,62931,585204062.85,0.045184876954714105,415.75734907956314
2018-05-03,NESTLEIND,INE239A01016,,9272.0,9289.9,9055.1,9098.65,46201,423262119.5,0.045184876954714105,411.1213807040095
2018-05-04,NESTLEIND,INE239A01016,,9140.2,9157.95,9084.7,9111.4,33795,308052567.75,0.045184876954714105,411.69748788518206
2018-05-07,NESTLEIND,INE239A01016,,9114.05,9174.0,9015.1,9092.7,57050,518614464.95,0.045184876954714105,410.852530686129
2018-05-08,NESTLEIND,INE239A01016,,9175.0,9175.0,9082.1,9117.7,91703,835636051.25,0.045184876954714105,411.98215260999683
2018-05-09,NESTLEIND,INE239A01016,,9070.2,9169.0,9070.2,9120.75,24599,224296757.85,0.045184876954714105,412.1199664847087
2018-05-10,NESTLEIND,INE239A01016,,9139.0,9215.05,8934.65,8981.55,44274,401446600.25,0.045184876954714105,405.83023161261247
2018-05-11,NESTLEIND,INE239A01016,,9240.0,9619.7,9150.0,9523.0,208693,1973727805.2,0.045184876954714105,430.2955832397424
2018-05-14,NESTLEIND,INE239A01016,,9523.0,9622.45,9502.0,9571.4,49576,473576534.2,0.045184876954714105,432.48253128435056
2018-05-15,NESTLEIND,INE239A01016,,9600.0,9640.0,9475.0,9565.2,88137,844116041.25,0.045184876954714105,432.2023850472314
2018-05-16,NESTLEIND,INE239A01016,,9544.95,9649.9,9460.45,9628.0,50709,485745959.0,0.04538892115763493,437.00453290570914
2018-05-17,NESTLEIND,INE239A01016,,9645.0,9889.95,9548.0,9705.85,82957,806503876.65,0.04538892115763493,440.538060417831
2018-05-18,NESTLEIND,INE239A01016,,9690.0,9809.0,9635.15,9683.5,85659,835788455.4,0.04538892115763493,439.52361802995785
2018-05-21,NESTLEIND,INE239A01016,,9690.0,9750.0,9466.05,9486.35,41497,397927363.75,0.04538892115763493,430.57519222373014
2018-05-22,NESTLEIND,INE239A01016,,9505.0,9650.0,9437.6,9634.25,53911,513680376.45,0.04538892115763493,437.2882136629443
2018-05-23,NESTLEIND,INE239A01016,,9643.65,9719.7,9610.2,9641.3,36962,356534696.65,0.04538892115763493,437.60820555710563
2018-05-24,NESTLEIND,INE239A01016,,9649.9,9711.95,9629.0,9665.35,29401,284284726.3,0.04538892115763493,438.69980911094683
2018-05-25,NESTLEIND,INE239A01016,,9657.9,9799.0,9634.05,9734.8,30723,298836733.9,0.04538892115763493,441.8520696853445
2018-05-28,NESTLEIND,INE239A01016,,9715.0,9775.0,9636.05,9659.05,36871,357864823.1,0.04538892115763493,438.41385890765366
2018-05-29,NESTLEIND,INE239A01016,,9602.0,9649.0,9480.0,9512.3,43914,418776863.15,0.04538892115763493,431.75303472777074
2018-05-30,NESTLEIND,INE239A01016,,9578.0,9605.0,9500.0,9530.05,59099,563895725.3,0.04538892115763493,432.55868807831877
2018-05-31,NESTLEIND,INE239A01016,,9559.9,9799.0,9550.0,9654.0,149624,1446142705.5,0.04538892115763493,438.1846448558076
2018-06-01,NESTLEIND,INE239A01016,,9669.0,9999.0,9643.7,9898.55,148674,1471506431.55,0.04538892115763493,449.2845055249072
2018-06-04,NESTLEIND,INE239A01016,,10000.0,10000.0,9773.3,9817.0,37046,366822205.3,0.04538892115763493,445.5830390045021
2018-06-05,NESTLEIND,INE239A01016,,9819.25,9840.0,9490.0,9535.65,62074,597996502.05,0.04538892115763493,432.8128660368015
2018-06-06,NESTLEIND,INE239A01016,,9599.0,9797.0,9560.35,9760.35,38522,374408258.7,0.04538892115763493,443.01175662092214
2018-06-07,NESTLEIND,INE239A01016,,9819.95,9839.9,9730.2,9787.45,45248,442551878.8,0.04538892115763493,444.24179638429405
2018-06-08,NESTLEIND,INE239A01016,,9799.95,9964.95,9760.05,9888.85,58211,575622082.7,0.04538892115763493,448.84423298967823
2018-06-11,NESTLEIND,INE239A01016,,9887.95,10060.45,9880.0,9916.75,43431,431983893.15,0.04538892115763493,450.1105838899762
2018-06-12,NESTLEIND,INE239A01016,,9939.0,9946.5,9820.0,9834.25,27119,267587055.1,0.04538892115763493,446.3659978944713
2018-06-13,NESTLEIND,INE239A01016,,9890.0,9890.0,9790.0,9837.05,29531,290285765.0,0.04538892115763493,446.4930868737127
2018-06-14,NESTLEIND,INE239A01016,,9836.05,9859.95,9740.0,9756.75,29254,286094204.8,0.04538892115763493,442.84835650475463
2018-06-15,NESTLEIND,INE239A01016,,9760.0,9774.9,9675.0,9742.5,76681,745882783.35,0.04538892115763493,442.2015643782583
2018-06-18,NESTLEIND,INE239A01016,,9700.0,9790.6,9572.8,9618.55,46772,452984899.45,0.04538892115763493,436.57560760076944
2018-06-19,NESTLEIND,INE239A01016,,9998.8,9998.8,9500.15,9618.35,67392,648657271.55,0.04538892115763493,436.566529816538
2018-06-20,NESTLEIND,INE239A01016,,9665.0,9749.9,9640.1,9725.05,59286,575931188.2,0.04538892115763493,441.40952770405755
2018-06-21,NESTLEIND,INE239A01016,,9750.05,9913.95,9712.55,9850.4,43772,430458503.2,0.04538892115763493,447.0990289711671
2018-06-22,NESTLEIND,INE239A01016,,9840.0,9912.95,9760.0,9871.05,36004,355019630.95,0.04538892115763493,448.03631019307227
2018-06-25,NESTLEIND,INE239A01016,,9850.1,9998.0,9841.4,9894.9,52008,515703494.85,0.04538892115763493,449.1188359626819
2018-06-26,NESTLEIND,INE239A01016,,9929.8,10180.0,9862.55,10084.5,136320,1370149568.3,0.04538892115763493,457.72457541416946
2018-06-27,NESTLEIND,INE239A01016,,10109.0,10198.0,9952.8,9999.35,82424,832391696.6,0.04538892115763493,453.8597087775969
2018-06-28,NESTLEIND,INE239A01016,,10028.0,10095.0,9724.55,9772.5,72930,720320130.55,0.04538892115763493,443.5632320129874
2018-06-29,NESTLEIND,INE239A01016,,9898.0,9898.0,9777.0,9810.1,63369,622612352.05,0.04538892115763493,445.2698554485145
2018-07-02,NESTLEIND,INE239A01016,,9890.0,9890.0,9730.3,9765.15,35905,351476788.5,0.04538892115763493,443.2296234424787
2018-07-03,NESTLEIND,INE239A01016,,9823.95,9838.9,9727.65,9784.65,55736,545933540.7,0.04538892115763493,444.1147074050526
2018-07-04,NESTLEIND,INE239A01016,,9806.0,9890.0,9772.0,9862.7,25385,249307878.85,0.04538892115763493,447.65731270140606
2018-07-05,NESTLEIND,INE239A01016,,9924.65,9989.95,9890.05,9957.05,16910,168088395.85,0.04538892115763493,451.93975741262886
2018-07-06,NESTLEIND,INE239A01016,,9949.75,10059.75,9924.45,9943.05,36543,365284981.1,0.04538892115763493,451.304312516422
2018-07-09,NESTLEIND,INE239A01016,,9999.0,9999.0,9888.05,9899.45,14698,145745936.25,0.04538892115763493,449.3253555539492
2018-07-10,NESTLEIND,INE239A01016,,9905.0,10059.95,9905.0,10005.25,39314,392921188.75,0.04538892115763493,454.1275034124269
2018-07-11,NESTLEIND,INE239A01016,,10021.0,10286.75,9954.0,10190.65,55387,562115575.75,0.04538892115763493,462.5426093950524
2018-07-12,NESTLEIND,INE239A01016,,10248.0,10250.5,10001.3,10029.05,35569,359348837.55,0.04538892115763493,455.2077597359786
2018-07-13,NESTLEIND,INE239A01016,,10100.0,10220.1,10074.95,10142.0,37091,376308001.2,0.04538892115763493,460.3344383807335
2018-07-16,NESTLEIND,INE239A01016,,10199.9,10237.15,10150.0,10200.7,26933,274425812.65,0.04538892115763493,462.99876805268667
2018-07-17,NESTLEIND,INE239A01016,,10202.0,10549.0,10190.0,10511.75,85919,893441167.2,0.04538892115763493,477.11699197876897
2018-07-18,NESTLEIND,INE239A01016,,10530.0,10550.1,10282.15,10393.55,74032,772267869.2,0.04538892115763493,471.7520214979365
2018-07-19,NESTLEIND,INE239A01016,,10415.05,10449.5,10222.1,10289.3,42226,434547902.9,0.04538892115763493,467.02022646725305
2018-07-20,NESTLEIND,INE239A01016,,10295.15,10419.95,10200.0,10348.2,43278,446224923.2,0.04538892115763493,469.69363392343786
2018-07-23,NESTLEIND,INE239A01016,,10403.0,10447.0,10325.05,10393.4,19721,204768114.1,0.04538892115763493,471.7452131597629
2018-07-24,NESTLEIND,INE239A01016,,10402.0,10462.1,10252.2,10290.55,32079,331166662.9,0.04538892115763493,467.0769626187001
2018-07-25,NESTLEIND,INE239A01016,,10309.75,10351.4,10200.0,10233.6,23010,236639925.3,0.04538892115763493,464.4920635587728
2018-07-26,NESTLEIND,INE239A01016,,10203.05,10360.0,10203.05,10323.9,28834,297354221.5,0.04538892115763493,468.59068313930726
2018-07-27,NESTLEIND,INE239A01016,,10380.0,10412.4,10168.5,10284.15,33320,343019561.85,0.04538892115763493,466.78647352329125
2018-07-30,NESTLEIND,INE239A01016,,10299.95,10300.0,10084.7,10122.4,35115,356305165.6,0.04538892115763493,459.44481552604384
2018-07-31,NESTLEIND,INE239A01016,,10179.9,10580.0,10111.25,10530.4,70114,730153072.9,0.04538892115763493,477.96349535835884
2018-08-01,NESTLEIND,INE239A01016,,10600.0,10950.8,10551.05,10836.85,69806,746947976.55,0.04538892115763493,491.87293024711613
2018-08-02,NESTLEIND,INE239A01016,,10850.0,10860.0,10603.4,10759.5,34515,370453831.0,0.04538892115763493,488.362097195573
2018-08-03,NESTLEIND,INE239A01016,,10810.0,10832.0,10210.0,10324.6,165670,1743480657.0,0.04538892115763493,468.62245538411764
2018-08-06,NESTLEIND,INE239A01016,,10500.0,10659.3,10400.1,10534.65,58802,620018248.35,0.04538892115763493,478.1563982732788
2018-08-07,NESTLEIND,INE239A01016,,10604.0,10650.0,10500.0,10537.8,37286,393784671.3,0.04538892115763493,478.2993733749253
2018-08-08,NESTLEIND,INE239A01016,,10580.6,10831.0,10577.15,10766.35,69638,745794551.25,0.04538892115763493,488.6730113055029
2018-08-09,NESTLEIND,INE239A01016,,10767.0,10970.0,10767.0,10882.45,81646,888241551.5,0.04538892115763493,493.94266505190427
2018-08-10,NESTLEIND,INE239A01016,,10900.0,10957.0,10650.0,10686.05,57383,618156868.55,0.04547249147769649,485.92131755523855
2018-08-13,NESTLEIND,INE239A01016,,10660.0,10935.0,10615.15,10851.25,52999,573799886.5,0.04547249147769649,493.433373147354
2018-08-14,NESTLEIND,INE239A01016,,10852.0,10951.0,10780.1,10856.95,37356,406905664.05,0.04547249147769649,493.69256634877695
2018-08-16,NESTLEIND,INE239A01016,,10850.0,10955.0,10803.0,10857.25,49171,535714771.55,0.04547249147769649,493.7062080962202
2018-08-17,NESTLEIND,INE239A01016,,10887.0,10920.0,10785.0,10873.0,58903,639506688.6,0.04547249147769649,494.4223998369939
2018-08-20,NESTLEIND,INE239A01016,,10920.0,10948.0,10811.3,10841.05,41321,450000905.65,0.04547249147769649,492.9695537342815
2018-08-21,NESTLEIND,INE239A01016,,10859.0,10990.0,10830.0,10886.4,62485,680516848.3,0.04547249147769649,495.03173122279503
2018-08-23,NESTLEIND,INE239A01016,,10948.0,11585.0,10947.4,11544.05,194040,2202815170.3,0.04547249147769649,524.9367152431022
2018-08-24,NESTLEIND,INE239A01016,,11486.0,11541.75,11303.3,11362.7,49459,563129860.8,0.04547249147769649,516.6902789136219
2018-08-27,NESTLEIND,INE239A01016,,11410.0,11532.8,11273.0,11333.35,47997,546923468.0,0.04547249147769649,515.3556612887515
2018-08-28,NESTLEIND,INE239A01016,,11399.85,11428.9,11308.45,11326.1,28097,318915206.7,0.04547249147769649,515.0259857255382
2018-08-29,NESTLEIND,INE239A01016,,11358.0,11522.0,11269.15,11299.3,62350,708859314.3,0.04547249147769649,513.8073229539359
2018-08-30,NESTLEIND,INE239A01016,,11302.0,11401.75,11257.7,11286.4,83213,940040610.15,0.04547249147769649,513.2207278138736
2018-08-31,NESTLEIND,INE239A01016,,11287.0,11705.0,11287.0,11582.25,185968,2150248826.65,0.04547249147769649,526.6737644175502
2018-09-03,NESTLEIND,INE239A01016,,11679.95,11679.95,11251.2,11277.9,59462,674987661.45,0.04547249147769649,512.8342116363133
2018-09-04,NESTLEIND,INE239A01016,,11330.0,11345.5,10779.45,10841.2,81569,891394581.35,0.04547249147769649,492.9763746080032
2018-09-05,NESTLEIND,INE239A01016,,10838.95,10838.95,10175.0,10386.05,129802,1350703740.6,0.04547249147769649,472.2795701119296
2018-09-06,NESTLEIND,INE239A01016,,10458.0,10560.0,10247.0,10335.55,90549,940747101.65,0.04547249147769649,469.9832092923059
2018-09-07,NESTLEIND,INE239A01016,,10370.0,10650.0,10305.55,10446.55,112689,1181743742.05,0.04547249147769649,475.03065584633026
2018-09-10,NESTLEIND,INE239A01016,,10450.0,10515.0,10275.15,10330.3,37274,386172796.0,0.04547249147769649,469.744478712048
2018-09-11,NESTLEIND,INE239A01016,,10300.0,10385.0,10001.0,10047.7,60262,609222962.35,0.04547249147769649,456.89395262045105
2018-09-12,NESTLEIND,INE239A01016,,10080.0,10453.8,10023.0,10354.0,100962,1043084543.55,0.04547249147769649,470.82217676006945
2018-09-14,NESTLEIND,INE239A01016,,10457.5,10572.0,10302.8,10335.45,93400,970984493.85,0.04547249147769649,469.97866204315824
2018-09-17,NESTLEIND,INE239A01016,,10348.0,10722.7,10115.0,10175.05,30582,312348821.75,0.04547249147769649,462.68487441013565
2018-09-18,NESTLEIND,INE239A01016,,10247.0,10430.0,10191.55,10243.55,37699,389184655.85,0.04547249147769649,465.79974007635786
2018-09-19,NESTLEIND,INE239A01016,,10364.0,10501.0,10104.0,10145.0,38006,387658961.85,0.04547249147769649,461.3184260412309
2018-09-21,NESTLEIND,INE239A01016,,10209.0,10258.9,9199.95,9749.6,152670,1492090544.0,0.04547249147769649,443.3386029109497
2018-09-24,NESTLEIND,INE239A01016,,9878.0,9898.6,9615.0,9662.5,31895,309971198.0,0.04547249147769649,439.3779489032423
2018-09-25,NESTLEIND,INE239A01016,,9625.05,9844.1,9390.0,9697.35,87995,849129482.45,0.04547249147769649,440.96266523124007
2018-09-26,NESTLEIND,INE239A01016,,9799.9,9833.0,9549.5,9729.35,57887,557396000.4,0.04547249147769649,442.41778495852634
2018-09-27,NESTLEIND,INE239A01016,,9796.0,9835.0,9488.5,9578.65,83560,804184300.7,0.04547249147769649,435.56508049283747
2018-09-28,NESTLEIND,INE239A01016,,9720.0,9813.0,9559.35,9699.65,115954,1122731680.45,0.04547249147769649,441.06725196163876
2018-10-01,NESTLEIND,INE239A01016,,9723.95,9750.45,9466.5,9609.65,53328,509568255.75,0.04547249147769649,436.9747277286461
2018-10-03,NESTLEIND,INE239A01016,,9600.0,9600.0,9320.1,9343.8,86534,816261991.15,0.04547249147769649,424.88586586930046
2018-10-04,NESTLEIND,INE239A01016,,9180.0,9449.6,9113.8,9347.95,82801,769267974.6,0.04547249147769649,425.07457670893297
2018-10-05,NESTLEIND,INE239A01016,,9340.0,9500.0,9145.3,9418.9,103232,958586480.75,0.04547249147769649,428.3008499792755
2018-10-08,NESTLEIND,INE239A01016,,9418.95,9479.15,9216.45,9380.75,75687,709691306.9,0.04547249147769649,426.56607442940134
2018-10-09,NESTLEIND,INE239A01016,,9380.75,9610.25,9257.05,9491.95,81173,764296799.8,0.04547249147769649,431.62261548172125
2018-10-10,NESTLEIND,INE239A01016,,9480.05,9650.0,9407.75,9510.25,54171,517799112.45,0.04547249147769649,432.454762075763
2018-10-11,NESTLEIND,INE239A01016,,9300.0,9449.95,9047.05,9384.4,91371,845168582.7,0.04547249147769649,426.7320490232949
2018-10-12,NESTLEIND,INE239A01016,,9460.0,9779.4,9430.9,9699.85,106845,1026857611.1,0.04547249147769649,441.0763464599343
2018-10-15,NESTLEIND,INE239A01016,,9730.0,9730.0,9559.0,9655.9,35037,337918407.25,0.04547249147769649,439.0778304594895
2018-10-16,NESTLEIND,INE239A01016,,9659.95,9763.65,9636.2,9737.5,49375,479707967.5,0.04547249147769649,442.7883857640696
2018-10-17,NESTLEIND,INE239A01016,,9800.0,9860.0,9684.4,9725.35,45581,444789816.2,0.04547249147769649,442.23589499261556
2018-10-19,NESTLEIND,INE239A01016,,9676.2,9695.15,9480.0,9609.05,69090,662712193.25,0.04547249147769649,436.9474442337594
2018-10-22,NESTLEIND,INE239A01016,,9710.0,9757.75,9620.0,9641.0,114558,1108436705.3,0.04547249147769649,438.40029033647187
2018-10-23,NESTLEIND,INE239A01016,,9301.5,9550.0,9300.0,9352.45,92419,870542844.3,0.04547249147769649,425.2792029205826
2018-10-24,NESTLEIND,INE239A01016,,9440.05,9623.5,9436.0,9534.2,99288,945245225.5,0.04547249147769649,433.5438282466539
2018-10-25,NESTLEIND,INE239A01016,,9500.0,9769.95,9424.5,9538.25,123822,1177514837.55,0.04547249147769649,433.7279918371386
2018-10-26,NESTLEIND,INE239A01016,,9588.5,9710.0,9467.55,9569.45,71663,688660922.25,0.04547249147769649,435.1467335712427
2018-10-29,NESTLEIND,INE239A01016,,9759.0,9860.8,9600.0,9683.15,239463,2334439847.85,0.04547249147769649,440.31695585225674
2018-10-30,NESTLEIND,INE239A01016,,9688.0,9764.95,9612.5,9718.45,62706,609762794.6,0.04547249147769649,441.9221348014195
2018-10-31,NESTLEIND,INE239A01016,,9800.0,10198.3,9725.0,10147.85,162484,1621512909.5,0.04547249147769649,461.4480226419424
2018-11-01,NESTLEIND,INE239A01016,,10239.0,10315.6,9903.5,9969.5,77413,785893086.85,0.04547249147769649,453.3380037868952
2018-11-02,NESTLEIND,INE239A01016,,10069.9,10349.0,9990.05,10229.65,91546,935678893.45,0.04547249147769649,465.16767244481787
2018-11-05,NESTLEIND,INE239A01016,,10234.5,10400.0,10163.05,10332.65,60163,620983131.55,0.04547249147769649,469.8513390670206
2018-11-06,NESTLEIND,INE239A01016,,10335.05,10422.1,10081.3,10160.25,39829,407321023.1,0.04547249147769649,462.0118815362658
2018-11-09,NESTLEIND,INE239A01016,,10284.0,10375.0,10153.3,10226.0,55600,569927964.4,0.04547249147769649,465.0016978509243
2018-11-12,NESTLEIND,INE239A01016,,10249.85,10350.0,10087.85,10124.55,36475,372472855.95,0.04547249147769649,460.388513590512
2018-11-13,NESTLEIND,INE239A01016,,10135.0,10238.1,10079.65,10144.1,20798,211065291.5,0.04547249147769649,461.277500798901
2018-11-14,NESTLEIND,INE239A01016,,10156.0,10440.05,10156.0,10394.35,89492,919652010.15,0.04547249147769649,472.6569917911945
2018-11-15,NESTLEIND,INE239A01016,,10394.4,10517.1,10315.1,10463.8,93404,974801823.15,0.04547249147769649,475.8150563243205
2018-11-16,NESTLEIND,INE239A01016,,10500.0,10735.0,10475.65,10687.25,114490,1214731081.2,0.04547249147769649,485.9758845450118
2018-11-19,NESTLEIND,INE239A01016,,10786.0,10798.9,10138.55,10342.65,143391,1479322028.95,0.04547249147769649,470.3060639817976
2018-11-20,NESTLEIND,INE239A01016,,10384.0,10508.8,10172.0,10254.65,52173,537969387.45,0.04547249147769649,466.3044847317603
2018-11-21,NESTLEIND,INE239A01016,,10300.0,10349.0,10181.15,10238.3,41562,425416855.85,0.04547249147769649,465.5610094960999
2018-11-22,NESTLEIND,INE239A01016,,10306.9,10448.7,10220.1,10303.25,50964,527368255.6,0.04547249147769649,468.51444781757635
2018-11-26,NESTLEIND,INE239A01016,,10325.0,10490.0,10325.0,10453.25,46014,480441504.15,0.04547249147769649,475.33532153923085
2018-11-27,NESTLEIND,INE239A01016,,10450.0,10563.1,10370.0,10518.4,38216,401876774.5,0.04547249147769649,478.29785435900277
2018-11-28,NESTLEIND,INE239A01016,,10580.0,10739.0,10543.45,10698.7,88968,949575517.6,0.04547249147769649,486.49654457243145
2018-11-29,NESTLEIND,INE239A01016,,10777.0,10777.0,10387.0,10606.45,178126,1885885052.35,0.04547249147769649,482.30170723361397
2018-11-30,NESTLEIND,INE239A01016,,10700.0,10890.4,10594.65,10764.85,71175,763489929.2,0.04547249147769649,489.5045498836811
2018-12-03,NESTLEIND,INE239A01016,,10819.2,10868.95,10645.0,10745.65,65561,702653061.25,0.04547249147769649,488.63147804730926
2018-12-04,NESTLEIND,INE239A01016,,10725.2,10783.1,10556.0,10589.0,51632,548872049.8,0.04547249147769649,481.5082122573281
2018-12-05,NESTLEIND,INE239A01016,,10550.0,10589.0,10440.0,10488.45,85798,900688753.05,0.04547249147769649,476.9359532392458
2018-12-06,NESTLEIND,INE239A01016,,10448.2,10448.2,10232.0,10309.35,43562,449050168.35,0.04547249147769649,468.79183001559034
2018-12-07,NESTLEIND,INE239A01016,,10330.0,10539.95,10330.0,10404.6,57802,603317926.35,0.04547249147769649,473.12308482884094
2018-12-10,NESTLEIND,INE239A01016,,10300.0,10438.9,10275.05,10398.9,94778,983220713.65,0.04547249147769649,472.863891627418
2018-12-11,NESTLEIND,INE239A01016,,10357.0,10799.0,10322.3,10634.55,54766,581939288.95,0.04547249147769649,483.5794842441372
2018-12-12,NESTLEIND,INE239A01016,,10635.2,10895.0,10583.95,10844.75,90657,982085090.2,0.04568729745186496,495.4673190411125
2018-12-13,NESTLEIND,INE239A01016,,10950.0,11198.35,10890.0,10996.55,76137,837803847.6,0.04568729745186496,502.40265079430554
2018-12-14,NESTLEIND,INE239A01016,,11034.0,11174.85,10918.4,10985.9,62728,691811289.35,0.04568729745186496,501.9160810764432
2018-12-17,NESTLEIND,INE239A01016,,11005.0,11312.95,11004.95,11170.6,98550,1106076944.8,0.04568729745186496,510.3545249158027
2018-12-18,NESTLEIND,INE239A01016,,11173.0,11300.0,11023.6,11094.0,67019,745664922.8,0.04568729745186496,506.85487793098986
2018-12-19,NESTLEIND,INE239A01016,,11199.9,11230.0,11112.05,11174.3,136306,1522241423.15,0.04568729745186496,510.52356791637453
2018-12-20,NESTLEIND,INE239A01016,,11150.05,11425.0,11150.05,11232.55,57925,653788570.15,0.04568729745186496,513.1848529929457
2018-12-21,NESTLEIND,INE239A01016,,11264.7,11323.75,10958.5,11010.4,66291,731093586.05,0.04568729745186496,503.03541986401393
2018-12-24,NESTLEIND,INE239A01016,,11056.0,11222.0,10835.55,10923.35,34191,377438379.05,0.04568729745186496,499.0583406208291
2018-12-26,NESTLEIND,INE239A01016,,10965.0,10987.0,10745.0,10770.05,37172,401550617.45,0.04568729745186496,492.05447792145816
2018-12-27,NESTLEIND,INE239A01016,,10849.0,10969.0,10800.1,10942.85,52311,569571136.15,0.04568729745186496,499.94924292114047
2018-12-28,NESTLEIND,INE239A01016,,10994.0,11396.65,10931.1,11258.6,56636,630856335.8,0.04568729745186496,514.3750070915668
2018-12-31,NESTLEIND,INE239A01016,,11300.0,11358.0,11025.0,11084.85,46430,516879298.55,0.04568729745186496,506.4368391593053
2019-01-01,NESTLEIND,INE239A01016,,11150.0,11170.4,10989.95,11015.05,31709,350488882.35,0.04568729745186496,503.24786579716505
2019-01-02,NESTLEIND,INE239A01016,,10980.5,11160.0,10907.05,11035.4,28167,311033685.35,0.04568729745186496,504.1776023003105
2019-01-03,NESTLEIND,INE239A01016,,11111.0,11499.0,10999.9,11207.15,169291,1911496388.3,0.04568729745186496,512.0243956376684
2019-01-04,NESTLEIND,INE239A01016,,11139.0,11198.9,10655.55,10851.2,206163,2256902031.6,0.04568729745186496,495.76200210967704
2019-01-07,NESTLEIND,INE239A01016,,10875.0,10939.65,10700.0,10786.1,85959,927434539.05,0.04568729745186496,492.7877590455606
2019-01-08,NESTLEIND,INE239A01016,,10800.0,11240.0,10690.0,11005.4,134341,1470668643.05,0.04568729745186496,502.8069833767546
2019-01-09,NESTLEIND,INE239A01016,,11099.85,11298.4,11058.4,11252.25,98483,1105232706.2,0.04568729745186496,514.0848927527475
2019-01-10,NESTLEIND,INE239A01016,,11320.0,11447.8,11139.6,11416.6,76915,870550916.5,0.04568729745186496,521.5936000889615
2019-01-11,NESTLEIND,INE239A01016,,11400.15,11458.0,11151.0,11273.0,57253,644708332.9,0.04568729745186496,515.0329041748737
2019-01-14,NESTLEIND,INE239A01016,,11300.0,11385.7,11189.95,11228.65,51811,582736185.1,0.04568729745186496,513.0066725328834
2019-01-15,NESTLEIND,INE239A01016,,11296.0,11340.0,11200.0,11282.65,49470,557617750.5,0.04568729745186496,515.4737865952842
2019-01-16,NESTLEIND,INE239A01016,,11261.05,11291.75,10980.0,11055.9,136679,1514694383.05,0.04568729745186496,505.1141918980738
2019-01-17,NESTLEIND,INE239A01016,,11200.0,11232.95,11122.0,11165.7,72737,813382739.6,0.04568729745186496,510.13065715828856
2019-01-18,NESTLEIND,INE239A01016,,11200.0,11326.45,11181.0,11248.4,76762,863907564.15,0.04568729745186496,513.9089966575577
2019-01-21,NESTLEIND,INE239A01016,,11296.0,11308.95,11150.1,11255.25,19108,215061498.6,0.04568729745186496,514.2219546451031
2019-01-22,NESTLEIND,INE239A01016,,11290.0,11350.0,11200.0,11236.55,39958,449938559.45,0.04568729745186496,513.3676021827531
2019-01-23,NESTLEIND,INE239A01016,,11255.0,11348.0,11240.0,11315.9,51210,579215323.45,0.04568729745186496,516.9928892355587
2019-01-24,NESTLEIND,INE239A01016,,11315.9,11460.0,11306.05,11433.4,104618,1194377201.85,0.04568729745186496,522.3611466861528
2019-01-25,NESTLEIND,INE239A01016,,11460.0,11517.0,11300.0,11365.6,59928,684398014.15,0.04568729745186496,519.2635479189164
2019-01-28,NESTLEIND,INE239A01016,,11365.6,11420.0,11155.0,11360.6,103963,1181913021.95,0.04568729745186496,519.035111431657
2019-01-29,NESTLEIND,INE239A01016,,11380.0,11440.0,11293.9,11399.1,70632,804744901.15,0.04568729745186496,520.7940723835538
2019-01-30,NESTLEIND,INE239A01016,,11420.0,11439.75,11280.0,11396.65,39290,446864540.15,0.04568729745186496,520.6821385047967
2019-01-31,NESTLEIND,INE239A01016,,11420.0,11538.95,11373.05,11497.85,95373,1091126755.8,0.04568729745186496,525.3056930069255
2019-02-01,NESTLEIND,INE239A01016,,11498.05,11622.0,11430.15,11556.55,61906,713024487.4,0.04568729745186496,527.9875373673499
2019-02-04,NESTLEIND,INE239A01016,,11515.0,11642.15,11500.0,11533.75,34434,398005472.9,0.04568729745186496,526.9458669854474
2019-02-05,NESTLEIND,INE239A01016,,11534.95,11654.0,11510.1,11607.45,36727,426315235.2,0.04568729745186496,530.3130208076499
2019-02-06,NESTLEIND,INE239A01016,,11654.0,11654.0,11469.7,11617.4,27885,322861837.05,0.04568729745186496,530.767609417296
2019-02-07,NESTLEIND,INE239A01016,,11615.0,11749.0,11540.0,11715.7,36168,421743526.7,0.04568729745186496,535.2586707568144
2019-02-08,NESTLEIND,INE239A01016,,11707.95,11751.0,11111.0,11242.7,114697,1301660765.8,0.04568729745186496,513.6485790620821
2019-02-11,NESTLEIND,INE239A01016,,11300.0,11300.0,10765.45,10843.5,122841,1346159986.05,0.04568729745186496,495.41020991929764
2019-02-12,NESTLEIND,INE239A01016,,10835.0,10850.0,10615.7,10783.8,97576,1046927433.2,0.04568729745186496,492.6826782614213
2019-02-13,NESTLEIND,INE239A01016,,10869.0,10950.0,10458.45,10578.3,112684,1210894037.2,0.04568729745186496,483.29393863506306
2019-02-14,NESTLEIND,INE239A01016,,10541.0,10778.95,10310.0,10628.8,124563,1322001219.35,0.04568729745186496,485.60114715638224
2019-02-15,NESTLEIND,INE239A01016,,10450.0,10740.15,10251.0,10535.45,414813,4348460193.3,0.04568729745186496,481.3362379392507
2019-02-18,NESTLEIND,INE239A01016,,10549.0,10579.95,10176.25,10349.45,87235,900674677.1,0.04568729745186496,472.8384006132038
2019-02-19,NESTLEIND,INE239A01016,,10350.05,10729.05,10350.05,10515.4,88601,936825585.6,0.04568729745186496,480.42020762534077
2019-02-20,NESTLEIND,INE239A01016,,10531.5,10638.85,10399.25,10521.8,62379,654829534.25,0.04568729745186496,480.71260632903267
2019-02-21,NESTLEIND,INE239A01016,,10500.0,10671.45,10450.0,10621.95,70280,744246733.4,0.04568729745186496,485.288189168837
2019-02-22,NESTLEIND,INE239A01016,,10639.9,10709.0,10561.65,10685.45,55283,589647020.05,0.04568729745186496,488.1893325570304
2019-02-25,NESTLEIND,INE239A01016,,10739.0,10870.0,10680.0,10831.65,42086,454594613.2,0.04568729745186496,494.86881544449307
2019-02-26,NESTLEIND,INE239A01016,,10799.0,10855.0,10666.5,10804.4,72467,781789979.65,0.04568729745186496,493.62383658892975
2019-02-27,NESTLEIND,INE239A01016,,10804.4,10820.65,10651.8,10713.7,85713,919500614.9,0.04568729745186496,489.4799987100456
2019-02-28,NESTLEIND,INE239A01016,,10750.0,10763.45,10555.1,10639.75,111875,1189590396.05,0.04568729745186496,486.1014230634802
2019-03-01,NESTLEIND,INE239A01016,,10640.0,10675.0,10406.05,10451.8,109782,1149719409.7,0.04568729745186496,477.5144955074021
2019-03-05,NESTLEIND,INE239A01016,,10281.45,10566.65,10281.45,10505.95,81658,855929989.1,0.04568729745186496,479.9884626644207
2019-03-06,NESTLEIND,INE239A01016,,10593.0,10593.0,10195.0,10320.75,145434,1504261928.45,0.04568729745186496,471.5271751763353
2019-03-07,NESTLEIND,INE239A01016,,10340.0,10352.6,10165.1,10203.35,78052,800120339.9,0.04568729745186496,466.16348645548635
2019-03-08,NESTLEIND,INE239A01016,,10219.95,10220.0,10035.0,10095.15,98498,994159067.05,0.04568729745186496,461.2201208711945
2019-03-11,NESTLEIND,INE239A01016,,10099.35,10329.0,10031.65,10292.8,114136,1163436658.2,0.04568729745186496,470.2502152125556
2019-03-12,NESTLEIND,INE239A01016,,10298.9,10511.95,10260.05,10428.9,83043,866434524.1,0.04568729745186496,476.46825639575445
2019-03-13,NESTLEIND,INE239A01016,,10528.0,10754.95,10500.4,10723.3,133760,1429030676.25,0.04568729745186496,489.91859676558346
2019-03-14,NESTLEIND,INE239A01016,,10758.0,10770.0,10540.0,10739.3,55804,595257098.9,0.04568729745186496,490.6495935248133
2019-03-15,NESTLEIND,INE239A01016,,10701.3,10762.05,10230.05,10289.9,183452,1909018091.25,0.04568729745186496,470.1177220499452
2019-03-18,NESTLEIND,INE239A01016,,10375.0,10495.4,10271.2,10456.6,61262,637243624.5,0.04568729745186496,477.7337945351711
2019-03-19,NESTLEIND,INE239A01016,,10456.6,10755.0,10409.85,10707.0,82821,880381184.5,0.04568729745186496,489.1738938171181
2019-03-20,NESTLEIND,INE239A01016,,10729.9,10749.95,10463.5,10530.15,59630,630714763.2,0.04568729745186496,481.0940952627558
2019-03-22,NESTLEIND,INE239A01016,,10593.0,10649.0,10527.25,10600.65,85656,907501514.85,0.04568729745186496,484.31504973311223
2019-03-25,NESTLEIND,INE239A01016,,10515.05,10549.9,10303.0,10528.3,109785,1147888270.6,0.04568729745186496,481.0095737624698
2019-03-26,NESTLEIND,INE239A01016,,10565.2,10790.25,10515.95,10691.9,150685,1603900067.3,0.04568729745186496,488.4840156255949
2019-03-27,NESTLEIND,INE239A01016,,10690.95,11049.0,10576.75,10892.0,139605,1517037199.2,0.04568729745186496,497.6260438457131
2019-03-28,NESTLEIND,INE239A01016,,10938.9,11130.0,10801.0,11073.1,91828,1010866479.05,0.04568729745186496,505.90001341424585
2019-03-29,NESTLEIND,INE239A01016,,11027.15,11239.0,10901.0,10960.95,149501,1662885197.8,0.04568729745186496,500.7761830050192
2019-04-01,NESTLEIND,INE239A01016,,10980.0,11121.0,10861.1,10915.15,81431,898377027.85,0.04568729745186496,498.68370478172375
2019-04-02,NESTLEIND,INE239A01016,,10979.7,10979.7,10700.0,10786.8,59609,641710487.3,0.04568729745186496,492.8197401537769
2019-04-03,NESTLEIND,INE239A01016,,10947.0,11067.0,10780.0,11003.75,74692,820594429.65,0.04568729745186496,502.731599335959
2019-04-04,NESTLEIND,INE239A01016,,11059.0,11059.0,10850.0,10961.85,40177,440198516.85,0.04568729745186496,500.8173015727259
2019-04-05,NESTLEIND,INE239A01016,,10935.05,11091.0,10900.0,10980.75,26013,285872549.6,0.04568729745186496,501.6807914945661
2019-04-08,NESTLEIND,INE239A01016,,10999.0,11050.0,10804.5,10850.6,37049,402969889.3,0.04568729745186496,495.7345897312059
2019-04-09,NESTLEIND,INE239A01016,,10889.0,10889.0,10740.0,10790.05,75730,817000888.8,0.04568729745186496,492.9682238704954
2019-04-10,NESTLEIND,INE239A01016,,10792.5,10850.0,10730.0,10811.95,48089,518988018.15,0.04568729745186496,493.96877568469137
2019-04-11,NESTLEIND,INE239A01016,,10795.0,10899.0,10690.0,10764.1,93902,1011069708.45,0.04568729745186496,491.7826385016196
2019-04-12,NESTLEIND,INE239A01016,,10767.9,11000.0,10764.3,10973.8,49737,542916921.85,0.04568729745186496,501.3632647772756
2019-04-15,NESTLEIND,INE239A01016,,11000.0,11089.0,10891.05,10970.1,84735,928721445.85,0.04568729745186496,501.1942217767038
2019-04-16,NESTLEIND,INE239A01016,,11000.0,11218.95,10995.0,11155.8,89355,996818432.45,0.04568729745186496,509.678352913515
2019-04-18,NESTLEIND,INE239A01016,,11186.4,11239.95,10925.0,10954.45,56399,623025506.25,0.04568729745186496,500.47921557158213
2019-04-22,NESTLEIND,INE239A01016,,10965.0,11125.0,10851.55,10879.9,31883,347411039.35,0.04568729745186496,497.0732275465455
2019-04-23,NESTLEIND,INE239A01016,,10940.0,10979.0,10872.0,10910.2,25119,274810302.15,0.04568729745186496,498.45755265933707
2019-04-24,NESTLEIND,INE239A01016,,10907.5,11029.55,10705.0,10833.4,76358,827686914.2,0.04568729745186496,494.9487682150338
2019-04-25,NESTLEIND,INE239A01016,,10890.0,10990.0,10780.0,10846.45,90249,981877123.85,0.04568729745186496,495.5449874467807
2019-04-26,NESTLEIND,INE239A01016,,10851.0,11049.2,10822.05,10971.25,51412,563575601.95,0.04568729745186496,501.2467621687734
2019-04-30,NESTLEIND,INE239A01016,,10900.0,10974.95,10854.7,10905.3,74238,809084304.6,0.04579164208462016,499.3715944254082
2019-05-02,NESTLEIND,INE239A01016,,10905.0,10905.0,10403.05,10589.7,44249,474190529.65,0.04579164208462016,484.9197521835021
2019-05-03,NESTLEIND,INE239A01016,,10650.0,10650.0,10380.0,10485.7,115448,1212260092.05,0.04579164208462016,480.15742140670164
2019-05-06,NESTLEIND,INE239A01016,,10400.0,10497.1,10305.05,10364.0,90136,938319575.8,0.04589230517999193,475.6278508854364
2019-05-07,NESTLEIND,INE239A01016,,10401.5,10589.95,10401.0,10477.1,72631,762152484.4,0.04589230517999193,480.8182706012935
2019-05-08,NESTLEIND,INE239A01016,,10487.75,10536.0,10275.7,10298.35,46391,480857588.75,0.04589230517999193,472.61502105036993
2019-05-09,NESTLEIND,INE239A01016,,10295.0,10409.0,10200.0,10362.2,46552,480531851.6,0.04589230517999193,475.5452447361124
2019-05-10,NESTLEIND,INE239A01016,,10371.9,10435.65,10171.05,10231.15,61273,630107646.7,0.04589230517999193,469.53105814227445
2019-05-13,NESTLEIND,INE239A01016,,10262.0,10433.25,10232.25,10300.05,48042,497542244.3,0.04589230517999193,472.69303796917586
2019-05-14,NESTLEIND,INE239A01016,,10310.0,10364.4,10120.05,10198.65,54275,554168918.7,0.04589230517999193,468.0395582239247
2019-05-15,NESTLEIND,INE239A01016,,10401.0,10509.0,10211.0,10268.55,127190,1320965233.95,0.04589230517999193,471.24743035600613
2019-05-16,NESTLEIND,INE239A01016,,10332.7,10401.0,10255.05,10280.55,39322,406006770.8,0.04589230517999193,471.798138018166
2019-05-17,NESTLEIND,INE239A01016,,10299.95,10546.2,10256.85,10465.65,65704,684219468.05,0.04589230517999193,480.29280370698257
2019-05-20,NESTLEIND,INE239A01016,,10680.0,10832.0,10560.35,10768.15,49555,532143686.45,0.04589230517999193,494.1752260239301
2019-05-21,NESTLEIND,INE239A01016,,10849.95,10884.7,10493.95,10609.2,47182,505103460.95,0.04589230517999193,486.8806441155704
2019-05-22,NESTLEIND,INE239A01016,,10650.05,10784.2,10600.0,10700.55,31497,336403201.4,0.04589230517999193,491.07290619376266
2019-05-23,NESTLEIND,INE239A01016,,10848.0,10989.0,10680.0,10797.05,56257,610216860.3,0.04589230517999193,495.5015136436319
2019-05-24,NESTLEIND,INE239A01016,,10813.0,10849.9,10592.3,10660.05,49465,527184463.55,0.04589230517999193,489.21426783397294
2019-05-27,NESTLEIND,INE239A01016,,10750.0,11083.0,10700.0,11036.25,84400,924426482.6,0.04589230517999193,506.478953042686
2019-05-28,NESTLEIND,INE239A01016,,11040.0,11165.0,10950.0,11105.2,133445,1480828516.35,0.04589230517999193,509.6432274848464
2019-05-29,NESTLEIND,INE239A01016,,11125.0,11295.95,10987.45,11206.0,128654,1439406301.65,0.04589230517999193,514.2691718469896
2019-05-30,NESTLEIND,INE239A01016,,11175.25,11345.0,11170.0,11320.5,93421,1054063813.0,0.04589230517999193,519.5238407900987
2019-05-31,NESTLEIND,INE239A01016,,11350.0,11540.0,11303.45,11498.1,70172,803242560.7,0.04589230517999193,527.6743141900653
2019-06-03,NESTLEIND,INE239A01016,,11498.6,11700.0,11498.6,11686.45,64302,749230967.35,0.04589230517999193,536.3181298707168
2019-06-04,NESTLEIND,INE239A01016,,11600.0,11698.0,11428.0,11552.35,96144,1106864266.5,0.04589230517999193,530.1639717460798
2019-06-06,NESTLEIND,INE239A01016,,11552.35,11684.0,11530.0,11603.3,82658,961198222.85,0.04589230517999193,532.5021846950003
2019-06-07,NESTLEIND,INE239A01016,,11610.0,11628.0,11451.0,11503.85,43726,503266124.95,0.04589230517999193,527.9381949448502
2019-06-10,NESTLEIND,INE239A01016,,11607.1,11729.0,11376.0,11698.4,48341,563217557.0,0.04589230517999193,536.8665429176176
2019-06-11,NESTLEIND,INE239A01016,,11755.0,11817.7,11498.1,11622.95,72286,842418462.75,0.04589230517999193,533.4039684917873
2019-06-12,NESTLEIND,INE239A01016,,11674.0,11715.0,11505.0,11695.5,43374,504536134.25,0.04589230517999193,536.7334552325956
2019-06-13,NESTLEIND,INE239A01016,,11620.0,11661.55,11570.05,11613.75,69156,803365671.5,0.04589230517999193,532.9817592841313
2019-06-14,NESTLEIND,INE239A01016,,11615.5,11723.65,11451.0,11489.0,40564,469576389.85,0.04589230517999193,527.2566942129273
2019-06-17,NESTLEIND,INE239A01016,,11559.0,11629.65,11425.65,11480.85,45786,527138843.0,0.04589230517999193,526.8826719257104
2019-06-18,NESTLEIND,INE239A01016,,11505.05,11551.95,11300.0,11457.6,55529,634520246.25,0.04589230517999193,525.8156758302756
2019-06-19,NESTLEIND,INE239A01016,,11478.9,11650.5,11450.0,11611.7,69510,804962002.3,0.04589230517999193,532.8876800585124
2019-06-20,NESTLEIND,INE239A01016,,11613.05,11759.0,11474.2,11718.05,65396,762828935.8,0.04589230517999193,537.7683267144045
2019-06-21,NESTLEIND,INE239A01016,,11710.0,11790.0,11539.15,11600.9,111980,1305458067.55,0.04589230517999193,532.3920431625684
2019-06-24,NESTLEIND,INE239A01016,,11600.0,11760.0,11550.15,11712.0,24222,283385121.1,0.04589230517999193,537.4906782680655
2019-06-25,NESTLEIND,INE239A01016,,11680.05,11737.25,11613.45,11705.85,37748,441455139.2,0.04589230517999193,537.2084405912086
2019-06-26,NESTLEIND,INE239A01016,,11706.0,11950.0,11680.8,11802.5,143213,1695216507.1,0.04589230517999193,541.6439318868548
2019-06-27,NESTLEIND,INE239A01016,,11810.3,11866.9,11684.45,11802.85,93927,1104064577.3,0.04589230517999193,541.6599941936678
2019-06-28,NESTLEIND,INE239A01016,,11762.0,11940.0,11755.0,11912.6,57069,677825072.15,0.04589230517999193,546.6966746871719
2019-07-01,NESTLEIND,INE239A01016,,11984.0,12023.25,11823.65,11868.75,40901,488959309.5,0.04589230517999193,544.6842971050293
2019-07-02,NESTLEIND,INE239A01016,,11860.0,12004.95,11801.0,11964.85,66647,793152183.75,0.04589230517999193,549.0945476328264
2019-07-03,NESTLEIND,INE239A01016,,11964.0,11998.55,11779.95,11819.15,63152,748878084.95,0.04589230517999193,542.4080387681016
2019-07-04,NESTLEIND,INE239A01016,,11810.0,11970.0,11799.95,11884.45,23714,282186821.2,0.04589230517999193,545.4048062963551
2019-07-05,NESTLEIND,INE239A01016,,11929.95,12000.0,11840.0,11956.9,35376,422371658.25,0.04589230517999193,548.7297038066455
2019-07-08,NESTLEIND,INE239A01016,,11929.0,11929.0,11752.0,11801.45,45507,537554333.65,0.04589230517999193,541.5957449664159
2019-07-09,NESTLEIND,INE239A01016,,11819.8,11824.0,11630.0,11687.05,61843,724993990.9,0.04589230517999193,536.3456652538247
2019-07-10,NESTLEIND,INE239A01016,,11715.0,11795.0,11530.0,11550.45,44237,514692491.2,0.04589230517999193,530.0767763662378
2019-07-11,NESTLEIND,INE239A01016,,11624.05,11624.05,11471.5,11506.8,46492,535720926.3,0.04589230517999193,528.0735772451311
2019-07-12,NESTLEIND,INE239A01016,,11507.0,11718.0,11507.0,11672.15,27605,321950146.85,0.04589230517999193,535.6618699066428
2019-07-15,NESTLEIND,INE239A01016,,11689.0,11689.0,11465.6,11484.45,19432,224066312.85,0.04589230517999193,527.0478842243584
2019-07-16,NESTLEIND,INE239A01016,,11632.0,11741.95,11487.1,11708.65,42449,493545275.4,0.04589230517999193,537.3369390457125
2019-07-17,NESTLEIND,INE239A01016,,11706.0,11749.8,11602.5,11695.4,24922,290973042.55,0.04589230517999193,536.7288660020777
2019-07-18,NESTLEIND,INE239A01016,,11726.8,11743.6,11542.5,11596.75,47394,550289612.65,0.04589230517999193,532.2015900960714
2019-07-19,NESTLEIND,INE239A01016,,11649.9,11725.0,11512.3,11547.05,86677,1004523714.8,0.04589230517999193,529.9207425286259
2019-07-22,NESTLEIND,INE239A01016,,11508.05,11562.55,11265.0,11304.7,47464,540435037.8,0.04589230517999193,518.7987423682548
2019-07-23,NESTLEIND,INE239A01016,,11305.0,11693.0,11305.0,11470.75,61563,708972042.6,0.04589230517999193,526.4191596433925
2019-07-24,NESTLEIND,INE239A01016,,11500.0,11619.75,11298.75,11479.9,49740,569167291.05,0.04589230517999193,526.8390742357893
2019-07-25,NESTLEIND,INE239A01016,,11509.0,11666.85,11440.0,11495.0,53885,620539164.45,0.04589230517999193,527.5320480440073
2019-07-26,NESTLEIND,INE239A01016,,11525.0,11671.45,11470.0,11623.25,30544,354000989.6,0.04589230517999193,533.4177361833413
2019-07-29,NESTLEIND,INE239A01016,,11600.0,11690.0,11479.25,11620.25,46052,533590210.8,0.04589230517999193,533.2800592678012
2019-07-30,NESTLEIND,INE239A01016,,11673.85,11690.55,11500.0,11536.55,34459,399381367.35,0.04589230517999193,529.4388733242359
2019-07-31,NESTLEIND,INE239A01016,,11500.05,11740.0,11401.0,11675.9,46971,545125844.05,0.04589230517999193,535.8339660510678
2019-08-01,NESTLEIND,INE239A01016,,11664.0,11664.0,11445.0,11547.0,34623,399008696.1,0.04589230517999193,529.9184479133669
2019-08-02,NESTLEIND,INE239A01016,,11425.0,11536.15,11322.45,11411.5,56548,645142606.85,0.04589230517999193,523.700040561478
2019-08-05,NESTLEIND,INE239A01016,,11528.0,11950.0,11490.0,11712.8,122980,1442138135.9,0.04589230517999193,537.5273921122094
2019-08-06,NESTLEIND,INE239A01016,,11710.0,11998.0,11701.05,11837.55,85992,1021215720.25,0.04589230517999193,543.2524571834134
2019-08-07,NESTLEIND,INE239A01016,,11790.0,11909.65,11732.15,11777.45,46996,556036890.6,0.04589230517999193,540.494329642096
2019-08-08,NESTLEIND,INE239A01016,,11800.0,11930.0,11775.0,11840.25,36614,433864550.25,0.04589230517999193,543.3763664073995
2019-08-09,NESTLEIND,INE239A01016,,11780.0,12268.5,11700.0,11993.3,116548,1399851858.1,0.04669284980621706,560.001355580903
2019-08-13,NESTLEIND,INE239A01016,,11962.2,12192.95,11820.05,11893.45,77413,932847383.75,0.04669284980621706,555.3390745277524
2019-08-14,NESTLEIND,INE239A01016,,11893.45,12159.0,11850.1,12036.55,58376,703750129.55,0.04669284980621706,562.0208213350219
2019-08-16,NESTLEIND,INE239A01016,,12099.9,12107.9,11906.9,12004.4,56885,682967033.5,0.04669284980621706,560.519646213752
2019-08-19,NESTLEIND,INE239A01016,,12090.0,12259.9,12040.05,12066.6,44883,545901189.5,0.04669284980621706,563.4239414716988
2019-08-20,NESTLEIND,INE239A01016,,12114.0,12155.85,11916.7,11969.8,67952,818218733.85,0.04669284980621706,558.904073610457
2019-08-21,NESTLEIND,INE239A01016,,11970.0,12646.5,11970.0,12594.1,273006,3392974670.4,0.04669284980621706,588.0544197444783
2019-08-22,NESTLEIND,INE239A01016,,12640.0,12799.0,12405.25,12470.0,100858,1265627514.15,0.04669284980621706,582.2598370835267
2019-08-23,NESTLEIND,INE239A01016,,12499.5,12547.6,12250.0,12438.65,58571,727690774.2,0.04669284980621706,580.7960162421018
2019-08-26,NESTLEIND,INE239A01016,,12621.75,12621.75,12230.0,12391.35,77906,959666311.65,0.04669284980621706,578.5874444462678
2019-08-27,NESTLEIND,INE239A01016,,12354.1,12550.0,12354.1,12472.35,92699,1155233366.4,0.04669284980621706,582.3695652805714
2019-08-28,NESTLEIND,INE239A01016,,12545.0,12850.0,12409.95,12517.4,103647,1304108068.05,0.04669284980621706,584.4730781643414
2019-08-29,NESTLEIND,INE239A01016,,12643.0,12890.0,12610.0,12716.85,243927,3106027968.25,0.04669284980621706,593.7859670581914
2019-08-30,NESTLEIND,INE239A01016,,12725.0,12948.8,12567.0,12875.2,124005,1579237540.4,0.04669284980621706,601.1797798250059
2019-09-03,NESTLEIND,INE239A01016,,12830.0,12899.0,12597.6,12690.95,79268,1013060381.6,0.04669284980621706,592.5766222482105
2019-09-04,NESTLEIND,INE239A01016,,12699.75,12750.6,12387.65,12480.75,91435,1145062121.75,0.04669284980621706,582.7617852189436
2019-09-05,NESTLEIND,INE239A01016,,12480.05,12675.0,12480.05,12612.15,52941,667086365.95,0.04669284980621706,588.8972256834804
2019-09-06,NESTLEIND,INE239A01016,,12650.0,12712.2,12505.0,12613.95,57818,728717046.15,0.04669284980621706,588.9812728131317
2019-09-09,NESTLEIND,INE239A01016,,12629.3,12900.0,12564.7,12836.35,68341,873211670.25,0.04669284980621706,599.3657626100344
2019-09-11,NESTLEIND,INE239A01016,,12838.95,12841.95,12663.35,12758.95,105665,1346539970.35,0.04669284980621706,595.7517360350332
2019-09-12,NESTLEIND,INE239A01016,,12776.45,12836.2,12520.3,12556.9,73503,929770285.3,0.04669284980621706,586.317445731687
2019-09-13,NESTLEIND,INE239A01016,,12570.0,12719.0,12509.5,12689.3,56507,713244089.35,0.04669284980621706,592.4995790460301
2019-09-16,NESTLEIND,INE239A01016,,12511.9,12869.95,12511.9,12840.95,48505,619057592.25,0.04669284980621706,599.5805497191429
2019-09-17,NESTLEIND,INE239A01016,,12760.05,12790.0,12706.05,12764.25,70472,898243148.55,0.04669284980621706,595.9992081390061
2019-09-18,NESTLEIND,INE239A01016,,12844.0,12889.95,12650.0,12869.0,44518,567836665.8,0.04669284980621706,600.8902841562074
2019-09-19,NESTLEIND,INE239A01016,,12740.05,12888.0,12635.0,12694.9,77719,988299373.8,0.04669284980621706,592.761059004945
2019-09-20,NESTLEIND,INE239A01016,,12745.0,13629.45,12531.0,13499.4,284070,3773908096.0,0.04669284980621706,630.3254566740466
2019-09-23,NESTLEIND,INE239A01016,,13700.0,14117.2,13601.85,13713.2,138605,1920705266.6,0.04669284980621706,640.3083879626158
2019-09-24,NESTLEIND,INE239A01016,,13720.0,13800.0,13310.15,13430.7,116332,1567358735.6,0.04669284980621706,627.1176578923595
2019-09-25,NESTLEIND,INE239A01016,,13424.0,13573.0,13305.1,13458.5,83246,1114470928.6,0.04669284980621706,628.4157191169724
2019-09-26,NESTLEIND,INE239A01016,,13545.0,14144.0,13525.05,13934.6,897253,12473856610.6,0.04669284980621706,650.6461849097122
2019-09-27,NESTLEIND,INE239A01016,,13840.0,13898.15,13600.0,13740.9,110119,1513319712.5,0.04669284980621706,641.6017799022479
2019-09-30,NESTLEIND,INE239A01016,,13740.1,13992.0,13680.0,13889.65,96499,1332647923.75,0.04669284980621706,648.5473413109228
2019-10-01,NESTLEIND,INE239A01016,,13889.0,13946.95,13649.9,13681.55,83545,1149227693.15,0.04669284980621706,638.830559266249
2019-10-03,NESTLEIND,INE239A01016,,13680.0,13749.6,13566.05,13709.85,40894,559297572.9,0.04669284980621706,640.151966915765
2019-10-04,NESTLEIND,INE239A01016,,13792.0,13792.0,13335.9,13441.0,91909,1238681195.55,0.04669284980621706,627.5985942453635
2019-10-07,NESTLEIND,INE239A01016,,13508.2,13698.0,13460.0,13603.35,42763,581978751.85,0.04669284980621706,635.1791784114029
2019-10-09,NESTLEIND,INE239A01016,,13645.0,13910.0,13510.05,13858.3,93577,1290209321.75,0.04669284980621706,647.0835204694979
2019-10-10,NESTLEIND,INE239A01016,,13857.0,13857.0,13680.0,13819.85,27905,384313509.5,0.04669284980621706,645.2881803944489
2019-10-11,NESTLEIND,INE239A01016,,13819.85,14075.0,13819.85,14032.4,61075,853519702.65,0.04669284980621706,655.2127456207603
2019-10-14,NESTLEIND,INE239A01016,,14135.0,14215.0,13950.0,14169.0,70672,1000187478.15,0.04669284980621706,661.5909889042895
2019-10-15,NESTLEIND,INE239A01016,,14152.1,14205.0,14035.95,14086.8,97808,1378575488.35,0.04669284980621706,657.7528366502185
2019-10-16,NESTLEIND,INE239A01016,,14099.9,14403.55,14080.0,14351.5,67279,958658960.65,0.04669284980621706,670.1124339939241
2019-10-17,NESTLEIND,INE239A01016,,14383.0,14630.35,14160.0,14516.85,114493,1646609068.9,0.04669284980621706,677.8330967093822
2019-10-18,NESTLEIND,INE239A01016,,14519.1,14943.35,14403.3,14835.45,121565,1784860348.65,0.04669284980621706,692.7094386576429
2019-10-22,NESTLEIND,INE239A01016,,14888.0,15110.95,14836.0,15020.0,138011,2066578235.2,0.04669284980621706,701.3266040893802
2019-10-23,NESTLEIND,INE239A01016,,15091.0,15125.85,14916.25,14983.0,58986,885631812.7,0.04669284980621706,699.5989686465502
2019-10-24,NESTLEIND,INE239A01016,,15019.0,15048.0,14625.85,14666.0,114813,1690354661.25,0.04669284980621706,684.7973352579794
2019-10-25,NESTLEIND,INE239A01016,,14779.0,14900.0,14461.35,14803.35,131479,1928948718.9,0.04669284980621706,691.2105981788633
2019-10-29,NESTLEIND,INE239A01016,,14868.0,14868.0,14510.0,14699.75,99038,1458226364.85,0.04669284980621706,686.3732189389392
2019-10-30,NESTLEIND,INE239A01016,,14887.0,14998.9,14750.3,14967.8,58061,866452477.8,0.04669284980621706,698.8892373294957
2019-10-31,NESTLEIND,INE239A01016,,14970.05,15146.9,14783.85,14947.0,80261,1202970346.9,0.04669284980621706,697.9180260535264
2019-11-01,NESTLEIND,INE239A01016,,14947.0,15069.6,14850.3,14959.8,49392,739192924.45,0.04669284980621706,698.5156945310459
2019-11-04,NESTLEIND,INE239A01016,,14988.4,15091.7,14801.1,14813.35,39581,589134307.75,0.04669284980621706,691.6775266769255
2019-11-05,NESTLEIND,INE239A01016,,14840.0,14885.0,14605.4,14650.2,83265,1222150095.9,0.04669284980621706,684.0595882310412
2019-11-06,NESTLEIND,INE239A01016,,14675.0,14821.0,14588.65,14649.65,78659,1156863304.4,0.04669284980621706,684.0339071636478
2019-11-07,NESTLEIND,INE239A01016,,14710.0,14790.05,14551.0,14711.25,47438,694903096.5,0.04669284980621706,686.9101867117107
2019-11-08,NESTLEIND,INE239A01016,,14750.0,14850.0,14374.0,14471.3,82029,1200654549.15,0.04669284980621706,675.7062374007089
2019-11-11,NESTLEIND,INE239A01016,,14490.0,14599.9,14051.1,14108.45,145341,2061882048.4,0.04669284980621706,658.7637368485231
2019-11-13,NESTLEIND,INE239A01016,,14108.45,14329.6,14070.25,14233.25,66651,948237453.25,0.04669284980621706,664.5910045043389
2019-11-14,NESTLEIND,INE239A01016,,14250.0,14300.95,14100.0,14231.35,60476,858571533.4,0.04669284980621706,664.5022880897071
2019-11-15,NESTLEIND,INE239A01016,,14261.85,14437.0,14153.05,14295.55,75837,1086021663.05,0.04669284980621706,667.4999690472663
2019-11-18,NESTLEIND,INE239A01016,,14349.9,14349.9,14059.05,14085.55,64978,919169588.2,0.04669284980621706,657.6944705879607
2019-11-19,NESTLEIND,INE239A01016,,14110.0,14211.9,14009.6,14117.1,44787,632196857.2,0.04669284980621706,659.1676299993469
2019-11-20,NESTLEIND,INE239A01016,,14117.0,14289.0,13982.5,14228.65,79418,1123377707.7,0.04669284980621706,664.3762173952304
2019-11-21,NESTLEIND,INE239A01016,,14240.0,14280.15,14121.1,14179.45,40484,574924769.05,0.04669284980621706,662.0789291847645
2019-11-22,NESTLEIND,INE239A01016,,14190.0,14300.95,14102.0,14171.5,43132,612541504.0,0.04669284980621706,661.707721028805
2019-11-25,NESTLEIND,INE239A01016,,14248.15,14580.0,14155.0,14486.8,74577,1073055151.25,0.04669284980621706,676.4299765727053
2019-11-26,NESTLEIND,INE239A01016,,14398.85,14600.0,14225.45,14524.4,199248,2881345270.1,0.04669284980621706,678.1856277254191
2019-11-27,NESTLEIND,INE239A01016,,14560.0,14700.0,14226.85,14562.7,71919,1049402311.6,0.04669284980621706,679.9739638729972
2019-11-28,NESTLEIND,INE239A01016,,14635.5,14700.0,14574.0,14659.55,45678,668324482.5,0.04669284980621706,684.4961663767293
2019-11-29,NESTLEIND,INE239A01016,,14699.0,14699.0,14411.0,14453.95,46873,679422477.5,0.04669284980621706,674.8961164565711
2019-12-02,NESTLEIND,INE239A01016,,14453.95,14631.3,14285.9,14557.65,74954,1086884287.0,0.04669284980621706,679.7381649814757
2019-12-03,NESTLEIND,INE239A01016,,14553.3,14553.3,14305.8,14353.5,54872,790182531.0,0.04669284980621706,670.2058196935366
2019-12-04,NESTLEIND,INE239A01016,,14330.0,14375.0,14201.0,14306.25,55888,799257565.1,0.04669284980621706,667.9995825401928
2019-12-05,NESTLEIND,INE239A01016,,14395.65,14395.65,14220.0,14289.65,79335,1132611846.55,0.04669284980621706,667.2244812334096
2019-12-06,NESTLEIND,INE239A01016,,14301.0,14324.35,14149.0,14166.3,58487,832226309.5,0.04669284980621706,661.4649182098127
2019-12-09,NESTLEIND,INE239A01016,,14230.0,14269.0,14005.0,14232.5,97712,1379914273.3,0.04669284980621706,664.5559848669843
2019-12-10,NESTLEIND,INE239A01016,,14224.0,14242.95,14031.7,14091.7,61800,872529103.4,0.04687398941047324,660.5341965755657
2019-12-11,NESTLEIND,INE239A01016,,14109.0,14156.0,14010.0,14066.0,48306,679405789.5,0.04687398941047324,659.3295350477165
2019-12-12,NESTLEIND,INE239A01016,,14077.1,14232.7,14077.1,14154.95,66841,945238944.95,0.04687398941047324,663.4989764057782
2019-12-13,NESTLEIND,INE239A01016,,14190.0,14389.5,14011.0,14301.6,156050,2214603059.1,0.04687398941047324,670.3730469528241
2019-12-16,NESTLEIND,INE239A01016,,14260.0,14430.6,14137.0,14151.65,67072,953537149.2,0.04687398941047324,663.3442922407236
2019-12-17,NESTLEIND,INE239A01016,,14214.9,14247.1,14081.0,14149.15,81425,1153254528.85,0.04687398941047324,663.2271072671974
2019-12-18,NESTLEIND,INE239A01016,,14200.0,14280.0,14055.4,14191.1,93716,1326359383.75,0.04687398941047324,665.1934711229668
2019-12-19,NESTLEIND,INE239A01016,,14192.0,14299.0,14100.0,14285.4,68692,974381576.1,0.04687398941047324,669.6136883243744
2019-12-20,NESTLEIND,INE239A01016,,14260.0,14978.0,14222.05,14858.25,423033,6254769690.75,0.04687398941047324,696.465453158164
2019-12-23,NESTLEIND,INE239A01016,,14786.0,14993.35,14490.0,14532.5,125031,1832669642.2,0.04687398941047324,681.1962511077023
2019-12-24,NESTLEIND,INE239A01016,,14580.0,14623.25,14461.85,14586.0,39686,577949030.7,0.04687398941047324,683.7040095411626
2019-12-26,NESTLEIND,INE239A01016,,14600.0,14715.0,14560.0,14599.25,45924,671253260.95,0.04687398941047324,684.3250899008514
2019-12-27,NESTLEIND,INE239A01016,,14648.8,14689.65,14574.5,14664.15,29385,430316147.75,0.04687398941047324,687.3672118135911
2019-12-30,NESTLEIND,INE239A01016,,14679.9,14900.0,14600.1,14851.9,87720,1298013515.7,0.04687398941047324,696.1678033254075
2019-12-31,NESTLEIND,INE239A01016,,14864.0,14924.3,14710.0,14785.35,62765,928099985.8,0.04687398941047324,693.0483393301405
2020-01-01,NESTLEIND,INE239A01016,,14819.0,14849.35,14712.25,14779.05,23859,352505416.85,0.04687398941047324,692.7530331968544
2020-01-02,NESTLEIND,INE239A01016,,14848.9,14852.95,14687.15,14729.35,46116,679866474.7,0.04687398941047324,690.423395923154
2020-01-03,NESTLEIND,INE239A01016,,14750.0,14795.0,14556.1,14593.6,40000,584964235.25,0.04687398941047324,684.0602518606822
2020-01-06,NESTLEIND,INE239A01016,,14542.0,14542.0,14275.0,14416.65,65136,936288333.9,0.04687398941047324,675.7658994344989
2020-01-07,NESTLEIND,INE239A01016,,14423.55,14546.75,14260.85,14290.75,72237,1037578366.4,0.04687398941047324,669.8644641677204
2020-01-08,NESTLEIND,INE239A01016,,14191.6,14450.0,14120.35,14391.25,39488,564704354.8,0.04687398941047324,674.575300103473
2020-01-09,NESTLEIND,INE239A01016,,14495.0,14675.0,14450.0,14643.45,55708,813766438.7,0.04687398941047324,686.3969202327944
2020-01-10,NESTLEIND,INE239A01016,,14643.45,14718.9,14570.25,14685.85,39274,574775723.1,0.04687398941047324,688.3843773837984
2020-01-13,NESTLEIND,INE239A01016,,14747.9,14747.9,14601.0,14658.25,26990,395838029.3,0.04687398941047324,687.0906552760694
2020-01-14,NESTLEIND,INE239A01016,,14657.9,14895.0,14607.0,14868.6,50378,745486157.75,0.04687398941047324,696.9505989485624
2020-01-15,NESTLEIND,INE239A01016,,14828.0,14950.0,14718.85,14860.2,41468,615283217.5,0.04687398941047324,696.5568574375144
2020-01-16,NESTLEIND,INE239A01016,,14851.0,15398.0,14848.1,15354.9,203208,3087138187.05,0.04687398941047324,719.7454199988755
2020-01-17,NESTLEIND,INE239A01016,,15399.0,15600.0,15358.65,15439.45,96399,1490843672.2,0.04687398941047324,723.7086158035311
2020-01-20,NESTLEIND,INE239A01016,,15230.15,15479.4,15230.15,15417.25,68770,1058779414.4,0.04687398941047324,722.6680132386185
2020-01-21,NESTLEIND,INE239A01016,,15361.05,15501.6,15200.0,15280.75,63258,970242398.1,0.04687398941047324,716.2697136840889
2020-01-22,NESTLEIND,INE239A01016,,15369.0,15585.0,15301.0,15548.7,55627,861374551.55,0.04687398941047324,728.8295991466252
2020-01-23,NESTLEIND,INE239A01016,,15500.0,15625.0,15455.0,15548.85,42861,666316891.1,0.04687398941047324,728.8366302450368
2020-01-24,NESTLEIND,INE239A01016,,15600.0,15850.0,15500.15,15755.5,50632,795736266.6,0.04687398941047324,738.5231401567111
2020-01-27,NESTLEIND,INE239A01016,,15700.0,15845.0,15559.95,15666.05,31362,493998685.25,0.04687398941047324,734.3302618039443
2020-01-28,NESTLEIND,INE239A01016,,15664.0,15710.0,15366.8,15416.65,53107,822035018.1,0.04687398941047324,722.6398888449722
2020-01-29,NESTLEIND,INE239A01016,,15585.0,15899.95,15440.0,15866.75,64251,1011737561.05,0.04687398941047324,743.7378714786262
2020-01-30,NESTLEIND,INE239A01016,,15802.0,15810.85,15471.25,15520.8,47252,738427425.3,0.04687398941047324,727.521814842073
2020-01-31,NESTLEIND,INE239A01016,,15560.0,15637.25,15310.3,15359.45,59649,920752573.8,0.04687398941047324,719.9586966506932
2020-02-03,NESTLEIND,INE239A01016,,15589.0,16500.0,15530.0,16301.0,203752,3308232466.75,0.04687398941047324,764.0929013801242
2020-02-04,NESTLEIND,INE239A01016,,16400.0,16507.9,16127.05,16455.6,116416,1905440271.3,0.04687398941047324,771.3396201429833
2020-02-05,NESTLEIND,INE239A01016,,16476.0,16481.9,16256.05,16384.85,57511,939486211.65,0.04687398941047324,768.0232853921923
2020-02-06,NESTLEIND,INE239A01016,,16399.0,16549.45,16157.8,16284.95,74084,1210152802.8,0.04687398941047324,763.3405738500861
2020-02-07,NESTLEIND,INE239A01016,,16340.0,16385.0,16194.6,16327.8,41407,675610746.95,0.04687398941047324,765.3491242963249
2020-02-10,NESTLEIND,INE239A01016,,16300.0,16373.1,16112.0,16172.2,61270,992673396.15,0.04687398941047324,758.0555315440553
2020-02-11,NESTLEIND,INE239A01016,,16240.0,16300.05,15950.0,15997.15,73350,1178623384.85,0.04687398941047324,749.8502396977519
2020-02-12,NESTLEIND,INE239A01016,,16026.0,16472.6,15968.45,16297.7,129011,2104527970.45,0.04687398941047324,763.9382172150697
2020-02-13,NESTLEIND,INE239A01016,,16328.0,16461.5,16277.35,16412.2,151228,2478362074.35,0.04687398941047324,769.3052890025689
2020-02-14,NESTLEIND,INE239A01016,,16500.0,16782.4,16250.0,16356.45,165708,2728255385.35,0.04687398941047324,766.692064092935
2020-02-17,NESTLEIND,INE239A01016,,16413.0,16615.0,16373.0,16588.45,139788,2310678665.4,0.04687398941047324,777.5668296361648
2020-02-18,NESTLEIND,INE239A01016,,16569.9,16569.9,16385.05,16403.85,90013,1479887537.95,0.04687398941047324,768.9138911909913
2020-02-19,NESTLEIND,INE239A01016,,16538.6,16831.5,16475.8,16785.05,95000,1589183302.7,0.04687398941047324,786.7822559542637
2020-02-20,NESTLEIND,INE239A01016,,16740.0,16740.0,16525.4,16539.5,65732,1091470147.45,0.04687398941047324,775.2723478545221
2020-02-24,NESTLEIND,INE239A01016,,16499.0,16576.75,16317.0,16337.25,66516,1092365454.6,0.04687398941047324,765.7920834962539
2020-02-25,NESTLEIND,INE239A01016,,16373.0,16540.85,16309.35,16380.5,90916,1492200945.7,0.04687398941047324,767.8193835382568
2020-02-26,NESTLEIND,INE239A01016,,16545.0,16545.0,16150.05,16240.15,116839,1907119837.75,0.04687398941047324,761.2406191244969
2020-02-27,NESTLEIND,INE239A01016,,16300.0,16340.85,16057.5,16263.75,90199,1459957318.8,0.04687398941047324,762.3468452745841
2020-02-28,NESTLEIND,INE239A01016,,16042.0,16129.05,15680.0,15778.85,140673,2225185734.9,0.04687398941047324,739.6176478094457
2020-03-02,NESTLEIND,INE239A01016,,15950.0,16315.0,15901.0,16109.95,117232,1895132168.55,0.04687398941047324,755.1376257032533
2020-03-03,NESTLEIND,INE239A01016,,16130.25,16499.0,16130.25,16359.4,93372,1526674846.3,0.04687398941047324,766.8303423616959
2020-03-04,NESTLEIND,INE239A01016,,16397.0,16632.5,16020.0,16541.5,111711,1824862874.7,0.04687398941047324,775.366095833343
2020-03-05,NESTLEIND,INE239A01016,,16550.0,16835.15,16482.5,16576.3,85090,1415043739.0,0.04687398941047324,776.9973106648275
2020-03-06,NESTLEIND,INE239A01016,,16358.1,16565.55,16200.1,16429.3,86212,1414533476.6,0.04687398941047324,770.1068342214879
2020-03-09,NESTLEIND,INE239A01016,,16249.3,16350.0,15701.1,16031.35,123684,1977646418.25,0.04687398941047324,751.4533301355901
2020-03-11,NESTLEIND,INE239A01016,,16005.15,16200.0,15772.8,16048.55,123732,1977716045.3,0.04687398941047324,752.2595627534503
2020-03-12,NESTLEIND,INE239A01016,,15869.45,15882.75,15045.0,15565.55,222866,3434900706.65,0.04687398941047324,729.6194258681917
2020-03-13,NESTLEIND,INE239A01016,,15341.0,15855.0,14050.0,14991.8,261670,3901189856.4,0.04687398941047324,702.7254744439326
2020-03-16,NESTLEIND,INE239A01016,,14800.0,14931.05,13492.65,14397.2,221228,3149599749.55,0.04687398941047324,674.8542003404654
2020-03-17,NESTLEIND,INE239A01016,,14500.0,14777.0,14250.0,14541.0,176980,2572111642.95,0.04687398941047324,681.5946800176913
2020-03-18,NESTLEIND,INE239A01016,,14550.0,14738.0,13400.0,13536.8,212942,2964335090.55,0.04687398941047324,634.523819851694
2020-03-19,NESTLEIND,INE239A01016,,13000.5,13448.4,12577.05,13120.3,214710,2800276092.15,0.04687398941047324,615.000803262232
2020-03-20,NESTLEIND,INE239A01016,,13198.0,14433.1,13150.0,14145.5,204925,2865544053.0,0.04687398941047324,663.0560172058491
2020-03-23,NESTLEIND,INE239A01016,,12750.4,13999.8,12750.05,12944.65,195927,2588929339.0,0.04687398941047324,606.7673870222824
2020-03-24,NESTLEIND,INE239A01016,,13889.0,13889.0,12200.0,13478.35,258686,3490320282.25,0.04687398941047324,631.7840351706519
2020-03-25,NESTLEIND,INE239A01016,,12800.0,14520.0,12800.0,14444.1,198759,2823680500.9,0.04687398941047324,677.0525904438165
2020-03-26,NESTLEIND,INE239A01016,,14699.7,15100.0,14051.55,14919.65,205344,3018133078.4,0.04687398941047324,699.343516107967
2020-03-27,NESTLEIND,INE239A01016,,15400.0,15534.0,14800.0,15108.6,175247,2661034490.6,0.04687398941047324,708.200356407076
2020-03-30,NESTLEIND,INE239A01016,,14990.0,15890.0,14687.7,15658.65,201470,3101011026.9,0.04687398941047324,733.9833942823067
2020-03-31,NESTLEIND,INE239A01016,,15849.0,16424.95,15701.25,16300.6,183919,2984545166.5,0.04687398941047324,764.0741517843601
2020-04-01,NESTLEIND,INE239A01016,,16300.25,16456.0,15500.0,15654.55,127512,2020256192.75,0.04687398941047324,733.7912109257238
2020-04-03,NESTLEIND,INE239A01016,,15939.7,15939.7,15005.0,15104.65,190780,2916760035.7,0.04687398941047324,708.0152041489046
2020-04-07,NESTLEIND,INE239A01016,,15575.0,17200.0,15426.05,17038.65,246901,4060108748.45,0.04687398941047324,798.6694996687598
2020-04-08,NESTLEIND,INE239A01016,,16650.0,17544.05,16555.45,16871.25,248445,4263579054.7,0.04687398941047324,790.8227938414466
2020-04-09,NESTLEIND,INE239A01016,,17436.95,17544.0,16575.0,16839.7,207510,3532975950.15,0.04687398941047324,789.3439194755462
2020-04-13,NESTLEIND,INE239A01016,,16845.0,16974.0,16330.15,16599.95,83132,1380344174.55,0.04687398941047324,778.1058805143853
2020-04-15,NESTLEIND,INE239A01016,,16657.1,17391.0,16657.1,17325.9,155579,2675805593.05,0.04687398941047324,812.1340531269183
2020-04-16,NESTLEIND,INE239A01016,,17320.0,18001.65,17052.15,17895.25,225740,3992730572.55,0.04687398941047324,838.8217589977712
2020-04-17,NESTLEIND,INE239A01016,,18369.95,18369.95,17223.4,17324.3,187271,3291394183.8,0.04687398941047324,812.0590547438615
2020-04-20,NESTLEIND,INE239A01016,,17489.8,17489.8,16930.0,16976.4,135197,2309160074.85,0.04687398941047324,795.7515938279579
2020-04-21,NESTLEIND,INE239A01016,,16800.0,17240.0,16700.0,17015.35,133756,2284977410.6,0.04687398941047324,797.5773357154957
2020-04-22,NESTLEIND,INE239A01016,,17008.35,17700.0,16817.2,17642.05,202241,3526167306.3,0.04687398941047324,826.9532648790394
2020-04-23,NESTLEIND,INE239A01016,,17599.95,17800.0,17306.0,17436.05,187100,3281202824.05,0.04687398941047324,817.2972230604819
2020-04-24,NESTLEIND,INE239A01016,,17300.0,17800.0,17300.0,17406.05,145116,2552481410.2,0.04687398941047324,815.8910033781676
2020-04-27,NESTLEIND,INE239A01016,,17585.0,18015.0,17425.0,17950.8,121986,2164487451.3,0.04687398941047324,841.425609109523
2020-04-28,NESTLEIND,INE239A01016,,17976.5,18022.95,17501.0,17569.65,107549,1897064895.6,0.04687398941047324,823.5595880457212
2020-04-29,NESTLEIND,INE239A01016,,17748.0,17748.0,17400.0,17489.7,105243,1850949480.75,0.04687398941047324,819.8120125923538
2020-04-30,NESTLEIND,INE239A01016,,17700.0,18000.0,17512.0,17924.65,158370,2813204085.6,0.04687398941047324,840.1998542864392
2020-05-04,NESTLEIND,INE239A01016,,17420.5,17728.15,17360.05,17456.45,118975,2083603198.3,0.04687398941047324,818.2534524444555
2020-05-05,NESTLEIND,INE239A01016,,17571.0,17636.95,17100.0,17421.5,130682,2269070272.9,0.04687398941047324,816.6152065145595
2020-05-06,NESTLEIND,INE239A01016,,17421.5,17617.1,17270.0,17309.3,135509,2362774611.65,0.04687398941047324,811.3559449027043
2020-05-07,NESTLEIND,INE239A01016,,17200.0,17280.0,16825.25,17142.45,209078,3569358550.55,0.04687398941047324,803.5350197695669
2020-05-08,NESTLEIND,INE239A01016,,17350.0,17820.0,17201.5,17802.95,179200,3159555664.85,0.04687398941047324,834.4952897751846
2020-05-11,NESTLEIND,INE239A01016,,17770.0,17920.0,17490.0,17562.1,184032,3256871472.3,0.04687398941047324,823.205689425672
2020-05-12,NESTLEIND,INE239A01016,,17609.0,17777.0,17385.0,17461.95,238937,4186280982.85,0.04687398941047324,818.5112593862132
2020-05-13,NESTLEIND,INE239A01016,,17750.0,17750.0,16400.0,16512.35,562034,9469912586.4,0.04687398941047324,773.9997190420277
2020-05-14,NESTLEIND,INE239A01016,,16600.0,16850.0,16201.0,16242.5,410272,6773223530.25,0.04687398941047324,761.3507729996115
2020-05-15,NESTLEIND,INE239A01016,,16500.0,16550.0,16201.95,16443.8,271603,4445514461.65,0.04687398941047324,770.7865070679397
2020-05-18,NESTLEIND,INE239A01016,,16441.0,16575.0,16162.2,16240.35,167962,2732593529.85,0.04687398941047324,761.2499939223791
2020-05-19,NESTLEIND,INE239A01016,,16280.2,16415.8,16108.65,16150.3,118144,1918591558.5,0.04687398941047324,757.0289911759659
2020-05-20,NESTLEIND,INE239A01016,,16241.0,16594.95,16151.0,16303.4,179539,2942110146.75,0.04687398941047324,764.2053989547094
2020-05-21,NESTLEIND,INE239A01016,,16330.0,16505.0,16265.0,16295.45,121080,1981531414.6,0.04687398941047324,763.8327507388962
2020-05-22,NESTLEIND,INE239A01016,,16296.0,16396.8,16150.0,16215.15,118300,1919096069.55,0.04687398941047324,760.0687693892351
2020-05-26,NESTLEIND,INE239A01016,,16380.0,16750.0,16324.4,16655.15,198692,3294081056.4,0.04687398941047324,780.6933247298434
2020-05-27,NESTLEIND,INE239A01016,,16700.0,16820.0,16487.1,16716.5,167533,2799053500.45,0.04687398941047324,783.5690439801758
2020-05-28,NESTLEIND,INE239A01016,,16716.5,17030.0,16680.0,16989.15,176289,2965382496.15,0.04687398941047324,796.3492371929415
2020-05-29,NESTLEIND,INE239A01016,,16950.0,17600.0,16784.55,17540.8,244466,4232076561.85,0.04687398941047324,822.207273451229
2020-06-01,NESTLEIND,INE239A01016,,17540.8,17749.0,17111.0,17183.45,175301,3056223667.3,0.04687398941047324,805.4568533353963
2020-06-02,NESTLEIND,INE239A01016,,17477.0,17477.0,16972.0,17014.45,132201,2260730177.5,0.04687398941047324,797.5351491250264
2020-06-03,NESTLEIND,INE239A01016,,17175.0,17521.95,17152.0,17407.55,146102,2538703190.95,0.04687398941047324,815.9613143622834
2020-06-04,NESTLEIND,INE239A01016,,17406.9,17546.55,17148.05,17196.6,97631,1684446357.8,0.04687398941047324,806.073246296144
2020-06-05,NESTLEIND,INE239A01016,,17317.0,17460.0,16956.55,17096.85,162096,2777602914.85,0.04687398941047324,801.3975658524492
2020-06-08,NESTLEIND,INE239A01016,,17250.0,17250.0,16790.0,16836.2,147070,2490217656.4,0.04687398941047324,789.1798605126096
2020-06-09,NESTLEIND,INE239A01016,,16652.0,16985.0,16521.0,16552.55,174685,2921004674.1,0.04687398941047324,775.8840534163287
2020-06-10,NESTLEIND,INE239A01016,,16650.0,16832.0,16410.0,16534.7,123440,2056063917.35,0.04687398941047324,775.0473527053518
2020-06-11,NESTLEIND,INE239A01016,,16550.0,16850.0,16535.75,16608.25,165132,2758588539.85,0.04704755778637172,781.3776016055082
2020-06-12,NESTLEIND,INE239A01016,,16300.0,16717.1,16300.0,16496.3,140678,2324910773.2,0.04704755778637172,776.1106275113237
2020-06-15,NESTLEIND,INE239A01016,,16500.0,16650.0,16370.0,16400.3,139654,2298731801.9,0.04704755778637172,771.5940619638321
2020-06-16,NESTLEIND,INE239A01016,,16598.0,16598.0,16270.0,16342.1,193237,3175314806.3,0.04704755778637172,768.8558941006653
2020-06-17,NESTLEIND,INE239A01016,,16345.0,16440.0,16115.15,16198.15,126959,2059104175.75,0.04704755778637172,762.0833981573171
2020-06-18,NESTLEIND,INE239A01016,,16218.5,16300.0,16054.6,16178.95,158448,2554621112.5,0.04704755778637172,761.1800850478188
2020-06-19,NESTLEIND,INE239A01016,,16290.0,16305.65,16052.2,16094.85,168895,2722491616.0,0.04704755778637172,757.2233854379849
2020-06-22,NESTLEIND,INE239A01016,,16290.0,16290.0,16065.0,16140.8,135920,2192417691.9,0.04704755778637172,759.3852207182687
2020-06-23,NESTLEIND,INE239A01016,,16289.8,16720.0,16210.05,16548.45,244735,4043010075.45,0.04704755778637172,778.5641576498831
2020-06-24,NESTLEIND,INE239A01016,,16660.0,16860.0,16519.15,16707.95,201086,3366114832.8,0.04704755778637172,786.0682431168094
2020-06-25,NESTLEIND,INE239A01016,,16590.3,16850.0,16565.0,16787.0,169666,2848769158.55,0.04704755778637172,789.7873525598221
2020-06-26,NESTLEIND,INE239A01016,,16850.0,16930.0,16630.0,16677.5,110342,1846582059.65,0.04704755778637172,784.6356449822143
2020-06-29,NESTLEIND,INE239A01016,,16740.0,16980.6,16540.0,16724.85,169646,2846727363.6,0.04704755778637172,786.863346843399
2020-06-30,NESTLEIND,INE239A01016,,16799.0,17298.0,16753.9,17174.45,201034,3433125712.75,0.04704755778637172,808.0159288241518
2020-07-01,NESTLEIND,INE239A01016,,17205.0,17205.0,16720.0,16798.85,216945,3651378270.95,0.04704755778637172,790.3448661195905
2020-07-02,NESTLEIND,INE239A01016,,16985.0,16985.0,16661.1,16789.35,147010,2468510569.15,0.04704755778637172,789.89791432062
2020-07-03,NESTLEIND,INE239A01016,,16813.8,16990.0,16650.0,16695.6,181658,3039231986.45,0.04704755778637172,785.4872057781477
2020-07-06,NESTLEIND,INE239A01016,,16755.0,16842.0,16686.95,16802.0,98338,1648694830.75,0.04704755778637172,790.4930659266176
2020-07-07,NESTLEIND,INE239A01016,,16855.0,16950.0,16730.05,16912.4,141356,2381756669.35,0.04704755778637172,795.6871163062332
2020-07-08,NESTLEIND,INE239A01016,,16936.0,17150.0,16737.0,16802.05,218721,3698422798.85,0.04704755778637172,790.495418304507
2020-07-09,NESTLEIND,INE239A01016,,16840.0,16965.95,16681.0,16759.1,91896,1542376985.45,0.04704755778637172,788.4747256975822
2020-07-10,NESTLEIND,INE239A01016,,16759.1,16874.95,16628.0,16833.1,133611,2239059355.7,0.04704755778637172,791.9562449737738
2020-07-13,NESTLEIND,INE239A01016,,16885.0,17098.0,16875.05,16956.85,114029,1936224540.0,0.04704755778637172,797.7783802498373
2020-07-14,NESTLEIND,INE239A01016,,16949.0,17115.15,16852.0,16895.8,75853,1287297565.1,0.04704755778637172,794.9061268469793
2020-07-15,NESTLEIND,INE239A01016,,16940.0,17143.0,16740.0,16908.75,126521,2132781214.7,0.04704755778637172,795.5153927203129
2020-07-16,NESTLEIND,INE239A01016,,16926.0,17764.6,16760.0,17495.65,296541,5117250271.4,0.04704755778637172,823.1276043851345
2020-07-17,NESTLEIND,INE239A01016,,17494.0,17620.0,17165.0,17229.95,125138,2170864493.95,0.04704755778637172,810.6270682812955
2020-07-20,NESTLEIND,INE239A01016,,17324.0,17370.0,17070.6,17247.0,196577,3387609075.0,0.04704755778637172,811.429229141553
2020-07-21,NESTLEIND,INE239A01016,,17350.0,17494.95,17208.05,17275.6,211186,3661211920.85,0.04704755778637172,812.7747892942432
2020-07-22,NESTLEIND,INE239A01016,,17350.0,17440.0,17001.05,17151.85,156478,2690693048.9,0.04704755778637172,806.9526540181797
2020-07-23,NESTLEIND,INE239A01016,,17120.0,17298.95,17050.0,17256.4,106941,1836102519.1,0.04704755778637172,811.871476184745
2020-07-24,NESTLEIND,INE239A01016,,17125.1,17410.0,16960.0,17251.85,207281,3549100313.1,0.04704755778637172,811.6574097968169
2020-07-27,NESTLEIND,INE239A01016,,17300.0,17414.95,17211.9,17350.25,103843,1798006370.0,0.04704755778637172,816.286889482996
2020-07-28,NESTLEIND,INE239A01016,,17407.0,17474.65,17007.7,17095.4,158968,2738018808.15,0.04704755778637172,804.2968193811392
2020-07-29,NESTLEIND,INE239A01016,,16999.95,17199.0,16510.6,16597.85,450505,7529746159.65,0.04704755778637172,780.8883070045298
2020-07-30,NESTLEIND,INE239A01016,,16740.0,16771.95,16451.1,16524.0,128484,2133454614.7,0.04704755778637172,777.4138448620063
2020-07-31,NESTLEIND,INE239A01016,,16526.0,16674.25,16432.2,16522.2,147940,2449193404.95,0.04704755778637172,777.3291592579909
2020-08-03,NESTLEIND,INE239A01016,,16528.0,16600.0,16350.0,16524.8,115844,1908659273.1,0.04704755778637172,777.4514829082353
2020-08-04,NESTLEIND,INE239A01016,,16635.3,16648.55,16413.85,16580.0,110049,1817452985.3,0.04704755778637172,780.0485080980432
2020-08-05,NESTLEIND,INE239A01016,,16630.0,16643.95,16460.0,16503.35,97765,1614744837.25,0.04704755778637172,776.4423127937176
2020-08-06,NESTLEIND,INE239A01016,,16600.0,16700.0,16450.0,16677.15,105889,1754575474.95,0.04704755778637172,784.6191783369892
2020-08-07,NESTLEIND,INE239A01016,,16668.9,16899.0,16555.9,16788.6,88450,1481489375.95,0.04704755778637172,789.8626286522803
2020-08-10,NESTLEIND,INE239A01016,,16789.95,16859.95,16640.0,16665.75,64149,1073547389.4,0.04704755778637172,784.0828361782245
2020-08-11,NESTLEIND,INE239A01016,,16725.0,16785.65,16581.0,16622.8,37873,632148491.35,0.04704755778637172,782.0621435712998
2020-08-12,NESTLEIND,INE239A01016,,16582.05,16622.05,16450.0,16540.85,82169,1357368823.8,0.04704755778637172,778.2065962107066
2020-08-13,NESTLEIND,INE239A01016,,16462.0,16661.95,16458.4,16474.2,66303,1095112101.2,0.04704755778637172,775.0708764842451
2020-08-14,NESTLEIND,INE239A01016,,16487.0,16549.0,16305.05,16354.7,59434,975882539.55,0.04704755778637172,769.4486933287736
2020-08-17,NESTLEIND,INE239A01016,,16450.0,16524.5,16313.75,16422.9,62584,1028185852.45,0.04704755778637172,772.6573367698043
2020-08-18,NESTLEIND,INE239A01016,,16400.0,16624.6,16311.0,16554.6,104410,1716136315.05,0.04704755778637172,778.8535001302693
2020-08-19,NESTLEIND,INE239A01016,,16500.0,16553.25,16315.5,16345.75,125007,2048642323.3,0.04704755778637172,769.0276176865856
2020-08-20,NESTLEIND,INE239A01016,,16300.0,16340.0,16185.25,16211.95,98085,1593416522.1,0.04704755778637172,762.7326544547691
2020-08-21,NESTLEIND,INE239A01016,,16322.5,16690.0,16250.0,16561.95,144151,2381951741.2,0.04704755778637172,779.1992996799992
2020-08-24,NESTLEIND,INE239A01016,,16580.0,16707.9,16401.0,16478.8,74073,1229671022.85,0.04704755778637172,775.2872952500622
2020-08-25,NESTLEIND,INE239A01016,,16456.0,16477.95,16265.0,16288.2,108869,1776836629.65,0.04704755778637172,766.3200307359799
2020-08-26,NESTLEIND,INE239A01016,,16290.5,16348.35,16170.0,16190.05,116523,1888821661.6,0.04704755778637172,761.7023129392475
2020-08-27,NESTLEIND,INE239A01016,,16235.0,16240.3,16085.0,16113.7,127656,2060774918.4,0.04704755778637172,758.1102319022581
2020-08-28,NESTLEIND,INE239A01016,,16156.0,16368.0,16090.0,16101.25,148489,2407979695.7,0.04704755778637172,757.5244898078176
2020-08-31,NESTLEIND,INE239A01016,,16215.0,16287.0,15875.0,15949.55,221309,3560517422.85,0.04704755778637172,750.3873752916251
2020-09-01,NESTLEIND,INE239A01016,,15995.0,16254.95,15739.9,16196.9,176947,2833323208.9,0.04704755778637172,762.0245887100841
2020-09-02,NESTLEIND,INE239A01016,,16191.0,16260.0,15970.0,15992.55,106192,1706394501.85,0.04704755778637172,752.410420276439
2020-09-03,NESTLEIND,INE239A01016,,16050.0,16439.6,15921.25,16393.75,133887,2168572261.45,0.04704755778637172,771.2859004603314
2020-09-04,NESTLEIND,INE239A01016,,16155.0,16423.9,16150.0,16232.6,98932,1609762746.3,0.04704755778637172,763.7041865230576
2020-09-07,NESTLEIND,INE239A01016,,16241.0,16515.0,15972.1,16403.5,104808,1715113177.5,0.04704755778637172,771.7446141487485
2020-09-08,NESTLEIND,INE239A01016,,16369.6,16369.6,16100.0,16126.5,105449,1708624508.2,0.04704755778637172,758.7124406419235
2020-09-09,NESTLEIND,INE239A01016,,16000.0,16350.0,16000.0,16312.5,135800,2206406556.15,0.04704755778637172,767.4632863901887
2020-09-10,NESTLEIND,INE239A01016,,16261.25,16450.0,16201.25,16420.7,77208,1261866155.75,0.04704755778637172,772.5538321426742
2020-09-11,NESTLEIND,INE239A01016,,16400.0,16400.0,16204.0,16325.35,81228,1323812224.6,0.04704755778637172,768.0678475077436
2020-09-14,NESTLEIND,INE239A01016,,16400.0,16400.0,16040.05,16083.3,102927,1662261187.8,0.04704755778637172,756.6799861455522
2020-09-15,NESTLEIND,INE239A01016,,16090.0,16165.9,16012.0,16040.95,94985,1527660320.5,0.04704755778637172,754.6875220732995
2020-09-16,NESTLEIND,INE239A01016,,16066.5,16225.0,16050.0,16197.8,124268,2008175742.55,0.04704755778637172,762.0669315120919
2020-09-17,NESTLEIND,INE239A01016,,16240.0,16298.8,16090.0,16121.35,100681,1630621415.55,0.04704755778637172,758.4701457193238
2020-09-18,NESTLEIND,INE239A01016,,16250.0,16250.0,15925.0,16087.05,197351,3168068787.25,0.04704755778637172,756.8564144872512
2020-09-21,NESTLEIND,INE239A01016,,16025.0,16049.5,15154.5,15430.75,277176,4314407316.1,0.04704755778637172,725.9791023120555
2020-09-22,NESTLEIND,INE239A01016,,15430.0,15430.0,15100.0,15199.25,107120,1630505849.15,0.04704755778637172,715.0875926845104
2020-09-23,NESTLEIND,INE239A01016,,15200.05,15398.95,15130.0,15366.05,131430,2013364430.4,0.04704755778637172,722.9351253232771
2020-09-24,NESTLEIND,INE239A01016,,15348.0,15438.3,15175.0,15258.85,111275,1705226697.35,0.04704755778637172,717.8916271285782
2020-09-25,NESTLEIND,INE239A01016,,15495.0,15830.0,15301.0,15736.8,178269,2793472172.95,0.04704755778637172,740.3780073725744
2020-09-28,NESTLEIND,INE239A01016,,15820.0,15870.55,15620.15,15719.8,54411,857221436.35,0.04704755778637172,739.5781988902062
2020-09-29,NESTLEIND,INE239A01016,,15800.0,15851.05,15575.0,15620.85,48179,755834635.3,0.04704755778637172,734.9228430472447
2020-09-30,NESTLEIND,INE239A01016,,15629.95,16028.75,15605.05,15918.65,103502,1644717431.45,0.04704755778637172,748.9336057560262
2020-10-01,NESTLEIND,INE239A01016,,15919.0,16050.0,15797.6,16000.5,62638,999477991.75,0.04704755778637172,752.7844483608408
2020-10-05,NESTLEIND,INE239A01016,,15998.0,16140.0,15732.35,16033.15,71081,1139320016.75,0.04704755778637172,754.3205511225658
2020-10-06,NESTLEIND,INE239A01016,,16033.0,16128.0,15834.05,15876.85,75278,1203382625.5,0.04704755778637172,746.9670178405559
2020-10-07,NESTLEIND,INE239A01016,,15956.2,16124.95,15854.65,16114.4,99647,1598258154.2,0.04704755778637172,758.1431651927085
2020-10-08,NESTLEIND,INE239A01016,,16100.0,16330.0,16052.05,16304.6,78576,1272940775.95,0.04704755778637172,767.0916106836764
2020-10-09,NESTLEIND,INE239A01016,,16250.0,16350.0,15985.0,16034.1,74246,1195186097.65,0.04704755778637172,754.3652463024629
2020-10-12,NESTLEIND,INE239A01016,,16100.0,16149.6,15860.0,15902.2,58171,927605144.7,0.04704755778637172,748.1596734304404
2020-10-13,NESTLEIND,INE239A01016,,15880.0,15979.25,15652.0,15673.0,76235,1203596252.85,0.04704755778637172,737.376373185804
2020-10-14,NESTLEIND,INE239A01016,,15674.0,15820.0,15550.0,15673.05,66595,1045067576.85,0.04704755778637172,737.3787255636933
2020-10-15,NESTLEIND,INE239A01016,,15700.0,15788.0,15561.8,15602.75,50244,787349951.45,0.04704755778637172,734.0712822513113
2020-10-16,NESTLEIND,INE239A01016,,15650.0,15820.4,15375.0,15430.25,132361,2057156431.1,0.04704755778637172,725.9555785331622
2020-10-19,NESTLEIND,INE239A01016,,15550.0,16178.0,15425.05,16093.15,182795,2904884341.4,0.04704755778637172,757.143404589748
2020-10-20,NESTLEIND,INE239A01016,,15900.0,16410.0,15850.0,16252.55,203345,3297709704.1,0.04704755778637172,764.6427853008956
2020-10-21,NESTLEIND,INE239A01016,,16240.0,16314.45,15942.05,16030.85,150095,2419056968.0,0.04704755778637172,754.2123417396572
2020-10-22,NESTLEIND,INE239A01016,,15990.05,16081.1,15768.05,15909.45,113586,1803055560.2,0.04704755778637172,748.5007682243917
2020-10-23,NESTLEIND,INE239A01016,,15930.0,16066.0,15807.25,15865.45,73600,1169390632.5,0.04704755778637172,746.4306756817913
2020-10-26,NESTLEIND,INE239A01016,,16200.0,16375.0,16052.15,16259.35,346011,5615888135.9,0.04704755778637172,764.9627086938431
2020-10-27,NESTLEIND,INE239A01016,,16480.0,17300.0,16395.55,17229.85,493572,8384372921.25,0.04704755778637172,810.6223635255168
2020-10-28,NESTLEIND,INE239A01016,,17150.0,17295.0,16934.3,17119.15,163263,2793876252.5,0.04704755778637172,805.4141988785656
2020-10-29,NESTLEIND,INE239A01016,,16780.05,17215.95,16711.85,16870.6,136561,2315307669.8,0.04704755778637172,793.7205283907628
2020-10-30,NESTLEIND,INE239A01016,,16891.0,17360.0,16890.0,17161.6,239318,4114932569.65,0.04704755778637172,807.4113677065968
2020-11-02,NESTLEIND,INE239A01016,,17201.0,17360.0,16940.0,17114.95,84764,1449563305.4,0.04704755778637172,805.2165991358627
2020-11-03,NESTLEIND,INE239A01016,,17239.0,17269.95,16760.0,16892.5,104743,1777856778.35,0.04704755778637172,794.7508699062843
2020-11-04,NESTLEIND,INE239A01016,,17000.0,17200.0,16825.0,16997.1,97909,1669591263.35,0.04704755778637172,799.6720444507387
2020-11-05,NESTLEIND,INE239A01016,,17100.0,17399.0,17020.8,17221.3,101747,1754457581.1,0.04704755778637172,810.2201069064433
2020-11-06,NESTLEIND,INE239A01016,,17240.0,17279.85,16903.1,17006.65,119003,2024290852.0,0.04704755778637172,800.1213486275986
2020-11-09,NESTLEIND,INE239A01016,,17148.0,17370.0,17002.0,17332.0,111432,1916260893.05,0.04704755778637172,815.4282715533947
2020-11-10,NESTLEIND,INE239A01016,,17332.0,17332.0,16582.85,16604.75,289666,4850714630.1,0.04704755778637172,781.2129351532559
2020-11-11,NESTLEIND,INE239A01016,,16670.0,16828.05,16475.0,16697.6,248311,4122367884.05,0.04704755778637172,785.5813008937204
2020-11-12,NESTLEIND,INE239A01016,,16799.0,16900.0,16533.6,16718.6,147831,2467911124.4,0.04704755778637172,786.5692996072341
2020-11-13,NESTLEIND,INE239A01016,,16725.0,16890.0,16650.0,16825.65,74273,1248749335.35,0.04704755778637172,791.6057406682654
2020-11-17,NESTLEIND,INE239A01016,,16950.0,17065.85,16853.05,16982.85,119504,2028307956.9,0.04704755778637172,799.0016167522829
2020-11-18,NESTLEIND,INE239A01016,,16950.0,16969.4,16671.85,16872.6,144633,2431672110.35,0.04704755778637172,793.8146235063355
2020-11-19,NESTLEIND,INE239A01016,,16840.0,17200.0,16786.05,16934.15,180222,3076833850.25,0.04704755778637172,796.7104006880868
2020-11-20,NESTLEIND,INE239A01016,,17050.0,17500.0,16915.15,17460.4,254010,4412983849.2,0.04704755778637172,821.4691779731648
2020-11-23,NESTLEIND,INE239A01016,,17461.0,17848.9,17460.4,17786.4,202645,3592511161.0,0.04704755778637172,836.806681811522
2020-11-24,NESTLEIND,INE239A01016,,17750.0,17971.2,17600.0,17677.6,214497,3815833733.35,0.04704755778637172,831.6879075243646
2020-11-25,NESTLEIND,INE239A01016,,17789.0,17789.0,17340.0,17520.2,106508,1863461431.1,0.04704755778637172,824.2826219287899
2020-11-26,NESTLEIND,INE239A01016,,17599.0,17839.0,17280.0,17741.95,145376,2544550073.6,0.04704755778637172,834.7154178679178
2020-11-27,NESTLEIND,INE239A01016,,17850.0,18068.9,16949.75,17888.95,1106746,19790440996.45,0.04704755778637172,841.6314088625145
2020-12-01,NESTLEIND,INE239A01016,,18067.8,18067.9,17331.55,17418.15,235086,4106971584.95,0.04704755778637172,819.4814186566907
2020-12-02,NESTLEIND,INE239A01016,,17418.15,17449.8,17150.0,17266.45,161952,2797641068.55,0.04704755778637172,812.344304140498
2020-12-03,NESTLEIND,INE239A01016,,17450.0,17540.05,17316.0,17492.15,127275,2219557963.35,0.04704755778637172,822.9629379328821
2020-12-04,NESTLEIND,INE239A01016,,17550.0,17877.5,17520.0,17828.7,124700,2206364923.65,0.04704755778637172,838.7967935058855
2020-12-07,NESTLEIND,INE239A01016,,17651.0,17900.0,17449.85,17562.55,126030,2217376163.0,0.04704755778637172,826.2750860010426
2020-12-08,NESTLEIND,INE239A01016,,17674.0,17729.4,17386.25,17519.45,118699,2078516000.2,0.04704755778637172,824.2473362604501
2020-12-09,NESTLEIND,INE239A01016,,17543.6,17641.7,17481.15,17569.15,89503,1571187962.05,0.04704755778637172,826.5855998824328
2020-12-10,NESTLEIND,INE239A01016,,17607.0,18404.0,17562.2,18352.7,304461,5508466910.4,0.04704755778637172,863.4497137859444
2020-12-11,NESTLEIND,INE239A01016,,18300.0,18460.0,18200.0,18401.1,162941,2987128414.25,0.04704755778637172,865.7268155828046
2020-12-14,NESTLEIND,INE239A01016,,18354.7,18679.0,18300.0,18591.8,130713,2427276802.35,0.04704755778637172,874.6987848526658
2020-12-15,NESTLEIND,INE239A01016,,18460.3,18550.0,18130.85,18189.9,135755,2485743591.9,0.04704755778637172,855.790371378323
2020-12-16,NESTLEIND,INE239A01016,,18398.0,18734.95,18250.15,18323.45,221607,4091523901.75,0.04704755778637172,862.0735727206929
2020-12-17,NESTLEIND,INE239A01016,,18338.0,18395.15,18136.8,18305.35,98104,1796090529.25,0.04704755778637172,861.2220119247595
2020-12-18,NESTLEIND,INE239A01016,,18395.0,18599.0,18158.0,18362.75,249790,4602563706.55,0.04704755778637172,863.9225417416973
2020-12-21,NESTLEIND,INE239A01016,,18262.75,18525.0,18101.0,18192.6,142222,2606752225.1,0.04704755778637172,855.9173997843461
2020-12-22,NESTLEIND,INE239A01016,,18200.0,18665.0,18000.0,18553.55,132774,2430923204.9,0.04704755778637172,872.8992157673371
2020-12-23,NESTLEIND,INE239A01016,,18555.05,18812.0,18514.95,18732.7,102845,1921506374.55,0.04704755778637172,881.3277857447656
2020-12-24,NESTLEIND,INE239A01016,,18612.2,18830.0,18372.6,18566.35,125437,2326404102.45,0.04704755778637172,873.5014245070025
2020-12-28,NESTLEIND,INE239A01016,,18844.0,18844.0,18520.0,18597.35,65357,1216681690.0,0.04704755778637172,874.9598987983801
2020-12-29,NESTLEIND,INE239A01016,,18620.0,18700.0,18175.4,18262.65,198714,3643359907.0,0.04704755778637172,859.2130812072816
2020-12-30,NESTLEIND,INE239A01016,,18399.5,18468.0,18230.0,18379.25,93654,1716635219.2,0.04704755778637172,864.6988264451725
2020-12-31,NESTLEIND,INE239A01016,,18278.05,18450.0,18257.5,18390.25,85442,1568388288.4,0.04704755778637172,865.2163495808226
2021-01-01,NESTLEIND,INE239A01016,,18389.7,18520.0,18306.05,18450.7,50286,926985279.15,0.04704755778637172,868.0603744490088
2021-01-04,NESTLEIND,INE239A01016,,18495.0,18630.0,18329.75,18377.95,62035,1144497688.2,0.04704755778637172,864.6376646200503
2021-01-05,NESTLEIND,INE239A01016,,18343.5,18620.0,18278.05,18558.25,83673,1545884545.5,0.04704755778637172,873.120339288933
2021-01-06,NESTLEIND,INE239A01016,,18510.05,18600.0,18430.0,18515.25,57706,1067908952.95,0.04704755778637172,871.097294304119
2021-01-07,NESTLEIND,INE239A01016,,18599.0,18615.0,18050.1,18127.3,120605,2200350821.3,0.04704755778637172,852.845194260896
2021-01-08,NESTLEIND,INE239A01016,,18227.3,18350.0,18000.0,18306.25,151635,2752733293.3,0.04704755778637172,861.2643547267674
2021-01-11,NESTLEIND,INE239A01016,,18350.0,18545.85,18188.1,18391.45,114555,2103002869.2,0.04704755778637172,865.2728066501662
2021-01-12,NESTLEIND,INE239A01016,,18410.0,18439.95,17950.0,17999.1,141566,2562060731.35,0.04704755778637172,846.8136973526832
2021-01-13,NESTLEIND,INE239A01016,,18039.95,18275.0,17965.0,18019.3,109387,1979268816.75,0.04704755778637172,847.7640580199679
2021-01-14,NESTLEIND,INE239A01016,,18049.0,18229.4,18049.0,18132.6,58488,1060340270.85,0.04704755778637172,853.0945463171638
2021-01-15,NESTLEIND,INE239A01016,,18110.05,18249.0,17800.0,17834.0,96401,1733911181.2,0.04704755778637172,839.0461455621532
2021-01-18,NESTLEIND,INE239A01016,,17849.95,18074.0,17556.75,17630.7,120674,2150475038.65,0.04704755778637172,829.4813770641839
2021-01-19,NESTLEIND,INE239A01016,,17730.0,17820.5,17670.0,17754.7,62849,1115184514.05,0.04704755778637172,835.3152742296941
2021-01-20,NESTLEIND,INE239A01016,,17767.0,17940.0,17623.05,17681.3,73831,1310721300.0,0.04704755778637172,831.8619834881742
2021-01-21,NESTLEIND,INE239A01016,,17770.0,17900.0,17655.35,17716.3,70977,1261354098.25,0.04704755778637172,833.5086480106972
2021-01-22,NESTLEIND,INE239A01016,,17784.0,17882.3,17550.0,17589.6,98250,1738174989.85,0.04704755778637172,827.547722439164
2021-01-25,NESTLEIND,INE239A01016,,17652.0,17700.0,17229.85,17415.25,116436,2021268562.15,0.04704755778637172,819.3449807391102
2021-01-27,NESTLEIND,INE239A01016,,17472.95,17597.7,17340.25,17538.1,66402,1160857052.9,0.04704755778637172,825.1247732131658
2021-01-28,NESTLEIND,INE239A01016,,17470.0,17520.0,17203.0,17387.65,89055,1549155556.6,0.04704755778637172,818.0464681442063
2021-01-29,NESTLEIND,INE239A01016,,17385.05,17467.85,16961.3,17060.0,112888,1944477791.55,0.04704755778637172,802.6313358355015
2021-02-01,NESTLEIND,INE239A01016,,17200.0,17275.7,17000.0,17087.7,84406,1444171140.9,0.04704755778637172,803.9345531861841
2021-02-02,NESTLEIND,INE239A01016,,17150.05,17350.0,17054.5,17190.3,130298,2242846639.9,0.04704755778637172,808.7616326150658
2021-02-03,NESTLEIND,INE239A01016,,17200.05,17289.0,17051.0,17166.4,112325,1929396794.35,0.04704755778637172,807.6371959839715
2021-02-04,NESTLEIND,INE239A01016,,17199.9,17226.95,17052.45,17074.0,92100,1575671976.6,0.04704755778637172,803.2900016445108
2021-02-05,NESTLEIND,INE239A01016,,17131.05,17167.2,17003.0,17115.75,98097,1674849753.45,0.04704755778637172,805.2542371820917
2021-02-08,NESTLEIND,INE239A01016,,17180.0,17284.9,17101.15,17218.2,121607,2092671979.8,0.04704755778637172,810.0742594773056
2021-02-09,NESTLEIND,INE239A01016,,17211.0,17510.0,17150.0,17318.95,121012,2103348150.35,0.04704755778637172,814.8143009242825
2021-02-10,NESTLEIND,INE239A01016,,17340.2,17436.8,17086.5,17177.35,116576,2007699735.6,0.04704755778637172,808.1523667417322
2021-02-11,NESTLEIND,INE239A01016,,17189.9,17447.45,17150.0,17412.25,65366,1133708016.4,0.04704755778637172,819.203838065751
2021-02-12,NESTLEIND,INE239A01016,,17410.1,17519.0,17240.0,17294.3,54528,946823997.65,0.04704755778637172,813.6545786248485
2021-02-15,NESTLEIND,INE239A01016,,17349.0,17506.75,17258.05,17479.85,110119,1921258936.55,0.04704755778637172,822.3842529721097
2021-02-16,NESTLEIND,INE239A01016,,17555.0,17646.0,17139.1,17217.25,229774,3976155431.3,0.04704755778637172,810.0295642974086
2021-02-17,NESTLEIND,INE239A01016,,16900.0,16900.0,16350.0,16741.2,599343,9971688252.1,0.04704755778637172,787.6325744132063
2021-02-18,NESTLEIND,INE239A01016,,16756.0,16900.0,16300.0,16364.7,251066,4136996906.15,0.04704755778637172,769.9191689066373
2021-02-19,NESTLEIND,INE239A01016,,16430.0,16464.7,16212.95,16376.4,130275,2129451634.35,0.04704755778637172,770.4696253327378
2021-02-22,NESTLEIND,INE239A01016,,16411.05,16530.0,16024.6,16096.3,214915,3480304571.55,0.04704755778637172,757.2916043967751
2021-02-23,NESTLEIND,INE239A01016,,16131.0,16255.0,16002.1,16169.95,142998,2306097102.75,0.04704755778637172,760.7566570277414
2021-02-24,NESTLEIND,INE239A01016,,16283.0,16378.0,16100.0,16346.15,84342,1364504299.7,0.04704755778637172,769.0464367097001
2021-02-25,NESTLEIND,INE239A01016,,16306.0,16373.3,16100.0,16113.9,185713,2999664353.35,0.04704755778637172,758.1196414138153
2021-02-26,NESTLEIND,INE239A01016,,16050.5,16284.4,16003.9,16101.6,226873,3656052194.25,0.04704755778637172,757.5409564530429
2021-03-01,NESTLEIND,INE239A01016,,16236.0,16367.6,16100.0,16292.45,90718,1470326921.55,0.04704755778637172,766.519982856572
2021-03-02,NESTLEIND,INE239A01016,,16302.0,16620.0,16289.75,16576.15,123097,2028915211.9,0.04704755778637172,779.8673750005656
2021-03-03,NESTLEIND,INE239A01016,,16705.0,16720.0,16546.65,16699.25,92873,1545591139.25,0.04704755778637172,785.658929364068
2021-03-04,NESTLEIND,INE239A01016,,16656.55,16707.95,16445.0,16661.8,129981,2160872024.5,0.04704755778637172,783.8969983249683
2021-03-05,NESTLEIND,INE239A01016,,16516.0,16840.0,16456.0,16782.9,102741,1718331806.4,0.04704755778637172,789.594457572898
2021-03-08,NESTLEIND,INE239A01016,,16725.05,16900.0,16607.0,16852.45,91842,1545018573.0,0.04704755778637172,792.8666152169402
2021-03-09,NESTLEIND,INE239A01016,,16910.2,16949.95,16660.0,16910.8,92717,1557102659.4,0.04704755778637172,795.6118402137748
2021-03-10,NESTLEIND,INE239A01016,,16949.7,17000.0,16785.0,16931.45,63788,1077880999.5,0.04704755778637172,796.5833722820635
2021-03-12,NESTLEIND,INE239A01016,,16977.0,17009.85,16650.0,16722.45,84914,1430456211.25,0.04704755778637172,786.7504327047118
2021-03-15,NESTLEIND,INE239A01016,,16879.85,16879.85,16630.0,16833.05,68983,1157159637.8,0.04704755778637172,791.9538925958844
2021-03-16,NESTLEIND,INE239A01016,,16835.0,17020.0,16695.0,16741.95,84470,1420425730.55,0.04704755778637172,787.6678600815461
2021-03-17,NESTLEIND,INE239A01016,,16790.0,16790.0,16340.05,16455.75,157173,2589065013.5,0.04704755778637172,774.2028490430864
2021-03-18,NESTLEIND,INE239A01016,,16467.9,16624.95,16180.0,16201.25,96365,1575036305.8,0.04704755778637172,762.2292455864549
2021-03-19,NESTLEIND,INE239A01016,,16200.0,16595.0,16070.0,16450.85,199416,3272901948.05,0.04704755778637172,773.9723160099331
2021-03-22,NESTLEIND,INE239A01016,,16451.0,16675.0,16351.0,16588.05,108786,1798757212.05,0.04704755778637172,780.4272409382233
2021-03-23,NESTLEIND,INE239A01016,,16575.0,16750.0,16506.4,16681.35,100358,1674206109.85,0.04704755778637172,784.8167780796919
2021-03-24,NESTLEIND,INE239A01016,,16600.0,16769.8,16419.25,16448.1,75555,1254013356.5,0.04704755778637172,773.8429352260207
2021-03-25,NESTLEIND,INE239A01016,,16425.0,16584.5,16116.0,16170.1,108704,1774611621.2,0.04704755778637172,760.7637141614094
2021-03-26,NESTLEIND,INE239A01016,,16299.0,16618.45,16254.0,16571.75,126578,2083888146.9,0.04704755778637172,779.6603657463056
2021-03-30,NESTLEIND,INE239A01016,,16610.0,17253.55,16610.0,17165.0,148903,2532251812.8,0.04704755778637172,807.5713294030706
2021-03-31,NESTLEIND,INE239A01016,,17299.0,17299.0,16951.55,17165.2,110331,1892097580.0,0.04704755778637172,807.5807389146279
2021-04-01,NESTLEIND,INE239A01016,,17165.2,17188.55,16967.6,17083.15,83176,1419091403.35,0.04704755778637172,803.7204867982562
2021-04-05,NESTLEIND,INE239A01016,,17150.0,17150.0,16723.9,16880.55,81557,1378559123.35,0.04704755778637172,794.1886515907371
2021-04-06,NESTLEIND,INE239A01016,,16910.0,17120.0,16800.0,17081.7,64193,1092322155.55,0.04704755778637172,803.6522678394658
2021-04-07,NESTLEIND,INE239A01016,,17100.0,17865.95,17025.0,17409.85,178465,3118885367.25,0.04704755778637172,819.0909239270636
2021-04-08,NESTLEIND,INE239A01016,,17425.05,17759.0,17326.85,17689.9,118006,2074278931.4,0.04704755778637172,832.2665924851372
2021-04-09,NESTLEIND,INE239A01016,,17611.1,17849.0,17500.0,17592.4,73944,1307481149.2,0.04704755778637172,827.679455600966
2021-04-12,NESTLEIND,INE239A01016,,17375.15,17620.0,17341.1,17501.7,57532,1006225886.0,0.04704755778637172,823.412242109742
2021-04-13,NESTLEIND,INE239A01016,,17587.0,17599.95,17040.1,17168.85,110527,1906311099.55,0.04704755778637172,807.7524625005481
2021-04-15,NESTLEIND,INE239A01016,,17325.0,17400.0,16775.0,16875.65,118314,2004835813.4,0.04704755778637172,793.958118557584
2021-04-16,NESTLEIND,INE239A01016,,16969.0,17335.0,16862.8,17252.1,94190,1612678355.55,0.04704755778637172,811.6691716862636
2021-04-19,NESTLEIND,INE239A01016,,17201.05,17240.0,16950.0,17089.95,50938,869707895.2,0.04704755778637172,804.0404101912035
2021-04-20,NESTLEIND,INE239A01016,,17420.0,17420.0,16890.05,17095.65,103687,1774509836.95,0.04704755778637172,804.3085812705858
2021-04-22,NESTLEIND,INE239A01016,,17190.0,17190.0,16551.25,16790.45,204431,3436324659.8,0.04704755778637172,789.9496666341851
2021-04-23,NESTLEIND,INE239A01016,,16785.0,16799.3,16605.0,16625.7,68600,1143538338.15,0.04704755778637172,782.1985814888803
2021-04-26,NESTLEIND,INE239A01016,,16799.05,16895.0,16663.65,16870.6,152362,2561380194.3,0.04704755778637172,793.7205283907628
2021-04-27,NESTLEIND,INE239A01016,,16899.0,16930.0,16750.0,16779.0,44651,750533294.95,0.04704755778637172,789.4109720975312
2021-04-28,NESTLEIND,INE239A01016,,16775.0,16831.1,16611.0,16633.8,86876,1449255925.65,0.04704755778637172,782.5796667069499
2021-04-29,NESTLEIND,INE239A01016,,16679.0,16714.6,16480.0,16502.55,80207,1327036331.05,0.04730322208500075,780.623787618829
2021-04-30,NESTLEIND,INE239A01016,,16500.0,16569.2,16255.0,16309.25,97783,1601259328.3,0.04730322208500075,771.4800747897984
2021-05-03,NESTLEIND,INE239A01016,,16360.0,16574.95,16272.65,16506.75,64048,1055700438.35,0.04730322208500075,780.8224611515861
2021-05-04,NESTLEIND,INE239A01016,,16510.25,16620.0,16380.0,16546.6,105796,1750331242.45,0.04730322208500075,782.7074945516733
2021-05-05,NESTLEIND,INE239A01016,,16561.05,16610.0,16457.45,16549.25,35322,584045083.4,0.04730322208500075,782.8328480901986
2021-05-06,NESTLEIND,INE239A01016,,16525.05,16769.8,16525.05,16717.6,70319,1172880567.25,0.04730322208500075,790.7963455282085
2021-05-07,NESTLEIND,INE239A01016,,16788.55,16798.1,16665.0,16761.35,37666,630707163.2,0.04730322208500075,792.8658614944272
2021-05-10,NESTLEIND,INE239A01016,,16830.0,16850.0,16670.0,16787.3,47658,800236907.45,0.04730322208500075,794.093380107533
2021-05-11,NESTLEIND,INE239A01016,,16749.0,16949.0,16710.35,16870.1,60063,1010759133.55,0.04730322208500075,798.0100868961711
2021-05-12,NESTLEIND,INE239A01016,,16770.25,16857.4,16620.0,16717.9,60576,1011125471.2,0.04730322208500075,790.8105364948341
2021-05-14,NESTLEIND,INE239A01016,,16717.0,17260.0,16605.0,17224.15,96582,1649266003.75,0.04730322208500075,814.7577926753657
2021-05-17,NESTLEIND,INE239A01016,,17220.0,17300.0,17000.6,17037.95,60703,1038214279.95,0.04730322208500075,805.9499327231385
2021-05-18,NESTLEIND,INE239A01016,,17120.2,17248.95,17042.0,17180.6,55439,950273828.2,0.04730322208500075,812.6977373535638
2021-05-19,NESTLEIND,INE239A01016,,17187.0,17465.0,17187.0,17449.35,88437,1538989071.8,0.04730322208500075,825.4104782889077
2021-05-20,NESTLEIND,INE239A01016,,17460.0,17499.65,17222.0,17285.35,49253,851575381.15,0.04730322208500075,817.6527498669676
2021-05-21,NESTLEIND,INE239A01016,,17385.35,17550.0,17280.25,17497.1,67260,1173962476.8,0.04730322208500075,827.6692071434666
2021-05-24,NESTLEIND,INE239A01016,,17400.05,17588.05,17300.75,17360.3,57206,997454884.1,0.04730322208500075,821.1981263622384
2021-05-25,NESTLEIND,INE239A01016,,17497.0,17758.8,17422.05,17516.1,71952,1268817614.55,0.04730322208500075,828.5679683630815
2021-05-26,NESTLEIND,INE239A01016,,17516.1,17617.35,17368.0,17541.3,45803,801117356.75,0.04730322208500075,829.7600095596235
2021-05-27,NESTLEIND,INE239A01016,,17550.0,17900.0,17435.3,17746.7,119663,2117324233.15,0.04730322208500075,839.4760913758828
2021-05-28,NESTLEIND,INE239A01016,,17770.0,17814.35,17500.0,17509.4,53162,935266779.65,0.04730322208500075,828.2510367751122
2021-05-31,NESTLEIND,INE239A01016,,17509.0,17745.25,17415.25,17695.55,57023,1006245083.7,0.04730322208500075,837.056531566235
2021-06-01,NESTLEIND,INE239A01016,,17599.0,17810.0,17479.15,17758.5,57751,1023123657.8,0.04730322208500075,840.0342693964858
2021-06-02,NESTLEIND,INE239A01016,,17516.2,17813.2,17510.1,17653.5,74262,1310795087.6,0.04730322208500075,835.0674310775607
2021-06-03,NESTLEIND,INE239A01016,,17650.0,17854.95,17560.0,17799.4,50399,892051253.5,0.04730322208500075,841.9689711797624
2021-06-04,NESTLEIND,INE239A01016,,17691.05,17706.4,17380.0,17426.8,201822,3529914139.95,0.04730322208500075,824.343790630891
2021-06-07,NESTLEIND,INE239A01016,,17474.55,17590.0,17353.5,17532.55,49436,863895068.15,0.04730322208500075,829.3461063663798
2021-06-08,NESTLEIND,INE239A01016,,17530.05,17612.95,17403.4,17482.6,47447,829959576.0,0.04730322208500075,826.983310423234
2021-06-09,NESTLEIND,INE239A01016,,17460.0,17625.6,17440.0,17557.15,41878,733671187.45,0.04730322208500075,830.5097656296709
2021-06-10,NESTLEIND,INE239A01016,,17525.0,17675.0,17490.0,17556.1,42053,739696474.15,0.04730322208500075,830.4600972464816
2021-06-11,NESTLEIND,INE239A01016,,17609.0,17609.0,17365.0,17536.4,48997,856558272.55,0.04730322208500075,829.5282237714072
2021-06-14,NESTLEIND,INE239A01016,,17461.4,17630.0,17417.6,17577.5,36523,640869330.95,0.04730322208500075,831.4723861991007
2021-06-15,NESTLEIND,INE239A01016,,17646.0,17710.0,17511.0,17684.8,47196,834060752.55,0.04730322208500075,836.5480219288212
2021-06-16,NESTLEIND,INE239A01016,,17650.2,18068.5,17613.05,17965.2,116962,2094799939.1,0.04730322208500075,849.8118454014555
2021-06-17,NESTLEIND,INE239A01016,,17915.0,18189.3,17900.0,18059.05,75787,1371552087.6,0.04730322208500075,854.2512527941327
2021-06-18,NESTLEIND,INE239A01016,,18059.0,18098.95,17600.0,17670.65,147670,2621854393.6,0.04730322208500075,835.8786813363186
2021-06-21,NESTLEIND,INE239A01016,,17631.4,17710.05,17513.0,17649.15,40180,707298583.95,0.04730322208500075,834.8616620614911
2021-06-22,NESTLEIND,INE239A01016,,17670.0,17747.95,17410.0,17436.55,70532,1232712960.7,0.04730322208500075,824.8049970462198
2021-06-23,NESTLEIND,INE239A01016,,17499.95,17560.0,17370.0,17414.8,37084,646930759.35,0.04730322208500075,823.776151965871
2021-06-24,NESTLEIND,INE239A01016,,17415.05,17670.0,17322.4,17619.75,65045,1140707568.7,0.04730322208500075,833.4709473321919
2021-06-25,NESTLEIND,INE239A01016,,17570.25,17650.0,17435.0,17506.7,39000,682883139.35,0.04730322208500075,828.1233180754826
2021-06-28,NESTLEIND,INE239A01016,,17507.05,17620.0,17453.5,17506.15,40450,709558710.55,0.04730322208500075,828.0973013033359
2021-06-29,NESTLEIND,INE239A01016,,17590.0,17750.0,17489.65,17599.25,71096,1252369410.55,0.04730322208500075,832.5012312794494
2021-06-30,NESTLEIND,INE239A01016,,17640.0,17745.0,17575.0,17633.0,51567,910800585.55,0.04730322208500075,834.0977150248182
2021-07-01,NESTLEIND,INE239A01016,,17630.0,17725.0,17569.5,17646.2,26700,471270022.4,0.04730322208500075,834.7221175563402
2021-07-02,NESTLEIND,INE239A01016,,17679.0,17680.0,17486.0,17602.0,30723,539868486.7,0.04730322208500075,832.6313151401831
2021-07-05,NESTLEIND,INE239A01016,,17605.1,17712.0,17523.3,17641.35,34322,604883183.15,0.04730322208500075,834.4926969292279
2021-07-06,NESTLEIND,INE239A01016,,17635.55,17637.85,17417.0,17470.1,62551,1093205115.45,0.04730322208500075,826.3920201471715
2021-07-07,NESTLEIND,INE239A01016,,17400.0,17800.0,17360.25,17716.95,54519,960717449.45,0.04730322208500075,838.0688205188541
2021-07-08,NESTLEIND,INE239A01016,,17616.0,17699.85,17538.1,17618.9,29868,525792568.3,0.04730322208500075,833.4307395934197
2021-07-09,NESTLEIND,INE239A01016,,17555.05,17680.0,17550.0,17636.0,26941,474517556.05,0.04730322208500075,834.2396246910732
2021-07-12,NESTLEIND,INE239A01016,,17755.3,17755.35,17571.6,17641.4,33301,587875907.95,0.04730322208500075,834.4950620903322
2021-07-13,NESTLEIND,INE239A01016,,17730.0,17733.0,17601.1,17691.9,25004,442432443.1,0.04730322208500075,836.8838748056248
2021-07-14,NESTLEIND,INE239A01016,,17691.9,17691.9,17520.0,17539.7,50861,892708027.7,0.04730322208500075,829.6843244042876
2021-07-15,NESTLEIND,INE239A01016,,17525.0,17657.8,17450.0,17621.85,27839,489844210.9,0.04730322208500075,833.5702840985704
2021-07-16,NESTLEIND,INE239A01016,,17655.0,17715.0,17537.95,17654.2,36685,647809714.3,0.04730322208500075,835.1005433330203
2021-07-19,NESTLEIND,INE239A01016,,17550.0,17845.0,17550.0,17752.45,51402,911045838.85,0.04730322208500075,839.7480849028716
2021-07-20,NESTLEIND,INE239A01016,,17749.95,17907.0,17701.0,17856.1,44594,794547810.3,0.04730322208500075,844.6510638719818
2021-07-22,NESTLEIND,INE239A01016,,17856.1,18046.45,17700.0,17994.8,113317,2030522397.55,0.04730322208500075,851.2120207751715
2021-07-23,NESTLEIND,INE239A01016,,17930.35,18224.0,17882.25,18143.95,75231,1361004174.4,0.04730322208500075,858.2672963491493
2021-07-26,NESTLEIND,INE239A01016,,18071.85,18187.75,18010.8,18101.35,53495,969454149.3,0.04730322208500075,856.2521790883283
2021-07-27,NESTLEIND,INE239A01016,,18012.0,18449.0,17972.5,18226.1,139157,2540141919.5,0.04730322208500075,862.1532560434321
2021-07-28,NESTLEIND,INE239A01016,,18334.0,18334.0,17901.0,18022.55,87637,1584012203.6,0.04730322208500075,852.5246851880302
2021-07-29,NESTLEIND,INE239A01016,,17950.0,18200.0,17780.0,17914.75,135536,2425949002.75,0.04730322208500075,847.4253978472672
2021-07-30,NESTLEIND,INE239A01016,,17914.75,17955.95,17655.05,17702.65,83370,1481809548.45,0.04730322208500075,837.3923844430386
2021-08-02,NESTLEIND,INE239A01016,,17795.8,17900.8,17675.0,17714.65,31974,568309781.3,0.04730322208500075,837.9600231080585
2021-08-03,NESTLEIND,INE239A01016,,17670.2,18380.0,17654.0,18284.1,63128,1140947390.1,0.04730322208500075,864.8968429243621
2021-08-04,NESTLEIND,INE239A01016,,18294.1,18349.95,18017.1,18057.35,40822,740699744.65,0.04730322208500075,854.1708373165882
2021-08-05,NESTLEIND,INE239A01016,,18150.0,18284.1,18002.0,18208.75,37964,688848182.4,0.04730322208500075,861.3325451402574
2021-08-06,NESTLEIND,INE239A01016,,18200.0,18208.0,17980.0,18020.65,38374,691748692.15,0.04730322208500075,852.4348090660689
2021-08-09,NESTLEIND,INE239A01016,,18070.0,18235.0,18020.65,18202.3,30636,556249264.8,0.04730322208500075,861.027439357809
2021-08-10,NESTLEIND,INE239A01016,,18210.0,18370.7,18085.1,18273.3,61467,1122710539.95,0.04730322208500075,864.3859681258441
2021-08-11,NESTLEIND,INE239A01016,,18315.0,18315.0,18025.35,18167.8,34985,634987265.35,0.04730322208500075,859.3954781958765
2021-08-12,NESTLEIND,INE239A01016,,18180.8,18247.95,18080.0,18133.85,24494,444808467.05,0.04730322208500075,857.7895338060907
2021-08-13,NESTLEIND,INE239A01016,,18199.7,18290.05,18131.7,18269.55,41123,749962655.9,0.04730322208500075,864.2085810430253
2021-08-16,NESTLEIND,INE239A01016,,18269.55,18499.0,18177.15,18295.25,44971,825203704.55,0.04730322208500075,865.4242738506099
2021-08-17,NESTLEIND,INE239A01016,,18350.0,18797.45,18301.4,18732.55,75201,1397552395.35,0.04730322208500075,886.1099728683807
2021-08-18,NESTLEIND,INE239A01016,,18751.0,18969.0,18750.05,18911.0,39988,753775223.3,0.04730322208500075,894.5512328494492
2021-08-20,NESTLEIND,INE239A01016,,18555.25,19641.1,18555.25,19571.25,143107,2755705230.55,0.04730322208500075,925.7831852310709
2021-08-23,NESTLEIND,INE239A01016,,19700.0,20095.0,19557.65,20021.05,148742,2949011032.85,0.04730322208500075,947.0601745249043
2021-08-24,NESTLEIND,INE239A01016,,20100.0,20199.0,19665.0,19779.85,83084,1645714204.15,0.04730322208500075,935.650637358002
2021-08-25,NESTLEIND,INE239A01016,,19786.0,20325.0,19786.0,19909.85,100159,2008028220.2,0.04730322208500075,941.8000562290521
2021-08-26,NESTLEIND,INE239A01016,,19974.95,20119.7,19805.55,20052.7,63204,1262168983.2,0.04730322208500075,948.5573215038945
2021-08-27,NESTLEIND,INE239A01016,,20100.0,20100.0,19896.0,19957.35,35104,700720658.1,0.04730322208500075,944.0469592780896
2021-08-30,NESTLEIND,INE239A01016,,20050.0,20122.5,19684.25,19742.25,133958,2657399096.45,0.04730322208500075,933.872036207606
2021-08-31,NESTLEIND,INE239A01016,,19745.0,19839.95,19350.0,19467.75,227370,4435404577.05,0.04730322208500075,920.8873017452734
2021-09-01,NESTLEIND,INE239A01016,,19746.8,19890.0,19552.1,19826.85,104843,2070190507.7,0.04730322208500075,937.873888795997
2021-09-02,NESTLEIND,INE239A01016,,19874.0,20290.0,19761.0,20240.6,78577,1577289283.5,0.04730322208500075,957.445596933666
2021-09-03,NESTLEIND,INE239A01016,,20250.0,20343.0,20101.05,20266.65,46978,950393028.35,0.04730322208500075,958.6778458689805
2021-09-06,NESTLEIND,INE239A01016,,20260.15,20348.0,20160.0,20223.2,34069,689639066.75,0.04730322208500075,956.6225208693871
2021-09-07,NESTLEIND,INE239A01016,,20166.15,20392.7,20166.15,20368.45,34153,694373778.0,0.04730322208500075,963.4933138772335
2021-09-08,NESTLEIND,INE239A01016,,20300.0,20530.0,19785.0,19839.6,172373,3436786105.7,0.04730322208500075,938.4770048775807
2021-09-09,NESTLEIND,INE239A01016,,19910.0,20525.0,19840.4,20457.2,110361,2240984758.9,0.04730322208500075,967.6914748372774
2021-09-13,NESTLEIND,INE239A01016,,20300.0,20500.0,20230.0,20452.25,37503,766067825.9,0.04730322208500075,967.4573238879566
2021-09-14,NESTLEIND,INE239A01016,,20450.0,20609.15,20180.0,20230.45,59185,1201682652.25,0.04730322208500075,956.9654692295035
2021-09-15,NESTLEIND,INE239A01016,,20369.85,20370.0,20087.9,20119.2,37606,759025589.1,0.04730322208500075,951.7029857725471
2021-09-16,NESTLEIND,INE239A01016,,20106.05,20241.7,19970.0,20027.85,51265,1028247564.7,0.04730322208500075,947.3818364350822
2021-09-17,NESTLEIND,INE239A01016,,20155.0,20299.0,20100.05,20175.7,95129,1922505727.15,0.04730322208500075,954.3756178203496
2021-09-20,NESTLEIND,INE239A01016,,20125.0,20386.0,20101.0,20322.6,91513,1858988681.3,0.04730322208500075,961.3244611446362
2021-09-21,NESTLEIND,INE239A01016,,20200.0,20330.0,20002.15,20189.55,108411,2193006829.6,0.04730322208500075,955.0307674462268
2021-09-22,NESTLEIND,INE239A01016,,20173.85,20173.85,19810.1,19925.2,107523,2147841644.75,0.04730322208500075,942.526160688057
2021-09-23,NESTLEIND,INE239A01016,,20000.0,20121.0,19820.0,19839.0,53724,1069908941.55,0.04730322208500075,938.4486229443298
2021-09-24,NESTLEIND,INE239A01016,,19927.0,19980.0,19800.0,19864.25,41894,832281106.5,0.04730322208500075,939.6430293019761
2021-09-27,NESTLEIND,INE239A01016,,19900.0,19900.0,19601.1,19642.2,45974,905501525.25,0.04730322208500075,929.1393488380018
2021-09-28,NESTLEIND,INE239A01016,,19690.0,19718.65,19459.05,19544.75,57686,1129642508.15,0.04730322208500075,924.5296498458184
2021-09-29,NESTLEIND,INE239A01016,,19544.75,19700.0,19421.65,19506.75,46295,904271318.45,0.04730322208500075,922.7321274065883
2021-09-30,NESTLEIND,INE239A01016,,19478.3,19589.95,19316.15,19445.55,44373,863145912.8,0.04730322208500075,919.8371702149863
2021-10-01,NESTLEIND,INE239A01016,,19445.0,19644.95,19252.05,19549.95,39869,774514189.95,0.04730322208500075,924.7756266006604
2021-10-04,NESTLEIND,INE239A01016,,19549.95,19650.0,19362.05,19492.95,32796,639984544.45,0.04730322208500075,922.0793429418154
2021-10-05,NESTLEIND,INE239A01016,,19500.0,19587.05,19344.85,19395.55,27328,531496810.0,0.04730322208500075,917.4720091107363
2021-10-06,NESTLEIND,INE239A01016,,19444.9,19624.25,19078.0,19157.15,72608,1400527410.4,0.04730322208500075,906.1949209656722
2021-10-07,NESTLEIND,INE239A01016,,19200.8,19304.2,18955.35,19045.65,47695,912197227.95,0.04730322208500075,900.9206117031946
2021-10-08,NESTLEIND,INE239A01016,,19055.0,19179.95,18937.55,18986.45,87246,1660223243.65,0.04730322208500075,898.1202609557625
2021-10-11,NESTLEIND,INE239A01016,,19021.0,19195.5,19002.65,19084.65,38802,740498465.15,0.04730322208500075,902.7654373645096
2021-10-12,NESTLEIND,INE239A01016,,19068.9,19450.0,18970.05,19415.7,72249,1388021149.45,0.04730322208500075,918.425169035749
2021-10-13,NESTLEIND,INE239A01016,,19500.0,19605.05,19226.05,19320.65,53925,1042207308.65,0.04730322208500075,913.9289977765698
2021-10-14,NESTLEIND,INE239A01016,,19394.0,19428.75,19225.0,19325.4,42190,815215211.25,0.04730322208500075,914.1536880814735
2021-10-18,NESTLEIND,INE239A01016,,19600.0,19600.0,19220.0,19438.45,56303,1091455469.15,0.04730322208500075,919.5013173381828
2021-10-19,NESTLEIND,INE239A01016,,19475.0,19732.05,19284.05,19368.45,59302,1157173385.0,0.04730322208500075,916.1900917922328
2021-10-20,NESTLEIND,INE239A01016,,19300.0,20200.0,19050.45,19277.65,217769,4248931938.15,0.04730322208500075,911.8949592269147
2021-10-21,NESTLEIND,INE239A01016,,19460.0,19680.0,19056.7,19233.15,75962,1461062798.15,0.04730322208500075,909.7899658441322
2021-10-22,NESTLEIND,INE239A01016,,19438.0,19438.0,18850.0,19006.7,45515,867876203.9,0.04730322208500075,899.0781512029838
2021-10-25,NESTLEIND,INE239A01016,,19000.0,19000.95,18604.35,18696.25,54146,1013326103.55,0.04730322208500075,884.3928659066952
2021-10-26,NESTLEIND,INE239A01016,,18679.9,19280.0,18638.95,19217.6,106658,2027890325.45,0.047583179280742224,914.4345061455917
2021-10-27,NESTLEIND,INE239A01016,,19197.3,19420.0,18911.55,19004.6,52882,1013012464.0,0.047583179280742224,904.2992889587936
2021-10-28,NESTLEIND,INE239A01016,,19010.0,19118.5,18853.5,18991.4,31450,596799359.3,0.047583179280742224,903.671190992288
2021-10-29,NESTLEIND,INE239A01016,,19000.0,19200.0,18758.15,19000.15,49275,933213155.3,0.047583179280742224,904.0875438109945
2021-11-01,NESTLEIND,INE239A01016,,19098.9,19098.9,18735.95,18939.6,42571,805121254.4,0.047583179280742224,901.2063823055454
2021-11-02,NESTLEIND,INE239A01016,,18901.0,19034.05,18639.55,18773.95,34949,658026599.15,0.047583179280742224,893.3242286576905
2021-11-03,NESTLEIND,INE239A01016,,18860.0,18887.95,18561.0,18737.15,44479,832394199.5,0.047583179280742224,891.5731676601592
2021-11-08,NESTLEIND,INE239A01016,,18949.0,19095.95,18680.0,19049.25,43312,819370464.55,0.047583179280742224,906.4238779136788
2021-11-09,NESTLEIND,INE239A01016,,19016.95,19045.0,18801.05,18940.75,43648,825701416.35,0.047583179280742224,901.2611029617183
2021-11-10,NESTLEIND,INE239A01016,,18947.9,19042.6,18800.0,18952.9,38059,720292181.35,0.047583179280742224,901.8392385899793
2021-11-11,NESTLEIND,INE239A01016,,18950.0,18950.0,18670.05,18854.0,41956,788717380.25,0.047583179280742224,897.1332621591139
2021-11-12,NESTLEIND,INE239A01016,,18950.0,19259.2,18860.85,19142.45,66512,1267398027.45,0.047583179280742224,910.858630222644
2021-11-15,NESTLEIND,INE239A01016,,19200.0,19499.0,19069.85,19476.6,50833,983825066.65,0.047583179280742224,926.7585495793039
2021-11-16,NESTLEIND,INE239A01016,,19450.15,19599.0,19321.0,19462.1,46120,896369495.15,0.047583179280742224,926.0685934797332
2021-11-17,NESTLEIND,INE239A01016,,19404.0,19565.0,19363.0,19477.05,54276,1057492615.2,0.047583179280742224,926.7799620099803
2021-11-18,NESTLEIND,INE239A01016,,19400.0,19488.8,19280.05,19405.5,41607,807544129.45,0.047583179280742224,923.3753855324433
2021-11-22,NESTLEIND,INE239A01016,,19413.5,19565.85,18832.5,18995.35,44138,846081184.5,0.047583179280742224,903.8591445504468
2021-11-23,NESTLEIND,INE239A01016,,18996.0,19246.4,18904.7,19181.55,36960,707319782.75,0.047583179280742224,912.719132532521
2021-11-24,NESTLEIND,INE239A01016,,19200.0,19290.0,18950.0,19086.9,34355,658573666.7,0.047583179280742224,908.2153846135989
2021-11-25,NESTLEIND,INE239A01016,,19085.0,19210.0,18905.7,19178.05,29745,567811095.4,0.047583179280742224,912.5525914050384
2021-11-26,NESTLEIND,INE239A01016,,19148.85,19434.1,18982.5,19222.25,56441,1086088195.65,0.047583179280742224,914.6557679292472
2021-11-29,NESTLEIND,INE239A01016,,19050.0,19162.3,18800.0,19000.4,48107,914067376.35,0.047583179280742224,904.0994396058146
2021-11-30,NESTLEIND,INE239A01016,,19000.4,19424.9,18935.45,19152.55,169780,3255950004.4,0.047583179280742224,911.3392203333794
2021-12-01,NESTLEIND,INE239A01016,,19210.0,19449.9,19161.9,19397.8,54812,1062541542.95,0.047583179280742224,923.0089950519815
2021-12-02,NESTLEIND,INE239A01016,,19397.8,19650.0,19226.75,19503.2,48600,947281406.85,0.047583179280742224,928.0242621481718
2021-12-03,NESTLEIND,INE239A01016,,19402.2,19498.8,19137.0,19321.35,75448,1456558671.7,0.047583179280742224,919.3712609959687
2021-12-06,NESTLEIND,INE239A01016,,19400.0,19415.6,18929.15,19016.5,34927,667145383.7,0.047583179280742224,904.8655287922345
2021-12-07,NESTLEIND,INE239A01016,,19226.0,19443.65,18976.0,19344.25,70429,1355942889.25,0.047583179280742224,920.4609158014978
2021-12-08,NESTLEIND,INE239A01016,,19225.05,19524.95,19225.05,19479.1,33578,652003224.25,0.047583179280742224,926.8775075275058
2021-12-09,NESTLEIND,INE239A01016,,19500.0,19549.0,19162.45,19284.75,40522,780992014.45,0.047583179280742224,917.6297166342936
2021-12-10,NESTLEIND,INE239A01016,,19221.0,19310.0,19030.45,19270.25,39449,756673261.8,0.047583179280742224,916.9397605347228
2021-12-13,NESTLEIND,INE239A01016,,19220.2,19349.5,18924.0,18982.0,54490,1037242033.9,0.047583179280742224,903.2239091070489
2021-12-14,NESTLEIND,INE239A01016,,18953.1,19322.95,18913.4,19238.8,69067,1325168390.55,0.047583179280742224,915.4432695463435
2021-12-15,NESTLEIND,INE239A01016,,19151.05,19303.1,19050.0,19203.1,64909,1246264564.25,0.047583179280742224,913.7445500460209
2021-12-16,NESTLEIND,INE239A01016,,19205.0,19315.35,19125.4,19257.15,40417,777506832.6,0.047583179280742224,916.3164208861452
2021-12-17,NESTLEIND,INE239A01016,,19115.05,19233.05,19000.0,19079.65,54278,1036972148.65,0.047583179280742224,907.8704065638135
2021-12-20,NESTLEIND,INE239A01016,,19000.0,19068.2,18600.0,18881.25,71310,1345702664.25,0.047583179280742224,898.4299037945141
2021-12-21,NESTLEIND,INE239A01016,,18987.0,19285.95,18900.05,19220.5,34678,664291818.5,0.047583179280742224,914.5724973655059
2021-12-22,NESTLEIND,INE239A01016,,19230.0,19339.95,19012.3,19190.6,36612,700796857.45,0.047583179280742224,913.1497603050117
2021-12-23,NESTLEIND,INE239A01016,,19295.0,19299.95,19155.0,19208.55,47569,914091966.3,0.047583179280742224,914.003878373101
2021-12-24,NESTLEIND,INE239A01016,,19208.55,19434.05,19171.1,19224.2,34220,660489760.05,0.047583179280742224,914.7485551288447
2021-12-27,NESTLEIND,INE239A01016,,19186.0,19400.0,19099.45,19302.35,26588,512505433.05,0.047583179280742224,918.4671805896346
2021-12-28,NESTLEIND,INE239A01016,,19350.0,19468.55,19235.0,19355.0,21049,407825679.25,0.047583179280742224,920.9724349787657
2021-12-29,NESTLEIND,INE239A01016,,19355.0,19451.0,19251.55,19399.65,29269,566952848.35,0.047583179280742224,923.0970239336509
2021-12-30,NESTLEIND,INE239A01016,,19390.0,19585.0,19323.2,19406.55,39868,775402101.4,0.047583179280742224,923.425347870688
2021-12-31,NESTLEIND,INE239A01016,,19375.0,19814.95,19350.2,19705.7,39887,783651172.65,0.047583179280742224,937.6598559525221
2022-01-03,NESTLEIND,INE239A01016,,19695.0,19814.0,19638.05,19677.95,25869,510114577.15,0.047583179280742224,936.3394227274815
2022-01-04,NESTLEIND,INE239A01016,,19678.0,19947.8,19628.05,19889.05,35034,694596483.15,0.047583179280742224,946.3842318736461
2022-01-05,NESTLEIND,INE239A01016,,19874.0,20025.0,19829.1,19935.75,32432,646719860.2,0.047583179280742224,948.6063663460568
2022-01-06,NESTLEIND,INE239A01016,,19750.1,19935.75,19535.0,19647.55,30709,604373258.4,0.047583179280742224,934.8928940773469
2022-01-07,NESTLEIND,INE239A01016,,19650.5,19960.0,19587.05,19902.85,48983,968292413.85,0.047583179280742224,947.0408797477203
2022-01-10,NESTLEIND,INE239A01016,,19903.0,19968.9,19679.05,19708.0,20617,407201092.55,0.047583179280742224,937.7692972648678
2022-01-11,NESTLEIND,INE239A01016,,19550.0,19825.0,19550.0,19761.95,31788,627156843.7,0.047583179280742224,940.3364097870639
2022-01-12,NESTLEIND,INE239A01016,,19850.0,19850.0,19660.0,19707.1,23711,467863091.85,0.047583179280742224,937.726472403515
2022-01-13,NESTLEIND,INE239A01016,,19750.0,19750.0,19600.0,19714.4,35383,695650220.85,0.047583179280742224,938.0738296122646
2022-01-14,NESTLEIND,INE239A01016,,19714.4,19719.35,19270.0,19400.15,37190,721616763.0,0.047583179280742224,923.1208155232913
2022-01-17,NESTLEIND,INE239A01016,,19400.0,19515.0,19111.1,19333.2,36403,703878255.4,0.047583179280742224,919.9351216704456
2022-01-18,NESTLEIND,INE239A01016,,19282.0,19450.0,19188.0,19379.6,36208,698434565.85,0.047583179280742224,922.142981189072
2022-01-19,NESTLEIND,INE239A01016,,19370.0,19444.95,18572.1,18937.0,82383,1568855709.2,0.047583179280742224,901.0826660394155
2022-01-20,NESTLEIND,INE239A01016,,18800.0,19080.0,18605.05,18734.1,79056,1489000243.65,0.047583179280742224,891.4280389633528
2022-01-21,NESTLEIND,INE239A01016,,18660.0,19062.25,18610.05,18974.25,55241,1037689928.4,0.047583179280742224,902.8551394676232
2022-01-24,NESTLEIND,INE239A01016,,18974.25,19040.0,18600.0,18717.75,53437,1007149151.25,0.047583179280742224,890.6500539821128
2022-01-25,NESTLEIND,INE239A01016,,18573.15,18884.05,18312.95,18790.75,57880,1078401632.35,0.047583179280742224,894.123626069607
2022-01-27,NESTLEIND,INE239A01016,,18550.0,18790.0,18217.75,18385.45,54259,998037250.85,0.047583179280742224,874.8381635071222
2022-01-28,NESTLEIND,INE239A01016,,18400.0,18649.0,18328.25,18384.4,37423,691397733.6,0.047583179280742224,874.7882011688774
2022-01-31,NESTLEIND,INE239A01016,,18428.0,18639.9,18428.0,18521.55,29761,551565505.3,0.047583179280742224,881.3142342072312
2022-02-01,NESTLEIND,INE239A01016,,18600.0,18778.2,18421.0,18671.7,26791,499795149.15,0.047583179280742224,888.4588485762346
2022-02-02,NESTLEIND,INE239A01016,,18820.0,18850.0,18440.65,18500.65,60416,1120015360.3,0.047583179280742224,880.3197457602637
2022-02-03,NESTLEIND,INE239A01016,,18420.0,18579.65,18261.1,18306.6,34354,629967558.9,0.047583179280742224,871.0862298208356
2022-02-04,NESTLEIND,INE239A01016,,18400.0,18400.0,18202.8,18331.65,44924,823190147.5,0.047583179280742224,872.2781884618182
2022-02-07,NESTLEIND,INE239A01016,,18331.65,18420.0,17911.0,18072.75,48469,875677165.95,0.047583179280742224,859.958903346034
2022-02-08,NESTLEIND,INE239A01016,,18205.0,18214.25,17990.0,18087.15,39385,711776122.8,0.047583179280742224,860.6441011276768
2022-02-09,NESTLEIND,INE239A01016,,18090.0,18237.15,18021.45,18135.05,48243,873921395.95,0.047583179280742224,862.9233354152242
2022-02-10,NESTLEIND,INE239A01016,,18101.0,18212.9,18010.0,18139.85,50422,913286230.05,0.047583179280742224,863.1517346757718
2022-02-11,NESTLEIND,INE239A01016,,18135.0,18135.0,17620.0,17815.2,95980,1702553348.2,0.047583179280742224,847.7038555222789
2022-02-14,NESTLEIND,INE239A01016,,17716.0,17800.25,17429.8,17670.25,42917,757260710.8,0.047583179280742224,840.8066736855353
2022-02-15,NESTLEIND,INE239A01016,,17670.25,18323.25,17571.45,18187.1,50170,907507222.3,0.047583179280742224,865.4000398967869
2022-02-16,NESTLEIND,INE239A01016,,18167.0,18397.4,18033.5,18223.8,40410,735690154.0,0.047583179280742224,867.1463425763901
2022-02-17,NESTLEIND,INE239A01016,,18400.0,18400.0,17960.15,18126.0,113840,2072814563.4,0.047583179280742224,862.4927076427335
2022-02-18,NESTLEIND,INE239A01016,,17988.0,18232.4,17811.1,18009.3,96328,1737649191.8,0.047583179280742224,856.9397506206709
2022-02-21,NESTLEIND,INE239A01016,,17977.0,18160.0,17825.0,18106.1,37036,667119422.25,0.047583179280742224,861.5458023750467
2022-02-22,NESTLEIND,INE239A01016,,17985.0,18193.35,17739.65,18111.0,63087,1137562699.0,0.047583179280742224,861.7789599535224
2022-02-23,NESTLEIND,INE239A01016,,18111.0,18209.55,17835.0,17926.65,59248,1066958104.75,0.047583179280742224,853.0070008531177
2022-02-24,NESTLEIND,INE239A01016,,17730.0,17968.7,17560.0,17744.75,112105,1985068653.5,0.047583179280742224,844.3516205419506
2022-02-25,NESTLEIND,INE239A01016,,17800.0,17894.95,17600.0,17715.1,80989,1435134291.8,0.047583179280742224,842.9407792762765
2022-02-28,NESTLEIND,INE239A01016,,17700.0,17769.3,17330.0,17639.15,157873,2760004438.05,0.047583179280742224,839.3268368099043
2022-03-02,NESTLEIND,INE239A01016,,17600.0,17889.4,17457.05,17844.6,86631,1530919582.05,0.047583179280742224,849.1028009931326
2022-03-03,NESTLEIND,INE239A01016,,17880.0,17880.0,17389.55,17436.5,66964,1177209238.75,0.047583179280742224,829.6841055286618
2022-03-04,NESTLEIND,INE239A01016,,17300.0,17544.05,17021.0,17391.85,51705,896550035.15,0.047583179280742224,827.5595165737766
2022-03-07,NESTLEIND,INE239A01016,,17100.0,17407.75,17040.0,17342.05,66542,1149189520.75,0.047583179280742224,825.1898742455957
2022-03-08,NESTLEIND,INE239A01016,,17300.0,17530.0,16965.0,17263.3,97724,1682353309.35,0.047583179280742224,821.4426988772373
2022-03-09,NESTLEIND,INE239A01016,,17380.0,17380.0,17065.65,17145.6,71122,1220159610.8,0.047583179280742224,815.8421586758938
2022-03-10,NESTLEIND,INE239A01016,,17300.0,17685.25,17221.0,17649.1,66489,1162533632.85,0.047583179280742224,839.8002894437475
2022-03-11,NESTLEIND,INE239A01016,,17600.0,17618.05,17230.0,17327.45,73279,1275019354.4,0.047583179280742224,824.4951598280969
2022-03-14,NESTLEIND,INE239A01016,,17477.45,17477.45,17158.0,17367.2,38665,668608328.95,0.047583179280742224,826.3865912045064
2022-03-15,NESTLEIND,INE239A01016,,17420.0,17560.0,17245.05,17461.6,62211,1083479211.8,0.047583179280742224,830.8784433286083
2022-03-16,NESTLEIND,INE239A01016,,17610.0,17885.5,17471.0,17823.4,48390,855981163.55,0.047583179280742224,848.094037592381
2022-03-17,NESTLEIND,INE239A01016,,17785.95,18374.85,17785.95,18284.2,100890,1827113798.75,0.047583179280742224,870.020366604947
2022-03-21,NESTLEIND,INE239A01016,,18350.0,18370.0,17813.5,17876.45,40335,726808406.15,0.047583179280742224,850.6183252532244
2022-03-22,NESTLEIND,INE239A01016,,17727.0,17869.95,17253.65,17429.25,140224,2437452817.35,0.047583179280742224,829.3391274788764
2022-03-23,NESTLEIND,INE239A01016,,17535.0,17550.0,17261.0,17344.2,59279,1033362908.6,0.047583179280742224,825.2921780810493
2022-03-24,NESTLEIND,INE239A01016,,17328.0,17500.0,17260.0,17408.1,43181,750875690.3,0.047583179280742224,828.3327432370886
2022-03-25,NESTLEIND,INE239A01016,,17478.0,17478.0,17075.0,17161.2,53217,914533081.65,0.047583179280742224,816.5844562726735
2022-03-28,NESTLEIND,INE239A01016,,17250.0,17348.95,16790.0,16860.05,80111,1352177159.0,0.047583179280742224,802.2547818322779
2022-03-29,NESTLEIND,INE239A01016,,16900.0,16999.95,16820.0,16921.9,83759,1416195158.35,0.047583179280742224,805.1978014707919
2022-03-30,NESTLEIND,INE239A01016,,17108.0,17347.55,17022.6,17298.0,74970,1288941152.75,0.047583179280742224,823.093835198279
2022-03-31,NESTLEIND,INE239A01016,,17250.0,17433.8,17202.9,17380.55,62281,1080846537.45,0.047583179280742224,827.0218266479043
2022-04-01,NESTLEIND,INE239A01016,,17380.55,17607.7,17250.0,17557.2,31159,543393040.5,0.047583179280742224,835.4273952678474
2022-04-04,NESTLEIND,INE239A01016,,17610.0,17866.5,17462.05,17820.15,39784,704426310.5,0.047583179280742224,847.9393922597186
2022-04-05,NESTLEIND,INE239A01016,,17826.0,18060.0,17718.4,18023.2,39782,713666335.95,0.047583179280742224,857.6011568126733
2022-04-06,NESTLEIND,INE239A01016,,17975.0,18260.0,17863.0,18216.75,47058,850841167.35,0.047583179280742224,866.8108811624609
2022-04-07,NESTLEIND,INE239A01016,,18150.0,18250.0,17985.0,18188.4,37487,680582195.7,0.047583179280742224,865.4618980298519
2022-04-08,NESTLEIND,INE239A01016,,18152.0,18496.0,18069.65,18452.8,34281,628789234.95,0.047583179280742224,878.04289063168
2022-04-11,NESTLEIND,INE239A01016,,18418.0,18520.25,18213.0,18426.35,37669,693041251.25,0.047583179280742224,876.7843155397044
2022-04-12,NESTLEIND,INE239A01016,,18275.3,18499.0,18222.5,18417.8,54900,1010398545.7,0.047583179280742224,876.3774793568541
2022-04-13,NESTLEIND,INE239A01016,,18475.0,18549.0,18250.0,18382.4,27330,502757384.15,0.047583179280742224,874.6930348103159
2022-04-18,NESTLEIND,INE239A01016,,18300.0,18686.0,18300.0,18561.5,53773,995672516.55,0.047583179280742224,883.2151822194968
2022-04-19,NESTLEIND,INE239A01016,,18540.5,18725.0,17832.25,17948.6,65942,1203950922.65,0.047583179280742224,854.0514516383298
2022-04-20,NESTLEIND,INE239A01016,,18198.9,18418.95,17989.95,18305.2,88177,1611623005.7,0.047583179280742224,871.0196133698425
2022-04-21,NESTLEIND,INE239A01016,,18051.0,18567.9,17751.0,18202.95,185341,3364320558.05,0.04781828436524675,870.4338393863684
2022-04-22,NESTLEIND,INE239A01016,,18040.1,18249.45,17832.1,18187.75,108707,1963974125.1,0.04781828436524675,869.7070014640166
2022-04-25,NESTLEIND,INE239A01016,,17900.0,18350.0,17850.1,18174.7,84507,1531036103.0,0.04781828436524675,869.0829728530501
2022-04-26,NESTLEIND,INE239A01016,,18300.0,18544.2,18200.0,18415.75,70593,1296704312.25,0.04781828436524675,880.6095702992928
2022-04-27,NESTLEIND,INE239A01016,,18152.0,18465.7,18150.0,18223.0,67430,1234281538.25,0.04781828436524675,871.3925959878916
2022-04-28,NESTLEIND,INE239A01016,,18238.5,18534.8,18175.05,18427.7,78958,1454270312.45,0.04781828436524675,881.1809987974576
2022-04-29,NESTLEIND,INE239A01016,,18410.0,18665.6,18265.8,18330.3,63398,1171196086.25,0.04781828436524675,876.5234979002825
2022-05-02,NESTLEIND,INE239A01016,,18269.0,18480.0,18210.0,18440.55,41597,763376323.95,0.04781828436524675,881.795463751551
2022-05-04,NESTLEIND,INE239A01016,,18281.1,18472.1,17970.65,18087.75,60857,1105668791.8,0.04781828436524675,864.925173027492
2022-05-05,NESTLEIND,INE239A01016,,18310.15,18378.4,17506.0,17603.75,63313,1124011341.25,0.04781828436524675,841.7811233947125
2022-05-06,NESTLEIND,INE239A01016,,17499.8,17599.7,16975.0,16995.45,89997,1542397875.0,0.04781828436524675,812.693261015333
2022-05-09,NESTLEIND,INE239A01016,,16993.45,17055.3,16450.0,16504.35,115147,1914104897.1,0.04781828436524675,789.2097015635602
2022-05-10,NESTLEIND,INE239A01016,,16640.0,16680.0,16401.0,16520.6,67177,1110508270.6,0.04781828436524675,789.9867486844954
2022-05-11,NESTLEIND,INE239A01016,,16520.6,16639.1,16234.9,16512.4,61787,1015680686.4,0.04781828436524675,789.5946387527006
2022-05-12,NESTLEIND,INE239A01016,,16484.5,16484.5,16126.75,16220.0,71776,1164568687.05,0.04781828436524675,775.6125724043023
2022-05-13,NESTLEIND,INE239A01016,,16490.0,16562.3,16304.9,16402.95,55439,910756374.3,0.04781828436524675,784.3609275289242
2022-05-16,NESTLEIND,INE239A01016,,16502.0,16520.0,16134.45,16218.85,52483,852320120.35,0.04781828436524675,775.5575813772823
2022-05-17,NESTLEIND,INE239A01016,,16390.0,16390.0,16164.65,16323.4,86305,1408091428.35,0.04781828436524675,780.5569830076688
2022-05-18,NESTLEIND,INE239A01016,,16323.4,16418.35,16212.0,16343.6,96009,1567868442.55,0.04781828436524675,781.5229123518468
2022-05-19,NESTLEIND,INE239A01016,,16170.0,16244.95,16000.0,16094.25,70502,1134150210.85,0.04781828436524675,769.5994231453725
2022-05-20,NESTLEIND,INE239A01016,,16321.0,16960.0,16250.05,16862.0,152477,2557976003.0,0.04781828436524675,806.3119109667907
2022-05-23,NESTLEIND,INE239A01016,,17059.95,17370.0,16911.3,16994.3,103173,1763740694.65,0.04781828436524675,812.6382699883128
2022-05-24,NESTLEIND,INE239A01016,,17149.0,17278.3,16853.1,17187.1,92410,1583651208.85,0.04781828436524675,821.8576352139323
2022-05-25,NESTLEIND,INE239A01016,,17280.0,17586.0,17203.45,17283.75,81501,1418965731.0,0.04781828436524675,826.4792723978336
2022-05-26,NESTLEIND,INE239A01016,,17435.0,17730.0,17321.45,17652.5,105581,1850936268.6,0.04781828436524675,844.1122647575183
2022-05-27,NESTLEIND,INE239A01016,,17750.0,17826.95,17487.2,17641.05,42527,749575218.7,0.04781828436524675,843.5647454015361
2022-05-30,NESTLEIND,INE239A01016,,17700.0,17986.9,17634.85,17706.9,52058,928429592.05,0.04781828436524675,846.7135794269877
2022-05-31,NESTLEIND,INE239A01016,,17705.05,18157.6,17457.0,17691.5,359537,6404132423.45,0.04781828436524675,845.977177847763
2022-06-01,NESTLEIND,INE239A01016,,17580.0,17848.45,17180.1,17241.55,58247,1015554228.5,0.04781828436524675,824.4613407976201
2022-06-02,NESTLEIND,INE239A01016,,17240.0,17476.35,17020.05,17393.8,68899,1194560172.95,0.04781828436524675,831.741674592229
2022-06-03,NESTLEIND,INE239A01016,,17563.0,17567.35,17125.6,17171.0,52686,908500051.2,0.04781828436524675,821.087760835652
2022-06-06,NESTLEIND,INE239A01016,,17171.0,17236.8,16953.1,16996.9,36001,612788413.1,0.04781828436524675,812.7625975276626
2022-06-07,NESTLEIND,INE239A01016,,16850.05,16999.55,16610.0,16746.9,50762,847777399.15,0.04781828436524675,800.8080264363509
2022-06-08,NESTLEIND,INE239A01016,,16630.5,16760.0,16446.55,16723.75,81636,1359405075.65,0.04781828436524675,799.7010331532954
2022-06-09,NESTLEIND,INE239A01016,,16680.2,16824.95,16485.05,16768.15,28748,480304099.2,0.04781828436524675,801.8241649791124
2022-06-10,NESTLEIND,INE239A01016,,16661.0,16872.5,16536.8,16774.9,44810,750612104.8,0.04781828436524675,802.1469383985778
2022-06-13,NESTLEIND,INE239A01016,,16690.0,16969.8,16540.0,16854.45,118464,1991338349.65,0.04781828436524675,805.9508829198331
2022-06-14,NESTLEIND,INE239A01016,,16856.5,17100.0,16760.0,16871.45,66081,1117003919.55,0.04781828436524675,806.7637937540424
2022-06-15,NESTLEIND,INE239A01016,,17065.0,17065.0,16660.0,16802.3,64753,1085784597.7,0.04781828436524675,803.4571593901854
2022-06-16,NESTLEIND,INE239A01016,,16949.0,16949.0,16614.95,16874.0,80754,1356420788.65,0.04781828436524675,806.8857303791737
2022-06-17,NESTLEIND,INE239A01016,,16848.0,16854.95,16435.0,16642.4,145619,2427252236.3,0.04781828436524675,795.8110157201826
2022-06-20,NESTLEIND,INE239A01016,,16700.0,17022.95,16537.55,16967.1,48902,827149981.75,0.04781828436524675,811.337612653578
2022-06-21,NESTLEIND,INE239A01016,,16980.0,17200.0,16860.0,16971.8,55631,947811491.7,0.04781828436524675,811.5623585900948
2022-06-22,NESTLEIND,INE239A01016,,16950.0,16950.0,16585.55,16775.15,52364,876692295.05,0.04781828436524675,802.1588929696691
2022-06-23,NESTLEIND,INE239A01016,,16820.0,17044.95,16700.0,16976.3,31675,536412150.75,0.04781828436524675,811.7775408697385
2022-06-24,NESTLEIND,INE239A01016,,16950.05,17250.0,16922.05,17231.65,30380,521547107.9,0.04781828436524675,823.9879397824043
2022-06-27,NESTLEIND,INE239A01016,,17350.0,17407.2,17182.7,17358.25,63842,1105772789.7,0.04781828436524675,830.0417345830444
2022-06-28,NESTLEIND,INE239A01016,,17300.0,17499.85,17051.0,17403.9,52224,903222642.6,0.04781828436524675,832.2246392643181
2022-06-29,NESTLEIND,INE239A01016,,17350.0,17525.0,17252.3,17499.05,96972,1692596763.5,0.04781828436524675,836.7745490216712
2022-06-30,NESTLEIND,INE239A01016,,17499.05,17568.8,17234.2,17470.0,102842,1794229727.2,0.04781828436524675,835.3854278608608
2022-07-01,NESTLEIND,INE239A01016,,17400.0,17829.4,17331.05,17795.05,38547,681238569.7,0.04781828436524675,850.9287611937842
2022-07-04,NESTLEIND,INE239A01016,,17800.0,18023.45,17704.5,17994.55,48729,872822343.35,0.04781828436524675,860.4685089246509
2022-07-05,NESTLEIND,INE239A01016,,17994.55,18143.15,17900.0,17985.0,41438,747184427.5,0.04781828436524675,860.0118443089628
2022-07-06,NESTLEIND,INE239A01016,,17985.0,18428.4,17801.25,18388.65,78391,1432379324.95,0.04781828436524675,879.3136947929947
2022-07-07,NESTLEIND,INE239A01016,,18390.0,18550.0,18173.6,18204.95,51879,951842292.4,0.04781828436524675,870.5294759550989
2022-07-08,NESTLEIND,INE239A01016,,18300.0,18450.0,18222.0,18419.15,58825,1078842410.65,0.04781828436524675,880.7721524661348
2022-07-11,NESTLEIND,INE239A01016,,18400.0,18525.0,18342.0,18489.4,39382,727018164.0,0.04781828436524675,884.1313869427934
2022-07-12,NESTLEIND,INE239A01016,,18416.75,18470.0,18101.05,18125.15,26189,477931596.8,0.04781828436524675,866.7135768627522
2022-07-13,NESTLEIND,INE239A01016,,18130.0,18324.9,18130.0,18249.65,22751,415375364.7,0.04781828436524675,872.6669532662255
2022-07-14,NESTLEIND,INE239A01016,,18249.6,18440.95,18132.7,18363.3,52294,958035769.75,0.04781828436524675,878.1015012843357
2022-07-15,NESTLEIND,INE239A01016,,18400.0,18836.35,18376.3,18771.5,49501,923289122.5,0.04781828436524675,897.6209249622294
2022-07-18,NESTLEIND,INE239A01016,,18838.7,18972.0,18552.55,18625.4,43977,824424834.5,0.04781828436524675,890.6346736164669
2022-07-19,NESTLEIND,INE239A01016,,18599.9,18648.5,18226.45,18377.7,43728,803471740.0,0.04781828436524675,878.7900845791953
2022-07-20,NESTLEIND,INE239A01016,,18550.0,18660.0,18250.0,18617.1,54663,1012372549.75,0.04781828436524675,890.2377818562352
2022-07-21,NESTLEIND,INE239A01016,,18600.0,18889.95,18593.75,18839.95,50656,950318523.7,0.04781828436524675,900.8940865270306
2022-07-22,NESTLEIND,INE239A01016,,18907.75,19084.0,18835.55,18988.95,63200,1197967030.5,0.04781828436524675,908.0190108974524
2022-07-25,NESTLEIND,INE239A01016,,18988.95,19010.0,18712.05,18757.55,35959,675563741.0,0.04781828436524675,896.9538598953342
2022-07-26,NESTLEIND,INE239A01016,,18780.0,18780.0,18250.25,18509.5,139471,2566052182.05,0.04781828436524675,885.0925344585347
2022-07-27,NESTLEIND,INE239A01016,,18544.0,18669.0,18350.0,18541.9,44973,832884730.95,0.04781828436524675,886.6418468719688
2022-07-28,NESTLEIND,INE239A01016,,18575.0,19345.0,18460.0,19112.4,130457,2470587762.2,0.04781828436524675,913.9221781023421
2022-07-29,NESTLEIND,INE239A01016,,19112.4,19423.05,19001.05,19359.1,113825,2187747848.65,0.04781828436524675,925.7189488552483
2022-08-01,NESTLEIND,INE239A01016,,19442.0,19500.0,19105.0,19255.2,58567,1127707527.35,0.04781828436524675,920.7506291096993
2022-08-02,NESTLEIND,INE239A01016,,19377.0,19501.0,19300.2,19458.8,56219,1091648785.1,0.04781828436524675,930.4864318064634
2022-08-03,NESTLEIND,INE239A01016,,19340.05,19546.25,19050.0,19365.9,51325,992249776.0,0.04781828436524675,926.0441131889321
2022-08-04,NESTLEIND,INE239A01016,,19399.0,19923.8,19396.1,19850.0,88280,1740940131.2,0.04781828436524675,949.192944650148
2022-08-05,NESTLEIND,INE239A01016,,19840.0,20020.0,19729.05,19921.5,62560,1243298961.55,0.04781828436524675,952.6119519822631
2022-08-08,NESTLEIND,INE239A01016,,19905.0,19987.3,19550.0,19652.95,57459,1131742080.1,0.04781828436524675,939.7703517159762
2022-08-10,NESTLEIND,INE239A01016,,19850.6,20150.0,19505.0,19769.5,72207,1429101761.95,0.04781828436524675,945.3435727587456
2022-08-11,NESTLEIND,INE239A01016,,19800.0,19982.4,19587.6,19679.6,50461,995113389.5,0.04781828436524675,941.0447089943099
2022-08-12,NESTLEIND,INE239A01016,,19700.0,19756.45,19413.7,19543.25,48903,955244276.2,0.04781828436524675,934.5246859211086
2022-08-16,NESTLEIND,INE239A01016,,19550.0,19854.6,19482.8,19682.95,66083,1301890757.7,0.04781828436524675,941.2049002469336
2022-08-17,NESTLEIND,INE239A01016,,19682.0,19843.95,19669.2,19735.3,39600,781639921.1,0.04781828436524675,943.7081874334542
2022-08-18,NESTLEIND,INE239A01016,,19720.0,19732.75,19480.0,19557.65,48921,956968339.5,0.04781828436524675,935.2132692159682
2022-08-19,NESTLEIND,INE239A01016,,19600.0,19669.9,19350.0,19440.9,36698,714224166.25,0.04781828436524675,929.6304845163256
2022-08-22,NESTLEIND,INE239A01016,,19401.0,19630.0,19350.0,19452.2,39794,775844882.35,0.04781828436524675,930.1708311296529
2022-08-23,NESTLEIND,INE239A01016,,19300.0,19688.95,19251.15,19625.65,42881,839917670.1,0.04781828436524675,938.464912552805
2022-08-24,NESTLEIND,INE239A01016,,19618.85,19716.95,19368.05,19671.05,33768,660529582.0,0.04781828436524675,940.635862662987
2022-08-25,NESTLEIND,INE239A01016,,19671.0,19786.0,19464.05,19526.65,25909,509830936.5,0.04781828436524675,933.7309024006455
2022-08-26,NESTLEIND,INE239A01016,,19540.0,19666.05,19428.0,19528.1,27989,547316333.95,0.04781828436524675,933.800238912975
2022-08-29,NESTLEIND,INE239A01016,,19400.0,19759.0,19285.1,19646.35,48462,952118398.75,0.04781828436524675,939.4547510391654
2022-08-30,NESTLEIND,INE239A01016,,19660.0,19995.0,19660.0,19925.85,109751,2182697950.05,0.04781828436524675,952.8199615192519
2022-09-01,NESTLEIND,INE239A01016,,19700.0,20050.0,19574.6,19732.95,79062,1561655367.95,0.04781828436524675,943.595814465196
2022-09-02,NESTLEIND,INE239A01016,,19752.3,19848.0,19530.0,19561.8,31241,614242285.25,0.04781828436524675,935.4117150960839
2022-09-05,NESTLEIND,INE239A01016,,19500.0,19582.65,19227.0,19259.7,49724,961816415.15,0.04781828436524675,920.9658113893429
2022-09-06,NESTLEIND,INE239A01016,,19260.7,19308.0,18945.05,19041.9,59370,1132472897.35,0.04781828436524675,910.5509890545922
2022-09-07,NESTLEIND,INE239A01016,,19041.9,19307.05,19015.0,19179.3,55736,1069467659.7,0.04781828436524675,917.121221326377
2022-09-08,NESTLEIND,INE239A01016,,19201.0,19277.0,19005.0,19123.75,54647,1044119943.65,0.04781828436524675,914.4649156298876
2022-09-09,NESTLEIND,INE239A01016,,19370.0,19370.0,18990.8,19051.25,48434,928147951.8,0.04781828436524675,910.9980900134071
2022-09-12,NESTLEIND,INE239A01016,,19051.55,19159.95,18890.1,18968.2,43560,829406689.7,0.04781828436524675,907.0267814968735
2022-09-13,NESTLEIND,INE239A01016,,18970.5,19266.5,18970.0,19063.65,51146,977281428.6,0.04781828436524675,911.5910367395363
2022-09-14,NESTLEIND,INE239A01016,,18871.0,19234.35,18870.95,19108.75,61601,1178578704.05,0.04781828436524675,913.7476413644089
2022-09-15,NESTLEIND,INE239A01016,,19194.0,19257.05,18977.75,19009.0,33455,638029155.1,0.04781828436524675,908.9777674989755
2022-09-16,NESTLEIND,INE239A01016,,19008.9,19009.0,18340.55,18404.2,116163,2148696963.05,0.04781828436524675,880.0572691148743
2022-09-19,NESTLEIND,INE239A01016,,18496.25,18840.0,18267.3,18765.25,53631,999764174.75,0.04781828436524675,897.3220606849466
2022-09-20,NESTLEIND,INE239A01016,,18810.0,18920.0,18575.1,18616.65,83800,1569473813.0,0.04781828436524675,890.216263628271
2022-09-21,NESTLEIND,INE239A01016,,18616.0,18889.4,18591.05,18649.9,46299,866379963.7,0.04781828436524675,891.8062215834154
2022-09-22,NESTLEIND,INE239A01016,,18649.9,18835.0,18580.55,18638.3,77931,1458448432.15,0.04781828436524675,891.2515294847785
2022-09-23,NESTLEIND,INE239A01016,,18591.0,18656.2,18450.05,18495.9,35842,663732625.2,0.04781828436524675,884.4422057911675
2022-09-26,NESTLEIND,INE239A01016,,18495.8,18889.9,18397.55,18453.3,113085,2109974208.9,0.04781828436524675,882.4051468772078
2022-09-27,NESTLEIND,INE239A01016,,18548.05,18795.0,18545.7,18672.65,69314,1293921149.95,0.04781828436524675,892.8940875527248
2022-09-28,NESTLEIND,INE239A01016,,18655.0,18979.0,18525.7,18840.95,105517,1985144011.95,0.04781828436524675,900.9419048113958
2022-09-29,NESTLEIND,INE239A01016,,18935.2,19130.0,18791.25,18979.15,87195,1656525594.25,0.04781828436524675,907.550391710673
2022-09-30,NESTLEIND,INE239A01016,,18950.0,19195.0,18894.0,19144.8,80973,1546070530.55,0.04781828436524675,915.4714905157759
2022-10-03,NESTLEIND,INE239A01016,,19117.5,19143.95,18770.0,18992.6,52046,988288333.95,0.04781828436524675,908.1935476353854
2022-10-04,NESTLEIND,INE239A01016,,19250.0,19350.0,19051.2,19251.85,37289,717984047.65,0.04781828436524675,920.5904378570756
2022-10-06,NESTLEIND,INE239A01016,,19342.1,19525.15,19237.25,19300.15,67036,1294065259.35,0.04781828436524675,922.9000609919171
2022-10-07,NESTLEIND,INE239A01016,,19275.2,19380.0,19167.6,19321.0,39613,764226901.65,0.04781828436524675,923.8970722209325
2022-10-10,NESTLEIND,INE239A01016,,19100.0,19205.0,19004.95,19119.05,34619,661461042.7,0.04781828436524675,914.2401696933708
2022-10-11,NESTLEIND,INE239A01016,,19205.0,19214.65,18410.25,18449.95,54926,1030661980.6,0.04781828436524675,882.2449556245843
2022-10-12,NESTLEIND,INE239A01016,,18540.0,18766.85,18449.95,18725.4,38748,721503333.25,0.04781828436524675,895.4165020529916
2022-10-13,NESTLEIND,INE239A01016,,18790.0,18921.65,18605.0,18763.65,30277,567695277.35,0.04781828436524675,897.2455514299622
2022-10-14,NESTLEIND,INE239A01016,,18958.85,19013.75,18850.0,18928.0,22065,417803362.0,0.04781828436524675,905.1044864653906
2022-10-17,NESTLEIND,INE239A01016,,18850.0,19060.0,18792.2,18920.15,17425,330221447.0,0.04781828436524675,904.7291129331234
2022-10-18,NESTLEIND,INE239A01016,,19020.0,19429.05,18990.0,19387.85,53511,1031755968.9,0.04781828436524675,927.0937245307492
2022-10-19,NESTLEIND,INE239A01016,,19387.85,19848.0,19254.5,19739.1,130480,2565962736.25,0.04781828436524675,943.8898969140421
2022-10-20,NESTLEIND,INE239A01016,,19719.0,20143.7,19700.0,20061.1,112854,2257835155.7,0.04781828436524675,959.2873844796516
2022-10-21,NESTLEIND,INE239A01016,,20061.1,20350.0,19982.5,20294.95,57193,1155308605.3,0.04781828436524675,970.4696902784646
2022-10-25,NESTLEIND,INE239A01016,,20800.0,21048.8,20217.0,20282.4,71353,1455654283.45,0.04781828436524675,969.8695708096808
2022-10-27,NESTLEIND,INE239A01016,,20468.5,20475.0,19910.0,20133.25,101474,2043368224.3,0.04781828436524675,962.7374736966042
2022-10-28,NESTLEIND,INE239A01016,,20133.25,20371.95,20050.15,20282.45,64930,1310528622.5,0.04781828436524675,969.8719617238991
2022-10-31,NESTLEIND,INE239A01016,,20282.45,20470.0,20150.0,20363.4,79555,1616944672.2,0.04810288242370838,979.5382359469434
2022-11-01,NESTLEIND,INE239A01016,,20399.55,20734.85,20370.0,20589.95,39706,817093286.25,0.04810288242370838,990.4359439600344
2022-11-02,NESTLEIND,INE239A01016,,20590.0,20700.0,20222.6,20387.35,43317,881764257.4,0.04810288242370838,980.690299980991
2022-11-03,NESTLEIND,INE239A01016,,20222.9,20475.0,20150.05,20423.45,35328,718020165.4,0.04810288242370838,982.4268140364869
2022-11-04,NESTLEIND,INE239A01016,,20423.45,20535.0,20304.7,20425.3,18873,385037634.05,0.04810288242370838,982.5158043689707
2022-11-07,NESTLEIND,INE239A01016,,20451.5,20720.0,20370.2,20480.25,67722,1386599024.95,0.04810288242370838,985.1590577581536
2022-11-09,NESTLEIND,INE239A01016,,20615.45,20842.35,20205.0,20319.9,52245,1068731365.7,0.04810288242370838,977.445760561512
2022-11-10,NESTLEIND,INE239A01016,,20299.6,20400.0,20044.95,20175.3,38991,787067932.3,0.04810288242370838,970.4900837630437
2022-11-11,NESTLEIND,INE239A01016,,20276.2,20500.0,20200.1,20322.5,35837,729207343.7,0.04810288242370838,977.5708280558135
2022-11-14,NESTLEIND,INE239A01016,,20323.0,20392.45,19892.7,20065.2,48476,974532234.8,0.04810288242370838,965.1939564081935
2022-11-15,NESTLEIND,INE239A01016,,20164.0,20185.95,19850.0,20055.55,39341,786891545.75,0.04810288242370838,964.7297635928046
2022-11-16,NESTLEIND,INE239A01016,,19992.15,20144.25,19825.0,20097.9,44776,896346157.1,0.04810288242370838,966.7669206634488
2022-11-17,NESTLEIND,INE239A01016,,20130.0,20139.7,19882.65,19991.0,27782,555824761.9,0.04810288242370838,961.6247225323542
2022-11-18,NESTLEIND,INE239A01016,,19995.0,20045.75,19780.0,19925.1,36686,728946654.85,0.04810288242370838,958.4547425806318
2022-11-21,NESTLEIND,INE239A01016,,19852.0,19859.6,19665.6,19761.7,49844,984778544.95,0.04810288242370838,950.5947315925979
2022-11-22,NESTLEIND,INE239A01016,,19761.7,19849.3,19550.05,19613.5,47422,930639774.0,0.04810288242370838,943.4658844174044
2022-11-23,NESTLEIND,INE239A01016,,19700.0,19813.0,19510.0,19565.1,51722,1015759421.35,0.04810288242370838,941.1377049080968
2022-11-24,NESTLEIND,INE239A01016,,19625.0,19874.4,19500.85,19735.45,59696,1174469474.5,0.04810288242370838,949.3320309289755
2022-11-25,NESTLEIND,INE239A01016,,19800.0,19824.0,19440.0,19529.35,57858,1129550417.1,0.04810288242370838,939.4180268614492
2022-11-28,NESTLEIND,INE239A01016,,19525.0,19845.25,19460.0,19815.45,53000,1046462458.0,0.04810288242370838,953.1802615228722
2022-11-29,NESTLEIND,INE239A01016,,19750.0,20375.0,19730.0,20121.2,73723,1483693067.35,0.04810288242370838,967.8877178239211
2022-11-30,NESTLEIND,INE239A01016,,20121.2,20339.0,19840.4,20183.85,313389,6308714777.0,0.04810288242370838,970.9013634077663
2022-12-01,NESTLEIND,INE239A01016,,20190.0,20349.9,19935.0,20049.5,52926,1060296103.45,0.04810288242370838,964.4387411541412
2022-12-02,NESTLEIND,INE239A01016,,20049.5,20137.7,19679.25,19751.2,69617,1378143697.9,0.04810288242370838,950.089651327149
2022-12-05,NESTLEIND,INE239A01016,,19759.8,19850.0,19552.7,19752.2,84999,1670923459.65,0.04810288242370838,950.1377542095727
2022-12-06,NESTLEIND,INE239A01016,,19741.0,19990.0,19575.0,19911.1,68109,1344726978.5,0.04810288242370838,957.7813022266998
2022-12-07,NESTLEIND,INE239A01016,,19920.0,20079.15,19828.25,19910.85,56956,1136369974.35,0.04810288242370838,957.7692765060939
2022-12-08,NESTLEIND,INE239A01016,,19900.0,20099.0,19731.0,19805.35,40624,808053794.2,0.04810288242370838,952.6944224103927
2022-12-09,NESTLEIND,INE239A01016,,19968.0,20294.95,19844.2,20241.75,76755,1543060972.95,0.04810288242370838,973.6865203000991
2022-12-12,NESTLEIND,INE239A01016,,20250.0,20520.0,20145.0,20487.35,81060,1653496619.55,0.04810288242370838,985.5005882233618
2022-12-13,NESTLEIND,INE239A01016,,20561.0,20635.95,20330.0,20388.3,49134,1005425863.7,0.04810288242370838,980.7359977192936
2022-12-14,NESTLEIND,INE239A01016,,20385.15,20450.65,20006.65,20063.5,81680,1644651083.05,0.04810288242370838,965.112181508073
2022-12-15,NESTLEIND,INE239A01016,,20063.5,20149.95,19634.45,19737.85,39554,785346801.8,0.04810288242370838,949.4474778467924
2022-12-16,NESTLEIND,INE239A01016,,19725.0,19860.0,19570.1,19738.7,69321,1368406120.45,0.04810288242370838,949.4883652968526
2022-12-19,NESTLEIND,INE239A01016,,19800.0,20120.0,19799.95,20081.65,65448,1309655691.9,0.04810288242370838,965.9852488240634
2022-12-20,NESTLEIND,INE239A01016,,20150.0,20167.85,19851.05,20135.55,46676,934295073.2,0.04810288242370838,968.5779941867013
2022-12-21,NESTLEIND,INE239A01016,,20165.0,20348.0,20062.15,20314.2,70378,1421516730.0,0.04810288242370838,977.1715741316968
2022-12-22,NESTLEIND,INE239A01016,,20395.0,20440.0,20157.5,20306.6,37688,763501397.7,0.04810288242370838,976.8059922252766
2022-12-23,NESTLEIND,INE239A01016,,20200.0,20455.0,20055.05,20132.75,74404,1507191976.8,0.04810288242370838,968.4433061159149
2022-12-26,NESTLEIND,INE239A01016,,20174.95,20245.65,19860.0,19897.5,33382,668549081.7,0.04810288242370838,957.1271030257375
2022-12-27,NESTLEIND,INE239A01016,,19900.0,20017.7,19745.0,19776.0,40291,798860491.8,0.04810288242370838,951.2826028112569
2022-12-28,NESTLEIND,INE239A01016,,19790.0,19895.9,19710.0,19843.6,35346,699784418.15,0.04810288242370838,954.5343576630995
2022-12-29,NESTLEIND,INE239A01016,,19840.0,19917.55,19630.55,19808.0,39851,787074145.5,0.04810288242370838,952.8218950488156
2022-12-30,NESTLEIND,INE239A01016,,19839.55,19890.0,19561.85,19606.0,42644,841270299.15,0.04810288242370838,943.1051127992265
2023-01-02,NESTLEIND,INE239A01016,,19616.65,19715.0,19501.25,19561.55,25164,492991699.05,0.04810288242370839,940.9669396754928
2023-01-03,NESTLEIND,INE239A01016,,19599.0,19760.95,19475.95,19727.3,31415,617330296.75,0.04810288242370839,948.9399924372225
2023-01-04,NESTLEIND,INE239A01016,,19780.0,19798.0,19500.0,19519.9,31984,625730291.65,0.04810288242370839,938.9634546225454
2023-01-05,NESTLEIND,INE239A01016,,19540.0,19894.15,19519.5,19776.0,51393,1014068774.2,0.04810288242370839,951.2826028112571
2023-01-06,NESTLEIND,INE239A01016,,19800.0,19926.45,19776.55,19885.25,39386,782763501.65,0.04810288242370839,956.5378427160472
2023-01-09,NESTLEIND,INE239A01016,,19934.95,20164.3,19896.5,20085.7,36144,724974458.2,0.04810288242370839,966.1800654978796
2023-01-10,NESTLEIND,INE239A01016,,20063.05,20189.0,19955.05,20023.95,31668,635058562.8,0.04810288242370839,963.2097125082156
2023-01-11,NESTLEIND,INE239A01016,,20070.0,20084.9,19717.4,19758.3,32510,643839834.7,0.04810288242370839,950.4311817923574
2023-01-12,NESTLEIND,INE239A01016,,19758.3,19950.0,19740.0,19873.25,33062,655983158.45,0.04810288242370839,955.9606081269627
2023-01-13,NESTLEIND,INE239A01016,,19950.0,19950.0,19725.05,19784.35,34771,689213879.7,0.04810288242370839,951.684261879495
2023-01-16,NESTLEIND,INE239A01016,,19840.0,19840.0,19701.0,19735.6,24265,479091882.45,0.04810288242370839,949.3392463613392
2023-01-17,NESTLEIND,INE239A01016,,19735.9,19966.2,19712.7,19945.75,40187,799557551.5,0.04810288242370839,959.4480671026815
2023-01-18,NESTLEIND,INE239A01016,,19949.95,20041.9,19773.35,19823.35,36399,723064327.95,0.04810288242370839,953.5602742940196
2023-01-19,NESTLEIND,INE239A01016,,19823.35,19895.0,19611.65,19681.1,30999,610288384.25,0.04810288242370839,946.7176392692471
2023-01-20,NESTLEIND,INE239A01016,,19660.1,19667.85,19149.85,19200.05,72022,1389761540.4,0.04810288242370839,923.5777476793222
2023-01-23,NESTLEIND,INE239A01016,,19250.0,19440.0,19151.05,19367.1,37900,733618473.15,0.04810288242370839,931.6133341882027
2023-01-24,NESTLEIND,INE239A01016,,19400.0,19434.0,19148.8,19290.7,37712,727075840.4,0.04810288242370839,927.9382739710314
2023-01-25,NESTLEIND,INE239A01016,,19349.0,19350.5,19150.0,19235.5,41160,791391761.05,0.04810288242370839,925.2829948612427
2023-01-27,NESTLEIND,INE239A01016,,19260.05,19394.0,19026.05,19216.35,44777,859079802.35,0.04810288242370839,924.3618246628286
2023-01-30,NESTLEIND,INE239A01016,,19206.0,19213.65,18978.0,19165.9,49830,952488137.55,0.04810288242370839,921.9350342445526
2023-01-31,NESTLEIND,INE239A01016,,19200.0,19200.0,18929.0,19017.75,117500,2234184681.2,0.04810288242370839,914.8085922134802
2023-02-01,NESTLEIND,INE239A01016,,19100.0,19177.05,18915.25,19089.85,68805,1311693255.7,0.04810288242370839,918.2768100362294
2023-02-02,NESTLEIND,INE239A01016,,19129.0,19129.0,18850.5,18954.6,70922,1344289852.8,0.04810288242370839,911.770895188423
2023-02-03,NESTLEIND,INE239A01016,,19005.4,19054.65,18770.1,19004.3,55578,1051825086.2,0.04810288242370839,914.1616084448813
2023-02-06,NESTLEIND,INE239A01016,,19000.0,19060.0,18754.3,19021.5,69134,1309990864.6,0.04810288242370839,914.9889780225691
2023-02-07,NESTLEIND,INE239A01016,,19024.0,19099.9,18880.0,18978.0,39873,756736334.35,0.04810288242370839,912.8965026371378
2023-02-08,NESTLEIND,INE239A01016,,18950.0,19064.85,18890.15,18994.9,23267,441852170.3,0.04810288242370839,913.7094413500985
2023-02-09,NESTLEIND,INE239A01016,,18999.0,19084.35,18950.85,19000.3,34734,660329862.8,0.04810288242370839,913.9691969151864
2023-02-10,NESTLEIND,INE239A01016,,19010.0,19070.15,18875.05,19023.85,26383,500900033.65,0.04810288242370839,915.1020197962647
2023-02-13,NESTLEIND,INE239A01016,,19095.0,19199.0,18949.95,19026.8,32489,617783725.35,0.04810288242370839,915.2439232994147
2023-02-14,NESTLEIND,INE239A01016,,19114.8,19260.0,19027.5,19082.9,38589,739030985.55,0.04810288242370839,917.9424950033848
2023-02-15,NESTLEIND,INE239A01016,,19075.0,19298.8,18930.05,19260.95,31998,611874296.85,0.04810288242370839,926.5072132189262
2023-02-16,NESTLEIND,INE239A01016,,19430.0,19799.85,19140.0,19628.85,174007,3408542579.0,0.04810288242370839,944.2042636626084
2023-02-17,NESTLEIND,INE239A01016,,19575.05,19575.05,18822.05,19021.3,188435,3592854646.3,0.04810288242370839,914.9793574460844
2023-02-20,NESTLEIND,INE239A01016,,19030.0,19145.0,18780.0,18823.05,65311,1231935814.45,0.04810288242370839,905.4429610055842
2023-02-21,NESTLEIND,INE239A01016,,18881.1,18933.8,18760.0,18848.7,44954,847225575.3,0.04810288242370839,906.6767999397523
2023-02-22,NESTLEIND,INE239A01016,,18882.8,18882.8,18631.15,18674.15,42080,789021642.5,0.04810288242370839,898.2804418126941
2023-02-23,NESTLEIND,INE239A01016,,18659.95,18824.15,18551.0,18648.0,49268,921671838.0,0.04810288242370839,897.0225514373141
2023-02-24,NESTLEIND,INE239A01016,,18741.25,18849.0,18615.0,18680.9,38875,727801184.25,0.04810288242370839,898.6051362690541
2023-02-27,NESTLEIND,INE239A01016,,18700.0,18845.0,18492.0,18622.75,51625,961675663.7,0.04810288242370839,895.8079536561154
2023-02-28,NESTLEIND,INE239A01016,,18630.2,18725.0,18460.15,18670.0,109182,2033894484.05,0.04810288242370839,898.0808148506356
2023-03-01,NESTLEIND,INE239A01016,,18700.0,18820.4,18575.15,18778.85,63926,1197406741.8,0.04810288242370839,903.3168136024561
2023-03-02,NESTLEIND,INE239A01016,,18799.95,18800.0,18456.8,18481.75,39070,725844865.65,0.04810288242370839,889.0254472343725
2023-03-03,NESTLEIND,INE239A01016,,18549.0,18614.65,18405.5,18449.9,46018,849978075.65,0.04810288242370839,887.4933704291775
2023-03-06,NESTLEIND,INE239A01016,,18522.0,18554.05,18425.0,18514.85,52949,979122717.25,0.04810288242370839,890.6176526425971
2023-03-08,NESTLEIND,INE239A01016,,18405.0,18573.8,18397.55,18518.25,45746,845557476.85,0.04810288242370839,890.7812024428379
2023-03-09,NESTLEIND,INE239A01016,,18500.0,18579.0,18430.0,18535.7,56615,1048228375.05,0.04810288242370839,891.6205977411316
2023-03-10,NESTLEIND,INE239A01016,,18530.0,18530.0,18355.05,18485.75,23634,436863042.5,0.04810288242370839,889.2178587640673
2023-03-13,NESTLEIND,INE239A01016,,18429.95,18499.9,18260.05,18317.45,36476,669030502.35,0.04810288242370839,881.1221436521572
2023-03-14,NESTLEIND,INE239A01016,,18350.0,18435.0,18213.0,18264.65,43879,803044102.0,0.04810288242370839,878.5823114601855
2023-03-15,NESTLEIND,INE239A01016,,18300.0,18371.1,17880.0,17993.35,77958,1407956306.55,0.04810288242370839,865.5319994586332
2023-03-16,NESTLEIND,INE239A01016,,17990.0,18500.0,17967.75,18450.65,83043,1526777161.3,0.04810288242370839,887.5294475909952
2023-03-17,NESTLEIND,INE239A01016,,18498.9,18875.0,18474.95,18858.15,133430,2506327684.2,0.04810288242370839,907.1313721786564
2023-03-20,NESTLEIND,INE239A01016,,18900.0,18990.0,18652.1,18937.85,75645,1426606460.25,0.04810288242370839,910.9651719078258
2023-03-21,NESTLEIND,INE239A01016,,18990.0,19259.0,18820.05,18927.4,97762,1860885057.45,0.04810288242370839,910.4624967864981
2023-03-22,NESTLEIND,INE239A01016,,19009.0,19009.0,18698.7,18819.7,28248,532242400.8,0.04810288242370839,905.2818163494647
2023-03-23,NESTLEIND,INE239A01016,,18819.7,19169.9,18710.15,19044.45,56685,1079748520.35,0.04810288242370839,916.0929391741932
2023-03-24,NESTLEIND,INE239A01016,,19005.05,19100.0,18888.0,18953.1,26299,499457534.05,0.04810288242370839,911.6987408647874
2023-03-27,NESTLEIND,INE239A01016,,19000.0,19127.8,18815.05,18891.0,35854,680716078.9,0.04810288242370839,908.7115518662752
2023-03-28,NESTLEIND,INE239A01016,,18900.0,19019.95,18850.0,18946.0,35481,671956089.35,0.04810288242370839,911.3572103995791
2023-03-29,NESTLEIND,INE239A01016,,18930.0,19125.0,18876.2,19052.95,48606,923885589.1,0.04810288242370839,916.5018136747948
2023-03-31,NESTLEIND,INE239A01016,,19155.0,19751.9,19155.0,19704.5,148444,2908512490.2,0.04810288242370839,947.843246717962
2023-04-03,NESTLEIND,INE239A01016,,19784.0,19790.0,19386.05,19705.45,63740,1252688802.65,0.04810288242370839,947.8889444562644
2023-04-05,NESTLEIND,INE239A01016,,19659.0,19873.0,19601.0,19822.05,47151,931135387.05,0.04810288242370839,953.4977405468688
2023-04-06,NESTLEIND,INE239A01016,,19795.0,19840.0,19605.0,19708.25,40978,807212184.95,0.04810288242370839,948.0236325270508
2023-04-10,NESTLEIND,INE239A01016,,19700.0,19716.45,19501.0,19530.2,22414,439443361.65,0.04810288242370839,939.4589143115096
2023-04-11,NESTLEIND,INE239A01016,,19648.0,19695.0,19475.0,19674.6,44126,864498525.2,0.04810288242370839,946.4049705334929
2023-04-12,NESTLEIND,INE239A01016,,19695.0,19695.0,19364.95,19440.3,56882,1107083811.7,0.04810288242370839,935.1344651816181
2023-04-13,NESTLEIND,INE239A01016,,19500.0,19680.0,19416.25,19465.35,46151,901398912.15,0.04810288242370839,936.3394423863319
2023-04-17,NESTLEIND,INE239A01016,,19590.0,20410.0,19502.15,20244.4,194351,3913645564.35,0.04810288242370839,973.8139929385221
2023-04-18,NESTLEIND,INE239A01016,,20200.0,20700.0,20200.0,20661.25,139860,2865235484.75,0.04810288242370839,993.8656794768449
2023-04-19,NESTLEIND,INE239A01016,,20659.85,20663.65,20388.0,20618.7,89874,1846151346.7,0.04810288242370839,991.8189018297162
2023-04-20,NESTLEIND,INE239A01016,,20595.0,20720.7,20380.0,20473.1,52213,1070338697.05,0.04810288242370839,984.8151221488241
2023-04-21,NESTLEIND,INE239A01016,,20473.1,20587.0,20387.4,20496.85,44305,907503487.85,0.04834350331987476,990.8895360219749
2023-04-24,NESTLEIND,INE239A01016,,20500.95,20709.0,20401.05,20689.3,57868,1188744268.75,0.04834350331987476,1000.1932432358849
2023-04-25,NESTLEIND,INE239A01016,,20709.0,20928.6,20308.0,20665.2,168464,3478137244.85,0.04834350331987476,999.0281648058759
2023-04-26,NESTLEIND,INE239A01016,,20599.0,21089.0,20472.5,21026.25,124894,2602180768.15,0.04834350331987476,1016.4825866795167
2023-04-27,NESTLEIND,INE239A01016,,21066.25,21199.95,21000.05,21147.3,102232,2157673195.55,0.04834350331987476,1022.3345677563875
2023-04-28,NESTLEIND,INE239A01016,,21181.95,21849.6,21130.0,21761.4,166516,3587906497.8,0.04834350331987476,1052.0223131451228
2023-05-02,NESTLEIND,INE239A01016,,21800.0,22099.0,21672.5,21745.85,89170,1952591809.3,0.04834350331987476,1051.2705716684984
2023-05-03,NESTLEIND,INE239A01016,,21745.0,21945.85,21578.4,21875.7,57013,1245725310.7,0.04834350331987476,1057.5479755745844
2023-05-04,NESTLEIND,INE239A01016,,21878.85,21994.95,21637.85,21693.75,63534,1382451519.7,0.04834350331987476,1048.7518751455332
2023-05-05,NESTLEIND,INE239A01016,,21799.95,22078.7,21749.9,22019.85,55076,1208619950.15,0.04834350331987476,1064.5166915781442
2023-05-08,NESTLEIND,INE239A01016,,22050.0,22300.0,21760.4,21983.25,75656,1664208138.7,0.04834350331987476,1062.7473193566368
2023-05-09,NESTLEIND,INE239A01016,,22000.0,22144.95,21846.7,21971.35,43287,952272906.4,0.04834350331987476,1062.1720316671303
2023-05-10,NESTLEIND,INE239A01016,,21971.35,22129.9,21969.5,22050.0,60441,1333193007.2,0.04834350331987476,1065.9742482032384
2023-05-11,NESTLEIND,INE239A01016,,22099.0,22235.0,21950.3,22019.8,68937,1518721211.85,0.04834350331987476,1064.5142744029783
2023-05-12,NESTLEIND,INE239A01016,,22019.0,22069.4,21740.0,21794.15,66961,1467093102.3,0.04834350331987476,1053.6055628788486
2023-05-15,NESTLEIND,INE239A01016,,21820.0,22019.9,21751.25,21786.6,72570,1583017454.1,0.04834350331987476,1053.2405694287834
2023-05-16,NESTLEIND,INE239A01016,,21875.0,21989.0,21720.0,21780.4,77257,1686697331.75,0.04834350331987476,1052.9408397082004
2023-05-17,NESTLEIND,INE239A01016,,21780.4,21891.3,21600.0,21732.5,66788,1452648111.1,0.04834350331987476,1050.6251858991782
2023-05-18,NESTLEIND,INE239A01016,,21850.0,21950.0,21650.2,21679.6,51175,1114133536.8,0.04834350331987476,1048.067814573557
2023-05-19,NESTLEIND,INE239A01016,,21800.0,21800.0,21506.1,21690.15,73220,1583748578.3,0.04834350331987476,1048.5778385335816
2023-05-22,NESTLEIND,INE239A01016,,21699.0,21699.0,21422.1,21494.8,51095,1101413234.3,0.04834350331987476,1039.133935160044
2023-05-23,NESTLEIND,INE239A01016,,21450.0,21610.0,21362.1,21403.7,55459,1191813461.75,0.04834350331987476,1034.7298420076036
2023-05-24,NESTLEIND,INE239A01016,,21403.7,21498.0,21275.0,21380.6,44364,948293977.95,0.04834350331987476,1033.6131070809142
2023-05-25,NESTLEIND,INE239A01016,,21500.0,21632.0,21310.85,21474.9,81502,1751224245.0,0.04834350331987476,1038.1718994439786
2023-05-26,NESTLEIND,INE239A01016,,21484.95,21629.0,21370.0,21581.75,63159,1358365105.05,0.04834350331987476,1043.337402773707
2023-05-29,NESTLEIND,INE239A01016,,21724.95,21850.0,21552.1,21729.45,53437,1158279663.0,0.04834350331987476,1050.4777382140526
2023-05-30,NESTLEIND,INE239A01016,,21680.0,21728.6,21511.05,21574.45,46981,1013602475.15,0.04834350331987476,1042.9844951994721
2023-05-31,NESTLEIND,INE239A01016,,21580.0,21858.35,21515.0,21673.1,424794,9200947008.55,0.04834350331987476,1047.7535818019776
2023-06-01,NESTLEIND,INE239A01016,,21786.0,21924.95,21572.8,21874.3,59866,1306767340.9,0.04834350331987476,1057.4802946699365
2023-06-02,NESTLEIND,INE239A01016,,22000.0,22095.0,21820.0,22046.45,58248,1280715229.35,0.04834350331987476,1065.802628766453
2023-06-05,NESTLEIND,INE239A01016,,21999.05,22129.7,21790.0,21834.15,81509,1784718197.7,0.04834350331987476,1055.5393030116436
2023-06-06,NESTLEIND,INE239A01016,,21874.15,21931.55,21617.55,21705.4,78523,1706814008.25,0.04834350331987476,1049.3150769592098
2023-06-07,NESTLEIND,INE239A01016,,21749.9,22424.75,21749.9,22367.75,156812,3491305772.2,0.04834350331987476,1081.3353963831287
2023-06-08,NESTLEIND,INE239A01016,,22460.0,22577.55,22087.45,22148.9,72929,1622688144.8,0.04834350331987476,1070.7554206815742
2023-06-09,NESTLEIND,INE239A01016,,22100.9,22280.0,22040.9,22073.45,70915,1568465022.9,0.04834350331987476,1067.1079033560895
2023-06-12,NESTLEIND,INE239A01016,,22050.0,22349.0,22029.15,22289.35,62352,1386264961.25,0.04834350331987476,1077.5452657228504
2023-06-13,NESTLEIND,INE239A01016,,22349.0,22678.0,22292.35,22492.6,83347,1877479976.7,0.04834350331987476,1087.371082772615
2023-06-14,NESTLEIND,INE239A01016,,22525.0,22751.0,22500.0,22728.75,72377,1639021063.8,0.04834350331987476,1098.7874010816035
2023-06-15,NESTLEIND,INE239A01016,,22728.75,23000.0,22632.5,22966.2,73757,1690516754.6,0.04834350331987476,1110.2665659449078
2023-06-16,NESTLEIND,INE239A01016,,22966.2,23175.25,22877.3,22968.55,73541,1690873699.5,0.04834350331987476,1110.3801731777094
2023-06-19,NESTLEIND,INE239A01016,,23025.0,23150.0,22761.25,22794.85,43331,993396770.3,0.04834350331987476,1101.9829066510472
2023-06-20,NESTLEIND,INE239A01016,,22794.85,22999.95,22720.0,22955.55,68877,1575231826.05,0.04834350331987476,1109.751707634551
2023-06-21,NESTLEIND,INE239A01016,,22956.1,23069.7,22765.0,22891.6,64642,1477632851.6,0.04834350331987476,1106.6601405972451
2023-06-22,NESTLEIND,INE239A01016,,22800.0,22890.75,22492.7,22532.9,49903,1128688137.15,0.04834350331987476,1089.3193259564061
2023-06-23,NESTLEIND,INE239A01016,,22532.9,22619.95,22453.65,22536.85,43515,980152203.9,0.04834350331987476,1089.5102827945195
2023-06-26,NESTLEIND,INE239A01016,,22520.05,22700.0,22505.0,22630.8,35015,791155147.55,0.04834350331987476,1094.0521549314217
2023-06-27,NESTLEIND,INE239A01016,,22631.35,22870.0,22505.1,22637.25,44133,1000004359.75,0.04834350331987476,1094.363970527835
2023-06-28,NESTLEIND,INE239A01016,,22670.0,22800.0,22580.0,22744.1,55624,1263735659.45,0.04834350331987476,1099.5294738575635
2023-06-30,NESTLEIND,INE239A01016,,22750.0,22946.25,22625.0,22894.3,36862,840361795.45,0.04834350331987476,1106.7906680562087
2023-07-03,NESTLEIND,INE239A01016,,22950.0,22950.0,22583.0,22632.55,55269,1253066881.55,0.04834350331987476,1094.1367560622316
2023-07-04,NESTLEIND,INE239A01016,,22748.0,22845.0,22525.5,22624.05,30149,682545211.65,0.04834350331987476,1093.7258362840125
2023-07-05,NESTLEIND,INE239A01016,,22586.0,22944.0,22580.0,22899.9,38888,886322684.5,0.04834350331987476,1107.0613916748002
2023-07-06,NESTLEIND,INE239A01016,,22935.0,23392.45,22905.0,23099.45,90367,2089711831.1,0.04834350331987476,1116.7083377622812
2023-07-07,NESTLEIND,INE239A01016,,23155.05,23246.85,22850.0,22906.2,56464,1296607416.55,0.04834350331987476,1107.3659557457154
2023-07-10,NESTLEIND,INE239A01016,,22869.0,23042.4,22550.0,22580.25,36388,824334963.25,0.04834350331987476,1091.6083908386022
2023-07-11,NESTLEIND,INE239A01016,,22610.0,22959.85,22550.3,22852.3,68526,1561898377.4,0.04834350331987476,1104.760240916774
2023-07-12,NESTLEIND,INE239A01016,,22939.0,23100.0,22817.0,23060.05,48090,1106666684.35,0.04834350331987476,1114.803603731478
2023-07-13,NESTLEIND,INE239A01016,,23060.05,23121.55,22776.85,22820.75,43216,990614836.1,0.04834350331987476,1103.235003387032
2023-07-14,NESTLEIND,INE239A01016,,22820.75,23200.0,22800.0,23138.05,45457,1044695259.7,0.04834350331987476,1118.574396990428
2023-07-17,NESTLEIND,INE239A01016,,23200.0,23395.35,22955.0,23070.75,41795,967025630.4,0.04834350331987476,1115.3208792170008
2023-07-18,NESTLEIND,INE239A01016,,23190.0,23190.0,22820.5,22977.15,32584,749273555.25,0.04834350331987476,1110.7959273062604
2023-07-19,NESTLEIND,INE239A01016,,22950.0,23025.0,22801.5,22940.95,27881,638684665.85,0.04834350331987476,1109.045892486081
2023-07-20,NESTLEIND,INE239A01016,,22941.0,23084.5,22751.0,23007.95,37792,866698171.25,0.04834350331987476,1112.2849072085125
2023-07-21,NESTLEIND,INE239A01016,,23014.95,23231.95,22912.8,22982.55,36843,849323603.7,0.04834350331987476,1111.0569822241878
2023-07-24,NESTLEIND,INE239A01016,,22980.15,23048.6,22707.75,22820.1,42081,961318814.55,0.04834350331987476,1103.2035801098739
2023-07-25,NESTLEIND,INE239A01016,,23140.0,23140.0,22675.25,22772.9,62576,1425794628.1,0.04834350331987476,1100.921766753176
2023-07-26,NESTLEIND,INE239A01016,,22790.9,22900.0,22702.0,22799.9,34462,785316863.35,0.04834350331987476,1102.2270413428128
2023-07-27,NESTLEIND,INE239A01016,,22859.2,22900.0,22076.05,22325.3,179374,4012378828.55,0.04834350331987476,1079.2832146672
2023-07-28,NESTLEIND,INE239A01016,,22325.3,22631.85,22187.3,22480.9,67211,1509410941.3,0.04834350331987476,1086.8054637837727
2023-07-31,NESTLEIND,INE239A01016,,22650.0,22654.0,22429.7,22553.3,48609,1096026020.45,0.04834350331987476,1090.3055334241315
2023-08-01,NESTLEIND,INE239A01016,,22608.3,22690.0,22425.0,22593.7,65019,1464456079.85,0.04834350331987476,1092.2586109582544
2023-08-02,NESTLEIND,INE239A01016,,22690.0,22938.15,22510.6,22882.3,104661,2385749728.45,0.04834350331987476,1106.2105460163702
2023-08-03,NESTLEIND,INE239A01016,,22887.95,22887.95,22401.95,22475.8,44971,1017297017.0,0.04834350331987476,1086.5589119168412
2023-08-04,NESTLEIND,INE239A01016,,22495.95,22698.85,22412.0,22454.5,41010,923447346.7,0.04834350331987476,1085.529195296128
2023-08-07,NESTLEIND,INE239A01016,,22454.5,22551.6,22150.0,22459.3,41246,922557526.55,0.04834350331987476,1085.7612441120632
2023-08-08,NESTLEIND,INE239A01016,,22470.0,22498.95,22100.0,22229.25,58032,1288366113.75,0.04834350331987476,1074.639821173326
2023-08-09,NESTLEIND,INE239A01016,,22280.0,22356.25,22162.6,22218.4,37285,828726058.2,0.04834350331987476,1074.1152941623054
2023-08-10,NESTLEIND,INE239A01016,,22163.0,22244.55,21895.0,21989.75,70579,1551099014.4,0.04834350331987476,1063.0615521282161
2023-08-11,NESTLEIND,INE239A01016,,21989.75,22010.0,21750.0,21842.4,38363,839277234.4,0.04834350331987476,1055.9381369140326
2023-08-14,NESTLEIND,INE239A01016,,21844.25,22040.0,21709.25,21899.5,40788,893257762.45,0.04834350331987476,1058.6985509535973
2023-08-16,NESTLEIND,INE239A01016,,22130.0,22130.0,21785.35,21947.9,28930,634002320.05,0.04834350331987476,1061.0383765142794
2023-08-17,NESTLEIND,INE239A01016,,21900.0,22028.3,21602.4,21667.45,69992,1518355658.5,0.04834350331987476,1047.4804410082204
2023-08-18,NESTLEIND,INE239A01016,,21667.45,21880.0,21450.0,21830.0,65667,1426870092.35,0.04834350331987476,1055.338677472866
2023-08-21,NESTLEIND,INE239A01016,,21830.0,22176.1,21735.35,22034.35,37096,816169283.45,0.04834350331987476,1065.2176723762823
2023-08-22,NESTLEIND,INE239A01016,,22034.35,22092.45,21906.05,22025.95,40522,892092520.4,0.04834350331987476,1064.8115869483956
2023-08-23,NESTLEIND,INE239A01016,,22100.0,22269.8,21950.0,22183.15,61378,1357926389.0,0.04834350331987476,1072.4111856702798
2023-08-24,NESTLEIND,INE239A01016,,22283.0,22290.0,22143.3,22244.9,46020,1023202285.4,0.04834350331987476,1075.3963970002821
2023-08-25,NESTLEIND,INE239A01016,,22190.0,22280.45,22111.25,22188.5,41964,930130310.3,0.04834350331987476,1072.669823413041
2023-08-28,NESTLEIND,INE239A01016,,22191.5,22214.55,22000.0,22034.45,41507,916480222.45,0.04834350331987476,1065.2225067266145
2023-08-29,NESTLEIND,INE239A01016,,22070.45,22179.8,21950.0,22063.0,52428,1155522585.25,0.04834350331987476,1066.6027137463968
2023-08-30,NESTLEIND,INE239A01016,,22063.0,22280.0,22010.15,22198.5,64832,1437177309.45,0.04834350331987476,1073.15325844624
2023-08-31,NESTLEIND,INE239A01016,,22250.0,22289.0,21670.05,21986.4,233065,5112730701.3,0.04834350331987476,1062.8996013920946
2023-09-01,NESTLEIND,INE239A01016,,22050.0,22109.7,21860.0,21915.55,35849,786185493.65,0.04834350331987476,1059.4744641818813
2023-09-04,NESTLEIND,INE239A01016,,21975.2,21979.95,21632.5,21738.2,74091,1610039975.35,0.04834350331987476,1050.9007438681015
2023-09-05,NESTLEIND,INE239A01016,,21754.55,21998.6,21754.55,21954.45,62313,1364991364.1,0.04834350331987476,1061.3550264610244
2023-09-06,NESTLEIND,INE239A01016,,21954.45,22100.0,21774.6,22004.1,56292,1237423498.1,0.04834350331987476,1063.7552814008561
2023-09-07,NESTLEIND,INE239A01016,,21978.3,22085.1,21822.35,21896.3,41159,901424251.15,0.04834350331987476,1058.5438517429736
2023-09-08,NESTLEIND,INE239A01016,,21946.0,21979.35,21830.0,21883.25,30477,667236273.85,0.04834350331987476,1057.9129690246493
2023-09-11,NESTLEIND,INE239A01016,,21910.0,22199.95,21873.4,22127.05,46977,1036124839.0,0.04834350331987476,1069.6991151340349
2023-09-12,NESTLEIND,INE239A01016,,22134.3,22395.0,22017.1,22317.75,49379,1098862605.95,0.04834350331987476,1078.918221217135
2023-09-13,NESTLEIND,INE239A01016,,22275.55,22569.15,22150.05,22179.8,50825,1134858002.6,0.04834350331987476,1072.2492349341583
2023-09-14,NESTLEIND,INE239A01016,,22230.0,22510.0,22157.0,22477.7,81056,1816064095.3,0.04834350331987476,1086.650764573149
2023-09-15,NESTLEIND,INE239A01016,,22500.0,22701.0,22318.95,22622.3,116141,2622766895.85,0.04834350331987476,1093.6412351532028
2023-09-18,NESTLEIND,INE239A01016,,22620.0,22840.0,22452.65,22819.4,57532,1307273976.5,0.04834350331987476,1103.1697396575503
2023-09-20,NESTLEIND,INE239A01016,,22556.05,22826.55,22556.05,22680.25,57450,1302688407.7,0.04834350331987476,1096.4427411705897
2023-09-21,NESTLEIND,INE239A01016,,22659.95,22669.95,22350.0,22533.5,46183,1039561647.45,0.04834350331987476,1089.348332058398
2023-09-22,NESTLEIND,INE239A01016,,22520.0,22639.95,22380.0,22532.5,38301,861426299.1,0.04834350331987476,1089.299988555078
2023-09-25,NESTLEIND,INE239A01016,,22570.0,22708.7,22451.0,22638.75,34427,778155480.65,0.04834350331987476,1094.4364857828148
2023-09-26,NESTLEIND,INE239A01016,,22700.0,23062.9,22596.05,23005.55,66001,1511210441.25,0.04834350331987476,1112.1688828005447
2023-09-27,NESTLEIND,INE239A01016,,23005.0,23005.55,22741.45,22873.0,41653,951565098.6,0.04834350331987476,1105.7609514354954
2023-09-28,NESTLEIND,INE239A01016,,22900.0,22907.95,22447.8,22538.45,51981,1176419254.15,0.04834350331987476,1089.5876323998314
2023-09-29,NESTLEIND,INE239A01016,,22550.95,22705.0,22430.0,22506.9,45229,1020425549.05,0.04834350331987476,1088.0623948700893
2023-10-03,NESTLEIND,INE239A01016,,22506.9,22594.7,22255.15,22315.25,50013,1119626444.5,0.04834350331987476,1078.7973624588353
2023-10-04,NESTLEIND,INE239A01016,,22805.05,23358.8,22551.0,22986.2,213488,4886720419.85,0.04834350331987476,1111.2334360113052
2023-10-05,NESTLEIND,INE239A01016,,23005.0,23107.2,22775.0,22918.7,68000,1559985961.5,0.04834350331987476,1107.9702495372137
2023-10-06,NESTLEIND,INE239A01016,,22989.95,23067.6,22814.9,22912.25,38812,890712963.1,0.04834350331987476,1107.6584339408005
2023-10-09,NESTLEIND,INE239A01016,,22812.05,22980.8,22800.0,22881.85,23755,543863392.2,0.04834350331987476,1106.1887914398762
2023-10-10,NESTLEIND,INE239A01016,,22960.0,23017.0,22825.35,22968.05,39663,908589180.3,0.04834350331987476,1110.3560014260495
2023-10-11,NESTLEIND,INE239A01016,,22968.05,23273.9,22930.0,23202.05,67338,1556513299.3,0.04834350331987476,1121.6683812029003
2023-10-12,NESTLEIND,INE239A01016,,23223.0,23300.0,22962.05,23075.15,54222,1252240416.95,0.04834350331987476,1115.5335906316081
2023-10-13,NESTLEIND,INE239A01016,,23075.05,23599.85,22955.4,23554.35,90791,2123901066.95,0.04834350331987476,1138.699797422492
2023-10-16,NESTLEIND,INE239A01016,,23550.0,23550.0,22975.05,23108.55,86608,2003147617.3,0.04834350331987476,1117.1482636424919
2023-10-17,NESTLEIND,INE239A01016,,23130.0,23362.2,23130.0,23325.3,38166,887661469.6,0.04834350331987476,1127.6267179870747
2023-10-18,NESTLEIND,INE239A01016,,23325.3,23447.15,23200.0,23262.95,35671,831253632.0,0.04834350331987476,1124.6125005550807
2023-10-19,NESTLEIND,INE239A01016,,23256.9,24227.0,23100.5,24132.35,292412,6940272558.2,0.04834350331987476,1166.6423423413796
2023-10-20,NESTLEIND,INE239A01016,,24099.95,24745.0,24001.8,24279.7,207934,5082518900.15,0.04834350331987476,1173.7657575555634
2023-10-23,NESTLEIND,INE239A01016,,24300.0,24674.95,24128.35,24197.75,79230,1928371611.2,0.04834350331987476,1169.8040074584994
2023-10-25,NESTLEIND,INE239A01016,,24280.0,24529.7,24153.1,24262.7,111350,2714302981.55,0.04834350331987476,1172.9439179991255
2023-10-26,NESTLEIND,INE239A01016,,24260.0,24260.6,23421.0,23545.6,126940,3009717934.95,0.04834350331987476,1138.2767917684432
2023-10-27,NESTLEIND,INE239A01016,,23550.5,24228.0,23440.35,24056.95,130437,3110992155.85,0.04834350331987476,1162.997242191061
2023-10-30,NESTLEIND,INE239A01016,,24100.0,24250.0,23865.05,24171.7,72614,1750957742.05,0.04834350331987476,1168.5446591970167
2023-10-31,NESTLEIND,INE239A01016,,24300.0,24330.0,24122.05,24234.8,51639,1251096564.4,0.04834350331987476,1171.5951342565008
2023-11-01,NESTLEIND,INE239A01016,,24200.0,24200.05,23780.0,23872.7,63690,1524299954.75,0.04862439755700404,1160.7956555590904
2023-11-02,NESTLEIND,INE239A01016,,23990.2,24149.8,23773.1,24111.8,107068,2564742082.3,0.04862439755700404,1172.42174901497
2023-11-03,NESTLEIND,INE239A01016,,24142.9,24200.0,23976.85,23999.05,47714,1147937201.05,0.04862439755700404,1166.9393481904178
2023-11-06,NESTLEIND,INE239A01016,,24150.05,24390.5,24058.7,24289.55,74276,1803016349.7,0.04862439755700404,1181.0647356807274
2023-11-07,NESTLEIND,INE239A01016,,24287.0,24480.0,24120.05,24369.5,52965,1289087332.35,0.04862439755700404,1184.95225626541
2023-11-08,NESTLEIND,INE239A01016,,24369.05,24412.7,24220.05,24281.55,36305,882295593.5,0.04862439755700404,1180.6757405002713
2023-11-09,NESTLEIND,INE239A01016,,24350.0,24415.0,24192.35,24226.75,42223,1024677137.0,0.04862439755700404,1178.0111235141476
2023-11-10,NESTLEIND,INE239A01016,,24226.75,24249.5,24055.65,24137.2,28317,683408908.95,0.04862439755700404,1173.6568087129178
2023-11-13,NESTLEIND,INE239A01016,,24298.0,24298.0,24032.0,24085.85,28528,687392821.3,0.04862439755700404,1171.1599458983658
2023-11-15,NESTLEIND,INE239A01016,,24245.0,24249.0,24008.0,24174.05,76697,1851099388.4,0.04862439755700404,1175.4486177628935
2023-11-16,NESTLEIND,INE239A01016,,24195.05,24272.5,24046.0,24082.9,69418,1675957460.95,0.04862439755700404,1171.0165039255726
2023-11-17,NESTLEIND,INE239A01016,,24100.0,24484.9,24064.6,24373.05,70051,1706525618.05,0.04862439755700404,1185.1248728767373
2023-11-20,NESTLEIND,INE239A01016,,24375.05,24403.8,24166.0,24302.55,54115,1313667465.8,0.04862439755700404,1181.6968528489685
2023-11-21,NESTLEIND,INE239A01016,,24305.0,24419.85,24180.25,24373.45,45329,1101636360.55,0.04862439755700404,1185.14432263576
2023-11-22,NESTLEIND,INE239A01016,,24370.05,24520.0,24260.0,24350.85,36821,896845927.75,0.04862439755700404,1184.0454112509717
2023-11-23,NESTLEIND,INE239A01016,,24414.05,24589.9,24351.15,24393.3,36814,900946095.7,0.04862439755700404,1186.1095169272667
2023-11-24,NESTLEIND,INE239A01016,,24450.0,24472.85,24108.05,24138.95,40412,977816905.75,0.04862439755700404,1173.7419014086427
2023-11-28,NESTLEIND,INE239A01016,,24138.0,24260.0,23883.15,24218.6,87697,2112240508.4,0.04862439755700404,1177.6148346740579
2023-11-29,NESTLEIND,INE239A01016,,24221.0,24335.0,24011.05,24067.5,62715,1512602711.2,0.04862439755700404,1170.2676882031947
2023-11-30,NESTLEIND,INE239A01016,,24080.0,24340.2,23965.35,24236.15,147203,3558143707.15,0.04862439755700404,1178.4681928511836
2023-12-01,NESTLEIND,INE239A01016,,24339.95,24365.0,24156.4,24338.6,63650,1543981181.4,0.04862439755700404,1183.4497623808984
2023-12-04,NESTLEIND,INE239A01016,,24389.0,24535.0,24138.65,24402.8,99392,2421166834.25,0.04862439755700404,1186.5714487040582
2023-12-05,NESTLEIND,INE239A01016,,24451.0,24673.85,24402.8,24608.9,67187,1649721430.1,0.04862439755700404,1196.5929370405568
2023-12-06,NESTLEIND,INE239A01016,,24728.8,25096.9,24702.0,24968.5,79608,1985493109.5,0.04862439755700404,1214.0782704020553
2023-12-07,NESTLEIND,INE239A01016,,24968.5,25170.05,24813.3,24975.25,60085,1502155263.2,0.04862439755700404,1214.4064850855652
2023-12-08,NESTLEIND,INE239A01016,,24995.0,25175.7,24756.35,24789.6,70076,1750750727.8,0.04862439755700404,1205.3793656791072
2023-12-11,NESTLEIND,INE239A01016,,24880.0,25120.0,24639.0,25043.45,53937,1347060215.7,0.04862439755700404,1217.722668998953
2023-12-12,NESTLEIND,INE239A01016,,25043.45,25240.75,24802.25,24947.15,64123,1604276992.8,0.04862439755700404,1213.0401395142135
2023-12-13,NESTLEIND,INE239A01016,,24958.4,25080.0,24825.0,25044.4,44572,1111976085.0,0.04862439755700404,1217.768862176632
2023-12-14,NESTLEIND,INE239A01016,,25144.0,25144.0,24750.1,24793.3,104726,2601050563.9,0.04862439755700404,1205.5592759500682
2023-12-15,NESTLEIND,INE239A01016,,24850.05,24952.15,24220.0,24366.4,159541,3889214638.75,0.04862439755700404,1184.8015206329833
2023-12-18,NESTLEIND,INE239A01016,,24450.0,24580.6,24299.0,24354.25,66324,1617609037.25,0.04862439755700404,1184.2107342026657
2023-12-19,NESTLEIND,INE239A01016,,24569.8,25705.0,24510.9,25489.7,352866,8926638271.45,0.04862439755700404,1239.421306408766
2023-12-20,NESTLEIND,INE239A01016,,25694.0,25778.45,25055.2,25097.75,144488,3665160839.3,0.04862439755700404,1220.3629737862982
2023-12-21,NESTLEIND,INE239A01016,,25097.75,25248.0,24907.7,25115.85,110638,2771449645.6,0.04862439755700404,1221.24307538208
2023-12-22,NESTLEIND,INE239A01016,,25240.0,25409.95,25100.0,25368.45,88828,2240508728.95,0.04862439755700404,1233.5255982049791
2023-12-26,NESTLEIND,INE239A01016,,25486.0,25600.0,25365.0,25562.05,61785,1575623060.2,0.04862439755700404,1242.939281572015
2023-12-27,NESTLEIND,INE239A01016,,25600.0,25767.95,25580.5,25720.45,71416,1834157650.5,0.04862439755700404,1250.6413861450446
2023-12-28,NESTLEIND,INE239A01016,,25869.85,26374.0,25775.2,26249.9,157772,4123818552.55,0.04862439755700404,1276.3855734316005
2023-12-29,NESTLEIND,INE239A01016,,26250.0,26650.0,26145.65,26580.3,103408,2732210911.1,0.04862439755700404,1292.4510743844344
2024-01-01,NESTLEIND,INE239A01016,NESTLE INDIA LIMITED,26650.0,27445.25,26640.0,27372.4,131610,3564384319.0,0.04862439755700404,1330.9664596893374
2024-01-02,NESTLEIND,INE239A01016,NESTLE INDIA LIMITED,27500.0,27693.0,27024.05,27223.15,141577,3864602902.5,0.04862439755700404,1323.7092683539547
2024-01-03,NESTLEIND,INE239A01016,NESTLE INDIA LIMITED,27345.0,27417.3,26573.0,26635.2,101346,2723352366.35,0.04862439755700404,1295.120553810314
2024-01-04,NESTLEIND,INE239A01016,NESTLE INDIA LIMITED,26851.05,27150.05,26652.05,27116.4,132390,3566153407.8,0.04862439755700404,1318.5186139147445
2024-01-05,NESTLEIND,INE239A01024,NESTLE INDIA LIMITED,2754.0,2754.0,2642.45,2666.4,2577064,6884888559.9,0.4862439755700404,1296.5209364599557
2024-01-08,NESTLEIND,INE239A01024,NESTLE INDIA LIMITED,2683.0,2689.0,2611.0,2619.3,1032378,2726089223.1,0.4862439755700404,1273.6188452106069
2024-01-09,NESTLEIND,INE239A01024,NESTLE INDIA LIMITED,2640.0,2640.3,2586.95,2592.6,813027,2116154347.8,0.4862439755700404,1260.6361310628868
2024-01-10,NESTLEIND,INE239A01024,NESTLE INDIA LIMITED,2590.0,2622.4,2570.45,2578.1,1026468,2655540902.85,0.4862439755700404,1253.5855934171211
2024-01-11,NESTLEIND,INE239A01024,NESTLE INDIA LIMITED,2580.0,2589.95,2550.1,2557.2,775667,1985808842.8,0.4862439755700404,1243.4230943277073
2024-01-12,NESTLEIND,INE239A01024,NESTLE INDIA LIMITED,2557.2,2559.95,2530.0,2549.6,1107055,2816686405.9,0.4862439755700404,1239.727640113375
2024-01-15,NESTLEIND,INE239A01024,NESTLE INDIA LIMITED,2564.0,2576.15,2530.65,2547.55,893834,2279767551.05,0.4862439755700404,1238.7308399634564
2024-01-16,NESTLEIND,INE239A01024,NESTLE INDIA LIMITED,2556.9,2556.9,2531.35,2542.05,693370,1763667994.4,0.4862439755700404,1236.0564980978213
2024-01-17,NESTLEIND,INE239A01024,NESTLE INDIA LIMITED,2542.05,2557.15,2525.4,2543.1,801619,2036156098.65,0.4862439755700404,1236.5670542721698
2024-01-18,NESTLEIND,INE239A01024,NESTLE INDIA LIMITED,2535.0,2550.0,2496.15,2502.0,634910,1596607173.65,0.4862439755700404,1216.582426876241
2024-01-19,NESTLEIND,INE239A01024,NESTLE INDIA LIMITED,2510.0,2521.9,2499.7,2514.15,941391,2362407849.3,0.4862439755700404,1222.490291179417
2024-01-20,NESTLEIND,INE239A01024,NESTLE INDIA LIMITED,2520.0,2525.0,2470.8,2479.95,445592,1109114399.35,0.4862439755700404,1205.8607472149215
2024-01-23,NESTLEIND,INE239A01024,NESTLE INDIA LIMITED,2480.0,2498.2,2446.0,2462.9,690538,1704424077.6,0.4862439755700404,1197.5702874314525
2024-01-24,NESTLEIND,INE239A01024,NESTLE INDIA LIMITED,2477.9,2519.4,2455.0,2513.95,659038,1636831199.35,0.4862439755700404,1222.393042384303
2024-01-25,NESTLEIND,INE239A01024,NESTLE INDIA LIMITED,2525.05,2528.0,2467.7,2482.15,785773,1955897372.15,0.4862439755700404,1206.930483961176
2024-01-29,NESTLEIND,INE239A01024,NESTLE INDIA LIMITED,2482.15,2505.0,2476.6,2498.55,632719,1577486118.65,0.4862439755700404,1214.9048851605246
2024-01-30,NESTLEIND,INE239A01024,NESTLE INDIA LIMITED,2512.0,2531.15,2488.0,2492.05,668034,1676304448.6,0.4862439755700404,1211.7442993193192
2024-01-31,NESTLEIND,INE239A01024,NESTLE INDIA LIMITED,2509.0,2511.75,2481.7,2506.0,716094,1789673161.25,0.4862439755700404,1218.5274027785213
2024-02-01,NESTLEIND,INE239A01024,NESTLE INDIA LIMITED,2510.0,2510.9,2462.7,2467.8,820566,2041740297.75,0.4862439755700404,1199.9528829117457
2024-02-02,NESTLEIND,INE239A01024,NESTLE INDIA LIMITED,2468.0,2496.0,2463.05,2481.4,754061,1870519077.55,0.4862439755700404,1206.5658009794984
2024-02-05,NESTLEIND,INE239A01024,NESTLE INDIA LIMITED,2505.0,2505.0,2456.7,2462.7,532977,1320214156.7,0.4862439755700404,1197.4730386363385
2024-02-06,NESTLEIND,INE239A01024,NESTLE INDIA LIMITED,2462.35,2477.95,2445.75,2456.65,770183,1890551102.85,0.4862439755700404,1194.5312625841398
2024-02-07,NESTLEIND,INE239A01024,NESTLE INDIA LIMITED,2470.0,2511.55,2446.7,2499.6,1547404,3843891581.75,0.4862439755700404,1215.4154413348729
2024-02-08,NESTLEIND,INE239A01024,NESTLE INDIA LIMITED,2503.95,2513.85,2409.1,2423.05,1654447,4041070727.55,0.4862439755700404,1178.1934650049864
2024-02-09,NESTLEIND,INE239A01024,NESTLE INDIA LIMITED,2442.85,2465.9,2420.05,2450.1,838819,2048562598.95,0.4862439755700404,1191.346364544156
2024-02-12,NESTLEIND,INE239A01024,NESTLE INDIA LIMITED,2459.75,2467.95,2439.3,2459.05,445269,1094263328.2,0.4862439755700404,1195.698248125508
2024-02-13,NESTLEIND,INE239A01024,NESTLE INDIA LIMITED,2474.0,2476.6,2444.95,2457.35,310985,766021194.65,0.4862439755700404,1194.8716333670388
2024-02-14,NESTLEIND,INE239A01024,NESTLE INDIA LIMITED,2450.0,2497.35,2435.05,2487.0,509308,1252080723.1,0.4862439755700404,1209.2887672426905
2024-02-15,NESTLEIND,INE239A01024,NESTLE INDIA LIMITED,2495.0,2495.0,2438.0,2453.55,840476,2063307337.1,0.4876164384043107,1196.3913124468966
2024-02-16,NESTLEIND,INE239A01024,NESTLE INDIA LIMITED,2457.05,2490.5,2448.6,2487.65,746616,1851573707.4,0.4876164384043107,1213.0190329964835
2024-02-19,NESTLEIND,INE239A01024,NESTLE INDIA LIMITED,2495.0,2525.5,2481.4,2513.25,477520,1200234022.55,0.4876164384043107,1225.502013819634
2024-02-20,NESTLEIND,INE239A01024,NESTLE INDIA LIMITED,2519.0,2541.8,2497.1,2539.4,631444,1595430460.25,0.4876164384043107,1238.2531836839066
2024-02-21,NESTLEIND,INE239A01024,NESTLE INDIA LIMITED,2539.4,2551.0,2518.15,2543.6,893182,2267943412.6,0.4876164384043107,1240.3011727252047
2024-02-22,NESTLEIND,INE239A01024,NESTLE INDIA LIMITED,2560.0,2565.95,2525.0,2563.15,752371,1919275138.25,0.4876164384043107,1249.8340740960089
2024-02-23,NESTLEIND,INE239A01024,NESTLE INDIA LIMITED,2565.0,2583.0,2551.95,2579.0,605619,1557736604.95,0.4876164384043107,1257.5627946447173
2024-02-26,NESTLEIND,INE239A01024,NESTLE INDIA LIMITED,2588.0,2588.0,2566.75,2583.9,661947,1706319082.7,0.4876164384043107,1259.9521151928984
2024-02-27,NESTLEIND,INE239A01024,NESTLE INDIA LIMITED,2585.0,2601.45,2566.75,2598.7,630872,1632261725.95,0.4876164384043107,1267.1688384812821
2024-02-28,NESTLEIND,INE239A01024,NESTLE INDIA LIMITED,2601.0,2605.0,2560.25,2570.9,492787,1272153804.25,0.4876164384043107,1253.6131014936423
2024-02-29,NESTLEIND,INE239A01024,NESTLE INDIA LIMITED,2571.45,2606.2,2547.05,2596.2,1387288,3592261264.75,0.4876164384043107,1265.9497973852713
2024-03-01,NESTLEIND,INE239A01024,NESTLE INDIA LIMITED,2596.2,2616.55,2582.5,2601.45,755728,1968574114.3,0.4876164384043107,1268.509783686894
2024-03-04,NESTLEIND,INE239A01024,NESTLE INDIA LIMITED,2594.9,2601.1,2577.4,2589.1,634310,1643549789.05,0.4876164384043107,1262.4877206726007
2024-03-05,NESTLEIND,INE239A01024,NESTLE INDIA LIMITED,2590.0,2595.2,2532.0,2538.65,339302,867040114.35,0.4876164384043107,1237.8874713551033
2024-03-06,NESTLEIND,INE239A01024,NESTLE INDIA LIMITED,2540.0,2566.75,2508.25,2533.05,991640,2508990201.0,0.4876164384043107,1235.1568193000392
2024-03-07,NESTLEIND,INE239A01024,NESTLE INDIA LIMITED,2530.0,2566.0,2519.0,2560.95,648652,1653139172.75,0.4876164384043107,1248.7613179315194
2024-03-11,NESTLEIND,INE239A01024,NESTLE INDIA LIMITED,2560.95,2631.0,2548.55,2611.5,1495299,3896949886.25,0.4876164384043107,1273.4103288928573
2024-03-12,NESTLEIND,INE239A01024,NESTLE INDIA LIMITED,2606.05,2615.05,2566.3,2590.15,863235,2230830069.9,0.4876164384043107,1262.9997179329253
2024-03-13,NESTLEIND,INE239A01024,NESTLE INDIA LIMITED,2594.95,2653.65,2552.85,2582.95,1813802,4727191903.45,0.4876164384043107,1259.488879576414
2024-03-14,NESTLEIND,INE239A01024,NESTLE INDIA LIMITED,2590.0,2619.95,2573.9,2612.75,1122997,2920332123.95,0.4876164384043107,1274.0198494408628
2024-03-15,NESTLEIND,INE239A01024,NESTLE INDIA LIMITED,2616.95,2629.9,2585.2,2603.65,1266992,3299961808.5,0.4876164384043107,1269.5825398513834
2024-03-18,NESTLEIND,INE239A01024,NESTLE INDIA LIMITED,2603.65,2610.8,2558.75,2580.35,642596,1658201669.5,0.4876164384043107,1258.221076836563
2024-03-19,NESTLEIND,INE239A01024,NESTLE INDIA LIMITED,2580.0,2584.75,2468.15,2496.05,1748864,4375703529.85,0.4876164384043107,1217.1150110790797
2024-03-20,NESTLEIND,INE239A01024,NESTLE INDIA LIMITED,2514.0,2555.0,2498.05,2550.25,699645,1775876167.55,0.4876164384043107,1243.5438220405933
2024-03-21,NESTLEIND,INE239A01024,NESTLE INDIA LIMITED,2551.0,2562.05,2525.15,2553.65,903877,2300114740.75,0.4876164384043107,1245.201717931168
2024-03-22,NESTLEIND,INE239A01024,NESTLE INDIA LIMITED,2540.2,2592.0,2537.0,2573.4,1013563,2597327308.55,0.4876164384043107,1254.8321425896531
2024-03-26,NESTLEIND,INE239A01024,NESTLE INDIA LIMITED,2568.0,2596.5,2532.15,2586.1,970852,2508087635.35,0.4876164384043107,1261.0248713573878
2024-03-27,NESTLEIND,INE239A01024,NESTLE INDIA LIMITED,2586.1,2590.55,2551.75,2566.45,900596,2310534020.3,0.4876164384043107,1251.443208342743
2024-03-28,NESTLEIND,INE239A01024,NESTLE INDIA LIMITED,2567.05,2638.7,2567.05,2622.35,2182916,5705932891.8,0.4876164384043107,1278.700967249544
2024-04-01,NESTLEIND,INE239A01024,NESTLE INDIA LIMITED,2622.35,2642.6,2582.5,2585.6,743032,1931624375.0,0.4876164384043107,1260.7810631381856
2024-04-02,NESTLEIND,INE239A01024,NESTLE INDIA LIMITED,2597.0,2630.0,2583.0,2623.3,722883,1889403895.95,0.4876164384043107,1279.1642028660283
2024-04-03,NESTLEIND,INE239A01024,NESTLE INDIA LIMITED,2623.3,2623.95,2545.0,2553.95,1925139,4922012565.35,0.4876164384043107,1245.348002862689
2024-04-04,NESTLEIND,INE239A01024,NESTLE INDIA LIMITED,2569.8,2570.0,2514.1,2549.6,1391376,3536319236.95,0.4876164384043107,1243.2268713556305
2024-04-05,NESTLEIND,INE239A01024,NESTLE INDIA LIMITED,2575.0,2576.0,2534.0,2537.65,766227,1954136339.5,0.4876164384043107,1237.399854916699
2024-04-08,NESTLEIND,INE239A01024,NESTLE INDIA LIMITED,2531.0,2547.25,2492.85,2498.05,1218490,3057232811.2,0.4876164384043107,1218.0902439558884
2024-04-09,NESTLEIND,INE239A01024,NESTLE INDIA LIMITED,2506.0,2522.2,2497.0,2502.8,433941,1087435313.9,0.4876164384043107,1220.4064220383088
2024-04-10,NESTLEIND,INE239A01024,NESTLE INDIA LIMITED,2514.0,2533.0,2494.05,2527.6,494880,1246015304.75,0.4876164384043107,1232.4993097107356
2024-04-12,NESTLEIND,INE239A01024,NESTLE INDIA LIMITED,2534.7,2559.0,2516.2,2536.2,1239965,3151084406.1,0.4876164384043107,1236.6928110810127
2024-04-15,NESTLEIND,INE239A01024,NESTLE INDIA LIMITED,2510.0,2577.0,2510.0,2553.65,1146823,2930565235.85,0.4876164384043107,1245.201717931168
2024-04-16,NESTLEIND,INE239A01024,NESTLE INDIA LIMITED,2550.15,2583.65,2542.3,2546.1,768861,1967340072.9,0.4876164384043107,1241.5202138212153
2024-04-18,NESTLEIND,INE239A01024,NESTLE INDIA LIMITED,2540.1,2542.65,2410.6,2462.55,3038833,7489323134.85,0.4876164384043107,1200.7798603925353
2024-04-19,NESTLEIND,INE239A01024,NESTLE INDIA LIMITED,2430.0,2471.35,2410.0,2437.7,1851012,4510790082.8,0.4876164384043107,1188.662591898188
2024-04-22,NESTLEIND,INE239A01024,NESTLE INDIA LIMITED,2436.5,2482.0,2427.85,2458.7,1252353,3070269000.45,0.4876164384043107,1198.9025371046787
2024-04-23,NESTLEIND,INE239A01024,NESTLE INDIA LIMITED,2449.0,2510.0,2425.95,2501.25,1124409,2794621059.05,0.4876164384043107,1219.650616558782
2024-04-24,NESTLEIND,INE239A01024,NESTLE INDIA LIMITED,2515.05,2535.8,2488.25,2500.15,723518,1817942926.5,0.4876164384043107,1219.1142384765374
2024-04-25,NESTLEIND,INE239A01024,NESTLE INDIA LIMITED,2519.95,2577.9,2471.25,2562.65,3240864,8213175033.35,0.4876164384043107,1249.5902658768068
2024-04-26,NESTLEIND,INE239A01024,NESTLE INDIA LIMITED,2574.95,2582.8,2471.05,2482.75,1321564,3311015686.2,0.4876164384043107,1210.6297124483024
2024-04-29,NESTLEIND,INE239A01024,NESTLE INDIA LIMITED,2502.0,2524.4,2490.0,2509.8,621562,1560530979.8,0.4876164384043107,1223.819737107139
2024-04-30,NESTLEIND,INE239A01024,NESTLE INDIA LIMITED,2517.7,2537.6,2500.55,2507.4,812639,2046219277.95,0.4876164384043107,1222.6494576549687
2024-05-02,NESTLEIND,INE239A01024,NESTLE INDIA LIMITED,2507.4,2541.0,2505.0,2512.3,1111913,2804911605.25,0.4876164384043107,1225.0387782031498
2024-05-03,NESTLEIND,INE239A01024,NESTLE INDIA LIMITED,2515.1,2523.05,2436.25,2456.1,1128730,2783957801.35,0.4876164384043107,1197.6347343648274
2024-05-06,NESTLEIND,INE239A01024,NESTLE INDIA LIMITED,2474.4,2479.95,2446.95,2457.4,715996,1761225565.35,0.4876164384043107,1198.2686357347532
2024-05-07,NESTLEIND,INE239A01024,NESTLE INDIA LIMITED,2469.0,2528.35,2459.55,2508.65,1073459,2693818516.35,0.4876164384043107,1223.258978202974
2024-05-08,NESTLEIND,INE239A01024,NESTLE INDIA LIMITED,2502.45,2548.0,2485.65,2539.0,699070,1763431572.65,0.4876164384043107,1238.0581371085448
2024-05-09,NESTLEIND,INE239A01024,NESTLE INDIA LIMITED,2539.0,2549.9,2502.0,2513.45,702155,1765821134.2,0.4876164384043107,1225.5995371073145
2024-05-10,NESTLEIND,INE239A01024,NESTLE INDIA LIMITED,2513.45,2549.0,2503.45,2533.2,697416,1767763599.0,0.4876164384043107,1235.2299617657998
2024-05-13,NESTLEIND,INE239A01024,NESTLE INDIA LIMITED,2532.75,2541.9,2506.05,2516.25,340381,857174904.45,0.4876164384043107,1226.9648631348468
2024-05-14,NESTLEIND,INE239A01024,NESTLE INDIA LIMITED,2506.1,2518.95,2482.0,2487.35,556747,1386730324.05,0.4876164384043107,1212.872748064962
2024-05-15,NESTLEIND,INE239A01024,NESTLE INDIA LIMITED,2488.0,2499.0,2460.0,2465.0,434406,1072947192.8,0.4876164384043107,1201.9745206666257
2024-05-16,NESTLEIND,INE239A01024,NESTLE INDIA LIMITED,2470.0,2479.95,2420.3,2468.35,972494,2378271506.3,0.4876164384043107,1203.6080357352803
2024-05-17,NESTLEIND,INE239A01024,NESTLE INDIA LIMITED,2468.35,2468.35,2433.8,2445.5,721178,1764451265.7,0.4876164384043107,1192.4660001177417
2024-05-21,NESTLEIND,INE239A01024,NESTLE INDIA LIMITED,2466.0,2489.6,2432.0,2460.8,1287451,3163756329.35,0.4876164384043107,1199.926531625328
2024-05-22,NESTLEIND,INE239A01024,NESTLE INDIA LIMITED,2472.0,2487.5,2461.9,2469.15,787327,1947990959.9,0.4876164384043107,1203.9981288860038
2024-05-23,NESTLEIND,INE239A01024,NESTLE INDIA LIMITED,2481.0,2487.5,2455.55,2474.15,781663,1932314908.9,0.4876164384043107,1206.4362110780253
2024-05-24,NESTLEIND,INE239A01024,NESTLE INDIA LIMITED,2476.95,2485.0,2458.05,2467.75,453772,1119325034.1,0.4876164384043107,1203.3154658722376
2024-05-27,NESTLEIND,INE239A01024,NESTLE INDIA LIMITED,2477.0,2479.0,2455.0,2459.9,535831,1322667748.55,0.4876164384043107,1199.4876768307638
2024-05-28,NESTLEIND,INE239A01024,NESTLE INDIA LIMITED,2461.15,2467.65,2446.0,2451.7,521672,1282004125.65,0.4876164384043107,1195.4892220358483
2024-05-29,NESTLEIND,INE239A01024,NESTLE INDIA LIMITED,2447.7,2497.0,2445.0,2476.2,869600,2154161957.6,0.4876164384043107,1207.435824776754
2024-05-30,NESTLEIND,INE239A01024,NESTLE INDIA LIMITED,2465.05,2473.1,2400.55,2404.8,1274214,3074729900.6,0.4876164384043107,1172.6200110746863
2024-05-31,NESTLEIND,INE239A01024,NESTLE INDIA LIMITED,2425.6,2425.6,2345.0,2354.9,2532973,5997780379.55,0.4876164384043107,1148.2879507983112
2024-06-03,NESTLEIND,INE239A01024,NESTLE INDIA LIMITED,2374.8,2388.95,2350.0,2355.05,1072515,2534600939.55,0.4876164384043107,1148.361093264072
2024-06-04,NESTLEIND,INE239A01024,NESTLE INDIA LIMITED,2363.95,2438.0,2327.45,2427.75,1558531,3717158817.8,0.4876164384043107,1183.8108083360653
2024-06-05,NESTLEIND,INE239A01024,NESTLE INDIA LIMITED,2430.0,2574.05,2430.0,2509.85,2028779,5114018079.45,0.4876164384043107,1223.8441179290592
2024-06-06,NESTLEIND,INE239A01024,NESTLE INDIA LIMITED,2518.0,2518.0,2452.65,2471.4,972140,2400630203.35,0.4876164384043107,1205.0952658724134
2024-06-07,NESTLEIND,INE239A01024,NESTLE INDIA LIMITED,2476.45,2516.25,2467.0,2502.45,1011202,2523838435.55,0.4876164384043107,1220.2357562848672
2024-06-10,NESTLEIND,INE239A01024,NESTLE INDIA LIMITED,2510.0,2565.0,2507.05,2548.2,795174,2024294993.9,0.4876164384043107,1242.5442083418643
2024-06-11,NESTLEIND,INE239A01024,NESTLE INDIA LIMITED,2560.0,2575.0,2534.0,2541.95,569411,1452264011.4,0.4876164384043107,1239.4966056018375
2024-06-12,NESTLEIND,INE239A01024,NESTLE INDIA LIMITED,2544.0,2554.75,2521.0,2537.3,480408,1220511982.55,0.4876164384043107,1237.2291891632576
2024-06-13,NESTLEIND,INE239A01024,NESTLE INDIA LIMITED,2594.15,2614.45,2545.15,2551.75,1081272,2777001393.8,0.4876164384043107,1244.2752466981997
2024-06-14,NESTLEIND,INE239A01024,NESTLE INDIA LIMITED,2564.6,2564.6,2534.1,2542.5,429472,1092683073.6,0.4876164384043107,1239.76479464296
2024-06-18,NESTLEIND,INE239A01024,NESTLE INDIA LIMITED,2549.0,2555.0,2534.0,2550.35,259554,660900097.45,0.4876164384043107,1243.5925836844337
2024-06-19,NESTLEIND,INE239A01024,NESTLE INDIA LIMITED,2550.0,2559.6,2517.85,2526.05,784307,1990174586.35,0.4876164384043107,1231.743504231209
2024-06-20,NESTLEIND,INE239A01024,NESTLE INDIA LIMITED,2525.0,2551.15,2500.0,2539.75,657413,1665949921.8,0.4876164384043107,1238.423849437348
2024-06-21,NESTLEIND,INE239A01024,NESTLE INDIA LIMITED,2532.6,2548.0,2488.5,2498.4,1271544,3184644026.0,0.4876164384043107,1218.2609097093298
2024-06-24,NESTLEIND,INE239A01024,NESTLE INDIA LIMITED,2498.4,2532.0,2484.5,2530.05,724201,1827991674.9,0.4876164384043107,1233.6939699848263
2024-06-25,NESTLEIND,INE239A01024,NESTLE INDIA LIMITED,2535.0,2538.3,2505.0,2515.45,312730,787263590.65,0.4876164384043107,1226.5747699841231
2024-06-26,NESTLEIND,INE239A01024,NESTLE INDIA LIMITED,2522.6,2547.0,2507.45,2534.25,479356,1214149348.7,0.4876164384043107,1235.7419590261243
2024-06-27,NESTLEIND,INE239A01024,NESTLE INDIA LIMITED,2531.2,2554.0,2508.05,2533.75,866311,2194280687.15,0.4876164384043107,1235.4981508069222
2024-06-28,NESTLEIND,INE239A01024,NESTLE INDIA LIMITED,2533.75,2573.7,2528.3,2551.65,1182033,3024781511.1,0.4876164384043107,1244.2264850543595
2024-07-01,NESTLEIND,INE239A01024,NESTLE INDIA LIMITED,2559.8,2591.1,2557.0,2568.1,924514,2378863611.95,0.4876164384043107,1252.2477754661102
2024-07-02,NESTLEIND,INE239A01024,NESTLE INDIA LIMITED,2585.4,2588.0,2533.15,2544.45,581100,1485254240.35,0.4876164384043107,1240.7156466978481
2024-07-03,NESTLEIND,INE239A01024,NESTLE INDIA LIMITED,2550.1,2569.55,2540.7,2551.5,315956,807132188.6,0.4876164384043107,1244.1533425885987
2024-07-04,NESTLEIND,INE239A01024,NESTLE INDIA LIMITED,2560.0,2565.0,2542.05,2545.15,313676,800245301.5,0.4876164384043107,1241.0569782047314
2024-07-05,NESTLEIND,INE239A01024,NESTLE INDIA LIMITED,2550.6,2579.6,2532.5,2574.15,791513,2028729223.2,0.4876164384043107,1255.1978549184564
2024-07-08,NESTLEIND,INE239A01024,NESTLE INDIA LIMITED,2574.15,2620.0,2561.45,2603.4,724276,1880890751.75,0.4876164384043107,1269.4606357417824
2024-07-09,NESTLEIND,INE239A01024,NESTLE INDIA LIMITED,2627.3,2640.1,2593.6,2633.1,832573,2180910864.1,0.4876164384043107,1283.9428439623905
2024-07-10,NESTLEIND,INE239A01024,NESTLE INDIA LIMITED,2637.9,2649.95,2598.05,2616.45,534990,1402358006.65,0.4876164384043107,1275.8240302629586
2024-07-11,NESTLEIND,INE239A01024,NESTLE INDIA LIMITED,2620.0,2631.6,2563.7,2593.2,1053799,2724131595.75,0.4876164384043107,1264.4869480700584
2024-07-12,NESTLEIND,INE239A01024,NESTLE INDIA LIMITED,2605.0,2619.85,2585.85,2609.0,725893,1892341938.4,0.4876164384043107,1272.1912877968466
2024-07-15,NESTLEIND,INE239A01024,NESTLE INDIA LIMITED,2609.05,2619.5,2597.0,2605.1,347961,906845675.55,0.4876164384043107,1270.2895836870698
2024-07-16,NESTLEIND,INE239A01024,NESTLE INDIA LIMITED,2604.6,2618.85,2569.05,2607.3,757069,1965366550.25,0.4897296256332653,1276.8720529136126
2024-07-18,NESTLEIND,INE239A01024,NESTLE INDIA LIMITED,2575.0,2634.9,2575.0,2627.05,866797,2265876408.3,0.4897296256332653,1286.5442130198696
2024-07-19,NESTLEIND,INE239A01024,NESTLE INDIA LIMITED,2634.85,2645.5,2586.45,2597.85,538936,1407209369.25,0.4897296256332653,1272.244107951378
2024-07-22,NESTLEIND,INE239A01024,NESTLE INDIA LIMITED,2597.85,2630.0,2565.3,2587.3,745171,1930761039.85,0.4897296256332653,1267.0774604009473
2024-07-23,NESTLEIND,INE239A01024,NESTLE INDIA LIMITED,2596.6,2606.5,2550.0,2581.55,968499,2504163939.9,0.4897296256332653,1264.261515053556
2024-07-24,NESTLEIND,INE239A01024,NESTLE INDIA LIMITED,2581.0,2581.0,2518.7,2541.4,1311044,3327862814.85,0.4897296256332653,1244.5988705843804
2024-07-25,NESTLEIND,INE239A01024,NESTLE INDIA LIMITED,2544.8,2556.65,2459.45,2480.65,3469181,8656855151.35,0.4897296256332653,1214.8477958271596
2024-07-26,NESTLEIND,INE239A01024,NESTLE INDIA LIMITED,2492.6,2492.6,2451.5,2476.9,1619693,3996156799.55,0.4897296256332653,1213.0113097310348
2024-07-29,NESTLEIND,INE239A01024,NESTLE INDIA LIMITED,2483.6,2486.95,2459.0,2470.3,802901,1982379269.0,0.4897296256332653,1209.7790942018553
2024-07-30,NESTLEIND,INE239A01024,NESTLE INDIA LIMITED,2470.35,2480.4,2451.0,2457.65,1714758,4215830197.4,0.4897296256332653,1203.5840144375945
2024-07-31,NESTLEIND,INE239A01024,NESTLE INDIA LIMITED,2470.0,2477.0,2452.0,2456.35,822361,2024934768.15,0.4897296256332653,1202.947365924271
2024-08-01,NESTLEIND,INE239A01024,NESTLE INDIA LIMITED,2465.0,2492.3,2456.35,2484.0,1326762,3292249404.2,0.4897296256332653,1216.488390073031
2024-08-02,NESTLEIND,INE239A01024,NESTLE INDIA LIMITED,2480.0,2514.0,2465.0,2495.1,1155474,2884222280.75,0.4897296256332653,1221.9243889175602
2024-08-05,NESTLEIND,INE239A01024,NESTLE INDIA LIMITED,2488.0,2528.9,2475.05,2510.9,1325910,3322618703.65,0.4897296256332653,1229.6621170025658
2024-08-06,NESTLEIND,INE239A01024,NESTLE INDIA LIMITED,2513.9,2528.0,2501.0,2508.5,949431,2386920838.25,0.4897296256332653,1228.486765901046
2024-08-07,NESTLEIND,INE239A01024,NESTLE INDIA LIMITED,2518.55,2528.95,2510.25,2522.8,649970,1637355270.95,0.4897296256332653,1235.4898995476017
2024-08-08,NESTLEIND,INE239A01024,NESTLE INDIA LIMITED,2518.55,2525.0,2478.0,2489.1,1425006,3550480030.55,0.4897296256332653,1218.9860111637606
2024-08-09,NESTLEIND,INE239A01024,NESTLE INDIA LIMITED,2506.6,2511.9,2490.2,2504.7,270006,675399195.5,0.4897296256332653,1226.6257933236395
2024-08-12,NESTLEIND,INE239A01024,NESTLE INDIA LIMITED,2501.8,2509.95,2468.35,2473.1,475020,1178554601.25,0.4897296256332653,1211.1503371536282
2024-08-13,NESTLEIND,INE239A01024,NESTLE INDIA LIMITED,2474.0,2492.0,2473.5,2484.7,311846,774536215.55,0.4897296256332653,1216.8312008109742
2024-08-14,NESTLEIND,INE239A01024,NESTLE INDIA LIMITED,2486.9,2491.95,2460.6,2474.6,561876,1389709255.6,0.4897296256332653,1211.8849315920781
2024-08-16,NESTLEIND,INE239A01024,NESTLE INDIA LIMITED,2490.0,2533.45,2471.35,2525.45,859834,2155422309.3,0.4897296256332653,1236.7876830555297
2024-08-19,NESTLEIND,INE239A01024,NESTLE INDIA LIMITED,2530.0,2546.0,2500.55,2503.15,477701,1200707670.65,0.4897296256332653,1225.866712403908
2024-08-20,NESTLEIND,INE239A01024,NESTLE INDIA LIMITED,2510.6,2526.0,2499.05,2518.5,484732,1217572880.9,0.4897296256332653,1233.3840621573786
2024-08-21,NESTLEIND,INE239A01024,NESTLE INDIA LIMITED,2529.9,2555.0,2521.65,2551.75,624773,1587987270.4,0.4897296256332653,1249.6675722096847
2024-08-22,NESTLEIND,INE239A01024,NESTLE INDIA LIMITED,2565.0,2565.05,2545.0,2551.0,634905,1622116261.6,0.4897296256332653,1249.3002749904597
2024-08-23,NESTLEIND,INE239A01024,NESTLE INDIA LIMITED,2550.95,2551.35,2520.0,2529.2,511537,1296782495.4,0.4897296256332653,1238.6241691516545
2024-08-26,NESTLEIND,INE239A01024,NESTLE INDIA LIMITED,2529.2,2545.0,2507.95,2519.55,633399,1598948499.45,0.4897296256332653,1233.8982782642936
2024-08-27,NESTLEIND,INE239A01024,NESTLE INDIA LIMITED,2528.65,2532.8,2511.5,2521.45,391065,986842470.7,0.4897296256332653,1234.8287645529967
2024-08-28,NESTLEIND,INE239A01024,NESTLE INDIA LIMITED,2519.0,2519.0,2490.0,2492.5,565161,1412420642.5,0.4897296256332653,1220.6510918909137
2024-08-29,NESTLEIND,INE239A01024,NESTLE INDIA LIMITED,2498.9,2519.45,2490.65,2504.55,899794,2253779436.9,0.4897296256332653,1226.5523338797946
2024-08-30,NESTLEIND,INE239A01024,NESTLE INDIA LIMITED,2504.55,2517.3,2491.8,2500.75,1904487,4765395670.0,0.4897296256332653,1224.691361302388
2024-09-02,NESTLEIND,INE239A01024,NESTLE INDIA LIMITED,2500.0,2516.0,2497.05,2509.9,875591,2196013471.7,0.4897296256332653,1229.1723873769326
2024-09-03,NESTLEIND,INE239A01024,NESTLE INDIA LIMITED,2502.0,2559.0,2502.0,2530.75,987527,2506720695.15,0.4897296256332653,1239.383250071386
2024-09-04,NESTLEIND,INE239A01024,NESTLE INDIA LIMITED,2525.05,2541.45,2513.7,2534.75,502943,1273957383.3,0.4897296256332653,1241.3421685739193
2024-09-05,NESTLEIND,INE239A01024,NESTLE INDIA LIMITED,2534.75,2535.0,2492.15,2504.9,1119296,2804171435.7,0.4897296256332653,1226.7237392487662
2024-09-06,NESTLEIND,INE239A01024,NESTLE INDIA LIMITED,2508.6,2519.25,2488.05,2503.2,836700,2093371074.0,0.4897296256332653,1225.8911988851896
2024-09-09,NESTLEIND,INE239A01024,NESTLE INDIA LIMITED,2495.15,2520.0,2488.75,2516.75,583598,1463832398.05,0.4897296256332653,1232.5270353125204
2024-09-10,NESTLEIND,INE239A01024,NESTLE INDIA LIMITED,2529.0,2547.9,2514.0,2535.5,1522039,3862039287.65,0.4897296256332653,1241.709465793144
2024-09-11,NESTLEIND,INE239A01024,NESTLE INDIA LIMITED,2547.0,2561.6,2519.45,2526.85,979938,2485432541.65,0.4897296256332653,1237.4733045314163
2024-09-12,NESTLEIND,INE239A01024,NESTLE INDIA LIMITED,2529.9,2540.0,2488.0,2527.85,1554879,3909761672.7,0.4897296256332653,1237.9630341570496
2024-09-13,NESTLEIND,INE239A01024,NESTLE INDIA LIMITED,2530.0,2561.0,2528.25,2531.4,732717,1862509545.8,0.4897296256332653,1239.7015743280479
2024-09-16,NESTLEIND,INE239A01024,NESTLE INDIA LIMITED,2530.0,2555.6,2500.0,2549.6,394397,1000067164.15,0.4897296256332653,1248.614653514573
2024-09-17,NESTLEIND,INE239A01024,NESTLE INDIA LIMITED,2551.15,2585.3,2538.7,2546.85,695187,1780271384.35,0.4897296256332653,1247.2678970440816
2024-09-18,NESTLEIND,INE239A01024,NESTLE INDIA LIMITED,2549.95,2601.1,2546.0,2597.15,1177029,3034614294.85,0.4897296256332653,1271.9012972134349
2024-09-19,NESTLEIND,INE239A01024,NESTLE INDIA LIMITED,2603.0,2677.0,2597.15,2634.2,2534289,6711347380.85,0.4897296256332653,1290.0457798431473
2024-09-20,NESTLEIND,INE239A01024,NESTLE INDIA LIMITED,2644.0,2704.25,2631.15,2699.55,2322758,6241231233.6,0.4897296256332653,1322.0496108782813
2024-09-23,NESTLEIND,INE239A01024,NESTLE INDIA LIMITED,2705.15,2729.85,2690.0,2725.15,1072247,2915590287.6,0.4897296256332653,1334.586689294493
2024-09-24,NESTLEIND,INE239A01024,NESTLE INDIA LIMITED,2725.0,2766.8,2674.0,2696.4,1540033,4188418540.1,0.4897296256332653,1320.5069625575366
2024-09-25,NESTLEIND,INE239A01024,NESTLE INDIA LIMITED,2685.25,2704.6,2659.05,2697.35,718957,1929400240.05,0.4897296256332653,1320.972205701888
2024-09-26,NESTLEIND,INE239A01024,NESTLE INDIA LIMITED,2707.95,2762.45,2707.95,2755.5,1158606,3174885411.3,0.4897296256332653,1349.4499834324624
2024-09-27,NESTLEIND,INE239A01024,NESTLE INDIA LIMITED,2750.0,2778.0,2731.0,2745.7,1097167,3020940592.05,0.4897296256332653,1344.6506331012563
2024-09-30,NESTLEIND,INE239A01024,NESTLE INDIA LIMITED,2720.0,2740.0,2684.8,2689.95,883192,2387655522.75,0.4897296256332653,1317.3482064722018
2024-10-01,NESTLEIND,INE239A01024,NESTLE INDIA LIMITED,2690.0,2710.0,2672.9,2707.05,552759,1489264588.95,0.4897296256332653,1325.7225830705308
2024-10-03,NESTLEIND,INE239A01024,NESTLE INDIA LIMITED,2685.0,2695.0,2650.35,2674.85,812365,2168162210.9,0.4897296256332653,1309.9532891251397
2024-10-04,NESTLEIND,INE239A01024,NESTLE INDIA LIMITED,2663.0,2678.35,2590.3,2598.15,1033034,2715572198.3,0.4897296256332653,1272.3910268390682
2024-10-07,NESTLEIND,INE239A01024,NESTLE INDIA LIMITED,2604.95,2620.0,2566.9,2573.85,1102858,2861948365.1,0.4897296256332653,1260.4905969361798
2024-10-08,NESTLEIND,INE239A01024,NESTLE INDIA LIMITED,2570.6,2594.0,2551.6,2581.75,1202170,3093101676.65,0.4897296256332653,1264.3594609786826
2024-10-09,NESTLEIND,INE239A01024,NESTLE INDIA LIMITED,2579.0,2580.0,2468.95,2516.0,2366595,5954662663.35,0.4897296256332653,1232.1597380932953
2024-10-10,NESTLEIND,INE239A01024,NESTLE INDIA LIMITED,2529.0,2531.7,2506.0,2512.45,1030002,2591305256.25,0.4897296256332653,1230.4211979222973
2024-10-11,NESTLEIND,INE239A01024,NESTLE INDIA LIMITED,2520.0,2522.0,2496.1,2511.8,628464,1576831650.45,0.4897296256332653,1230.1028736656358
2024-10-14,NESTLEIND,INE239A01024,NESTLE INDIA LIMITED,2519.7,2519.7,2493.15,2502.05,670384,1676448716.55,0.4897296256332653,1225.3280098157115
2024-10-15,NESTLEIND,INE239A01024,NESTLE INDIA LIMITED,2502.05,2502.05,2472.0,2484.25,795154,1975788039.45,0.4897296256332653,1216.6108224794393
2024-10-16,NESTLEIND,INE239A01024,NESTLE INDIA LIMITED,2490.0,2493.05,2431.45,2462.25,1236643,3027477523.6,0.4897296256332653,1205.8367707155073
2024-10-17,NESTLEIND,INE239A01024,NESTLE INDIA LIMITED,2474.95,2474.95,2365.0,2378.7,2627754,6315386507.55,0.4897296256332653,1164.919860493848
2024-10-18,NESTLEIND,INE239A01024,NESTLE INDIA LIMITED,2380.0,2383.65,2326.1,2350.25,1639185,3848224907.9,0.4897296256332653,1150.9870526445818
2024-10-21,NESTLEIND,INE239A01024,NESTLE INDIA LIMITED,2360.0,2374.0,2333.0,2354.65,748704,1764672600.9,0.4897296256332653,1153.1418629973682
2024-10-22,NESTLEIND,INE239A01024,NESTLE INDIA LIMITED,2354.5,2385.0,2340.05,2350.25,967131,2286608458.7,0.4897296256332653,1150.9870526445818
2024-10-23,NESTLEIND,INE239A01024,NESTLE INDIA LIMITED,2350.05,2374.9,2320.1,2327.15,707261,1658563076.65,0.4897296256332653,1139.6742982924534
2024-10-24,NESTLEIND,INE239A01024,NESTLE INDIA LIMITED,2339.0,2340.0,2216.0,2258.65,2955497,6673678526.95,0.4897296256332653,1106.1278189365746
2024-10-25,NESTLEIND,INE239A01024,NESTLE INDIA LIMITED,2269.0,2286.5,2257.0,2260.7,1341509,3048004473.6,0.4897296256332653,1107.1317646691227
2024-10-28,NESTLEIND,INE239A01024,NESTLE INDIA LIMITED,2270.95,2319.0,2256.05,2272.05,875565,2001874945.15,0.4897296256332653,1112.6901959200604
2024-10-29,NESTLEIND,INE239A01024,NESTLE INDIA LIMITED,2280.0,2285.8,2260.75,2267.4,929831,2109703764.6,0.4897296256332653,1110.4129531608658
2024-10-30,NESTLEIND,INE239A01024,NESTLE INDIA LIMITED,2278.75,2297.25,2260.2,2276.3,893773,2037394530.7,0.4897296256332653,1114.7715468290019
2024-10-31,NESTLEIND,INE239A01024,NESTLE INDIA LIMITED,2287.0,2287.0,2260.0,2262.95,659765,1495551787.45,0.4897296256332653,1108.2336563267975
2024-11-04,NESTLEIND,INE239A01024,NESTLE INDIA LIMITED,2283.0,2287.0,2230.9,2246.2,963160,2161672771.7,0.4897296256332653,1100.0306850974405
2024-11-05,NESTLEIND,INE239A01024,NESTLE INDIA LIMITED,2256.0,2267.9,2236.3,2262.45,725930,1639834955.15,0.4897296256332653,1107.988791513981
2024-11-06,NESTLEIND,INE239A01024,NESTLE INDIA LIMITED,2268.0,2279.7,2258.05,2275.6,806973,1833185210.85,0.4897296256332653,1114.4287360910585
2024-11-07,NESTLEIND,INE239A01024,NESTLE INDIA LIMITED,2273.0,2284.85,2241.7,2262.85,891957,2013140207.25,0.4897296256332653,1108.1846833642344
2024-11-08,NESTLEIND,INE239A01024,NESTLE INDIA LIMITED,2270.0,2298.0,2258.8,2295.65,834995,1907330967.9,0.4897296256332653,1124.2478150850054
2024-11-11,NESTLEIND,INE239A01024,NESTLE INDIA LIMITED,2280.0,2294.85,2254.2,2279.05,773595,1761320948.25,0.4897296256332653,1116.1183032994934
2024-11-12,NESTLEIND,INE239A01024,NESTLE INDIA LIMITED,2290.45,2290.45,2241.0,2256.2,1105339,2498558519.5,0.4897296256332653,1104.927981353773
2024-11-13,NESTLEIND,INE239A01024,NESTLE INDIA LIMITED,2241.25,2251.95,2222.0,2235.25,763388,1704582610.95,0.4897296256332653,1094.6681456967563
2024-11-14,NESTLEIND,INE239A01024,NESTLE INDIA LIMITED,2239.05,2244.95,2178.4,2182.8,1159238,2553154277.1,0.4897296256332653,1068.9818268322915
2024-11-18,NESTLEIND,INE239A01024,NESTLE INDIA LIMITED,2190.7,2218.95,2168.7,2213.2,691665,1523469626.5,0.4897296256332653,1083.8696074515426
2024-11-19,NESTLEIND,INE239A01024,NESTLE INDIA LIMITED,2225.0,2243.65,2203.9,2214.15,806020,1795782474.45,0.4897296256332653,1084.3348505958943
2024-11-21,NESTLEIND,INE239A01024,NESTLE INDIA LIMITED,2205.55,2250.0,2187.0,2211.2,827884,1826267859.75,0.4897296256332653,1082.8901482002761
2024-11-22,NESTLEIND,INE239A01024,NESTLE INDIA LIMITED,2214.2,2252.85,2204.2,2247.3,771958,1726964074.6,0.4897296256332653,1100.5693876856371
2024-11-25,NESTLEIND,INE239A01024,NESTLE INDIA LIMITED,2258.55,2283.65,2246.25,2256.95,2029802,4588684283.25,0.4897296256332653,1105.295278572998
2024-11-26,NESTLEIND,INE239A01024,NESTLE INDIA LIMITED,2270.0,2287.95,2250.5,2265.25,317122,719211152.05,0.4897296256332653,1109.360034465754
2024-11-27,NESTLEIND,INE239A01024,NESTLE INDIA LIMITED,2276.6,2276.8,2250.45,2273.95,437361,991630990.55,0.4897296256332653,1113.6206822087636
2024-11-28,NESTLEIND,INE239A01024,NESTLE INDIA LIMITED,2274.05,2289.5,2228.0,2236.25,1246378,2802755347.2,0.4897296256332653,1095.1578753223894
2024-11-29,NESTLEIND,INE239A01024,NESTLE INDIA LIMITED,2227.0,2263.0,2227.0,2234.65,1349160,3024374028.2,0.4897296256332653,1094.3743079213764
2024-12-02,NESTLEIND,INE239A01024,NESTLE INDIA LIMITED,2242.8,2257.0,2223.1,2251.85,468272,1050863362.65,0.4897296256332653,1102.7976574822683
2024-12-03,NESTLEIND,INE239A01024,NESTLE INDIA LIMITED,2262.0,2266.85,2250.0,2261.7,766232,1732002672.1,0.4897296256332653,1107.621494294756
2024-12-04,NESTLEIND,INE239A01024,NESTLE INDIA LIMITED,2261.0,2275.0,2241.45,2257.8,968869,2188071757.4,0.4897296256332653,1105.7115487547865
2024-12-05,NESTLEIND,INE239A01024,NESTLE INDIA LIMITED,2257.8,2277.0,2221.0,2265.5,1187784,2675165012.55,0.4897296256332653,1109.4824668721624
2024-12-06,NESTLEIND,INE239A01024,NESTLE INDIA LIMITED,2266.45,2291.95,2255.1,2267.8,645601,1462961352.8,0.4897296256332653,1110.608845011119
2024-12-09,NESTLEIND,INE239A01024,NESTLE INDIA LIMITED,2270.0,2276.6,2213.65,2228.85,969851,2160219429.4,0.4897296256332653,1091.5338760927032
2024-12-10,NESTLEIND,INE239A01024,NESTLE INDIA LIMITED,2229.0,2240.0,2210.0,2214.45,915298,2037018659.5,0.4897296256332653,1084.4817694835842
2024-12-11,NESTLEIND,INE239A01024,NESTLE INDIA LIMITED,2225.0,2254.0,2223.0,2241.05,734861,1647819717.2,0.4897296256332653,1097.5085775254292
2024-12-12,NESTLEIND,INE239A01024,NESTLE INDIA LIMITED,2249.95,2254.0,2215.1,2224.05,965610,2150936787.25,0.4897296256332653,1089.1831738896637
2024-12-13,NESTLEIND,INE239A01024,NESTLE INDIA LIMITED,2225.0,2257.85,2208.25,2253.5,554661,1241409217.75,0.4897296256332653,1103.6057113645634
2024-12-16,NESTLEIND,INE239A01024,NESTLE INDIA LIMITED,2253.5,2257.5,2228.55,2238.75,665686,1488068516.85,0.4897296256332653,1096.3821993864726
2024-12-17,NESTLEIND,INE239A01024,NESTLE INDIA LIMITED,2226.0,2233.95,2200.0,2202.95,1498906,3309263126.55,0.4897296256332653,1078.8498787888016
2024-12-18,NESTLEIND,INE239A01024,NESTLE INDIA LIMITED,2202.95,2213.95,2180.5,2188.05,966166,2119193952.9,0.4897296256332653,1071.552907366866
2024-12-19,NESTLEIND,INE239A01024,NESTLE INDIA LIMITED,2185.0,2194.25,2147.4,2160.4,1553990,3353621055.75,0.4897296256332653,1058.0118832181063
2024-12-20,NESTLEIND,INE239A01024,NESTLE INDIA LIMITED,2160.0,2175.0,2145.4,2163.5,1651762,3575415613.35,0.4897296256332653,1059.5300450575694
2024-12-23,NESTLEIND,INE239A01024,NESTLE INDIA LIMITED,2170.0,2180.0,2147.7,2151.6,438717,948282656.4,0.4897296256332653,1053.7022625125335
2024-12-24,NESTLEIND,INE239A01024,NESTLE INDIA LIMITED,2151.7,2175.0,2151.7,2166.7,322566,698710164.05,0.4897296256332653,1061.0971798595958
2024-12-26,NESTLEIND,INE239A01024,NESTLE INDIA LIMITED,2158.2,2176.0,2146.4,2149.9,523926,1130298253.65,0.4897296256332653,1052.869722148957
2024-12-27,NESTLEIND,INE239A01024,NESTLE INDIA LIMITED,2159.0,2169.05,2151.0,2165.6,462667,1000472248.4,0.4897296256332653,1060.5584772713992
2024-12-30,NESTLEIND,INE239A01024,NESTLE INDIA LIMITED,2174.0,2177.0,2149.0,2159.9,1235490,2672777460.6,0.4897296256332653,1057.7670184052897
2024-12-31,NESTLEIND,INE239A01024,NESTLE INDIA LIMITED,2155.0,2174.55,2147.75,2170.05,635557,1374907625.95,0.4897296256332653,1062.7377741054675
2025-01-01,NESTLEIND,INE239A01024,NESTLE INDIA LIMITED,2170.0,2179.25,2157.3,2169.25,454290,985584182.25,0.4897296256332653,1062.3459904049607
2025-01-02,NESTLEIND,INE239A01024,NESTLE INDIA LIMITED,2169.0,2207.75,2163.15,2200.2,629164,1380347855.25,0.4897296256332653,1077.5031223183103
2025-01-03,NESTLEIND,INE239A01024,NESTLE INDIA LIMITED,2200.2,2237.95,2198.05,2232.7,1011450,2251474703.45,0.4897296256332653,1093.4193351513914
2025-01-06,NESTLEIND,INE239A01024,NESTLE INDIA LIMITED,2243.5,2244.9,2170.0,2185.0,1138466,2495673190.65,0.4897296256332653,1070.0592320086846
2025-01-07,NESTLEIND,INE239A01024,NESTLE INDIA LIMITED,2190.2,2216.3,2179.9,2212.65,595819,1315701082.2,0.4897296256332653,1083.6002561574444
2025-01-08,NESTLEIND,INE239A01024,NESTLE INDIA LIMITED,2223.0,2224.95,2194.55,2219.9,449500,994062923.05,0.4897296256332653,1087.1507959432856
2025-01-09,NESTLEIND,INE239A01024,NESTLE INDIA LIMITED,2215.45,2271.8,2204.05,2256.05,1147318,2584593511.55,0.4897296256332653,1104.8545219099283
2025-01-10,NESTLEIND,INE239A01024,NESTLE INDIA LIMITED,2272.05,2278.0,2241.25,2247.9,809854,1832081981.9,0.4897296256332653,1100.863225461017
2025-01-13,NESTLEIND,INE239A01024,NESTLE INDIA LIMITED,2245.0,2261.15,2221.55,2237.35,804531,1799795094.6,0.4897296256332653,1095.696577910586
2025-01-14,NESTLEIND,INE239A01024,NESTLE INDIA LIMITED,2251.2,2256.6,2199.25,2219.05,702549,1559354365.8,0.4897296256332653,1086.7345257614975
2025-01-15,NESTLEIND,INE239A01024,NESTLE INDIA LIMITED,2219.05,2220.1,2172.2,2199.65,723625,1583690879.9,0.4897296256332653,1077.233771024212
2025-01-16,NESTLEIND,INE239A01024,NESTLE INDIA LIMITED,2205.1,2218.25,2156.5,2169.3,1325809,2876198009.35,0.4897296256332653,1062.3704768862424
2025-01-17,NESTLEIND,INE239A01024,NESTLE INDIA LIMITED,2180.65,2226.35,2172.55,2217.2,455901,1008355521.9,0.4897296256332653,1085.8285259540758
2025-01-20,NESTLEIND,INE239A01024,NESTLE INDIA LIMITED,2219.2,2225.0,2202.35,2214.0,401108,887029399.45,0.4897296256332653,1084.2613911520493
2025-01-21,NESTLEIND,INE239A01024,NESTLE INDIA LIMITED,2225.0,2240.0,2191.55,2196.45,764414,1693025859.2,0.4897296256332653,1075.6666362221854
2025-01-22,NESTLEIND,INE239A01024,NESTLE INDIA LIMITED,2196.45,2212.95,2194.15,2207.8,448036,988304639.75,0.4897296256332653,1081.225067473123
2025-01-23,NESTLEIND,INE239A01024,NESTLE INDIA LIMITED,2194.15,2209.6,2165.0,2198.95,496007,1089325356.65,0.4897296256332653,1076.8909602862686
2025-01-24,NESTLEIND,INE239A01024,NESTLE INDIA LIMITED,2202.0,2222.75,2190.1,2207.9,663600,1467436084.85,0.4897296256332653,1081.2740404356864
2025-01-27,NESTLEIND,INE239A01024,NESTLE INDIA LIMITED,2182.05,2231.9,2168.6,2174.75,549986,1211333688.9,0.4897296256332653,1065.0395033459436
2025-01-28,NESTLEIND,INE239A01024,NESTLE INDIA LIMITED,2174.75,2181.85,2142.6,2156.3,721033,1554856559.55,0.4897296256332653,1056.00399175301
2025-01-29,NESTLEIND,INE239A01024,NESTLE INDIA LIMITED,2156.3,2184.9,2131.25,2180.7,397145,858735475.5,0.4897296256332653,1067.9533946184615
2025-01-30,NESTLEIND,INE239A01024,NESTLE INDIA LIMITED,2189.0,2232.7,2180.7,2217.35,574560,1266683401.2,0.4897296256332653,1085.9019853979207
2025-01-31,NESTLEIND,INE239A01024,NESTLE INDIA LIMITED,2217.35,2387.0,2209.5,2313.2,3139887,7288285109.35,0.4897296256332653,1132.8425700148691
2025-02-01,NESTLEIND,INE239A01024,NESTLE INDIA LIMITED,2313.0,2374.0,2257.25,2327.2,1246565,2895731281.1,0.4897296256332653,1139.6987847737348
2025-02-03,NESTLEIND,INE239A01024,NESTLE INDIA LIMITED,2327.2,2374.0,2311.7,2317.1,1140871,2671654683.25,0.4897296256332653,1134.752515554839
2025-02-04,NESTLEIND,INE239A01024,NESTLE INDIA LIMITED,2322.4,2322.8,2283.7,2299.45,1243517,2855781525.05,0.4897296256332653,1126.1087876624117
2025-02-05,NESTLEIND,INE239A01024,NESTLE INDIA LIMITED,2283.8,2297.9,2225.25,2248.95,1475295,3309830956.2,0.4897296256332653,1101.3774415679318
2025-02-06,NESTLEIND,INE239A01024,NESTLE INDIA LIMITED,2269.0,2269.0,2227.0,2239.45,986957,2209588686.3,0.4897296256332653,1096.7250101244158
2025-02-07,NESTLEIND,INE239A01024,NESTLE INDIA LIMITED,2234.0,2238.0,2207.55,2225.1,792558,1762107074.8,0.4928658143647384,1096.6757235429793
2025-02-10,NESTLEIND,INE239A01024,NESTLE INDIA LIMITED,2235.0,2252.5,2206.2,2221.05,760181,1693261501.35,0.4928658143647384,1094.6796169948022
2025-02-11,NESTLEIND,INE239A01024,NESTLE INDIA LIMITED,2221.05,2232.1,2177.95,2195.5,476837,1048748914.95,0.4928658143647384,1082.0868954377831
2025-02-12,NESTLEIND,INE239A01024,NESTLE INDIA LIMITED,2214.0,2214.0,2171.7,2193.75,503258,1102117076.85,0.4928658143647384,1081.224380262645
2025-02-13,NESTLEIND,INE239A01024,NESTLE INDIA LIMITED,2193.75,2210.2,2172.65,2177.55,511147,1117817038.65,0.4928658143647384,1073.2399540699362
2025-02-14,NESTLEIND,INE239A01024,NESTLE INDIA LIMITED,2177.55,2225.0,2170.05,2195.85,960861,2113776375.55,0.4928658143647384,1082.2593984728107
2025-02-17,NESTLEIND,INE239A01024,NESTLE INDIA LIMITED,2195.85,2220.0,2170.0,2216.5,801515,1763886470.1,0.4928658143647384,1092.4370775394427
2025-02-18,NESTLEIND,INE239A01024,NESTLE INDIA LIMITED,2216.5,2229.5,2199.95,2222.4,453059,1002249144.35,0.4928658143647384,1095.3449858441948
2025-02-19,NESTLEIND,INE239A01024,NESTLE INDIA LIMITED,2206.0,2224.0,2197.55,2204.95,426479,942431455.25,0.4928658143647384,1086.7444773835298
2025-02-20,NESTLEIND,INE239A01024,NESTLE INDIA LIMITED,2204.95,2214.95,2186.8,2206.75,658467,1450510342.3,0.4928658143647384,1087.6316358493866
2025-02-21,NESTLEIND,INE239A01024,NESTLE INDIA LIMITED,2216.95,2218.1,2189.3,2214.95,594245,1310390644.9,0.4928658143647384,1091.6731355271772
2025-02-24,NESTLEIND,INE239A01024,NESTLE INDIA LIMITED,2199.0,2237.85,2196.05,2220.4,484042,1076261050.55,0.4928658143647384,1094.3592542154652
2025-02-25,NESTLEIND,INE239A01024,NESTLE INDIA LIMITED,2222.45,2256.4,2213.85,2250.4,642834,1444588204.5,0.4928658143647384,1109.1452286464073
2025-02-27,NESTLEIND,INE239A01024,NESTLE INDIA LIMITED,2260.2,2281.8,2250.0,2278.2,751003,1703520893.85,0.4928658143647384,1122.8468982857469
2025-02-28,NESTLEIND,INE239A01024,NESTLE INDIA LIMITED,2261.0,2270.0,2185.0,2189.65,1843566,4077814598.25,0.4928658143647384,1079.2036304237495
2025-03-03,NESTLEIND,INE239A01024,NESTLE INDIA LIMITED,2188.25,2200.0,2150.8,2185.55,521775,1135570877.4,0.4928658143647384,1077.182880584854
2025-03-04,NESTLEIND,INE239A01024,NESTLE INDIA LIMITED,2160.0,2164.1,2118.0,2146.5,1042522,2227271320.9,0.4928658143647384,1057.936470533911
2025-03-05,NESTLEIND,INE239A01024,NESTLE INDIA LIMITED,2110.0,2209.35,2110.0,2197.0,846664,1843316377.9,0.4928658143647384,1082.8261941593303
2025-03-06,NESTLEIND,INE239A01024,NESTLE INDIA LIMITED,2187.0,2216.4,2170.3,2201.2,1257461,2759460493.0,0.4928658143647384,1084.8962305796622
2025-03-07,NESTLEIND,INE239A01024,NESTLE INDIA LIMITED,2201.0,2246.0,2191.25,2238.45,525606,1172567976.05,0.4928658143647384,1103.2554821647486
2025-03-10,NESTLEIND,INE239A01024,NESTLE INDIA LIMITED,2239.2,2274.0,2155.1,2248.4,506580,1142505417.2,0.4928658143647384,1108.159497017678
2025-03-11,NESTLEIND,INE239A01024,NESTLE INDIA LIMITED,2240.8,2272.45,2233.75,2251.4,478555,1079552884.85,0.4928658143647384,1109.6380944607722
2025-03-12,NESTLEIND,INE239A01024,NESTLE INDIA LIMITED,2249.0,2254.1,2191.65,2195.5,358589,790879521.45,0.4928658143647384,1082.0868954377831
2025-03-13,NESTLEIND,INE239A01024,NESTLE INDIA LIMITED,2202.1,2211.75,2184.1,2191.95,292170,640630655.15,0.4928658143647384,1080.3372217967883
2025-03-17,NESTLEIND,INE239A01024,NESTLE INDIA LIMITED,2175.55,2203.35,2156.0,2174.35,410005,890240151.1,0.4928658143647384,1071.662783463969
2025-03-18,NESTLEIND,INE239A01024,NESTLE INDIA LIMITED,2178.0,2206.1,2170.0,2202.05,423776,930522296.8,0.4928658143647384,1085.3151665218722
2025-03-19,NESTLEIND,INE239A01024,NESTLE INDIA LIMITED,2206.5,2213.4,2180.15,2184.0,422543,924756270.1,0.4928658143647384,1076.4189385725888
2025-03-20,NESTLEIND,INE239A01024,NESTLE INDIA LIMITED,2204.0,2228.75,2181.15,2221.55,476874,1054481716.25,0.4928658143647384,1094.9260499019847
2025-03-21,NESTLEIND,INE239A01024,NESTLE INDIA LIMITED,2240.9,2275.0,2231.95,2268.85,792637,1793355514.95,0.4928658143647384,1118.2386029214367
2025-03-24,NESTLEIND,INE239A01024,NESTLE INDIA LIMITED,2273.1,2288.6,2260.05,2263.55,430951,979077649.4,0.4928658143647384,1115.6264141053036
2025-03-25,NESTLEIND,INE239A01024,NESTLE INDIA LIMITED,2260.0,2280.0,2230.2,2254.85,742142,1672810415.5,0.4928658143647384,1111.3384815203303
2025-03-26,NESTLEIND,INE239A01024,NESTLE INDIA LIMITED,2254.9,2269.85,2240.1,2243.45,533469,1202120571.85,0.4928658143647384,1105.7198112365722
2025-03-27,NESTLEIND,INE239A01024,NESTLE INDIA LIMITED,2240.2,2268.0,2225.25,2242.05,865586,1946662512.0,0.4928658143647384,1105.0297990964618
2025-03-28,NESTLEIND,INE239A01024,NESTLE INDIA LIMITED,2243.05,2287.95,2243.05,2250.75,716151,1619442686.15,0.4928658143647384,1109.317731681435
2025-04-01,NESTLEIND,INE239A01024,NESTLE INDIA LIMITED,2261.9,2287.85,2218.1,2234.0,1020055,2298684650.7,0.4928658143647384,1101.0622292908256
2025-04-02,NESTLEIND,INE239A01024,NESTLE INDIA LIMITED,2230.0,2230.0,2148.0,2210.7,1300852,2854347632.85,0.4928658143647384,1089.5784558161272
2025-04-03,NESTLEIND,INE239A01024,NESTLE INDIA LIMITED,2198.05,2249.05,2195.0,2245.65,317858,708162999.7,0.4928658143647384,1106.8041160281748
2025-04-04,NESTLEIND,INE239A01024,NESTLE INDIA LIMITED,2234.0,2282.8,2217.25,2262.15,591735,1336252649.85,0.4928658143647384,1114.936401965193
2025-04-07,NESTLEIND,INE239A01024,NESTLE INDIA LIMITED,2160.0,2257.35,2160.0,2249.0,737285,1637145379.7,0.4928658143647384,1108.4552165062967
2025-04-08,NESTLEIND,INE239A01024,NESTLE INDIA LIMITED,2255.0,2282.95,2231.25,2275.4,873508,1978784767.85,0.4928658143647384,1121.4668740055258
2025-04-09,NESTLEIND,INE239A01024,NESTLE INDIA LIMITED,2283.2,2362.6,2272.2,2344.85,1853374,4329224260.4,0.4928658143647384,1155.6964048131567
2025-04-11,NESTLEIND,INE239A01024,NESTLE INDIA LIMITED,2345.7,2372.0,2322.05,2361.4,1118317,2626916319.4,0.4928658143647384,1163.8533340408933
2025-04-15,NESTLEIND,INE239A01024,NESTLE INDIA LIMITED,2381.4,2381.4,2345.6,2367.9,780874,1845350333.4,0.4928658143647384,1167.0569618342643
2025-04-16,NESTLEIND,INE239A01024,NESTLE INDIA LIMITED,2347.0,2390.1,2347.0,2383.3,677212,1608893500.8,0.4928658143647384,1174.647095375481
2025-04-17,NESTLEIND,INE239A01024,NESTLE INDIA LIMITED,2372.0,2423.2,2358.6,2416.6,907921,2183767126.7,0.4928658143647384,1191.059526993827
2025-04-21,NESTLEIND,INE239A01024,NESTLE INDIA LIMITED,2401.0,2421.0,2390.5,2399.4,476565,1146281561.5,0.4928658143647384,1182.5822349867535
2025-04-22,NESTLEIND,INE239A01024,NESTLE INDIA LIMITED,2405.0,2420.0,2390.0,2407.3,487954,1174357298.9,0.4928658143647384,1186.475874920235
2025-04-23,NESTLEIND,INE239A01024,NESTLE INDIA LIMITED,2419.3,2441.9,2400.0,2433.4,582556,1413576992.5,0.4928658143647384,1199.3396726751546
2025-04-24,NESTLEIND,INE239A01024,NESTLE INDIA LIMITED,2435.0,2515.0,2379.0,2433.2,2337238,5697758074.9,0.4928658143647384,1199.2410995122814
2025-04-25,NESTLEIND,INE239A01024,NESTLE INDIA LIMITED,2426.9,2435.2,2387.3,2413.5,1128284,2716044691.4,0.4928658143647384,1189.5316429692962
2025-04-28,NESTLEIND,INE239A01024,NESTLE INDIA LIMITED,2400.0,2418.4,2386.0,2406.0,980526,2354934175.7,0.4928658143647384,1185.8351493615605
2025-04-29,NESTLEIND,INE239A01024,NESTLE INDIA LIMITED,2406.0,2406.0,2359.2,2387.5,976060,2326249069.3,0.4928658143647384,1176.717131795813
2025-04-30,NESTLEIND,INE239A01024,NESTLE INDIA LIMITED,2375.0,2406.4,2364.3,2388.2,1020431,2439822318.0,0.4928658143647384,1177.0621378658682
2025-05-02,NESTLEIND,INE239A01024,NESTLE INDIA LIMITED,2375.0,2384.8,2327.0,2337.7,859177,2014057327.4,0.4928658143647384,1152.172414240449
2025-05-05,NESTLEIND,INE239A01024,NESTLE INDIA LIMITED,2348.9,2352.0,2323.7,2328.2,913797,2137567618.4,0.4928658143647384,1147.490189003984
2025-05-06,NESTLEIND,INE239A01024,NESTLE INDIA LIMITED,2337.0,2374.2,2330.0,2356.5,871013,2054139154.0,0.4928658143647384,1161.4382915505062
2025-05-07,NESTLEIND,INE239A01024,NESTLE INDIA LIMITED,2331.0,2356.0,2327.3,2338.4,676652,1581186834.3,0.4928658143647384,1152.5174203105043
2025-05-08,NESTLEIND,INE239A01024,NESTLE INDIA LIMITED,2328.0,2350.1,2315.1,2340.7,1346546,3146346201.1,0.4928658143647384,1153.6510116835432
2025-05-09,NESTLEIND,INE239A01024,NESTLE INDIA LIMITED,2302.0,2349.0,2291.7,2325.4,908229,2102594904.6,0.4928658143647384,1146.1101647237629
2025-05-12,NESTLEIND,INE239A01024,NESTLE INDIA LIMITED,2359.8,2389.0,2346.0,2383.8,400750,948647022.1,0.4928658143647384,1174.8935282826635
2025-05-13,NESTLEIND,INE239A01024,NESTLE INDIA LIMITED,2380.0,2389.8,2342.0,2370.2,1166776,2760394119.0,0.4928658143647384,1168.1905532073029
2025-05-14,NESTLEIND,INE239A01024,NESTLE INDIA LIMITED,2365.0,2379.2,2353.3,2370.4,601533,1423236459.4,0.4928658143647384,1168.289126370176
2025-05-15,NESTLEIND,INE239A01024,NESTLE INDIA LIMITED,2370.0,2414.9,2341.5,2398.1,964112,2299097413.9,0.4928658143647384,1181.9415094280791
2025-05-16,NESTLEIND,INE239A01024,NESTLE INDIA LIMITED,2414.6,2414.6,2376.7,2408.8,684551,1641940294.9,0.4928658143647384,1187.215173641782
2025-05-19,NESTLEIND,INE239A01024,NESTLE INDIA LIMITED,2404.0,2422.1,2396.2,2407.8,422931,1018975673.1,0.4928658143647384,1186.7223078274174
2025-05-20,NESTLEIND,INE239A01024,NESTLE INDIA LIMITED,2419.8,2419.8,2354.3,2358.5,777675,1853888932.6,0.4928658143647384,1162.4240231792355
2025-05-21,NESTLEIND,INE239A01024,NESTLE INDIA LIMITED,2358.5,2398.0,2358.5,2392.6,675148,1610712640.1,0.4928658143647384,1179.230747449073
2025-05-22,NESTLEIND,INE239A01024,NESTLE INDIA LIMITED,2385.0,2385.0,2340.0,2361.7,1080806,2547824818.0,0.4928658143647384,1164.0011937852025
2025-05-23,NESTLEIND,INE239A01024,NESTLE INDIA LIMITED,2356.0,2424.0,2352.1,2414.4,577230,1386509918.6,0.4928658143647384,1189.9752222022246
2025-05-26,NESTLEIND,INE239A01024,NESTLE INDIA LIMITED,2414.4,2464.9,2405.4,2454.0,624354,1530233126.9,0.4928658143647384,1209.492708451068
2025-05-27,NESTLEIND,INE239A01024,NESTLE INDIA LIMITED,2450.1,2482.0,2432.2,2460.9,792049,1943848033.6,0.4928658143647384,1212.893482570185
2025-05-28,NESTLEIND,INE239A01024,NESTLE INDIA LIMITED,2452.1,2456.7,2416.0,2419.0,723621,1753862755.7,0.4928658143647384,1192.2424049483022
2025-05-29,NESTLEIND,INE239A01024,NESTLE INDIA LIMITED,2421.4,2439.8,2406.5,2435.0,931298,2260396610.9,0.4928658143647384,1200.128257978138
2025-05-30,NESTLEIND,INE239A01024,NESTLE INDIA LIMITED,2435.0,2457.0,2390.5,2396.2,1067460,2567493058.5,0.4928658143647384,1181.005064380786
2025-06-02,NESTLEIND,INE239A01024,NESTLE INDIA LIMITED,2400.0,2415.8,2391.0,2406.3,1026359,2468294963.0,0.4928658143647384,1185.9830091058702
2025-06-03,NESTLEIND,INE239A01024,NESTLE INDIA LIMITED,2415.7,2426.4,2382.0,2391.4,734444,1761493769.5,0.4928658143647384,1178.6393084718354
2025-06-04,NESTLEIND,INE239A01024,NESTLE INDIA LIMITED,2388.4,2403.8,2384.9,2397.5,587041,1407477236.7,0.4928658143647384,1181.6457899394604
2025-06-05,NESTLEIND,INE239A01024,NESTLE INDIA LIMITED,2405.0,2409.0,2380.5,2401.3,733958,1759100262.4,0.4928658143647384,1183.5186800340464
2025-06-06,NESTLEIND,INE239A01024,NESTLE INDIA LIMITED,2403.9,2422.9,2390.0,2417.2,502303,1211116402.4,0.4928658143647384,1191.3552464824456
2025-06-09,NESTLEIND,INE239A01024,NESTLE INDIA LIMITED,2425.0,2427.3,2401.0,2415.3,339437,818147789.8,0.4928658143647384,1190.4188014351528
2025-06-10,NESTLEIND,INE239A01024,NESTLE INDIA LIMITED,2415.3,2438.9,2408.9,2431.4,675781,1638041678.2,0.4928658143647384,1198.353941046425
2025-06-11,NESTLEIND,INE239A01024,NESTLE INDIA LIMITED,2442.5,2450.0,2408.0,2419.2,875687,2126145136.3,0.4928658143647384,1192.340978111175
2025-06-12,NESTLEIND,INE239A01024,NESTLE INDIA LIMITED,2427.0,2428.1,2366.3,2385.6,1358579,3245158498.5,0.4928658143647384,1175.7806867485199
2025-06-13,NESTLEIND,INE239A01024,NESTLE INDIA LIMITED,2362.0,2380.0,2346.8,2376.8,414878,982319451.9,0.4928658143647384,1171.4434675821103
2025-06-16,NESTLEIND,INE239A01024,NESTLE INDIA LIMITED,2370.1,2395.0,2365.1,2389.8,266154,635211309.5,0.4928658143647384,1177.850723168852
2025-06-17,NESTLEIND,INE239A01024,NESTLE INDIA LIMITED,2380.1,2386.9,2353.0,2362.0,765534,1808885971.1,0.4928658143647384,1164.1490535295122
2025-06-18,NESTLEIND,INE239A01024,NESTLE INDIA LIMITED,2363.9,2364.1,2325.4,2340.8,654277,1531044733.9,0.4928658143647384,1153.70029826498
2025-06-19,NESTLEIND,INE239A01024,NESTLE INDIA LIMITED,2340.8,2340.8,2310.0,2318.9,737387,1714379447.6,0.4928658143647384,1142.906536930392
2025-06-20,NESTLEIND,INE239A01024,NESTLE INDIA LIMITED,2338.1,2398.0,2318.9,2360.4,11470597,27061453115.6,0.4928658143647384,1163.3604682265286
2025-06-23,NESTLEIND,INE239A01024,NESTLE INDIA LIMITED,2373.0,2398.9,2350.9,2359.1,648872,1538208831.2,0.4928658143647384,1162.7197426678545
2025-06-24,NESTLEIND,INE239A01024,NESTLE INDIA LIMITED,2375.0,2383.6,2357.7,2365.8,550430,1303368724.2,0.4928658143647384,1166.0219436240982
2025-06-25,NESTLEIND,INE239A01024,NESTLE INDIA LIMITED,2372.0,2428.9,2372.0,2404.4,1150144,2769631121.0,0.4928658143647384,1185.0465640585771
2025-06-26,NESTLEIND,INE239A01024,NESTLE INDIA LIMITED,2420.0,2443.6,2403.2,2431.4,1557549,3776165588.5,0.4928658143647384,1198.353941046425
2025-06-27,NESTLEIND,INE239A01024,NESTLE INDIA LIMITED,2449.0,2463.7,2426.1,2458.7,1187836,2910292733.0,0.4928658143647384,1211.8091777785824
2025-06-30,NESTLEIND,INE239A01024,NESTLE INDIA LIMITED,2468.0,2475.6,2443.0,2465.3,829005,2039571899.4,0.4928658143647384,1215.0620921533898
2025-07-01,NESTLEIND,INE239A01024,NESTLE INDIA LIMITED,2470.0,2471.4,2405.2,2410.1,538610,1304865816.9,0.4928658143647384,1187.855899200456
2025-07-02,NESTLEIND,INE239A01024,NESTLE INDIA LIMITED,2410.5,2413.9,2380.0,2388.0,737526,1762086276.1,0.4928658143647384,1176.9635647029954
2025-07-03,NESTLEIND,INE239A01024,NESTLE INDIA LIMITED,2399.9,2409.1,2385.0,2388.4,631819,1513749917.3,0.4928658143647384,1177.1607110287414
2025-07-04,NESTLEIND,INE239A01024,NESTLE INDIA LIMITED,2384.9,2397.0,2367.1,2392.8,395057,940350254.8,0.4949380722455185,1184.2878192690769
2025-07-07,NESTLEIND,INE239A01024,NESTLE INDIA LIMITED,2399.4,2426.0,2388.0,2422.1,434207,1047740273.8,0.4949380722455185,1198.7895047858703
2025-07-08,NESTLEIND,INE239A01024,NESTLE INDIA LIMITED,2422.1,2435.7,2407.0,2417.9,355788,860647706.0,0.4949380722455185,1196.7107648824392
2025-07-09,NESTLEIND,INE239A01024,NESTLE INDIA LIMITED,2420.0,2436.5,2414.5,2427.8,395180,959640066.5,0.4949380722455185,1201.61065179767
2025-07-10,NESTLEIND,INE239A01024,NESTLE INDIA LIMITED,2425.0,2436.9,2397.6,2401.4,284925,687274282.4,0.4949380722455185,1188.5442866903882
2025-07-11,NESTLEIND,INE239A01024,NESTLE INDIA LIMITED,2404.0,2428.7,2397.1,2403.5,370532,894405175.2,0.4949380722455185,1189.5836566421037
2025-07-14,NESTLEIND,INE239A01024,NESTLE INDIA LIMITED,2405.3,2414.7,2377.0,2392.9,471457,1127265971.1,0.4949380722455185,1184.3373130763014
2025-07-15,NESTLEIND,INE239A01024,NESTLE INDIA LIMITED,2392.9,2420.0,2380.1,2416.3,532304,1280768126.0,0.4949380722455185,1195.9188639668464
2025-07-16,NESTLEIND,INE239A01024,NESTLE INDIA LIMITED,2416.0,2490.0,2407.4,2460.0,1405315,3458779904.8,0.4949380722455185,1217.5476577239756
2025-07-17,NESTLEIND,INE239A01024,NESTLE INDIA LIMITED,2458.0,2470.0,2446.1,2449.1,273354,671968333.2,0.4949380722455185,1212.1528327364992
2025-07-18,NESTLEIND,INE239A01024,NESTLE INDIA LIMITED,2459.0,2476.9,2431.0,2472.2,449826,1104951306.2,0.4949380722455185,1223.5859022053708
2025-07-21,NESTLEIND,INE239A01024,NESTLE INDIA LIMITED,2472.9,2478.4,2445.0,2472.6,478987,1182236281.7,0.4949380722455185,1223.783877434269
2025-07-22,NESTLEIND,INE239A01024,NESTLE INDIA LIMITED,2472.8,2477.5,2438.0,2443.5,387274,950097458.0,0.4949380722455185,1209.3811795319245
2025-07-23,NESTLEIND,INE239A01024,NESTLE INDIA LIMITED,2460.0,2469.0,2433.6,2452.5,360114,882226315.3,0.4949380722455185,1213.835622182134
2025-07-24,NESTLEIND,INE239A01024,NESTLE INDIA LIMITED,2452.8,2475.0,2310.0,2322.1,2686006,6309443964.8,0.4949380722455185,1149.2956975613185
2025-07-25,NESTLEIND,INE239A01024,NESTLE INDIA LIMITED,2314.9,2314.9,2266.0,2274.6,1589357,3634118277.9,0.4949380722455185,1125.7861391296562
2025-07-28,NESTLEIND,INE239A01024,NESTLE INDIA LIMITED,2274.7,2299.9,2222.1,2229.3,939969,2107224383.5,0.4949380722455185,1103.3654444569345
2025-07-29,NESTLEIND,INE239A01024,NESTLE INDIA LIMITED,2230.0,2258.1,2219.9,2223.7,900961,2007736644.4,0.4949380722455185,1100.5937912523593
2025-07-30,NESTLEIND,INE239A01024,NESTLE INDIA LIMITED,2230.0,2239.5,2221.7,2231.5,464849,1036676067.9,0.4949380722455185,1104.4543082158746
2025-07-31,NESTLEIND,INE239A01024,NESTLE INDIA LIMITED,2225.0,2265.9,2221.0,2247.7,673109,1512079639.4,0.4949380722455185,1112.4723049862519
2025-08-01,NESTLEIND,INE239A01024,NESTLE INDIA LIMITED,2247.7,2287.7,2243.1,2276.5,705012,1605513691.2,0.4949380722455185,1126.7265214669228
2025-08-04,NESTLEIND,INE239A01024,NESTLE INDIA LIMITED,2286.0,2286.6,2258.0,2277.4,406397,924031958.1,0.4949380722455185,1127.1719657319438
2025-08-05,NESTLEIND,INE239A01024,NESTLE INDIA LIMITED,2279.7,2282.4,2250.1,2267.3,567967,1284882417.8,0.4949380722455185,1122.1730912022642
2025-08-06,NESTLEIND,INE239A01024,NESTLE INDIA LIMITED,2270.0,2272.4,2226.1,2233.3,563772,1263936159.5,0.4949380722455185,1105.3451967459166
2025-08-07,NESTLEIND,INE239A01024,NESTLE INDIA LIMITED,2236.0,2246.4,2215.0,2234.6,507115,1130897987.3,0.4949380722455185,1105.9886162398357
2025-08-08,NESTLEIND,INE239A01024,NESTLE INDIA LIMITED,1122.0,1126.4,1093.4,1096.5,1242852,1374868899.2,0.989876144491037,1085.399192434422
2025-08-11,NESTLEIND,INE239A01024,NESTLE INDIA LIMITED,1097.0,1108.9,1087.0,1105.0,1038967,1144733500.9,0.989876144491037,1093.8131396625959
2025-08-12,NESTLEIND,INE239A01024,NESTLE INDIA LIMITED,1108.0,1109.6,1089.0,1091.1,758197,833499377.9,0.989876144491037,1080.0538612541704
2025-08-13,NESTLEIND,INE239A01024,NESTLE INDIA LIMITED,1091.1,1100.8,1086.6,1096.9,813725,889731533.0,0.989876144491037,1085.7951428922186
2025-08-14,NESTLEIND,INE239A01024,NESTLE INDIA LIMITED,1099.9,1103.0,1084.7,1089.4,941698,1027094654.5,0.989876144491037,1078.3710718085358
2025-08-18,NESTLEIND,INE239A01024,NESTLE INDIA LIMITED,1120.5,1169.9,1120.5,1144.1,3478231,4009871352.6,0.989876144491037,1132.5172969121954
2025-08-19,NESTLEIND,INE239A01024,NESTLE INDIA LIMITED,1149.6,1168.0,1130.2,1161.4,1851158,2124606289.9,0.989876144491037,1149.6421542118906
2025-08-20,NESTLEIND,INE239A01024,NESTLE INDIA LIMITED,1165.0,1192.8,1156.7,1190.3,1652532,1952755704.8,0.989876144491037,1178.2495747876812
2025-08-21,NESTLEIND,INE239A01024,NESTLE INDIA LIMITED,1190.0,1190.3,1168.8,1179.4,991563,1168466843.3,0.989876144491037,1167.4599248127292
2025-08-22,NESTLEIND,INE239A01024,NESTLE INDIA LIMITED,1175.0,1191.0,1158.0,1162.9,921658,1076240756.5,0.989876144491037,1151.126968428627
2025-08-25,NESTLEIND,INE239A01024,NESTLE INDIA LIMITED,1162.9,1166.8,1148.8,1153.0,931358,1074791102.5,0.989876144491037,1141.3271945981658
2025-08-26,NESTLEIND,INE239A01024,NESTLE INDIA LIMITED,1149.0,1179.0,1149.0,1162.2,3619892,4223970944.8,0.989876144491037,1150.4340551274834
2025-08-28,NESTLEIND,INE239A01024,NESTLE INDIA LIMITED,1165.6,1168.2,1155.0,1162.4,1065888,1239682702.0,0.989876144491037,1150.6320303563814
2025-08-29,NESTLEIND,INE239A01024,NESTLE INDIA LIMITED,1160.3,1184.4,1150.0,1156.2,1593255,1851999757.2,0.989876144491037,1144.494798260537
2025-09-01,NESTLEIND,INE239A01024,NESTLE INDIA LIMITED,1157.9,1176.0,1156.2,1174.4,643866,752096696.7,0.989876144491037,1162.510544090274
2025-09-02,NESTLEIND,INE239A01024,NESTLE INDIA LIMITED,1174.4,1202.5,1172.4,1200.9,1773623,2119042039.1,0.989876144491037,1188.7422619192864
2025-09-03,NESTLEIND,INE239A01024,NESTLE INDIA LIMITED,1206.5,1206.5,1191.3,1194.8,827824,990709340.1,0.989876144491037,1182.704017437891
2025-09-04,NESTLEIND,INE239A01024,NESTLE INDIA LIMITED,1230.0,1238.2,1208.0,1212.6,3346196,4086330510.1,0.989876144491037,1200.3238128098315
2025-09-05,NESTLEIND,INE239A01024,NESTLE INDIA LIMITED,1212.0,1216.4,1191.0,1208.5,1434458,1725903166.8,0.989876144491037,1196.2653206174182
2025-09-08,NESTLEIND,INE239A01024,NESTLE INDIA LIMITED,1208.5,1211.0,1185.2,1187.7,1112974,1330010527.0,0.989876144491037,1175.6758968120048
2025-09-09,NESTLEIND,INE239A01024,NESTLE INDIA LIMITED,1195.2,1204.0,1187.9,1202.2,1295618,1549083246.3,0.989876144491037,1190.0291009071248
2025-09-10,NESTLEIND,INE239A01024,NESTLE INDIA LIMITED,1208.2,1219.2,1201.7,1217.5,1015673,1231465096.1,0.989876144491037,1205.1742059178375
2025-09-11,NESTLEIND,INE239A01024,NESTLE INDIA LIMITED,1212.1,1224.9,1212.1,1220.8,783400,956731582.7,0.989876144491037,1208.440797194658
2025-09-12,NESTLEIND,INE239A01024,NESTLE INDIA LIMITED,1220.2,1223.0,1209.5,1217.6,632659,769435142.4,0.989876144491037,1205.2731935322865
2025-09-15,NESTLEIND,INE239A01024,NESTLE INDIA LIMITED,1212.2,1220.0,1209.6,1212.5,523120,635108846.4,0.989876144491037,1200.2248251953824
2025-09-16,NESTLEIND,INE239A01024,NESTLE INDIA LIMITED,1212.0,1215.0,1201.2,1204.2,1137133,1372400429.2,0.989876144491037,1192.0088531961069
2025-09-17,NESTLEIND,INE239A01024,NESTLE INDIA LIMITED,1207.0,1212.6,1195.6,1204.3,1005661,1208469525.5,0.989876144491037,1192.107840810556
2025-09-18,NESTLEIND,INE239A01024,NESTLE INDIA LIMITED,1205.1,1213.3,1200.0,1209.1,1345158,1625542602.7,0.989876144491037,1196.8592463041127
2025-09-19,NESTLEIND,INE239A01024,NESTLE INDIA LIMITED,1212.0,1212.0,1191.0,1194.5,2395784,2866685661.9,0.989876144491037,1182.4070545945438
2025-09-22,NESTLEIND,INE239A01024,NESTLE INDIA LIMITED,1198.9,1201.2,1184.0,1188.3,1107323,1319877881.9,0.989876144491037,1176.269822498699
2025-09-23,NESTLEIND,INE239A01024,NESTLE INDIA LIMITED,1189.8,1194.5,1165.0,1168.4,2114020,2474710605.7,0.989876144491037,1156.5712872233278
2025-09-24,NESTLEIND,INE239A01024,NESTLE INDIA LIMITED,1167.9,1185.2,1161.4,1178.6,1395188,1641821452.2,0.989876144491037,1166.6680238971362
2025-09-25,NESTLEIND,INE239A01024,NESTLE INDIA LIMITED,1184.5,1192.4,1171.6,1173.5,1273981,1499570473.4,0.989876144491037,1161.6196555602319
2025-09-26,NESTLEIND,INE239A01024,NESTLE INDIA LIMITED,1170.0,1179.0,1160.2,1162.6,1011036,1177180722.4,0.989876144491037,1150.8300055852794
2025-09-29,NESTLEIND,INE239A01024,NESTLE INDIA LIMITED,1160.0,1162.1,1149.2,1152.5,2130382,2461182508.4,0.989876144491037,1140.8322565259202
2025-09-30,NESTLEIND,INE239A01024,NESTLE INDIA LIMITED,1155.6,1159.6,1146.4,1152.9,1409305,1624831272.3,0.989876144491037,1141.2282069837167
2025-10-01,NESTLEIND,INE239A01024,NESTLE INDIA LIMITED,1157.9,1169.2,1145.0,1166.4,727804,844137425.3,0.989876144491037,1154.5915349343456
2025-10-03,NESTLEIND,INE239A01024,NESTLE INDIA LIMITED,1160.0,1171.3,1154.4,1169.9,1159975,1351848853.0,0.989876144491037,1158.0561014400644
2025-10-06,NESTLEIND,INE239A01024,NESTLE INDIA LIMITED,1163.5,1183.7,1163.5,1181.7,639965,753204677.7,0.989876144491037,1169.7366399450584
2025-10-07,NESTLEIND,INE239A01024,NESTLE INDIA LIMITED,1181.7,1192.2,1175.0,1176.8,922441,1091357226.2,0.989876144491037,1164.8862468370523
2025-10-08,NESTLEIND,INE239A01024,NESTLE INDIA LIMITED,1170.0,1182.5,1158.6,1180.5,893579,1049530692.8,0.989876144491037,1168.548788571669
2025-10-09,NESTLEIND,INE239A01024,NESTLE INDIA LIMITED,1175.1,1189.1,1172.9,1187.8,922191,1091283996.7,0.989876144491037,1175.7748844264538
2025-10-10,NESTLEIND,INE239A01024,NESTLE INDIA LIMITED,1186.4,1202.0,1184.4,1199.5,1110822,1327985004.3,0.989876144491037,1187.3564353169988
2025-10-13,NESTLEIND,INE239A01024,NESTLE INDIA LIMITED,1199.0,1200.8,1181.9,1188.1,1062394,1262082924.9,0.989876144491037,1176.071847269801
2025-10-14,NESTLEIND,INE239A01024,NESTLE INDIA LIMITED,1190.1,1194.3,1171.0,1175.5,1293553,1522825635.6,0.989876144491037,1163.599407849214
2025-10-15,NESTLEIND,INE239A01024,NESTLE INDIA LIMITED,1175.5,1225.0,1175.5,1221.4,2283392,2770831997.7,0.989876144491037,1209.0347228813528
2025-10-16,NESTLEIND,INE239A01024,NESTLE INDIA LIMITED,1221.4,1286.5,1216.5,1276.6,6927367,8753334040.3,0.989876144491037,1263.6758860572577
2025-10-17,NESTLEIND,INE239A01024,NESTLE INDIA LIMITED,1263.9,1311.6,1261.3,1289.5,3171952,4098835402.8,0.989876144491037,1276.4452883211923
2025-10-20,NESTLEIND,INE239A01024,NESTLE INDIA LIMITED,1289.5,1305.6,1280.8,1285.4,1246633,1604656670.9,0.989876144491037,1272.386796128779
2025-10-23,NESTLEIND,INE239A01024,NESTLE INDIA LIMITED,1287.0,1303.8,1270.8,1272.8,1751448,2250225113.8,0.989876144491037,1259.914356708192
2025-10-24,NESTLEIND,INE239A01024,NESTLE INDIA LIMITED,1274.4,1284.5,1259.4,1282.0,1433533,1827102332.7,0.989876144491037,1269.0212172375095
2025-10-27,NESTLEIND,INE239A01024,NESTLE INDIA LIMITED,1282.0,1292.2,1275.8,1283.0,1107997,1421840248.8,0.989876144491037,1270.0110933820006
2025-10-28,NESTLEIND,INE239A01024,NESTLE INDIA LIMITED,1283.8,1288.9,1263.7,1271.0,1343829,1708812241.4,0.989876144491037,1258.132579648108
2025-10-29,NESTLEIND,INE239A01024,NESTLE INDIA LIMITED,1275.0,1281.0,1266.5,1273.0,836932,1067360107.3,0.989876144491037,1260.1123319370902
2025-10-30,NESTLEIND,INE239A01024,NESTLE INDIA LIMITED,1278.0,1281.4,1267.7,1279.9,728703,930677950.3,0.989876144491037,1266.9424773340784
2025-10-31,NESTLEIND,INE239A01024,NESTLE INDIA LIMITED,1279.9,1284.0,1269.6,1271.6,943037,1202089080.6,0.989876144491037,1258.7265053348026
2025-11-03,NESTLEIND,INE239A01024,NESTLE INDIA LIMITED,1269.6,1269.9,1255.5,1266.7,847050,1069775179.9,0.989876144491037,1253.8761122267965
2025-11-04,NESTLEIND,INE239A01024,NESTLE INDIA LIMITED,1266.0,1269.0,1250.7,1265.0,770668,973823159.0,0.989876144491037,1252.193322781162
2025-11-06,NESTLEIND,INE239A01024,NESTLE INDIA LIMITED,1265.0,1278.9,1260.1,1266.1,1171263,1487625717.8,0.989876144491037,1253.2821865401017
2025-11-07,NESTLEIND,INE239A01024,NESTLE INDIA LIMITED,1264.0,1270.9,1256.4,1262.7,596683,753197688.8,0.989876144491037,1249.9166076488325
2025-11-10,NESTLEIND,INE239A01024,NESTLE INDIA LIMITED,1263.1,1273.2,1260.2,1262.9,737986,935180805.4,0.989876144491037,1250.1145828777308
2025-11-11,NESTLEIND,INE239A01024,NESTLE INDIA LIMITED,1268.0,1270.2,1255.0,1268.1,729912,923474587.5,0.989876144491037,1255.2619388290839
2025-11-12,NESTLEIND,INE239A01024,NESTLE INDIA LIMITED,1270.0,1286.9,1261.6,1278.2,824792,1052907012.1,0.989876144491037,1265.2596878884435
2025-11-13,NESTLEIND,INE239A01024,NESTLE INDIA LIMITED,1280.0,1289.3,1270.3,1275.2,691337,885533228.9,0.989876144491037,1262.2900594549703
2025-11-14,NESTLEIND,INE239A01024,NESTLE INDIA LIMITED,1275.2,1279.0,1262.4,1271.6,675047,857206387.4,0.989876144491037,1258.7265053348026
2025-11-17,NESTLEIND,INE239A01024,NESTLE INDIA LIMITED,1272.0,1278.0,1264.1,1270.3,774802,983472572.5,0.989876144491037,1257.4396663469643
2025-11-18,NESTLEIND,INE239A01024,NESTLE INDIA LIMITED,1262.1,1269.9,1252.6,1265.1,810387,1024509573.6,0.989876144491037,1252.292310395611
2025-11-19,NESTLEIND,INE239A01024,NESTLE INDIA LIMITED,1267.9,1280.0,1263.0,1279.0,726287,925628343.5,0.989876144491037,1266.0515888040363
2025-11-20,NESTLEIND,INE239A01024,NESTLE INDIA LIMITED,1288.0,1288.6,1275.2,1279.2,796864,1020230294.4,0.989876144491037,1266.2495640329346
2025-11-21,NESTLEIND,INE239A01024,NESTLE INDIA LIMITED,1275.0,1288.9,1273.0,1280.7,673231,863065763.2,0.989876144491037,1267.7343782496712
2025-11-24,NESTLEIND,INE239A01024,NESTLE INDIA LIMITED,1285.0,1285.8,1259.5,1269.2,2636542,3351400503.3,0.989876144491037,1256.3508025880242
2025-11-25,NESTLEIND,INE239A01024,NESTLE INDIA LIMITED,1267.4,1270.9,1250.8,1263.2,1065974,1346575305.5,0.989876144491037,1250.411545721078
2025-11-26,NESTLEIND,INE239A01024,NESTLE INDIA LIMITED,1257.1,1282.7,1257.1,1276.8,810809,1035407230.3,0.989876144491037,1263.873861286156
2025-11-27,NESTLEIND,INE239A01024,NESTLE INDIA LIMITED,1276.0,1279.5,1260.5,1266.4,708607,898538722.1,0.989876144491037,1253.5791493834492
2025-11-28,NESTLEIND,INE239A01024,NESTLE INDIA LIMITED,1266.3,1269.7,1258.2,1261.1,626947,791507446.5,0.989876144491037,1248.3328058176467
2025-12-01,NESTLEIND,INE239A01024,NESTLE INDIA LIMITED,1260.6,1264.0,1251.6,1260.6,644563,810710166.2,0.989876144491037,1247.8378677454011
2025-12-02,NESTLEIND,INE239A01024,NESTLE INDIA LIMITED,1251.0,1261.8,1251.0,1258.9,911551,1146939628.5,0.989876144491037,1246.1550782997665
2025-12-03,NESTLEIND,INE239A01024,NESTLE INDIA LIMITED,1257.0,1258.0,1236.1,1241.9,642993,799144733.2,0.989876144491037,1229.3271838434189
2025-12-04,NESTLEIND,INE239A01024,NESTLE INDIA LIMITED,1241.9,1245.0,1233.2,1242.4,664641,824202160.8,0.989876144491037,1229.8221219156644
2025-12-05,NESTLEIND,INE239A01024,NESTLE INDIA LIMITED,1237.5,1249.0,1234.2,1246.9,911699,1131540106.3,0.989876144491037,1234.2765645658742
2025-12-08,NESTLEIND,INE239A01024,NESTLE INDIA LIMITED,1246.9,1248.0,1212.8,1214.8,1534927,1878328301.0,0.989876144491037,1202.5015403277116
2025-12-09,NESTLEIND,INE239A01024,NESTLE INDIA LIMITED,1214.9,1221.5,1207.3,1215.8,810028,984543386.9,0.989876144491037,1203.4914164722027
2025-12-10,NESTLEIND,INE239A01024,NESTLE INDIA LIMITED,1215.8,1221.8,1205.0,1209.3,514862,623201480.1,0.989876144491037,1197.057221533011
2025-12-11,NESTLEIND,INE239A01024,NESTLE INDIA LIMITED,1209.4,1220.4,1205.8,1215.0,339626,412845427.4,0.989876144491037,1202.6995155566099
2025-12-12,NESTLEIND,INE239A01024,NESTLE INDIA LIMITED,1219.0,1240.0,1215.4,1238.3,841766,1037093712.5,0.989876144491037,1225.7636297232511
2025-12-15,NESTLEIND,INE239A01024,NESTLE INDIA LIMITED,1238.0,1248.0,1225.5,1243.5,857798,1064062370.8,0.989876144491037,1230.9109856746045
2025-12-16,NESTLEIND,INE239A01024,NESTLE INDIA LIMITED,1236.5,1264.0,1234.4,1240.6,1086329,1355232971.4,0.989876144491037,1228.0403448555803
2025-12-17,NESTLEIND,INE239A01024,NESTLE INDIA LIMITED,1237.0,1241.4,1224.3,1234.6,526222,648925563.2,0.989876144491037,1222.1010879886342
2025-12-18,NESTLEIND,INE239A01024,NESTLE INDIA LIMITED,1234.7,1243.9,1227.5,1233.5,707432,875108702.9,0.989876144491037,1221.012224229694
2025-12-19,NESTLEIND,INE239A01024,NESTLE INDIA LIMITED,1230.8,1246.2,1229.7,1244.4,754446,937450260.1,0.989876144491037,1231.8018742046465
2025-12-22,NESTLEIND,INE239A01024,NESTLE INDIA LIMITED,1246.0,1259.9,1240.0,1257.2,880387,1103213460.4,0.989876144491037,1244.4722888541319
2025-12-23,NESTLEIND,INE239A01024,NESTLE INDIA LIMITED,1260.0,1261.5,1251.1,1256.5,663261,833714445.6,0.989876144491037,1243.779375552988
2025-12-24,NESTLEIND,INE239A01024,NESTLE INDIA LIMITED,1251.1,1264.1,1247.9,1259.7,598956,755132079.6,0.989876144491037,1246.9469792153593
2025-12-26,NESTLEIND,INE239A01024,NESTLE INDIA LIMITED,1264.0,1277.0,1251.4,1272.6,1433973,1820318717.4,0.989876144491037,1259.7163814792937
2025-12-29,NESTLEIND,INE239A01024,NESTLE INDIA LIMITED,1275.0,1286.5,1270.8,1280.0,888206,1136669716.9,0.989876144491037,1267.0414649485274
2025-12-30,NESTLEIND,INE239A01024,NESTLE INDIA LIMITED,1284.0,1289.0,1267.7,1274.1,2043408,2608774987.6,0.989876144491037,1261.2011956960303
2025-12-31,NESTLEIND,INE239A01024,NESTLE INDIA LIMITED,1274.2,1294.3,1270.4,1288.0,738631,950336580.5,0.989876144491037,1274.9604741044557
2026-01-01,NESTLEIND,INE239A01024,NESTLE INDIA LIMITED,1293.0,1299.0,1284.0,1295.0,932297,1205282372.5,0.989876144491037,1281.8896071158929
2026-01-02,NESTLEIND,INE239A01024,NESTLE INDIA LIMITED,1292.0,1299.0,1277.6,1279.7,736473,946190225.1,0.989876144491037,1266.7445021051801
2026-01-05,NESTLEIND,INE239A01024,NESTLE INDIA LIMITED,1279.0,1320.0,1278.5,1314.6,2397082,3143626819.8,0.989876144491037,1301.2911795479172
2026-01-06,NESTLEIND,INE239A01024,NESTLE INDIA LIMITED,1319.0,1323.5,1298.4,1319.9,866154,1137590139.9,0.989876144491037,1306.5375231137198
2026-01-07,NESTLEIND,INE239A01024,NESTLE INDIA LIMITED,1312.5,1332.7,1304.2,1314.8,676669,892728286.7,0.989876144491037,1301.4891547768154
2026-01-08,NESTLEIND,INE239A01024,NESTLE INDIA LIMITED,1309.1,1315.1,1299.0,1306.9,555817,725508702.2,0.989876144491037,1293.6691332353364
2026-01-09,NESTLEIND,INE239A01024,NESTLE INDIA LIMITED,1306.9,1310.8,1290.1,1299.1,1194489,1550748217.9,0.989876144491037,1285.9480993083062
2026-01-12,NESTLEIND,INE239A01024,NESTLE INDIA LIMITED,1293.0,1318.0,1291.6,1312.4,1032516,1348320143.6,0.989876144491037,1299.113452030037
2026-01-13,NESTLEIND,INE239A01024,NESTLE INDIA LIMITED,1312.4,1321.9,1309.0,1318.7,1316337,1732265114.7,0.989876144491037,1305.3496717403305
2026-01-14,NESTLEIND,INE239A01024,NESTLE INDIA LIMITED,1321.0,1328.2,1302.2,1307.1,904110,1187891540.9,0.989876144491037,1293.8671084642344
2026-01-16,NESTLEIND,INE239A01024,NESTLE INDIA LIMITED,1318.2,1320.9,1305.3,1315.9,1491989,1962197087.5,0.989876144491037,1302.5780185357557
2026-01-19,NESTLEIND,INE239A01024,NESTLE INDIA LIMITED,1306.0,1320.3,1305.5,1315.6,867546,1140317746.4,0.989876144491037,1302.2810556924082
2026-01-20,NESTLEIND,INE239A01024,NESTLE INDIA LIMITED,1315.0,1317.1,1291.6,1295.7,1173676,1533804079.8,0.989876144491037,1282.5825204170367
2026-01-21,NESTLEIND,INE239A01024,NESTLE INDIA LIMITED,1298.9,1311.7,1271.3,1283.2,1046054,1347508043.9,0.989876144491037,1270.2090686108988
2026-01-22,NESTLEIND,INE239A01024,NESTLE INDIA LIMITED,1285.9,1312.0,1272.3,1306.0,994359,1289728076.0,0.989876144491037,1292.7782447052944
2026-01-23,NESTLEIND,INE239A01024,NESTLE INDIA LIMITED,1310.0,1311.9,1290.3,1293.8,744221,965893613.5,0.989876144491037,1280.7017557425036
2026-01-27,NESTLEIND,INE239A01024,NESTLE INDIA LIMITED,1300.0,1314.0,1290.3,1303.3,1159495,1509523323.1,0.989876144491037,1290.1055791151684
2026-01-28,NESTLEIND,INE239A01024,NESTLE INDIA LIMITED,1297.2,1306.0,1273.0,1292.4,940426,1210970525.7,0.989876144491037,1279.3159291402162
2026-01-29,NESTLEIND,INE239A01024,NESTLE INDIA LIMITED,1286.5,1294.4,1262.3,1287.9,1151521,1473836602.4,0.989876144491037,1274.8614864900067
2026-01-30,NESTLEIND,INE239A01024,NESTLE INDIA LIMITED,1286.0,1339.6,1283.0,1332.4,5292100,7002011896.0,0.989876144491037,1318.9109749198578
2026-02-02,NESTLEIND,INE239A01024,NESTLE INDIA LIMITED,1297.5,1311.0,1273.9,1308.3,1254558,1630198329.4,0.989876144491037,1295.0549598376238
2026-02-03,NESTLEIND,INE239A01024,NESTLE INDIA LIMITED,1330.0,1340.4,1291.1,1308.0,1232271,1611402868.3,0.989876144491037,1294.7579969942765
2026-02-04,NESTLEIND,INE239A01024,NESTLE INDIA LIMITED,1313.6,1328.0,1295.1,1303.2,875783,1148057805.5,0.989876144491037,1290.0065915007194
2026-02-05,NESTLEIND,INE239A01024,NESTLE INDIA LIMITED,1304.8,1310.6,1287.0,1303.5,854891,1114066296.0,0.989876144491037,1290.3035543440667
2026-02-06,NESTLEIND,INE239A01024,NESTLE INDIA LIMITED,1291.1,1305.2,1278.7,1303.3,835646,1080889668.0,0.9952206358226507,1297.0710546676607
2026-02-09,NESTLEIND,INE239A01024,NESTLE INDIA LIMITED,1301.0,1307.0,1290.3,1295.6,746303,967080969.3,0.9952206358226507,1289.4078557718262
2026-02-10,NESTLEIND,INE239A01024,NESTLE INDIA LIMITED,1296.9,1310.3,1296.5,1308.6,936331,1221209605.5,0.9952206358226507,1302.3457240375208
2026-02-11,NESTLEIND,INE239A01024,NESTLE INDIA LIMITED,1315.0,1324.9,1296.7,1305.3,911500,1192749626.6,0.9952206358226507,1299.061495939306
2026-02-12,NESTLEIND,INE239A01024,NESTLE INDIA LIMITED,1312.1,1312.1,1295.1,1305.5,534672,696989888.3,0.9952206358226507,1299.2605400664706
2026-02-13,NESTLEIND,INE239A01024,NESTLE INDIA LIMITED,1305.0,1310.4,1278.0,1282.6,522586,673078877.4,0.9952206358226507,1276.4699875061317
2026-02-16,NESTLEIND,INE239A01024,NESTLE INDIA LIMITED,1276.7,1295.5,1274.2,1289.8,456222,587484381.7,0.9952206358226507,1283.635576084055
2026-02-17,NESTLEIND,INE239A01024,NESTLE INDIA LIMITED,1281.0,1289.6,1278.0,1285.3,396198,508628854.6,0.9952206358226507,1279.1570832228529
2026-02-18,NESTLEIND,INE239A01024,NESTLE INDIA LIMITED,1286.6,1303.4,1278.0,1300.9,446022,575243331.9,0.9952206358226507,1294.6825251416865
2026-02-19,NESTLEIND,INE239A01024,NESTLE INDIA LIMITED,1299.8,1300.0,1271.9,1278.5,659360,845960720.1,0.9952206358226507,1272.389582899259
2026-02-20,NESTLEIND,INE239A01024,NESTLE INDIA LIMITED,1278.5,1301.0,1276.4,1293.8,754146,976198882.6,0.9952206358226507,1287.6164586273455
2026-02-23,NESTLEIND,INE239A01024,NESTLE INDIA LIMITED,1299.0,1318.5,1295.5,1315.1,933582,1223238522.2,0.9952206358226507,1308.814658170368
2026-02-24,NESTLEIND,INE239A01024,NESTLE INDIA LIMITED,1305.6,1323.9,1305.6,1320.0,1120203,1475540467.4,0.9952206358226507,1313.691239285899
2026-02-25,NESTLEIND,INE239A01024,NESTLE INDIA LIMITED,1328.0,1334.8,1315.0,1323.4,991399,1314678333.0,0.9952206358226507,1317.074989447696
2026-02-26,NESTLEIND,INE239A01024,NESTLE INDIA LIMITED,1329.2,1329.2,1310.6,1318.0,438946,578342207.8,0.9952206358226507,1311.7007980142537
2026-02-27,NESTLEIND,INE239A01024,NESTLE INDIA LIMITED,1311.1,1322.9,1286.0,1291.7,1640870,2121984694.4,0.9952206358226507,1285.526495292118
2026-03-02,NESTLEIND,INE239A01024,NESTLE INDIA LIMITED,1261.9,1288.0,1261.3,1279.7,1161869,1480269363.2,0.9952206358226507,1273.5838476622462
2026-03-04,NESTLEIND,INE239A01024,NESTLE INDIA LIMITED,1259.7,1270.0,1240.0,1245.3,1112032,1388839545.1,0.9952206358226507,1239.348257789947
2026-03-05,NESTLEIND,INE239A01024,NESTLE INDIA LIMITED,1249.5,1254.4,1222.7,1250.9,935711,1159958766.0,0.9952206358226507,1244.9214933505539
2026-03-06,NESTLEIND,INE239A01024,NESTLE INDIA LIMITED,1250.0,1264.1,1234.2,1252.4,830769,1041157809.9,0.9952206358226507,1246.414324304288
2026-03-09,NESTLEIND,INE239A01024,NESTLE INDIA LIMITED,1227.0,1242.6,1217.4,1235.8,1467475,1805627530.7,0.9952206358226507,1229.8936617496317
2026-03-10,NESTLEIND,INE239A01024,NESTLE INDIA LIMITED,1236.9,1249.5,1233.5,1241.2,1301806,1617667516.4,0.9952206358226507,1235.267853183074
2026-03-11,NESTLEIND,INE239A01024,NESTLE INDIA LIMITED,1237.1,1245.9,1226.1,1233.7,1472136,1815255626.3,0.9952206358226507,1227.8036984144044
2026-03-12,NESTLEIND,INE239A01024,NESTLE INDIA LIMITED,1225.0,1229.9,1209.3,1220.8,1358564,1657797127.2,0.9952206358226507,1214.965352212292
2026-03-13,NESTLEIND,INE239A01024,NESTLE INDIA LIMITED,1219.0,1238.6,1200.6,1202.2,1681371,2046909150.7,0.9952206358226507,1196.4542483859907
2026-03-16,NESTLEIND,INE239A01024,NESTLE INDIA LIMITED,1200.0,1219.3,1196.5,1213.4,1100151,1330727748.0,0.9952206358226507,1207.6007195072045
2026-03-17,NESTLEIND,INE239A01024,NESTLE INDIA LIMITED,1213.4,1225.0,1199.1,1206.9,1673011,2020061914.5,0.9952206358226507,1201.1317853743574
2026-03-18,NESTLEIND,INE239A01024,NESTLE INDIA LIMITED,1206.0,1213.3,1199.9,1204.8,1144239,1379919058.4,0.9952206358226507,1199.0418220391296
2026-03-19,NESTLEIND,INE239A01024,NESTLE INDIA LIMITED,1193.0,1203.0,1177.7,1186.3,826831,979058024.9,0.9952206358226507,1180.6302402764106
2026-03-20,NESTLEIND,INE239A01024,NESTLE INDIA LIMITED,1204.0,1204.0,1177.6,1193.6,1395157,1663629276.7,0.9952206358226507,1187.895350917916
2026-03-23,NESTLEIND,INE239A01024,NESTLE INDIA LIMITED,1189.0,1189.0,1164.8,1166.8,944890,1107878298.8,0.9952206358226507,1161.223437877869
2026-03-24,NESTLEIND,INE239A01024,NESTLE INDIA LIMITED,1180.0,1195.1,1163.2,1183.2,1001494,1185148705.8,0.9952206358226507,1177.5450563053605
2026-03-25,NESTLEIND,INE239A01024,NESTLE INDIA LIMITED,1183.2,1217.8,1180.0,1204.1,1003662,1209730496.8,0.9952206358226507,1198.3451675940537
2026-03-27,NESTLEIND,INE239A01024,NESTLE INDIA LIMITED,1204.1,1215.7,1188.3,1193.2,2005121,2409328451.8,0.9952206358226507,1187.497262663587
2026-03-30,NESTLEIND,INE239A01024,NESTLE INDIA LIMITED,1185.0,1194.4,1169.6,1174.8,1814954,2138907682.3,0.9952206358226507,1169.1852029644501
2026-04-01,NESTLEIND,INE239A01024,NESTLE INDIA LIMITED,1174.8,1191.6,1167.1,1180.8,1836376,2165272498.8,0.9952206358226507,1175.156526779386
2026-04-02,NESTLEIND,INE239A01024,NESTLE INDIA LIMITED,1173.3,1200.0,1159.4,1191.3,1357820,1608171771.6,0.9952206358226507,1185.6063434555238
2026-04-06,NESTLEIND,INE239A01024,NESTLE INDIA LIMITED,1190.0,1218.8,1179.0,1216.0,1460974,1751982147.6,0.9952206358226507,1210.1882931603434
2026-04-07,NESTLEIND,INE239A01024,NESTLE INDIA LIMITED,1204.4,1225.4,1194.2,1222.8,1434686,1745311014.8,0.9952206358226507,1216.9557934839372
2026-04-08,NESTLEIND,INE239A01024,NESTLE INDIA LIMITED,1238.0,1250.6,1209.3,1213.7,1638620,2000426929.6,0.9952206358226507,1207.8992856979512
2026-04-09,NESTLEIND,INE239A01024,NESTLE INDIA LIMITED,1209.5,1230.1,1206.4,1228.7,1258634,1538935441.3,0.9952206358226507,1222.827595235291
2026-04-10,NESTLEIND,INE239A01024,NESTLE INDIA LIMITED,1230.8,1252.3,1229.1,1249.3,1358310,1685195851.1,0.9952206358226507,1243.3291403332375
2026-04-13,NESTLEIND,INE239A01024,NESTLE INDIA LIMITED,1239.3,1246.8,1222.1,1226.1,1346881,1654747715.5,0.9952206358226507,1220.240021582152
2026-04-15,NESTLEIND,INE239A01024,NESTLE INDIA LIMITED,1235.0,1259.9,1232.3,1256.6,1236533,1545404502.6,0.9952206358226507,1250.5942509747429
2026-04-16,NESTLEIND,INE239A01024,NESTLE INDIA LIMITED,1255.1,1261.9,1246.5,1257.4,1126023,1412627851.3,0.9952206358226507,1251.390427483401
2026-04-17,NESTLEIND,INE239A01024,NESTLE INDIA LIMITED,1258.1,1292.0,1252.8,1285.6,1994195,2558066258.4,0.9952206358226507,1279.4556494135998
2026-04-20,NESTLEIND,INE239A01024,NESTLE INDIA LIMITED,1294.0,1294.3,1274.6,1286.4,1156327,1488271478.2,0.9952206358226507,1280.251825922258
2026-04-21,NESTLEIND,INE239A01024,NESTLE INDIA LIMITED,1298.1,1396.0,1286.8,1379.9,9586515,12945709350.2,0.9952206358226507,1373.3049553716758
2026-04-22,NESTLEIND,INE239A01024,NESTLE INDIA LIMITED,1391.0,1425.2,1386.0,1395.8,7723484,10892386969.6,0.9952206358226507,1389.1289634812558
2026-04-23,NESTLEIND,INE239A01024,NESTLE INDIA LIMITED,1388.9,1415.0,1382.1,1410.5,2963135,4171979154.0,0.9952206358226507,1403.758706827849
2026-04-24,NESTLEIND,INE239A01024,NESTLE INDIA LIMITED,1420.0,1430.9,1409.1,1421.3,3419416,4854964962.0,0.9952206358226507,1414.5070896947334
2026-04-27,NESTLEIND,INE239A01024,NESTLE INDIA LIMITED,1429.0,1437.9,1410.0,1417.3,1719329,2450675821.0,0.9952206358226507,1410.5262071514428
2026-04-28,NESTLEIND,INE239A01024,NESTLE INDIA LIMITED,1417.9,1445.1,1401.0,1440.0,4008095,5753037705.3,0.9952206358226507,1433.1177155846171
2026-04-29,NESTLEIND,INE239A01024,NESTLE INDIA LIMITED,1445.0,1470.0,1436.1,1465.6,2753356,4015526848.7,0.9952206358226507,1458.5953638616768
2026-04-30,NESTLEIND,INE239A01024,NESTLE INDIA LIMITED,1466.0,1466.0,1436.1,1458.6,2305703,3355171630.0,0.9952206358226507,1451.6288194109184
2026-05-04,NESTLEIND,INE239A01024,NESTLE INDIA LIMITED,1460.0,1472.9,1446.3,1457.1,1744112,2547020048.0,0.9952206358226507,1450.1359884571843
2026-05-05,NESTLEIND,INE239A01024,NESTLE INDIA LIMITED,1456.0,1480.4,1447.6,1477.8,2490700,3659053176.2,0.9952206358226507,1470.7370556187132
2026-05-06,NESTLEIND,INE239A01024,NESTLE INDIA LIMITED,1485.0,1490.0,1468.2,1486.1,2133310,3162875015.9,0.9952206358226507,1478.9973868960412
2026-05-07,NESTLEIND,INE239A01024,NESTLE INDIA LIMITED,1488.0,1493.0,1468.3,1476.0,2247161,3316778705.6,0.9952206358226507,1468.9456584742325
2026-05-08,NESTLEIND,INE239A01024,NESTLE INDIA LIMITED,1476.6,1496.3,1470.0,1482.4,1471411,2185292391.3,0.9952206358226507,1475.3150705434975
2026-05-11,NESTLEIND,INE239A01024,NESTLE INDIA LIMITED,1475.3,1498.1,1470.5,1481.9,1358397,2020014321.7,0.9952206358226507,1474.8174602255863
2026-05-12,NESTLEIND,INE239A01024,NESTLE INDIA LIMITED,1470.0,1491.0,1466.1,1468.6,1017058,1500191253.5,0.9952206358226507,1461.5810257691448
2026-05-13,NESTLEIND,INE239A01024,NESTLE INDIA LIMITED,1468.6,1486.0,1463.5,1468.9,2205792,3247842241.0,0.9952206358226507,1461.8795919598917
2026-05-14,NESTLEIND,INE239A01024,NESTLE INDIA LIMITED,1468.9,1479.4,1453.0,1459.6,1251986,1829996610.6,0.9952206358226507,1452.624040046741
2026-05-15,NESTLEIND,INE239A01024,NESTLE INDIA LIMITED,1459.6,1467.5,1427.5,1430.5,3292954,4746116345.3,0.9952206358226507,1423.663119544302
2026-05-18,NESTLEIND,INE239A01024,NESTLE INDIA LIMITED,1430.5,1444.7,1418.1,1431.7,2030857,2903960222.6,0.9952206358226507,1424.857384307289
2026-05-19,NESTLEIND,INE239A01024,NESTLE INDIA LIMITED,1428.0,1454.5,1422.0,1431.4,1803745,2598858490.1,0.9952206358226507,1424.5588181165424
2026-05-20,NESTLEIND,INE239A01024,NESTLE INDIA LIMITED,1400.0,1426.9,1398.5,1420.1,1425216,2017382002.4,0.9952206358226507,1413.3128249317463
2026-05-21,NESTLEIND,INE239A01024,NESTLE INDIA LIMITED,1425.0,1430.9,1403.5,1406.5,2049251,2889731597.0,0.9952206358226507,1399.7778242845582
2026-05-22,NESTLEIND,INE239A01024,NESTLE INDIA LIMITED,1410.5,1434.6,1401.2,1423.1,1306017,1854031864.5,0.9952206358226507,1416.298486839214
2026-05-25,NESTLEIND,INE239A01024,NESTLE INDIA LIMITED,1430.0,1438.9,1410.0,1413.6,812160,1154298522.0,0.9952206358226507,1406.843890798899
2026-05-26,NESTLEIND,INE239A01024,NESTLE INDIA LIMITED,1417.6,1431.7,1413.2,1428.6,1472818,2098053885.5,0.9952206358226507,1421.7722003362387
2026-05-27,NESTLEIND,INE239A01024,NESTLE INDIA LIMITED,1432.0,1443.7,1423.1,1427.5,1114165,1597016916.7,0.9952206358226507,1420.6774576368339
2026-05-29,NESTLEIND,INE239A01024,NESTLE INDIA LIMITED,1431.4,1444.1,1408.5,1421.5,13063475,18577061105.5,0.9952206358226507,1414.706133821898
2026-06-01,NESTLEIND,INE239A01024,NESTLE INDIA LIMITED,1424.5,1434.9,1388.5,1391.8,843583,1182340777.8,0.9952206358226507,1385.1480809379652
2026-06-02,NESTLEIND,INE239A01024,NESTLE INDIA LIMITED,1385.0,1403.5,1368.1,1398.7,1860526,2583818524.3,0.9952206358226507,1392.0151033251416
2026-06-03,NESTLEIND,INE239A01024,NESTLE INDIA LIMITED,1405.0,1417.2,1385.3,1391.5,1725869,2408146330.3,0.9952206358226507,1384.8495147472186
2026-06-04,NESTLEIND,INE239A01024,NESTLE INDIA LIMITED,1395.0,1399.9,1378.5,1382.9,1793823,2488214705.0,0.9952206358226507,1376.2906172791438
2026-06-08,NESTLEIND,INE239A01024,NESTLE INDIA LIMITED,1375.0,1412.5,1373.0,1398.9,1107621,1549942772.7,0.9952206358226507,1392.2141474523062
2026-06-09,NESTLEIND,INE239A01024,NESTLE INDIA LIMITED,1399.9,1414.6,1399.4,1410.4,1298664,1828265726.0,0.9952206358226507,1403.6591847642667
2026-06-10,NESTLEIND,INE239A01024,NESTLE INDIA LIMITED,1414.8,1454.9,1409.3,1438.3,2288648,3298282550.9,0.9952206358226507,1431.4258405037185
2026-06-11,NESTLEIND,INE239A01024,NESTLE INDIA LIMITED,1437.8,1445.0,1419.9,1422.5,1538190,2201980120.2,0.9952206358226507,1415.7013544577208
2026-06-12,NESTLEIND,INE239A01024,NESTLE INDIA LIMITED,1431.1,1434.9,1370.6,1375.7,2380729,3320456283.9,0.9952206358226507,1369.1250287012206
2026-06-17,NESTLEIND,INE239A01024,NESTLE INDIA LIMITED,1392.0,1415.5,1387.1,1407.3,1876655,2639866527.4,0.9952206358226507,1400.5740007932163
2026-06-18,NESTLEIND,INE239A01024,NESTLE INDIA LIMITED,1407.3,1413.9,1394.2,1400.4,1065482,1493899832.3,0.9952206358226507,1393.7069784060402
2026-06-19,NESTLEIND,INE239A01024,NESTLE INDIA LIMITED,1394.0,1420.0,1394.0,1414.8,1832928,2583502140.1,0.9952206358226507,1408.0381555618862
2026-06-23,NESTLEIND,INE239A01024,NESTLE INDIA LIMITED,1401.9,1411.9,1390.3,1392.2,1646370,2302274569.8,0.9952206358226507,1385.5461691922944
2026-06-24,NESTLEIND,INE239A01024,NESTLE INDIA LIMITED,1394.0,1398.8,1380.6,1382.6,1469059,2037409473.0,0.9952206358226507,1375.992051088397
2026-06-25,NESTLEIND,INE239A01024,NESTLE INDIA LIMITED,1392.0,1410.0,1383.4,1402.6,1968226,2755789205.0,0.9952206358226507,1395.8964638048499
2026-06-29,NESTLEIND,INE239A01024,NESTLE INDIA LIMITED,1424.0,1428.5,1381.5,1387.3,3412530,4778774586.1,0.9952206358226507,1380.6695880767634
2026-06-30,NESTLEIND,INE239A01024,NESTLE INDIA LIMITED,1387.3,1421.7,1387.3,1405.2,3178483,4468542379.2,0.9952206358226507,1398.484037457989
2026-07-01,NESTLEIND,INE239A01024,NESTLE INDIA LIMITED,1414.8,1459.9,1407.9,1453.8,2672318,3861259130.2,0.9952206358226507,1446.8517603589696
2026-07-02,NESTLEIND,INE239A01024,NESTLE INDIA LIMITED,1459.0,1462.3,1444.5,1446.2,1434136,2081194064.0,0.9952206358226507,1439.2880835267176
2026-07-03,NESTLEIND,INE239A01024,NESTLE INDIA LIMITED,1448.0,1463.7,1442.8,1459.8,1863379,2708147613.9,0.9952206358226507,1452.8230841739055
2026-07-06,NESTLEIND,INE239A01024,NESTLE INDIA LIMITED,1457.1,1479.9,1450.1,1473.7,1178983,1726855929.1,0.9952206358226507,1466.6566510118405
2026-07-07,NESTLEIND,INE239A01024,NESTLE INDIA LIMITED,1465.2,1482.9,1462.7,1471.8,1811724,2664473164.3,0.9952206358226507,1464.7657318037773
2026-07-08,NESTLEIND,INE239A01024,NESTLE INDIA LIMITED,1460.0,1479.9,1441.7,1450.5,1855873,2705736012.0,0.9952206358226507,1443.567532260755
2026-07-09,NESTLEIND,INE239A01024,NESTLE INDIA LIMITED,1452.0,1481.0,1452.0,1463.2,1346613,1979508501.3,0.9952206358226507,1456.2068343357025
2026-07-10,NESTLEIND,INE239A01024,NESTLE INDIA LIMITED,1467.0,1471.3,1448.3,1455.2,1563905,2282340201.8,1.0,1455.2
2026-07-13,NESTLEIND,INE239A01024,NESTLE INDIA LIMITED,1452.3,1452.3,1420.1,1427.0,2167829,3104117977.3,1.0,1427.0
2026-07-14,NESTLEIND,INE239A01024,NESTLE INDIA LIMITED,1418.5,1448.7,1418.5,1427.1,1841895,2637204623.9,1.0,1427.1
2026-07-15,NESTLEIND,INE239A01024,NESTLE INDIA LIMITED,1431.8,1442.0,1419.6,1424.4,1328750,1899710743.8,1.0,1424.4
2026-07-16,NESTLEIND,INE239A01024,NESTLE INDIA LIMITED,1427.9,1436.3,1417.8,1423.5,1179052,1681068690.6,1.0,1423.5
2026-07-17,NESTLEIND,INE239A01024,NESTLE INDIA LIMITED,1416.0,1429.2,1405.1,1427.2,1433884,2040724352.3,1.0,1427.2
2026-07-20,NESTLEIND,INE239A01024,NESTLE INDIA LIMITED,1436.0,1456.0,1420.6,1446.3,1689777,2439399348.0,1.0,1446.3
2026-07-21,NESTLEIND,INE239A01024,NESTLE INDIA LIMITED,1451.5,1464.4,1447.0,1451.9,1657756,2409772105.2,1.0,1451.9
2026-07-22,NESTLEIND,INE239A01024,NESTLE INDIA LIMITED,1460.3,1510.0,1454.0,1493.6,6542494,9733938382.3,1.0,1493.6
2026-07-23,NESTLEIND,INE239A01024,NESTLE INDIA LIMITED,1500.1,1503.5,1441.3,1447.9,2496998,3648896830.1,1.0,1447.9
2026-07-24,NESTLEIND,INE239A01024,NESTLE INDIA LIMITED,1439.8,1467.8,1431.0,1443.5,3041475,4408616110.5,1.0,1443.5
2026-07-27,NESTLEIND,INE239A01024,NESTLE INDIA LIMITED,1451.0,1461.5,1435.3,1446.1,2030304,2930849054.0,1.0,1446.1
2026-07-28,NESTLEIND,INE239A01024,NESTLE INDIA LIMITED,1454.6,1507.2,1448.5,1491.8,5464860,8118162796.5,1.0,1491.8
2026-07-29,NESTLEIND,INE239A01024,NESTLE INDIA LIMITED,1499.0,1515.8,1487.6,1503.3,3055336,4598025169.8,1.0,1503.3
2026-07-30,NESTLEIND,INE239A01024,NESTLE INDIA LIMITED,1503.3,1532.6,1497.0,1520.7,3698063,5624603752.9,1.0,1520.7
2026-07-31,NESTLEIND,INE239A01024,NESTLE INDIA LIMITED,1529.0,1529.0,1497.5,1509.6,2501825,3776886191.6,1.0,1509.6
2026-08-03,NESTLEIND,INE239A01024,NESTLE INDIA LIMITED,1509.5,1530.0,1505.4,1530.0,1232625,1868260379.4,1.0,1530.0
2026-08-04,NESTLEIND,INE239A01024,NESTLE INDIA LIMITED,1523.0,1535.9,1448.3,1520.0,4023569,6039218754.5,1.0,1520.0
2026-08-05,NESTLEIND,INE239A01024,NESTLE INDIA LIMITED,1510.0,1524.6,1488.1,1520.0,2747079,4149914751.8,1.0,1520.0
2026-08-06,NESTLEIND,INE239A01024,NESTLE INDIA LIMITED,1531.9,1535.0,1518.2,1535.0,1666312,2542987498.5,1.0,1535.0
2026-08-07,NESTLEIND,INE239A01024,NESTLE INDIA LIMITED,1523.0,1553.0,1520.0,1540.0,1520661,2346847268.7,1.0,1540.0
2026-08-10,NESTLEIND,INE239A01024,NESTLE INDIA LIMITED,1534.1,1547.5,1520.0,1528.6,1455200,2226194872.1,1.0,1528.6
2026-08-11,NESTLEIND,INE239A01024,NESTLE INDIA LIMITED,1531.4,1541.0,1491.3,1493.2,1955836,2950743414.7,1.0,1493.2
2026-08-12,NESTLEIND,INE239A01024,NESTLE INDIA LIMITED,1503.0,1515.7,1495.3,1507.0,1990581,2993798288.2,1.0,1507.0
2026-08-13,NESTLEIND,INE239A01024,NESTLE INDIA LIMITED,1513.2,1520.9,1494.8,1506.9,1892413,2849273854.9,1.0,1506.9
2026-08-14,NESTLEIND,INE239A01024,NESTLE INDIA LIMITED,1506.9,1515.8,1496.1,1499.1,1500577,2260629509.5,1.0,1499.1
2026-08-17,NESTLEIND,INE239A01024,NESTLE INDIA LIMITED,1500.0,1503.7,1468.5,1470.0,1721057,2545887547.6,1.0,1470.0
2026-08-18,NESTLEIND,INE239A01024,NESTLE INDIA LIMITED,1478.0,1479.8,1453.0,1462.5,1815216,2664236156.3,1.0,1462.5
2026-08-19,NESTLEIND,INE239A01024,NESTLE INDIA LIMITED,1462.4,1481.3,1457.1,1465.0,1837329,2689396766.4,1.0,1465.0
2026-08-20,NESTLEIND,INE239A01024,NESTLE INDIA LIMITED,1482.0,1482.0,1454.6,1458.0,1910719,2796035331.6,1.0,1458.0
2026-08-21,NESTLEIND,INE239A01024,NESTLE INDIA LIMITED,1465.0,1485.4,1449.0,1477.1,2679922,3933118190.2,1.0,1477.1
2026-08-24,NESTLEIND,INE239A01024,NESTLE INDIA LIMITED,1478.7,1483.4,1457.1,1471.3,1465156,2144602907.7,1.0,1471.3
2026-08-25,NESTLEIND,INE239A01024,NESTLE INDIA LIMITED,1471.3,1479.0,1458.8,1479.0,1634440,2396169276.3,1.0,1479.0
2026-08-26,NESTLEIND,INE239A01024,NESTLE INDIA LIMITED,1476.0,1479.0,1450.8,1451.5,625901,912806126.0,1.0,1451.5
2026-08-27,NESTLEIND,INE239A01024,NESTLE INDIA LIMITED,1451.5,1465.0,1440.3,1450.0,637066,923469260.1,1.0,1450.0
2026-08-28,NESTLEIND,INE239A01024,NESTLE INDIA LIMITED,1454.4,1456.5,1438.0,1454.6,445734,644533923.6,1.0,1454.6
2026-08-31,NESTLEIND,INE239A01024,NESTLE INDIA LIMITED,1445.1,1496.5,1427.6,1496.5,2320372,3391912091.6,1.0,1496.5
2026-09-01,NESTLEIND,INE239A01024,NESTLE INDIA LIMITED,1514.8,1514.8,1436.0,1438.2,2555542,3716271722.6,1.0,1438.2
2026-09-02,NESTLEIND,INE239A01024,NESTLE INDIA LIMITED,1425.0,1428.0,1411.0,1425.0,875020,1242707464.8,1.0,1425.0
2026-09-03,NESTLEIND,INE239A01024,NESTLE INDIA LIMITED,1424.1,1424.1,1407.0,1416.0,660284,933360587.7,1.0,1416.0
2026-09-04,NESTLEIND,INE239A01024,NESTLE INDIA LIMITED,1415.0,1420.0,1402.5,1410.5,974257,1373795994.2,1.0,1410.5
2026-09-07,NESTLEIND,INE239A01024,NESTLE INDIA LIMITED,1401.0,1405.7,1392.9,1398.0,897310,1254622697.0,1.0,1398.0
2026-09-08,NESTLEIND,INE239A01024,NESTLE INDIA LIMITED,1397.4,1415.1,1392.9,1400.5,1260068,1768724500.9,1.0,1400.5
2026-09-09,NESTLEIND,INE239A01024,NESTLE INDIA LIMITED,1400.5,1405.9,1389.2,1393.0,994121,1386014674.6,1.0,1393.0
2026-09-10,NESTLEIND,INE239A01024,NESTLE INDIA LIMITED,1396.8,1402.8,1377.7,1386.2,568997,788925179.1,1.0,1386.2
2026-09-11,NESTLEIND,INE239A01024,NESTLE INDIA LIMITED,1376.7,1401.2,1373.5,1383.3,1238699,1718173271.6,1.0,1383.3
2026-09-15,NESTLEIND,INE239A01024,NESTLE INDIA LIMITED,1383.3,1395.0,1362.0,1362.0,1597455,2196401584.8,1.0,1362.0
2026-09-16,NESTLEIND,INE239A01024,NESTLE INDIA LIMITED,1369.2,1397.0,1368.7,1384.5,1631890,2263869712.9,1.0,1384.5
2026-09-17,NESTLEIND,INE239A01024,NESTLE INDIA LIMITED,1384.5,1391.7,1370.1,1370.6,1082694,1491497641.1,1.0,1370.6
2026-09-18,NESTLEIND,INE239A01024,NESTLE INDIA LIMITED,1372.1,1390.0,1332.8,1372.4,3264904,4456265187.6,1.0,1372.4
