date,symbol,isin,name,open,high,low,close,volume,turnover,adj_factor_cumulative,adj_close
2010-01-04,NTPC,INE733E01010,,237.4,238.9,230.7,231.85,5258071,1227129615.65,0.48518111482261284,112.48924147162278
2010-01-05,NTPC,INE733E01010,,234.2,234.85,228.15,229.3,6832948,1576766876.8,0.48518111482261284,111.25202962882513
2010-01-06,NTPC,INE733E01010,,230.3,234.9,227.65,228.2,6938330,1599791288.95,0.48518111482261284,110.71833040252024
2010-01-07,NTPC,INE733E01010,,229.8,229.8,225.25,228.25,5421593,1232069843.6,0.48518111482261284,110.74258945826138
2010-01-08,NTPC,INE733E01010,,229.8,233.6,229.2,231.1,6201397,1437706987.85,0.48518111482261284,112.12535563550583
2010-01-11,NTPC,INE733E01010,,233.1,235.35,232.0,232.95,3145534,734953259.1,0.48518111482261284,113.02294069792765
2010-01-12,NTPC,INE733E01010,,234.0,234.6,228.8,229.4,3162233,730905762.15,0.48518111482261284,111.3005477403074
2010-01-13,NTPC,INE733E01010,,228.1,231.45,227.1,229.4,4204686,963636246.4,0.48518111482261284,111.3005477403074
2010-01-14,NTPC,INE733E01010,,230.0,232.7,230.0,231.0,3003615,694178471.45,0.48518111482261284,112.07683752402356
2010-01-15,NTPC,INE733E01010,,234.5,234.5,231.0,232.25,3084157,716258829.2,0.48518111482261284,112.68331391755183
2010-01-18,NTPC,INE733E01010,,232.25,233.4,230.7,231.25,2074098,481063634.65,0.48518111482261284,112.19813280272922
2010-01-19,NTPC,INE733E01010,,232.25,232.8,227.1,227.7,3206914,736009130.35,0.48518111482261284,110.47573984510893
2010-01-20,NTPC,INE733E01010,,230.1,232.5,228.6,229.4,5252486,1210647337.25,0.48518111482261284,111.3005477403074
2010-01-21,NTPC,INE733E01010,,230.0,230.95,222.65,223.5,4679920,1062133904.0,0.48518111482261284,108.43797916285396
2010-01-22,NTPC,INE733E01010,,220.3,225.4,219.6,222.3,5796323,1289283534.45,0.48518111482261284,107.85576182506684
2010-01-25,NTPC,INE733E01010,,223.0,224.5,220.6,223.8,2245167,500589502.6,0.48518111482261284,108.58353349730076
2010-01-27,NTPC,INE733E01010,,223.0,225.0,215.0,216.5,6111695,1348403210.6,0.48518111482261284,105.04171135909569
2010-01-28,NTPC,INE733E01010,,218.4,221.5,212.05,214.05,9158714,1987713811.5,0.48518111482261284,103.85301762778029
2010-01-29,NTPC,INE733E01010,,214.45,215.9,210.35,214.3,5871472,1254920154.05,0.48518111482261284,103.97431290648593
2010-02-01,NTPC,INE733E01010,,217.0,217.0,210.6,211.3,4985171,1062916068.35,0.48518111482261284,102.5187695620181
2010-02-02,NTPC,INE733E01010,,212.25,213.0,205.7,206.0,4836726,1003599337.95,0.48518111482261284,99.94730965345825
2010-02-03,NTPC,INE733E01010,,208.0,211.9,206.0,209.85,5096222,1068117907.4,0.48518111482261284,101.8152569455253
2010-02-04,NTPC,INE733E01010,,210.8,210.8,206.55,207.7,2962497,616317497.4,0.48518111482261284,100.77211754865668
2010-02-05,NTPC,INE733E01010,,206.0,210.7,203.55,204.3,3164582,649681126.3,0.48518111482261284,99.1225017582598
2010-02-08,NTPC,INE733E01010,,208.0,208.0,201.25,202.4,2364406,480131991.75,0.48518111482261284,98.20065764009684
2010-02-09,NTPC,INE733E01010,,202.4,205.4,202.0,204.0,1778473,362314674.85,0.48518111482261284,98.97694742381302
2010-02-10,NTPC,INE733E01010,,205.35,206.0,200.1,200.5,1786903,360737403.1,0.48518111482261284,97.27881352193387
2010-02-11,NTPC,INE733E01010,,201.0,204.0,200.5,203.25,1682530,340531505.8,0.48518111482261284,98.61306158769605
2010-02-15,NTPC,INE733E01010,,204.0,204.45,201.1,201.55,999959,201908989.9,0.48518111482261284,97.78825369249762
2010-02-16,NTPC,INE733E01010,,201.9,203.2,200.75,202.85,1016551,205689415.55,0.48518111482261284,98.41898914176701
2010-02-17,NTPC,INE733E01010,,204.5,204.7,201.15,201.8,1943199,395302527.35,0.48518111482261284,97.90954897120328
2010-02-18,NTPC,INE733E01010,,201.8,205.9,201.0,205.1,2245131,459172583.8,0.48518111482261284,99.51064665011789
2010-02-19,NTPC,INE733E01010,,202.0,204.85,198.85,201.8,4422723,889516535.7,0.48518111482261284,97.90954897120328
2010-02-22,NTPC,INE733E01010,,204.9,204.9,201.15,202.25,4212465,851706554.1,0.48518111482261284,98.12788047287344
2010-02-23,NTPC,INE733E01010,,202.0,202.6,201.25,201.65,3543012,715403507.7,0.48518111482261284,97.83677180397989
2010-02-24,NTPC,INE733E01010,,197.0,204.95,197.0,204.4,5342536,1085485820.7,0.48518111482261284,99.17101986974207
2010-02-25,NTPC,INE733E01010,,204.9,204.9,199.4,200.1,6802728,1374143364.1,0.48518111482261284,97.08474107600483
2010-02-26,NTPC,INE733E01010,,200.7,204.5,200.4,203.05,10841732,2197583142.85,0.48518111482261284,98.51602536473155
2010-03-02,NTPC,INE733E01010,,203.4,205.0,202.25,202.75,2202097,447372422.25,0.48518111482261284,98.37047103028475
2010-03-03,NTPC,INE733E01010,,202.8,208.15,202.75,207.3,6687758,1375046185.15,0.48518111482261284,100.57804510272764
2010-03-04,NTPC,INE733E01010,,208.0,208.35,206.2,206.85,4672537,968471477.2,0.48518111482261284,100.35971360105746
2010-03-05,NTPC,INE733E01010,,207.9,208.2,205.4,205.95,3458840,714126002.75,0.48518111482261284,99.92305059771711
2010-03-08,NTPC,INE733E01010,,205.05,207.9,203.7,205.15,3224373,663184971.2,0.48518111482261284,99.53490570585903
2010-03-09,NTPC,INE733E01010,,205.4,205.85,202.4,203.0,3182707,648923329.15,0.48518111482261284,98.4917663089904
2010-03-10,NTPC,INE733E01010,,203.8,204.15,199.55,200.4,6485640,1304768506.0,0.48518111482261284,97.23029541045162
2010-03-11,NTPC,INE733E01010,,200.7,203.6,199.55,202.75,2673155,540685772.4,0.48518111482261284,98.37047103028475
2010-03-12,NTPC,INE733E01010,,203.5,203.7,199.9,200.1,3083040,618928599.45,0.48518111482261284,97.08474107600483
2010-03-15,NTPC,INE733E01010,,199.4,202.25,199.4,201.65,2384017,479667232.0,0.48518111482261284,97.83677180397989
2010-03-16,NTPC,INE733E01010,,201.85,203.85,201.65,203.05,1710291,346496096.55,0.48518111482261284,98.51602536473155
2010-03-17,NTPC,INE733E01010,,203.5,205.25,202.8,204.1,2929652,597718350.9,0.48518111482261284,99.02546553529528
2010-03-18,NTPC,INE733E01010,,203.5,203.5,201.1,201.45,1740682,350906600.05,0.48518111482261284,97.73973558101535
2010-03-19,NTPC,INE733E01010,,202.95,203.5,201.15,202.8,1963494,397252204.35,0.48518111482261284,98.39473008602589
2010-03-22,NTPC,INE733E01010,,203.0,203.0,200.6,201.8,2027886,408965515.95,0.48518111482261284,97.90954897120328
2010-03-23,NTPC,INE733E01010,,203.5,204.05,201.55,203.55,2664202,540419678.8,0.48518111482261284,98.75861592214285
2010-03-25,NTPC,INE733E01010,,203.55,203.55,198.05,200.65,7842057,1579935714.5,0.48518111482261284,97.35159068915726
2010-03-26,NTPC,INE733E01010,,201.2,203.2,201.05,202.55,1883463,381419885.5,0.48518111482261284,98.27343480732023
2010-03-29,NTPC,INE733E01010,,202.55,203.9,201.45,203.2,2250388,456483942.3,0.48518111482261284,98.58880253195493
2010-03-30,NTPC,INE733E01010,,203.05,203.75,202.6,203.0,2092651,425177276.1,0.48518111482261284,98.4917663089904
2010-03-31,NTPC,INE733E01010,,203.0,208.2,202.7,207.25,5499044,1135574725.15,0.48518111482261284,100.55378604698652
2010-04-01,NTPC,INE733E01010,,207.25,208.7,205.85,207.7,3039634,629931055.5,0.48518111482261284,100.77211754865668
2010-04-05,NTPC,INE733E01010,,208.0,209.35,206.5,209.0,2793961,582312319.85,0.48518111482261284,101.40285299792609
2010-04-06,NTPC,INE733E01010,,210.1,211.25,207.25,209.85,4440911,929349841.95,0.48518111482261284,101.8152569455253
2010-04-07,NTPC,INE733E01010,,210.0,211.95,209.1,211.45,3506552,739677469.75,0.48518111482261284,102.59154672924147
2010-04-08,NTPC,INE733E01010,,211.95,212.4,209.25,210.4,2220956,467178399.45,0.48518111482261284,102.08210655867774
2010-04-09,NTPC,INE733E01010,,210.4,212.25,209.75,211.7,2158626,456335814.1,0.48518111482261284,102.71284200794713
2010-04-12,NTPC,INE733E01010,,209.7,212.55,207.5,207.9,1867414,390743806.5,0.48518111482261284,100.86915377162121
2010-04-13,NTPC,INE733E01010,,209.5,210.25,207.3,209.3,1835795,382595969.95,0.48518111482261284,101.54840733237288
2010-04-15,NTPC,INE733E01010,,212.0,212.0,207.9,209.4,2532092,532150747.05,0.48518111482261284,101.59692544385513
2010-04-16,NTPC,INE733E01010,,208.4,209.55,206.9,207.45,1391744,289884269.4,0.48518111482261284,100.65082226995102
2010-04-19,NTPC,INE733E01010,,205.8,208.9,203.2,206.35,2416640,497083300.8,0.48518111482261284,100.11712304364616
2010-04-20,NTPC,INE733E01010,,206.5,208.5,204.55,205.5,1705877,350953981.85,0.48518111482261284,99.70471909604694
2010-04-21,NTPC,INE733E01010,,206.2,207.5,205.6,206.8,1411348,291500108.45,0.48518111482261284,100.33545454531634
2010-04-22,NTPC,INE733E01010,,206.0,208.0,205.1,206.65,1455061,300678105.85,0.48518111482261284,100.26267737809295
2010-04-23,NTPC,INE733E01010,,208.0,208.0,204.25,204.8,2183184,450579135.6,0.48518111482261284,99.36509231567112
2010-04-26,NTPC,INE733E01010,,206.8,206.8,204.25,204.8,868843,178852482.35,0.48518111482261284,99.36509231567112
2010-04-27,NTPC,INE733E01010,,204.8,206.8,204.1,206.45,1171300,241551429.05,0.48518111482261284,100.16564115512841
2010-04-28,NTPC,INE733E01010,,205.05,206.9,204.35,206.15,2346741,482724323.65,0.48518111482261284,100.02008682068164
2010-04-29,NTPC,INE733E01010,,205.4,207.7,202.9,203.2,2820107,576211424.2,0.48518111482261284,98.58880253195493
2010-04-30,NTPC,INE733E01010,,204.0,209.1,203.6,207.55,3849685,794630888.85,0.48518111482261284,100.6993403814333
2010-05-03,NTPC,INE733E01010,,206.4,208.0,204.55,204.95,689842,141723506.25,0.48518111482261284,99.4378694828945
2010-05-04,NTPC,INE733E01010,,204.95,206.35,203.5,204.1,1791248,367171967.55,0.48518111482261284,99.02546553529528
2010-05-05,NTPC,INE733E01010,,201.0,205.95,201.0,205.15,2738863,555653108.15,0.48518111482261284,99.53490570585903
2010-05-06,NTPC,INE733E01010,,205.9,205.9,203.0,204.05,1737842,354848193.6,0.48518111482261284,99.00120647955416
2010-05-07,NTPC,INE733E01010,,204.05,206.0,201.2,202.6,7200734,1465012264.6,0.48518111482261284,98.29769386306135
2010-05-10,NTPC,INE733E01010,,204.0,205.95,203.0,205.25,1780205,364861372.0,0.48518111482261284,99.58342381734128
2010-05-11,NTPC,INE733E01010,,206.0,206.0,203.15,204.9,2485430,507533404.5,0.48518111482261284,99.41361042715337
2010-05-12,NTPC,INE733E01010,,204.5,206.5,204.05,206.25,1968672,404647311.3,0.48518111482261284,100.0686049321639
2010-05-13,NTPC,INE733E01010,,205.5,208.45,205.5,207.75,3376878,700235609.15,0.48518111482261284,100.79637660439782
2010-05-14,NTPC,INE733E01010,,207.75,208.2,205.15,205.85,2555638,529063902.05,0.48518111482261284,99.87453248623486
2010-05-17,NTPC,INE733E01010,,204.05,205.85,202.0,204.0,1982160,403204117.35,0.48518111482261284,98.97694742381302
2010-05-18,NTPC,INE733E01010,,203.0,205.85,202.0,205.15,2349983,479888849.15,0.48518111482261284,99.53490570585903
2010-05-19,NTPC,INE733E01010,,208.0,208.0,200.3,201.8,1812559,368119238.0,0.48518111482261284,97.90954897120328
2010-05-20,NTPC,INE733E01010,,201.8,205.85,199.2,204.55,2739769,557574361.45,0.48518111482261284,99.24379703696546
2010-05-21,NTPC,INE733E01010,,203.0,204.0,195.55,196.2,5927267,1176504957.5,0.48518111482261284,95.19253472819663
2010-05-24,NTPC,INE733E01010,,199.0,199.5,196.25,198.2,1676135,332143974.45,0.48518111482261284,96.16289695784185
2010-05-25,NTPC,INE733E01010,,198.2,198.85,190.1,192.7,3935707,757735545.05,0.48518111482261284,93.49440082631749
2010-05-26,NTPC,INE733E01010,,194.0,198.0,191.3,195.2,2908222,563584544.2,0.48518111482261284,94.70735361337402
2010-05-27,NTPC,INE733E01010,,196.45,198.85,192.0,197.35,4651607,911593905.1,0.48518111482261284,95.75049301024264
2010-05-28,NTPC,INE733E01010,,198.5,201.6,196.0,201.1,1966977,392360046.35,0.48518111482261284,97.56992219082744
2010-05-31,NTPC,INE733E01010,,201.0,203.85,199.4,202.3,2137240,430742313.5,0.48518111482261284,98.15213952861458
2010-06-01,NTPC,INE733E01010,,203.0,203.8,197.0,197.7,2183814,436657862.7,0.48518111482261284,95.92030640043055
2010-06-02,NTPC,INE733E01010,,198.0,199.45,196.0,197.5,2059942,406459697.95,0.48518111482261284,95.82327017746603
2010-06-03,NTPC,INE733E01010,,200.0,203.0,199.5,202.3,1990951,399794041.25,0.48518111482261284,98.15213952861458
2010-06-04,NTPC,INE733E01010,,202.1,204.3,201.6,202.2,1603701,324652077.3,0.48518111482261284,98.10362141713232
2010-06-07,NTPC,INE733E01010,,202.0,202.0,197.0,199.85,1107584,220531902.45,0.48518111482261284,96.96344579729917
2010-06-08,NTPC,INE733E01010,,200.0,201.6,198.65,200.15,1287759,257947499.25,0.48518111482261284,97.10900013174596
2010-06-09,NTPC,INE733E01010,,200.8,200.8,198.1,198.6,1764847,352114180.4,0.48518111482261284,96.3569694037709
2010-06-10,NTPC,INE733E01010,,199.1,200.4,198.7,200.0,1079382,215732904.4,0.48518111482261284,97.03622296452257
2010-06-11,NTPC,INE733E01010,,200.0,202.0,199.25,199.9,1330301,266335095.75,0.48518111482261284,96.98770485304031
2010-06-14,NTPC,INE733E01010,,201.85,201.85,198.25,199.95,1852548,369840651.7,0.48518111482261284,97.01196390878142
2010-06-15,NTPC,INE733E01010,,199.05,203.0,198.5,202.15,1849177,371655446.55,0.48518111482261284,98.07936236139119
2010-06-16,NTPC,INE733E01010,,201.0,203.0,199.15,200.45,1144043,229731069.6,0.48518111482261284,97.25455446619274
2010-06-17,NTPC,INE733E01010,,201.0,201.25,198.2,199.75,1491994,297203950.35,0.48518111482261284,96.91492768581692
2010-06-18,NTPC,INE733E01010,,201.0,202.0,198.5,200.8,2206824,441198934.9,0.48518111482261284,97.42436785638067
2010-06-21,NTPC,INE733E01010,,204.9,204.9,200.8,201.2,1815369,366431656.45,0.48518111482261284,97.6184403023097
2010-06-22,NTPC,INE733E01010,,200.5,201.5,199.3,199.65,1101786,220599940.75,0.48518111482261284,96.86640957433465
2010-06-23,NTPC,INE733E01010,,199.65,199.85,196.0,196.75,2952700,581980034.95,0.48518111482261284,95.45938434134908
2010-06-24,NTPC,INE733E01010,,197.0,197.85,194.1,194.6,3143407,615141643.75,0.48518111482261284,94.41624494448045
2010-06-25,NTPC,INE733E01010,,195.2,197.65,194.55,196.0,1515316,297445861.8,0.48518111482261284,95.09549850523211
2010-06-28,NTPC,INE733E01010,,195.5,199.25,195.5,198.95,2121561,419420398.05,0.48518111482261284,96.52678279395882
2010-06-29,NTPC,INE733E01010,,199.0,200.0,197.15,197.55,1496907,296340978.4,0.48518111482261284,95.84752923320717
2010-06-30,NTPC,INE733E01010,,195.1,200.4,195.1,199.6,2136703,424301786.85,0.48518111482261284,96.84215051859351
2010-07-01,NTPC,INE733E01010,,199.0,201.9,197.3,199.95,1840876,367473946.95,0.48518111482261284,97.01196390878142
2010-07-02,NTPC,INE733E01010,,200.5,203.0,200.15,202.45,2182027,440031643.8,0.48518111482261284,98.22491669583796
2010-07-05,NTPC,INE733E01010,,203.0,203.8,198.85,199.95,1689086,337402708.75,0.48518111482261284,97.01196390878142
2010-07-06,NTPC,INE733E01010,,200.0,201.6,199.5,200.7,1078917,216120909.2,0.48518111482261284,97.37584974489839
2010-07-07,NTPC,INE733E01010,,200.0,201.7,199.55,200.5,1307154,262265960.2,0.48518111482261284,97.27881352193387
2010-07-08,NTPC,INE733E01010,,201.0,201.4,199.2,199.4,1851709,370630523.2,0.48518111482261284,96.74511429562901
2010-07-09,NTPC,INE733E01010,,200.0,201.25,197.8,198.2,2844277,566300220.6,0.48518111482261284,96.16289695784185
2010-07-12,NTPC,INE733E01010,,198.85,201.3,198.8,199.4,3230967,646548945.35,0.48518111482261284,96.74511429562901
2010-07-13,NTPC,INE733E01010,,199.5,200.8,199.15,199.55,2165390,432248112.15,0.48518111482261284,96.8178914628524
2010-07-14,NTPC,INE733E01010,,200.2,201.3,198.55,199.15,1229243,245967349.05,0.48518111482261284,96.62381901692335
2010-07-15,NTPC,INE733E01010,,199.25,199.8,197.75,198.85,872106,173261427.6,0.48518111482261284,96.47826468247656
2010-07-16,NTPC,INE733E01010,,200.95,200.95,197.45,198.5,1100295,218432029.6,0.48518111482261284,96.30845129228865
2010-07-19,NTPC,INE733E01010,,199.0,204.5,197.9,202.65,2349706,474840435.0,0.48518111482261284,98.3219529188025
2010-07-20,NTPC,INE733E01010,,203.5,204.8,202.25,203.2,2095392,427411295.95,0.48518111482261284,98.58880253195493
2010-07-21,NTPC,INE733E01010,,203.8,204.0,202.05,202.8,613615,124476486.55,0.48518111482261284,98.39473008602589
2010-07-22,NTPC,INE733E01010,,202.5,205.45,201.3,204.4,922027,187624688.95,0.48518111482261284,99.17101986974207
2010-07-23,NTPC,INE733E01010,,205.9,206.0,201.25,202.0,1434672,292555338.1,0.48518111482261284,98.0065851941678
2010-07-26,NTPC,INE733E01010,,202.4,202.9,200.1,201.75,1212383,244111121.35,0.48518111482261284,97.88528991546214
2010-07-27,NTPC,INE733E01010,,201.5,204.5,198.55,201.35,2186737,438736521.25,0.48518111482261284,97.69121746953309
2010-07-28,NTPC,INE733E01010,,201.35,201.95,198.7,199.25,1251633,250373600.9,0.48518111482261284,96.6723371284056
2010-07-29,NTPC,INE733E01010,,200.0,200.75,198.5,199.5,2007185,400351412.35,0.48518111482261284,96.79363240711126
2010-07-30,NTPC,INE733E01010,,200.0,200.0,198.0,198.75,925473,184114608.55,0.48518111482261284,96.4297465709943
2010-08-02,NTPC,INE733E01010,,200.0,200.4,197.75,198.1,952926,189320783.35,0.48518111482261284,96.1143788463596
2010-08-03,NTPC,INE733E01010,,199.0,199.4,197.6,197.95,899426,178197714.9,0.48518111482261284,96.0416016791362
2010-08-04,NTPC,INE733E01010,,198.5,201.0,197.1,199.75,1162943,230941349.65,0.48518111482261284,96.91492768581692
2010-08-05,NTPC,INE733E01010,,199.2,200.5,197.85,198.25,831381,165104043.25,0.48518111482261284,96.18715601358299
2010-08-06,NTPC,INE733E01010,,198.25,199.2,197.0,197.2,789501,156061058.95,0.48518111482261284,95.67771584301924
2010-08-09,NTPC,INE733E01010,,198.0,199.9,197.5,199.5,1430307,284414700.2,0.48518111482261284,96.79363240711126
2010-08-10,NTPC,INE733E01010,,200.0,200.0,195.9,196.35,1329890,261830854.4,0.48518111482261284,95.26531189542003
2010-08-11,NTPC,INE733E01010,,196.5,197.6,195.7,196.05,1075807,211542711.5,0.48518111482261284,95.11975756097326
2010-08-12,NTPC,INE733E01010,,196.1,196.25,192.2,194.1,1815925,353259781.0,0.48518111482261284,94.17365438706915
2010-08-13,NTPC,INE733E01010,,195.0,196.75,193.5,195.75,1338430,261512801.15,0.48518111482261284,94.97420322652646
2010-08-16,NTPC,INE733E01010,,196.0,197.75,195.25,196.4,739959,145473240.75,0.48518111482261284,95.28957095116117
2010-08-17,NTPC,INE733E01010,,197.25,197.25,193.85,194.9,1489792,290827921.45,0.48518111482261284,94.56179927892724
2010-08-18,NTPC,INE733E01010,,195.5,196.0,194.0,194.8,1416096,275811343.85,0.48518111482261284,94.51328116744499
2010-08-19,NTPC,INE733E01010,,195.0,195.6,193.6,194.05,958651,186328016.5,0.48518111482261284,94.14939533132802
2010-08-20,NTPC,INE733E01010,,194.2,194.95,192.85,193.25,1054595,204210976.45,0.48518111482261284,93.76125043946993
2010-08-23,NTPC,INE733E01010,,193.6,195.1,192.8,194.2,926104,179494958.65,0.48518111482261284,94.2221724985514
2010-08-24,NTPC,INE733E01010,,195.6,196.5,193.25,193.55,908714,176626473.15,0.48518111482261284,93.90680477391672
2010-08-25,NTPC,INE733E01010,,193.55,195.55,193.3,193.8,902024,175387464.6,0.48518111482261284,94.02810005262238
2010-08-26,NTPC,INE733E01010,,194.4,200.8,194.0,198.55,4223151,833885961.55,0.48518111482261284,96.33271034802978
2010-08-27,NTPC,INE733E01010,,198.0,199.7,195.0,196.45,894274,176834060.3,0.48518111482261284,95.31383000690228
2010-08-30,NTPC,INE733E01010,,198.0,198.0,194.75,195.4,1263213,247407000.25,0.48518111482261284,94.80438983633854
2010-08-31,NTPC,INE733E01010,,195.4,196.9,194.1,195.95,2136540,417040641.95,0.48518111482261284,95.07123944949097
2010-09-01,NTPC,INE733E01010,,196.1,197.9,195.4,197.55,603435,118777919.15,0.48518111482261284,95.84752923320717
2010-09-02,NTPC,INE733E01010,,198.5,198.5,195.1,195.6,912923,179134866.4,0.48518111482261284,94.90142605930306
2010-09-03,NTPC,INE733E01010,,196.0,196.6,195.0,196.05,678835,133026606.35,0.48518111482261284,95.11975756097326
2010-09-06,NTPC,INE733E01010,,197.8,197.8,190.1,196.6,1102373,216854590.15,0.48518111482261284,95.38660717412569
2010-09-07,NTPC,INE733E01010,,196.9,200.7,196.15,199.65,2226244,441764385.45,0.48518111482261284,96.86640957433465
2010-09-08,NTPC,INE733E01010,,198.4,199.9,197.5,199.45,1853525,368769517.05,0.4871330629838303,97.15868941212494
2010-09-09,NTPC,INE733E01010,,196.9,203.5,196.15,202.65,2273718,459557491.25,0.4871330629838303,98.71751521367321
2010-09-13,NTPC,INE733E01010,,204.85,208.5,202.15,207.6,3963861,816299625.95,0.4871330629838303,101.12882387544317
2010-09-14,NTPC,INE733E01010,,207.0,209.0,204.0,205.9,3067930,634273066.8,0.4871330629838303,100.30069766837066
2010-09-15,NTPC,INE733E01010,,205.9,207.85,204.8,206.9,3317435,684592893.25,0.4871330629838303,100.78783073135449
2010-09-16,NTPC,INE733E01010,,206.0,209.5,205.25,206.45,4962809,1029935823.3,0.4871330629838303,100.56862085301177
2010-09-17,NTPC,INE733E01010,,207.0,208.0,204.8,206.35,5207250,1077835034.35,0.4871330629838303,100.51990754671338
2010-09-20,NTPC,INE733E01010,,207.6,207.6,204.0,205.3,3000318,615425944.0,0.4871330629838303,100.00841783058037
2010-09-21,NTPC,INE733E01010,,206.45,209.45,204.6,208.0,6119938,1269304862.15,0.4871330629838303,101.3236771006367
2010-09-22,NTPC,INE733E01010,,208.0,209.25,206.65,208.35,6681252,1391237807.1,0.4871330629838303,101.49417367268104
2010-09-23,NTPC,INE733E01010,,208.55,210.7,205.85,207.4,3785964,790347085.25,0.4871330629838303,101.03139726284641
2010-09-24,NTPC,INE733E01010,,206.0,210.0,205.25,209.3,6055428,1257881596.9,0.4871330629838303,101.95695008251569
2010-09-27,NTPC,INE733E01010,,209.5,215.7,209.2,214.6,8742298,1864504581.15,0.4871330629838303,104.53875531632998
2010-09-28,NTPC,INE733E01010,,214.6,220.0,214.0,219.5,8477645,1852429653.5,0.4871330629838303,106.92570732495075
2010-09-29,NTPC,INE733E01010,,220.0,221.2,215.9,217.0,4698746,1026126865.15,0.4871330629838303,105.70787466749117
2010-09-30,NTPC,INE733E01010,,217.0,218.8,215.1,216.95,4219864,915013905.2,0.4871330629838303,105.68351801434198
2010-10-01,NTPC,INE733E01010,,217.85,220.0,216.7,219.45,3318826,726063891.05,0.4871330629838303,106.90135067180155
2010-10-04,NTPC,INE733E01010,,221.15,222.3,217.25,217.95,1973395,431983410.75,0.4871330629838303,106.17065107732581
2010-10-05,NTPC,INE733E01010,,218.2,219.4,215.5,216.1,2494366,540198310.9,0.4871330629838303,105.26945491080572
2010-10-06,NTPC,INE733E01010,,217.0,218.65,216.25,216.6,2897359,629521385.3,0.4871330629838303,105.51302144229764
2010-10-07,NTPC,INE733E01010,,216.7,217.3,214.25,215.05,3611505,778701169.3,0.4871330629838303,104.7579651946727
2010-10-08,NTPC,INE733E01010,,215.3,216.65,212.65,214.65,2091241,447462802.0,0.4871330629838303,104.56311196947918
2010-10-11,NTPC,INE733E01010,,215.2,216.5,211.4,213.15,1142833,243785012.1,0.4871330629838303,103.83241237500343
2010-10-12,NTPC,INE733E01010,,213.5,213.5,209.7,210.3,2368435,497908861.45,0.4871330629838303,102.44408314549952
2010-10-13,NTPC,INE733E01010,,210.3,211.1,206.6,208.05,6765031,1414256939.05,0.4871330629838303,101.3480337537859
2010-10-14,NTPC,INE733E01010,,208.9,210.5,201.0,202.55,5237930,1072631553.0,0.4871330629838303,98.66880190737483
2010-10-15,NTPC,INE733E01010,,203.9,205.8,202.8,204.3,3988387,816217365.55,0.4871330629838303,99.52128476759654
2010-10-18,NTPC,INE733E01010,,205.0,207.85,202.05,207.4,3123460,642502193.8,0.4871330629838303,101.03139726284641
2010-10-19,NTPC,INE733E01010,,207.4,208.0,203.5,204.25,1887154,387197656.85,0.4871330629838303,99.49692811444734
2010-10-20,NTPC,INE733E01010,,203.25,207.8,203.25,205.4,1914573,394778493.2,0.4871330629838303,100.05713113687875
2010-10-21,NTPC,INE733E01010,,207.1,208.0,205.0,205.7,2583928,532071831.6,0.4871330629838303,100.20327105577388
2010-10-22,NTPC,INE733E01010,,206.65,206.8,203.6,204.0,2843633,582217547.9,0.4871330629838303,99.37514484870138
2010-10-25,NTPC,INE733E01010,,204.1,209.0,204.1,207.55,3684532,765702074.35,0.4871330629838303,101.10446722229399
2010-10-26,NTPC,INE733E01010,,207.95,208.65,204.35,205.25,2087835,431577846.85,0.4871330629838303,99.98406117743117
2010-10-27,NTPC,INE733E01010,,205.0,205.6,197.6,198.25,6982329,1396687890.4,0.4871330629838303,96.57412973654435
2010-10-28,NTPC,INE733E01010,,198.05,199.5,192.3,194.05,11200450,2193207965.25,0.4871330629838303,94.52817087201228
2010-10-29,NTPC,INE733E01010,,195.8,198.4,194.2,195.3,4359759,856030732.7,0.4871330629838303,95.13708720074206
2010-11-01,NTPC,INE733E01010,,198.1,198.1,192.75,193.2,3747925,729553388.05,0.4871330629838303,94.114107768476
2010-11-02,NTPC,INE733E01010,,194.0,195.25,193.2,193.75,1542968,299749646.2,0.4871330629838303,94.38203095311712
2010-11-03,NTPC,INE733E01010,,195.0,195.5,192.75,193.2,2465892,478514339.85,0.4871330629838303,94.114107768476
2010-11-04,NTPC,INE733E01010,,194.1,195.3,194.0,194.7,1774399,345727391.3,0.4871330629838303,94.84480736295176
2010-11-05,NTPC,INE733E01010,,195.75,196.9,195.5,196.3,500042,98089221.35,0.4871330629838303,95.62422026372589
2010-11-08,NTPC,INE733E01010,,196.9,196.9,192.65,193.0,3553615,688756595.7,0.4871330629838303,94.01668115587925
2010-11-09,NTPC,INE733E01010,,193.8,194.35,192.7,193.9,1858195,359723574.6,0.4871330629838303,94.4551009125647
2010-11-10,NTPC,INE733E01010,,193.75,194.95,193.35,194.1,1384130,268671149.05,0.4871330629838303,94.55252752516145
2010-11-11,NTPC,INE733E01010,,194.1,195.0,191.8,192.45,1376059,265884269.2,0.4871330629838303,93.74875797123813
2010-11-12,NTPC,INE733E01010,,192.5,193.95,191.75,192.2,1610035,310152041.55,0.4871330629838303,93.62697470549217
2010-11-15,NTPC,INE733E01010,,192.5,192.9,188.7,189.5,2592161,493395985.7,0.4871330629838303,92.31171543543584
2010-11-16,NTPC,INE733E01010,,190.85,190.85,186.1,187.1,3427753,643528495.05,0.4871330629838303,91.14259608427464
2010-11-18,NTPC,INE733E01010,,190.8,190.9,186.25,187.85,3864143,730673153.2,0.4871330629838303,91.50794588151251
2010-11-19,NTPC,INE733E01010,,187.15,188.8,183.1,184.15,3337736,619654125.85,0.4871330629838303,89.70555354847235
2010-11-22,NTPC,INE733E01010,,186.3,186.3,182.0,183.25,3195043,585300392.5,0.4871330629838303,89.2671337917869
2010-11-23,NTPC,INE733E01010,,182.9,183.9,177.25,180.0,3676166,664854487.1,0.4871330629838303,87.68395133708945
2010-11-24,NTPC,INE733E01010,,181.6,182.05,177.0,178.15,2192972,395276455.0,0.4871330629838303,86.78275517056937
2010-11-25,NTPC,INE733E01010,,179.05,181.7,176.05,176.95,4912584,877145123.05,0.4871330629838303,86.19819549498877
2010-11-26,NTPC,INE733E01010,,178.0,179.9,175.35,177.0,6437523,1139812198.55,0.4871330629838303,86.22255214813796
2010-11-29,NTPC,INE733E01010,,179.7,180.95,178.25,179.4,4410026,792004124.1,0.4871330629838303,87.39167149929916
2010-11-30,NTPC,INE733E01010,,179.8,185.3,178.05,184.0,4393260,800558596.95,0.4871330629838303,89.63248358902477
2010-12-01,NTPC,INE733E01010,,184.0,187.0,182.1,186.35,3120946,577151119.55,0.4871330629838303,90.77724628703677
2010-12-02,NTPC,INE733E01010,,187.9,188.0,182.0,182.9,3629985,666940210.7,0.4871330629838303,89.09663721974256
2010-12-03,NTPC,INE733E01010,,183.95,185.95,183.3,185.15,2918947,539061305.3,0.4871330629838303,90.19268661145618
2010-12-06,NTPC,INE733E01010,,186.4,188.8,185.6,187.05,3531530,661553831.6,0.4871330629838303,91.11823943112546
2010-12-07,NTPC,INE733E01010,,187.55,192.85,186.95,191.6,3348340,636193851.65,0.4871330629838303,93.33469486770188
2010-12-08,NTPC,INE733E01010,,191.75,191.75,189.15,190.95,2196305,418588845.05,0.4871330629838303,93.0180583767624
2010-12-09,NTPC,INE733E01010,,191.7,191.7,186.5,187.9,1627865,306990713.15,0.4871330629838303,91.53230253466171
2010-12-10,NTPC,INE733E01010,,187.8,194.75,186.25,192.4,3368697,647257371.95,0.4871330629838303,93.72440131808895
2010-12-13,NTPC,INE733E01010,,191.9,198.0,191.2,196.45,3963815,773487215.1,0.4871330629838303,95.69729022317345
2010-12-14,NTPC,INE733E01010,,197.4,199.9,196.9,199.5,3468326,689214587.3,0.4871330629838303,97.18304606527414
2010-12-15,NTPC,INE733E01010,,199.9,200.2,194.65,196.95,3302294,650834635.45,0.4871330629838303,95.94085675466538
2010-12-16,NTPC,INE733E01010,,197.25,199.85,196.05,197.95,2939983,581752063.4,0.4871330629838303,96.4279898176492
2010-12-20,NTPC,INE733E01010,,198.0,198.4,192.05,192.9,1216177,236943866.9,0.4871330629838303,93.96796784958087
2010-12-21,NTPC,INE733E01010,,193.0,194.2,189.7,191.85,1468484,281780565.55,0.4871330629838303,93.45647813344785
2010-12-22,NTPC,INE733E01010,,192.4,193.8,191.9,192.8,1233836,237721454.3,0.4871330629838303,93.91925454328249
2010-12-23,NTPC,INE733E01010,,193.5,196.0,192.3,195.75,1202527,234247903.9,0.4871330629838303,95.35629707908478
2010-12-24,NTPC,INE733E01010,,196.0,199.0,195.0,198.25,1321275,260647311.5,0.4871330629838303,96.57412973654435
2010-12-27,NTPC,INE733E01010,,199.0,199.7,196.55,197.0,1527808,302292433.75,0.4871330629838303,95.96521340781457
2010-12-28,NTPC,INE733E01010,,197.0,197.95,195.8,196.5,1052259,207413794.45,0.4871330629838303,95.72164687632265
2010-12-29,NTPC,INE733E01010,,197.0,198.4,196.65,197.9,1749953,345183229.85,0.4871330629838303,96.40363316450002
2010-12-30,NTPC,INE733E01010,,198.0,203.8,197.35,202.25,5108349,1026756359.2,0.4871330629838303,98.52266198847968
2010-12-31,NTPC,INE733E01010,,201.65,202.25,199.6,200.65,1209449,242740302.45,0.4871330629838303,97.74324908770555
2011-01-03,NTPC,INE733E01010,,201.4,202.5,197.55,198.45,1118430,223104529.0,0.4871330629838303,96.67155634914111
2011-01-04,NTPC,INE733E01010,,198.35,201.7,198.35,200.15,2645141,530229915.05,0.4871330629838303,97.49968255621364
2011-01-05,NTPC,INE733E01010,,199.8,200.95,198.0,199.5,696351,139059783.95,0.4871330629838303,97.18304606527414
2011-01-06,NTPC,INE733E01010,,199.55,202.25,197.55,202.0,2565080,516201783.6,0.4871330629838303,98.40087872273372
2011-01-07,NTPC,INE733E01010,,201.9,203.2,195.6,197.05,1764738,353601869.85,0.4871330629838303,95.98957006096377
2011-01-10,NTPC,INE733E01010,,197.85,197.85,190.0,191.3,1545645,297218138.45,0.4871330629838303,93.18855494880674
2011-01-11,NTPC,INE733E01010,,191.0,195.0,188.05,189.75,2033225,391179404.15,0.4871330629838303,92.4334987011818
2011-01-12,NTPC,INE733E01010,,190.3,194.7,185.6,191.5,2100864,398110566.8,0.4871330629838303,93.2859815614035
2011-01-13,NTPC,INE733E01010,,191.5,191.85,187.5,189.0,3370294,639105867.95,0.4871330629838303,92.06814890394392
2011-01-14,NTPC,INE733E01010,,188.0,192.45,185.3,186.45,2037565,385337493.85,0.4871330629838303,90.82595959333516
2011-01-17,NTPC,INE733E01010,,186.6,188.6,185.0,187.05,1263115,236570983.05,0.4871330629838303,91.11823943112546
2011-01-18,NTPC,INE733E01010,,186.5,189.85,186.5,188.6,1301444,245647342.55,0.4871330629838303,91.8732956787504
2011-01-19,NTPC,INE733E01010,,189.3,191.25,186.5,187.15,2609744,494243173.8,0.4871330629838303,91.16695273742384
2011-01-20,NTPC,INE733E01010,,185.0,189.7,185.0,188.6,1851905,349268168.65,0.4871330629838303,91.8732956787504
2011-01-21,NTPC,INE733E01010,,189.0,190.6,188.85,189.95,2407522,457276113.75,0.4871330629838303,92.53092531377855
2011-01-24,NTPC,INE733E01010,,189.45,193.8,189.45,192.65,1573009,302509820.0,0.4871330629838303,93.84618458383491
2011-01-25,NTPC,INE733E01010,,192.65,197.75,192.65,196.05,3875768,761069032.0,0.4871330629838303,95.50243699797994
2011-01-27,NTPC,INE733E01010,,195.3,197.8,194.0,194.8,3885535,758752234.55,0.4871330629838303,94.89352066925015
2011-01-28,NTPC,INE733E01010,,194.0,195.95,191.35,191.95,3629144,699298554.95,0.4871330629838303,93.50519143974623
2011-01-31,NTPC,INE733E01010,,189.6,191.45,187.5,189.05,1905722,359922251.45,0.4871330629838303,92.09250555709312
2011-02-01,NTPC,INE733E01010,,189.25,190.75,184.7,185.25,1764641,328900964.75,0.4871330629838303,90.24139991775456
2011-02-02,NTPC,INE733E01010,,187.0,189.9,179.7,180.25,2450593,447568912.25,0.4871330629838303,87.80573460283541
2011-02-03,NTPC,INE733E01010,,180.5,182.6,178.5,182.3,2481507,449677294.65,0.4871330629838303,88.80435738195227
2011-02-04,NTPC,INE733E01010,,180.7,181.7,175.25,176.95,3123689,556020192.65,0.49528364407112246,87.64044081838512
2011-02-07,NTPC,INE733E01010,,178.0,180.15,176.8,179.6,1937798,346208733.25,0.49528364407112246,88.95294247517359
2011-02-08,NTPC,INE733E01010,,181.85,181.95,173.15,174.15,1710026,304897117.7,0.49528364407112246,86.25364661498598
2011-02-09,NTPC,INE733E01010,,174.8,175.25,170.05,171.35,2328390,400193382.05,0.49528364407112246,84.86685241158683
2011-02-10,NTPC,INE733E01010,,171.95,173.9,170.0,170.4,1569840,269237147.25,0.49528364407112246,84.39633294971927
2011-02-11,NTPC,INE733E01010,,170.85,178.75,170.55,176.85,2755848,480289337.85,0.49528364407112246,87.590912453978
2011-02-14,NTPC,INE733E01010,,179.6,180.65,177.2,178.1,1252921,224033873.4,0.49528364407112246,88.2100170090669
2011-02-15,NTPC,INE733E01010,,179.0,182.0,177.55,180.9,2000412,361148230.5,0.49528364407112246,89.59681121246605
2011-02-16,NTPC,INE733E01010,,181.2,182.25,180.1,181.6,2062166,373729671.6,0.49528364407112246,89.94350976331583
2011-02-17,NTPC,INE733E01010,,181.85,181.9,179.15,180.85,501932,90759196.7,0.49528364407112246,89.5720470302625
2011-02-18,NTPC,INE733E01010,,180.6,181.65,177.35,179.05,2747682,496476182.65,0.49528364407112246,88.68053647093448
2011-02-21,NTPC,INE733E01010,,177.1,178.35,174.35,176.65,1454052,256213076.2,0.49528364407112246,87.49185572516379
2011-02-22,NTPC,INE733E01010,,175.6,177.4,174.5,175.85,1810370,319056317.0,0.49528364407112246,87.09562880990688
2011-02-23,NTPC,INE733E01010,,175.0,176.8,172.15,172.9,1152530,200556625.55,0.49528364407112246,85.63454205989707
2011-02-24,NTPC,INE733E01010,,170.25,173.75,170.0,170.95,2512188,430359133.8,0.49528364407112246,84.66873895395838
2011-02-25,NTPC,INE733E01010,,171.25,173.4,168.3,169.85,1357182,231538271.05,0.49528364407112246,84.12392694548015
2011-02-28,NTPC,INE733E01010,,170.0,175.8,169.15,169.85,2224489,381429453.85,0.49528364407112246,84.12392694548015
2011-03-01,NTPC,INE733E01010,,172.05,182.0,170.7,181.35,3789837,672695377.55,0.49528364407112246,89.81968885229806
2011-03-03,NTPC,INE733E01010,,180.0,183.7,175.1,178.05,1941036,348835004.1,0.49528364407112246,88.18525282686336
2011-03-04,NTPC,INE733E01010,,178.6,181.3,178.2,179.15,1827159,328386867.8,0.49528364407112246,88.7300648353416
2011-03-07,NTPC,INE733E01010,,177.95,181.3,175.1,180.55,1265370,225488179.55,0.49528364407112246,89.42346193704117
2011-03-08,NTPC,INE733E01010,,179.0,181.6,178.4,180.15,571771,103073969.75,0.49528364407112246,89.22534847941272
2011-03-09,NTPC,INE733E01010,,180.6,181.1,177.2,177.75,775602,138356578.5,0.49528364407112246,88.03666773364202
2011-03-10,NTPC,INE733E01010,,178.0,178.15,174.85,175.8,921417,162040009.65,0.49528364407112246,87.07086462770333
2011-03-11,NTPC,INE733E01010,,175.45,176.8,173.1,174.65,1411532,246690617.95,0.49528364407112246,86.50128843702154
2011-03-14,NTPC,INE733E01010,,175.25,178.7,175.0,177.95,1291683,228433395.2,0.49528364407112246,88.13572446245624
2011-03-15,NTPC,INE733E01010,,175.45,176.85,173.0,174.9,1451615,253238953.7,0.49528364407112246,86.62510934803932
2011-03-16,NTPC,INE733E01010,,175.95,178.5,175.15,177.55,815695,144560779.4,0.49528364407112246,87.9376110048278
2011-03-17,NTPC,INE733E01010,,176.3,177.4,174.6,175.55,674283,118576193.6,0.49528364407112246,86.94704371668556
2011-03-18,NTPC,INE733E01010,,176.9,177.0,173.65,174.25,820077,143158566.8,0.49528364407112246,86.30317497939309
2011-03-21,NTPC,INE733E01010,,175.0,175.4,172.5,172.95,935355,162242979.95,0.49528364407112246,85.65930624210063
2011-03-22,NTPC,INE733E01010,,174.85,175.5,173.65,174.35,761914,132977891.05,0.49528364407112246,86.3527033438002
2011-03-23,NTPC,INE733E01010,,174.9,175.95,173.15,175.1,1078867,188933989.9,0.49528364407112246,86.72416607685354
2011-03-24,NTPC,INE733E01010,,176.0,176.6,174.9,175.9,1118134,196560544.55,0.49528364407112246,87.12039299211044
2011-03-25,NTPC,INE733E01010,,175.2,183.8,175.2,182.9,2140293,385530525.3,0.49528364407112246,90.5873785006083
2011-03-28,NTPC,INE733E01010,,181.9,187.0,180.8,185.2,3601140,667802517.95,0.49528364407112246,91.72653088197187
2011-03-29,NTPC,INE733E01010,,185.0,189.95,183.6,188.45,2406052,453187873.6,0.49528364407112246,93.33620272520302
2011-03-30,NTPC,INE733E01010,,188.0,190.8,187.05,188.85,1078246,204332410.75,0.49528364407112246,93.53431618283147
2011-03-31,NTPC,INE733E01010,,189.65,195.0,188.9,193.1,5552242,1066960597.2,0.49528364407112246,95.63927167013375
2011-04-01,NTPC,INE733E01010,,193.0,193.1,188.15,188.85,841816,159814870.25,0.49528364407112246,93.53431618283147
2011-04-04,NTPC,INE733E01010,,188.2,191.4,187.7,189.5,1530686,290258825.65,0.49528364407112246,93.8562505514777
2011-04-05,NTPC,INE733E01010,,189.7,191.0,187.4,188.05,1190247,224433783.15,0.49528364407112246,93.13808926757459
2011-04-06,NTPC,INE733E01010,,188.65,192.75,185.65,191.8,2447712,465750061.55,0.49528364407112246,94.99540293284129
2011-04-07,NTPC,INE733E01010,,192.35,192.65,185.8,186.15,3647639,684180573.25,0.49528364407112246,92.19705034383945
2011-04-08,NTPC,INE733E01010,,187.0,187.75,182.55,183.75,2577124,474969317.3,0.49528364407112246,91.00836959806875
2011-04-11,NTPC,INE733E01010,,184.1,186.35,182.75,183.8,1627778,299873177.4,0.49528364407112246,91.03313378027231
2011-04-13,NTPC,INE733E01010,,183.15,188.45,182.1,187.8,2113946,392121464.9,0.49528364407112246,93.0142683565568
2011-04-15,NTPC,INE733E01010,,186.15,187.25,184.5,185.4,1311300,243061670.5,0.49528364407112246,91.8255876107861
2011-04-18,NTPC,INE733E01010,,185.5,187.7,183.5,185.3,2312769,429018356.0,0.49528364407112246,91.77605924637899
2011-04-19,NTPC,INE733E01010,,184.8,184.95,182.5,183.8,933841,171581734.55,0.49528364407112246,91.03313378027231
2011-04-20,NTPC,INE733E01010,,184.8,187.45,184.0,186.95,855623,159256177.45,0.49528364407112246,92.59327725909634
2011-04-21,NTPC,INE733E01010,,186.2,188.5,185.4,187.1,1351340,252566700.45,0.49528364407112246,92.667569805707
2011-04-25,NTPC,INE733E01010,,186.0,188.2,186.0,186.55,952968,178122707.15,0.49528364407112246,92.3951638014679
2011-04-26,NTPC,INE733E01010,,186.8,186.9,184.3,186.15,688449,127749927.0,0.49528364407112246,92.19705034383945
2011-04-27,NTPC,INE733E01010,,186.15,187.2,184.8,185.45,966240,179660893.4,0.49528364407112246,91.85035179298966
2011-04-28,NTPC,INE733E01010,,185.45,186.1,183.0,183.7,1522915,280610343.7,0.49528364407112246,90.98360541586518
2011-04-29,NTPC,INE733E01010,,183.95,184.8,181.3,182.3,1435062,262508429.7,0.49528364407112246,90.29020831416562
2011-05-02,NTPC,INE733E01010,,181.55,183.35,180.5,181.05,913516,166093359.4,0.49528364407112246,89.67110375907673
2011-05-03,NTPC,INE733E01010,,180.3,182.5,177.65,178.35,2052264,369878153.15,0.49528364407112246,88.33383792008469
2011-05-04,NTPC,INE733E01010,,178.7,179.75,177.7,178.55,1949473,348312835.25,0.49528364407112246,88.43289464889892
2011-05-05,NTPC,INE733E01010,,178.7,179.05,173.0,173.95,3475960,607029792.65,0.49528364407112246,86.15458988617175
2011-05-06,NTPC,INE733E01010,,173.0,176.05,171.1,174.8,1790946,312121076.6,0.49528364407112246,86.57558098363221
2011-05-09,NTPC,INE733E01010,,175.5,175.6,172.3,172.8,1250759,216951064.05,0.49528364407112246,85.58501369548996
2011-05-10,NTPC,INE733E01010,,173.9,182.9,173.1,180.55,4690543,839017467.65,0.49528364407112246,89.42346193704117
2011-05-11,NTPC,INE733E01010,,180.0,180.75,175.95,176.75,1202743,213561297.75,0.49528364407112246,87.5413840895709
2011-05-12,NTPC,INE733E01010,,176.4,177.95,174.1,174.5,1161475,204320736.7,0.49528364407112246,86.42699589041086
2011-05-13,NTPC,INE733E01010,,174.9,176.85,173.25,175.05,1236935,216994149.85,0.49528364407112246,86.69940189465
2011-05-16,NTPC,INE733E01010,,175.0,176.3,173.05,174.15,2481770,433024578.8,0.49528364407112246,86.25364661498598
2011-05-17,NTPC,INE733E01010,,174.45,174.45,169.15,171.15,2377310,405981073.6,0.49528364407112246,84.76779568277261
2011-05-18,NTPC,INE733E01010,,171.85,172.3,168.8,170.9,1503727,256020395.6,0.49528364407112246,84.64397477175483
2011-05-19,NTPC,INE733E01010,,172.0,172.0,169.4,170.0,927265,158320408.75,0.49528364407112246,84.19821949209081
2011-05-20,NTPC,INE733E01010,,171.0,174.75,170.0,172.8,1371544,236857016.25,0.49528364407112246,85.58501369548996
2011-05-23,NTPC,INE733E01010,,172.3,172.3,167.6,167.8,1913653,323397482.55,0.49528364407112246,83.10859547513435
2011-05-24,NTPC,INE733E01010,,168.4,170.55,165.65,166.85,2876117,481871960.75,0.49528364407112246,82.63807601326678
2011-05-25,NTPC,INE733E01010,,167.1,167.5,165.15,167.2,2633003,437548772.3,0.49528364407112246,82.81142528869167
2011-05-26,NTPC,INE733E01010,,167.9,171.9,167.35,170.9,5895916,1004282276.6,0.49528364407112246,84.64397477175483
2011-05-27,NTPC,INE733E01010,,170.1,172.95,167.55,168.15,3390356,575164130.6,0.49528364407112246,83.28194475055925
2011-05-30,NTPC,INE733E01010,,169.25,169.95,167.0,167.75,3450573,578939843.8,0.49528364407112246,83.0838312929308
2011-05-31,NTPC,INE733E01010,,167.15,169.6,166.8,168.25,18642924,3135036264.8,0.49528364407112246,83.33147311496636
2011-06-01,NTPC,INE733E01010,,169.55,175.45,169.55,175.05,4004748,694763022.85,0.49528364407112246,86.69940189465
2011-06-02,NTPC,INE733E01010,,173.9,178.0,172.55,175.25,3780011,665138048.65,0.49528364407112246,86.79845862346421
2011-06-03,NTPC,INE733E01010,,175.8,176.95,173.5,174.05,1650421,289330038.95,0.49528364407112246,86.20411825057887
2011-06-06,NTPC,INE733E01010,,174.1,175.2,173.0,173.95,669649,116391261.6,0.49528364407112246,86.15458988617175
2011-06-07,NTPC,INE733E01010,,173.0,173.9,172.2,173.05,2237976,387145613.05,0.49528364407112246,85.70883460650775
2011-06-08,NTPC,INE733E01010,,173.0,176.25,173.0,175.3,1733614,304084780.25,0.49528364407112246,86.82322280566777
2011-06-09,NTPC,INE733E01010,,175.9,178.85,175.0,178.0,2387019,423919607.95,0.49528364407112246,88.1604886446598
2011-06-10,NTPC,INE733E01010,,177.05,178.05,175.2,176.2,1984605,350679294.35,0.49528364407112246,87.26897808533177
2011-06-13,NTPC,INE733E01010,,175.55,181.3,175.55,180.0,2632181,472939313.6,0.49528364407112246,89.15105593280204
2011-06-14,NTPC,INE733E01010,,180.5,181.8,179.95,180.8,1393371,252059502.55,0.49528364407112246,89.54728284805894
2011-06-15,NTPC,INE733E01010,,180.0,180.1,176.35,177.25,709663,126683980.0,0.49528364407112246,87.78902591160646
2011-06-16,NTPC,INE733E01010,,175.8,179.4,175.8,177.0,991693,176643992.85,0.49528364407112246,87.66520500058867
2011-06-17,NTPC,INE733E01010,,175.35,179.4,174.8,178.9,1203094,213079895.0,0.49528364407112246,88.6062439243238
2011-06-20,NTPC,INE733E01010,,179.0,180.55,172.7,174.65,1940926,339695097.25,0.49528364407112246,86.50128843702154
2011-06-21,NTPC,INE733E01010,,175.3,177.0,173.4,176.45,920981,161725777.2,0.49528364407112246,87.39279899634955
2011-06-22,NTPC,INE733E01010,,176.9,177.45,174.4,175.15,1124515,197494199.75,0.49528364407112246,86.7489302590571
2011-06-23,NTPC,INE733E01010,,175.0,179.0,175.0,175.8,1843228,325511289.1,0.49528364407112246,87.07086462770333
2011-06-24,NTPC,INE733E01010,,176.4,186.45,176.0,182.15,5413252,982670834.4,0.49528364407112246,90.21591576755496
2011-06-27,NTPC,INE733E01010,,180.0,184.15,179.4,182.45,2983390,544328631.65,0.49528364407112246,90.36450086077629
2011-06-28,NTPC,INE733E01010,,182.85,184.0,180.75,183.6,1260568,229697133.15,0.49528364407112246,90.93407705145808
2011-06-29,NTPC,INE733E01010,,184.05,186.25,184.0,185.1,2058732,381324062.15,0.49528364407112246,91.67700251756476
2011-06-30,NTPC,INE733E01010,,185.2,188.6,183.65,186.9,3965410,740343902.25,0.49528364407112246,92.56851307689278
2011-07-01,NTPC,INE733E01010,,187.0,189.0,184.75,186.8,1475425,275388787.25,0.49528364407112246,92.51898471248568
2011-07-04,NTPC,INE733E01010,,187.0,188.0,183.85,184.45,1738638,321618460.4,0.49528364407112246,91.35506814891853
2011-07-05,NTPC,INE733E01010,,184.35,185.9,182.65,184.7,2173379,399491464.25,0.49528364407112246,91.47888905993631
2011-07-06,NTPC,INE733E01010,,184.5,187.0,183.75,185.35,1699651,315288671.55,0.49528364407112246,91.80082342858255
2011-07-07,NTPC,INE733E01010,,185.2,190.8,185.05,190.25,2815806,530898768.15,0.49528364407112246,94.22771328453105
2011-07-08,NTPC,INE733E01010,,190.25,192.45,189.35,190.85,2849440,544827725.0,0.49528364407112246,94.52488347097372
2011-07-11,NTPC,INE733E01010,,190.0,192.0,187.55,189.15,1652776,313333290.9,0.49528364407112246,93.68290127605282
2011-07-12,NTPC,INE733E01010,,188.0,190.0,183.1,187.0,3270790,612132907.5,0.49528364407112246,92.6180414412999
2011-07-13,NTPC,INE733E01010,,186.55,191.0,186.25,190.3,3640824,689841856.3,0.49528364407112246,94.2524774667346
2011-07-14,NTPC,INE733E01010,,188.75,192.0,188.25,189.35,3122423,591742801.8,0.49528364407112246,93.78195800486704
2011-07-15,NTPC,INE733E01010,,188.3,191.9,188.3,189.85,2610815,496832016.65,0.49528364407112246,94.0295998269026
2011-07-18,NTPC,INE733E01010,,188.25,189.7,184.5,186.1,2577065,482323132.1,0.49528364407112246,92.17228616163588
2011-07-19,NTPC,INE733E01010,,186.7,190.4,186.5,188.95,1860668,351592924.05,0.49528364407112246,93.58384454723858
2011-07-20,NTPC,INE733E01010,,189.0,189.8,184.6,185.25,1448834,270415054.2,0.49528364407112246,91.75129506417544
2011-07-21,NTPC,INE733E01010,,185.3,186.6,182.1,182.85,1312857,240714921.45,0.49528364407112246,90.56261431840474
2011-07-22,NTPC,INE733E01010,,183.5,186.95,182.65,183.2,3048919,561987118.1,0.49528364407112246,90.73596359382962
2011-07-25,NTPC,INE733E01010,,183.2,185.0,181.5,183.65,5984817,1096189063.45,0.49528364407112246,90.95884123366164
2011-07-26,NTPC,INE733E01010,,184.45,185.55,179.7,180.35,2453411,446431289.55,0.49528364407112246,89.32440520822693
2011-07-27,NTPC,INE733E01010,,180.9,181.5,178.0,180.45,2015049,361960873.75,0.49528364407112246,89.37393357263404
2011-07-28,NTPC,INE733E01010,,178.25,179.5,175.85,176.35,4413614,781542546.05,0.49528364407112246,87.34327063194245
2011-07-29,NTPC,INE733E01010,,177.0,178.1,175.5,176.1,2708215,479303795.8,0.49528364407112246,87.21944972092466
2011-08-01,NTPC,INE733E01010,,177.2,178.8,176.15,176.85,982939,174226099.5,0.49528364407112246,87.590912453978
2011-08-02,NTPC,INE733E01010,,176.5,181.7,176.1,181.0,2741450,490999344.85,0.49528364407112246,89.64633957687316
2011-08-03,NTPC,INE733E01010,,179.8,181.9,178.0,181.25,3171005,571792576.45,0.49528364407112246,89.77016048789095
2011-08-04,NTPC,INE733E01010,,180.7,181.0,175.75,177.05,2726269,485131906.35,0.49528364407112246,87.68996918279224
2011-08-05,NTPC,INE733E01010,,174.55,175.4,170.75,171.45,3457138,598361546.7,0.49528364407112246,84.91638077599394
2011-08-08,NTPC,INE733E01010,,169.3,172.9,165.0,171.15,3265132,557963004.65,0.49528364407112246,84.76779568277261
2011-08-09,NTPC,INE733E01010,,166.7,171.5,166.0,169.15,2924954,494537888.7,0.49528364407112246,83.77722839463037
2011-08-10,NTPC,INE733E01010,,173.2,177.6,169.1,175.5,3728782,645803591.0,0.49528364407112246,86.92227953448199
2011-08-11,NTPC,INE733E01010,,174.35,179.4,173.55,177.8,1540448,273757122.2,0.49528364407112246,88.06143191584557
2011-08-12,NTPC,INE733E01010,,179.0,179.0,174.35,175.7,1547100,272927931.1,0.49528364407112246,87.0213362632962
2011-08-16,NTPC,INE733E01010,,177.0,177.2,174.5,175.45,834338,146383983.25,0.49528364407112246,86.89751535227843
2011-08-17,NTPC,INE733E01010,,174.15,178.5,174.0,175.35,2061472,363779374.85,0.49528364407112246,86.84798698787132
2011-08-18,NTPC,INE733E01010,,178.0,178.0,172.75,174.3,1101831,192758029.75,0.49528364407112246,86.32793916159665
2011-08-19,NTPC,INE733E01010,,171.55,175.6,171.55,174.1,1871896,325810311.1,0.49528364407112246,86.22888243278241
2011-08-22,NTPC,INE733E01010,,173.55,176.9,171.85,174.65,1012402,176224787.6,0.49528364407112246,86.50128843702154
2011-08-23,NTPC,INE733E01010,,175.9,175.9,170.8,171.4,2621376,450804302.3,0.49528364407112246,84.89161659379039
2011-08-24,NTPC,INE733E01010,,170.3,171.5,169.5,170.1,2842779,484374746.35,0.49528364407112246,84.24774785649792
2011-08-25,NTPC,INE733E01010,,170.4,171.0,168.05,170.05,4475566,758644997.5,0.49528364407112246,84.22298367429438
2011-08-26,NTPC,INE733E01010,,169.8,169.8,162.55,166.45,2974642,493622006.2,0.49528364407112246,82.43996255563833
2011-08-29,NTPC,INE733E01010,,168.0,169.55,167.25,169.1,1079537,181784904.0,0.49528364407112246,83.7524642124268
2011-08-30,NTPC,INE733E01010,,169.0,170.7,167.6,169.3,2294827,387662661.6,0.49528364407112246,83.85152094124103
2011-09-02,NTPC,INE733E01010,,174.8,174.8,165.1,166.4,3911576,658111378.2,0.49528364407112246,82.41519837343478
2011-09-05,NTPC,INE733E01010,,166.1,166.9,163.2,163.7,4290037,704661906.6,0.49528364407112246,81.07793253444274
2011-09-06,NTPC,INE733E01010,,163.75,164.7,161.5,162.2,4468785,725894702.05,0.49528364407112246,80.33500706833605
2011-09-07,NTPC,INE733E01010,,162.9,168.35,162.5,167.9,4435549,732814397.85,0.49528364407112246,83.15812383954146
2011-09-08,NTPC,INE733E01010,,168.3,168.3,165.7,166.1,2250644,374766565.6,0.4976548404520734,82.66046899908939
2011-09-09,NTPC,INE733E01010,,167.0,168.0,162.8,163.35,2350184,388391170.05,0.4976548404520734,81.29191818784619
2011-09-12,NTPC,INE733E01010,,162.5,162.75,160.0,162.05,1844401,297594347.4,0.4976548404520734,80.6449668952585
2011-09-13,NTPC,INE733E01010,,163.45,165.65,162.0,163.55,1974001,323342948.65,0.4976548404520734,81.39144915593661
2011-09-14,NTPC,INE733E01010,,164.45,165.1,162.05,164.15,1671411,273144816.2,0.4976548404520734,81.69004206020786
2011-09-15,NTPC,INE733E01010,,165.8,165.8,162.1,164.55,1350152,220781028.15,0.4976548404520734,81.88910399638868
2011-09-16,NTPC,INE733E01010,,165.2,173.55,165.0,172.45,5795670,988241175.65,0.4976548404520734,85.82057723596006
2011-09-19,NTPC,INE733E01010,,170.75,172.85,168.0,168.6,1299561,222098166.85,0.4976548404520734,83.90460610021958
2011-09-20,NTPC,INE733E01010,,169.3,172.65,169.0,172.0,1938906,332319239.05,0.4976548404520734,85.59663255775664
2011-09-21,NTPC,INE733E01010,,172.0,174.35,172.0,173.3,2005802,347733252.95,0.4976548404520734,86.24358385034434
2011-09-22,NTPC,INE733E01010,,171.4,171.6,165.05,165.75,1555134,259913318.15,0.4976548404520734,82.48628980493118
2011-09-23,NTPC,INE733E01010,,164.8,168.95,163.85,167.0,2128665,354991699.85,0.4976548404520734,83.10835835549626
2011-09-26,NTPC,INE733E01010,,168.25,168.4,163.0,163.65,1584252,260486299.55,0.4976548404520734,81.44121463998182
2011-09-27,NTPC,INE733E01010,,164.6,166.35,163.8,165.65,2162201,356578549.1,0.4976548404520734,82.43652432088597
2011-09-28,NTPC,INE733E01010,,166.45,169.55,164.6,168.6,2353438,392674315.9,0.4976548404520734,83.90460610021958
2011-09-29,NTPC,INE733E01010,,168.45,170.3,164.6,168.15,2647187,443368150.75,0.4976548404520734,83.68066142201614
2011-09-30,NTPC,INE733E01010,,167.5,169.0,164.65,167.65,2320276,387380036.1,0.4976548404520734,83.43183400179011
2011-10-03,NTPC,INE733E01010,,165.5,166.45,163.6,164.35,1583724,260455502.3,0.4976548404520734,81.78957302829826
2011-10-04,NTPC,INE733E01010,,164.0,165.6,161.85,163.95,1295102,212345141.55,0.4976548404520734,81.59051109211744
2011-10-05,NTPC,INE733E01010,,164.7,165.85,162.45,163.9,1610551,264828827.6,0.4976548404520734,81.56562835009484
2011-10-07,NTPC,INE733E01010,,168.5,169.2,165.25,166.9,3350320,559293233.25,0.4976548404520734,83.05859287145105
2011-10-10,NTPC,INE733E01010,,167.45,171.45,165.4,170.6,3371177,570571265.05,0.4976548404520734,84.89991578112372
2011-10-11,NTPC,INE733E01010,,171.0,177.0,170.9,176.4,6267867,1097374181.25,0.4976548404520734,87.78631385574576
2011-10-12,NTPC,INE733E01010,,175.55,178.6,174.65,177.4,3291035,582842416.1,0.4976548404520734,88.28396869619783
2011-10-13,NTPC,INE733E01010,,177.6,178.25,172.95,173.5,1575953,277463770.05,0.4976548404520734,86.34311481843474
2011-10-14,NTPC,INE733E01010,,172.9,176.9,171.9,172.9,2435387,425251185.9,0.4976548404520734,86.0445219141635
2011-10-17,NTPC,INE733E01010,,173.0,173.2,167.4,168.25,1602499,270992334.4,0.4976548404520734,83.73042690606135
2011-10-18,NTPC,INE733E01010,,167.9,170.75,167.05,168.35,1481126,250213600.9,0.4976548404520734,83.78019239010656
2011-10-19,NTPC,INE733E01010,,168.5,172.45,168.25,171.95,1413533,240266057.65,0.4976548404520734,85.57174981573402
2011-10-20,NTPC,INE733E01010,,170.15,171.75,168.0,171.3,948409,160662168.85,0.4976548404520734,85.24827416944018
2011-10-21,NTPC,INE733E01010,,171.7,171.7,168.8,169.45,1043684,177071419.6,0.4976548404520734,84.32761271460383
2011-10-24,NTPC,INE733E01010,,171.2,173.0,170.5,171.1,2015659,345591441.7,0.4976548404520734,85.14874320134976
2011-10-25,NTPC,INE733E01010,,171.85,177.35,169.55,173.6,5916972,1029441610.3,0.4976548404520734,86.39288030247994
2011-10-26,NTPC,INE733E01010,,174.35,174.95,173.8,174.3,199066,34729478.5,0.4976548404520734,86.74123869079641
2011-10-28,NTPC,INE733E01010,,180.0,183.0,175.6,178.55,3816480,675620784.25,0.4976548404520734,88.85627176271771
2011-10-31,NTPC,INE733E01010,,178.8,183.4,178.0,179.25,4986901,901975464.25,0.4976548404520734,89.20463015103417
2011-11-01,NTPC,INE733E01010,,179.05,180.9,176.8,177.35,1181127,211207948.95,0.4976548404520734,88.25908595417522
2011-11-02,NTPC,INE733E01010,,176.1,179.65,175.25,175.95,726781,128806458.8,0.4976548404520734,87.56236917754231
2011-11-03,NTPC,INE733E01010,,175.4,178.95,174.65,178.1,1215494,215294163.2,0.4976548404520734,88.63232708451427
2011-11-04,NTPC,INE733E01010,,179.0,181.65,178.2,179.35,1482420,266515797.05,0.4976548404520734,89.25439563507936
2011-11-08,NTPC,INE733E01010,,178.8,180.4,176.65,178.15,1039668,185200458.45,0.4976548404520734,88.65720982653689
2011-11-09,NTPC,INE733E01010,,179.0,179.15,173.5,174.05,771477,136059441.15,0.4976548404520734,86.61682498068339
2011-11-11,NTPC,INE733E01010,,173.05,174.6,171.25,173.65,1315837,227889267.7,0.4976548404520734,86.41776304450255
2011-11-14,NTPC,INE733E01010,,174.05,176.45,172.1,173.0,971081,169505343.95,0.4976548404520734,86.0942873982087
2011-11-15,NTPC,INE733E01010,,172.8,172.85,168.5,170.0,2231389,381059645.05,0.4976548404520734,84.60132287685248
2011-11-16,NTPC,INE733E01010,,170.8,171.85,167.9,168.95,3057175,518733307.35,0.4976548404520734,84.0787852943778
2011-11-17,NTPC,INE733E01010,,169.85,170.6,164.15,165.0,2025138,339027761.25,0.4976548404520734,82.11304867459211
2011-11-18,NTPC,INE733E01010,,164.9,165.0,160.5,162.3,2992213,484846327.85,0.4976548404520734,80.76938060537152
2011-11-21,NTPC,INE733E01010,,162.45,162.8,155.55,156.3,3566888,563216097.5,0.4976548404520734,77.78345156265908
2011-11-22,NTPC,INE733E01010,,157.25,158.65,154.65,155.45,2586959,406290375.05,0.4976548404520734,77.3604449482748
2011-11-23,NTPC,INE733E01010,,155.6,157.45,152.05,156.65,2472277,382581860.05,0.4976548404520734,77.95763075681731
2011-11-24,NTPC,INE733E01010,,158.95,159.95,153.45,158.8,4383508,690856610.95,0.4976548404520734,79.02758866378926
2011-11-25,NTPC,INE733E01010,,159.0,160.9,155.45,156.9,2864170,452978240.9,0.4976548404520734,78.08204446693033
2011-11-28,NTPC,INE733E01010,,158.95,160.7,157.2,159.65,3551804,564614437.1,0.4976548404520734,79.45059527817352
2011-11-29,NTPC,INE733E01010,,159.9,160.85,157.8,158.6,2317365,367570903.05,0.4976548404520734,78.92805769569884
2011-11-30,NTPC,INE733E01010,,158.4,163.95,157.1,162.35,2856396,457092695.0,0.4976548404520734,80.79426334739412
2011-12-01,NTPC,INE733E01010,,165.8,167.5,164.65,166.55,1827605,302945972.0,0.4976548404520734,82.88441367729284
2011-12-02,NTPC,INE733E01010,,166.3,174.45,165.4,172.85,1853829,312594384.05,0.4976548404520734,86.01963917214088
2011-12-05,NTPC,INE733E01010,,171.05,176.5,171.0,175.9,2696867,469718875.55,0.4976548404520734,87.53748643551972
2011-12-07,NTPC,INE733E01010,,175.15,177.45,168.4,170.15,2407068,415746686.75,0.4976548404520734,84.6759711029203
2011-12-08,NTPC,INE733E01010,,168.55,170.3,163.6,166.3,2047173,341366951.5,0.4976548404520734,82.75999996717981
2011-12-09,NTPC,INE733E01010,,163.25,167.8,162.65,166.1,1953522,323339942.55,0.4976548404520734,82.66046899908939
2011-12-12,NTPC,INE733E01010,,167.45,167.7,160.0,163.55,2957290,482079950.55,0.4976548404520734,81.39144915593661
2011-12-13,NTPC,INE733E01010,,162.15,168.7,160.3,166.85,2061421,337159553.25,0.4976548404520734,83.03371012942844
2011-12-14,NTPC,INE733E01010,,166.5,166.95,163.2,164.1,2805526,461604464.0,0.4976548404520734,81.66515931818525
2011-12-15,NTPC,INE733E01010,,162.9,167.5,159.1,166.4,2987790,489057837.9,0.4976548404520734,82.80976545122502
2011-12-16,NTPC,INE733E01010,,166.1,170.25,159.4,160.95,3684013,614357944.25,0.4976548404520734,80.09754657076121
2011-12-19,NTPC,INE733E01010,,161.0,161.25,156.55,160.3,2479579,394093870.7,0.4976548404520734,79.77407092446738
2011-12-20,NTPC,INE733E01010,,160.3,161.8,154.1,154.9,3952329,620848608.2,0.4976548404520734,77.08673478602617
2011-12-21,NTPC,INE733E01010,,157.0,162.2,155.15,160.75,3180446,499890508.7,0.4976548404520734,79.9980156026708
2011-12-22,NTPC,INE733E01010,,160.8,164.4,159.15,163.4,2163895,349132792.0,0.4976548404520734,81.3168009298688
2011-12-23,NTPC,INE733E01010,,164.5,165.5,157.6,158.3,2309617,370061777.25,0.4976548404520734,78.77876124356322
2011-12-26,NTPC,INE733E01010,,158.8,161.1,158.7,160.55,1493090,238948126.75,0.4976548404520734,79.8984846345804
2011-12-27,NTPC,INE733E01010,,161.0,161.35,155.55,156.9,1753852,277180774.2,0.4976548404520734,78.08204446693033
2011-12-28,NTPC,INE733E01010,,158.0,162.4,157.15,161.35,2118610,337192158.25,0.4976548404520734,80.29660850694205
2011-12-29,NTPC,INE733E01010,,161.5,161.6,158.7,160.65,2094100,335554108.9,0.4976548404520734,79.9482501186256
2011-12-30,NTPC,INE733E01010,,161.0,162.45,159.2,160.85,1601076,257595152.45,0.4976548404520734,80.047781086716
2012-01-02,NTPC,INE733E01010,,160.85,160.85,157.0,158.15,1170056,185238566.2,0.4976548404520734,78.70411301749542
2012-01-03,NTPC,INE733E01010,,159.5,161.5,158.7,160.35,1783665,285931996.4,0.4976548404520734,79.79895366648996
2012-01-04,NTPC,INE733E01010,,161.0,161.0,158.75,160.15,1563432,249788680.5,0.4976548404520734,79.69942269839956
2012-01-05,NTPC,INE733E01010,,160.45,160.9,155.05,156.8,2664046,422032196.75,0.4976548404520734,78.03227898288512
2012-01-06,NTPC,INE733E01010,,156.5,157.5,155.25,156.95,2186842,342487966.2,0.4976548404520734,78.10692720895291
2012-01-09,NTPC,INE733E01010,,156.4,157.5,155.55,156.95,2154162,337945248.25,0.4976548404520734,78.10692720895291
2012-01-10,NTPC,INE733E01010,,158.95,160.15,156.75,158.0,6326733,999631164.6,0.4976548404520734,78.6294647914276
2012-01-11,NTPC,INE733E01010,,158.8,160.45,157.5,159.7,6377240,1012601756.2,0.4976548404520734,79.47547802019612
2012-01-12,NTPC,INE733E01010,,160.9,162.4,159.75,160.85,2483119,399856628.8,0.4976548404520734,80.047781086716
2012-01-13,NTPC,INE733E01010,,161.9,166.85,160.95,166.2,3381762,556665080.7,0.4976548404520734,82.7102344831346
2012-01-16,NTPC,INE733E01010,,164.75,165.9,161.55,161.85,1912437,311784196.6,0.4976548404520734,80.54543592716809
2012-01-17,NTPC,INE733E01010,,162.95,167.8,162.8,167.2,3354079,555654284.15,0.4976548404520734,83.20788932358667
2012-01-18,NTPC,INE733E01010,,167.2,169.2,163.4,164.5,2501336,415781765.95,0.4976548404520734,81.86422125436607
2012-01-19,NTPC,INE733E01010,,165.2,172.5,165.0,171.45,4726114,801850613.15,0.4976548404520734,85.32292239550799
2012-01-20,NTPC,INE733E01010,,171.95,175.8,171.05,174.5,3389796,590148544.3,0.4976548404520734,86.84076965888681
2012-01-23,NTPC,INE733E01010,,173.05,177.5,173.05,175.55,2649397,466834175.6,0.4976548404520734,87.3633072413615
2012-01-24,NTPC,INE733E01010,,175.6,177.15,172.95,175.35,2218639,388686527.45,0.4976548404520734,87.26377627327108
2012-01-25,NTPC,INE733E01010,,175.35,177.1,174.25,174.75,3783568,662084156.55,0.4976548404520734,86.96518336899983
2012-01-27,NTPC,INE733E01010,,178.15,178.9,172.7,174.05,2300869,402658063.9,0.4976548404520734,86.61682498068339
2012-01-30,NTPC,INE733E01010,,171.55,174.9,170.75,171.75,2902754,501191316.25,0.4976548404520734,85.4722188476436
2012-01-31,NTPC,INE733E01010,,170.4,172.55,169.25,172.2,2316462,396582106.55,0.5080072442653409,87.4788474624917
2012-02-01,NTPC,INE733E01010,,172.0,173.65,170.05,170.85,2472782,422843185.2,0.5080072442653409,86.7930376827335
2012-02-02,NTPC,INE733E01010,,172.0,173.15,170.6,171.9,3892481,670114437.15,0.5080072442653409,87.32644528921212
2012-02-03,NTPC,INE733E01010,,171.1,177.4,171.1,176.8,1715203,300105369.95,0.5080072442653409,89.81568078611228
2012-02-06,NTPC,INE733E01010,,178.0,178.3,174.5,177.65,2817583,498171830.45,0.5080072442653409,90.24748694373783
2012-02-07,NTPC,INE733E01010,,177.55,178.45,174.55,175.75,1011199,177910845.8,0.5080072442653409,89.28227317963368
2012-02-08,NTPC,INE733E01010,,175.5,178.9,175.45,177.25,1164910,206826733.2,0.5080072442653409,90.04428404603168
2012-02-09,NTPC,INE733E01010,,177.0,181.0,176.55,180.0,2395889,430420647.65,0.5080072442653409,91.44130396776137
2012-02-10,NTPC,INE733E01010,,179.9,181.45,178.65,180.35,1451030,261271290.0,0.5080072442653409,91.61910650325423
2012-02-13,NTPC,INE733E01010,,180.0,182.35,179.3,181.0,1376997,248587554.7,0.5080072442653409,91.94931121202671
2012-02-14,NTPC,INE733E01010,,180.15,183.4,180.1,181.65,1420813,258551072.35,0.5080072442653409,92.27951592079918
2012-02-15,NTPC,INE733E01010,,181.75,184.45,179.8,182.1,4058349,739300419.8,0.5080072442653409,92.50811918071858
2012-02-16,NTPC,INE733E01010,,183.9,185.6,182.6,183.95,5395930,995954981.8,0.5080072442653409,93.44793258260945
2012-02-17,NTPC,INE733E01010,,186.0,190.75,184.85,187.9,4331483,814549319.45,0.5080072442653409,95.45456119745756
2012-02-21,NTPC,INE733E01010,,187.15,189.9,184.85,186.15,2558196,479287955.15,0.5080072442653409,94.56554851999321
2012-02-22,NTPC,INE733E01010,,185.5,187.6,181.2,182.8,1705292,313174880.05,0.5080072442653409,92.86372425170433
2012-02-23,NTPC,INE733E01010,,182.15,186.0,180.2,185.05,2026319,371705813.95,0.5080072442653409,94.00674055130135
2012-02-24,NTPC,INE733E01010,,185.05,187.4,182.3,183.7,2656684,491728370.15,0.5080072442653409,93.32093077154312
2012-02-27,NTPC,INE733E01010,,185.0,185.0,175.5,180.85,4290611,777787016.25,0.5080072442653409,91.8731101253869
2012-02-28,NTPC,INE733E01010,,181.0,183.8,179.6,180.05,1433059,259562745.0,0.5080072442653409,91.46670432997465
2012-02-29,NTPC,INE733E01010,,180.9,183.45,179.6,181.05,1439128,260899026.65,0.5080072442653409,91.97471157423999
2012-03-01,NTPC,INE733E01010,,181.5,182.7,174.7,176.45,1697183,301648612.5,0.5080072442653409,89.63787825061941
2012-03-02,NTPC,INE733E01010,,177.95,180.8,176.35,179.0,1750742,312593114.35,0.5080072442653409,90.93329672349603
2012-03-05,NTPC,INE733E01010,,177.8,178.35,174.35,175.65,970469,170898601.7,0.5080072442653409,89.23147245520714
2012-03-06,NTPC,INE733E01010,,174.5,179.75,173.0,174.55,1033621,182328390.65,0.5080072442653409,88.67266448651527
2012-03-07,NTPC,INE733E01010,,173.0,174.4,169.6,170.2,1328776,227767274.6,0.5080072442653409,86.46283297396103
2012-03-09,NTPC,INE733E01010,,172.45,174.65,170.05,173.65,2575058,443154570.15,0.5080072442653409,88.21545796667645
2012-03-12,NTPC,INE733E01010,,175.0,176.0,170.35,172.1,2131127,365800783.45,0.5080072442653409,87.42804673806518
2012-03-13,NTPC,INE733E01010,,172.65,174.6,172.6,173.25,1078670,187234483.8,0.5080072442653409,88.01225506897032
2012-03-14,NTPC,INE733E01010,,175.0,178.0,174.3,177.6,1655451,291833431.25,0.5080072442653409,90.22208658152455
2012-03-15,NTPC,INE733E01010,,177.6,180.0,177.0,179.6,2601767,465831413.7,0.5080072442653409,91.23810107005524
2012-03-16,NTPC,INE733E01010,,179.2,181.3,171.2,172.35,1665581,294814807.4,0.5080072442653409,87.55504854913151
2012-03-19,NTPC,INE733E01010,,173.45,174.8,171.15,171.95,1208248,209386705.05,0.5080072442653409,87.35184565142536
2012-03-20,NTPC,INE733E01010,,170.65,174.3,169.25,173.15,1585737,273540964.15,0.5080072442653409,87.96145434454378
2012-03-21,NTPC,INE733E01010,,172.0,176.25,171.65,175.8,2121392,370162158.05,0.5080072442653409,89.30767354184694
2012-03-22,NTPC,INE733E01010,,176.0,176.8,170.05,171.25,2138830,371878417.9,0.5080072442653409,86.99624058043963
2012-03-23,NTPC,INE733E01010,,171.25,173.25,170.45,171.8,635648,109266318.55,0.5080072442653409,87.27564456478558
2012-03-26,NTPC,INE733E01010,,172.25,172.25,165.0,165.45,1450946,242228442.3,0.5080072442653409,84.04979856370065
2012-03-27,NTPC,INE733E01010,,167.75,167.85,162.6,164.0,1604904,264458202.95,0.5080072442653409,83.31318805951591
2012-03-28,NTPC,INE733E01010,,164.0,164.55,160.6,161.6,2955397,478790755.6,0.5080072442653409,82.09397067327909
2012-03-29,NTPC,INE733E01010,,161.0,163.7,160.05,162.5,5498377,888908688.05,0.5080072442653409,82.55117719311791
2012-03-30,NTPC,INE733E01010,,163.0,164.95,161.85,162.75,4235191,692606799.85,0.5080072442653409,82.67817900418424
2012-04-02,NTPC,INE733E01010,,163.8,168.1,163.0,167.5,1361543,226204293.55,0.5080072442653409,85.09121341444461
2012-04-03,NTPC,INE733E01010,,168.5,168.85,166.5,167.5,1314268,220175509.8,0.5080072442653409,85.09121341444461
2012-04-04,NTPC,INE733E01010,,167.9,169.25,166.5,167.8,813397,136400477.95,0.5080072442653409,85.24361558772422
2012-04-09,NTPC,INE733E01010,,166.2,166.75,162.55,163.05,831118,136550912.5,0.5080072442653409,82.83058117746384
2012-04-10,NTPC,INE733E01010,,162.55,163.45,161.2,162.4,1818261,295076155.3,0.5080072442653409,82.50037646869137
2012-04-11,NTPC,INE733E01010,,161.0,166.1,161.0,165.35,1728846,283855178.15,0.5080072442653409,83.99899783927412
2012-04-12,NTPC,INE733E01010,,166.1,167.0,164.25,165.45,2099382,347912539.8,0.5080072442653409,84.04979856370065
2012-04-13,NTPC,INE733E01010,,166.5,169.0,165.75,166.75,1563711,261367896.2,0.5080072442653409,84.7102079812456
2012-04-16,NTPC,INE733E01010,,165.1,166.35,164.0,165.5,1272894,210309421.1,0.5080072442653409,84.07519892591392
2012-04-17,NTPC,INE733E01010,,165.05,168.9,164.7,167.5,3104410,519738125.95,0.5080072442653409,85.09121341444461
2012-04-18,NTPC,INE733E01010,,167.55,169.75,167.3,167.9,2318546,390657540.0,0.5080072442653409,85.29441631215074
2012-04-19,NTPC,INE733E01010,,168.9,169.5,167.0,168.15,926893,155910525.25,0.5080072442653409,85.42141812321708
2012-04-20,NTPC,INE733E01010,,168.0,168.9,163.6,165.25,961655,160469317.5,0.5080072442653409,83.94819711484759
2012-04-23,NTPC,INE733E01010,,164.8,166.45,163.05,165.95,1852932,305919613.0,0.5080072442653409,84.30380218583332
2012-04-24,NTPC,INE733E01010,,165.95,168.25,164.5,167.3,1208982,202101545.85,0.5080072442653409,84.98961196559155
2012-04-25,NTPC,INE733E01010,,167.9,167.9,163.35,164.9,880226,145169292.95,0.5080072442653409,83.77039457935473
2012-04-26,NTPC,INE733E01010,,164.1,165.95,160.4,161.15,2580877,418617929.6,0.5080072442653409,81.86536741335969
2012-04-27,NTPC,INE733E01010,,161.6,163.35,161.0,161.9,816036,132245291.05,0.5080072442653409,82.2463728465587
2012-04-30,NTPC,INE733E01010,,161.4,164.35,161.4,162.5,1339594,218660718.5,0.5080072442653409,82.55117719311791
2012-05-02,NTPC,INE733E01010,,162.0,163.25,159.25,159.85,1844631,296746725.35,0.5080072442653409,81.20495799581475
2012-05-03,NTPC,INE733E01010,,159.8,159.8,155.75,157.0,2996687,471050141.2,0.5080072442653409,79.75713734965852
2012-05-04,NTPC,INE733E01010,,156.0,158.3,154.05,154.95,1493848,232855056.7,0.5080072442653409,78.71572249891457
2012-05-07,NTPC,INE733E01010,,154.0,157.05,152.5,156.15,1540439,237681645.85,0.5080072442653409,79.32533119203299
2012-05-08,NTPC,INE733E01010,,156.9,157.65,154.55,155.9,2258290,352269781.05,0.5080072442653409,79.19832938096665
2012-05-09,NTPC,INE733E01010,,154.65,155.3,150.2,151.45,1772441,270884345.0,0.5080072442653409,76.93769714398589
2012-05-10,NTPC,INE733E01010,,151.0,153.75,148.25,149.4,2693200,407973979.95,0.5080072442653409,75.89628229324194
2012-05-11,NTPC,INE733E01010,,149.4,150.9,146.1,148.15,1980850,293368200.2,0.5080072442653409,75.26127323791026
2012-05-14,NTPC,INE733E01010,,148.15,150.1,146.5,147.5,3577061,531045218.4,0.5080072442653409,74.93106852913779
2012-05-15,NTPC,INE733E01010,,146.5,147.6,142.4,143.4,2572922,371092440.75,0.5080072442653409,72.8482388276499
2012-05-16,NTPC,INE733E01010,,142.4,142.9,138.85,141.05,3102828,436977377.15,0.5080072442653409,71.65442180362635
2012-05-17,NTPC,INE733E01010,,141.05,142.85,141.0,142.1,2374249,337109180.0,0.5080072442653409,72.18782941010494
2012-05-18,NTPC,INE733E01010,,141.0,147.5,140.05,144.95,3012894,435696785.0,0.5080072442653409,73.63565005626117
2012-05-21,NTPC,INE733E01010,,144.6,146.0,141.75,143.6,1877003,270066602.05,0.5080072442653409,72.94984027650295
2012-05-22,NTPC,INE733E01010,,143.55,145.25,140.75,141.35,2602883,372128828.65,0.5080072442653409,71.80682397690595
2012-05-23,NTPC,INE733E01010,,141.0,141.7,139.0,141.05,1725872,242791651.3,0.5080072442653409,71.65442180362635
2012-05-24,NTPC,INE733E01010,,141.1,143.25,139.95,142.1,1247042,177109459.15,0.5080072442653409,72.18782941010494
2012-05-25,NTPC,INE733E01010,,142.1,143.0,141.05,142.2,1382667,196783009.0,0.5080072442653409,72.23863013453148
2012-05-28,NTPC,INE733E01010,,141.7,144.9,141.7,144.5,986993,141877760.25,0.5080072442653409,73.40704679634176
2012-05-29,NTPC,INE733E01010,,145.1,146.15,143.9,145.5,1692158,245722727.35,0.5080072442653409,73.9150540406071
2012-05-30,NTPC,INE733E01010,,143.9,146.45,143.9,145.25,2671971,388068082.2,0.5080072442653409,73.78805222954077
2012-05-31,NTPC,INE733E01010,,144.2,148.0,144.15,146.8,3496903,512545915.2,0.5080072442653409,74.57546345815206
2012-06-01,NTPC,INE733E01010,,146.3,146.65,144.1,145.1,1819785,264112539.35,0.5080072442653409,73.71185114290097
2012-06-04,NTPC,INE733E01010,,144.0,144.8,141.4,144.05,2467267,353433163.15,0.5080072442653409,73.17844353642236
2012-06-05,NTPC,INE733E01010,,144.05,147.5,144.05,146.95,1807994,265241328.25,0.5080072442653409,74.65166454479184
2012-06-06,NTPC,INE733E01010,,147.5,153.4,147.5,152.75,2986562,452137529.35,0.5080072442653409,77.59810656153083
2012-06-07,NTPC,INE733E01010,,153.1,157.1,151.75,155.05,2851625,440926715.3,0.5080072442653409,78.76652322334112
2012-06-08,NTPC,INE733E01010,,154.5,157.3,152.5,156.0,1717404,265678511.85,0.5080072442653409,79.24913010539319
2012-06-11,NTPC,INE733E01010,,156.3,158.8,154.6,155.1,1350948,211630375.25,0.5080072442653409,78.79192358555437
2012-06-12,NTPC,INE733E01010,,154.7,158.5,153.55,157.65,1645654,256655068.2,0.5080072442653409,80.087342058431
2012-06-13,NTPC,INE733E01010,,157.5,157.8,153.5,154.3,1378589,215321428.95,0.5080072442653409,78.38551779014212
2012-06-14,NTPC,INE733E01010,,153.0,154.4,147.6,148.25,3943392,591055751.95,0.5080072442653409,75.3120739623368
2012-06-15,NTPC,INE733E01010,,148.0,151.3,147.0,150.2,2847989,424412313.75,0.5080072442653409,76.30268808865421
2012-06-18,NTPC,INE733E01010,,151.05,152.4,147.45,149.2,1618309,242658974.8,0.5080072442653409,75.79468084438886
2012-06-19,NTPC,INE733E01010,,148.5,151.15,147.35,149.65,2841821,424401428.05,0.5080072442653409,76.02328410430827
2012-06-20,NTPC,INE733E01010,,150.0,152.2,148.9,149.55,2192887,330604526.05,0.5080072442653409,75.97248337988174
2012-06-21,NTPC,INE733E01010,,149.8,152.0,149.0,151.3,1407922,212216117.15,0.5080072442653409,76.86149605734609
2012-06-22,NTPC,INE733E01010,,150.4,153.35,149.55,152.15,2307852,349594978.65,0.5080072442653409,77.29330221497163
2012-06-25,NTPC,INE733E01010,,151.55,154.1,151.45,152.5,2643014,403782505.4,0.5080072442653409,77.47110475046449
2012-06-26,NTPC,INE733E01010,,152.6,154.45,151.65,153.7,1861660,284474918.35,0.5080072442653409,78.0807134435829
2012-06-27,NTPC,INE733E01010,,155.0,156.55,154.25,155.1,1585916,246330317.45,0.5080072442653409,78.79192358555437
2012-06-28,NTPC,INE733E01010,,156.0,158.35,154.85,157.6,3775058,592229620.15,0.5080072442653409,80.06194169621773
2012-06-29,NTPC,INE733E01010,,158.85,160.4,158.05,159.45,2562263,408691866.15,0.5080072442653409,81.0017550981086
2012-07-02,NTPC,INE733E01010,,160.0,162.0,159.25,161.3,1232664,198590885.9,0.5080072442653409,81.9415684999995
2012-07-03,NTPC,INE733E01010,,161.5,162.6,159.0,161.05,1771809,285658725.65,0.5080072442653409,81.81456668893317
2012-07-04,NTPC,INE733E01010,,161.3,162.0,158.5,160.9,1565581,251369595.3,0.5080072442653409,81.73836560229336
2012-07-05,NTPC,INE733E01010,,160.5,162.35,159.0,161.6,1439107,231515603.2,0.5080072442653409,82.09397067327909
2012-07-06,NTPC,INE733E01010,,161.0,161.85,159.7,160.85,610637,98222951.25,0.5080072442653409,81.71296524008008
2012-07-09,NTPC,INE733E01010,,159.25,160.55,157.5,160.05,1388775,221614167.15,0.5080072442653409,81.30655944466783
2012-07-10,NTPC,INE733E01010,,159.5,160.7,157.5,159.85,1318679,209515260.0,0.5080072442653409,81.20495799581475
2012-07-11,NTPC,INE733E01010,,158.6,161.7,158.6,160.15,2058528,329036996.75,0.5080072442653409,81.35736016909435
2012-07-12,NTPC,INE733E01010,,158.9,160.35,157.0,158.95,1751435,278030517.3,0.5080072442653409,80.74775147597593
2012-07-13,NTPC,INE733E01010,,159.25,161.1,158.7,159.75,830706,133137462.7,0.5080072442653409,81.15415727138821
2012-07-16,NTPC,INE733E01010,,158.8,160.8,158.35,158.8,1205828,192592530.0,0.5080072442653409,80.67155038933615
2012-07-17,NTPC,INE733E01010,,159.45,160.15,157.3,158.3,1578444,250036410.0,0.5080072442653409,80.41754676720348
2012-07-18,NTPC,INE733E01010,,158.25,158.7,156.1,157.05,1380065,216749518.3,0.5080072442653409,79.7825377118718
2012-07-19,NTPC,INE733E01010,,158.0,159.05,156.5,157.1,5181611,813452038.5,0.5080072442653409,79.80793807408506
2012-07-20,NTPC,INE733E01010,,156.7,157.45,155.55,155.9,841612,131359044.05,0.5080072442653409,79.19832938096665
2012-07-23,NTPC,INE733E01010,,155.55,155.9,152.4,153.75,5130285,786239875.7,0.5080072442653409,78.10611380579617
2012-07-24,NTPC,INE733E01010,,154.0,154.15,152.3,152.9,1719091,263219756.55,0.5080072442653409,77.67430764817064
2012-07-25,NTPC,INE733E01010,,152.15,152.95,149.1,150.05,4029936,605520128.95,0.5080072442653409,76.22648700201441
2012-07-26,NTPC,INE733E01010,,151.0,152.4,149.4,151.15,2908260,438887834.9,0.5080072442653409,76.78529497070629
2012-07-27,NTPC,INE733E01010,,152.5,155.45,152.15,153.25,1358985,208889667.45,0.5080072442653409,77.8521101836635
2012-07-30,NTPC,INE733E01010,,153.6,158.45,153.6,157.9,1270051,198592599.85,0.5080072442653409,80.21434386949734
2012-07-31,NTPC,INE733E01010,,158.1,159.0,156.4,157.0,1812673,285763137.8,0.5080072442653409,79.75713734965852
2012-08-01,NTPC,INE733E01010,,157.05,159.0,156.2,157.5,2130122,335242294.55,0.5080072442653409,80.01114097179119
2012-08-02,NTPC,INE733E01010,,157.6,164.5,157.55,163.5,8059566,1297123938.2,0.5080072442653409,83.05918443738324
2012-08-03,NTPC,INE733E01010,,163.0,168.4,162.2,166.25,6398183,1058692970.15,0.5080072442653409,84.45620435911293
2012-08-06,NTPC,INE733E01010,,166.7,168.5,164.8,165.65,2035262,339675405.95,0.5080072442653409,84.15140001255374
2012-08-07,NTPC,INE733E01010,,165.3,167.95,164.3,167.35,2217539,367575714.0,0.5080072442653409,85.0150123278048
2012-08-08,NTPC,INE733E01010,,167.7,170.95,166.8,168.25,3104480,523795876.1,0.5080072442653409,85.47221884764362
2012-08-09,NTPC,INE733E01010,,168.35,170.5,168.25,169.95,1668808,283074248.1,0.5080072442653409,86.33583116289469
2012-08-10,NTPC,INE733E01010,,168.75,172.5,168.7,171.95,3105567,531201222.8,0.5080072442653409,87.35184565142536
2012-08-13,NTPC,INE733E01010,,171.95,172.8,171.05,172.2,1071535,184279826.5,0.5080072442653409,87.4788474624917
2012-08-14,NTPC,INE733E01010,,171.1,172.95,169.7,171.8,1717882,293405988.45,0.5080072442653409,87.27564456478558
2012-08-16,NTPC,INE733E01010,,171.75,172.0,169.65,170.0,2274411,386897998.65,0.5080072442653409,86.36123152510795
2012-08-17,NTPC,INE733E01010,,170.55,171.2,167.1,168.05,1727717,292990746.35,0.5080072442653409,85.37061739879056
2012-08-21,NTPC,INE733E01010,,167.5,174.8,167.5,173.75,1191130,205088810.9,0.5080072442653409,88.26625869110299
2012-08-22,NTPC,INE733E01010,,173.5,173.9,171.0,171.4,878867,151184434.1,0.5080072442653409,87.07244166707945
2012-08-23,NTPC,INE733E01010,,171.5,172.4,169.7,170.5,1303510,222390701.5,0.5080072442653409,86.61523514724063
2012-08-24,NTPC,INE733E01010,,169.7,171.15,167.9,168.6,1921066,325445453.15,0.5080072442653409,85.65002138313648
2012-08-27,NTPC,INE733E01010,,168.45,169.75,167.1,168.95,1155095,194501603.35,0.5080072442653409,85.82782391862935
2012-08-28,NTPC,INE733E01010,,169.85,172.35,168.7,171.85,1187981,203214674.6,0.5080072442653409,87.30104492699884
2012-08-29,NTPC,INE733E01010,,173.0,173.0,169.9,172.3,1287452,221010391.25,0.5080072442653409,87.52964818691825
2012-08-30,NTPC,INE733E01010,,171.15,173.25,169.3,171.45,3930507,673004220.2,0.5080072442653409,87.09784202929269
2012-08-31,NTPC,INE733E01010,,170.0,170.4,167.4,168.05,2123372,357029159.2,0.5080072442653409,85.37061739879056
2012-09-03,NTPC,INE733E01010,,168.25,171.2,167.6,168.8,1222223,207633193.3,0.5080072442653409,85.75162283198955
2012-09-04,NTPC,INE733E01010,,167.5,170.8,165.75,170.35,2507106,422852424.1,0.5080072442653409,86.53903406060083
2012-09-05,NTPC,INE733E01010,,169.0,169.6,166.9,168.55,1658675,279188481.75,0.5080072442653409,85.62462102092321
2012-09-06,NTPC,INE733E01010,,167.6,172.7,166.0,171.5,2213752,377410656.05,0.5095187207433693,87.38246060748784
2012-09-07,NTPC,INE733E01010,,172.15,174.2,171.8,172.25,1851777,319375160.15,0.5095187207433693,87.76459964804538
2012-09-10,NTPC,INE733E01010,,171.15,172.8,170.9,172.0,832538,143201588.95,0.5095187207433693,87.63721996785952
2012-09-11,NTPC,INE733E01010,,170.65,174.7,170.65,174.35,985156,170970068.55,0.5095187207433693,88.83458896160644
2012-09-12,NTPC,INE733E01010,,175.0,175.5,169.6,170.65,1634418,282001910.65,0.5095187207433693,86.94936969485599
2012-09-13,NTPC,INE733E01010,,171.0,172.4,170.0,171.15,737645,126309751.75,0.5095187207433693,87.20412905522767
2012-09-14,NTPC,INE733E01010,,173.5,173.85,167.05,168.3,3296332,562108895.85,0.5095187207433693,85.75200070110907
2012-09-17,NTPC,INE733E01010,,169.5,170.35,168.2,169.0,3806753,643647088.15,0.5095187207433693,86.10866380562942
2012-09-18,NTPC,INE733E01010,,169.0,170.7,165.0,166.35,5378584,899092925.9,0.5095187207433693,84.75843919565949
2012-09-20,NTPC,INE733E01010,,166.6,168.05,163.35,164.1,4160439,686512799.65,0.5095187207433693,83.6120220739869
2012-09-21,NTPC,INE733E01010,,164.2,169.45,164.0,168.75,4654575,779470566.45,0.5095187207433693,85.98128412544358
2012-09-24,NTPC,INE733E01010,,169.0,170.9,165.8,166.45,5145410,863951277.5,0.5095187207433693,84.80939106773383
2012-09-25,NTPC,INE733E01010,,168.65,169.2,164.1,164.95,4575267,761157659.95,0.5095187207433693,84.04511298661876
2012-09-26,NTPC,INE733E01010,,165.7,165.9,164.3,165.0,2167361,357698622.7,0.5095187207433693,84.07058892265594
2012-09-27,NTPC,INE733E01010,,164.9,165.9,162.75,164.35,3384872,556282957.9,0.5095187207433693,83.73940175417275
2012-09-28,NTPC,INE733E01010,,165.0,168.65,164.6,168.1,3616654,604304677.2,0.5095187207433693,85.65009695696038
2012-10-01,NTPC,INE733E01010,,168.0,170.9,167.4,170.15,1787420,303178751.35,0.5095187207433693,86.6946103344843
2012-10-03,NTPC,INE733E01010,,170.0,171.5,169.0,170.05,2532262,430647783.1,0.5095187207433693,86.64365846240996
2012-10-04,NTPC,INE733E01010,,170.95,172.9,170.05,170.85,1357273,232433518.85,0.5095187207433693,87.05127343900465
2012-10-05,NTPC,INE733E01010,,171.2,171.75,137.0,171.05,4231475,705694802.55,0.5095187207433693,87.15317718315333
2012-10-08,NTPC,INE733E01010,,170.35,174.1,170.05,171.55,3309646,570656783.5,0.5095187207433693,87.40793654352501
2012-10-09,NTPC,INE733E01010,,172.0,173.35,168.65,169.8,3598760,612936711.55,0.5095187207433693,86.51627878222412
2012-10-10,NTPC,INE733E01010,,168.9,169.1,165.5,166.5,2912146,486121773.65,0.5095187207433693,84.834867003771
2012-10-11,NTPC,INE733E01010,,167.75,168.4,166.1,167.85,2643117,442591032.95,0.5095187207433693,85.52271727677454
2012-10-12,NTPC,INE733E01010,,167.75,170.25,160.2,168.9,2911207,492266854.3,0.5095187207433693,86.05771193355508
2012-10-15,NTPC,INE733E01010,,168.1,168.7,166.65,168.15,1447373,243016834.2,0.5095187207433693,85.67557289299756
2012-10-16,NTPC,INE733E01010,,169.75,169.95,166.8,167.7,2237501,377436609.2,0.5095187207433693,85.44628946866304
2012-10-17,NTPC,INE733E01010,,168.45,169.45,166.8,169.05,1714601,288928416.9,0.5095187207433693,86.13413974166659
2012-10-18,NTPC,INE733E01010,,169.25,169.6,167.15,168.7,2164313,365154127.55,0.5095187207433693,85.9558081894064
2012-10-19,NTPC,INE733E01010,,168.0,168.5,166.05,166.3,2247624,375217010.95,0.5095187207433693,84.73296325962232
2012-10-22,NTPC,INE733E01010,,166.5,169.8,165.25,169.15,6390853,1078653585.55,0.5095187207433693,86.18509161374092
2012-10-23,NTPC,INE733E01010,,169.0,170.05,168.65,169.0,3227725,545614027.4,0.5095187207433693,86.10866380562942
2012-10-25,NTPC,INE733E01010,,168.0,171.45,168.0,169.3,5106198,865943589.0,0.5095187207433693,86.26151942185244
2012-10-26,NTPC,INE733E01010,,169.6,172.0,166.95,169.1,8649744,1464188013.3,0.5095187207433693,86.15961567770375
2012-10-29,NTPC,INE733E01010,,169.35,169.95,166.85,167.75,5212797,880288051.75,0.5095187207433693,85.47176540470021
2012-10-30,NTPC,INE733E01010,,167.0,168.85,165.8,166.15,1439194,240665777.35,0.5095187207433693,84.65653545151082
2012-10-31,NTPC,INE733E01010,,166.15,167.1,165.0,165.35,1136305,188190556.75,0.5095187207433693,84.24892047491612
2012-11-01,NTPC,INE733E01010,,165.0,166.35,164.6,165.45,1693606,279783499.6,0.5095187207433693,84.29987234699045
2012-11-02,NTPC,INE733E01010,,166.1,168.75,166.1,168.15,2421058,405616910.1,0.5095187207433693,85.67557289299756
2012-11-05,NTPC,INE733E01010,,167.9,168.55,166.15,167.45,638521,106672680.0,0.5095187207433693,85.31890978847719
2012-11-06,NTPC,INE733E01010,,167.2,169.25,166.75,168.65,3367827,567038855.3,0.5095187207433693,85.93033225336924
2012-11-07,NTPC,INE733E01010,,168.65,170.4,167.55,169.3,1599173,270952830.8,0.5095187207433693,86.26151942185244
2012-11-08,NTPC,INE733E01010,,168.5,170.85,167.65,170.0,937263,159007828.95,0.5095187207433693,86.61818252637279
2012-11-09,NTPC,INE733E01010,,170.2,170.4,166.1,166.7,830181,139364135.8,0.5095187207433693,84.93677074791967
2012-11-12,NTPC,INE733E01010,,167.0,168.25,166.9,167.5,410585,68733014.65,0.5095187207433693,85.34438572451437
2012-11-13,NTPC,INE733E01010,,167.85,168.0,166.2,166.75,101142,16873162.2,0.5095187207433693,84.96224668395683
2012-11-15,NTPC,INE733E01010,,168.0,168.2,165.35,166.9,3004019,500832120.9,0.5095187207433693,85.03867449206835
2012-11-16,NTPC,INE733E01010,,166.1,168.3,165.8,166.4,1346336,224720814.95,0.5095187207433693,84.78391513169666
2012-11-19,NTPC,INE733E01010,,166.5,168.8,166.4,168.35,1429560,240197732.45,0.5095187207433693,85.77747663714622
2012-11-20,NTPC,INE733E01010,,168.6,169.4,167.5,168.35,1435319,241899809.3,0.5095187207433693,85.77747663714622
2012-11-21,NTPC,INE733E01010,,168.2,168.45,161.4,162.0,1185167,194546433.4,0.5095187207433693,82.54203276042584
2012-11-22,NTPC,INE733E01010,,162.25,165.05,161.6,163.9,2076277,338715955.45,0.5095187207433693,83.51011832983824
2012-11-23,NTPC,INE733E01010,,165.45,166.9,158.3,159.4,4657786,756215185.6,0.5095187207433693,81.21728408649308
2012-11-26,NTPC,INE733E01010,,160.3,160.8,157.05,159.45,1288377,204391642.2,0.5095187207433693,81.24276002253023
2012-11-27,NTPC,INE733E01010,,160.45,160.7,158.05,158.55,2296466,364978042.7,0.5095187207433693,80.78419317386121
2012-11-29,NTPC,INE733E01010,,159.25,161.5,157.25,160.6,4709045,751935223.2,0.5095187207433693,81.82870655138511
2012-11-30,NTPC,INE733E01010,,161.4,163.0,159.8,162.4,2385862,386097011.8,0.5095187207433693,82.74584024872318
2012-12-03,NTPC,INE733E01010,,162.4,162.4,159.2,160.45,1610267,258744602.25,0.5095187207433693,81.7522787432736
2012-12-04,NTPC,INE733E01010,,159.55,161.1,158.05,158.6,4038882,644957743.7,0.5095187207433693,80.80966910989838
2012-12-05,NTPC,INE733E01010,,159.0,160.3,158.25,158.7,2103711,334645168.85,0.5095187207433693,80.86062098197272
2012-12-06,NTPC,INE733E01010,,159.4,162.2,156.6,161.1,2917955,465078230.6,0.5095187207433693,82.0834659117568
2012-12-07,NTPC,INE733E01010,,161.4,162.5,159.05,159.85,1964408,314687545.2,0.5095187207433693,81.44656751082759
2012-12-10,NTPC,INE733E01010,,160.0,160.0,156.0,156.9,2046235,322761082.0,0.5095187207433693,79.94348728463466
2012-12-11,NTPC,INE733E01010,,157.8,158.3,149.7,154.2,5029780,781366638.3,0.5095187207433693,78.56778673862755
2012-12-12,NTPC,INE733E01010,,154.0,155.0,151.9,153.2,3959043,607419782.3,0.5095187207433693,78.05826801788417
2012-12-13,NTPC,INE733E01010,,153.3,153.7,149.85,150.6,3480130,527526900.25,0.5095187207433693,76.73351934395141
2012-12-14,NTPC,INE733E01010,,150.9,153.2,149.35,152.8,5551123,838997433.95,0.5095187207433693,77.85446052958685
2012-12-17,NTPC,INE733E01010,,153.45,155.25,152.4,154.5,2987875,460218201.25,0.5095187207433693,78.72064235485057
2012-12-18,NTPC,INE733E01010,,154.95,156.5,154.1,155.45,3124028,485565277.4,0.5095187207433693,79.20468513955676
2012-12-19,NTPC,INE733E01010,,155.9,155.95,153.35,154.75,2646883,409579251.8,0.5095187207433693,78.84802203503641
2012-12-20,NTPC,INE733E01010,,154.9,155.3,153.35,154.05,2292045,353079271.65,0.5095187207433693,78.49135893051606
2012-12-21,NTPC,INE733E01010,,153.45,154.05,152.55,153.15,1926522,295333470.1,0.5095187207433693,78.03279208184702
2012-12-24,NTPC,INE733E01010,,152.6,154.85,152.6,154.3,800250,123324262.75,0.5095187207433693,78.6187386107019
2012-12-26,NTPC,INE733E01010,,155.0,155.65,154.05,155.3,1504038,233432280.65,0.5095187207433693,79.12825733144527
2012-12-27,NTPC,INE733E01010,,155.75,156.5,154.8,155.5,3201752,498019512.85,0.5095187207433693,79.23016107559393
2012-12-28,NTPC,INE733E01010,,155.5,157.95,155.5,156.65,1950875,305453888.6,0.5095187207433693,79.81610760444882
2012-12-31,NTPC,INE733E01010,,156.55,157.25,156.0,156.45,837028,131116908.25,0.5095187207433693,79.71420386030013
2013-01-01,NTPC,INE733E01010,,156.9,157.75,154.8,155.5,2666117,415496306.9,0.5095187207433693,79.23016107559393
2013-01-02,NTPC,INE733E01010,,156.3,158.0,156.25,157.5,1285883,202453395.15,0.5095187207433693,80.24919851708067
2013-01-03,NTPC,INE733E01010,,157.75,159.4,156.8,157.55,1998735,315505137.4,0.5095187207433693,80.27467445311784
2013-01-04,NTPC,INE733E01010,,157.95,159.4,157.6,158.9,1432012,226993800.55,0.5095187207433693,80.96252472612139
2013-01-07,NTPC,INE733E01010,,159.0,159.25,156.75,157.6,1315208,207425673.0,0.5095187207433693,80.30015038915501
2013-01-08,NTPC,INE733E01010,,157.5,158.0,156.5,157.45,2827055,443930619.15,0.5095187207433693,80.2237225810435
2013-01-09,NTPC,INE733E01010,,157.6,159.25,155.2,155.7,2212222,346646494.8,0.5095187207433693,79.3320648197426
2013-01-10,NTPC,INE733E01010,,156.35,156.85,153.35,153.8,1812449,280223572.45,0.5095187207433693,78.36397925033022
2013-01-11,NTPC,INE733E01010,,154.0,155.15,152.3,152.7,1809114,277576091.95,0.5095187207433693,77.8035086575125
2013-01-14,NTPC,INE733E01010,,153.0,154.45,152.8,154.05,3303392,508324926.25,0.5095187207433693,78.49135893051606
2013-01-15,NTPC,INE733E01010,,154.15,156.5,153.1,155.65,2884770,445884445.55,0.5095187207433693,79.30658888370544
2013-01-16,NTPC,INE733E01010,,155.95,156.75,155.35,156.2,4050039,633344026.0,0.5095187207433693,79.58682418011429
2013-01-17,NTPC,INE733E01010,,156.15,157.3,155.35,157.1,2836805,443978450.25,0.5095187207433693,80.04539102878333
2013-01-18,NTPC,INE733E01010,,157.25,165.0,157.05,164.5,5786293,932109994.9,0.5095187207433693,83.81582956228426
2013-01-21,NTPC,INE733E01010,,164.6,167.5,160.7,161.6,4929427,807927637.7,0.5095187207433693,82.33822527212848
2013-01-22,NTPC,INE733E01010,,163.55,165.5,163.1,164.35,6308986,1039195639.5,0.5095187207433693,83.73940175417275
2013-01-23,NTPC,INE733E01010,,165.0,165.55,161.15,162.6,2939344,478825196.65,0.5095187207433693,82.84774399287186
2013-01-24,NTPC,INE733E01010,,161.75,162.65,159.75,160.35,5703728,914215034.2,0.5095187207433693,81.70132687119927
2013-01-25,NTPC,INE733E01010,,160.5,162.0,159.0,159.35,2617302,419206520.65,0.5095187207433693,81.1918081504559
2013-01-28,NTPC,INE733E01010,,159.05,160.45,156.2,157.65,1997701,315658611.35,0.5095187207433693,80.32562632519218
2013-01-29,NTPC,INE733E01010,,157.8,158.5,156.85,157.3,1879430,296239842.35,0.5095187207433693,80.147294772932
2013-01-30,NTPC,INE733E01010,,157.9,157.95,155.0,155.8,2219315,345716371.8,0.5095187207433693,79.38301669181695
2013-01-31,NTPC,INE733E01010,,155.2,158.2,154.8,157.1,3636351,568845645.2,0.5095187207433693,80.04539102878333
2013-02-01,NTPC,INE733E01010,,157.5,158.6,156.0,156.95,3975613,625275405.05,0.5095187207433693,79.96896322067181
2013-02-04,NTPC,INE733E01010,,156.55,157.95,155.0,155.55,2475038,386672432.75,0.5095187207433693,79.25563701163111
2013-02-05,NTPC,INE733E01010,,154.15,157.7,154.0,155.45,4038691,628518027.65,0.5095187207433693,79.20468513955676
2013-02-06,NTPC,INE733E01010,,154.95,154.95,150.35,151.8,7227981,1104895233.75,0.5095187207433693,77.34494180884347
2013-02-07,NTPC,INE733E01010,,149.1,150.85,147.55,148.05,32274581,4796139339.7,0.5095187207433693,75.43424660605584
2013-02-08,NTPC,INE733E01010,,147.0,150.75,146.5,148.05,53131799,7888037743.05,0.5095187207433693,75.43424660605584
2013-02-11,NTPC,INE733E01010,,148.95,149.15,147.1,147.65,9313520,1377014076.55,0.5095187207433693,75.2304391177585
2013-02-12,NTPC,INE733E01010,,147.9,148.45,146.9,147.4,8551412,1260944087.15,0.5095187207433693,75.10305943757264
2013-02-13,NTPC,INE733E01010,,147.8,149.15,147.4,148.25,6292374,934581438.85,0.5095187207433693,75.53615035020451
2013-02-14,NTPC,INE733E01010,,149.0,150.45,148.2,149.3,7498147,1121338259.2,0.5095187207433693,76.07114500698505
2013-02-15,NTPC,INE733E01010,,149.0,151.4,148.95,149.95,6910909,1039674695.4,0.5095187207433693,76.40233217546823
2013-02-18,NTPC,INE733E01010,,150.0,151.4,150.0,151.1,4874248,736099119.65,0.5095187207433693,76.98827870432311
2013-02-19,NTPC,INE733E01010,,151.25,153.7,151.15,153.5,6368233,971934190.2,0.5095187207433693,78.2111236341072
2013-02-20,NTPC,INE733E01010,,154.25,154.25,151.75,152.4,6132794,938307072.3,0.5095187207433693,77.65065304128949
2013-02-21,NTPC,INE733E01010,,152.25,152.75,151.6,152.0,8220001,1250124459.35,0.5095187207433693,77.44684555299214
2013-02-22,NTPC,INE733E01010,,151.9,152.4,149.6,151.55,5573051,841775408.5,0.5095187207433693,77.21756212865763
2013-02-25,NTPC,INE733E01010,,152.0,152.95,149.2,149.85,5683809,857291615.2,0.5095187207433693,76.3513803033939
2013-02-26,NTPC,INE733E01010,,149.0,152.1,148.5,151.0,12907523,1946029868.5,0.5095187207433693,76.93732683224877
2013-02-27,NTPC,INE733E01010,,152.0,154.5,150.7,153.85,14910241,2272520012.95,0.5095187207433693,78.38945518636737
2013-02-28,NTPC,INE733E01010,,154.3,156.2,149.9,150.9,43384279,6629203914.5,0.5095187207433693,76.88637496017444
2013-03-01,NTPC,INE733E01010,,148.95,150.7,147.0,150.05,11395921,1702535011.15,0.5225033976226602,78.40163481328017
2013-03-04,NTPC,INE733E01010,,149.9,150.45,147.75,149.35,6167822,921188750.8,0.5225033976226602,78.0358824349443
2013-03-05,NTPC,INE733E01010,,150.0,150.2,147.7,149.55,7690061,1144397792.7,0.5225033976226602,78.14038311446883
2013-03-06,NTPC,INE733E01010,,149.95,150.9,148.1,148.45,3363567,502272729.3,0.5225033976226602,77.5656293770839
2013-03-07,NTPC,INE733E01010,,148.1,149.25,147.75,148.15,2221216,329584515.3,0.5225033976226602,77.40887835779711
2013-03-08,NTPC,INE733E01010,,149.0,150.5,145.05,149.05,8627254,1289134516.7,0.5225033976226602,77.87913141565751
2013-03-11,NTPC,INE733E01010,,149.25,150.05,148.5,149.6,3872169,578822809.3,0.5225033976226602,78.16650828434996
2013-03-12,NTPC,INE733E01010,,149.6,150.75,147.3,147.8,6692486,997412486.75,0.5225033976226602,77.22600216862918
2013-03-13,NTPC,INE733E01010,,147.5,147.8,145.8,146.8,4317683,634035450.65,0.5225033976226602,76.70349877100652
2013-03-14,NTPC,INE733E01010,,146.95,147.6,146.3,146.85,4314707,634454865.7,0.5225033976226602,76.72962394088765
2013-03-15,NTPC,INE733E01010,,147.2,148.25,145.5,145.95,6116060,897006648.45,0.5225033976226602,76.25937088302724
2013-03-18,NTPC,INE733E01010,,145.0,146.1,144.05,145.85,3441675,500284384.0,0.5225033976226602,76.20712054326498
2013-03-19,NTPC,INE733E01010,,146.0,147.1,143.75,144.3,5401068,783340130.1,0.5225033976226602,75.39724027694987
2013-03-20,NTPC,INE733E01010,,144.55,144.55,139.05,139.35,5941684,838182044.95,0.5225033976226602,72.8108484587177
2013-03-21,NTPC,INE733E01010,,139.35,141.0,136.15,137.95,9724854,1338828543.7,0.5225033976226602,72.07934370204596
2013-03-22,NTPC,INE733E01010,,137.75,142.35,137.6,139.3,6803748,950174534.45,0.5225033976226602,72.78472328883657
2013-03-25,NTPC,INE733E01010,,140.9,144.8,140.4,142.45,14314141,2046091032.05,0.5225033976226602,74.43060899134794
2013-03-26,NTPC,INE733E01010,,141.0,143.4,141.0,142.7,8256696,1178516284.0,0.5225033976226602,74.5612348407536
2013-03-28,NTPC,INE733E01010,,142.05,142.55,140.5,141.95,10748073,1524387369.6,0.5225033976226602,74.1693572925366
2013-04-01,NTPC,INE733E01010,,142.05,144.9,142.05,143.5,5226253,752770833.3,0.5225033976226602,74.97923755885174
2013-04-02,NTPC,INE733E01010,,143.2,144.85,143.0,144.1,5308389,764331661.15,0.5225033976226602,75.29273959742532
2013-04-03,NTPC,INE733E01010,,144.45,146.95,143.55,145.4,8074304,1179368693.15,0.5225033976226602,75.9719940143348
2013-04-04,NTPC,INE733E01010,,145.0,146.5,144.2,144.8,3678003,534811118.85,0.5225033976226602,75.6584919757612
2013-04-05,NTPC,INE733E01010,,144.5,144.5,139.3,141.0,6864954,965385989.2,0.5225033976226602,73.67297906479509
2013-04-08,NTPC,INE733E01010,,140.05,142.35,140.0,140.85,3390891,478627317.35,0.5225033976226602,73.59460355515168
2013-04-09,NTPC,INE733E01010,,141.6,143.25,140.75,141.55,9123426,1300432655.7,0.5225033976226602,73.96035593348755
2013-04-10,NTPC,INE733E01010,,140.6,143.2,140.15,142.8,4209810,599352494.55,0.5225033976226602,74.61348518051588
2013-04-11,NTPC,INE733E01010,,142.0,142.5,139.5,140.25,4341991,610547403.9,0.5225033976226602,73.28110151657809
2013-04-12,NTPC,INE733E01010,,140.0,141.5,139.4,140.6,2630163,369264100.05,0.5225033976226602,73.46397770574602
2013-04-15,NTPC,INE733E01010,,140.0,141.35,139.2,140.95,1438280,201965328.0,0.5225033976226602,73.64685389491395
2013-04-16,NTPC,INE733E01010,,140.15,144.9,140.15,143.95,5988161,860361890.3,0.5225033976226602,75.21436408778193
2013-04-17,NTPC,INE733E01010,,144.0,146.05,143.7,144.15,4362192,631574489.95,0.5225033976226602,75.31886476730647
2013-04-18,NTPC,INE733E01010,,144.8,146.45,144.25,145.85,3051629,444860611.05,0.5225033976226602,76.20712054326498
2013-04-22,NTPC,INE733E01010,,145.05,149.5,145.05,148.95,4318761,638978593.95,0.5225033976226602,77.82688107589523
2013-04-23,NTPC,INE733E01010,,149.0,149.7,148.05,149.05,5058571,752784699.45,0.5225033976226602,77.87913141565751
2013-04-25,NTPC,INE733E01010,,148.55,155.9,148.55,155.25,18633136,2872885903.8,0.5225033976226602,81.11865248091799
2013-04-26,NTPC,INE733E01010,,155.0,157.7,153.35,154.9,7544747,1171137766.25,0.5225033976226602,80.93577629175006
2013-04-29,NTPC,INE733E01010,,155.0,157.0,155.0,156.0,4830379,753589210.45,0.5225033976226602,81.51053002913498
2013-04-30,NTPC,INE733E01010,,156.95,158.0,155.65,157.35,5608397,879045633.8,0.5225033976226602,82.21590961592558
2013-05-02,NTPC,INE733E01010,,156.5,161.0,156.5,160.25,9404208,1502603349.7,0.5225033976226602,83.7311694690313
2013-05-03,NTPC,INE733E01010,,159.6,162.9,158.9,159.3,10176072,1644233412.9,0.5225033976226602,83.23479124128977
2013-05-06,NTPC,INE733E01010,,158.75,161.0,156.3,157.2,6294370,993283119.75,0.5225033976226602,82.13753410628217
2013-05-07,NTPC,INE733E01010,,158.9,160.5,156.2,157.85,6745811,1074374058.15,0.5225033976226602,82.4771613147369
2013-05-08,NTPC,INE733E01010,,157.85,158.5,155.45,156.3,2846566,445143791.35,0.5225033976226602,81.6672810484218
2013-05-09,NTPC,INE733E01010,,156.0,157.9,155.0,156.3,1824988,285548754.7,0.5225033976226602,81.6672810484218
2013-05-10,NTPC,INE733E01010,,156.5,160.0,153.3,155.0,7540576,1189907498.8,0.5225033976226602,80.98802663151233
2013-05-13,NTPC,INE733E01010,,154.0,155.95,152.8,153.85,3340724,515768598.6,0.5225033976226602,80.38714772424626
2013-05-14,NTPC,INE733E01010,,154.1,155.0,152.85,153.95,5142991,791602115.5,0.5225033976226602,80.43939806400853
2013-05-15,NTPC,INE733E01010,,154.2,158.0,154.15,157.3,6705575,1046076816.8,0.5225033976226602,82.18978444604446
2013-05-16,NTPC,INE733E01010,,157.3,159.0,155.85,156.45,5753402,904065873.3,0.5225033976226602,81.74565655806518
2013-05-17,NTPC,INE733E01010,,156.1,161.0,156.1,159.9,7327667,1162794380.05,0.5225033976226602,83.54829327986337
2013-05-20,NTPC,INE733E01010,,160.15,160.95,158.55,159.55,6610672,1057796275.15,0.5225033976226602,83.36541709069544
2013-05-21,NTPC,INE733E01010,,159.05,159.55,151.4,152.3,4640118,714730932.35,0.5225033976226602,79.57726745793116
2013-05-22,NTPC,INE733E01010,,153.0,155.9,152.1,154.75,3006077,462677279.85,0.5225033976226602,80.85740078210667
2013-05-23,NTPC,INE733E01010,,153.35,155.0,147.95,148.5,5396067,812770402.65,0.5225033976226602,77.59175454696503
2013-05-24,NTPC,INE733E01010,,151.0,151.35,149.1,150.0,3368844,506509060.95,0.5225033976226602,78.37550964339903
2013-05-27,NTPC,INE733E01010,,150.95,152.9,150.5,152.3,4208080,639991044.5,0.5225033976226602,79.57726745793116
2013-05-28,NTPC,INE733E01010,,152.05,156.2,152.05,155.1,5421675,838684698.45,0.5225033976226602,81.0402769712746
2013-05-29,NTPC,INE733E01010,,154.25,155.05,152.8,154.0,5692546,878556599.2,0.5225033976226602,80.46552323388967
2013-05-30,NTPC,INE733E01010,,152.5,157.45,152.5,156.6,6213546,967857800.0,0.5225033976226602,81.82403206770859
2013-05-31,NTPC,INE733E01010,,156.5,157.1,152.65,154.2,5491327,850160491.9,0.5225033976226602,80.57002391341419
2013-06-03,NTPC,INE733E01010,,154.0,154.05,150.85,152.2,2570752,391293409.9,0.5225033976226602,79.52501711816888
2013-06-04,NTPC,INE733E01010,,152.3,155.6,152.25,154.05,3210151,494280079.3,0.5225033976226602,80.49164840377081
2013-06-05,NTPC,INE733E01010,,153.1,155.4,153.1,153.95,2677901,413122993.9,0.5225033976226602,80.43939806400853
2013-06-06,NTPC,INE733E01010,,152.65,153.2,150.4,150.75,1687477,256152546.0,0.5225033976226602,78.76738719161602
2013-06-07,NTPC,INE733E01010,,152.0,152.7,146.0,147.8,2480677,370483695.0,0.5225033976226602,77.22600216862918
2013-06-10,NTPC,INE733E01010,,148.05,152.0,148.05,150.05,3799936,570427924.7,0.5225033976226602,78.40163481328017
2013-06-11,NTPC,INE733E01010,,149.2,152.4,149.2,150.2,6584083,993077357.55,0.5225033976226602,78.48001032292355
2013-06-12,NTPC,INE733E01010,,151.45,152.1,148.6,151.15,3851977,578937446.15,0.5225033976226602,78.97638855066509
2013-06-13,NTPC,INE733E01010,,148.65,150.7,148.0,149.7,2556058,381172974.55,0.5225033976226602,78.21875862411223
2013-06-14,NTPC,INE733E01010,,151.1,152.3,149.5,152.0,2705863,408984676.95,0.5225033976226602,79.42051643864434
2013-06-17,NTPC,INE733E01010,,151.35,151.9,149.3,150.65,2912170,439415990.85,0.5225033976226602,78.71513685185376
2013-06-18,NTPC,INE733E01010,,149.9,150.5,146.55,146.8,1679042,248927508.0,0.5225033976226602,76.70349877100652
2013-06-19,NTPC,INE733E01010,,146.8,146.8,143.75,145.0,3191072,461672230.45,0.5225033976226602,75.76299265528573
2013-06-20,NTPC,INE733E01010,,143.9,143.9,139.0,140.2,5787559,810927301.55,0.5225033976226602,73.25497634669695
2013-06-21,NTPC,INE733E01010,,140.2,144.0,138.0,143.0,3803363,538860275.95,0.5225033976226602,74.7179858600404
2013-06-24,NTPC,INE733E01010,,142.0,145.65,140.6,142.0,4551544,648031330.45,0.5225033976226602,74.19548246241774
2013-06-25,NTPC,INE733E01010,,141.6,144.25,137.35,138.05,2587265,363636000.2,0.5225033976226602,72.13159404180824
2013-06-26,NTPC,INE733E01010,,139.4,141.9,139.05,141.3,3683611,518878936.3,0.5225033976226602,73.82973008408189
2013-06-27,NTPC,INE733E01010,,142.65,142.95,138.5,140.3,6402247,897100105.3,0.5225033976226602,73.30722668645923
2013-06-28,NTPC,INE733E01010,,140.35,144.6,139.55,143.75,5198465,745279657.7,0.5225033976226602,75.1098634082574
2013-07-01,NTPC,INE733E01010,,144.4,148.65,143.75,148.15,3422322,503051745.15,0.5225033976226602,77.40887835779711
2013-07-02,NTPC,INE733E01010,,147.9,148.3,145.05,145.6,1832923,268839892.3,0.5225033976226602,76.07649469385932
2013-07-03,NTPC,INE733E01010,,144.45,145.85,143.7,144.15,2012641,290638694.15,0.5225033976226602,75.31886476730647
2013-07-04,NTPC,INE733E01010,,145.95,146.9,143.25,144.05,4338536,626368267.7,0.5225033976226602,75.26661442754421
2013-07-05,NTPC,INE733E01010,,145.1,145.55,142.8,143.65,1172341,168887961.5,0.5225033976226602,75.05761306849514
2013-07-08,NTPC,INE733E01010,,143.15,143.5,138.95,140.4,2994627,420846693.3,0.5225033976226602,73.3594770262215
2013-07-09,NTPC,INE733E01010,,142.45,143.35,140.6,142.3,3232619,459036900.55,0.5225033976226602,74.35223348170454
2013-07-10,NTPC,INE733E01010,,143.5,143.8,140.35,141.1,2350000,333285484.85,0.5225033976226602,73.72522940455735
2013-07-11,NTPC,INE733E01010,,143.75,145.75,142.85,143.85,3279386,473418497.75,0.5225033976226602,75.16211374801966
2013-07-12,NTPC,INE733E01010,,144.1,146.7,141.8,146.1,3157320,458001844.7,0.5225033976226602,76.33774639267065
2013-07-15,NTPC,INE733E01010,,146.0,147.0,141.85,142.35,2711600,389491089.7,0.5225033976226602,74.37835865158567
2013-07-16,NTPC,INE733E01010,,142.0,144.1,141.35,143.2,1705370,243897300.2,0.5225033976226602,74.82248653956493
2013-07-17,NTPC,INE733E01010,,144.65,149.0,144.05,147.55,5197739,760923075.05,0.5225033976226602,77.09537631922352
2013-07-18,NTPC,INE733E01010,,147.8,148.35,144.8,146.5,2579817,377236136.9,0.5225033976226602,76.54674775171972
2013-07-19,NTPC,INE733E01010,,147.05,147.5,142.85,143.7,2271552,326464710.85,0.5225033976226602,75.08373823837626
2013-07-22,NTPC,INE733E01010,,143.7,144.45,141.85,143.05,2878459,410897309.7,0.5225033976226602,74.74411102992154
2013-07-23,NTPC,INE733E01010,,144.25,144.7,142.65,143.3,2456376,353457064.4,0.5225033976226602,74.87473687932722
2013-07-24,NTPC,INE733E01010,,142.25,144.5,140.0,141.2,3196295,452245385.7,0.5225033976226602,73.7774797443196
2013-07-25,NTPC,INE733E01010,,142.0,142.15,139.1,140.25,4406270,619744827.1,0.5225033976226602,73.28110151657809
2013-07-26,NTPC,INE733E01010,,142.0,142.45,138.8,141.05,1689788,237518029.4,0.5225033976226602,73.69910423467623
2013-07-29,NTPC,INE733E01010,,141.95,142.9,141.5,142.0,3753296,533132007.85,0.5225033976226602,74.19548246241774
2013-07-30,NTPC,INE733E01010,,141.6,142.05,136.5,137.7,2463156,342170810.05,0.5225033976226602,71.9487178526403
2013-07-31,NTPC,INE733E01010,,136.05,136.85,127.7,130.7,9765574,1277554381.8,0.5225033976226602,68.29119406928167
2013-08-01,NTPC,INE733E01010,,132.0,135.4,129.0,131.55,4440477,586636236.25,0.5225033976226602,68.73532195726095
2013-08-02,NTPC,INE733E01010,,134.3,135.35,126.55,129.85,10202852,1330810196.1,0.5225033976226602,67.84706618130242
2013-08-05,NTPC,INE733E01010,,130.2,136.45,130.2,135.25,3402335,453916385.85,0.5225033976226602,70.66858452846479
2013-08-06,NTPC,INE733E01010,,134.5,137.0,133.7,134.85,4612553,623077725.85,0.5225033976226602,70.45958316941572
2013-08-07,NTPC,INE733E01010,,134.9,139.4,132.7,136.4,2818863,383902398.55,0.5225033976226602,71.26946343573086
2013-08-08,NTPC,INE733E01010,,135.05,138.7,134.25,137.1,6718881,912461551.4,0.5225033976226602,71.63521581406671
2013-08-12,NTPC,INE733E01010,,136.75,139.95,134.55,138.35,2679965,370043412.4,0.5225033976226602,72.28834506109503
2013-08-13,NTPC,INE733E01010,,136.45,144.45,136.4,143.75,6564878,932526838.3,0.5225033976226602,75.1098634082574
2013-08-14,NTPC,INE733E01010,,143.95,145.85,142.55,144.3,4930509,709142295.35,0.5225033976226602,75.39724027694987
2013-08-16,NTPC,INE733E01010,,143.6,144.5,138.0,139.65,6154887,865839360.55,0.5225033976226602,72.9675994780045
2013-08-19,NTPC,INE733E01010,,139.4,140.0,134.6,136.75,6025974,822471691.15,0.5225033976226602,71.45233962489878
2013-08-20,NTPC,INE733E01010,,135.9,137.9,133.95,136.15,3510274,474738073.0,0.5225033976226602,71.13883758632518
2013-08-21,NTPC,INE733E01010,,136.25,137.0,129.0,130.65,7404961,994019216.35,0.5225033976226602,68.26506889940056
2013-08-22,NTPC,INE733E01010,,130.35,132.7,126.1,131.15,5385924,698193711.45,0.5225033976226602,68.52632059821188
2013-08-23,NTPC,INE733E01010,,132.05,132.5,127.6,129.05,5037959,649476755.6,0.5225033976226602,67.4290634632043
2013-08-26,NTPC,INE733E01010,,130.2,133.5,130.0,132.4,4340319,574023662.7,0.5225033976226602,69.17944984524021
2013-08-27,NTPC,INE733E01010,,132.8,132.8,123.4,124.45,5510185,698247268.3,0.5225033976226602,65.02554783414006
2013-08-28,NTPC,INE733E01010,,123.5,127.5,122.6,126.3,5425268,681122938.7,0.5225033976226602,65.99217911974198
2013-08-29,NTPC,INE733E01010,,126.9,131.85,125.0,130.8,6005885,775785363.4,0.5225033976226602,68.34344440904395
2013-08-30,NTPC,INE733E01010,,129.8,131.95,127.5,130.9,3976338,517289101.6,0.5225033976226602,68.39569474880622
2013-09-02,NTPC,INE733E01010,,131.0,131.05,127.75,130.7,3036958,394856866.65,0.5225033976226602,68.29119406928167
2013-09-03,NTPC,INE733E01010,,130.3,131.55,125.65,128.05,3754821,484519542.85,0.5225033976226602,66.90656006558164
2013-09-04,NTPC,INE733E01010,,127.4,130.7,125.0,130.0,4610163,591937367.45,0.5225033976226602,67.92544169094582
2013-09-05,NTPC,INE733E01010,,132.5,133.0,128.95,130.45,11708224,1545093002.45,0.5306675132105142,69.22557709831158
2013-09-06,NTPC,INE733E01010,,130.8,134.9,128.5,134.3,5764300,763424007.75,0.5306675132105142,71.26864702417207
2013-09-10,NTPC,INE733E01010,,135.0,139.5,135.0,138.6,5063738,698550659.75,0.5306675132105142,73.55051733097727
2013-09-11,NTPC,INE733E01010,,139.5,140.95,135.3,137.6,5082675,696601269.1,0.5306675132105142,73.01984981776675
2013-09-12,NTPC,INE733E01010,,137.2,140.9,137.2,139.45,2854781,398546563.9,0.5306675132105142,74.0015847172062
2013-09-13,NTPC,INE733E01010,,138.4,141.5,138.0,141.1,3975733,557131372.45,0.5306675132105142,74.87718611400355
2013-09-16,NTPC,INE733E01010,,142.8,145.5,141.4,142.95,2802538,401660103.45,0.5306675132105142,75.858921013443
2013-09-17,NTPC,INE733E01010,,143.5,144.35,138.5,140.15,2711120,379825570.8,0.5306675132105142,74.37305197645357
2013-09-18,NTPC,INE733E01010,,140.4,145.9,139.5,144.9,2821421,404467691.45,0.5306675132105142,76.89372266420351
2013-09-19,NTPC,INE733E01010,,148.1,151.6,145.7,147.1,5143489,758894241.6,0.5306675132105142,78.06119119326664
2013-09-20,NTPC,INE733E01010,,147.0,150.0,144.65,148.3,6203763,914481989.65,0.5306675132105142,78.69799220911926
2013-09-23,NTPC,INE733E01010,,146.0,148.6,141.4,142.8,3291515,475752481.75,0.5306675132105142,75.77932088646143
2013-09-24,NTPC,INE733E01010,,141.05,146.2,141.05,145.45,4368590,631331251.0,0.5306675132105142,77.18558979646929
2013-09-25,NTPC,INE733E01010,,145.45,149.8,144.3,149.0,5401949,795868787.3,0.5306675132105142,79.06945946836662
2013-09-26,NTPC,INE733E01010,,148.5,150.0,146.15,149.7,4449352,662318866.1,0.5306675132105142,79.44092672761397
2013-09-27,NTPC,INE733E01010,,150.0,150.0,146.65,147.95,2923244,433462605.0,0.5306675132105142,78.51225857949557
2013-09-30,NTPC,INE733E01010,,146.85,149.75,143.7,147.45,2670022,389888145.75,0.5306675132105142,78.2469248228903
2013-10-01,NTPC,INE733E01010,,147.7,148.4,143.5,143.85,2330895,337591836.65,0.5306675132105142,76.33652177533246
2013-10-03,NTPC,INE733E01010,,145.5,146.25,143.45,143.9,2733103,393872158.3,0.5306675132105142,76.36305515099299
2013-10-04,NTPC,INE733E01010,,143.0,145.1,142.2,142.6,3010343,431102094.95,0.5306675132105142,75.67318738381933
2013-10-07,NTPC,INE733E01010,,142.5,142.7,140.25,142.25,2687496,380416597.0,0.5306675132105142,75.48745375419564
2013-10-08,NTPC,INE733E01010,,143.1,144.85,141.1,144.35,2788387,398949902.6,0.5306675132105142,76.60185553193772
2013-10-09,NTPC,INE733E01010,,143.65,146.2,142.0,145.15,3599090,516029016.6,0.5306675132105142,77.02638954250614
2013-10-10,NTPC,INE733E01010,,145.25,148.45,145.0,147.9,1914057,280981002.45,0.5306675132105142,78.48572520383506
2013-10-11,NTPC,INE733E01010,,149.0,149.0,143.7,144.05,2250965,327308083.1,0.5306675132105142,76.44265527797458
2013-10-14,NTPC,INE733E01010,,143.8,144.15,142.1,143.65,2606597,372454549.1,0.5306675132105142,76.23038827269036
2013-10-15,NTPC,INE733E01010,,144.0,146.9,143.35,145.1,1743289,252744621.7,0.5306675132105142,76.9998561668456
2013-10-17,NTPC,INE733E01010,,144.5,146.9,143.0,143.55,2361070,341055103.85,0.5306675132105142,76.17732152136932
2013-10-18,NTPC,INE733E01010,,143.8,147.3,143.75,145.85,2656399,387880594.5,0.5306675132105142,77.39785680175349
2013-10-21,NTPC,INE733E01010,,145.0,148.0,144.6,147.65,1351310,198720477.15,0.5306675132105142,78.35305832553243
2013-10-22,NTPC,INE733E01010,,146.25,149.5,146.25,148.75,2217175,329130817.55,0.5306675132105142,78.93679259006399
2013-10-23,NTPC,INE733E01010,,149.0,149.75,143.2,145.35,2572198,374347539.7,0.5306675132105142,77.13252304514823
2013-10-24,NTPC,INE733E01010,,145.3,147.35,142.1,143.3,2893072,419619877.4,0.5306675132105142,76.04465464306669
2013-10-25,NTPC,INE733E01010,,144.0,147.4,142.6,145.2,1721578,249735048.1,0.5306675132105142,77.05292291816666
2013-10-28,NTPC,INE733E01010,,145.0,146.65,143.75,144.05,1466924,212587171.7,0.5306675132105142,76.44265527797458
2013-10-29,NTPC,INE733E01010,,144.0,146.45,143.05,146.05,3137870,455290385.85,0.5306675132105142,77.5039903043956
2013-10-30,NTPC,INE733E01010,,146.5,148.7,144.7,147.25,4087924,600215329.6,0.5306675132105142,78.14079132024821
2013-10-31,NTPC,INE733E01010,,147.0,149.95,145.55,149.1,5675573,839774150.95,0.5306675132105142,79.12252621968766
2013-11-01,NTPC,INE733E01010,,147.5,149.1,145.75,146.25,2510500,367911268.05,0.5306675132105142,77.6101238070377
2013-11-05,NTPC,INE733E01010,,145.55,148.1,144.8,147.25,3011202,442154268.45,0.5306675132105142,78.14079132024821
2013-11-06,NTPC,INE733E01010,,146.8,153.35,146.25,152.6,6784186,1021406663.3,0.5306675132105142,80.97986251592447
2013-11-07,NTPC,INE733E01010,,154.6,155.4,151.8,152.7,5305942,814621272.85,0.5306675132105142,81.0329292672455
2013-11-08,NTPC,INE733E01010,,151.8,153.85,150.3,152.55,2366472,360083630.4,0.5306675132105142,80.95332914026395
2013-11-11,NTPC,INE733E01010,,151.5,152.0,146.6,150.3,2551806,384541706.15,0.5306675132105142,79.75932723554028
2013-11-12,NTPC,INE733E01010,,150.0,152.2,148.3,149.15,3459730,518382982.6,0.5306675132105142,79.14905959534819
2013-11-13,NTPC,INE733E01010,,148.2,151.5,147.15,149.5,4404826,660760222.1,0.5306675132105142,79.33479322497188
2013-11-18,NTPC,INE733E01010,,153.5,156.85,153.3,156.05,4377116,679743196.7,0.5306675132105142,82.81066543650074
2013-11-19,NTPC,INE733E01010,,156.0,156.5,154.6,155.05,1854042,287611765.8,0.5306675132105142,82.27999792329024
2013-11-20,NTPC,INE733E01010,,154.0,157.5,153.55,154.65,3690882,574303763.45,0.5306675132105142,82.06773091800602
2013-11-21,NTPC,INE733E01010,,154.25,154.35,149.15,150.2,2422138,366010600.55,0.5306675132105142,79.70626048421923
2013-11-22,NTPC,INE733E01010,,150.6,151.9,149.45,150.85,1508068,227167432.85,0.5306675132105142,80.05119436780606
2013-11-25,NTPC,INE733E01010,,151.0,152.0,149.2,150.15,3117290,468341594.35,0.5306675132105142,79.67972710855871
2013-11-26,NTPC,INE733E01010,,150.0,150.85,147.85,148.75,3301723,491923743.3,0.5306675132105142,78.93679259006399
2013-11-27,NTPC,INE733E01010,,148.1,149.0,146.3,146.6,2720076,401302675.0,0.5306675132105142,77.79585743666138
2013-11-28,NTPC,INE733E01010,,147.0,149.4,146.7,147.9,3627397,536906345.65,0.5306675132105142,78.48572520383506
2013-11-29,NTPC,INE733E01010,,147.25,151.4,146.75,147.25,2752620,407197312.45,0.5306675132105142,78.14079132024821
2013-12-02,NTPC,INE733E01010,,147.15,149.0,145.9,147.05,2462350,363129006.45,0.5306675132105142,78.03465781760612
2013-12-03,NTPC,INE733E01010,,146.55,146.85,144.65,145.7,3139503,456783962.0,0.5306675132105142,77.31825667477192
2013-12-04,NTPC,INE733E01010,,145.6,146.8,144.2,145.35,6366627,928409076.45,0.5306675132105142,77.13252304514823
2013-12-05,NTPC,INE733E01010,,147.7,147.7,143.0,143.85,4158111,601513551.6,0.5306675132105142,76.33652177533246
2013-12-06,NTPC,INE733E01010,,144.0,149.8,143.9,148.95,5815834,856151243.05,0.5306675132105142,79.04292609270608
2013-12-09,NTPC,INE733E01010,,153.1,155.05,150.85,153.45,6711355,1029128991.95,0.5306675132105142,81.4309299021534
2013-12-10,NTPC,INE733E01010,,145.05,145.8,135.0,136.05,58617228,8067371402.75,0.5306675132105142,72.19731517229046
2013-12-11,NTPC,INE733E01010,,139.0,140.35,137.65,139.25,14897773,2076508429.7,0.5306675132105142,73.8954512145641
2013-12-12,NTPC,INE733E01010,,139.35,140.05,138.35,139.65,3477401,485312824.7,0.5306675132105142,74.10771821984831
2013-12-13,NTPC,INE733E01010,,139.3,139.3,136.65,137.3,3732601,514270073.0,0.5306675132105142,72.8606495638036
2013-12-16,NTPC,INE733E01010,,138.65,138.65,136.75,137.95,3372199,464729638.7,0.5306675132105142,73.20558344739042
2013-12-17,NTPC,INE733E01010,,137.2,138.05,134.55,134.95,6611027,900779757.0,0.5306675132105142,71.61358090775889
2013-12-18,NTPC,INE733E01010,,134.95,136.0,134.4,135.45,3113307,422018568.35,0.5306675132105142,71.87891466436415
2013-12-19,NTPC,INE733E01010,,135.5,136.05,133.65,135.0,4483799,604684041.6,0.5306675132105142,71.64011428341942
2013-12-20,NTPC,INE733E01010,,135.05,136.1,134.0,135.95,5475779,741160605.55,0.5306675132105142,72.1442484209694
2013-12-23,NTPC,INE733E01010,,135.65,137.9,135.0,136.8,5046256,689038396.65,0.5306675132105142,72.59531580719835
2013-12-24,NTPC,INE733E01010,,137.0,138.6,136.85,137.8,3793279,523152198.1,0.5306675132105142,73.12598332040886
2013-12-26,NTPC,INE733E01010,,137.4,139.9,136.35,137.15,10879409,1501254787.2,0.5306675132105142,72.78104943682203
2013-12-27,NTPC,INE733E01010,,137.8,138.1,137.05,137.25,1550570,213410001.05,0.5306675132105142,72.83411618814307
2013-12-30,NTPC,INE733E01010,,137.35,138.0,135.9,136.05,1345097,183675927.25,0.5306675132105142,72.19731517229046
2013-12-31,NTPC,INE733E01010,,136.55,137.2,136.0,137.0,2007677,274454942.15,0.5306675132105142,72.70144930984044
2014-01-01,NTPC,INE733E01010,,137.5,138.65,136.6,138.2,1213227,166858408.65,0.5306675132105142,73.33825032569305
2014-01-02,NTPC,INE733E01010,,138.8,138.8,134.65,134.9,4764799,650338884.75,0.5306675132105142,71.58704753209837
2014-01-03,NTPC,INE733E01010,,135.0,135.5,131.5,131.75,7228862,960902555.3,0.5306675132105142,69.91544486548524
2014-01-06,NTPC,INE733E01010,,132.8,133.0,130.35,132.15,3035769,400477198.8,0.5306675132105142,70.12771187076946
2014-01-07,NTPC,INE733E01010,,132.15,132.8,129.5,129.85,3445366,449381369.4,0.5306675132105142,68.90717659038526
2014-01-08,NTPC,INE733E01010,,130.65,132.9,129.1,129.55,5938919,775705229.1,0.5306675132105142,68.74797633642213
2014-01-09,NTPC,INE733E01010,,129.8,134.0,129.5,133.65,7315773,974312053.7,0.5306675132105142,70.92371314058522
2014-01-10,NTPC,INE733E01010,,133.75,133.9,131.0,131.4,2480925,328929292.2,0.5306675132105142,69.72971123586157
2014-01-13,NTPC,INE733E01010,,130.5,133.4,130.4,132.75,2283443,302040321.85,0.5306675132105142,70.44611237869576
2014-01-14,NTPC,INE733E01010,,131.7,132.5,130.8,131.25,2715535,356752102.5,0.5306675132105142,69.65011110887998
2014-01-15,NTPC,INE733E01010,,132.25,132.85,131.45,132.25,5583147,737899278.0,0.5306675132105142,70.1807786220905
2014-01-16,NTPC,INE733E01010,,132.55,134.2,132.55,133.15,5238158,700806217.75,0.5306675132105142,70.65837938397996
2014-01-17,NTPC,INE733E01010,,133.2,133.75,131.15,131.6,9686445,1288199153.7,0.5306675132105142,69.83584473850367
2014-01-20,NTPC,INE733E01010,,132.0,133.5,131.5,131.85,2288260,302798798.45,0.5306675132105142,69.9685116168063
2014-01-21,NTPC,INE733E01010,,131.6,133.0,129.75,130.75,9067857,1184945918.0,0.5306675132105142,69.38477735227472
2014-01-22,NTPC,INE733E01010,,130.5,133.2,130.5,132.65,4438582,588611492.0,0.5306675132105142,70.39304562737472
2014-01-23,NTPC,INE733E01010,,131.75,132.4,130.75,131.1,3964418,521805665.2,0.5306675132105142,69.57051098189841
2014-01-24,NTPC,INE733E01010,,130.8,131.9,130.65,131.5,3080062,403977460.25,0.5306675132105142,69.78277798718261
2014-01-27,NTPC,INE733E01010,,130.25,130.7,129.1,129.45,2699822,349929077.9,0.5306675132105142,68.69490958510106
2014-01-28,NTPC,INE733E01010,,129.8,132.0,128.15,128.5,3764855,486117949.85,0.5306675132105142,68.19077544755108
2014-01-29,NTPC,INE733E01010,,129.75,130.5,127.25,127.8,4019121,517762091.2,0.5306675132105142,67.81930818830371
2014-01-30,NTPC,INE733E01010,,127.05,130.15,126.15,128.2,6001934,766296597.5,0.5306675132105142,68.03157519358791
2014-01-31,NTPC,INE733E01010,,125.7,126.95,123.5,126.45,4369223,548424912.95,0.5477582543767143,69.26403126593553
2014-02-03,NTPC,INE733E01010,,126.0,126.3,125.1,126.0,2904211,365186199.35,0.5477582543767143,69.017540051466
2014-02-04,NTPC,INE733E01010,,125.9,130.65,125.4,130.2,10508446,1352958940.45,0.5477582543767143,71.3181247198482
2014-02-05,NTPC,INE733E01010,,130.6,132.7,127.1,132.4,8496884,1109301683.25,0.5477582543767143,72.52319287947698
2014-02-06,NTPC,INE733E01010,,132.0,134.1,130.8,133.6,8205918,1090160937.15,0.5477582543767143,73.18050278472903
2014-02-07,NTPC,INE733E01010,,133.7,136.1,132.75,135.95,12080553,1633743280.6,0.5477582543767143,74.4677346825143
2014-02-10,NTPC,INE733E01010,,135.15,136.6,133.3,135.2,10642466,1440344746.5,0.5477582543767143,74.05691599173177
2014-02-11,NTPC,INE733E01010,,134.4,134.7,130.05,132.15,3603027,481554142.85,0.5477582543767143,72.3862533158828
2014-02-12,NTPC,INE733E01010,,132.2,132.5,130.05,130.75,6154520,809230696.3,0.5477582543767143,71.6193917597554
2014-02-13,NTPC,INE733E01010,,131.2,131.45,129.65,130.1,6901586,898950260.65,0.5477582543767143,71.26334889441053
2014-02-14,NTPC,INE733E01010,,131.4,132.9,129.65,132.25,2251143,297168927.15,0.5477582543767143,72.44102914132047
2014-02-17,NTPC,INE733E01010,,132.3,134.25,132.3,133.85,1194673,159353140.4,0.5477582543767143,73.31744234832321
2014-02-18,NTPC,INE733E01010,,133.6,134.55,133.0,133.85,1691351,226347736.55,0.5477582543767143,73.31744234832321
2014-02-19,NTPC,INE733E01010,,134.4,134.4,132.05,132.35,1113395,147999897.75,0.5477582543767143,72.49580496675814
2014-02-20,NTPC,INE733E01010,,132.0,132.6,130.6,131.1,1838865,241657992.8,0.5477582543767143,71.81110714878724
2014-02-21,NTPC,INE733E01010,,131.55,134.0,130.7,132.45,1669691,219805582.15,0.5477582543767143,72.5505807921958
2014-02-24,NTPC,INE733E01010,,128.5,128.6,116.35,116.9,30175559,3584942363.95,0.5477582543767143,64.0329399366379
2014-02-25,NTPC,INE733E01010,,117.45,118.8,113.85,115.85,16178725,1868839048.15,0.5477582543767143,63.45779376954235
2014-02-26,NTPC,INE733E01010,,116.05,116.75,114.4,115.45,10927762,1261924093.6,0.5477582543767143,63.23869046779167
2014-02-28,NTPC,INE733E01010,,116.0,116.45,112.0,112.4,10555563,1194523941.0,0.5477582543767143,61.56802779194269
2014-03-03,NTPC,INE733E01010,,113.0,113.35,110.65,111.2,11410275,1276141834.45,0.5477582543767143,60.910717886690634
2014-03-04,NTPC,INE733E01010,,111.5,114.15,110.8,113.85,11127555,1251545826.9,0.5477582543767143,62.36227726078892
2014-03-05,NTPC,INE733E01010,,114.5,114.6,112.55,114.05,6315440,717985198.3,0.5477582543767143,62.47182891166427
2014-03-06,NTPC,INE733E01010,,113.4,117.3,113.4,116.7,7578496,876666117.65,0.5477582543767143,63.92338828576256
2014-03-07,NTPC,INE733E01010,,116.3,117.15,115.85,116.35,7093180,827095822.85,0.5477582543767143,63.73167289673071
2014-03-10,NTPC,INE733E01010,,117.0,119.35,114.7,117.0,9281475,1085499799.5,0.5477582543767143,64.08771576207558
2014-03-11,NTPC,INE733E01010,,117.0,118.1,116.0,117.4,3799644,444884985.65,0.5477582543767143,64.30681906382627
2014-03-12,NTPC,INE733E01010,,117.0,117.9,116.4,117.15,3350143,392698951.45,0.5477582543767143,64.16987950023208
2014-03-13,NTPC,INE733E01010,,117.05,118.3,115.7,116.25,4856734,567933585.3,0.5477582543767143,63.67689707129304
2014-03-14,NTPC,INE733E01010,,116.15,117.4,115.05,117.05,3857996,448695556.85,0.5477582543767143,64.11510367479441
2014-03-18,NTPC,INE733E01010,,117.3,118.6,116.0,117.9,4975148,586547440.85,0.5477582543767143,64.58069819101462
2014-03-19,NTPC,INE733E01010,,118.0,118.9,115.3,115.95,5164495,605045161.15,0.5477582543767143,63.51256959498003
2014-03-20,NTPC,INE733E01010,,115.5,116.5,115.25,115.75,5141319,595733119.0,0.5477582543767143,63.40301794410468
2014-03-21,NTPC,INE733E01010,,116.3,116.4,113.55,113.85,8630887,989834848.65,0.5477582543767143,62.36227726078892
2014-03-24,NTPC,INE733E01010,,114.8,115.25,112.8,113.95,8745236,994329919.25,0.5477582543767143,62.4170530862266
2014-03-25,NTPC,INE733E01010,,114.9,115.7,113.85,115.1,7706988,885197030.45,0.5477582543767143,63.046975078759814
2014-03-26,NTPC,INE733E01010,,115.7,116.4,114.5,114.9,6987078,804946338.6,0.5477582543767143,62.93742342788448
2014-03-27,NTPC,INE733E01010,,115.3,117.8,115.25,116.8,11387941,1328047078.25,0.5477582543767143,63.97816411120023
2014-03-28,NTPC,INE733E01010,,117.85,122.0,117.4,120.95,5513760,659206447.7,0.5477582543767143,66.25136086686359
2014-03-31,NTPC,INE733E01010,,122.0,123.85,118.7,119.9,8883938,1073045663.7,0.5477582543767143,65.67621469976805
2014-04-01,NTPC,INE733E01010,,120.8,122.45,119.55,121.95,5038935,611232735.75,0.5477582543767143,66.79911912124031
2014-04-02,NTPC,INE733E01010,,122.2,124.3,121.7,122.9,10923603,1343458277.8,0.5477582543767143,67.31948946289819
2014-04-03,NTPC,INE733E01010,,124.1,124.15,121.75,123.0,10789152,1326821555.5,0.5477582543767143,67.37426528833586
2014-04-04,NTPC,INE733E01010,,123.05,123.05,119.6,120.3,4617631,557777426.05,0.5477582543767143,65.89531800151873
2014-04-07,NTPC,INE733E01010,,121.0,121.6,118.6,119.4,5408656,646310022.15,0.5477582543767143,65.40233557257969
2014-04-09,NTPC,INE733E01010,,120.4,120.8,119.05,120.55,7734907,928453974.1,0.5477582543767143,66.03225756511291
2014-04-10,NTPC,INE733E01010,,120.6,124.15,120.6,123.7,8450966,1040679906.8,0.5477582543767143,67.75769606639956
2014-04-11,NTPC,INE733E01010,,123.0,125.2,122.3,124.6,5196970,645340529.45,0.5477582543767143,68.2506784953386
2014-04-15,NTPC,INE733E01010,,125.0,125.9,123.0,125.4,4571017,569403387.65,0.5477582543767143,68.68888509883998
2014-04-16,NTPC,INE733E01010,,125.0,125.9,121.4,122.6,4680339,578586047.65,0.5477582543767143,67.15516198658517
2014-04-17,NTPC,INE733E01010,,122.7,123.5,120.75,122.95,5722904,700317748.45,0.5477582543767143,67.34687737561703
2014-04-21,NTPC,INE733E01010,,123.0,124.8,123.0,124.55,3838071,475245874.55,0.5477582543767143,68.22329058261977
2014-04-22,NTPC,INE733E01010,,124.6,124.95,123.05,123.8,2534209,314222247.05,0.5477582543767143,67.81247189183723
2014-04-23,NTPC,INE733E01010,,123.5,124.9,121.8,122.1,11147179,1368029123.95,0.5477582543767143,66.88128285939682
2014-04-25,NTPC,INE733E01010,,122.5,123.5,118.2,118.5,10730551,1282501740.1,0.5477582543767143,64.90935314364064
2014-04-28,NTPC,INE733E01010,,118.8,119.4,117.6,117.95,5128878,606273989.95,0.5477582543767143,64.60808610373346
2014-04-29,NTPC,INE733E01010,,118.1,118.85,117.5,117.65,4811205,567520998.4,0.5477582543767143,64.44375862742045
2014-04-30,NTPC,INE733E01010,,118.0,118.95,115.35,116.35,8093442,945846888.3,0.5477582543767143,63.73167289673071
2014-05-02,NTPC,INE733E01010,,117.0,117.0,114.1,114.45,3305092,380504102.7,0.5477582543767143,62.69093221341495
2014-05-05,NTPC,INE733E01010,,114.45,115.15,113.5,113.85,2522427,287735047.8,0.5477582543767143,62.36227726078892
2014-05-06,NTPC,INE733E01010,,114.3,115.7,113.8,114.3,3783435,433805856.0,0.5477582543767143,62.608768475258444
2014-05-07,NTPC,INE733E01010,,114.5,116.8,114.0,115.75,9144185,1053329586.9,0.5477582543767143,63.40301794410468
2014-05-08,NTPC,INE733E01010,,116.05,116.7,114.9,115.55,3390569,393218257.8,0.5477582543767143,63.293466293229336
2014-05-09,NTPC,INE733E01010,,115.5,118.5,115.5,118.15,6069098,711648817.05,0.5477582543767143,64.7176377546088
2014-05-12,NTPC,INE733E01010,,118.25,122.0,118.25,121.1,8078938,970821606.8,0.5477582543767143,66.3335246050201
2014-05-13,NTPC,INE733E01010,,124.0,130.4,122.3,122.8,25877228,3242015103.35,0.5477582543767143,67.26471363746052
2014-05-14,NTPC,INE733E01010,,124.3,126.2,123.2,125.5,9977105,1241051026.15,0.5477582543767143,68.74366092427765
2014-05-15,NTPC,INE733E01010,,126.35,131.35,125.1,129.3,23177779,2996182941.7,0.5477582543767143,70.82514229090917
2014-05-16,NTPC,INE733E01010,,132.0,138.65,130.5,131.6,28212109,3782976530.95,0.5477582543767143,72.08498627597561
2014-05-19,NTPC,INE733E01010,,134.0,148.8,134.0,145.6,31117469,4348604540.2,0.5477582543767143,79.7536018372496
2014-05-20,NTPC,INE733E01010,,150.2,151.5,140.55,142.25,23230325,3361408842.15,0.5477582543767143,77.91861168508761
2014-05-21,NTPC,INE733E01010,,144.3,147.6,143.1,145.65,15982367,2324182113.15,0.5477582543767143,79.78098974996844
2014-05-22,NTPC,INE733E01010,,147.7,156.8,146.8,154.2,18236241,2762943451.35,0.5477582543767143,84.46432282488934
2014-05-23,NTPC,INE733E01010,,157.55,162.6,155.1,160.2,26369247,4177332493.1,0.5477582543767143,87.75087235114962
2014-05-26,NTPC,INE733E01010,,163.75,167.6,150.25,156.25,25656616,4144057241.05,0.5477582543767143,85.5872272463616
2014-05-27,NTPC,INE733E01010,,155.35,159.1,149.5,154.15,13100443,2013179391.75,0.5477582543767143,84.43693491217051
2014-05-28,NTPC,INE733E01010,,153.1,156.8,150.6,151.45,13980331,2132759657.95,0.5477582543767143,82.95798762535338
2014-05-29,NTPC,INE733E01010,,151.95,154.9,150.0,152.15,16369820,2495724341.7,0.5477582543767143,83.3414184034171
2014-05-30,NTPC,INE733E01010,,152.95,163.8,152.9,160.5,61623986,9805888959.8,0.5477582543767143,87.91519982746264
2014-06-02,NTPC,INE733E01010,,163.0,163.0,155.5,159.25,19302437,3064630828.8,0.5477582543767143,87.23050200949176
2014-06-03,NTPC,INE733E01010,,160.5,164.9,159.9,164.2,14562150,2372971393.45,0.5477582543767143,89.94190536865649
2014-06-04,NTPC,INE733E01010,,164.2,165.9,161.75,165.0,12793918,2095003854.4,0.5477582543767143,90.38011197215786
2014-06-05,NTPC,INE733E01010,,165.5,166.35,162.0,164.2,12732835,2087389530.45,0.5477582543767143,89.94190536865649
2014-06-06,NTPC,INE733E01010,,165.95,168.9,162.5,165.5,16096450,2653033014.95,0.5477582543767143,90.65399109934621
2014-06-09,NTPC,INE733E01010,,167.0,167.45,163.4,165.35,21554240,3562788663.9,0.5477582543767143,90.5718273611897
2014-06-10,NTPC,INE733E01010,,166.0,166.9,161.8,163.55,11853708,1937041409.25,0.5477582543767143,89.58586250331163
2014-06-11,NTPC,INE733E01010,,164.0,164.3,156.8,158.1,11838396,1894268665.85,0.5477582543767143,86.60058001695853
2014-06-12,NTPC,INE733E01010,,158.05,161.4,157.05,160.25,10358272,1651292651.0,0.5477582543767143,87.77826026386848
2014-06-13,NTPC,INE733E01010,,161.15,162.0,151.5,153.35,9139412,1424982677.5,0.5477582543767143,83.99872830866914
2014-06-16,NTPC,INE733E01010,,155.3,155.95,150.05,152.9,10401421,1584084288.2,0.5477582543767143,83.75223709419963
2014-06-17,NTPC,INE733E01010,,152.4,156.0,150.8,154.9,8631689,1321974564.05,0.5477582543767143,84.84775360295305
2014-06-18,NTPC,INE733E01010,,154.8,156.75,150.05,151.5,6983838,1071141067.0,0.5477582543767143,82.98537553807222
2014-06-19,NTPC,INE733E01010,,152.3,154.1,150.55,152.5,4774054,727984654.85,0.5477582543767143,83.53313379244894
2014-06-20,NTPC,INE733E01010,,152.0,154.5,151.1,151.65,5645401,862328888.4,0.5477582543767143,83.06753927622873
2014-06-23,NTPC,INE733E01010,,151.6,153.2,151.0,152.55,4040528,614140018.6,0.5477582543767143,83.56052170516777
2014-06-24,NTPC,INE733E01010,,152.55,156.1,152.55,154.85,6333501,980875982.15,0.5477582543767143,84.82036569023421
2014-06-25,NTPC,INE733E01010,,155.1,157.65,155.1,156.85,5701194,891592701.8,0.5477582543767143,85.91588219898765
2014-06-26,NTPC,INE733E01010,,157.2,157.65,151.9,152.3,7000876,1076355906.85,0.5477582543767143,83.4235821415736
2014-06-27,NTPC,INE733E01010,,152.85,154.35,151.1,152.25,4633878,707330323.65,0.5477582543767143,83.39619422885475
2014-06-30,NTPC,INE733E01010,,153.3,156.8,152.95,156.2,5545422,860919830.05,0.5477582543767143,85.55983933364277
2014-07-01,NTPC,INE733E01010,,156.35,157.5,154.35,154.6,5247827,816620908.05,0.5477582543767143,84.68342612664003
2014-07-02,NTPC,INE733E01010,,155.95,160.15,155.55,159.75,6656675,1051611825.1,0.5477582543767143,87.50438113668011
2014-07-03,NTPC,INE733E01010,,160.45,160.55,156.55,157.35,6951686,1097559547.6,0.5477582543767143,86.189761326176
2014-07-04,NTPC,INE733E01010,,158.0,159.6,154.8,158.55,4388245,691074386.2,0.5477582543767143,86.84707123142806
2014-07-07,NTPC,INE733E01010,,159.45,161.9,158.0,161.35,7464137,1196002074.15,0.5477582543767143,88.38079434368285
2014-07-08,NTPC,INE733E01010,,161.3,161.95,152.25,153.0,10130323,1596140718.5,0.5477582543767143,83.80701291963729
2014-07-09,NTPC,INE733E01010,,153.0,154.2,149.0,150.65,7536259,1138729964.65,0.5477582543767143,82.51978102185201
2014-07-10,NTPC,INE733E01010,,151.0,154.9,145.65,151.15,11299975,1708350380.1,0.5477582543767143,82.79366014904038
2014-07-11,NTPC,INE733E01010,,151.0,152.7,146.55,149.7,8626295,1289658750.8,0.5477582543767143,81.99941068019413
2014-07-14,NTPC,INE733E01010,,149.7,150.4,145.65,147.8,9617203,1423583645.85,0.5477582543767143,80.95866999687838
2014-07-15,NTPC,INE733E01010,,149.25,150.0,142.6,145.6,8483223,1234586160.4,0.5477582543767143,79.7536018372496
2014-07-16,NTPC,INE733E01010,,146.05,147.25,143.55,146.65,6549523,953065159.3,0.5477582543767143,80.32874800434516
2014-07-17,NTPC,INE733E01010,,145.7,151.1,145.6,150.4,8216045,1222907393.05,0.5477582543767143,82.38284145825784
2014-07-18,NTPC,INE733E01010,,149.95,150.1,147.2,149.7,5732475,852397726.7,0.5477582543767143,81.99941068019413
2014-07-21,NTPC,INE733E01010,,150.2,151.05,147.7,148.0,4321978,642827241.5,0.5477582543767143,81.06822164775372
2014-07-22,NTPC,INE733E01010,,148.35,150.65,148.2,149.85,4692025,700014091.65,0.5477582543767143,82.08157441835064
2014-07-23,NTPC,INE733E01010,,150.0,150.35,147.25,149.6,5435173,809732466.65,0.5477582543767143,81.94463485475646
2014-07-24,NTPC,INE733E01010,,149.8,150.8,148.8,149.7,4164611,623753170.35,0.5477582543767143,81.99941068019413
2014-07-25,NTPC,INE733E01010,,149.55,150.5,147.0,148.95,4405103,654660401.45,0.5477582543767143,81.5885919894116
2014-07-28,NTPC,INE733E01010,,148.1,149.6,147.35,149.05,4235705,629295893.2,0.5477582543767143,81.64336781484927
2014-07-30,NTPC,INE733E01010,,149.0,150.4,147.6,149.8,8214800,1226156332.3,0.5477582543767143,82.05418650563182
2014-07-31,NTPC,INE733E01010,,149.1,149.8,144.1,145.05,12620263,1845134625.3,0.5477582543767143,79.45233479734242
2014-08-01,NTPC,INE733E01010,,143.4,143.4,140.05,140.75,10237186,1448828610.0,0.5477582543767143,77.09697430352254
2014-08-04,NTPC,INE733E01010,,141.1,142.35,140.2,141.3,6376706,900124992.65,0.5477582543767143,77.39824134342975
2014-08-05,NTPC,INE733E01010,,141.35,141.75,139.1,140.7,5776566,810294927.5,0.5477582543767143,77.06958639080369
2014-08-06,NTPC,INE733E01010,,141.2,141.95,140.1,140.45,3239774,457080805.35,0.5477582543767143,76.93264682720952
2014-08-07,NTPC,INE733E01010,,140.0,141.35,139.4,140.85,5327444,748960224.15,0.5477582543767143,77.15175012896022
2014-08-08,NTPC,INE733E01010,,139.65,140.0,137.0,137.95,5886857,811542835.45,0.5477582543767143,75.56325119126774
2014-08-11,NTPC,INE733E01010,,139.2,139.95,135.05,135.85,8927798,1217485892.0,0.5477582543767143,74.41295885707663
2014-08-12,NTPC,INE733E01010,,136.6,141.1,136.6,139.5,7532806,1045563652.45,0.5477582543767143,76.41227648555164
2014-08-13,NTPC,INE733E01010,,137.8,140.35,137.2,139.95,9344461,1297405940.9,0.554717070675511,77.63265404103775
2014-08-14,NTPC,INE733E01010,,140.2,142.45,139.1,142.05,5018448,708525683.0,0.554717070675511,78.79755988945635
2014-08-18,NTPC,INE733E01010,,141.95,144.1,141.1,142.6,3570163,510381541.15,0.554717070675511,79.10265427832786
2014-08-19,NTPC,INE733E01010,,143.1,144.4,142.65,143.9,3911534,561688831.6,0.554717070675511,79.82378647020604
2014-08-20,NTPC,INE733E01010,,144.25,145.7,143.25,145.3,4380436,634468574.75,0.554717070675511,80.60039036915175
2014-08-21,NTPC,INE733E01010,,145.95,145.95,142.0,142.5,4235565,607645063.4,0.554717070675511,79.04718257126032
2014-08-22,NTPC,INE733E01010,,142.6,143.45,141.25,142.5,1870786,266258462.1,0.554717070675511,79.04718257126032
2014-08-25,NTPC,INE733E01010,,142.3,142.9,140.2,141.8,2955278,419477499.4,0.554717070675511,78.65888062178747
2014-08-26,NTPC,INE733E01010,,141.6,142.0,139.3,141.0,3518252,493891116.3,0.554717070675511,78.21510696524706
2014-08-27,NTPC,INE733E01010,,141.45,141.5,137.25,139.5,5711238,792926507.05,0.554717070675511,77.38303135923378
2014-08-28,NTPC,INE733E01010,,139.0,140.0,136.85,137.4,8078129,1112643533.55,0.554717070675511,76.21812551081521
2014-09-01,NTPC,INE733E01010,,138.7,140.45,137.4,139.7,6689613,928200013.2,0.554717070675511,77.49397477336888
2014-09-02,NTPC,INE733E01010,,140.0,141.5,138.8,140.2,8173406,1145349166.35,0.554717070675511,77.77133330870664
2014-09-03,NTPC,INE733E01010,,140.95,141.35,138.75,139.7,7175632,1002839109.85,0.554717070675511,77.49397477336888
2014-09-04,NTPC,INE733E01010,,140.5,143.0,138.7,142.45,6741229,950457912.2,0.554717070675511,79.01944671772654
2014-09-05,NTPC,INE733E01010,,142.2,143.5,141.0,142.85,6024244,856837424.0,0.554717070675511,79.24133354599674
2014-09-08,NTPC,INE733E01010,,143.0,143.95,140.1,140.45,6300528,892390673.15,0.554717070675511,77.91001257637552
2014-09-09,NTPC,INE733E01010,,140.6,141.6,139.7,140.6,4461912,626462388.45,0.554717070675511,77.99322013697684
2014-09-10,NTPC,INE733E01010,,140.0,140.7,138.8,139.4,4610840,643957818.25,0.554717070675511,77.32755965216624
2014-09-11,NTPC,INE733E01010,,140.95,141.4,138.9,140.0,4325801,605940280.85,0.554717070675511,77.66038989457154
2014-09-12,NTPC,INE733E01010,,139.3,140.15,137.5,137.75,5870108,811843118.6,0.554717070675511,76.41227648555164
2014-09-15,NTPC,INE733E01010,,137.3,138.75,135.6,135.9,6663308,912623163.05,0.554717070675511,75.38604990480195
2014-09-16,NTPC,INE733E01010,,136.0,136.5,131.8,132.15,6467961,867445366.85,0.554717070675511,73.30586088976878
2014-09-17,NTPC,INE733E01010,,132.55,133.8,131.7,133.65,4979815,662315222.05,0.554717070675511,74.13793649578206
2014-09-18,NTPC,INE733E01010,,132.5,137.25,132.5,136.9,4891809,664002695.25,0.554717070675511,75.94076697547746
2014-09-19,NTPC,INE733E01010,,136.75,139.0,136.3,138.25,12167071,1679141890.1,0.554717070675511,76.6896350208894
2014-09-22,NTPC,INE733E01010,,137.25,137.25,136.1,136.45,4366578,596366332.9,0.554717070675511,75.69114429367347
2014-09-23,NTPC,INE733E01010,,136.5,138.2,135.6,136.9,10409448,1428927233.85,0.554717070675511,75.94076697547746
2014-09-24,NTPC,INE733E01010,,136.05,139.6,136.05,138.0,10798329,1486123063.85,0.554717070675511,76.55095575322052
2014-09-25,NTPC,INE733E01010,,138.7,138.9,135.55,136.45,11706208,1597866829.65,0.554717070675511,75.69114429367347
2014-09-26,NTPC,INE733E01010,,135.6,140.15,135.6,139.35,3490847,482008579.85,0.554717070675511,77.29982379863246
2014-09-29,NTPC,INE733E01010,,139.9,140.0,137.4,139.0,6329937,879006170.45,0.554717070675511,77.10567282389603
2014-09-30,NTPC,INE733E01010,,138.9,139.5,138.0,139.1,6151573,854586481.15,0.554717070675511,77.16114453096358
2014-10-01,NTPC,INE733E01010,,139.35,140.4,138.5,139.05,4988395,696199551.4,0.554717070675511,77.13340867742981
2014-10-07,NTPC,INE733E01010,,138.7,141.55,138.1,140.65,5707921,798684135.5,0.554717070675511,78.02095599051063
2014-10-08,NTPC,INE733E01010,,141.8,144.0,141.2,143.4,5953127,850594508.35,0.554717070675511,79.54642793486828
2014-10-09,NTPC,INE733E01010,,144.2,144.65,142.5,142.9,5448569,780719591.55,0.554717070675511,79.26906939953052
2014-10-10,NTPC,INE733E01010,,142.05,142.25,139.1,141.25,5980687,841370562.7,0.554717070675511,78.35378623291594
2014-10-13,NTPC,INE733E01010,,141.3,141.3,138.35,140.25,5101137,711354688.15,0.554717070675511,77.79906916224041
2014-10-14,NTPC,INE733E01010,,140.95,141.7,138.75,140.7,4834653,679677294.55,0.554717070675511,78.0486918440444
2014-10-16,NTPC,INE733E01010,,142.0,142.2,137.4,138.25,7677274,1072700168.4,0.554717070675511,76.6896350208894
2014-10-17,NTPC,INE733E01010,,139.8,141.25,138.7,140.95,4601561,645125086.05,0.554717070675511,78.18737111171328
2014-10-20,NTPC,INE733E01010,,141.95,144.95,141.1,143.5,3500873,498499851.25,0.554717070675511,79.60189964193583
2014-10-21,NTPC,INE733E01010,,145.05,148.1,144.8,147.55,7676095,1124702587.05,0.554717070675511,81.84850377817166
2014-10-22,NTPC,INE733E01010,,148.1,148.8,145.55,146.55,5878257,864377444.45,0.554717070675511,81.29378670749614
2014-10-27,NTPC,INE733E01010,,148.5,148.5,145.1,145.85,3318620,485537695.6,0.554717070675511,80.90548475802328
2014-10-28,NTPC,INE733E01010,,145.1,148.2,144.75,147.75,3527764,515765545.8,0.554717070675511,81.95944719230675
2014-10-29,NTPC,INE733E01010,,148.3,148.35,145.5,146.25,5060917,741611190.05,0.554717070675511,81.12737158629349
2014-10-30,NTPC,INE733E01010,,146.1,147.75,145.25,147.1,6028230,884148980.9,0.554717070675511,81.59888109636766
2014-10-31,NTPC,INE733E01010,,147.1,150.9,146.25,150.1,5129216,763469453.5,0.554717070675511,83.2630323083942
2014-11-03,NTPC,INE733E01010,,149.65,150.0,146.7,147.7,3613154,534862905.45,0.554717070675511,81.93171133877297
2014-11-05,NTPC,INE733E01010,,147.65,148.9,144.8,145.25,3350085,490109157.75,0.554717070675511,80.57265451561797
2014-11-07,NTPC,INE733E01010,,145.0,146.7,144.05,144.45,2686495,390588240.6,0.554717070675511,80.12888085907755
2014-11-10,NTPC,INE733E01010,,145.1,146.8,144.1,146.15,2705060,393052688.65,0.554717070675511,81.07189987922594
2014-11-11,NTPC,INE733E01010,,147.1,147.45,145.4,145.8,1950820,285317943.8,0.554717070675511,80.87774890448951
2014-11-12,NTPC,INE733E01010,,145.65,146.25,141.95,142.2,4114289,591932919.95,0.554717070675511,78.88076745005766
2014-11-13,NTPC,INE733E01010,,143.5,143.5,141.65,142.7,3558561,506483841.4,0.554717070675511,79.15812598539542
2014-11-14,NTPC,INE733E01010,,142.55,143.95,140.3,143.1,12612638,1795540272.55,0.554717070675511,79.38001281366563
2014-11-17,NTPC,INE733E01010,,142.9,146.3,142.5,145.9,6573392,956135393.85,0.554717070675511,80.93322061155706
2014-11-18,NTPC,INE733E01010,,146.8,148.6,145.8,146.8,11206181,1650499798.65,0.554717070675511,81.43246597516503
2014-11-19,NTPC,INE733E01010,,146.9,147.65,143.5,144.2,4805067,700505463.85,0.554717070675511,79.99020159140868
2014-11-20,NTPC,INE733E01010,,144.65,144.65,141.4,142.5,3787979,540967725.5,0.554717070675511,79.04718257126032
2014-11-21,NTPC,INE733E01010,,142.9,144.2,142.0,142.65,5720329,819558392.15,0.554717070675511,79.13039013186165
2014-11-24,NTPC,INE733E01010,,142.0,143.65,142.0,143.05,2644296,378166762.8,0.554717070675511,79.35227696013186
2014-11-25,NTPC,INE733E01010,,143.75,143.75,139.4,140.15,11081248,1568092583.1,0.554717070675511,77.74359745517287
2014-11-26,NTPC,INE733E01010,,140.1,142.4,140.0,141.8,6726754,950577367.2,0.554717070675511,78.65888062178747
2014-11-27,NTPC,INE733E01010,,142.0,142.95,140.85,141.15,3606542,511403173.55,0.554717070675511,78.29831452584838
2014-11-28,NTPC,INE733E01010,,141.25,143.25,140.85,142.7,8152538,1157375857.95,0.554717070675511,79.15812598539542
2014-12-01,NTPC,INE733E01010,,142.1,144.7,139.55,140.15,3393911,480421921.85,0.554717070675511,77.74359745517287
2014-12-02,NTPC,INE733E01010,,140.2,141.8,140.1,140.45,1091635,153881220.1,0.554717070675511,77.91001257637552
2014-12-03,NTPC,INE733E01010,,140.45,143.65,140.45,143.15,2510856,357905602.95,0.554717070675511,79.4077486671994
2014-12-04,NTPC,INE733E01010,,143.1,143.7,141.4,142.05,2231499,317550321.2,0.554717070675511,78.79755988945635
2014-12-05,NTPC,INE733E01010,,141.65,142.15,140.65,141.05,12824965,1816920159.35,0.554717070675511,78.24284281878083
2014-12-08,NTPC,INE733E01010,,141.05,142.3,139.6,139.9,2623947,369270355.15,0.554717070675511,77.604918187504
2014-12-09,NTPC,INE733E01010,,139.75,139.75,134.3,134.95,4872156,662314731.7,0.554717070675511,74.85906868766021
2014-12-10,NTPC,INE733E01010,,134.9,136.35,134.35,135.15,3355661,454964834.6,0.554717070675511,74.97001210179532
2014-12-11,NTPC,INE733E01010,,135.4,135.4,133.2,133.5,3340404,447905518.95,0.554717070675511,74.05472893518072
2014-12-12,NTPC,INE733E01010,,134.3,134.3,132.3,132.95,3796142,505367928.65,0.554717070675511,73.74963454630918
2014-12-15,NTPC,INE733E01010,,132.45,134.7,130.95,133.0,10928711,1460544699.2,0.554717070675511,73.77737039984297
2014-12-16,NTPC,INE733E01010,,132.4,132.95,126.75,128.3,10015045,1293632174.1,0.554717070675511,71.17020016766807
2014-12-17,NTPC,INE733E01010,,129.7,129.85,126.7,128.1,5362361,686008396.85,0.554717070675511,71.05925675353296
2014-12-18,NTPC,INE733E01010,,129.55,134.2,129.0,132.95,9639000,1269867080.75,0.554717070675511,73.74963454630918
2014-12-19,NTPC,INE733E01010,,134.0,136.35,132.85,135.5,5207759,702762898.45,0.554717070675511,75.16416307653174
2014-12-22,NTPC,INE733E01010,,136.3,140.2,136.15,139.0,9308634,1297948442.25,0.554717070675511,77.10567282389603
2014-12-23,NTPC,INE733E01010,,139.7,143.85,138.2,142.95,7270335,1022065823.9,0.554717070675511,79.29680525306429
2014-12-24,NTPC,INE733E01010,,143.5,143.75,138.6,139.35,11642761,1629026223.85,0.554717070675511,77.29982379863246
2014-12-26,NTPC,INE733E01010,,139.8,140.45,138.25,139.3,1865314,259661337.1,0.554717070675511,77.27208794509869
2014-12-29,NTPC,INE733E01010,,139.35,140.95,139.35,140.1,1969195,276006112.05,0.554717070675511,77.71586160163909
2014-12-30,NTPC,INE733E01010,,140.25,142.4,139.85,141.95,2055718,290388536.05,0.554717070675511,78.74208818238878
2014-12-31,NTPC,INE733E01010,,141.95,144.85,141.05,144.0,3824882,548959061.95,0.554717070675511,79.87925817727358
2015-01-01,NTPC,INE733E01010,,144.2,144.25,142.1,142.45,1232484,175898430.55,0.554717070675511,79.01944671772654
2015-01-02,NTPC,INE733E01010,,142.5,145.0,142.5,144.4,1985911,286389793.15,0.554717070675511,80.1011450055438
2015-01-05,NTPC,INE733E01010,,144.55,144.9,143.05,144.0,1830881,263228136.65,0.554717070675511,79.87925817727358
2015-01-06,NTPC,INE733E01010,,143.5,144.5,138.25,139.2,4936260,696910597.4,0.554717070675511,77.21661623803112
2015-01-07,NTPC,INE733E01010,,140.5,143.0,139.35,142.55,4873796,690180548.7,0.554717070675511,79.0749184247941
2015-01-08,NTPC,INE733E01010,,143.3,145.3,143.2,144.95,6303521,913154902.1,0.554717070675511,80.40623939441531
2015-01-09,NTPC,INE733E01010,,145.15,145.5,139.5,140.25,3149161,444524301.9,0.554717070675511,77.79906916224041
2015-01-12,NTPC,INE733E01010,,141.0,141.4,138.5,140.0,2658780,372476936.1,0.554717070675511,77.66038989457154
2015-01-13,NTPC,INE733E01010,,139.25,140.35,138.1,138.95,3762862,525297601.15,0.554717070675511,77.07793697036225
2015-01-14,NTPC,INE733E01010,,139.7,140.25,137.2,137.75,2280176,316291509.75,0.554717070675511,76.41227648555164
2015-01-15,NTPC,INE733E01010,,139.85,140.55,138.4,139.2,5846878,817554437.35,0.554717070675511,77.21661623803112
2015-01-16,NTPC,INE733E01010,,138.65,141.8,138.35,140.4,5188279,725684682.95,0.554717070675511,77.88227672284175
2015-01-19,NTPC,INE733E01010,,140.9,142.9,139.85,141.75,4322422,610751795.2,0.554717070675511,78.63114476825369
2015-01-20,NTPC,INE733E01010,,142.75,143.5,142.1,142.85,5374190,766716357.7,0.554717070675511,79.24133354599674
2015-01-21,NTPC,INE733E01010,,143.25,144.15,142.3,143.5,5789695,830606335.95,0.554717070675511,79.60189964193583
2015-01-22,NTPC,INE733E01010,,143.5,143.7,139.35,140.2,5607554,789078662.25,0.554717070675511,77.77133330870664
2015-01-23,NTPC,INE733E01010,,141.6,142.2,140.45,141.9,7537705,1065397361.8,0.554717070675511,78.71435232885501
2015-01-27,NTPC,INE733E01010,,142.5,143.7,140.7,143.15,14984991,2137518237.8,0.554717070675511,79.4077486671994
2015-01-28,NTPC,INE733E01010,,143.0,144.95,141.55,142.85,5637058,807363442.3,0.554717070675511,79.24133354599674
2015-01-29,NTPC,INE733E01010,,142.7,142.7,141.1,141.85,14628124,2073437601.45,0.554717070675511,78.68661647532123
2015-01-30,NTPC,INE733E01010,,142.8,147.4,142.1,143.65,18591570,2691294837.55,0.554717070675511,79.68510720253715
2015-02-02,NTPC,INE733E01010,,144.45,144.45,141.55,142.05,8637379,1231783365.05,0.554717070675511,78.79755988945635
2015-02-03,NTPC,INE733E01010,,142.45,144.8,142.15,144.0,6484628,929550147.15,0.554717070675511,79.87925817727358
2015-02-04,NTPC,INE733E01010,,143.2,144.1,142.05,142.8,3363786,480820583.65,0.5576213485324509,79.628328570434
2015-02-05,NTPC,INE733E01010,,142.2,143.1,139.05,140.15,5119240,726009181.9,0.5576213485324509,78.150631996823
2015-02-06,NTPC,INE733E01010,,140.15,140.75,138.3,140.0,4980413,696799794.2,0.5576213485324509,78.06698879454314
2015-02-09,NTPC,INE733E01010,,139.0,140.4,138.1,138.8,2595390,361611737.05,0.5576213485324509,77.39784317630419
2015-02-10,NTPC,INE733E01010,,138.0,140.3,136.75,137.15,3755645,521272797.75,0.5576213485324509,76.47776795122564
2015-02-11,NTPC,INE733E01010,,137.0,141.0,136.8,140.15,2935369,409215720.5,0.5576213485324509,78.150631996823
2015-02-12,NTPC,INE733E01010,,140.55,142.65,140.05,142.1,4302336,608490956.05,0.5576213485324509,79.23799362646128
2015-02-13,NTPC,INE733E01010,,142.1,143.7,141.6,143.25,3011838,429546213.9,0.5576213485324509,79.8792581772736
2015-02-16,NTPC,INE733E01010,,142.2,144.65,142.2,144.0,1621299,233109381.5,0.5576213485324509,80.29747418867294
2015-02-18,NTPC,INE733E01010,,144.05,147.8,143.6,146.05,4146712,607768802.25,0.5576213485324509,81.44059795316447
2015-02-19,NTPC,INE733E01010,,146.2,147.2,142.0,146.65,3090879,447512007.55,0.5576213485324509,81.77517076228393
2015-02-20,NTPC,INE733E01010,,146.4,147.35,144.1,145.65,2648484,386671834.6,0.5576213485324509,81.21754941375148
2015-02-23,NTPC,INE733E01010,,145.65,146.8,144.3,146.05,5026430,732783496.7,0.5576213485324509,81.44059795316447
2015-02-24,NTPC,INE733E01010,,146.25,149.2,146.0,146.6,4904698,722354305.4,0.5576213485324509,81.7472896948573
2015-02-25,NTPC,INE733E01010,,147.0,148.6,145.6,146.05,6281920,925307909.7,0.5576213485324509,81.44059795316447
2015-02-26,NTPC,INE733E01010,,147.1,154.85,145.75,153.35,21241206,3222441340.1,0.5576213485324509,85.51123379745135
2015-02-27,NTPC,INE733E01010,,153.0,159.5,152.0,158.45,10071356,1573588167.8,0.5576213485324509,88.35510267496684
2015-03-02,NTPC,INE733E01010,,156.0,160.0,155.7,159.5,6544590,1036556495.6,0.5576213485324509,88.94060509092593
2015-03-03,NTPC,INE733E01010,,159.5,160.0,157.9,158.7,4830775,767989455.45,0.5576213485324509,88.49450801209996
2015-03-04,NTPC,INE733E01010,,159.0,159.8,155.75,157.5,3817162,604712733.65,0.5576213485324509,87.82536239386103
2015-03-05,NTPC,INE733E01010,,156.25,158.7,155.2,158.15,3589754,562564754.35,0.5576213485324509,88.18781627040711
2015-03-09,NTPC,INE733E01010,,157.5,158.1,151.4,151.8,2549044,390915810.05,0.5576213485324509,84.64692070722606
2015-03-10,NTPC,INE733E01010,,153.3,153.3,149.0,149.95,3208061,483590348.5,0.5576213485324509,83.61532121244102
2015-03-11,NTPC,INE733E01010,,149.5,154.75,146.6,153.75,3966079,604317096.25,0.5576213485324509,85.73428233686433
2015-03-12,NTPC,INE733E01010,,154.0,164.75,153.0,159.7,19776958,3183620073.65,0.5576213485324509,89.0521293606324
2015-03-13,NTPC,INE733E01010,,160.3,161.3,158.6,159.45,13559465,2167117552.7,0.5576213485324509,88.9127240234993
2015-03-16,NTPC,INE733E01010,,159.3,159.5,154.7,155.85,10012222,1561525622.0,0.5576213485324509,86.90528716878248
2015-03-17,NTPC,INE733E01010,,156.1,158.5,155.3,157.85,5336330,838045548.55,0.5576213485324509,88.02052986584738
2015-03-18,NTPC,INE733E01010,,158.0,159.35,151.2,152.65,16155114,2471283286.1,0.5576213485324509,85.12089885347864
2015-03-19,NTPC,INE733E01010,,153.5,155.85,150.15,154.75,20768369,3183477242.9,0.5576213485324509,86.29190368539678
2015-03-20,NTPC,INE733E01010,,143.8,148.3,142.7,145.5,17171691,2494955280.85,0.5576213485324509,81.13390621147161
2015-03-23,NTPC,INE733E01010,,145.2,150.5,145.2,150.15,7423310,1103653497.2,0.5576213485324509,83.72684548214751
2015-03-24,NTPC,INE733E01010,,150.0,153.4,149.6,152.7,6418011,972991902.15,0.5576213485324509,85.14877992090526
2015-03-25,NTPC,INE733E01010,,154.5,154.9,146.5,147.35,15931009,2369531398.1,0.5576213485324509,82.16550570625664
2015-03-26,NTPC,INE733E01010,,146.25,147.8,142.95,144.0,21961628,3183679677.3,0.5576213485324509,80.29747418867294
2015-03-27,NTPC,INE733E01010,,145.9,146.65,143.5,145.6,4464698,649765259.05,0.5576213485324509,81.18966834632485
2015-03-30,NTPC,INE733E01010,,146.1,148.2,145.7,147.6,4132541,608427962.05,0.5576213485324509,82.30491104338975
2015-03-31,NTPC,INE733E01010,,148.5,148.5,144.9,146.85,6997714,1022208722.7,0.5576213485324509,81.88669503199041
2015-04-01,NTPC,INE733E01010,,147.0,149.9,147.0,147.75,3038207,451059705.25,0.5576213485324509,82.38855424566962
2015-04-06,NTPC,INE733E01010,,148.5,152.95,148.2,152.1,3393269,510613627.15,0.5576213485324509,84.81420711178578
2015-04-07,NTPC,INE733E01010,,152.95,157.0,151.5,156.3,4590794,709009126.35,0.5576213485324509,87.15621677562208
2015-04-08,NTPC,INE733E01010,,156.3,157.95,153.45,156.1,2557234,396811889.6,0.5576213485324509,87.04469250591559
2015-04-09,NTPC,INE733E01010,,156.15,158.0,153.4,157.35,2900768,451609936.4,0.5576213485324509,87.74171919158115
2015-04-10,NTPC,INE733E01010,,157.0,159.0,154.25,155.65,2667347,416461865.55,0.5576213485324509,86.79376289907599
2015-04-13,NTPC,INE733E01010,,155.7,158.7,153.5,157.3,2657574,413643248.6,0.5576213485324509,87.71383812415453
2015-04-15,NTPC,INE733E01010,,156.2,158.5,153.4,154.35,3425071,535719579.0,0.5576213485324509,86.0688551459838
2015-04-16,NTPC,INE733E01010,,154.0,156.6,153.5,156.1,2617615,406841734.5,0.5576213485324509,87.04469250591559
2015-04-17,NTPC,INE733E01010,,155.55,158.85,155.55,158.0,3192655,504031778.0,0.5576213485324509,88.10417306812725
2015-04-20,NTPC,INE733E01010,,159.4,160.0,153.8,154.4,2379637,371961669.75,0.5576213485324509,86.09673621341042
2015-04-21,NTPC,INE733E01010,,154.9,156.3,151.0,151.35,3220441,493559580.1,0.5576213485324509,84.39599110038644
2015-04-22,NTPC,INE733E01010,,151.9,153.45,150.3,152.7,2768504,419802958.2,0.5576213485324509,85.14877992090526
2015-04-23,NTPC,INE733E01010,,154.0,154.0,148.9,149.5,2400684,360476093.2,0.5576213485324509,83.36439160560141
2015-04-24,NTPC,INE733E01010,,150.45,151.0,147.9,149.8,3337315,497471716.1,0.5576213485324509,83.53167801016116
2015-04-27,NTPC,INE733E01010,,150.85,153.35,147.7,148.25,4093158,617815932.2,0.5576213485324509,82.66736491993585
2015-04-28,NTPC,INE733E01010,,148.0,152.15,146.9,151.3,3272021,492514154.3,0.5576213485324509,84.36811003295983
2015-04-29,NTPC,INE733E01010,,151.4,152.75,150.4,151.6,3734159,566009141.6,0.5576213485324509,84.53539643751955
2015-04-30,NTPC,INE733E01010,,151.3,151.9,149.4,150.3,5757489,867572636.7,0.5576213485324509,83.81048868442738
2015-05-04,NTPC,INE733E01010,,151.0,153.05,149.35,152.35,1870746,283002727.65,0.5576213485324509,84.9536124489189
2015-05-05,NTPC,INE733E01010,,151.5,152.1,148.4,150.5,2065173,310367593.1,0.5576213485324509,83.92201295413386
2015-05-06,NTPC,INE733E01010,,149.6,150.05,143.1,144.6,4896975,708810791.05,0.5576213485324509,80.6320469977924
2015-05-07,NTPC,INE733E01010,,144.8,145.15,142.0,142.5,3225571,464390972.25,0.5576213485324509,79.46104216587426
2015-05-08,NTPC,INE733E01010,,143.25,144.6,141.55,142.0,2435540,348030108.65,0.5576213485324509,79.18223149160804
2015-05-11,NTPC,INE733E01010,,142.4,145.5,141.8,144.95,2446265,352005347.8,0.5576213485324509,80.82721446977875
2015-05-12,NTPC,INE733E01010,,144.65,145.45,140.3,141.65,4232194,600512491.85,0.5576213485324509,78.98706401962168
2015-05-13,NTPC,INE733E01010,,142.05,142.6,134.25,138.4,10805544,1486743233.4,0.5576213485324509,77.1747946368912
2015-05-14,NTPC,INE733E01010,,139.4,143.65,137.7,139.05,9830755,1374185308.85,0.5576213485324509,77.5372485134373
2015-05-15,NTPC,INE733E01010,,140.0,141.4,135.45,136.1,2906361,399043439.5,0.5576213485324509,75.89226553526657
2015-05-18,NTPC,INE733E01010,,137.7,137.7,135.05,136.15,3200431,435368472.4,0.5576213485324509,75.9201466026932
2015-05-19,NTPC,INE733E01010,,136.4,137.9,134.85,136.1,2576477,351177147.35,0.5576213485324509,75.89226553526657
2015-05-20,NTPC,INE733E01010,,136.9,137.7,135.45,136.15,3682064,503620948.2,0.5576213485324509,75.9201466026932
2015-05-21,NTPC,INE733E01010,,137.0,137.1,134.0,134.95,3683930,498122707.05,0.5576213485324509,75.25100098445425
2015-05-22,NTPC,INE733E01010,,134.6,135.7,134.25,135.35,4675857,631819712.95,0.5576213485324509,75.47404952386724
2015-05-25,NTPC,INE733E01010,,135.05,135.85,134.0,134.25,1498913,201895091.25,0.5576213485324509,74.86066604048153
2015-05-26,NTPC,INE733E01010,,134.5,134.5,132.0,132.5,7013048,930413619.2,0.5576213485324509,73.88482868054975
2015-05-27,NTPC,INE733E01010,,132.5,135.85,131.3,134.25,6935826,926731549.35,0.5576213485324509,74.86066604048153
2015-05-28,NTPC,INE733E01010,,134.8,135.55,134.0,134.65,7942822,1069485700.5,0.5576213485324509,75.08371457989452
2015-05-29,NTPC,INE733E01010,,134.75,139.65,134.05,136.55,46162369,6290881588.2,0.5576213485324509,76.14319514210618
2015-06-01,NTPC,INE733E01010,,136.6,139.3,136.6,138.55,4735162,654640981.9,0.5576213485324509,77.25843783917108
2015-06-02,NTPC,INE733E01010,,138.5,138.9,135.8,137.95,4147306,571689883.2,0.5576213485324509,76.9238650300516
2015-06-03,NTPC,INE733E01010,,137.7,139.75,136.1,138.45,6953216,963322557.45,0.5576213485324509,77.20267570431783
2015-06-04,NTPC,INE733E01010,,138.55,139.4,136.15,136.9,5105263,700646777.0,0.5576213485324509,76.33836261409253
2015-06-05,NTPC,INE733E01010,,135.6,140.85,135.6,140.05,5675983,791705186.45,0.5576213485324509,78.09486986196976
2015-06-08,NTPC,INE733E01010,,140.15,140.5,138.05,138.45,4875881,677996033.65,0.5576213485324509,77.20267570431783
2015-06-09,NTPC,INE733E01010,,138.7,139.45,136.75,139.0,4852849,672453886.0,0.5576213485324509,77.50936744601069
2015-06-10,NTPC,INE733E01010,,139.4,140.75,138.8,140.0,3797969,531338797.8,0.5576213485324509,78.06698879454314
2015-06-11,NTPC,INE733E01010,,140.25,140.4,136.2,136.55,4705694,647555326.55,0.5576213485324509,76.14319514210618
2015-06-12,NTPC,INE733E01010,,136.0,137.5,135.6,136.5,3900565,532738018.65,0.5576213485324509,76.11531407467955
2015-06-15,NTPC,INE733E01010,,136.0,136.65,134.6,135.85,2013108,272971651.3,0.5576213485324509,75.75286019813346
2015-06-16,NTPC,INE733E01010,,135.4,138.0,135.4,137.65,1834430,250235868.25,0.5576213485324509,76.75657862549187
2015-06-17,NTPC,INE733E01010,,137.35,137.95,136.55,137.0,3932128,539122723.75,0.5576213485324509,76.39412474894577
2015-06-18,NTPC,INE733E01010,,137.1,137.9,136.25,136.6,2599234,355181226.7,0.5576213485324509,76.1710762095328
2015-06-19,NTPC,INE733E01010,,136.8,137.3,135.6,136.05,2965094,403858823.1,0.5576213485324509,75.86438446783995
2015-06-22,NTPC,INE733E01010,,136.2,137.5,136.0,137.0,2074238,283636841.9,0.5576213485324509,76.39412474894577
2015-06-23,NTPC,INE733E01010,,136.9,140.0,135.9,139.25,4079757,559580709.45,0.5576213485324509,77.6487727831438
2015-06-24,NTPC,INE733E01010,,139.9,140.15,136.25,136.8,959376,132382008.55,0.5576213485324509,76.28260047923929
2015-06-25,NTPC,INE733E01010,,136.6,137.35,135.0,135.6,11070728,1503949442.35,0.5576213485324509,75.61345486100035
2015-06-26,NTPC,INE733E01010,,135.65,138.2,135.4,137.7,2510750,343692717.8,0.5576213485324509,76.78445969291849
2015-06-29,NTPC,INE733E01010,,136.65,139.5,135.4,138.65,2279382,313697751.25,0.5576213485324509,77.31419997402432
2015-06-30,NTPC,INE733E01010,,137.8,138.6,136.15,137.65,4654154,638940848.45,0.5576213485324509,76.75657862549187
2015-07-01,NTPC,INE733E01010,,137.35,139.35,136.9,138.3,2243489,310395372.1,0.5576213485324509,77.11903250203797
2015-07-02,NTPC,INE733E01010,,138.5,138.85,137.35,137.65,1775781,245307371.4,0.5576213485324509,76.75657862549187
2015-07-03,NTPC,INE733E01010,,136.75,139.7,136.1,138.85,1540118,213554094.25,0.5576213485324509,77.42572424373081
2015-07-06,NTPC,INE733E01010,,136.7,138.6,136.7,138.0,1524649,210281817.9,0.5576213485324509,76.95174609747824
2015-07-07,NTPC,INE733E01010,,138.0,138.3,134.0,134.45,9892452,1334597709.35,0.5576213485324509,74.97219031018803
2015-07-08,NTPC,INE733E01010,,132.05,133.85,131.35,133.0,5815889,770711747.45,0.5576213485324509,74.16363935481597
2015-07-09,NTPC,INE733E01010,,132.5,133.15,130.7,131.1,3075079,405904439.7,0.5576213485324509,73.10415879260431
2015-07-10,NTPC,INE733E01010,,131.25,131.75,128.15,129.85,5583580,722186831.05,0.5576213485324509,72.40713210693875
2015-07-13,NTPC,INE733E01010,,130.0,133.4,129.1,133.1,2861191,376927142.95,0.5576213485324509,74.21940148966921
2015-07-14,NTPC,INE733E01010,,133.2,134.05,132.9,133.1,2074908,276698072.5,0.5576213485324509,74.21940148966921
2015-07-15,NTPC,INE733E01010,,133.0,134.0,133.0,133.15,2057947,274861070.55,0.5576213485324509,74.24728255709584
2015-07-16,NTPC,INE733E01010,,133.55,135.1,133.0,134.7,991126,133159395.1,0.5576213485324509,75.11159564732114
2015-07-17,NTPC,INE733E01010,,134.75,135.8,134.1,135.55,1204503,162800391.35,0.5576213485324509,75.58557379357373
2015-07-20,NTPC,INE733E01010,,135.65,136.2,135.45,135.7,738637,100162717.75,0.5576213485324509,75.66921699585359
2015-07-21,NTPC,INE733E01010,,135.5,136.05,135.3,135.6,1139508,154535712.25,0.5576213485324509,75.61345486100035
2015-07-22,NTPC,INE733E01010,,135.4,137.85,135.4,137.55,1382815,189204706.05,0.5576213485324509,76.70081649063863
2015-07-23,NTPC,INE733E01010,,137.1,138.9,137.1,138.35,2288034,315447371.15,0.5576213485324509,77.14691356946459
2015-07-24,NTPC,INE733E01010,,137.9,138.9,136.9,138.0,3147809,435157276.55,0.5576213485324509,76.95174609747824
2015-07-27,NTPC,INE733E01010,,138.0,139.3,133.35,134.2,2526150,344932232.65,0.5576213485324509,74.83278497305491
2015-07-28,NTPC,INE733E01010,,133.65,137.5,132.7,137.05,2793274,378462132.25,0.5576213485324509,76.4220058163724
2015-07-29,NTPC,INE733E01010,,137.0,137.4,134.5,135.5,3165996,428977488.7,0.5576213485324509,75.5576927261471
2015-07-30,NTPC,INE733E01010,,135.85,138.7,135.5,135.85,6753377,921255834.9,0.5576213485324509,75.75286019813346
2015-07-31,NTPC,INE733E01010,,136.0,136.9,134.85,135.05,4481205,607673591.9,0.5576213485324509,75.3067631193075
2015-08-03,NTPC,INE733E01010,,135.1,136.5,134.7,135.05,2398533,325130230.45,0.5576213485324509,75.3067631193075
2015-08-04,NTPC,INE733E01010,,135.15,135.9,133.65,135.15,3652606,492468160.2,0.5576213485324509,75.36252525416074
2015-08-05,NTPC,INE733E01010,,135.2,137.2,134.6,136.75,2308333,314747096.7,0.5576213485324509,76.25471941181266
2015-08-06,NTPC,INE733E01010,,137.0,138.0,135.25,135.9,10020905,1364774814.7,0.5576213485324509,75.78074126556008
2015-08-07,NTPC,INE733E01010,,135.1,136.4,133.3,133.85,3969067,537181393.8,0.5576213485324509,74.63761750106855
2015-08-10,NTPC,INE733E01010,,134.0,134.6,130.9,131.35,3967506,526952623.2,0.5576213485324509,73.24356412973742
2015-08-11,NTPC,INE733E01010,,131.1,132.3,129.6,130.8,5602138,729849484.75,0.5576213485324509,72.93687238804459
2015-08-12,NTPC,INE733E01010,,130.0,130.3,127.1,128.05,4194204,539435736.45,0.5576213485324509,71.40341367958035
2015-08-13,NTPC,INE733E01010,,128.1,129.2,126.6,127.85,5019747,643237339.9,0.5576213485324509,71.29188940987385
2015-08-14,NTPC,INE733E01010,,128.05,129.95,127.6,129.65,1667711,215356443.8,0.5576213485324509,72.29560783723227
2015-08-17,NTPC,INE733E01010,,129.65,130.0,127.7,128.05,1082583,139147078.7,0.5576213485324509,71.40341367958035
2015-08-18,NTPC,INE733E01010,,129.0,129.05,126.9,127.25,1762927,224406162.45,0.5576213485324509,70.95731660075438
2015-08-19,NTPC,INE733E01010,,127.0,127.4,125.85,126.0,1727903,218145703.1,0.5576213485324509,70.26028991508882
2015-08-20,NTPC,INE733E01010,,125.2,127.7,125.0,125.95,3246558,410652585.75,0.5576213485324509,70.2324088476622
2015-08-21,NTPC,INE733E01010,,125.0,125.45,121.8,123.4,6905557,851606923.7,0.5576213485324509,68.81047440890445
2015-08-24,NTPC,INE733E01010,,121.0,122.0,112.7,115.3,17715914,2080718639.2,0.5576213485324509,64.29374148579159
2015-08-25,NTPC,INE733E01010,,118.0,122.4,107.1,119.15,10368383,1196984222.45,0.5576213485324509,66.44058367764153
2015-08-26,NTPC,INE733E01010,,119.2,123.0,116.3,119.9,9070828,1093045685.65,0.5576213485324509,66.85879968904086
2015-08-27,NTPC,INE733E01010,,121.4,121.7,118.0,119.15,10376278,1238935893.2,0.5576213485324509,66.44058367764153
2015-08-28,NTPC,INE733E01010,,121.9,125.05,120.05,121.6,3976538,486904569.65,0.5576213485324509,67.80675598154603
2015-08-31,NTPC,INE733E01010,,121.0,123.35,120.1,121.45,4023225,490158691.35,0.5576213485324509,67.72311277926617
2015-09-01,NTPC,INE733E01010,,120.1,122.5,119.4,120.25,3166290,384252829.05,0.5576213485324509,67.05396716102723
2015-09-02,NTPC,INE733E01010,,121.0,121.0,115.75,116.5,5729504,672705521.75,0.5576213485324509,64.96288710403053
2015-09-03,NTPC,INE733E01010,,115.75,119.4,115.55,117.6,4218490,496090410.95,0.5661253778129023,66.5763444307973
2015-09-04,NTPC,INE733E01010,,117.0,117.6,113.15,114.5,8577170,983562753.9,0.5661253778129023,64.82135575957732
2015-09-07,NTPC,INE733E01010,,114.7,115.0,112.4,112.6,6708539,757492765.45,0.5661253778129023,63.745717541732795
2015-09-08,NTPC,INE733E01010,,114.0,116.15,113.15,114.45,4823131,554910465.15,0.5661253778129023,64.79304949068667
2015-09-09,NTPC,INE733E01010,,117.0,121.35,115.2,120.9,10012994,1175270742.95,0.5661253778129023,68.44455817757989
2015-09-10,NTPC,INE733E01010,,120.65,120.9,117.95,119.25,2331936,278553502.85,0.5661253778129023,67.51045130418859
2015-09-11,NTPC,INE733E01010,,119.85,120.75,118.7,119.65,2003950,239614043.55,0.5661253778129023,67.73690145531376
2015-09-14,NTPC,INE733E01010,,120.0,126.4,119.7,125.9,4785185,595209299.8,0.5661253778129023,71.2751850666444
2015-09-15,NTPC,INE733E01010,,125.65,129.5,124.5,126.85,4241072,539784460.2,0.5661253778129023,71.81300417556665
2015-09-16,NTPC,INE733E01010,,126.8,128.7,125.2,127.85,2742322,348671405.65,0.5661253778129023,72.37912955337956
2015-09-18,NTPC,INE733E01010,,127.85,130.0,125.35,126.8,6000018,768339910.2,0.5661253778129023,71.784697906676
2015-09-21,NTPC,INE733E01010,,125.1,127.7,125.0,126.75,1861435,235277985.5,0.5661253778129023,71.75639163778537
2015-09-22,NTPC,INE733E01010,,127.0,127.35,120.05,120.9,5442334,668055459.05,0.5661253778129023,68.44455817757989
2015-09-23,NTPC,INE733E01010,,119.05,123.3,119.05,121.3,3199675,390011180.3,0.5661253778129023,68.67100832870504
2015-09-24,NTPC,INE733E01010,,121.8,122.4,120.25,122.05,3143920,382243164.55,0.5661253778129023,69.09560236206472
2015-09-28,NTPC,INE733E01010,,122.05,123.0,120.65,120.95,1925398,234220045.5,0.5661253778129023,68.47286444647054
2015-09-29,NTPC,INE733E01010,,119.15,122.75,119.0,121.35,3312723,399570449.55,0.5661253778129023,68.69931459759569
2015-09-30,NTPC,INE733E01010,,122.9,124.4,121.0,123.75,2892321,355421323.95,0.5661253778129023,70.05801550434666
2015-10-01,NTPC,INE733E01010,,125.2,125.9,123.1,123.5,3185121,397326347.15,0.5661253778129023,69.91648415989343
2015-10-05,NTPC,INE733E01010,,123.9,128.25,123.9,127.7,3355028,425569549.0,0.5661253778129023,72.29421074670762
2015-10-06,NTPC,INE733E01010,,129.5,129.9,124.8,125.75,7186611,917707962.8,0.5661253778129023,71.19026625997246
2015-10-07,NTPC,INE733E01010,,126.05,128.0,125.25,127.75,2820952,357205780.65,0.5661253778129023,72.32251701559827
2015-10-08,NTPC,INE733E01010,,127.9,128.25,125.3,126.0,2934389,371559271.8,0.5661253778129023,71.33179760442569
2015-10-09,NTPC,INE733E01010,,126.9,127.0,125.5,126.0,2718502,343303080.9,0.5661253778129023,71.33179760442569
2015-10-12,NTPC,INE733E01010,,129.0,129.0,125.7,127.25,1764956,223488789.25,0.5661253778129023,72.03945432669181
2015-10-13,NTPC,INE733E01010,,127.4,128.4,126.9,127.45,2088708,266418064.25,0.5661253778129023,72.15267940225439
2015-10-14,NTPC,INE733E01010,,127.4,128.1,125.2,125.85,2221529,282245568.55,0.5661253778129023,71.24687879775375
2015-10-15,NTPC,INE733E01010,,126.5,126.8,124.55,125.0,2270893,285516888.75,0.5661253778129023,70.76567222661279
2015-10-16,NTPC,INE733E01010,,125.3,127.95,125.2,126.8,16375709,2077707697.2,0.5661253778129023,71.784697906676
2015-10-19,NTPC,INE733E01010,,127.0,127.65,126.1,127.3,3480204,441639554.9,0.5661253778129023,72.06776059558246
2015-10-20,NTPC,INE733E01010,,127.35,129.8,126.7,127.95,4534079,582625873.85,0.5661253778129023,72.43574209116085
2015-10-21,NTPC,INE733E01010,,127.95,131.7,127.1,129.95,3523320,456963685.9,0.5661253778129023,73.56799284678665
2015-10-23,NTPC,INE733E01010,,131.1,133.95,131.1,132.65,3240376,431118397.8,0.5661253778129023,75.09653136688149
2015-10-26,NTPC,INE733E01010,,133.0,133.5,131.25,132.85,2128825,282150529.65,0.5661253778129023,75.20975644244406
2015-10-27,NTPC,INE733E01010,,132.2,133.25,131.1,132.65,7027571,932069264.9,0.5661253778129023,75.09653136688149
2015-10-28,NTPC,INE733E01010,,131.65,133.0,129.05,129.45,3707680,483589332.15,0.5661253778129023,73.2849301578802
2015-10-29,NTPC,INE733E01010,,130.05,131.2,127.3,127.95,8183414,1055857521.0,0.5661253778129023,72.43574209116085
2015-10-30,NTPC,INE733E01010,,128.05,137.65,128.05,132.8,9124375,1222605405.9,0.5661253778129023,75.18145017355343
2015-11-02,NTPC,INE733E01010,,132.45,133.3,129.7,132.7,9551710,1251099352.5,0.5661253778129023,75.12483763577212
2015-11-03,NTPC,INE733E01010,,133.0,137.8,133.0,135.7,9327334,1269176071.5,0.5661253778129023,76.82321376921084
2015-11-04,NTPC,INE733E01010,,136.25,136.5,134.55,135.05,3595862,487084882.8,0.5661253778129023,76.45523227363246
2015-11-05,NTPC,INE733E01010,,135.0,137.0,134.65,136.0,6411721,872367432.05,0.5661253778129023,76.99305138255471
2015-11-06,NTPC,INE733E01010,,138.5,139.3,134.4,135.55,6038018,821612398.15,0.5661253778129023,76.73829496253892
2015-11-09,NTPC,INE733E01010,,133.5,134.45,132.15,133.55,2502041,333782361.75,0.5661253778129023,75.60604420691311
2015-11-10,NTPC,INE733E01010,,133.4,134.75,130.35,131.35,2246276,295599984.8,0.5661253778129023,74.36056837572471
2015-11-13,NTPC,INE733E01010,,130.9,132.75,129.8,130.8,1822013,239032538.7,0.5661253778129023,74.04919941792762
2015-11-16,NTPC,INE733E01010,,130.3,132.0,129.8,131.2,2557892,335133119.7,0.5661253778129023,74.27564956905277
2015-11-17,NTPC,INE733E01010,,131.5,133.25,130.8,132.1,1692608,223301326.35,0.5661253778129023,74.78516240908439
2015-11-18,NTPC,INE733E01010,,132.1,135.15,132.0,132.9,7362540,988998714.5,0.5661253778129023,75.23806271133472
2015-11-19,NTPC,INE733E01010,,133.9,134.55,132.0,133.95,1414337,188710426.9,0.5661253778129023,75.83249435803826
2015-11-20,NTPC,INE733E01010,,134.0,134.95,133.4,134.15,3752899,503268676.15,0.5661253778129023,75.94571943360084
2015-11-23,NTPC,INE733E01010,,134.25,134.7,132.25,133.1,1325340,176310112.55,0.5661253778129023,75.35128778689729
2015-11-24,NTPC,INE733E01010,,132.8,133.75,130.85,131.15,1972690,260301851.05,0.5661253778129023,74.24734330016214
2015-11-26,NTPC,INE733E01010,,131.4,133.6,130.7,132.9,4895178,649146614.05,0.5661253778129023,75.23806271133472
2015-11-27,NTPC,INE733E01010,,133.5,134.0,132.25,132.7,3776775,502585167.25,0.5661253778129023,75.12483763577212
2015-11-30,NTPC,INE733E01010,,133.0,133.7,130.1,130.9,7462346,979943170.05,0.5661253778129023,74.10581195570892
2015-12-01,NTPC,INE733E01010,,131.1,132.9,131.0,132.65,1480439,195887148.85,0.5661253778129023,75.09653136688149
2015-12-02,NTPC,INE733E01010,,132.75,133.45,131.5,133.1,1296753,171681043.45,0.5661253778129023,75.35128778689729
2015-12-03,NTPC,INE733E01010,,132.85,134.9,132.4,133.5,2258527,302339549.85,0.5661253778129023,75.57773793802245
2015-12-04,NTPC,INE733E01010,,133.1,133.35,130.0,130.4,1691296,222461331.65,0.5661253778129023,73.82274926680246
2015-12-07,NTPC,INE733E01010,,130.0,131.05,128.0,130.2,2999591,387702196.0,0.5661253778129023,73.70952419123986
2015-12-08,NTPC,INE733E01010,,129.45,131.0,129.3,130.05,2348269,306114849.35,0.5661253778129023,73.62460538456794
2015-12-09,NTPC,INE733E01010,,130.45,132.25,128.9,130.15,3478391,454295137.15,0.5661253778129023,73.68121792234923
2015-12-10,NTPC,INE733E01010,,130.2,133.65,130.2,133.2,3907775,518888801.8,0.5661253778129023,75.40790032467858
2015-12-11,NTPC,INE733E01010,,133.45,133.45,131.65,132.75,6516314,863416216.35,0.5661253778129023,75.15314390466278
2015-12-14,NTPC,INE733E01010,,132.0,133.4,131.4,132.85,3243340,430470225.45,0.5661253778129023,75.20975644244406
2015-12-15,NTPC,INE733E01010,,132.5,133.25,130.5,131.8,1912248,252269115.6,0.5661253778129023,74.61532479574053
2015-12-16,NTPC,INE733E01010,,131.8,134.9,131.8,133.55,2356152,315236740.2,0.5661253778129023,75.60604420691311
2015-12-17,NTPC,INE733E01010,,134.5,136.4,134.25,135.55,4681371,632574380.85,0.5661253778129023,76.73829496253892
2015-12-18,NTPC,INE733E01010,,135.9,138.1,135.2,135.85,6022630,824282070.1,0.5661253778129023,76.90813257588277
2015-12-21,NTPC,INE733E01010,,135.0,137.4,135.0,136.4,2270586,310049288.8,0.5661253778129023,77.21950153367987
2015-12-22,NTPC,INE733E01010,,136.8,138.4,136.5,137.0,4321766,594349234.0,0.5661253778129023,77.55917676036762
2015-12-23,NTPC,INE733E01010,,137.2,139.8,137.2,139.0,2422165,336593785.15,0.5661253778129023,78.69142751599341
2015-12-24,NTPC,INE733E01010,,139.25,139.9,138.8,139.3,1845098,257095040.6,0.5661253778129023,78.8612651293373
2015-12-28,NTPC,INE733E01010,,139.3,144.7,139.3,143.95,5162618,736558147.5,0.5661253778129023,81.49374813616728
2015-12-29,NTPC,INE733E01010,,144.45,148.85,144.1,144.8,9858577,1437235601.25,0.5661253778129023,81.97495470730826
2015-12-30,NTPC,INE733E01010,,144.0,147.0,143.9,145.05,5883797,856336457.1,0.5661253778129023,82.11648605176148
2015-12-31,NTPC,INE733E01010,,145.05,146.9,144.05,146.25,5139521,749507778.6,0.5661253778129023,82.79583650513696
2016-01-01,NTPC,INE733E01010,,146.3,146.3,144.1,144.5,906633,131289033.2,0.5661253778129023,81.80511709396438
2016-01-04,NTPC,INE733E01010,,143.25,147.0,142.85,143.3,1383462,200090178.75,0.5661253778129023,81.1257666405889
2016-01-05,NTPC,INE733E01010,,144.7,145.65,142.0,142.25,1819511,261004221.35,0.5661253778129023,80.53133499388535
2016-01-06,NTPC,INE733E01010,,142.0,142.9,140.05,141.45,2129651,301589841.0,0.5661253778129023,80.07843469163502
2016-01-07,NTPC,INE733E01010,,140.9,140.9,137.05,137.85,3664338,507879072.0,0.5661253778129023,78.04038333150858
2016-01-08,NTPC,INE733E01010,,138.2,140.2,137.1,139.55,4166852,579329694.55,0.5661253778129023,79.00279647379053
2016-01-11,NTPC,INE733E01010,,137.25,142.95,137.25,141.6,7996423,1129364938.6,0.5661253778129023,80.16335349830696
2016-01-12,NTPC,INE733E01010,,143.5,145.9,142.75,145.2,4442817,642460950.9,0.5661253778129023,82.2014048584334
2016-01-13,NTPC,INE733E01010,,145.9,146.95,141.3,144.25,5279498,762935327.0,0.5661253778129023,81.66358574951116
2016-01-14,NTPC,INE733E01010,,142.9,144.6,140.3,143.2,2181174,311777512.0,0.5661253778129023,81.0691541028076
2016-01-15,NTPC,INE733E01010,,143.9,144.5,135.65,136.45,4844569,672598976.0,0.5661253778129023,77.2478078025705
2016-01-18,NTPC,INE733E01010,,135.9,138.55,133.25,134.6,5912308,800355885.05,0.5661253778129023,76.20047585361664
2016-01-19,NTPC,INE733E01010,,135.4,138.15,134.4,135.15,2730088,372291008.5,0.5661253778129023,76.51184481141375
2016-01-20,NTPC,INE733E01010,,134.3,134.8,130.8,132.2,4078265,540124982.05,0.5661253778129023,74.84177494686567
2016-01-21,NTPC,INE733E01010,,132.9,135.3,132.3,133.0,3060350,409011791.25,0.5661253778129023,75.29467524911601
2016-01-22,NTPC,INE733E01010,,135.05,139.3,134.15,138.15,3401368,466959069.55,0.5661253778129023,78.21022094485245
2016-01-25,NTPC,INE733E01010,,139.5,139.7,136.35,137.95,2706751,372660214.3,0.5661253778129023,78.09699586928987
2016-01-27,NTPC,INE733E01010,,139.8,144.6,138.45,143.75,5385172,764177715.3,0.5661253778129023,81.3805230606047
2016-01-28,NTPC,INE733E01010,,143.1,145.35,143.1,144.25,9123286,1317543532.75,0.5661253778129023,81.66358574951116
2016-01-29,NTPC,INE733E01010,,144.0,146.7,140.4,142.45,8003685,1150109738.45,0.5661253778129023,80.64456006944792
2016-02-01,NTPC,INE733E01010,,142.0,144.15,139.8,140.25,3977314,561394746.65,0.5661253778129023,79.39908423825955
2016-02-02,NTPC,INE733E01010,,140.0,140.5,132.75,134.05,4616742,631007245.65,0.5661253778129023,75.88910689581955
2016-02-03,NTPC,INE733E01010,,131.55,133.8,127.25,128.65,4507570,589442537.2,0.5661253778129023,72.83202985562988
2016-02-04,NTPC,INE733E01010,,130.0,131.1,124.6,125.9,7456658,941700083.1,0.5661253778129023,71.2751850666444
2016-02-05,NTPC,INE733E01010,,124.95,126.6,124.0,124.8,2431078,304643755.35,0.5734125910429959,71.5618913621659
2016-02-08,NTPC,INE733E01010,,124.8,125.9,122.75,123.25,2148836,267301944.25,0.5734125910429959,70.67310184604925
2016-02-09,NTPC,INE733E01010,,121.2,126.5,121.2,125.85,2358291,294038236.45,0.5734125910429959,72.16397458276103
2016-02-10,NTPC,INE733E01010,,125.0,126.2,123.7,124.75,2589067,322166849.05,0.5734125910429959,71.53322073261374
2016-02-11,NTPC,INE733E01010,,124.75,124.95,120.25,120.95,2455453,301463598.6,0.5734125910429959,69.35425288665036
2016-02-12,NTPC,INE733E01010,,121.0,125.75,120.15,123.95,3405396,420260500.15,0.5734125910429959,71.07449065977934
2016-02-15,NTPC,INE733E01010,,125.2,127.25,123.45,124.8,3715242,467552012.5,0.5734125910429959,71.5618913621659
2016-02-16,NTPC,INE733E01010,,126.75,131.1,124.2,127.75,5056615,650641324.3,0.5734125910429959,73.25345850574273
2016-02-17,NTPC,INE733E01010,,128.35,129.95,125.8,128.0,3489175,445813461.3,0.5734125910429959,73.39681165350348
2016-02-18,NTPC,INE733E01010,,129.45,130.25,125.25,127.5,2186063,279587324.9,0.5734125910429959,73.11010535798198
2016-02-19,NTPC,INE733E01010,,127.45,130.7,127.0,129.8,1505420,194658362.85,0.5734125910429959,74.42895431738087
2016-02-22,NTPC,INE733E01010,,132.85,132.85,126.05,127.0,2252826,289127959.75,0.5734125910429959,72.82339906246048
2016-02-23,NTPC,INE733E01010,,123.25,125.0,122.7,123.8,9645502,1197842662.7,0.5734125910429959,70.98847877112289
2016-02-24,NTPC,INE733E01010,,121.8,122.2,118.3,118.65,18069449,2170424374.75,0.5734125910429959,68.03540392725147
2016-02-25,NTPC,INE733E01010,,117.1,119.15,116.9,118.5,33751998,3983204210.65,0.5734125910429959,67.94939203859502
2016-02-26,NTPC,INE733E01010,,119.0,122.0,118.1,121.55,7030437,848658858.9,0.5734125910429959,69.69830044127615
2016-02-29,NTPC,INE733E01010,,121.9,121.9,117.75,119.5,5243125,627163219.6,0.5734125910429959,68.52280462963802
2016-03-01,NTPC,INE733E01010,,120.0,123.0,119.3,122.85,3993510,487064093.25,0.5734125910429959,70.44373680963204
2016-03-02,NTPC,INE733E01010,,123.7,127.75,122.3,126.8,5983768,754780536.8,0.5734125910429959,72.70871654425189
2016-03-03,NTPC,INE733E01010,,128.0,128.85,125.95,126.4,3468243,439947285.0,0.5734125910429959,72.47935150783469
2016-03-04,NTPC,INE733E01010,,127.5,127.65,124.0,126.05,6163323,777005177.95,0.5734125910429959,72.27865710096964
2016-03-08,NTPC,INE733E01010,,126.0,128.0,124.5,127.55,3501788,444965404.35,0.5734125910429959,73.13877598753413
2016-03-09,NTPC,INE733E01010,,127.3,127.7,126.1,126.55,3610320,457147679.05,0.5734125910429959,72.56536339649114
2016-03-10,NTPC,INE733E01010,,126.6,128.0,126.4,126.8,3393399,431719453.15,0.5734125910429959,72.70871654425189
2016-03-11,NTPC,INE733E01010,,126.8,128.75,125.65,126.4,2070540,263208407.75,0.5734125910429959,72.47935150783469
2016-03-14,NTPC,INE733E01010,,126.75,127.8,126.05,127.4,1829431,232304094.35,0.5734125910429959,73.05276409887769
2016-03-15,NTPC,INE733E01010,,127.7,127.9,126.0,127.3,2045259,259971989.05,0.5734125910429959,72.99542283977338
2016-03-16,NTPC,INE733E01010,,127.7,128.15,126.65,127.55,5037505,642287447.1,0.5734125910429959,73.13877598753413
2016-03-17,NTPC,INE733E01010,,127.4,128.25,126.0,126.85,4419211,563907023.75,0.5734125910429959,72.73738717380402
2016-03-18,NTPC,INE733E01010,,126.5,127.9,126.35,127.45,5329452,678932415.8,0.5734125910429959,73.08143472842983
2016-03-21,NTPC,INE733E01010,,127.45,128.7,126.3,127.15,2635169,335501013.2,0.5734125910429959,72.90941095111694
2016-03-22,NTPC,INE733E01010,,127.6,128.8,126.8,128.25,3655815,467745211.35,0.5734125910429959,73.54016480126423
2016-03-23,NTPC,INE733E01010,,128.25,128.3,126.85,127.35,2235192,284548217.25,0.5734125910429959,73.02409346932552
2016-03-28,NTPC,INE733E01010,,128.0,130.25,127.25,129.15,5268964,677144340.4,0.5734125910429959,74.05623613320293
2016-03-29,NTPC,INE733E01010,,129.65,130.05,126.85,127.3,4985326,639806319.75,0.5734125910429959,72.99542283977338
2016-03-30,NTPC,INE733E01010,,128.0,130.35,127.1,129.9,3817940,491168979.8,0.5734125910429959,74.48629557648518
2016-03-31,NTPC,INE733E01010,,129.8,131.85,128.35,128.85,10480120,1360104532.6,0.5734125910429959,73.88421235589001
2016-04-01,NTPC,INE733E01010,,128.7,131.0,128.3,129.95,5170593,669637308.65,0.5734125910429959,74.51496620603731
2016-04-04,NTPC,INE733E01010,,130.1,131.7,129.9,131.1,2272831,297056285.4,0.5734125910429959,75.17439068573677
2016-04-05,NTPC,INE733E01010,,131.1,131.85,126.55,126.85,3829148,492971036.75,0.5734125910429959,72.73738717380402
2016-04-06,NTPC,INE733E01010,,127.8,127.8,125.85,126.2,3780107,477678146.9,0.5734125910429959,72.36466898962608
2016-04-07,NTPC,INE733E01010,,126.3,126.85,125.05,126.55,7719915,972709626.0,0.5734125910429959,72.56536339649114
2016-04-08,NTPC,INE733E01010,,127.7,132.5,126.7,131.55,8302230,1072412870.9,0.5734125910429959,75.43242635170611
2016-04-11,NTPC,INE733E01010,,131.55,135.0,131.25,134.6,3728113,496871885.85,0.5734125910429959,77.18133475438725
2016-04-12,NTPC,INE733E01010,,134.7,136.3,132.95,135.5,3662462,493762922.7,0.5734125910429959,77.69740608632594
2016-04-13,NTPC,INE733E01010,,136.5,137.85,136.25,137.15,3784208,519387334.95,0.5734125910429959,78.64353686154689
2016-04-18,NTPC,INE733E01010,,139.4,139.9,136.0,139.5,4901011,678146404.85,0.5734125910429959,79.99105645049794
2016-04-20,NTPC,INE733E01010,,139.5,141.75,139.1,141.3,3284647,462763655.4,0.5734125910429959,81.02319911437533
2016-04-21,NTPC,INE733E01010,,141.75,142.6,140.65,141.15,4899060,693151633.25,0.5734125910429959,80.93718722571887
2016-04-22,NTPC,INE733E01010,,140.4,144.0,140.05,143.65,4920080,703500299.95,0.5734125910429959,82.37071870332636
2016-04-25,NTPC,INE733E01010,,143.8,143.85,138.05,140.35,3131479,437541943.95,0.5734125910429959,80.47845715288447
2016-04-26,NTPC,INE733E01010,,139.4,141.6,139.0,140.2,5098938,716460961.35,0.5734125910429959,80.39244526422802
2016-04-27,NTPC,INE733E01010,,140.5,141.25,139.8,140.7,1844207,259427193.95,0.5734125910429959,80.67915155974951
2016-04-28,NTPC,INE733E01010,,140.85,141.45,136.8,137.15,6318537,877759685.45,0.5734125910429959,78.64353686154689
2016-04-29,NTPC,INE733E01010,,137.9,140.55,136.1,139.3,4010127,553200914.5,0.5734125910429959,79.87637393228934
2016-05-02,NTPC,INE733E01010,,139.3,140.3,134.8,138.55,2258552,311019845.45,0.5734125910429959,79.4463144890071
2016-05-03,NTPC,INE733E01010,,138.2,141.5,135.45,136.55,4268833,589719351.95,0.5734125910429959,78.2994893069211
2016-05-04,NTPC,INE733E01010,,136.3,139.35,136.3,138.8,6297885,873226709.25,0.5734125910429959,79.58966763676784
2016-05-05,NTPC,INE733E01010,,139.4,140.75,138.85,139.7,3977127,555977239.05,0.5734125910429959,80.10573896870652
2016-05-06,NTPC,INE733E01010,,139.75,140.45,137.85,140.0,3286145,458158209.5,0.5734125910429959,80.27776274601943
2016-05-09,NTPC,INE733E01010,,140.0,144.8,140.0,143.2,6668433,950080172.8,0.5734125910429959,82.112683037357
2016-05-10,NTPC,INE733E01010,,143.4,143.4,140.1,140.65,4168499,589128595.7,0.5734125910429959,80.65048093019738
2016-05-11,NTPC,INE733E01010,,140.65,143.6,139.4,141.5,4472044,634024412.6,0.5734125910429959,81.13788163258393
2016-05-12,NTPC,INE733E01010,,141.05,142.8,140.0,141.45,2443032,346327390.35,0.5734125910429959,81.10921100303176
2016-05-13,NTPC,INE733E01010,,140.5,141.7,140.1,141.0,2626770,369949761.45,0.5734125910429959,80.85117533706243
2016-05-16,NTPC,INE733E01010,,141.0,141.4,139.1,140.1,5114616,714871460.75,0.5734125910429959,80.33510400512372
2016-05-17,NTPC,INE733E01010,,140.5,141.6,136.15,137.0,7427725,1023653508.15,0.5734125910429959,78.55752497289043
2016-05-18,NTPC,INE733E01010,,136.9,138.05,135.55,136.1,5082890,694834843.2,0.5734125910429959,78.04145364095174
2016-05-19,NTPC,INE733E01010,,135.8,136.0,133.4,135.35,4587021,617882406.55,0.5734125910429959,77.6113941976695
2016-05-20,NTPC,INE733E01010,,135.35,137.4,135.3,136.9,4718448,645324750.9,0.5734125910429959,78.50018371378614
2016-05-23,NTPC,INE733E01010,,137.25,138.0,135.3,135.7,2462998,336468912.2,0.5734125910429959,77.81208860453454
2016-05-24,NTPC,INE733E01010,,136.1,140.3,136.0,138.5,4872132,677509200.7,0.5734125910429959,79.41764385945493
2016-05-25,NTPC,INE733E01010,,139.1,142.0,139.05,141.85,2499741,351973370.35,0.5734125910429959,81.33857603944897
2016-05-26,NTPC,INE733E01010,,141.1,142.5,139.35,141.2,8037807,1133124867.65,0.5734125910429959,80.96585785527101
2016-05-27,NTPC,INE733E01010,,141.5,141.7,139.4,140.1,2660500,372842495.7,0.5734125910429959,80.33510400512372
2016-05-30,NTPC,INE733E01010,,140.35,145.8,137.65,143.6,9543936,1351219018.1,0.5734125910429959,82.34204807377421
2016-05-31,NTPC,INE733E01010,,144.1,147.95,139.9,143.15,41379162,5946510030.3,0.5734125910429959,82.08401240780486
2016-06-01,NTPC,INE733E01010,,142.9,145.2,141.55,144.6,4648508,667809864.4,0.5734125910429959,82.9154606648172
2016-06-02,NTPC,INE733E01010,,144.3,145.95,144.0,144.95,3241759,470199363.7,0.5734125910429959,83.11615507168226
2016-06-03,NTPC,INE733E01010,,145.0,149.3,144.95,147.6,4359055,641637903.05,0.5734125910429959,84.63569843794619
2016-06-06,NTPC,INE733E01010,,148.0,148.35,146.4,147.1,2567409,377754688.35,0.5734125910429959,84.34899214242469
2016-06-07,NTPC,INE733E01010,,147.5,149.2,147.05,148.45,3467468,514508934.35,0.5734125910429959,85.12309914033274
2016-06-08,NTPC,INE733E01010,,148.8,149.65,147.2,148.15,3038238,450194108.45,0.5734125910429959,84.95107536301985
2016-06-09,NTPC,INE733E01010,,148.3,152.3,148.25,151.05,5910219,892290248.4,0.5734125910429959,86.61397187704453
2016-06-10,NTPC,INE733E01010,,151.0,152.75,150.05,151.5,2348726,356267766.25,0.5734125910429959,86.87200754301388
2016-06-13,NTPC,INE733E01010,,150.0,150.65,148.15,148.75,1152598,171756947.0,0.5734125910429959,85.29512291764564
2016-06-14,NTPC,INE733E01010,,148.35,149.15,147.1,148.25,2247105,332690283.85,0.5734125910429959,85.00841662212414
2016-06-15,NTPC,INE733E01010,,148.55,155.0,148.55,154.15,3819732,578898586.4,0.5734125910429959,88.39155090927783
2016-06-16,NTPC,INE733E01010,,154.15,154.5,150.1,151.8,3128043,473807458.65,0.5734125910429959,87.04403132032678
2016-06-17,NTPC,INE733E01010,,152.1,153.15,151.15,152.3,3030243,460938633.85,0.5734125910429959,87.33073761584828
2016-06-20,NTPC,INE733E01010,,150.75,154.95,150.75,154.45,2316557,355440472.95,0.5734125910429959,88.56357468659071
2016-06-21,NTPC,INE733E01010,,154.1,154.6,151.15,151.8,2654967,404300671.4,0.5734125910429959,87.04403132032678
2016-06-22,NTPC,INE733E01010,,152.0,153.35,150.2,152.6,2465046,374967899.0,0.5734125910429959,87.50276139316118
2016-06-23,NTPC,INE733E01010,,148.0,149.9,146.35,149.1,6374952,943461518.75,0.5734125910429959,85.49581732451068
2016-06-24,NTPC,INE733E01010,,145.95,149.95,143.25,149.2,2975725,439114492.4,0.5734125910429959,85.55315858361499
2016-06-27,NTPC,INE733E01010,,147.0,151.4,147.0,149.2,2373070,356189225.25,0.5734125910429959,85.55315858361499
2016-06-28,NTPC,INE733E01010,,150.6,150.65,147.15,148.0,2721133,402656621.45,0.5734125910429959,84.8650634743634
2016-06-29,NTPC,INE733E01010,,148.0,152.5,148.0,152.1,3055594,461670188.15,0.5734125910429959,87.21605509763968
2016-06-30,NTPC,INE733E01010,,152.45,157.0,152.35,156.3,7742834,1204233584.95,0.5734125910429959,89.62438798002027
2016-07-01,NTPC,INE733E01010,,155.3,157.6,155.0,156.75,2518848,394005660.65,0.5734125910429959,89.8824236459896
2016-07-04,NTPC,INE733E01010,,156.0,158.0,154.25,155.95,2920418,455134316.8,0.5734125910429959,89.4236935731552
2016-07-05,NTPC,INE733E01010,,155.9,155.9,152.25,152.6,2756392,422188048.6,0.5734125910429959,87.50276139316118
2016-07-07,NTPC,INE733E01010,,152.6,154.15,150.0,152.9,5160955,780540118.9,0.5734125910429959,87.67478517047408
2016-07-08,NTPC,INE733E01010,,152.25,154.45,150.65,153.8,1493886,228044924.1,0.5734125910429959,88.19085650241277
2016-07-11,NTPC,INE733E01010,,155.1,158.7,155.1,157.65,3070692,484303255.95,0.5734125910429959,90.39849497792831
2016-07-12,NTPC,INE733E01010,,157.7,159.35,157.35,158.3,2132215,337821760.4,0.5734125910429959,90.77121316210626
2016-07-13,NTPC,INE733E01010,,159.1,159.4,156.6,157.65,3126686,492583715.25,0.5734125910429959,90.39849497792831
2016-07-14,NTPC,INE733E01010,,156.75,159.2,156.75,158.7,2889372,456868132.3,0.5734125910429959,91.00057819852344
2016-07-15,NTPC,INE733E01010,,142.85,156.75,142.85,156.25,20806315,3211097401.8,0.5734125910429959,89.5957173504681
2016-07-18,NTPC,INE733E01010,,156.0,156.8,154.65,155.6,3065784,476943431.55,0.5734125910429959,89.22299916629017
2016-07-19,NTPC,INE733E01010,,155.5,156.6,154.75,156.2,2722116,423535147.55,0.5734125910429959,89.56704672091595
2016-07-20,NTPC,INE733E01010,,156.2,158.0,155.45,157.35,3123038,490702330.6,0.5734125910429959,90.2264712006154
2016-07-21,NTPC,INE733E01010,,158.0,158.15,154.4,154.9,3001821,467962719.2,0.5734125910429959,88.82161035256007
2016-07-22,NTPC,INE733E01010,,155.0,157.1,154.1,156.6,3699457,578801412.45,0.5734125910429959,89.79641175733316
2016-07-25,NTPC,INE733E01010,,156.0,158.0,156.0,157.5,2301904,362626449.75,0.5734125910429959,90.31248308927185
2016-07-26,NTPC,INE733E01010,,157.8,158.85,157.1,158.1,1992769,315171532.6,0.5734125910429959,90.65653064389765
2016-07-27,NTPC,INE733E01010,,158.9,160.4,157.1,159.05,3185071,506097557.7,0.5734125910429959,91.20127260538851
2016-07-28,NTPC,INE733E01010,,159.1,160.0,156.3,158.6,8004742,1269938465.85,0.5734125910429959,90.94323693941915
2016-07-29,NTPC,INE733E01010,,158.15,160.0,157.05,158.35,2519585,398444080.9,0.5734125910429959,90.7998837916584
2016-08-01,NTPC,INE733E01010,,158.6,160.0,157.45,159.4,3866693,614668486.85,0.5734125910429959,91.40196701225355
2016-08-02,NTPC,INE733E01010,,159.9,160.8,158.5,159.35,2300727,367441571.0,0.5734125910429959,91.3732963827014
2016-08-03,NTPC,INE733E01010,,158.9,159.35,156.7,157.5,2822822,444942966.2,0.5734125910429959,90.31248308927185
2016-08-04,NTPC,INE733E01010,,157.35,159.5,157.35,159.05,2505885,397562422.5,0.5734125910429959,91.20127260538851
2016-08-05,NTPC,INE733E01010,,160.0,163.0,159.05,161.45,2618388,420396141.05,0.5734125910429959,92.57746282389168
2016-08-08,NTPC,INE733E01010,,162.05,162.05,158.9,159.85,2117821,338715546.45,0.5734125910429959,91.6600026782229
2016-08-09,NTPC,INE733E01010,,159.55,162.25,159.15,159.85,2979133,478161244.85,0.5734125910429959,91.6600026782229
2016-08-10,NTPC,INE733E01010,,160.6,161.6,156.75,157.9,3266508,522366189.2,0.5734125910429959,90.54184812568906
2016-08-11,NTPC,INE733E01010,,159.0,160.0,157.2,159.55,1789236,283753356.8,0.5734125910429959,91.48797890091001
2016-08-12,NTPC,INE733E01010,,159.5,161.3,159.25,160.55,2328171,373110541.35,0.5734125910429959,92.061391491953
2016-08-16,NTPC,INE733E01010,,160.25,162.2,159.7,161.35,4280599,689771293.2,0.5734125910429959,92.52012156478739
2016-08-17,NTPC,INE733E01010,,160.55,162.0,160.1,161.55,1378161,222029120.8,0.5734125910429959,92.634804082996
2016-08-18,NTPC,INE733E01010,,161.75,168.75,161.6,166.8,7346473,1208701959.7,0.5734125910429959,95.64522018597172
2016-08-19,NTPC,INE733E01010,,167.65,170.0,165.85,166.75,4329651,727628507.1,0.5734125910429959,95.61654955641957
2016-08-22,NTPC,INE733E01010,,167.9,168.8,162.3,163.65,7453081,1224720719.25,0.5734125910429959,93.83897052418628
2016-08-23,NTPC,INE733E01010,,163.2,163.6,157.75,159.0,6543437,1055119516.7,0.5734125910429959,91.17260197583634
2016-08-24,NTPC,INE733E01010,,158.75,163.55,158.1,161.3,5657930,914619503.4,0.5734125910429959,92.49145093523525
2016-08-25,NTPC,INE733E01010,,160.7,161.5,158.1,158.65,7029156,1121548562.35,0.5734125910429959,90.9719075689713
2016-08-26,NTPC,INE733E01010,,158.9,159.8,157.25,157.9,3297802,522486724.15,0.5734125910429959,90.54184812568906
2016-08-29,NTPC,INE733E01010,,158.0,160.0,156.8,159.55,1372318,217671245.45,0.5734125910429959,91.48797890091001
2016-08-30,NTPC,INE733E01010,,160.0,162.3,158.85,161.75,2427763,389622582.4,0.5734125910429959,92.7494866012046
2016-08-31,NTPC,INE733E01010,,160.3,162.25,158.55,159.25,9249400,1477923039.2,0.5734125910429959,91.31595512359709
2016-09-01,NTPC,INE733E01010,,159.7,160.65,158.0,158.75,2819201,450200026.95,0.5734125910429959,91.0292488280756
2016-09-02,NTPC,INE733E01010,,159.2,160.8,157.75,160.0,3916684,625434895.8,0.5734125910429959,91.74601456687935
2016-09-06,NTPC,INE733E01010,,160.5,164.0,160.5,163.55,4394957,715390402.2,0.5734125910429959,93.78162926508199
2016-09-07,NTPC,INE733E01010,,163.2,163.6,160.55,161.25,2543139,411227853.75,0.5734125910429959,92.4627803056831
2016-09-08,NTPC,INE733E01010,,159.1,162.0,159.05,159.75,2438354,391850190.45,0.5797039517597686,92.60770629362304
2016-09-09,NTPC,INE733E01010,,160.0,160.9,158.4,158.8,2126028,339532479.25,0.5797039517597686,92.05698753945127
2016-09-12,NTPC,INE733E01010,,156.8,158.2,152.25,152.85,3140374,486727146.25,0.5797039517597686,88.60774902648063
2016-09-14,NTPC,INE733E01010,,152.0,156.6,152.0,155.7,3210698,499769063.35,0.5797039517597686,90.25990528899597
2016-09-15,NTPC,INE733E01010,,156.4,157.0,152.35,153.4,2688932,413520728.7,0.5797039517597686,88.92658619994852
2016-09-16,NTPC,INE733E01010,,154.55,156.95,152.4,153.05,6552680,1007421628.1,0.5797039517597686,88.72368981683259
2016-09-19,NTPC,INE733E01010,,153.7,156.0,152.85,155.15,1850670,286310568.4,0.5797039517597686,89.94106811552811
2016-09-20,NTPC,INE733E01010,,154.9,155.0,153.0,153.4,3064785,471195725.25,0.5797039517597686,88.92658619994852
2016-09-21,NTPC,INE733E01010,,153.2,155.4,153.2,154.0,2773523,427775487.8,0.5797039517597686,89.27440857100437
2016-09-22,NTPC,INE733E01010,,156.75,157.3,155.0,157.0,2397711,375563687.4,0.5797039517597686,91.01352042628368
2016-09-23,NTPC,INE733E01010,,157.2,158.0,156.3,156.9,3864274,607601408.1,0.5797039517597686,90.9555500311077
2016-09-26,NTPC,INE733E01010,,155.5,156.5,151.3,152.15,4630941,711395807.0,0.5797039517597686,88.2019562602488
2016-09-27,NTPC,INE733E01010,,152.05,153.35,151.0,152.2,2450812,373067067.15,0.5797039517597686,88.23094145783678
2016-09-28,NTPC,INE733E01010,,152.5,153.6,152.15,152.7,1970697,301085224.1,0.5797039517597686,88.52079343371666
2016-09-29,NTPC,INE733E01010,,153.3,153.75,148.25,149.45,7538387,1131359244.25,0.5797039517597686,86.63675559049742
2016-09-30,NTPC,INE733E01010,,149.2,151.85,147.3,148.0,3264954,487685546.2,0.5797039517597686,85.79618486044576
2016-10-03,NTPC,INE733E01010,,148.75,151.65,148.5,150.6,2048801,307840495.15,0.5797039517597686,87.30341513502115
2016-10-04,NTPC,INE733E01010,,150.8,152.85,150.45,152.25,2993822,452779839.65,0.5797039517597686,88.25992665542478
2016-10-05,NTPC,INE733E01010,,153.25,153.8,150.35,152.45,2883460,438875703.05,0.5797039517597686,88.37586744577672
2016-10-06,NTPC,INE733E01010,,153.2,153.85,148.5,148.95,4235921,639327617.25,0.5797039517597686,86.34690361461753
2016-10-07,NTPC,INE733E01010,,149.0,150.15,147.7,148.3,2354100,350442165.75,0.5797039517597686,85.97009604597369
2016-10-10,NTPC,INE733E01010,,148.8,149.45,145.9,146.65,4798163,704113756.5,0.5797039517597686,85.01358452557007
2016-10-13,NTPC,INE733E01010,,147.0,147.0,143.3,144.75,6351747,920436388.95,0.5797039517597686,83.91214701722652
2016-10-14,NTPC,INE733E01010,,145.3,145.6,143.5,145.0,3260310,471498566.55,0.5797039517597686,84.05707300516646
2016-10-17,NTPC,INE733E01010,,147.0,148.6,146.1,147.5,7877580,1157986411.95,0.5797039517597686,85.50633288456588
2016-10-18,NTPC,INE733E01010,,148.0,148.8,147.15,148.0,8624846,1276590614.55,0.5797039517597686,85.79618486044576
2016-10-19,NTPC,INE733E01010,,148.45,150.2,147.65,149.05,6718682,998440386.95,0.5797039517597686,86.40487400979352
2016-10-20,NTPC,INE733E01010,,149.75,149.9,148.35,149.0,2666676,397858926.25,0.5797039517597686,86.37588881220553
2016-10-21,NTPC,INE733E01010,,148.4,150.0,148.4,149.5,1520722,226857313.4,0.5797039517597686,86.66574078808542
2016-10-24,NTPC,INE733E01010,,149.85,152.0,149.7,151.35,1108296,167576920.25,0.5797039517597686,87.73819309884098
2016-10-25,NTPC,INE733E01010,,150.6,152.55,149.55,152.0,1694968,256214070.05,0.5797039517597686,88.11500066748484
2016-10-26,NTPC,INE733E01010,,151.45,152.9,151.1,151.85,1615435,245271718.15,0.5797039517597686,88.02804507472086
2016-10-27,NTPC,INE733E01010,,151.7,152.8,150.5,151.7,2751691,417293141.5,0.5797039517597686,87.9410894819569
2016-10-28,NTPC,INE733E01010,,151.9,154.95,150.25,152.25,6114822,932778985.35,0.5797039517597686,88.25992665542478
2016-11-01,NTPC,INE733E01010,,151.7,156.55,150.7,155.0,3399012,522392345.6,0.5797039517597686,89.85411252276414
2016-11-02,NTPC,INE733E01010,,153.95,157.6,153.15,156.5,6798198,1064080806.7,0.5797039517597686,90.72366845040379
2016-11-03,NTPC,INE733E01010,,156.8,157.3,152.5,153.05,3610018,557344319.5,0.5797039517597686,88.72368981683259
2016-11-04,NTPC,INE733E01010,,153.6,155.5,152.8,153.5,1995230,307373536.7,0.5797039517597686,88.98455659512449
2016-11-07,NTPC,INE733E01010,,154.15,156.9,153.35,155.1,3806085,592157232.9,0.5797039517597686,89.91208291794011
2016-11-08,NTPC,INE733E01010,,155.4,156.6,153.55,154.15,3741753,582393549.0,0.5797039517597686,89.36136416376834
2016-11-09,NTPC,INE733E01010,,147.7,156.0,145.6,154.1,6848484,1037079282.7,0.5797039517597686,89.33237896618034
2016-11-10,NTPC,INE733E01010,,155.5,156.35,154.05,154.8,3688992,571216354.3,0.5797039517597686,89.7381717324122
2016-11-11,NTPC,INE733E01010,,154.0,154.0,150.8,151.7,3034553,460841878.95,0.5797039517597686,87.9410894819569
2016-11-15,NTPC,INE733E01010,,151.4,152.55,149.0,150.15,3397759,509922167.05,0.5797039517597686,87.04254835672927
2016-11-16,NTPC,INE733E01010,,151.3,151.8,149.25,150.15,2820306,423891559.9,0.5797039517597686,87.04254835672927
2016-11-17,NTPC,INE733E01010,,150.0,152.7,149.2,151.8,5407264,814832624.7,0.5797039517597686,87.99905987713288
2016-11-18,NTPC,INE733E01010,,152.7,160.0,152.15,159.05,11036467,1739920564.9,0.5797039517597686,92.20191352739121
2016-11-21,NTPC,INE733E01010,,159.0,159.85,154.45,154.9,8240283,1293440298.4,0.5797039517597686,89.79614212758817
2016-11-22,NTPC,INE733E01010,,156.0,156.1,151.05,154.1,8815441,1351022057.6,0.5797039517597686,89.33237896618034
2016-11-23,NTPC,INE733E01010,,154.4,161.0,150.95,159.85,8461090,1330750892.65,0.5797039517597686,92.66567668879901
2016-11-24,NTPC,INE733E01010,,158.8,160.0,155.15,157.0,4259461,667489210.25,0.5797039517597686,91.01352042628368
2016-11-25,NTPC,INE733E01010,,157.95,162.45,155.5,161.5,4832227,773530405.5,0.5797039517597686,93.62218820920263
2016-11-28,NTPC,INE733E01010,,160.1,164.95,160.1,164.35,3835996,627955457.25,0.5797039517597686,95.27434447171797
2016-11-29,NTPC,INE733E01010,,164.5,165.2,162.2,163.0,5128976,838982456.1,0.5797039517597686,94.49174413684229
2016-11-30,NTPC,INE733E01010,,163.2,164.0,161.75,163.15,8062285,1310696578.75,0.5797039517597686,94.57869972960626
2016-12-01,NTPC,INE733E01010,,163.15,164.95,161.15,161.9,3140090,512766104.25,0.5797039517597686,93.85406978990655
2016-12-02,NTPC,INE733E01010,,161.95,162.95,159.8,161.65,2927778,471279884.45,0.5797039517597686,93.7091438019666
2016-12-05,NTPC,INE733E01010,,160.55,163.2,160.55,162.45,2851876,462733189.35,0.5797039517597686,94.1729069633744
2016-12-06,NTPC,INE733E01010,,163.0,165.55,162.3,163.1,4461534,732696349.8,0.5797039517597686,94.54971453201826
2016-12-07,NTPC,INE733E01010,,163.85,165.8,162.5,163.15,3074564,504041335.8,0.5797039517597686,94.57869972960626
2016-12-08,NTPC,INE733E01010,,163.95,165.15,161.3,163.05,3462357,563313192.1,0.5797039517597686,94.52072933443029
2016-12-09,NTPC,INE733E01010,,163.45,164.4,161.1,164.05,2067989,336665449.5,0.5797039517597686,95.10043328619005
2016-12-12,NTPC,INE733E01010,,163.9,168.0,163.55,165.45,3103394,515878273.65,0.5797039517597686,95.91201881865372
2016-12-13,NTPC,INE733E01010,,166.35,167.0,163.05,164.8,2958921,487506701.25,0.5797039517597686,95.53521125000988
2016-12-14,NTPC,INE733E01010,,165.1,166.4,163.05,163.55,2795231,461934623.65,0.5797039517597686,94.81058131031017
2016-12-15,NTPC,INE733E01010,,162.7,164.55,159.75,160.2,2795144,451900120.35,0.5797039517597686,92.86857307191492
2016-12-16,NTPC,INE733E01010,,160.45,162.2,159.55,160.0,3607663,579899105.6,0.5797039517597686,92.75263228156298
2016-12-19,NTPC,INE733E01010,,161.0,161.25,159.25,159.9,2619261,419397923.75,0.5797039517597686,92.69466188638701
2016-12-20,NTPC,INE733E01010,,160.9,162.5,160.5,161.85,2401789,388414913.45,0.5797039517597686,93.82508459231855
2016-12-21,NTPC,INE733E01010,,162.35,164.9,161.05,163.65,3199020,522563889.1,0.5797039517597686,94.86855170548614
2016-12-22,NTPC,INE733E01010,,163.35,164.1,160.0,160.5,2415571,390221379.65,0.5797039517597686,93.04248425744287
2016-12-23,NTPC,INE733E01010,,160.1,161.85,157.9,161.05,2516041,403906358.8,0.5797039517597686,93.36132143091075
2016-12-26,NTPC,INE733E01010,,160.1,162.15,159.35,159.95,2402932,385599755.85,0.5797039517597686,92.72364708397498
2016-12-27,NTPC,INE733E01010,,159.9,161.45,159.5,160.4,2614943,419944786.65,0.5797039517597686,92.9845138622669
2016-12-28,NTPC,INE733E01010,,160.4,162.3,160.0,160.75,2165454,349015062.2,0.5797039517597686,93.18741024538281
2016-12-29,NTPC,INE733E01010,,160.5,164.25,160.5,163.55,4980014,810915703.1,0.5797039517597686,94.81058131031017
2016-12-30,NTPC,INE733E01010,,163.2,165.45,163.0,164.75,3536717,582768390.55,0.5797039517597686,95.50622605242188
2017-01-02,NTPC,INE733E01010,,165.05,167.15,164.4,164.8,2626822,433908870.8,0.5797039517597686,95.53521125000988
2017-01-03,NTPC,INE733E01010,,164.9,166.25,164.25,165.45,2040418,337654642.65,0.5797039517597686,95.91201881865372
2017-01-04,NTPC,INE733E01010,,165.05,167.5,164.35,164.85,3107781,515135641.65,0.5797039517597686,95.56419644759785
2017-01-05,NTPC,INE733E01010,,164.05,166.3,164.05,165.0,5544134,916762809.05,0.5797039517597686,95.65115204036182
2017-01-06,NTPC,INE733E01010,,165.05,166.3,163.6,164.0,4122870,679937937.75,0.5797039517597686,95.07144808860205
2017-01-09,NTPC,INE733E01010,,164.0,164.3,161.1,163.05,3808047,617841032.7,0.5797039517597686,94.52072933443029
2017-01-10,NTPC,INE733E01010,,163.35,163.8,161.7,162.3,2019850,328940191.2,0.5797039517597686,94.08595137061046
2017-01-11,NTPC,INE733E01010,,163.0,164.8,161.85,164.5,2303003,375841829.7,0.5797039517597686,95.36130006448194
2017-01-12,NTPC,INE733E01010,,165.0,174.35,164.5,173.7,10115458,1734601141.25,0.5797039517597686,100.69457642067181
2017-01-13,NTPC,INE733E01010,,174.9,175.0,170.65,171.0,5360790,921002345.0,0.5797039517597686,99.12937575092043
2017-01-16,NTPC,INE733E01010,,169.35,173.15,169.0,170.65,4633778,794483168.8,0.5797039517597686,98.92647936780452
2017-01-17,NTPC,INE733E01010,,171.3,176.2,170.25,175.7,6560938,1139285889.35,0.5797039517597686,101.85398432419134
2017-01-18,NTPC,INE733E01010,,176.0,176.25,172.0,172.75,5176276,899506318.3,0.5797039517597686,100.14385766650003
2017-01-19,NTPC,INE733E01010,,173.0,175.0,171.75,174.15,6564354,1136461001.3,0.5797039517597686,100.9554431989637
2017-01-20,NTPC,INE733E01010,,173.7,174.1,169.8,170.45,3643869,625008048.95,0.5797039517597686,98.81053857745256
2017-01-23,NTPC,INE733E01010,,170.0,172.45,169.2,169.6,3768913,640914715.95,0.5797039517597686,98.31779021845675
2017-01-24,NTPC,INE733E01010,,169.7,174.2,169.7,172.35,6008034,1037408454.8,0.5797039517597686,99.91197608579613
2017-01-25,NTPC,INE733E01010,,172.55,173.5,170.45,171.35,10929321,1875854313.0,0.5797039517597686,99.33227213403636
2017-01-27,NTPC,INE733E01010,,171.5,178.25,171.4,177.5,5076143,890817727.3,0.5797039517597686,102.89745143735894
2017-01-30,NTPC,INE733E01010,,176.85,177.9,174.5,175.7,4597103,809759293.0,0.5797039517597686,101.85398432419134
2017-01-31,NTPC,INE733E01010,,176.0,177.7,171.75,172.35,6200997,1081546075.75,0.5797039517597686,99.91197608579613
2017-02-01,NTPC,INE733E01010,,172.65,173.3,169.3,170.9,8664278,1480384691.9,0.5797039517597686,99.07140535574446
2017-02-02,NTPC,INE733E01010,,172.7,176.0,171.75,172.55,5952054,1034274249.1,0.5797039517597686,100.02791687614808
2017-02-03,NTPC,INE733E01010,,172.5,173.65,171.45,171.95,3441195,592186570.95,0.5797039517597686,99.68009450509221
2017-02-06,NTPC,INE733E01010,,172.5,174.9,172.1,173.6,5069071,880565654.05,0.5797039517597686,100.63660602549584
2017-02-07,NTPC,INE733E01010,,172.8,175.5,172.35,173.0,5515768,960291785.85,0.5797039517597686,100.28878365443997
2017-02-08,NTPC,INE733E01010,,174.4,175.25,170.25,171.9,8516713,1473742662.8,0.5797039517597686,99.65110930750423
2017-02-09,NTPC,INE733E01010,,171.9,173.95,167.4,168.2,6253450,1063938492.9,0.5797039517597686,97.50620468599308
2017-02-10,NTPC,INE733E01010,,169.25,171.65,168.65,170.35,3986035,677910370.9,0.5797039517597686,98.75256818227658
2017-02-13,NTPC,INE733E01010,,170.95,173.1,170.95,172.5,6150727,1058321442.75,0.5797039517597686,99.99893167856008
2017-02-14,NTPC,INE733E01010,,172.9,172.9,169.9,170.85,4311748,739662657.95,0.5797039517597686,99.04242015815647
2017-02-15,NTPC,INE733E01010,,168.75,170.6,168.3,169.05,3825977,647751711.75,0.5886972191996938,99.51926490570824
2017-02-16,NTPC,INE733E01010,,169.5,170.85,169.1,170.3,3374642,573780197.4,0.5886972191996938,100.25513642970785
2017-02-17,NTPC,INE733E01010,,170.7,170.95,168.85,169.75,2723726,463686294.75,0.5886972191996938,99.93135295914801
2017-02-20,NTPC,INE733E01010,,170.0,172.6,169.5,171.8,6132019,1049962185.25,0.5886972191996938,101.1381822585074
2017-02-21,NTPC,INE733E01010,,171.95,173.05,170.55,172.5,1805837,310876112.8,0.5886972191996938,101.55027031194717
2017-02-22,NTPC,INE733E01010,,173.85,174.0,165.95,166.7,6782189,1146802998.65,0.5886972191996938,98.13582644058894
2017-02-23,NTPC,INE733E01010,,167.4,167.4,164.05,165.5,6705491,1109206028.45,0.5886972191996938,97.42938977754932
2017-02-27,NTPC,INE733E01010,,166.15,166.45,163.6,165.4,7375490,1219547409.1,0.5886972191996938,97.37052005562936
2017-02-28,NTPC,INE733E01010,,166.0,166.15,162.25,162.95,14041822,2296195791.8,0.5886972191996938,95.9282118685901
2017-03-01,NTPC,INE733E01010,,163.45,164.3,159.0,159.95,9818253,1579960883.55,0.5886972191996938,94.162120210991
2017-03-02,NTPC,INE733E01010,,160.9,160.9,155.25,155.95,13656800,2156106353.6,0.5886972191996938,91.80733133419224
2017-03-03,NTPC,INE733E01010,,155.95,157.2,154.7,156.1,8147364,1269663261.95,0.5886972191996938,91.8956359170722
2017-03-06,NTPC,INE733E01010,,156.9,159.0,156.1,158.4,4190352,662294371.9,0.5886972191996938,93.2496395212315
2017-03-07,NTPC,INE733E01010,,160.0,160.05,157.0,157.4,4016855,635795345.3,0.5886972191996938,92.6609423020318
2017-03-08,NTPC,INE733E01010,,157.6,158.55,156.25,157.1,3044279,478500272.05,0.5886972191996938,92.48433313627189
2017-03-09,NTPC,INE733E01010,,156.65,159.25,155.6,158.3,4666958,733818204.05,0.5886972191996938,93.19076979931152
2017-03-10,NTPC,INE733E01010,,158.35,159.45,156.4,157.1,2418661,382287587.75,0.5886972191996938,92.48433313627189
2017-03-14,NTPC,INE733E01010,,160.45,160.95,158.1,159.6,4589005,731537859.6,0.5886972191996938,93.95607618427113
2017-03-15,NTPC,INE733E01010,,159.5,160.0,158.3,158.65,2531914,402315669.25,0.5886972191996938,93.39681382603142
2017-03-16,NTPC,INE733E01010,,159.45,161.5,159.05,161.25,3279626,526980070.9,0.5886972191996938,94.92742659595062
2017-03-17,NTPC,INE733E01010,,161.7,161.85,158.75,159.95,6430389,1030516183.15,0.5886972191996938,94.162120210991
2017-03-20,NTPC,INE733E01010,,159.1,161.85,159.1,161.4,2243162,361017662.65,0.5886972191996938,95.01573117883058
2017-03-21,NTPC,INE733E01010,,161.45,162.55,160.0,162.15,3031001,489838338.5,0.5886972191996938,95.45725409323035
2017-03-22,NTPC,INE733E01010,,161.3,162.0,160.25,160.75,2493343,401859528.3,0.5886972191996938,94.63307798635077
2017-03-23,NTPC,INE733E01010,,161.4,164.8,161.1,164.4,5320228,869511086.15,0.5886972191996938,96.78182283642965
2017-03-24,NTPC,INE733E01010,,164.85,165.55,163.5,164.6,3818204,628740196.8,0.5886972191996938,96.89956228026959
2017-03-27,NTPC,INE733E01010,,164.0,164.95,163.0,163.35,2720777,445904354.15,0.5886972191996938,96.16369075626997
2017-03-28,NTPC,INE733E01010,,164.1,165.35,163.9,164.9,1405789,231747455.25,0.5886972191996938,97.0761714460295
2017-03-29,NTPC,INE733E01010,,165.95,165.95,163.4,163.95,3831542,631241740.0,0.5886972191996938,96.51690908778978
2017-03-30,NTPC,INE733E01010,,164.05,165.5,162.6,163.1,8013105,1309283696.2,0.5886972191996938,96.01651645147005
2017-03-31,NTPC,INE733E01010,,163.6,166.75,163.1,166.0,3178633,526318836.4,0.5886972191996938,97.72373838714917
2017-04-03,NTPC,INE733E01010,,166.0,167.3,164.05,164.65,2952347,487920185.8,0.5886972191996938,96.92899714122959
2017-04-05,NTPC,INE733E01010,,165.9,168.0,164.7,166.5,5109335,852288610.05,0.5886972191996938,98.018086996749
2017-04-06,NTPC,INE733E01010,,166.5,168.05,165.0,167.7,4432813,739308300.45,0.5886972191996938,98.72452365978863
2017-04-07,NTPC,INE733E01010,,167.0,169.3,166.0,168.25,6171229,1038463451.95,0.5886972191996938,99.04830713034848
2017-04-10,NTPC,INE733E01010,,168.05,168.95,165.25,166.75,2238457,372879362.8,0.5886972191996938,98.16526130154894
2017-04-11,NTPC,INE733E01010,,167.05,167.9,163.3,167.0,14511861,2405236657.8,0.5886972191996938,98.31243560634886
2017-04-12,NTPC,INE733E01010,,167.4,168.25,164.3,164.95,7021276,1161291406.7,0.5886972191996938,97.10560630698947
2017-04-13,NTPC,INE733E01010,,165.0,165.45,164.2,164.65,3408959,561303959.95,0.5886972191996938,96.92899714122959
2017-04-17,NTPC,INE733E01010,,164.7,165.0,158.4,159.3,7983940,1281800594.1,0.5886972191996938,93.77946701851123
2017-04-18,NTPC,INE733E01010,,160.5,163.45,160.0,161.7,4227842,684398920.15,0.5886972191996938,95.19234034459048
2017-04-19,NTPC,INE733E01010,,161.7,165.9,161.1,164.9,4529005,745677136.65,0.5886972191996938,97.0761714460295
2017-04-20,NTPC,INE733E01010,,164.8,164.9,163.2,163.7,1984256,325575791.3,0.5886972191996938,96.36973478298987
2017-04-21,NTPC,INE733E01010,,164.05,167.5,163.95,167.2,7948581,1322126990.25,0.5886972191996938,98.4301750501888
2017-04-24,NTPC,INE733E01010,,167.2,168.45,165.75,166.55,2098164,350315572.6,0.5886972191996938,98.047521857709
2017-04-25,NTPC,INE733E01010,,166.95,167.0,163.55,165.45,3086736,510326917.75,0.5886972191996938,97.39995491658932
2017-04-26,NTPC,INE733E01010,,165.45,166.45,164.4,165.6,3432662,568232618.85,0.5886972191996938,97.48825949946928
2017-04-27,NTPC,INE733E01010,,165.25,166.45,163.0,164.1,4056946,668428182.95,0.5886972191996938,96.60521367066974
2017-04-28,NTPC,INE733E01010,,164.0,165.2,163.4,164.5,2553330,419776804.85,0.5886972191996938,96.84069255834962
2017-05-02,NTPC,INE733E01010,,164.65,165.6,161.3,162.1,3354986,545936460.25,0.5886972191996938,95.42781923227035
2017-05-03,NTPC,INE733E01010,,163.0,164.55,161.35,162.1,3225307,523942928.05,0.5886972191996938,95.42781923227035
2017-05-04,NTPC,INE733E01010,,162.6,163.35,162.15,162.65,2787407,453479779.45,0.5886972191996938,95.7516027028302
2017-05-05,NTPC,INE733E01010,,162.35,162.4,159.45,159.7,2089934,336331207.5,0.5886972191996938,94.01494590619109
2017-05-08,NTPC,INE733E01010,,159.4,161.35,159.4,160.6,3077275,494421849.1,0.5886972191996938,94.54477340347081
2017-05-09,NTPC,INE733E01010,,161.35,161.55,159.85,161.25,2655499,426744886.85,0.5886972191996938,94.92742659595062
2017-05-10,NTPC,INE733E01010,,161.35,162.95,161.2,162.2,2275501,369156929.0,0.5886972191996938,95.48668895419031
2017-05-11,NTPC,INE733E01010,,162.3,162.45,159.75,160.25,3806389,613419945.15,0.5886972191996938,94.33872937675092
2017-05-12,NTPC,INE733E01010,,160.05,161.6,158.0,158.85,2290107,364844428.6,0.5886972191996938,93.51455326987136
2017-05-15,NTPC,INE733E01010,,159.0,160.0,157.8,159.75,1717401,273408438.25,0.5886972191996938,94.04438076715108
2017-05-16,NTPC,INE733E01010,,159.75,160.9,159.4,159.95,4681106,750141495.15,0.5886972191996938,94.162120210991
2017-05-17,NTPC,INE733E01010,,160.5,161.8,158.5,158.9,7019965,1124509694.1,0.5886972191996938,93.54398813083134
2017-05-18,NTPC,INE733E01010,,158.0,159.35,157.3,157.8,5154286,814295687.05,0.5886972191996938,92.89642118971169
2017-05-19,NTPC,INE733E01010,,159.4,160.7,158.1,159.1,2377482,378539828.85,0.5886972191996938,93.66172757467127
2017-05-22,NTPC,INE733E01010,,159.3,160.25,157.75,158.2,2770087,439796395.3,0.5886972191996938,93.13190007739155
2017-05-23,NTPC,INE733E01010,,158.0,158.4,155.1,156.95,2350667,369062304.25,0.5886972191996938,92.39602855339193
2017-05-24,NTPC,INE733E01010,,157.1,158.85,155.6,156.45,2358345,370137644.95,0.5886972191996938,92.10167994379208
2017-05-25,NTPC,INE733E01010,,156.65,157.15,154.8,156.35,4993490,779573770.15,0.5886972191996938,92.04281022187212
2017-05-26,NTPC,INE733E01010,,156.25,156.6,155.5,156.0,2655798,414385622.6,0.5886972191996938,91.83676619515222
2017-05-29,NTPC,INE733E01010,,156.9,157.8,153.15,156.5,6835953,1063222250.35,0.5886972191996938,92.13111480475207
2017-05-30,NTPC,INE733E01010,,156.5,163.5,156.4,161.25,4892516,789805789.3,0.5886972191996938,94.92742659595062
2017-05-31,NTPC,INE733E01010,,160.1,162.7,159.8,160.2,5321261,856196325.7,0.5886972191996938,94.30929451579094
2017-06-01,NTPC,INE733E01010,,160.2,161.6,159.55,160.65,1958555,314302324.7,0.5886972191996938,94.57420826443081
2017-06-02,NTPC,INE733E01010,,160.95,163.4,160.8,162.6,4963173,807199007.45,0.5886972191996938,95.7221678418702
2017-06-05,NTPC,INE733E01010,,162.25,163.1,161.5,162.6,2488677,404295959.5,0.5886972191996938,95.7221678418702
2017-06-06,NTPC,INE733E01010,,163.0,163.0,157.75,158.1,4363411,695391641.4,0.5886972191996938,93.07303035547157
2017-06-07,NTPC,INE733E01010,,157.7,158.5,156.95,157.85,8914640,1405400644.95,0.5886972191996938,92.92585605067165
2017-06-08,NTPC,INE733E01010,,158.1,158.3,156.8,157.85,1510725,238162374.45,0.5886972191996938,92.92585605067165
2017-06-09,NTPC,INE733E01010,,158.0,159.55,156.35,157.8,2450095,386510695.55,0.5886972191996938,92.89642118971169
2017-06-12,NTPC,INE733E01010,,158.0,158.8,155.8,157.95,3115761,488866965.4,0.5886972191996938,92.98472577259162
2017-06-13,NTPC,INE733E01010,,158.25,160.3,158.1,160.0,3408581,544095160.1,0.5886972191996938,94.191555071951
2017-06-14,NTPC,INE733E01010,,160.3,160.3,158.4,159.95,2192186,349729479.2,0.5886972191996938,94.162120210991
2017-06-15,NTPC,INE733E01010,,159.55,162.5,158.25,159.05,5208833,834922491.05,0.5886972191996938,93.6322927137113
2017-06-16,NTPC,INE733E01010,,159.05,161.25,159.05,160.6,4235495,680774822.15,0.5886972191996938,94.54477340347081
2017-06-19,NTPC,INE733E01010,,161.1,161.7,159.35,160.95,2846564,457284862.35,0.5886972191996938,94.75081743019071
2017-06-20,NTPC,INE733E01010,,160.25,160.8,158.65,158.95,2169234,346509309.15,0.5886972191996938,93.57342299179132
2017-06-21,NTPC,INE733E01010,,159.25,161.0,157.8,159.8,3411748,543936290.3,0.5886972191996938,94.07381562811106
2017-06-22,NTPC,INE733E01010,,160.05,160.8,158.3,158.95,4283012,684117640.6,0.5886972191996938,93.57342299179132
2017-06-23,NTPC,INE733E01010,,158.9,160.9,157.25,157.85,3869277,616490524.3,0.5886972191996938,92.92585605067165
2017-06-27,NTPC,INE733E01010,,157.5,158.8,155.0,157.9,3122199,491128088.75,0.5886972191996938,92.95529091163165
2017-06-28,NTPC,INE733E01010,,157.9,160.1,157.25,159.65,4215728,668703314.8,0.5886972191996938,93.9855110452311
2017-06-29,NTPC,INE733E01010,,159.0,159.9,157.85,158.65,8419900,1339904644.1,0.5886972191996938,93.39681382603142
2017-06-30,NTPC,INE733E01010,,158.3,159.85,157.05,158.95,5102459,810102797.1,0.5886972191996938,93.57342299179132
2017-07-03,NTPC,INE733E01010,,158.9,158.9,155.3,156.75,7454269,1165528340.0,0.5886972191996938,92.27828910955199
2017-07-04,NTPC,INE733E01010,,159.1,159.75,157.8,158.05,4402457,696392980.75,0.5886972191996938,93.0435954945116
2017-07-05,NTPC,INE733E01010,,158.2,160.1,157.8,159.0,4216507,669461670.95,0.5886972191996938,93.60285785275131
2017-07-06,NTPC,INE733E01010,,158.1,158.65,157.0,158.05,4482605,708282662.4,0.5886972191996938,93.0435954945116
2017-07-07,NTPC,INE733E01010,,157.9,159.6,157.6,159.05,3974127,629222192.1,0.5886972191996938,93.6322927137113
2017-07-10,NTPC,INE733E01010,,170.0,170.0,153.6,160.05,992122,158838984.95,0.5886972191996938,94.220989932911
2017-07-11,NTPC,INE733E01010,,160.05,164.7,159.9,163.3,4963350,809497049.65,0.5886972191996938,96.13425589530999
2017-07-12,NTPC,INE733E01010,,163.4,164.4,162.7,164.05,3414583,558559072.3,0.5886972191996938,96.57577880970976
2017-07-13,NTPC,INE733E01010,,165.0,166.2,163.5,163.9,2512236,414083463.35,0.5886972191996938,96.4874742268298
2017-07-14,NTPC,INE733E01010,,164.0,168.3,163.35,167.3,3439701,571061351.15,0.5886972191996938,98.48904477210877
2017-07-17,NTPC,INE733E01010,,168.8,169.0,167.45,168.55,4045046,680640977.35,0.5886972191996938,99.22491629610839
2017-07-18,NTPC,INE733E01010,,167.8,171.85,166.2,167.55,3567420,599765654.95,0.5886972191996938,98.6362190769087
2017-07-19,NTPC,INE733E01010,,168.1,170.6,166.8,167.8,3702665,625071188.0,0.5886972191996938,98.78339338170862
2017-07-20,NTPC,INE733E01010,,167.9,168.8,164.85,165.45,2566531,426682094.75,0.5886972191996938,97.39995491658932
2017-07-21,NTPC,INE733E01010,,165.4,166.6,161.9,164.8,3899289,639497058.45,0.5886972191996938,97.01730172410954
2017-07-24,NTPC,INE733E01010,,164.1,166.5,163.8,164.05,3412768,561436703.5,0.5886972191996938,96.57577880970976
2017-07-25,NTPC,INE733E01010,,164.1,165.7,163.65,163.9,4365645,717043696.7,0.5886972191996938,96.4874742268298
2017-07-26,NTPC,INE733E01010,,164.0,167.15,164.0,166.35,3925141,650526903.55,0.5886972191996938,97.92978241386905
2017-07-27,NTPC,INE733E01010,,167.0,167.2,164.25,165.4,11094619,1837499329.6,0.5886972191996938,97.37052005562936
2017-07-28,NTPC,INE733E01010,,164.9,165.85,161.8,163.9,4854574,793396552.3,0.5886972191996938,96.4874742268298
2017-07-31,NTPC,INE733E01010,,165.7,166.75,161.95,164.2,9432683,1545006539.6,0.5886972191996938,96.6640833925897
2017-08-01,NTPC,INE733E01010,,164.6,166.0,163.1,165.2,5942810,976784582.45,0.5886972191996938,97.2527806117894
2017-08-02,NTPC,INE733E01010,,165.85,172.95,165.85,171.85,18560053,3165724525.4,0.5886972191996938,101.16761711946737
2017-08-03,NTPC,INE733E01010,,172.0,174.25,170.05,172.55,6035392,1040789597.85,0.5886972191996938,101.57970517290717
2017-08-04,NTPC,INE733E01010,,172.35,178.2,169.6,177.35,7709552,1345698275.25,0.5886972191996938,104.40545182506568
2017-08-07,NTPC,INE733E01010,,177.3,179.15,173.8,174.45,3630569,639099638.95,0.5886972191996938,102.69822988938657
2017-08-08,NTPC,INE733E01010,,172.3,173.65,169.4,171.15,3757008,644172356.1,0.5886972191996938,100.75552906602759
2017-08-09,NTPC,INE733E01010,,171.0,175.35,170.5,173.65,2707378,471049341.35,0.5886972191996938,102.22727211402682
2017-08-10,NTPC,INE733E01010,,173.65,174.25,169.4,172.65,2464637,423507835.7,0.5886972191996938,101.63857489482713
2017-08-11,NTPC,INE733E01010,,169.5,172.8,167.45,168.85,5018272,854350509.3,0.5886972191996938,99.40152546186829
2017-08-14,NTPC,INE733E01010,,170.0,173.6,168.7,171.75,4129530,705676157.35,0.5886972191996938,101.1087473975474
2017-08-16,NTPC,INE733E01010,,171.5,173.5,169.65,170.1,5757929,986720127.75,0.5886972191996938,100.13739698586791
2017-08-17,NTPC,INE733E01010,,171.0,177.45,169.3,176.8,5165177,898419879.65,0.5886972191996938,104.08166835450587
2017-08-18,NTPC,INE733E01010,,177.4,178.65,172.65,173.4,7572481,1321209114.15,0.5886972191996938,102.0800978092269
2017-08-21,NTPC,INE733E01010,,173.2,175.1,171.65,172.0,4131886,714817701.2,0.5886972191996938,101.25592170234732
2017-08-22,NTPC,INE733E01010,,173.8,173.85,167.2,167.7,4595418,780018966.9,0.5886972191996938,98.72452365978863
2017-08-23,NTPC,INE733E01010,,168.0,171.1,167.6,170.25,4180417,709988394.45,0.5886972191996938,100.22570156874787
2017-08-24,NTPC,INE733E01010,,171.0,171.6,168.25,169.0,4966410,842195919.3,0.5886972191996938,99.48983004474825
2017-08-28,NTPC,INE733E01010,,169.7,174.0,169.7,173.3,5203237,898110544.25,0.5886972191996938,102.02122808730694
2017-08-29,NTPC,INE733E01010,,166.25,168.9,166.1,168.4,21689918,3644996838.75,0.5886972191996938,99.13661171322843
2017-08-30,NTPC,INE733E01010,,166.0,171.35,165.75,167.95,20715128,3498407572.15,0.5886972191996938,98.87169796458856
2017-08-31,NTPC,INE733E01010,,164.0,169.2,163.75,168.75,83350065,13902129063.75,0.5886972191996938,99.34265573994833
2017-09-01,NTPC,INE733E01010,,167.45,168.9,166.75,168.25,5339713,897199725.1,0.5886972191996938,99.04830713034848
2017-09-04,NTPC,INE733E01010,,167.0,169.2,166.85,168.25,4822741,810083894.7,0.5886972191996938,99.04830713034848
2017-09-05,NTPC,INE733E01010,,168.4,169.75,167.55,169.5,2859441,482540713.2,0.5886972191996938,99.7841786543481
2017-09-06,NTPC,INE733E01010,,168.95,170.25,168.75,169.95,2324845,395112575.7,0.5886972191996938,100.04909240298795
2017-09-07,NTPC,INE733E01010,,168.0,170.7,167.85,170.1,4451319,753855738.0,0.5963111956311119,101.43253437685213
2017-09-08,NTPC,INE733E01010,,169.2,170.1,166.55,167.75,3299773,554983999.9,0.5963111956311119,100.03120306711902
2017-09-11,NTPC,INE733E01010,,167.5,171.3,166.75,170.55,11495658,1951319867.5,0.5963111956311119,101.70087441488614
2017-09-12,NTPC,INE733E01010,,170.45,171.85,169.25,170.35,4164738,708439400.3,0.5963111956311119,101.58161217575991
2017-09-13,NTPC,INE733E01010,,169.7,171.4,168.6,168.95,4221106,715932868.3,0.5963111956311119,100.74677650187635
2017-09-14,NTPC,INE733E01010,,168.95,170.0,168.1,168.65,6068169,1025633855.9,0.5963111956311119,100.56788314318703
2017-09-15,NTPC,INE733E01010,,168.0,168.2,166.9,167.35,5522238,924810649.8,0.5963111956311119,99.79267858886658
2017-09-18,NTPC,INE733E01010,,168.0,170.35,167.7,168.0,3054055,516890703.25,0.5963111956311119,100.1802808660268
2017-09-19,NTPC,INE733E01010,,168.0,169.6,166.85,169.0,1940959,326863553.2,0.5963111956311119,100.77659206165791
2017-09-20,NTPC,INE733E01010,,169.0,169.4,166.65,167.8,3890090,651593043.2,0.5963111956311119,100.06101862690059
2017-09-21,NTPC,INE733E01010,,167.1,168.5,167.05,168.2,3107447,522026450.3,0.5963111956311119,100.29954310515302
2017-09-22,NTPC,INE733E01010,,167.45,168.0,164.55,166.0,5618462,929857820.5,0.5963111956311119,98.98765847476457
2017-09-25,NTPC,INE733E01010,,167.0,167.9,164.8,166.25,4190363,696210180.55,0.5963111956311119,99.13673627367235
2017-09-26,NTPC,INE733E01010,,166.9,167.45,164.15,166.95,3551389,589152830.25,0.5963111956311119,99.55415411061412
2017-09-27,NTPC,INE733E01010,,167.25,167.45,164.5,165.0,3133930,520452091.1,0.5963111956311119,98.39134727913347
2017-09-28,NTPC,INE733E01010,,165.0,166.5,164.1,166.05,5166309,856068819.85,0.5963111956311119,99.01747403454614
2017-09-29,NTPC,INE733E01010,,166.5,167.95,165.25,167.45,3537908,591289134.05,0.5963111956311119,99.85230970842969
2017-10-03,NTPC,INE733E01010,,168.0,168.95,167.6,168.4,4198911,707168373.75,0.5963111956311119,100.41880534427925
2017-10-04,NTPC,INE733E01010,,168.4,169.2,167.2,168.05,5295712,891173124.95,0.5963111956311119,100.21009642580836
2017-10-05,NTPC,INE733E01010,,167.85,171.6,167.8,171.1,11579530,1969455301.4,0.5963111956311119,102.02884557248325
2017-10-06,NTPC,INE733E01010,,171.25,178.0,171.15,176.05,15786849,2774181743.6,0.5963111956311119,104.98058599085725
2017-10-09,NTPC,INE733E01010,,174.95,177.6,174.15,174.9,5801356,1019672750.35,0.5963111956311119,104.29482811588147
2017-10-10,NTPC,INE733E01010,,174.9,175.85,174.3,175.5,4941601,864357586.25,0.5963111956311119,104.65261483326015
2017-10-11,NTPC,INE733E01010,,176.1,177.25,174.25,174.85,4196711,737708584.2,0.5963111956311119,104.26501255609992
2017-10-12,NTPC,INE733E01010,,175.0,178.9,175.0,176.7,16285327,2884732113.25,0.5963111956311119,105.36818826801746
2017-10-13,NTPC,INE733E01010,,178.0,178.4,174.8,175.85,5664936,995417131.0,0.5963111956311119,104.86132375173102
2017-10-16,NTPC,INE733E01010,,176.0,177.15,174.9,175.45,2215767,389561874.9,0.5963111956311119,104.62279927347858
2017-10-17,NTPC,INE733E01010,,175.7,176.5,173.75,175.9,19696022,3450111798.45,0.5963111956311119,104.89113931151259
2017-10-18,NTPC,INE733E01010,,176.3,180.0,175.0,178.05,6837814,1214625369.1,0.5963111956311119,106.17320838211948
2017-10-23,NTPC,INE733E01010,,175.05,177.9,173.65,176.95,5369797,943141209.25,0.5963111956311119,105.51726606692525
2017-10-24,NTPC,INE733E01010,,177.0,182.9,176.25,181.65,11813536,2130075165.65,0.5963111956311119,108.31992868639148
2017-10-25,NTPC,INE733E01010,,181.9,185.35,181.8,183.35,9153255,1676287114.5,0.5963111956311119,109.33365771896436
2017-10-26,NTPC,INE733E01010,,183.25,185.1,182.5,184.65,9183000,1690858509.4,0.5963111956311119,110.10886227328481
2017-10-27,NTPC,INE733E01010,,184.5,188.0,181.25,181.95,6022814,1107127847.55,0.5963111956311119,108.4988220450808
2017-10-30,NTPC,INE733E01010,,182.1,183.15,182.1,182.6,4353743,795436837.35,0.5963111956311119,108.88642432224103
2017-10-31,NTPC,INE733E01010,,183.0,183.2,180.1,181.25,8326834,1518503617.05,0.5963111956311119,108.08140420813903
2017-11-01,NTPC,INE733E01010,,181.2,184.5,180.05,180.75,7949605,1438934550.8,0.5963111956311119,107.78324861032348
2017-11-02,NTPC,INE733E01010,,177.1,180.85,176.9,180.25,6631713,1190794319.3,0.5963111956311119,107.48509301250792
2017-11-03,NTPC,INE733E01010,,179.0,183.9,179.0,181.95,9013262,1630564547.5,0.5963111956311119,108.4988220450808
2017-11-06,NTPC,INE733E01010,,181.9,181.9,178.65,179.25,3568781,643604836.55,0.5963111956311119,106.88878181687681
2017-11-07,NTPC,INE733E01010,,179.7,180.8,177.15,178.4,8658636,1554548968.45,0.5963111956311119,106.38191730059037
2017-11-08,NTPC,INE733E01010,,177.9,179.2,175.85,176.35,5986762,1059431564.3,0.5963111956311119,105.15947934954659
2017-11-09,NTPC,INE733E01010,,176.55,179.75,176.55,178.05,4201379,748252667.15,0.5963111956311119,106.17320838211948
2017-11-10,NTPC,INE733E01010,,177.85,178.4,175.55,176.55,5477655,968896772.15,0.5963111956311119,105.27874158867282
2017-11-13,NTPC,INE733E01010,,178.05,178.95,176.25,176.95,4670973,827756372.6,0.5963111956311119,105.51726606692525
2017-11-14,NTPC,INE733E01010,,177.5,181.85,176.25,177.05,9280490,1659764126.1,0.5963111956311119,105.57689718648837
2017-11-15,NTPC,INE733E01010,,176.45,176.95,173.55,174.2,6870348,1199979326.1,0.5963111956311119,103.87741027893969
2017-11-16,NTPC,INE733E01010,,175.5,178.4,174.1,176.45,7199394,1265206147.25,0.5963111956311119,105.2191104691097
2017-11-17,NTPC,INE733E01010,,178.1,180.05,176.1,177.55,7199436,1276402238.85,0.5963111956311119,105.87505278430392
2017-11-20,NTPC,INE733E01010,,177.15,181.15,177.15,180.45,4687354,841294703.15,0.5963111956311119,107.60435525163413
2017-11-21,NTPC,INE733E01010,,180.8,185.8,180.6,182.95,10797094,1985566775.7,0.5963111956311119,109.09513324071192
2017-11-22,NTPC,INE733E01010,,184.05,185.0,181.15,181.85,5999928,1097159128.3,0.5963111956311119,108.43919092551769
2017-11-23,NTPC,INE733E01010,,181.9,182.5,178.95,180.4,5261591,949463054.4,0.5963111956311119,107.57453969185259
2017-11-24,NTPC,INE733E01010,,180.0,181.75,179.1,180.3,4154980,749009306.4,0.5963111956311119,107.51490857228949
2017-11-27,NTPC,INE733E01010,,180.0,186.85,179.6,186.35,10199577,1881549592.05,0.5963111956311119,111.1225913058577
2017-11-28,NTPC,INE733E01010,,185.95,185.95,182.35,182.8,17909103,3289045377.2,0.5963111956311119,109.00568656136726
2017-11-29,NTPC,INE733E01010,,183.8,184.4,181.6,182.0,12336145,2248881452.65,0.5963111956311119,108.52863760486237
2017-11-30,NTPC,INE733E01010,,181.0,183.05,179.95,181.15,17567715,3181178274.2,0.5963111956311119,108.02177308857593
2017-12-01,NTPC,INE733E01010,,182.8,183.7,180.5,181.3,4373192,794430566.25,0.5963111956311119,108.11121976792059
2017-12-04,NTPC,INE733E01010,,181.9,182.25,179.65,180.2,8651144,1560961845.7,0.5963111956311119,107.45527745272636
2017-12-05,NTPC,INE733E01010,,179.55,179.55,176.3,177.1,7952928,1411351866.25,0.5963111956311119,105.60671274626992
2017-12-06,NTPC,INE733E01010,,176.05,177.75,174.7,175.65,8624766,1521488480.3,0.5963111956311119,104.7420615126048
2017-12-07,NTPC,INE733E01010,,177.0,181.45,175.1,180.3,10914202,1953818762.4,0.5963111956311119,107.51490857228949
2017-12-08,NTPC,INE733E01010,,178.1,181.65,178.05,180.4,11527161,2066551635.4,0.5963111956311119,107.57453969185259
2017-12-11,NTPC,INE733E01010,,181.6,182.0,177.7,178.35,7102418,1270119421.1,0.5963111956311119,106.3521017408088
2017-12-12,NTPC,INE733E01010,,177.7,177.85,174.9,175.9,7874081,1384728683.7,0.5963111956311119,104.89113931151259
2017-12-13,NTPC,INE733E01010,,176.7,177.0,175.35,176.05,6862142,1208050993.95,0.5963111956311119,104.98058599085725
2017-12-14,NTPC,INE733E01010,,176.1,177.9,173.55,177.3,7126065,1252192202.75,0.5963111956311119,105.72597498539615
2017-12-15,NTPC,INE733E01010,,178.1,178.6,176.1,177.45,5379834,954132093.35,0.5963111956311119,105.8154216647408
2017-12-18,NTPC,INE733E01010,,175.4,178.25,173.85,177.75,5508575,972818165.85,0.5963111956311119,105.99431502343015
2017-12-19,NTPC,INE733E01010,,177.85,180.35,176.95,180.05,6183292,1106155355.45,0.5963111956311119,107.3658307733817
2017-12-20,NTPC,INE733E01010,,180.2,180.4,177.7,178.45,4894857,878787939.85,0.5963111956311119,106.41173286037191
2017-12-21,NTPC,INE733E01010,,178.85,180.35,178.5,180.1,5480666,985974400.1,0.5963111956311119,107.39564633316326
2017-12-22,NTPC,INE733E01010,,179.5,180.65,179.2,179.75,3161130,568867680.75,0.5963111956311119,107.18693741469237
2017-12-26,NTPC,INE733E01010,,180.5,180.5,176.9,178.45,9784214,1740665510.95,0.5963111956311119,106.41173286037191
2017-12-27,NTPC,INE733E01010,,178.45,180.3,176.6,177.5,6535133,1166355143.95,0.5963111956311119,105.84523722452236
2017-12-28,NTPC,INE733E01010,,177.9,178.7,175.55,176.15,14996214,2655820041.8,0.5963111956311119,105.04021711042037
2017-12-29,NTPC,INE733E01010,,176.95,178.25,175.8,177.0,7417211,1313660947.0,0.5963111956311119,105.54708162670681
2018-01-01,NTPC,INE733E01010,,177.05,177.35,175.7,176.55,5574802,984320853.6,0.5963111956311119,105.27874158867282
2018-01-02,NTPC,INE733E01010,,176.8,179.25,176.55,178.9,8476281,1507675948.8,0.5963111956311119,106.68007289840592
2018-01-03,NTPC,INE733E01010,,179.5,180.3,176.75,177.05,10341665,1841343632.85,0.5963111956311119,105.57689718648837
2018-01-04,NTPC,INE733E01010,,177.45,177.9,176.55,177.1,7260268,1285341300.9,0.5963111956311119,105.60671274626992
2018-01-05,NTPC,INE733E01010,,177.3,178.25,176.5,177.5,10359225,1835715644.45,0.5963111956311119,105.84523722452236
2018-01-08,NTPC,INE733E01010,,177.6,178.5,176.9,177.65,6075105,1076913913.85,0.5963111956311119,105.93468390386704
2018-01-09,NTPC,INE733E01010,,177.9,178.4,175.75,176.7,6557247,1161348028.1,0.5963111956311119,105.36818826801746
2018-01-10,NTPC,INE733E01010,,176.2,176.8,173.4,173.95,8197173,1434493408.2,0.5963111956311119,103.72833248003191
2018-01-11,NTPC,INE733E01010,,174.0,174.9,173.0,173.5,5536143,961501263.75,0.5963111956311119,103.45999244199791
2018-01-12,NTPC,INE733E01010,,173.7,174.1,171.8,172.5,6974418,1208453648.1,0.5963111956311119,102.86368124636681
2018-01-15,NTPC,INE733E01010,,173.0,175.4,171.8,172.95,4553198,791973817.15,0.5963111956311119,103.13202128440079
2018-01-16,NTPC,INE733E01010,,173.6,174.6,170.6,173.25,8448334,1451328093.1,0.5963111956311119,103.31091464309014
2018-01-17,NTPC,INE733E01010,,173.2,174.85,170.85,174.25,6330277,1093528350.0,0.5963111956311119,103.90722583872125
2018-01-18,NTPC,INE733E01010,,174.85,174.85,171.65,172.15,6900318,1198843369.4,0.5963111956311119,102.65497232789592
2018-01-19,NTPC,INE733E01010,,172.05,173.45,170.2,172.75,3197248,548685185.2,0.5963111956311119,103.01275904527458
2018-01-22,NTPC,INE733E01010,,173.0,173.3,171.45,172.4,4518855,778819933.05,0.5963111956311119,102.8040501268037
2018-01-23,NTPC,INE733E01010,,172.1,176.25,172.1,172.7,5398827,937554488.75,0.5963111956311119,102.98294348549302
2018-01-24,NTPC,INE733E01010,,172.65,174.7,171.6,174.0,9731185,1678024828.4,0.5963111956311119,103.75814803981348
2018-01-25,NTPC,INE733E01010,,173.55,175.5,171.4,171.95,11304494,1951172940.75,0.5963111956311119,102.53571008876969
2018-01-29,NTPC,INE733E01010,,172.0,172.75,170.5,171.05,10765685,1843699354.05,0.5963111956311119,101.9990300127017
2018-01-30,NTPC,INE733E01010,,171.05,172.5,169.8,170.3,7670738,1315431373.1,0.5963111956311119,101.55179661597836
2018-01-31,NTPC,INE733E01010,,170.0,170.95,168.75,170.25,6517115,1108049965.2,0.5963111956311119,101.52198105619681
2018-02-01,NTPC,INE733E01010,,169.25,169.8,167.4,169.05,9187297,1549161478.15,0.5963111956311119,100.80640762143948
2018-02-02,NTPC,INE733E01010,,167.5,168.55,164.8,165.2,4003119,665565925.8,0.5963111956311119,98.51060951825968
2018-02-05,NTPC,INE733E01010,,162.0,167.4,162.0,166.25,5941662,987730158.05,0.5963111956311119,99.13673627367235
2018-02-06,NTPC,INE733E01010,,162.0,166.0,161.25,165.3,4044285,662404146.85,0.5963111956311119,98.5702406378228
2018-02-07,NTPC,INE733E01010,,164.5,166.25,158.85,165.45,9478496,1549997010.5,0.6063249101176281,100.31645637896156
2018-02-08,NTPC,INE733E01010,,165.45,165.75,163.0,163.7,6238973,1026476460.55,0.6063249101176281,99.25538778625571
2018-02-09,NTPC,INE733E01010,,162.45,164.05,160.5,163.25,3765185,611146770.05,0.6063249101176281,98.98254157670279
2018-02-12,NTPC,INE733E01010,,163.8,165.3,162.1,164.9,8722064,1429339475.4,0.6063249101176281,99.98297767839688
2018-02-14,NTPC,INE733E01010,,165.0,165.7,162.15,162.95,4101637,668812863.0,0.6063249101176281,98.8006441036675
2018-02-15,NTPC,INE733E01010,,163.45,164.35,162.65,163.2,2151637,351409004.95,0.6063249101176281,98.9522253311969
2018-02-16,NTPC,INE733E01010,,163.5,163.8,162.05,162.8,6117270,998205692.05,0.6063249101176281,98.70969536714986
2018-02-19,NTPC,INE733E01010,,163.35,163.65,161.45,162.9,2195735,357390261.1,0.6063249101176281,98.77032785816162
2018-02-20,NTPC,INE733E01010,,162.35,165.1,162.1,164.2,5188315,848653038.95,0.6063249101176281,99.55855024131453
2018-02-21,NTPC,INE733E01010,,165.0,165.0,161.5,162.3,7763625,1260306703.0,0.6063249101176281,98.40653291209105
2018-02-22,NTPC,INE733E01010,,161.9,162.3,160.15,160.75,4945614,798103569.0,0.6063249101176281,97.46672930140872
2018-02-23,NTPC,INE733E01010,,161.05,164.0,160.85,163.55,3809344,619466513.25,0.6063249101176281,99.16443904973809
2018-02-26,NTPC,INE733E01010,,163.6,163.65,161.5,162.95,2905593,472566233.4,0.6063249101176281,98.8006441036675
2018-02-27,NTPC,INE733E01010,,164.0,166.0,162.55,165.55,3204111,527794479.25,0.6063249101176281,100.37708886997335
2018-02-28,NTPC,INE733E01010,,164.0,165.2,162.55,163.25,4381524,716417200.85,0.6063249101176281,98.98254157670279
2018-03-01,NTPC,INE733E01010,,163.7,163.75,162.0,163.0,2146760,349911085.4,0.6063249101176281,98.83096034917338
2018-03-05,NTPC,INE733E01010,,161.5,165.1,160.05,163.3,3287892,532265474.35,0.6063249101176281,99.01285782220867
2018-03-06,NTPC,INE733E01010,,164.3,164.95,162.2,163.35,5114754,837468247.95,0.6063249101176281,99.04317406771455
2018-03-07,NTPC,INE733E01010,,163.0,164.7,161.9,163.5,2609001,426739728.95,0.6063249101176281,99.13412280423219
2018-03-08,NTPC,INE733E01010,,164.0,166.0,162.25,165.3,4538911,746059168.15,0.6063249101176281,100.22550764244393
2018-03-09,NTPC,INE733E01010,,165.1,165.3,162.55,164.4,3737738,613227489.6,0.6063249101176281,99.67981522333807
2018-03-12,NTPC,INE733E01010,,164.8,172.75,164.1,171.15,2911168,489976893.35,0.6063249101176281,103.77250836663205
2018-03-13,NTPC,INE733E01010,,169.4,170.75,167.3,169.4,3126930,528978932.2,0.6063249101176281,102.7114397739262
2018-03-14,NTPC,INE733E01010,,169.3,170.15,168.15,169.7,3707403,627825029.45,0.6063249101176281,102.89333724696148
2018-03-15,NTPC,INE733E01010,,169.0,170.15,167.3,169.9,3652747,616861452.4,0.6063249101176281,103.01460222898503
2018-03-16,NTPC,INE733E01010,,167.8,169.45,163.65,164.85,12378708,2047172520.2,0.6063249101176281,99.95266143289099
2018-03-19,NTPC,INE733E01010,,165.0,167.9,163.65,167.0,5021670,836221061.35,0.6063249101176281,101.2562599896439
2018-03-20,NTPC,INE733E01010,,166.4,167.3,164.65,166.4,3150362,521698861.15,0.6063249101176281,100.89246504357332
2018-03-21,NTPC,INE733E01010,,167.5,170.85,165.65,170.35,5721685,971538186.3,0.6063249101176281,103.28744843853795
2018-03-22,NTPC,INE733E01010,,169.0,171.2,168.5,170.95,3726928,634027477.25,0.6063249101176281,103.65124338460852
2018-03-23,NTPC,INE733E01010,,168.9,171.8,168.3,170.05,9023161,1537865458.35,0.6063249101176281,103.10555096550267
2018-03-26,NTPC,INE733E01010,,169.95,171.0,168.75,169.85,5500046,934547468.9,0.6063249101176281,102.98428598347914
2018-03-27,NTPC,INE733E01010,,170.25,171.5,168.45,171.05,3496078,595791013.05,0.6063249101176281,103.7118758756203
2018-03-28,NTPC,INE733E01010,,170.7,171.0,166.45,169.7,8449015,1430804830.55,0.6063249101176281,102.89333724696148
2018-04-02,NTPC,INE733E01010,,169.9,170.85,168.1,170.4,2805938,475695199.7,0.6063249101176281,103.31776468404384
2018-04-03,NTPC,INE733E01010,,170.8,171.9,168.6,169.35,3717328,630568254.5,0.6063249101176281,102.68112352842031
2018-04-04,NTPC,INE733E01010,,169.15,169.35,165.5,166.55,3331860,558508846.3,0.6063249101176281,100.98341378009097
2018-04-05,NTPC,INE733E01010,,167.0,169.75,166.8,168.95,3263955,551454347.6,0.6063249101176281,102.43859356437326
2018-04-06,NTPC,INE733E01010,,168.4,170.0,167.15,169.45,2612270,440527019.25,0.6063249101176281,102.74175601943207
2018-04-09,NTPC,INE733E01010,,169.0,170.45,168.45,169.65,3275669,555497345.0,0.6063249101176281,102.86302100145562
2018-04-10,NTPC,INE733E01010,,169.9,170.4,168.15,168.4,2172698,367669354.15,0.6063249101176281,102.10511486380858
2018-04-11,NTPC,INE733E01010,,169.3,170.6,167.7,168.5,5656579,954396087.45,0.6063249101176281,102.16574735482034
2018-04-12,NTPC,INE733E01010,,168.1,169.85,167.35,169.5,5722517,967224972.2,0.6063249101176281,102.77207226493796
2018-04-13,NTPC,INE733E01010,,169.6,171.7,169.15,170.95,2902637,495906893.0,0.6063249101176281,103.65124338460852
2018-04-16,NTPC,INE733E01010,,169.6,174.9,169.6,174.1,3078790,533003890.2,0.6063249101176281,105.56116685147906
2018-04-17,NTPC,INE733E01010,,174.45,177.8,174.1,176.95,5582697,987475985.55,0.6063249101176281,107.28919284531429
2018-04-18,NTPC,INE733E01010,,176.5,180.0,176.35,178.55,4124162,733823666.25,0.6063249101176281,108.25931270150251
2018-04-19,NTPC,INE733E01010,,179.0,179.6,177.0,177.55,2617699,465245297.5,0.6063249101176281,107.65298779138487
2018-04-20,NTPC,INE733E01010,,177.95,177.95,173.25,174.35,2913239,510041927.0,0.6063249101176281,105.71274807900846
2018-04-23,NTPC,INE733E01010,,174.05,175.5,173.15,173.6,2974188,517415568.75,0.6063249101176281,105.25800439642023
2018-04-24,NTPC,INE733E01010,,173.55,174.65,172.1,172.85,1669647,288687592.1,0.6063249101176281,104.80326071383202
2018-04-25,NTPC,INE733E01010,,172.8,172.85,169.5,171.85,4520117,771714749.4,0.6063249101176281,104.1969358037144
2018-04-26,NTPC,INE733E01010,,172.65,173.85,169.55,172.0,4456282,763132284.5,0.6063249101176281,104.28788454023204
2018-04-27,NTPC,INE733E01010,,172.6,172.75,169.4,170.75,7772540,1323607383.05,0.6063249101176281,103.529978402585
2018-04-30,NTPC,INE733E01010,,171.2,173.15,169.8,172.15,1908456,327868557.3,0.6063249101176281,104.37883327674969
2018-05-02,NTPC,INE733E01010,,172.75,172.75,169.8,170.4,2175321,372964068.65,0.6063249101176281,103.31776468404384
2018-05-03,NTPC,INE733E01010,,170.75,176.2,170.05,174.3,2957534,511086170.3,0.6063249101176281,105.68243183350259
2018-05-04,NTPC,INE733E01010,,174.2,174.2,170.6,170.9,2809413,482893533.8,0.6063249101176281,103.62092713910265
2018-05-07,NTPC,INE733E01010,,171.15,172.3,170.0,170.5,4852946,827602867.65,0.6063249101176281,103.3783971750556
2018-05-08,NTPC,INE733E01010,,171.05,172.0,170.25,171.4,2878281,492019477.2,0.6063249101176281,103.92408959416146
2018-05-09,NTPC,INE733E01010,,170.55,172.4,169.9,170.4,9107260,1553599889.6,0.6063249101176281,103.31776468404384
2018-05-10,NTPC,INE733E01010,,171.4,171.7,167.85,168.5,8203492,1379341429.2,0.6063249101176281,102.16574735482034
2018-05-11,NTPC,INE733E01010,,168.0,170.25,166.9,167.45,12968090,2173265673.95,0.6063249101176281,101.52910619919682
2018-05-14,NTPC,INE733E01010,,167.5,172.9,165.9,171.65,5872487,1001558908.75,0.6063249101176281,104.07567082169088
2018-05-15,NTPC,INE733E01010,,170.25,173.95,169.3,170.1,4818924,826989812.15,0.6063249101176281,103.13586721100855
2018-05-16,NTPC,INE733E01010,,170.55,171.7,168.5,170.0,3249227,554054395.25,0.6063249101176281,103.07523471999679
2018-05-17,NTPC,INE733E01010,,170.1,171.1,166.6,167.1,5652872,948723976.5,0.6063249101176281,101.31689248065565
2018-05-18,NTPC,INE733E01010,,166.5,168.1,165.75,166.6,4580359,763848200.8,0.6063249101176281,101.01373002559684
2018-05-21,NTPC,INE733E01010,,166.0,167.2,162.7,164.4,3232645,531726011.0,0.6063249101176281,99.67981522333807
2018-05-22,NTPC,INE733E01010,,164.25,167.95,164.0,165.15,3843560,638786113.25,0.6063249101176281,100.13455890592628
2018-05-23,NTPC,INE733E01010,,164.8,167.95,164.55,166.55,2896434,484202238.6,0.6063249101176281,100.98341378009097
2018-05-24,NTPC,INE733E01010,,166.65,167.8,164.25,165.05,1983233,328687471.9,0.6063249101176281,100.07392641491452
2018-05-25,NTPC,INE733E01010,,165.4,168.1,164.9,165.3,6421409,1068534635.25,0.6063249101176281,100.22550764244393
2018-05-28,NTPC,INE733E01010,,166.05,169.85,165.55,167.7,9616871,1607325692.2,0.6063249101176281,101.68068742672622
2018-05-29,NTPC,INE733E01010,,168.85,169.4,164.7,165.95,5951482,993196800.3,0.6063249101176281,100.61961883402039
2018-05-30,NTPC,INE733E01010,,164.5,168.35,164.4,165.3,4511734,750746589.25,0.6063249101176281,100.22550764244393
2018-05-31,NTPC,INE733E01010,,165.5,170.45,164.1,167.55,24527412,4091592075.0,0.6063249101176281,101.5897386902086
2018-06-01,NTPC,INE733E01010,,167.5,167.5,163.7,164.35,2479887,409483347.85,0.6063249101176281,99.64949897783218
2018-06-04,NTPC,INE733E01010,,164.8,165.4,161.85,162.05,4184615,682421111.2,0.6063249101176281,98.25495168456165
2018-06-05,NTPC,INE733E01010,,161.5,162.55,160.0,161.3,1974515,317703109.8,0.6063249101176281,97.80020800197342
2018-06-06,NTPC,INE733E01010,,161.4,163.05,160.25,162.5,3039576,492263773.05,0.6063249101176281,98.52779789411457
2018-06-07,NTPC,INE733E01010,,162.0,163.5,161.8,162.5,3854022,626537371.35,0.6063249101176281,98.52779789411457
2018-06-08,NTPC,INE733E01010,,162.25,162.5,160.8,161.45,1833117,296012941.75,0.6063249101176281,97.89115673849105
2018-06-11,NTPC,INE733E01010,,161.5,162.6,161.25,161.75,4032079,653035685.35,0.6063249101176281,98.07305421152635
2018-06-12,NTPC,INE733E01010,,162.0,162.55,160.9,161.3,2569008,415217479.65,0.6063249101176281,97.80020800197342
2018-06-13,NTPC,INE733E01010,,161.5,161.65,160.0,160.25,5439996,873907004.1,0.6063249101176281,97.16356684634991
2018-06-14,NTPC,INE733E01010,,160.2,160.2,158.0,158.4,5166879,819105106.5,0.6063249101176281,96.0418657626323
2018-06-15,NTPC,INE733E01010,,158.5,158.7,154.55,156.05,9000541,1401577837.4,0.6063249101176281,94.61700222385588
2018-06-18,NTPC,INE733E01010,,156.35,157.8,155.9,157.0,1908287,299574947.6,0.6063249101176281,95.19301088846761
2018-06-19,NTPC,INE733E01010,,157.35,157.35,154.15,156.15,4352102,676276952.0,0.6063249101176281,94.67763471486764
2018-06-20,NTPC,INE733E01010,,156.8,157.7,155.9,157.05,6052044,950699153.3,0.6063249101176281,95.2233271339735
2018-06-21,NTPC,INE733E01010,,157.7,157.7,154.9,155.25,8000295,1246769649.75,0.6063249101176281,94.13194229576176
2018-06-22,NTPC,INE733E01010,,155.0,158.2,153.7,157.3,4284908,666540924.1,0.6063249101176281,95.37490836150292
2018-06-25,NTPC,INE733E01010,,157.05,157.7,153.35,154.65,6832181,1056350099.45,0.6063249101176281,93.76814734969119
2018-06-26,NTPC,INE733E01010,,154.45,156.3,153.55,155.6,5144476,798910285.45,0.6063249101176281,94.34415601430294
2018-06-27,NTPC,INE733E01010,,156.45,156.45,151.6,153.8,5903263,904504792.4,0.6063249101176281,93.25277117609122
2018-06-28,NTPC,INE733E01010,,153.0,157.9,149.5,156.4,12508635,1929180853.95,0.6063249101176281,94.82921594239704
2018-06-29,NTPC,INE733E01010,,155.35,160.9,153.6,159.65,5549364,877295867.7,0.6063249101176281,96.79977190027934
2018-07-02,NTPC,INE733E01010,,159.0,159.15,151.4,153.55,13295335,2038880603.65,0.6063249101176281,93.10118994856181
2018-07-03,NTPC,INE733E01010,,154.0,155.45,151.6,155.0,6255606,964229120.25,0.6063249101176281,93.98036106823236
2018-07-04,NTPC,INE733E01010,,154.95,155.85,152.5,152.9,9515047,1462074102.65,0.6063249101176281,92.70707875698534
2018-07-05,NTPC,INE733E01010,,152.85,153.5,151.7,152.15,3462760,528005127.05,0.6063249101176281,92.25233507439712
2018-07-06,NTPC,INE733E01010,,152.4,152.45,149.85,150.15,8868559,1340306608.1,0.6063249101176281,91.03968525416187
2018-07-09,NTPC,INE733E01010,,150.3,151.9,150.25,151.25,4799995,724819576.75,0.6063249101176281,91.70664265529125
2018-07-10,NTPC,INE733E01010,,152.0,154.25,151.3,153.9,3241978,495426804.65,0.6063249101176281,93.31340366710297
2018-07-11,NTPC,INE733E01010,,152.8,153.75,151.75,152.7,3364195,514078690.55,0.6063249101176281,92.5858137749618
2018-07-12,NTPC,INE733E01010,,154.0,154.7,152.45,154.05,2854138,439606843.25,0.6063249101176281,93.40435240362062
2018-07-13,NTPC,INE733E01010,,154.2,155.5,151.9,152.95,3012947,463772084.0,0.6063249101176281,92.73739500249121
2018-07-16,NTPC,INE733E01010,,153.0,157.0,152.05,155.6,3430870,531695946.25,0.6063249101176281,94.34415601430294
2018-07-17,NTPC,INE733E01010,,155.0,156.0,153.05,155.3,2225734,343768547.75,0.6063249101176281,94.16225854126766
2018-07-18,NTPC,INE733E01010,,155.95,156.1,152.8,155.25,2410531,372631864.6,0.6063249101176281,94.13194229576176
2018-07-19,NTPC,INE733E01010,,155.0,155.85,153.45,154.55,2636441,408332217.45,0.6063249101176281,93.70751485867943
2018-07-20,NTPC,INE733E01010,,154.0,156.0,154.0,155.65,3049914,473650445.55,0.6063249101176281,94.37447225980883
2018-07-23,NTPC,INE733E01010,,155.3,159.6,155.3,158.15,5238672,828779295.45,0.6063249101176281,95.8902845351029
2018-07-24,NTPC,INE733E01010,,158.0,158.95,156.4,157.45,3520402,554894610.95,0.6063249101176281,95.46585709802054
2018-07-25,NTPC,INE733E01010,,156.0,157.15,149.85,151.0,12693971,1940041927.8,0.6063249101176281,91.55506142776184
2018-07-26,NTPC,INE733E01010,,151.45,153.85,150.0,153.35,14836663,2260664394.7,0.6063249101176281,92.97992496653826
2018-07-27,NTPC,INE733E01010,,153.0,155.25,152.1,154.95,4805306,742358237.2,0.6063249101176281,93.95004482272647
2018-07-30,NTPC,INE733E01010,,157.0,157.4,154.05,155.9,8122721,1262368750.1,0.6063249101176281,94.52605348733823
2018-07-31,NTPC,INE733E01010,,155.85,158.8,154.25,154.85,7554356,1182531400.25,0.6063249101176281,93.88941233171471
2018-08-01,NTPC,INE733E01010,,154.8,156.0,152.75,155.35,4085931,632279734.15,0.6063249101176281,94.19257478677352
2018-08-02,NTPC,INE733E01010,,154.7,155.75,154.15,155.4,3245983,503404586.4,0.6063249101176281,94.22289103227942
2018-08-03,NTPC,INE733E01010,,155.85,157.1,155.4,156.45,2730441,426626684.35,0.6063249101176281,94.85953218790291
2018-08-06,NTPC,INE733E01010,,156.9,158.0,156.0,156.75,1996031,313129714.7,0.6063249101176281,95.0414296609382
2018-08-07,NTPC,INE733E01010,,157.0,159.9,156.35,158.85,3709061,586564272.2,0.6063249101176281,96.31471197218522
2018-08-08,NTPC,INE733E01010,,159.5,159.75,157.6,158.25,3459372,547929206.25,0.6063249101176281,95.95091702611465
2018-08-09,NTPC,INE733E01010,,158.4,161.35,156.8,160.7,4095847,653291808.6,0.6063249101176281,97.43641305590283
2018-08-10,NTPC,INE733E01010,,161.0,161.45,158.25,159.55,3765657,600695991.05,0.6063249101176281,96.73913940926758
2018-08-13,NTPC,INE733E01010,,159.0,159.05,156.55,158.0,2251992,356031895.3,0.6063249101176281,95.79933579858525
2018-08-14,NTPC,INE733E01010,,157.8,158.75,156.5,156.9,1691704,266034294.9,0.6063249101176281,95.13237839745585
2018-08-16,NTPC,INE733E01010,,156.9,159.0,156.15,158.55,1794901,283014232.45,0.6063249101176281,96.13281449914994
2018-08-17,NTPC,INE733E01010,,159.0,160.25,157.65,158.0,3893463,617974858.6,0.6063249101176281,95.79933579858525
2018-08-20,NTPC,INE733E01010,,158.3,160.1,158.0,158.55,2873806,456621628.4,0.6063249101176281,96.13281449914994
2018-08-21,NTPC,INE733E01010,,159.6,161.7,157.6,160.85,4399507,701585198.3,0.6063249101176281,97.52736179242048
2018-08-23,NTPC,INE733E01010,,161.2,165.0,160.1,164.35,6420112,1050130106.2,0.6063249101176281,99.64949897783218
2018-08-24,NTPC,INE733E01010,,164.6,167.65,163.65,164.3,4530655,749080048.5,0.6063249101176281,99.61918273232631
2018-08-27,NTPC,INE733E01010,,164.9,166.85,164.0,166.15,2192072,363619018.9,0.6063249101176281,100.74088381604392
2018-08-28,NTPC,INE733E01010,,166.65,174.55,166.35,168.3,7272699,1236327329.65,0.6063249101176281,102.04448237279682
2018-08-29,NTPC,INE733E01010,,169.45,169.45,165.5,166.05,3141387,524617410.05,0.6063249101176281,100.68025132503216
2018-08-30,NTPC,INE733E01010,,165.55,170.75,165.55,169.7,11153832,1886090544.55,0.6063249101176281,102.89333724696148
2018-08-31,NTPC,INE733E01010,,169.45,172.7,169.0,171.5,7037922,1206154747.5,0.6063249101176281,103.98472208517322
2018-09-03,NTPC,INE733E01010,,172.5,172.8,167.4,169.5,3827473,648074941.85,0.6063249101176281,102.77207226493796
2018-09-04,NTPC,INE733E01010,,169.5,170.5,167.4,168.1,2513805,426054013.5,0.6063249101176281,101.92321739077329
2018-09-05,NTPC,INE733E01010,,167.7,170.4,166.5,167.95,2364217,398151637.0,0.6063249101176281,101.83226865425564
2018-09-06,NTPC,INE733E01010,,166.0,170.7,165.65,168.9,6382384,1080490227.0,0.6150777280397175,103.88662826590829
2018-09-07,NTPC,INE733E01010,,170.5,170.55,165.9,169.55,2988190,503171173.55,0.6150777280397175,104.2864287891341
2018-09-10,NTPC,INE733E01010,,169.9,171.35,168.15,169.2,4892615,830801572.4,0.6150777280397175,104.07115158432019
2018-09-11,NTPC,INE733E01010,,169.05,171.75,168.75,169.75,8091175,1376813726.15,0.6150777280397175,104.40944433474205
2018-09-12,NTPC,INE733E01010,,170.4,171.6,166.85,170.0,5924638,1003340148.5,0.6150777280397175,104.56321376675197
2018-09-14,NTPC,INE733E01010,,170.4,175.1,170.4,174.95,6117278,1059193698.7,0.6150777280397175,107.60784852054857
2018-09-17,NTPC,INE733E01010,,175.0,175.4,171.1,172.25,2327075,400917374.55,0.6150777280397175,105.94713865484134
2018-09-18,NTPC,INE733E01010,,173.2,174.45,169.1,169.7,3038599,521032735.55,0.6150777280397175,104.37869044834005
2018-09-19,NTPC,INE733E01010,,171.0,171.95,168.0,169.15,4243336,719910644.8,0.6150777280397175,104.04039769791822
2018-09-21,NTPC,INE733E01010,,169.2,173.8,166.85,168.25,7997857,1358977949.35,0.6150777280397175,103.48682774268246
2018-09-24,NTPC,INE733E01010,,168.2,170.8,166.3,167.9,5180444,876612041.6,0.6150777280397175,103.27155053786858
2018-09-25,NTPC,INE733E01010,,169.15,170.5,164.4,170.0,5414138,908231520.75,0.6150777280397175,104.56321376675197
2018-09-26,NTPC,INE733E01010,,171.6,171.6,166.0,167.8,2993241,504785687.7,0.6150777280397175,103.2100427650646
2018-09-27,NTPC,INE733E01010,,168.15,170.0,166.5,167.95,5598858,943114979.35,0.6150777280397175,103.30230442427055
2018-09-28,NTPC,INE733E01010,,167.95,169.7,166.0,166.85,4537237,760461177.9,0.6150777280397175,102.62571892342686
2018-10-01,NTPC,INE733E01010,,167.5,170.3,166.15,169.6,4125103,692799228.8,0.6150777280397175,104.31718267553609
2018-10-03,NTPC,INE733E01010,,168.8,168.85,166.1,167.35,4816772,805789604.9,0.6150777280397175,102.93325778744672
2018-10-04,NTPC,INE733E01010,,166.4,168.6,164.75,166.8,5469579,909589234.9,0.6150777280397175,102.59496503702489
2018-10-05,NTPC,INE733E01010,,166.6,167.9,160.55,162.9,11077450,1817301779.0,0.6150777280397175,100.19616189766998
2018-10-08,NTPC,INE733E01010,,161.4,164.9,159.45,163.45,3864641,627181879.75,0.6150777280397175,100.53445464809182
2018-10-09,NTPC,INE733E01010,,164.8,165.0,160.9,161.7,4797049,778816760.55,0.6150777280397175,99.45806862402232
2018-10-10,NTPC,INE733E01010,,161.7,166.65,161.25,164.35,2843068,467277229.0,0.6150777280397175,101.08802460332757
2018-10-11,NTPC,INE733E01010,,162.0,165.7,161.3,163.15,3057491,498126684.55,0.6150777280397175,100.34993132967992
2018-10-12,NTPC,INE733E01010,,163.9,165.35,163.05,164.2,3456586,567524570.25,0.6150777280397175,100.99576294412161
2018-10-15,NTPC,INE733E01010,,164.25,165.55,163.7,164.65,1826243,300652813.45,0.6150777280397175,101.27254792173949
2018-10-16,NTPC,INE733E01010,,164.65,165.35,162.1,163.95,3214900,526522063.2,0.6150777280397175,100.84199351211167
2018-10-17,NTPC,INE733E01010,,164.55,165.7,162.2,162.9,4474191,732054813.95,0.6150777280397175,100.19616189766998
2018-10-19,NTPC,INE733E01010,,162.6,165.25,160.3,161.45,5169133,839069341.75,0.6150777280397175,99.30429919201238
2018-10-22,NTPC,INE733E01010,,163.05,167.9,162.1,164.85,5339979,882646951.3,0.6150777280397175,101.39556346734743
2018-10-23,NTPC,INE733E01010,,164.15,166.0,162.55,165.0,6097132,999968904.1,0.6150777280397175,101.48782512655339
2018-10-24,NTPC,INE733E01010,,166.0,166.75,159.7,163.05,10714096,1740046365.9,0.6150777280397175,100.28842355687594
2018-10-25,NTPC,INE733E01010,,162.5,164.95,157.3,162.3,78859564,12795338370.2,0.6150777280397175,99.82711526084616
2018-10-26,NTPC,INE733E01010,,158.95,160.25,154.8,159.3,7783268,1230951171.15,0.6150777280397175,97.981882076727
2018-10-29,NTPC,INE733E01010,,159.55,159.95,157.3,158.95,5803266,917395293.8,0.6150777280397175,97.76660487191309
2018-10-30,NTPC,INE733E01010,,159.1,161.05,156.85,159.4,2714226,431498656.6,0.6150777280397175,98.04338984953097
2018-10-31,NTPC,INE733E01010,,160.0,160.9,155.25,159.65,5057929,796599171.95,0.6150777280397175,98.1971592815409
2018-11-01,NTPC,INE733E01010,,159.75,160.25,156.75,157.0,2493606,392841967.5,0.6150777280397175,96.56720330223564
2018-11-02,NTPC,INE733E01010,,157.9,159.35,156.05,158.0,9573135,1508292093.9,0.6150777280397175,97.18228103027536
2018-11-05,NTPC,INE733E01010,,157.5,157.5,151.7,153.5,15219212,2327850168.85,0.6150777280397175,94.41443125409664
2018-11-06,NTPC,INE733E01010,,153.95,154.7,152.35,154.15,5186500,794563080.2,0.6150777280397175,94.81423177732246
2018-11-09,NTPC,INE733E01010,,155.55,155.6,153.5,154.45,6748485,1040190261.1,0.6150777280397175,94.99875509573437
2018-11-12,NTPC,INE733E01010,,154.3,155.45,152.5,152.8,3263611,501439498.8,0.6150777280397175,93.98387684446884
2018-11-13,NTPC,INE733E01010,,152.5,157.8,152.35,156.8,6586554,1019129200.0,0.6150777280397175,96.44418775662771
2018-11-14,NTPC,INE733E01010,,157.0,160.6,156.4,157.35,3211544,508497838.2,0.6150777280397175,96.78248050704954
2018-11-15,NTPC,INE733E01010,,157.95,159.15,153.4,153.8,3782472,591292863.15,0.6150777280397175,94.59895457250856
2018-11-16,NTPC,INE733E01010,,153.2,155.5,153.0,154.05,4305072,663842008.65,0.6150777280397175,94.75272400451848
2018-11-19,NTPC,INE733E01010,,154.0,154.5,151.9,152.95,5733037,877699086.95,0.6150777280397175,94.07613850367478
2018-11-20,NTPC,INE733E01010,,152.4,153.1,148.5,149.15,3833428,578352443.55,0.6150777280397175,91.73884313712387
2018-11-21,NTPC,INE733E01010,,149.15,149.85,147.15,147.85,6354604,940928985.15,0.6150777280397175,90.93924209067222
2018-11-22,NTPC,INE733E01010,,147.75,148.4,145.6,146.0,3070726,451690220.25,0.6150777280397175,89.80134829379875
2018-11-26,NTPC,INE733E01010,,146.4,146.95,141.7,144.7,5445431,782655039.4,0.6150777280397175,89.00174724734711
2018-11-27,NTPC,INE733E01010,,144.5,146.8,143.25,145.75,4055573,589411444.4,0.6150777280397175,89.64757886178883
2018-11-28,NTPC,INE733E01010,,146.95,147.55,142.0,143.45,14852895,2141542989.1,0.6150777280397175,88.23290008729747
2018-11-29,NTPC,INE733E01010,,143.85,145.75,140.85,142.25,25606098,3655095601.15,0.6150777280397175,87.49480681364982
2018-11-30,NTPC,INE733E01010,,142.0,142.6,137.55,140.3,24867219,3480312508.35,0.6150777280397175,86.29540524397237
2018-12-03,NTPC,INE733E01010,,140.35,145.65,140.0,144.9,10010868,1434350952.45,0.6150777280397175,89.12476279295507
2018-12-04,NTPC,INE733E01010,,144.75,144.75,142.0,143.2,5654167,808804415.5,0.6150777280397175,88.07913065528754
2018-12-05,NTPC,INE733E01010,,142.95,144.9,139.2,141.05,7361638,1042602179.4,0.6150777280397175,86.75671354000217
2018-12-06,NTPC,INE733E01010,,140.7,142.2,138.2,139.8,4550644,638416845.5,0.6150777280397175,85.98786637995251
2018-12-07,NTPC,INE733E01010,,140.0,141.1,136.55,137.85,11033784,1524762073.7,0.6150777280397175,84.78846481027506
2018-12-10,NTPC,INE733E01010,,135.9,139.25,134.7,136.2,28696725,3914983620.75,0.6150777280397175,83.77358655900952
2018-12-11,NTPC,INE733E01010,,134.05,138.05,134.05,137.35,11172141,1525427942.85,0.6150777280397175,84.4809259462552
2018-12-12,NTPC,INE733E01010,,137.95,141.6,136.9,140.7,10228635,1427883343.95,0.6150777280397175,86.54143633518825
2018-12-13,NTPC,INE733E01010,,141.35,142.0,139.75,141.05,8863788,1247868520.9,0.6150777280397175,86.75671354000217
2018-12-14,NTPC,INE733E01010,,141.0,144.15,139.6,143.5,11443814,1630536864.5,0.6150777280397175,88.26365397369946
2018-12-17,NTPC,INE733E01010,,150.0,151.35,144.75,146.1,18124658,2666456857.7,0.6150777280397175,89.86285606660272
2018-12-18,NTPC,INE733E01010,,146.0,148.4,145.25,147.7,10864175,1593993740.45,0.6150777280397175,90.84698043146626
2018-12-19,NTPC,INE733E01010,,148.35,150.3,147.25,149.8,6818396,1014986108.85,0.6150777280397175,92.13864366034969
2018-12-20,NTPC,INE733E01010,,148.6,149.95,146.65,149.3,11591640,1716001007.35,0.6150777280397175,91.83110479632983
2018-12-21,NTPC,INE733E01010,,149.5,151.4,148.25,150.55,15797444,2367405152.55,0.6150777280397175,92.59995195637947
2018-12-24,NTPC,INE733E01010,,150.0,150.55,145.2,146.4,7088482,1049710690.2,0.6150777280397175,90.04737938501465
2018-12-26,NTPC,INE733E01010,,146.2,148.35,144.25,145.55,8631989,1260725526.0,0.6150777280397175,89.52456331618089
2018-12-27,NTPC,INE733E01010,,146.7,149.75,144.2,148.3,27421548,4056411027.55,0.6150777280397175,91.21602706829012
2018-12-28,NTPC,INE733E01010,,147.45,151.6,146.5,149.85,9175552,1370837914.8,0.6150777280397175,92.16939754675167
2018-12-31,NTPC,INE733E01010,,149.8,150.05,148.1,149.05,4175741,622751396.3,0.6150777280397175,91.6773353643199
2019-01-01,NTPC,INE733E01010,,148.95,149.6,146.4,148.7,3342569,494300682.7,0.6150777280397175,91.46205815950599
2019-01-02,NTPC,INE733E01010,,147.95,148.7,146.15,147.0,4334233,637617879.9,0.6150777280397175,90.41642602183848
2019-01-03,NTPC,INE733E01010,,147.0,147.4,142.85,143.4,5862736,848357183.65,0.6150777280397175,88.2021462008955
2019-01-04,NTPC,INE733E01010,,143.95,146.3,142.25,145.75,6656760,959944125.65,0.6150777280397175,89.64757886178883
2019-01-07,NTPC,INE733E01010,,146.25,149.7,146.15,148.6,11768203,1743377169.9,0.6150777280397175,91.40055038670202
2019-01-08,NTPC,INE733E01010,,148.0,149.5,146.0,146.95,5547244,819484441.25,0.6150777280397175,90.38567213543648
2019-01-09,NTPC,INE733E01010,,147.0,148.45,145.4,146.55,3863786,567926100.05,0.6150777280397175,90.13964104422061
2019-01-10,NTPC,INE733E01010,,146.95,149.55,146.75,148.1,12784001,1894132141.6,0.6150777280397175,91.09301152268216
2019-01-11,NTPC,INE733E01010,,148.0,150.3,147.2,148.0,11316608,1681295626.95,0.6150777280397175,91.03150374987818
2019-01-14,NTPC,INE733E01010,,148.0,148.35,145.2,145.55,4175566,609086730.95,0.6150777280397175,89.52456331618089
2019-01-15,NTPC,INE733E01010,,146.0,146.45,144.15,145.8,12275812,1781515299.2,0.6150777280397175,89.67833274819081
2019-01-16,NTPC,INE733E01010,,146.3,148.5,145.7,146.35,4732815,697169650.65,0.6150777280397175,90.01662549861265
2019-01-17,NTPC,INE733E01010,,146.9,147.65,144.25,144.9,6274305,914102970.25,0.6150777280397175,89.12476279295507
2019-01-18,NTPC,INE733E01010,,145.3,146.4,144.0,144.3,2583594,374806713.75,0.6150777280397175,88.75571615613124
2019-01-21,NTPC,INE733E01010,,146.5,146.75,142.65,143.4,10989731,1583234287.55,0.6150777280397175,88.2021462008955
2019-01-22,NTPC,INE733E01010,,143.9,143.9,142.0,142.8,5895361,841837015.6,0.6150777280397175,87.83309956407166
2019-01-23,NTPC,INE733E01010,,142.9,143.6,140.3,140.75,4436294,628936432.1,0.6150777280397175,86.57219022159023
2019-01-24,NTPC,INE733E01010,,140.75,142.1,139.1,140.05,3541981,497375306.9,0.6150777280397175,86.14163581196244
2019-01-25,NTPC,INE733E01010,,140.5,141.9,138.05,138.3,4552697,634420992.4,0.6150777280397175,85.06524978789294
2019-01-28,NTPC,INE733E01010,,138.5,139.5,136.65,138.6,6086122,838215207.05,0.6150777280397175,85.24977310630484
2019-01-29,NTPC,INE733E01010,,138.6,139.4,137.4,138.5,8106901,1120290374.3,0.6150777280397175,85.18826533350088
2019-01-30,NTPC,INE733E01010,,139.4,140.4,138.1,138.7,11481494,1598821288.7,0.6150777280397175,85.3112808791088
2019-01-31,NTPC,INE733E01010,,140.5,141.2,139.0,139.7,36695700,5135123324.9,0.6150777280397175,85.92635860714853
2019-02-01,NTPC,INE733E01010,,140.0,140.5,138.8,140.15,5916171,828075325.05,0.6150777280397175,86.20314358476641
2019-02-04,NTPC,INE733E01010,,140.1,140.4,136.75,137.25,5596920,775347817.15,0.6150777280397175,84.41941817345122
2019-02-05,NTPC,INE733E01010,,137.0,138.4,136.2,138.05,7105333,978375847.95,0.6150777280397175,84.911480355883
2019-02-06,NTPC,INE733E01010,,135.8,137.75,135.0,137.1,10675675,1458402750.5,0.6314529661328401,86.57220165681237
2019-02-07,NTPC,INE733E01010,,137.0,138.0,135.1,135.95,4327928,592418651.95,0.6314529661328401,85.8460307457596
2019-02-08,NTPC,INE733E01010,,135.4,137.4,131.55,132.05,4664302,624635383.8,0.6314529661328401,83.38336417784154
2019-02-11,NTPC,INE733E01010,,131.95,133.3,128.6,130.35,10939054,1426749282.6,0.6314529661328401,82.3098941354157
2019-02-12,NTPC,INE733E01010,,130.05,133.95,130.0,133.25,12417295,1645887197.2,0.6314529661328401,84.14110773720094
2019-02-13,NTPC,INE733E01010,,133.25,134.1,128.0,131.1,11559385,1511023191.35,0.6314529661328401,82.78348386001534
2019-02-14,NTPC,INE733E01010,,131.0,133.3,128.1,131.25,31594972,4122601559.6,0.6314529661328401,82.87820180493526
2019-02-15,NTPC,INE733E01010,,132.0,137.4,132.0,136.25,21546525,2927555924.75,0.6314529661328401,86.03546663559946
2019-02-18,NTPC,INE733E01010,,135.8,140.4,134.95,137.45,10834305,1487623533.2,0.6314529661328401,86.79321019495886
2019-02-19,NTPC,INE733E01010,,137.1,137.9,132.45,133.7,7524246,1009900525.65,0.6314529661328401,84.42526157196072
2019-02-20,NTPC,INE733E01010,,134.2,138.9,132.3,137.2,12462775,1697567313.05,0.6314529661328401,86.63534695342565
2019-02-21,NTPC,INE733E01010,,137.8,138.5,135.5,136.45,3932612,537729410.45,0.6314529661328401,86.16175722882602
2019-02-22,NTPC,INE733E01010,,136.75,140.25,135.0,139.7,9732276,1344237306.45,0.6314529661328401,88.21397936875775
2019-02-25,NTPC,INE733E01010,,139.6,141.0,136.25,140.35,22964823,3185057597.6,0.6314529661328401,88.6244237967441
2019-02-26,NTPC,INE733E01010,,137.2,141.2,136.3,140.55,12918108,1795483989.95,0.6314529661328401,88.75071438997068
2019-02-27,NTPC,INE733E01010,,139.3,142.95,138.15,138.75,15215646,2143921064.2,0.6314529661328401,87.61409905093156
2019-02-28,NTPC,INE733E01010,,140.2,142.7,138.3,141.25,41819652,5896109238.1,0.6314529661328401,89.19273146626367
2019-03-01,NTPC,INE733E01010,,141.7,143.75,141.65,143.0,5657562,809186180.1,0.6314529661328401,90.29777415699613
2019-03-05,NTPC,INE733E01010,,143.0,148.2,143.0,147.0,10823586,1577973110.45,0.6314529661328401,92.82358602152749
2019-03-06,NTPC,INE733E01010,,147.7,149.5,147.1,148.95,8594413,1275991248.85,0.6314529661328401,94.05491930548652
2019-03-07,NTPC,INE733E01010,,149.1,150.6,145.5,146.2,6947851,1022920623.05,0.6314529661328401,92.3184236486212
2019-03-08,NTPC,INE733E01010,,147.5,154.8,145.35,152.2,28885977,4356944537.45,0.6314529661328401,96.10714144541825
2019-03-11,NTPC,INE733E01010,,153.0,160.3,149.5,151.4,25006371,3884890199.1,0.6314529661328401,95.601979072512
2019-03-12,NTPC,INE733E01010,,150.8,156.35,150.2,151.25,19429204,2954840159.65,0.6314529661328401,95.50726112759206
2019-03-13,NTPC,INE733E01010,,151.0,151.05,145.0,148.2,17452596,2587553882.95,0.6314529661328401,93.58132958088689
2019-03-14,NTPC,INE733E01010,,148.9,154.9,148.1,153.65,12229497,1853503094.3,0.6314529661328401,97.02274824631088
2019-03-15,NTPC,INE733E01010,,154.6,159.25,152.65,158.05,16963953,2659278769.55,0.6314529661328401,99.80114129729539
2019-03-18,NTPC,INE733E01010,,157.85,160.8,155.75,158.75,16074505,2556479720.85,0.6314529661328401,100.24315837358836
2019-03-19,NTPC,INE733E01010,,133.95,137.3,130.4,134.9,25950621,3485006009.0,0.7577435593594081,102.21960615758415
2019-03-20,NTPC,INE733E01010,,135.8,136.0,128.1,129.25,28098992,3668634907.85,0.7577435593594081,97.93835504720349
2019-03-22,NTPC,INE733E01010,,131.0,136.2,129.7,134.65,53779933,7142107927.05,0.7577435593594081,102.0301702677443
2019-03-25,NTPC,INE733E01010,,133.85,137.5,133.75,135.35,31535535,4278995614.35,0.7577435593594081,102.56059075929588
2019-03-26,NTPC,INE733E01010,,136.0,142.0,136.0,140.8,23510777,3266736637.95,0.7577435593594081,106.69029315780466
2019-03-27,NTPC,INE733E01010,,140.9,140.9,136.2,137.0,20849776,2892342470.55,0.7577435593594081,103.81086763223891
2019-03-28,NTPC,INE733E01010,,137.5,139.35,135.1,135.75,41232946,5615060472.15,0.7577435593594081,102.86368818303964
2019-03-29,NTPC,INE733E01010,,137.15,140.55,132.7,134.7,47265221,6453690441.9,0.7577435593594081,102.06805744571226
2019-04-01,NTPC,INE733E01010,,136.4,137.5,133.55,135.1,26716877,3626413382.95,0.7577435593594081,102.37115486945602
2019-04-02,NTPC,INE733E01010,,136.05,136.7,134.0,135.15,14343829,1940356893.0,0.7577435593594081,102.40904204742401
2019-04-03,NTPC,INE733E01010,,135.95,137.5,134.0,134.8,12596804,1710458678.75,0.7577435593594081,102.14383180164822
2019-04-04,NTPC,INE733E01010,,134.8,136.8,134.45,135.65,12939086,1755105023.95,0.7577435593594081,102.78791382710371
2019-04-05,NTPC,INE733E01010,,135.55,136.45,134.4,134.8,7742848,1046602235.8,0.7577435593594081,102.14383180164822
2019-04-08,NTPC,INE733E01010,,134.9,136.8,134.55,135.55,13409083,1816947667.05,0.7577435593594081,102.71213947116777
2019-04-09,NTPC,INE733E01010,,135.5,136.45,135.05,135.9,7506763,1018779815.45,0.7577435593594081,102.97734971694356
2019-04-10,NTPC,INE733E01010,,136.25,137.0,134.3,134.6,9502300,1288031700.6,0.7577435593594081,101.99228308977632
2019-04-11,NTPC,INE733E01010,,134.95,136.4,134.4,135.95,8703097,1179828806.8,0.7577435593594081,103.01523689491152
2019-04-12,NTPC,INE733E01010,,136.0,136.5,135.2,135.95,7212573,980883659.15,0.7577435593594081,103.01523689491152
2019-04-15,NTPC,INE733E01010,,136.25,138.3,135.4,136.75,11013801,1510938103.25,0.7577435593594081,103.62143174239905
2019-04-16,NTPC,INE733E01010,,137.4,138.15,136.5,137.55,7469500,1025110518.1,0.7577435593594081,104.22762658988658
2019-04-18,NTPC,INE733E01010,,137.5,137.85,135.05,135.35,6634192,902883513.2,0.7577435593594081,102.56059075929588
2019-04-22,NTPC,INE733E01010,,135.1,136.4,134.35,136.0,5541225,751810675.75,0.7577435593594081,103.0531240728795
2019-04-23,NTPC,INE733E01010,,136.0,136.1,133.25,133.65,8790522,1177828859.5,0.7577435593594081,101.2724267083849
2019-04-24,NTPC,INE733E01010,,133.65,134.45,132.3,133.95,9255095,1235888447.15,0.7577435593594081,101.4997497761927
2019-04-25,NTPC,INE733E01010,,134.0,135.35,132.3,132.9,29354749,3911990533.1,0.7577435593594081,100.70411903886534
2019-04-26,NTPC,INE733E01010,,133.45,135.1,133.35,134.1,4789673,644671639.3,0.7577435593594081,101.61341131009662
2019-04-30,NTPC,INE733E01010,,134.25,134.8,131.45,134.05,7527996,1006461911.65,0.7577435593594081,101.57552413212866
2019-05-02,NTPC,INE733E01010,,133.3,133.9,132.1,133.1,6401386,851731029.2,0.7577435593594081,100.85566775073721
2019-05-03,NTPC,INE733E01010,,133.1,136.65,133.0,135.45,9226969,1250491032.4,0.7577435593594081,102.63636511523181
2019-05-06,NTPC,INE733E01010,,135.0,135.6,133.7,135.0,6080575,817227899.2,0.7577435593594081,102.29538051352009
2019-05-07,NTPC,INE733E01010,,135.45,136.2,133.6,134.1,9137799,1233081726.15,0.7577435593594081,101.61341131009662
2019-05-08,NTPC,INE733E01010,,133.85,134.0,130.2,130.8,8742473,1156925016.3,0.7577435593594081,99.11285756421059
2019-05-09,NTPC,INE733E01010,,130.75,130.8,126.4,127.7,14395488,1843012079.1,0.7577435593594081,96.76385253019642
2019-05-10,NTPC,INE733E01010,,128.45,128.75,126.25,127.0,9724014,1241249532.65,0.7577435593594081,96.23343203864482
2019-05-13,NTPC,INE733E01010,,126.9,127.0,123.0,123.55,11507204,1436261723.9,0.7577435593594081,93.61921675885486
2019-05-14,NTPC,INE733E01010,,123.7,126.5,122.4,125.6,6908544,859366185.75,0.7577435593594081,95.17259105554164
2019-05-15,NTPC,INE733E01010,,126.3,126.9,123.0,123.95,9384447,1167012728.2,0.7577435593594081,93.92231418259863
2019-05-16,NTPC,INE733E01010,,124.85,126.35,123.25,125.75,6519422,814487194.45,0.7577435593594081,95.28625258944557
2019-05-17,NTPC,INE733E01010,,124.75,126.6,124.0,125.5,10003051,1255022144.95,0.7577435593594081,95.09681669960571
2019-05-20,NTPC,INE733E01010,,128.2,130.1,125.6,129.25,12330905,1577484854.4,0.7577435593594081,97.93835504720349
2019-05-21,NTPC,INE733E01010,,129.7,129.75,127.75,128.6,8095621,1037891259.6,0.7577435593594081,97.44582173361988
2019-05-22,NTPC,INE733E01010,,128.6,130.45,127.4,129.6,9540723,1232935244.4,0.7577435593594081,98.20356529297928
2019-05-23,NTPC,INE733E01010,,130.6,133.45,129.35,129.85,11017547,1443239246.2,0.7577435593594081,98.39300118281913
2019-05-24,NTPC,INE733E01010,,130.5,131.0,128.55,129.15,9371443,1210433284.3,0.7577435593594081,97.86258069126755
2019-05-27,NTPC,INE733E01010,,132.4,136.6,130.15,133.2,19948676,2671982732.45,0.7577435593594081,100.93144210667315
2019-05-28,NTPC,INE733E01010,,133.95,134.75,131.7,132.6,15628186,2076992303.25,0.7577435593594081,100.47679597105751
2019-05-29,NTPC,INE733E01010,,132.0,133.25,130.2,130.9,5397986,708759218.15,0.7577435593594081,99.18863192014652
2019-05-30,NTPC,INE733E01010,,131.05,135.6,131.05,135.1,30257040,4078758416.6,0.7577435593594081,102.37115486945602
2019-05-31,NTPC,INE733E01010,,135.25,136.05,132.3,133.25,11325445,1517047280.8,0.7577435593594081,100.96932928464112
2019-06-03,NTPC,INE733E01010,,134.4,134.8,132.7,133.1,7302092,975740565.35,0.7577435593594081,100.85566775073721
2019-06-04,NTPC,INE733E01010,,133.15,136.35,133.15,135.05,10439893,1414363744.65,0.7577435593594081,102.33326769148808
2019-06-06,NTPC,INE733E01010,,135.15,137.0,132.8,136.55,12191883,1648545118.75,0.7577435593594081,103.46988303052719
2019-06-07,NTPC,INE733E01010,,137.0,137.5,134.5,135.15,9310029,1266446357.0,0.7577435593594081,102.40904204742401
2019-06-10,NTPC,INE733E01010,,135.2,137.1,134.35,135.0,7295669,988978618.0,0.7577435593594081,102.29538051352009
2019-06-11,NTPC,INE733E01010,,135.4,136.65,133.75,135.3,4554162,616177220.05,0.7577435593594081,102.52270358132792
2019-06-12,NTPC,INE733E01010,,135.0,135.7,133.3,134.4,3660802,491476855.45,0.7577435593594081,101.84073437790445
2019-06-13,NTPC,INE733E01010,,134.5,135.85,133.3,134.9,5113806,689242317.2,0.7577435593594081,102.21960615758415
2019-06-14,NTPC,INE733E01010,,134.95,135.5,132.4,132.75,4761596,637220098.8,0.7577435593594081,100.59045750496142
2019-06-17,NTPC,INE733E01010,,133.45,133.85,131.4,132.25,3655275,484686545.4,0.7577435593594081,100.21158572528172
2019-06-18,NTPC,INE733E01010,,132.6,133.35,131.9,132.4,5172138,685808609.5,0.7577435593594081,100.32524725918563
2019-06-19,NTPC,INE733E01010,,132.5,135.25,132.5,134.65,5278372,707295038.0,0.7577435593594081,102.0301702677443
2019-06-20,NTPC,INE733E01010,,134.6,135.25,133.6,134.55,6963441,936562941.45,0.7577435593594081,101.95439591180836
2019-06-21,NTPC,INE733E01010,,134.85,135.2,134.05,134.55,9456244,1273577349.1,0.7577435593594081,101.95439591180836
2019-06-24,NTPC,INE733E01010,,134.7,136.0,133.75,135.6,5918107,799977019.55,0.7577435593594081,102.75002664913573
2019-06-25,NTPC,INE733E01010,,135.95,139.7,135.15,138.45,18761799,2591133857.1,0.7577435593594081,104.90959579331003
2019-06-26,NTPC,INE733E01010,,139.5,141.9,139.3,140.05,24643824,3466923036.6,0.7577435593594081,106.1219854882851
2019-06-27,NTPC,INE733E01010,,141.05,142.0,139.05,140.15,38789825,5446490153.65,0.7577435593594081,106.19775984422104
2019-06-28,NTPC,INE733E01010,,140.1,141.85,139.5,141.35,10648757,1501651785.4,0.7577435593594081,107.10705211545233
2019-07-01,NTPC,INE733E01010,,142.2,145.85,138.65,142.55,31289422,4451580817.6,0.7577435593594081,108.01634438668363
2019-07-02,NTPC,INE733E01010,,143.0,144.4,142.55,142.95,8847109,1269599559.15,0.7577435593594081,108.31944181042738
2019-07-03,NTPC,INE733E01010,,143.85,144.4,142.65,143.25,6947927,998795666.05,0.7577435593594081,108.54676487823521
2019-07-04,NTPC,INE733E01010,,144.45,144.45,142.35,143.45,5792826,828865332.45,0.7577435593594081,108.69831359010708
2019-07-05,NTPC,INE733E01010,,142.8,143.8,135.4,136.5,21459265,2954328152.4,0.7577435593594081,103.4319958525592
2019-07-08,NTPC,INE733E01010,,136.6,136.6,128.55,129.6,20404790,2685846005.4,0.7577435593594081,98.20356529297928
2019-07-09,NTPC,INE733E01010,,128.45,132.0,127.6,129.55,19374808,2511240184.2,0.7577435593594081,98.16567811501132
2019-07-10,NTPC,INE733E01010,,129.0,131.0,128.65,129.05,9141198,1182762560.75,0.7577435593594081,97.78680633533162
2019-07-11,NTPC,INE733E01010,,130.25,130.9,128.6,128.95,6669919,865806921.75,0.7577435593594081,97.71103197939566
2019-07-12,NTPC,INE733E01010,,129.85,132.45,126.45,127.8,21467991,2784036636.05,0.7577435593594081,96.83962688613235
2019-07-15,NTPC,INE733E01010,,128.0,128.95,127.3,127.95,5852788,749560212.25,0.7577435593594081,96.95328842003626
2019-07-16,NTPC,INE733E01010,,128.8,131.4,128.0,130.95,11313969,1473492966.1,0.7577435593594081,99.22651909811448
2019-07-17,NTPC,INE733E01010,,131.6,132.15,128.7,129.1,10958942,1424554381.1,0.7577435593594081,97.82469351329958
2019-07-18,NTPC,INE733E01010,,130.1,130.95,126.4,127.05,18049102,2313616863.8,0.7577435593594081,96.2713192166128
2019-07-19,NTPC,INE733E01010,,127.95,131.0,126.05,129.9,33840376,4368266437.4,0.7577435593594081,98.43088836078711
2019-07-22,NTPC,INE733E01010,,130.5,132.65,127.65,130.85,15870663,2079614898.55,0.7577435593594081,99.15074474217855
2019-07-23,NTPC,INE733E01010,,131.45,133.45,130.5,133.05,9840729,1304492622.55,0.7577435593594081,100.81778057276925
2019-07-24,NTPC,INE733E01010,,133.55,133.55,130.7,131.85,10421947,1375062399.8,0.7577435593594081,99.90848830153794
2019-07-25,NTPC,INE733E01010,,132.0,132.85,128.4,129.75,29337351,3836216788.3,0.7577435593594081,98.3172268268832
2019-07-26,NTPC,INE733E01010,,130.4,130.4,128.25,128.8,11411885,1472695071.9,0.7577435593594081,97.59737044549176
2019-07-29,NTPC,INE733E01010,,128.0,128.8,126.75,127.3,22168687,2830556566.0,0.7577435593594081,96.46075510645265
2019-07-30,NTPC,INE733E01010,,126.65,128.65,126.1,127.2,16228044,2071030040.25,0.7577435593594081,96.3849807505167
2019-07-31,NTPC,INE733E01010,,126.2,127.35,125.5,126.55,14557889,1840532958.3,0.7577435593594081,95.89244743693308
2019-08-01,NTPC,INE733E01010,,126.4,127.75,125.15,126.85,11138203,1410353626.5,0.7577435593594081,96.11977050474091
2019-08-02,NTPC,INE733E01010,,126.2,126.9,122.45,123.1,21851409,2720909786.6,0.7577435593594081,93.27823215714312
2019-08-05,NTPC,INE733E01010,,122.4,123.45,120.45,121.0,8713907,1058626962.0,0.7577435593594081,91.68697068248838
2019-08-06,NTPC,INE733E01010,,120.0,124.9,119.75,123.35,13232442,1620135578.05,0.7577435593594081,93.46766804698298
2019-08-07,NTPC,INE733E01010,,123.0,124.95,122.1,123.05,13132981,1621704187.6,0.7577435593594081,93.24034497917516
2019-08-08,NTPC,INE733E01010,,123.15,125.15,122.2,124.65,8227791,1017326425.85,0.7577435593594081,94.45273467415022
2019-08-09,NTPC,INE733E01010,,124.6,126.65,123.15,123.9,10566552,1320090903.35,0.7577435593594081,93.88442700463067
2019-08-13,NTPC,INE733E01010,,123.0,123.0,114.75,117.15,25954194,3042373659.95,0.7733478336460515,90.59769871163495
2019-08-14,NTPC,INE733E01010,,117.25,119.0,116.55,117.6,8641527,1016809811.1,0.7733478336460515,90.94570523677565
2019-08-16,NTPC,INE733E01010,,117.4,119.3,116.6,117.8,10992249,1296345882.1,0.7733478336460515,91.10037480350486
2019-08-19,NTPC,INE733E01010,,118.35,120.45,117.6,118.9,9653434,1153193606.3,0.7733478336460515,91.95105742051553
2019-08-20,NTPC,INE733E01010,,119.0,120.25,117.35,117.95,7758935,921828571.85,0.7733478336460515,91.21637697855178
2019-08-21,NTPC,INE733E01010,,118.0,119.6,117.45,117.9,12842739,1518551038.15,0.7733478336460515,91.17770958686948
2019-08-22,NTPC,INE733E01010,,118.0,118.4,113.85,114.75,16991585,1972539794.2,0.7733478336460515,88.74166391088441
2019-08-23,NTPC,INE733E01010,,115.0,118.95,114.1,118.5,9284204,1082646919.35,0.7733478336460515,91.6417182870571
2019-08-26,NTPC,INE733E01010,,119.0,120.6,117.7,120.05,11965007,1423041396.35,0.7733478336460515,92.84040742920848
2019-08-27,NTPC,INE733E01010,,120.15,125.4,120.15,123.2,22238086,2736705426.3,0.7733478336460515,95.27645310519355
2019-08-28,NTPC,INE733E01010,,123.8,124.7,119.45,119.9,11905383,1450503773.25,0.7733478336460515,92.72440525416158
2019-08-29,NTPC,INE733E01010,,118.75,124.15,117.9,123.1,38336134,4676395272.85,0.7733478336460515,95.19911832182893
2019-08-30,NTPC,INE733E01010,,122.9,123.65,115.6,121.65,18833819,2253158922.4,0.7733478336460515,94.07776396304217
2019-09-03,NTPC,INE733E01010,,121.95,121.95,117.15,117.65,7635093,906785498.4,0.7733478336460515,90.98437262845796
2019-09-04,NTPC,INE733E01010,,118.0,119.9,116.65,119.45,7299231,863995054.75,0.7733478336460515,92.37639872902086
2019-09-05,NTPC,INE733E01010,,119.85,129.65,119.85,123.45,19432303,2415946623.7,0.7733478336460515,95.46979006360506
2019-09-06,NTPC,INE733E01010,,123.45,127.8,123.3,127.0,11891983,1498580220.1,0.7733478336460515,98.21517487304854
2019-09-09,NTPC,INE733E01010,,127.3,127.95,125.2,126.35,5303272,671537283.15,0.7733478336460515,97.71249878117861
2019-09-11,NTPC,INE733E01010,,126.5,127.55,123.85,124.5,5473674,688770505.9,0.7733478336460515,96.28180528893341
2019-09-12,NTPC,INE733E01010,,124.0,124.75,121.6,122.25,8444053,1040218761.25,0.7733478336460515,94.54177266322979
2019-09-13,NTPC,INE733E01010,,122.35,124.3,121.25,124.05,7509999,923858082.65,0.7733478336460515,95.9337987637927
2019-09-16,NTPC,INE733E01010,,123.35,124.15,121.85,123.25,5593727,688076981.5,0.7733478336460515,95.31512049687585
2019-09-17,NTPC,INE733E01010,,122.85,123.15,120.55,120.9,5663425,689512160.65,0.7733478336460515,93.49775308780764
2019-09-18,NTPC,INE733E01010,,121.55,122.85,119.65,122.5,8627190,1045731648.95,0.7733478336460515,94.73510962164131
2019-09-19,NTPC,INE733E01010,,122.95,122.95,120.1,121.7,6031946,732086729.3,0.7733478336460515,94.11643135472447
2019-09-20,NTPC,INE733E01010,,121.05,125.4,118.5,119.85,34008081,4118412754.75,0.7733478336460515,92.68573786247927
2019-09-23,NTPC,INE733E01010,,121.1,121.6,114.05,116.05,33355557,3921067733.45,0.7733478336460515,89.74701609462427
2019-09-24,NTPC,INE733E01010,,116.3,116.8,114.35,115.15,20864605,2405284686.65,0.7733478336460515,89.05100304434283
2019-09-25,NTPC,INE733E01010,,115.6,118.6,115.05,116.9,18851203,2211312663.7,0.7733478336460515,90.40436175322343
2019-09-26,NTPC,INE733E01010,,117.25,118.7,115.95,116.55,21458595,2511356133.8,0.7733478336460515,90.1336900114473
2019-09-27,NTPC,INE733E01010,,117.9,119.1,116.3,117.05,9325734,1094707676.0,0.7733478336460515,90.52036392827033
2019-09-30,NTPC,INE733E01010,,117.1,118.2,115.75,117.5,12045142,1409666714.25,0.7733478336460515,90.86837045341106
2019-10-01,NTPC,INE733E01010,,118.0,118.9,116.25,117.05,9718865,1138149192.25,0.7733478336460515,90.52036392827033
2019-10-03,NTPC,INE733E01010,,117.55,117.55,114.6,116.75,10477900,1219330183.1,0.7733478336460515,90.28835957817651
2019-10-04,NTPC,INE733E01010,,117.3,120.5,116.5,117.4,20289650,2390893542.65,0.7733478336460515,90.79103567004645
2019-10-07,NTPC,INE733E01010,,117.45,117.95,114.7,115.95,14111765,1637544464.7,0.7733478336460515,89.66968131125968
2019-10-09,NTPC,INE733E01010,,116.0,118.0,115.4,117.25,8413122,985867441.4,0.7733478336460515,90.67503349499954
2019-10-10,NTPC,INE733E01010,,117.2,117.5,116.35,117.25,6885340,805961398.55,0.7733478336460515,90.67503349499954
2019-10-11,NTPC,INE733E01010,,117.2,118.35,115.9,116.7,9176578,1075433265.95,0.7733478336460515,90.24969218649422
2019-10-14,NTPC,INE733E01010,,116.55,118.15,116.2,117.75,12146203,1424688090.8,0.7733478336460515,91.06170741182257
2019-10-15,NTPC,INE733E01010,,117.0,119.8,117.0,119.4,7630007,908289694.6,0.7733478336460515,92.33773133733855
2019-10-16,NTPC,INE733E01010,,118.8,119.8,116.9,117.4,10206387,1203865110.5,0.7733478336460515,90.79103567004645
2019-10-17,NTPC,INE733E01010,,117.7,119.2,116.95,118.7,10163035,1197971244.6,0.7733478336460515,91.79638785378631
2019-10-18,NTPC,INE733E01010,,118.8,121.5,118.4,121.05,16961782,2042343773.75,0.7733478336460515,93.61375526285454
2019-10-22,NTPC,INE733E01010,,121.65,121.65,119.95,120.9,12091476,1458952659.55,0.7733478336460515,93.49775308780764
2019-10-23,NTPC,INE733E01010,,120.25,121.7,120.25,121.05,6580501,796555966.4,0.7733478336460515,93.61375526285454
2019-10-24,NTPC,INE733E01010,,122.0,122.0,119.2,120.2,8009018,966550395.95,0.7733478336460515,92.9564096042554
2019-10-25,NTPC,INE733E01010,,120.85,120.85,118.2,118.5,8505881,1011007983.65,0.7733478336460515,91.6417182870571
2019-10-29,NTPC,INE733E01010,,118.7,120.35,117.6,119.9,8581053,1020433588.35,0.7733478336460515,92.72440525416158
2019-10-30,NTPC,INE733E01010,,121.0,121.75,119.25,120.95,12119474,1460494801.25,0.7733478336460515,93.53642047948993
2019-10-31,NTPC,INE733E01010,,121.5,124.2,120.8,122.4,16511583,2017867213.2,0.7733478336460515,94.65777483827671
2019-11-01,NTPC,INE733E01010,,123.0,123.2,121.1,121.5,4170369,509244507.75,0.7733478336460515,93.96176178799526
2019-11-04,NTPC,INE733E01010,,121.65,122.6,119.9,120.55,7894331,955300757.8,0.7733478336460515,93.22708134603151
2019-11-05,NTPC,INE733E01010,,120.2,121.5,119.55,120.6,6156847,742381050.95,0.7733478336460515,93.2657487377138
2019-11-06,NTPC,INE733E01010,,120.1,121.75,119.95,120.65,5317553,642551582.55,0.7733478336460515,93.30441612939612
2019-11-07,NTPC,INE733E01010,,121.15,121.2,119.1,119.55,6794239,813615325.85,0.7733478336460515,92.45373351238545
2019-11-08,NTPC,INE733E01010,,119.1,119.35,117.0,117.4,9771715,1153369984.8,0.7733478336460515,90.79103567004645
2019-11-11,NTPC,INE733E01010,,118.95,121.75,117.75,118.25,22943443,2738199457.6,0.7733478336460515,91.4483813286456
2019-11-13,NTPC,INE733E01010,,117.9,119.25,117.55,118.3,12220298,1446805114.25,0.7733478336460515,91.48704872032789
2019-11-14,NTPC,INE733E01010,,118.5,119.15,117.55,118.55,5208393,616873167.75,0.7733478336460515,91.68038567873941
2019-11-15,NTPC,INE733E01010,,118.55,118.85,116.95,117.35,4650424,548090208.5,0.7733478336460515,90.75236827836414
2019-11-18,NTPC,INE733E01010,,117.05,117.85,116.8,117.45,4727251,554715870.2,0.7733478336460515,90.82970306172875
2019-11-19,NTPC,INE733E01010,,117.75,118.3,116.8,117.35,7577320,889824976.3,0.7733478336460515,90.75236827836414
2019-11-20,NTPC,INE733E01010,,117.3,117.6,116.05,117.05,10033434,1171607658.15,0.7733478336460515,90.52036392827033
2019-11-21,NTPC,INE733E01010,,117.4,117.4,114.8,115.3,15099980,1746747531.1,0.7733478336460515,89.16700521938974
2019-11-22,NTPC,INE733E01010,,116.95,119.2,116.95,117.8,13934099,1643904577.05,0.7733478336460515,91.10037480350486
2019-11-25,NTPC,INE733E01010,,118.0,118.4,117.1,118.1,10863475,1280296590.2,0.7733478336460515,91.33237915359868
2019-11-26,NTPC,INE733E01010,,118.1,118.9,116.2,116.65,14426269,1691681460.8,0.7733478336460515,90.21102479481192
2019-11-27,NTPC,INE733E01010,,116.8,117.3,115.45,115.75,5455521,632989029.4,0.7733478336460515,89.51501174453047
2019-11-28,NTPC,INE733E01010,,116.15,116.25,115.05,115.55,10014250,1155885435.7,0.7733478336460515,89.36034217780126
2019-11-29,NTPC,INE733E01010,,116.0,117.6,115.5,116.35,7014266,817924539.3,0.7733478336460515,89.97902044471809
2019-12-02,NTPC,INE733E01010,,115.75,116.3,115.1,115.3,6609154,763998472.8,0.7733478336460515,89.16700521938974
2019-12-03,NTPC,INE733E01010,,115.1,115.8,114.4,114.55,6614178,761109253.1,0.7733478336460515,88.5869943441552
2019-12-04,NTPC,INE733E01010,,115.05,115.3,114.0,114.8,4444594,509512535.4,0.7733478336460515,88.78033130256671
2019-12-05,NTPC,INE733E01010,,114.75,115.25,113.85,114.1,2537275,289986508.65,0.7733478336460515,88.23898781901447
2019-12-06,NTPC,INE733E01010,,114.7,114.7,112.2,112.65,3836996,434015254.2,0.7733478336460515,87.11763346022771
2019-12-09,NTPC,INE733E01010,,113.2,113.2,111.5,112.7,7866941,883696345.8,0.7733478336460515,87.15630085191
2019-12-10,NTPC,INE733E01010,,112.5,113.15,109.7,110.0,18958648,2104887419.0,0.7733478336460515,85.06826170106567
2019-12-11,NTPC,INE733E01010,,110.5,113.8,110.1,113.0,8746687,978654953.95,0.7733478336460515,87.38830520200382
2019-12-12,NTPC,INE733E01010,,113.55,114.95,113.2,114.45,3850652,440363014.75,0.7733478336460515,88.5096595607906
2019-12-13,NTPC,INE733E01010,,115.05,116.15,114.5,115.65,4293299,495348807.35,0.7733478336460515,89.43767696116586
2019-12-16,NTPC,INE733E01010,,116.2,116.3,114.6,114.95,3659151,422308513.25,0.7733478336460515,88.89633347761362
2019-12-17,NTPC,INE733E01010,,114.95,115.95,113.6,115.55,6241009,717791590.4,0.7733478336460515,89.36034217780126
2019-12-18,NTPC,INE733E01010,,115.0,116.25,113.8,114.15,8626400,988474043.55,0.7733478336460515,88.27765521069679
2019-12-19,NTPC,INE733E01010,,114.0,114.4,112.85,114.05,5995825,680580679.75,0.7733478336460515,88.20032042733217
2019-12-20,NTPC,INE733E01010,,114.05,115.4,113.8,114.7,5813877,667275663.75,0.7733478336460515,88.70299651920212
2019-12-23,NTPC,INE733E01010,,114.2,115.4,113.8,114.6,13980109,1603114836.25,0.7733478336460515,88.6256617358375
2019-12-24,NTPC,INE733E01010,,114.5,115.8,114.5,115.2,7929835,913281485.4,0.7733478336460515,89.08967043602514
2019-12-26,NTPC,INE733E01010,,115.15,118.3,114.0,116.4,12763347,1477773508.5,0.7733478336460515,90.0176878364004
2019-12-27,NTPC,INE733E01010,,116.3,117.2,115.75,116.85,4474934,521750693.95,0.7733478336460515,90.36569436154112
2019-12-30,NTPC,INE733E01010,,116.85,117.65,116.35,116.55,4193724,490923378.3,0.7733478336460515,90.1336900114473
2019-12-31,NTPC,INE733E01010,,116.55,119.7,116.35,119.05,12438719,1470000323.8,0.7733478336460515,92.06705959556243
2020-01-01,NTPC,INE733E01010,,119.05,122.0,118.25,121.55,9953746,1201143313.2,0.7733478336460515,94.00042917967757
2020-01-02,NTPC,INE733E01010,,121.5,122.15,120.6,121.4,8731299,1061194969.1,0.7733478336460515,93.88442700463067
2020-01-03,NTPC,INE733E01010,,121.0,121.35,119.1,119.35,7392962,888159437.65,0.7733478336460515,92.29906394565624
2020-01-06,NTPC,INE733E01010,,119.0,119.15,116.5,118.9,6596841,779494516.65,0.7733478336460515,91.95105742051553
2020-01-07,NTPC,INE733E01010,,119.25,121.55,119.25,120.55,8959942,1079009648.15,0.7733478336460515,93.22708134603151
2020-01-08,NTPC,INE733E01010,,119.7,120.75,117.55,119.95,6372683,761762964.45,0.7733478336460515,92.76307264584388
2020-01-09,NTPC,INE733E01010,,120.5,121.2,118.9,119.35,8309627,993880303.3,0.7733478336460515,92.29906394565624
2020-01-10,NTPC,INE733E01010,,119.95,121.8,119.05,120.3,5588344,675576717.0,0.7733478336460515,93.03374438761999
2020-01-13,NTPC,INE733E01010,,120.4,122.0,120.1,121.75,3534313,428354308.2,0.7733478336460515,94.15509874640678
2020-01-14,NTPC,INE733E01010,,121.75,124.0,121.35,123.5,8631692,1058774199.85,0.7733478336460515,95.50845745528737
2020-01-15,NTPC,INE733E01010,,123.0,125.0,122.35,123.85,6537916,808255437.5,0.7733478336460515,95.77912919706348
2020-01-16,NTPC,INE733E01010,,123.4,123.4,120.95,121.45,8806007,1072013544.75,0.7733478336460515,93.92309439631296
2020-01-17,NTPC,INE733E01010,,121.45,121.7,120.6,121.2,6811534,824958461.95,0.7733478336460515,93.72975743790144
2020-01-20,NTPC,INE733E01010,,121.0,121.75,117.8,118.25,10655638,1275787878.75,0.7733478336460515,91.4483813286456
2020-01-21,NTPC,INE733E01010,,118.4,119.55,116.95,117.15,5150830,609540586.8,0.7733478336460515,90.59769871163495
2020-01-22,NTPC,INE733E01010,,114.95,115.75,111.5,112.15,19388739,2191949714.35,0.7733478336460515,86.73095954340468
2020-01-23,NTPC,INE733E01010,,112.6,114.45,112.3,113.5,22793170,2586349329.9,0.7733478336460515,87.77497911882685
2020-01-24,NTPC,INE733E01010,,114.0,116.3,113.55,114.75,9898052,1141720901.75,0.7733478336460515,88.74166391088441
2020-01-27,NTPC,INE733E01010,,115.0,115.3,112.6,113.15,5597365,637471992.9,0.7733478336460515,87.50430737705074
2020-01-28,NTPC,INE733E01010,,113.75,113.75,110.9,112.05,12128081,1356967535.35,0.7733478336460515,86.65362476004007
2020-01-29,NTPC,INE733E01010,,112.1,114.9,111.75,113.2,18501507,2093035574.55,0.7733478336460515,87.54297476873303
2020-01-30,NTPC,INE733E01010,,113.45,114.8,112.05,113.65,18545239,2108842797.1,0.7733478336460515,87.89098129387376
2020-01-31,NTPC,INE733E01010,,113.75,115.25,111.5,112.85,64518347,7314052640.7,0.7733478336460515,87.2723030269569
2020-02-03,NTPC,INE733E01010,,109.45,111.65,107.2,110.25,14889516,1641018662.6,0.7733478336460515,85.26159865947719
2020-02-04,NTPC,INE733E01010,,110.35,112.3,110.25,112.0,9743806,1085569931.6,0.7733478336460515,86.61495736835778
2020-02-05,NTPC,INE733E01010,,111.3,112.6,110.5,111.2,10671590,1192932520.35,0.7733478336460515,85.99627910144093
2020-02-06,NTPC,INE733E01010,,110.5,112.5,110.5,112.0,11852617,1321114400.75,0.7733478336460515,86.61495736835778
2020-02-07,NTPC,INE733E01010,,112.4,116.25,112.3,115.6,18446803,2119902818.7,0.7733478336460515,89.39900956948355
2020-02-10,NTPC,INE733E01010,,115.8,115.9,112.05,113.5,31637511,3594284528.85,0.7733478336460515,87.77497911882685
2020-02-11,NTPC,INE733E01010,,114.5,117.55,114.1,116.85,20937033,2431184456.25,0.7733478336460515,90.36569436154112
2020-02-12,NTPC,INE733E01010,,117.0,118.9,116.4,116.8,13679292,1609440138.4,0.7733478336460515,90.32702696985882
2020-02-13,NTPC,INE733E01010,,116.8,117.1,114.7,115.15,20903696,2413665691.0,0.7733478336460515,89.05100304434283
2020-02-14,NTPC,INE733E01010,,114.8,115.5,111.9,112.7,23827224,2699204207.3,0.7733478336460515,87.15630085191
2020-02-17,NTPC,INE733E01010,,113.1,113.75,109.2,110.3,22137354,2452419319.05,0.7733478336460515,85.30026605115948
2020-02-18,NTPC,INE733E01010,,109.6,110.9,103.8,109.6,34458578,3721718007.55,0.7733478336460515,84.75892256760724
2020-02-19,NTPC,INE733E01010,,112.3,113.75,110.4,112.05,17935374,2006647985.25,0.7733478336460515,86.65362476004007
2020-02-20,NTPC,INE733E01010,,111.7,112.4,110.95,111.35,19663654,2194024391.6,0.7733478336460515,86.11228127648783
2020-02-24,NTPC,INE733E01010,,110.75,110.75,108.85,109.7,11370193,1246011284.2,0.7733478336460515,84.83625735097185
2020-02-25,NTPC,INE733E01010,,110.9,112.45,109.65,110.1,10775289,1194321975.15,0.7733478336460515,85.14559648443027
2020-02-26,NTPC,INE733E01010,,110.0,111.55,108.25,109.1,14998071,1647161517.55,0.7733478336460515,84.37224865078421
2020-02-27,NTPC,INE733E01010,,109.2,110.3,106.65,109.05,22610691,2443801838.05,0.7733478336460515,84.33358125910192
2020-02-28,NTPC,INE733E01010,,106.65,110.2,105.35,106.55,25696761,2757070699.1,0.7733478336460515,82.40021167498679
2020-03-02,NTPC,INE733E01010,,109.35,110.0,102.7,103.9,15614944,1680519360.35,0.7733478336460515,80.35083991582476
2020-03-03,NTPC,INE733E01010,,104.65,109.95,104.3,108.9,17194661,1840000306.2,0.7733478336460515,84.21757908405502
2020-03-04,NTPC,INE733E01010,,108.65,111.0,107.5,107.95,17095867,1858279051.25,0.7733478336460515,83.48289864209127
2020-03-05,NTPC,INE733E01010,,108.1,109.65,107.05,107.85,11579256,1251011673.45,0.7733478336460515,83.40556385872665
2020-03-06,NTPC,INE733E01010,,104.75,107.2,102.9,105.15,13533444,1432952029.9,0.7733478336460515,81.31752470788233
2020-03-09,NTPC,INE733E01010,,104.0,104.4,99.55,102.9,47383260,4844237964.15,0.7733478336460515,79.57749208217871
2020-03-11,NTPC,INE733E01010,,103.0,104.8,101.5,103.05,28434592,2923209984.65,0.7733478336460515,79.69349425722561
2020-03-12,NTPC,INE733E01010,,99.0,100.0,93.25,94.35,47225243,4523596537.6,0.7733478336460515,72.96536810450496
2020-03-13,NTPC,INE733E01010,,90.0,100.75,81.25,98.05,49533058,4746277852.95,0.7733478336460515,75.82675508899536
2020-03-16,NTPC,INE733E01010,,96.0,96.0,88.25,90.8,34649741,3186433646.85,0.7733478336460515,70.21998329506148
2020-03-17,NTPC,INE733E01010,,91.0,95.9,86.35,88.1,21246111,1941887818.35,0.7733478336460515,68.13194414421713
2020-03-18,NTPC,INE733E01010,,89.0,90.35,74.9,80.55,88659790,7302703467.05,0.7733478336460515,62.293168000189446
2020-03-19,NTPC,INE733E01010,,78.55,84.95,75.05,78.35,33847230,2715091908.75,0.7733478336460515,60.591802766168136
2020-03-20,NTPC,INE733E01010,,78.5,82.35,76.35,81.25,58502396,4647513078.75,0.7733478336460515,62.834511483741686
2020-03-23,NTPC,INE733E01010,,74.9,80.0,73.2,76.4,37653590,2903309697.75,0.7733478336460515,59.08377449055834
2020-03-24,NTPC,INE733E01010,,78.1,79.6,75.05,77.55,13742935,1063182918.05,0.7733478336460515,59.97312449925129
2020-03-25,NTPC,INE733E01010,,78.0,80.5,75.3,79.7,16472741,1286763129.75,0.7733478336460515,61.63582234159031
2020-03-26,NTPC,INE733E01010,,82.0,82.2,76.4,79.65,39959622,3150788136.4,0.7782300800705847,61.986025877622076
2020-03-27,NTPC,INE733E01010,,82.5,84.4,80.25,83.0,39363397,3221857405.05,0.7782300800705847,64.59309664585852
2020-03-30,NTPC,INE733E01010,,79.9,83.5,79.2,81.75,17044016,1395217348.8,0.7782300800705847,63.6203090457703
2020-03-31,NTPC,INE733E01010,,82.75,84.8,81.15,84.2,28293281,2348935581.15,0.7782300800705847,65.52697274194324
2020-04-01,NTPC,INE733E01010,,84.3,84.35,80.6,81.0,14355481,1173950994.2,0.7782300800705847,63.03663648571736
2020-04-03,NTPC,INE733E01010,,82.05,82.1,78.85,79.55,18319674,1467387755.5,0.7782300800705847,61.90820286961501
2020-04-07,NTPC,INE733E01010,,81.6,82.05,80.1,81.55,47686689,3858500649.55,0.7782300800705847,63.46466302975618
2020-04-08,NTPC,INE733E01010,,81.55,86.8,80.3,85.2,38072780,3184449969.9,0.7782300800705847,66.30520282201381
2020-04-09,NTPC,INE733E01010,,88.35,88.35,85.3,87.1,9322497,810282941.1,0.7782300800705847,67.78383997414792
2020-04-13,NTPC,INE733E01010,,87.1,89.15,84.75,88.65,33267122,2886987421.3,0.7782300800705847,68.99009659825734
2020-04-15,NTPC,INE733E01010,,88.95,94.2,88.7,89.9,24128026,2212807807.8,0.7782300800705847,69.96288419834556
2020-04-16,NTPC,INE733E01010,,87.25,96.3,87.0,95.1,20876392,1943923534.6,0.7782300800705847,74.0096806147126
2020-04-17,NTPC,INE733E01010,,101.0,101.0,95.0,95.5,16969678,1649386546.2,0.7782300800705847,74.32097264674084
2020-04-20,NTPC,INE733E01010,,97.0,99.3,93.4,98.9,17639176,1710842610.7,0.7782300800705847,76.96695491898083
2020-04-21,NTPC,INE733E01010,,96.5,98.4,95.55,97.3,15085297,1470036888.1,0.7782300800705847,75.7217867908679
2020-04-22,NTPC,INE733E01010,,97.3,98.65,94.9,97.6,10344379,1008319732.6,0.7782300800705847,75.95525581488906
2020-04-23,NTPC,INE733E01010,,97.45,97.7,94.55,95.2,14078729,1361257447.6,0.7782300800705847,74.08750362271967
2020-04-24,NTPC,INE733E01010,,94.75,96.35,91.95,93.4,10149014,955020491.0,0.7782300800705847,72.68668947859261
2020-04-27,NTPC,INE733E01010,,94.4,94.4,91.9,92.35,22675958,2106405209.85,0.7782300800705847,71.86954789451849
2020-04-28,NTPC,INE733E01010,,92.15,92.9,88.65,90.35,19815466,1787368566.0,0.7782300800705847,70.31308773437732
2020-04-29,NTPC,INE733E01010,,91.45,92.35,89.75,90.2,21552047,1966939794.7,0.7782300800705847,70.19635322236674
2020-04-30,NTPC,INE733E01010,,91.35,97.0,90.4,95.05,15151440,1414624569.65,0.7782300800705847,73.97076911070907
2020-05-04,NTPC,INE733E01010,,91.05,93.65,90.5,91.45,10305675,951956942.3,0.7782300800705847,71.16914082245498
2020-05-05,NTPC,INE733E01010,,92.2,94.95,91.35,92.6,10628541,994428610.2,0.7782300800705847,72.06410541453614
2020-05-06,NTPC,INE733E01010,,92.95,95.45,92.2,94.7,10232281,966584952.75,0.7782300800705847,73.69838858268437
2020-05-07,NTPC,INE733E01010,,94.1,94.4,90.15,90.45,8449705,778439412.85,0.7782300800705847,70.39091074238439
2020-05-08,NTPC,INE733E01010,,91.0,92.45,85.75,87.0,28175317,2460760331.15,0.7782300800705847,67.70601696614087
2020-05-11,NTPC,INE733E01010,,88.2,89.45,85.85,86.65,12243824,1071821581.55,0.7782300800705847,67.43363643811617
2020-05-12,NTPC,INE733E01010,,86.5,93.25,85.65,91.65,18125053,1623391859.7,0.7782300800705847,71.3247868384691
2020-05-13,NTPC,INE733E01010,,94.95,98.5,92.65,93.05,19038031,1791360204.7,0.7782300800705847,72.4143089505679
2020-05-14,NTPC,INE733E01010,,93.3,93.5,87.5,89.35,39117004,3509133975.15,0.7782300800705847,69.53485765430673
2020-05-15,NTPC,INE733E01010,,90.0,91.8,89.2,90.85,16926082,1536472722.3,0.7782300800705847,70.70220277441261
2020-05-18,NTPC,INE733E01010,,90.5,90.5,87.85,88.9,11369430,1011303953.35,0.7782300800705847,69.18465411827498
2020-05-19,NTPC,INE733E01010,,89.6,91.9,88.2,91.05,12262139,1114555458.2,0.7782300800705847,70.85784879042673
2020-05-20,NTPC,INE733E01010,,89.9,93.4,89.3,92.9,10126456,933566323.25,0.7782300800705847,72.29757443855732
2020-05-21,NTPC,INE733E01010,,92.15,92.65,89.8,90.25,20143414,1828594558.45,0.7782300800705847,70.23526472637027
2020-05-22,NTPC,INE733E01010,,89.9,91.2,88.35,90.95,9392105,843657740.05,0.7782300800705847,70.78002578241968
2020-05-26,NTPC,INE733E01010,,90.15,93.4,90.15,93.0,12350762,1143060105.25,0.7782300800705847,72.37539744656438
2020-05-27,NTPC,INE733E01010,,93.0,95.2,91.15,94.7,11684732,1090577668.75,0.7782300800705847,73.69838858268437
2020-05-28,NTPC,INE733E01010,,95.25,96.5,94.5,95.7,12156769,1160580440.25,0.7782300800705847,74.47661866275496
2020-05-29,NTPC,INE733E01010,,94.7,98.85,94.3,97.85,19894337,1932753796.05,0.7782300800705847,76.14981333490671
2020-06-01,NTPC,INE733E01010,,98.4,99.65,97.15,97.9,10106453,993093030.5,0.7782300800705847,76.18872483891025
2020-06-02,NTPC,INE733E01010,,98.75,98.95,96.05,96.75,18170671,1762359112.75,0.7782300800705847,75.29376024682907
2020-06-03,NTPC,INE733E01010,,97.75,97.8,94.4,94.7,23202602,2219819413.3,0.7782300800705847,73.69838858268437
2020-06-04,NTPC,INE733E01010,,94.15,95.5,92.75,95.15,12827335,1210371393.8,0.7782300800705847,74.04859211871614
2020-06-05,NTPC,INE733E01010,,95.0,98.2,94.15,97.95,11744405,1140980541.3,0.7782300800705847,76.22763634291377
2020-06-08,NTPC,INE733E01010,,98.95,100.2,97.75,98.55,14173729,1400206035.2,0.7782300800705847,76.69457439095612
2020-06-09,NTPC,INE733E01010,,99.0,99.7,97.2,98.0,14232535,1397661224.05,0.7782300800705847,76.2665478469173
2020-06-10,NTPC,INE733E01010,,98.15,100.15,97.25,98.15,12104523,1192905983.2,0.7782300800705847,76.38328235892789
2020-06-11,NTPC,INE733E01010,,98.15,99.7,96.8,98.05,10258977,1006010901.15,0.7782300800705847,76.30545935092083
2020-06-12,NTPC,INE733E01010,,94.5,97.95,94.3,96.9,10925628,1051950761.9,0.7782300800705847,75.41049475883966
2020-06-15,NTPC,INE733E01010,,96.7,96.95,92.6,93.2,10980604,1030831909.55,0.7782300800705847,72.5310434625785
2020-06-16,NTPC,INE733E01010,,94.95,95.1,92.25,92.8,8757045,819064474.85,0.7782300800705847,72.21975143055026
2020-06-17,NTPC,INE733E01010,,92.95,93.1,90.85,91.5,17081361,1567466147.05,0.7782300800705847,71.2080523264585
2020-06-18,NTPC,INE733E01010,,91.8,94.3,89.9,92.7,16520112,1522073235.95,0.7782300800705847,72.1419284225432
2020-06-19,NTPC,INE733E01010,,93.05,94.05,92.4,93.0,13836696,1289371377.95,0.7782300800705847,72.37539744656438
2020-06-22,NTPC,INE733E01010,,94.1,95.85,93.35,95.3,18868376,1786273315.8,0.7782300800705847,74.16532663072672
2020-06-23,NTPC,INE733E01010,,95.1,101.15,95.0,100.75,20333453,2017594724.8,0.7782300800705847,78.40668056711141
2020-06-24,NTPC,INE733E01010,,102.0,103.8,96.75,97.05,24055053,2411966639.2,0.7782300800705847,75.52722927085024
2020-06-25,NTPC,INE733E01010,,97.05,98.55,94.35,96.1,69278240,6690566896.5,0.7782300800705847,74.78791069478318
2020-06-26,NTPC,INE733E01010,,96.4,97.4,95.55,97.0,15572502,1506602542.95,0.7782300800705847,75.48831776684672
2020-06-29,NTPC,INE733E01010,,97.65,98.05,94.45,94.9,18135588,1745718287.15,0.7782300800705847,73.85403459869849
2020-06-30,NTPC,INE733E01010,,97.0,97.75,95.2,95.8,18496450,1785395176.9,0.7782300800705847,74.55444167076202
2020-07-01,NTPC,INE733E01010,,94.7,94.7,92.3,93.6,21639174,2016354962.7,0.7782300800705847,72.84233549460673
2020-07-02,NTPC,INE733E01010,,94.5,94.5,93.15,93.4,14333507,1340432330.35,0.7782300800705847,72.68668947859261
2020-07-03,NTPC,INE733E01010,,93.6,95.35,92.75,94.5,15274892,1434218408.95,0.7782300800705847,73.54274256667026
2020-07-06,NTPC,INE733E01010,,95.9,96.4,94.85,95.2,11830916,1130892332.5,0.7782300800705847,74.08750362271967
2020-07-07,NTPC,INE733E01010,,95.4,95.45,92.25,92.55,18786161,1749885735.35,0.7782300800705847,72.02519391053261
2020-07-08,NTPC,INE733E01010,,92.85,92.85,90.85,91.0,26257436,2406876899.4,0.7782300800705847,70.8189372864232
2020-07-09,NTPC,INE733E01010,,91.3,92.0,90.8,91.2,11910945,1088810512.4,0.7782300800705847,70.97458330243732
2020-07-10,NTPC,INE733E01010,,91.2,91.3,89.75,90.4,12213263,1102592085.25,0.7782300800705847,70.35199923838086
2020-07-13,NTPC,INE733E01010,,91.05,92.85,89.5,89.9,17512895,1594376590.0,0.7782300800705847,69.96288419834556
2020-07-14,NTPC,INE733E01010,,89.8,89.9,87.4,87.65,14242251,1257506823.1,0.7782300800705847,68.21186651818675
2020-07-15,NTPC,INE733E01010,,88.3,89.75,87.75,88.05,11582899,1027158338.25,0.7782300800705847,68.52315855021499
2020-07-16,NTPC,INE733E01010,,88.2,88.4,85.85,86.75,10152713,878584883.9,0.7782300800705847,67.51145944612323
2020-07-17,NTPC,INE733E01010,,87.2,88.65,87.0,88.3,12239669,1076899552.45,0.7782300800705847,68.71771607023263
2020-07-20,NTPC,INE733E01010,,88.9,88.9,87.0,87.15,12349625,1081815247.0,0.7782300800705847,67.82275147815146
2020-07-21,NTPC,INE733E01010,,88.0,88.65,86.8,88.35,20122602,1764709742.5,0.7782300800705847,68.75662757423615
2020-07-22,NTPC,INE733E01010,,88.75,92.6,88.7,90.35,31321868,2847522894.5,0.7782300800705847,70.31308773437732
2020-07-23,NTPC,INE733E01010,,90.9,91.6,90.25,90.55,11161644,1014863057.9,0.7782300800705847,70.46873375039144
2020-07-24,NTPC,INE733E01010,,90.3,90.5,88.55,89.4,11352908,1014918101.45,0.7782300800705847,69.57376915831027
2020-07-27,NTPC,INE733E01010,,89.55,89.6,87.25,87.65,10071266,884884438.35,0.7782300800705847,68.21186651818675
2020-07-28,NTPC,INE733E01010,,87.9,88.8,86.9,88.55,13888285,1217334374.35,0.7782300800705847,68.91227359025028
2020-07-29,NTPC,INE733E01010,,88.5,89.65,87.9,88.15,10733683,952130921.65,0.7782300800705847,68.60098155822205
2020-07-30,NTPC,INE733E01010,,88.55,89.0,86.1,86.6,10670653,931140854.05,0.7782300800705847,67.39472493411263
2020-07-31,NTPC,INE733E01010,,86.9,87.6,86.3,87.0,7906812,686835753.8,0.7782300800705847,67.70601696614087
2020-08-03,NTPC,INE733E01010,,87.2,87.2,85.0,85.6,14158515,1215448042.9,0.7782300800705847,66.61649485404205
2020-08-04,NTPC,INE733E01010,,86.5,87.0,85.35,85.6,19622064,1684296320.8,0.7782300800705847,66.61649485404205
2020-08-05,NTPC,INE733E01010,,85.9,86.6,85.4,85.9,9479240,815080758.5,0.7782300800705847,66.84996387806324
2020-08-06,NTPC,INE733E01010,,86.5,87.45,85.6,86.15,12209723,1054572712.0,0.7782300800705847,67.04452139808087
2020-08-07,NTPC,INE733E01010,,86.2,86.7,85.35,85.8,10340142,888066622.5,0.7782300800705847,66.77214087005616
2020-08-10,NTPC,INE733E01010,,86.8,88.7,86.15,88.2,12215888,1071083078.85,0.7782300800705847,68.63989306222557
2020-08-11,NTPC,INE733E01010,,89.0,89.6,87.8,88.25,11180571,991326174.85,0.7782300800705847,68.6788045662291
2020-08-12,NTPC,INE733E01010,,88.0,89.15,87.05,88.7,14804335,1304878097.5,0.7782300800705847,69.02900810226086
2020-08-13,NTPC,INE733E01010,,87.4,87.5,86.5,87.25,13724634,1195249894.65,0.8021964916009398,69.991643892182
2020-08-14,NTPC,INE733E01010,,87.35,89.85,86.7,88.4,25405464,2237530002.55,0.8021964916009398,70.91416985752308
2020-08-17,NTPC,INE733E01010,,89.4,96.5,89.4,95.3,115117580,10843156863.65,0.8021964916009398,76.44932564956956
2020-08-18,NTPC,INE733E01010,,96.2,97.8,94.05,95.05,52030586,4971764491.3,0.8021964916009398,76.24877652666932
2020-08-19,NTPC,INE733E01010,,96.0,96.5,94.25,94.65,21840984,2083004465.9,0.8021964916009398,75.92789793002895
2020-08-20,NTPC,INE733E01010,,94.6,101.9,94.25,101.1,112341122,11209915856.1,0.8021964916009398,81.102065300855
2020-08-21,NTPC,INE733E01010,,102.7,107.85,101.6,105.95,107866165,11349378892.75,0.8021964916009398,84.99271828511957
2020-08-24,NTPC,INE733E01010,,107.1,108.0,103.75,105.4,49155456,5186940721.2,0.8021964916009398,84.55151021473905
2020-08-25,NTPC,INE733E01010,,106.0,107.4,103.2,103.8,50945674,5382432625.75,0.8021964916009398,83.26799582817755
2020-08-26,NTPC,INE733E01010,,104.6,104.6,101.6,102.8,30829463,3170861417.3,0.8021964916009398,82.46579933657661
2020-08-27,NTPC,INE733E01010,,103.2,103.9,102.0,102.6,19363825,1988603166.05,0.8021964916009398,82.30536003825641
2020-08-28,NTPC,INE733E01010,,103.15,104.25,101.25,101.55,21359093,2188232232.35,0.8021964916009398,81.46305372207543
2020-08-31,NTPC,INE733E01010,,102.6,102.7,95.5,96.4,40298819,3992906485.65,0.8021964916009398,77.3317417903306
2020-09-01,NTPC,INE733E01010,,97.5,101.15,96.5,99.8,44304572,4396432973.45,0.8021964916009398,80.05920986177378
2020-09-02,NTPC,INE733E01010,,99.8,100.5,98.3,98.95,20904848,2073503878.3,0.8021964916009398,79.37734284391298
2020-09-03,NTPC,INE733E01010,,99.0,99.7,96.9,97.7,19004482,1860485837.25,0.8021964916009398,78.37459722941182
2020-09-04,NTPC,INE733E01010,,96.05,97.45,94.0,94.7,27339648,2620133812.65,0.8021964916009398,75.96800775460899
2020-09-07,NTPC,INE733E01010,,94.8,96.0,92.05,92.4,28474983,2650439172.5,0.8021964916009398,74.12295582392684
2020-09-08,NTPC,INE733E01010,,93.25,93.25,90.3,90.65,31186030,2850289068.7,0.8021964916009398,72.7191119636252
2020-09-09,NTPC,INE733E01010,,90.1,91.25,88.5,90.4,28307198,2537055101.65,0.8021964916009398,72.51856284072495
2020-09-10,NTPC,INE733E01010,,91.0,91.5,89.25,90.55,27263683,2464107750.55,0.8021964916009398,72.6388923144651
2020-09-11,NTPC,INE733E01010,,90.2,90.9,89.45,90.1,18190992,1638936217.7,0.8021964916009398,72.27790389324467
2020-09-14,NTPC,INE733E01010,,90.4,91.95,89.75,90.85,22535288,2048276542.6,0.8021964916009398,72.87955126194537
2020-09-15,NTPC,INE733E01010,,90.9,92.75,90.55,91.1,26869515,2467034125.75,0.8021964916009398,73.08010038484561
2020-09-16,NTPC,INE733E01010,,91.6,91.6,89.3,89.65,20784528,1874886083.15,0.8021964916009398,71.91691547202426
2020-09-17,NTPC,INE733E01010,,89.05,89.45,88.3,88.65,21804418,1935994065.45,0.8021964916009398,71.11471898042332
2020-09-18,NTPC,INE733E01010,,89.05,91.1,88.7,90.55,44757936,4029902598.6,0.8021964916009398,72.6388923144651
2020-09-21,NTPC,INE733E01010,,91.15,91.35,87.35,88.3,17714799,1581230416.7,0.8021964916009398,70.83395020836298
2020-09-22,NTPC,INE733E01010,,88.3,89.55,85.3,87.7,25113194,2206803100.7,0.8021964916009398,70.35263231340242
2020-09-23,NTPC,INE733E01010,,87.65,88.15,84.2,85.1,24108530,2061359398.2,0.8021964916009398,68.26692143523996
2020-09-24,NTPC,INE733E01010,,84.1,85.65,82.15,82.65,17724733,1482256288.05,0.8021964916009398,66.30154003081768
2020-09-25,NTPC,INE733E01010,,83.35,85.15,82.35,84.8,15999527,1340699100.75,0.8021964916009398,68.0262624877597
2020-09-28,NTPC,INE733E01010,,85.6,88.25,85.1,87.5,22735842,1984087818.9,0.8021964916009398,70.19219301508222
2020-09-29,NTPC,INE733E01010,,88.5,88.9,84.65,85.15,21328831,1839265976.05,0.8021964916009398,68.30703125982002
2020-09-30,NTPC,INE733E01010,,85.6,85.85,83.4,85.1,18475465,1559839671.3,0.8021964916009398,68.26692143523996
2020-10-01,NTPC,INE733E01010,,85.8,85.8,84.5,84.9,18244685,1550320865.55,0.8021964916009398,68.1064821369198
2020-10-05,NTPC,INE733E01010,,85.0,85.45,83.8,84.45,15684514,1326385575.9,0.8021964916009398,67.74549371569937
2020-10-06,NTPC,INE733E01010,,84.45,84.65,83.65,84.15,13094249,1100026332.85,0.8021964916009398,67.50483476821908
2020-10-07,NTPC,INE733E01010,,84.2,84.25,82.25,82.8,19057128,1586226620.2,0.8021964916009398,66.4218695045578
2020-10-08,NTPC,INE733E01010,,83.1,83.35,82.35,82.6,11961713,992160801.5,0.8021964916009398,66.26143020623762
2020-10-09,NTPC,INE733E01010,,82.85,83.15,81.65,82.9,18016487,1484686232.35,0.8021964916009398,66.5020891537179
2020-10-12,NTPC,INE733E01010,,83.65,84.55,82.4,82.75,11714370,976896118.7,0.8021964916009398,66.38175967997776
2020-10-13,NTPC,INE733E01010,,82.8,83.4,82.4,82.65,11509196,953686631.95,0.8021964916009398,66.30154003081768
2020-10-14,NTPC,INE733E01010,,82.8,83.05,78.1,79.1,47114567,3729134985.85,0.8021964916009398,63.45374248563433
2020-10-15,NTPC,INE733E01010,,79.1,80.5,78.5,79.0,20107632,1602298988.65,0.8021964916009398,63.373522836474244
2020-10-16,NTPC,INE733E01010,,79.0,80.5,78.45,80.3,16578317,1318529428.5,0.8021964916009398,64.41637827555546
2020-10-19,NTPC,INE733E01010,,80.95,83.15,80.5,81.65,21839955,1784990453.7,0.8021964916009398,65.49934353921674
2020-10-20,NTPC,INE733E01010,,81.65,81.95,80.3,80.65,14238588,1152543896.45,0.8021964916009398,64.6971470476158
2020-10-21,NTPC,INE733E01010,,81.45,83.8,80.65,82.3,38563963,3176945453.2,0.8021964916009398,66.02077125875734
2020-10-22,NTPC,INE733E01010,,82.3,85.9,81.4,84.65,34256607,2849112638.35,0.8021964916009398,67.90593301401955
2020-10-23,NTPC,INE733E01010,,86.0,86.6,84.5,86.25,46259632,3961747872.1,0.8021964916009398,69.18944740058106
2020-10-26,NTPC,INE733E01010,,87.1,88.0,84.3,85.95,34724657,2981910581.7,0.8021964916009398,68.94878845310078
2020-10-27,NTPC,INE733E01010,,88.8,90.05,87.05,89.45,95413214,8446847042.7,0.8021964916009398,71.75647617370406
2020-10-28,NTPC,INE733E01010,,89.45,90.65,87.5,88.1,44763307,3993095130.8,0.8021964916009398,70.6735109100428
2020-10-29,NTPC,INE733E01010,,87.0,88.5,86.0,86.5,41915668,3650636770.35,0.8021964916009398,69.38999652348129
2020-10-30,NTPC,INE733E01010,,86.9,88.75,86.3,87.6,40735912,3561688679.8,0.8021964916009398,70.27241266424232
2020-11-02,NTPC,INE733E01010,,88.3,89.6,87.95,89.2,31922062,2836760609.05,0.8021964916009398,71.55592705080383
2020-11-03,NTPC,INE733E01010,,91.45,92.0,83.05,85.95,118128168,10383349281.4,0.8021964916009398,68.94878845310078
2020-11-04,NTPC,INE733E01010,,86.15,87.1,84.5,85.1,47519427,4070561814.65,0.8021964916009398,68.26692143523996
2020-11-05,NTPC,INE733E01010,,85.85,87.0,85.6,86.8,41267817,3564905225.75,0.8021964916009398,69.63065547096157
2020-11-06,NTPC,INE733E01010,,87.2,88.75,86.9,87.3,46143960,4041277118.1,0.8021964916009398,70.03175371676204
2020-11-09,NTPC,INE733E01010,,88.65,89.85,87.7,89.45,42703600,3789986603.3,0.8021964916009398,71.75647617370406
2020-11-10,NTPC,INE733E01010,,89.8,91.75,89.55,91.5,43483223,3943654352.4,0.8021964916009398,73.40097898148599
2020-11-11,NTPC,INE733E01010,,92.0,93.5,91.7,92.9,51801855,4804520792.05,0.8021964916009398,74.52405406972731
2020-11-12,NTPC,INE733E01010,,92.4,92.6,90.4,90.8,33374610,3048902164.85,0.8021964916009398,72.83944143736532
2020-11-13,NTPC,INE733E01010,,90.0,92.35,89.2,91.45,24025139,2172267510.85,0.8021964916009398,73.36086915690595
2020-11-17,NTPC,INE733E01010,,91.75,92.4,88.25,88.7,55324429,4962629036.0,0.8021964916009398,71.15482880500336
2020-11-18,NTPC,INE733E01010,,88.7,89.55,88.1,88.3,37574681,3337788950.7,0.8021964916009398,70.83395020836298
2020-11-19,NTPC,INE733E01010,,88.4,91.9,88.0,89.8,55196018,4985070863.35,0.8021964916009398,72.03724494576439
2020-11-20,NTPC,INE733E01010,,90.25,92.1,89.9,91.8,47670803,4362870749.5,0.8021964916009398,73.64163792896626
2020-11-23,NTPC,INE733E01010,,92.9,94.4,92.0,93.65,54262598,5081252656.6,0.8021964916009398,75.12570143842801
2020-11-24,NTPC,INE733E01010,,94.25,94.8,93.75,94.15,35713773,3365817088.0,0.8021964916009398,75.52679968422848
2020-11-25,NTPC,INE733E01010,,94.45,94.9,92.85,93.95,32464332,3047718780.65,0.8021964916009398,75.3663603859083
2020-11-26,NTPC,INE733E01010,,93.95,94.8,93.4,94.1,30825401,2894826125.5,0.8021964916009398,75.48668985964842
2020-11-27,NTPC,INE733E01010,,95.75,97.05,91.8,94.7,216981706,20595126247.65,0.8021964916009398,75.96800775460899
2020-12-01,NTPC,INE733E01010,,94.7,96.2,93.45,93.75,35330973,3340095188.0,0.8021964916009398,75.2059210875881
2020-12-02,NTPC,INE733E01010,,94.65,95.2,93.8,94.8,27650080,2611113213.75,0.8021964916009398,76.04822740376909
2020-12-03,NTPC,INE733E01010,,95.85,99.15,95.3,98.55,43841111,4276602062.05,0.8021964916009398,79.05646424727261
2020-12-04,NTPC,INE733E01010,,99.2,99.8,97.5,98.55,34813873,3436914741.05,0.8021964916009398,79.05646424727261
2020-12-07,NTPC,INE733E01010,,99.0,101.15,98.7,99.75,27049393,2703988076.1,0.8021964916009398,80.01910003719374
2020-12-08,NTPC,INE733E01010,,100.55,100.85,97.8,98.2,30386160,3008757794.35,0.8021964916009398,78.77569547521229
2020-12-09,NTPC,INE733E01010,,99.25,99.9,97.9,98.3,24061383,2376320268.0,0.8021964916009398,78.85591512437237
2020-12-10,NTPC,INE733E01010,,98.4,99.35,96.5,97.15,25985382,2531292282.05,0.8021964916009398,77.93338915903131
2020-12-11,NTPC,INE733E01010,,97.9,102.9,97.65,102.4,63463638,6404821615.8,0.8021964916009398,82.14492073993624
2020-12-14,NTPC,INE733E01010,,103.45,105.35,103.0,104.6,45802433,4778235557.85,0.8021964916009398,83.9097530214583
2020-12-15,NTPC,INE733E01010,,105.1,106.4,102.85,105.85,52215593,5477894240.0,0.8021964916009398,84.91249863595947
2020-12-16,NTPC,INE733E01010,,106.95,107.25,104.55,104.9,25184934,2663132139.1,0.8021964916009398,84.15041196893858
2020-12-17,NTPC,INE733E01010,,105.65,105.65,104.0,104.45,16840984,1765661942.25,0.8021964916009398,83.78942354771816
2020-12-18,NTPC,INE733E01010,,104.55,104.8,102.85,103.75,33596568,3482616650.65,0.8021964916009398,83.2278860035975
2020-12-21,NTPC,INE733E01010,,103.7,103.95,94.75,97.5,34210970,3396116822.85,0.8021964916009398,78.21415793109162
2020-12-22,NTPC,INE733E01010,,97.35,99.8,96.5,98.9,29181188,2855845568.35,0.8021964916009398,79.33723301933294
2020-12-23,NTPC,INE733E01010,,99.05,99.4,97.8,98.55,17602151,1734030086.55,0.8021964916009398,79.05646424727261
2020-12-24,NTPC,INE733E01010,,99.3,101.5,99.0,99.95,23052394,2306771700.9,0.8021964916009398,80.17953933551394
2020-12-28,NTPC,INE733E01010,,100.85,101.55,100.0,100.45,15454893,1553411120.7,0.8021964916009398,80.5806375813144
2020-12-29,NTPC,INE733E01010,,100.5,101.05,97.95,98.6,23647197,2342400775.85,0.8021964916009398,79.09657407185266
2020-12-30,NTPC,INE733E01010,,99.0,99.65,98.2,99.1,30281285,2999053572.45,0.8021964916009398,79.49767231765313
2020-12-31,NTPC,INE733E01010,,98.1,100.25,98.0,99.35,50363279,4976897705.35,0.8021964916009398,79.69822144055335
2021-01-01,NTPC,INE733E01010,,99.95,100.2,98.8,99.05,13493039,1338417584.9,0.8021964916009398,79.45756249307308
2021-01-04,NTPC,INE733E01010,,99.75,100.0,98.5,99.05,22325584,2212064327.85,0.8021964916009398,79.45756249307308
2021-01-05,NTPC,INE733E01010,,98.4,98.4,97.0,97.6,23510160,2290437714.6,0.8021964916009398,78.29437758025172
2021-01-06,NTPC,INE733E01010,,98.0,99.0,97.25,97.85,21952878,2154144906.45,0.8021964916009398,78.49492670315195
2021-01-07,NTPC,INE733E01010,,98.1,98.5,96.85,97.0,24999580,2436131918.5,0.8021964916009398,77.81305968529115
2021-01-08,NTPC,INE733E01010,,97.6,100.5,97.35,100.15,43240591,4296137619.65,0.8021964916009398,80.33997863383412
2021-01-11,NTPC,INE733E01010,,100.75,101.25,98.7,99.0,22036573,2195513294.5,0.8021964916009398,79.41745266849304
2021-01-12,NTPC,INE733E01010,,99.0,101.0,98.3,100.15,24262426,2422693614.85,0.8021964916009398,80.33997863383412
2021-01-13,NTPC,INE733E01010,,100.25,104.35,100.15,102.55,49236964,5054143451.4,0.8021964916009398,82.26525021367637
2021-01-14,NTPC,INE733E01010,,103.7,103.85,101.7,102.2,29301114,3002340017.0,0.8021964916009398,81.98448144161604
2021-01-15,NTPC,INE733E01010,,102.5,103.6,99.9,100.45,24067229,2449805181.15,0.8021964916009398,80.5806375813144
2021-01-18,NTPC,INE733E01010,,100.45,100.9,96.8,97.55,23613664,2314371702.85,0.8021964916009398,78.25426775567168
2021-01-19,NTPC,INE733E01010,,98.0,100.85,97.55,99.65,22934496,2276266762.8,0.8021964916009398,79.93888038803365
2021-01-20,NTPC,INE733E01010,,99.6,99.7,98.0,98.3,25599184,2521571828.8,0.8021964916009398,78.85591512437237
2021-01-21,NTPC,INE733E01010,,98.7,99.15,95.6,96.1,22667011,2218195128.6,0.8021964916009398,77.09108284285031
2021-01-22,NTPC,INE733E01010,,96.3,96.5,92.9,94.05,26029669,2458112372.1,0.8021964916009398,75.44658003506838
2021-01-25,NTPC,INE733E01010,,95.05,95.3,92.7,93.2,18599824,1744027154.85,0.8021964916009398,74.76471301720758
2021-01-27,NTPC,INE733E01010,,93.0,93.1,90.8,91.3,22812859,2093920926.05,0.8021964916009398,73.24053968316579
2021-01-28,NTPC,INE733E01010,,90.8,92.65,90.35,91.6,32227832,2941247566.95,0.8021964916009398,73.48119863064608
2021-01-29,NTPC,INE733E01010,,92.0,92.6,88.15,88.95,36962884,3336149544.2,0.8021964916009398,71.35537792790359
2021-02-01,NTPC,INE733E01010,,89.35,92.4,88.4,92.0,29033297,2626994018.45,0.8021964916009398,73.80207722728646
2021-02-02,NTPC,INE733E01010,,92.9,95.35,92.9,94.15,29279584,2762662627.65,0.8021964916009398,75.52679968422848
2021-02-03,NTPC,INE733E01010,,95.1,98.1,94.3,96.95,31420256,3027059579.35,0.8021964916009398,77.77294986071111
2021-02-04,NTPC,INE733E01010,,97.3,100.2,97.0,99.05,39264443,3883450417.75,0.8021964916009398,79.45756249307308
2021-02-05,NTPC,INE733E01010,,100.4,102.0,98.15,99.5,54911202,5497332394.7,0.8021964916009398,79.81855091429351
2021-02-08,NTPC,INE733E01010,,96.2,100.95,96.1,100.3,53737961,5342724199.95,0.8021964916009398,80.46030810757425
2021-02-09,NTPC,INE733E01010,,100.4,101.2,99.5,99.95,28074809,2815153928.85,0.8021964916009398,80.17953933551394
2021-02-10,NTPC,INE733E01010,,100.0,100.5,98.65,99.85,19070866,1895925866.15,0.8021964916009398,80.09931968635382
2021-02-11,NTPC,INE733E01010,,97.9,97.9,96.25,97.3,18452535,1793201079.0,0.8270451180831578,80.47148998949126
2021-02-12,NTPC,INE733E01010,,97.8,97.9,94.8,95.95,21660998,2075335575.45,0.8270451180831578,79.35497908007899
2021-02-15,NTPC,INE733E01010,,96.45,96.7,95.0,95.2,12574055,1203448240.4,0.8270451180831578,78.73469524151663
2021-02-16,NTPC,INE733E01010,,95.85,99.15,95.5,98.0,32865663,3210432832.9,0.8270451180831578,81.05042157214947
2021-02-17,NTPC,INE733E01010,,97.85,100.15,97.0,99.35,28774857,2842618271.1,0.8270451180831578,82.16693248156173
2021-02-18,NTPC,INE733E01010,,99.7,104.25,99.55,103.4,50705280,5189672527.9,0.8270451180831578,85.51646520979853
2021-02-19,NTPC,INE733E01010,,103.65,106.75,101.4,104.2,61069583,6368513820.8,0.8270451180831578,86.17810130426506
2021-02-22,NTPC,INE733E01010,,104.3,106.3,101.4,102.05,30636415,3157820005.15,0.8270451180831578,84.39995430038626
2021-02-23,NTPC,INE733E01010,,102.15,104.15,100.55,103.4,31233104,3209552605.9,0.8270451180831578,85.51646520979853
2021-02-24,NTPC,INE733E01010,,104.5,104.7,102.1,103.2,16153025,1673396326.6,0.8270451180831578,85.35105618618189
2021-02-25,NTPC,INE733E01010,,103.6,110.2,103.0,108.0,68361756,7337932153.9,0.8270451180831578,89.32087275298105
2021-02-26,NTPC,INE733E01010,,107.1,110.95,104.8,107.3,67331805,7288911869.1,0.8270451180831578,88.74194117032283
2021-03-01,NTPC,INE733E01010,,109.5,109.8,107.15,108.45,27205189,2954701623.15,0.8270451180831578,89.69304305611847
2021-03-02,NTPC,INE733E01010,,108.45,113.7,107.9,112.55,53649872,6008058297.4,0.8270451180831578,93.08392804025941
2021-03-03,NTPC,INE733E01010,,114.45,114.7,112.0,112.7,31702057,3581340858.05,0.8270451180831578,93.2079848079719
2021-03-04,NTPC,INE733E01010,,111.5,113.0,110.5,110.8,28057179,3133570345.95,0.8270451180831578,91.63659908361389
2021-03-05,NTPC,INE733E01010,,111.0,112.35,108.4,108.7,24778407,2738735691.15,0.8270451180831578,89.89980433563926
2021-03-08,NTPC,INE733E01010,,110.65,113.3,109.5,110.55,28163362,3137704696.3,0.8270451180831578,91.4298378040931
2021-03-09,NTPC,INE733E01010,,111.4,111.85,107.45,109.5,20611697,2258470069.4,0.8270451180831578,90.56144043010579
2021-03-10,NTPC,INE733E01010,,110.35,110.6,108.95,109.65,13207045,1448385370.7,0.8270451180831578,90.68549719781826
2021-03-12,NTPC,INE733E01010,,111.0,112.1,108.6,109.1,21763020,2399296448.85,0.8270451180831578,90.23062238287251
2021-03-15,NTPC,INE733E01010,,109.95,111.0,107.7,110.5,20350678,2222165576.75,0.8270451180831578,91.38848554818894
2021-03-16,NTPC,INE733E01010,,110.55,111.45,109.3,109.55,15360040,1691667547.45,0.8270451180831578,90.60279268600993
2021-03-17,NTPC,INE733E01010,,109.7,109.9,106.15,106.55,18850429,2017656311.05,0.8270451180831578,88.12165733176046
2021-03-18,NTPC,INE733E01010,,107.4,108.25,103.2,103.8,20023557,2123808798.45,0.8270451180831578,85.84728325703178
2021-03-19,NTPC,INE733E01010,,102.35,109.55,102.0,108.5,72249183,7761267116.3,0.8270451180831578,89.73439531202263
2021-03-22,NTPC,INE733E01010,,108.8,110.55,106.85,109.85,31980425,3496174097.9,0.8270451180831578,90.85090622143488
2021-03-23,NTPC,INE733E01010,,110.0,110.2,108.1,108.65,14060206,1530542788.75,0.8270451180831578,89.8584520797351
2021-03-24,NTPC,INE733E01010,,108.0,109.4,105.6,106.0,15196366,1637281945.2,0.8270451180831578,87.66678251681473
2021-03-25,NTPC,INE733E01010,,106.0,106.5,102.65,103.0,22543755,2344766737.8,0.8270451180831578,85.18564716256526
2021-03-26,NTPC,INE733E01010,,105.75,105.75,103.7,104.2,17402475,1816688069.1,0.8270451180831578,86.17810130426506
2021-03-30,NTPC,INE733E01010,,105.85,108.7,104.6,107.7,36130210,3881794709.25,0.8270451180831578,89.0727592175561
2021-03-31,NTPC,INE733E01010,,107.7,109.0,106.1,106.55,23063667,2472308410.0,0.8270451180831578,88.12165733176046
2021-04-01,NTPC,INE733E01010,,107.5,108.75,106.95,107.9,13753303,1483877587.3,0.8270451180831578,89.23816824117273
2021-04-05,NTPC,INE733E01010,,107.4,107.8,103.75,106.3,15666099,1656735313.3,0.8270451180831578,87.91489605223967
2021-04-06,NTPC,INE733E01010,,107.75,108.1,105.8,106.05,17393454,1859213783.4,0.8270451180831578,87.70813477271889
2021-04-07,NTPC,INE733E01010,,106.9,107.35,105.25,105.45,15692013,1664351780.1,0.8270451180831578,87.211907701869
2021-04-08,NTPC,INE733E01010,,106.0,106.45,104.7,105.0,11394998,1202623947.1,0.8270451180831578,86.83973739873157
2021-04-09,NTPC,INE733E01010,,105.95,105.95,102.4,102.8,19751417,2043576199.3,0.8270451180831578,85.02023813894863
2021-04-12,NTPC,INE733E01010,,101.5,101.5,98.05,99.05,20221362,2004058200.45,0.8270451180831578,81.91881894613678
2021-04-13,NTPC,INE733E01010,,99.6,101.15,99.25,100.6,19192856,1926048381.5,0.8270451180831578,83.20073887916567
2021-04-15,NTPC,INE733E01010,,101.2,103.0,99.3,101.35,13865351,1399609549.75,0.8270451180831578,83.82102271772804
2021-04-16,NTPC,INE733E01010,,101.9,102.9,100.5,102.45,14654851,1493967766.4,0.8270451180831578,84.73077234761952
2021-04-19,NTPC,INE733E01010,,100.0,100.4,98.65,99.05,11652043,1157973876.15,0.8270451180831578,81.91881894613678
2021-04-20,NTPC,INE733E01010,,99.2,100.9,98.15,99.05,16528675,1646967429.8,0.8270451180831578,81.91881894613678
2021-04-22,NTPC,INE733E01010,,98.05,99.75,97.05,98.95,18614270,1839413193.9,0.8270451180831578,81.83611443432846
2021-04-23,NTPC,INE733E01010,,98.0,103.0,98.0,102.55,29484794,2997673929.65,0.8270451180831578,84.81347685942784
2021-04-26,NTPC,INE733E01010,,103.95,103.95,100.85,102.4,24369413,2487514345.9,0.8270451180831578,84.68942009171536
2021-04-27,NTPC,INE733E01010,,102.05,103.55,101.7,102.05,17763436,1818112716.2,0.8270451180831578,84.39995430038626
2021-04-28,NTPC,INE733E01010,,102.85,103.95,102.15,103.6,15160578,1563882256.4,0.8270451180831578,85.68187423341514
2021-04-29,NTPC,INE733E01010,,104.6,105.0,102.65,103.05,11588556,1201737135.0,0.8270451180831578,85.22699941846942
2021-04-30,NTPC,INE733E01010,,102.25,105.65,102.05,102.45,15321193,1588952069.95,0.8270451180831578,84.73077234761952
2021-05-03,NTPC,INE733E01010,,101.4,104.6,101.05,104.25,12186212,1258364250.9,0.8270451180831578,86.2194535601692
2021-05-04,NTPC,INE733E01010,,104.3,106.05,103.5,103.75,12992684,1362962603.5,0.8270451180831578,85.80593100112763
2021-05-05,NTPC,INE733E01010,,104.75,105.65,102.8,103.9,14956169,1554854043.5,0.8270451180831578,85.9299877688401
2021-05-06,NTPC,INE733E01010,,105.0,105.1,102.65,103.05,13547274,1403026332.5,0.8270451180831578,85.22699941846942
2021-05-07,NTPC,INE733E01010,,104.0,105.5,103.35,105.05,13229291,1383948257.85,0.8270451180831578,86.88108965463573
2021-05-10,NTPC,INE733E01010,,106.0,108.0,105.6,107.7,23980945,2560158542.55,0.8270451180831578,89.0727592175561
2021-05-11,NTPC,INE733E01010,,108.0,113.4,106.7,112.7,45613487,5037780662.25,0.8270451180831578,93.2079848079719
2021-05-12,NTPC,INE733E01010,,114.2,116.75,111.75,113.3,62158914,7147490519.7,0.8270451180831578,93.70421187882178
2021-05-14,NTPC,INE733E01010,,113.95,113.95,110.15,111.4,16227312,1814869581.4,0.8270451180831578,92.13282615446379
2021-05-17,NTPC,INE733E01010,,111.2,112.25,109.95,111.55,12832920,1421722006.05,0.8270451180831578,92.25688292217626
2021-05-18,NTPC,INE733E01010,,112.6,114.2,111.75,112.1,14892142,1678145494.1,0.8270451180831578,92.71175773712199
2021-05-19,NTPC,INE733E01010,,113.15,113.15,110.95,111.95,12610425,1414255854.5,0.8270451180831578,92.58770096940952
2021-05-20,NTPC,INE733E01010,,112.0,112.75,110.9,111.75,10303689,1150182347.3,0.8270451180831578,92.42229194579289
2021-05-21,NTPC,INE733E01010,,112.3,113.15,111.25,112.85,12171685,1365860951.25,0.8270451180831578,93.33204157568436
2021-05-24,NTPC,INE733E01010,,112.35,113.95,112.05,112.9,11341268,1283215983.35,0.8270451180831578,93.37339383158853
2021-05-25,NTPC,INE733E01010,,113.9,114.85,113.05,113.3,15289982,1741586984.75,0.8270451180831578,93.70421187882178
2021-05-26,NTPC,INE733E01010,,114.0,114.0,110.9,111.1,17466748,1962897785.4,0.8270451180831578,91.88471261903884
2021-05-27,NTPC,INE733E01010,,111.6,111.65,109.3,110.3,34169451,3775063066.7,0.8270451180831578,91.2230765245723
2021-05-28,NTPC,INE733E01010,,110.3,111.0,108.35,108.95,13383166,1466183170.75,0.8270451180831578,90.10656561516005
2021-05-31,NTPC,INE733E01010,,108.95,111.35,107.8,110.5,14754293,1622537210.85,0.8270451180831578,91.38848554818894
2021-06-01,NTPC,INE733E01010,,110.95,111.45,109.5,110.2,10271211,1135263278.25,0.8270451180831578,91.14037201276399
2021-06-02,NTPC,INE733E01010,,110.1,111.35,110.05,111.15,6492771,719715708.65,0.8270451180831578,91.926064874943
2021-06-03,NTPC,INE733E01010,,111.6,112.2,110.45,111.8,12140851,1353021898.55,0.8270451180831578,92.46364420169705
2021-06-04,NTPC,INE733E01010,,111.5,113.0,111.05,111.75,8930671,1000766347.7,0.8270451180831578,92.42229194579289
2021-06-07,NTPC,INE733E01010,,112.15,116.75,112.0,116.4,28407410,3275828935.45,0.8270451180831578,96.26805174487957
2021-06-08,NTPC,INE733E01010,,117.5,118.5,116.0,116.2,43191813,5068349695.35,0.8270451180831578,96.10264272126294
2021-06-09,NTPC,INE733E01010,,116.5,121.0,115.8,118.1,49807823,5920300714.85,0.8270451180831578,97.67402844562093
2021-06-10,NTPC,INE733E01010,,119.35,119.9,117.3,118.5,22144392,2625786198.55,0.8270451180831578,98.0048464928542
2021-06-11,NTPC,INE733E01010,,118.9,119.55,117.55,118.8,13871562,1645924928.25,0.8270451180831578,98.25296002827915
2021-06-14,NTPC,INE733E01010,,118.8,118.9,116.25,118.2,14179055,1665350521.25,0.8270451180831578,97.75673295742926
2021-06-15,NTPC,INE733E01010,,118.2,118.95,117.6,117.8,8148417,963323930.45,0.8270451180831578,97.42591491019598
2021-06-16,NTPC,INE733E01010,,117.8,120.6,116.85,119.8,21585917,2567489185.4,0.8270451180831578,99.08000514636231
2021-06-17,NTPC,INE733E01010,,118.2,120.6,116.95,117.4,14466025,1713227567.15,0.8270451180831578,97.09509686296273
2021-06-18,NTPC,INE733E01010,,117.4,118.15,112.9,113.55,43927941,5022232191.4,0.8270451180831578,93.91097315834257
2021-06-21,NTPC,INE733E01010,,113.25,118.45,113.05,118.0,34597018,4029554982.45,0.8270451180831578,97.59132393381263
2021-06-22,NTPC,INE733E01010,,118.5,118.9,116.95,118.3,16712010,1972886241.25,0.8270451180831578,97.83943746923757
2021-06-23,NTPC,INE733E01010,,118.85,118.85,116.95,117.25,12590251,1482618764.1,0.8270451180831578,96.97104009525026
2021-06-24,NTPC,INE733E01010,,117.2,118.5,115.7,118.0,14046692,1641709018.95,0.8270451180831578,97.59132393381263
2021-06-25,NTPC,INE733E01010,,119.1,119.1,115.7,116.05,12768348,1491226283.75,0.8270451180831578,95.97858595355046
2021-06-28,NTPC,INE733E01010,,116.9,117.85,116.0,116.15,10709748,1251105112.85,0.8270451180831578,96.06129046535878
2021-06-29,NTPC,INE733E01010,,116.25,118.55,115.4,117.6,33488455,3917353973.15,0.8270451180831578,97.26050588657935
2021-06-30,NTPC,INE733E01010,,117.85,118.45,116.15,116.4,16739618,1958204556.0,0.8270451180831578,96.26805174487957
2021-07-01,NTPC,INE733E01010,,116.8,117.8,115.7,117.35,12479506,1457534008.2,0.8270451180831578,97.05374460705856
2021-07-02,NTPC,INE733E01010,,117.55,119.05,117.0,117.5,17215972,2026807384.2,0.8270451180831578,97.17780137477105
2021-07-05,NTPC,INE733E01010,,117.9,119.1,117.25,118.6,16409169,1944107368.5,0.8270451180831578,98.08755100466252
2021-07-06,NTPC,INE733E01010,,118.1,118.95,117.05,117.65,14979094,1763431441.95,0.8270451180831578,97.30185814248352
2021-07-07,NTPC,INE733E01010,,117.05,118.2,116.85,117.45,14545289,1710979552.85,0.8270451180831578,97.13644911886689
2021-07-08,NTPC,INE733E01010,,117.35,118.7,117.2,117.45,12037089,1420545779.75,0.8270451180831578,97.13644911886689
2021-07-09,NTPC,INE733E01010,,117.0,118.4,116.25,117.8,9585144,1124029090.05,0.8270451180831578,97.42591491019598
2021-07-12,NTPC,INE733E01010,,118.0,118.75,117.15,117.85,7651672,902234463.3,0.8270451180831578,97.46726716610014
2021-07-13,NTPC,INE733E01010,,118.15,122.0,118.1,119.9,30663035,3698842515.05,0.8270451180831578,99.16270965817063
2021-07-14,NTPC,INE733E01010,,119.95,120.95,119.8,120.75,9539611,1150143109.25,0.8270451180831578,99.86569800854132
2021-07-15,NTPC,INE733E01010,,120.75,121.2,119.2,120.3,11278872,1356941775.7,0.8270451180831578,99.49352770540389
2021-07-16,NTPC,INE733E01010,,120.15,120.8,118.3,119.1,17198632,2049417537.6,0.8270451180831578,98.5010735637041
2021-07-19,NTPC,INE733E01010,,119.1,121.85,118.5,121.4,14364285,1731209982.75,0.8270451180831578,100.40327733529537
2021-07-20,NTPC,INE733E01010,,122.0,122.0,118.2,118.45,11360716,1355677015.6,0.8270451180831578,97.96349423695005
2021-07-22,NTPC,INE733E01010,,118.75,119.7,118.55,119.2,9520328,1133495195.55,0.8270451180831578,98.58377807551241
2021-07-23,NTPC,INE733E01010,,119.4,120.1,118.3,118.5,10442400,1242379428.3,0.8270451180831578,98.0048464928542
2021-07-26,NTPC,INE733E01010,,118.2,120.0,118.05,119.35,5370055,641048191.8,0.8270451180831578,98.70783484322489
2021-07-27,NTPC,INE733E01010,,119.3,119.6,118.2,118.85,5280342,627650841.85,0.8270451180831578,98.2943122841833
2021-07-28,NTPC,INE733E01010,,119.55,119.55,115.8,116.8,11010096,1287712374.9,0.8270451180831578,96.59886979211284
2021-07-29,NTPC,INE733E01010,,117.7,118.25,115.25,116.75,11897018,1388570513.55,0.8270451180831578,96.55751753620868
2021-07-30,NTPC,INE733E01010,,116.95,119.95,116.25,118.2,14546264,1723327470.3,0.8270451180831578,97.75673295742926
2021-08-02,NTPC,INE733E01010,,118.6,118.75,117.0,117.75,11742555,1384371610.4,0.8270451180831578,97.38456265429184
2021-08-03,NTPC,INE733E01010,,118.5,118.5,116.5,117.65,21122697,2481679457.55,0.8270451180831578,97.30185814248352
2021-08-04,NTPC,INE733E01010,,118.05,118.85,116.55,117.85,9432176,1109818907.45,0.8270451180831578,97.46726716610014
2021-08-05,NTPC,INE733E01010,,117.05,117.8,115.95,116.5,11045322,1287477598.65,0.8270451180831578,96.35075625668789
2021-08-06,NTPC,INE733E01010,,116.5,118.7,116.45,117.65,8434733,993904474.45,0.8270451180831578,97.30185814248352
2021-08-09,NTPC,INE733E01010,,118.5,119.1,116.55,116.7,7816050,921457778.85,0.8270451180831578,96.51616528030452
2021-08-10,NTPC,INE733E01010,,116.9,117.2,113.65,114.35,9774255,1130253937.3,0.8270451180831578,94.57260925280909
2021-08-11,NTPC,INE733E01010,,114.7,117.3,114.55,116.95,8056886,934926941.55,0.8270451180831578,96.72292655982531
2021-08-12,NTPC,INE733E01010,,116.95,119.4,116.5,119.15,8640167,1019203658.15,0.8270451180831578,98.54242581960825
2021-08-13,NTPC,INE733E01010,,119.45,119.45,117.2,118.25,9744939,1153150322.5,0.8270451180831578,97.79808521333341
2021-08-16,NTPC,INE733E01010,,118.25,119.4,118.1,118.85,8768804,1041888566.6,0.8270451180831578,98.2943122841833
2021-08-17,NTPC,INE733E01010,,119.35,119.5,116.2,117.4,8758578,1030290519.5,0.8270451180831578,97.09509686296273
2021-08-18,NTPC,INE733E01010,,117.4,118.9,116.1,116.55,9357721,1097972716.3,0.8270451180831578,96.39210851259205
2021-08-20,NTPC,INE733E01010,,116.3,117.0,113.45,114.15,11684504,1342323289.95,0.8270451180831578,94.40720022919247
2021-08-23,NTPC,INE733E01010,,115.5,115.75,112.2,113.4,6271685,712379128.5,0.8270451180831578,93.7869163906301
2021-08-24,NTPC,INE733E01010,,114.2,116.3,113.65,113.95,11791078,1350933879.95,0.8270451180831578,94.24179120557584
2021-08-25,NTPC,INE733E01010,,114.7,115.25,113.8,114.0,9491958,1083773611.5,0.8270451180831578,94.28314346148
2021-08-26,NTPC,INE733E01010,,114.1,114.5,111.95,112.75,11668986,1316104254.85,0.8270451180831578,93.24933706387604
2021-08-27,NTPC,INE733E01010,,112.7,114.1,112.1,113.4,8095717,917267153.1,0.8270451180831578,93.7869163906301
2021-08-30,NTPC,INE733E01010,,113.25,115.5,113.25,114.95,9915170,1138448351.75,0.8270451180831578,95.068836323659
2021-08-31,NTPC,INE733E01010,,115.25,116.35,114.7,115.95,11386659,1318370934.55,0.8270451180831578,95.89588144174215
2021-09-01,NTPC,INE733E01010,,116.0,116.7,114.75,115.4,7508413,866613800.45,0.8270451180831578,95.44100662679642
2021-09-02,NTPC,INE733E01010,,115.1,116.7,115.0,116.5,5700524,662060157.35,0.8270451180831578,96.35075625668789
2021-09-03,NTPC,INE733E01010,,117.0,117.9,116.5,117.0,9364904,1096277385.5,0.8270451180831578,96.76427881572947
2021-09-06,NTPC,INE733E01010,,117.65,117.65,115.9,116.45,7005043,815572368.3,0.8270451180831578,96.30940400078373
2021-09-07,NTPC,INE733E01010,,116.7,116.9,115.25,115.85,7723357,895264122.1,0.8270451180831578,95.81317692993383
2021-09-08,NTPC,INE733E01010,,113.85,114.6,112.4,114.05,10508654,1196869754.0,0.850161285979892,96.96089466600668
2021-09-09,NTPC,INE733E01010,,113.95,114.75,113.5,114.55,5757417,657918772.75,0.850161285979892,97.38597530899663
2021-09-13,NTPC,INE733E01010,,114.65,115.5,114.15,115.0,6322443,726929598.0,0.850161285979892,97.76854788768759
2021-09-14,NTPC,INE733E01010,,115.25,116.15,114.8,115.9,7369292,851750627.15,0.850161285979892,98.5336930450695
2021-09-15,NTPC,INE733E01010,,116.0,124.85,116.0,124.2,48721413,5952724807.9,0.850161285979892,105.59003171870259
2021-09-16,NTPC,INE733E01010,,124.5,125.7,123.0,124.0,17684303,2197037159.1,0.850161285979892,105.41999946150662
2021-09-17,NTPC,INE733E01010,,124.15,124.7,121.55,123.75,15763396,1945292864.85,0.850161285979892,105.20745914001164
2021-09-20,NTPC,INE733E01010,,122.5,123.95,121.8,122.7,7431359,914389320.8,0.850161285979892,104.31478978973276
2021-09-21,NTPC,INE733E01010,,122.3,125.4,122.1,124.1,8629222,1068445138.3,0.850161285979892,105.50501559010459
2021-09-22,NTPC,INE733E01010,,124.6,127.0,124.0,124.4,11698183,1465442044.6,0.850161285979892,105.76006397589857
2021-09-23,NTPC,INE733E01010,,124.8,127.0,124.65,126.2,11053966,1394203038.3,0.850161285979892,107.29035429066238
2021-09-24,NTPC,INE733E01010,,126.5,126.7,123.95,124.25,8598140,1073351901.95,0.850161285979892,105.63253978300159
2021-09-27,NTPC,INE733E01010,,125.3,127.8,124.5,126.85,8490460,1069821096.2,0.850161285979892,107.8429591265493
2021-09-28,NTPC,INE733E01010,,127.5,133.65,127.35,131.95,35900138,4725269553.6,0.850161285979892,112.17878168504674
2021-09-29,NTPC,INE733E01010,,131.4,144.25,130.6,140.65,75859390,10579413863.6,0.850161285979892,119.57518487307182
2021-09-30,NTPC,INE733E01010,,141.75,143.2,139.1,141.85,34614825,4893631709.0,0.850161285979892,120.59537841624768
2021-10-01,NTPC,INE733E01010,,140.95,144.35,137.7,139.9,22452069,3152747896.85,0.850161285979892,118.9375639085869
2021-10-04,NTPC,INE733E01010,,143.45,149.35,140.5,145.55,58612212,8487705988.25,0.850161285979892,123.74097517437329
2021-10-05,NTPC,INE733E01010,,145.55,147.85,144.2,145.4,24390676,3567286714.6,0.850161285979892,123.6134509814763
2021-10-06,NTPC,INE733E01010,,146.45,147.3,142.8,143.3,14421296,2086275659.35,0.850161285979892,121.82811228091855
2021-10-07,NTPC,INE733E01010,,144.2,145.65,142.25,142.8,10035682,1443559965.15,0.850161285979892,121.40303163792859
2021-10-08,NTPC,INE733E01010,,143.55,143.9,140.3,141.1,10686586,1511716049.1,0.850161285979892,119.95775745176276
2021-10-11,NTPC,INE733E01010,,142.0,146.75,141.45,144.8,17449923,2531109846.0,0.850161285979892,123.10335420988838
2021-10-12,NTPC,INE733E01010,,146.0,146.25,143.8,144.55,16030831,2319586882.15,0.850161285979892,122.89081388839341
2021-10-13,NTPC,INE733E01010,,145.5,147.25,144.7,146.35,19100941,2788162644.2,0.850161285979892,124.4211042031572
2021-10-14,NTPC,INE733E01010,,147.5,150.6,146.85,149.4,29263867,4361349616.55,0.850161285979892,127.01409612539588
2021-10-18,NTPC,INE733E01010,,151.25,151.7,148.7,149.55,25346029,3807621962.95,0.850161285979892,127.14162031829287
2021-10-19,NTPC,INE733E01010,,150.95,152.1,148.1,149.65,20234486,3049849299.85,0.850161285979892,127.22663644689085
2021-10-20,NTPC,INE733E01010,,150.65,150.65,145.3,146.25,16129487,2379558477.75,0.850161285979892,124.33608807455921
2021-10-21,NTPC,INE733E01010,,147.7,148.55,145.9,147.9,20818539,3066131982.2,0.850161285979892,125.73885419642603
2021-10-22,NTPC,INE733E01010,,147.85,148.1,144.0,144.9,11379569,1654118741.75,0.850161285979892,123.18837033848637
2021-10-25,NTPC,INE733E01010,,144.7,146.25,143.15,143.9,14079380,2033985895.3,0.850161285979892,122.33820905250647
2021-10-26,NTPC,INE733E01010,,145.3,145.65,142.45,143.2,16224116,2330794669.55,0.850161285979892,121.74309615232053
2021-10-27,NTPC,INE733E01010,,144.0,144.55,140.85,141.3,15072448,2151347376.7,0.850161285979892,120.12778970895876
2021-10-28,NTPC,INE733E01010,,141.3,141.85,136.3,137.35,19999659,2779748261.7,0.850161285979892,116.76965262933817
2021-10-29,NTPC,INE733E01010,,131.0,136.9,128.55,132.65,29217522,3912150597.15,0.850161285979892,112.77389458523268
2021-11-01,NTPC,INE733E01010,,133.2,135.3,130.9,134.3,10043407,1340632375.6,0.850161285979892,114.17666070709951
2021-11-02,NTPC,INE733E01010,,135.0,140.8,135.0,136.65,21525811,2963881516.95,0.850161285979892,116.17453972915226
2021-11-03,NTPC,INE733E01010,,137.95,138.95,135.55,136.75,9808728,1344668665.6,0.850161285979892,116.25955585775024
2021-11-08,NTPC,INE733E01010,,138.7,140.6,136.55,140.3,12765483,1769418807.65,0.850161285979892,119.27762842297886
2021-11-09,NTPC,INE733E01010,,140.75,141.4,138.05,138.5,9556650,1334654430.4,0.850161285979892,117.74733810821505
2021-11-10,NTPC,INE733E01010,,138.2,138.25,136.75,137.4,5479056,752631856.9,0.850161285979892,116.81216069363717
2021-11-11,NTPC,INE733E01010,,137.5,137.75,134.35,136.65,11418813,1549280031.45,0.850161285979892,116.17453972915226
2021-11-12,NTPC,INE733E01010,,138.2,138.2,134.65,136.45,9306659,1265219060.35,0.850161285979892,116.00450747195626
2021-11-15,NTPC,INE733E01010,,137.3,137.65,136.0,137.15,3991733,546276541.9,0.850161285979892,116.5996203721422
2021-11-16,NTPC,INE733E01010,,137.7,137.8,134.0,134.3,5762128,780447357.25,0.850161285979892,114.17666070709951
2021-11-17,NTPC,INE733E01010,,134.0,138.0,134.0,136.45,15264066,2086432946.7,0.850161285979892,116.00450747195626
2021-11-18,NTPC,INE733E01010,,136.6,137.6,134.75,135.3,9942974,1352724620.45,0.850161285979892,115.02682199307941
2021-11-22,NTPC,INE733E01010,,135.0,136.9,129.7,130.15,15990636,2108205224.5,0.850161285979892,110.64849137028295
2021-11-23,NTPC,INE733E01010,,130.05,133.75,128.15,133.5,11510010,1516443550.45,0.850161285979892,113.49653167831559
2021-11-24,NTPC,INE733E01010,,134.5,137.3,133.55,135.35,7570759,1027308072.3,0.850161285979892,115.06933005737838
2021-11-25,NTPC,INE733E01010,,135.5,136.7,132.3,135.2,13919886,1864956339.2,0.850161285979892,114.9418058644814
2021-11-26,NTPC,INE733E01010,,133.2,134.05,128.0,128.85,13323593,1739497251.5,0.850161285979892,109.54328169850909
2021-11-29,NTPC,INE733E01010,,127.8,129.35,125.05,126.5,16077669,2040944079.2,0.850161285979892,107.54540267645635
2021-11-30,NTPC,INE733E01010,,127.8,129.45,124.7,127.25,22883512,2913969946.95,0.850161285979892,108.18302364094126
2021-12-01,NTPC,INE733E01010,,130.0,132.95,125.85,127.7,17010938,2183327115.6,0.850161285979892,108.56559621963221
2021-12-02,NTPC,INE733E01010,,127.7,130.3,126.6,128.7,12916313,1662114387.35,0.850161285979892,109.41575750561209
2021-12-03,NTPC,INE733E01010,,128.7,130.25,126.4,127.0,12827354,1637110831.5,0.850161285979892,107.97048331944629
2021-12-06,NTPC,INE733E01010,,127.0,127.6,124.0,124.35,8158812,1024150341.35,0.850161285979892,105.71755591159958
2021-12-07,NTPC,INE733E01010,,125.1,126.4,124.0,125.35,8701301,1090743258.3,0.850161285979892,106.56771719757947
2021-12-08,NTPC,INE733E01010,,124.85,127.65,124.85,127.25,12093435,1527335608.7,0.850161285979892,108.18302364094126
2021-12-09,NTPC,INE733E01010,,127.25,127.65,125.65,126.05,11518172,1452136096.9,0.850161285979892,107.1628300977654
2021-12-10,NTPC,INE733E01010,,126.1,126.7,124.4,126.15,8389566,1054674388.4,0.850161285979892,107.2478462263634
2021-12-13,NTPC,INE733E01010,,127.6,128.6,125.5,125.8,13223189,1677449391.15,0.850161285979892,106.95028977627042
2021-12-14,NTPC,INE733E01010,,125.0,127.45,125.0,126.35,11649242,1469261040.75,0.850161285979892,107.41787848355935
2021-12-15,NTPC,INE733E01010,,126.15,128.45,125.9,126.7,11916145,1517102990.15,0.850161285979892,107.71543493365232
2021-12-16,NTPC,INE733E01010,,127.55,128.2,126.25,127.4,10758513,1368167463.3,0.850161285979892,108.31054783383826
2021-12-17,NTPC,INE733E01010,,127.4,127.7,124.1,125.55,13041775,1639555257.4,0.850161285979892,106.73774945477544
2021-12-20,NTPC,INE733E01010,,124.5,125.45,119.1,121.75,14185935,1720570914.45,0.850161285979892,103.50713656805186
2021-12-21,NTPC,INE733E01010,,123.55,124.7,120.85,122.2,10168470,1247095464.85,0.850161285979892,103.88970914674282
2021-12-22,NTPC,INE733E01010,,123.05,123.9,121.65,122.55,7885198,967591161.05,0.850161285979892,104.18726559683577
2021-12-23,NTPC,INE733E01010,,123.1,125.4,122.8,124.55,9836979,1224674032.35,0.850161285979892,105.88758816879555
2021-12-24,NTPC,INE733E01010,,124.8,125.0,120.9,121.25,8509575,1036764255.0,0.850161285979892,103.08205592506191
2021-12-27,NTPC,INE733E01010,,121.25,122.15,120.6,121.85,5097217,619645908.2,0.850161285979892,103.59215269664985
2021-12-28,NTPC,INE733E01010,,122.0,124.6,121.95,124.1,6511374,803555511.95,0.850161285979892,105.50501559010459
2021-12-29,NTPC,INE733E01010,,124.6,124.75,122.2,123.15,8960770,1107439194.55,0.850161285979892,104.69736236842371
2021-12-30,NTPC,INE733E01010,,123.25,127.85,122.25,126.9,32394253,4083890882.0,0.850161285979892,107.8854671908483
2021-12-31,NTPC,INE733E01010,,126.8,126.8,124.0,124.4,9155163,1142291654.05,0.850161285979892,105.76006397589857
2022-01-03,NTPC,INE733E01010,,125.4,126.55,124.7,126.0,9034081,1137457276.95,0.850161285979892,107.1203220334664
2022-01-04,NTPC,INE733E01010,,127.0,133.3,126.75,132.9,33986738,4455764500.35,0.850161285979892,112.98643490672765
2022-01-05,NTPC,INE733E01010,,132.6,132.85,130.7,132.0,16122852,2124707723.3,0.850161285979892,112.22128974934574
2022-01-06,NTPC,INE733E01010,,132.35,132.35,129.3,130.9,8037648,1047684814.05,0.850161285979892,111.28611233476788
2022-01-07,NTPC,INE733E01010,,131.3,132.2,129.45,131.35,8820039,1155141328.25,0.850161285979892,111.66868491345882
2022-01-10,NTPC,INE733E01010,,131.95,132.3,130.75,131.85,7324926,963292151.6,0.850161285979892,112.09376555644876
2022-01-11,NTPC,INE733E01010,,132.15,134.0,131.0,132.3,11971883,1591704233.75,0.850161285979892,112.47633813513973
2022-01-12,NTPC,INE733E01010,,133.35,134.2,132.35,133.85,10439580,1391203658.6,0.850161285979892,113.79408812840855
2022-01-13,NTPC,INE733E01010,,134.4,136.65,133.5,134.95,15114699,2044198138.8,0.850161285979892,114.72926554298643
2022-01-14,NTPC,INE733E01010,,134.4,136.15,133.3,135.35,9344382,1265868058.0,0.850161285979892,115.06933005737838
2022-01-17,NTPC,INE733E01010,,134.65,137.35,134.45,136.6,9803141,1338915922.3,0.850161285979892,116.13203166485324
2022-01-18,NTPC,INE733E01010,,136.6,137.75,134.4,135.0,6473378,879449663.85,0.850161285979892,114.77177360728543
2022-01-19,NTPC,INE733E01010,,134.1,135.3,132.95,134.8,21136414,2836351997.55,0.850161285979892,114.60174135008945
2022-01-20,NTPC,INE733E01010,,134.5,136.35,134.15,134.9,8466412,1144038370.8,0.850161285979892,114.68675747868744
2022-01-21,NTPC,INE733E01010,,134.05,136.1,132.55,134.1,12437749,1674805255.75,0.850161285979892,114.00662844990352
2022-01-24,NTPC,INE733E01010,,133.0,135.25,131.0,132.6,14284658,1901542771.65,0.850161285979892,112.73138652093368
2022-01-25,NTPC,INE733E01010,,131.2,135.65,131.05,135.3,10007486,1340579267.3,0.850161285979892,115.02682199307941
2022-01-27,NTPC,INE733E01010,,134.2,136.0,133.15,135.0,18760325,2530639044.15,0.850161285979892,114.77177360728543
2022-01-28,NTPC,INE733E01010,,140.0,144.0,138.0,140.15,34009553,4793881162.5,0.850161285979892,119.15010423008188
2022-01-31,NTPC,INE733E01010,,142.0,143.4,138.55,142.05,27928927,3941340504.45,0.850161285979892,120.76541067344367
2022-02-01,NTPC,INE733E01010,,144.0,144.15,140.45,141.15,17413984,2476612380.55,0.850161285979892,120.00026551606177
2022-02-02,NTPC,INE733E01010,,142.0,142.75,140.75,141.15,10783943,1523821924.45,0.850161285979892,120.00026551606177
2022-02-03,NTPC,INE733E01010,,137.5,138.6,136.3,136.65,9571728,1314330396.85,0.8749563654105852,119.56278733335647
2022-02-04,NTPC,INE733E01010,,137.0,137.45,133.9,134.2,7213085,977040877.05,0.8749563654105852,117.41914423810053
2022-02-07,NTPC,INE733E01010,,134.2,136.35,134.2,135.15,10562489,1430618739.95,0.8749563654105852,118.2503527852406
2022-02-08,NTPC,INE733E01010,,135.45,135.65,132.8,135.0,8721631,1171095909.65,0.8749563654105852,118.119109330429
2022-02-09,NTPC,INE733E01010,,135.3,135.6,133.85,135.05,5144026,694337253.25,0.8749563654105852,118.16285714869954
2022-02-10,NTPC,INE733E01010,,135.15,136.85,134.3,136.45,6081460,828549200.35,0.8749563654105852,119.38779606027434
2022-02-11,NTPC,INE733E01010,,134.45,137.7,134.45,137.15,8426925,1153602370.35,0.8749563654105852,120.00026551606176
2022-02-14,NTPC,INE733E01010,,134.7,136.45,131.8,132.5,7705072,1032588130.05,0.8749563654105852,115.93171841690254
2022-02-15,NTPC,INE733E01010,,132.1,135.8,130.65,135.35,12674466,1687166423.2,0.8749563654105852,118.42534405832271
2022-02-16,NTPC,INE733E01010,,134.9,136.7,132.85,133.2,12946623,1741706735.25,0.8749563654105852,116.54418787268993
2022-02-17,NTPC,INE733E01010,,134.5,134.9,132.45,132.75,5811964,774151436.95,0.8749563654105852,116.15045750825519
2022-02-18,NTPC,INE733E01010,,132.75,134.1,131.9,132.35,6760078,897490479.4,0.8749563654105852,115.80047496209095
2022-02-21,NTPC,INE733E01010,,132.4,134.15,131.15,131.95,12212740,1616519985.25,0.8749563654105852,115.4504924159267
2022-02-22,NTPC,INE733E01010,,131.05,132.5,127.9,132.1,13578566,1765901379.2,0.8749563654105852,115.5817358707383
2022-02-23,NTPC,INE733E01010,,132.0,133.45,129.85,130.2,9263264,1215691901.3,0.8749563654105852,113.91931877645818
2022-02-24,NTPC,INE733E01010,,127.0,129.0,123.65,124.4,18045779,2274330420.85,0.8749563654105852,108.8445718570768
2022-02-25,NTPC,INE733E01010,,125.0,131.0,125.0,130.35,10424521,1345398888.8,0.8749563654105852,114.05056223126978
2022-02-28,NTPC,INE733E01010,,128.95,133.95,128.8,133.5,13262687,1758350645.35,0.8749563654105852,116.80667478231312
2022-03-02,NTPC,INE733E01010,,132.8,135.0,130.45,130.95,12587947,1662005167.45,0.8749563654105852,114.57553605051612
2022-03-03,NTPC,INE733E01010,,132.1,133.45,130.25,132.1,15628119,2058704816.25,0.8749563654105852,115.5817358707383
2022-03-04,NTPC,INE733E01010,,132.0,133.35,129.75,130.2,15883138,2083949108.95,0.8749563654105852,113.91931877645818
2022-03-07,NTPC,INE733E01010,,129.0,130.5,126.9,130.05,14985637,1931473464.1,0.8749563654105852,113.78807532164662
2022-03-08,NTPC,INE733E01010,,130.5,135.8,130.5,133.75,28572640,3811367873.1,0.8749563654105852,117.02541387366577
2022-03-09,NTPC,INE733E01010,,133.95,133.95,131.1,131.5,14286413,1882798928.05,0.8749563654105852,115.05676205149196
2022-03-10,NTPC,INE733E01010,,132.9,135.0,131.95,132.95,13101323,1747682166.0,0.8749563654105852,116.32544878133729
2022-03-11,NTPC,INE733E01010,,132.9,133.4,131.5,131.95,8669803,1145495563.2,0.8749563654105852,115.4504924159267
2022-03-14,NTPC,INE733E01010,,131.95,132.9,130.75,132.15,5670284,745859578.8,0.8749563654105852,115.62548368900883
2022-03-15,NTPC,INE733E01010,,131.3,132.95,130.65,131.05,6895190,907139815.95,0.8749563654105852,114.6630316870572
2022-03-16,NTPC,INE733E01010,,132.4,133.0,131.55,132.75,5561866,735744261.85,0.8749563654105852,116.15045750825519
2022-03-17,NTPC,INE733E01010,,133.5,134.3,131.9,132.9,13995384,1860599885.1,0.8749563654105852,116.28170096306678
2022-03-21,NTPC,INE733E01010,,132.9,133.4,131.7,132.9,9172207,1214994025.25,0.8749563654105852,116.28170096306678
2022-03-22,NTPC,INE733E01010,,133.3,134.15,131.75,132.85,10343712,1373405479.5,0.8749563654105852,116.23795314479624
2022-03-23,NTPC,INE733E01010,,132.9,133.75,132.2,133.45,11892811,1582986830.75,0.8749563654105852,116.76292696404258
2022-03-24,NTPC,INE733E01010,,133.5,135.7,133.35,135.4,11276181,1521544874.75,0.8749563654105852,118.46909187659324
2022-03-25,NTPC,INE733E01010,,136.0,136.15,134.2,134.75,7266868,980268396.4,0.8749563654105852,117.90037023907635
2022-03-28,NTPC,INE733E01010,,135.5,135.5,133.8,134.8,7778682,1047245189.0,0.8749563654105852,117.9441180573469
2022-03-29,NTPC,INE733E01010,,135.0,135.3,133.9,134.35,5116935,687975589.2,0.8749563654105852,117.55038769291211
2022-03-30,NTPC,INE733E01010,,135.0,135.95,133.45,135.3,24047012,3246091524.3,0.8749563654105852,118.38159624005219
2022-03-31,NTPC,INE733E01010,,134.3,135.6,134.3,135.0,11615450,1568780973.65,0.8749563654105852,118.119109330429
2022-04-01,NTPC,INE733E01010,,138.0,143.45,136.8,142.95,32589741,4590368147.85,0.8749563654105852,125.07501243544314
2022-04-04,NTPC,INE733E01010,,141.85,146.0,141.5,144.3,15437496,2227546059.95,0.8749563654105852,126.25620352874745
2022-04-05,NTPC,INE733E01010,,145.4,150.6,144.75,149.1,23958626,3536489625.1,0.8749563654105852,130.45599408271823
2022-04-06,NTPC,INE733E01010,,150.35,155.3,148.3,153.0,52737388,8079777906.6,0.8749563654105852,133.86832390781953
2022-04-07,NTPC,INE733E01010,,152.95,158.0,152.2,153.5,37738903,5865690240.85,0.8749563654105852,134.30580209052482
2022-04-08,NTPC,INE733E01010,,154.9,154.9,151.2,152.05,17585569,2676682638.45,0.8749563654105852,133.03711536067948
2022-04-11,NTPC,INE733E01010,,152.45,154.6,151.85,153.1,15583159,2386627591.15,0.8749563654105852,133.9558195443606
2022-04-12,NTPC,INE733E01010,,152.7,153.6,150.85,152.6,11306524,1722702709.3,0.8749563654105852,133.5183413616553
2022-04-13,NTPC,INE733E01010,,153.05,156.2,152.75,153.95,19454061,2994524465.4,0.8749563654105852,134.69953245495958
2022-04-18,NTPC,INE733E01010,,154.9,163.75,154.5,163.2,82098517,13212560220.85,0.8749563654105852,142.79287883500749
2022-04-19,NTPC,INE733E01010,,164.9,166.35,159.5,160.65,38522118,6309286315.85,0.8749563654105852,140.56174010321052
2022-04-20,NTPC,INE733E01010,,162.15,163.2,159.0,160.5,20047692,3228559496.2,0.8749563654105852,140.43049664839893
2022-04-21,NTPC,INE733E01010,,161.6,163.4,160.35,162.7,21966151,3553569959.5,0.8749563654105852,142.3554006523022
2022-04-22,NTPC,INE733E01010,,161.25,163.0,159.85,160.45,9922564,1601750507.4,0.8749563654105852,140.3867488301284
2022-04-25,NTPC,INE733E01010,,158.6,160.9,155.4,156.1,12008027,1886242793.0,0.8749563654105852,136.58068864059234
2022-04-26,NTPC,INE733E01010,,157.6,158.45,156.0,157.0,11735823,1844102895.95,0.8749563654105852,137.36814936946186
2022-04-27,NTPC,INE733E01010,,156.8,159.6,155.2,155.65,17873048,2804120358.1,0.8749563654105852,136.18695827615758
2022-04-28,NTPC,INE733E01010,,158.0,160.1,155.25,159.7,29123808,4596263041.5,0.8749563654105852,139.73053155607045
2022-04-29,NTPC,INE733E01010,,160.4,161.0,155.7,156.2,28941216,4600712767.5,0.8749563654105852,136.6681842771334
2022-05-02,NTPC,INE733E01010,,154.6,158.35,153.0,157.5,13368198,2096458328.95,0.8749563654105852,137.80562755216718
2022-05-04,NTPC,INE733E01010,,158.0,161.9,157.3,158.65,24511385,3905794133.05,0.8749563654105852,138.81182737238936
2022-05-05,NTPC,INE733E01010,,159.6,160.75,157.0,158.4,33396072,5316896859.25,0.8749563654105852,138.5930882810367
2022-05-06,NTPC,INE733E01010,,156.45,160.35,156.05,159.0,22604305,3588016528.0,0.8749563654105852,139.11806210028305
2022-05-09,NTPC,INE733E01010,,158.95,159.8,155.95,159.0,22958742,3631956392.4,0.8749563654105852,139.11806210028305
2022-05-10,NTPC,INE733E01010,,158.95,161.25,154.5,155.45,20322427,3226933955.45,0.8749563654105852,136.01196700307545
2022-05-11,NTPC,INE733E01010,,154.05,156.95,150.05,152.55,13794764,2114074230.9,0.8749563654105852,133.47459354338477
2022-05-12,NTPC,INE733E01010,,151.1,153.0,148.0,148.55,11818556,1770823189.85,0.8749563654105852,129.97476808174244
2022-05-13,NTPC,INE733E01010,,150.0,150.0,143.5,144.15,22913410,3336759118.4,0.8749563654105852,126.12496007393587
2022-05-16,NTPC,INE733E01010,,143.4,148.9,141.65,148.25,16286682,2386331496.3,0.8749563654105852,129.71228117211925
2022-05-17,NTPC,INE733E01010,,147.5,150.75,146.3,150.5,13925542,2075058183.05,0.8749563654105852,131.68093299429307
2022-05-18,NTPC,INE733E01010,,150.5,150.9,147.2,148.5,17611218,2625961992.85,0.8749563654105852,129.9310202634719
2022-05-19,NTPC,INE733E01010,,147.5,148.55,145.75,148.0,11701170,1718164073.9,0.8749563654105852,129.49354208076662
2022-05-20,NTPC,INE733E01010,,150.95,150.95,147.65,149.6,17841739,2668005553.35,0.8749563654105852,130.89347226542353
2022-05-23,NTPC,INE733E01010,,154.4,155.35,148.4,150.15,26055890,3933813153.3,0.8749563654105852,131.37469826639938
2022-05-24,NTPC,INE733E01010,,150.15,151.85,146.3,146.9,16581141,2474207066.4,0.8749563654105852,128.53109007881497
2022-05-25,NTPC,INE733E01010,,148.4,153.15,147.4,152.65,19926619,2994257577.9,0.8749563654105852,133.56208917992583
2022-05-26,NTPC,INE733E01010,,153.15,155.1,150.6,154.15,22698086,3462617599.35,0.8749563654105852,134.8745237280417
2022-05-27,NTPC,INE733E01010,,155.0,155.0,149.5,150.45,10245727,1551973471.65,0.8749563654105852,131.63718517602254
2022-05-30,NTPC,INE733E01010,,150.05,152.5,148.8,150.9,12513990,1891235526.75,0.8749563654105852,132.0309155404573
2022-05-31,NTPC,INE733E01010,,151.1,158.0,150.35,156.0,124665699,19407718515.65,0.8749563654105852,136.49319300405128
2022-06-01,NTPC,INE733E01010,,156.45,160.2,156.25,156.8,16084988,2546259462.95,0.8749563654105852,137.19315809637976
2022-06-02,NTPC,INE733E01010,,155.5,159.3,154.25,159.05,17646975,2783325202.15,0.8749563654105852,139.1618099185536
2022-06-03,NTPC,INE733E01010,,159.0,159.45,154.7,155.0,14063328,2196087891.5,0.8749563654105852,135.6182366386407
2022-06-06,NTPC,INE733E01010,,155.8,158.65,154.6,155.2,18485464,2890310167.45,0.8749563654105852,135.79322791172282
2022-06-07,NTPC,INE733E01010,,155.2,157.7,153.5,157.25,14911957,2330664492.1,0.8749563654105852,137.58688846081452
2022-06-08,NTPC,INE733E01010,,156.1,159.75,156.1,157.05,16416591,2595419992.85,0.8749563654105852,137.41189718773242
2022-06-09,NTPC,INE733E01010,,155.3,158.0,154.7,155.15,13821409,2156658100.15,0.8749563654105852,135.7494800934523
2022-06-10,NTPC,INE733E01010,,154.1,156.6,154.0,155.25,7908849,1225513406.3,0.8749563654105852,135.83697572999336
2022-06-13,NTPC,INE733E01010,,154.0,154.9,147.75,148.9,19208167,2886417738.15,0.8749563654105852,130.28100280963613
2022-06-14,NTPC,INE733E01010,,148.9,152.45,148.9,151.4,17034328,2574806686.15,0.8749563654105852,132.4683937231626
2022-06-15,NTPC,INE733E01010,,152.55,153.7,147.55,148.15,15172295,2271720230.0,0.8749563654105852,129.6247855355782
2022-06-16,NTPC,INE733E01010,,150.1,150.15,142.0,142.95,18494040,2684390815.9,0.8749563654105852,125.07501243544314
2022-06-17,NTPC,INE733E01010,,141.1,144.45,139.55,140.45,21387729,3025699554.5,0.8749563654105852,122.88762152191669
2022-06-20,NTPC,INE733E01010,,140.45,141.4,135.0,137.25,16578770,2278329521.65,0.8749563654105852,120.08776115260282
2022-06-21,NTPC,INE733E01010,,138.2,141.25,137.75,139.95,51398446,7165602026.6,0.8749563654105852,122.4501433392114
2022-06-22,NTPC,INE733E01010,,139.95,139.95,136.55,137.65,8317317,1147810263.9,0.8749563654105852,120.43774369876705
2022-06-23,NTPC,INE733E01010,,137.9,139.15,135.65,136.5,11257409,1543238490.65,0.8749563654105852,119.43154387854487
2022-06-24,NTPC,INE733E01010,,137.9,137.9,134.95,136.6,21879039,2973863540.8,0.8749563654105852,119.51903951508594
2022-06-27,NTPC,INE733E01010,,137.25,139.05,136.75,138.5,12872030,1778736479.95,0.8749563654105852,121.18145660936605
2022-06-28,NTPC,INE733E01010,,138.5,139.3,137.15,138.6,14272044,1971023449.9,0.8749563654105852,121.2689522459071
2022-06-29,NTPC,INE733E01010,,137.8,143.1,136.8,141.75,53487394,7546812437.9,0.8749563654105852,124.02506479695045
2022-06-30,NTPC,INE733E01010,,142.3,143.95,141.15,142.9,19270932,2745207567.3,0.8749563654105852,125.03126461717262
2022-07-01,NTPC,INE733E01010,,142.0,143.2,139.75,140.65,9592229,1355426455.9,0.8749563654105852,123.06261279499881
2022-07-04,NTPC,INE733E01010,,139.35,142.2,139.35,141.4,17526429,2471640770.2,0.8749563654105852,123.71883006905675
2022-07-05,NTPC,INE733E01010,,141.4,144.25,140.2,140.85,11370649,1617070848.75,0.8749563654105852,123.23760406808091
2022-07-06,NTPC,INE733E01010,,141.5,142.0,136.1,138.95,15929985,2202089830.45,0.8749563654105852,121.5751869738008
2022-07-07,NTPC,INE733E01010,,140.0,142.75,139.5,140.45,18144208,2554395386.7,0.8749563654105852,122.88762152191669
2022-07-08,NTPC,INE733E01010,,141.0,144.2,141.0,143.7,15375888,2198975803.75,0.8749563654105852,125.73122970950108
2022-07-11,NTPC,INE733E01010,,144.0,147.0,143.6,144.8,16779135,2432203797.4,0.8749563654105852,126.69368171145274
2022-07-12,NTPC,INE733E01010,,144.05,148.1,144.05,147.1,19138561,2812583212.8,0.8749563654105852,128.70608135189707
2022-07-13,NTPC,INE733E01010,,147.75,149.35,147.5,148.6,13644449,2025427956.7,0.8749563654105852,130.01851590001294
2022-07-14,NTPC,INE733E01010,,149.0,149.3,147.0,148.3,9775869,1446976508.0,0.8749563654105852,129.75602899038978
2022-07-15,NTPC,INE733E01010,,148.45,150.15,148.15,149.75,11518139,1719122288.8,0.8749563654105852,131.02471572023512
2022-07-18,NTPC,INE733E01010,,151.4,151.55,149.3,149.8,8286352,1246626626.4,0.8749563654105852,131.06846353850568
2022-07-19,NTPC,INE733E01010,,149.8,151.2,149.25,150.75,6798359,1020733050.05,0.8749563654105852,131.8996720856457
2022-07-20,NTPC,INE733E01010,,152.1,152.25,150.15,150.55,7271345,1097680399.6,0.8749563654105852,131.7246808125636
2022-07-21,NTPC,INE733E01010,,151.0,151.25,150.0,150.85,7521568,1133501612.05,0.8749563654105852,131.98716772218677
2022-07-22,NTPC,INE733E01010,,151.0,151.4,148.15,148.95,6800124,1013804842.25,0.8749563654105852,130.32475062790667
2022-07-25,NTPC,INE733E01010,,149.2,150.45,147.35,150.1,7996687,1190177703.85,0.8749563654105852,131.33095044812885
2022-07-26,NTPC,INE733E01010,,150.0,150.95,149.15,150.0,5774871,865594714.0,0.8749563654105852,131.24345481158778
2022-07-27,NTPC,INE733E01010,,149.55,150.55,149.05,149.7,5403197,808847298.65,0.8749563654105852,130.9809679019646
2022-07-28,NTPC,INE733E01010,,150.05,150.95,149.05,150.35,6030744,905323420.4,0.8749563654105852,131.54968953948148
2022-07-29,NTPC,INE733E01010,,150.95,154.45,150.45,152.95,11771461,1799133566.6,0.8749563654105852,133.824576089549
2022-08-01,NTPC,INE733E01010,,152.9,157.7,151.0,156.5,14221965,2191180422.05,0.8749563654105852,136.93067118675657
2022-08-02,NTPC,INE733E01010,,157.1,160.1,156.55,159.55,18278835,2899220256.2,0.8749563654105852,139.59928810125888
2022-08-03,NTPC,INE733E01010,,160.05,160.95,157.2,159.65,10147608,1613004645.65,0.8749563654105852,139.68678373779994
2022-08-04,NTPC,INE733E01010,,159.7,160.5,153.05,154.7,15754128,2445568000.15,0.8749563654105852,135.35574972901753
2022-08-05,NTPC,INE733E01010,,154.4,157.15,153.0,155.6,33864055,5272659404.1,0.8749563654105852,136.14321045788705
2022-08-08,NTPC,INE733E01010,,155.5,160.0,154.95,159.4,16964235,2696065969.05,0.8749563654105852,139.46804464644728
2022-08-10,NTPC,INE733E01010,,156.9,157.15,155.0,155.75,14055597,2190037034.1,0.8917394158980005,138.8884140261136
2022-08-11,NTPC,INE733E01010,,156.2,156.85,152.85,153.65,15810624,2437770983.0,0.8917394158980005,137.0157612527278
2022-08-12,NTPC,INE733E01010,,153.7,159.0,152.6,158.5,17998843,2827813761.1,0.8917394158980005,141.34069741983308
2022-08-16,NTPC,INE733E01010,,159.0,159.8,156.95,158.75,8309725,1316510048.55,0.8917394158980005,141.5636322738076
2022-08-17,NTPC,INE733E01010,,159.0,163.65,159.0,161.45,19674110,3192747594.35,0.8917394158980005,143.97132869673217
2022-08-18,NTPC,INE733E01010,,161.45,162.65,159.9,160.8,9585888,1543298838.75,0.8917394158980005,143.39169807639848
2022-08-19,NTPC,INE733E01010,,161.05,161.65,157.15,157.75,9599472,1521851116.55,0.8917394158980005,140.6718928579096
2022-08-22,NTPC,INE733E01010,,157.3,158.95,156.0,156.5,11400211,1790758413.3,0.8917394158980005,139.55721858803707
2022-08-23,NTPC,INE733E01010,,156.45,159.2,155.65,158.65,14362373,2265568500.2,0.8917394158980005,141.47445833221778
2022-08-24,NTPC,INE733E01010,,158.9,163.0,158.0,160.8,20602844,3323556233.15,0.8917394158980005,143.39169807639848
2022-08-25,NTPC,INE733E01010,,161.35,161.95,158.45,158.9,12889454,2062685574.2,0.8917394158980005,141.6973931861923
2022-08-26,NTPC,INE733E01010,,159.0,164.7,158.9,163.4,30724938,4963350098.25,0.8917394158980005,145.7102205577333
2022-08-29,NTPC,INE733E01010,,161.8,163.4,160.7,160.95,10928330,1768044167.85,0.8917394158980005,143.52545898878319
2022-08-30,NTPC,INE733E01010,,161.8,165.45,161.55,164.0,24663153,4034698953.45,0.8917394158980005,146.2452642072721
2022-09-01,NTPC,INE733E01010,,161.5,164.25,160.3,160.7,14554158,2352467573.15,0.8917394158980005,143.30252413480866
2022-09-02,NTPC,INE733E01010,,163.0,166.4,161.25,161.8,25106698,4102091523.7,0.8917394158980005,144.28343749229649
2022-09-05,NTPC,INE733E01010,,162.6,165.1,162.2,164.5,15226001,2498711011.05,0.8917394158980005,146.6911339152211
2022-09-06,NTPC,INE733E01010,,165.8,168.85,164.8,168.45,27866331,4666059534.35,0.8917394158980005,150.21350460801818
2022-09-07,NTPC,INE733E01010,,168.5,170.15,166.65,167.3,19415892,3263172082.9,0.8917394158980005,149.1880042797355
2022-09-08,NTPC,INE733E01010,,168.0,169.2,165.95,166.8,11595205,1938228329.8,0.8917394158980005,148.7421345717865
2022-09-09,NTPC,INE733E01010,,167.65,169.35,165.95,166.6,16415150,2751700258.55,0.8917394158980005,148.56378668860688
2022-09-12,NTPC,INE733E01010,,167.45,168.1,165.5,166.4,15469466,2579570920.45,0.8917394158980005,148.3854388054273
2022-09-13,NTPC,INE733E01010,,166.95,168.95,165.65,167.4,15644741,2620121806.9,0.8917394158980005,149.2771782213253
2022-09-14,NTPC,INE733E01010,,165.0,173.05,165.0,172.35,38751148,6615669933.0,0.8917394158980005,153.6912883300204
2022-09-15,NTPC,INE733E01010,,174.4,176.15,172.65,175.1,29483891,5142562057.15,0.8917394158980005,156.14357172373988
2022-09-16,NTPC,INE733E01010,,173.95,174.7,171.3,172.8,26126152,4511528132.6,0.8917394158980005,154.0925710671745
2022-09-19,NTPC,INE733E01010,,173.5,174.1,170.55,171.0,13304030,2285305670.9,0.8917394158980005,152.48744011855808
2022-09-20,NTPC,INE733E01010,,171.9,173.15,170.9,171.9,15395199,2652063311.6,0.8917394158980005,153.2900055928663
2022-09-21,NTPC,INE733E01010,,171.0,172.05,168.15,168.6,7370283,1248884416.7,0.8917394158980005,150.34726552040289
2022-09-22,NTPC,INE733E01010,,167.0,169.65,166.85,168.65,7447846,1251443476.5,0.8917394158980005,150.3918524911978
2022-09-23,NTPC,INE733E01010,,167.15,168.5,162.65,163.95,12264388,2028714100.75,0.8917394158980005,146.2006772364772
2022-09-26,NTPC,INE733E01010,,162.45,163.85,156.6,158.6,21951865,3509665933.95,0.8917394158980005,141.42987136142287
2022-09-27,NTPC,INE733E01010,,159.4,161.65,157.5,159.0,8367800,1333826107.65,0.8917394158980005,141.7865671277821
2022-09-28,NTPC,INE733E01010,,157.8,159.45,155.0,157.95,14261815,2248234822.1,0.8917394158980005,140.85024074108918
2022-09-29,NTPC,INE733E01010,,158.75,161.7,158.0,159.55,17623352,2823239445.15,0.8917394158980005,142.277023806526
2022-09-30,NTPC,INE733E01010,,160.0,161.55,157.4,159.65,12015533,1915750864.25,0.8917394158980005,142.36619774811578
2022-10-03,NTPC,INE733E01010,,159.85,164.1,158.95,160.35,10528629,1704599764.35,0.8917394158980005,142.99041533924438
2022-10-04,NTPC,INE733E01010,,161.95,164.0,161.35,162.55,9013773,1464142959.85,0.8917394158980005,144.95224205422
2022-10-06,NTPC,INE733E01010,,164.25,165.1,162.4,162.9,6456408,1053986317.05,0.8917394158980005,145.2643508497843
2022-10-07,NTPC,INE733E01010,,163.1,164.85,161.35,164.3,8825983,1435683460.7,0.8917394158980005,146.5127860320415
2022-10-10,NTPC,INE733E01010,,162.7,165.6,161.85,163.95,10484521,1717841415.2,0.8917394158980005,146.2006772364772
2022-10-11,NTPC,INE733E01010,,164.4,164.4,160.3,161.05,13805741,2236662481.7,0.8917394158980005,143.614632930373
2022-10-12,NTPC,INE733E01010,,161.9,165.3,161.15,165.0,12496248,2043519271.85,0.8917394158980005,147.1370036231701
2022-10-13,NTPC,INE733E01010,,164.85,166.8,164.25,164.75,9447511,1563267470.3,0.8917394158980005,146.91406876919558
2022-10-14,NTPC,INE733E01010,,166.25,167.5,164.85,165.1,9588164,1594834625.0,0.8917394158980005,147.2261775647599
2022-10-17,NTPC,INE733E01010,,165.1,169.05,164.0,168.45,13426449,2242113367.2,0.8917394158980005,150.21350460801818
2022-10-18,NTPC,INE733E01010,,168.95,169.45,166.4,166.95,20635735,3454119749.05,0.8917394158980005,148.87589548417117
2022-10-19,NTPC,INE733E01010,,166.5,168.1,163.85,164.05,6947654,1150716701.95,0.8917394158980005,146.289851178067
2022-10-20,NTPC,INE733E01010,,164.0,167.9,161.5,166.95,12020720,1972777311.7,0.8917394158980005,148.87589548417117
2022-10-21,NTPC,INE733E01010,,167.5,168.45,164.5,165.05,7414335,1229568255.85,0.8917394158980005,147.181590593965
2022-10-25,NTPC,INE733E01010,,167.45,169.7,165.45,169.35,8131380,1367330998.5,0.8917394158980005,151.0160700823264
2022-10-27,NTPC,INE733E01010,,169.9,171.5,167.55,170.65,16225577,2750448700.9,0.8917394158980005,152.1753313229938
2022-10-28,NTPC,INE733E01010,,170.65,174.7,169.9,174.05,16185760,2805455669.1,0.8917394158980005,155.207245337047
2022-10-31,NTPC,INE733E01010,,169.9,174.0,169.05,173.1,24233760,4168690571.3,0.8917394158980005,154.36009289194388
2022-11-01,NTPC,INE733E01010,,174.0,182.95,173.5,181.8,41101936,7384863372.25,0.8917394158980005,162.11822581025652
2022-11-02,NTPC,INE733E01010,,181.9,182.7,180.0,180.95,22146420,4006002916.9,0.8917394158980005,161.3602473067432
2022-11-03,NTPC,INE733E01010,,179.35,181.85,177.25,178.15,16719953,2987197183.5,0.8917394158980005,158.8633769422288
2022-11-04,NTPC,INE733E01010,,179.05,179.5,176.35,176.95,14881752,2642754995.05,0.8917394158980005,157.79328964315118
2022-11-07,NTPC,INE733E01010,,177.85,179.5,174.85,175.85,12799401,2256393340.65,0.8917394158980005,156.8123762856634
2022-11-09,NTPC,INE733E01010,,177.75,177.75,172.25,173.4,14929008,2591540044.75,0.8917394158980005,154.6276147167133
2022-11-10,NTPC,INE733E01010,,173.5,174.2,170.55,172.1,10668583,1829051518.95,0.8917394158980005,153.46835347604588
2022-11-11,NTPC,INE733E01010,,173.0,173.6,169.65,171.45,16963169,2904040919.6,0.8917394158980005,152.8887228557122
2022-11-14,NTPC,INE733E01010,,172.35,173.4,171.1,171.45,10224241,1758799363.45,0.8917394158980005,152.8887228557122
2022-11-15,NTPC,INE733E01010,,172.3,174.15,171.4,172.1,13899999,2400416320.95,0.8917394158980005,153.46835347604588
2022-11-16,NTPC,INE733E01010,,172.1,172.95,169.15,169.95,9781274,1665696473.45,0.8917394158980005,151.55111373186517
2022-11-17,NTPC,INE733E01010,,169.95,170.8,167.5,168.3,12778124,2156251837.2,0.8917394158980005,150.0797436956335
2022-11-18,NTPC,INE733E01010,,168.55,169.05,165.1,165.85,11134908,1852678008.15,0.8917394158980005,147.89498212668337
2022-11-21,NTPC,INE733E01010,,165.0,166.2,164.15,164.4,12788632,2107586852.05,0.8917394158980005,146.6019599736313
2022-11-22,NTPC,INE733E01010,,165.25,167.5,164.85,167.05,15198091,2524203787.55,0.8917394158980005,148.965069425761
2022-11-23,NTPC,INE733E01010,,167.85,168.25,166.25,168.05,12004998,2011797797.0,0.8917394158980005,149.856808841659
2022-11-24,NTPC,INE733E01010,,168.7,170.0,167.6,169.5,10986350,1853367504.3,0.8917394158980005,151.1498309947111
2022-11-25,NTPC,INE733E01010,,170.25,171.25,168.6,169.75,12358833,2101772372.1,0.8917394158980005,151.3727658486856
2022-11-28,NTPC,INE733E01010,,170.0,171.9,169.4,170.4,5471921,932489045.95,0.8917394158980005,151.9523964690193
2022-11-29,NTPC,INE733E01010,,171.0,171.6,169.05,170.15,7693168,1309720925.6,0.8917394158980005,151.72946161504478
2022-11-30,NTPC,INE733E01010,,170.1,172.85,169.75,172.2,9133076,1567325089.95,0.8917394158980005,153.5575274176357
2022-12-01,NTPC,INE733E01010,,173.5,173.65,170.85,172.2,9214914,1584971094.25,0.8917394158980005,153.5575274176357
2022-12-02,NTPC,INE733E01010,,172.4,172.85,171.15,172.15,6376672,1097270580.85,0.8917394158980005,153.5129404468408
2022-12-05,NTPC,INE733E01010,,173.05,175.65,171.4,175.15,9861212,1717249477.65,0.8917394158980005,156.1881586945348
2022-12-06,NTPC,INE733E01010,,175.6,176.0,173.85,175.2,7008295,1227005409.6,0.8917394158980005,156.23274566532967
2022-12-07,NTPC,INE733E01010,,174.1,175.0,171.3,171.85,7718718,1331860014.8,0.8917394158980005,153.24541862207138
2022-12-08,NTPC,INE733E01010,,171.85,172.45,170.0,170.35,4225180,721703771.15,0.8917394158980005,151.9078094982244
2022-12-09,NTPC,INE733E01010,,171.2,171.75,168.0,169.5,6174919,1048895269.6,0.8917394158980005,151.1498309947111
2022-12-12,NTPC,INE733E01010,,170.0,170.0,167.55,168.9,7153044,1207220897.85,0.8917394158980005,150.6147873451723
2022-12-13,NTPC,INE733E01010,,169.75,170.0,168.05,169.2,5166993,874291443.7,0.8917394158980005,150.8823091699417
2022-12-14,NTPC,INE733E01010,,169.95,173.7,169.45,171.6,8562333,1473465443.4,0.8917394158980005,153.0224837680969
2022-12-15,NTPC,INE733E01010,,172.0,174.05,171.7,172.1,10644546,1835540468.75,0.8917394158980005,153.46835347604588
2022-12-16,NTPC,INE733E01010,,171.9,173.1,169.05,169.8,9433166,1610050784.7,0.8917394158980005,151.4173528194805
2022-12-19,NTPC,INE733E01010,,169.8,172.25,169.5,171.8,7706855,1315697856.7,0.8917394158980005,153.2008316512765
2022-12-20,NTPC,INE733E01010,,171.15,171.45,168.55,169.75,7387632,1250893646.95,0.8917394158980005,151.3727658486856
2022-12-21,NTPC,INE733E01010,,170.0,171.05,166.6,167.95,8454254,1424001303.2,0.8917394158980005,149.76763490006917
2022-12-22,NTPC,INE733E01010,,168.5,168.65,164.55,165.9,6979001,1156523030.85,0.8917394158980005,147.93956909747828
2022-12-23,NTPC,INE733E01010,,164.3,166.35,162.35,163.0,5313321,872306409.15,0.8917394158980005,145.3535247913741
2022-12-26,NTPC,INE733E01010,,162.0,167.75,161.9,165.65,8321609,1380817084.3,0.8917394158980005,147.7166342435038
2022-12-27,NTPC,INE733E01010,,167.0,168.2,164.55,165.2,9244387,1529155431.4,0.8917394158980005,147.31535150634969
2022-12-28,NTPC,INE733E01010,,165.0,167.6,164.8,165.85,9652984,1602094948.75,0.8917394158980005,147.89498212668337
2022-12-29,NTPC,INE733E01010,,165.0,167.4,164.0,166.75,19571340,3242740097.3,0.8917394158980005,148.69754760099158
2022-12-30,NTPC,INE733E01010,,166.75,167.8,166.0,166.45,8626291,1436416379.25,0.8917394158980005,148.43002577622218
2023-01-02,NTPC,INE733E01010,,167.05,168.55,166.4,168.0,7322962,1228671707.55,0.8917394158980005,149.81222187086408
2023-01-03,NTPC,INE733E01010,,168.0,169.2,166.8,167.6,9629995,1617706941.25,0.8917394158980005,149.45552610450488
2023-01-04,NTPC,INE733E01010,,167.85,168.5,164.7,166.6,11995082,1992557862.0,0.8917394158980005,148.56378668860688
2023-01-05,NTPC,INE733E01010,,168.0,170.35,167.15,169.9,18887530,3191069402.95,0.8917394158980005,151.5065267610703
2023-01-06,NTPC,INE733E01010,,170.45,172.15,168.55,169.0,13216749,2251371824.7,0.8917394158980005,150.70396128676208
2023-01-09,NTPC,INE733E01010,,170.25,171.0,169.45,170.4,6012344,1023859924.9,0.8917394158980005,151.9523964690193
2023-01-10,NTPC,INE733E01010,,170.4,170.7,167.15,167.95,7557693,1272710529.65,0.8917394158980005,149.76763490006917
2023-01-11,NTPC,INE733E01010,,168.45,168.8,165.5,166.05,8463293,1406807171.75,0.8917394158980005,148.073330009863
2023-01-12,NTPC,INE733E01010,,166.9,167.2,165.55,165.95,7628932,1268395408.7,0.8917394158980005,147.9841560682732
2023-01-13,NTPC,INE733E01010,,166.2,168.15,165.5,167.8,5090393,849479028.5,0.8917394158980005,149.6338739876845
2023-01-16,NTPC,INE733E01010,,168.65,168.65,164.65,165.95,10321015,1710976345.9,0.8917394158980005,147.9841560682732
2023-01-17,NTPC,INE733E01010,,166.6,168.2,165.8,167.7,13015434,2174538900.5,0.8917394158980005,149.54470004609468
2023-01-18,NTPC,INE733E01010,,167.5,169.7,167.1,169.45,5536057,931449364.25,0.8917394158980005,151.10524402391619
2023-01-19,NTPC,INE733E01010,,170.4,170.4,167.3,168.7,6812613,1148846909.8,0.8917394158980005,150.43643946199268
2023-01-20,NTPC,INE733E01010,,169.9,169.9,167.65,168.7,8545359,1440704026.8,0.8917394158980005,150.43643946199268
2023-01-23,NTPC,INE733E01010,,169.4,169.5,166.0,166.85,7787735,1300300210.05,0.8917394158980005,148.78672154258138
2023-01-24,NTPC,INE733E01010,,167.2,167.55,165.4,166.05,7033092,1168603346.9,0.8917394158980005,148.073330009863
2023-01-25,NTPC,INE733E01010,,166.0,166.6,164.4,165.9,9257370,1531810747.65,0.8917394158980005,147.93956909747828
2023-01-27,NTPC,INE733E01010,,166.25,167.05,164.0,166.3,13756671,2277585578.8,0.8917394158980005,148.2962648638375
2023-01-30,NTPC,INE733E01010,,167.6,172.25,167.1,168.85,30768122,5213168339.95,0.8917394158980005,150.57020037437738
2023-01-31,NTPC,INE733E01010,,169.85,172.65,167.35,171.15,24990701,4260185012.9,0.8917394158980005,152.62120103094279
2023-02-01,NTPC,INE733E01010,,172.25,173.8,167.2,170.0,13878016,2378421840.25,0.8917394158980005,151.59570070266008
2023-02-02,NTPC,INE733E01010,,170.0,170.85,165.5,166.9,19898080,3317597856.2,0.8917394158980005,148.83130851337629
2023-02-03,NTPC,INE733E01010,,164.5,166.45,162.55,165.55,11730514,1928141223.15,0.915040322861213,151.48492544967382
2023-02-06,NTPC,INE733E01010,,164.5,166.85,164.05,166.05,7588936,1258470312.75,0.915040322861213,151.94244561110443
2023-02-07,NTPC,INE733E01010,,166.5,167.7,164.3,165.25,8699758,1440121941.35,0.915040322861213,151.21041335281544
2023-02-08,NTPC,INE733E01010,,165.6,165.75,164.1,165.5,8839686,1459212899.8,0.915040322861213,151.43917343353075
2023-02-09,NTPC,INE733E01010,,165.95,166.65,164.65,166.0,5507650,913892708.6,0.915040322861213,151.89669359496136
2023-02-10,NTPC,INE733E01010,,165.1,165.8,164.1,165.0,9468345,1560620249.85,0.915040322861213,150.98165327210015
2023-02-13,NTPC,INE733E01010,,165.1,168.2,164.8,167.85,9829152,1638221414.25,0.915040322861213,153.5895181922546
2023-02-14,NTPC,INE733E01010,,168.5,168.5,164.85,166.05,12916373,2141852290.85,0.915040322861213,151.94244561110443
2023-02-15,NTPC,INE733E01010,,166.0,166.5,164.2,165.8,11855678,1960460163.85,0.915040322861213,151.7136855303891
2023-02-16,NTPC,INE733E01010,,166.0,167.7,165.6,167.4,7923121,1319991874.9,0.915040322861213,153.17775004696705
2023-02-17,NTPC,INE733E01010,,167.0,169.65,166.45,168.05,10182025,1716534443.2,0.915040322861213,153.77252625682684
2023-02-20,NTPC,INE733E01010,,167.7,170.0,167.25,167.9,6679716,1125852630.4,0.915040322861213,153.63527020839766
2023-02-21,NTPC,INE733E01010,,169.05,174.25,169.05,173.25,26883881,4638864180.25,0.915040322861213,158.53073593570514
2023-02-22,NTPC,INE733E01010,,172.95,173.2,168.5,170.5,12225021,2082156270.6,0.915040322861213,156.0143750478368
2023-02-23,NTPC,INE733E01010,,170.95,171.65,169.0,169.6,11184381,1904802946.0,0.915040322861213,155.1908387572617
2023-02-24,NTPC,INE733E01010,,170.25,171.2,169.4,171.0,8338893,1421933991.95,0.915040322861213,156.47189520926742
2023-02-27,NTPC,INE733E01010,,171.15,173.5,170.5,172.4,17669762,3043052163.95,0.915040322861213,157.75295166127313
2023-02-28,NTPC,INE733E01010,,172.8,173.0,169.85,170.5,19044910,3260084416.85,0.915040322861213,156.0143750478368
2023-03-01,NTPC,INE733E01010,,170.95,173.05,169.95,172.25,9318790,1596241631.65,0.915040322861213,157.61569561284392
2023-03-02,NTPC,INE733E01010,,172.2,172.2,170.25,170.8,7725981,1320523308.9,0.915040322861213,156.2888871446952
2023-03-03,NTPC,INE733E01010,,172.0,175.0,171.5,172.6,12962719,2246964346.0,0.915040322861213,157.93595972584535
2023-03-06,NTPC,INE733E01010,,172.9,177.5,172.7,176.8,12402804,2186131102.2,0.915040322861213,161.77912908186246
2023-03-08,NTPC,INE733E01010,,175.7,179.15,175.45,178.85,22099710,3938694806.1,0.915040322861213,163.65496174372794
2023-03-09,NTPC,INE733E01010,,178.4,182.2,178.0,179.45,18874546,3412947160.1,0.915040322861213,164.20398593744466
2023-03-10,NTPC,INE733E01010,,178.0,181.0,177.8,180.75,12399692,2233927840.1,0.915040322861213,165.39353835716423
2023-03-13,NTPC,INE733E01010,,181.3,181.55,179.45,179.7,13669178,2465722304.9,0.915040322861213,164.43274601815995
2023-03-14,NTPC,INE733E01010,,178.65,181.0,177.2,177.9,9217542,1650736032.35,0.915040322861213,162.7856734370098
2023-03-15,NTPC,INE733E01010,,179.45,179.55,177.75,178.2,8548173,1527958090.25,0.915040322861213,163.06018553386815
2023-03-16,NTPC,INE733E01010,,178.2,180.0,176.95,179.6,9405016,1679192583.75,0.915040322861213,164.34124198587384
2023-03-17,NTPC,INE733E01010,,181.7,181.7,175.9,176.95,47276890,8420452960.65,0.915040322861213,161.91638513029162
2023-03-20,NTPC,INE733E01010,,177.55,177.55,174.95,176.0,5627841,989900486.15,0.915040322861213,161.04709682357347
2023-03-21,NTPC,INE733E01010,,176.85,177.55,175.3,177.1,12894327,2277183367.15,0.915040322861213,162.0536411787208
2023-03-22,NTPC,INE733E01010,,177.8,177.8,173.8,174.35,7893205,1381670536.95,0.915040322861213,159.53728029085246
2023-03-23,NTPC,INE733E01010,,174.05,175.85,173.7,174.6,5759884,1007142937.45,0.915040322861213,159.76604037156778
2023-03-24,NTPC,INE733E01010,,175.2,175.2,172.35,172.7,4977283,863381299.15,0.915040322861213,158.02746375813146
2023-03-27,NTPC,INE733E01010,,172.65,173.95,170.7,171.25,12077986,2073362952.7,0.915040322861213,156.7006552899827
2023-03-28,NTPC,INE733E01010,,171.35,173.0,170.5,172.0,8750986,1503644805.2,0.915040322861213,157.38693553212863
2023-03-29,NTPC,INE733E01010,,172.65,175.4,171.7,174.0,20272070,3514937676.0,0.915040322861213,159.21701617785106
2023-03-31,NTPC,INE733E01010,,174.8,177.25,174.6,175.1,8125121,1429937379.1,0.915040322861213,160.2235605329984
2023-04-03,NTPC,INE733E01010,,175.6,178.1,175.45,177.8,9098662,1614428265.7,0.915040322861213,162.69416940472368
2023-04-05,NTPC,INE733E01010,,178.3,178.3,175.15,175.9,10829323,1908081237.3,0.915040322861213,160.95559279128736
2023-04-06,NTPC,INE733E01010,,176.4,176.6,174.85,175.2,7159274,1257279966.0,0.915040322861213,160.3150645652845
2023-04-10,NTPC,INE733E01010,,175.85,178.0,175.2,177.6,10968456,1941883275.95,0.915040322861213,162.5111613401514
2023-04-11,NTPC,INE733E01010,,178.1,179.75,176.55,178.1,9208605,1639979551.05,0.915040322861213,162.968681501582
2023-04-12,NTPC,INE733E01010,,178.0,178.3,175.3,175.8,7591360,1338347592.7,0.915040322861213,160.86408875900125
2023-04-13,NTPC,INE733E01010,,176.0,176.1,172.3,173.05,9944382,1723986220.05,0.915040322861213,158.34772787113292
2023-04-17,NTPC,INE733E01010,,172.35,173.95,169.25,169.6,17401126,2967290535.55,0.915040322861213,155.1908387572617
2023-04-18,NTPC,INE733E01010,,170.0,170.75,169.0,170.1,16199789,2753434609.1,0.915040322861213,155.6483589186923
2023-04-19,NTPC,INE733E01010,,168.75,169.95,166.8,167.1,16314641,2738886945.3,0.915040322861213,152.9032379501087
2023-04-20,NTPC,INE733E01010,,167.1,170.2,166.8,169.7,15498083,2622492203.9,0.915040322861213,155.28234278954784
2023-04-21,NTPC,INE733E01010,,169.65,169.95,168.4,169.7,6672391,1128458851.8,0.915040322861213,155.28234278954784
2023-04-24,NTPC,INE733E01010,,168.5,171.25,168.2,170.95,8088991,1377417951.45,0.915040322861213,156.42614319312435
2023-04-25,NTPC,INE733E01010,,171.3,172.45,170.35,171.1,9175412,1573956822.65,0.915040322861213,156.56339924155353
2023-04-26,NTPC,INE733E01010,,171.1,171.7,169.5,169.85,9032416,1535568706.15,0.915040322861213,155.41959883797702
2023-04-27,NTPC,INE733E01010,,170.0,171.35,168.8,170.95,9054900,1540734214.15,0.915040322861213,156.42614319312435
2023-04-28,NTPC,INE733E01010,,171.9,172.5,169.6,172.0,21552892,3686927480.55,0.915040322861213,157.38693553212863
2023-05-02,NTPC,INE733E01010,,172.65,176.0,172.55,175.6,8893428,1551605755.3,0.915040322861213,160.681080694429
2023-05-03,NTPC,INE733E01010,,175.6,178.65,175.1,176.35,11194149,1979359532.65,0.915040322861213,161.3673609365749
2023-05-04,NTPC,INE733E01010,,176.45,177.45,174.8,176.35,4671155,822369202.25,0.915040322861213,161.3673609365749
2023-05-05,NTPC,INE733E01010,,176.35,176.4,173.0,174.25,5958697,1038163200.1,0.915040322861213,159.44577625856635
2023-05-08,NTPC,INE733E01010,,174.8,177.55,174.5,177.05,6287186,1110797495.5,0.915040322861213,162.00788916257775
2023-05-09,NTPC,INE733E01010,,177.2,178.65,175.2,176.0,7918748,1402322929.5,0.915040322861213,161.04709682357347
2023-05-10,NTPC,INE733E01010,,176.0,177.35,174.95,177.05,6231734,1098198886.25,0.915040322861213,162.00788916257775
2023-05-11,NTPC,INE733E01010,,177.6,180.0,176.95,179.55,12125975,2174083405.45,0.915040322861213,164.2954899697308
2023-05-12,NTPC,INE733E01010,,179.1,179.25,174.5,174.95,8920297,1568653926.5,0.915040322861213,160.08630448456918
2023-05-15,NTPC,INE733E01010,,174.0,176.75,173.85,175.95,7980565,1401884301.65,0.915040322861213,161.0013448074304
2023-05-16,NTPC,INE733E01010,,176.9,178.0,175.5,177.45,7874923,1393547576.45,0.915040322861213,162.37390529172222
2023-05-17,NTPC,INE733E01010,,177.45,177.85,175.05,176.0,6639494,1169735402.35,0.915040322861213,161.04709682357347
2023-05-18,NTPC,INE733E01010,,177.0,177.7,174.65,175.1,6921939,1221793737.65,0.915040322861213,160.2235605329984
2023-05-19,NTPC,INE733E01010,,175.0,175.35,172.95,173.3,6657753,1157554446.7,0.915040322861213,158.5764879518482
2023-05-22,NTPC,INE733E01010,,173.3,177.05,173.15,174.1,13339834,2336571110.65,0.915040322861213,159.30852021013717
2023-05-23,NTPC,INE733E01010,,174.95,175.65,172.8,174.15,8359389,1459018189.3,0.915040322861213,159.35427222628024
2023-05-24,NTPC,INE733E01010,,174.0,175.3,173.45,174.95,8507023,1486419762.5,0.915040322861213,160.08630448456918
2023-05-25,NTPC,INE733E01010,,174.95,175.55,173.4,174.5,7986243,1392778808.6,0.915040322861213,159.67453633928167
2023-05-26,NTPC,INE733E01010,,175.0,177.25,174.1,174.5,6926193,1212603722.8,0.915040322861213,159.67453633928167
2023-05-29,NTPC,INE733E01010,,174.95,177.8,174.8,176.3,9943211,1754363411.8,0.915040322861213,161.32160892043186
2023-05-30,NTPC,INE733E01010,,177.0,178.0,175.6,176.8,9727639,1719069837.85,0.915040322861213,161.77912908186246
2023-05-31,NTPC,INE733E01010,,177.0,177.0,171.95,173.85,41785992,7264452356.65,0.915040322861213,159.07976012942186
2023-06-01,NTPC,INE733E01010,,173.6,174.7,171.85,174.4,11602551,2014593946.3,0.915040322861213,159.58303230699553
2023-06-02,NTPC,INE733E01010,,175.9,175.9,173.4,174.55,7262018,1266971509.2,0.915040322861213,159.72028835542474
2023-06-05,NTPC,INE733E01010,,175.8,176.2,173.55,174.1,12239684,2137079209.55,0.915040322861213,159.30852021013717
2023-06-06,NTPC,INE733E01010,,174.5,175.75,173.55,175.4,4889564,855154235.45,0.915040322861213,160.49807262985675
2023-06-07,NTPC,INE733E01010,,175.95,178.0,175.4,177.35,6270083,1106556351.7,0.915040322861213,162.2824012594361
2023-06-08,NTPC,INE733E01010,,178.75,184.35,178.1,182.05,27382635,4997608615.05,0.915040322861213,166.58309077688384
2023-06-09,NTPC,INE733E01010,,184.0,184.25,180.55,182.8,10235269,1864448519.35,0.915040322861213,167.26937101902973
2023-06-12,NTPC,INE733E01010,,182.8,186.45,182.65,185.7,17450400,3233595779.45,0.915040322861213,169.92298795532724
2023-06-13,NTPC,INE733E01010,,186.0,186.65,185.0,185.35,8332566,1547365275.85,0.915040322861213,169.60272384232582
2023-06-14,NTPC,INE733E01010,,185.35,188.4,185.35,187.2,15061573,2821758267.4,0.915040322861213,171.29554843961904
2023-06-15,NTPC,INE733E01010,,187.0,187.3,185.35,186.7,9840499,1835725791.45,0.915040322861213,170.83802827818846
2023-06-16,NTPC,INE733E01010,,186.9,188.7,186.05,188.2,8562558,1608613049.1,0.915040322861213,172.21058876248026
2023-06-19,NTPC,INE733E01010,,188.2,188.2,185.2,185.85,5363723,998246336.35,0.915040322861213,170.06024400375642
2023-06-20,NTPC,INE733E01010,,186.0,188.0,184.55,187.5,6035600,1125643229.55,0.915040322861213,171.57006053647743
2023-06-21,NTPC,INE733E01010,,187.5,188.7,186.5,187.5,5906854,1107488673.15,0.915040322861213,171.57006053647743
2023-06-22,NTPC,INE733E01010,,187.5,187.95,183.35,184.5,6683123,1236903329.6,0.915040322861213,168.82493956789378
2023-06-23,NTPC,INE733E01010,,184.55,187.5,183.75,186.7,15255365,2846825067.2,0.915040322861213,170.83802827818846
2023-06-26,NTPC,INE733E01010,,187.4,187.4,184.45,184.9,7231775,1338523979.8,0.915040322861213,169.19095569703828
2023-06-27,NTPC,INE733E01010,,184.9,186.95,184.8,186.05,6787438,1262824528.6,0.915040322861213,170.24325206832867
2023-06-28,NTPC,INE733E01010,,186.05,190.6,185.3,189.1,32476741,6132725298.25,0.915040322861213,173.03412505305536
2023-06-30,NTPC,INE733E01010,,188.1,191.65,188.0,189.15,9579059,1814198411.5,0.915040322861213,173.07987706919843
2023-07-03,NTPC,INE733E01010,,190.0,192.6,188.7,191.25,7352149,1402679437.85,0.915040322861213,175.00146174720697
2023-07-04,NTPC,INE733E01010,,191.1,194.8,189.0,194.05,13258826,2558972965.85,0.915040322861213,177.56357465121837
2023-07-05,NTPC,INE733E01010,,194.0,194.75,192.35,193.4,6558910,1270933496.6,0.915040322861213,176.9687984413586
2023-07-06,NTPC,INE733E01010,,193.5,197.15,192.75,196.75,16276609,3190419894.7,0.915040322861213,180.03418352294364
2023-07-07,NTPC,INE733E01010,,196.75,197.75,192.15,192.6,12652336,2457407535.85,0.915040322861213,176.23676618306962
2023-07-10,NTPC,INE733E01010,,192.65,193.35,189.8,191.55,10238356,1957005252.4,0.915040322861213,175.27597384406536
2023-07-11,NTPC,INE733E01010,,192.65,192.95,190.8,192.4,11236383,2154769536.1,0.915040322861213,176.05375811849737
2023-07-12,NTPC,INE733E01010,,193.75,194.75,190.25,190.8,9191559,1767307963.0,0.915040322861213,174.58969360191944
2023-07-13,NTPC,INE733E01010,,191.8,191.8,186.95,187.9,10612659,2004714487.1,0.915040322861213,171.93607666562193
2023-07-14,NTPC,INE733E01010,,187.95,188.35,184.75,187.45,12369394,2303053879.6,0.915040322861213,171.52430852033436
2023-07-17,NTPC,INE733E01010,,188.45,188.95,185.8,186.5,9058800,1694789893.2,0.915040322861213,170.6550202136162
2023-07-18,NTPC,INE733E01010,,187.0,189.15,186.3,187.35,7177677,1347011294.95,0.915040322861213,171.43280448804825
2023-07-19,NTPC,INE733E01010,,191.0,196.6,190.2,192.55,31761232,6168739966.6,0.915040322861213,176.19101416692658
2023-07-20,NTPC,INE733E01010,,192.7,194.25,191.85,192.9,8936996,1721802511.65,0.915040322861213,176.51127827992798
2023-07-21,NTPC,INE733E01010,,192.8,196.35,192.1,195.1,11031250,2145577592.1,0.915040322861213,178.52436699022263
2023-07-24,NTPC,INE733E01010,,195.5,197.0,192.95,195.9,9981788,1947460194.5,0.915040322861213,179.25639924851163
2023-07-25,NTPC,INE733E01010,,196.5,201.35,195.9,200.65,18028061,3603625200.65,0.915040322861213,183.6028407821024
2023-07-26,NTPC,INE733E01010,,201.5,202.15,200.0,201.6,13857423,2787489113.75,0.915040322861213,184.47212908882054
2023-07-27,NTPC,INE733E01010,,201.75,203.0,200.6,201.95,16013422,3231365046.95,0.915040322861213,184.79239320182194
2023-07-28,NTPC,INE733E01010,,201.85,210.45,199.5,210.0,39630520,8238050806.15,0.915040322861213,192.1584678008547
2023-07-31,NTPC,INE733E01010,,212.2,218.95,209.65,218.35,43494779,9403492396.5,0.915040322861213,199.79905449674584
2023-08-01,NTPC,INE733E01010,,219.55,226.65,218.85,225.15,63510580,14234260261.05,0.915040322861213,206.0213286922021
2023-08-02,NTPC,INE733E01010,,225.05,225.15,216.85,219.1,22647784,4976990787.4,0.915040322861213,200.48533473889177
2023-08-03,NTPC,INE733E01010,,219.1,223.6,217.95,220.1,29868065,6613054243.75,0.915040322861213,201.40037506175295
2023-08-04,NTPC,INE733E01010,,221.7,222.2,217.6,217.95,12879897,2832047198.45,0.915040322861213,199.43303836760134
2023-08-07,NTPC,INE733E01010,,219.7,221.35,217.65,217.95,12929354,2832664645.75,0.915040322861213,199.43303836760134
2023-08-08,NTPC,INE733E01010,,220.3,220.4,214.0,217.55,15314866,3322143013.2,0.915040322861213,199.0670222384569
2023-08-09,NTPC,INE733E01010,,218.45,219.7,216.45,218.7,12554174,2736266433.55,0.915040322861213,200.11931860974727
2023-08-10,NTPC,INE733E01010,,219.2,220.85,216.5,217.4,10970619,2394818993.5,0.915040322861213,198.9297661900277
2023-08-11,NTPC,INE733E01010,,214.9,216.5,212.65,213.0,7970536,1708075570.7,0.9278440587221441,197.6307845078167
2023-08-14,NTPC,INE733E01010,,213.3,214.0,211.8,213.0,9283695,1977108515.0,0.9278440587221441,197.6307845078167
2023-08-16,NTPC,INE733E01010,,212.95,217.95,212.05,217.45,9687712,2088658863.75,0.9278440587221441,201.75969056913024
2023-08-17,NTPC,INE733E01010,,219.45,219.8,215.15,215.75,11865239,2571741925.15,0.9278440587221441,200.1823556693026
2023-08-18,NTPC,INE733E01010,,215.8,216.65,213.3,215.15,14101163,3032873887.8,0.9278440587221441,199.62564923406933
2023-08-21,NTPC,INE733E01010,,217.2,219.55,215.7,218.8,13336739,2905840027.8,0.9278440587221441,203.01228004840516
2023-08-22,NTPC,INE733E01010,,219.25,222.3,218.85,221.7,16930149,3748490547.1,0.9278440587221441,205.70302781869935
2023-08-23,NTPC,INE733E01010,,222.9,222.9,221.05,221.7,13507905,2997856581.45,0.9278440587221441,205.70302781869935
2023-08-24,NTPC,INE733E01010,,222.0,222.4,219.65,220.85,11182959,2469986794.4,0.9278440587221441,204.91436036878554
2023-08-25,NTPC,INE733E01010,,221.85,221.85,217.2,217.9,7413549,1620928860.2,0.9278440587221441,202.17722039555522
2023-08-28,NTPC,INE733E01010,,217.9,219.3,217.2,218.7,4851793,1059558140.3,0.9278440587221441,202.91949564253292
2023-08-29,NTPC,INE733E01010,,219.2,221.75,218.25,221.1,8799235,1942904383.65,0.9278440587221441,205.14632138346607
2023-08-30,NTPC,INE733E01010,,222.0,222.0,219.75,220.4,5490930,1212165031.85,0.9278440587221441,204.49683054236058
2023-08-31,NTPC,INE733E01010,,221.65,221.65,218.75,220.3,18532999,4087244975.4,0.9278440587221441,204.40404613648838
2023-09-01,NTPC,INE733E01010,,217.85,231.65,216.15,230.7,29859815,6775287087.25,0.9278440587221441,214.05362434719865
2023-09-04,NTPC,INE733E01010,,233.7,236.5,230.5,235.8,21895573,5122458468.15,0.9278440587221441,218.7856290466816
2023-09-05,NTPC,INE733E01010,,236.9,236.9,231.7,234.6,13952922,3265125314.4,0.9278440587221441,217.67221617621502
2023-09-06,NTPC,INE733E01010,,235.5,235.85,228.4,231.9,14623019,3378228543.8,0.9278440587221441,215.16703721766524
2023-09-07,NTPC,INE733E01010,,233.0,238.0,229.35,234.1,30334731,7081758399.4,0.9278440587221441,217.20829414685394
2023-09-08,NTPC,INE733E01010,,236.0,243.6,235.0,240.25,28856420,6945957115.8,0.9278440587221441,222.91453510799514
2023-09-11,NTPC,INE733E01010,,243.6,243.9,238.15,243.1,22493483,5446049563.25,0.9278440587221441,225.55889067535324
2023-09-12,NTPC,INE733E01010,,244.2,244.95,234.1,235.1,21174310,5040924859.2,0.9278440587221441,218.1361382055761
2023-09-13,NTPC,INE733E01010,,236.1,238.45,233.15,237.15,9151928,2163514536.35,0.9278440587221441,220.0382185259565
2023-09-14,NTPC,INE733E01010,,237.95,239.2,235.95,237.95,7568464,1797445007.5,0.9278440587221441,220.7804937729342
2023-09-15,NTPC,INE733E01010,,235.6,239.3,235.6,236.2,14098284,3334679173.2,0.9278440587221441,219.15676667017044
2023-09-18,NTPC,INE733E01010,,237.0,242.15,236.05,241.2,11163399,2678671013.6,0.9278440587221441,223.79598696378116
2023-09-20,NTPC,INE733E01010,,241.5,246.0,240.35,241.75,18936709,4604940849.1,0.9278440587221441,224.30630119607835
2023-09-21,NTPC,INE733E01010,,240.05,242.9,237.1,238.95,10134737,2425928390.65,0.9278440587221441,221.70833783165634
2023-09-22,NTPC,INE733E01010,,238.6,239.3,236.0,237.95,7209300,1714319925.35,0.9278440587221441,220.7804937729342
2023-09-25,NTPC,INE733E01010,,239.15,240.25,237.15,239.65,8027642,1915421392.4,0.9278440587221441,222.35782867276185
2023-09-26,NTPC,INE733E01010,,239.75,243.2,239.05,240.2,10681642,2580138270.9,0.9278440587221441,222.86814290505902
2023-09-27,NTPC,INE733E01010,,239.9,240.5,237.85,239.3,9679279,2313452249.25,0.9278440587221441,222.0330832522091
2023-09-28,NTPC,INE733E01010,,239.6,241.2,235.65,237.05,32887087,7815985364.95,0.9278440587221441,219.9454341200843
2023-09-29,NTPC,INE733E01010,,239.55,251.5,239.5,245.55,35038887,8646260731.8,0.9278440587221441,227.8321086192225
2023-10-03,NTPC,INE733E01010,,244.35,246.7,240.55,241.2,14885044,3620960447.8,0.9278440587221441,223.79598696378116
2023-10-04,NTPC,INE733E01010,,241.0,241.0,231.5,235.15,25424437,5991004090.2,0.9278440587221441,218.1825304085122
2023-10-05,NTPC,INE733E01010,,237.25,237.4,232.05,233.85,22472389,5247635326.2,0.9278440587221441,216.9763331321734
2023-10-06,NTPC,INE733E01010,,234.25,237.5,233.65,235.55,8825123,2078233814.7,0.9278440587221441,218.55366803200107
2023-10-09,NTPC,INE733E01010,,233.85,236.3,230.5,234.7,10659145,2491607062.25,0.9278440587221441,217.76500058208723
2023-10-10,NTPC,INE733E01010,,234.9,236.85,233.75,235.9,11665907,2745130400.6,0.9278440587221441,218.87841345255381
2023-10-11,NTPC,INE733E01010,,236.25,239.7,236.0,238.7,14313043,3411783834.25,0.9278440587221441,221.4763768169758
2023-10-12,NTPC,INE733E01010,,238.95,242.75,238.6,241.6,13170027,3182209354.15,0.9278440587221441,224.16712458727002
2023-10-13,NTPC,INE733E01010,,240.55,243.8,239.6,242.05,11880728,2878239656.8,0.9278440587221441,224.584654413695
2023-10-16,NTPC,INE733E01010,,242.85,245.0,241.0,243.45,6936948,1689922661.85,0.9278440587221441,225.88363609590598
2023-10-17,NTPC,INE733E01010,,244.85,247.2,243.3,245.95,10084205,2477472094.2,0.9278440587221441,228.20324624271134
2023-10-18,NTPC,INE733E01010,,245.9,246.8,241.6,242.0,6987265,1700950089.5,0.9278440587221441,224.5382622107589
2023-10-19,NTPC,INE733E01010,,240.2,241.8,238.5,239.5,11485237,2759384894.45,0.9278440587221441,222.21865206395353
2023-10-20,NTPC,INE733E01010,,238.95,242.15,237.55,241.0,9040953,2165986054.5,0.9278440587221441,223.61041815203674
2023-10-23,NTPC,INE733E01010,,240.8,240.9,235.0,236.55,7058625,1677742916.55,0.9278440587221441,219.48151209072321
2023-10-25,NTPC,INE733E01010,,236.0,236.3,228.35,232.05,23949207,5557824091.7,0.9278440587221441,215.30621382647357
2023-10-26,NTPC,INE733E01010,,230.85,233.3,227.75,231.65,17410264,4014183378.25,0.9278440587221441,214.9350762029847
2023-10-27,NTPC,INE733E01010,,232.0,238.45,232.0,236.6,10519462,2485233561.9,0.9278440587221441,219.5279042936593
2023-10-30,NTPC,INE733E01010,,237.45,238.4,230.65,234.6,8812268,2061813457.0,0.9278440587221441,217.67221617621502
2023-10-31,NTPC,INE733E01010,,234.5,237.2,233.55,235.8,6583581,1550412483.75,0.9278440587221441,218.7856290466816
2023-11-01,NTPC,INE733E01010,,236.7,236.7,232.1,232.6,6718059,1571210957.35,0.9278440587221441,215.81652805877073
2023-11-02,NTPC,INE733E01010,,234.2,235.7,233.75,235.25,6057787,1423438166.3,0.9278440587221441,218.27531481438442
2023-11-03,NTPC,INE733E01010,,233.3,235.25,233.3,234.35,6825146,1600230745.65,0.9368039262419932,219.54000011481108
2023-11-06,NTPC,INE733E01010,,235.35,237.2,234.55,235.85,5338605,1261897048.1,0.9368039262419932,220.94520600417408
2023-11-07,NTPC,INE733E01010,,236.3,239.55,235.2,239.15,7002346,1667729023.75,0.9368039262419932,224.03665896077266
2023-11-08,NTPC,INE733E01010,,239.85,240.9,235.95,236.7,9777991,2320154366.65,0.9368039262419932,221.74148934147976
2023-11-09,NTPC,INE733E01010,,237.2,239.7,236.0,237.95,13987058,3328693258.75,0.9368039262419932,222.91249424928225
2023-11-10,NTPC,INE733E01010,,237.85,243.25,235.8,242.75,9589671,2307664339.8,0.9368039262419932,227.40915309524385
2023-11-13,NTPC,INE733E01010,,244.95,250.6,243.3,245.7,18792969,4659016083.3,0.9368039262419932,230.1727246776577
2023-11-15,NTPC,INE733E01010,,248.95,248.95,245.95,247.3,10965645,2712320389.0,0.9368039262419932,231.6716109596449
2023-11-16,NTPC,INE733E01010,,248.8,254.25,247.65,252.35,22145147,5583177637.6,0.9368039262419932,236.40247078716698
2023-11-17,NTPC,INE733E01010,,253.0,253.1,251.0,251.6,5618928,1415181116.4,0.9368039262419932,235.69986784248547
2023-11-20,NTPC,INE733E01010,,251.0,255.4,250.3,251.05,6283832,1586904234.45,0.9368039262419932,235.1846256830524
2023-11-21,NTPC,INE733E01010,,252.6,252.8,247.3,250.0,6851869,1711925713.65,0.9368039262419932,234.2009815604983
2023-11-22,NTPC,INE733E01010,,250.8,254.0,249.35,253.65,5275418,1330328624.05,0.9368039262419932,237.62031589128156
2023-11-23,NTPC,INE733E01010,,254.0,255.7,251.7,252.75,8200025,2077531908.25,0.9368039262419932,236.77719235766378
2023-11-24,NTPC,INE733E01010,,253.3,256.85,253.0,253.9,7149443,1822733017.15,0.9368039262419932,237.85451687284205
2023-11-28,NTPC,INE733E01010,,254.85,258.3,253.65,257.55,6151585,1575532863.45,0.9368039262419932,241.27385120362536
2023-11-29,NTPC,INE733E01010,,259.55,259.55,256.1,258.4,8637363,2227827782.35,0.9368039262419932,242.070134540931
2023-11-30,NTPC,INE733E01010,,257.95,261.65,256.0,261.3,21687673,5633696607.4,0.9368039262419932,244.78686592703284
2023-12-01,NTPC,INE733E01010,,262.35,275.45,261.75,268.95,29121320,7889472596.65,0.9368039262419932,251.95341596278405
2023-12-04,NTPC,INE733E01010,,276.0,279.0,273.25,274.8,20464526,5641738576.05,0.9368039262419932,257.4337189312997
2023-12-05,NTPC,INE733E01010,,275.2,286.55,272.8,285.45,18883076,5295398657.8,0.9368039262419932,267.4106807457769
2023-12-06,NTPC,INE733E01010,,288.0,288.25,278.95,281.1,13415314,3785443111.2,0.9368039262419932,263.3355836666243
2023-12-07,NTPC,INE733E01010,,281.85,288.25,281.3,283.8,25133786,7129464579.05,0.9368039262419932,265.8649542674777
2023-12-08,NTPC,INE733E01010,,286.45,291.9,281.0,285.05,20815064,5960447462.95,0.9368039262419932,267.03595917528014
2023-12-11,NTPC,INE733E01010,,286.05,288.5,284.4,287.3,8071675,2311775368.45,0.9368039262419932,269.1437680093246
2023-12-12,NTPC,INE733E01010,,287.45,288.6,280.85,283.4,8640883,2456033249.5,0.9368039262419932,265.49023269698085
2023-12-13,NTPC,INE733E01010,,284.75,294.9,284.5,294.05,23629670,6878103399.2,0.9368039262419932,275.4671945114581
2023-12-14,NTPC,INE733E01010,,297.75,298.5,293.6,295.4,24900443,7363732584.5,0.9368039262419932,276.73187981188477
2023-12-15,NTPC,INE733E01010,,298.0,307.0,295.0,305.1,28843558,8672451123.6,0.9368039262419932,285.8188778964321
2023-12-18,NTPC,INE733E01010,,306.0,306.55,301.75,303.2,13307504,4042419292.6,0.9368039262419932,284.0389504365723
2023-12-19,NTPC,INE733E01010,,305.0,312.5,302.5,309.65,15650536,4828907673.15,0.9368039262419932,290.08133576083316
2023-12-20,NTPC,INE733E01010,,312.5,313.35,295.15,297.65,23497233,7191090988.8,0.9368039262419932,278.83968864592924
2023-12-21,NTPC,INE733E01010,,295.8,303.15,293.2,301.95,17868637,5344062072.35,0.9368039262419932,282.86794552876984
2023-12-22,NTPC,INE733E01010,,304.0,308.95,299.6,302.8,15207726,4628382032.9,0.9368039262419932,283.6642288660755
2023-12-26,NTPC,INE733E01010,,306.45,310.7,304.6,309.6,9917180,3060004325.95,0.9368039262419932,290.0344955645211
2023-12-27,NTPC,INE733E01010,,311.6,312.25,303.55,306.05,12630732,3874125345.35,0.9368039262419932,286.708841626362
2023-12-28,NTPC,INE733E01010,,309.1,315.5,307.75,313.9,37591916,11767920267.65,0.9368039262419932,294.0627524473616
2023-12-29,NTPC,INE733E01010,,314.35,314.35,308.15,311.15,12682889,3943150099.4,0.9368039262419932,291.48654165019616
2024-01-01,NTPC,INE733E01010,NTPC LTD,312.0,313.3,307.8,309.75,8024960,2491201637.1,0.9368039262419932,290.17501615345736
2024-01-02,NTPC,INE733E01010,NTPC LTD,310.8,310.8,302.05,306.0,13506040,4133078864.0,0.9368039262419932,286.6620014300499
2024-01-03,NTPC,INE733E01010,NTPC LTD,307.2,308.0,303.3,306.2,14259987,4359520690.65,0.9368039262419932,286.8493622152983
2024-01-04,NTPC,INE733E01010,NTPC LTD,310.9,321.75,308.6,317.1,40057506,12707983067.25,0.9368039262419932,297.06052501133604
2024-01-05,NTPC,INE733E01010,NTPC LTD,322.9,325.65,312.7,314.95,27456415,8742562237.65,0.9368039262419932,295.0463965699157
2024-01-08,NTPC,INE733E01010,NTPC LTD,316.45,318.35,312.6,316.45,10136462,3204648038.9,0.9368039262419932,296.4516024592787
2024-01-09,NTPC,INE733E01010,NTPC LTD,317.85,321.45,316.05,319.75,12229517,3900873089.4,0.9368039262419932,299.5430554158773
2024-01-10,NTPC,INE733E01010,NTPC LTD,319.65,319.75,308.0,313.35,14455000,4507711517.4,0.9368039262419932,293.54751028792856
2024-01-11,NTPC,INE733E01010,NTPC LTD,314.95,317.3,312.35,312.9,10316319,3243066161.5,0.9368039262419932,293.12594852111965
2024-01-12,NTPC,INE733E01010,NTPC LTD,315.2,315.3,309.7,312.65,12341629,3850206309.55,0.9368039262419932,292.89174753955916
2024-01-15,NTPC,INE733E01010,NTPC LTD,314.9,318.0,309.6,317.3,9706124,3056899511.15,0.9368039262419932,297.24788579658446
2024-01-16,NTPC,INE733E01010,NTPC LTD,317.25,317.25,310.15,311.5,10162832,3176773354.3,0.9368039262419932,291.81442302438086
2024-01-17,NTPC,INE733E01010,NTPC LTD,309.75,314.1,307.1,309.3,13502940,4197672956.1,0.9368039262419932,289.7534543866485
2024-01-18,NTPC,INE733E01010,NTPC LTD,308.95,311.3,296.55,299.3,32481018,9756175573.2,0.9368039262419932,280.3854151242286
2024-01-19,NTPC,INE733E01010,NTPC LTD,303.8,309.45,301.7,308.45,28651237,8793806264.45,0.9368039262419932,288.9571710493428
2024-01-20,NTPC,INE733E01010,NTPC LTD,309.95,314.85,306.25,308.2,10652125,3319931700.9,0.9368039262419932,288.7229700677823
2024-01-23,NTPC,INE733E01010,NTPC LTD,313.45,315.3,300.3,302.6,21652362,6684463212.35,0.9368039262419932,283.47686808082716
2024-01-24,NTPC,INE733E01010,NTPC LTD,302.95,310.7,298.25,308.85,23922028,7331995600.85,0.9368039262419932,289.3318926198396
2024-01-25,NTPC,INE733E01010,NTPC LTD,310.0,317.2,309.2,314.75,32525422,10230907812.1,0.9368039262419932,294.85903578466736
2024-01-29,NTPC,INE733E01010,NTPC LTD,317.8,325.75,316.15,324.55,24694773,7950704759.35,0.9368039262419932,304.03971426183887
2024-01-30,NTPC,INE733E01010,NTPC LTD,321.85,323.95,314.5,315.45,20918448,6675364540.5,0.9368039262419932,295.51479853303675
2024-01-31,NTPC,INE733E01010,NTPC LTD,318.55,320.0,312.6,317.5,20931224,6612696780.65,0.9368039262419932,297.4352465818328
2024-02-01,NTPC,INE733E01010,NTPC LTD,320.05,326.95,317.1,322.0,24020951,7727613690.1,0.9368039262419932,301.6508642499218
2024-02-02,NTPC,INE733E01010,NTPC LTD,324.0,333.7,323.1,332.5,32346639,10669439507.75,0.9368039262419932,311.48730547546273
2024-02-05,NTPC,INE733E01010,NTPC LTD,338.0,341.05,333.05,336.1,19651482,6632287173.3,0.9368039262419932,314.85979960993393
2024-02-06,NTPC,INE733E01010,NTPC LTD,336.0,336.0,329.0,334.2,12024661,4004209402.15,0.9431175666015693,315.1898907582445
2024-02-07,NTPC,INE733E01010,NTPC LTD,337.9,337.9,329.65,330.7,8080437,2686489834.1,0.9431175666015693,311.888979275139
2024-02-08,NTPC,INE733E01010,NTPC LTD,333.95,335.25,328.0,330.9,17754869,5882684049.7,0.9431175666015693,312.0776027884593
2024-02-09,NTPC,INE733E01010,NTPC LTD,332.95,335.0,319.6,324.9,18304439,5960093394.95,0.9431175666015693,306.41889738884987
2024-02-12,NTPC,INE733E01010,NTPC LTD,326.15,326.7,314.5,316.15,11714289,3726573652.9,0.9431175666015693,298.1666186810861
2024-02-13,NTPC,INE733E01010,NTPC LTD,318.55,323.95,315.9,321.55,15426888,4946841328.6,0.9431175666015693,303.2594535407346
2024-02-14,NTPC,INE733E01010,NTPC LTD,320.9,329.35,318.35,328.0,14085723,4542690962.7,0.9431175666015693,309.3425618453147
2024-02-15,NTPC,INE733E01010,NTPC LTD,331.0,340.9,330.15,339.25,21973316,7386448334.45,0.9431175666015693,319.9526344695824
2024-02-16,NTPC,INE733E01010,NTPC LTD,341.9,342.95,336.8,337.75,20307449,6899820251.2,0.9431175666015693,318.53795811968
2024-02-19,NTPC,INE733E01010,NTPC LTD,340.4,341.9,337.5,338.75,8496898,2885853799.9,0.9431175666015693,319.4810756862816
2024-02-20,NTPC,INE733E01010,NTPC LTD,340.6,346.5,337.8,345.7,19340526,6643051639.35,0.9431175666015693,326.0357427741625
2024-02-21,NTPC,INE733E01010,NTPC LTD,347.0,348.05,334.7,336.1,17751633,6063513144.0,0.9431175666015693,316.98181413478744
2024-02-22,NTPC,INE733E01010,NTPC LTD,339.0,340.25,330.6,339.55,16083122,5385895227.4,0.9431175666015693,320.2355697395629
2024-02-23,NTPC,INE733E01010,NTPC LTD,340.0,340.0,334.85,337.75,9665454,3255708368.15,0.9431175666015693,318.53795811968
2024-02-26,NTPC,INE733E01010,NTPC LTD,338.0,338.5,334.55,337.6,7711995,2595450410.5,0.9431175666015693,318.3964904846898
2024-02-27,NTPC,INE733E01010,NTPC LTD,336.1,338.0,334.1,336.1,8882923,2986427099.0,0.9431175666015693,316.98181413478744
2024-02-28,NTPC,INE733E01010,NTPC LTD,335.7,336.5,331.8,333.3,12977628,4328811570.9,0.9431175666015693,314.34108494830303
2024-02-29,NTPC,INE733E01010,NTPC LTD,333.3,336.0,330.6,335.6,13149469,4398000451.2,0.9431175666015693,316.5102553514867
2024-03-01,NTPC,INE733E01010,NTPC LTD,335.6,344.35,335.0,343.5,13027254,4444630368.65,0.9431175666015693,323.9608841276391
2024-03-04,NTPC,INE733E01010,NTPC LTD,348.0,358.3,345.75,353.85,38075510,13475568076.1,0.9431175666015693,333.7221509419653
2024-03-05,NTPC,INE733E01010,NTPC LTD,354.9,359.95,353.55,358.25,15918221,5681692995.7,0.9431175666015693,337.8718682350122
2024-03-06,NTPC,INE733E01010,NTPC LTD,359.45,359.45,345.0,351.95,13120921,4596756798.65,0.9431175666015693,331.9302275654223
2024-03-07,NTPC,INE733E01010,NTPC LTD,352.0,353.9,349.7,352.2,9172926,3227783233.7,0.9431175666015693,332.1660069570727
2024-03-11,NTPC,INE733E01010,NTPC LTD,352.25,353.15,346.7,347.95,10664917,3728334600.15,0.9431175666015693,328.15775729901605
2024-03-12,NTPC,INE733E01010,NTPC LTD,348.0,349.45,342.55,344.75,9637912,3323515152.25,0.9431175666015693,325.139781085891
2024-03-13,NTPC,INE733E01010,NTPC LTD,343.85,344.5,319.5,322.5,23722232,7756701371.3,0.9431175666015693,304.1554152290061
2024-03-14,NTPC,INE733E01010,NTPC LTD,321.05,326.95,316.5,321.85,20859127,6704096025.3,0.9431175666015693,303.5423888107151
2024-03-15,NTPC,INE733E01010,NTPC LTD,322.65,326.05,305.75,316.3,43285007,13545989975.45,0.9431175666015693,298.3080863160764
2024-03-18,NTPC,INE733E01010,NTPC LTD,317.1,322.9,314.95,317.15,13690352,4351926993.8,0.9431175666015693,299.1097362476877
2024-03-19,NTPC,INE733E01010,NTPC LTD,314.3,317.9,310.1,313.45,13388060,4196829794.3,0.9431175666015693,295.6202012512619
2024-03-20,NTPC,INE733E01010,NTPC LTD,316.0,317.45,308.3,313.65,10026655,3133599286.35,0.9431175666015693,295.8088247645822
2024-03-21,NTPC,INE733E01010,NTPC LTD,317.25,326.35,317.0,325.0,23370426,7564480795.2,0.9431175666015693,306.51320914551
2024-03-22,NTPC,INE733E01010,NTPC LTD,324.5,327.25,321.15,324.75,14709219,4778109108.95,0.9431175666015693,306.2774297538596
2024-03-26,NTPC,INE733E01010,NTPC LTD,320.1,330.3,320.1,329.1,11208959,3670099755.6,0.9431175666015693,310.3799911685765
2024-03-27,NTPC,INE733E01010,NTPC LTD,332.0,334.1,326.3,331.6,45209520,14980138666.1,0.9431175666015693,312.7377850850804
2024-03-28,NTPC,INE733E01010,NTPC LTD,331.9,340.0,330.3,335.8,19868037,6664721246.3,0.9431175666015693,316.698878864807
2024-04-01,NTPC,INE733E01010,NTPC LTD,339.0,344.4,336.15,342.35,8580656,2926078451.5,0.9431175666015693,322.8762989260473
2024-04-02,NTPC,INE733E01010,NTPC LTD,343.0,345.6,340.75,344.8,9745257,3349462715.3,0.9431175666015693,325.1869369642211
2024-04-03,NTPC,INE733E01010,NTPC LTD,344.35,354.1,342.0,351.25,21679943,7550585787.25,0.9431175666015693,331.2700452688012
2024-04-04,NTPC,INE733E01010,NTPC LTD,355.0,362.7,352.65,354.65,28962927,10345144704.3,0.9431175666015693,334.47664499524655
2024-04-05,NTPC,INE733E01010,NTPC LTD,356.4,358.2,351.55,354.55,11208130,3980121947.65,0.9431175666015693,334.3823332385864
2024-04-08,NTPC,INE733E01010,NTPC LTD,355.6,366.0,353.25,363.5,11447140,4104651923.65,0.9431175666015693,342.82323545967046
2024-04-09,NTPC,INE733E01010,NTPC LTD,365.0,366.9,360.35,362.9,10010148,3634114016.7,0.9431175666015693,342.25736491970946
2024-04-10,NTPC,INE733E01010,NTPC LTD,364.1,368.35,361.35,362.5,12886638,4699454740.45,0.9431175666015693,341.88011789306887
2024-04-12,NTPC,INE733E01010,NTPC LTD,362.5,374.5,361.0,361.75,30924494,11330884293.7,0.9431175666015693,341.1727797181177
2024-04-15,NTPC,INE733E01010,NTPC LTD,355.5,366.0,352.8,361.15,18126999,6545906447.55,0.9431175666015693,340.60690917815674
2024-04-16,NTPC,INE733E01010,NTPC LTD,361.0,361.95,354.6,359.25,15328939,5497310985.5,0.9431175666015693,338.8149858016138
2024-04-18,NTPC,INE733E01010,NTPC LTD,359.55,361.25,349.2,351.15,22966560,8176531513.75,0.9431175666015693,331.17573351214105
2024-04-19,NTPC,INE733E01010,NTPC LTD,343.1,352.4,343.0,350.55,12867942,4484413340.4,0.9431175666015693,330.6098629721801
2024-04-22,NTPC,INE733E01010,NTPC LTD,355.0,355.0,341.9,342.9,37382916,12927282304.8,0.9431175666015693,323.3950135876781
2024-04-23,NTPC,INE733E01010,NTPC LTD,346.0,348.65,344.0,347.15,14651106,5075713274.75,0.9431175666015693,327.40326324573476
2024-04-24,NTPC,INE733E01010,NTPC LTD,349.8,353.15,347.3,351.65,11132307,3904226634.1,0.9431175666015693,331.64729229544184
2024-04-25,NTPC,INE733E01010,NTPC LTD,351.0,360.6,349.1,359.2,19865014,7062761086.1,0.9431175666015693,338.76782992328367
2024-04-26,NTPC,INE733E01010,NTPC LTD,360.7,361.4,355.0,356.0,10986589,3922589359.35,0.9431175666015693,335.7498537101587
2024-04-29,NTPC,INE733E01010,NTPC LTD,359.7,363.65,356.95,363.0,13652173,4933088205.9,0.9431175666015693,342.35167667636966
2024-04-30,NTPC,INE733E01010,NTPC LTD,364.95,365.45,359.3,363.2,14566548,5282219233.7,0.9431175666015693,342.54030018968996
2024-05-02,NTPC,INE733E01010,NTPC LTD,363.2,372.6,363.2,369.05,27892188,10282722918.85,0.9431175666015693,348.05753795430917
2024-05-03,NTPC,INE733E01010,NTPC LTD,372.3,380.4,360.35,364.95,26844664,9928792473.2,0.9431175666015693,344.19075593124273
2024-05-06,NTPC,INE733E01010,NTPC LTD,367.8,368.85,354.4,356.8,15319437,5488797515.45,0.9431175666015693,336.50434776343997
2024-05-07,NTPC,INE733E01010,NTPC LTD,358.25,358.45,346.85,349.15,10028071,3519337756.75,0.9431175666015693,329.2894983789379
2024-05-08,NTPC,INE733E01010,NTPC LTD,345.2,358.5,345.2,355.45,9595776,3393359978.45,0.9431175666015693,335.2311390485278
2024-05-09,NTPC,INE733E01010,NTPC LTD,356.5,358.0,344.85,346.05,9043486,3166523793.6,0.9431175666015693,326.3658339224731
2024-05-10,NTPC,INE733E01010,NTPC LTD,347.65,356.35,347.55,355.5,11699095,4138764659.65,0.9431175666015693,335.2782949268579
2024-05-13,NTPC,INE733E01010,NTPC LTD,355.5,356.0,346.5,350.9,10691781,3751638209.05,0.9431175666015693,330.93995412049065
2024-05-14,NTPC,INE733E01010,NTPC LTD,350.55,357.25,350.3,355.8,10891985,3867067499.5,0.9431175666015693,335.5612301968384
2024-05-15,NTPC,INE733E01010,NTPC LTD,357.5,363.5,356.65,361.35,8538183,3080128028.15,0.9431175666015693,340.7955326914771
2024-05-16,NTPC,INE733E01010,NTPC LTD,363.85,363.85,353.05,361.45,13114162,4703725234.45,0.9431175666015693,340.88984444813724
2024-05-17,NTPC,INE733E01010,NTPC LTD,362.45,366.5,360.35,365.45,8509179,3098831037.35,0.9431175666015693,344.66231471454347
2024-05-21,NTPC,INE733E01010,NTPC LTD,367.0,374.1,365.35,372.0,10939593,4064497680.25,0.9431175666015693,350.83973477578377
2024-05-22,NTPC,INE733E01010,NTPC LTD,375.0,377.35,370.6,373.85,14001806,5238945858.55,0.9431175666015693,352.5845022739967
2024-05-23,NTPC,INE733E01010,NTPC LTD,375.05,375.6,369.5,372.3,15370357,5712163916.6,0.9431175666015693,351.12267004576427
2024-05-24,NTPC,INE733E01010,NTPC LTD,373.0,378.15,368.7,374.95,13317821,4985316955.35,0.9431175666015693,353.6219315972584
2024-05-27,NTPC,INE733E01010,NTPC LTD,379.95,380.5,368.0,369.65,21891930,8133579958.5,0.9431175666015693,348.62340849427005
2024-05-28,NTPC,INE733E01010,NTPC LTD,372.6,373.25,364.1,365.4,10200096,3748152061.7,0.9431175666015693,344.6151588362134
2024-05-29,NTPC,INE733E01010,NTPC LTD,361.5,366.35,360.0,364.6,18146672,6605524010.6,0.9431175666015693,343.8606647829322
2024-05-30,NTPC,INE733E01010,NTPC LTD,364.0,364.8,357.15,359.7,14425073,5198534086.6,0.9431175666015693,339.23938870658446
2024-05-31,NTPC,INE733E01010,NTPC LTD,363.45,366.65,355.5,359.0,30515612,10964523949.25,0.9431175666015693,338.5792064099634
2024-06-03,NTPC,INE733E01010,NTPC LTD,385.0,393.2,373.45,391.8,39261174,15143815337.1,0.9431175666015693,369.51346259449485
2024-06-04,NTPC,INE733E01010,NTPC LTD,391.9,391.9,313.95,331.25,84042244,28849127495.25,0.9431175666015693,312.4076939367698
2024-06-05,NTPC,INE733E01010,NTPC LTD,340.0,342.25,315.3,341.0,46418629,15413503472.35,0.9431175666015693,321.6030902111351
2024-06-06,NTPC,INE733E01010,NTPC LTD,347.8,359.75,345.0,349.75,33171039,11693824679.95,0.9431175666015693,329.8553689188989
2024-06-07,NTPC,INE733E01010,NTPC LTD,352.0,362.0,347.7,360.6,23930193,8527052942.3,0.9431175666015693,340.0881945165259
2024-06-10,NTPC,INE733E01010,NTPC LTD,365.0,370.1,361.8,364.9,16072588,5898187231.1,0.9431175666015693,344.14360005291263
2024-06-11,NTPC,INE733E01010,NTPC LTD,368.75,371.95,364.9,367.4,11235777,4131691379.95,0.9431175666015693,346.50139396941654
2024-06-12,NTPC,INE733E01010,NTPC LTD,369.55,374.0,365.4,371.3,12134524,4504523361.9,0.9431175666015693,350.1795524791627
2024-06-13,NTPC,INE733E01010,NTPC LTD,376.4,376.4,367.95,369.95,11243702,4163788117.75,0.9431175666015693,348.90634376425055
2024-06-14,NTPC,INE733E01010,NTPC LTD,370.0,370.85,366.1,368.45,10298434,3790276320.1,0.9431175666015693,347.4916674143482
2024-06-18,NTPC,INE733E01010,NTPC LTD,371.8,372.25,368.7,369.65,10228382,3786537392.75,0.9431175666015693,348.62340849427005
2024-06-19,NTPC,INE733E01010,NTPC LTD,369.8,370.9,361.55,362.5,8337334,3038186132.5,0.9431175666015693,341.88011789306887
2024-06-20,NTPC,INE733E01010,NTPC LTD,362.5,364.9,357.05,357.65,14338604,5155098718.1,0.9431175666015693,337.30599769505125
2024-06-21,NTPC,INE733E01010,NTPC LTD,359.95,362.95,356.75,359.8,17931844,6454146277.0,0.9431175666015693,339.33370046324467
2024-06-24,NTPC,INE733E01010,NTPC LTD,357.6,364.65,355.55,362.75,9335598,3380532953.2,0.9431175666015693,342.11589728471927
2024-06-25,NTPC,INE733E01010,NTPC LTD,364.25,364.7,357.75,360.85,14983828,5395828113.1,0.9431175666015693,340.3239739081763
2024-06-26,NTPC,INE733E01010,NTPC LTD,363.0,366.9,359.65,365.05,15918394,5786407098.3,0.9431175666015693,344.2850676879029
2024-06-27,NTPC,INE733E01010,NTPC LTD,365.05,381.1,364.1,377.15,55378829,20720966910.3,0.9431175666015693,355.69679024378183
2024-06-28,NTPC,INE733E01010,NTPC LTD,377.95,389.5,376.7,378.35,25141039,9607106099.75,0.9431175666015693,356.82853132370377
2024-07-01,NTPC,INE733E01010,NTPC LTD,381.75,382.0,367.8,369.75,23389211,8669766359.5,0.9431175666015693,348.71772025093026
2024-07-02,NTPC,INE733E01010,NTPC LTD,372.6,372.6,365.15,370.4,13702830,5051870595.5,0.9431175666015693,349.33074666922124
2024-07-03,NTPC,INE733E01010,NTPC LTD,370.55,374.25,368.65,372.65,9207317,3426353634.9,0.9431175666015693,351.4527611940748
2024-07-04,NTPC,INE733E01010,NTPC LTD,373.9,380.85,371.75,372.95,14916930,5605055079.55,0.9431175666015693,351.73569646405525
2024-07-05,NTPC,INE733E01010,NTPC LTD,374.35,381.25,371.0,379.8,15946104,6013510534.55,0.9431175666015693,358.19605179527605
2024-07-08,NTPC,INE733E01010,NTPC LTD,380.85,381.25,376.15,377.45,8898299,3366425398.2,0.9431175666015693,355.97972551376233
2024-07-09,NTPC,INE733E01010,NTPC LTD,379.2,380.25,375.05,377.05,8355819,3153207592.7,0.9431175666015693,355.60247848712174
2024-07-10,NTPC,INE733E01010,NTPC LTD,378.8,383.8,370.0,381.4,17715196,6703711136.65,0.9431175666015693,359.7050399018385
2024-07-11,NTPC,INE733E01010,NTPC LTD,382.4,383.3,374.6,377.1,19873143,7519778889.7,0.9431175666015693,355.6496343654518
2024-07-12,NTPC,INE733E01010,NTPC LTD,378.95,379.4,372.0,377.15,16151583,6084892976.45,0.9431175666015693,355.69679024378183
2024-07-15,NTPC,INE733E01010,NTPC LTD,378.6,388.95,376.9,385.65,22951140,8818055857.55,0.9431175666015693,363.7132895598952
2024-07-16,NTPC,INE733E01010,NTPC LTD,386.65,388.75,380.0,380.45,11893034,4561904630.7,0.9431175666015693,358.80907821356703
2024-07-18,NTPC,INE733E01010,NTPC LTD,382.9,382.9,374.2,377.75,15709153,5930775206.25,0.9431175666015693,356.26266078374283
2024-07-19,NTPC,INE733E01010,NTPC LTD,377.75,378.0,362.9,364.65,13330099,4931987374.2,0.9431175666015693,343.90782066126224
2024-07-22,NTPC,INE733E01010,NTPC LTD,364.75,377.25,362.35,373.5,18715538,6979384497.75,0.9431175666015693,352.25441112568615
2024-07-23,NTPC,INE733E01010,NTPC LTD,376.7,385.65,361.55,382.45,49882257,18853797115.55,0.9431175666015693,360.69531334677015
2024-07-24,NTPC,INE733E01010,NTPC LTD,384.1,395.0,381.7,392.6,36868466,14360897784.1,0.9431175666015693,370.26795664777615
2024-07-25,NTPC,INE733E01010,NTPC LTD,390.95,396.3,386.25,392.15,25973101,10199194024.4,0.9431175666015693,369.8435537428054
2024-07-26,NTPC,INE733E01010,NTPC LTD,394.95,399.5,389.7,396.3,20381410,8053359644.05,0.9431175666015693,373.75749164420193
2024-07-29,NTPC,INE733E01010,NTPC LTD,404.0,408.3,392.65,393.9,27751449,11073228037.5,0.9431175666015693,371.4940094843581
2024-07-30,NTPC,INE733E01010,NTPC LTD,397.0,412.7,397.0,406.95,34447139,14046229116.3,0.9431175666015693,383.8016937285086
2024-07-31,NTPC,INE733E01010,NTPC LTD,409.5,417.4,408.55,416.0,29727771,12337058934.35,0.9431175666015693,392.3369077062528
2024-08-01,NTPC,INE733E01010,NTPC LTD,419.9,424.35,415.6,423.45,28803487,12146434940.1,0.9431175666015693,399.3631335774345
2024-08-02,NTPC,INE733E01010,NTPC LTD,416.25,426.3,413.35,419.7,24233263,10163293058.75,0.9431175666015693,395.8264427026786
2024-08-05,NTPC,INE733E01010,NTPC LTD,407.65,415.65,404.65,413.25,42489503,17476435134.9,0.9431175666015693,389.7433343980985
2024-08-06,NTPC,INE733E01010,NTPC LTD,413.25,424.95,413.25,415.0,18230579,7610495628.8,0.9431175666015693,391.3937901396513
2024-08-07,NTPC,INE733E01010,NTPC LTD,421.0,421.0,415.0,416.3,15556736,6487490563.6,0.9505617246864633,395.71884598697466
2024-08-08,NTPC,INE733E01010,NTPC LTD,416.35,417.0,405.8,407.7,16447385,6757963950.65,0.9505617246864633,387.54401515467106
2024-08-09,NTPC,INE733E01010,NTPC LTD,413.8,416.35,408.2,410.65,10954753,4504903556.7,0.9505617246864633,390.3481722424961
2024-08-12,NTPC,INE733E01010,NTPC LTD,410.0,410.0,400.1,400.85,26254763,10572734335.9,0.9505617246864633,381.0326673405688
2024-08-13,NTPC,INE733E01010,NTPC LTD,403.0,404.5,395.0,396.2,11355664,4539499371.9,0.9505617246864633,376.6125553207767
2024-08-14,NTPC,INE733E01010,NTPC LTD,398.9,400.0,393.65,396.35,9424614,3742935574.2,0.9505617246864633,376.75513957947976
2024-08-16,NTPC,INE733E01010,NTPC LTD,398.05,400.95,393.3,398.05,13844122,5492201898.1,0.9505617246864633,378.3710945114467
2024-08-19,NTPC,INE733E01010,NTPC LTD,402.3,407.5,401.45,403.1,10677045,4310042753.3,0.9505617246864633,383.1714312211134
2024-08-20,NTPC,INE733E01010,NTPC LTD,404.55,408.2,403.1,406.25,10126083,4105901080.35,0.9505617246864633,386.1657006538757
2024-08-21,NTPC,INE733E01010,NTPC LTD,407.5,409.7,405.2,408.95,9726854,3969393039.75,0.9505617246864633,388.73221731052917
2024-08-22,NTPC,INE733E01010,NTPC LTD,409.8,410.05,402.25,403.35,10445288,4224126586.15,0.9505617246864633,383.409071652285
2024-08-23,NTPC,INE733E01010,NTPC LTD,403.35,405.9,399.55,401.95,11513586,4639500322.7,0.9505617246864633,382.0782852377239
2024-08-26,NTPC,INE733E01010,NTPC LTD,402.45,415.95,401.95,414.85,13772637,5657036173.95,0.9505617246864633,394.3405314861793
2024-08-27,NTPC,INE733E01010,NTPC LTD,415.5,416.2,409.1,409.65,8441188,3475429022.2,0.9505617246864633,389.39761051780965
2024-08-28,NTPC,INE733E01010,NTPC LTD,410.05,414.4,407.35,409.05,15884745,6522057830.0,0.9505617246864633,388.82727348299784
2024-08-29,NTPC,INE733E01010,NTPC LTD,409.05,412.6,403.75,409.9,19014705,7772596073.35,0.9505617246864633,389.63525094898125
2024-08-30,NTPC,INE733E01010,NTPC LTD,412.7,419.2,411.5,416.2,22633988,9405281285.95,0.9505617246864633,395.623789814506
2024-09-02,NTPC,INE733E01010,NTPC LTD,417.8,419.1,407.7,410.0,11107165,4577898670.35,0.9505617246864633,389.7303071214499
2024-09-03,NTPC,INE733E01010,NTPC LTD,410.5,411.55,405.6,406.4,7538160,3079609815.2,0.9505617246864633,386.30828491257864
2024-09-04,NTPC,INE733E01010,NTPC LTD,400.0,408.25,399.9,405.1,11052003,4473490869.3,0.9505617246864633,385.0725546704863
2024-09-05,NTPC,INE733E01010,NTPC LTD,405.35,408.4,401.85,403.25,14246871,5758583958.0,0.9505617246864633,383.3140154798163
2024-09-06,NTPC,INE733E01010,NTPC LTD,403.25,404.65,392.7,394.8,17956121,7115665884.5,0.9505617246864633,375.2817689062157
2024-09-09,NTPC,INE733E01010,NTPC LTD,391.2,392.75,385.3,389.85,12293356,4781099919.1,0.9505617246864633,370.57648836901774
2024-09-10,NTPC,INE733E01010,NTPC LTD,390.1,399.4,389.75,396.3,15852309,6247023587.2,0.9505617246864633,376.7076114932454
2024-09-11,NTPC,INE733E01010,NTPC LTD,399.0,399.3,387.5,389.65,11492592,4508322702.55,0.9505617246864633,370.3863760240804
2024-09-12,NTPC,INE733E01010,NTPC LTD,391.0,406.25,390.65,404.85,24028069,9594530659.35,0.9505617246864633,384.8349142393147
2024-09-13,NTPC,INE733E01010,NTPC LTD,404.85,407.3,399.35,401.4,12017217,4843625936.25,0.9505617246864633,381.5554762891463
2024-09-16,NTPC,INE733E01010,NTPC LTD,402.45,412.0,402.0,411.1,11479712,4688559951.2,0.9505617246864633,390.77592501860505
2024-09-17,NTPC,INE733E01010,NTPC LTD,411.85,417.65,410.1,416.3,14432501,5984074937.9,0.9505617246864633,395.71884598697466
2024-09-18,NTPC,INE733E01010,NTPC LTD,418.5,419.75,413.0,414.15,10303840,4291299089.55,0.9505617246864633,393.6751382788987
2024-09-19,NTPC,INE733E01010,NTPC LTD,424.0,431.85,420.55,423.95,59601773,25416850696.4,0.9505617246864633,402.9906431808261
2024-09-20,NTPC,INE733E01010,NTPC LTD,428.05,429.85,416.55,423.95,36084164,15263669597.25,0.9505617246864633,402.9906431808261
2024-09-23,NTPC,INE733E01010,NTPC LTD,427.5,430.5,425.0,428.35,14139629,6053180799.35,0.9505617246864633,407.17311476944656
2024-09-24,NTPC,INE733E01010,NTPC LTD,431.45,431.45,427.0,428.1,12539885,5373235434.3,0.9505617246864633,406.93547433827496
2024-09-25,NTPC,INE733E01010,NTPC LTD,428.1,437.0,425.65,436.1,19443168,8418102750.75,0.9505617246864633,414.5399681357666
2024-09-26,NTPC,INE733E01010,NTPC LTD,437.95,437.95,430.55,434.6,20041825,8684164318.45,0.9505617246864633,413.114125548737
2024-09-27,NTPC,INE733E01010,NTPC LTD,436.0,442.5,433.5,436.9,53885913,23568277528.85,0.9505617246864633,415.3004175155158
2024-09-30,NTPC,INE733E01010,NTPC LTD,436.9,448.45,433.6,443.2,20903229,9233996637.55,0.9505617246864633,421.2889563810405
2024-10-01,NTPC,INE733E01010,NTPC LTD,446.0,447.75,438.8,440.1,15984996,7080112366.95,0.9505617246864633,418.3422150345125
2024-10-03,NTPC,INE733E01010,NTPC LTD,432.0,442.5,432.0,435.35,13563784,5929051689.0,0.9505617246864633,413.82704684225183
2024-10-04,NTPC,INE733E01010,NTPC LTD,432.9,439.35,426.3,430.45,18347292,7919833582.15,0.9505617246864633,409.1692943912881
2024-10-07,NTPC,INE733E01010,NTPC LTD,430.6,433.0,409.05,415.45,23431004,9754111295.75,0.9505617246864633,394.91086852099113
2024-10-08,NTPC,INE733E01010,NTPC LTD,414.0,427.7,411.3,420.95,18706355,7871181238.35,0.9505617246864633,400.1389580067667
2024-10-09,NTPC,INE733E01010,NTPC LTD,424.45,424.75,417.0,418.45,13916492,5857491432.55,0.9505617246864633,397.76255369505054
2024-10-10,NTPC,INE733E01010,NTPC LTD,420.7,429.9,420.5,422.7,15866037,6748581369.0,0.9505617246864633,401.802441024968
2024-10-11,NTPC,INE733E01010,NTPC LTD,423.95,426.65,419.6,422.5,8639087,3652269774.3,0.9505617246864633,401.6123286800307
2024-10-14,NTPC,INE733E01010,NTPC LTD,424.6,426.0,420.0,424.5,8483177,3591226077.95,0.9505617246864633,403.5134521294037
2024-10-15,NTPC,INE733E01010,NTPC LTD,426.65,427.2,423.55,426.6,9365964,3985532315.6,0.9505617246864633,405.50963175124525
2024-10-16,NTPC,INE733E01010,NTPC LTD,425.3,429.4,421.25,424.25,6219440,2642375404.6,0.9505617246864633,403.275811698232
2024-10-17,NTPC,INE733E01010,NTPC LTD,423.65,425.6,416.6,417.75,11968387,5041853947.4,0.9505617246864633,397.09716048777005
2024-10-18,NTPC,INE733E01010,NTPC LTD,417.7,425.95,414.45,424.95,8828971,3729498322.0,0.9505617246864633,403.94120490551256
2024-10-21,NTPC,INE733E01010,NTPC LTD,426.05,428.75,419.1,425.0,9139781,3876999099.15,0.9505617246864633,403.9887329917469
2024-10-22,NTPC,INE733E01010,NTPC LTD,422.85,426.3,413.45,415.75,14242323,5966996249.25,0.9505617246864633,395.1960370383971
2024-10-23,NTPC,INE733E01010,NTPC LTD,414.0,414.75,401.7,408.3,22522821,9182905863.15,0.9505617246864633,388.114352189483
2024-10-24,NTPC,INE733E01010,NTPC LTD,409.25,415.25,406.8,411.9,9400171,3865411004.2,0.9505617246864633,391.5363743983542
2024-10-25,NTPC,INE733E01010,NTPC LTD,402.5,407.5,391.6,398.9,19642277,7833319271.6,0.9505617246864633,379.17907197743017
2024-10-28,NTPC,INE733E01010,NTPC LTD,398.9,406.5,397.8,403.9,11716022,4720699502.85,0.9505617246864633,383.9318806008625
2024-10-29,NTPC,INE733E01010,NTPC LTD,409.0,414.3,404.45,412.15,20284308,8316122112.95,0.9505617246864633,391.7740148295258
2024-10-30,NTPC,INE733E01010,NTPC LTD,414.15,414.8,405.8,408.5,12264297,5030034683.6,0.9505617246864633,388.3044645344202
2024-10-31,NTPC,INE733E01010,NTPC LTD,409.0,410.65,403.5,408.15,12204072,4967330733.5,0.9564149372768971,390.36075664956553
2024-11-04,NTPC,INE733E01010,NTPC LTD,413.85,414.3,393.7,400.95,13866505,5547719903.5,0.9564149372768971,383.4745691011719
2024-11-05,NTPC,INE733E01010,NTPC LTD,400.0,404.1,397.15,403.1,6665326,2674943810.45,0.9564149372768971,385.53086121631725
2024-11-06,NTPC,INE733E01010,NTPC LTD,406.7,410.8,403.15,408.9,9700643,3947465326.25,0.9564149372768971,391.0780678525232
2024-11-07,NTPC,INE733E01010,NTPC LTD,410.9,410.9,402.0,403.8,7589295,3075249828.1,0.9564149372768971,386.20035167241105
2024-11-08,NTPC,INE733E01010,NTPC LTD,403.15,404.2,395.55,397.65,7536509,3003254892.75,0.9564149372768971,380.3183998081581
2024-11-11,NTPC,INE733E01010,NTPC LTD,398.15,400.9,391.8,392.55,12243693,4842565834.15,0.9564149372768971,375.440683628046
2024-11-12,NTPC,INE733E01010,NTPC LTD,393.15,394.8,379.05,380.3,10549517,4060628965.55,0.9564149372768971,363.724600646404
2024-11-13,NTPC,INE733E01010,NTPC LTD,384.0,387.6,379.35,381.35,20602407,7913044776.1,0.9564149372768971,364.7288363305447
2024-11-14,NTPC,INE733E01010,NTPC LTD,380.05,385.2,371.35,372.5,15086601,5671758601.95,0.9564149372768971,356.26456413564415
2024-11-18,NTPC,INE733E01010,NTPC LTD,380.0,380.0,362.65,366.7,16383636,6014354833.7,0.9564149372768971,350.71735749943815
2024-11-19,NTPC,INE733E01010,NTPC LTD,368.0,378.5,365.05,366.7,17055094,6323277037.5,0.9564149372768971,350.71735749943815
2024-11-21,NTPC,INE733E01010,NTPC LTD,363.7,364.35,354.8,356.15,21276150,7605363529.5,0.9564149372768971,340.6271799111669
2024-11-22,NTPC,INE733E01010,NTPC LTD,357.05,367.1,355.7,365.45,15949254,5776949221.1,0.9564149372768971,349.52183882784203
2024-11-25,NTPC,INE733E01010,NTPC LTD,374.0,377.2,367.5,368.4,18388844,6824421790.95,0.9564149372768971,352.34326289280887
2024-11-26,NTPC,INE733E01010,NTPC LTD,370.0,370.4,360.25,361.65,11222231,4073238523.2,0.9564149372768971,345.8874620661898
2024-11-27,NTPC,INE733E01010,NTPC LTD,363.8,371.6,361.35,369.3,14225274,5236631929.65,0.9564149372768971,353.2040363363581
2024-11-28,NTPC,INE733E01010,NTPC LTD,369.7,371.85,359.6,362.05,16837860,6131890758.2,0.9564149372768971,346.2700280411006
2024-11-29,NTPC,INE733E01010,NTPC LTD,363.25,365.4,360.2,363.65,14280017,5184758000.55,0.9564149372768971,347.8002919407436
2024-12-02,NTPC,INE733E01010,NTPC LTD,363.65,363.9,357.0,358.2,12510350,4491440985.35,0.9564149372768971,342.5878305325845
2024-12-03,NTPC,INE733E01010,NTPC LTD,359.0,370.0,358.2,367.45,14205760,5176621764.7,0.9564149372768971,351.4346687023958
2024-12-04,NTPC,INE733E01010,NTPC LTD,368.95,375.15,368.0,372.75,22035954,8206821948.15,0.9564149372768971,356.5036678699634
2024-12-05,NTPC,INE733E01010,NTPC LTD,372.75,373.95,364.4,369.15,18758283,6915536961.0,0.9564149372768971,353.0605740957665
2024-12-06,NTPC,INE733E01010,NTPC LTD,369.45,371.2,368.05,369.5,9736086,3601247946.4,0.9564149372768971,353.39531932381345
2024-12-09,NTPC,INE733E01010,NTPC LTD,370.9,373.3,367.75,369.85,10878679,4027425848.55,0.9564149372768971,353.7300645518604
2024-12-10,NTPC,INE733E01010,NTPC LTD,369.0,371.2,366.4,369.15,7913822,2920174053.05,0.9564149372768971,353.0605740957665
2024-12-11,NTPC,INE733E01010,NTPC LTD,369.25,370.75,364.7,365.5,9998662,3671984639.9,0.9564149372768971,349.5696595747059
2024-12-12,NTPC,INE733E01010,NTPC LTD,366.0,367.0,353.0,355.6,22538216,8042881475.7,0.9564149372768971,340.1011516956646
2024-12-13,NTPC,INE733E01010,NTPC LTD,355.75,358.3,348.05,357.15,14269143,5052444532.05,0.9564149372768971,341.5835948484438
2024-12-16,NTPC,INE733E01010,NTPC LTD,357.15,358.9,351.7,352.9,12168143,4299739480.25,0.9564149372768971,337.518831365017
2024-12-17,NTPC,INE733E01010,NTPC LTD,352.0,353.85,347.25,349.05,15646176,5469709204.25,0.9564149372768971,333.83663385650095
2024-12-18,NTPC,INE733E01010,NTPC LTD,349.55,351.0,340.0,341.75,14672392,5030066255.5,0.9564149372768971,326.8548048143796
2024-12-19,NTPC,INE733E01010,NTPC LTD,337.0,340.6,335.05,337.4,14513129,4900679756.2,0.9564149372768971,322.69439983722503
2024-12-20,NTPC,INE733E01010,NTPC LTD,337.8,343.9,331.0,333.25,20375797,6872798573.65,0.9564149372768971,318.72527784752594
2024-12-23,NTPC,INE733E01010,NTPC LTD,335.9,338.25,330.5,333.65,8884187,2963974140.25,0.9564149372768971,319.1078438224367
2024-12-24,NTPC,INE733E01010,NTPC LTD,335.1,336.85,331.75,335.3,7755462,2596350223.8,0.9564149372768971,320.6859284689436
2024-12-26,NTPC,INE733E01010,NTPC LTD,335.3,337.4,332.25,334.65,9030212,3022287320.75,0.9564149372768971,320.0642587597136
2024-12-27,NTPC,INE733E01010,NTPC LTD,336.65,340.0,334.2,335.0,9090597,3065537295.5,0.9564149372768971,320.3990039877605
2024-12-30,NTPC,INE733E01010,NTPC LTD,335.0,336.8,327.4,331.4,36657549,12159728648.1,0.9564149372768971,316.9559102135637
2024-12-31,NTPC,INE733E01010,NTPC LTD,330.1,334.6,326.2,333.35,8580998,2842689493.2,0.9564149372768971,318.82091934125367
2025-01-01,NTPC,INE733E01010,NTPC LTD,333.0,334.65,328.8,333.65,7843971,2605066233.45,0.9564149372768971,319.1078438224367
2025-01-02,NTPC,INE733E01010,NTPC LTD,333.65,338.6,330.0,338.0,16543382,5544411373.3,0.9564149372768971,323.2682487995912
2025-01-03,NTPC,INE733E01010,NTPC LTD,338.05,344.5,337.05,339.85,8689629,2964563715.7,0.9564149372768971,325.03761643355347
2025-01-06,NTPC,INE733E01010,NTPC LTD,341.7,341.7,326.45,327.5,10538077,3495301195.65,0.9564149372768971,313.2258919581838
2025-01-07,NTPC,INE733E01010,NTPC LTD,327.0,330.35,325.1,328.6,13891401,4556191168.55,0.9564149372768971,314.2779483891884
2025-01-08,NTPC,INE733E01010,NTPC LTD,330.5,330.5,321.85,325.4,8993608,2926630324.45,0.9564149372768971,311.2174205899023
2025-01-09,NTPC,INE733E01010,NTPC LTD,324.05,325.95,319.8,320.35,12403467,3986997210.85,0.9564149372768971,306.387525156654
2025-01-10,NTPC,INE733E01010,NTPC LTD,320.35,321.0,307.6,308.25,15941143,4965010459.8,0.9564149372768971,294.8149044156035
2025-01-13,NTPC,INE733E01010,NTPC LTD,301.1,309.95,296.85,298.2,29630336,8968586301.3,0.9564149372768971,285.2029342959707
2025-01-14,NTPC,INE733E01010,NTPC LTD,300.45,312.7,300.2,310.4,22732888,7031949440.4,0.9564149372768971,296.8711965307488
2025-01-15,NTPC,INE733E01010,NTPC LTD,312.55,324.3,312.55,321.35,21894626,7022350155.9,0.9564149372768971,307.3439400939309
2025-01-16,NTPC,INE733E01010,NTPC LTD,324.7,327.3,321.65,325.5,14865186,4837156888.9,0.9564149372768971,311.31306208363
2025-01-17,NTPC,INE733E01010,NTPC LTD,325.3,329.0,323.35,326.15,7129232,2329540460.8,0.9564149372768971,311.93473179285996
2025-01-20,NTPC,INE733E01010,NTPC LTD,326.2,337.0,324.55,336.05,17991880,6010582504.2,0.9564149372768971,321.40323967190125
2025-01-21,NTPC,INE733E01010,NTPC LTD,337.8,338.25,323.8,324.3,12774630,4210661591.7,0.9564149372768971,310.1653641588977
2025-01-22,NTPC,INE733E01010,NTPC LTD,327.0,327.0,317.35,322.4,11068145,3558235814.7,0.9564149372768971,308.3481757780716
2025-01-23,NTPC,INE733E01010,NTPC LTD,321.0,325.1,319.55,323.65,6477347,2093241382.4,0.9564149372768971,309.5436944496677
2025-01-24,NTPC,INE733E01010,NTPC LTD,324.8,329.9,322.1,323.65,7492600,2438700713.4,0.9564149372768971,309.5436944496677
2025-01-27,NTPC,INE733E01010,NTPC LTD,323.65,325.05,315.0,322.2,13803855,4431252453.25,0.9564149372768971,308.1568927906162
2025-01-28,NTPC,INE733E01010,NTPC LTD,322.5,323.85,308.15,318.25,22008929,6938345153.45,0.9564149372768971,304.3790537883725
2025-01-29,NTPC,INE733E01010,NTPC LTD,320.0,322.9,313.3,321.25,16056888,5124347965.8,0.9564149372768971,307.2482986002032
2025-01-30,NTPC,INE733E01010,NTPC LTD,322.25,326.8,321.15,323.0,10375720,3354662270.45,0.9564149372768971,308.92202474043773
2025-01-31,NTPC,INE733E01010,NTPC LTD,322.45,326.25,317.55,324.0,13195557,4262545920.45,0.9638752722010538,312.29558819314144
2025-02-01,NTPC,INE733E01010,NTPC LTD,326.05,330.8,316.75,317.7,10097627,3274821784.35,0.9638752722010538,306.2231739782748
2025-02-03,NTPC,INE733E01010,NTPC LTD,310.1,314.05,304.0,311.25,15881217,4897856621.35,0.9638752722010538,300.00617847257803
2025-02-04,NTPC,INE733E01010,NTPC LTD,314.85,320.45,310.3,319.1,12141064,3846756325.65,0.9638752722010538,307.57259935935633
2025-02-05,NTPC,INE733E01010,NTPC LTD,321.0,323.05,318.4,319.6,12226722,3914863806.3,0.9638752722010538,308.05453699545683
2025-02-06,NTPC,INE733E01010,NTPC LTD,322.6,322.7,311.4,312.8,13384442,4206303796.95,0.9638752722010538,301.50018514448965
2025-02-07,NTPC,INE733E01010,NTPC LTD,313.5,319.25,312.1,316.95,8937447,2828103150.0,0.9638752722010538,305.500267524124
2025-02-10,NTPC,INE733E01010,NTPC LTD,316.5,316.85,309.0,310.5,6806132,2115450419.05,0.9638752722010538,299.2832720184272
2025-02-11,NTPC,INE733E01010,NTPC LTD,312.35,312.35,304.15,305.6,13241830,4071582912.6,0.9638752722010538,294.56028318464206
2025-02-12,NTPC,INE733E01010,NTPC LTD,306.2,307.5,300.0,306.25,7616083,2317937903.85,0.9638752722010538,295.1868021115727
2025-02-13,NTPC,INE733E01010,NTPC LTD,306.15,308.6,303.1,306.7,9086906,2785941954.5,0.9638752722010538,295.6205459840632
2025-02-14,NTPC,INE733E01010,NTPC LTD,306.85,308.25,298.35,300.35,7446248,2242707307.45,0.9638752722010538,289.49993800558656
2025-02-17,NTPC,INE733E01010,NTPC LTD,297.5,303.2,292.8,302.35,6464173,1937703557.25,0.9638752722010538,291.42768854998866
2025-02-18,NTPC,INE733E01010,NTPC LTD,301.15,312.4,297.5,311.2,15793327,4843275195.6,0.9638752722010538,299.95798470896796
2025-02-19,NTPC,INE733E01010,NTPC LTD,311.2,316.35,310.6,314.8,13079903,4112708979.7,0.9638752722010538,303.42793568889175
2025-02-20,NTPC,INE733E01010,NTPC LTD,312.55,327.15,311.5,325.15,22888146,7393229124.95,0.9638752722010538,313.40404475617265
2025-02-21,NTPC,INE733E01010,NTPC LTD,323.3,329.75,321.55,326.25,10809296,3541573792.95,0.9638752722010538,314.4643075555938
2025-02-24,NTPC,INE733E01010,NTPC LTD,322.1,325.4,319.45,320.1,6034113,1943490623.45,0.9638752722010538,308.5364746315574
2025-02-25,NTPC,INE733E01010,NTPC LTD,320.1,321.5,315.75,318.7,10686112,3400910935.55,0.9638752722010538,307.18704925047587
2025-02-27,NTPC,INE733E01010,NTPC LTD,315.35,319.3,314.5,315.7,7302366,2305454828.75,0.9638752722010538,304.2954234338727
2025-02-28,NTPC,INE733E01010,NTPC LTD,314.0,315.65,306.55,311.45,21127180,6576371010.3,0.9638752722010538,300.1989535270182
2025-03-03,NTPC,INE733E01010,NTPC LTD,311.3,317.8,307.7,314.4,9779703,3044807581.35,0.9638752722010538,303.0423855800113
2025-03-04,NTPC,INE733E01010,NTPC LTD,311.3,314.9,308.0,313.75,8734999,2729440379.25,0.9638752722010538,302.4158666530806
2025-03-05,NTPC,INE733E01010,NTPC LTD,313.55,327.3,313.5,326.2,10493615,3397672447.15,0.9638752722010538,314.4161137919838
2025-03-06,NTPC,INE733E01010,NTPC LTD,329.0,338.8,323.2,337.9,26294903,8755167625.1,0.9638752722010538,325.69345447673606
2025-03-07,NTPC,INE733E01010,NTPC LTD,335.85,338.75,328.7,329.55,8992315,2982327074.35,0.9638752722010538,317.6450959538573
2025-03-10,NTPC,INE733E01010,NTPC LTD,329.45,334.95,326.3,329.4,11383132,3756953959.2,0.9638752722010538,317.5005146630271
2025-03-11,NTPC,INE733E01010,NTPC LTD,327.0,333.25,323.7,330.3,10299324,3391642700.75,0.9638752722010538,318.3680024080081
2025-03-12,NTPC,INE733E01010,NTPC LTD,331.0,334.8,326.4,330.15,6984859,2307350571.15,0.9638752722010538,318.2234211171779
2025-03-13,NTPC,INE733E01010,NTPC LTD,332.0,334.55,328.45,331.9,8965150,2973746896.6,0.9638752722010538,319.91020284352976
2025-03-17,NTPC,INE733E01010,NTPC LTD,332.95,334.5,330.5,331.65,4353562,1445713661.75,0.9638752722010538,319.6692340254795
2025-03-18,NTPC,INE733E01010,NTPC LTD,333.3,337.9,331.35,337.35,8580255,2882969480.2,0.9638752722010538,325.16332307702555
2025-03-19,NTPC,INE733E01010,NTPC LTD,339.0,343.9,336.35,341.3,30582397,10427135441.25,0.9638752722010538,328.9706304022197
2025-03-20,NTPC,INE733E01010,NTPC LTD,344.7,344.7,340.3,341.75,15002119,5126943728.25,0.9638752722010538,329.40437427471016
2025-03-21,NTPC,INE733E01010,NTPC LTD,342.0,353.85,341.75,351.3,36406837,12692450132.7,0.9638752722010538,338.60938312423025
2025-03-24,NTPC,INE733E01010,NTPC LTD,357.0,368.0,353.65,366.95,24588471,8941829034.85,0.9638752722010538,353.6940311341767
2025-03-25,NTPC,INE733E01010,NTPC LTD,369.0,371.45,364.15,366.95,23189083,8519039663.2,0.9638752722010538,353.6940311341767
2025-03-26,NTPC,INE733E01010,NTPC LTD,366.95,369.0,353.3,354.65,18668095,6710907724.4,0.9638752722010538,341.83836528610374
2025-03-27,NTPC,INE733E01010,NTPC LTD,353.9,364.45,351.0,360.65,37930538,13630380943.55,0.9638752722010538,347.62161691931004
2025-03-28,NTPC,INE733E01010,NTPC LTD,362.0,364.3,356.45,357.6,11327077,4069593199.2,0.9638752722010538,344.6817973390969
2025-04-01,NTPC,INE733E01010,NTPC LTD,352.35,362.9,350.85,352.15,18736320,6642227146.25,0.9638752722010538,339.4286771056011
2025-04-02,NTPC,INE733E01010,NTPC LTD,352.15,353.45,347.05,351.75,13593404,4750635899.15,0.9638752722010538,339.0431269967207
2025-04-03,NTPC,INE733E01010,NTPC LTD,351.75,361.35,351.75,358.9,10317410,3694354494.3,0.9638752722010538,345.9348351929582
2025-04-04,NTPC,INE733E01010,NTPC LTD,358.85,358.85,348.55,350.4,10872963,3833076860.6,0.9638752722010538,337.74189537924923
2025-04-07,NTPC,INE733E01010,NTPC LTD,328.0,351.4,324.0,349.8,18025165,6188926191.15,0.9638752722010538,337.16357021592864
2025-04-08,NTPC,INE733E01010,NTPC LTD,356.85,358.25,350.0,352.95,17506712,6201630211.85,0.9638752722010538,340.19977732336196
2025-04-09,NTPC,INE733E01010,NTPC LTD,354.0,354.8,348.2,349.35,7462119,2617587719.4,0.9638752722010538,336.72982634343816
2025-04-11,NTPC,INE733E01010,NTPC LTD,351.0,361.5,351.0,360.1,11246077,4026236605.05,0.9638752722010538,347.09148551959953
2025-04-15,NTPC,INE733E01010,NTPC LTD,367.0,368.45,361.55,362.5,17497327,6387278610.15,0.9638752722010538,349.40478617288204
2025-04-16,NTPC,INE733E01010,NTPC LTD,362.5,363.0,357.9,359.3,11541484,4156734543.65,0.9638752722010538,346.32038530183866
2025-04-17,NTPC,INE733E01010,NTPC LTD,359.25,365.45,357.25,364.0,12288196,4451413304.9,0.9638752722010538,350.8505990811836
2025-04-21,NTPC,INE733E01010,NTPC LTD,365.8,368.2,361.8,364.55,7375594,2698008507.65,0.9638752722010538,351.3807304808942
2025-04-22,NTPC,INE733E01010,NTPC LTD,367.05,367.05,359.7,360.25,12077119,4374579901.5,0.9638752722010538,347.23606681042963
2025-04-23,NTPC,INE733E01010,NTPC LTD,362.95,364.25,357.9,363.8,9719205,3511438721.0,0.9638752722010538,350.6578240267434
2025-04-24,NTPC,INE733E01010,NTPC LTD,363.75,366.45,361.6,363.2,7491123,2721435639.7,0.9638752722010538,350.07949886342277
2025-04-25,NTPC,INE733E01010,NTPC LTD,363.2,365.8,351.1,356.45,9785640,3488169368.9,0.9638752722010538,343.5733407760656
2025-04-28,NTPC,INE733E01010,NTPC LTD,353.7,362.9,353.7,361.5,5315840,1918017935.15,0.9638752722010538,348.440910900681
2025-04-29,NTPC,INE733E01010,NTPC LTD,364.0,364.35,354.1,356.95,9472828,3394410129.45,0.9638752722010538,344.05527841216616
2025-04-30,NTPC,INE733E01010,NTPC LTD,357.0,361.0,352.0,354.55,16739088,5961872849.3,0.9638752722010538,341.74197775888365
2025-05-02,NTPC,INE733E01010,NTPC LTD,354.55,358.0,347.6,348.45,11165220,3910822367.6,0.9638752722010538,335.8623385984572
2025-05-05,NTPC,INE733E01010,NTPC LTD,351.0,352.0,345.55,348.6,9492646,3308574507.15,0.9638752722010538,336.0069198892874
2025-05-06,NTPC,INE733E01010,NTPC LTD,349.0,349.5,340.0,341.8,8904223,3050738485.6,0.9638752722010538,329.45256803832024
2025-05-07,NTPC,INE733E01010,NTPC LTD,338.0,343.7,337.0,342.05,8465490,2888264078.8,0.9638752722010538,329.6935368563705
2025-05-08,NTPC,INE733E01010,NTPC LTD,341.05,343.1,338.4,340.0,14286109,4861898676.05,0.9638752722010538,327.7175925483583
2025-05-09,NTPC,INE733E01010,NTPC LTD,334.2,338.75,330.6,334.75,11322011,3778402506.6,0.9638752722010538,322.65724736930275
2025-05-12,NTPC,INE733E01010,NTPC LTD,340.4,349.2,338.1,348.55,7978210,2766410001.45,0.9638752722010538,335.95872612567734
2025-05-13,NTPC,INE733E01010,NTPC LTD,348.6,349.8,340.5,341.5,14738980,5062846170.3,0.9638752722010538,329.1634054566599
2025-05-14,NTPC,INE733E01010,NTPC LTD,342.45,343.85,337.75,338.55,22485535,7646388054.2,0.9638752722010538,326.3199734036668
2025-05-15,NTPC,INE733E01010,NTPC LTD,339.5,343.75,332.65,341.95,43307763,14573906697.3,0.9638752722010538,329.59714932915034
2025-05-16,NTPC,INE733E01010,NTPC LTD,343.0,347.6,342.0,343.1,6920351,2381353138.65,0.9638752722010538,330.7056058921816
2025-05-19,NTPC,INE733E01010,NTPC LTD,343.1,347.7,342.4,345.15,6218209,2149099498.95,0.9638752722010538,332.6815502001937
2025-05-20,NTPC,INE733E01010,NTPC LTD,346.9,349.7,341.55,342.6,9986143,3440546343.5,0.9638752722010538,330.22366825608106
2025-05-21,NTPC,INE733E01010,NTPC LTD,342.55,347.4,339.85,346.15,5930972,2045858961.95,0.9638752722010538,333.6454254723948
2025-05-22,NTPC,INE733E01010,NTPC LTD,346.15,347.0,338.25,341.4,8717514,2974533448.5,0.9638752722010538,329.06701792943977
2025-05-23,NTPC,INE733E01010,NTPC LTD,342.0,344.95,340.15,344.6,4045937,1390372472.35,0.9638752722010538,332.15141880048316
2025-05-26,NTPC,INE733E01010,NTPC LTD,351.0,351.2,342.55,343.5,16655082,5764682994.65,0.9638752722010538,331.091156001062
2025-05-27,NTPC,INE733E01010,NTPC LTD,344.0,344.5,336.8,338.55,24937330,8439444895.25,0.9638752722010538,326.3199734036668
2025-05-28,NTPC,INE733E01010,NTPC LTD,338.6,340.7,337.1,340.05,10985957,3732800513.75,0.9638752722010538,327.7657863119684
2025-05-29,NTPC,INE733E01010,NTPC LTD,341.0,342.25,338.05,339.35,15884093,5391274577.7,0.9638752722010538,327.09107362142765
2025-05-30,NTPC,INE733E01010,NTPC LTD,337.5,340.75,332.85,333.9,19143010,6411034745.45,0.9638752722010538,321.83795338793186
2025-06-02,NTPC,INE733E01010,NTPC LTD,333.9,334.8,330.3,332.55,29479727,9775059484.65,0.9638752722010538,320.5367217704605
2025-06-03,NTPC,INE733E01010,NTPC LTD,333.0,334.75,327.0,328.25,14081719,4633579473.55,0.9638752722010538,316.39205809999595
2025-06-04,NTPC,INE733E01010,NTPC LTD,329.0,329.95,324.85,329.25,15654279,5127105262.0,0.9638752722010538,317.355933372197
2025-06-05,NTPC,INE733E01010,NTPC LTD,329.2,331.6,327.6,328.65,16270360,5358981871.95,0.9638752722010538,316.7776082088763
2025-06-06,NTPC,INE733E01010,NTPC LTD,329.65,333.5,329.05,332.85,11402511,3779822603.3,0.9638752722010538,320.8258843521208
2025-06-09,NTPC,INE733E01010,NTPC LTD,333.9,337.55,332.75,337.1,19416373,6514317227.3,0.9638752722010538,324.92235425897525
2025-06-10,NTPC,INE733E01010,NTPC LTD,338.8,340.9,336.8,339.2,12061248,4091387804.6,0.9638752722010538,326.94649233059744
2025-06-11,NTPC,INE733E01010,NTPC LTD,341.0,342.6,337.45,338.1,10807496,3680452804.15,0.9638752722010538,325.88622953117635
2025-06-12,NTPC,INE733E01010,NTPC LTD,338.15,341.65,332.65,333.7,11881618,3994558246.85,0.9638752722010538,321.6451783334917
2025-06-13,NTPC,INE733E01010,NTPC LTD,326.8,332.9,326.6,331.95,11711773,3877985567.95,0.9638752722010538,319.95839660713983
2025-06-16,NTPC,INE733E01010,NTPC LTD,332.0,334.65,330.6,333.7,8065112,2687912985.95,0.9638752722010538,321.6451783334917
2025-06-17,NTPC,INE733E01010,NTPC LTD,334.0,336.9,333.1,335.2,6796992,2278721350.25,0.9638752722010538,323.09099124179323
2025-06-18,NTPC,INE733E01010,NTPC LTD,335.2,335.9,330.75,332.4,17835507,5935130335.15,0.9638752722010538,320.39214047963026
2025-06-19,NTPC,INE733E01010,NTPC LTD,332.4,333.15,328.55,330.05,11610604,3842949476.5,0.9638752722010538,318.1270335899578
2025-06-20,NTPC,INE733E01010,NTPC LTD,330.0,336.0,329.7,335.2,16592862,5524093203.9,0.9638752722010538,323.09099124179323
2025-06-23,NTPC,INE733E01010,NTPC LTD,333.7,335.7,330.35,332.6,8277787,2757630139.8,0.9638752722010538,320.58491553407055
2025-06-24,NTPC,INE733E01010,NTPC LTD,331.0,331.7,321.35,329.95,100814893,32839910539.25,0.9638752722010538,318.03064606273773
2025-06-25,NTPC,INE733E01010,NTPC LTD,331.5,333.7,329.4,330.85,17963666,5950949880.75,0.9638752722010538,318.8981338077187
2025-06-26,NTPC,INE733E01010,NTPC LTD,332.4,337.8,331.3,337.15,13754087,4611360920.4,0.9638752722010538,324.97054802258526
2025-06-27,NTPC,INE733E01010,NTPC LTD,338.95,341.3,334.45,338.3,50845169,17210638618.35,0.9638752722010538,326.07900458561653
2025-06-30,NTPC,INE733E01010,NTPC LTD,335.75,337.25,333.65,334.9,11858890,3970999005.7,0.9638752722010538,322.8018286601329
2025-07-01,NTPC,INE733E01010,NTPC LTD,335.25,335.25,332.15,332.6,8903292,2968032726.2,0.9638752722010538,320.58491553407055
2025-07-02,NTPC,INE733E01010,NTPC LTD,332.65,335.65,331.3,333.75,11326880,3777147184.5,0.9638752722010538,321.6933720971017
2025-07-03,NTPC,INE733E01010,NTPC LTD,334.6,336.35,331.0,334.6,15786429,5262634967.7,0.9638752722010538,322.51266607847265
2025-07-04,NTPC,INE733E01010,NTPC LTD,335.7,336.0,332.25,335.5,5899185,1970558666.6,0.9638752722010538,323.38015382345355
2025-07-07,NTPC,INE733E01010,NTPC LTD,335.5,339.0,333.75,337.45,9454556,3187605067.0,0.9638752722010538,325.2597106042456
2025-07-08,NTPC,INE733E01010,NTPC LTD,338.2,343.9,337.0,343.2,12092302,4130002048.55,0.9638752722010538,330.8019934194017
2025-07-09,NTPC,INE733E01010,NTPC LTD,343.25,345.6,342.8,344.0,9079872,3126094855.95,0.9638752722010538,331.5730936371625
2025-07-10,NTPC,INE733E01010,NTPC LTD,344.0,345.0,341.2,341.45,6426072,2199583608.1,0.9638752722010538,329.11521169304984
2025-07-11,NTPC,INE733E01010,NTPC LTD,340.5,344.0,339.5,342.7,17234194,5906242071.3,0.9638752722010538,330.32005578330114
2025-07-14,NTPC,INE733E01010,NTPC LTD,343.05,345.0,339.95,342.1,11516965,3945259838.5,0.9638752722010538,329.74173061998056
2025-07-15,NTPC,INE733E01010,NTPC LTD,343.15,344.1,340.95,342.0,8450777,2893315824.95,0.9638752722010538,329.6453430927604
2025-07-16,NTPC,INE733E01010,NTPC LTD,342.0,343.8,340.8,342.45,6001484,2053287043.4,0.9638752722010538,330.0790869652509
2025-07-17,NTPC,INE733E01010,NTPC LTD,344.2,344.5,342.0,342.65,7562006,2595621666.45,0.9638752722010538,330.27186201969107
2025-07-18,NTPC,INE733E01010,NTPC LTD,343.0,343.9,340.65,342.1,6370338,2178636446.2,0.9638752722010538,329.74173061998056
2025-07-21,NTPC,INE733E01010,NTPC LTD,342.1,342.8,339.3,341.55,4463318,1523985390.4,0.9638752722010538,329.21159922026993
2025-07-22,NTPC,INE733E01010,NTPC LTD,341.55,342.6,340.05,340.85,4728372,1613948720.05,0.9638752722010538,328.5368865297292
2025-07-23,NTPC,INE733E01010,NTPC LTD,341.8,344.0,340.95,343.05,5058422,1734262511.65,0.9638752722010538,330.65741212857154
2025-07-24,NTPC,INE733E01010,NTPC LTD,343.6,343.6,336.5,338.9,9098453,3089521394.35,0.9638752722010538,326.6573297489371
2025-07-25,NTPC,INE733E01010,NTPC LTD,338.9,339.9,332.55,333.2,7790739,2609911092.85,0.9638752722010538,321.16324069739113
2025-07-28,NTPC,INE733E01010,NTPC LTD,333.45,336.6,330.35,332.95,4605823,1539018464.0,0.9638752722010538,320.9222718793409
2025-07-29,NTPC,INE733E01010,NTPC LTD,332.0,335.5,328.5,334.6,7551356,2512116887.7,0.9638752722010538,322.51266607847265
2025-07-30,NTPC,INE733E01010,NTPC LTD,335.0,342.3,332.5,338.8,12537358,4248419982.95,0.9638752722010538,326.560942221717
2025-07-31,NTPC,INE733E01010,NTPC LTD,336.05,340.1,333.0,334.25,8935384,3010830248.05,0.9638752722010538,322.17530973320225
2025-08-01,NTPC,INE733E01010,NTPC LTD,333.0,334.75,330.2,330.9,7107542,2362219023.3,0.9638752722010538,318.9463275713287
2025-08-04,NTPC,INE733E01010,NTPC LTD,330.9,333.3,327.2,332.0,8193399,2713669412.15,0.9638752722010538,320.0065903707499
2025-08-05,NTPC,INE733E01010,NTPC LTD,332.45,334.35,331.3,333.6,9855535,3278777281.25,0.9638752722010538,321.5487908062716
2025-08-06,NTPC,INE733E01010,NTPC LTD,333.6,335.4,331.6,332.1,13872826,4631857250.65,0.9638752722010538,320.10297789797
2025-08-07,NTPC,INE733E01010,NTPC LTD,332.1,332.45,328.65,329.75,8731389,2881775630.0,0.9638752722010538,317.8378710082975
2025-08-08,NTPC,INE733E01010,NTPC LTD,330.0,337.5,329.65,334.75,11247218,3752858767.55,0.9638752722010538,322.65724736930275
2025-08-11,NTPC,INE733E01010,NTPC LTD,335.0,339.1,333.95,336.15,11993280,4026064104.95,0.9638752722010538,324.0066727503842
2025-08-12,NTPC,INE733E01010,NTPC LTD,336.25,341.85,335.75,340.1,7221182,2454901987.1,0.9638752722010538,327.81398007557846
2025-08-13,NTPC,INE733E01010,NTPC LTD,340.3,343.0,339.15,339.95,5417151,1846178669.65,0.9638752722010538,327.66939878474824
2025-08-14,NTPC,INE733E01010,NTPC LTD,339.95,340.45,336.3,339.35,5689423,1925775311.2,0.9638752722010538,327.09107362142765
2025-08-18,NTPC,INE733E01010,NTPC LTD,341.45,341.8,335.45,336.05,6511340,2198189779.4,0.9638752722010538,323.9102852231642
2025-08-19,NTPC,INE733E01010,NTPC LTD,338.9,340.65,334.15,335.05,10316115,3463401868.35,0.9638752722010538,322.94640995096313
2025-08-20,NTPC,INE733E01010,NTPC LTD,337.8,343.4,336.5,342.0,10824544,3685994512.65,0.9638752722010538,329.6453430927604
2025-08-21,NTPC,INE733E01010,NTPC LTD,342.35,344.35,336.9,338.8,11135121,3783077950.2,0.9638752722010538,326.560942221717
2025-08-22,NTPC,INE733E01010,NTPC LTD,338.5,338.9,335.5,337.0,8534844,2876781891.4,0.9638752722010538,324.82596673175516
2025-08-25,NTPC,INE733E01010,NTPC LTD,337.05,341.4,337.05,337.85,7142387,2419540292.8,0.9638752722010538,325.64526071312605
2025-08-26,NTPC,INE733E01010,NTPC LTD,336.15,337.4,331.75,333.2,13113388,4386892564.8,0.9638752722010538,321.16324069739113
2025-08-28,NTPC,INE733E01010,NTPC LTD,331.25,332.9,328.7,330.8,10486948,3470530635.2,0.9638752722010538,318.8499400441086
2025-08-29,NTPC,INE733E01010,NTPC LTD,331.0,331.5,327.0,327.55,11813425,3876308139.1,0.9638752722010538,315.7173454094552
2025-09-01,NTPC,INE733E01010,NTPC LTD,328.0,331.6,328.0,330.7,6897558,2278124429.4,0.9638752722010538,318.7535525168885
2025-09-02,NTPC,INE733E01010,NTPC LTD,331.1,338.25,331.1,336.3,9224639,3101974322.6,0.9638752722010538,324.15125404121443
2025-09-03,NTPC,INE733E01010,NTPC LTD,336.5,338.0,333.5,334.25,10778333,3617537703.2,0.9638752722010538,322.17530973320225
2025-09-04,NTPC,INE733E01010,NTPC LTD,333.5,334.9,329.3,330.05,7934237,2633917832.8,0.9736334534094961,321.3477212978042
2025-09-05,NTPC,INE733E01010,NTPC LTD,330.05,331.8,325.95,328.7,5678244,1863677764.25,0.9736334534094961,320.0333161357014
2025-09-08,NTPC,INE733E01010,NTPC LTD,328.75,330.95,326.35,326.7,5239184,1717474623.75,0.9736334534094961,318.08604922888236
2025-09-09,NTPC,INE733E01010,NTPC LTD,327.6,328.15,323.65,324.1,9735495,3164772503.35,0.9736334534094961,315.5546022500177
2025-09-10,NTPC,INE733E01010,NTPC LTD,325.5,328.05,325.15,325.65,6509477,2124225389.8,0.9736334534094961,317.0637341028024
2025-09-11,NTPC,INE733E01010,NTPC LTD,326.45,333.5,326.0,331.05,10309925,3413519205.5,0.9736334534094961,322.32135475121373
2025-09-12,NTPC,INE733E01010,NTPC LTD,332.0,333.5,328.4,331.7,5257048,1739397609.75,0.9736334534094961,322.95421649592987
2025-09-15,NTPC,INE733E01010,NTPC LTD,331.0,333.8,330.65,331.1,6566824,2178763733.4,0.9736334534094961,322.3700364238842
2025-09-16,NTPC,INE733E01010,NTPC LTD,331.2,335.8,331.2,335.05,8784889,2939204182.6,0.9736334534094961,326.2158885648517
2025-09-17,NTPC,INE733E01010,NTPC LTD,335.5,337.45,334.55,336.4,7936518,2666891222.7,0.9736334534094961,327.5302937269545
2025-09-18,NTPC,INE733E01010,NTPC LTD,337.0,337.6,334.1,336.95,6497322,2183165776.35,0.9736334534094961,328.0657921263297
2025-09-19,NTPC,INE733E01010,NTPC LTD,336.95,339.5,336.45,338.65,10646331,3604819953.35,0.9736334534094961,329.72096899712585
2025-09-22,NTPC,INE733E01010,NTPC LTD,339.15,340.35,336.85,339.2,6966213,2360127813.5,0.9736334534094961,330.2564673965011
2025-09-23,NTPC,INE733E01010,NTPC LTD,339.45,344.1,338.1,343.0,10738268,3674615175.95,0.9736334534094961,333.95627451945717
2025-09-24,NTPC,INE733E01010,NTPC LTD,343.3,350.4,342.25,347.6,14653575,5094782252.6,0.9736334534094961,338.43498840514087
2025-09-25,NTPC,INE733E01010,NTPC LTD,349.3,350.8,340.0,340.5,13228081,4558637562.65,0.9736334534094961,331.5221908859334
2025-09-26,NTPC,INE733E01010,NTPC LTD,340.5,340.75,336.45,337.9,6337702,2142700920.95,0.9736334534094961,328.99074390706875
2025-09-29,NTPC,INE733E01010,NTPC LTD,339.1,343.75,338.0,340.95,16922231,5769265406.8,0.9736334534094961,331.9603259399677
2025-09-30,NTPC,INE733E01010,NTPC LTD,341.1,343.05,339.15,340.45,8308029,2829497441.25,0.9736334534094961,331.47350921326296
2025-10-01,NTPC,INE733E01010,NTPC LTD,340.3,343.05,338.05,340.25,6022078,2049316302.4,0.9736334534094961,331.2787825225811
2025-10-03,NTPC,INE733E01010,NTPC LTD,340.25,343.5,338.75,342.0,8506827,2902977846.75,0.9736334534094961,332.9826410660477
2025-10-06,NTPC,INE733E01010,NTPC LTD,340.6,341.8,335.65,339.1,8436245,2853645175.9,0.9736334534094961,330.15910405116017
2025-10-07,NTPC,INE733E01010,NTPC LTD,339.1,341.4,336.85,338.0,16130172,5453290874.5,0.9736334534094961,329.0881072524097
2025-10-08,NTPC,INE733E01010,NTPC LTD,339.25,339.25,332.3,333.8,13223442,4421234103.75,0.9736334534094961,324.9988467480898
2025-10-09,NTPC,INE733E01010,NTPC LTD,333.8,336.4,331.2,335.85,6824759,2283353521.75,0.9736334534094961,326.9947953275793
2025-10-10,NTPC,INE733E01010,NTPC LTD,336.0,341.95,335.95,339.7,8970962,3052243966.2,0.9736334534094961,330.74328412320585
2025-10-13,NTPC,INE733E01010,NTPC LTD,337.95,342.1,336.2,341.7,6663149,2264746359.8,0.9736334534094961,332.69055103002484
2025-10-14,NTPC,INE733E01010,NTPC LTD,342.0,343.0,335.2,336.65,7545848,2552477107.35,0.9736334534094961,327.77370209030687
2025-10-15,NTPC,INE733E01010,NTPC LTD,336.95,341.75,336.75,339.25,8121744,2762313610.1,0.9736334534094961,330.3051490691716
2025-10-16,NTPC,INE733E01010,NTPC LTD,340.2,342.6,339.65,341.5,6788416,2318931416.05,0.9736334534094961,332.49582433934296
2025-10-17,NTPC,INE733E01010,NTPC LTD,341.5,344.2,340.15,341.0,7032129,2404952312.05,0.9736334534094961,332.0090076126382
2025-10-20,NTPC,INE733E01010,NTPC LTD,341.4,344.45,340.3,341.95,6896835,2360177802.35,0.9736334534094961,332.9339593933772
2025-10-23,NTPC,INE733E01010,NTPC LTD,343.8,345.2,341.05,342.65,8710859,2992291705.05,0.9736334534094961,333.6155028107638
2025-10-24,NTPC,INE733E01010,NTPC LTD,342.45,343.25,338.15,339.6,7584711,2581268440.15,0.9736334534094961,330.6459207778649
2025-10-27,NTPC,INE733E01010,NTPC LTD,340.7,342.9,340.45,341.75,6752390,2307902944.9,0.9736334534094961,332.7392327026953
2025-10-28,NTPC,INE733E01010,NTPC LTD,342.4,342.9,337.3,339.15,13186584,4475370183.4,0.9736334534094961,330.20778572383057
2025-10-29,NTPC,INE733E01010,NTPC LTD,339.25,350.0,339.15,347.5,15423201,5353214660.15,0.9736334534094961,338.3376250597999
2025-10-30,NTPC,INE733E01010,NTPC LTD,349.0,349.0,343.45,345.15,6721032,2321268860.8,0.9736334534094961,336.04958644428757
2025-10-31,NTPC,INE733E01010,NTPC LTD,345.0,345.0,335.6,336.95,18651312,6297965366.4,0.9736334534094961,328.0657921263297
2025-11-03,NTPC,INE733E01010,NTPC LTD,336.85,337.5,333.4,335.2,10242245,3434812516.7,0.9736334534094961,326.3619335828631
2025-11-04,NTPC,INE733E01010,NTPC LTD,335.4,336.0,329.7,330.6,11887651,3933485086.5,0.9736334534094961,321.88321969717947
2025-11-06,NTPC,INE733E01010,NTPC LTD,332.05,332.95,324.6,326.65,11587302,3788401641.65,0.9736334534094961,318.0373675562119
2025-11-07,NTPC,INE733E01010,NTPC LTD,324.4,327.1,320.85,326.1,8578167,2786341752.9,0.9818998689602096,320.1975472679244
2025-11-10,NTPC,INE733E01010,NTPC LTD,326.1,328.25,324.0,325.45,5246998,1708330389.1,0.9818998689602096,319.5593123531002
2025-11-11,NTPC,INE733E01010,NTPC LTD,325.95,327.45,322.85,326.65,6103758,1987486084.5,0.9818998689602096,320.73759219585247
2025-11-12,NTPC,INE733E01010,NTPC LTD,327.5,328.25,325.55,327.15,6850550,2240739041.55,0.9818998689602096,321.2285421303326
2025-11-13,NTPC,INE733E01010,NTPC LTD,327.15,329.95,325.55,326.95,7276001,2386790567.95,0.9818998689602096,321.03216215654055
2025-11-14,NTPC,INE733E01010,NTPC LTD,327.0,329.9,326.2,328.45,9169855,3007967211.8,0.9818998689602096,322.50501195998083
2025-11-17,NTPC,INE733E01010,NTPC LTD,329.0,331.45,328.55,330.2,6283156,2073745001.1,0.9818998689602096,324.22333673066123
2025-11-18,NTPC,INE733E01010,NTPC LTD,329.05,329.75,327.15,328.45,6776200,2224835634.55,0.9818998689602096,322.50501195998083
2025-11-19,NTPC,INE733E01010,NTPC LTD,328.95,328.95,325.05,326.6,6935056,2262656460.65,0.9818998689602096,320.6884972024045
2025-11-20,NTPC,INE733E01010,NTPC LTD,328.0,330.0,326.2,326.6,5155775,1690683403.4,0.9818998689602096,320.6884972024045
2025-11-21,NTPC,INE733E01010,NTPC LTD,326.85,328.4,325.0,326.65,6142545,2006805167.2,0.9818998689602096,320.73759219585247
2025-11-24,NTPC,INE733E01010,NTPC LTD,326.7,327.1,322.05,323.45,13719726,4449331462.1,0.9818998689602096,317.5955126151798
2025-11-25,NTPC,INE733E01010,NTPC LTD,323.45,325.6,322.5,323.7,8074651,2618250758.95,0.9818998689602096,317.84098758241987
2025-11-26,NTPC,INE733E01010,NTPC LTD,324.3,327.8,324.0,326.1,7101095,2316255781.0,0.9818998689602096,320.1975472679244
2025-11-27,NTPC,INE733E01010,NTPC LTD,327.15,328.75,325.0,327.35,6755179,2211056904.0,0.9818998689602096,321.4249221041247
2025-11-28,NTPC,INE733E01010,NTPC LTD,328.0,328.15,324.25,326.45,8930988,2914560217.0,0.9818998689602096,320.54121222206044
2025-12-01,NTPC,INE733E01010,NTPC LTD,327.1,328.25,325.45,327.1,6936186,2266431745.0,0.9818998689602096,321.1794471368846
2025-12-02,NTPC,INE733E01010,NTPC LTD,327.45,329.95,326.75,328.6,5806943,1908751381.0,0.9818998689602096,322.6522969403249
2025-12-03,NTPC,INE733E01010,NTPC LTD,329.0,329.0,321.3,322.95,8546132,2762285059.9,0.9818998689602096,317.1045626806997
2025-12-04,NTPC,INE733E01010,NTPC LTD,322.9,324.3,321.1,322.95,5965357,1926774502.2,0.9818998689602096,317.1045626806997
2025-12-05,NTPC,INE733E01010,NTPC LTD,322.25,324.15,320.95,323.3,6574010,2123331040.95,0.9818998689602096,317.4482276348358
2025-12-08,NTPC,INE733E01010,NTPC LTD,323.2,323.2,317.85,319.5,7906928,2532068357.65,0.9818998689602096,313.717008132787
2025-12-09,NTPC,INE733E01010,NTPC LTD,317.45,321.4,315.55,319.85,7152584,2284178651.9,0.9818998689602096,314.0606730869231
2025-12-10,NTPC,INE733E01010,NTPC LTD,319.85,323.7,319.5,321.6,5484712,1765395715.7,0.9818998689602096,315.77899785760343
2025-12-11,NTPC,INE733E01010,NTPC LTD,321.65,323.45,319.15,322.6,6317942,2036298106.9,0.9818998689602096,316.76089772656366
2025-12-12,NTPC,INE733E01010,NTPC LTD,322.9,325.95,322.9,325.05,4261023,1383518789.95,0.9818998689602096,319.16655240551614
2025-12-15,NTPC,INE733E01010,NTPC LTD,323.05,325.3,321.55,323.95,10219819,3309146106.6,0.9818998689602096,318.0864625496599
2025-12-16,NTPC,INE733E01010,NTPC LTD,322.05,323.8,319.05,321.0,5241263,1682994021.6,0.9818998689602096,315.18985793622727
2025-12-17,NTPC,INE733E01010,NTPC LTD,320.0,322.4,319.55,321.25,5043027,1619345144.1,0.9818998689602096,315.4353329034673
2025-12-18,NTPC,INE733E01010,NTPC LTD,322.0,322.15,317.0,318.5,5554193,1767887300.85,0.9818998689602096,312.73510826382676
2025-12-19,NTPC,INE733E01010,NTPC LTD,318.95,320.6,317.5,319.9,10833662,3455628008.3,0.9818998689602096,314.10976808037105
2025-12-22,NTPC,INE733E01010,NTPC LTD,319.95,323.65,319.5,320.7,8925871,2868750852.1,0.9818998689602096,314.89528797553925
2025-12-23,NTPC,INE733E01010,NTPC LTD,321.05,324.75,320.25,323.25,6024641,1949772839.95,0.9818998689602096,317.3991326413878
2025-12-24,NTPC,INE733E01010,NTPC LTD,323.9,326.65,322.25,322.55,5678004,1839545461.85,0.9818998689602096,316.71180273311563
2025-12-26,NTPC,INE733E01010,NTPC LTD,322.55,325.75,322.3,324.1,4174183,1353342103.1,0.9818998689602096,318.233747530004
2025-12-29,NTPC,INE733E01010,NTPC LTD,324.1,325.8,323.05,325.5,14043845,4564412936.45,0.9818998689602096,319.60840734654823
2025-12-30,NTPC,INE733E01010,NTPC LTD,325.0,325.55,323.35,324.9,8035909,2610202183.25,0.9818998689602096,319.0192674251721
2025-12-31,NTPC,INE733E01010,NTPC LTD,324.75,330.65,324.7,329.55,8497983,2798719366.0,0.9818998689602096,323.5851018158371
2026-01-01,NTPC,INE733E01010,NTPC LTD,329.8,336.9,329.6,336.3,10357315,3465863761.5,0.9818998689602096,330.2129259313185
2026-01-02,NTPC,INE733E01010,NTPC LTD,336.8,353.0,335.95,352.1,23128940,8029915296.5,0.9818998689602096,345.72694386088983
2026-01-05,NTPC,INE733E01010,NTPC LTD,350.35,354.8,348.4,350.6,18248271,6409923863.25,0.9818998689602096,344.25409405744955
2026-01-06,NTPC,INE733E01010,NTPC LTD,349.9,354.1,346.15,350.8,8641743,3023717743.1,0.9818998689602096,344.4504740312415
2026-01-07,NTPC,INE733E01010,NTPC LTD,349.55,351.35,346.3,348.85,7165806,2493632911.85,0.9818998689602096,342.53576928676915
2026-01-08,NTPC,INE733E01010,NTPC LTD,346.75,349.8,342.2,344.4,8805975,3038498290.05,0.9818998689602096,338.16631486989615
2026-01-09,NTPC,INE733E01010,NTPC LTD,344.4,344.4,334.4,336.0,10161744,3432522910.8,0.9818998689602096,329.91835597063044
2026-01-12,NTPC,INE733E01010,NTPC LTD,336.75,340.65,333.7,337.45,9406174,3176002051.55,0.9818998689602096,331.34211078062276
2026-01-13,NTPC,INE733E01010,NTPC LTD,337.45,339.25,335.05,337.9,5583379,1883168616.7,0.9818998689602096,331.7839657216548
2026-01-14,NTPC,INE733E01010,NTPC LTD,338.9,350.5,337.45,349.1,20389924,7085302017.85,0.9818998689602096,342.7812442540092
2026-01-16,NTPC,INE733E01010,NTPC LTD,352.65,354.05,345.4,346.35,14275582,4994248829.75,0.9818998689602096,340.08101961436864
2026-01-19,NTPC,INE733E01010,NTPC LTD,343.5,347.95,342.05,343.35,9974363,3437392018.2,0.9818998689602096,337.135320007488
2026-01-20,NTPC,INE733E01010,NTPC LTD,343.0,348.3,337.7,338.75,7718407,2651560847.15,0.9818998689602096,332.618580610271
2026-01-21,NTPC,INE733E01010,NTPC LTD,338.8,341.6,336.8,338.7,6948955,2355826637.65,0.9818998689602096,332.569485616823
2026-01-22,NTPC,INE733E01010,NTPC LTD,338.7,343.2,337.1,342.45,5885972,2007953885.45,0.9818998689602096,336.2516101254238
2026-01-23,NTPC,INE733E01010,NTPC LTD,343.95,345.45,336.1,336.7,10084314,3430565015.4,0.9818998689602096,330.6056858789026
2026-01-27,NTPC,INE733E01010,NTPC LTD,340.5,346.5,337.05,344.7,12203590,4183374736.4,0.9818998689602096,338.46088483058423
2026-01-28,NTPC,INE733E01010,NTPC LTD,344.7,353.25,344.7,348.05,13566973,4732162587.5,0.9818998689602096,341.75024939160096
2026-01-29,NTPC,INE733E01010,NTPC LTD,350.0,360.5,347.3,358.15,20624409,7348165165.8,0.9818998689602096,351.66743806809905
2026-01-30,NTPC,INE733E01010,NTPC LTD,359.0,359.35,351.1,356.0,22641103,8034318549.4,0.9818998689602096,349.55635334983464
2026-02-02,NTPC,INE733E01010,NTPC LTD,344.95,352.75,337.75,350.35,12622760,4368720204.9,0.9818998689602096,344.0086190902095
2026-02-03,NTPC,INE733E01010,NTPC LTD,365.95,365.95,353.8,358.55,11559806,4135116806.0,0.9818998689602096,352.06019801568317
2026-02-04,NTPC,INE733E01010,NTPC LTD,359.45,368.55,357.6,367.25,15515053,5672224110.85,0.9818998689602096,360.602726875637
2026-02-05,NTPC,INE733E01010,NTPC LTD,369.75,370.7,365.0,367.0,18789794,6907349262.35,0.9818998689602096,360.35725190839696
2026-02-06,NTPC,INE733E01010,NTPC LTD,361.8,365.95,361.0,365.05,7328789,2661906029.65,0.9893129770992366,361.14870229007636
2026-02-09,NTPC,INE733E01010,NTPC LTD,366.55,368.6,361.0,361.9,7983235,2908554768.5,0.9893129770992366,358.0323664122137
2026-02-10,NTPC,INE733E01010,NTPC LTD,361.9,368.15,361.25,366.9,8319282,3049952844.3,0.9893129770992366,362.9789312977099
2026-02-11,NTPC,INE733E01010,NTPC LTD,369.0,369.0,366.0,368.45,5782448,2125177258.55,0.9893129770992366,364.51236641221374
2026-02-12,NTPC,INE733E01010,NTPC LTD,370.0,372.0,366.85,368.25,6763353,2495015395.6,0.9893129770992366,364.3145038167939
2026-02-13,NTPC,INE733E01010,NTPC LTD,367.55,368.0,362.4,363.0,7111972,2590133790.35,0.9893129770992366,359.12061068702286
2026-02-16,NTPC,INE733E01010,NTPC LTD,362.6,369.65,362.5,369.1,6292850,2319047994.3,0.9893129770992366,365.15541984732823
2026-02-17,NTPC,INE733E01010,NTPC LTD,368.75,369.5,366.05,368.4,4442793,1633034924.2,0.9893129770992366,364.46290076335873
2026-02-18,NTPC,INE733E01010,NTPC LTD,368.45,370.7,367.4,368.4,4871319,1794976807.5,0.9893129770992366,364.46290076335873
2026-02-19,NTPC,INE733E01010,NTPC LTD,367.0,370.9,362.2,363.2,5375352,1963338761.6,0.9893129770992366,359.3184732824427
2026-02-20,NTPC,INE733E01010,NTPC LTD,362.8,373.65,362.7,372.95,16736731,6222223587.7,0.9893129770992366,368.96427480916026
2026-02-23,NTPC,INE733E01010,NTPC LTD,374.0,376.5,372.15,375.45,16135451,6048453478.25,0.9893129770992366,371.43755725190834
2026-02-24,NTPC,INE733E01010,NTPC LTD,374.95,385.0,373.55,382.75,20774629,7867906998.6,0.9893129770992366,378.6595419847328
2026-02-25,NTPC,INE733E01010,NTPC LTD,382.75,388.55,382.7,384.9,12750016,4913933443.55,0.9893129770992366,380.78656488549615
2026-02-26,NTPC,INE733E01010,NTPC LTD,385.0,385.85,378.4,381.9,10721570,4092117699.75,0.9893129770992366,377.8186259541984
2026-02-27,NTPC,INE733E01010,NTPC LTD,381.0,385.2,380.15,381.9,11548959,4418055541.25,0.9893129770992366,377.8186259541984
2026-03-02,NTPC,INE733E01010,NTPC LTD,365.0,378.95,365.0,377.55,14732253,5528627124.85,0.9893129770992366,373.5151145038168
2026-03-04,NTPC,INE733E01010,NTPC LTD,370.75,373.85,364.1,365.8,11433169,4194551052.0,0.9893129770992366,361.89068702290075
2026-03-05,NTPC,INE733E01010,NTPC LTD,366.95,379.9,366.6,378.05,16158714,6073583394.65,0.9893129770992366,374.0097709923664
2026-03-06,NTPC,INE733E01010,NTPC LTD,377.0,385.55,374.65,380.6,14940896,5725442810.2,0.9893129770992366,376.5325190839695
2026-03-09,NTPC,INE733E01010,NTPC LTD,373.0,379.0,371.4,376.25,11286578,4230333667.0,0.9893129770992366,372.2290076335878
2026-03-10,NTPC,INE733E01010,NTPC LTD,385.0,385.45,374.85,377.3,10875834,4116348415.9,0.9893129770992366,373.267786259542
2026-03-11,NTPC,INE733E01010,NTPC LTD,377.5,383.9,376.45,379.9,9963701,3799305266.25,0.9893129770992366,375.84
2026-03-12,NTPC,INE733E01010,NTPC LTD,379.0,392.4,375.65,390.55,23847146,9250982430.3,0.9893129770992366,386.3761832061069
2026-03-13,NTPC,INE733E01010,NTPC LTD,391.85,394.5,383.2,384.45,27107369,10535265487.1,0.9893129770992366,380.3413740458015
2026-03-16,NTPC,INE733E01010,NTPC LTD,384.5,388.25,375.45,382.4,16793109,6393612911.15,0.9893129770992366,378.31328244274806
2026-03-17,NTPC,INE733E01010,NTPC LTD,382.9,385.9,378.3,383.35,9720902,3721581415.65,0.9893129770992366,379.25312977099236
2026-03-18,NTPC,INE733E01010,NTPC LTD,385.0,386.35,377.6,378.5,10681498,4057866287.65,0.9893129770992366,374.45496183206103
2026-03-19,NTPC,INE733E01010,NTPC LTD,373.5,380.75,373.1,374.05,10568326,3972936466.75,0.9893129770992366,370.05251908396946
2026-03-20,NTPC,INE733E01010,NTPC LTD,375.85,383.3,375.5,380.95,20930288,7976285183.5,0.9893129770992366,376.87877862595417
2026-03-23,NTPC,INE733E01010,NTPC LTD,377.1,379.5,369.3,372.4,13148432,4903097109.55,0.9893129770992366,368.4201526717557
2026-03-24,NTPC,INE733E01010,NTPC LTD,378.0,378.15,371.0,375.55,9339144,3502871919.0,0.9893129770992366,371.5364885496183
2026-03-25,NTPC,INE733E01010,NTPC LTD,376.0,380.95,375.6,378.4,9266292,3505003263.2,0.9893129770992366,374.35603053435113
2026-03-27,NTPC,INE733E01010,NTPC LTD,379.9,379.9,374.65,375.65,20263654,7623500093.45,0.9893129770992366,371.6354198473282
2026-03-30,NTPC,INE733E01010,NTPC LTD,374.0,377.95,369.65,370.65,17974103,6708624123.75,0.9893129770992366,366.688854961832
2026-04-01,NTPC,INE733E01010,NTPC LTD,381.3,381.9,361.45,364.65,15449629,5679272743.95,0.9893129770992366,360.7529770992366
2026-04-02,NTPC,INE733E01010,NTPC LTD,359.95,361.3,352.0,359.65,16551512,5885788121.5,0.9893129770992366,355.80641221374043
2026-04-06,NTPC,INE733E01010,NTPC LTD,358.8,366.75,355.7,366.1,11534034,4169466546.65,0.9893129770992366,362.18748091603055
2026-04-07,NTPC,INE733E01010,NTPC LTD,364.85,369.8,362.25,368.85,12603971,4636376891.4,0.9893129770992366,364.90809160305344
2026-04-08,NTPC,INE733E01010,NTPC LTD,373.5,375.55,368.25,374.15,19491331,7242130251.35,0.9893129770992366,370.15145038167935
2026-04-09,NTPC,INE733E01010,NTPC LTD,376.95,384.2,376.5,378.65,18503665,7040119731.05,0.9893129770992366,374.60335877862593
2026-04-10,NTPC,INE733E01010,NTPC LTD,381.2,384.45,372.05,380.15,14953758,5661420412.65,0.9893129770992366,376.0873282442748
2026-04-13,NTPC,INE733E01010,NTPC LTD,374.35,388.0,374.35,386.25,15240045,5851550942.3,0.9893129770992366,382.12213740458014
2026-04-15,NTPC,INE733E01010,NTPC LTD,390.25,393.95,387.1,392.6,7722460,3025006484.7,0.9893129770992366,388.4042748091603
2026-04-16,NTPC,INE733E01010,NTPC LTD,397.0,397.25,387.8,390.8,9896906,3879483330.75,0.9893129770992366,386.62351145038167
2026-04-17,NTPC,INE733E01010,NTPC LTD,393.0,396.25,388.45,393.6,15320653,6003573095.35,0.9893129770992366,389.39358778625956
2026-04-20,NTPC,INE733E01010,NTPC LTD,393.0,400.85,390.65,398.0,9895187,3937524394.15,0.9893129770992366,393.7465648854962
2026-04-21,NTPC,INE733E01010,NTPC LTD,398.6,402.7,395.7,396.2,9493644,3788475833.55,0.9893129770992366,391.96580152671754
2026-04-22,NTPC,INE733E01010,NTPC LTD,398.0,407.25,393.2,405.4,16411131,6632275717.95,0.9893129770992366,401.0674809160305
2026-04-23,NTPC,INE733E01010,NTPC LTD,404.0,405.9,400.4,402.25,9144699,3684731188.25,0.9893129770992366,397.9511450381679
2026-04-24,NTPC,INE733E01010,NTPC LTD,404.75,405.25,399.2,401.85,6266676,2513677765.75,0.9893129770992366,397.55541984732827
2026-04-27,NTPC,INE733E01010,NTPC LTD,403.9,414.4,402.6,410.2,13001752,5331028744.15,0.9893129770992366,405.81618320610687
2026-04-28,NTPC,INE733E01010,NTPC LTD,414.0,414.2,405.95,406.85,7726655,3162855645.15,0.9893129770992366,402.50198473282444
2026-04-29,NTPC,INE733E01010,NTPC LTD,409.5,410.0,399.65,401.3,11920835,4823731672.1,0.9893129770992366,397.01129770992367
2026-04-30,NTPC,INE733E01010,NTPC LTD,400.0,400.3,393.15,399.15,7706357,3064615294.0,0.9893129770992366,394.8842748091603
2026-05-04,NTPC,INE733E01010,NTPC LTD,400.0,404.8,397.25,400.05,6333200,2536977384.55,0.9893129770992366,395.7746564885496
2026-05-05,NTPC,INE733E01010,NTPC LTD,398.3,400.5,394.55,398.65,6791514,2703763839.55,0.9893129770992366,394.3896183206106
2026-05-06,NTPC,INE733E01010,NTPC LTD,400.0,403.0,391.65,394.85,11120409,4406318820.15,0.9893129770992366,390.6302290076336
2026-05-07,NTPC,INE733E01010,NTPC LTD,396.75,403.5,393.15,400.35,9700378,3873917213.2,0.9893129770992366,396.07145038167937
2026-05-08,NTPC,INE733E01010,NTPC LTD,398.0,405.1,397.15,402.15,4740939,1901255892.0,0.9893129770992366,397.85221374045796
2026-05-11,NTPC,INE733E01010,NTPC LTD,401.9,405.0,391.0,392.95,10088836,4006645602.75,0.9893129770992366,388.750534351145
2026-05-12,NTPC,INE733E01010,NTPC LTD,392.2,399.85,391.25,392.7,10247516,4051923672.3,0.9893129770992366,388.5032061068702
2026-05-13,NTPC,INE733E01010,NTPC LTD,392.0,394.05,385.8,390.45,12322076,4800687937.9,0.9893129770992366,386.2772519083969
2026-05-14,NTPC,INE733E01010,NTPC LTD,393.7,398.55,391.2,396.3,7363948,2915894506.2,0.9893129770992366,392.0647328244275
2026-05-15,NTPC,INE733E01010,NTPC LTD,396.0,398.0,392.5,395.25,7107857,2809259747.8,0.9893129770992366,391.02595419847324
2026-05-18,NTPC,INE733E01010,NTPC LTD,393.0,393.85,384.9,388.3,7632596,2969885948.75,0.9893129770992366,384.1502290076336
2026-05-19,NTPC,INE733E01010,NTPC LTD,386.7,392.75,386.05,389.4,6693518,2611284079.65,0.9893129770992366,385.2384732824427
2026-05-20,NTPC,INE733E01010,NTPC LTD,386.1,393.35,384.0,392.45,5386249,2098156715.6,0.9893129770992366,388.2558778625954
2026-05-21,NTPC,INE733E01010,NTPC LTD,393.5,395.55,387.85,388.8,10596954,4135367077.75,0.9893129770992366,384.6448854961832
2026-05-22,NTPC,INE733E01010,NTPC LTD,389.95,391.5,387.45,388.65,11755213,4572282430.45,0.9893129770992366,384.4964885496183
2026-05-25,NTPC,INE733E01010,NTPC LTD,391.95,392.8,386.45,390.05,10489850,4086410782.1,0.9893129770992366,385.8815267175572
2026-05-26,NTPC,INE733E01010,NTPC LTD,390.75,392.25,389.0,389.7,9062218,3537114331.65,0.9893129770992366,385.53526717557247
2026-05-27,NTPC,INE733E01010,NTPC LTD,390.35,403.1,390.35,398.15,14418621,5721597922.85,0.9893129770992366,393.894961832061
2026-05-29,NTPC,INE733E01010,NTPC LTD,400.0,401.65,385.1,386.9,17003143,6613415860.75,0.9893129770992366,382.76519083969464
2026-06-01,NTPC,INE733E01010,NTPC LTD,386.9,389.0,376.5,378.7,18408900,6999558011.85,0.9893129770992366,374.6528244274809
2026-06-02,NTPC,INE733E01010,NTPC LTD,375.95,377.5,363.05,367.4,17496468,6432988011.25,0.9893129770992366,363.4735877862595
2026-06-03,NTPC,INE733E01010,NTPC LTD,368.05,371.5,363.7,366.8,10825715,3966922359.15,0.9893129770992366,362.88
2026-06-04,NTPC,INE733E01010,NTPC LTD,366.8,368.8,364.35,366.4,14363519,5269389082.5,0.9893129770992366,362.48427480916024
2026-06-08,NTPC,INE733E01010,NTPC LTD,358.95,365.35,355.15,362.4,14933986,5417655594.3,0.9893129770992366,358.5270229007633
2026-06-09,NTPC,INE733E01010,NTPC LTD,362.8,363.7,355.0,355.65,14246656,5084131015.65,0.9893129770992366,351.8491603053435
2026-06-10,NTPC,INE733E01010,NTPC LTD,359.0,359.0,351.1,351.65,14939921,5298661806.7,0.9893129770992366,347.8919083969465
2026-06-11,NTPC,INE733E01010,NTPC LTD,352.0,353.35,348.8,351.85,15079402,5302366308.3,0.9893129770992366,348.0897709923664
2026-06-12,NTPC,INE733E01010,NTPC LTD,357.0,357.0,349.7,353.9,8740239,3081951816.1,0.9893129770992366,350.1178625954198
2026-06-17,NTPC,INE733E01010,NTPC LTD,355.55,356.05,352.05,355.55,9299676,3290996954.4,0.9893129770992366,351.7502290076336
2026-06-18,NTPC,INE733E01010,NTPC LTD,357.0,363.55,354.05,361.95,12260776,4409663821.75,0.9893129770992366,358.08183206106867
2026-06-19,NTPC,INE733E01010,NTPC LTD,361.95,368.0,359.95,365.8,17465450,6390314708.6,0.9893129770992366,361.89068702290075
2026-06-23,NTPC,INE733E01010,NTPC LTD,367.85,369.25,361.9,364.6,11696171,4266145722.85,0.9893129770992366,360.7035114503817
2026-06-24,NTPC,INE733E01010,NTPC LTD,362.85,364.05,355.5,357.05,12770898,4583671472.25,0.9893129770992366,353.23419847328245
2026-06-25,NTPC,INE733E01010,NTPC LTD,356.45,359.0,351.45,352.05,19767157,7017383266.25,0.9893129770992366,348.2876335877863
2026-06-29,NTPC,INE733E01010,NTPC LTD,352.0,357.9,351.55,356.1,49895302,17756718389.4,0.9893129770992366,352.29435114503815
2026-06-30,NTPC,INE733E01010,NTPC LTD,354.75,358.35,352.9,356.65,10291360,3659975989.05,0.9893129770992366,352.8384732824427
2026-07-01,NTPC,INE733E01010,NTPC LTD,358.0,360.85,354.25,357.9,6915166,2476320760.95,0.9893129770992366,354.07511450381674
2026-07-02,NTPC,INE733E01010,NTPC LTD,359.95,359.95,352.3,358.25,6513560,2331019603.35,0.9893129770992366,354.4213740458015
2026-07-03,NTPC,INE733E01010,NTPC LTD,358.25,360.15,355.45,356.45,6588714,2358629366.85,0.9893129770992366,352.6406106870229
2026-07-06,NTPC,INE733E01010,NTPC LTD,356.0,359.4,354.65,356.25,6204261,2216585032.75,0.9893129770992366,352.44274809160305
2026-07-07,NTPC,INE733E01010,NTPC LTD,355.8,357.15,352.55,354.2,8149003,2889829868.45,0.9893129770992366,350.4146564885496
2026-07-08,NTPC,INE733E01010,NTPC LTD,351.95,353.0,347.55,348.7,9572223,3349993354.0,0.9893129770992366,344.9734351145038
2026-07-09,NTPC,INE733E01010,NTPC LTD,349.0,351.0,343.1,343.7,17821421,6163188896.4,0.9893129770992366,340.0268702290076
2026-07-10,NTPC,INE733E01010,NTPC LTD,344.5,348.8,343.2,344.55,13016441,4493314416.4,0.9893129770992366,340.86778625954196
2026-07-13,NTPC,INE733E01010,NTPC LTD,345.05,355.0,343.7,351.75,8226337,2870661182.5,0.9893129770992366,347.9908396946565
2026-07-14,NTPC,INE733E01010,NTPC LTD,348.5,353.95,347.5,348.15,8579646,3004126246.8,0.9893129770992366,344.4293129770992
2026-07-15,NTPC,INE733E01010,NTPC LTD,347.5,348.45,343.05,344.35,11352533,3924586431.7,0.9893129770992366,340.66992366412217
2026-07-16,NTPC,INE733E01010,NTPC LTD,344.2,346.05,342.1,342.45,10347549,3561671290.65,0.9893129770992366,338.79022900763357
2026-07-17,NTPC,INE733E01010,NTPC LTD,342.5,343.9,340.25,341.85,7612446,2604094022.3,0.9893129770992366,338.1966412213741
2026-07-20,NTPC,INE733E01010,NTPC LTD,343.0,349.3,341.1,347.25,14463484,5012916567.15,0.9893129770992366,343.5389312977099
2026-07-21,NTPC,INE733E01010,NTPC LTD,347.2,349.15,344.15,348.55,8575793,2974473297.45,0.9893129770992366,344.82503816793894
2026-07-22,NTPC,INE733E01010,NTPC LTD,347.4,350.85,345.65,350.5,7035952,2457934903.2,0.9893129770992366,346.75419847328243
2026-07-23,NTPC,INE733E01010,NTPC LTD,348.55,350.7,347.1,348.6,6863144,2393470718.5,0.9893129770992366,344.8745038167939
2026-07-24,NTPC,INE733E01010,NTPC LTD,347.95,350.0,345.1,347.2,6300466,2191842036.95,0.9893129770992366,343.48946564885495
2026-07-27,NTPC,INE733E01010,NTPC LTD,353.0,353.0,347.8,350.8,12350753,4329159686.8,0.9893129770992366,347.05099236641223
2026-07-28,NTPC,INE733E01010,NTPC LTD,349.95,350.0,342.1,343.75,12409670,4266025890.4,0.9893129770992366,340.07633587786256
2026-07-29,NTPC,INE733E01010,NTPC LTD,343.7,345.35,341.15,343.5,8471125,2905332439.65,0.9893129770992366,339.82900763358776
2026-07-30,NTPC,INE733E01010,NTPC LTD,343.5,347.65,341.85,344.85,9943764,3429514465.05,0.9893129770992366,341.16458015267176
2026-07-31,NTPC,INE733E01010,NTPC LTD,344.1,348.25,343.55,347.25,8519119,2949886846.3,0.9893129770992366,343.5389312977099
2026-08-03,NTPC,INE733E01010,NTPC LTD,347.25,350.9,345.3,350.9,5460220,1895835113.85,0.9893129770992366,347.1499236641221
2026-08-04,NTPC,INE733E01010,NTPC LTD,348.0,348.95,341.6,343.65,7201524,2485890371.8,0.9893129770992366,339.9774045801526
2026-08-05,NTPC,INE733E01010,NTPC LTD,343.45,349.9,342.75,349.9,18554536,6444250780.7,0.9893129770992366,346.1606106870229
2026-08-06,NTPC,INE733E01010,NTPC LTD,347.5,349.25,343.1,345.0,10079779,3473637204.7,0.9893129770992366,341.3129770992366
2026-08-07,NTPC,INE733E01010,NTPC LTD,345.0,347.0,342.5,342.5,7012048,2415382659.65,0.9893129770992366,338.8396946564885
2026-08-10,NTPC,INE733E01010,NTPC LTD,342.5,343.7,337.15,340.45,8818488,2996783173.2,0.9893129770992366,336.8116030534351
2026-08-11,NTPC,INE733E01010,NTPC LTD,339.6,340.4,336.05,338.45,10043994,3390031305.25,0.9893129770992366,334.83297709923664
2026-08-12,NTPC,INE733E01010,NTPC LTD,338.45,341.35,335.35,339.45,10152704,3428154388.35,0.9893129770992366,335.82229007633583
2026-08-13,NTPC,INE733E01010,NTPC LTD,338.05,344.25,338.0,344.25,9672695,3301104991.65,0.9893129770992366,340.5709923664122
2026-08-14,NTPC,INE733E01010,NTPC LTD,343.65,343.65,337.5,340.0,7507624,2548515992.2,0.9893129770992366,336.36641221374043
2026-08-17,NTPC,INE733E01010,NTPC LTD,340.0,340.3,335.7,337.0,7839848,2645197334.5,0.9893129770992366,333.39847328244275
2026-08-18,NTPC,INE733E01010,NTPC LTD,337.0,339.3,333.9,337.1,9943991,3362374629.2,0.9893129770992366,333.4974045801527
2026-08-19,NTPC,INE733E01010,NTPC LTD,336.3,338.85,333.6,336.55,7502595,2517496472.05,0.9893129770992366,332.9532824427481
2026-08-20,NTPC,INE733E01010,NTPC LTD,337.1,339.55,334.4,337.5,4185077,1413920417.9,0.9893129770992366,333.89312977099235
2026-08-21,NTPC,INE733E01010,NTPC LTD,337.0,342.85,337.0,340.0,6534716,2223906400.95,0.9893129770992366,336.36641221374043
2026-08-24,NTPC,INE733E01010,NTPC LTD,340.7,342.05,337.45,339.5,5401943,1833724101.8,0.9893129770992366,335.87175572519084
2026-08-25,NTPC,INE733E01010,NTPC LTD,339.0,340.8,335.65,339.85,5260835,1777401443.0,0.9893129770992366,336.2180152671756
2026-08-26,NTPC,INE733E01010,NTPC LTD,341.55,344.45,334.6,334.6,5903358,2007844204.75,0.9893129770992366,331.0241221374046
2026-08-27,NTPC,INE733E01010,NTPC LTD,335.0,335.95,328.4,330.9,12911842,4261940860.55,0.9893129770992366,327.3636641221374
2026-08-28,NTPC,INE733E01010,NTPC LTD,329.5,333.1,328.8,330.05,7332490,2427187702.3,0.9893129770992366,326.52274809160303
2026-08-31,NTPC,INE733E01010,NTPC LTD,330.1,330.45,323.5,327.4,18400774,6006184992.4,0.9893129770992366,323.90106870229005
2026-09-01,NTPC,INE733E01010,NTPC LTD,327.4,328.25,325.05,327.5,7377499,2411226935.95,0.9893129770992366,324.0
2026-09-02,NTPC,INE733E01010,NTPC LTD,324.0,331.1,321.0,330.0,11993091,3927701357.65,1.0,330.0
2026-09-03,NTPC,INE733E01010,NTPC LTD,330.45,332.7,329.1,330.9,8100926,2679622985.0,1.0,330.9
2026-09-04,NTPC,INE733E01010,NTPC LTD,332.75,334.05,329.8,332.5,7032282,2336377442.05,1.0,332.5
2026-09-07,NTPC,INE733E01010,NTPC LTD,332.5,333.8,330.35,332.0,5245813,1739860025.35,1.0,332.0
2026-09-08,NTPC,INE733E01010,NTPC LTD,330.0,333.2,328.65,330.8,7351373,2434778736.15,1.0,330.8
2026-09-09,NTPC,INE733E01010,NTPC LTD,331.1,337.5,330.9,334.5,11795145,3950450841.35,1.0,334.5
2026-09-10,NTPC,INE733E01010,NTPC LTD,335.65,335.7,333.1,335.0,6905905,2310534430.45,1.0,335.0
2026-09-11,NTPC,INE733E01010,NTPC LTD,333.0,336.25,331.6,333.4,4968535,1661831521.65,1.0,333.4
2026-09-15,NTPC,INE733E01010,NTPC LTD,333.0,333.3,326.4,329.5,8445501,2773161043.5,1.0,329.5
2026-09-16,NTPC,INE733E01010,NTPC LTD,329.5,329.95,326.55,327.0,6556304,2152474424.0,1.0,327.0
2026-09-17,NTPC,INE733E01010,NTPC LTD,327.8,331.3,327.2,329.6,5589949,1842110336.75,1.0,329.6
2026-09-18,NTPC,INE733E01010,NTPC LTD,329.8,330.85,323.65,323.65,9448827,3086192636.65,1.0,323.65
