date,symbol,isin,name,open,high,low,close,volume,turnover,adj_factor_cumulative,adj_close
2010-01-04,TATASTEEL,INE081A01012,,622.0,636.5,616.9,633.75,5569757,3501787576.85,0.06542587079405904,41.46364561573492
2010-01-05,TATASTEEL,INE081A01012,,638.55,654.8,638.55,649.1,7801935,5060915931.75,0.06542587079405904,42.467932732423726
2010-01-06,TATASTEEL,INE081A01012,,660.0,660.0,637.0,642.05,7350435,4743348971.15,0.06542587079405904,42.006680343325606
2010-01-07,TATASTEEL,INE081A01012,,644.9,652.8,640.1,649.8,7635704,4936949381.15,0.06542587079405904,42.51373084197956
2010-01-08,TATASTEEL,INE081A01012,,651.0,661.5,640.9,648.45,8199586,5335209123.35,0.06542587079405904,42.425405916407584
2010-01-11,TATASTEEL,INE081A01012,,650.0,655.9,645.2,648.5,6640749,4323267657.1,0.06542587079405904,42.42867720994729
2010-01-12,TATASTEEL,INE081A01012,,641.5,648.75,623.85,625.55,6832387,4337976765.35,0.06542587079405904,40.927153475223626
2010-01-13,TATASTEEL,INE081A01012,,615.0,641.8,615.0,639.25,10315049,6516620937.45,0.06542587079405904,41.82348790510224
2010-01-14,TATASTEEL,INE081A01012,,644.75,651.2,641.55,647.7,6642444,4291637325.7,0.06542587079405904,42.37633651331204
2010-01-15,TATASTEEL,INE081A01012,,650.0,650.95,640.0,645.15,4292540,2766776693.55,0.06542587079405904,42.20950054278719
2010-01-18,TATASTEEL,INE081A01012,,642.0,642.0,630.75,637.5,5948930,3782507345.6,0.06542587079405904,41.70899263121264
2010-01-19,TATASTEEL,INE081A01012,,636.0,645.6,632.0,637.65,5015647,3207006885.35,0.06542587079405904,41.718806511831744
2010-01-20,TATASTEEL,INE081A01012,,638.0,657.4,638.0,653.7,7929039,5145104382.25,0.06542587079405904,42.7688917380764
2010-01-21,TATASTEEL,INE081A01012,,649.5,659.5,642.25,648.0,10916900,7108483682.7,0.06542587079405904,42.39596427455026
2010-01-22,TATASTEEL,INE081A01012,,641.1,641.1,617.0,624.55,8780340,5496902317.25,0.06542587079405904,40.86172760442957
2010-01-25,TATASTEEL,INE081A01012,,620.0,625.7,606.9,609.9,5328645,3270058827.2,0.06542587079405904,39.90323859729661
2010-01-27,TATASTEEL,INE081A01012,,599.9,605.7,553.25,559.65,10905233,6303503713.75,0.06542587079405904,36.61558858989514
2010-01-28,TATASTEEL,INE081A01012,,566.0,589.4,565.0,585.4,12582874,7251186530.45,0.06542587079405904,38.30030476284216
2010-01-29,TATASTEEL,INE081A01012,,578.0,581.0,551.7,569.1,11590124,6560178436.15,0.06542587079405904,37.233863068899
2010-02-01,TATASTEEL,INE081A01012,,560.0,584.8,557.95,579.85,6917219,3982528232.55,0.06542587079405904,37.937191179935134
2010-02-02,TATASTEEL,INE081A01012,,585.0,594.6,570.65,573.3,9193208,5364664914.65,0.06542587079405904,37.50865172623404
2010-02-03,TATASTEEL,INE081A01012,,578.0,603.6,577.1,600.4,9026480,5367685069.7,0.06542587079405904,39.281692824753044
2010-02-04,TATASTEEL,INE081A01012,,596.0,596.0,574.0,577.7,6958982,4072595007.75,0.06542587079405904,37.79652555772791
2010-02-05,TATASTEEL,INE081A01012,,540.0,561.5,540.0,550.2,8789441,4841837916.2,0.06542587079405904,35.99731411089129
2010-02-08,TATASTEEL,INE081A01012,,550.0,565.9,528.1,533.85,14263921,7704250274.05,0.06542587079405904,34.92760112340842
2010-02-09,TATASTEEL,INE081A01012,,531.0,542.2,530.0,533.55,7347298,3942083115.5,0.06542587079405904,34.907973362170196
2010-02-10,TATASTEEL,INE081A01012,,536.0,544.7,519.3,522.45,6927734,3707762079.15,0.06542587079405904,34.181746196356144
2010-02-11,TATASTEEL,INE081A01012,,524.85,538.35,524.85,533.95,6424782,3421186136.6,0.06542587079405904,34.934143710487824
2010-02-15,TATASTEEL,INE081A01012,,537.5,544.5,530.6,539.9,7261457,3906330588.2,0.06542587079405904,35.32342764171247
2010-02-16,TATASTEEL,INE081A01012,,542.0,552.0,540.05,550.1,6424900,3517445289.4,0.06542587079405904,35.99077152381188
2010-02-17,TATASTEEL,INE081A01012,,545.1,586.3,545.1,584.35,9588185,5548523656.55,0.06542587079405904,38.2316075985084
2010-02-18,TATASTEEL,INE081A01012,,584.0,587.0,570.1,577.15,4882515,2809336954.95,0.06542587079405904,37.76054132879117
2010-02-19,TATASTEEL,INE081A01012,,568.0,572.4,556.55,560.75,7575148,4269068757.65,0.06542587079405904,36.68755704776861
2010-02-22,TATASTEEL,INE081A01012,,568.0,580.4,567.0,572.75,5758609,3305403484.6,0.06542587079405904,37.472667497297316
2010-02-23,TATASTEEL,INE081A01012,,567.1,580.4,565.1,575.5,5695239,3267472245.8,0.06542587079405904,37.65258864198098
2010-02-24,TATASTEEL,INE081A01012,,572.0,574.8,563.55,567.3,5146093,2930313092.8,0.06542587079405904,37.11609650146969
2010-02-25,TATASTEEL,INE081A01012,,569.0,574.0,560.05,569.25,4366133,2470806996.15,0.06542587079405904,37.243676949518104
2010-02-26,TATASTEEL,INE081A01012,,570.0,592.3,564.0,574.35,5474152,3165251257.2,0.06542587079405904,37.57734889056781
2010-03-02,TATASTEEL,INE081A01012,,581.15,610.75,581.15,608.9,6672759,4011775179.75,0.06542587079405904,39.83781272650255
2010-03-03,TATASTEEL,INE081A01012,,610.0,617.3,604.3,608.2,6214107,3800939742.6,0.06542587079405904,39.79201461694671
2010-03-04,TATASTEEL,INE081A01012,,610.0,620.6,603.1,617.55,7308328,4472619192.95,0.06542587079405904,40.40374650887116
2010-03-05,TATASTEEL,INE081A01012,,620.0,627.5,616.0,618.1,4629661,2878780399.45,0.06542587079405904,40.43973073780789
2010-03-08,TATASTEEL,INE081A01012,,623.65,628.0,616.75,621.75,4379701,2725787845.85,0.06542587079405904,40.67853516620621
2010-03-09,TATASTEEL,INE081A01012,,620.0,622.35,611.0,614.7,3760466,2314832471.25,0.06542587079405904,40.217282777108096
2010-03-10,TATASTEEL,INE081A01012,,616.05,619.7,602.5,612.2,3534798,2161503765.05,0.06542587079405904,40.05371810012294
2010-03-11,TATASTEEL,INE081A01012,,612.0,615.0,602.4,608.3,3344042,2030584972.55,0.06542587079405904,39.79855720402611
2010-03-12,TATASTEEL,INE081A01012,,610.0,613.9,603.65,607.55,4003456,2436159697.25,0.06542587079405904,39.74948780093057
2010-03-15,TATASTEEL,INE081A01012,,605.2,616.9,604.15,610.05,3397854,2081759573.2,0.06542587079405904,39.91305247791571
2010-03-16,TATASTEEL,INE081A01012,,610.9,631.0,608.25,627.2,4462541,2760956425.95,0.06542587079405904,41.035106162033834
2010-03-17,TATASTEEL,INE081A01012,,536.0,643.5,536.0,632.1,5722422,3644988555.1,0.06542587079405904,41.35569292892472
2010-03-18,TATASTEEL,INE081A01012,,635.0,641.65,630.1,639.2,4070479,2587585601.15,0.06542587079405904,41.82021661156254
2010-03-19,TATASTEEL,INE081A01012,,640.5,645.5,636.35,644.25,3444527,2210059566.2,0.06542587079405904,42.15061725907253
2010-03-22,TATASTEEL,INE081A01012,,636.15,643.7,626.65,629.05,3846658,2446529301.4,0.06542587079405904,41.15614402300284
2010-03-23,TATASTEEL,INE081A01012,,632.0,640.25,628.6,637.95,3779833,2403432714.9,0.06542587079405904,41.73843427306996
2010-03-25,TATASTEEL,INE081A01012,,637.0,640.9,624.55,638.2,4284271,2715560357.7,0.06542587079405904,41.75479074076848
2010-03-26,TATASTEEL,INE081A01012,,640.0,650.0,636.3,644.1,3672833,2370923128.6,0.06542587079405904,42.14080337845343
2010-03-29,TATASTEEL,INE081A01012,,639.8,650.85,636.4,643.55,2553963,1651146448.05,0.06542587079405904,42.10481914951669
2010-03-30,TATASTEEL,INE081A01012,,645.0,650.0,632.1,634.75,3017309,1941111895.7,0.06542587079405904,41.52907148652898
2010-03-31,TATASTEEL,INE081A01012,,635.0,639.6,626.1,632.05,3943798,2495035312.6,0.06542587079405904,41.352421635385014
2010-04-01,TATASTEEL,INE081A01012,,636.0,654.0,635.2,652.2,4256033,2749332826.35,0.06542587079405904,42.67075293188531
2010-04-05,TATASTEEL,INE081A01012,,655.2,679.8,655.2,678.5,6019755,4037061574.05,0.06542587079405904,44.39145333376906
2010-04-06,TATASTEEL,INE081A01012,,681.5,694.9,673.0,687.6,5850879,4003513431.15,0.06542587079405904,44.986828757995
2010-04-07,TATASTEEL,INE081A01012,,690.0,692.8,677.5,685.65,3908562,2678862055.8,0.06542587079405904,44.85924830994658
2010-04-08,TATASTEEL,INE081A01012,,680.0,739.0,668.2,671.25,3890652,2632678898.1,0.06542587079405904,43.917115770512126
2010-04-09,TATASTEEL,INE081A01012,,674.0,686.0,671.2,676.2,3158059,2144434164.95,0.06542587079405904,44.24097383094272
2010-04-12,TATASTEEL,INE081A01012,,678.0,688.4,670.5,684.25,4104603,2800489393.9,0.06542587079405904,44.76765209083489
2010-04-13,TATASTEEL,INE081A01012,,682.45,693.5,675.55,691.95,5211657,3572218917.75,0.06542587079405904,45.27143129594916
2010-04-15,TATASTEEL,INE081A01012,,695.9,701.3,678.1,686.1,5249737,3643070975.2,0.06542587079405904,44.888689951803904
2010-04-16,TATASTEEL,INE081A01012,,684.0,698.3,676.0,695.7,4318168,2966672070.95,0.06542587079405904,45.516778311426876
2010-04-19,TATASTEEL,INE081A01012,,682.7,688.0,662.45,669.8,6370332,4275300565.45,0.06542587079405904,43.82224825786074
2010-04-20,TATASTEEL,INE081A01012,,673.0,685.0,665.5,670.85,4387411,2946789312.85,0.06542587079405904,43.890945422194505
2010-04-21,TATASTEEL,INE081A01012,,673.1,679.8,665.7,668.85,3137485,2107906176.25,0.06542587079405904,43.76009368060639
2010-04-22,TATASTEEL,INE081A01012,,665.1,673.45,649.7,655.3,6551436,4338616026.0,0.06542587079405904,42.87357313134689
2010-04-23,TATASTEEL,INE081A01012,,656.0,662.7,643.05,648.35,6395052,4160204648.3,0.06542587079405904,42.418863329328175
2010-04-26,TATASTEEL,INE081A01012,,650.0,664.7,650.0,656.85,4236696,2794161926.75,0.06542587079405904,42.97498323107768
2010-04-27,TATASTEEL,INE081A01012,,655.1,657.7,646.35,647.5,3649476,2378657412.65,0.06542587079405904,42.36325133915323
2010-04-28,TATASTEEL,INE081A01012,,644.0,644.0,622.35,624.35,5097550,3216113637.25,0.06542587079405904,40.848642430270765
2010-04-29,TATASTEEL,INE081A01012,,628.0,640.6,626.3,632.65,5230105,3319291171.45,0.06542587079405904,41.39167715786145
2010-04-30,TATASTEEL,INE081A01012,,640.5,644.0,615.0,618.85,7474309,4687539220.05,0.06542587079405904,40.488800140903436
2010-05-03,TATASTEEL,INE081A01012,,610.0,617.85,604.0,607.05,5477207,3345287822.2,0.06542587079405904,39.71677486553354
2010-05-04,TATASTEEL,INE081A01012,,607.0,629.85,572.15,577.85,8712154,5167300384.75,0.06542587079405904,37.80633943834702
2010-05-05,TATASTEEL,INE081A01012,,570.0,577.4,555.7,573.1,11731479,6635583377.3,0.06542587079405904,37.49556655207524
2010-05-06,TATASTEEL,INE081A01012,,573.0,579.9,561.2,575.9,8053523,4604581651.9,0.06542587079405904,37.6787589902986
2010-05-07,TATASTEEL,INE081A01012,,560.0,569.0,552.45,558.35,7095954,3977247808.6,0.06542587079405904,36.53053495786286
2010-05-10,TATASTEEL,INE081A01012,,598.9,606.0,564.0,601.45,7652080,4501547959.4,0.06542587079405904,39.350389989086814
2010-05-11,TATASTEEL,INE081A01012,,605.0,608.8,579.0,582.05,9110721,5398883603.7,0.06542587079405904,38.08112809568206
2010-05-12,TATASTEEL,INE081A01012,,582.0,588.0,572.0,584.45,6387978,3710826661.3,0.06542587079405904,38.238150185587806
2010-05-13,TATASTEEL,INE081A01012,,585.0,593.65,571.55,575.1,5536496,3223928852.2,0.06542587079405904,37.626418293663356
2010-05-14,TATASTEEL,INE081A01012,,574.0,574.0,545.5,547.95,8098780,4523495455.8,0.06542587079405904,35.85010590160465
2010-05-17,TATASTEEL,INE081A01012,,532.55,540.8,523.0,536.35,10980267,5829346534.35,0.06542587079405904,35.09116580039357
2010-05-18,TATASTEEL,INE081A01012,,538.8,541.3,527.5,530.3,9404348,5017739655.9,0.06542587079405904,34.695339282089506
2010-05-19,TATASTEEL,INE081A01012,,525.0,529.5,510.35,512.5,10840352,5641913122.8,0.06542587079405904,33.53075878195526
2010-05-20,TATASTEEL,INE081A01012,,515.0,522.0,504.0,508.15,8859344,4545686556.95,0.06542587079405904,33.2461562440011
2010-05-21,TATASTEEL,INE081A01012,,497.5,513.0,487.3,509.25,12330468,6158276522.5,0.06542587079405904,33.31812470187457
2010-05-24,TATASTEEL,INE081A01012,,516.0,524.0,495.1,501.05,6739616,3457625164.55,0.06542587079405904,32.78163256136328
2010-05-25,TATASTEEL,INE081A01012,,495.0,495.0,474.25,476.65,10992461,5323012345.8,0.06542587079405904,31.18524131398824
2010-05-26,TATASTEEL,INE081A01012,,478.0,498.15,477.1,484.45,12786725,6198490765.75,0.06542587079405904,31.6955631061819
2010-05-27,TATASTEEL,INE081A01012,,483.0,497.4,473.55,492.35,18578867,9030778295.85,0.06542587079405904,32.21242748545497
2010-05-28,TATASTEEL,INE081A01012,,500.0,508.5,490.05,496.85,14624253,7324390188.85,0.06542587079405904,32.50684390402824
2010-05-31,TATASTEEL,INE081A01012,,496.85,502.85,486.25,500.7,9130421,4508995049.5,0.06542587079405904,32.75873350658536
2010-06-01,TATASTEEL,INE081A01012,,500.0,507.8,477.0,480.0,11520743,5681356957.55,0.06542587079405904,31.404417981148338
2010-06-02,TATASTEEL,INE081A01012,,485.0,486.9,476.4,484.3,9941561,4783700187.6,0.06542587079405904,31.68574922556279
2010-06-03,TATASTEEL,INE081A01012,,490.1,494.7,483.25,485.8,9458420,4633584529.95,0.06542587079405904,31.783888031753882
2010-06-04,TATASTEEL,INE081A01012,,484.5,490.0,478.55,485.25,8232769,3988041787.8,0.06542587079405904,31.74790380281715
2010-06-07,TATASTEEL,INE081A01012,,471.0,471.0,457.5,462.15,8345442,3875449727.5,0.06542587079405904,30.236566187474384
2010-06-08,TATASTEEL,INE081A01012,,464.25,466.9,449.1,451.4,9002301,4130930096.95,0.06542587079405904,29.53323807643825
2010-06-09,TATASTEEL,INE081A01012,,453.0,466.3,450.55,463.05,11085765,5097884989.0,0.06542587079405904,30.295449471189038
2010-06-10,TATASTEEL,INE081A01012,,468.8,473.35,457.7,471.45,7726186,3595769040.85,0.06542587079405904,30.845026785859133
2010-06-11,TATASTEEL,INE081A01012,,475.0,478.4,470.65,473.6,6951140,3299981713.45,0.06542587079405904,30.985692408066363
2010-06-14,TATASTEEL,INE081A01012,,476.1,486.4,475.55,484.2,5379899,2595403954.8,0.06542587079405904,31.679206638483386
2010-06-15,TATASTEEL,INE081A01012,,484.2,493.75,480.65,491.9,6009094,2930184654.1,0.06542587079405904,32.18298584359764
2010-06-16,TATASTEEL,INE081A01012,,495.1,498.0,483.8,485.55,6699682,3288904779.15,0.06542587079405904,31.767531564055368
2010-06-17,TATASTEEL,INE081A01012,,486.0,486.95,476.45,480.95,7688313,3703801549.45,0.06542587079405904,31.466572558402692
2010-06-18,TATASTEEL,INE081A01012,,482.6,486.4,471.2,473.75,6006502,2871871113.05,0.06542587079405904,30.99550628868547
2010-06-21,TATASTEEL,INE081A01012,,480.1,506.45,480.1,504.8,10355747,5167396571.55,0.06542587079405904,33.026979576841
2010-06-22,TATASTEEL,INE081A01012,,508.0,508.0,492.3,494.05,7213946,3587211240.75,0.06542587079405904,32.32365146580487
2010-06-23,TATASTEEL,INE081A01012,,491.0,501.8,489.45,497.6,8072678,3999670929.85,0.06542587079405904,32.55591330712378
2010-06-24,TATASTEEL,INE081A01012,,498.0,506.5,495.0,498.4,8992919,4506565128.4,0.06542587079405904,32.60825400375902
2010-06-25,TATASTEEL,INE081A01012,,498.0,501.9,488.3,490.05,5992416,2968960918.15,0.06542587079405904,32.06194798262863
2010-06-28,TATASTEEL,INE081A01012,,490.3,501.65,490.3,500.1,4142000,2057380996.7,0.06542587079405904,32.71947798410893
2010-06-29,TATASTEEL,INE081A01012,,499.8,500.0,480.0,481.6,6807542,3317808525.1,0.06542587079405904,31.509099374418835
2010-06-30,TATASTEEL,INE081A01012,,470.1,487.45,470.1,485.65,5948659,2856885860.65,0.06542587079405904,31.77407415113477
2010-07-01,TATASTEEL,INE081A01012,,483.7,486.0,472.25,475.0,4968836,2363011997.7,0.06542587079405904,31.077288627178042
2010-07-02,TATASTEEL,INE081A01012,,475.1,481.0,471.15,474.95,5373611,2559394218.5,0.06542587079405904,31.074017333638338
2010-07-05,TATASTEEL,INE081A01012,,476.0,476.1,470.0,471.75,2536063,1200096331.55,0.06542587079405904,30.864654547097352
2010-07-06,TATASTEEL,INE081A01012,,473.0,481.95,468.1,480.4,5299286,2528797987.15,0.06542587079405904,31.43058832946596
2010-07-07,TATASTEEL,INE081A01012,,484.0,484.0,473.5,474.9,7573571,3623625574.1,0.06542587079405904,31.070746040098637
2010-07-08,TATASTEEL,INE081A01012,,484.0,488.9,478.1,484.75,5308383,2577918671.8,0.06542587079405904,31.71519086742012
2010-07-09,TATASTEEL,INE081A01012,,488.75,497.9,486.5,495.95,6379763,3150061282.15,0.06542587079405904,32.44796062031358
2010-07-12,TATASTEEL,INE081A01012,,495.0,506.0,491.5,497.75,7715948,3859214550.85,0.06649853595719557,33.099646272694095
2010-07-13,TATASTEEL,INE081A01012,,495.2,512.35,495.0,508.8,7772001,3909601964.45,0.06649853595719557,33.834455095021106
2010-07-14,TATASTEEL,INE081A01012,,515.0,519.5,504.0,505.9,6797980,3483470948.0,0.06649853595719557,33.64160934074524
2010-07-15,TATASTEEL,INE081A01012,,507.0,517.0,506.1,512.75,7499677,3843222046.4,0.06649853595719557,34.09712431205203
2010-07-16,TATASTEEL,INE081A01012,,514.0,518.0,507.0,508.75,4081144,2087077193.1,0.06649853595719557,33.83113016822325
2010-07-19,TATASTEEL,INE081A01012,,502.0,514.2,502.0,511.3,4053992,2070908151.35,0.06649853595719557,34.0007014349141
2010-07-20,TATASTEEL,INE081A01012,,515.0,519.4,505.25,509.35,5124470,2637579000.7,0.06649853595719557,33.87102928979756
2010-07-21,TATASTEEL,INE081A01012,,518.0,532.35,511.15,530.85,11085224,5813522420.55,0.06649853595719557,35.30074781287727
2010-07-22,TATASTEEL,INE081A01012,,530.0,542.4,522.25,540.85,10655323,5695386317.35,0.06649853595719557,35.96573317244923
2010-07-23,TATASTEEL,INE081A01012,,541.0,548.9,533.5,535.65,6695803,3609380253.75,0.06649853595719557,35.619940785471805
2010-07-26,TATASTEEL,INE081A01012,,536.2,540.95,460.0,532.4,4554548,2434167908.9,0.06649853595719557,35.40382054361092
2010-07-27,TATASTEEL,INE081A01012,,540.0,542.0,526.2,529.85,5288075,2812934166.45,0.06649853595719557,35.234249276920075
2010-07-28,TATASTEEL,INE081A01012,,530.1,539.4,529.25,532.6,4876698,2607088883.6,0.06649853595719557,35.41712025080236
2010-07-29,TATASTEEL,INE081A01012,,531.0,536.5,527.4,533.1,4028848,2144024959.3,0.06649853595719557,35.45036951878096
2010-07-30,TATASTEEL,INE081A01012,,530.0,543.8,530.0,537.0,5611981,3023657166.35,0.06649853595719557,35.70971380901402
2010-08-02,TATASTEEL,INE081A01012,,450.0,548.8,450.0,547.25,3862477,2102959662.7,0.06649853595719557,36.39132380257528
2010-08-03,TATASTEEL,INE081A01012,,550.0,551.25,543.2,547.0,4208880,2304632835.25,0.06649853595719557,36.37469916858598
2010-08-04,TATASTEEL,INE081A01012,,547.0,549.9,537.1,540.55,2497803,1350981104.35,0.06649853595719557,35.945783611662065
2010-08-05,TATASTEEL,INE081A01012,,544.45,547.0,537.05,538.25,2789059,1510662427.1,0.06649853595719557,35.792836978960516
2010-08-06,TATASTEEL,INE081A01012,,537.9,544.65,529.5,531.5,3267770,1755090414.3,0.06649853595719557,35.34397186124944
2010-08-09,TATASTEEL,INE081A01012,,534.0,542.0,531.15,540.1,2521632,1356367047.9,0.06649853595719557,35.91585927048133
2010-08-10,TATASTEEL,INE081A01012,,541.0,553.3,533.65,536.35,7274694,3952496318.0,0.06649853595719557,35.666489760641845
2010-08-11,TATASTEEL,INE081A01012,,538.0,547.8,518.65,520.25,8385139,4436018434.55,0.06649853595719557,34.595863331730996
2010-08-12,TATASTEEL,INE081A01012,,518.0,531.0,507.5,519.95,12127388,6288002864.55,0.06649853595719557,34.57591377094384
2010-08-13,TATASTEEL,INE081A01012,,540.0,540.0,523.8,527.2,7841941,4164532570.95,0.06649853595719557,35.058028156633505
2010-08-16,TATASTEEL,INE081A01012,,528.15,536.85,515.0,517.8,7548837,3966501031.95,0.06649853595719557,34.43294191863586
2010-08-17,TATASTEEL,INE081A01012,,518.8,523.8,511.2,513.6,7239774,3729262999.65,0.06649853595719557,34.15364806761565
2010-08-18,TATASTEEL,INE081A01012,,515.0,522.95,514.35,521.85,5582769,2898632444.1,0.06649853595719557,34.70226098926251
2010-08-19,TATASTEEL,INE081A01012,,521.85,529.45,518.4,522.3,4673138,2452608656.95,0.06649853595719557,34.732185330443244
2010-08-20,TATASTEEL,INE081A01012,,520.0,522.9,517.05,518.9,4428386,2301873837.65,0.06649853595719557,34.50609030818878
2010-08-23,TATASTEEL,INE081A01012,,520.0,526.8,519.65,521.55,4469905,2338691496.4,0.06649853595719557,34.682311428475344
2010-08-24,TATASTEEL,INE081A01012,,521.55,525.9,510.4,513.75,4371835,2256391361.35,0.06649853595719557,34.163622848009226
2010-08-25,TATASTEEL,INE081A01012,,511.0,513.0,493.0,497.0,9143833,4563968168.7,0.06649853595719557,33.049772370726195
2010-08-26,TATASTEEL,INE081A01012,,500.0,504.8,497.0,501.85,5944864,2982636671.75,0.06649853595719557,33.3722902701186
2010-08-27,TATASTEEL,INE081A01012,,505.0,522.0,502.0,510.15,9449492,4856834109.9,0.06649853595719557,33.92422811856332
2010-08-30,TATASTEEL,INE081A01012,,521.0,529.4,520.15,527.9,7636592,4011929940.45,0.06649853595719557,35.10457713180354
2010-08-31,TATASTEEL,INE081A01012,,524.1,527.65,515.55,522.7,7258494,3783643603.65,0.06649853595719557,34.75878474482613
2010-09-01,TATASTEEL,INE081A01012,,526.0,539.0,525.7,537.95,7598717,4063331940.3,0.06649853595719557,35.77288741817336
2010-09-02,TATASTEEL,INE081A01012,,542.0,547.0,540.1,544.05,5960422,3243176242.45,0.06649853595719557,36.178528487512246
2010-09-03,TATASTEEL,INE081A01012,,545.0,546.0,536.35,540.95,3572009,1931923643.05,0.06649853595719557,35.972383026044945
2010-09-06,TATASTEEL,INE081A01012,,544.0,577.65,543.1,575.7,15839067,8939329870.7,0.06649853595719557,38.283207150557494
2010-09-07,TATASTEEL,INE081A01012,,573.2,584.45,570.25,576.4,8773703,5077953793.1,0.06649853595719557,38.32975612572753
2010-09-08,TATASTEEL,INE081A01012,,572.0,586.55,567.9,580.6,8155578,4713188295.2,0.06649853595719557,38.60904997674775
2010-09-09,TATASTEEL,INE081A01012,,583.0,596.65,575.05,593.65,8488801,4982489292.3,0.06649853595719557,39.47685587098915
2010-09-13,TATASTEEL,INE081A01012,,599.0,606.7,595.4,601.5,7502395,4517157280.9,0.06649853595719557,39.99886937825313
2010-09-14,TATASTEEL,INE081A01012,,604.4,615.85,595.1,596.9,7826248,4739159793.95,0.06649853595719557,39.69297611285003
2010-09-15,TATASTEEL,INE081A01012,,600.0,609.75,598.4,603.7,7214257,4360002786.65,0.06649853595719557,40.14516615735897
2010-09-16,TATASTEEL,INE081A01012,,606.9,610.7,592.1,595.35,7029403,4230708106.95,0.06649853595719557,39.58990338211638
2010-09-17,TATASTEEL,INE081A01012,,597.35,614.25,597.35,604.8,9837840,5966841338.25,0.06649853595719557,40.21831454691188
2010-09-20,TATASTEEL,INE081A01012,,606.95,621.9,605.6,618.0,8336195,5129450476.35,0.06649853595719557,41.09609522154686
2010-09-21,TATASTEEL,INE081A01012,,620.2,623.75,610.5,615.35,6881203,4236035314.2,0.06649853595719557,40.9198741012603
2010-09-22,TATASTEEL,INE081A01012,,619.0,628.3,613.4,618.85,7645842,4746199245.85,0.06649853595719557,41.15261897711048
2010-09-23,TATASTEEL,INE081A01012,,621.0,624.5,612.0,623.5,6741147,4171745115.9,0.06649853595719557,41.46183716931144
2010-09-24,TATASTEEL,INE081A01012,,625.0,633.9,624.0,629.95,5854931,3684028728.95,0.06649853595719557,41.890752726235355
2010-09-27,TATASTEEL,INE081A01012,,635.5,649.5,634.2,645.9,7181156,4628628111.15,0.06649853595719557,42.95140437475262
2010-09-28,TATASTEEL,INE081A01012,,645.0,655.9,642.0,651.65,6858462,4436618155.8,0.06649853595719557,43.33377095650649
2010-09-29,TATASTEEL,INE081A01012,,650.2,664.7,650.2,653.1,7108846,4672191635.8,0.06649853595719557,43.43019383364443
2010-09-30,TATASTEEL,INE081A01012,,653.0,658.0,642.1,651.85,7579739,4917479060.05,0.06649853595719557,43.347070663697934
2010-10-01,TATASTEEL,INE081A01012,,653.5,674.25,653.5,667.8,8031126,5349194040.45,0.06649853595719557,44.4077223122152
2010-10-04,TATASTEEL,INE081A01012,,672.0,680.6,666.35,669.7,5318060,3575694657.4,0.06649853595719557,44.53406953053388
2010-10-05,TATASTEEL,INE081A01012,,672.0,677.5,666.2,668.35,3989613,2679169965.45,0.06649853595719557,44.44429650699166
2010-10-06,TATASTEEL,INE081A01012,,673.95,685.0,671.1,678.25,5549970,3766274242.5,0.06649853595719557,45.102632012967895
2010-10-07,TATASTEEL,INE081A01012,,680.0,682.0,647.1,649.7,7710573,5102339382.9,0.06649853595719557,43.20409881138996
2010-10-08,TATASTEEL,INE081A01012,,654.95,658.95,619.3,626.6,15657736,9920658888.0,0.06649853595719557,41.667982630778745
2010-10-11,TATASTEEL,INE081A01012,,644.75,644.75,631.25,640.1,4675599,2987174653.05,0.06649853595719557,42.56571286620088
2010-10-12,TATASTEEL,INE081A01012,,641.0,642.0,625.0,633.35,4604571,2904091508.75,0.06649853595719557,42.11684774848982
2010-10-13,TATASTEEL,INE081A01012,,636.6,640.0,631.5,637.85,7070501,4500829440.55,0.06649853595719557,42.4160911602972
2010-10-14,TATASTEEL,INE081A01012,,640.65,659.4,640.65,652.5,7999536,5220025964.1,0.06649853595719557,43.39029471207011
2010-10-15,TATASTEEL,INE081A01012,,645.6,658.6,631.1,635.85,4569540,2956956502.7,0.06649853595719557,42.2830940883828
2010-10-18,TATASTEEL,INE081A01012,,652.9,652.9,625.0,646.05,4662900,2962762285.55,0.06649853595719557,42.9613791551462
2010-10-19,TATASTEEL,INE081A01012,,650.05,652.55,630.5,633.15,4659777,2991739536.35,0.06649853595719557,42.103548041298374
2010-10-20,TATASTEEL,INE081A01012,,625.0,629.5,614.1,615.7,7034978,4362152288.1,0.06649853595719557,40.94314858884532
2010-10-21,TATASTEEL,INE081A01012,,619.05,631.8,617.85,628.4,4654563,2911345619.7,0.06649853595719557,41.7876799955017
2010-10-22,TATASTEEL,INE081A01012,,632.0,633.0,616.0,617.5,5741070,3574756532.0,0.06649853595719557,41.062845953568264
2010-10-25,TATASTEEL,INE081A01012,,624.4,630.8,619.1,620.25,5557203,3473550835.2,0.06649853595719557,41.24571692745055
2010-10-26,TATASTEEL,INE081A01012,,621.6,624.95,602.8,605.65,8082818,4954290924.55,0.06649853595719557,40.274838302475494
2010-10-27,TATASTEEL,INE081A01012,,602.25,616.9,601.9,614.9,6989113,4265035939.2,0.06649853595719557,40.88994976007955
2010-10-28,TATASTEEL,INE081A01012,,617.5,619.4,601.1,603.85,7831172,4767157262.0,0.06649853595719557,40.15514093775255
2010-10-29,TATASTEEL,INE081A01012,,605.1,605.45,581.0,589.4,7345044,4344354017.3,0.06649853595719557,39.19423709317107
2010-11-01,TATASTEEL,INE081A01012,,600.25,602.95,590.6,591.9,5511066,3285520574.9,0.06649853595719557,39.360483433064054
2010-11-02,TATASTEEL,INE081A01012,,594.45,601.7,588.0,599.05,6050590,3610700370.2,0.06649853595719557,39.835947965158006
2010-11-03,TATASTEEL,INE081A01012,,603.2,613.4,601.65,609.6,4992288,3043278700.3,0.06649853595719557,40.53750751950642
2010-11-04,TATASTEEL,INE081A01012,,617.5,622.6,615.1,621.5,4223325,2616390579.05,0.06649853595719557,41.32884009739705
2010-11-05,TATASTEEL,INE081A01012,,627.3,629.0,621.25,623.55,1078802,674165548.0,0.06649853595719557,41.465162096109296
2010-11-08,TATASTEEL,INE081A01012,,626.0,638.65,620.8,633.2,5703252,3606913638.1,0.06649853595719557,42.10687296809624
2010-11-09,TATASTEEL,INE081A01012,,635.4,644.85,632.9,641.3,5576576,3570805092.15,0.06649853595719557,42.64551110934951
2010-11-10,TATASTEEL,INE081A01012,,641.9,647.5,636.0,637.4,3410366,2188986793.7,0.06649853595719557,42.386166819116454
2010-11-11,TATASTEEL,INE081A01012,,638.6,648.4,627.35,631.05,4895910,3132852856.0,0.06649853595719557,41.96390111578826
2010-11-12,TATASTEEL,INE081A01012,,628.6,630.8,603.5,606.95,6890023,4242956579.9,0.06649853595719557,40.36128639921986
2010-11-15,TATASTEEL,INE081A01012,,621.9,623.9,608.1,618.3,7086783,4368863544.45,0.06649853595719557,41.116044782334015
2010-11-16,TATASTEEL,INE081A01012,,620.9,623.95,594.4,605.95,8892872,5403077413.75,0.06649853595719557,40.294787863262655
2010-11-18,TATASTEEL,INE081A01012,,609.45,626.5,596.55,623.45,7427944,4565163305.85,0.06649853595719557,41.45851224251358
2010-11-19,TATASTEEL,INE081A01012,,623.9,624.35,601.25,606.05,5985869,3675868438.4,0.06649853595719557,40.30143771685837
2010-11-22,TATASTEEL,INE081A01012,,610.55,627.05,608.7,624.85,4906765,3035365691.8,0.06649853595719557,41.55161019285365
2010-11-23,TATASTEEL,INE081A01012,,616.0,622.8,602.85,612.15,5884331,3612585364.75,0.06649853595719557,40.707078786197265
2010-11-24,TATASTEEL,INE081A01012,,613.5,625.6,612.5,616.6,6368751,3942541757.1,0.06649853595719557,41.00299727120679
2010-11-25,TATASTEEL,INE081A01012,,620.4,623.6,600.1,602.7,5886194,3597519248.1,0.06649853595719557,40.07866762140177
2010-11-26,TATASTEEL,INE081A01012,,606.4,608.15,581.7,598.8,8551701,5096323786.2,0.06649853595719557,39.819323331168704
2010-11-29,TATASTEEL,INE081A01012,,600.2,605.0,585.8,591.85,5725583,3393122838.05,0.06649853595719557,39.3571585062662
2010-11-30,TATASTEEL,INE081A01012,,589.0,589.0,574.1,584.8,7829179,4558598626.15,0.06649853595719557,38.88834382776797
2010-12-01,TATASTEEL,INE081A01012,,587.9,614.8,587.0,613.55,6227503,3775705560.1,0.06649853595719557,40.80017673653734
2010-12-02,TATASTEEL,INE081A01012,,621.9,630.3,616.55,622.75,5541163,3451327706.5,0.06649853595719557,41.411963267343545
2010-12-03,TATASTEEL,INE081A01012,,623.5,624.8,606.4,614.55,4493647,2761368564.1,0.06649853595719557,40.86667527249453
2010-12-06,TATASTEEL,INE081A01012,,621.9,639.9,620.0,635.05,8358442,5302895113.6,0.06649853595719557,42.229895259617045
2010-12-07,TATASTEEL,INE081A01012,,639.4,644.35,633.1,639.35,6892610,4404682012.1,0.06649853595719557,42.51583896423299
2010-12-08,TATASTEEL,INE081A01012,,635.4,636.3,621.2,624.25,4842778,3037982317.95,0.06649853595719557,41.511711071279336
2010-12-09,TATASTEEL,INE081A01012,,628.5,630.0,600.1,604.55,5908934,3624599987.75,0.06649853595719557,40.20168991292258
2010-12-10,TATASTEEL,INE081A01012,,602.75,621.0,594.45,619.0,5080436,3108239235.8,0.06649853595719557,41.162593757504055
2010-12-13,TATASTEEL,INE081A01012,,620.0,634.0,616.8,631.0,5208415,3264246243.65,0.06649853595719557,41.9605761889904
2010-12-14,TATASTEEL,INE081A01012,,633.0,649.0,632.0,646.6,5697913,3658486529.75,0.06649853595719557,42.99795334992266
2010-12-15,TATASTEEL,INE081A01012,,644.85,652.65,636.75,642.75,5868371,3780528468.1,0.06649853595719557,42.74193398648745
2010-12-16,TATASTEEL,INE081A01012,,645.0,662.65,641.8,660.4,9004384,5874052415.4,0.06649853595719557,43.91563314613195
2010-12-20,TATASTEEL,INE081A01012,,654.1,671.8,653.3,666.4,6483762,4314971482.0,0.06649853595719557,44.314624361875126
2010-12-21,TATASTEEL,INE081A01012,,667.1,678.75,666.3,676.2,4329791,2919652336.25,0.06649853595719557,44.96631001425565
2010-12-22,TATASTEEL,INE081A01012,,677.3,682.7,666.8,672.9,6263393,4226568185.8,0.06649853595719557,44.746864845596896
2010-12-23,TATASTEEL,INE081A01012,,675.05,677.8,659.25,661.35,5126417,3406562393.7,0.06649853595719557,43.978806755291295
2010-12-24,TATASTEEL,INE081A01012,,659.8,675.7,655.05,672.85,3964660,2649224840.2,0.06649853595719557,44.743539918799044
2010-12-27,TATASTEEL,INE081A01012,,672.15,678.0,661.55,662.55,2795912,1865293773.85,0.06649853595719557,44.058604998439925
2010-12-28,TATASTEEL,INE081A01012,,665.0,669.75,662.7,665.0,2142095,1426964523.8,0.06649853595719557,44.22152641153505
2010-12-29,TATASTEEL,INE081A01012,,667.25,672.0,666.0,668.05,2184895,1462730531.9,0.06649853595719557,44.424346946204494
2010-12-30,TATASTEEL,INE081A01012,,670.6,676.6,670.0,672.75,3546859,2387151995.65,0.06649853595719557,44.73689006520332
2010-12-31,TATASTEEL,INE081A01012,,675.2,684.3,672.0,680.4,3986647,2708522839.75,0.06649853595719557,45.24560386527587
2011-01-03,TATASTEEL,INE081A01012,,685.2,707.5,685.1,704.05,6654183,4656310511.35,0.06649853595719557,46.81829424066354
2011-01-04,TATASTEEL,INE081A01012,,708.6,713.9,693.25,694.7,7941862,5567057201.4,0.06649853595719557,46.196532929463764
2011-01-05,TATASTEEL,INE081A01012,,696.5,696.65,677.25,680.95,4927314,3376225964.05,0.06649853595719557,45.282178060052324
2011-01-06,TATASTEEL,INE081A01012,,687.75,690.85,681.5,683.3,3796821,2599996204.15,0.06649853595719557,45.43844961955173
2011-01-07,TATASTEEL,INE081A01012,,684.5,687.95,656.15,661.25,5833137,3918251925.6,0.06649853595719557,43.97215690169557
2011-01-10,TATASTEEL,INE081A01012,,660.0,665.7,645.0,650.7,6248386,4105997089.5,0.06649853595719557,43.27059734734716
2011-01-11,TATASTEEL,INE081A01012,,649.0,660.4,640.75,646.55,5881549,3838524261.45,0.06649853595719557,42.994628423124794
2011-01-12,TATASTEEL,INE081A01012,,648.1,658.6,626.25,648.9,8540118,5475337967.6,0.06649853595719557,43.1508999826242
2011-01-13,TATASTEEL,INE081A01012,,651.8,656.0,635.0,637.55,6814063,4378634403.1,0.06649853595719557,42.39614159951003
2011-01-14,TATASTEEL,INE081A01012,,635.0,636.6,617.5,622.45,6774083,4252724796.4,0.06649853595719557,41.392013706556384
2011-01-17,TATASTEEL,INE081A01012,,617.15,628.0,613.2,625.65,5086554,3167651114.05,0.06649853595719557,41.60480902161941
2011-01-18,TATASTEEL,INE081A01012,,627.0,638.8,627.0,632.6,5859522,3713090895.7,0.06649853595719557,42.06697384652192
2011-01-19,TATASTEEL,INE081A01012,,633.9,644.5,633.05,639.6,5766370,3689688586.5,0.06649853595719557,42.532463598222286
2011-01-20,TATASTEEL,INE081A01012,,633.9,643.25,630.6,634.2,6370340,4053470190.5,0.06649853595719557,42.173371504053435
2011-01-21,TATASTEEL,INE081A01012,,630.25,635.0,627.0,629.55,3699447,2332249547.65,0.06649853595719557,41.86415331185247
2011-01-24,TATASTEEL,INE081A01012,,628.9,652.3,625.0,649.25,6239754,4008780782.0,0.06649853595719557,43.17417447020922
2011-01-25,TATASTEEL,INE081A01012,,650.4,664.5,650.3,655.35,5957137,3916878754.85,0.06649853595719557,43.57981553954812
2011-01-27,TATASTEEL,INE081A01012,,657.2,660.4,647.3,650.1,5277240,3447225786.8,0.06649853595719557,43.23069822577284
2011-01-28,TATASTEEL,INE081A01012,,647.0,654.5,630.2,637.45,4677143,3000714100.3,0.06649853595719557,42.38949174591432
2011-01-31,TATASTEEL,INE081A01012,,621.0,641.95,618.0,639.7,6847368,4312664879.75,0.06649853595719557,42.53911345181801
2011-02-01,TATASTEEL,INE081A01012,,637.45,642.8,627.1,631.75,6381790,4047613817.8,0.06649853595719557,42.0104500909583
2011-02-02,TATASTEEL,INE081A01012,,631.1,634.95,615.8,626.25,15400454,9666893667.0,0.06649853595719557,41.644708143193725
2011-02-03,TATASTEEL,INE081A01012,,625.7,640.9,625.7,638.1,5446815,3463030975.8,0.06649853595719557,42.432715794286494
2011-02-04,TATASTEEL,INE081A01012,,637.75,652.0,632.0,635.9,7009139,4515144779.75,0.06649853595719557,42.28641901518066
2011-02-07,TATASTEEL,INE081A01012,,639.7,645.5,634.1,640.4,5215202,3340298043.9,0.06649853595719557,42.585662426988044
2011-02-08,TATASTEEL,INE081A01012,,645.1,645.1,616.3,619.7,6296400,3949738016.4,0.06649853595719557,41.209142732674096
2011-02-09,TATASTEEL,INE081A01012,,618.9,620.7,595.15,599.15,8262906,5035145164.9,0.06649853595719557,39.842597818753724
2011-02-10,TATASTEEL,INE081A01012,,599.0,604.5,581.15,600.55,8597850,5095493901.6,0.06649853595719557,39.9356957690938
2011-02-11,TATASTEEL,INE081A01012,,602.0,602.9,575.1,595.3,8848231,5188249933.3,0.06649853595719557,39.58657845531852
2011-02-14,TATASTEEL,INE081A01012,,607.3,623.0,599.5,620.25,5332188,3272095716.05,0.06649853595719557,41.24571692745055
2011-02-15,TATASTEEL,INE081A01012,,624.0,627.0,612.0,616.6,5880897,3637490068.3,0.06649853595719557,41.00299727120679
2011-02-16,TATASTEEL,INE081A01012,,610.0,644.5,605.8,641.4,10190332,6457528929.35,0.06649853595719557,42.65216096294524
2011-02-17,TATASTEEL,INE081A01012,,644.0,657.0,641.55,655.1,6194671,4026884968.0,0.06649853595719557,43.56319090555882
2011-02-18,TATASTEEL,INE081A01012,,656.6,661.4,634.15,638.35,5729230,3712080551.4,0.06649853595719557,42.4493404282758
2011-02-21,TATASTEEL,INE081A01012,,641.4,641.4,622.35,637.45,5239382,3313580228.8,0.06649853595719557,42.38949174591432
2011-02-22,TATASTEEL,INE081A01012,,630.9,631.0,620.3,624.35,5021610,3139568473.75,0.06649853595719557,41.518360924875054
2011-02-23,TATASTEEL,INE081A01012,,622.9,737.0,614.45,627.0,4404726,2744833227.95,0.06649853595719557,41.694582045161624
2011-02-24,TATASTEEL,INE081A01012,,624.0,625.95,595.1,602.65,7626749,4644475123.75,0.06649853595719557,40.07534269460391
2011-02-25,TATASTEEL,INE081A01012,,608.1,611.4,591.2,606.85,7746202,4654251539.45,0.06649853595719557,40.35463654562413
2011-02-28,TATASTEEL,INE081A01012,,614.0,616.6,599.3,607.15,6454629,3923717529.4,0.06649853595719557,40.374586106411286
2011-03-01,TATASTEEL,INE081A01012,,611.15,635.8,609.2,634.45,5463087,3416048209.35,0.06649853595719557,42.18999613804273
2011-03-03,TATASTEEL,INE081A01012,,630.0,632.4,618.1,624.4,5210791,3259681573.35,0.06649853595719557,41.52168585167291
2011-03-04,TATASTEEL,INE081A01012,,630.2,633.15,616.2,618.2,4024382,2502431740.3,0.06649853595719557,41.109394928738304
2011-03-07,TATASTEEL,INE081A01012,,613.45,613.65,595.1,602.75,4484370,2701564468.6,0.06649853595719557,40.08199254819963
2011-03-08,TATASTEEL,INE081A01012,,607.0,618.6,603.1,616.0,4271352,2618646362.35,0.06649853595719557,40.96309814963247
2011-03-09,TATASTEEL,INE081A01012,,618.0,620.55,607.0,612.95,3493731,2141847762.3,0.06649853595719557,40.76027761496303
2011-03-10,TATASTEEL,INE081A01012,,611.0,611.0,595.2,596.55,6225753,3742578779.35,0.06649853595719557,39.66970162526501
2011-03-11,TATASTEEL,INE081A01012,,594.45,594.45,577.15,581.3,7305090,4274604116.25,0.06649853595719557,38.65559895191778
2011-03-14,TATASTEEL,INE081A01012,,582.1,602.8,582.1,601.1,5321900,3166281717.2,0.06649853595719557,39.97226996387026
2011-03-15,TATASTEEL,INE081A01012,,585.0,599.9,575.0,593.3,7669829,4522753572.3,0.06649853595719557,39.45358138340413
2011-03-16,TATASTEEL,INE081A01012,,596.5,607.5,596.5,599.55,5277132,3178701259.55,0.06649853595719557,39.8691972331366
2011-03-17,TATASTEEL,INE081A01012,,590.55,599.7,590.0,592.7,3754502,2233941839.5,0.06649853595719557,39.41368226182982
2011-03-18,TATASTEEL,INE081A01012,,599.05,603.45,593.1,597.15,4236594,2533950376.4,0.06649853595719557,39.709600746839335
2011-03-21,TATASTEEL,INE081A01012,,601.0,606.0,596.55,601.45,3517966,2117356487.5,0.06649853595719557,39.99554445145528
2011-03-22,TATASTEEL,INE081A01012,,605.0,610.5,603.15,604.8,2966204,1799534342.45,0.06649853595719557,40.21831454691188
2011-03-23,TATASTEEL,INE081A01012,,604.85,611.8,603.9,610.4,2767019,1685071938.4,0.06649853595719557,40.59070634827217
2011-03-24,TATASTEEL,INE081A01012,,615.0,616.4,605.65,609.75,3390629,2069292815.75,0.06649853595719557,40.5474822999
2011-03-25,TATASTEEL,INE081A01012,,616.9,616.9,608.3,615.45,3961423,2427363855.55,0.06649853595719557,40.926523954856016
2011-03-28,TATASTEEL,INE081A01012,,614.7,620.15,610.05,613.4,2865839,1763674887.55,0.06649853595719557,40.79020195614376
2011-03-29,TATASTEEL,INE081A01012,,612.5,618.45,608.4,612.9,4818001,2953687151.25,0.06649853595719557,40.756952688165164
2011-03-30,TATASTEEL,INE081A01012,,616.0,622.95,614.7,615.8,3326517,2058555987.15,0.06649853595719557,40.94979844244103
2011-03-31,TATASTEEL,INE081A01012,,617.2,626.85,614.0,622.25,4877861,3021729244.8,0.06649853595719557,41.37871399936494
2011-04-01,TATASTEEL,INE081A01012,,623.0,629.95,620.25,626.6,2507074,1570381500.65,0.06649853595719557,41.667982630778745
2011-04-04,TATASTEEL,INE081A01012,,627.1,634.2,625.7,631.15,2221178,1401438185.55,0.06649853595719557,41.970550969383986
2011-04-05,TATASTEEL,INE081A01012,,633.6,637.9,623.25,635.2,3142374,1981108173.85,0.06649853595719557,42.23987004001063
2011-04-06,TATASTEEL,INE081A01012,,636.0,640.55,631.15,634.4,2526191,1606447161.95,0.06649853595719557,42.18667121124487
2011-04-07,TATASTEEL,INE081A01012,,636.0,642.0,634.0,638.35,2501434,1598321399.3,0.06649853595719557,42.4493404282758
2011-04-08,TATASTEEL,INE081A01012,,638.5,641.9,625.7,629.85,2243840,1418531594.4,0.06649853595719557,41.88410287263963
2011-04-11,TATASTEEL,INE081A01012,,629.0,634.9,623.1,624.95,1955256,1227855335.2,0.06649853595719557,41.55826004644938
2011-04-13,TATASTEEL,INE081A01012,,621.55,640.0,619.4,636.4,2095836,1322680084.35,0.06649853595719557,42.31966828315926
2011-04-15,TATASTEEL,INE081A01012,,634.4,638.0,628.2,630.6,2490098,1575644258.2,0.06649853595719557,41.93397677460753
2011-04-18,TATASTEEL,INE081A01012,,631.9,636.3,609.5,612.1,3364494,2088521903.95,0.06649853595719557,40.70375385939941
2011-04-19,TATASTEEL,INE081A01012,,608.0,617.0,605.05,609.4,3180718,1944201335.9,0.06649853595719557,40.52420781231498
2011-04-20,TATASTEEL,INE081A01012,,616.0,626.5,615.8,624.5,2674520,1662850534.6,0.06649853595719557,41.52833570526863
2011-04-21,TATASTEEL,INE081A01012,,628.25,633.0,626.55,630.05,2184463,1376410029.6,0.06649853595719557,41.897402579831066
2011-04-25,TATASTEEL,INE081A01012,,629.75,634.7,625.35,626.7,2208210,1392797304.35,0.06649853595719557,41.67463248437447
2011-04-26,TATASTEEL,INE081A01012,,628.0,628.95,615.6,627.4,2661521,1657402112.15,0.06649853595719557,41.721181459544496
2011-04-27,TATASTEEL,INE081A01012,,630.0,632.9,619.05,620.05,2197869,1374643781.7,0.06649853595719557,41.23241722025911
2011-04-28,TATASTEEL,INE081A01012,,623.1,624.3,612.0,613.45,2911765,1796289293.45,0.06649853595719557,40.79352688294163
2011-04-29,TATASTEEL,INE081A01012,,614.1,619.4,610.5,616.5,1881743,1158217008.45,0.06649853595719557,40.99634741761107
2011-05-02,TATASTEEL,INE081A01012,,616.0,619.0,607.05,614.65,2062758,1262780482.5,0.06649853595719557,40.87332512609026
2011-05-03,TATASTEEL,INE081A01012,,612.6,614.8,600.0,603.25,2407590,1464722050.15,0.06649853595719557,40.11524181617823
2011-05-04,TATASTEEL,INE081A01012,,601.15,603.95,588.2,589.75,3839020,2286759954.05,0.06649853595719557,39.21751158075609
2011-05-05,TATASTEEL,INE081A01012,,590.0,594.35,581.0,583.05,2414378,1419925318.5,0.06649853595719557,38.771971389842875
2011-05-06,TATASTEEL,INE081A01012,,584.7,596.5,583.0,594.5,2472304,1456347852.6,0.06649853595719557,39.533379626552765
2011-05-09,TATASTEEL,INE081A01012,,598.0,600.8,590.1,595.1,1943396,1158238476.1,0.06649853595719557,39.57327874812709
2011-05-10,TATASTEEL,INE081A01012,,594.0,596.7,583.0,588.4,2785346,1644709154.25,0.06649853595719557,39.127738557213874
2011-05-11,TATASTEEL,INE081A01012,,590.0,597.4,588.5,594.2,2008733,1192122057.8,0.06649853595719557,39.51343006576561
2011-05-12,TATASTEEL,INE081A01012,,592.0,592.95,583.1,584.7,2498455,1468094279.9,0.06649853595719557,38.88169397417225
2011-05-13,TATASTEEL,INE081A01012,,586.1,602.0,584.8,594.0,2509669,1493372010.95,0.06649853595719557,39.50013035857417
2011-05-16,TATASTEEL,INE081A01012,,593.0,593.0,576.4,577.8,2748259,1601626143.0,0.06649853595719557,38.422854076067594
2011-05-17,TATASTEEL,INE081A01012,,580.2,585.0,566.7,573.95,3323791,1917116097.75,0.06649853595719557,38.1668347126324
2011-05-18,TATASTEEL,INE081A01012,,576.0,578.9,566.25,571.7,2530819,1445866725.25,0.06649853595719557,38.01721300672871
2011-05-19,TATASTEEL,INE081A01012,,569.05,574.85,560.65,562.75,2980177,1688159996.35,0.06649853595719557,37.422051109911806
2011-05-20,TATASTEEL,INE081A01012,,564.7,583.7,563.0,579.55,3184165,1829490428.45,0.06649853595719557,38.53922651399269
2011-05-23,TATASTEEL,INE081A01012,,574.55,574.55,557.55,559.4,2338773,1317467299.35,0.06649853595719557,37.1992810144552
2011-05-24,TATASTEEL,INE081A01012,,557.25,568.9,553.55,566.5,4884222,2741397593.95,0.06649853595719557,37.67142061975129
2011-05-25,TATASTEEL,INE081A01012,,567.7,570.25,558.25,561.2,4416265,2488356367.25,0.06649853595719557,37.318978379178155
2011-05-26,TATASTEEL,INE081A01012,,575.0,579.9,566.0,574.15,6208448,3566137397.05,0.06649853595719557,38.18013441982384
2011-05-27,TATASTEEL,INE081A01012,,578.0,588.4,565.7,585.2,4853821,2806355634.05,0.06649853595719557,38.91494324215085
2011-05-30,TATASTEEL,INE081A01012,,586.9,586.9,577.1,579.3,2396211,1391668819.9,0.06649853595719557,38.52260188000339
2011-05-31,TATASTEEL,INE081A01012,,585.45,590.0,579.3,589.0,2664902,1561958830.45,0.06649853595719557,39.16763767878819
2011-06-01,TATASTEEL,INE081A01012,,592.0,597.45,580.1,582.3,4662509,2730024945.5,0.06649853595719557,38.722097487874976
2011-06-02,TATASTEEL,INE081A01012,,577.0,577.0,571.5,574.9,2134221,1226070278.8,0.06649853595719557,38.23000832179173
2011-06-03,TATASTEEL,INE081A01012,,577.3,583.3,571.0,573.25,2429921,1400875168.45,0.06649853595719557,38.12028573746236
2011-06-06,TATASTEEL,INE081A01012,,573.0,573.0,564.3,567.9,2756340,1565068646.3,0.06649853595719557,37.76451857009136
2011-06-07,TATASTEEL,INE081A01012,,567.0,580.0,566.0,577.95,2098576,1205043782.75,0.06649853595719557,38.432828856461185
2011-06-08,TATASTEEL,INE081A01012,,575.1,581.3,574.5,577.7,2500898,1444823860.55,0.06649853595719557,38.41620422247188
2011-06-09,TATASTEEL,INE081A01012,,577.0,581.7,574.4,577.05,2345636,1356054230.1,0.06649853595719557,38.3729801740997
2011-06-10,TATASTEEL,INE081A01012,,577.5,578.8,566.2,569.45,3511665,2008632716.5,0.06649853595719557,37.86759130082502
2011-06-13,TATASTEEL,INE081A01012,,568.0,568.0,560.55,562.95,4827155,2723859255.0,0.06649853595719557,37.43535081710325
2011-06-14,TATASTEEL,INE081A01012,,566.0,566.95,558.45,561.0,3238731,1820768732.0,0.06649853595719557,37.30567867198671
2011-06-15,TATASTEEL,INE081A01012,,562.0,566.35,560.25,561.4,2875961,1619631109.4,0.06649853595719557,37.33227808636959
2011-06-16,TATASTEEL,INE081A01012,,558.7,562.1,551.4,553.25,4047708,2253307341.95,0.06649853595719557,36.79031501831845
2011-06-17,TATASTEEL,INE081A01012,,564.0,575.3,563.0,573.05,4274031,2433625392.85,0.06649853595719557,38.10698603027092
2011-06-20,TATASTEEL,INE081A01012,,574.6,574.95,548.5,561.15,3432312,1932548003.65,0.06649853595719557,37.315653452380296
2011-06-21,TATASTEEL,INE081A01012,,565.9,568.5,556.75,558.2,2687660,1511588572.0,0.06649853595719557,37.11948277130657
2011-06-22,TATASTEEL,INE081A01012,,561.25,565.0,556.25,558.1,2375104,1329485857.7,0.06649853595719557,37.11283291771085
2011-06-23,TATASTEEL,INE081A01012,,559.7,561.9,553.3,556.55,2046848,1140677960.6,0.06649853595719557,37.00976018697719
2011-06-24,TATASTEEL,INE081A01012,,560.9,580.25,559.25,578.95,3039989,1736554229.6,0.06649853595719557,38.49932739241838
2011-06-27,TATASTEEL,INE081A01012,,576.4,593.45,574.8,589.35,4078924,2399052399.0,0.06649853595719557,39.19091216637321
2011-06-28,TATASTEEL,INE081A01012,,590.95,592.5,583.0,587.25,2320823,1363627648.95,0.06649853595719557,39.051265240863096
2011-06-29,TATASTEEL,INE081A01012,,589.7,602.75,589.0,601.6,2835059,1695193798.6,0.06649853595719557,40.00551923184886
2011-06-30,TATASTEEL,INE081A01012,,605.0,612.45,603.0,610.25,3701140,2250118660.25,0.06649853595719557,40.580731567878594
2011-07-01,TATASTEEL,INE081A01012,,616.7,616.7,595.65,602.3,2487704,1501371512.05,0.06649853595719557,40.05206820701889
2011-07-04,TATASTEEL,INE081A01012,,597.75,598.8,590.1,597.5,1873273,1115239268.75,0.06785036118417566,40.54059080754496
2011-07-05,TATASTEEL,INE081A01012,,599.9,606.9,594.2,597.4,2963805,1783064651.8,0.06785036118417566,40.533805771426536
2011-07-06,TATASTEEL,INE081A01012,,597.5,602.9,593.9,597.85,2082519,1246320071.15,0.06785036118417566,40.56433843395942
2011-07-07,TATASTEEL,INE081A01012,,599.0,608.0,598.5,606.7,2919421,1765446566.95,0.06785036118417566,41.164814130439375
2011-07-08,TATASTEEL,INE081A01012,,606.0,606.0,592.1,594.9,4050786,2417536272.55,0.06785036118417566,40.364179868466096
2011-07-11,TATASTEEL,INE081A01012,,595.5,595.85,586.05,587.8,1815934,1071362579.85,0.06785036118417566,39.88244230405845
2011-07-12,TATASTEEL,INE081A01012,,580.65,585.0,570.0,572.0,4431951,2554114301.45,0.06785036118417566,38.810406597348475
2011-07-13,TATASTEEL,INE081A01012,,577.0,579.35,570.15,575.0,4031915,2317475470.4,0.06785036118417566,39.013957680901
2011-07-14,TATASTEEL,INE081A01012,,573.75,583.6,571.0,576.55,2529457,1461142823.7,0.06785036118417566,39.11912574073647
2011-07-15,TATASTEEL,INE081A01012,,578.0,581.3,569.05,572.95,2160353,1239135874.5,0.06785036118417566,38.874864440473445
2011-07-18,TATASTEEL,INE081A01012,,573.55,577.0,570.25,571.6,1903223,1090846862.35,0.06785036118417566,38.783266452874805
2011-07-19,TATASTEEL,INE081A01012,,572.0,578.25,568.8,576.4,2557131,1467379982.05,0.06785036118417566,39.10894818655885
2011-07-20,TATASTEEL,INE081A01012,,579.0,581.7,574.05,575.45,2421867,1400529231.7,0.06785036118417566,39.044490343433885
2011-07-21,TATASTEEL,INE081A01012,,575.45,578.25,571.8,573.35,1194381,686488952.3,0.06785036118417566,38.902004584947115
2011-07-22,TATASTEEL,INE081A01012,,580.0,586.4,575.65,584.25,2309684,1345547690.8,0.06785036118417566,39.64157352185463
2011-07-25,TATASTEEL,INE081A01012,,580.0,595.0,579.0,591.25,2555106,1506108623.75,0.06785036118417566,40.11652605014386
2011-07-26,TATASTEEL,INE081A01012,,592.7,595.7,580.6,583.35,2153162,1261857831.3,0.06785036118417566,39.58050819678887
2011-07-27,TATASTEEL,INE081A01012,,583.0,590.75,576.5,579.85,2528550,1473374173.65,0.06785036118417566,39.34303193264426
2011-07-28,TATASTEEL,INE081A01012,,575.0,578.9,566.2,568.65,2664311,1522660031.2,0.06785036118417566,38.58310788738149
2011-07-29,TATASTEEL,INE081A01012,,570.0,572.0,562.4,564.0,2254747,1278639648.5,0.06785036118417566,38.26760370787507
2011-08-01,TATASTEEL,INE081A01012,,570.75,575.95,562.8,573.8,2403557,1369227975.05,0.06785036118417566,38.93253724747999
2011-08-02,TATASTEEL,INE081A01012,,571.0,573.4,561.55,564.4,2040235,1154740083.7,0.06785036118417566,38.29474385234874
2011-08-03,TATASTEEL,INE081A01012,,559.9,565.5,556.0,563.35,2350746,1319408871.05,0.06785036118417566,38.22350097310536
2011-08-04,TATASTEEL,INE081A01012,,566.0,568.0,554.2,557.75,2455941,1374943396.65,0.06785036118417566,37.84353895047397
2011-08-05,TATASTEEL,INE081A01012,,546.5,546.5,527.0,532.95,4924321,2627412889.75,0.06785036118417566,36.16084999310642
2011-08-08,TATASTEEL,INE081A01012,,519.9,519.9,503.0,509.1,5526351,2817130991.3,0.06785036118417566,34.54261887886383
2011-08-09,TATASTEEL,INE081A01012,,495.0,504.85,477.75,485.15,8847337,4344798865.35,0.06785036118417566,32.91760272850282
2011-08-10,TATASTEEL,INE081A01012,,503.05,505.0,480.65,484.95,5973600,2922770010.85,0.06785036118417566,32.90403265626598
2011-08-11,TATASTEEL,INE081A01012,,481.5,490.0,480.1,484.4,3241709,1574299521.55,0.06785036118417566,32.86671495761469
2011-08-12,TATASTEEL,INE081A01012,,489.9,489.9,471.0,474.95,6886051,3303299755.05,0.06785036118417566,32.22552904442423
2011-08-16,TATASTEEL,INE081A01012,,480.0,481.9,466.25,469.0,4218314,1992887178.95,0.06785036118417566,31.821819395378384
2011-08-17,TATASTEEL,INE081A01012,,470.25,474.7,460.55,472.9,3977809,1868982310.85,0.06785036118417566,32.086435803996665
2011-08-18,TATASTEEL,INE081A01012,,472.65,472.65,458.6,462.6,3031279,1412097729.25,0.06785036118417566,31.387577083799663
2011-08-19,TATASTEEL,INE081A01012,,454.0,467.95,450.0,459.4,4263578,1948980265.8,0.06785036118417566,31.170455928010295
2011-08-22,TATASTEEL,INE081A01012,,461.35,472.4,456.1,469.95,2634379,1220579182.35,0.06785036118417566,31.88627723850335
2011-08-23,TATASTEEL,INE081A01012,,473.0,478.25,464.1,475.5,2680782,1265019842.3,0.06785036118417566,32.26284674307553
2011-08-24,TATASTEEL,INE081A01012,,474.0,479.9,452.15,454.5,5489631,2555829115.95,0.06785036118417566,30.837989158207836
2011-08-25,TATASTEEL,INE081A01012,,456.7,460.95,441.05,443.7,9748370,4342063881.55,0.06785036118417566,30.10520525741874
2011-08-26,TATASTEEL,INE081A01012,,441.9,444.8,418.3,422.3,4940687,2129129810.7,0.06785036118417566,28.65320752807738
2011-08-29,TATASTEEL,INE081A01012,,428.85,450.0,426.7,447.4,5191420,2274384896.45,0.06785036118417566,30.356251593800188
2011-08-30,TATASTEEL,INE081A01012,,455.0,472.9,455.0,468.55,7560514,3526944362.2,0.06785036118417566,31.791286732845506
2011-09-02,TATASTEEL,INE081A01012,,470.0,492.7,461.0,490.1,7465853,3600746179.2,0.06785036118417566,33.253462016364495
2011-09-05,TATASTEEL,INE081A01012,,486.0,495.95,480.2,494.7,6126203,3000987888.6,0.06785036118417566,33.5655736778117
2011-09-06,TATASTEEL,INE081A01012,,490.0,497.6,478.1,495.45,4795962,2339783289.1,0.06785036118417566,33.61646144869983
2011-09-07,TATASTEEL,INE081A01012,,495.0,503.5,494.9,498.5,3219888,1609113849.05,0.06785036118417566,33.823405050311564
2011-09-08,TATASTEEL,INE081A01012,,499.75,502.05,489.0,491.35,3352401,1655707396.15,0.06785036118417566,33.33827496784471
2011-09-09,TATASTEEL,INE081A01012,,490.0,490.8,475.1,476.9,4584623,2207583160.45,0.06785036118417566,32.35783724873337
2011-09-12,TATASTEEL,INE081A01012,,469.25,470.0,452.15,454.85,6087114,2791228908.75,0.06785036118417566,30.8617367846223
2011-09-13,TATASTEEL,INE081A01012,,460.4,467.8,450.8,457.35,4230991,1950025427.2,0.06785036118417566,31.03136268758274
2011-09-14,TATASTEEL,INE081A01012,,460.0,473.6,454.1,469.5,3455706,1603065597.4,0.06785036118417566,31.855744575970473
2011-09-15,TATASTEEL,INE081A01012,,475.0,477.0,460.1,465.65,5577374,2596589451.55,0.06785036118417566,31.594520685411393
2011-09-16,TATASTEEL,INE081A01012,,470.4,474.5,457.1,460.85,7348556,3416791939.2,0.06785036118417566,31.268838951727354
2011-09-19,TATASTEEL,INE081A01012,,458.85,458.85,451.6,453.75,2527668,1148458723.45,0.06785036118417566,30.787101387319705
2011-09-20,TATASTEEL,INE081A01012,,453.75,462.6,452.2,461.1,3418596,1569115092.7,0.06785036118417566,31.285801542023396
2011-09-21,TATASTEEL,INE081A01012,,462.4,462.4,455.15,458.5,2302660,1056031324.95,0.06785036118417566,31.10939060294454
2011-09-22,TATASTEEL,INE081A01012,,451.0,451.0,440.0,442.4,4434618,1967466933.25,0.06785036118417566,30.01699978787931
2011-09-23,TATASTEEL,INE081A01012,,437.55,438.25,425.1,432.8,5374881,2318990654.65,0.06785036118417566,29.365636320511225
2011-09-26,TATASTEEL,INE081A01012,,432.0,439.7,420.2,435.45,3852137,1651390966.9,0.06785036118417566,29.54543977764929
2011-09-27,TATASTEEL,INE081A01012,,441.6,445.4,435.5,438.95,3941832,1739227012.35,0.06785036118417566,29.782916041793904
2011-09-28,TATASTEEL,INE081A01012,,442.0,444.0,425.6,427.4,3487291,1503400467.05,0.06785036118417566,28.999244370116674
2011-09-29,TATASTEEL,INE081A01012,,424.0,438.0,417.0,433.8,5436403,2317484050.7,0.06785036118417566,29.433486681695403
2011-09-30,TATASTEEL,INE081A01012,,430.6,432.8,414.15,415.35,5203585,2198602716.15,0.06785036118417566,28.181647517847363
2011-10-03,TATASTEEL,INE081A01012,,408.75,408.75,392.85,394.65,5050576,2008258038.25,0.06785036118417566,26.777145041334922
2011-10-04,TATASTEEL,INE081A01012,,393.85,405.4,390.3,397.55,4738785,1888520316.9,0.06785036118417566,26.973911088769032
2011-10-05,TATASTEEL,INE081A01012,,400.8,406.8,398.0,400.6,4220159,1697722095.6,0.06785036118417566,27.18085469038077
2011-10-07,TATASTEEL,INE081A01012,,413.5,421.4,410.65,419.7,4394107,1829528536.75,0.06785036118417566,28.476796588998525
2011-10-10,TATASTEEL,INE081A01012,,419.7,436.4,416.65,434.95,5301040,2278924488.4,0.06785036118417566,29.511514597057204
2011-10-11,TATASTEEL,INE081A01012,,439.8,443.3,430.7,433.55,4898188,2143640826.35,0.06785036118417566,29.416524091399356
2011-10-12,TATASTEEL,INE081A01012,,435.0,445.0,433.7,444.1,3202449,1408522685.9,0.06785036118417566,30.13234540189241
2011-10-13,TATASTEEL,INE081A01012,,445.6,457.4,441.6,453.4,4733667,2131947339.2,0.06785036118417566,30.763353760905243
2011-10-14,TATASTEEL,INE081A01012,,450.0,451.0,434.2,437.85,4378886,1924730272.7,0.06785036118417566,29.708280644491314
2011-10-17,TATASTEEL,INE081A01012,,441.0,443.4,433.4,440.05,2791086,1224928001.35,0.06785036118417566,29.8575514390965
2011-10-18,TATASTEEL,INE081A01012,,430.3,434.8,423.05,429.25,3376522,1445126387.15,0.06785036118417566,29.124767538307403
2011-10-19,TATASTEEL,INE081A01012,,431.7,437.4,429.5,434.0,2370363,1028603328.65,0.06785036118417566,29.447056753932237
2011-10-20,TATASTEEL,INE081A01012,,429.4,443.9,423.5,441.6,5657598,2451119776.15,0.06785036118417566,29.96271949893197
2011-10-21,TATASTEEL,INE081A01012,,443.6,445.0,431.05,433.0,3329204,1453372815.55,0.06785036118417566,29.37920639274806
2011-10-24,TATASTEEL,INE081A01012,,439.1,443.95,434.8,436.55,2478458,1089346802.3,0.06785036118417566,29.620075174951886
2011-10-25,TATASTEEL,INE081A01012,,439.8,455.9,437.0,452.05,4935830,2204518395.05,0.06785036118417566,30.671755773306607
2011-10-26,TATASTEEL,INE081A01012,,454.0,455.0,449.0,451.3,649045,293839702.3,0.06785036118417566,30.620868002418476
2011-10-28,TATASTEEL,INE081A01012,,468.0,491.65,467.1,483.7,5438156,2619907315.05,0.06785036118417566,32.819219704785766
2011-10-31,TATASTEEL,INE081A01012,,479.95,488.65,475.05,482.8,4924535,2378699999.25,0.06785036118417566,32.75815437972001
2011-11-01,TATASTEEL,INE081A01012,,477.0,480.5,465.65,472.0,3003339,1421214112.7,0.06785036118417566,32.02537047893091
2011-11-02,TATASTEEL,INE081A01012,,463.55,472.5,459.1,467.85,3715573,1734797049.85,0.06785036118417566,31.743791480016583
2011-11-03,TATASTEEL,INE081A01012,,465.3,469.75,455.3,461.7,3872434,1786054987.05,0.06785036118417566,31.3265117587339
2011-11-04,TATASTEEL,INE081A01012,,467.6,476.25,465.1,467.15,4318570,2031798619.75,0.06785036118417566,31.69629622718766
2011-11-08,TATASTEEL,INE081A01012,,470.35,472.0,464.0,467.4,2152106,1007477704.7,0.06785036118417566,31.713258817483702
2011-11-09,TATASTEEL,INE081A01012,,470.8,475.3,444.1,447.6,5927140,2734135771.6,0.06785036118417566,30.369821666037026
2011-11-11,TATASTEEL,INE081A01012,,429.9,433.85,423.15,429.85,6098511,2618633989.55,0.06785036118417566,29.165477755017907
2011-11-14,TATASTEEL,INE081A01012,,435.0,437.95,409.55,412.5,5102520,2147132306.15,0.06785036118417566,27.98827398847246
2011-11-15,TATASTEEL,INE081A01012,,413.5,415.0,396.1,400.45,8112522,3287977227.3,0.06785036118417566,27.170677136203143
2011-11-16,TATASTEEL,INE081A01012,,400.1,417.4,393.65,405.95,7857318,3180948758.8,0.06785036118417566,27.54385412271611
2011-11-17,TATASTEEL,INE081A01012,,406.9,415.5,398.0,400.1,5515558,2249727131.05,0.06785036118417566,27.146929509788684
2011-11-18,TATASTEEL,INE081A01012,,398.3,398.3,385.05,391.4,6077729,2373502830.0,0.06785036118417566,26.55663136748635
2011-11-21,TATASTEEL,INE081A01012,,388.9,391.3,376.85,379.7,4898295,1883957689.15,0.06785036118417566,25.762782141631497
2011-11-22,TATASTEEL,INE081A01012,,382.5,399.45,380.65,391.7,6250297,2436370385.45,0.06785036118417566,26.576986475841604
2011-11-23,TATASTEEL,INE081A01012,,387.9,388.4,377.65,382.65,5008919,1914036458.6,0.06785036118417566,25.962940707124815
2011-11-24,TATASTEEL,INE081A01012,,381.0,389.0,367.0,385.6,7136300,2699176985.35,0.06785036118417566,26.163099272618137
2011-11-25,TATASTEEL,INE081A01012,,379.7,381.0,372.15,374.95,4847082,1822843914.65,0.06785036118417566,25.440492926006662
2011-11-28,TATASTEEL,INE081A01012,,378.8,389.1,378.0,386.95,4715172,1808037310.05,0.06785036118417566,26.25469726021677
2011-11-29,TATASTEEL,INE081A01012,,389.0,398.0,384.1,387.15,5443031,2132103927.95,0.06785036118417566,26.268267332453604
2011-11-30,TATASTEEL,INE081A01012,,384.0,388.5,381.5,385.2,3483242,1341710881.0,0.06785036118417566,26.135959128144464
2011-12-01,TATASTEEL,INE081A01012,,401.4,410.2,398.0,402.65,7266237,2941671645.25,0.06785036118417566,27.31994793080833
2011-12-02,TATASTEEL,INE081A01012,,400.0,422.85,397.1,419.1,6993853,2885700056.65,0.06785036118417566,28.43608637228802
2011-12-05,TATASTEEL,INE081A01012,,416.8,417.4,409.0,411.15,4595223,1893702623.65,0.06785036118417566,27.89667600087382
2011-12-07,TATASTEEL,INE081A01012,,412.75,421.0,409.0,417.55,4710904,1966552802.0,0.06785036118417566,28.330918312452546
2011-12-08,TATASTEEL,INE081A01012,,413.9,416.85,402.0,404.05,3765182,1537946586.65,0.06785036118417566,27.414938436466176
2011-12-09,TATASTEEL,INE081A01012,,395.0,404.4,391.05,397.55,4673869,1859650587.3,0.06785036118417566,26.973911088769032
2011-12-12,TATASTEEL,INE081A01012,,402.8,405.5,383.95,385.45,3701881,1455419880.3,0.06785036118417566,26.152921718440506
2011-12-13,TATASTEEL,INE081A01012,,380.95,395.0,373.2,392.6,6545611,2514685834.55,0.06785036118417566,26.638051800907366
2011-12-14,TATASTEEL,INE081A01012,,391.95,392.5,374.5,375.75,5505860,2114557689.1,0.06785036118417566,25.494773214954005
2011-12-15,TATASTEEL,INE081A01012,,370.05,379.9,367.4,375.25,5837407,2181452203.65,0.06785036118417566,25.460848034361916
2011-12-16,TATASTEEL,INE081A01012,,378.0,381.8,362.45,364.95,5053231,1885046563.45,0.06785036118417566,24.761989314164907
2011-12-19,TATASTEEL,INE081A01012,,364.0,364.95,354.0,363.6,4154096,1494481348.7,0.06785036118417566,24.67039132656627
2011-12-20,TATASTEEL,INE081A01012,,365.3,366.55,340.6,342.75,6536826,2291338862.5,0.06785036118417566,23.255711295876207
2011-12-21,TATASTEEL,INE081A01012,,352.0,353.4,341.25,349.45,8415259,2928115108.3,0.06785036118417566,23.710308715810182
2011-12-22,TATASTEEL,INE081A01012,,347.0,356.95,341.65,353.9,7167554,2500752620.35,0.06785036118417566,24.012242823079763
2011-12-23,TATASTEEL,INE081A01012,,355.9,358.6,345.0,347.3,6554397,2312542780.2,0.06785036118417566,23.564430439264207
2011-12-26,TATASTEEL,INE081A01012,,349.5,359.7,348.1,357.65,4553518,1615053038.0,0.06785036118417566,24.266681677520424
2011-12-27,TATASTEEL,INE081A01012,,358.0,359.35,347.15,349.15,3106343,1094160741.85,0.06785036118417566,23.689953607454928
2011-12-28,TATASTEEL,INE081A01012,,347.65,350.7,343.0,346.85,3236326,1120479995.95,0.06785036118417566,23.53389777673133
2011-12-29,TATASTEEL,INE081A01012,,344.9,348.75,341.1,341.9,4850549,1669646953.1,0.06785036118417566,23.198038488869656
2011-12-30,TATASTEEL,INE081A01012,,344.55,346.9,334.0,335.35,4128724,1401937216.05,0.06785036118417566,22.753618623113308
2012-01-02,TATASTEEL,INE081A01012,,337.9,346.0,332.1,341.1,3845860,1299286526.6,0.06785036118417566,23.143758199922317
2012-01-03,TATASTEEL,INE081A01012,,345.0,363.8,344.2,361.85,5823147,2069583238.95,0.06785036118417566,24.551653194493962
2012-01-04,TATASTEEL,INE081A01012,,364.0,367.5,356.3,363.95,5451263,1974968346.9,0.06785036118417566,24.69413895298073
2012-01-05,TATASTEEL,INE081A01012,,365.0,371.5,359.4,362.6,4174382,1528442692.55,0.06785036118417566,24.602540965382094
2012-01-06,TATASTEEL,INE081A01012,,359.0,367.8,350.2,363.65,4553174,1629594038.35,0.06785036118417566,24.673783844625476
2012-01-09,TATASTEEL,INE081A01012,,362.5,365.8,354.55,361.75,3858964,1390091976.35,0.06785036118417566,24.544868158375543
2012-01-10,TATASTEEL,INE081A01012,,361.2,373.4,361.2,371.75,5218794,1927394908.7,0.06785036118417566,25.2233717702173
2012-01-11,TATASTEEL,INE081A01012,,373.65,384.4,371.3,383.0,5621721,2132477136.05,0.06785036118417566,25.986688333539277
2012-01-12,TATASTEEL,INE081A01012,,383.0,392.5,380.8,388.85,4843756,1877664020.3,0.06785036118417566,26.383612946466705
2012-01-13,TATASTEEL,INE081A01012,,392.0,424.9,391.9,415.7,12172110,5025647221.75,0.06785036118417566,28.20539514426182
2012-01-16,TATASTEEL,INE081A01012,,412.5,429.4,408.2,421.75,7948867,3333336060.4,0.06785036118417566,28.615889829426084
2012-01-17,TATASTEEL,INE081A01012,,423.5,448.4,423.05,442.75,8204447,3595013620.95,0.06785036118417566,30.040747414293772
2012-01-18,TATASTEEL,INE081A01012,,443.6,445.05,421.35,424.9,7276468,3128195706.6,0.06785036118417566,28.829618467156237
2012-01-19,TATASTEEL,INE081A01012,,430.0,441.9,430.0,435.85,6538305,2854077636.75,0.06785036118417566,29.572579922122962
2012-01-20,TATASTEEL,INE081A01012,,438.0,444.5,430.5,436.55,5911515,2591073067.4,0.06785036118417566,29.620075174951886
2012-01-23,TATASTEEL,INE081A01012,,435.0,437.95,423.1,426.55,4509958,1931259906.95,0.06785036118417566,28.941571563110127
2012-01-24,TATASTEEL,INE081A01012,,428.0,440.0,421.7,432.35,5801166,2503859715.0,0.06785036118417566,29.335103657978348
2012-01-25,TATASTEEL,INE081A01012,,435.0,446.9,434.0,444.85,7374323,3265634806.0,0.06785036118417566,30.183233172780543
2012-01-27,TATASTEEL,INE081A01012,,450.0,462.6,447.5,458.75,5780814,2640846323.6,0.06785036118417566,31.126353193240583
2012-01-30,TATASTEEL,INE081A01012,,456.0,456.4,437.0,442.3,4650423,2090303726.05,0.06785036118417566,30.010214751760895
2012-01-31,TATASTEEL,INE081A01012,,444.8,453.45,432.1,450.8,6603556,2928787834.1,0.06785036118417566,30.586942821826387
2012-02-01,TATASTEEL,INE081A01012,,452.0,474.0,450.85,470.95,8208490,3784278917.85,0.06785036118417566,31.954127599687524
2012-02-02,TATASTEEL,INE081A01012,,476.0,480.8,464.3,475.9,7992797,3789981350.55,0.06785036118417566,32.2899868875492
2012-02-03,TATASTEEL,INE081A01012,,474.0,474.0,460.2,467.5,5885841,2738625422.25,0.06785036118417566,31.72004385360212
2012-02-06,TATASTEEL,INE081A01012,,474.7,478.0,463.05,467.25,5221753,2460876155.8,0.06785036118417566,31.703081263306075
2012-02-07,TATASTEEL,INE081A01012,,470.0,472.0,449.25,451.35,7493579,3459450655.1,0.06785036118417566,30.624260520477684
2012-02-08,TATASTEEL,INE081A01012,,454.0,461.8,442.35,450.65,9581104,4325690325.45,0.06785036118417566,30.57676526764876
2012-02-09,TATASTEEL,INE081A01012,,447.9,454.35,440.0,452.15,9325947,4171587335.05,0.06785036118417566,30.678540809425023
2012-02-10,TATASTEEL,INE081A01012,,434.0,478.4,432.6,475.05,20927927,9770610021.0,0.06785036118417566,32.23231408054265
2012-02-13,TATASTEEL,INE081A01012,,476.0,488.85,466.5,485.2,6517584,3112621799.25,0.06785036118417566,32.92099524656203
2012-02-14,TATASTEEL,INE081A01012,,483.0,491.8,481.35,487.95,6195320,3016428757.15,0.06785036118417566,33.10758373981851
2012-02-15,TATASTEEL,INE081A01012,,491.0,496.75,487.0,495.15,6471227,3190321391.2,0.06785036118417566,33.596106340344576
2012-02-16,TATASTEEL,INE081A01012,,491.65,493.2,474.65,479.1,5391863,2601113687.7,0.06785036118417566,32.50710804333856
2012-02-17,TATASTEEL,INE081A01012,,484.0,489.0,470.5,478.0,5733302,2761137180.6,0.06785036118417566,32.43247264603596
2012-02-21,TATASTEEL,INE081A01012,,480.2,500.95,480.2,491.5,7654997,3777388367.85,0.06785036118417566,33.348452522022335
2012-02-22,TATASTEEL,INE081A01012,,492.6,496.8,468.0,470.5,4506517,2173135905.7,0.06785036118417566,31.923594937154647
2012-02-23,TATASTEEL,INE081A01012,,470.0,478.9,460.4,471.4,6701785,3150968666.95,0.06785036118417566,31.984660262220405
2012-02-24,TATASTEEL,INE081A01012,,473.15,480.9,466.35,475.5,5976561,2833459123.05,0.06785036118417566,32.26284674307553
2012-02-27,TATASTEEL,INE081A01012,,477.95,477.95,438.6,442.4,6643678,3012063645.8,0.06785036118417566,30.01699978787931
2012-02-28,TATASTEEL,INE081A01012,,446.7,462.0,446.4,459.8,5189903,2370905403.25,0.06785036118417566,31.197596072483968
2012-02-29,TATASTEEL,INE081A01012,,465.0,475.2,459.3,472.55,5538665,2593349267.65,0.06785036118417566,32.06268817758221
2012-03-01,TATASTEEL,INE081A01012,,471.85,471.85,456.6,462.8,5010746,2326691849.75,0.06785036118417566,31.401147156036494
2012-03-02,TATASTEEL,INE081A01012,,465.9,472.5,460.25,465.9,3770619,1761106811.1,0.06785036118417566,31.61148327570744
2012-03-05,TATASTEEL,INE081A01012,,465.0,465.0,448.6,450.7,3487338,1588299471.1,0.06785036118417566,30.580157785707968
2012-03-06,TATASTEEL,INE081A01012,,448.9,457.0,422.5,424.95,7319531,3222911680.95,0.06785036118417566,28.833010985215445
2012-03-07,TATASTEEL,INE081A01012,,422.1,429.8,415.95,423.8,7545596,3194136885.6,0.06785036118417566,28.754983069853644
2012-03-09,TATASTEEL,INE081A01012,,432.0,457.45,432.0,455.2,6535082,2919355610.4,0.06785036118417566,30.88548441103676
2012-03-12,TATASTEEL,INE081A01012,,460.1,463.3,449.35,456.4,4644795,2118338767.5,0.06785036118417566,30.96690484445777
2012-03-13,TATASTEEL,INE081A01012,,459.55,469.8,459.55,468.1,4056266,1890131787.15,0.06785036118417566,31.76075407031263
2012-03-14,TATASTEEL,INE081A01012,,475.0,475.8,458.65,460.85,5732646,2672418636.55,0.06785036118417566,31.268838951727354
2012-03-15,TATASTEEL,INE081A01012,,461.5,466.9,455.0,462.75,4959710,2288795721.75,0.06785036118417566,31.397754637977286
2012-03-16,TATASTEEL,INE081A01012,,463.0,473.85,449.85,454.6,5610638,2607672518.55,0.06785036118417566,30.844774194326256
2012-03-19,TATASTEEL,INE081A01012,,455.0,463.5,446.2,448.2,3355194,1524249820.15,0.06785036118417566,30.41053188274753
2012-03-20,TATASTEEL,INE081A01012,,449.0,457.0,445.15,454.8,4406875,1994312730.7,0.06785036118417566,30.85834426656309
2012-03-21,TATASTEEL,INE081A01012,,452.85,474.15,448.05,472.4,4988133,2301847192.95,0.06785036118417566,32.05251062340458
2012-03-22,TATASTEEL,INE081A01012,,469.5,475.7,447.0,449.9,6844373,3181186564.0,0.06785036118417566,30.52587749676063
2012-03-23,TATASTEEL,INE081A01012,,449.15,455.4,442.75,448.5,4716615,2121204463.3,0.06785036118417566,30.43088699110278
2012-03-26,TATASTEEL,INE081A01012,,448.1,451.6,438.0,440.15,4441888,1975585848.2,0.06785036118417566,29.864336475214916
2012-03-27,TATASTEEL,INE081A01012,,449.9,450.65,438.6,447.0,4883742,2171514279.4,0.06785036118417566,30.32911144932652
2012-03-28,TATASTEEL,INE081A01012,,444.9,457.9,441.4,455.1,5106345,2307730121.7,0.06785036118417566,30.878699374918344
2012-03-29,TATASTEEL,INE081A01012,,450.1,455.0,445.4,453.1,4082448,1839273704.1,0.06785036118417566,30.742998652549993
2012-03-30,TATASTEEL,INE081A01012,,453.7,474.65,453.2,471.75,4957066,2314468916.95,0.06785036118417566,32.00840788863486
2012-04-02,TATASTEEL,INE081A01012,,470.85,477.3,467.1,471.75,3277978,1550330748.5,0.06785036118417566,32.00840788863486
2012-04-03,TATASTEEL,INE081A01012,,475.55,482.25,474.15,478.2,4199230,2009231206.1,0.06785036118417566,32.4460427182728
2012-04-04,TATASTEEL,INE081A01012,,474.4,479.2,471.25,475.55,3122788,1484294419.5,0.06785036118417566,32.266239261134736
2012-04-09,TATASTEEL,INE081A01012,,472.4,472.4,455.75,459.75,2679445,1241054169.9,0.06785036118417566,31.19420355442476
2012-04-10,TATASTEEL,INE081A01012,,459.45,459.95,449.4,452.8,4369089,1981609939.95,0.06785036118417566,30.72264354419474
2012-04-11,TATASTEEL,INE081A01012,,448.3,454.8,443.6,446.35,4201765,1882546461.15,0.06785036118417566,30.285008714556806
2012-04-12,TATASTEEL,INE081A01012,,450.65,456.4,448.1,453.3,3096497,1402484409.5,0.06785036118417566,30.756568724786828
2012-04-13,TATASTEEL,INE081A01012,,458.0,462.5,447.05,449.8,3106058,1415696309.0,0.06785036118417566,30.519092460642213
2012-04-16,TATASTEEL,INE081A01012,,447.3,456.9,445.0,455.15,2604087,1175647220.55,0.06785036118417566,30.88209189297755
2012-04-17,TATASTEEL,INE081A01012,,464.9,464.9,451.4,461.55,2884347,1321038749.2,0.06785036118417566,31.316334204556277
2012-04-18,TATASTEEL,INE081A01012,,464.45,471.5,462.8,465.2,4028956,1885186804.15,0.06785036118417566,31.563988022878515
2012-04-19,TATASTEEL,INE081A01012,,466.65,469.65,461.55,467.15,2781913,1295229620.0,0.06785036118417566,31.69629622718766
2012-04-20,TATASTEEL,INE081A01012,,465.6,474.5,464.05,470.3,3850481,1810315138.3,0.06785036118417566,31.910024864917812
2012-04-23,TATASTEEL,INE081A01012,,470.0,479.3,459.65,462.85,4785538,2258923207.9,0.06785036118417566,31.404539674095705
2012-04-24,TATASTEEL,INE081A01012,,464.0,473.35,460.1,470.25,2345532,1093311461.05,0.06785036118417566,31.906632346858604
2012-04-25,TATASTEEL,INE081A01012,,472.0,475.25,459.3,465.5,3057398,1426447046.55,0.06785036118417566,31.58434313123377
2012-04-26,TATASTEEL,INE081A01012,,466.0,474.45,463.5,466.8,3916457,1839760429.2,0.06785036118417566,31.672548600773197
2012-04-27,TATASTEEL,INE081A01012,,466.7,468.7,454.35,461.15,2567061,1183418420.85,0.06785036118417566,31.289194060082604
2012-04-30,TATASTEEL,INE081A01012,,462.5,469.3,460.2,463.65,2697385,1252711602.95,0.06785036118417566,31.45881996304304
2012-05-02,TATASTEEL,INE081A01012,,464.95,469.4,460.1,461.85,1654764,767798193.85,0.06785036118417566,31.33668931291153
2012-05-03,TATASTEEL,INE081A01012,,459.0,459.8,446.0,448.1,3162930,1429959059.7,0.06785036118417566,30.403746846629115
2012-05-04,TATASTEEL,INE081A01012,,444.1,445.95,428.7,432.5,4205200,1829986906.95,0.06785036118417566,29.34528121215597
2012-05-07,TATASTEEL,INE081A01012,,422.2,443.9,421.1,441.6,3997765,1718457172.85,0.06785036118417566,29.96271949893197
2012-05-08,TATASTEEL,INE081A01012,,444.5,444.7,424.0,427.2,3329911,1445273142.95,0.06785036118417566,28.98567429787984
2012-05-09,TATASTEEL,INE081A01012,,421.6,432.4,414.25,417.45,4163540,1766450967.6,0.06785036118417566,28.324133276334127
2012-05-10,TATASTEEL,INE081A01012,,418.0,425.0,413.3,415.6,3855427,1618305956.55,0.06785036118417566,28.198610108143406
2012-05-11,TATASTEEL,INE081A01012,,412.0,419.9,409.0,412.0,3506017,1450893880.9,0.06785036118417566,27.954348807880372
2012-05-14,TATASTEEL,INE081A01012,,410.5,417.4,402.0,408.2,3250988,1330845418.25,0.06785036118417566,27.696517435380503
2012-05-15,TATASTEEL,INE081A01012,,405.35,420.0,404.3,418.15,3890101,1609650809.15,0.06785036118417566,28.37162852916305
2012-05-16,TATASTEEL,INE081A01012,,411.0,411.35,398.55,400.6,5110447,2061785370.05,0.06785036118417566,27.18085469038077
2012-05-17,TATASTEEL,INE081A01012,,403.4,409.8,402.0,405.85,3911870,1588572632.2,0.06785036118417566,27.537069086597693
2012-05-18,TATASTEEL,INE081A01012,,397.1,402.0,390.0,399.95,6198191,2459195813.65,0.06785036118417566,27.136751955611054
2012-05-21,TATASTEEL,INE081A01012,,394.1,406.35,388.7,402.75,9588619,3809562009.5,0.06785036118417566,27.32673296692675
2012-05-22,TATASTEEL,INE081A01012,,407.35,409.9,396.9,399.3,4157170,1680525855.1,0.06785036118417566,27.09264922084134
2012-05-23,TATASTEEL,INE081A01012,,397.0,401.4,394.35,396.25,3445761,1370051591.3,0.06785036118417566,26.885705619229604
2012-05-24,TATASTEEL,INE081A01012,,398.7,402.5,391.4,398.65,3618122,1437632293.2,0.06785036118417566,27.048546486071626
2012-05-25,TATASTEEL,INE081A01012,,397.65,410.5,396.0,408.6,4000538,1623157176.9,0.06785036118417566,27.723657579854176
2012-05-28,TATASTEEL,INE081A01012,,409.0,415.5,408.0,411.85,3182522,1311004754.5,0.06785036118417566,27.944171253702745
2012-05-29,TATASTEEL,INE081A01012,,413.1,419.0,410.5,415.8,3229093,1341914348.55,0.06785036118417566,28.21218018038024
2012-05-30,TATASTEEL,INE081A01012,,412.0,414.6,407.55,410.3,2420669,995716825.6,0.06785036118417566,27.839003193867274
2012-05-31,TATASTEEL,INE081A01012,,405.6,407.8,399.1,403.65,4218052,1703903041.0,0.06785036118417566,27.387798291992503
2012-06-01,TATASTEEL,INE081A01012,,404.0,407.4,395.1,397.9,3071835,1235521696.4,0.06785036118417566,26.997658715183494
2012-06-04,TATASTEEL,INE081A01012,,392.95,406.2,389.1,404.0,3180971,1263688774.65,0.06785036118417566,27.411545918406965
2012-06-05,TATASTEEL,INE081A01012,,406.0,408.9,396.25,398.0,2389621,964937941.75,0.06785036118417566,27.004443751301913
2012-06-06,TATASTEEL,INE081A01012,,402.0,411.5,402.0,410.0,2952314,1204954277.65,0.06785036118417566,27.81864808551202
2012-06-07,TATASTEEL,INE081A01012,,415.0,419.85,410.0,411.1,3836725,1587893480.75,0.06785036118417566,27.893283482814613
2012-06-08,TATASTEEL,INE081A01012,,411.9,416.25,405.5,410.4,3449717,1417749230.05,0.06785036118417566,27.84578822998569
2012-06-11,TATASTEEL,INE081A01012,,416.0,419.0,406.75,409.9,2771223,1149811172.45,0.06785036118417566,27.8118630493936
2012-06-12,TATASTEEL,INE081A01012,,406.95,414.4,405.3,412.9,3009631,1234051871.85,0.06785036118417566,28.015414132946127
2012-06-13,TATASTEEL,INE081A01012,,414.7,416.5,410.35,411.95,2928215,1210532967.0,0.06785036118417566,27.95095628982116
2012-06-14,TATASTEEL,INE081A01012,,412.0,416.75,406.0,406.95,2886127,1187264869.95,0.06785036118417566,27.611704483900283
2012-06-15,TATASTEEL,INE081A01012,,408.1,415.9,407.2,414.55,2534482,1044770894.8,0.06785036118417566,28.12736722890002
2012-06-18,TATASTEEL,INE081A01012,,419.0,425.2,413.6,419.75,5415812,2275314816.45,0.06785036118417566,28.480189107057733
2012-06-19,TATASTEEL,INE081A01012,,421.0,425.0,415.3,420.25,3774866,1586767844.4,0.06785036118417566,28.51411428764982
2012-06-20,TATASTEEL,INE081A01012,,423.9,429.4,421.1,426.8,3875962,1648783452.95,0.06785036118417566,28.958534153406173
2012-06-21,TATASTEEL,INE081A01012,,424.35,431.95,422.8,430.15,2905568,1239822141.4,0.06785036118417566,29.185832863373157
2012-06-22,TATASTEEL,INE081A01012,,424.9,426.9,416.5,418.6,3931215,1653243664.85,0.06785036118417566,28.40216119169593
2012-06-25,TATASTEEL,INE081A01012,,420.0,424.7,411.55,414.65,2514648,1055342778.6,0.06785036118417566,28.134152265018436
2012-06-26,TATASTEEL,INE081A01012,,412.0,412.5,405.5,410.5,4218334,1726573834.95,0.06785036118417566,27.85257326610411
2012-06-27,TATASTEEL,INE081A01012,,412.1,422.0,412.1,420.7,3272599,1367614866.85,0.06785036118417566,28.5446469501827
2012-06-28,TATASTEEL,INE081A01012,,421.1,430.95,420.15,429.05,4935431,2101992738.1,0.06785036118417566,29.111197466070568
2012-06-29,TATASTEEL,INE081A01012,,434.45,444.0,432.5,441.45,4369646,1911471129.5,0.06785036118417566,29.952541944754344
2012-07-02,TATASTEEL,INE081A01012,,444.0,454.5,441.65,446.95,4049142,1810105667.7,0.06785036118417566,30.32571893126731
2012-07-03,TATASTEEL,INE081A01012,,448.0,450.75,442.0,446.35,2438869,1088771962.55,0.06785036118417566,30.285008714556806
2012-07-04,TATASTEEL,INE081A01012,,448.0,455.6,447.1,451.8,3127782,1415096892.3,0.06785036118417566,30.654793183010565
2012-07-05,TATASTEEL,INE081A01012,,451.4,453.8,448.5,451.6,2089540,943675119.05,0.06785036118417566,30.64122311077373
2012-07-06,TATASTEEL,INE081A01012,,451.0,451.2,443.55,448.25,1897660,848461827.55,0.06785036118417566,30.41392440080674
2012-07-09,TATASTEEL,INE081A01012,,445.0,445.0,435.2,437.6,2083623,914526062.55,0.06785036118417566,29.69131805419527
2012-07-10,TATASTEEL,INE081A01012,,437.0,441.8,432.55,438.8,3775996,1654395787.85,0.06785036118417566,29.77273848761628
2012-07-11,TATASTEEL,INE081A01012,,437.05,443.35,435.1,436.0,3046521,1335384592.7,0.06785036118417566,29.582757476300586
2012-07-12,TATASTEEL,INE081A01012,,434.8,436.5,427.05,428.5,3517093,1515768484.45,0.06785036118417566,29.07387976741927
2012-07-13,TATASTEEL,INE081A01012,,430.0,433.0,424.1,425.0,3317195,1420014666.25,0.06785036118417566,28.836403503274656
2012-07-16,TATASTEEL,INE081A01012,,417.5,418.7,406.2,407.95,4011799,1651139296.0,0.0698218002500597,28.483803412011852
2012-07-17,TATASTEEL,INE081A01012,,411.0,413.65,404.85,405.8,3394372,1388591078.0,0.0698218002500597,28.333686541474226
2012-07-18,TATASTEEL,INE081A01012,,405.0,413.75,404.3,411.65,3357695,1375883034.8,0.0698218002500597,28.742144072937073
2012-07-19,TATASTEEL,INE081A01012,,416.0,416.9,412.75,414.45,2692690,1117342249.0,0.0698218002500597,28.93764511363724
2012-07-20,TATASTEEL,INE081A01012,,411.5,417.9,411.5,415.95,2338193,971677076.3,0.0698218002500597,29.04237781401233
2012-07-23,TATASTEEL,INE081A01012,,412.0,412.4,398.0,399.5,2928511,1181183102.7,0.0698218002500597,27.89380919989885
2012-07-24,TATASTEEL,INE081A01012,,399.35,402.45,393.9,396.85,3333255,1325505050.45,0.0698218002500597,27.708781429236193
2012-07-25,TATASTEEL,INE081A01012,,396.0,397.8,385.7,386.5,5145542,2003994905.75,0.0698218002500597,26.986125796648075
2012-07-26,TATASTEEL,INE081A01012,,388.1,390.95,382.0,384.0,7446618,2872756519.15,0.0698218002500597,26.811571296022926
2012-07-27,TATASTEEL,INE081A01012,,390.0,402.8,389.65,399.15,5106658,2032683344.35,0.0698218002500597,27.869371569811328
2012-07-30,TATASTEEL,INE081A01012,,404.0,411.6,402.3,410.35,3444232,1401688421.95,0.0698218002500597,28.651375732612
2012-07-31,TATASTEEL,INE081A01012,,411.25,416.65,401.0,414.45,4044625,1654887865.3,0.0698218002500597,28.93764511363724
2012-08-01,TATASTEEL,INE081A01012,,415.0,416.8,407.95,409.55,2994508,1230410426.55,0.0698218002500597,28.59551829241195
2012-08-02,TATASTEEL,INE081A01012,,409.1,410.35,402.6,405.95,3141358,1274024977.1,0.0698218002500597,28.344159811511734
2012-08-03,TATASTEEL,INE081A01012,,402.25,402.3,392.5,397.0,4108824,1626732048.85,0.0698218002500597,27.7192546992737
2012-08-06,TATASTEEL,INE081A01012,,404.0,408.8,401.25,404.3,3027315,1227485282.05,0.0698218002500597,28.228953841099138
2012-08-07,TATASTEEL,INE081A01012,,406.0,409.25,403.55,406.15,2709399,1102147498.05,0.0698218002500597,28.358124171561744
2012-08-08,TATASTEEL,INE081A01012,,407.9,414.8,406.6,408.05,4525159,1859314484.75,0.0698218002500597,28.49078559203686
2012-08-09,TATASTEEL,INE081A01012,,405.85,409.9,402.3,406.3,4225662,1715544528.8,0.0698218002500597,28.368597441599256
2012-08-10,TATASTEEL,INE081A01012,,405.1,406.9,398.6,400.1,3006265,1209209199.0,0.0698218002500597,27.935702280048886
2012-08-13,TATASTEEL,INE081A01012,,401.0,401.15,391.5,395.45,4206718,1663590762.9,0.0698218002500597,27.611030908886107
2012-08-14,TATASTEEL,INE081A01012,,390.0,406.9,388.6,406.1,6586438,2650981574.6,0.0698218002500597,28.354633081549245
2012-08-16,TATASTEEL,INE081A01012,,406.1,409.4,397.2,398.25,4331443,1735487493.7,0.0698218002500597,27.806531949586276
2012-08-17,TATASTEEL,INE081A01012,,399.25,401.85,392.0,394.8,4503295,1782876222.3,0.0698218002500597,27.56564673872357
2012-08-21,TATASTEEL,INE081A01012,,395.0,397.5,387.0,392.1,5620290,2200636346.05,0.0698218002500597,27.37712787804841
2012-08-22,TATASTEEL,INE081A01012,,392.1,396.5,389.2,392.55,3790302,1490362392.2,0.0698218002500597,27.408547688160937
2012-08-23,TATASTEEL,INE081A01012,,395.9,403.4,395.0,398.55,4818977,1925902564.85,0.0698218002500597,27.827478489661292
2012-08-24,TATASTEEL,INE081A01012,,396.0,396.1,385.8,387.8,5394451,2102095593.1,0.0698218002500597,27.076894136973152
2012-08-27,TATASTEEL,INE081A01012,,390.5,391.4,384.5,385.65,3345238,1296953848.4,0.0698218002500597,26.926777266435522
2012-08-28,TATASTEEL,INE081A01012,,389.4,389.4,373.1,378.2,4610778,1743503228.6,0.0698218002500597,26.406604854572578
2012-08-29,TATASTEEL,INE081A01012,,375.5,379.25,373.0,374.4,2981233,1119789262.0,0.0698218002500597,26.141282013622348
2012-08-30,TATASTEEL,INE081A01012,,373.3,373.75,364.5,365.9,5615391,2062969184.7,0.0698218002500597,25.547796711496844
2012-08-31,TATASTEEL,INE081A01012,,366.0,368.6,358.1,361.4,4784156,1734096272.65,0.0698218002500597,25.233598610371573
2012-09-03,TATASTEEL,INE081A01012,,364.15,366.65,355.2,358.0,3653254,1316090681.35,0.0698218002500597,24.99620448952137
2012-09-04,TATASTEEL,INE081A01012,,357.7,364.95,355.55,363.7,3159091,1143609683.85,0.0698218002500597,25.39418875094671
2012-09-05,TATASTEEL,INE081A01012,,360.6,361.7,348.55,349.9,5638941,1993361965.15,0.0698218002500597,24.43064790749589
2012-09-06,TATASTEEL,INE081A01012,,350.7,353.9,347.25,351.25,4704997,1652198654.7,0.0698218002500597,24.52490733783347
2012-09-07,TATASTEEL,INE081A01012,,360.2,372.0,360.2,370.9,7130700,2615816667.35,0.0698218002500597,25.89690571274714
2012-09-10,TATASTEEL,INE081A01012,,375.0,383.4,375.0,380.05,6092627,2315364972.85,0.0698218002500597,26.535775185035188
2012-09-11,TATASTEEL,INE081A01012,,378.2,379.2,374.25,376.95,2445657,921364829.8,0.0698218002500597,26.319327604260003
2012-09-12,TATASTEEL,INE081A01012,,381.95,388.0,376.2,387.15,4391523,1682947865.6,0.0698218002500597,27.03150996681061
2012-09-13,TATASTEEL,INE081A01012,,388.0,390.45,382.25,387.6,3744845,1449429585.95,0.0698218002500597,27.06292977692314
2012-09-14,TATASTEEL,INE081A01012,,399.7,408.0,399.15,405.0,7504595,3034841506.3,0.0698218002500597,28.27782910127418
2012-09-17,TATASTEEL,INE081A01012,,410.0,415.15,404.05,409.95,6461578,2659130584.15,0.0698218002500597,28.623447012511974
2012-09-18,TATASTEEL,INE081A01012,,408.0,409.9,404.0,405.3,3292787,1339702889.9,0.0698218002500597,28.298775641349195
2012-09-20,TATASTEEL,INE081A01012,,401.0,401.85,392.0,393.1,3792668,1503501966.5,0.0698218002500597,27.44694967829847
2012-09-21,TATASTEEL,INE081A01012,,396.5,413.95,396.5,409.35,7042476,2867853229.05,0.0698218002500597,28.58155393236194
2012-09-24,TATASTEEL,INE081A01012,,409.5,414.9,404.5,406.7,4380349,1799167286.8,0.0698218002500597,28.396526161699278
2012-09-25,TATASTEEL,INE081A01012,,406.5,408.4,396.65,400.35,4220559,1687982591.25,0.0698218002500597,27.953157730111403
2012-09-26,TATASTEEL,INE081A01012,,398.1,405.0,394.1,396.2,4609958,1836969590.9,0.0698218002500597,27.66339725907365
2012-09-27,TATASTEEL,INE081A01012,,396.2,402.4,395.0,396.3,5039905,2007776810.7,0.0698218002500597,27.67037943909866
2012-09-28,TATASTEEL,INE081A01012,,401.0,409.6,398.8,400.9,5298624,2146768741.9,0.0698218002500597,27.991559720248933
2012-10-01,TATASTEEL,INE081A01012,,401.9,402.6,393.0,398.95,3768325,1496700344.75,0.0698218002500597,27.855407209761317
2012-10-03,TATASTEEL,INE081A01012,,399.5,405.8,397.5,403.8,4246124,1710553388.55,0.0698218002500597,28.194042940974107
2012-10-04,TATASTEEL,INE081A01012,,406.8,412.7,405.5,409.0,5192361,2127226451.75,0.0698218002500597,28.557116302274416
2012-10-05,TATASTEEL,INE081A01012,,412.6,414.05,339.0,410.55,5846588,2374707544.5,0.0698218002500597,28.66534009266201
2012-10-08,TATASTEEL,INE081A01012,,409.0,417.9,405.8,407.65,7300548,3009229861.15,0.0698218002500597,28.462856871936836
2012-10-09,TATASTEEL,INE081A01012,,411.35,415.9,408.1,412.05,3590496,1481758957.3,0.0698218002500597,28.770072793037098
2012-10-10,TATASTEEL,INE081A01012,,411.9,418.45,410.1,411.6,5006655,2075610795.3,0.0698218002500597,28.738652982924574
2012-10-11,TATASTEEL,INE081A01012,,414.4,421.9,410.2,420.25,6000651,2497877906.1,0.0698218002500597,29.34261155508759
2012-10-12,TATASTEEL,INE081A01012,,422.3,426.5,419.4,420.95,5237265,2217064356.0,0.0698218002500597,29.391486815262628
2012-10-15,TATASTEEL,INE081A01012,,420.05,422.55,416.0,418.9,3103484,1300346862.1,0.0698218002500597,29.248352124750006
2012-10-16,TATASTEEL,INE081A01012,,421.8,422.85,407.15,409.1,2990844,1239461829.0,0.0698218002500597,28.564098482299425
2012-10-17,TATASTEEL,INE081A01012,,414.9,414.9,404.2,407.2,3170677,1293318502.85,0.0698218002500597,28.431437061824308
2012-10-18,TATASTEEL,INE081A01012,,409.4,412.5,405.8,411.75,4069348,1667848310.2,0.0698218002500597,28.749126252962082
2012-10-19,TATASTEEL,INE081A01012,,410.0,412.85,405.2,407.45,3094156,1264957075.5,0.0698218002500597,28.44889251188682
2012-10-22,TATASTEEL,INE081A01012,,405.2,410.4,403.1,407.85,2244380,914270276.0,0.0698218002500597,28.47682123198685
2012-10-23,TATASTEEL,INE081A01012,,404.0,409.9,403.65,404.4,1683734,684040367.3,0.0698218002500597,28.23593602112414
2012-10-25,TATASTEEL,INE081A01012,,405.1,406.8,397.9,398.8,4391193,1761520130.15,0.0698218002500597,27.84493393972381
2012-10-26,TATASTEEL,INE081A01012,,397.5,401.85,396.65,399.8,1939079,774483541.0,0.0698218002500597,27.914755739973867
2012-10-29,TATASTEEL,INE081A01012,,401.0,404.3,399.1,402.05,1878825,755179518.05,0.0698218002500597,28.071854790536502
2012-10-30,TATASTEEL,INE081A01012,,402.05,403.7,392.5,393.05,2127697,844910906.5,0.0698218002500597,27.443458588285964
2012-10-31,TATASTEEL,INE081A01012,,394.0,395.65,388.6,392.2,3827336,1499364908.55,0.0698218002500597,27.384110058073414
2012-11-01,TATASTEEL,INE081A01012,,393.0,399.9,392.0,397.45,2478064,980922038.9,0.0698218002500597,27.750674509386226
2012-11-02,TATASTEEL,INE081A01012,,400.4,403.95,398.5,402.35,2575748,1035380670.45,0.0698218002500597,28.092801330611522
2012-11-05,TATASTEEL,INE081A01012,,399.1,399.75,395.5,397.65,1709374,679261052.15,0.0698218002500597,27.764638869436236
2012-11-06,TATASTEEL,INE081A01012,,394.1,399.7,393.85,398.95,2429129,962651287.5,0.0698218002500597,27.855407209761317
2012-11-07,TATASTEEL,INE081A01012,,396.6,404.9,396.6,401.95,2427516,978404158.8,0.0698218002500597,28.064872610511497
2012-11-08,TATASTEEL,INE081A01012,,399.5,404.75,396.6,403.95,2267666,911498531.9,0.0698218002500597,28.204516211011615
2012-11-09,TATASTEEL,INE081A01012,,404.2,408.75,385.5,390.55,5756792,2293694552.65,0.0698218002500597,27.268904087660815
2012-11-12,TATASTEEL,INE081A01012,,385.6,386.3,381.25,384.1,3787087,1453279086.8,0.0698218002500597,26.81855347604793
2012-11-13,TATASTEEL,INE081A01012,,385.9,387.5,384.1,385.9,748162,288919587.3,0.0698218002500597,26.944232716498036
2012-11-15,TATASTEEL,INE081A01012,,384.9,384.9,374.1,375.4,3370519,1271019567.75,0.0698218002500597,26.21110381387241
2012-11-16,TATASTEEL,INE081A01012,,375.0,379.9,369.15,370.1,3120228,1171201764.7,0.0698218002500597,25.841048272547095
2012-11-19,TATASTEEL,INE081A01012,,370.0,373.65,362.1,363.5,3631038,1328256358.55,0.0698218002500597,25.3802243908967
2012-11-20,TATASTEEL,INE081A01012,,368.0,368.3,359.1,360.55,3219581,1169737904.85,0.0698218002500597,25.174250080159027
2012-11-21,TATASTEEL,INE081A01012,,362.7,366.6,360.05,364.75,2352074,856246116.4,0.0698218002500597,25.467501641209275
2012-11-22,TATASTEEL,INE081A01012,,368.0,369.45,362.7,365.95,2956361,1083741780.35,0.0698218002500597,25.551287801509346
2012-11-23,TATASTEEL,INE081A01012,,366.75,368.35,361.25,364.85,2231589,813888556.45,0.0698218002500597,25.474483821234283
2012-11-26,TATASTEEL,INE081A01012,,365.25,374.2,365.25,371.85,2884771,1072564810.1,0.0698218002500597,25.9632364229847
2012-11-27,TATASTEEL,INE081A01012,,375.0,378.9,373.35,375.95,3178454,1196196629.2,0.0698218002500597,26.249505804009942
2012-11-29,TATASTEEL,INE081A01012,,377.0,381.75,375.7,376.8,3962293,1497924820.25,0.0698218002500597,26.308854334222495
2012-11-30,TATASTEEL,INE081A01012,,376.8,387.8,376.8,386.2,4819776,1855096779.8,0.0698218002500597,26.965179256573055
2012-12-03,TATASTEEL,INE081A01012,,388.0,393.45,387.0,390.7,3458038,1352394217.8,0.0698218002500597,27.279377357698323
2012-12-04,TATASTEEL,INE081A01012,,391.0,392.35,386.7,390.15,2417125,941708600.45,0.0698218002500597,27.24097536756079
2012-12-05,TATASTEEL,INE081A01012,,394.6,399.9,392.65,398.2,3956129,1575208892.6,0.0698218002500597,27.80304085957377
2012-12-06,TATASTEEL,INE081A01012,,399.6,403.9,392.3,399.8,2605609,1037163558.85,0.0698218002500597,27.914755739973867
2012-12-07,TATASTEEL,INE081A01012,,402.5,403.95,392.1,394.25,3525537,1398869066.75,0.0698218002500597,27.527244748586035
2012-12-10,TATASTEEL,INE081A01012,,395.0,400.9,394.55,400.3,2595402,1035554014.55,0.0698218002500597,27.949666640098897
2012-12-11,TATASTEEL,INE081A01012,,402.65,402.9,392.7,396.1,3074445,1222442991.1,0.0698218002500597,27.65641507904865
2012-12-12,TATASTEEL,INE081A01012,,396.9,400.3,394.4,395.45,3133701,1242771557.05,0.0698218002500597,27.611030908886107
2012-12-13,TATASTEEL,INE081A01012,,396.6,397.65,387.2,388.65,3060784,1200408931.6,0.0698218002500597,27.1362426671857
2012-12-14,TATASTEEL,INE081A01012,,389.0,400.05,387.0,397.0,2634937,1036463115.0,0.0698218002500597,27.7192546992737
2012-12-17,TATASTEEL,INE081A01012,,398.5,402.4,395.35,399.05,3119320,1244312168.05,0.0698218002500597,27.862389389786323
2012-12-18,TATASTEEL,INE081A01012,,401.1,416.1,396.1,414.3,8339285,3406069272.0,0.0698218002500597,28.927171843599734
2012-12-19,TATASTEEL,INE081A01012,,417.9,424.9,416.05,424.1,8834738,3724412220.4,0.0698218002500597,29.61142548605032
2012-12-20,TATASTEEL,INE081A01012,,423.0,433.6,415.7,431.6,7697469,3279769110.45,0.0698218002500597,30.135088987925766
2012-12-21,TATASTEEL,INE081A01012,,428.3,436.5,424.95,430.7,5817399,2508205368.05,0.0698218002500597,30.07224936770071
2012-12-24,TATASTEEL,INE081A01012,,430.1,435.9,426.9,428.6,4990706,2155345664.95,0.0698218002500597,29.92562358717559
2012-12-26,TATASTEEL,INE081A01012,,429.0,433.8,427.7,429.9,2434579,1048895753.6,0.0698218002500597,30.016391927500663
2012-12-27,TATASTEEL,INE081A01012,,433.0,436.85,430.0,430.75,4210526,1824121866.45,0.0698218002500597,30.075740457713216
2012-12-28,TATASTEEL,INE081A01012,,431.85,433.6,426.3,428.55,2833172,1218143623.35,0.0698218002500597,29.922132497163084
2012-12-31,TATASTEEL,INE081A01012,,427.6,431.75,427.05,428.5,1836856,788649750.7,0.0698218002500597,29.91864140715058
2013-01-01,TATASTEEL,INE081A01012,,431.9,440.0,431.35,438.2,3104413,1355804091.5,0.0698218002500597,30.59591286957616
2013-01-02,TATASTEEL,INE081A01012,,442.5,443.75,436.8,438.15,2596827,1145320731.65,0.0698218002500597,30.592421779563654
2013-01-03,TATASTEEL,INE081A01012,,440.0,444.6,438.85,442.3,3284052,1451680116.75,0.0698218002500597,30.882182250601407
2013-01-04,TATASTEEL,INE081A01012,,441.0,441.0,430.0,433.5,3645031,1581980233.35,0.0698218002500597,30.26775040840088
2013-01-07,TATASTEEL,INE081A01012,,434.9,448.0,430.2,440.9,6852132,3012206248.75,0.0698218002500597,30.78443173025132
2013-01-08,TATASTEEL,INE081A01012,,439.8,440.05,430.1,433.35,3776387,1638165517.1,0.0698218002500597,30.25727713836337
2013-01-09,TATASTEEL,INE081A01012,,434.05,435.55,421.0,422.3,7470052,3193773909.45,0.0698218002500597,29.48574624560021
2013-01-10,TATASTEEL,INE081A01012,,424.95,426.85,418.25,420.5,4800696,2026134033.9,0.0698218002500597,29.360067005150103
2013-01-11,TATASTEEL,INE081A01012,,420.5,424.8,415.6,417.3,3351598,1408817050.2,0.0698218002500597,29.136637244349913
2013-01-14,TATASTEEL,INE081A01012,,418.1,424.5,413.35,423.8,2788104,1170578978.1,0.0698218002500597,29.590478945975303
2013-01-15,TATASTEEL,INE081A01012,,423.55,427.85,421.15,424.8,2983684,1268056464.45,0.0698218002500597,29.66030074622536
2013-01-16,TATASTEEL,INE081A01012,,421.5,423.7,413.6,414.95,2370957,992654313.35,0.0698218002500597,28.972556013762272
2013-01-17,TATASTEEL,INE081A01012,,411.35,420.5,408.85,418.7,4200789,1743757992.95,0.0698218002500597,29.234387764699996
2013-01-18,TATASTEEL,INE081A01012,,419.6,423.0,413.4,415.0,2706783,1130316504.75,0.0698218002500597,28.976047103774775
2013-01-21,TATASTEEL,INE081A01012,,415.0,419.05,411.5,414.1,2550353,1057730907.05,0.0698218002500597,28.913207483549723
2013-01-22,TATASTEEL,INE081A01012,,414.1,419.3,407.15,408.7,2556551,1056098313.8,0.0698218002500597,28.5361697621994
2013-01-23,TATASTEEL,INE081A01012,,410.4,413.65,402.6,407.55,3093131,1261967017.3,0.0698218002500597,28.45587469191183
2013-01-24,TATASTEEL,INE081A01012,,408.6,411.9,402.75,404.5,3137965,1278171837.5,0.0698218002500597,28.24291820114915
2013-01-25,TATASTEEL,INE081A01012,,404.7,408.25,398.55,406.75,3390418,1369670529.6,0.0698218002500597,28.400017251711784
2013-01-28,TATASTEEL,INE081A01012,,407.7,410.4,404.65,405.65,2801911,1141176897.45,0.0698218002500597,28.323213271436714
2013-01-29,TATASTEEL,INE081A01012,,405.8,411.4,397.1,399.0,3858378,1561159500.3,0.0698218002500597,27.85889829977382
2013-01-30,TATASTEEL,INE081A01012,,400.95,408.5,399.6,406.25,3481063,1409785210.6,0.0698218002500597,28.365106351586753
2013-01-31,TATASTEEL,INE081A01012,,405.0,407.1,401.45,404.9,2973740,1201493600.9,0.0698218002500597,28.27084692124917
2013-02-01,TATASTEEL,INE081A01012,,406.6,411.7,399.55,400.85,3255030,1320576849.2,0.0698218002500597,27.98806863023643
2013-02-04,TATASTEEL,INE081A01012,,403.0,404.45,394.15,395.05,3801163,1519343084.8,0.0698218002500597,27.583102188786086
2013-02-05,TATASTEEL,INE081A01012,,392.0,397.9,391.6,394.75,2919023,1154774485.8,0.0698218002500597,27.562155648711066
2013-02-06,TATASTEEL,INE081A01012,,396.4,402.8,396.4,397.45,3475443,1388247871.6,0.0698218002500597,27.750674509386226
2013-02-07,TATASTEEL,INE081A01012,,397.5,398.0,389.6,390.4,2676047,1051310724.5,0.0698218002500597,27.258430817623303
2013-02-08,TATASTEEL,INE081A01012,,390.85,393.95,385.0,387.45,2988650,1166688851.5,0.0698218002500597,27.05245650688563
2013-02-11,TATASTEEL,INE081A01012,,390.05,390.4,384.05,384.8,2602408,1004979891.85,0.0698218002500597,26.867428736222973
2013-02-12,TATASTEEL,INE081A01012,,385.1,387.5,382.2,384.9,2497948,961040940.3,0.0698218002500597,26.874410916247978
2013-02-13,TATASTEEL,INE081A01012,,385.1,387.7,375.1,376.0,4003991,1526426211.05,0.0698218002500597,26.252996894022445
2013-02-14,TATASTEEL,INE081A01012,,370.0,382.5,368.3,380.9,7140390,2697191695.55,0.0698218002500597,26.595123715247738
2013-02-15,TATASTEEL,INE081A01012,,378.0,382.3,371.8,376.1,3595803,1353012891.3,0.0698218002500597,26.259979074047454
2013-02-18,TATASTEEL,INE081A01012,,376.05,387.0,374.55,385.25,3763762,1438355767.8,0.0698218002500597,26.8988485463355
2013-02-19,TATASTEEL,INE081A01012,,386.0,388.8,380.1,386.7,2639752,1014039040.35,0.0698218002500597,27.000090156698086
2013-02-20,TATASTEEL,INE081A01012,,387.9,388.85,378.1,379.25,4103236,1573319317.5,0.0698218002500597,26.47991774483514
2013-02-21,TATASTEEL,INE081A01012,,375.85,375.85,363.5,363.9,5800017,2136654626.9,0.0698218002500597,25.40815311099672
2013-02-22,TATASTEEL,INE081A01012,,364.2,367.9,360.7,364.5,4945470,1805211714.4,0.0698218002500597,25.45004619114676
2013-02-25,TATASTEEL,INE081A01012,,365.75,368.4,359.75,360.7,3244738,1179853737.2,0.0698218002500597,25.18472335019653
2013-02-26,TATASTEEL,INE081A01012,,360.0,360.2,348.5,349.45,4507193,1590352776.5,0.0698218002500597,24.39922809738336
2013-02-27,TATASTEEL,INE081A01012,,350.65,358.2,346.25,357.1,4715022,1666351627.1,0.0698218002500597,24.93336486929632
2013-02-28,TATASTEEL,INE081A01012,,359.05,360.5,338.0,341.5,7020141,2433381075.0,0.0698218002500597,23.844144785395386
2013-03-01,TATASTEEL,INE081A01012,,341.8,347.6,340.05,341.1,3219628,1107599400.45,0.0698218002500597,23.816216065295365
2013-03-04,TATASTEEL,INE081A01012,,340.0,340.3,333.35,334.7,3257375,1094469120.15,0.0698218002500597,23.36935654369498
2013-03-05,TATASTEEL,INE081A01012,,335.2,345.55,333.5,344.15,4705084,1598320383.0,0.0698218002500597,24.029172556058043
2013-03-06,TATASTEEL,INE081A01012,,347.1,356.5,343.1,352.75,4832742,1696527150.4,0.0698218002500597,24.62964003820856
2013-03-07,TATASTEEL,INE081A01012,,352.9,352.9,344.55,350.55,2984127,1039747821.85,0.0698218002500597,24.476032077658427
2013-03-08,TATASTEEL,INE081A01012,,352.0,361.7,352.0,359.15,4796741,1715188582.8,0.0698218002500597,25.07649955980894
2013-03-11,TATASTEEL,INE081A01012,,358.6,362.85,354.55,359.35,3663114,1314384415.95,0.0698218002500597,25.090463919858955
2013-03-12,TATASTEEL,INE081A01012,,360.0,361.5,352.0,356.25,3406599,1213689034.95,0.0698218002500597,24.874016339083767
2013-03-13,TATASTEEL,INE081A01012,,355.0,356.9,350.7,352.1,2399763,849194106.2,0.0698218002500597,24.58425586804602
2013-03-14,TATASTEEL,INE081A01012,,352.1,358.25,346.6,357.1,3071963,1085567087.55,0.0698218002500597,24.93336486929632
2013-03-15,TATASTEEL,INE081A01012,,357.85,362.8,353.2,354.45,2785436,995122543.05,0.0698218002500597,24.74833709863366
2013-03-18,TATASTEEL,INE081A01012,,348.85,352.0,346.3,349.3,1997731,697979130.5,0.0698218002500597,24.388754827345853
2013-03-19,TATASTEEL,INE081A01012,,351.0,351.75,338.4,339.7,2816668,968648804.8,0.0698218002500597,23.71846554494528
2013-03-20,TATASTEEL,INE081A01012,,339.7,342.4,332.6,334.75,3071097,1034210121.7,0.0698218002500597,23.372847633707483
2013-03-21,TATASTEEL,INE081A01012,,336.5,340.95,325.0,327.85,3404606,1141179599.6,0.0698218002500597,22.891077211982072
2013-03-22,TATASTEEL,INE081A01012,,327.1,328.0,320.2,321.85,3812424,1232780312.45,0.0698218002500597,22.472146410481717
2013-03-25,TATASTEEL,INE081A01012,,328.0,328.3,313.1,314.4,4749184,1520685344.8,0.0698218002500597,21.95197399861877
2013-03-26,TATASTEEL,INE081A01012,,312.15,313.9,305.0,306.55,4553381,1408744610.8,0.0698218002500597,21.403872866655803
2013-03-28,TATASTEEL,INE081A01012,,305.5,317.4,300.7,312.85,13231667,4087814168.9,0.0698218002500597,21.843750208231178
2013-04-01,TATASTEEL,INE081A01012,,314.7,316.5,310.2,314.7,3261779,1023153645.15,0.0698218002500597,21.972920538693785
2013-04-02,TATASTEEL,INE081A01012,,314.1,321.45,313.2,319.7,3408341,1086880860.65,0.0698218002500597,22.322029539944086
2013-04-03,TATASTEEL,INE081A01012,,318.8,325.3,315.65,316.85,3831884,1230361640.75,0.0698218002500597,22.12303740923142
2013-04-04,TATASTEEL,INE081A01012,,315.1,315.5,303.05,304.35,4779874,1473302739.85,0.0698218002500597,21.25026490610567
2013-04-05,TATASTEEL,INE081A01012,,303.5,312.65,303.2,309.2,3985831,1229227465.55,0.0698218002500597,21.588900637318456
2013-04-08,TATASTEEL,INE081A01012,,310.5,312.5,304.7,305.9,3332364,1027658586.95,0.0698218002500597,21.35848869649326
2013-04-09,TATASTEEL,INE081A01012,,308.1,313.8,303.55,304.4,3865128,1193643677.25,0.0698218002500597,21.25375599611817
2013-04-10,TATASTEEL,INE081A01012,,307.35,308.85,300.0,305.25,5713080,1737745706.3,0.0698218002500597,21.313104526330722
2013-04-11,TATASTEEL,INE081A01012,,308.0,308.4,297.7,298.5,6354199,1917447954.65,0.0698218002500597,20.84180737464282
2013-04-12,TATASTEEL,INE081A01012,,297.0,303.3,295.05,299.5,4985274,1495468128.85,0.0698218002500597,20.91162917489288
2013-04-15,TATASTEEL,INE081A01012,,298.0,298.0,293.7,294.45,3581539,1059261435.1,0.0698218002500597,20.559029083630076
2013-04-16,TATASTEEL,INE081A01012,,294.45,300.7,292.5,298.35,6057908,1799351092.2,0.0698218002500597,20.83133410460531
2013-04-17,TATASTEEL,INE081A01012,,301.0,303.5,296.1,297.05,6527866,1957806949.75,0.0698218002500597,20.740565764280234
2013-04-18,TATASTEEL,INE081A01012,,297.2,302.5,293.8,299.8,5488155,1633946943.2,0.0698218002500597,20.9325757149679
2013-04-22,TATASTEEL,INE081A01012,,301.8,308.2,301.0,306.7,5309918,1619497459.75,0.0698218002500597,21.414346136693307
2013-04-23,TATASTEEL,INE081A01012,,307.1,312.2,306.1,309.1,5032080,1555523982.35,0.0698218002500597,21.581918457293455
2013-04-25,TATASTEEL,INE081A01012,,310.25,314.45,310.0,312.55,4548116,1419856521.05,0.0698218002500597,21.82280366815616
2013-04-26,TATASTEEL,INE081A01012,,313.3,316.6,304.2,305.05,3594091,1115098472.65,0.0698218002500597,21.29914016628071
2013-04-29,TATASTEEL,INE081A01012,,305.5,306.7,301.1,302.45,2526448,766116387.45,0.0698218002500597,21.117603485630553
2013-04-30,TATASTEEL,INE081A01012,,304.9,307.4,297.7,302.75,4131603,1249291741.6,0.0698218002500597,21.138550025705573
2013-05-02,TATASTEEL,INE081A01012,,304.0,306.5,302.0,304.6,2831760,862547305.6,0.0698218002500597,21.267720356168187
2013-05-03,TATASTEEL,INE081A01012,,303.5,314.4,301.05,311.2,5365659,1660326288.95,0.0698218002500597,21.72854423781858
2013-05-06,TATASTEEL,INE081A01012,,313.35,323.3,313.0,322.55,5891252,1884782799.45,0.0698218002500597,22.521021670656758
2013-05-07,TATASTEEL,INE081A01012,,324.2,326.4,320.0,324.7,5033009,1629207400.35,0.0698218002500597,22.671138541194384
2013-05-08,TATASTEEL,INE081A01012,,326.25,326.8,316.3,318.65,5171894,1658083681.55,0.0698218002500597,22.248716649681523
2013-05-09,TATASTEEL,INE081A01012,,319.7,321.9,314.8,316.1,3136595,998236339.0,0.0698218002500597,22.07067105904387
2013-05-10,TATASTEEL,INE081A01012,,316.95,320.4,315.1,318.5,2829411,899653050.25,0.0698218002500597,22.238243379644015
2013-05-13,TATASTEEL,INE081A01012,,318.9,321.25,305.0,305.6,4056183,1264192116.3,0.0698218002500597,21.337542156418245
2013-05-14,TATASTEEL,INE081A01012,,302.8,306.7,296.5,303.9,6211753,1876916470.65,0.0698218002500597,21.218845095993142
2013-05-15,TATASTEEL,INE081A01012,,305.0,309.8,305.0,308.3,3776469,1161890272.2,0.0698218002500597,21.526061017093404
2013-05-16,TATASTEEL,INE081A01012,,308.3,314.6,307.6,311.8,4422382,1380535126.7,0.0698218002500597,21.770437317968614
2013-05-17,TATASTEEL,INE081A01012,,312.7,313.45,308.5,311.85,3170560,987359896.75,0.0698218002500597,21.773928407981117
2013-05-20,TATASTEEL,INE081A01012,,312.9,319.7,312.5,315.35,4090302,1295439271.25,0.0698218002500597,22.018304708856327
2013-05-21,TATASTEEL,INE081A01012,,315.0,316.5,306.7,308.6,2972894,924990426.75,0.0698218002500597,21.547007557168424
2013-05-22,TATASTEEL,INE081A01012,,307.35,313.5,304.1,305.95,3317193,1025249445.7,0.0698218002500597,21.361979786505763
2013-05-23,TATASTEEL,INE081A01012,,305.0,310.5,295.35,299.55,8492600,2575476715.4,0.0698218002500597,20.915120264905383
2013-05-24,TATASTEEL,INE081A01012,,310.15,319.5,306.5,313.0,11516072,3604996726.9,0.0698218002500597,21.854223478268686
2013-05-27,TATASTEEL,INE081A01012,,313.1,318.65,310.8,317.15,3704044,1164642229.65,0.0698218002500597,22.14398394930643
2013-05-28,TATASTEEL,INE081A01012,,316.05,323.8,316.05,321.8,5223298,1674825690.35,0.0698218002500597,22.46865532046921
2013-05-29,TATASTEEL,INE081A01012,,321.7,322.9,312.5,314.55,3606565,1141826883.55,0.0698218002500597,21.96244726865628
2013-05-30,TATASTEEL,INE081A01012,,313.05,313.05,300.75,301.65,6412633,1954570213.45,0.0698218002500597,21.061746045430507
2013-05-31,TATASTEEL,INE081A01012,,303.75,303.75,290.1,291.75,6769928,2006658028.0,0.0698218002500597,20.370510222954916
2013-06-03,TATASTEEL,INE081A01012,,293.5,297.8,290.05,296.5,4360020,1280006233.0,0.0698218002500597,20.7021637741427
2013-06-04,TATASTEEL,INE081A01012,,297.2,302.4,297.1,298.75,3837171,1150027046.35,0.0698218002500597,20.859262824705336
2013-06-05,TATASTEEL,INE081A01012,,297.7,302.4,296.3,299.1,3338223,998785801.35,0.0698218002500597,20.88370045479286
2013-06-06,TATASTEEL,INE081A01012,,297.0,297.0,293.25,295.3,3436273,1014423849.9,0.0698218002500597,20.61837761384263
2013-06-07,TATASTEEL,INE081A01012,,294.0,298.4,291.25,292.05,2755503,813231849.6,0.0698218002500597,20.391456763029936
2013-06-10,TATASTEEL,INE081A01012,,292.5,295.9,288.6,290.6,2640843,772381401.1,0.0698218002500597,20.29021515266735
2013-06-11,TATASTEEL,INE081A01012,,288.0,289.45,277.75,281.2,4914110,1390921113.8,0.0698218002500597,19.633890230316787
2013-06-12,TATASTEEL,INE081A01012,,280.15,281.25,272.8,273.75,5247372,1447336891.35,0.0698218002500597,19.113717818453843
2013-06-13,TATASTEEL,INE081A01012,,271.0,279.7,264.5,266.15,6212643,1690510861.7,0.0698218002500597,18.583072136553387
2013-06-14,TATASTEEL,INE081A01012,,269.4,276.45,269.05,274.15,4015922,1098896074.75,0.0698218002500597,19.141646538553864
2013-06-17,TATASTEEL,INE081A01012,,275.05,277.9,269.3,277.05,3426709,940033034.45,0.0698218002500597,19.344129759279042
2013-06-18,TATASTEEL,INE081A01012,,275.75,288.3,273.7,285.1,5669152,1598313073.3,0.0698218002500597,19.906195251292022
2013-06-19,TATASTEEL,INE081A01012,,285.1,293.6,282.95,291.1,7120144,2062182129.6,0.0698218002500597,20.32512605279238
2013-06-20,TATASTEEL,INE081A01012,,285.8,285.85,270.8,272.55,7302986,2017798551.2,0.0698218002500597,19.02993165815377
2013-06-21,TATASTEEL,INE081A01012,,272.4,276.45,265.55,272.05,5561477,1509602245.05,0.0698218002500597,18.99502075802874
2013-06-24,TATASTEEL,INE081A01012,,270.2,275.4,265.6,266.65,5435622,1469554378.9,0.0698218002500597,18.617983036678417
2013-06-25,TATASTEEL,INE081A01012,,266.5,270.35,262.3,266.45,5200901,1388650414.9,0.0698218002500597,18.604018676628407
2013-06-26,TATASTEEL,INE081A01012,,269.0,269.5,262.6,264.6,4283058,1143417108.25,0.0698218002500597,18.474848346165796
2013-06-27,TATASTEEL,INE081A01012,,269.0,269.75,261.35,264.15,4931799,1305737845.7,0.0698218002500597,18.44342853605327
2013-06-28,TATASTEEL,INE081A01012,,267.0,274.1,267.0,273.75,6138188,1670844994.05,0.0698218002500597,19.113717818453843
2013-07-01,TATASTEEL,INE081A01012,,272.1,282.7,272.1,280.7,4388115,1223330579.9,0.0698218002500597,19.598979330191757
2013-07-02,TATASTEEL,INE081A01012,,281.7,286.3,280.0,281.95,4176810,1183585355.25,0.0698218002500597,19.68625658050433
2013-07-03,TATASTEEL,INE081A01012,,279.1,279.2,268.55,269.55,3954829,1073637980.3,0.0698218002500597,18.82046625740359
2013-07-04,TATASTEEL,INE081A01012,,273.0,273.4,263.4,264.8,4596343,1229807912.2,0.0698218002500597,18.48881270621581
2013-07-05,TATASTEEL,INE081A01012,,268.5,269.85,263.6,264.7,3369605,897892434.25,0.0698218002500597,18.4818305261908
2013-07-08,TATASTEEL,INE081A01012,,262.9,262.9,258.0,259.9,3904653,1014477353.6,0.0698218002500597,18.146685884990514
2013-07-09,TATASTEEL,INE081A01012,,262.6,264.1,260.15,261.65,3390559,888392012.1,0.0698218002500597,18.26887403542812
2013-07-10,TATASTEEL,INE081A01012,,263.0,263.05,255.25,256.2,4915351,1265068109.8,0.0698218002500597,17.888345224065294
2013-07-11,TATASTEEL,INE081A01012,,262.0,265.35,259.1,261.05,5420182,1420564053.3,0.0698218002500597,18.226980955278083
2013-07-12,TATASTEEL,INE081A01012,,261.5,264.0,258.5,262.65,3713225,970127746.65,0.0698218002500597,18.338695835678177
2013-07-15,TATASTEEL,INE081A01012,,254.5,259.5,251.9,257.45,5057149,1294830626.95,0.07201529878530603,18.540338672277038
2013-07-16,TATASTEEL,INE081A01012,,253.4,256.1,250.7,251.6,3191117,806529649.35,0.07201529878530603,18.119049174382997
2013-07-17,TATASTEEL,INE081A01012,,251.6,253.45,242.2,243.2,4426696,1091212793.65,0.07201529878530603,17.514120664586425
2013-07-18,TATASTEEL,INE081A01012,,243.35,245.6,239.65,244.7,3754145,911504095.75,0.07201529878530603,17.622143612764386
2013-07-19,TATASTEEL,INE081A01012,,244.55,248.2,240.0,241.0,4484098,1091065387.95,0.07201529878530603,17.355687007258755
2013-07-22,TATASTEEL,INE081A01012,,240.95,241.0,233.15,233.8,4682819,1109123129.95,0.07201529878530603,16.83717685600455
2013-07-23,TATASTEEL,INE081A01012,,239.95,239.95,233.1,234.6,4285963,1010086021.7,0.07201529878530603,16.894789095032795
2013-07-24,TATASTEEL,INE081A01012,,233.7,235.95,228.6,229.6,4019808,928529928.45,0.07201529878530603,16.534712601106264
2013-07-25,TATASTEEL,INE081A01012,,227.8,230.45,222.0,222.85,5074926,1149255539.2,0.07201529878530603,16.04860933430545
2013-07-26,TATASTEEL,INE081A01012,,223.5,226.45,216.65,218.9,3588581,793230349.05,0.07201529878530603,15.764148904103491
2013-07-29,TATASTEEL,INE081A01012,,218.2,224.25,214.2,215.4,6006319,1316482028.35,0.07201529878530603,15.51209535835492
2013-07-30,TATASTEEL,INE081A01012,,215.4,217.3,207.5,209.4,4186353,889142930.8,0.07201529878530603,15.080003565643084
2013-07-31,TATASTEEL,INE081A01012,,208.1,217.7,202.35,215.7,6266531,1310671780.0,0.07201529878530603,15.533699947990511
2013-08-01,TATASTEEL,INE081A01012,,217.25,219.6,207.15,210.15,4609468,980588520.5,0.07201529878530603,15.134015039732063
2013-08-02,TATASTEEL,INE081A01012,,210.35,212.2,201.2,202.35,4531595,928932232.9,0.07201529878530603,14.572295709206676
2013-08-05,TATASTEEL,INE081A01012,,202.35,209.4,198.2,207.9,4592691,938963517.95,0.07201529878530603,14.971980617465125
2013-08-06,TATASTEEL,INE081A01012,,206.0,206.0,196.8,198.25,5125749,1023074437.1,0.07201529878530603,14.27703298418692
2013-08-07,TATASTEEL,INE081A01012,,197.5,208.9,195.3,207.95,5626169,1140885829.75,0.07201529878530603,14.975581382404389
2013-08-08,TATASTEEL,INE081A01012,,208.05,221.05,206.75,218.8,6957177,1492057718.15,0.07201529878530603,15.75694737422496
2013-08-12,TATASTEEL,INE081A01012,,220.8,239.45,220.65,236.55,12247751,2865282403.15,0.07201529878530603,17.035218927664143
2013-08-13,TATASTEEL,INE081A01012,,233.9,243.5,231.65,241.4,9408411,2243376603.65,0.07201529878530603,17.384493126772878
2013-08-14,TATASTEEL,INE081A01012,,263.0,263.0,246.2,250.1,19962917,5064426067.05,0.07201529878530603,18.01102622620504
2013-08-16,TATASTEEL,INE081A01012,,249.0,249.3,231.7,235.35,8092049,1948733994.6,0.07201529878530603,16.948800569121776
2013-08-19,TATASTEEL,INE081A01012,,230.0,248.95,223.65,246.85,13399311,3219790456.5,0.07201529878530603,17.776976505152795
2013-08-20,TATASTEEL,INE081A01012,,243.75,258.8,239.7,257.0,10818028,2717731096.2,0.07201529878530603,18.50793178782365
2013-08-21,TATASTEEL,INE081A01012,,260.0,262.9,244.25,248.15,11775972,3019711610.85,0.07201529878530603,17.870596393573692
2013-08-22,TATASTEEL,INE081A01012,,248.0,275.9,245.6,274.1,15196414,4035648139.7,0.07201529878530603,19.739393397052385
2013-08-23,TATASTEEL,INE081A01012,,275.85,284.0,270.1,282.3,14585124,4039032181.0,0.07201529878530603,20.329918847091893
2013-08-26,TATASTEEL,INE081A01012,,284.05,285.4,273.6,277.15,10347770,2892911926.95,0.07201529878530603,19.959040058347565
2013-08-27,TATASTEEL,INE081A01012,,275.0,279.75,271.1,272.3,7055057,1934958338.1,0.07201529878530603,19.609765859238834
2013-08-28,TATASTEEL,INE081A01012,,269.9,283.25,265.1,279.0,9746215,2669942628.25,0.07201529878530603,20.092268361100384
2013-08-29,TATASTEEL,INE081A01012,,282.45,284.5,276.0,278.35,8201135,2295095121.45,0.07201529878530603,20.045458416889936
2013-08-30,TATASTEEL,INE081A01012,,280.0,289.6,270.0,274.0,12193614,3424258005.35,0.07201529878530603,19.732191867173853
2013-09-02,TATASTEEL,INE081A01012,,275.05,291.0,274.5,289.4,8530132,2426985608.1,0.07201529878530603,20.841227468467565
2013-09-03,TATASTEEL,INE081A01012,,292.8,295.35,279.6,281.3,10525115,3020741032.0,0.07201529878530603,20.257903548306587
2013-09-04,TATASTEEL,INE081A01012,,282.45,291.75,279.45,289.9,6261088,1798349893.8,0.07201529878530603,20.877235117860216
2013-09-05,TATASTEEL,INE081A01012,,294.85,296.35,285.0,288.65,6472868,1871331799.6,0.07201529878530603,20.787215994378585
2013-09-06,TATASTEEL,INE081A01012,,290.2,294.9,283.5,292.15,6032951,1751349059.6,0.07201529878530603,21.039269540127155
2013-09-10,TATASTEEL,INE081A01012,,296.3,302.0,293.35,300.6,6153513,1832878548.75,0.07201529878530603,21.647798814862995
2013-09-11,TATASTEEL,INE081A01012,,302.0,318.8,298.5,315.7,9079673,2814501669.25,0.07201529878530603,22.735229826521113
2013-09-12,TATASTEEL,INE081A01012,,313.9,317.5,301.35,302.75,6633422,2054414910.6,0.07201529878530603,21.8026317072514
2013-09-13,TATASTEEL,INE081A01012,,302.6,305.8,296.4,298.3,7290432,2192946626.7,0.07201529878530603,21.482163627656792
2013-09-16,TATASTEEL,INE081A01012,,304.5,306.85,289.45,291.6,5553675,1647237038.7,0.07201529878530603,20.999661125795242
2013-09-17,TATASTEEL,INE081A01012,,290.1,292.45,284.9,288.2,7358388,2122175534.45,0.07201529878530603,20.754809109925198
2013-09-18,TATASTEEL,INE081A01012,,289.9,291.85,285.6,290.2,3446550,993450123.95,0.07201529878530603,20.89883970749581
2013-09-19,TATASTEEL,INE081A01012,,300.1,313.5,298.0,310.6,7430487,2278971479.15,0.07201529878530603,22.367951802716057
2013-09-20,TATASTEEL,INE081A01012,,310.0,310.3,295.1,300.0,8233883,2490960135.7,0.07201529878530603,21.60458963559181
2013-09-23,TATASTEEL,INE081A01012,,297.9,303.8,290.8,293.5,4487139,1328915899.3,0.07201529878530603,21.136490193487322
2013-09-24,TATASTEEL,INE081A01012,,291.5,297.2,290.1,292.55,3992433,1172232683.7,0.07201529878530603,21.06807565964128
2013-09-25,TATASTEEL,INE081A01012,,294.0,295.2,286.25,291.1,3746675,1087111346.3,0.07201529878530603,20.963653476402587
2013-09-26,TATASTEEL,INE081A01012,,290.75,301.5,290.15,299.9,6551564,1950658247.25,0.07201529878530603,21.59738810571328
2013-09-27,TATASTEEL,INE081A01012,,299.9,303.0,286.0,287.4,5317070,1559307578.7,0.07201529878530603,20.697196870896953
2013-09-30,TATASTEEL,INE081A01012,,284.4,284.4,266.15,271.55,10382280,2829046812.75,0.07201529878530603,19.555754385149854
2013-10-01,TATASTEEL,INE081A01012,,274.25,278.5,268.85,275.75,6134646,1682749283.6,0.07201529878530603,19.85821864004814
2013-10-03,TATASTEEL,INE081A01012,,276.45,289.45,276.45,285.85,6538898,1865071558.25,0.07201529878530603,20.58557315777973
2013-10-04,TATASTEEL,INE081A01012,,283.95,294.2,282.15,288.45,6346680,1829295781.15,0.07201529878530603,20.772812934621523
2013-10-07,TATASTEEL,INE081A01012,,288.0,301.8,286.4,300.4,7197347,2129146955.65,0.07201529878530603,21.63339575510593
2013-10-08,TATASTEEL,INE081A01012,,304.35,305.65,295.65,296.8,5332763,1596252530.25,0.07201529878530603,21.37414067947883
2013-10-09,TATASTEEL,INE081A01012,,292.0,304.95,292.0,303.25,5603208,1685261914.65,0.07201529878530603,21.838639356644055
2013-10-10,TATASTEEL,INE081A01012,,305.7,311.0,305.0,308.6,5944654,1833219122.15,0.07201529878530603,22.223921205145444
2013-10-11,TATASTEEL,INE081A01012,,311.7,313.25,304.0,307.9,4894475,1505881768.85,0.07201529878530603,22.173510495995725
2013-10-14,TATASTEEL,INE081A01012,,308.0,309.0,300.7,301.6,3919119,1188318851.65,0.07201529878530603,21.7198141136483
2013-10-15,TATASTEEL,INE081A01012,,303.0,313.25,300.75,310.5,7864895,2430005599.0,0.07201529878530603,22.360750272837524
2013-10-17,TATASTEEL,INE081A01012,,311.0,316.45,308.85,310.1,6141072,1923579466.85,0.07201529878530603,22.331944153323402
2013-10-18,TATASTEEL,INE081A01012,,312.8,330.0,310.8,328.9,13131437,4246225769.15,0.07201529878530603,23.68583177048715
2013-10-21,TATASTEEL,INE081A01012,,329.0,338.5,329.0,336.1,7183759,2402877460.2,0.07201529878530603,24.20434192174136
2013-10-22,TATASTEEL,INE081A01012,,337.0,343.4,334.5,339.95,5827441,1980869509.85,0.07201529878530603,24.481600822064784
2013-10-23,TATASTEEL,INE081A01012,,340.7,343.9,331.1,335.2,6709509,2263802920.1,0.07201529878530603,24.139528152834583
2013-10-24,TATASTEEL,INE081A01012,,333.0,340.9,329.7,332.15,4996260,1676407441.75,0.07201529878530603,23.919881491539396
2013-10-25,TATASTEEL,INE081A01012,,330.15,330.8,321.1,321.85,5506656,1789242700.0,0.07201529878530603,23.178123914050747
2013-10-28,TATASTEEL,INE081A01012,,325.0,327.4,311.35,312.3,6896640,2189605305.5,0.07201529878530603,22.490377810651076
2013-10-29,TATASTEEL,INE081A01012,,311.0,327.25,308.7,325.85,7791933,2489814401.15,0.07201529878530603,23.466185109191972
2013-10-30,TATASTEEL,INE081A01012,,328.0,329.9,321.15,326.6,4944868,1611755292.35,0.07201529878530603,23.520196583280953
2013-10-31,TATASTEEL,INE081A01012,,325.6,338.3,324.15,334.9,6259016,2076894194.1,0.07201529878530603,24.11792356319899
2013-11-01,TATASTEEL,INE081A01012,,335.0,341.8,332.55,336.15,4538791,1530624424.1,0.07201529878530603,24.20794268668062
2013-11-05,TATASTEEL,INE081A01012,,339.4,344.85,331.65,338.95,4456687,1508441734.5,0.07201529878530603,24.40958552327948
2013-11-06,TATASTEEL,INE081A01012,,340.3,341.7,332.4,333.3,4337094,1458732552.7,0.07201529878530603,24.002699085142503
2013-11-07,TATASTEEL,INE081A01012,,332.25,349.9,332.25,345.8,9786753,3369839255.25,0.07201529878530603,24.90289031995883
2013-11-08,TATASTEEL,INE081A01012,,345.9,356.85,345.55,355.75,7856239,2773048086.35,0.07201529878530603,25.619442542872623
2013-11-11,TATASTEEL,INE081A01012,,355.8,365.55,352.25,360.8,7566883,2722134947.15,0.07201529878530603,25.983119801738418
2013-11-12,TATASTEEL,INE081A01012,,362.0,363.5,350.1,352.45,7567835,2682655689.8,0.07201529878530603,25.38179205688111
2013-11-13,TATASTEEL,INE081A01012,,350.3,363.9,350.3,357.75,8165099,2913289154.0,0.07201529878530603,25.763473140443235
2013-11-18,TATASTEEL,INE081A01012,,379.0,387.95,378.35,386.8,7386261,2833427563.8,0.07201529878530603,27.855517570156376
2013-11-19,TATASTEEL,INE081A01012,,388.1,391.55,380.2,383.25,9549355,3674081082.0,0.07201529878530603,27.59986325946854
2013-11-20,TATASTEEL,INE081A01012,,382.8,388.85,379.4,385.0,7232982,2777257661.7,0.07201529878530603,27.72589003234282
2013-11-21,TATASTEEL,INE081A01012,,382.95,384.9,377.0,382.6,6331806,2414308579.35,0.07201529878530603,27.55305331525809
2013-11-22,TATASTEEL,INE081A01012,,383.9,395.5,383.6,392.45,7614953,2965514385.75,0.07201529878530603,28.262404008293352
2013-11-25,TATASTEEL,INE081A01012,,394.1,399.0,393.35,397.95,4762312,1887493875.8,0.07201529878530603,28.658488151612534
2013-11-26,TATASTEEL,INE081A01012,,396.2,397.95,389.5,391.75,4901686,1922764639.95,0.07201529878530603,28.21199329914364
2013-11-27,TATASTEEL,INE081A01012,,392.0,395.95,387.85,394.75,4104073,1611210962.05,0.07201529878530603,28.428039195499558
2013-11-28,TATASTEEL,INE081A01012,,395.9,403.7,395.5,400.9,4635333,1850948569.25,0.07201529878530603,28.87093328302919
2013-11-29,TATASTEEL,INE081A01012,,402.0,405.4,398.6,400.6,3549758,1426979998.85,0.07201529878530603,28.8493286933936
2013-12-02,TATASTEEL,INE081A01012,,400.1,409.9,396.0,408.3,5921391,2395061741.6,0.07201529878530603,29.403846494040454
2013-12-03,TATASTEEL,INE081A01012,,407.0,411.7,405.1,409.8,5769013,2357400423.7,0.07201529878530603,29.511869442218412
2013-12-04,TATASTEEL,INE081A01012,,409.0,415.7,408.0,413.95,4210852,1738789429.75,0.07201529878530603,29.81073293217743
2013-12-05,TATASTEEL,INE081A01012,,419.15,422.3,416.3,421.4,5566862,2338242390.9,0.07201529878530603,30.34724690812796
2013-12-06,TATASTEEL,INE081A01012,,421.0,424.0,418.0,422.7,4156106,1749435219.55,0.07201529878530603,30.44086679654886
2013-12-09,TATASTEEL,INE081A01012,,430.0,431.95,419.95,420.95,5017564,2119576413.75,0.07201529878530603,30.314840023674574
2013-12-10,TATASTEEL,INE081A01012,,420.0,424.9,417.55,423.3,4767109,2009163754.55,0.07201529878530603,30.484075975820044
2013-12-11,TATASTEEL,INE081A01012,,421.95,424.85,416.0,418.25,6704452,2813014495.05,0.07201529878530603,30.12039871695425
2013-12-12,TATASTEEL,INE081A01012,,414.9,417.25,411.5,412.75,5857725,2422081064.3,0.07201529878530603,29.724314573635066
2013-12-13,TATASTEEL,INE081A01012,,409.9,416.65,409.1,415.15,6141216,2539817374.8,0.07201529878530603,29.897151290719798
2013-12-16,TATASTEEL,INE081A01012,,415.15,420.2,407.25,408.9,4647933,1911709404.5,0.07201529878530603,29.447055673311635
2013-12-17,TATASTEEL,INE081A01012,,409.35,413.15,406.0,408.7,3512475,1437048215.55,0.07201529878530603,29.432652613554577
2013-12-18,TATASTEEL,INE081A01012,,408.8,416.45,407.85,414.9,3016199,1246415144.8,0.07201529878530603,29.879147466023472
2013-12-19,TATASTEEL,INE081A01012,,418.0,419.2,409.2,410.8,3505961,1448363541.35,0.07201529878530603,29.58388474100372
2013-12-20,TATASTEEL,INE081A01012,,410.8,418.85,410.35,417.95,2703973,1123127366.15,0.07201529878530603,30.098794127318655
2013-12-23,TATASTEEL,INE081A01012,,418.0,426.8,417.2,423.15,2704771,1145065918.25,0.07201529878530603,30.473273681002247
2013-12-24,TATASTEEL,INE081A01012,,424.0,425.35,416.65,418.4,2308999,969192235.15,0.07201529878530603,30.131201011772042
2013-12-26,TATASTEEL,INE081A01012,,418.1,427.0,416.3,425.35,4003733,1690983384.65,0.07201529878530603,30.631707338329925
2013-12-27,TATASTEEL,INE081A01012,,425.35,428.1,423.0,425.05,2475556,1052646514.3,0.07201529878530603,30.61010274869433
2013-12-30,TATASTEEL,INE081A01012,,425.0,428.6,421.9,425.55,2124079,903147379.6,0.07201529878530603,30.646110398086982
2013-12-31,TATASTEEL,INE081A01012,,426.45,426.8,422.55,424.2,1210884,513968821.35,0.07201529878530603,30.548889744726818
2014-01-01,TATASTEEL,INE081A01012,,425.0,426.8,423.65,425.9,1193408,507920530.4,0.07201529878530603,30.671315752661837
2014-01-02,TATASTEEL,INE081A01012,,426.0,435.5,417.0,419.2,4000266,1711775549.35,0.07201529878530603,30.188813250800287
2014-01-03,TATASTEEL,INE081A01012,,416.5,419.4,409.0,412.5,3183770,1315202482.9,0.07201529878530603,29.70631074893874
2014-01-06,TATASTEEL,INE081A01012,,410.95,415.7,404.6,408.3,2704614,1109847972.4,0.07201529878530603,29.403846494040454
2014-01-07,TATASTEEL,INE081A01012,,409.9,411.9,392.55,394.7,3900410,1562980259.25,0.07201529878530603,28.42443843056029
2014-01-08,TATASTEEL,INE081A01012,,394.65,397.25,389.6,392.4,4541009,1787033553.5,0.07201529878530603,28.258803243354087
2014-01-09,TATASTEEL,INE081A01012,,394.35,399.3,387.6,390.8,3988227,1568070760.95,0.07201529878530603,28.143578765297597
2014-01-10,TATASTEEL,INE081A01012,,392.8,393.2,383.5,384.5,3265618,1265632066.05,0.07201529878530603,27.68988238295017
2014-01-13,TATASTEEL,INE081A01012,,385.25,389.2,381.75,385.95,2748209,1059735571.45,0.07201529878530603,27.794304566188863
2014-01-14,TATASTEEL,INE081A01012,,385.0,389.0,373.3,374.35,3645778,1382411249.2,0.07201529878530603,26.958927100279315
2014-01-15,TATASTEEL,INE081A01012,,376.0,380.0,372.6,375.0,3307933,1245461759.35,0.07201529878530603,27.005737044489763
2014-01-16,TATASTEEL,INE081A01012,,376.5,384.5,375.85,381.1,3644145,1390942089.85,0.07201529878530603,27.445030367080133
2014-01-17,TATASTEEL,INE081A01012,,381.0,385.7,375.15,377.65,3436367,1305505356.65,0.07201529878530603,27.196577586270823
2014-01-20,TATASTEEL,INE081A01012,,377.5,379.25,370.1,374.55,3285182,1227807036.15,0.07201529878530603,26.973330160036376
2014-01-21,TATASTEEL,INE081A01012,,376.0,386.0,376.0,383.6,4092506,1560231788.7,0.07201529878530603,27.625068614043396
2014-01-22,TATASTEEL,INE081A01012,,384.3,394.0,384.3,393.25,4633136,1811258203.65,0.07201529878530603,28.320016247321597
2014-01-23,TATASTEEL,INE081A01012,,392.85,393.0,387.1,389.25,2497038,972560542.75,0.07201529878530603,28.031955052180372
2014-01-24,TATASTEEL,INE081A01012,,385.1,386.0,374.45,376.0,2981354,1127969758.05,0.07201529878530603,27.07775234327507
2014-01-27,TATASTEEL,INE081A01012,,369.4,369.65,352.0,353.55,4413205,1586221422.05,0.07201529878530603,25.46100888554495
2014-01-28,TATASTEEL,INE081A01012,,354.0,368.9,352.5,366.65,4850538,1755587226.75,0.07201529878530603,26.404409299632455
2014-01-29,TATASTEEL,INE081A01012,,368.5,369.35,356.25,358.0,4538964,1640001422.1,0.07201529878530603,25.78147696513956
2014-01-30,TATASTEEL,INE081A01012,,353.0,354.0,341.2,346.55,5617880,1949625477.45,0.07201529878530603,24.956901794047806
2014-01-31,TATASTEEL,INE081A01012,,348.4,357.9,347.55,356.05,5196593,1842496970.2,0.07201529878530603,25.641047132508213
2014-02-03,TATASTEEL,INE081A01012,,354.9,354.9,342.05,343.1,3559039,1235596271.7,0.07201529878530603,24.708449013238504
2014-02-04,TATASTEEL,INE081A01012,,338.05,346.85,336.05,342.95,7271517,2486862557.15,0.07201529878530603,24.697646718420703
2014-02-05,TATASTEEL,INE081A01012,,344.85,360.9,344.05,359.4,4757607,1675348083.15,0.07201529878530603,25.882298383438986
2014-02-06,TATASTEEL,INE081A01012,,361.9,367.2,356.25,361.25,6470705,2341005941.3,0.07201529878530603,26.015526686191805
2014-02-07,TATASTEEL,INE081A01012,,362.6,387.0,362.6,384.45,11721063,4427495153.05,0.07201529878530603,27.686281618010902
2014-02-10,TATASTEEL,INE081A01012,,386.9,393.2,380.55,382.5,6243610,2414266861.05,0.07201529878530603,27.545851785379558
2014-02-11,TATASTEEL,INE081A01012,,387.0,393.0,385.3,389.75,4273585,1659740775.35,0.07201529878530603,28.067962701573027
2014-02-12,TATASTEEL,INE081A01012,,385.55,386.9,372.75,374.35,9379584,3548809615.85,0.07201529878530603,26.958927100279315
2014-02-13,TATASTEEL,INE081A01012,,376.0,378.8,365.2,367.45,5852885,2182505414.0,0.07201529878530603,26.4620215386607
2014-02-14,TATASTEEL,INE081A01012,,368.9,372.4,359.45,370.8,6037488,2214970879.1,0.07201529878530603,26.703272789591477
2014-02-17,TATASTEEL,INE081A01012,,371.45,375.4,366.5,374.05,3431363,1274543392.1,0.07201529878530603,26.93732251064372
2014-02-18,TATASTEEL,INE081A01012,,373.95,381.9,372.1,379.65,3606426,1365818825.4,0.07201529878530603,27.340608183841436
2014-02-19,TATASTEEL,INE081A01012,,379.85,379.9,371.15,373.85,3167125,1184702905.05,0.07201529878530603,26.922919450886663
2014-02-20,TATASTEEL,INE081A01012,,369.15,369.8,364.0,366.75,4279353,1568928304.05,0.07201529878530603,26.411610829510987
2014-02-21,TATASTEEL,INE081A01012,,366.75,375.75,366.75,374.4,3182327,1186253841.75,0.07201529878530603,26.96252786521858
2014-02-24,TATASTEEL,INE081A01012,,373.8,373.8,366.3,369.2,3273797,1206611538.6,0.07201529878530603,26.588048311534987
2014-02-25,TATASTEEL,INE081A01012,,369.6,372.05,359.6,360.55,4386451,1600679415.0,0.07201529878530603,25.965115977042093
2014-02-26,TATASTEEL,INE081A01012,,361.05,362.85,348.4,349.3,10093075,3551946726.4,0.07201529878530603,25.1549438657074
2014-02-28,TATASTEEL,INE081A01012,,351.0,354.6,340.7,343.8,9894260,3430201846.0,0.07201529878530603,24.758859722388216
2014-03-03,TATASTEEL,INE081A01012,,344.0,349.5,340.7,345.3,5695060,1968227947.85,0.07201529878530603,24.866882670566174
2014-03-04,TATASTEEL,INE081A01012,,346.5,352.5,345.35,351.75,5705466,1999479958.4,0.07201529878530603,25.331381347731398
2014-03-05,TATASTEEL,INE081A01012,,354.8,359.8,351.75,355.95,6641895,2367762820.3,0.07201529878530603,25.63384560262968
2014-03-06,TATASTEEL,INE081A01012,,358.0,365.4,356.0,364.2,5700885,2056554893.95,0.07201529878530603,26.227971817608456
2014-03-07,TATASTEEL,INE081A01012,,368.2,373.4,364.55,371.1,6317650,2336960806.55,0.07201529878530603,26.72487737922707
2014-03-10,TATASTEEL,INE081A01012,,368.25,370.8,362.45,364.15,4958200,1815642666.45,0.07201529878530603,26.22437105266919
2014-03-11,TATASTEEL,INE081A01012,,364.15,364.4,342.35,343.75,9147669,3199786701.25,0.07201529878530603,24.755258957448948
2014-03-12,TATASTEEL,INE081A01012,,341.0,348.65,337.35,339.6,8736836,2994926184.35,0.07201529878530603,24.45639546748993
2014-03-13,TATASTEEL,INE081A01012,,342.0,347.9,334.25,336.85,5569432,1911029887.7,0.07201529878530603,24.25835339583034
2014-03-14,TATASTEEL,INE081A01012,,334.0,342.8,332.0,341.7,6159893,2085557783.75,0.07201529878530603,24.60762759493907
2014-03-18,TATASTEEL,INE081A01012,,346.0,348.0,339.1,340.7,4153837,1429858002.6,0.07201529878530603,24.535612296153765
2014-03-19,TATASTEEL,INE081A01012,,343.4,359.35,340.2,356.6,9574067,3377381936.6,0.07201529878530603,25.680655546840132
2014-03-20,TATASTEEL,INE081A01012,,357.2,359.85,347.65,349.95,5069953,1792676089.4,0.07201529878530603,25.201753809917847
2014-03-21,TATASTEEL,INE081A01012,,351.2,365.0,351.2,362.85,8153410,2941177460.45,0.07201529878530603,26.130751164248295
2014-03-24,TATASTEEL,INE081A01012,,364.8,367.0,356.15,363.1,5581055,2018491001.85,0.07201529878530603,26.148754988944624
2014-03-25,TATASTEEL,INE081A01012,,362.2,371.65,361.55,367.1,5278942,1943835038.75,0.07201529878530603,26.436816184085846
2014-03-26,TATASTEEL,INE081A01012,,371.4,376.0,370.3,374.8,5587071,2085853140.2,0.07201529878530603,26.9913339847327
2014-03-27,TATASTEEL,INE081A01012,,375.0,379.45,373.25,375.4,5741308,2160825210.1,0.07201529878530603,27.034543164003882
2014-03-28,TATASTEEL,INE081A01012,,378.8,383.75,376.0,381.5,3758230,1428246193.7,0.07201529878530603,27.47383648659425
2014-03-31,TATASTEEL,INE081A01012,,384.65,396.35,383.0,393.95,7039653,2745136236.85,0.07201529878530603,28.370426956471313
2014-04-01,TATASTEEL,INE081A01012,,396.0,403.35,386.5,401.15,8370865,3320159538.15,0.07201529878530603,28.888937107725514
2014-04-02,TATASTEEL,INE081A01012,,402.45,405.0,399.05,403.45,5362914,2156901329.65,0.07201529878530603,29.05457229493172
2014-04-03,TATASTEEL,INE081A01012,,403.4,412.0,393.75,397.65,7048419,2835019909.15,0.07201529878530603,28.636883561976944
2014-04-04,TATASTEEL,INE081A01012,,399.9,404.7,395.4,402.0,4587278,1840293655.45,0.07201529878530603,28.950150111693027
2014-04-07,TATASTEEL,INE081A01012,,402.55,407.5,398.2,406.65,3693056,1491581363.55,0.07201529878530603,29.285021251044697
2014-04-09,TATASTEEL,INE081A01012,,410.0,419.75,408.0,418.75,4995297,2075231474.15,0.07201529878530603,30.1564063663469
2014-04-10,TATASTEEL,INE081A01012,,418.9,424.8,411.2,417.8,5896562,2465195923.25,0.07201529878530603,30.08799183250086
2014-04-11,TATASTEEL,INE081A01012,,415.5,423.5,411.0,419.85,5246849,2196267420.95,0.07201529878530603,30.23562319501074
2014-04-15,TATASTEEL,INE081A01012,,419.55,424.5,407.7,409.15,4660433,1933114110.2,0.07201529878530603,29.465059498007964
2014-04-16,TATASTEEL,INE081A01012,,410.5,416.75,404.75,413.7,4076328,1680097845.95,0.07201529878530603,29.792729107481104
2014-04-17,TATASTEEL,INE081A01012,,412.05,419.9,411.3,418.9,3281212,1365100544.75,0.07201529878530603,30.167208661164697
2014-04-21,TATASTEEL,INE081A01012,,419.5,425.5,417.55,423.5,3785007,1595150186.55,0.07201529878530603,30.498479035577105
2014-04-22,TATASTEEL,INE081A01012,,423.9,423.9,418.1,420.85,3267173,1375464737.7,0.07201529878530603,30.307638493796045
2014-04-23,TATASTEEL,INE081A01012,,421.0,429.3,420.2,426.55,5084230,2163526647.15,0.07201529878530603,30.71812569687229
2014-04-25,TATASTEEL,INE081A01012,,426.55,432.9,422.35,426.9,4791037,2050786204.8,0.07201529878530603,30.743331051447143
2014-04-28,TATASTEEL,INE081A01012,,425.0,431.9,424.1,425.8,3360036,1439029522.65,0.07201529878530603,30.66411422278331
2014-04-29,TATASTEEL,INE081A01012,,425.0,426.25,404.0,405.5,6860458,2823456383.5,0.07201529878530603,29.202203657441597
2014-04-30,TATASTEEL,INE081A01012,,407.0,407.5,393.25,400.65,7104453,2851591053.4,0.07201529878530603,28.85292945833286
2014-05-02,TATASTEEL,INE081A01012,,403.0,406.6,388.1,390.05,5856380,2305068895.55,0.07201529878530603,28.08956729120862
2014-05-05,TATASTEEL,INE081A01012,,390.4,403.8,388.85,397.55,5244203,2079867371.6,0.07201529878530603,28.629682032098415
2014-05-06,TATASTEEL,INE081A01012,,399.4,404.5,398.65,401.75,3685956,1481406851.7,0.07201529878530603,28.932146286996698
2014-05-07,TATASTEEL,INE081A01012,,401.15,403.45,396.15,399.9,2632775,1053802110.2,0.07201529878530603,28.798917984243882
2014-05-08,TATASTEEL,INE081A01012,,401.2,406.25,398.4,402.0,3302144,1330271163.35,0.07201529878530603,28.950150111693027
2014-05-09,TATASTEEL,INE081A01012,,400.0,420.75,399.1,416.7,6479786,2663911194.05,0.07201529878530603,30.008775003837023
2014-05-12,TATASTEEL,INE081A01012,,416.95,426.9,416.1,420.05,5247544,2215985512.65,0.07201529878530603,30.2500262547678
2014-05-13,TATASTEEL,INE081A01012,,424.15,441.5,421.25,427.1,8928375,3859082423.95,0.07201529878530603,30.757734111204208
2014-05-14,TATASTEEL,INE081A01012,,429.95,454.7,429.9,452.35,10859760,4827310555.3,0.07201529878530603,32.57612040553319
2014-05-15,TATASTEEL,INE081A01012,,456.9,468.0,450.75,460.6,14271600,6562332887.05,0.07201529878530603,33.17024662051196
2014-05-16,TATASTEEL,INE081A01012,,473.0,485.85,427.2,440.9,19519136,8905224390.4,0.07201529878530603,31.75154523444143
2014-05-19,TATASTEEL,INE081A01012,,445.0,460.25,435.6,450.75,10968730,4935708123.75,0.07201529878530603,32.46089592747669
2014-05-20,TATASTEEL,INE081A01012,,453.5,474.35,453.5,467.15,9099253,4250183623.0,0.07201529878530603,33.641946827555714
2014-05-21,TATASTEEL,INE081A01012,,467.95,470.35,457.2,462.55,5486733,2548479032.2,0.07201529878530603,33.31067645314331
2014-05-22,TATASTEEL,INE081A01012,,465.0,477.8,464.95,470.9,5816329,2751439325.55,0.07201529878530603,33.91200419800061
2014-05-23,TATASTEEL,INE081A01012,,472.0,483.0,469.35,478.2,5694313,2713431474.05,0.07201529878530603,34.43771587913334
2014-05-26,TATASTEEL,INE081A01012,,482.1,495.0,452.6,467.65,7759635,3742538946.1,0.07201529878530603,33.677954476948365
2014-05-27,TATASTEEL,INE081A01012,,466.35,478.95,461.55,477.6,4750585,2239248146.25,0.07201529878530603,34.39450669986216
2014-05-28,TATASTEEL,INE081A01012,,480.2,483.5,467.0,469.25,3815468,1806664926.8,0.07201529878530603,33.793178955004855
2014-05-29,TATASTEEL,INE081A01012,,471.0,474.5,463.4,465.95,4274219,1999794534.95,0.07201529878530603,33.555528469013346
2014-05-30,TATASTEEL,INE081A01012,,467.0,477.0,463.0,475.1,5197150,2459350553.25,0.07201529878530603,34.2144684528989
2014-06-02,TATASTEEL,INE081A01012,,475.8,495.6,471.45,492.9,5557057,2697307876.45,0.07201529878530603,35.496340771277346
2014-06-03,TATASTEEL,INE081A01012,,497.5,528.35,496.0,526.8,12511741,6438256720.0,0.07201529878530603,37.937659400099214
2014-06-04,TATASTEEL,INE081A01012,,527.25,543.4,525.1,537.4,10741509,5773288343.0,0.07201529878530603,38.701021567223464
2014-06-05,TATASTEEL,INE081A01012,,539.8,560.75,538.05,556.95,9141879,5019678085.65,0.07201529878530603,40.1089206584762
2014-06-06,TATASTEEL,INE081A01012,,564.5,568.75,552.3,560.65,7566548,4234603635.1,0.07201529878530603,40.375377263981825
2014-06-09,TATASTEEL,INE081A01012,,565.0,579.9,560.0,575.25,5898562,3383226827.95,0.07201529878530603,41.4268006262473
2014-06-10,TATASTEEL,INE081A01012,,575.0,575.0,552.45,558.7,5590663,3121852820.2,0.07201529878530603,40.234947431350484
2014-06-11,TATASTEEL,INE081A01012,,559.9,565.8,545.1,549.45,5170644,2872239728.85,0.07201529878530603,39.5688059175864
2014-06-12,TATASTEEL,INE081A01012,,549.0,557.95,543.6,549.65,3718715,2052149291.4,0.07201529878530603,39.58320897734346
2014-06-13,TATASTEEL,INE081A01012,,548.55,553.25,523.95,525.55,4332932,2330574527.15,0.07201529878530603,37.84764027661758
2014-06-16,TATASTEEL,INE081A01012,,524.7,529.3,512.0,524.6,6975041,3628026207.05,0.07201529878530603,37.779225742771544
2014-06-17,TATASTEEL,INE081A01012,,525.0,534.2,513.0,532.3,6667725,3482039567.45,0.07201529878530603,38.3337435434184
2014-06-18,TATASTEEL,INE081A01012,,536.1,539.85,518.0,521.9,5615331,2973392462.8,0.07201529878530603,37.584784436051216
2014-06-19,TATASTEEL,INE081A01012,,525.0,526.4,515.0,519.45,4081891,2124440159.65,0.07201529878530603,37.40834695402722
2014-06-20,TATASTEEL,INE081A01012,,519.0,534.5,517.8,519.9,5468014,2870337080.2,0.07201529878530603,37.4407538384806
2014-06-23,TATASTEEL,INE081A01012,,520.9,528.6,520.5,526.9,3404063,1788243514.7,0.07201529878530603,37.94486092997775
2014-06-24,TATASTEEL,INE081A01012,,527.5,535.9,527.45,532.3,3021777,1608419901.05,0.07201529878530603,38.3337435434184
2014-06-25,TATASTEEL,INE081A01012,,533.1,538.0,530.1,530.95,2299798,1227221253.0,0.07201529878530603,38.23652289005824
2014-06-26,TATASTEEL,INE081A01012,,532.0,536.5,523.8,525.8,3283972,1736934954.55,0.07201529878530603,37.86564410131391
2014-06-27,TATASTEEL,INE081A01012,,528.7,531.0,517.0,518.9,3205193,1672965734.95,0.07201529878530603,37.3687385396953
2014-06-30,TATASTEEL,INE081A01012,,521.4,530.6,519.75,528.4,3769991,1986339238.3,0.07201529878530603,38.052883878155704
2014-07-01,TATASTEEL,INE081A01012,,530.0,545.3,530.0,540.65,5312672,2872575558.1,0.07201529878530603,38.93507128827571
2014-07-02,TATASTEEL,INE081A01012,,547.0,549.9,542.5,543.5,3252798,1775446771.55,0.07201529878530603,39.14031488981383
2014-07-03,TATASTEEL,INE081A01012,,547.2,549.5,537.25,539.05,3397649,1845901166.45,0.07201529878530603,38.81984681021921
2014-07-04,TATASTEEL,INE081A01012,,545.0,545.0,531.2,536.6,3637783,1953652317.6,0.07201529878530603,38.64340932819522
2014-07-07,TATASTEEL,INE081A01012,,537.1,542.9,533.6,536.05,2544120,1369506433.55,0.07201529878530603,38.603800913863296
2014-07-08,TATASTEEL,INE081A01012,,538.0,539.7,510.0,513.55,3622183,1901248550.95,0.07201529878530603,36.98345669119391
2014-07-09,TATASTEEL,INE081A01012,,516.0,526.75,511.15,518.35,5187706,2693724223.45,0.07201529878530603,37.329130125363385
2014-07-10,TATASTEEL,INE081A01012,,520.0,537.85,510.05,521.4,6831395,3582818434.1,0.07201529878530603,37.548776786658564
2014-07-11,TATASTEEL,INE081A01012,,520.0,524.25,499.25,501.9,6094463,3106878141.65,0.07201529878530603,36.1444784603451
2014-07-14,TATASTEEL,INE081A01012,,496.8,517.4,492.25,513.4,7659509,3892867056.55,0.07347932193605428,37.724283881970265
2014-07-15,TATASTEEL,INE081A01012,,518.8,530.0,514.4,527.15,4448855,2319817848.1,0.07347932193605428,38.73462455859101
2014-07-16,TATASTEEL,INE081A01012,,531.5,546.0,525.5,542.7,4408636,2356226423.9,0.07347932193605428,39.87722801469666
2014-07-17,TATASTEEL,INE081A01012,,543.0,560.0,540.25,558.8,7026522,3891267426.6,0.07347932193605428,41.060245097867124
2014-07-18,TATASTEEL,INE081A01012,,556.0,568.5,549.2,563.0,7295335,4095026250.25,0.07347932193605428,41.36885824999856
2014-07-21,TATASTEEL,INE081A01012,,564.0,571.9,560.15,562.7,4389860,2481511111.8,0.07347932193605428,41.34681445341774
2014-07-22,TATASTEEL,INE081A01012,,567.0,569.25,555.4,562.2,4024568,2263142698.7,0.07347932193605428,41.31007479244972
2014-07-23,TATASTEEL,INE081A01012,,565.5,565.95,550.55,554.55,4219828,2347654544.55,0.07347932193605428,40.7479579796389
2014-07-24,TATASTEEL,INE081A01012,,557.0,571.4,553.15,568.1,6388530,3612547943.7,0.07347932193605428,41.74360279187243
2014-07-25,TATASTEEL,INE081A01012,,570.0,574.35,552.0,557.6,5900847,3315231097.1,0.07347932193605428,40.97206991154387
2014-07-28,TATASTEEL,INE081A01012,,560.1,564.4,544.25,548.5,5045845,2787935638.85,0.07347932193605428,40.303408081925774
2014-07-30,TATASTEEL,INE081A01012,,551.0,551.95,537.4,546.1,6195079,3365525225.05,0.07347932193605428,40.12705770927924
2014-07-31,TATASTEEL,INE081A01012,,546.5,562.25,543.05,553.4,5681377,3157101088.05,0.07347932193605428,40.66345675941243
2014-08-01,TATASTEEL,INE081A01012,,548.0,565.9,544.5,548.75,6545344,3638968467.9,0.07347932193605428,40.321777912409786
2014-08-04,TATASTEEL,INE081A01012,,551.35,557.0,543.85,551.85,5526600,3046173091.3,0.07347932193605428,40.549563810411556
2014-08-05,TATASTEEL,INE081A01012,,554.1,566.0,545.0,562.2,5498695,3043229449.65,0.07347932193605428,41.31007479244972
2014-08-06,TATASTEEL,INE081A01012,,562.1,568.8,548.95,550.5,4482858,2505073953.05,0.07347932193605428,40.45036672579788
2014-08-07,TATASTEEL,INE081A01012,,551.15,562.4,551.0,555.8,6452112,3598166008.45,0.07347932193605428,40.839807132058965
2014-08-08,TATASTEEL,INE081A01012,,552.2,552.2,535.4,537.7,5641167,3061425045.1,0.07347932193605428,39.509831405016385
2014-08-11,TATASTEEL,INE081A01012,,544.4,545.85,529.2,534.75,4825678,2585106352.9,0.07347932193605428,39.293067405305024
2014-08-12,TATASTEEL,INE081A01012,,537.0,547.0,533.1,542.05,5830457,3153503178.85,0.07347932193605428,39.829466455438215
2014-08-13,TATASTEEL,INE081A01012,,541.9,542.0,528.7,534.5,5206555,2786312089.85,0.07347932193605428,39.27469757482101
2014-08-14,TATASTEEL,INE081A01012,,533.6,545.9,525.1,541.7,8553982,4581133292.6,0.07347932193605428,39.80374869276061
2014-08-18,TATASTEEL,INE081A01012,,538.05,548.9,537.5,546.45,4670295,2541409226.75,0.07347932193605428,40.152775471956865
2014-08-19,TATASTEEL,INE081A01012,,549.05,554.0,542.2,544.1,4449560,2435213492.65,0.07347932193605428,39.98009906540713
2014-08-20,TATASTEEL,INE081A01012,,543.8,551.95,541.6,545.55,4452314,2435448433.3,0.07347932193605428,40.086644082214406
2014-08-21,TATASTEEL,INE081A01012,,540.0,541.9,533.3,536.6,4381550,2356172527.5,0.07347932193605428,39.429004150886726
2014-08-22,TATASTEEL,INE081A01012,,538.75,542.35,534.45,537.75,2916358,1569524067.65,0.07347932193605428,39.51350537111319
2014-08-25,TATASTEEL,INE081A01012,,537.7,540.0,509.75,512.0,5682478,2974790075.0,0.07347932193605428,37.62141283125979
2014-08-26,TATASTEEL,INE081A01012,,513.45,528.45,512.1,524.95,6832634,3573840710.75,0.07347932193605428,38.5729700503317
2014-08-27,TATASTEEL,INE081A01012,,528.0,531.9,519.65,523.2,3090598,1620915670.75,0.07347932193605428,38.4443812369436
2014-08-28,TATASTEEL,INE081A01012,,522.75,527.0,512.3,513.15,4260179,2205149923.3,0.07347932193605428,37.70591405148625
2014-09-01,TATASTEEL,INE081A01012,,516.85,526.5,512.05,524.1,5345574,2779043652.5,0.07347932193605428,38.51051262668605
2014-09-02,TATASTEEL,INE081A01012,,524.1,526.9,517.85,519.2,3684677,1920268178.4,0.07347932193605428,38.150463949199384
2014-09-03,TATASTEEL,INE081A01012,,521.1,530.7,520.75,526.0,5405641,2842838753.0,0.07347932193605428,38.65012333836455
2014-09-04,TATASTEEL,INE081A01012,,524.65,528.45,504.7,509.05,5587461,2866834310.65,0.07347932193605428,37.40464883154843
2014-09-05,TATASTEEL,INE081A01012,,509.55,516.0,506.1,513.4,4391128,2244870928.1,0.07347932193605428,37.724283881970265
2014-09-08,TATASTEEL,INE081A01012,,515.1,519.95,510.6,517.45,3783166,1951004685.45,0.07347932193605428,38.021875135811285
2014-09-09,TATASTEEL,INE081A01012,,513.0,520.5,510.15,518.65,3177200,1641753317.25,0.07347932193605428,38.11005032213455
2014-09-10,TATASTEEL,INE081A01012,,515.0,522.95,513.5,519.2,3836014,1991939846.6,0.07347932193605428,38.150463949199384
2014-09-11,TATASTEEL,INE081A01012,,521.0,524.8,515.0,517.6,4257474,2208380332.5,0.07347932193605428,38.032897034101694
2014-09-12,TATASTEEL,INE081A01012,,517.6,521.35,514.55,515.95,4400187,2279190767.5,0.07347932193605428,37.911656152907206
2014-09-15,TATASTEEL,INE081A01012,,513.0,514.0,504.65,507.7,3898635,1979235241.0,0.07347932193605428,37.30545174693476
2014-09-16,TATASTEEL,INE081A01012,,507.75,508.8,486.55,490.15,5445788,2703360063.25,0.07347932193605428,36.015889646957
2014-09-17,TATASTEEL,INE081A01012,,493.0,501.0,485.65,498.4,5244467,2593529835.9,0.07347932193605428,36.62209405292945
2014-09-18,TATASTEEL,INE081A01012,,496.1,509.5,496.1,505.45,4870457,2461047256.6,0.07347932193605428,37.140123272578634
2014-09-19,TATASTEEL,INE081A01012,,509.2,512.9,505.15,511.0,4970783,2534953143.4,0.07347932193605428,37.547933509323734
2014-09-22,TATASTEEL,INE081A01012,,505.0,506.3,498.35,500.9,3361564,1685096024.1,0.07347932193605428,36.80579235776958
2014-09-23,TATASTEEL,INE081A01012,,500.0,501.8,483.65,485.6,3985633,1962210106.55,0.07347932193605428,35.681558732147955
2014-09-24,TATASTEEL,INE081A01012,,484.0,486.45,468.65,472.2,6981750,3341735474.8,0.07347932193605428,34.69693581820483
2014-09-25,TATASTEEL,INE081A01012,,473.0,477.25,451.65,460.4,6148707,2837959866.1,0.07347932193605428,33.829879819359384
2014-09-26,TATASTEEL,INE081A01012,,460.0,477.0,458.45,474.25,4005959,1881908308.05,0.07347932193605428,34.84756842817374
2014-09-29,TATASTEEL,INE081A01012,,474.35,480.3,464.65,466.4,3122197,1468926165.7,0.07347932193605428,34.27075575097571
2014-09-30,TATASTEEL,INE081A01012,,466.6,472.95,456.1,459.05,4552022,2115272534.15,0.07347932193605428,33.73068273474571
2014-10-01,TATASTEEL,INE081A01012,,455.5,457.4,445.5,448.8,4770397,2147407603.25,0.07347932193605428,32.97751968490116
2014-10-07,TATASTEEL,INE081A01012,,446.75,453.0,438.1,440.15,7729823,3427115090.95,0.07347932193605428,32.34192355015429
2014-10-08,TATASTEEL,INE081A01012,,437.5,457.8,435.6,456.15,6706169,3003219078.5,0.07347932193605428,33.51759270113116
2014-10-09,TATASTEEL,INE081A01012,,460.1,469.45,457.15,467.55,4973938,2306221188.25,0.07347932193605428,34.35525697120218
2014-10-10,TATASTEEL,INE081A01012,,459.95,460.0,446.15,448.05,4936128,2227207211.95,0.07347932193605428,32.92241019344912
2014-10-13,TATASTEEL,INE081A01012,,443.8,459.8,440.15,457.75,3732722,1691183214.65,0.07347932193605428,33.63515961622885
2014-10-14,TATASTEEL,INE081A01012,,458.1,462.0,440.85,456.05,5823642,2642970510.65,0.07347932193605428,33.510244768937554
2014-10-16,TATASTEEL,INE081A01012,,460.8,467.6,436.0,439.1,8266426,3732123838.55,0.07347932193605428,32.26477026212143
2014-10-17,TATASTEEL,INE081A01012,,443.6,453.9,436.55,447.55,6709248,2996475297.35,0.07347932193605428,32.88567053248109
2014-10-20,TATASTEEL,INE081A01012,,455.05,457.35,446.35,450.15,4360635,1970122974.05,0.07347932193605428,33.07671676951483
2014-10-21,TATASTEEL,INE081A01012,,454.0,462.2,452.25,455.7,5314210,2428518750.55,0.07347932193605428,33.48452700625993
2014-10-22,TATASTEEL,INE081A01012,,461.0,462.85,454.3,457.15,4022132,1842545257.65,0.07347932193605428,33.59107202306721
2014-10-27,TATASTEEL,INE081A01012,,460.5,461.8,449.05,450.5,3738985,1702924686.95,0.07347932193605428,33.102434532192454
2014-10-28,TATASTEEL,INE081A01012,,450.1,453.65,446.6,451.2,4005382,1805628733.4,0.07347932193605428,33.153870057547685
2014-10-29,TATASTEEL,INE081A01012,,454.1,472.9,453.75,471.7,6867699,3189908309.85,0.07347932193605428,34.660196157236804
2014-10-30,TATASTEEL,INE081A01012,,472.0,477.45,468.4,474.5,4615504,2183492114.6,0.07347932193605428,34.865938258657756
2014-10-31,TATASTEEL,INE081A01012,,478.0,493.5,474.6,490.0,5848389,2850613505.6,0.07347932193605428,36.0048677486666
2014-11-03,TATASTEEL,INE081A01012,,492.0,494.9,485.45,489.15,3754330,1842068272.6,0.07347932193605428,35.942410325020944
2014-11-05,TATASTEEL,INE081A01012,,491.0,492.4,477.0,478.1,3431914,1654540806.75,0.07347932193605428,35.13046381762755
2014-11-07,TATASTEEL,INE081A01012,,479.0,486.8,470.6,471.4,3873340,1850013602.65,0.07347932193605428,34.63815236065599
2014-11-10,TATASTEEL,INE081A01012,,474.65,476.0,462.5,470.85,4461898,2088281903.95,0.07347932193605428,34.59773873359116
2014-11-11,TATASTEEL,INE081A01012,,473.2,481.5,471.55,480.3,4572372,2184692781.05,0.07347932193605428,35.29211832588687
2014-11-12,TATASTEEL,INE081A01012,,480.0,482.7,465.65,468.35,6348599,3008991050.4,0.07347932193605428,34.41404042875102
2014-11-13,TATASTEEL,INE081A01012,,465.1,475.5,462.15,471.25,5923643,2788431040.25,0.07347932193605428,34.62713046236558
2014-11-14,TATASTEEL,INE081A01012,,467.0,482.6,467.0,478.15,6889390,3288373247.1,0.07347932193605428,35.13413778372435
2014-11-17,TATASTEEL,INE081A01012,,476.15,482.95,475.1,480.1,2378667,1139896630.0,0.07347932193605428,35.27742246149966
2014-11-18,TATASTEEL,INE081A01012,,480.0,489.2,476.75,486.4,3986434,1935314950.9,0.07347932193605428,35.7403421896968
2014-11-19,TATASTEEL,INE081A01012,,486.1,492.75,469.3,471.0,4475299,2153270281.2,0.07347932193605428,34.608760631881566
2014-11-20,TATASTEEL,INE081A01012,,471.95,472.8,462.05,466.6,3871649,1806166672.2,0.07347932193605428,34.28545161536292
2014-11-21,TATASTEEL,INE081A01012,,467.0,472.5,460.1,462.9,3989664,1856807337.45,0.07347932193605428,34.013578124199526
2014-11-24,TATASTEEL,INE081A01012,,473.0,479.8,470.5,476.6,4342517,2067319942.5,0.07347932193605428,35.02024483472347
2014-11-25,TATASTEEL,INE081A01012,,475.05,476.0,458.5,464.45,4366157,2026366707.05,0.07347932193605428,34.12747107320041
2014-11-26,TATASTEEL,INE081A01012,,465.0,468.9,460.45,466.25,3539242,1647021142.5,0.07347932193605428,34.25973385268531
2014-11-27,TATASTEEL,INE081A01012,,465.0,469.0,459.1,460.2,4178119,1927907074.35,0.07347932193605428,33.81518395497218
2014-11-28,TATASTEEL,INE081A01012,,461.5,475.25,461.5,473.35,4827009,2267585168.85,0.07347932193605428,34.78143703843129
2014-12-01,TATASTEEL,INE081A01012,,475.0,475.0,459.15,461.15,3075179,1429327905.55,0.07347932193605428,33.88498931081143
2014-12-02,TATASTEEL,INE081A01012,,461.0,467.45,460.2,465.2,3097160,1439268530.9,0.07347932193605428,34.18258056465245
2014-12-03,TATASTEEL,INE081A01012,,467.4,469.65,462.0,463.75,2806974,1307496367.4,0.07347932193605428,34.07603554784517
2014-12-04,TATASTEEL,INE081A01012,,464.15,467.45,456.7,461.85,3321546,1532716874.65,0.07347932193605428,33.93642483616667
2014-12-05,TATASTEEL,INE081A01012,,463.5,468.7,459.5,461.15,3067638,1424660269.85,0.07347932193605428,33.88498931081143
2014-12-08,TATASTEEL,INE081A01012,,464.0,466.0,450.45,451.85,3055870,1398249012.4,0.07347932193605428,33.201631616806125
2014-12-09,TATASTEEL,INE081A01012,,451.4,451.4,435.05,436.3,4066957,1800579329.3,0.07347932193605428,32.05902816070048
2014-12-10,TATASTEEL,INE081A01012,,432.4,443.0,427.6,432.5,4734292,2065140461.15,0.07347932193605428,31.779806737343474
2014-12-11,TATASTEEL,INE081A01012,,431.0,435.0,416.95,418.75,5271659,2235541441.2,0.07347932193605428,30.769466060722728
2014-12-12,TATASTEEL,INE081A01012,,420.0,422.9,400.05,402.7,6523297,2691063081.75,0.07347932193605428,29.590122943649057
2014-12-15,TATASTEEL,INE081A01012,,399.0,408.35,396.0,400.95,4797611,1928782792.4,0.07347932193605428,29.46153413026096
2014-12-16,TATASTEEL,INE081A01012,,397.0,402.8,387.0,389.65,5771833,2268037284.45,0.07347932193605428,28.63121779238355
2014-12-17,TATASTEEL,INE081A01012,,394.0,404.9,387.05,393.45,8016501,3186668525.45,0.07347932193605428,28.910439215740553
2014-12-18,TATASTEEL,INE081A01012,,401.05,405.9,399.5,401.6,4410200,1774962568.3,0.07347932193605428,29.509295689519398
2014-12-19,TATASTEEL,INE081A01012,,405.6,411.1,403.0,405.45,4630339,1884909262.8,0.07347932193605428,29.792191078973204
2014-12-22,TATASTEEL,INE081A01012,,406.45,409.6,398.7,404.05,3254302,1312827108.05,0.07347932193605428,29.68932002826273
2014-12-23,TATASTEEL,INE081A01012,,405.1,406.6,392.7,394.8,3784076,1506342190.35,0.07347932193605428,29.009636300354227
2014-12-24,TATASTEEL,INE081A01012,,391.25,399.7,391.1,395.25,7351514,2905128913.9,0.07347932193605428,29.042701995225453
2014-12-26,TATASTEEL,INE081A01012,,396.05,399.7,390.1,398.25,3020740,1195141425.1,0.07347932193605428,29.263139961033616
2014-12-29,TATASTEEL,INE081A01012,,399.2,410.55,399.0,404.1,4077406,1656997839.7,0.07347932193605428,29.692993994359533
2014-12-30,TATASTEEL,INE081A01012,,404.4,405.9,395.25,396.3,2899074,1156147866.7,0.07347932193605428,29.11985528325831
2014-12-31,TATASTEEL,INE081A01012,,397.0,401.75,395.55,399.4,2252991,898550861.5,0.07347932193605428,29.347641181260077
2015-01-01,TATASTEEL,INE081A01012,,397.1,406.0,397.1,404.45,2531499,1018855511.65,0.07347932193605428,29.718711757037152
2015-01-02,TATASTEEL,INE081A01012,,406.0,413.0,406.0,410.75,3433980,1406721592.0,0.07347932193605428,30.181631485234295
2015-01-05,TATASTEEL,INE081A01012,,413.0,421.45,413.0,416.7,5205645,2176182848.65,0.07347932193605428,30.618833450753815
2015-01-06,TATASTEEL,INE081A01012,,414.0,414.0,394.35,396.5,6170681,2477168714.2,0.07347932193605428,29.13455114764552
2015-01-07,TATASTEEL,INE081A01012,,397.8,397.8,383.6,388.9,4749099,1851848119.7,0.07347932193605428,28.576108300931505
2015-01-08,TATASTEEL,INE081A01012,,394.0,396.7,390.6,394.95,3169917,1248396592.8,0.07347932193605428,29.020658198644636
2015-01-09,TATASTEEL,INE081A01012,,402.0,404.9,395.1,399.65,5061000,2028180156.4,0.07347932193605428,29.36601101174409
2015-01-12,TATASTEEL,INE081A01012,,399.5,399.5,393.0,396.75,2690982,1065614960.0,0.07347932193605428,29.152920978129533
2015-01-13,TATASTEEL,INE081A01012,,397.0,398.85,390.2,391.5,3002748,1184338730.15,0.07347932193605428,28.76715453796525
2015-01-14,TATASTEEL,INE081A01012,,391.45,391.45,375.5,376.85,7129562,2714397796.6,0.07347932193605428,27.690682471602056
2015-01-15,TATASTEEL,INE081A01012,,378.8,388.7,372.1,384.75,7011341,2667453007.3,0.07347932193605428,28.271169114896882
2015-01-16,TATASTEEL,INE081A01012,,382.0,385.5,376.3,383.4,4538517,1735286265.45,0.07347932193605428,28.171972030283207
2015-01-19,TATASTEEL,INE081A01012,,384.6,386.9,380.55,384.75,2789825,1071037198.55,0.07347932193605428,28.271169114896882
2015-01-20,TATASTEEL,INE081A01012,,385.6,403.6,385.6,402.0,6017882,2389630604.3,0.07347932193605428,29.53868741829382
2015-01-21,TATASTEEL,INE081A01012,,405.0,406.0,393.5,397.1,3897727,1553258799.05,0.07347932193605428,29.178638740807155
2015-01-22,TATASTEEL,INE081A01012,,398.0,404.7,396.0,403.4,4527709,1812742377.2,0.07347932193605428,29.641558469004295
2015-01-23,TATASTEEL,INE081A01012,,410.0,412.0,399.0,403.1,4526581,1830220898.65,0.07347932193605428,29.61951467242348
2015-01-27,TATASTEEL,INE081A01012,,402.8,404.0,395.5,398.4,3972311,1584651208.5,0.07347932193605428,29.27416185932402
2015-01-28,TATASTEEL,INE081A01012,,397.0,397.0,388.9,391.15,3995448,1565916845.0,0.07347932193605428,28.741436775287628
2015-01-29,TATASTEEL,INE081A01012,,390.3,392.4,383.7,390.4,5162946,2006013177.75,0.07347932193605428,28.68632728383559
2015-01-30,TATASTEEL,INE081A01012,,392.5,395.0,386.5,390.45,3600813,1408897799.45,0.07347932193605428,28.69000124993239
2015-02-02,TATASTEEL,INE081A01012,,389.9,394.8,382.2,383.85,3179020,1234890214.4,0.07347932193605428,28.205037725154437
2015-02-03,TATASTEEL,INE081A01012,,387.0,387.45,378.1,381.1,3443635,1317874113.85,0.07347932193605428,28.002969589830286
2015-02-04,TATASTEEL,INE081A01012,,383.9,393.4,383.0,389.2,4420502,1718784008.3,0.07347932193605428,28.598152097512322
2015-02-05,TATASTEEL,INE081A01012,,391.7,392.8,378.05,379.25,3102143,1195485556.7,0.07347932193605428,27.867032844248584
2015-02-06,TATASTEEL,INE081A01012,,380.0,380.7,367.0,368.65,4519435,1679260608.4,0.07347932193605428,27.088152031726406
2015-02-09,TATASTEEL,INE081A01012,,357.0,361.5,346.2,347.45,7535773,2663978976.35,0.07347932193605428,25.530390406682056
2015-02-10,TATASTEEL,INE081A01012,,345.0,360.0,345.0,357.75,5281226,1865100505.0,0.07347932193605428,26.287227422623417
2015-02-11,TATASTEEL,INE081A01012,,360.0,368.7,353.0,365.0,3956657,1428961433.85,0.07347932193605428,26.81995250665981
2015-02-12,TATASTEEL,INE081A01012,,366.2,367.4,356.0,365.3,3415692,1238595597.35,0.07347932193605428,26.841996303240627
2015-02-13,TATASTEEL,INE081A01012,,368.7,371.8,365.25,366.55,3736466,1374736846.35,0.07347932193605428,26.933845455660695
2015-02-16,TATASTEEL,INE081A01012,,368.75,374.45,368.35,369.8,2991370,1111115043.4,0.07347932193605428,27.172653251952873
2015-02-18,TATASTEEL,INE081A01012,,371.95,371.95,364.7,367.5,3232668,1188323784.35,0.07347932193605428,27.003650811499945
2015-02-19,TATASTEEL,INE081A01012,,368.0,379.8,368.0,375.25,7752626,2908891937.45,0.07347932193605428,27.573115556504366
2015-02-20,TATASTEEL,INE081A01012,,378.0,381.85,373.0,374.7,3442401,1301615076.0,0.07347932193605428,27.532701929439536
2015-02-23,TATASTEEL,INE081A01012,,376.5,376.9,365.0,367.35,3085181,1147008442.5,0.07347932193605428,26.99262891320954
2015-02-24,TATASTEEL,INE081A01012,,368.1,370.0,357.2,359.1,3288127,1189156357.25,0.07347932193605428,26.38642450723709
2015-02-25,TATASTEEL,INE081A01012,,362.8,364.8,350.1,350.9,3932349,1403249038.45,0.07347932193605428,25.783894067361445
2015-02-26,TATASTEEL,INE081A01012,,352.3,354.9,344.25,345.2,8064365,2809752377.3,0.07347932193605428,25.365061932325936
2015-02-27,TATASTEEL,INE081A01012,,347.45,354.7,345.8,350.65,5014678,1759183522.65,0.07347932193605428,25.76552423687743
2015-03-02,TATASTEEL,INE081A01012,,357.4,359.2,349.0,352.55,4380314,1542882397.8,0.07347932193605428,25.905134948555936
2015-03-03,TATASTEEL,INE081A01012,,353.0,357.85,349.5,353.15,5121104,1810675643.4,0.07347932193605428,25.949222541717567
2015-03-04,TATASTEEL,INE081A01012,,356.0,357.15,345.6,348.15,4673329,1647558673.65,0.07347932193605428,25.581825932037294
2015-03-05,TATASTEEL,INE081A01012,,348.5,349.2,341.25,343.25,4770135,1641715038.3,0.07347932193605428,25.22177725455063
2015-03-09,TATASTEEL,INE081A01012,,343.25,343.7,335.0,336.3,4368765,1481635587.2,0.07347932193605428,24.711095967095055
2015-03-10,TATASTEEL,INE081A01012,,338.15,339.0,330.05,331.6,4091848,1367669024.65,0.07347932193605428,24.3657431539956
2015-03-11,TATASTEEL,INE081A01012,,333.0,335.0,324.25,325.3,4682270,1538910399.0,0.07347932193605428,23.902823425798456
2015-03-12,TATASTEEL,INE081A01012,,327.7,336.4,327.45,333.2,4324521,1438281811.0,0.07347932193605428,24.483310069093285
2015-03-13,TATASTEEL,INE081A01012,,336.0,336.45,325.0,326.5,3279674,1077711768.65,0.07347932193605428,23.99099861212172
2015-03-16,TATASTEEL,INE081A01012,,328.85,328.85,323.1,326.2,2777100,903911608.55,0.07347932193605428,23.968954815540904
2015-03-17,TATASTEEL,INE081A01012,,330.0,336.45,327.1,332.55,4329067,1437511630.6,0.07347932193605428,24.43554850983485
2015-03-18,TATASTEEL,INE081A01012,,335.7,335.7,329.35,331.75,3099693,1030708208.05,0.07347932193605428,24.376765052286007
2015-03-19,TATASTEEL,INE081A01012,,334.25,344.8,333.65,336.6,6148738,2089779723.25,0.07347932193605428,24.733139763675872
2015-03-20,TATASTEEL,INE081A01012,,336.6,341.4,327.0,328.7,5776131,1927576153.45,0.07347932193605428,24.15265312038104
2015-03-23,TATASTEEL,INE081A01012,,330.45,335.0,328.6,331.4,3580330,1188227857.2,0.07347932193605428,24.351047289608385
2015-03-24,TATASTEEL,INE081A01012,,330.1,333.9,324.25,327.15,4453740,1463466512.95,0.07347932193605428,24.038760171380154
2015-03-25,TATASTEEL,INE081A01012,,328.0,328.95,322.0,323.15,3544781,1150243990.45,0.07347932193605428,23.744842883635936
2015-03-26,TATASTEEL,INE081A01012,,323.0,324.95,314.0,315.6,6516994,2076763280.95,0.07347932193605428,23.190074003018733
2015-03-27,TATASTEEL,INE081A01012,,317.4,319.35,311.2,315.1,4019204,1268323664.1,0.07347932193605428,23.153334342050705
2015-03-30,TATASTEEL,INE081A01012,,318.0,324.9,315.15,322.4,2990579,957039556.25,0.07347932193605428,23.689733392183896
2015-03-31,TATASTEEL,INE081A01012,,326.3,326.4,315.2,316.75,3934898,1261075427.85,0.07347932193605428,23.274575223245193
2015-04-01,TATASTEEL,INE081A01012,,317.0,324.9,316.0,323.65,3086061,988638208.6,0.07347932193605428,23.781582544603964
2015-04-06,TATASTEEL,INE081A01012,,324.4,325.6,316.6,318.1,3669674,1170530267.45,0.07347932193605428,23.373772307858868
2015-04-07,TATASTEEL,INE081A01012,,320.3,335.2,317.0,333.5,7293723,2378009165.0,0.07347932193605428,24.505353865674103
2015-04-08,TATASTEEL,INE081A01012,,336.1,338.9,328.6,336.1,6284727,2104651711.2,0.07347932193605428,24.696400102707845
2015-04-09,TATASTEEL,INE081A01012,,337.5,347.4,337.0,346.05,6151508,2110196933.3,0.07347932193605428,25.427519355971583
2015-04-10,TATASTEEL,INE081A01012,,345.7,349.0,341.25,342.7,4816228,1662917588.2,0.07347932193605428,25.1813636274858
2015-04-13,TATASTEEL,INE081A01012,,344.25,348.25,341.1,345.2,3442898,1189067592.55,0.07347932193605428,25.365061932325936
2015-04-15,TATASTEEL,INE081A01012,,345.0,345.2,336.2,337.65,3199963,1089186737.15,0.07347932193605428,24.810293051708726
2015-04-16,TATASTEEL,INE081A01012,,338.4,343.35,333.55,337.7,3770739,1274741980.15,0.07347932193605428,24.813967017805528
2015-04-17,TATASTEEL,INE081A01012,,336.75,352.2,335.15,346.0,6980772,2421628990.45,0.07347932193605428,25.423845389874778
2015-04-20,TATASTEEL,INE081A01012,,348.5,354.3,339.15,344.45,6266956,2180953442.5,0.07347932193605428,25.309952440873893
2015-04-21,TATASTEEL,INE081A01012,,346.5,352.0,343.55,348.25,4995068,1739651171.2,0.07347932193605428,25.5891738642309
2015-04-22,TATASTEEL,INE081A01012,,349.95,354.5,341.25,351.35,4784322,1667583039.5,0.07347932193605428,25.81695976223267
2015-04-23,TATASTEEL,INE081A01012,,355.0,370.95,354.3,369.45,12192278,4454265099.2,0.07347932193605428,27.14693548927525
2015-04-24,TATASTEEL,INE081A01012,,371.8,374.8,362.6,370.5,8458618,3133286417.8,0.07347932193605428,27.224088777308108
2015-04-27,TATASTEEL,INE081A01012,,369.1,372.8,361.5,368.9,4996552,1836746831.2,0.07347932193605428,27.10652186221042
2015-04-28,TATASTEEL,INE081A01012,,370.0,374.05,366.1,371.25,4159900,1540134084.95,0.07347932193605428,27.27919826876015
2015-04-29,TATASTEEL,INE081A01012,,371.9,379.3,368.0,369.95,5452386,2043431704.0,0.07347932193605428,27.18367515024328
2015-04-30,TATASTEEL,INE081A01012,,368.0,368.9,359.1,360.35,6180164,2240117835.2,0.07347932193605428,26.47827365965716
2015-05-04,TATASTEEL,INE081A01012,,361.55,366.8,357.2,361.65,3268455,1181118295.55,0.07347932193605428,26.573796778174028
2015-05-05,TATASTEEL,INE081A01012,,364.4,381.0,362.85,380.1,7665150,2880215201.4,0.07347932193605428,27.92949026789423
2015-05-06,TATASTEEL,INE081A01012,,381.0,384.5,366.0,367.65,5998971,2239277868.95,0.07347932193605428,27.014672709790354
2015-05-07,TATASTEEL,INE081A01012,,365.85,370.65,360.5,367.3,4140828,1511706220.2,0.07347932193605428,26.988954947112738
2015-05-08,TATASTEEL,INE081A01012,,370.1,375.0,364.1,366.7,3452917,1272614160.85,0.07347932193605428,26.944867353951103
2015-05-11,TATASTEEL,INE081A01012,,372.1,381.4,370.5,377.1,4477605,1688010485.05,0.07347932193605428,27.709052302086068
2015-05-12,TATASTEEL,INE081A01012,,375.35,376.0,352.55,353.6,5474619,1971073841.95,0.07347932193605428,25.982288236588793
2015-05-13,TATASTEEL,INE081A01012,,356.25,361.5,351.65,359.5,5396079,1928634253.05,0.07347932193605428,26.415816236011512
2015-05-14,TATASTEEL,INE081A01012,,360.0,367.8,357.35,366.4,3754097,1365220086.95,0.07347932193605428,26.922823557370286
2015-05-15,TATASTEEL,INE081A01012,,360.0,365.9,355.1,364.1,5169337,1866814199.25,0.07347932193605428,26.753821116917365
2015-05-18,TATASTEEL,INE081A01012,,365.0,367.0,361.0,364.15,2393588,871124204.9,0.07347932193605428,26.757495083014163
2015-05-19,TATASTEEL,INE081A01012,,364.0,369.95,362.2,368.35,2939636,1079365510.75,0.07347932193605428,27.066108235145595
2015-05-20,TATASTEEL,INE081A01012,,367.4,367.4,355.55,361.3,6440489,2324572046.45,0.07347932193605428,26.54807901549641
2015-05-21,TATASTEEL,INE081A01012,,350.0,351.0,341.15,342.25,10255440,3529777966.25,0.07347932193605428,25.148297932614575
2015-05-22,TATASTEEL,INE081A01012,,343.0,347.55,340.45,341.3,3923140,1348512998.3,0.07347932193605428,25.078492576775325
2015-05-25,TATASTEEL,INE081A01012,,339.45,339.85,331.0,332.0,3894467,1303481965.65,0.07347932193605428,24.39513488277002
2015-05-26,TATASTEEL,INE081A01012,,336.5,336.5,329.3,332.85,2899173,965004827.95,0.07347932193605428,24.457592306415666
2015-05-27,TATASTEEL,INE081A01012,,332.85,334.25,327.1,328.15,2890064,953813917.9,0.07347932193605428,24.11223949331621
2015-05-28,TATASTEEL,INE081A01012,,329.8,330.9,322.15,324.7,4644009,1511190820.6,0.07347932193605428,23.85873583263682
2015-05-29,TATASTEEL,INE081A01012,,325.0,332.15,325.0,328.5,3721535,1221947415.3,0.07347932193605428,24.13795725599383
2015-06-01,TATASTEEL,INE081A01012,,329.95,333.1,327.35,329.65,1977913,653419859.25,0.07347932193605428,24.22245847622029
2015-06-02,TATASTEEL,INE081A01012,,330.0,330.9,320.45,321.75,2315060,751229645.3,0.07347932193605428,23.641971832925464
2015-06-03,TATASTEEL,INE081A01012,,322.05,322.95,314.2,316.25,2934090,931680949.7,0.07347932193605428,23.237835562277166
2015-06-04,TATASTEEL,INE081A01012,,317.15,318.75,304.55,308.05,4750173,1471385516.65,0.07347932193605428,22.63530512240152
2015-06-05,TATASTEEL,INE081A01012,,309.0,317.2,302.25,311.1,5026335,1558609548.45,0.07347932193605428,22.859417054306487
2015-06-08,TATASTEEL,INE081A01012,,312.0,314.95,301.5,302.25,3771355,1152859802.65,0.07347932193605428,22.209125055172404
2015-06-09,TATASTEEL,INE081A01012,,296.0,307.35,293.0,304.75,6943722,2092280915.45,0.07347932193605428,22.392823360012542
2015-06-10,TATASTEEL,INE081A01012,,305.0,307.8,301.7,306.0,2920885,891361090.95,0.07347932193605428,22.48467251243261
2015-06-11,TATASTEEL,INE081A01012,,306.1,306.9,297.2,298.7,3989250,1200609020.9,0.07347932193605428,21.94827346229941
2015-06-12,TATASTEEL,INE081A01012,,298.0,300.9,294.15,297.55,2718499,808435535.55,0.07347932193605428,21.86377224207295
2015-06-15,TATASTEEL,INE081A01012,,298.0,302.75,296.05,297.0,2694931,804866497.2,0.07347932193605428,21.82335861500812
2015-06-16,TATASTEEL,INE081A01012,,296.8,297.5,291.0,294.45,3068405,901628027.4,0.07347932193605428,21.63598634407118
2015-06-17,TATASTEEL,INE081A01012,,303.7,310.95,298.25,305.05,8323477,2541986265.25,0.07347932193605428,22.414867156593356
2015-06-18,TATASTEEL,INE081A01012,,304.3,306.5,300.9,303.7,3879758,1180250881.3,0.07347932193605428,22.31567007197968
2015-06-19,TATASTEEL,INE081A01012,,305.45,309.75,304.1,304.95,3289553,1008828608.5,0.07347932193605428,22.40751922439975
2015-06-22,TATASTEEL,INE081A01012,,309.0,312.8,307.0,310.65,3567461,1105264346.55,0.07347932193605428,22.826351359435257
2015-06-23,TATASTEEL,INE081A01012,,311.1,316.7,310.8,313.05,3013141,945822765.6,0.07347932193605428,23.002701732081793
2015-06-24,TATASTEEL,INE081A01012,,314.0,314.4,302.9,304.55,2831828,873966293.3,0.07347932193605428,22.378127495625332
2015-06-25,TATASTEEL,INE081A01012,,303.8,304.8,301.2,302.7,4608311,1395391483.6,0.07347932193605428,22.24219075004363
2015-06-26,TATASTEEL,INE081A01012,,302.5,303.1,297.0,298.65,3380657,1012157806.25,0.07347932193605428,21.944599496202606
2015-06-29,TATASTEEL,INE081A01012,,294.0,297.75,287.4,296.3,3531575,1032732864.7,0.07347932193605428,21.771923089652883
2015-06-30,TATASTEEL,INE081A01012,,296.3,306.5,295.25,304.6,3062319,920388261.35,0.07347932193605428,22.381801461722134
2015-07-01,TATASTEEL,INE081A01012,,305.0,309.0,303.4,306.95,3143855,964525440.0,0.07347932193605428,22.55447786827186
2015-07-02,TATASTEEL,INE081A01012,,307.25,310.45,303.2,304.35,3840112,1178676504.45,0.07347932193605428,22.36343163123812
2015-07-03,TATASTEEL,INE081A01012,,306.35,307.9,299.55,301.2,2742506,830658130.35,0.07347932193605428,22.131971767139547
2015-07-06,TATASTEEL,INE081A01012,,295.0,299.75,292.0,299.0,3708182,1096357942.45,0.07347932193605428,21.97031725888023
2015-07-07,TATASTEEL,INE081A01012,,301.7,303.05,296.1,298.2,3298732,987599285.15,0.07347932193605428,21.911533801331384
2015-07-08,TATASTEEL,INE081A01012,,294.0,294.0,281.8,283.15,8141937,2335279641.45,0.07347932193605428,20.80567000619377
2015-07-09,TATASTEEL,INE081A01012,,283.5,287.4,279.6,280.5,6214726,1758354133.3,0.07347932193605428,20.610949803063225
2015-07-10,TATASTEEL,INE081A01012,,282.9,284.5,278.75,280.9,4021397,1130415162.35,0.07347932193605428,20.640341531837645
2015-07-13,TATASTEEL,INE081A01012,,283.5,285.7,279.0,284.45,3436859,972142110.2,0.07347932193605428,20.901193124710638
2015-07-14,TATASTEEL,INE081A01012,,284.75,286.7,280.5,281.15,3430737,970395681.8,0.07347932193605428,20.658711362321657
2015-07-15,TATASTEEL,INE081A01012,,282.7,284.8,279.1,280.4,3679789,1037298203.0,0.07347932193605428,20.603601870869618
2015-07-16,TATASTEEL,INE081A01012,,285.1,286.5,280.1,280.8,6313384,1781304455.45,0.07347932193605428,20.632993599644042
2015-07-17,TATASTEEL,INE081A01012,,282.0,286.35,280.0,284.05,6449985,1830968642.2,0.07347932193605428,20.871801395936217
2015-07-20,TATASTEEL,INE081A01012,,285.0,287.7,283.0,283.55,3733723,1063495199.4,0.07347932193605428,20.83506173496819
2015-07-21,TATASTEEL,INE081A01012,,284.1,284.1,273.85,274.7,5095184,1410519449.1,0.07347932193605428,20.18476973583411
2015-07-22,TATASTEEL,INE081A01012,,271.25,281.0,268.7,280.4,5910848,1631621689.55,0.07347932193605428,20.603601870869618
2015-07-23,TATASTEEL,INE081A01012,,274.0,274.45,269.3,269.9,6961219,1887692322.65,0.07563730495913958,20.41450860847177
2015-07-24,TATASTEEL,INE081A01012,,269.7,271.65,264.2,265.05,3810280,1021540909.8,0.07563730495913958,20.047667679419945
2015-07-27,TATASTEEL,INE081A01012,,263.0,263.2,250.05,250.75,7648463,1947706551.0,0.07563730495913958,18.966054218504247
2015-07-28,TATASTEEL,INE081A01012,,251.0,252.45,246.4,249.25,5538500,1381541834.45,0.07563730495913958,18.852598261065538
2015-07-29,TATASTEEL,INE081A01012,,251.0,254.65,249.4,250.55,4003496,1006551776.6,0.07563730495913958,18.95092675751242
2015-07-30,TATASTEEL,INE081A01012,,252.9,253.0,247.55,248.15,5169083,1289792097.5,0.07563730495913958,18.769397225610486
2015-07-31,TATASTEEL,INE081A01012,,250.0,252.7,245.0,246.9,8848138,2207844457.5,0.07563730495913958,18.674850594411563
2015-08-03,TATASTEEL,INE081A01012,,246.9,250.8,245.3,247.95,3556212,882530350.4,0.07563730495913958,18.754269764618655
2015-08-04,TATASTEEL,INE081A01012,,249.7,259.75,246.05,256.3,9723318,2452720122.35,0.07563730495913958,19.385841261027473
2015-08-05,TATASTEEL,INE081A01012,,260.0,268.5,259.95,262.3,7979075,2114590318.0,0.07563730495913958,19.83966509078231
2015-08-06,TATASTEEL,INE081A01012,,262.35,265.4,256.25,261.0,6376740,1669122398.95,0.07563730495913958,19.74133659433543
2015-08-07,TATASTEEL,INE081A01012,,261.0,264.55,260.15,262.05,3791638,994803974.75,0.07563730495913958,19.820755764542525
2015-08-10,TATASTEEL,INE081A01012,,262.9,265.0,260.0,261.15,3401136,892959401.8,0.07563730495913958,19.752682190079298
2015-08-11,TATASTEEL,INE081A01012,,259.95,260.0,245.7,246.8,8827248,2220071873.3,0.07563730495913958,18.66728686391565
2015-08-12,TATASTEEL,INE081A01012,,254.4,257.9,246.1,249.05,15172684,3822701281.3,0.07563730495913958,18.837470800073714
2015-08-13,TATASTEEL,INE081A01012,,253.35,253.9,232.3,233.6,13764560,3297936225.85,0.07563730495913958,17.668874438455003
2015-08-14,TATASTEEL,INE081A01012,,234.25,239.2,229.0,237.6,9065329,2128227403.35,0.07563730495913958,17.971423658291563
2015-08-17,TATASTEEL,INE081A01012,,238.5,248.5,234.2,246.75,8524452,2066562017.75,0.07563730495913958,18.66350499866769
2015-08-18,TATASTEEL,INE081A01012,,248.1,254.9,246.6,252.35,9805064,2464163192.75,0.07563730495913958,19.08707390643887
2015-08-19,TATASTEEL,INE081A01012,,250.1,253.35,246.75,249.8,4304085,1077208061.05,0.07563730495913958,18.89419877879307
2015-08-20,TATASTEEL,INE081A01012,,247.7,248.4,240.5,241.55,4626334,1125536509.6,0.07563730495913958,18.270191012880165
2015-08-21,TATASTEEL,INE081A01012,,238.5,238.5,231.5,237.25,5247042,1232535057.3,0.07563730495913958,17.944950601555863
2015-08-24,TATASTEEL,INE081A01012,,229.3,229.3,202.65,206.1,11711489,2557285885.75,0.07563730495913958,15.588848552078666
2015-08-25,TATASTEEL,INE081A01012,,210.0,217.9,200.1,213.45,14206932,2979994202.25,0.07563730495913958,16.144782743528342
2015-08-26,TATASTEEL,INE081A01012,,213.0,219.7,208.95,215.65,8336683,1781912947.7,0.07563730495913958,16.31118481443845
2015-08-27,TATASTEEL,INE081A01012,,220.0,229.8,215.1,226.4,14227129,3156967399.45,0.07563730495913958,17.1242858427492
2015-08-28,TATASTEEL,INE081A01012,,232.6,234.6,223.2,228.95,9387248,2160796754.05,0.07563730495913958,17.317160970395005
2015-08-31,TATASTEEL,INE081A01012,,225.3,228.7,223.65,225.4,5782337,1304712765.8,0.07563730495913958,17.04864853779006
2015-09-01,TATASTEEL,INE081A01012,,222.0,226.25,213.05,216.3,6475249,1425320008.9,0.07563730495913958,16.360349062661893
2015-09-02,TATASTEEL,INE081A01012,,218.9,225.9,210.3,219.5,8909770,1947616262.85,0.07563730495913958,16.602388438531136
2015-09-03,TATASTEEL,INE081A01012,,223.4,232.7,222.1,229.75,7083000,1617293466.0,0.07563730495913958,17.377670814362318
2015-09-04,TATASTEEL,INE081A01012,,228.9,228.9,217.0,218.9,7229850,1591940489.6,0.07563730495913958,16.557006055555654
2015-09-07,TATASTEEL,INE081A01012,,221.25,224.0,215.15,215.85,4933877,1078624206.0,0.07563730495913958,16.326312275430276
2015-09-08,TATASTEEL,INE081A01012,,218.6,233.0,217.3,228.75,8236919,1860346054.45,0.07563730495913958,17.302033509403177
2015-09-09,TATASTEEL,INE081A01012,,236.0,241.8,232.35,239.5,8824007,2100947578.8,0.07563730495913958,18.115134537713928
2015-09-10,TATASTEEL,INE081A01012,,236.35,243.0,231.6,240.2,7252370,1717664862.25,0.07563730495913958,18.168080651185324
2015-09-11,TATASTEEL,INE081A01012,,243.35,243.5,230.9,232.95,5909535,1397658837.1,0.07563730495913958,17.61971019023156
2015-09-14,TATASTEEL,INE081A01012,,234.0,243.25,234.0,241.8,7159139,1717655789.0,0.07563730495913958,18.28910033911995
2015-09-15,TATASTEEL,INE081A01012,,241.75,243.85,228.5,229.15,9148259,2133694122.5,0.07563730495913958,17.332288431386836
2015-09-16,TATASTEEL,INE081A01012,,232.0,233.35,227.1,230.5,7191606,1657474726.85,0.07563730495913958,17.434398793081673
2015-09-18,TATASTEEL,INE081A01012,,234.0,235.4,227.4,228.1,7629706,1763122782.45,0.07563730495913958,17.252869261179736
2015-09-21,TATASTEEL,INE081A01012,,226.3,229.3,223.1,226.45,5374416,1215841965.6,0.07563730495913958,17.128067707997157
2015-09-22,TATASTEEL,INE081A01012,,228.0,228.9,219.2,220.1,5098481,1143603767.2,0.07563730495913958,16.64777082150662
2015-09-23,TATASTEEL,INE081A01012,,214.4,224.05,214.0,221.0,7194580,1570666053.0,0.07563730495913958,16.715844395969846
2015-09-24,TATASTEEL,INE081A01012,,220.0,220.75,214.3,215.15,5634416,1222443922.85,0.07563730495913958,16.27336616195888
2015-09-28,TATASTEEL,INE081A01012,,217.7,218.45,208.5,209.25,5730608,1219823248.45,0.07563730495913958,15.827106062699956
2015-09-29,TATASTEEL,INE081A01012,,205.0,206.7,199.7,201.4,12085656,2451325169.9,0.07563730495913958,15.233353218770711
2015-09-30,TATASTEEL,INE081A01012,,206.9,214.4,205.5,212.6,9291880,1949783595.55,0.07563730495913958,16.080491034313074
2015-10-01,TATASTEEL,INE081A01012,,215.0,215.5,210.25,212.25,4872962,1035010988.4,0.07563730495913958,16.054017977577374
2015-10-05,TATASTEEL,INE081A01012,,214.9,225.8,214.2,225.0,8121342,1794168030.55,0.07563730495913958,17.018393615806403
2015-10-06,TATASTEEL,INE081A01012,,227.7,229.0,223.15,227.5,7359821,1667050520.95,0.07563730495913958,17.207486878204254
2015-10-07,TATASTEEL,INE081A01012,,225.0,237.7,223.6,236.8,9838509,2282984611.35,0.07563730495913958,17.910913814324253
2015-10-08,TATASTEEL,INE081A01012,,237.9,242.7,236.2,240.8,8915502,2137870149.25,0.07563730495913958,18.21346303416081
2015-10-09,TATASTEEL,INE081A01012,,242.4,253.0,242.2,251.1,10520046,2615209384.55,0.07563730495913958,18.992527275239947
2015-10-12,TATASTEEL,INE081A01012,,255.1,261.95,249.8,250.85,10570075,2702528646.8,0.07563730495913958,18.97361794900016
2015-10-13,TATASTEEL,INE081A01012,,248.0,248.65,243.25,245.0,5821295,1427958847.7,0.07563730495913958,18.531139714989195
2015-10-14,TATASTEEL,INE081A01012,,244.0,253.0,243.55,248.35,6290182,1573304247.85,0.07563730495913958,18.784524686602314
2015-10-15,TATASTEEL,INE081A01012,,249.15,257.2,248.05,255.25,7008049,1770327788.0,0.07563730495913958,19.306422090820377
2015-10-16,TATASTEEL,INE081A01012,,255.9,256.7,248.4,252.9,5326586,1343022578.6,0.07563730495913958,19.128674424166398
2015-10-19,TATASTEEL,INE081A01012,,253.1,254.1,246.75,248.4,4478358,1115908962.95,0.07563730495913958,18.788306551850273
2015-10-20,TATASTEEL,INE081A01012,,247.05,248.9,240.0,240.8,5248509,1283715577.5,0.07563730495913958,18.21346303416081
2015-10-21,TATASTEEL,INE081A01012,,241.7,246.45,238.25,244.4,8042203,1959363944.2,0.07563730495913958,18.485757332013712
2015-10-23,TATASTEEL,INE081A01012,,247.4,251.6,244.15,246.0,5005801,1242069097.85,0.07563730495913958,18.606777019948336
2015-10-26,TATASTEEL,INE081A01012,,247.35,251.55,246.25,249.65,4188032,1043404664.8,0.07563730495913958,18.882853183049196
2015-10-27,TATASTEEL,INE081A01012,,248.85,250.3,244.05,245.95,3403655,836956145.75,0.07563730495913958,18.602995154700377
2015-10-28,TATASTEEL,INE081A01012,,244.5,248.5,244.0,247.15,3436974,848763653.2,0.07563730495913958,18.693759920651345
2015-10-29,TATASTEEL,INE081A01012,,246.3,251.45,244.7,247.6,4589032,1140556431.45,0.07563730495913958,18.72779670788296
2015-10-30,TATASTEEL,INE081A01012,,248.4,254.8,245.15,246.6,6173260,1543323887.45,0.07563730495913958,18.652159402923818
2015-11-02,TATASTEEL,INE081A01012,,246.5,246.6,236.3,238.9,4909596,1177012182.45,0.07563730495913958,18.069752154738445
2015-11-03,TATASTEEL,INE081A01012,,241.7,243.0,234.9,235.7,4492769,1071267842.5,0.07563730495913958,17.8277127788692
2015-11-04,TATASTEEL,INE081A01012,,239.15,240.0,233.85,235.4,4861348,1152221746.4,0.07563730495913958,17.805021587381457
2015-11-05,TATASTEEL,INE081A01012,,236.0,236.0,224.3,225.4,8801639,2014544923.95,0.07563730495913958,17.04864853779006
2015-11-06,TATASTEEL,INE081A01012,,218.9,221.85,215.1,220.25,9906366,2165540802.15,0.07563730495913958,16.65911641725049
2015-11-09,TATASTEEL,INE081A01012,,215.0,224.4,212.65,222.25,6272638,1380786314.95,0.07563730495913958,16.81039102716877
2015-11-10,TATASTEEL,INE081A01012,,220.8,222.25,217.15,218.05,4536410,992959072.1,0.07563730495913958,16.492714346340385
2015-11-13,TATASTEEL,INE081A01012,,218.7,223.6,216.6,222.65,4426975,980938521.95,0.07563730495913958,16.840645949152428
2015-11-16,TATASTEEL,INE081A01012,,222.85,231.9,220.2,230.6,6923327,1573446675.6,0.07563730495913958,17.441962523577587
2015-11-17,TATASTEEL,INE081A01012,,231.9,235.75,230.9,234.55,5240948,1224542067.75,0.07563730495913958,17.74072987816619
2015-11-18,TATASTEEL,INE081A01012,,234.1,235.0,225.2,225.85,5283608,1215193835.3,0.07563730495913958,17.08268532502167
2015-11-19,TATASTEEL,INE081A01012,,227.5,229.7,225.6,228.75,3661120,834552802.85,0.07563730495913958,17.302033509403177
2015-11-20,TATASTEEL,INE081A01012,,228.1,232.75,228.1,230.0,3859405,889649815.55,0.07563730495913958,17.3965801406021
2015-11-23,TATASTEEL,INE081A01012,,230.85,230.85,223.1,224.45,4102378,925535560.1,0.07563730495913958,16.976793098078875
2015-11-24,TATASTEEL,INE081A01012,,223.35,226.4,222.5,224.35,4179013,938197484.8,0.07563730495913958,16.96922936758296
2015-11-26,TATASTEEL,INE081A01012,,225.5,230.0,224.2,227.9,4588073,1044554358.5,0.07563730495913958,17.23774180018791
2015-11-27,TATASTEEL,INE081A01012,,227.9,235.0,227.55,231.25,5393087,1252128375.4,0.07563730495913958,17.491126771801028
2015-11-30,TATASTEEL,INE081A01012,,232.4,234.4,228.8,229.6,4556796,1052281087.85,0.07563730495913958,17.366325218618446
2015-12-01,TATASTEEL,INE081A01012,,230.8,238.5,230.3,237.55,6586598,1557579406.3,0.07563730495913958,17.967641793043608
2015-12-02,TATASTEEL,INE081A01012,,239.95,245.9,238.1,243.85,8858386,2148675332.95,0.07563730495913958,18.444156814286185
2015-12-03,TATASTEEL,INE081A01012,,240.15,243.5,236.8,240.15,7107867,1704673578.65,0.07563730495913958,18.16429878593737
2015-12-04,TATASTEEL,INE081A01012,,238.05,244.25,237.1,240.25,5538118,1336724667.5,0.07563730495913958,18.171862516433283
2015-12-07,TATASTEEL,INE081A01012,,244.8,247.5,242.45,243.55,4936426,1205860185.2,0.07563730495913958,18.421465622798443
2015-12-08,TATASTEEL,INE081A01012,,242.05,243.05,233.5,234.75,4545921,1083118418.0,0.07563730495913958,17.755857339158016
2015-12-09,TATASTEEL,INE081A01012,,234.0,235.85,224.9,226.85,4727674,1084750525.35,0.07563730495913958,17.158322629980812
2015-12-10,TATASTEEL,INE081A01012,,227.25,234.75,226.5,233.0,4804837,1104491263.35,0.07563730495913958,17.62349205547952
2015-12-11,TATASTEEL,INE081A01012,,235.1,243.9,235.1,240.9,11922435,2869371465.05,0.07563730495913958,18.221026764656724
2015-12-14,TATASTEEL,INE081A01012,,239.0,248.9,238.45,245.0,11314471,2766482967.95,0.07563730495913958,18.531139714989195
2015-12-15,TATASTEEL,INE081A01012,,247.0,247.25,241.25,244.35,5218812,1272468565.45,0.07563730495913958,18.481975466765753
2015-12-16,TATASTEEL,INE081A01012,,246.55,248.6,242.1,244.7,5759897,1412685002.3,0.07563730495913958,18.508448523501453
2015-12-17,TATASTEEL,INE081A01012,,246.9,257.95,246.05,257.1,12112293,3061075520.55,0.07563730495913958,19.446351104994786
2015-12-18,TATASTEEL,INE081A01012,,256.5,257.95,254.0,255.65,6944209,1775055606.1,0.07563730495913958,19.33667701280403
2015-12-21,TATASTEEL,INE081A01012,,255.5,261.4,254.65,258.45,6195237,1605237666.1,0.07563730495913958,19.548461466689623
2015-12-22,TATASTEEL,INE081A01012,,259.0,261.8,256.55,257.4,4544256,1178490603.9,0.07563730495913958,19.469042296482524
2015-12-23,TATASTEEL,INE081A01012,,262.25,266.4,262.25,264.45,7702901,2039779112.95,0.07563730495913958,20.00228529644446
2015-12-24,TATASTEEL,INE081A01012,,266.0,266.0,260.6,263.35,3843796,1009580777.15,0.07563730495913958,19.919084260989408
2015-12-28,TATASTEEL,INE081A01012,,263.95,264.3,253.0,254.1,5317617,1364658271.1,0.07563730495913958,19.219439190117367
2015-12-29,TATASTEEL,INE081A01012,,255.8,257.15,253.35,255.3,3800523,970489216.35,0.07563730495913958,19.310203956068335
2015-12-30,TATASTEEL,INE081A01012,,256.4,261.8,255.1,258.7,6812728,1763124971.8,0.07563730495913958,19.567370792929406
2015-12-31,TATASTEEL,INE081A01012,,260.0,260.8,256.95,259.8,4446690,1151471265.0,0.07563730495913958,19.650571828384464
2016-01-01,TATASTEEL,INE081A01012,,259.0,259.9,253.4,257.4,3151567,808438863.35,0.07563730495913958,19.469042296482524
2016-01-04,TATASTEEL,INE081A01012,,255.0,263.2,253.1,256.9,6981400,1801707718.45,0.07563730495913958,19.431223644002955
2016-01-05,TATASTEEL,INE081A01012,,257.55,276.4,257.55,274.3,15008921,4053014352.85,0.07563730495913958,20.747312750291986
2016-01-06,TATASTEEL,INE081A01012,,272.8,274.6,266.0,268.75,7454725,2014228010.55,0.07563730495913958,20.32752570776876
2016-01-07,TATASTEEL,INE081A01012,,263.0,263.3,248.2,249.9,9503720,2424659625.55,0.07563730495913958,18.90176250928898
2016-01-08,TATASTEEL,INE081A01012,,252.0,256.3,249.05,253.6,6299465,1594859684.7,0.07563730495913958,19.181620537637794
2016-01-11,TATASTEEL,INE081A01012,,247.0,253.35,244.25,251.65,6085363,1515429991.3,0.07563730495913958,19.034127792967475
2016-01-12,TATASTEEL,INE081A01012,,253.05,255.3,243.15,245.75,5425352,1348556202.1,0.07563730495913958,18.58786769370855
2016-01-13,TATASTEEL,INE081A01012,,248.5,251.8,237.0,246.6,7482478,1831684848.4,0.07563730495913958,18.652159402923818
2016-01-14,TATASTEEL,INE081A01012,,235.0,242.55,231.5,238.75,8884802,2110490501.85,0.07563730495913958,18.058406558994573
2016-01-15,TATASTEEL,INE081A01012,,242.5,243.0,228.1,229.7,5991645,1410686433.4,0.07563730495913958,17.37388894911436
2016-01-18,TATASTEEL,INE081A01012,,229.8,244.0,225.2,235.9,8417421,1980729415.1,0.07563730495913958,17.842840239861026
2016-01-19,TATASTEEL,INE081A01012,,237.55,240.95,231.25,238.0,6304102,1490706486.4,0.07563730495913958,18.001678580275218
2016-01-20,TATASTEEL,INE081A01012,,232.8,234.0,226.5,232.0,5486812,1265317390.65,0.07563730495913958,17.547854750520383
2016-01-21,TATASTEEL,INE081A01012,,234.7,239.35,231.25,235.6,6245316,1471457916.75,0.07563730495913958,17.820149048373285
2016-01-22,TATASTEEL,INE081A01012,,238.3,250.8,237.65,247.8,6510761,1595326323.55,0.07563730495913958,18.742924168874787
2016-01-25,TATASTEEL,INE081A01012,,249.0,256.4,248.8,254.9,5576543,1414327939.4,0.07563730495913958,19.279949034084677
2016-01-27,TATASTEEL,INE081A01012,,255.0,259.9,253.4,257.6,6235665,1601344467.8,0.07563730495913958,19.484169757474355
2016-01-28,TATASTEEL,INE081A01012,,257.0,258.45,252.4,254.2,6016704,1533945497.75,0.07563730495913958,19.22700292061328
2016-01-29,TATASTEEL,INE081A01012,,254.65,258.8,247.45,249.7,6747965,1706639761.65,0.07563730495913958,18.88663504829715
2016-02-01,TATASTEEL,INE081A01012,,248.9,254.95,246.5,249.3,4420717,1110589432.1,0.07563730495913958,18.856380126313496
2016-02-02,TATASTEEL,INE081A01012,,250.25,251.0,230.1,231.45,8388473,1994960282.35,0.07563730495913958,17.506254232792855
2016-02-03,TATASTEEL,INE081A01012,,227.9,233.9,221.45,224.0,7791522,1777430936.9,0.07563730495913958,16.942756310847265
2016-02-04,TATASTEEL,INE081A01012,,224.4,228.6,219.0,225.95,11709422,2609070139.65,0.07563730495913958,17.090249055517585
2016-02-05,TATASTEEL,INE081A01012,,216.0,238.3,216.0,233.85,25803399,5824304617.15,0.07563730495913958,17.68778376469479
2016-02-08,TATASTEEL,INE081A01012,,238.6,243.95,232.05,234.1,10332441,2449919864.2,0.07563730495913958,17.706693090934575
2016-02-09,TATASTEEL,INE081A01012,,230.9,237.3,230.1,235.5,7562851,1771497033.9,0.07563730495913958,17.81258531787737
2016-02-10,TATASTEEL,INE081A01012,,234.85,237.75,227.1,235.7,7616029,1769462491.8,0.07563730495913958,17.8277127788692
2016-02-11,TATASTEEL,INE081A01012,,235.95,237.3,220.85,224.5,6151670,1407157877.85,0.07563730495913958,16.980574963326834
2016-02-12,TATASTEEL,INE081A01012,,226.0,229.35,211.15,217.5,9373751,2035635064.95,0.07563730495913958,16.451113828612858
2016-02-15,TATASTEEL,INE081A01012,,222.0,248.0,222.0,246.7,13602332,3281303844.45,0.07563730495913958,18.65972313341973
2016-02-16,TATASTEEL,INE081A01012,,249.6,251.6,243.15,244.85,9146831,2254245685.8,0.07563730495913958,18.519794119245326
2016-02-17,TATASTEEL,INE081A01012,,245.0,252.9,238.0,251.25,8295421,2028310954.15,0.07563730495913958,19.00387287098382
2016-02-18,TATASTEEL,INE081A01012,,255.0,256.5,243.2,250.85,9459329,2376603321.25,0.07563730495913958,18.97361794900016
2016-02-19,TATASTEEL,INE081A01012,,248.5,254.45,246.85,253.25,6770618,1702818716.25,0.07563730495913958,19.155147480902098
2016-02-22,TATASTEEL,INE081A01012,,253.6,257.5,251.7,255.25,4810335,1225534852.8,0.07563730495913958,19.306422090820377
2016-02-23,TATASTEEL,INE081A01012,,255.8,261.6,252.1,253.55,8452358,2172012746.6,0.07563730495913958,19.17783867238984
2016-02-24,TATASTEEL,INE081A01012,,250.6,253.75,246.95,247.9,4743823,1190334120.75,0.07563730495913958,18.7504878993707
2016-02-25,TATASTEEL,INE081A01012,,247.1,249.85,244.6,248.15,5588168,1382322361.45,0.07563730495913958,18.769397225610486
2016-02-26,TATASTEEL,INE081A01012,,249.5,251.7,243.15,248.45,5336837,1320411137.9,0.07563730495913958,18.792088417098228
2016-02-29,TATASTEEL,INE081A01012,,246.9,263.65,245.1,249.1,9850435,2506639666.5,0.07563730495913958,18.84125266532167
2016-03-01,TATASTEEL,INE081A01012,,250.0,258.15,246.55,257.05,7111226,1796786589.6,0.07563730495913958,19.442569239746827
2016-03-02,TATASTEEL,INE081A01012,,260.0,269.5,259.5,267.55,7645620,2030199032.05,0.07563730495913958,20.236760941817796
2016-03-03,TATASTEEL,INE081A01012,,273.0,289.0,272.1,287.05,17533077,4924746453.05,0.07563730495913958,21.711688388521015
2016-03-04,TATASTEEL,INE081A01012,,289.0,291.2,284.5,288.55,9170166,2639435842.5,0.07563730495913958,21.825144345959725
2016-03-08,TATASTEEL,INE081A01012,,287.8,296.7,287.0,291.8,9281598,2722430801.35,0.07563730495913958,22.07096558707693
2016-03-09,TATASTEEL,INE081A01012,,283.5,296.5,281.3,295.4,10158431,2922874682.2,0.07563730495913958,22.34325988492983
2016-03-10,TATASTEEL,INE081A01012,,296.3,301.25,293.3,296.7,8556968,2545719635.3,0.07563730495913958,22.44158838137671
2016-03-11,TATASTEEL,INE081A01012,,296.0,298.2,290.35,294.05,7633668,2245363797.55,0.07563730495913958,22.24114952323499
2016-03-14,TATASTEEL,INE081A01012,,295.95,300.25,295.25,296.7,4445317,1320618120.7,0.07563730495913958,22.44158838137671
2016-03-15,TATASTEEL,INE081A01012,,297.0,302.0,294.1,300.45,6978051,2085407227.35,0.07563730495913958,22.725228274973485
2016-03-16,TATASTEEL,INE081A01012,,300.0,302.75,294.2,299.5,7039372,2099970769.95,0.07563730495913958,22.653372835262303
2016-03-17,TATASTEEL,INE081A01012,,304.5,305.65,294.9,295.9,8005526,2411547911.5,0.07563730495913958,22.381078537409397
2016-03-18,TATASTEEL,INE081A01012,,299.7,302.75,296.95,302.2,7314488,2196656872.2,0.07563730495913958,22.857593558651978
2016-03-21,TATASTEEL,INE081A01012,,302.0,305.95,300.65,303.55,5651710,1715971865.05,0.07563730495913958,22.95970392034682
2016-03-22,TATASTEEL,INE081A01012,,303.1,311.8,301.35,309.8,6579069,2012769437.45,0.07563730495913958,23.43243707634144
2016-03-23,TATASTEEL,INE081A01012,,311.8,317.9,310.55,317.2,6377772,2002304608.55,0.07563730495913958,23.99215313303907
2016-03-28,TATASTEEL,INE081A01012,,318.4,318.4,297.4,299.15,9069782,2771603065.15,0.07563730495913958,22.626899778526603
2016-03-29,TATASTEEL,INE081A01012,,300.0,307.75,300.0,303.85,5937162,1808824237.55,0.07563730495913958,22.982395111834563
2016-03-30,TATASTEEL,INE081A01012,,309.45,325.75,305.3,324.3,12438899,3947632766.9,0.07563730495913958,24.529177998248965
2016-03-31,TATASTEEL,INE081A01012,,324.9,324.9,314.4,319.7,13349925,4271891827.9,0.07563730495913958,24.181246395436922
2016-04-01,TATASTEEL,INE081A01012,,317.65,319.85,313.35,317.75,5570019,1762290018.85,0.07563730495913958,24.0337536507666
2016-04-04,TATASTEEL,INE081A01012,,315.8,323.1,314.7,320.35,5167920,1656598714.3,0.07563730495913958,24.230410643660363
2016-04-05,TATASTEEL,INE081A01012,,316.95,319.4,308.3,312.3,5723253,1796568295.3,0.07563730495913958,23.62153033873929
2016-04-06,TATASTEEL,INE081A01012,,315.0,332.0,313.55,328.55,14591057,4747928982.7,0.07563730495913958,24.850636544325308
2016-04-07,TATASTEEL,INE081A01012,,329.9,332.75,322.1,323.7,8609454,2817992490.55,0.07563730495913958,24.48379561527348
2016-04-08,TATASTEEL,INE081A01012,,323.05,324.8,319.05,322.1,6080953,1958986518.05,0.07563730495913958,24.36277592733886
2016-04-11,TATASTEEL,INE081A01012,,322.0,333.3,320.05,331.15,9014830,2950962082.4,0.07563730495913958,25.04729353721907
2016-04-12,TATASTEEL,INE081A01012,,323.9,330.9,318.0,324.5,11110285,3620734110.6,0.07563730495913958,24.544305459240793
2016-04-13,TATASTEEL,INE081A01012,,327.5,336.2,326.0,332.85,10284415,3411250923.95,0.07563730495913958,25.17587695564961
2016-04-18,TATASTEEL,INE081A01012,,331.9,337.25,327.65,335.55,7192987,2397908188.8,0.07563730495913958,25.380097679039284
2016-04-20,TATASTEEL,INE081A01012,,337.95,359.3,337.7,357.45,18382196,6476136082.25,0.07563730495913958,27.03655465764444
2016-04-21,TATASTEEL,INE081A01012,,358.8,364.05,353.1,354.55,10350647,3696577071.95,0.07563730495913958,26.81720647326294
2016-04-22,TATASTEEL,INE081A01012,,358.0,363.75,352.3,353.65,12095871,4332015716.5,0.07563730495913958,26.749132898799708
2016-04-25,TATASTEEL,INE081A01012,,352.5,353.7,344.55,347.45,6159623,2139686008.1,0.07563730495913958,26.280181608053045
2016-04-26,TATASTEEL,INE081A01012,,347.15,360.6,347.1,358.6,8345302,2966756646.5,0.07563730495913958,27.123537558347454
2016-04-27,TATASTEEL,INE081A01012,,358.9,362.4,354.15,356.75,6027540,2154575065.3,0.07563730495913958,26.983608544173045
2016-04-28,TATASTEEL,INE081A01012,,357.0,362.0,346.15,347.6,10079174,3564318696.35,0.07563730495913958,26.291527203796917
2016-04-29,TATASTEEL,INE081A01012,,347.7,353.9,342.7,351.1,7804551,2724997780.9,0.07563730495913958,26.556257771153906
2016-05-02,TATASTEEL,INE081A01012,,349.0,351.0,344.4,346.95,4181306,1455043272.5,0.07563730495913958,26.242362955573476
2016-05-03,TATASTEEL,INE081A01012,,348.75,355.65,347.0,348.9,6374681,2238617348.2,0.07563730495913958,26.389855700243796
2016-05-04,TATASTEEL,INE081A01012,,346.0,347.25,327.4,328.75,7957557,2663171132.45,0.07563730495913958,24.865764005317136
2016-05-05,TATASTEEL,INE081A01012,,329.0,334.8,324.15,331.8,8335949,2745151869.0,0.07563730495913958,25.096457785442514
2016-05-06,TATASTEEL,INE081A01012,,330.0,331.5,325.1,329.3,5362816,1762350131.6,0.07563730495913958,24.907364523044663
2016-05-09,TATASTEEL,INE081A01012,,330.0,334.95,327.2,328.7,4658395,1539692021.85,0.07563730495913958,24.861982140069177
2016-05-10,TATASTEEL,INE081A01012,,330.9,337.25,325.15,328.05,10750089,3553592019.05,0.07563730495913958,24.81281789184574
2016-05-11,TATASTEEL,INE081A01012,,319.9,332.0,319.15,329.8,5687705,1868963483.4,0.07563730495913958,24.94518317552423
2016-05-12,TATASTEEL,INE081A01012,,331.25,332.2,326.6,330.6,4706634,1550914476.2,0.07563730495913958,25.005693019491545
2016-05-13,TATASTEEL,INE081A01012,,327.0,329.35,321.2,322.65,5602557,1816717241.95,0.07563730495913958,24.404376445066383
2016-05-16,TATASTEEL,INE081A01012,,323.05,327.25,319.4,326.4,3930807,1272810512.15,0.07563730495913958,24.688016338663157
2016-05-17,TATASTEEL,INE081A01012,,328.8,331.15,324.4,327.15,4879761,1598659411.9,0.07563730495913958,24.744744317382512
2016-05-18,TATASTEEL,INE081A01012,,325.7,330.2,323.15,329.05,3759529,1228957252.25,0.07563730495913958,24.888455196804877
2016-05-19,TATASTEEL,INE081A01012,,326.5,337.4,325.0,326.25,6510727,2161732102.1,0.07563730495913958,24.676670742919285
2016-05-20,TATASTEEL,INE081A01012,,326.2,327.1,321.1,322.65,4611092,1492788491.2,0.07563730495913958,24.404376445066383
2016-05-23,TATASTEEL,INE081A01012,,324.7,325.75,312.5,313.55,6397200,2031350076.1,0.07563730495913958,23.716076969938214
2016-05-24,TATASTEEL,INE081A01012,,313.45,318.45,311.25,317.7,5022884,1582440745.8,0.07563730495913958,24.029971785518644
2016-05-25,TATASTEEL,INE081A01012,,320.0,326.5,318.15,324.6,5523886,1780800296.8,0.07563730495913958,24.551869189736706
2016-05-26,TATASTEEL,INE081A01012,,320.0,329.35,320.0,325.2,12892426,4180699277.25,0.07563730495913958,24.59725157271219
2016-05-27,TATASTEEL,INE081A01012,,326.0,332.0,324.55,329.6,4404479,1444456592.1,0.07563730495913958,24.930055714532404
2016-05-30,TATASTEEL,INE081A01012,,332.05,334.6,321.45,322.35,6618099,2158334761.35,0.07563730495913958,24.381685253578645
2016-05-31,TATASTEEL,INE081A01012,,324.5,337.5,320.25,334.35,10042011,3321824551.3,0.07563730495913958,25.28933291308832
2016-06-01,TATASTEEL,INE081A01012,,335.9,339.6,329.4,332.15,6483031,2173119501.05,0.07563730495913958,25.12293084217821
2016-06-02,TATASTEEL,INE081A01012,,332.0,341.9,330.35,340.65,5572983,1878174020.85,0.07563730495913958,25.765847934330896
2016-06-03,TATASTEEL,INE081A01012,,344.0,348.3,336.4,338.55,8832388,3021418728.4,0.07563730495913958,25.607009593916704
2016-06-06,TATASTEEL,INE081A01012,,335.0,340.7,332.15,337.85,4969784,1674766167.3,0.07563730495913958,25.554063480445308
2016-06-07,TATASTEEL,INE081A01012,,339.55,343.85,337.05,342.6,3898620,1329786431.95,0.07563730495913958,25.91334067900122
2016-06-08,TATASTEEL,INE081A01012,,343.25,346.45,338.5,341.5,4466650,1528362012.95,0.07563730495913958,25.830139643546165
2016-06-09,TATASTEEL,INE081A01012,,340.0,346.7,340.0,342.05,5935910,2039511410.4,0.07563730495913958,25.871740161273692
2016-06-10,TATASTEEL,INE081A01012,,342.0,344.5,333.5,334.4,5506426,1866616791.4,0.07563730495913958,25.29311477833627
2016-06-13,TATASTEEL,INE081A01012,,328.3,329.95,321.0,323.1,6576686,2130416768.4,0.07563730495913958,24.438413232298
2016-06-14,TATASTEEL,INE081A01012,,325.0,327.45,321.3,324.95,4008566,1300800413.55,0.07563730495913958,24.578342246472403
2016-06-15,TATASTEEL,INE081A01012,,326.1,331.5,323.8,330.25,4134184,1354431084.25,0.07563730495913958,24.979219962755845
2016-06-16,TATASTEEL,INE081A01012,,329.5,333.5,324.1,330.5,6490905,2136670702.9,0.07563730495913958,24.99812928899563
2016-06-17,TATASTEEL,INE081A01012,,333.0,333.5,323.8,325.45,5702881,1862360906.3,0.07563730495913958,24.616160898951975
2016-06-20,TATASTEEL,INE081A01012,,324.4,336.95,322.8,336.25,6200742,2057022734.15,0.07563730495913958,25.43304379251068
2016-06-21,TATASTEEL,INE081A01012,,336.0,337.7,332.75,334.05,3490952,1168852334.55,0.07563730495913958,25.266641721600575
2016-06-22,TATASTEEL,INE081A01012,,334.0,334.0,327.05,332.45,4627091,1530753964.85,0.07563730495913958,25.14562203366595
2016-06-23,TATASTEEL,INE081A01012,,331.5,335.95,327.6,333.95,4684494,1552374208.75,0.07563730495913958,25.25907799110466
2016-06-24,TATASTEEL,INE081A01012,,307.1,316.4,296.3,312.65,14410710,4439066874.75,0.07563730495913958,23.648003395474987
2016-06-27,TATASTEEL,INE081A01012,,309.75,312.55,307.5,310.5,6579079,2041837687.9,0.07563730495913958,23.48538318981284
2016-06-28,TATASTEEL,INE081A01012,,311.45,314.4,307.0,311.5,7926086,2466122631.6,0.07563730495913958,23.561020494771977
2016-06-29,TATASTEEL,INE081A01012,,314.0,317.0,312.6,313.6,5616012,1768703772.2,0.07563730495913958,23.719858835186173
2016-06-30,TATASTEEL,INE081A01012,,315.7,324.25,315.2,321.95,6392234,2041590186.65,0.07563730495913958,24.351430331594987
2016-07-01,TATASTEEL,INE081A01012,,326.5,330.9,326.4,328.1,4994251,1642636604.85,0.07563730495913958,24.816599757093698
2016-07-04,TATASTEEL,INE081A01012,,328.7,333.9,327.95,331.25,3232796,1071644833.4,0.07563730495913958,25.054857267714983
2016-07-05,TATASTEEL,INE081A01012,,332.5,337.4,330.25,333.65,3943390,1316836154.55,0.07563730495913958,25.236386799616916
2016-07-07,TATASTEEL,INE081A01012,,334.2,337.25,316.3,317.7,10126780,3271858224.8,0.07563730495913958,24.029971785518644
2016-07-08,TATASTEEL,INE081A01012,,314.95,319.4,312.1,318.35,7764479,2458850147.75,0.07563730495913958,24.079136033742085
2016-07-11,TATASTEEL,INE081A01012,,325.0,329.7,319.65,327.0,7692459,2502255581.95,0.07563730495913958,24.73339872163864
2016-07-12,TATASTEEL,INE081A01012,,329.95,343.85,329.0,342.3,9886586,3324885235.1,0.07563730495913958,25.89064948751348
2016-07-13,TATASTEEL,INE081A01012,,344.7,358.65,344.3,357.75,13345822,4711988292.1,0.07563730495913958,27.059245849132182
2016-07-14,TATASTEEL,INE081A01012,,358.8,361.35,353.35,359.3,7970875,2855408470.45,0.07563730495913958,27.17648367181885
2016-07-15,TATASTEEL,INE081A01012,,359.3,374.4,356.75,372.9,13431169,4960458692.2,0.07563730495913958,28.205151019263145
2016-07-18,TATASTEEL,INE081A01012,,373.45,379.4,363.5,365.65,7697416,2873584846.0,0.07563730495913958,27.656780558309386
2016-07-19,TATASTEEL,INE081A01012,,367.95,371.65,362.35,370.25,8246048,3033766587.2,0.07563730495913958,28.00471216112143
2016-07-20,TATASTEEL,INE081A01012,,372.2,373.0,366.4,368.45,5907217,2181247774.15,0.07563730495913958,27.868565012194974
2016-07-21,TATASTEEL,INE081A01012,,370.0,370.0,361.1,362.3,5343359,1950639016.55,0.07563730495913958,27.40339558669627
2016-07-22,TATASTEEL,INE081A01012,,362.3,368.9,356.45,365.45,7372910,2677670770.45,0.07563730495913958,27.64165309731756
2016-07-25,TATASTEEL,INE081A01012,,365.0,367.8,362.15,363.65,5676435,2067452280.8,0.07563730495913958,27.505505948391104
2016-07-26,TATASTEEL,INE081A01012,,363.9,375.0,363.05,367.8,7798763,2895068074.2,0.07563730495913958,27.819400763971537
2016-07-27,TATASTEEL,INE081A01012,,368.9,370.5,354.1,363.05,10359001,3745436365.3,0.07563730495913958,27.460123565415625
2016-07-28,TATASTEEL,INE081A01012,,358.0,359.2,348.65,349.85,10526709,3716837787.8,0.07734156756911878,27.05794741405621
2016-07-29,TATASTEEL,INE081A01012,,351.05,359.0,351.05,355.05,8349227,2971069605.15,0.07734156756911878,27.460123565415625
2016-08-01,TATASTEEL,INE081A01012,,356.15,366.6,354.25,364.85,10082335,3648513773.35,0.07734156756911878,28.21807092759299
2016-08-02,TATASTEEL,INE081A01012,,366.45,370.7,360.1,361.85,8108008,2965723036.95,0.07734156756911878,27.986046224885634
2016-08-03,TATASTEEL,INE081A01012,,364.65,366.45,354.9,358.05,5746762,2070188879.1,0.07734156756911878,27.69214826812298
2016-08-04,TATASTEEL,INE081A01012,,360.4,374.9,357.4,373.8,9639368,3553798330.75,0.07734156756911878,28.9102779573366
2016-08-05,TATASTEEL,INE081A01012,,378.0,383.0,376.5,381.7,9117890,3466751578.2,0.07734156756911878,29.521276341132637
2016-08-08,TATASTEEL,INE081A01012,,382.4,384.5,376.25,379.55,6662412,2532846910.35,0.07734156756911878,29.354991970859032
2016-08-09,TATASTEEL,INE081A01012,,379.0,382.45,373.6,375.35,5618546,2121951663.8,0.07734156756911878,29.030157387068737
2016-08-10,TATASTEEL,INE081A01012,,377.9,379.4,368.15,370.3,4594009,1711727531.35,0.07734156756911878,28.639582470844687
2016-08-11,TATASTEEL,INE081A01012,,370.3,373.6,361.5,368.35,4419528,1626777419.15,0.07734156756911878,28.488766414084903
2016-08-12,TATASTEEL,INE081A01012,,370.0,378.35,369.35,374.75,4411019,1654487188.95,0.07734156756911878,28.983752446527262
2016-08-16,TATASTEEL,INE081A01012,,375.0,381.0,373.05,379.15,6104127,2303512954.2,0.07734156756911878,29.324055343831382
2016-08-17,TATASTEEL,INE081A01012,,379.95,392.95,379.95,391.85,9353131,3627357228.7,0.07734156756911878,30.306293251959197
2016-08-18,TATASTEEL,INE081A01012,,392.5,393.9,385.1,387.2,5920398,2300864547.25,0.07734156756911878,29.94665496276279
2016-08-19,TATASTEEL,INE081A01012,,389.15,394.65,383.5,392.15,8947214,3485212991.15,0.07734156756911878,30.32949572222993
2016-08-22,TATASTEEL,INE081A01012,,391.5,391.5,384.5,388.15,5563430,2156131368.15,0.07734156756911878,30.02012945195345
2016-08-23,TATASTEEL,INE081A01012,,387.95,391.0,378.15,385.15,6720835,2592890336.9,0.07734156756911878,29.788104749246095
2016-08-24,TATASTEEL,INE081A01012,,385.6,387.3,378.75,379.95,4261868,1627967766.3,0.07734156756911878,29.38592859788668
2016-08-25,TATASTEEL,INE081A01012,,381.7,382.3,370.5,372.3,4773691,1799393833.2,0.07734156756911878,28.794265605982922
2016-08-26,TATASTEEL,INE081A01012,,375.0,375.95,367.3,369.45,4311789,1598046061.6,0.07734156756911878,28.57384213841093
2016-08-29,TATASTEEL,INE081A01012,,368.9,375.45,367.75,373.75,3718240,1387310232.9,0.07734156756911878,28.906410878958145
2016-08-30,TATASTEEL,INE081A01012,,375.35,379.5,375.0,377.75,3804436,1436594140.55,0.07734156756911878,29.21577714923462
2016-08-31,TATASTEEL,INE081A01012,,378.0,381.35,368.8,370.1,4530361,1696370774.25,0.07734156756911878,28.62411415733086
2016-09-01,TATASTEEL,INE081A01012,,371.3,377.7,369.5,374.6,4453409,1665176316.75,0.07734156756911878,28.972151211391896
2016-09-02,TATASTEEL,INE081A01012,,375.95,376.2,370.4,374.2,2824297,1053851415.2,0.07734156756911878,28.941214584364246
2016-09-06,TATASTEEL,INE081A01012,,375.0,386.75,374.4,385.75,5828507,2231192318.45,0.07734156756911878,29.83450968978757
2016-09-07,TATASTEEL,INE081A01012,,387.1,394.15,386.6,389.95,6965026,2722303804.85,0.07734156756911878,30.15934427357787
2016-09-08,TATASTEEL,INE081A01012,,390.25,408.6,390.25,403.0,11234744,4526130228.6,0.07734156756911878,31.168651730354867
2016-09-09,TATASTEEL,INE081A01012,,404.9,406.9,393.25,394.6,5962851,2375144856.85,0.07734156756911878,30.518982562774273
2016-09-12,TATASTEEL,INE081A01012,,385.0,385.9,370.6,373.3,6717365,2543387330.75,0.07734156756911878,28.871607173552043
2016-09-14,TATASTEEL,INE081A01012,,370.0,378.0,363.15,373.9,11105369,4110079120.8,0.07734156756911878,28.91801211409351
2016-09-15,TATASTEEL,INE081A01012,,374.0,375.1,363.75,366.4,4875040,1792925125.05,0.07734156756911878,28.33795035732512
2016-09-16,TATASTEEL,INE081A01012,,369.5,371.9,357.6,358.85,6075750,2216214210.55,0.07734156756911878,27.754021522178277
2016-09-19,TATASTEEL,INE081A01012,,360.0,363.95,355.3,361.65,5121611,1848714655.95,0.07734156756911878,27.970577911371805
2016-09-20,TATASTEEL,INE081A01012,,364.3,370.0,359.25,365.6,5697810,2080702461.05,0.07734156756911878,28.276077103269827
2016-09-21,TATASTEEL,INE081A01012,,365.3,372.5,365.3,369.8,6868967,2540257835.1,0.07734156756911878,28.600911687060126
2016-09-22,TATASTEEL,INE081A01012,,377.7,379.8,372.8,377.25,6669414,2509204550.9,0.07734156756911878,29.177106365450058
2016-09-23,TATASTEEL,INE081A01012,,377.35,378.4,371.0,372.0,4461871,1673105779.9,0.07734156756911878,28.771063135712186
2016-09-26,TATASTEEL,INE081A01012,,371.35,376.55,368.4,369.75,4351638,1621699583.65,0.07734156756911878,28.597044608681667
2016-09-27,TATASTEEL,INE081A01012,,372.6,374.6,366.6,367.95,4403977,1628631334.7,0.07734156756911878,28.457829787057253
2016-09-28,TATASTEEL,INE081A01012,,368.25,382.2,368.25,380.35,6338968,2377613323.5,0.07734156756911878,29.41686522491433
2016-09-29,TATASTEEL,INE081A01012,,383.35,383.85,365.0,368.8,13361086,4978466313.7,0.07734156756911878,28.52357011949101
2016-09-30,TATASTEEL,INE081A01012,,367.85,377.45,363.3,374.25,5506157,2038742400.75,0.07734156756911878,28.9450816627427
2016-10-03,TATASTEEL,INE081A01012,,376.9,384.8,376.3,382.85,4480810,1710457973.25,0.07734156756911878,29.610219143837128
2016-10-04,TATASTEEL,INE081A01012,,386.0,393.0,382.4,391.15,8523432,3309502808.9,0.07734156756911878,30.252154154660808
2016-10-05,TATASTEEL,INE081A01012,,395.2,396.5,389.0,390.7,5154852,2023818025.25,0.07734156756911878,30.217350449254706
2016-10-06,TATASTEEL,INE081A01012,,392.8,395.85,386.55,389.85,7730432,3021784549.8,0.07734156756911878,30.151610116820958
2016-10-07,TATASTEEL,INE081A01012,,392.9,407.6,390.2,406.55,11610384,4652580115.35,0.07734156756911878,31.44321429522524
2016-10-10,TATASTEEL,INE081A01012,,409.9,420.7,409.0,418.4,11642373,4851727676.3,0.07734156756911878,32.3597118709193
2016-10-13,TATASTEEL,INE081A01012,,414.0,420.4,408.8,413.8,11106052,4601058833.75,0.07734156756911878,32.00394066010135
2016-10-14,TATASTEEL,INE081A01012,,416.0,417.5,409.5,412.3,5275390,2178223939.35,0.07734156756911878,31.887928308747675
2016-10-17,TATASTEEL,INE081A01012,,412.2,415.8,407.6,410.8,6712935,2765076999.05,0.07734156756911878,31.771915957393997
2016-10-18,TATASTEEL,INE081A01012,,414.4,426.5,412.1,424.95,7584884,3199102023.05,0.07734156756911878,32.86629913849703
2016-10-19,TATASTEEL,INE081A01012,,426.0,427.75,421.2,426.0,4973722,2114403842.6,0.07734156756911878,32.9475077844446
2016-10-20,TATASTEEL,INE081A01012,,427.75,431.9,425.25,428.55,5062646,2172678520.7,0.07734156756911878,33.144728781745854
2016-10-21,TATASTEEL,INE081A01012,,427.0,428.45,421.7,427.2,4124680,1753851113.75,0.07734156756911878,33.04031766552754
2016-10-24,TATASTEEL,INE081A01012,,427.45,431.4,425.0,426.05,2881988,1232419585.6,0.07734156756911878,32.95137486282306
2016-10-25,TATASTEEL,INE081A01012,,410.0,419.2,408.35,415.25,8696996,3610305561.55,0.07734156756911878,32.116085933076576
2016-10-26,TATASTEEL,INE081A01012,,414.35,418.8,390.9,398.6,8302477,3397995804.25,0.07734156756911878,30.828348833050747
2016-10-27,TATASTEEL,INE081A01012,,388.0,400.0,383.35,397.15,13709731,5397717215.05,0.07734156756911878,30.71620356007552
2016-10-28,TATASTEEL,INE081A01012,,398.75,406.5,397.35,405.45,6788166,2734961340.1,0.07734156756911878,31.358138570899207
2016-11-01,TATASTEEL,INE081A01012,,404.85,423.95,401.1,417.7,9473737,3938047685.55,0.07734156756911878,32.305572773620916
2016-11-02,TATASTEEL,INE081A01012,,406.0,416.4,406.0,413.35,7410152,3053167413.45,0.07734156756911878,31.969136954695248
2016-11-03,TATASTEEL,INE081A01012,,411.0,419.7,398.65,403.3,8494155,3465659041.7,0.07734156756911878,31.191854200625606
2016-11-04,TATASTEEL,INE081A01012,,403.9,407.6,398.25,403.1,5096305,2053672357.1,0.07734156756911878,31.17638588711178
2016-11-07,TATASTEEL,INE081A01012,,406.3,415.35,406.3,412.6,4516324,1859265041.55,0.07734156756911878,31.91113077901841
2016-11-08,TATASTEEL,INE081A01012,,414.0,415.4,405.5,408.65,3253417,1335487674.5,0.07734156756911878,31.60563158712039
2016-11-09,TATASTEEL,INE081A01012,,380.0,403.9,377.0,399.35,5912250,2332721920.1,0.07734156756911878,30.886355008727588
2016-11-10,TATASTEEL,INE081A01012,,407.95,439.3,407.95,437.0,10898034,4710193717.2,0.07734156756911878,33.79826502770491
2016-11-11,TATASTEEL,INE081A01012,,432.5,441.5,424.0,426.5,8733209,3772120841.85,0.07734156756911878,32.98617856822916
2016-11-15,TATASTEEL,INE081A01012,,411.5,418.0,391.0,393.05,9253517,3708013775.15,0.07734156756911878,30.399103133042136
2016-11-16,TATASTEEL,INE081A01012,,397.0,401.4,380.85,392.75,8230718,3213752908.5,0.07734156756911878,30.3759006627714
2016-11-17,TATASTEEL,INE081A01012,,393.5,398.6,387.0,392.75,4361763,1715613735.95,0.07734156756911878,30.3759006627714
2016-11-18,TATASTEEL,INE081A01012,,390.05,412.4,381.25,385.1,4660147,1803231776.55,0.07734156756911878,29.784237670867643
2016-11-21,TATASTEEL,INE081A01012,,385.45,389.6,366.3,371.45,6566271,2458030676.9,0.07734156756911878,28.72852527354917
2016-11-22,TATASTEEL,INE081A01012,,376.7,379.7,372.8,378.05,4143438,1561572584.65,0.07734156756911878,29.238979619505354
2016-11-23,TATASTEEL,INE081A01012,,381.0,394.8,380.05,392.7,5124218,1990189743.9,0.07734156756911878,30.372033584392945
2016-11-24,TATASTEEL,INE081A01012,,387.05,400.7,385.6,398.15,7117077,2807881461.3,0.07734156756911878,30.79354512764464
2016-11-25,TATASTEEL,INE081A01012,,399.0,413.5,397.5,408.75,7090491,2899020599.85,0.07734156756911878,31.613365743877303
2016-11-28,TATASTEEL,INE081A01012,,407.9,411.7,402.45,406.6,4679209,1905164281.7,0.07734156756911878,31.447081373603698
2016-11-29,TATASTEEL,INE081A01012,,415.0,417.6,407.8,408.95,6015315,2477713101.8,0.07734156756911878,31.628834057391124
2016-11-30,TATASTEEL,INE081A01012,,409.7,416.0,404.3,415.05,5378415,2214860547.85,0.07734156756911878,32.10061761956275
2016-12-01,TATASTEEL,INE081A01012,,417.35,418.5,407.75,409.6,3073859,1267916358.6,0.07734156756911878,31.679106076311054
2016-12-02,TATASTEEL,INE081A01012,,405.85,411.9,404.4,406.4,3623139,1476631717.2,0.07734156756911878,31.43161306008987
2016-12-05,TATASTEEL,INE081A01012,,407.6,414.6,404.55,413.5,3500112,1432681234.7,0.07734156756911878,31.980738189830614
2016-12-06,TATASTEEL,INE081A01012,,414.0,420.7,412.0,418.45,3883470,1615955653.3,0.07734156756911878,32.363578949297754
2016-12-07,TATASTEEL,INE081A01012,,419.3,421.4,408.7,411.9,4700356,1954810462.85,0.07734156756911878,31.856991681720025
2016-12-08,TATASTEEL,INE081A01012,,417.7,432.75,417.0,431.3,9445695,4044978955.35,0.07734156756911878,33.357418092560934
2016-12-09,TATASTEEL,INE081A01012,,432.7,435.35,428.4,430.55,4094532,1765865651.5,0.07734156756911878,33.29941191688409
2016-12-12,TATASTEEL,INE081A01012,,428.9,430.45,423.15,424.2,2491598,1062684956.1,0.07734156756911878,32.80829296282018
2016-12-13,TATASTEEL,INE081A01012,,428.95,428.95,417.5,421.1,3195158,1344987358.45,0.07734156756911878,32.56853410335592
2016-12-14,TATASTEEL,INE081A01012,,422.0,426.2,416.75,417.75,3247269,1365400288.3,0.07734156756911878,32.30943985199937
2016-12-15,TATASTEEL,INE081A01012,,415.6,427.4,412.85,419.3,4454182,1872987107.3,0.07734156756911878,32.42931928173151
2016-12-16,TATASTEEL,INE081A01012,,422.8,422.8,412.5,414.05,3547889,1473881441.75,0.07734156756911878,32.02327605199363
2016-12-19,TATASTEEL,INE081A01012,,411.0,416.3,409.1,410.35,2347383,969411260.75,0.07734156756911878,31.73711225198789
2016-12-20,TATASTEEL,INE081A01012,,411.8,414.0,401.1,403.5,3541080,1436359986.65,0.07734156756911878,31.207322514139427
2016-12-21,TATASTEEL,INE081A01012,,405.0,408.3,401.4,404.5,2747302,1113640173.85,0.07734156756911878,31.284664081708545
2016-12-22,TATASTEEL,INE081A01012,,404.5,405.85,390.25,392.2,4084454,1614062657.2,0.07734156756911878,30.333362800608384
2016-12-23,TATASTEEL,INE081A01012,,393.5,395.55,387.05,390.85,3992131,1562269468.25,0.07734156756911878,30.228951684390076
2016-12-26,TATASTEEL,INE081A01012,,388.5,389.6,378.5,380.1,3232118,1236420677.95,0.07734156756911878,29.39752983302205
2016-12-27,TATASTEEL,INE081A01012,,382.0,394.7,377.35,392.4,3894041,1506111786.3,0.07734156756911878,30.34883111412221
2016-12-28,TATASTEEL,INE081A01012,,393.35,393.75,386.5,388.45,3940185,1532607718.3,0.07734156756911878,30.04333192222419
2016-12-29,TATASTEEL,INE081A01012,,388.5,393.9,387.25,392.35,3422017,1339224784.8,0.07734156756911878,30.344964035743754
2016-12-30,TATASTEEL,INE081A01012,,393.0,395.4,388.1,391.25,3055022,1196470295.55,0.07734156756911878,30.259888311417722
2017-01-02,TATASTEEL,INE081A01012,,393.45,408.35,388.9,406.75,5578129,2234285879.55,0.07734156756911878,31.458682608739064
2017-01-03,TATASTEEL,INE081A01012,,407.05,408.9,401.25,403.3,3338806,1350333812.3,0.07734156756911878,31.191854200625606
2017-01-04,TATASTEEL,INE081A01012,,404.1,409.0,401.4,405.45,3344043,1355742992.1,0.07734156756911878,31.358138570899207
2017-01-05,TATASTEEL,INE081A01012,,409.1,422.5,407.3,419.3,7196279,2998972632.25,0.07734156756911878,32.42931928173151
2017-01-06,TATASTEEL,INE081A01012,,420.5,425.4,415.6,419.55,4138078,1740484151.1,0.07734156756911878,32.448654673623786
2017-01-09,TATASTEEL,INE081A01012,,423.7,424.2,419.35,422.0,3122769,1318462615.45,0.07734156756911878,32.638141514168126
2017-01-10,TATASTEEL,INE081A01012,,422.7,432.5,422.6,431.9,5118565,2196642517.3,0.07734156756911878,33.4038230331024
2017-01-11,TATASTEEL,INE081A01012,,435.3,450.95,434.65,448.25,11431250,5104766908.25,0.07734156756911878,34.668357662857495
2017-01-12,TATASTEEL,INE081A01012,,449.0,451.15,443.25,447.55,5361474,2399249489.75,0.07734156756911878,34.61421856555911
2017-01-13,TATASTEEL,INE081A01012,,450.0,450.4,441.2,446.35,4232151,1886867481.1,0.07734156756911878,34.52140868447617
2017-01-16,TATASTEEL,INE081A01012,,444.25,459.5,443.25,458.45,6675950,3043405575.1,0.07734156756911878,35.45724165206251
2017-01-17,TATASTEEL,INE081A01012,,459.05,459.6,450.9,454.25,3342717,1519072548.05,0.07734156756911878,35.13240706827221
2017-01-18,TATASTEEL,INE081A01012,,454.75,470.0,454.25,468.35,9116932,4251250439.0,0.07734156756911878,36.22292317099678
2017-01-19,TATASTEEL,INE081A01012,,468.7,468.8,462.35,467.15,3445069,1604940560.2,0.07734156756911878,36.13011328991384
2017-01-20,TATASTEEL,INE081A01012,,466.0,467.8,452.6,454.5,4927321,2266346399.05,0.07734156756911878,35.151742460164485
2017-01-23,TATASTEEL,INE081A01012,,450.9,464.0,450.6,461.8,4349975,2003646984.6,0.07734156756911878,35.71633590341905
2017-01-24,TATASTEEL,INE081A01012,,462.0,466.5,458.55,464.25,3731789,1726851807.45,0.07734156756911878,35.90582274396339
2017-01-25,TATASTEEL,INE081A01012,,467.0,476.75,466.1,469.5,6307571,2974610473.15,0.07734156756911878,36.311865973701266
2017-01-27,TATASTEEL,INE081A01012,,469.85,473.8,463.35,469.3,4977414,2336584638.2,0.07734156756911878,36.296397660187445
2017-01-30,TATASTEEL,INE081A01012,,468.5,468.5,460.15,462.05,3322749,1539949063.3,0.07734156756911878,35.735671295311334
2017-01-31,TATASTEEL,INE081A01012,,460.2,471.4,460.1,463.05,4543771,2114848786.4,0.07734156756911878,35.81301286288045
2017-02-01,TATASTEEL,INE081A01012,,464.05,475.9,457.15,474.6,5572616,2607830759.35,0.07734156756911878,36.706307968303776
2017-02-02,TATASTEEL,INE081A01012,,473.5,480.9,466.25,476.95,5988117,2830779681.35,0.07734156756911878,36.8880606520912
2017-02-03,TATASTEEL,INE081A01012,,476.9,480.0,468.15,472.8,5284757,2503924410.8,0.07734156756911878,36.56709314667936
2017-02-06,TATASTEEL,INE081A01012,,474.4,477.6,469.15,473.4,4806869,2275178580.25,0.07734156756911878,36.613498087220826
2017-02-07,TATASTEEL,INE081A01012,,475.1,479.8,470.05,472.8,4836631,2292987546.8,0.07734156756911878,36.56709314667936
2017-02-08,TATASTEEL,INE081A01012,,485.0,485.4,467.45,470.65,11287445,5380135217.25,0.07734156756911878,36.40080877640575
2017-02-09,TATASTEEL,INE081A01012,,469.65,473.4,456.5,459.85,6485765,2997250781.25,0.07734156756911878,35.56551984665927
2017-02-10,TATASTEEL,INE081A01012,,467.0,471.8,460.55,468.2,7912091,3687965391.5,0.07734156756911878,36.21132193586141
2017-02-13,TATASTEEL,INE081A01012,,473.15,477.0,470.1,472.6,4898780,2319600113.85,0.07734156756911878,36.55162483316554
2017-02-14,TATASTEEL,INE081A01012,,473.9,474.85,466.1,472.4,3251700,1529075152.55,0.07734156756911878,36.53615651965171
2017-02-15,TATASTEEL,INE081A01012,,472.7,474.75,457.25,460.1,4228709,1963842505.0,0.07734156756911878,35.584855238551555
2017-02-16,TATASTEEL,INE081A01012,,464.7,471.5,455.65,469.95,4820369,2239685546.1,0.07734156756911878,36.34666967910737
2017-02-17,TATASTEEL,INE081A01012,,472.3,474.85,466.65,468.2,3922122,1840607795.65,0.07734156756911878,36.21132193586141
2017-02-20,TATASTEEL,INE081A01012,,468.0,489.0,464.75,487.05,8441156,4061893683.65,0.07734156756911878,37.669210484539306
2017-02-21,TATASTEEL,INE081A01012,,488.95,495.9,485.0,490.95,8063716,3961759598.8,0.07734156756911878,37.970842598058866
2017-02-22,TATASTEEL,INE081A01012,,490.45,491.45,480.6,484.05,5010536,2430206311.95,0.07734156756911878,37.43718578183195
2017-02-23,TATASTEEL,INE081A01012,,485.1,487.9,478.15,485.75,4810464,2329784791.65,0.07734156756911878,37.568666446699446
2017-02-27,TATASTEEL,INE081A01012,,485.2,488.15,479.5,480.6,2730887,1317568274.65,0.07734156756911878,37.17035737371849
2017-02-28,TATASTEEL,INE081A01012,,481.5,485.75,480.45,482.7,3402886,1644366838.1,0.07734156756911878,37.332774665613634
2017-03-01,TATASTEEL,INE081A01012,,485.0,502.5,483.4,500.35,7716571,3816745818.7,0.07734156756911878,38.697853333208585
2017-03-02,TATASTEEL,INE081A01012,,502.0,505.6,492.25,494.65,5722550,2859155333.1,0.07734156756911878,38.257006398064604
2017-03-03,TATASTEEL,INE081A01012,,494.55,497.75,489.55,495.1,3357902,1657520964.2,0.07734156756911878,38.29181010347071
2017-03-06,TATASTEEL,INE081A01012,,495.1,501.0,490.25,492.7,4153429,2054164456.0,0.07734156756911878,38.106190341304824
2017-03-07,TATASTEEL,INE081A01012,,493.5,494.0,480.65,482.0,5123193,2480442363.65,0.07734156756911878,37.27863556831525
2017-03-08,TATASTEEL,INE081A01012,,484.9,486.4,470.1,472.45,5935312,2822960661.85,0.07734156756911878,36.54002359803017
2017-03-09,TATASTEEL,INE081A01012,,471.9,475.35,467.7,469.45,4495787,2115006926.45,0.07734156756911878,36.30799889532281
2017-03-10,TATASTEEL,INE081A01012,,468.5,474.4,462.2,467.75,4523612,2120443765.45,0.07734156756911878,36.17651823045531
2017-03-14,TATASTEEL,INE081A01012,,479.0,479.0,470.45,472.55,5565574,2639692371.7,0.07734156756911878,36.54775775478708
2017-03-15,TATASTEEL,INE081A01012,,473.95,480.0,470.4,479.05,5561866,2645485443.1,0.07734156756911878,37.05047794398635
2017-03-16,TATASTEEL,INE081A01012,,484.85,501.0,481.95,499.65,10391757,5136174590.4,0.07734156756911878,38.643714235910195
2017-03-17,TATASTEEL,INE081A01012,,503.85,508.75,498.1,502.2,6800312,3420341827.3,0.07734156756911878,38.840935233211454
2017-03-20,TATASTEEL,INE081A01012,,502.5,502.7,492.0,496.65,3995540,1980151292.1,0.07734156756911878,38.41168953320284
2017-03-21,TATASTEEL,INE081A01012,,496.9,501.3,492.35,496.4,4967685,2469578975.9,0.07734156756911878,38.39235414131056
2017-03-22,TATASTEEL,INE081A01012,,490.0,493.8,486.4,488.1,4652350,2281440302.7,0.07734156756911878,37.750419130486875
2017-03-23,TATASTEEL,INE081A01012,,487.5,496.6,487.5,495.5,4126938,2033898077.85,0.07734156756911878,38.32274673049835
2017-03-24,TATASTEEL,INE081A01012,,496.05,499.9,491.1,493.2,3082110,1528649598.9,0.07734156756911878,38.144861125089385
2017-03-27,TATASTEEL,INE081A01012,,492.75,492.75,474.65,476.5,6189956,2966089682.9,0.07734156756911878,36.8532569466851
2017-03-28,TATASTEEL,INE081A01012,,477.55,482.65,477.0,480.2,4396544,2112404354.9,0.07734156756911878,37.13942074669084
2017-03-29,TATASTEEL,INE081A01012,,482.0,484.9,480.25,484.4,3264312,1576589228.55,0.07734156756911878,37.46425533048114
2017-03-30,TATASTEEL,INE081A01012,,484.4,486.35,475.8,477.5,4642454,2227393897.65,0.07734156756911878,36.930598514254214
2017-03-31,TATASTEEL,INE081A01012,,480.65,485.9,479.05,482.7,3215307,1554160192.1,0.07734156756911878,37.332774665613634
2017-04-03,TATASTEEL,INE081A01012,,486.0,489.9,482.8,485.85,3140253,1529395155.55,0.07734156756911878,37.576400603456364
2017-04-05,TATASTEEL,INE081A01012,,488.0,498.2,486.65,493.3,4919654,2431482669.6,0.07734156756911878,38.152595281846295
2017-04-06,TATASTEEL,INE081A01012,,493.7,504.4,483.95,501.65,5058885,2501908246.7,0.07734156756911878,38.79839737104843
2017-04-07,TATASTEEL,INE081A01012,,500.9,506.35,490.65,493.2,5379967,2695471045.15,0.07734156756911878,38.144861125089385
2017-04-10,TATASTEEL,INE081A01012,,497.0,498.8,490.4,495.35,2992630,1481673194.95,0.07734156756911878,38.311145495362986
2017-04-11,TATASTEEL,INE081A01012,,495.5,496.0,486.3,488.1,4084688,1998747262.55,0.07734156756911878,37.750419130486875
2017-04-12,TATASTEEL,INE081A01012,,490.4,492.55,476.0,477.4,5007724,2410492483.95,0.07734156756911878,36.9228643574973
2017-04-13,TATASTEEL,INE081A01012,,474.4,479.2,462.2,463.55,5907485,2762040113.1,0.07734156756911878,35.85168364666501
2017-04-17,TATASTEEL,INE081A01012,,460.1,467.9,459.75,462.4,3787898,1756366118.2,0.07734156756911878,35.76274084396052
2017-04-18,TATASTEEL,INE081A01012,,467.1,474.0,448.0,449.9,7307227,3371128985.7,0.07734156756911878,34.795971249346536
2017-04-19,TATASTEEL,INE081A01012,,448.0,455.5,442.05,450.75,9427124,4232032587.15,0.07734156756911878,34.86171158178029
2017-04-20,TATASTEEL,INE081A01012,,450.75,455.8,448.25,454.4,4022665,1819261348.9,0.07734156756911878,35.144008303407574
2017-04-21,TATASTEEL,INE081A01012,,460.0,460.7,449.1,450.85,4643978,2109562553.55,0.07734156756911878,34.8694457385372
2017-04-24,TATASTEEL,INE081A01012,,452.0,454.6,447.1,450.7,4956153,2235207346.95,0.07734156756911878,34.857844503401836
2017-04-25,TATASTEEL,INE081A01012,,453.4,457.9,451.3,454.65,4250166,1933486424.3,0.07734156756911878,35.16334369529985
2017-04-26,TATASTEEL,INE081A01012,,456.9,463.3,450.8,453.8,4674438,2140816410.7,0.07734156756911878,35.0976033628661
2017-04-27,TATASTEEL,INE081A01012,,454.0,454.85,444.0,445.85,6189923,2771976071.65,0.07734156756911878,34.48273790069161
2017-04-28,TATASTEEL,INE081A01012,,448.0,458.7,445.85,449.25,6256122,2833118629.4,0.07734156756911878,34.74569923042661
2017-05-02,TATASTEEL,INE081A01012,,451.0,454.0,443.4,445.05,4689154,2097358215.05,0.07734156756911878,34.42086464663631
2017-05-03,TATASTEEL,INE081A01012,,447.3,449.95,437.55,440.8,5008822,2213759679.95,0.07734156756911878,34.092162984467556
2017-05-04,TATASTEEL,INE081A01012,,447.0,448.0,436.1,442.45,6535720,2885697108.8,0.07734156756911878,34.219776570956604
2017-05-05,TATASTEEL,INE081A01012,,441.5,441.5,428.0,433.6,5701881,2479740643.8,0.07734156756911878,33.5353036979699
2017-05-08,TATASTEEL,INE081A01012,,434.0,436.4,428.1,431.9,5515622,2381004832.45,0.07734156756911878,33.4038230331024
2017-05-09,TATASTEEL,INE081A01012,,432.0,440.0,431.25,433.5,4738911,2066964085.2,0.07734156756911878,33.52756954121299
2017-05-10,TATASTEEL,INE081A01012,,435.25,438.55,433.1,437.45,3539929,1544756330.75,0.07734156756911878,33.83306873311101
2017-05-11,TATASTEEL,INE081A01012,,440.7,445.4,439.7,441.15,5533078,2447792332.15,0.07734156756911878,34.11923253311675
2017-05-12,TATASTEEL,INE081A01012,,442.4,443.9,432.6,436.7,5796510,2541775306.8,0.07734156756911878,33.77506255743417
2017-05-15,TATASTEEL,INE081A01012,,438.0,456.9,437.8,456.05,9754791,4398971560.4,0.07734156756911878,35.27162188989662
2017-05-16,TATASTEEL,INE081A01012,,463.05,464.0,455.35,456.55,10298954,4723943817.05,0.07734156756911878,35.31029267368118
2017-05-17,TATASTEEL,INE081A01012,,470.0,499.0,465.8,493.9,49407351,24028781999.65,0.07734156756911878,38.19900022238777
2017-05-18,TATASTEEL,INE081A01012,,488.15,496.65,483.6,486.25,13370374,6566721912.15,0.07734156756911878,37.607337230484006
2017-05-19,TATASTEEL,INE081A01012,,490.0,496.0,480.25,489.5,9075025,4437202131.7,0.07734156756911878,37.85869732508364
2017-05-22,TATASTEEL,INE081A01012,,492.85,496.95,484.35,486.4,6222549,3048781680.5,0.07734156756911878,37.61893846561937
2017-05-23,TATASTEEL,INE081A01012,,489.05,496.85,477.6,490.4,9779642,4792008442.5,0.07734156756911878,37.92830473589585
2017-05-24,TATASTEEL,INE081A01012,,492.5,495.0,481.5,483.35,7240413,3527659121.5,0.07734156756911878,37.38304668453356
2017-05-25,TATASTEEL,INE081A01012,,485.0,487.05,476.7,484.7,6461254,3114461778.35,0.07734156756911878,37.48745780075187
2017-05-26,TATASTEEL,INE081A01012,,486.9,514.85,485.65,511.75,16240203,8251845150.4,0.07734156756911878,39.57954720349654
2017-05-29,TATASTEEL,INE081A01012,,512.1,520.65,506.15,507.7,6772389,3470789588.8,0.07734156756911878,39.266313854841606
2017-05-30,TATASTEEL,INE081A01012,,508.4,514.0,504.25,511.85,4082146,2086287117.85,0.07734156756911878,39.58728136025345
2017-05-31,TATASTEEL,INE081A01012,,510.15,515.0,502.5,504.7,4365325,2212749684.8,0.07734156756911878,39.03428915213425
2017-06-01,TATASTEEL,INE081A01012,,504.7,507.95,494.0,497.15,3886388,1936220214.45,0.07734156756911878,38.4503603169874
2017-06-02,TATASTEEL,INE081A01012,,501.95,503.2,488.05,491.95,5681201,2799474070.2,0.07734156756911878,38.04818416562798
2017-06-05,TATASTEEL,INE081A01012,,493.0,499.9,487.0,491.3,4742679,2341102628.85,0.07734156756911878,37.99791214670806
2017-06-06,TATASTEEL,INE081A01012,,493.9,496.5,488.45,490.3,4123554,2029723347.85,0.07734156756911878,37.92057057913894
2017-06-07,TATASTEEL,INE081A01012,,491.75,494.35,487.0,490.85,3287207,1614553143.2,0.07734156756911878,37.963108441301955
2017-06-08,TATASTEEL,INE081A01012,,503.0,511.4,497.6,499.0,11928366,6030681690.95,0.07734156756911878,38.59344221699027
2017-06-09,TATASTEEL,INE081A01012,,498.4,508.35,495.85,507.05,6332939,3179242937.75,0.07734156756911878,39.21604183592168
2017-06-12,TATASTEEL,INE081A01012,,507.7,514.2,505.5,508.4,5283279,2691285287.15,0.07734156756911878,39.32045295213999
2017-06-13,TATASTEEL,INE081A01012,,509.0,512.9,505.5,508.6,5965585,3039408642.95,0.07734156756911878,39.335921265653816
2017-06-14,TATASTEEL,INE081A01012,,508.0,509.75,501.15,502.65,4696131,2369489869.05,0.07734156756911878,38.87573893861755
2017-06-15,TATASTEEL,INE081A01012,,500.8,506.5,499.25,502.55,4078026,2051686995.45,0.07734156756911878,38.86800478186064
2017-06-16,TATASTEEL,INE081A01012,,504.0,507.7,501.15,501.95,3424915,1725113398.0,0.07734156756911878,38.82159984131917
2017-06-19,TATASTEEL,INE081A01012,,510.3,520.6,507.5,519.55,9593934,4934321373.9,0.07734156756911878,40.18281143053566
2017-06-20,TATASTEEL,INE081A01012,,524.0,525.65,520.5,522.35,5911795,3092235491.9,0.07734156756911878,40.3993678197292
2017-06-21,TATASTEEL,INE081A01012,,521.3,523.65,515.7,517.65,4260883,2212793785.4,0.07734156756911878,40.03586245215433
2017-06-22,TATASTEEL,INE081A01012,,521.0,522.35,512.0,515.0,3812931,1974321008.55,0.07734156756911878,39.83090729809617
2017-06-23,TATASTEEL,INE081A01012,,513.9,513.9,502.7,507.25,3995573,2028070408.5,0.07734156756911878,39.2315101494355
2017-06-27,TATASTEEL,INE081A01012,,510.0,513.8,503.8,510.9,4546092,2316630778.95,0.07734156756911878,39.51380687106278
2017-06-28,TATASTEEL,INE081A01012,,512.0,522.85,509.4,520.6,6896090,3579679373.7,0.07734156756911878,40.26402007648324
2017-06-29,TATASTEEL,INE081A01012,,524.9,536.6,522.05,535.05,9651954,5126511871.85,0.07734156756911878,41.381605727857
2017-06-30,TATASTEEL,INE081A01012,,534.45,547.9,530.05,545.75,8469286,4575977852.2,0.07734156756911878,42.20916050084657
2017-07-03,TATASTEEL,INE081A01012,,545.5,553.35,542.05,550.6,6447865,3545298534.4,0.07734156756911878,42.584267103556805
2017-07-04,TATASTEEL,INE081A01012,,551.1,554.55,544.4,547.55,5039815,2763648424.65,0.07734156756911878,42.348375322470986
2017-07-05,TATASTEEL,INE081A01012,,544.4,552.5,544.0,549.95,4725845,2597229582.1,0.07734156756911878,42.53399508463688
2017-07-06,TATASTEEL,INE081A01012,,550.0,557.5,549.0,554.65,6506592,3605872724.6,0.07734156756911878,42.89750045221173
2017-07-07,TATASTEEL,INE081A01012,,553.0,554.9,550.9,553.35,4100041,2265356231.2,0.07734156756911878,42.79695641437188
2017-07-10,TATASTEEL,INE081A01012,,558.9,561.6,549.1,559.35,1089492,607925299.05,0.07734156756911878,43.26100581978659
2017-07-11,TATASTEEL,INE081A01012,,560.4,561.95,555.2,556.85,4912769,2742411833.8,0.07734156756911878,43.067651900863794
2017-07-12,TATASTEEL,INE081A01012,,560.0,561.2,555.0,559.1,4061003,2268069481.55,0.07734156756911878,43.24167042789431
2017-07-13,TATASTEEL,INE081A01012,,565.0,566.0,560.2,563.95,4252470,2396034571.55,0.07734156756911878,43.61677703060454
2017-07-14,TATASTEEL,INE081A01012,,564.9,564.9,556.75,558.4,4677703,2619756415.95,0.07734156756911878,43.187531330595924
2017-07-17,TATASTEEL,INE081A01012,,562.1,563.75,557.1,559.8,2460456,1380455411.2,0.07734156756911878,43.29580952519269
2017-07-18,TATASTEEL,INE081A01012,,557.55,569.0,557.0,563.3,3442296,1942212859.8,0.07734156756911878,43.566505011684605
2017-07-19,TATASTEEL,INE081A01012,,564.0,572.35,563.35,571.2,3285956,1868349404.65,0.07734156756911878,44.17750339548065
2017-07-20,TATASTEEL,INE081A01012,,562.3,563.75,556.25,557.2,3260506,1823456773.7,0.07871971381945946,43.86262454020281
2017-07-21,TATASTEEL,INE081A01012,,558.0,558.05,543.65,553.25,3295008,1817604906.65,0.07871971381945946,43.55168167061594
2017-07-24,TATASTEEL,INE081A01012,,554.4,554.4,547.35,548.5,2160449,1189430729.4,0.07871971381945946,43.17776302997351
2017-07-25,TATASTEEL,INE081A01012,,548.9,554.05,548.75,552.95,2840175,1568314152.6,0.07871971381945946,43.528065756470106
2017-07-26,TATASTEEL,INE081A01012,,555.0,567.95,554.1,565.75,7087415,4001820482.1,0.07871971381945946,44.53567809335919
2017-07-27,TATASTEEL,INE081A01012,,566.95,568.55,558.1,561.25,4019198,2262531472.65,0.07871971381945946,44.18143938117162
2017-07-28,TATASTEEL,INE081A01012,,560.8,560.8,548.45,551.9,2411689,1336506015.15,0.07871971381945946,43.44541005695967
2017-07-31,TATASTEEL,INE081A01012,,553.25,571.4,553.25,567.1,5624650,3188244170.45,0.07871971381945946,44.641949707015456
2017-08-01,TATASTEEL,INE081A01012,,569.7,575.25,568.6,572.4,5091142,2911508875.95,0.07871971381945946,45.05916419025859
2017-08-02,TATASTEEL,INE081A01012,,573.0,573.8,565.5,569.25,2987644,1700932770.0,0.07871971381945946,44.811197091727294
2017-08-03,TATASTEEL,INE081A01012,,567.0,568.35,557.55,559.3,3286455,1843732887.85,0.07871971381945946,44.02793593922367
2017-08-04,TATASTEEL,INE081A01012,,559.4,580.8,559.3,575.85,3363291,1916679389.15,0.07871971381945946,45.330747202935726
2017-08-07,TATASTEEL,INE081A01012,,585.0,601.65,584.0,600.05,11012930,6563165266.45,0.07871971381945946,47.23576427736664
2017-08-08,TATASTEEL,INE081A01012,,610.25,625.5,606.0,616.45,20046119,12413549295.4,0.07871971381945946,48.52676758400578
2017-08-09,TATASTEEL,INE081A01012,,616.0,620.4,602.5,605.05,5202611,3176390548.45,0.07871971381945946,47.62936284646394
2017-08-10,TATASTEEL,INE081A01012,,604.8,614.7,598.05,604.35,7684041,4669495882.35,0.07871971381945946,47.574259046790324
2017-08-11,TATASTEEL,INE081A01012,,600.0,605.95,591.25,596.75,8579300,5138660046.65,0.07871971381945946,46.97598922176243
2017-08-14,TATASTEEL,INE081A01012,,607.4,625.6,605.0,623.75,8555920,5290107301.25,0.07871971381945946,49.10142149488784
2017-08-16,TATASTEEL,INE081A01012,,625.0,632.65,620.45,631.2,7330341,4598925091.55,0.07871971381945946,49.68788336284281
2017-08-17,TATASTEEL,INE081A01012,,630.1,637.0,624.1,625.4,4616610,2911697805.6,0.07871971381945946,49.23130902268994
2017-08-18,TATASTEEL,INE081A01012,,622.45,628.75,620.1,625.65,3386205,2113597234.6,0.07871971381945946,49.250988951144805
2017-08-21,TATASTEEL,INE081A01012,,632.9,638.65,619.1,621.55,4175647,2634186307.4,0.07871971381945946,48.92823812448502
2017-08-22,TATASTEEL,INE081A01012,,629.95,629.95,614.4,619.6,3690708,2290596723.45,0.07871971381945946,48.77473468253708
2017-08-23,TATASTEEL,INE081A01012,,624.0,636.45,616.5,634.6,3918843,2447481393.9,0.07871971381945946,49.95553038982897
2017-08-24,TATASTEEL,INE081A01012,,636.0,640.55,630.6,639.0,4909312,3125024529.85,0.07871971381945946,50.30189713063459
2017-08-28,TATASTEEL,INE081A01012,,640.15,642.9,631.8,635.85,3565779,2273063984.75,0.07871971381945946,50.053930032103295
2017-08-29,TATASTEEL,INE081A01012,,635.5,640.45,627.95,630.2,3443278,2183416918.65,0.07871971381945946,49.60916364902335
2017-08-30,TATASTEEL,INE081A01012,,635.0,641.4,634.1,638.65,3524171,2247477334.5,0.07871971381945946,50.27434523079778
2017-08-31,TATASTEEL,INE081A01012,,636.95,643.0,632.2,638.05,6514220,4154765333.8,0.07871971381945946,50.2271134025061
2017-09-01,TATASTEEL,INE081A01012,,639.95,652.75,639.05,651.2,6152375,3980820217.25,0.07871971381945946,51.262277639232
2017-09-04,TATASTEEL,INE081A01012,,651.0,651.7,641.5,646.55,2411324,1559312244.85,0.07871971381945946,50.896230969971505
2017-09-05,TATASTEEL,INE081A01012,,647.65,654.45,647.25,652.1,3168850,2066387824.1,0.07871971381945946,51.33312538166951
2017-09-06,TATASTEEL,INE081A01012,,647.1,656.1,645.5,653.0,2726474,1774717030.9,0.07871971381945946,51.403973124107026
2017-09-07,TATASTEEL,INE081A01012,,657.0,657.0,650.3,652.8,2504395,1635626260.5,0.07871971381945946,51.38822918134313
2017-09-08,TATASTEEL,INE081A01012,,654.1,663.7,651.85,655.4,4712247,3104888980.4,0.07871971381945946,51.59290043727373
2017-09-11,TATASTEEL,INE081A01012,,657.0,663.85,652.6,662.6,3208849,2116489636.8,0.07871971381945946,52.15968237677384
2017-09-12,TATASTEEL,INE081A01012,,675.0,693.0,674.5,682.9,10312267,7065192697.1,0.07871971381945946,53.75769256730886
2017-09-13,TATASTEEL,INE081A01012,,681.75,683.8,675.65,679.65,2353272,1598815860.7,0.07871971381945946,53.501853497395615
2017-09-14,TATASTEEL,INE081A01012,,679.5,683.65,672.1,677.7,1906013,1292993085.7,0.07871971381945946,53.348350055447675
2017-09-15,TATASTEEL,INE081A01012,,676.0,681.4,671.55,678.95,3241869,2195744852.55,0.07871971381945946,53.446749697722
2017-09-18,TATASTEEL,INE081A01012,,676.0,683.0,671.1,672.9,2293247,1547721436.5,0.07871971381945946,52.970495429114266
2017-09-19,TATASTEEL,INE081A01012,,673.7,681.35,673.0,676.4,3708821,2505686255.45,0.07871971381945946,53.24601442748237
2017-09-20,TATASTEEL,INE081A01012,,676.2,691.8,674.45,687.65,8780970,6012532746.9,0.07871971381945946,54.131611207951295
2017-09-21,TATASTEEL,INE081A01012,,693.8,696.25,681.2,687.1,6132440,4227191347.85,0.07871971381945946,54.088315365350596
2017-09-22,TATASTEEL,INE081A01012,,684.0,684.0,651.0,654.0,4418928,2944093346.9,0.07871971381945946,51.482692837926486
2017-09-25,TATASTEEL,INE081A01012,,655.0,655.2,623.1,639.75,7063975,4498827391.2,0.07871971381945946,50.36093691599919
2017-09-26,TATASTEEL,INE081A01012,,642.5,657.0,638.85,654.1,3948737,2565588571.5,0.07871971381945946,51.49056480930843
2017-09-27,TATASTEEL,INE081A01012,,660.0,660.0,643.05,649.35,4959812,3219689525.75,0.07871971381945946,51.116646168666
2017-09-28,TATASTEEL,INE081A01012,,652.9,656.5,642.65,649.7,6579011,4273381755.5,0.07871971381945946,51.14419806850281
2017-09-29,TATASTEEL,INE081A01012,,654.8,657.0,650.05,652.55,2838861,1855667913.15,0.07871971381945946,51.368549252888265
2017-10-03,TATASTEEL,INE081A01012,,656.5,665.9,656.5,660.8,2849961,1882120553.1,0.07871971381945946,52.01798689189881
2017-10-04,TATASTEEL,INE081A01012,,660.4,662.55,654.45,659.0,2784555,1836786940.55,0.07871971381945946,51.87629140702378
2017-10-05,TATASTEEL,INE081A01012,,658.0,665.35,657.45,661.0,1552614,1028289196.25,0.07871971381945946,52.0337308346627
2017-10-06,TATASTEEL,INE081A01012,,665.25,693.8,665.05,691.45,9464812,6483917512.6,0.07871971381945946,54.430746120465244
2017-10-09,TATASTEEL,INE081A01012,,693.0,704.4,691.6,697.25,5619102,3927087388.45,0.07871971381945946,54.887320460618106
2017-10-10,TATASTEEL,INE081A01012,,700.95,704.15,685.1,690.8,4197902,2908738773.4,0.07871971381945946,54.379578306482586
2017-10-11,TATASTEEL,INE081A01012,,694.5,698.8,673.3,682.3,4191994,2879185169.95,0.07871971381945946,53.71046073901718
2017-10-12,TATASTEEL,INE081A01012,,688.0,693.8,681.4,691.6,4524341,3110131616.15,0.07871971381945946,54.44255407753816
2017-10-13,TATASTEEL,INE081A01012,,697.55,717.45,695.0,710.85,9628769,6817355930.0,0.07871971381945946,55.95790856856276
2017-10-16,TATASTEEL,INE081A01012,,713.2,719.5,711.65,714.95,4213048,3012872176.5,0.07871971381945946,56.28065939522254
2017-10-17,TATASTEEL,INE081A01012,,714.95,718.2,708.45,712.5,2801245,1996176330.55,0.07871971381945946,56.08779609636486
2017-10-18,TATASTEEL,INE081A01012,,715.85,717.8,707.1,709.6,3401417,2419019468.65,0.07871971381945946,55.859508926288434
2017-10-23,TATASTEEL,INE081A01012,,706.6,714.35,705.7,712.0,2719954,1932070078.65,0.07871971381945946,56.048436239455135
2017-10-24,TATASTEEL,INE081A01012,,716.7,728.3,714.05,719.3,4555003,3290153596.5,0.07871971381945946,56.623090150337184
2017-10-25,TATASTEEL,INE081A01012,,722.05,726.7,709.5,717.6,3164905,2270415644.25,0.07871971381945946,56.48926663684411
2017-10-26,TATASTEEL,INE081A01012,,717.7,732.8,715.8,729.2,5666479,4125537138.6,0.07871971381945946,57.40241531714984
2017-10-27,TATASTEEL,INE081A01012,,732.9,734.75,722.6,726.8,2777068,2022005621.45,0.07871971381945946,57.21348800398313
2017-10-30,TATASTEEL,INE081A01012,,729.9,735.0,713.15,718.25,5046825,3638284456.6,0.07871971381945946,56.54043445082675
2017-10-31,TATASTEEL,INE081A01012,,724.0,729.8,697.2,703.8,13545468,9641190641.2,0.07871971381945946,55.40293458613556
2017-11-01,TATASTEEL,INE081A01012,,713.55,717.0,703.6,707.3,5458694,3875364834.8,0.07871971381945946,55.67845358450367
2017-11-02,TATASTEEL,INE081A01012,,708.95,708.95,697.5,706.1,3183542,2238550119.55,0.07871971381945946,55.58398992792032
2017-11-03,TATASTEEL,INE081A01012,,708.0,713.05,703.65,708.9,3287588,2331097465.8,0.07871971381945946,55.8044051266148
2017-11-06,TATASTEEL,INE081A01012,,704.95,715.95,699.3,706.8,3942823,2790538886.1,0.07871971381945946,55.63909372759394
2017-11-07,TATASTEEL,INE081A01012,,709.9,713.15,686.35,693.2,4457296,3107766188.6,0.07871971381945946,54.5685056196493
2017-11-08,TATASTEEL,INE081A01012,,695.2,700.5,684.05,693.15,3590520,2486452067.35,0.07871971381945946,54.56456963395832
2017-11-09,TATASTEEL,INE081A01012,,699.0,705.05,693.5,703.4,2542062,1780412405.5,0.07871971381945946,55.37144670060778
2017-11-10,TATASTEEL,INE081A01012,,700.6,708.7,695.7,702.25,2893175,2032827656.3,0.07871971381945946,55.280919029715406
2017-11-13,TATASTEEL,INE081A01012,,703.5,704.45,687.1,691.05,3238473,2242299245.15,0.07871971381945946,54.399258234937456
2017-11-14,TATASTEEL,INE081A01012,,689.5,695.1,681.7,685.5,3691525,2545789901.55,0.07871971381945946,53.96236382323946
2017-11-15,TATASTEEL,INE081A01012,,679.0,681.5,669.25,677.75,4298026,2901834813.8,0.07871971381945946,53.35228604113865
2017-11-16,TATASTEEL,INE081A01012,,682.9,689.5,676.2,686.35,2465499,1682697453.55,0.07871971381945946,54.029275579986
2017-11-17,TATASTEEL,INE081A01012,,694.0,709.3,694.0,701.2,4032997,2842794299.3,0.07871971381945946,55.19826333020497
2017-11-20,TATASTEEL,INE081A01012,,697.9,707.9,690.15,702.15,3289271,2300256582.1,0.07871971381945946,55.273047058333454
2017-11-21,TATASTEEL,INE081A01012,,703.9,718.5,702.0,711.35,3657310,2608613311.15,0.07871971381945946,55.997268425472484
2017-11-22,TATASTEEL,INE081A01012,,713.45,717.0,706.3,711.05,2272083,1615615423.75,0.07871971381945946,55.97365251132664
2017-11-23,TATASTEEL,INE081A01012,,713.4,716.5,707.15,712.7,3683121,2620934196.15,0.07871971381945946,56.10354003912876
2017-11-24,TATASTEEL,INE081A01012,,712.05,712.8,703.25,708.45,1925192,1363076955.4,0.07871971381945946,55.768981255396056
2017-11-27,TATASTEEL,INE081A01012,,709.0,709.0,699.05,702.55,1865394,1309630544.75,0.07871971381945946,55.304534943861235
2017-11-28,TATASTEEL,INE081A01012,,701.8,712.9,697.15,703.85,2544179,1796814800.0,0.07871971381945946,55.40687057182654
2017-11-29,TATASTEEL,INE081A01012,,702.2,711.0,702.2,709.3,3056846,2163174809.8,0.07871971381945946,55.83589301214259
2017-11-30,TATASTEEL,INE081A01012,,705.0,707.0,690.0,694.15,3990140,2796907100.25,0.07871971381945946,54.64328934777778
2017-12-01,TATASTEEL,INE081A01012,,694.9,697.9,677.0,680.9,3941877,2703249988.6,0.07871971381945946,53.60025313966994
2017-12-04,TATASTEEL,INE081A01012,,685.1,692.9,680.5,687.8,2322372,1596888130.7,0.07871971381945946,54.14341916502421
2017-12-05,TATASTEEL,INE081A01012,,685.0,685.55,671.0,675.7,3329151,2250899697.1,0.07871971381945946,53.190910627808755
2017-12-06,TATASTEEL,INE081A01012,,667.0,671.45,660.7,667.6,4266074,2834632398.65,0.07871971381945946,52.55328094587114
2017-12-07,TATASTEEL,INE081A01012,,670.0,690.0,670.0,688.0,4021709,2744761870.4,0.07871971381945946,54.1591631077881
2017-12-08,TATASTEEL,INE081A01012,,689.1,713.85,685.15,697.8,7508259,5271417575.95,0.07871971381945946,54.930616303218805
2017-12-11,TATASTEEL,INE081A01012,,698.75,706.55,694.65,699.55,2207461,1546410413.15,0.07871971381945946,55.068375802402855
2017-12-12,TATASTEEL,INE081A01012,,698.8,708.1,686.1,689.85,3980084,2781785624.05,0.07871971381945946,54.304794578354105
2017-12-13,TATASTEEL,INE081A01012,,691.9,693.15,675.85,680.85,3661881,2509203352.8,0.07871971381945946,53.59631715397897
2017-12-14,TATASTEEL,INE081A01012,,685.0,688.75,671.1,685.75,3143882,2139525833.4,0.07871971381945946,53.98204375169432
2017-12-15,TATASTEEL,INE081A01012,,696.0,700.85,691.05,694.7,3158329,2196128073.25,0.07871971381945946,54.68658519037849
2017-12-18,TATASTEEL,INE081A01012,,689.1,714.8,674.0,704.7,5093828,3584694116.95,0.07871971381945946,55.47378232857308
2017-12-19,TATASTEEL,INE081A01012,,709.0,712.0,705.2,710.2,2035138,1442368711.7,0.07871971381945946,55.906740754580106
2017-12-20,TATASTEEL,INE081A01012,,716.9,716.9,691.95,702.8,7388281,5188450111.1,0.07871971381945946,55.324214872316105
2017-12-21,TATASTEEL,INE081A01012,,702.8,717.25,701.0,714.6,4801665,3415862967.75,0.07871971381945946,56.25310749538573
2017-12-22,TATASTEEL,INE081A01012,,716.8,716.8,707.1,711.2,3322839,2363680347.8,0.07871971381945946,55.985460468399566
2017-12-26,TATASTEEL,INE081A01012,,714.0,725.0,712.0,721.65,6011430,4328079012.65,0.07871971381945946,56.80808147781291
2017-12-27,TATASTEEL,INE081A01012,,721.75,729.6,717.9,723.45,3611513,2619193266.65,0.07871971381945946,56.94977696268795
2017-12-28,TATASTEEL,INE081A01012,,725.05,739.5,724.6,736.25,11572648,8503540788.4,0.07871971381945946,57.957389299577024
2017-12-29,TATASTEEL,INE081A01012,,738.0,744.85,730.0,732.4,2816505,2075537758.35,0.07871971381945946,57.6543184013721
2018-01-01,TATASTEEL,INE081A01012,,732.5,735.4,719.5,722.2,1833942,1332827277.05,0.07871971381945946,56.851377320413626
2018-01-02,TATASTEEL,INE081A01012,,724.0,731.25,715.25,729.3,2467294,1787822857.3,0.07871971381945946,57.41028728853178
2018-01-03,TATASTEEL,INE081A01012,,732.0,737.5,731.25,734.95,2634779,1935566674.3,0.07871971381945946,57.85505367161173
2018-01-04,TATASTEEL,INE081A01012,,736.5,763.45,732.0,760.25,8082986,6077721303.8,0.07871971381945946,59.84666243124405
2018-01-05,TATASTEEL,INE081A01012,,764.0,776.9,762.5,770.7,7136203,5502015156.4,0.07871971381945946,60.66928344065741
2018-01-08,TATASTEEL,INE081A01012,,777.75,777.85,765.0,768.75,2584335,1990503902.15,0.07871971381945946,60.515779998709455
2018-01-09,TATASTEEL,INE081A01012,,770.0,780.85,767.0,772.3,3197787,2475979435.75,0.07871971381945946,60.795234982768534
2018-01-10,TATASTEEL,INE081A01012,,771.25,777.0,762.9,772.85,2990882,2298496137.8,0.07871971381945946,60.83853082536924
2018-01-11,TATASTEEL,INE081A01012,,772.85,777.9,768.35,770.95,1934937,1496361329.65,0.07871971381945946,60.68896336911227
2018-01-12,TATASTEEL,INE081A01012,,771.2,776.8,760.05,770.25,2169940,1671686055.2,0.07871971381945946,60.63385956943865
2018-01-15,TATASTEEL,INE081A01012,,772.0,793.0,771.0,783.5,4171663,3278001108.95,0.07871971381945946,61.676895777546484
2018-01-16,TATASTEEL,INE081A01012,,782.75,782.75,760.1,765.75,2791328,2147565233.0,0.07871971381945946,60.279620857251075
2018-01-17,TATASTEEL,INE081A01012,,768.0,777.95,757.0,774.0,2988170,2293890370.3,0.07871971381945946,60.92905849626162
2018-01-18,TATASTEEL,INE081A01012,,775.0,779.85,746.2,751.75,4616814,3497711137.55,0.07871971381945946,59.17754486377864
2018-01-19,TATASTEEL,INE081A01012,,752.5,762.0,742.5,753.0,3217972,2421198577.0,0.07871971381945946,59.27594450605297
2018-01-22,TATASTEEL,INE081A01012,,752.0,756.4,747.35,752.2,3605727,2710271411.75,0.07871971381945946,59.2129687349974
2018-01-23,TATASTEEL,INE081A01012,,752.0,787.1,752.0,779.75,8036841,6246780029.0,0.07871971381945946,61.38169685072351
2018-01-24,TATASTEEL,INE081A01012,,780.5,780.6,757.15,762.1,4935129,3791403220.75,0.07871971381945946,59.99229390181005
2018-01-25,TATASTEEL,INE081A01012,,765.0,773.1,758.25,769.15,8397681,6444874344.15,0.07871971381945946,60.547267884237236
2018-01-29,TATASTEEL,INE081A01012,,771.0,791.8,770.15,783.15,6508012,5109763296.85,0.07871971381945946,61.64934387770967
2018-01-30,TATASTEEL,INE081A01012,,780.6,783.9,771.25,775.85,6019374,4670232414.0,0.07871971381945946,61.07468996682762
2018-01-31,TATASTEEL,INE081A01012,,735.5,747.9,701.7,705.05,12958902,9335878228.05,0.07871971381945946,55.50133422840989
2018-02-01,TATASTEEL,INE081A01012,,708.0,712.75,681.6,696.75,7403931,5154804699.9,0.07871971381945946,54.84796060370837
2018-02-02,TATASTEEL,INE081A01012,,692.0,693.0,666.05,670.45,6500926,4425409641.0,0.07871971381945946,52.7776321302566
2018-02-05,TATASTEEL,INE081A01012,,661.0,674.5,650.5,664.05,4698722,3113655797.45,0.07871971381945946,52.27382596181205
2018-02-06,TATASTEEL,INE081A01012,,641.0,679.0,632.55,664.5,6704557,4397002362.95,0.07871971381945946,52.309249833030805
2018-02-07,TATASTEEL,INE081A01012,,668.0,682.2,657.0,661.8,6789521,4536718207.9,0.07871971381945946,52.09670660571826
2018-02-08,TATASTEEL,INE081A01012,,660.05,677.0,654.0,671.45,5845590,3889670064.55,0.07871971381945946,52.85635184407605
2018-02-09,TATASTEEL,INE081A01012,,663.7,690.0,660.15,685.3,9140288,6233154968.8,0.07871971381945946,53.94661988047556
2018-02-12,TATASTEEL,INE081A01012,,716.0,716.9,697.4,713.1,12036307,8551083029.1,0.07871971381945946,56.13502792465654
2018-02-14,TATASTEEL,INE081A01012,,719.3,720.5,704.55,708.0,4885951,3485280748.4,0.07871971381945946,55.733557384177296
2018-02-15,TATASTEEL,INE081A01012,,711.35,719.15,697.25,700.55,5131245,3637299446.6,0.07871971381945946,55.147095516222315
2018-02-16,TATASTEEL,INE081A01012,,708.0,709.5,683.6,689.75,5012760,3478399324.55,0.07871971381945946,54.29692260697216
2018-02-19,TATASTEEL,INE081A01012,,693.4,693.4,639.0,648.85,17658708,11558048417.4,0.07871971381945946,51.07728631175627
2018-02-20,TATASTEEL,INE081A01012,,654.8,661.5,648.15,651.3,10214478,6686023349.05,0.07871971381945946,51.27014961061394
2018-02-21,TATASTEEL,INE081A01012,,654.9,655.55,633.0,640.95,10307539,6606358204.25,0.07871971381945946,50.45540057258254
2018-02-22,TATASTEEL,INE081A01012,,640.35,647.8,632.85,637.55,8950631,5738277047.1,0.07871971381945946,50.18775354559637
2018-02-23,TATASTEEL,INE081A01012,,640.85,686.4,639.0,677.75,21866214,14641061102.7,0.07871971381945946,53.35228604113865
2018-02-26,TATASTEEL,INE081A01012,,680.0,692.65,673.2,680.2,9199775,6293085776.8,0.07871971381945946,53.54514933999633
2018-02-27,TATASTEEL,INE081A01012,,681.4,686.9,669.2,671.75,6805376,4627650931.0,0.07871971381945946,52.87996775822189
2018-02-28,TATASTEEL,INE081A01012,,663.85,675.0,660.0,671.6,7112650,4760404400.25,0.07871971381945946,52.86815980114897
2018-03-01,TATASTEEL,INE081A01012,,671.35,685.0,670.05,675.05,7128399,4826148824.4,0.07871971381945946,53.1397428138261
2018-03-05,TATASTEEL,INE081A01012,,669.25,669.3,651.8,655.9,9785466,6439260218.75,0.07871971381945946,51.63226029418345
2018-03-06,TATASTEEL,INE081A01012,,664.85,674.0,656.55,659.75,8414960,5611149688.55,0.07871971381945946,51.935331192388375
2018-03-07,TATASTEEL,INE081A01012,,657.0,661.4,644.65,647.7,5130577,3342399842.6,0.07871971381945946,50.98675864086389
2018-03-08,TATASTEEL,INE081A01012,,656.9,660.95,632.7,635.9,7126105,4576016853.05,0.07871971381945946,50.05786601779427
2018-03-09,TATASTEEL,INE081A01012,,640.05,646.75,601.5,606.75,18096367,11197460060.65,0.07871971381945946,47.763186359957025
2018-03-12,TATASTEEL,INE081A01012,,614.45,626.4,606.4,622.9,12193581,7514541561.35,0.07871971381945946,49.034509738141296
2018-03-13,TATASTEEL,INE081A01012,,623.0,633.2,614.35,628.85,10490405,6569498855.4,0.07871971381945946,49.50289203536708
2018-03-14,TATASTEEL,INE081A01012,,624.0,630.9,618.6,620.55,8655181,5398284292.45,0.07871971381945946,48.84951841066556
2018-03-15,TATASTEEL,INE081A01012,,620.0,622.6,609.6,611.75,7510951,4619860394.3,0.07871971381945946,48.156784929054325
2018-03-16,TATASTEEL,INE081A01012,,611.75,613.9,594.4,600.2,11739582,7073240040.1,0.07871971381945946,47.247572234439566
2018-03-19,TATASTEEL,INE081A01012,,600.0,601.9,572.85,574.95,12542317,7312088243.15,0.07871971381945946,45.25989946049822
2018-03-20,TATASTEEL,INE081A01012,,571.0,600.9,568.45,593.0,17645035,10443320964.7,0.07871971381945946,46.680790294939456
2018-03-21,TATASTEEL,INE081A01012,,598.95,601.7,580.5,582.25,11939451,7036106133.0,0.07871971381945946,45.83455337138027
2018-03-22,TATASTEEL,INE081A01012,,582.7,587.45,572.0,580.9,11486245,6649640783.5,0.07871971381945946,45.728281757724
2018-03-23,TATASTEEL,INE081A01012,,560.05,568.8,553.5,566.5,14133550,7942693165.45,0.07871971381945946,44.594717878723785
2018-03-26,TATASTEEL,INE081A01012,,568.9,588.35,560.8,581.55,10929998,6243745405.55,0.07871971381945946,45.77944957170664
2018-03-27,TATASTEEL,INE081A01012,,590.45,599.0,587.55,590.0,10038168,5953350623.65,0.07871971381945946,46.444631153481076
2018-03-28,TATASTEEL,INE081A01012,,581.05,583.0,565.3,571.05,18655057,10661975311.75,0.07871971381945946,44.952892576602316
2018-04-02,TATASTEEL,INE081A01012,,573.1,580.3,568.1,578.8,6889345,3964703024.3,0.07871971381945946,45.562970358703126
2018-04-03,TATASTEEL,INE081A01012,,570.2,585.45,568.35,579.7,10508317,6069983445.4,0.07871971381945946,45.63381810114065
2018-04-04,TATASTEEL,INE081A01012,,583.1,590.5,557.55,560.55,13909893,8034377268.2,0.07871971381945946,44.126335581498
2018-04-05,TATASTEEL,INE081A01012,,573.85,583.6,569.5,580.45,13262168,7663506136.3,0.07871971381945946,45.692857886505244
2018-04-06,TATASTEEL,INE081A01012,,574.85,589.9,573.0,587.2,8520201,4951430461.0,0.07871971381945946,46.224215954786594
2018-04-09,TATASTEEL,INE081A01012,,589.5,595.75,583.4,586.15,9489221,5591011468.35,0.07871971381945946,46.14156025527616
2018-04-10,TATASTEEL,INE081A01012,,593.0,604.6,592.3,601.9,10850710,6496264007.5,0.07871971381945946,47.38139574793264
2018-04-11,TATASTEEL,INE081A01012,,608.0,610.9,600.35,608.05,8724716,5291669861.6,0.07871971381945946,47.86552198792232
2018-04-12,TATASTEEL,INE081A01012,,606.9,608.75,596.7,598.4,6628499,3995487103.85,0.07871971381945946,47.10587674956454
2018-04-13,TATASTEEL,INE081A01012,,600.0,604.7,590.4,594.05,6716146,4011008488.5,0.07871971381945946,46.76344599444989
2018-04-16,TATASTEEL,INE081A01012,,591.0,596.8,585.15,591.6,5145813,3038665375.6,0.07871971381945946,46.570582695592215
2018-04-17,TATASTEEL,INE081A01012,,595.0,604.6,591.95,596.05,6400378,3831260467.7,0.07871971381945946,46.9208854220888
2018-04-18,TATASTEEL,INE081A01012,,600.95,604.9,594.6,601.6,4259135,2552760180.3,0.07871971381945946,47.35777983378681
2018-04-19,TATASTEEL,INE081A01012,,606.05,624.5,606.05,621.95,10817008,6685667443.3,0.07871971381945946,48.959726010012815
2018-04-20,TATASTEEL,INE081A01012,,618.95,618.95,602.6,606.2,6346274,3859728676.05,0.07871971381945946,47.719890517356326
2018-04-23,TATASTEEL,INE081A01012,,608.3,611.0,600.1,606.6,4591161,2784898176.65,0.07871971381945946,47.75137840288411
2018-04-24,TATASTEEL,INE081A01012,,594.45,601.8,589.4,597.55,5953046,3542855558.25,0.07871971381945946,47.038964992817995
2018-04-25,TATASTEEL,INE081A01012,,598.0,598.5,584.3,586.2,4122443,2430843725.15,0.07871971381945946,46.145496240967134
2018-04-26,TATASTEEL,INE081A01012,,588.0,591.55,576.7,578.2,7463062,4338925212.35,0.07871971381945946,45.51573853041146
2018-04-27,TATASTEEL,INE081A01012,,582.95,594.75,581.25,589.8,4717405,2776039371.05,0.07871971381945946,46.428887210717185
2018-04-30,TATASTEEL,INE081A01012,,591.65,599.9,586.0,594.95,3658754,2175960395.3,0.07871971381945946,46.8342937368874
2018-05-02,TATASTEEL,INE081A01012,,597.1,597.4,572.95,574.5,4241068,2468915752.5,0.07871971381945946,45.22447558927946
2018-05-03,TATASTEEL,INE081A01012,,574.0,587.4,568.1,585.45,6778904,3916655984.45,0.07871971381945946,46.086456455602544
2018-05-04,TATASTEEL,INE081A01012,,586.7,589.8,579.25,580.75,3881632,2265557421.8,0.07871971381945946,45.71647380065108
2018-05-07,TATASTEEL,INE081A01012,,585.95,597.95,581.0,596.45,4553509,2693507558.2,0.07871971381945946,46.9523733076166
2018-05-08,TATASTEEL,INE081A01012,,600.0,604.2,590.5,596.35,4125958,2463094785.45,0.07871971381945946,46.94450133623465
2018-05-09,TATASTEEL,INE081A01012,,593.4,608.85,592.55,603.15,6238211,3765952561.9,0.07871971381945946,47.47979539020697
2018-05-10,TATASTEEL,INE081A01012,,603.9,606.8,591.15,594.15,4001269,2386689363.8,0.07871971381945946,46.771317965831834
2018-05-11,TATASTEEL,INE081A01012,,597.0,610.55,591.2,607.25,6155537,3713900401.1,0.07871971381945946,47.80254621686675
2018-05-14,TATASTEEL,INE081A01012,,608.2,614.95,602.3,610.35,5173139,3158115919.0,0.07871971381945946,48.04657732970708
2018-05-15,TATASTEEL,INE081A01012,,609.0,636.8,605.5,625.95,12818436,8052589299.25,0.07871971381945946,49.27460486529065
2018-05-16,TATASTEEL,INE081A01012,,626.0,632.5,616.95,621.25,8426301,5255167479.85,0.07871971381945946,48.904622210339184
2018-05-17,TATASTEEL,INE081A01012,,629.95,630.8,602.15,610.3,16037341,9812912991.0,0.07871971381945946,48.042641344016104
2018-05-18,TATASTEEL,INE081A01012,,615.0,616.7,590.35,591.4,8216629,4939622629.05,0.07871971381945946,46.55483875282832
2018-05-21,TATASTEEL,INE081A01012,,592.5,600.75,574.75,577.0,7162233,4183864365.4,0.07871971381945946,45.421274873828104
2018-05-22,TATASTEEL,INE081A01012,,578.1,583.5,569.5,576.8,6096646,3524836262.65,0.07871971381945946,45.40553093106421
2018-05-23,TATASTEEL,INE081A01012,,576.0,576.0,537.4,540.05,17148386,9457462086.75,0.07871971381945946,42.51258144819908
2018-05-24,TATASTEEL,INE081A01012,,543.9,553.9,536.55,548.2,8700822,4758822298.5,0.07871971381945946,43.154147115827676
2018-05-25,TATASTEEL,INE081A01012,,554.0,570.8,552.0,568.25,8895619,5016159792.8,0.07871971381945946,44.732477377907834
2018-05-28,TATASTEEL,INE081A01012,,571.0,579.45,565.1,576.65,5235667,3003840631.6,0.07871971381945946,45.393722973991295
2018-05-29,TATASTEEL,INE081A01012,,574.95,588.0,569.35,575.35,6477911,3745979635.3,0.07871971381945946,45.291387346026
2018-05-30,TATASTEEL,INE081A01012,,568.05,581.5,567.55,577.9,6201888,3575290469.4,0.07871971381945946,45.49212261626562
2018-05-31,TATASTEEL,INE081A01012,,584.0,587.3,572.05,575.65,6652510,3840914057.85,0.07871971381945946,45.315003260171835
2018-06-01,TATASTEEL,INE081A01012,,570.0,579.6,556.3,560.65,9249666,5245127846.75,0.07871971381945946,44.13420755287994
2018-06-04,TATASTEEL,INE081A01012,,564.05,572.5,560.3,566.15,8742527,4952383731.8,0.07871971381945946,44.56716597888697
2018-06-05,TATASTEEL,INE081A01012,,566.8,574.9,560.6,572.1,4688204,2658345834.1,0.07871971381945946,45.035548276112756
2018-06-06,TATASTEEL,INE081A01012,,574.45,581.7,569.2,579.75,4445305,2562915051.0,0.07871971381945946,45.63775408683162
2018-06-07,TATASTEEL,INE081A01012,,582.1,603.9,581.9,602.1,9279353,5524000930.25,0.07871971381945946,47.39713969069654
2018-06-08,TATASTEEL,INE081A01012,,599.0,608.2,592.0,600.5,8386078,5037375244.05,0.07871971381945946,47.2711881485854
2018-06-11,TATASTEEL,INE081A01012,,601.05,605.5,586.25,588.65,5151101,3065687895.8,0.07871971381945946,46.33835953982481
2018-06-12,TATASTEEL,INE081A01012,,586.95,588.75,577.2,580.0,8588935,5000810531.75,0.07871971381945946,45.65743401528648
2018-06-13,TATASTEEL,INE081A01012,,579.6,583.8,566.0,567.6,9060032,5176645076.95,0.07871971381945946,44.68130956392519
2018-06-14,TATASTEEL,INE081A01012,,567.0,574.8,561.0,569.55,7482514,4259776434.85,0.07871971381945946,44.83481300587313
2018-06-15,TATASTEEL,INE081A01012,,571.2,574.8,562.0,566.0,6208764,3528103420.35,0.07871971381945946,44.55535802181405
2018-06-18,TATASTEEL,INE081A01012,,563.0,563.45,547.3,558.5,10566965,5858067047.15,0.07871971381945946,43.964960168168105
2018-06-19,TATASTEEL,INE081A01012,,558.0,565.6,549.45,555.0,9452190,5265601616.3,0.07871971381945946,43.6894411698
2018-06-20,TATASTEEL,INE081A01012,,556.25,565.9,553.3,563.25,6610703,3698449825.15,0.07871971381945946,44.33887880881054
2018-06-21,TATASTEEL,INE081A01012,,568.95,568.95,556.1,557.75,8465198,4772779365.9,0.07871971381945946,43.90592038280351
2018-06-22,TATASTEEL,INE081A01012,,560.4,564.6,556.1,561.85,6247845,3504704908.6,0.07871971381945946,44.22867120946329
2018-06-25,TATASTEEL,INE081A01012,,559.8,564.8,556.35,558.6,3899261,2186941076.25,0.07871971381945946,43.97283213955005
2018-06-26,TATASTEEL,INE081A01012,,558.35,559.9,538.25,549.5,10207582,5599584953.35,0.07871971381945946,43.25648274379297
2018-06-27,TATASTEEL,INE081A01012,,551.7,552.5,539.1,543.2,5654150,3077937746.4,0.07871971381945946,42.76054854673038
2018-06-28,TATASTEEL,INE081A01012,,545.0,556.5,544.0,548.45,8655978,4757187827.55,0.07871971381945946,43.17382704428254
2018-06-29,TATASTEEL,INE081A01012,,551.95,569.8,551.05,567.75,9477384,5344124598.95,0.07871971381945946,44.69311752099811
2018-07-02,TATASTEEL,INE081A01012,,575.95,586.5,556.25,560.5,15763048,8977853687.2,0.07871971381945946,44.122399595807025
2018-07-03,TATASTEEL,INE081A01012,,561.95,572.4,553.45,566.0,11236177,6339099048.9,0.07871971381945946,44.55535802181405
2018-07-04,TATASTEEL,INE081A01012,,567.4,573.4,559.55,571.1,6862947,3896942849.75,0.07871971381945946,44.956828562293296
2018-07-05,TATASTEEL,INE081A01012,,565.0,565.0,552.0,553.3,6013653,3352121551.4,0.08012266719353645,44.33187175818371
2018-07-06,TATASTEEL,INE081A01012,,550.0,564.25,546.35,553.5,6614783,3684156463.15,0.08012266719353645,44.34789629162242
2018-07-09,TATASTEEL,INE081A01012,,563.7,565.75,554.75,555.6,7443751,4164139659.4,0.08012266719353645,44.51615389272885
2018-07-10,TATASTEEL,INE081A01012,,559.0,571.0,556.9,568.65,10004905,5659224066.6,0.08012266719353645,45.5617546996045
2018-07-11,TATASTEEL,INE081A01012,,565.7,565.7,554.15,555.7,6111245,3417894887.5,0.08012266719353645,44.52416615944821
2018-07-12,TATASTEEL,INE081A01012,,560.0,567.9,553.15,555.2,8443988,4729991523.45,0.08012266719353645,44.48410482585144
2018-07-13,TATASTEEL,INE081A01012,,559.35,562.0,553.0,558.6,5579129,3108497024.95,0.08012266719353645,44.75652189430946
2018-07-16,TATASTEEL,INE081A01012,,559.7,559.9,517.05,519.25,11159885,5963837430.35,0.08012266719353645,41.6036949402438
2018-07-17,TATASTEEL,INE081A01012,,522.0,535.7,513.0,532.35,10792706,5686123355.3,0.08012266719353645,42.65330188047913
2018-07-18,TATASTEEL,INE081A01012,,536.0,536.95,501.0,504.25,16451209,8422151339.2,0.08012266719353645,40.401854932340754
2018-07-19,TATASTEEL,INE081A01012,,508.0,513.4,493.0,498.65,16808651,8450251215.7,0.08012266719353645,39.95316799605695
2018-07-20,TATASTEEL,INE081A01012,,499.0,505.75,495.0,503.2,7261409,3635612244.5,0.08012266719353645,40.31772613178754
2018-07-23,TATASTEEL,INE081A01012,,506.0,519.5,498.3,516.9,6878134,3496238541.4,0.08012266719353645,41.41540667233899
2018-07-24,TATASTEEL,INE081A01012,,516.0,529.6,516.0,527.4,8398369,4407552619.0,0.08012266719353645,42.25669467787112
2018-07-25,TATASTEEL,INE081A01012,,531.0,538.0,529.0,536.0,6782638,3619741376.15,0.08012266719353645,42.94574961573554
2018-07-26,TATASTEEL,INE081A01012,,536.95,539.95,531.35,534.85,7481191,4007177283.25,0.08012266719353645,42.85360854846297
2018-07-27,TATASTEEL,INE081A01012,,538.0,553.55,536.3,550.2,6462885,3532276911.3,0.08012266719353645,44.083491489883755
2018-07-30,TATASTEEL,INE081A01012,,549.45,558.5,547.35,553.0,4787707,2649110558.0,0.08012266719353645,44.30783495802565
2018-07-31,TATASTEEL,INE081A01012,,551.95,564.9,543.55,563.05,6373966,3525490005.4,0.08012266719353645,45.11306776332069
2018-08-01,TATASTEEL,INE081A01012,,562.85,567.6,551.3,555.8,6067992,3391245544.1,0.08012266719353645,44.532178426167555
2018-08-02,TATASTEEL,INE081A01012,,552.7,560.9,540.6,554.3,9493099,5242015473.8,0.08012266719353645,44.411994425377245
2018-08-03,TATASTEEL,INE081A01012,,556.4,560.0,550.65,554.45,5570690,3095766117.3,0.08012266719353645,44.42401282545629
2018-08-06,TATASTEEL,INE081A01012,,559.0,564.9,551.25,553.25,5543881,3097133038.6,0.08012266719353645,44.327865624824035
2018-08-07,TATASTEEL,INE081A01012,,557.35,576.7,553.65,573.15,9285854,5243526333.0,0.08012266719353645,45.92230670197541
2018-08-08,TATASTEEL,INE081A01012,,578.25,583.75,573.55,577.5,9008431,5214876365.25,0.08012266719353645,46.270840304267296
2018-08-09,TATASTEEL,INE081A01012,,580.0,587.7,575.8,585.95,5757687,3358457974.8,0.08012266719353645,46.947876842052686
2018-08-10,TATASTEEL,INE081A01012,,585.95,586.0,572.7,576.7,5725493,3320842625.95,0.08012266719353645,46.20674217051247
2018-08-13,TATASTEEL,INE081A01012,,574.95,582.15,566.0,568.8,7856831,4514326522.65,0.08012266719353645,45.57377309968353
2018-08-14,TATASTEEL,INE081A01012,,587.0,587.0,562.55,578.95,24030560,13820308810.95,0.08012266719353645,46.38701817169793
2018-08-16,TATASTEEL,INE081A01012,,570.0,576.7,563.25,567.55,7907171,4515071487.1,0.08012266719353645,45.47361976569161
2018-08-17,TATASTEEL,INE081A01012,,571.95,585.2,571.8,580.15,8743214,5082079438.75,0.08012266719353645,46.48316537233017
2018-08-20,TATASTEEL,INE081A01012,,583.0,601.8,582.9,599.4,11662318,6927421592.35,0.08012266719353645,48.025526715805746
2018-08-21,TATASTEEL,INE081A01012,,602.25,602.45,580.55,582.15,10873707,6404072760.9,0.08012266719353645,46.64341070671724
2018-08-23,TATASTEEL,INE081A01012,,584.9,584.9,570.15,571.65,6676830,3839454728.35,0.08012266719353645,45.802122701185105
2018-08-24,TATASTEEL,INE081A01012,,570.35,579.35,568.25,575.6,6060269,3486309022.75,0.08012266719353645,46.11860723659958
2018-08-27,TATASTEEL,INE081A01012,,581.9,587.0,579.0,581.2,5391946,3145880976.15,0.08012266719353645,46.567294172883386
2018-08-28,TATASTEEL,INE081A01012,,582.5,593.9,578.1,590.35,9021297,5298799549.8,0.08012266719353645,47.30041657770424
2018-08-29,TATASTEEL,INE081A01012,,590.3,601.85,585.55,594.2,9885532,5884575992.85,0.08012266719353645,47.60888884639936
2018-08-30,TATASTEEL,INE081A01012,,592.3,610.0,591.05,608.35,10283657,6223997856.2,0.08012266719353645,48.7426245871879
2018-08-31,TATASTEEL,INE081A01012,,608.2,614.5,599.1,600.5,8633354,5229580414.8,0.08012266719353645,48.11366164971864
2018-09-03,TATASTEEL,INE081A01012,,603.0,609.95,598.0,600.75,5479133,3315460876.55,0.08012266719353645,48.13369231651702
2018-09-04,TATASTEEL,INE081A01012,,600.9,604.5,590.6,593.05,6099572,3637022488.3,0.08012266719353645,47.51674777912679
2018-09-05,TATASTEEL,INE081A01012,,590.0,597.0,581.2,594.4,5791157,3416017469.7,0.08012266719353645,47.62491337983806
2018-09-06,TATASTEEL,INE081A01012,,598.0,607.8,594.5,600.3,6689716,4029086977.9,0.08012266719353645,48.09763711627993
2018-09-07,TATASTEEL,INE081A01012,,602.3,622.0,597.05,619.15,9445836,5784699814.35,0.08012266719353645,49.60794939287809
2018-09-10,TATASTEEL,INE081A01012,,619.95,625.0,611.25,613.65,6284258,3878183687.8,0.08012266719353645,49.16727472331364
2018-09-11,TATASTEEL,INE081A01012,,615.35,617.0,588.35,592.1,8111172,4901386963.1,0.08012266719353645,47.440631245292934
2018-09-12,TATASTEEL,INE081A01012,,592.5,607.2,583.1,605.55,8566384,5092355658.95,0.08012266719353645,48.518281119045994
2018-09-14,TATASTEEL,INE081A01012,,611.6,620.5,610.0,615.0,7975559,4914609664.45,0.08012266719353645,49.27544032402491
2018-09-17,TATASTEEL,INE081A01012,,610.0,624.4,605.55,616.4,7183891,4432155150.2,0.08012266719353645,49.38761205809586
2018-09-18,TATASTEEL,INE081A01012,,618.0,624.55,609.3,612.75,7828063,4830850181.6,0.08012266719353645,49.09516432283946
2018-09-19,TATASTEEL,INE081A01012,,618.0,630.8,617.4,621.2,10134627,6329645711.2,0.08012266719353645,49.77220086062484
2018-09-21,TATASTEEL,INE081A01012,,630.0,647.6,584.3,625.15,22977379,14431639493.4,0.08012266719353645,50.08868539603931
2018-09-24,TATASTEEL,INE081A01012,,618.9,626.25,595.65,607.7,11242914,6874487322.3,0.08012266719353645,48.6905448535121
2018-09-25,TATASTEEL,INE081A01012,,609.0,609.0,575.0,601.0,10985624,6521755736.2,0.08012266719353645,48.153722983315404
2018-09-26,TATASTEEL,INE081A01012,,605.0,614.15,598.0,608.9,8647720,5254611667.3,0.08012266719353645,48.78669205414434
2018-09-27,TATASTEEL,INE081A01012,,611.2,620.75,607.4,611.55,8239542,5067557687.05,0.08012266719353645,48.999017122207206
2018-09-28,TATASTEEL,INE081A01012,,612.0,612.0,575.0,581.25,13027007,7636819435.85,0.08012266719353645,46.57130030624306
2018-10-01,TATASTEEL,INE081A01012,,580.0,585.8,557.5,583.2,6972949,3997452283.75,0.08012266719353645,46.72753950727046
2018-10-03,TATASTEEL,INE081A01012,,584.0,594.4,576.2,579.6,7217063,4240910955.2,0.08012266719353645,46.43909790537373
2018-10-04,TATASTEEL,INE081A01012,,576.75,587.75,570.0,582.3,7629840,4435636380.9,0.08012266719353645,46.65542910679627
2018-10-05,TATASTEEL,INE081A01012,,580.0,586.0,562.3,568.0,7868967,4513967477.9,0.08012266719353645,45.5096749659287
2018-10-08,TATASTEEL,INE081A01012,,567.0,569.95,544.0,559.8,9171048,5103555391.8,0.08012266719353645,44.852669094941696
2018-10-09,TATASTEEL,INE081A01012,,560.0,583.9,554.55,572.5,7734434,4395974798.25,0.08012266719353645,45.87022696829961
2018-10-10,TATASTEEL,INE081A01012,,573.15,587.8,573.15,583.65,7153314,4158741772.6,0.08012266719353645,46.76359470750754
2018-10-11,TATASTEEL,INE081A01012,,557.0,564.0,549.05,555.15,10401643,5780998166.0,0.08012266719353645,44.48009869249176
2018-10-12,TATASTEEL,INE081A01012,,560.8,578.8,558.1,576.5,5733407,3270887737.15,0.08012266719353645,46.19071763707376
2018-10-15,TATASTEEL,INE081A01012,,578.25,579.45,566.5,570.0,4100183,2345137822.05,0.08012266719353645,45.66992030031577
2018-10-16,TATASTEEL,INE081A01012,,571.1,584.0,569.6,572.8,5660568,3262975297.85,0.08012266719353645,45.89426376845767
2018-10-17,TATASTEEL,INE081A01012,,578.05,579.5,552.1,554.65,5020576,2841879590.55,0.08012266719353645,44.44003735889499
2018-10-19,TATASTEEL,INE081A01012,,553.0,562.6,545.0,554.95,7718196,4284148301.8,0.08012266719353645,44.464074159053055
2018-10-22,TATASTEEL,INE081A01012,,559.0,561.2,541.55,544.75,5101951,2800429555.85,0.08012266719353645,43.64682295367898
2018-10-23,TATASTEEL,INE081A01012,,540.0,550.0,535.15,545.6,4634688,2511637930.35,0.08012266719353645,43.714927220793484
2018-10-24,TATASTEEL,INE081A01012,,552.0,554.6,541.4,550.05,4219617,2311018676.2,0.08012266719353645,44.07147308980472
2018-10-25,TATASTEEL,INE081A01012,,544.7,550.6,540.0,545.75,4467859,2433677154.25,0.08012266719353645,43.72694562087251
2018-10-26,TATASTEEL,INE081A01012,,547.6,561.6,541.1,551.55,6099413,3371320247.2,0.08012266719353645,44.19165709059502
2018-10-29,TATASTEEL,INE081A01012,,556.5,575.5,552.3,573.7,5738313,3232879289.6,0.08012266719353645,45.966374168931864
2018-10-30,TATASTEEL,INE081A01012,,571.25,572.0,563.1,564.5,4015319,2278048526.0,0.08012266719353645,45.22924563075132
2018-10-31,TATASTEEL,INE081A01012,,554.95,557.8,529.35,553.85,14070333,7662509430.6,0.08012266719353645,44.375939225140165
2018-11-01,TATASTEEL,INE081A01012,,555.8,563.9,554.0,556.6,5469057,3053935038.85,0.08012266719353645,44.59627655992239
2018-11-02,TATASTEEL,INE081A01012,,561.0,582.4,560.65,574.05,7979457,4583304685.85,0.08012266719353645,45.994417102449596
2018-11-05,TATASTEEL,INE081A01012,,574.0,583.6,567.5,577.45,4535856,2618235298.15,0.08012266719353645,46.26683417090762
2018-11-06,TATASTEEL,INE081A01012,,579.6,584.4,570.0,575.75,3910274,2256529051.05,0.08012266719353645,46.13062563667861
2018-11-09,TATASTEEL,INE081A01012,,579.35,579.35,568.45,572.2,4348716,2491071685.9,0.08012266719353645,45.84619016814156
2018-11-12,TATASTEEL,INE081A01012,,573.55,589.7,572.15,582.85,8120996,4723303908.15,0.08012266719353645,46.69949657375272
2018-11-13,TATASTEEL,INE081A01012,,583.0,591.5,579.1,589.2,7626487,4473748725.35,0.08012266719353645,47.208275510431676
2018-11-14,TATASTEEL,INE081A01012,,605.0,610.6,584.3,589.1,21649289,13002993782.9,0.08012266719353645,47.20026324371232
2018-11-15,TATASTEEL,INE081A01012,,590.3,596.9,581.45,589.35,6389521,3766615660.6,0.08012266719353645,47.220293910510705
2018-11-16,TATASTEEL,INE081A01012,,590.0,591.0,569.55,574.1,7456927,4313576069.0,0.08012266719353645,45.99842323580928
2018-11-19,TATASTEEL,INE081A01012,,577.45,583.8,574.0,582.4,4889287,2839467135.75,0.08012266719353645,46.663441373515624
2018-11-20,TATASTEEL,INE081A01012,,577.0,578.0,562.0,563.3,7636368,4339181799.85,0.08012266719353645,45.13309843011908
2018-11-21,TATASTEEL,INE081A01012,,562.0,562.0,550.0,551.4,11242898,6226910909.95,0.08012266719353645,44.17963869051599
2018-11-22,TATASTEEL,INE081A01012,,552.0,553.6,538.15,539.65,8541612,4654299226.1,0.08012266719353645,43.23819735099194
2018-11-26,TATASTEEL,INE081A01012,,544.0,544.0,521.65,530.7,10003787,5307158211.8,0.08012266719353645,42.521099479609795
2018-11-27,TATASTEEL,INE081A01012,,529.7,529.9,512.5,522.3,15790907,8239311433.7,0.08012266719353645,41.84806907518408
2018-11-28,TATASTEEL,INE081A01012,,522.3,528.9,518.65,523.95,11352466,5955236584.15,0.08012266719353645,41.980271476053424
2018-11-29,TATASTEEL,INE081A01012,,532.0,538.85,529.15,533.55,13929332,7441497368.95,0.08012266719353645,42.749449081111365
2018-11-30,TATASTEEL,INE081A01012,,535.0,536.8,525.5,529.5,7854071,4166768469.7,0.08012266719353645,42.42495227897755
2018-12-03,TATASTEEL,INE081A01012,,541.2,552.7,535.75,538.1,12092365,6564369904.8,0.08012266719353645,43.11400721684196
2018-12-04,TATASTEEL,INE081A01012,,532.7,540.5,532.15,538.2,6153810,3302580735.0,0.08012266719353645,43.12201948356132
2018-12-05,TATASTEEL,INE081A01012,,533.0,533.0,515.0,517.7,7078082,3700757620.35,0.08012266719353645,41.47950480609382
2018-12-06,TATASTEEL,INE081A01012,,513.25,521.7,501.0,510.2,12966714,6635510294.0,0.08012266719353645,40.87858480214229
2018-12-07,TATASTEEL,INE081A01012,,510.7,514.9,503.2,509.3,8252927,4191513366.0,0.08012266719353645,40.80647440166811
2018-12-10,TATASTEEL,INE081A01012,,499.4,509.5,497.0,502.85,5414705,2730566748.1,0.08012266719353645,40.289683198269806
2018-12-11,TATASTEEL,INE081A01012,,495.6,503.7,486.15,500.75,11242572,5581318087.6,0.08012266719353645,40.12142559716337
2018-12-12,TATASTEEL,INE081A01012,,506.0,522.5,505.5,520.25,8141983,4205218998.65,0.08012266719353645,41.683817607437334
2018-12-13,TATASTEEL,INE081A01012,,528.05,528.05,508.0,512.25,6810095,3525403821.6,0.08012266719353645,41.042836269889044
2018-12-14,TATASTEEL,INE081A01012,,511.0,517.8,506.5,513.55,5155980,2645889314.2,0.08012266719353645,41.14699573724064
2018-12-17,TATASTEEL,INE081A01012,,518.0,525.25,516.4,524.0,4804854,2504702284.55,0.08012266719353645,41.9842776094131
2018-12-18,TATASTEEL,INE081A01012,,523.0,528.4,519.6,527.0,5673527,2980727010.0,0.08012266719353645,42.224645610993704
2018-12-19,TATASTEEL,INE081A01012,,527.9,532.45,524.6,527.4,4928043,2604508634.25,0.08012266719353645,42.25669467787112
2018-12-20,TATASTEEL,INE081A01012,,520.0,527.0,520.0,523.35,3517335,1842044891.7,0.08012266719353645,41.9321978757373
2018-12-21,TATASTEEL,INE081A01012,,524.15,532.0,518.3,520.2,5969670,3130190247.5,0.08012266719353645,41.67981147407766
2018-12-24,TATASTEEL,INE081A01012,,518.0,520.7,512.0,513.7,4329440,2232059147.8,0.08012266719353645,41.15901413731967
2018-12-26,TATASTEEL,INE081A01012,,509.0,517.3,504.4,513.45,4953741,2526260383.7,0.08012266719353645,41.13898347052129
2018-12-27,TATASTEEL,INE081A01012,,518.0,519.8,504.95,506.5,5016931,2567051750.9,0.08012266719353645,40.58213093352621
2018-12-28,TATASTEEL,INE081A01012,,508.2,516.45,508.05,512.85,6307408,3238832364.25,0.08012266719353645,41.09090987020517
2018-12-31,TATASTEEL,INE081A01012,,520.0,525.0,516.2,521.05,7965812,4161995840.75,0.08012266719353645,41.74791574119216
2019-01-01,TATASTEEL,INE081A01012,,524.0,524.5,513.55,515.75,4128173,2132591489.6,0.08012266719353645,41.323265605066425
2019-01-02,TATASTEEL,INE081A01012,,506.0,506.8,492.0,493.65,11747350,5869348356.35,0.08012266719353645,39.552554660089264
2019-01-03,TATASTEEL,INE081A01012,,493.0,493.15,480.25,481.25,13532944,6576516802.65,0.08012266719353645,38.55903358688941
2019-01-04,TATASTEEL,INE081A01012,,481.0,492.85,479.55,487.65,10480072,5078693051.95,0.08012266719353645,39.071818656928045
2019-01-07,TATASTEEL,INE081A01012,,495.4,501.0,483.9,485.5,8406787,4142180744.25,0.08012266719353645,38.899554922461945
2019-01-08,TATASTEEL,INE081A01012,,485.65,493.35,483.8,491.35,6269706,3070402907.4,0.08012266719353645,39.368272525544135
2019-01-09,TATASTEEL,INE081A01012,,488.95,497.3,475.25,479.2,12696660,6115729117.85,0.08012266719353645,38.39478211914266
2019-01-10,TATASTEEL,INE081A01012,,480.0,484.15,477.5,480.4,7081000,3405518974.05,0.08012266719353645,38.49092931977491
2019-01-11,TATASTEEL,INE081A01012,,483.95,484.25,472.0,474.2,7540824,3613159030.65,0.08012266719353645,37.994168783174985
2019-01-14,TATASTEEL,INE081A01012,,474.2,474.4,466.8,470.85,5889917,2769278642.2,0.08012266719353645,37.72575784807664
2019-01-15,TATASTEEL,INE081A01012,,473.0,476.5,469.0,475.05,7603181,3595126273.25,0.08012266719353645,38.06227305028949
2019-01-16,TATASTEEL,INE081A01012,,476.1,479.9,472.7,474.55,5280293,2513183647.45,0.08012266719353645,38.02221171669272
2019-01-17,TATASTEEL,INE081A01012,,476.3,478.25,470.5,473.15,4281935,2030725755.3,0.08012266719353645,37.91003998262177
2019-01-18,TATASTEEL,INE081A01012,,473.55,477.7,468.0,470.65,4914849,2323281912.85,0.08012266719353645,37.70973331463792
2019-01-21,TATASTEEL,INE081A01012,,473.0,477.5,470.1,471.7,4613690,2182892635.75,0.08012266719353645,37.79386211519114
2019-01-22,TATASTEEL,INE081A01012,,470.7,470.7,455.0,456.55,8957766,4115802035.6,0.08012266719353645,36.580003707209066
2019-01-23,TATASTEEL,INE081A01012,,457.0,467.85,457.0,464.6,7259386,3366035255.25,0.08012266719353645,37.22499117811704
2019-01-24,TATASTEEL,INE081A01012,,464.5,464.5,457.2,460.75,4790846,2205431806.25,0.08012266719353645,36.91651890942192
2019-01-25,TATASTEEL,INE081A01012,,462.2,465.8,451.2,452.9,4157967,1907428570.3,0.08012266719353645,36.287555971952656
2019-01-28,TATASTEEL,INE081A01012,,452.9,453.95,443.3,445.7,4335147,1937777379.35,0.08012266719353645,35.71067276815919
2019-01-29,TATASTEEL,INE081A01012,,444.0,452.15,441.35,443.8,5225724,2336071743.45,0.08012266719353645,35.558439700491476
2019-01-30,TATASTEEL,INE081A01012,,446.7,471.4,446.7,467.45,10857925,5006670902.85,0.08012266719353645,37.453340779618614
2019-01-31,TATASTEEL,INE081A01012,,472.05,478.9,467.65,476.7,9243729,4385227307.55,0.08012266719353645,38.19447545115882
2019-02-01,TATASTEEL,INE081A01012,,477.0,482.0,470.0,474.7,5015994,2382933864.05,0.08012266719353645,38.03423011677175
2019-02-04,TATASTEEL,INE081A01012,,474.9,478.6,452.0,476.05,10972029,5069695126.2,0.08012266719353645,38.142395717483026
2019-02-05,TATASTEEL,INE081A01012,,477.0,477.0,459.45,464.7,7281927,3419782399.7,0.08012266719353645,37.233003444836385
2019-02-06,TATASTEEL,INE081A01012,,466.0,486.7,463.8,485.1,10999265,5257387351.25,0.08012266719353645,38.86750585558453
2019-02-07,TATASTEEL,INE081A01012,,483.45,491.4,478.1,489.05,7857338,3821106588.0,0.08012266719353645,39.183990390999
2019-02-08,TATASTEEL,INE081A01012,,483.0,487.75,465.95,468.75,8414514,4022025585.45,0.08012266719353645,37.55750024697021
2019-02-11,TATASTEEL,INE081A01012,,475.0,487.0,460.3,480.7,23262314,11051425898.1,0.08012266719353645,38.51496611993297
2019-02-12,TATASTEEL,INE081A01012,,478.4,497.2,476.7,487.4,18836111,9225953102.25,0.08012266719353645,39.05178799012966
2019-02-13,TATASTEEL,INE081A01012,,490.0,493.35,481.95,484.0,8403265,4092090883.7,0.08012266719353645,38.77937092167164
2019-02-14,TATASTEEL,INE081A01012,,482.0,486.35,475.4,482.55,6185042,2971847337.8,0.08012266719353645,38.66319305424101
2019-02-15,TATASTEEL,INE081A01012,,483.0,483.4,462.65,467.5,7499240,3523271517.45,0.08012266719353645,37.45734691297829
2019-02-18,TATASTEEL,INE081A01012,,468.9,477.0,464.4,465.55,6253514,2946442373.25,0.08012266719353645,37.30110771195089
2019-02-19,TATASTEEL,INE081A01012,,465.4,480.6,465.4,470.95,8224545,3888335059.3,0.08012266719353645,37.73377011479599
2019-02-20,TATASTEEL,INE081A01012,,472.5,493.85,472.5,491.15,15487251,7529873006.65,0.08012266719353645,39.352247992105426
2019-02-21,TATASTEEL,INE081A01012,,492.55,502.9,490.35,498.85,11782714,5861544729.35,0.08012266719353645,39.96919252949566
2019-02-22,TATASTEEL,INE081A01012,,497.0,504.0,492.1,502.3,10005723,4990238088.9,0.08012266719353645,40.24561573131336
2019-02-25,TATASTEEL,INE081A01012,,504.0,509.5,498.25,505.1,10357604,5219729441.65,0.08012266719353645,40.46995919945526
2019-02-26,TATASTEEL,INE081A01012,,498.0,508.6,491.7,503.6,9856299,4938691662.6,0.08012266719353645,40.34977519866496
2019-02-27,TATASTEEL,INE081A01012,,507.0,512.3,497.95,507.1,9444346,4779884389.6,0.08012266719353645,40.63020453384233
2019-02-28,TATASTEEL,INE081A01012,,506.6,511.0,498.3,500.45,7485418,3784668424.0,0.08012266719353645,40.097388797005316
2019-03-01,TATASTEEL,INE081A01012,,503.5,509.7,502.0,507.6,6672569,3380392882.0,0.08012266719353645,40.6702658674391
2019-03-05,TATASTEEL,INE081A01012,,508.4,522.9,505.2,521.75,9118037,4711295937.15,0.08012266719353645,41.804001608227644
2019-03-06,TATASTEEL,INE081A01012,,522.9,525.35,515.45,520.85,6311227,3283846067.6,0.08012266719353645,41.731891207753456
2019-03-07,TATASTEEL,INE081A01012,,519.85,523.2,513.55,521.15,6153631,3195129310.35,0.08012266719353645,41.755928007911514
2019-03-08,TATASTEEL,INE081A01012,,516.8,518.6,506.3,507.85,6504847,3332249496.15,0.08012266719353645,40.69029653423748
2019-03-11,TATASTEEL,INE081A01012,,510.0,522.4,509.5,520.65,5908275,3057897512.6,0.08012266719353645,41.715866674314746
2019-03-12,TATASTEEL,INE081A01012,,524.4,530.5,521.0,525.15,8298275,4361456393.15,0.08012266719353645,42.07641867668566
2019-03-13,TATASTEEL,INE081A01012,,525.0,525.0,512.6,513.75,6409153,3306762312.55,0.08012266719353645,41.16302027067935
2019-03-14,TATASTEEL,INE081A01012,,513.95,521.8,513.5,517.65,4496642,2326110205.3,0.08012266719353645,41.47549867273414
2019-03-15,TATASTEEL,INE081A01012,,518.0,520.95,512.45,515.45,4233938,2183486135.3,0.08012266719353645,41.29922880490837
2019-03-18,TATASTEEL,INE081A01012,,519.5,526.75,515.25,525.2,6317605,3292373248.05,0.08012266719353645,42.08042481004534
2019-03-19,TATASTEEL,INE081A01012,,527.8,531.9,520.65,527.5,6329840,3339572274.25,0.08012266719353645,42.26470694459047
2019-03-20,TATASTEEL,INE081A01012,,526.05,526.25,511.05,513.6,8702307,4493392411.0,0.08012266719353645,41.15100187060032
2019-03-22,TATASTEEL,INE081A01012,,517.0,524.0,515.6,518.4,5233446,2719921643.1,0.08012266719353645,41.53559067312929
2019-03-25,TATASTEEL,INE081A01012,,512.8,517.7,507.05,515.15,5036887,2578017967.4,0.08012266719353645,41.275192004750295
2019-03-26,TATASTEEL,INE081A01012,,516.0,520.95,514.15,519.35,3329825,1723110472.3,0.08012266719353645,41.61170720696315
2019-03-27,TATASTEEL,INE081A01012,,520.0,523.0,513.05,515.8,5239158,2710244403.8,0.08012266719353645,41.32727173842609
2019-03-28,TATASTEEL,INE081A01012,,514.4,516.45,504.8,506.3,8965093,4559529165.3,0.08012266719353645,40.566106400087506
2019-03-29,TATASTEEL,INE081A01012,,510.0,525.0,508.05,521.0,11965611,6210111239.75,0.08012266719353645,41.743909607832485
2019-04-01,TATASTEEL,INE081A01012,,530.0,544.0,528.1,535.15,13523554,7264014512.05,0.08012266719353645,42.87764534862103
2019-04-02,TATASTEEL,INE081A01012,,538.0,538.0,526.05,530.65,5086818,2699664111.6,0.08012266719353645,42.517093346250114
2019-04-03,TATASTEEL,INE081A01012,,536.9,547.6,533.45,535.45,11489680,6217871338.4,0.08012266719353645,42.901682148779095
2019-04-04,TATASTEEL,INE081A01012,,532.75,537.4,526.5,530.65,5259917,2794818731.6,0.08012266719353645,42.517093346250114
2019-04-05,TATASTEEL,INE081A01012,,531.2,551.0,531.2,549.3,10037713,5451399303.15,0.08012266719353645,44.01138108940957
2019-04-08,TATASTEEL,INE081A01012,,553.2,557.0,545.8,549.05,10600901,5843048494.95,0.08012266719353645,43.991350422611184
2019-04-09,TATASTEEL,INE081A01012,,551.0,555.0,540.25,553.05,6618936,3624736847.95,0.08012266719353645,44.311841091385325
2019-04-10,TATASTEEL,INE081A01012,,551.65,559.4,541.7,544.4,7889153,4358137993.05,0.08012266719353645,43.61878002016124
2019-04-11,TATASTEEL,INE081A01012,,541.0,546.4,533.5,535.7,6082398,3277756081.65,0.08012266719353645,42.92171281557748
2019-04-12,TATASTEEL,INE081A01012,,537.0,542.7,532.2,533.65,6274016,3360749919.1,0.08012266719353645,42.75746134783072
2019-04-15,TATASTEEL,INE081A01012,,536.9,555.0,536.05,553.15,10390317,5702306794.6,0.08012266719353645,44.31985335810468
2019-04-16,TATASTEEL,INE081A01012,,553.55,556.9,549.15,553.25,6323654,3499838648.4,0.08012266719353645,44.327865624824035
2019-04-18,TATASTEEL,INE081A01012,,553.5,554.5,536.7,543.1,6660522,3623433385.65,0.08012266719353645,43.514620552809646
2019-04-22,TATASTEEL,INE081A01012,,540.0,545.75,533.1,534.2,3697686,1989903420.45,0.08012266719353645,42.801528814787176
2019-04-23,TATASTEEL,INE081A01012,,534.95,538.5,521.5,523.35,5119376,2706527661.15,0.08012266719353645,41.9321978757373
2019-04-24,TATASTEEL,INE081A01012,,526.9,527.85,512.7,525.25,8376835,4355168353.45,0.08012266719353645,42.08443094340502
2019-04-25,TATASTEEL,INE081A01012,,522.0,529.3,509.0,510.75,8359418,4322170635.75,0.08012266719353645,40.92265226909874
2019-04-26,TATASTEEL,INE081A01012,,520.85,547.75,515.55,545.25,38181011,20573655705.9,0.08012266719353645,43.686884287275745
2019-04-30,TATASTEEL,INE081A01012,,543.05,560.8,535.7,557.2,14258161,7826868904.15,0.08012266719353645,44.64435016023851
2019-05-02,TATASTEEL,INE081A01012,,554.1,561.65,549.45,554.95,9010030,5005135551.4,0.08012266719353645,44.464074159053055
2019-05-03,TATASTEEL,INE081A01012,,554.0,556.0,546.6,547.8,5879636,3231425136.45,0.08012266719353645,43.89119708861926
2019-05-06,TATASTEEL,INE081A01012,,534.25,543.5,527.45,535.95,9964839,5338912267.05,0.08012266719353645,42.94174348237586
2019-05-07,TATASTEEL,INE081A01012,,544.95,544.95,529.0,530.6,6541498,3513956300.05,0.08012266719353645,42.51308721289044
2019-05-08,TATASTEEL,INE081A01012,,531.25,532.4,521.6,522.65,6478432,3410771509.9,0.08012266719353645,41.876112008701824
2019-05-09,TATASTEEL,INE081A01012,,522.55,526.4,516.35,519.15,5105597,2662130799.7,0.08012266719353645,41.59568267352444
2019-05-10,TATASTEEL,INE081A01012,,522.0,525.75,479.05,486.8,37240921,18354716011.2,0.08012266719353645,39.003714389813545
2019-05-13,TATASTEEL,INE081A01012,,480.1,488.0,463.4,472.3,15956920,7648655668.9,0.08012266719353645,37.84193571550726
2019-05-14,TATASTEEL,INE081A01012,,466.95,477.6,456.3,469.55,21128606,9849975646.2,0.08012266719353645,37.62159838072504
2019-05-15,TATASTEEL,INE081A01012,,473.05,480.95,460.65,462.95,12665057,5986859589.0,0.08012266719353645,37.0927887772477
2019-05-16,TATASTEEL,INE081A01012,,463.95,471.3,455.15,469.25,11254731,5222376276.05,0.08012266719353645,37.597561580566975
2019-05-17,TATASTEEL,INE081A01012,,465.05,471.5,461.0,469.45,7088486,3305586037.8,0.08012266719353645,37.613586114005685
2019-05-20,TATASTEEL,INE081A01012,,478.0,494.75,476.65,483.8,8457583,4114946452.4,0.08012266719353645,38.76334638823293
2019-05-21,TATASTEEL,INE081A01012,,484.85,484.9,468.75,472.55,6337058,3002158713.0,0.08012266719353645,37.861966382305646
2019-05-22,TATASTEEL,INE081A01012,,472.0,480.55,467.4,473.0,8364224,3960859318.8,0.08012266719353645,37.89802158254274
2019-05-23,TATASTEEL,INE081A01012,,477.6,486.5,462.05,464.7,9340376,4446385165.05,0.08012266719353645,37.233003444836385
2019-05-24,TATASTEEL,INE081A01012,,465.0,486.3,458.4,484.15,10882481,5163919946.75,0.08012266719353645,38.79138932175067
2019-05-27,TATASTEEL,INE081A01012,,484.5,514.3,483.55,512.55,18207705,9203120448.6,0.08012266719353645,41.0668730700471
2019-05-28,TATASTEEL,INE081A01012,,514.1,518.6,505.2,507.05,9960613,5094352939.7,0.08012266719353645,40.62619840048266
2019-05-29,TATASTEEL,INE081A01012,,505.7,511.75,491.85,493.3,8523687,4267080580.35,0.08012266719353645,39.52451172657153
2019-05-30,TATASTEEL,INE081A01012,,493.0,496.45,486.0,487.95,7204363,3528449986.25,0.08012266719353645,39.09585545708611
2019-05-31,TATASTEEL,INE081A01012,,490.8,494.75,481.05,488.3,10276991,5003502168.2,0.08012266719353645,39.12389839060385
2019-06-03,TATASTEEL,INE081A01012,,488.95,501.85,485.1,497.65,8505392,4217815321.85,0.08012266719353645,39.87304532886341
2019-06-04,TATASTEEL,INE081A01012,,496.0,502.75,491.9,497.65,6212566,3090358058.1,0.08012266719353645,39.87304532886341
2019-06-06,TATASTEEL,INE081A01012,,497.65,502.55,483.0,484.6,7222799,3543501792.3,0.08012266719353645,38.827444521987765
2019-06-07,TATASTEEL,INE081A01012,,483.0,489.9,475.8,482.1,6811104,3290882612.75,0.08012266719353645,38.62713785400392
2019-06-10,TATASTEEL,INE081A01012,,489.0,494.8,483.1,486.05,6850917,3348813959.75,0.08012266719353645,38.94362238941839
2019-06-11,TATASTEEL,INE081A01012,,489.9,494.15,487.0,492.5,6534548,3205175521.15,0.08012266719353645,39.4604135928167
2019-06-12,TATASTEEL,INE081A01012,,492.75,508.0,490.05,505.85,12755525,6419368126.5,0.08012266719353645,40.53005119985041
2019-06-13,TATASTEEL,INE081A01012,,504.0,505.85,496.55,502.55,7224857,3628648886.7,0.08012266719353645,40.26564639811174
2019-06-14,TATASTEEL,INE081A01012,,499.05,508.5,497.05,501.8,6605896,3332904628.0,0.08012266719353645,40.20555439771659
2019-06-17,TATASTEEL,INE081A01012,,500.1,500.85,472.05,473.1,11938286,5746886397.2,0.08012266719353645,37.906033849262094
2019-06-18,TATASTEEL,INE081A01012,,473.25,478.5,463.65,472.3,10639454,5005481219.6,0.08012266719353645,37.84193571550726
2019-06-19,TATASTEEL,INE081A01012,,482.1,498.4,482.1,494.1,18837523,9217529640.7,0.08012266719353645,39.58860986032636
2019-06-20,TATASTEEL,INE081A01012,,494.1,502.8,489.85,501.0,7826356,3883593558.4,0.08012266719353645,40.14145626396176
2019-06-21,TATASTEEL,INE081A01012,,500.0,500.9,494.45,497.65,6126246,3048148654.95,0.08012266719353645,39.87304532886341
2019-06-24,TATASTEEL,INE081A01012,,497.2,499.8,481.85,486.25,7262000,3555091742.75,0.08012266719353645,38.9596469228571
2019-06-25,TATASTEEL,INE081A01012,,474.0,499.8,473.95,498.0,13649119,6679334442.75,0.08012266719353645,39.90108826238115
2019-06-26,TATASTEEL,INE081A01012,,495.0,512.3,490.3,510.6,12960084,6500782206.15,0.08012266719353645,40.91063386901971
2019-06-27,TATASTEEL,INE081A01012,,511.5,516.45,506.65,510.7,11946714,6117712659.6,0.08012266719353645,40.91864613573906
2019-06-28,TATASTEEL,INE081A01012,,511.5,515.65,499.1,504.4,8760034,4426077660.95,0.08012266719353645,40.41387333241978
2019-07-01,TATASTEEL,INE081A01012,,509.85,514.85,503.15,506.95,8544375,4336947782.35,0.08012266719353645,40.6181861337633
2019-07-02,TATASTEEL,INE081A01012,,508.55,510.9,502.1,508.8,5724004,2902462780.6,0.08012266719353645,40.766413068071344
2019-07-03,TATASTEEL,INE081A01012,,507.9,514.8,504.6,510.3,6946409,3543911587.7,0.08012266719353645,40.88659706886165
2019-07-04,TATASTEEL,INE081A01012,,500.0,502.65,493.75,495.3,7263059,3620864122.7,0.08221716683865202,40.72216273518435
2019-07-05,TATASTEEL,INE081A01012,,496.5,498.5,475.3,478.35,7616348,3707754995.95,0.08221716683865202,39.32858175726919
2019-07-08,TATASTEEL,INE081A01012,,475.0,479.5,465.2,468.05,8082591,3812954614.0,0.08221716683865202,38.48174493883108
2019-07-09,TATASTEEL,INE081A01012,,469.0,472.0,462.55,468.45,6858580,3210493115.35,0.08221716683865202,38.51463180556654
2019-07-10,TATASTEEL,INE081A01012,,469.5,474.35,448.05,454.8,13481344,6181755162.25,0.08221716683865202,37.39236747821894
2019-07-11,TATASTEEL,INE081A01012,,461.3,466.5,453.7,462.0,9987038,4601535016.4,0.08221716683865202,37.984331079457235
2019-07-12,TATASTEEL,INE081A01012,,464.3,479.45,460.25,472.9,13244118,6254654789.65,0.08221716683865202,38.880498197998534
2019-07-15,TATASTEEL,INE081A01012,,478.0,478.25,463.35,468.3,7806079,3653973681.45,0.08221716683865202,38.50229923054074
2019-07-16,TATASTEEL,INE081A01012,,465.1,478.6,464.1,476.7,6435210,3054125365.1,0.08221716683865202,39.19292343198541
2019-07-17,TATASTEEL,INE081A01012,,476.0,479.8,468.5,475.7,5479322,2602057943.55,0.08221716683865202,39.11070626514676
2019-07-18,TATASTEEL,INE081A01012,,473.0,475.35,463.85,466.6,5233173,2449718884.1,0.08221716683865202,38.36253004691503
2019-07-19,TATASTEEL,INE081A01012,,470.0,473.0,453.25,458.05,7284885,3366202226.9,0.08221716683865202,37.65957327044456
2019-07-22,TATASTEEL,INE081A01012,,458.05,467.3,451.2,465.55,6954452,3203493283.75,0.08221716683865202,38.27620202173445
2019-07-23,TATASTEEL,INE081A01012,,466.2,467.9,456.75,459.85,5529284,2550315179.45,0.08221716683865202,37.807564170754134
2019-07-24,TATASTEEL,INE081A01012,,460.95,463.0,443.1,446.0,8342001,3740850191.4,0.08221716683865202,36.6688564100388
2019-07-25,TATASTEEL,INE081A01012,,448.0,451.95,438.3,440.35,7528091,3333541337.7,0.08221716683865202,36.204329417400416
2019-07-26,TATASTEEL,INE081A01012,,439.0,448.2,435.65,445.5,6585786,2921526856.95,0.08221716683865202,36.627747826619476
2019-07-29,TATASTEEL,INE081A01012,,445.55,445.9,431.0,433.45,7872723,3432475149.3,0.08221716683865202,35.637030966213715
2019-07-30,TATASTEEL,INE081A01012,,434.9,441.9,406.2,415.05,9462921,4047103443.55,0.08221716683865202,34.12423509638252
2019-07-31,TATASTEEL,INE081A01012,,413.0,433.6,409.5,432.05,11541800,4890712584.5,0.08221716683865202,35.5219269326396
2019-08-01,TATASTEEL,INE081A01012,,427.5,431.9,414.8,420.0,9421985,3978033480.05,0.08221716683865202,34.53121007223385
2019-08-02,TATASTEEL,INE081A01012,,413.9,417.15,404.6,409.1,13485952,5535345839.95,0.08221716683865202,33.63504295369254
2019-08-05,TATASTEEL,INE081A01012,,403.95,403.95,389.7,399.25,11288854,4469561816.6,0.08221716683865202,32.82520386033182
2019-08-06,TATASTEEL,INE081A01012,,393.65,408.0,393.65,401.6,10197585,4102691822.85,0.08221716683865202,33.01841420240265
2019-08-07,TATASTEEL,INE081A01012,,395.0,396.5,375.85,381.9,13301609,5146649806.3,0.08221716683865202,31.398736015681205
2019-08-08,TATASTEEL,INE081A01012,,379.0,379.5,360.6,367.4,22826394,8399329302.2,0.08221716683865202,30.20658709652075
2019-08-09,TATASTEEL,INE081A01012,,370.5,373.65,360.85,362.35,13352761,4907038607.35,0.08221716683865202,29.79139040398556
2019-08-13,TATASTEEL,INE081A01012,,361.7,367.6,345.35,348.7,14782051,5248899892.6,0.08221716683865202,28.66912607663796
2019-08-14,TATASTEEL,INE081A01012,,353.6,370.75,353.4,364.65,18738769,6819079038.45,0.08221716683865202,29.980489887714455
2019-08-16,TATASTEEL,INE081A01012,,360.0,366.9,355.45,363.05,11920211,4304237743.75,0.08221716683865202,29.848942420772616
2019-08-19,TATASTEEL,INE081A01012,,365.9,366.95,357.15,359.55,9884966,3565006470.8,0.08221716683865202,29.561182336837334
2019-08-20,TATASTEEL,INE081A01012,,359.7,361.85,353.15,358.25,9363734,3348725604.55,0.08221716683865202,29.454300019947084
2019-08-21,TATASTEEL,INE081A01012,,357.0,358.2,341.85,343.0,11423378,3973239595.05,0.08221716683865202,28.20048822565764
2019-08-22,TATASTEEL,INE081A01012,,339.9,346.95,330.4,333.7,15459800,5241659680.6,0.08221716683865202,27.435868574058176
2019-08-23,TATASTEEL,INE081A01012,,333.0,348.95,330.35,345.25,11210134,3834437068.95,0.08221716683865202,28.385476851044608
2019-08-26,TATASTEEL,INE081A01012,,346.4,347.6,322.2,338.05,23764999,7901742904.4,0.08221716683865202,27.793513249806317
2019-08-27,TATASTEEL,INE081A01012,,340.95,354.7,340.15,350.9,17375296,6073123437.75,0.08221716683865202,28.85000384368299
2019-08-28,TATASTEEL,INE081A01012,,350.9,350.9,333.4,336.95,12641716,4307126517.7,0.08221716683865202,27.703074366283797
2019-08-29,TATASTEEL,INE081A01012,,334.0,342.65,328.6,335.55,13481310,4515599669.65,0.08221716683865202,27.587970332709684
2019-08-30,TATASTEEL,INE081A01012,,342.0,347.5,337.2,344.9,17972207,6158668366.15,0.08221716683865202,28.35670084265108
2019-09-03,TATASTEEL,INE081A01012,,341.0,341.15,329.0,331.4,9220653,3088217935.35,0.08221716683865202,27.246769090329277
2019-09-04,TATASTEEL,INE081A01012,,331.4,340.95,327.3,339.25,12904710,4311937508.4,0.08221716683865202,27.892173850012696
2019-09-05,TATASTEEL,INE081A01012,,346.0,352.0,342.25,345.15,14250885,4947431383.0,0.08221716683865202,28.37725513436074
2019-09-06,TATASTEEL,INE081A01012,,347.0,357.85,342.85,355.4,11555487,4043922597.25,0.08221716683865202,29.219981094456926
2019-09-09,TATASTEEL,INE081A01012,,355.4,360.6,348.15,353.8,14329619,5088147169.5,0.08221716683865202,29.088433627515084
2019-09-11,TATASTEEL,INE081A01012,,355.3,368.7,355.2,367.05,13650027,4966418765.1,0.08221716683865202,30.177811088127225
2019-09-12,TATASTEEL,INE081A01012,,368.8,379.5,363.0,365.05,18846820,6990702212.85,0.08221716683865202,30.01337675444992
2019-09-13,TATASTEEL,INE081A01012,,367.0,369.15,357.75,367.35,11622249,4221803747.95,0.08221716683865202,30.20247623817882
2019-09-16,TATASTEEL,INE081A01012,,362.0,366.4,358.6,361.1,8064319,2919733222.95,0.08221716683865202,29.688618945437245
2019-09-17,TATASTEEL,INE081A01012,,361.2,366.0,342.05,344.95,13198400,4700653868.35,0.08221716683865202,28.36081170099301
2019-09-18,TATASTEEL,INE081A01012,,348.0,361.3,345.35,358.25,16253184,5764486361.45,0.08221716683865202,29.454300019947084
2019-09-19,TATASTEEL,INE081A01012,,356.0,356.0,340.05,344.65,13656495,4727626037.0,0.08221716683865202,28.336146550941415
2019-09-20,TATASTEEL,INE081A01012,,347.9,381.0,344.1,368.55,26764714,9793317002.95,0.08221716683865202,30.3011368383852
2019-09-23,TATASTEEL,INE081A01012,,377.6,388.85,369.0,377.35,16393164,6191827488.5,0.08221716683865202,31.02464790656534
2019-09-24,TATASTEEL,INE081A01012,,378.0,379.3,368.2,370.8,9578989,3569741704.25,0.08221716683865202,30.48612546377217
2019-09-25,TATASTEEL,INE081A01012,,367.5,367.95,357.55,362.05,9116985,3295210272.15,0.08221716683865202,29.766725253933963
2019-09-26,TATASTEEL,INE081A01012,,365.0,379.35,363.35,375.75,14066152,5210205747.2,0.08221716683865202,30.893100439623495
2019-09-27,TATASTEEL,INE081A01012,,373.0,373.5,358.0,359.65,10568777,3840379661.9,0.08221716683865202,29.569404053521197
2019-09-30,TATASTEEL,INE081A01012,,355.0,363.7,345.6,360.5,14719696,5190231897.3,0.08221716683865202,29.63928864533405
2019-10-01,TATASTEEL,INE081A01012,,362.0,364.7,344.1,351.55,12564189,4440550036.3,0.08221716683865202,28.903445002128116
2019-10-03,TATASTEEL,INE081A01012,,346.5,348.9,338.45,339.6,12130956,4164165672.6,0.08221716683865202,27.920949858406228
2019-10-04,TATASTEEL,INE081A01012,,344.75,344.8,331.1,333.1,11445216,3883244330.65,0.08221716683865202,27.38653827395499
2019-10-07,TATASTEEL,INE081A01012,,334.85,338.25,323.5,324.8,12415780,4106953794.3,0.08221716683865202,26.704135789194176
2019-10-09,TATASTEEL,INE081A01012,,323.35,338.0,320.35,336.45,14776741,4842140418.85,0.08221716683865202,27.66196578286447
2019-10-10,TATASTEEL,INE081A01012,,332.9,334.55,328.0,329.95,11507498,3803201913.2,0.08221716683865202,27.127554198413232
2019-10-11,TATASTEEL,INE081A01012,,335.0,342.45,332.0,339.0,17158849,5791198671.3,0.08221716683865202,27.871619558303035
2019-10-14,TATASTEEL,INE081A01012,,345.75,352.75,342.95,344.85,16723963,5818040643.05,0.08221716683865202,28.35258998430915
2019-10-15,TATASTEEL,INE081A01012,,345.05,358.35,338.7,349.2,17972207,6244427610.25,0.08221716683865202,28.710234660057285
2019-10-16,TATASTEEL,INE081A01012,,353.8,353.8,345.25,347.4,12814302,4465988769.7,0.08221716683865202,28.56224375974771
2019-10-17,TATASTEEL,INE081A01012,,346.0,361.35,340.35,356.1,16695158,5804159307.6,0.08221716683865202,29.277533111243986
2019-10-18,TATASTEEL,INE081A01012,,355.95,362.8,351.75,359.6,16568036,5927009006.35,0.08221716683865202,29.56529319517927
2019-10-22,TATASTEEL,INE081A01012,,357.5,363.8,353.0,354.5,11944283,4276834412.35,0.08221716683865202,29.14598564430214
2019-10-23,TATASTEEL,INE081A01012,,352.0,358.75,349.25,356.2,9318450,3306122409.95,0.08221716683865202,29.285754827927846
2019-10-24,TATASTEEL,INE081A01012,,356.05,362.0,353.8,359.9,10973402,3931033695.0,0.08221716683865202,29.58995834523086
2019-10-25,TATASTEEL,INE081A01012,,356.3,368.95,356.05,362.25,14996692,5459593473.85,0.08221716683865202,29.783168687301693
2019-10-29,TATASTEEL,INE081A01012,,365.55,399.7,365.55,390.2,25155314,9734232616.75,0.08221716683865202,32.081138500442016
2019-10-30,TATASTEEL,INE081A01012,,389.9,393.7,384.3,388.0,14371442,5579675394.1,0.08221716683865202,31.900260733396983
2019-10-31,TATASTEEL,INE081A01012,,388.9,390.1,376.2,380.55,21756023,8347666008.75,0.08221716683865202,31.287742840449027
2019-11-01,TATASTEEL,INE081A01012,,380.05,402.9,378.0,399.5,24111195,9421660535.5,0.08221716683865202,32.84575815204148
2019-11-04,TATASTEEL,INE081A01012,,403.0,421.7,403.0,409.15,28934434,12000423201.45,0.08221716683865202,33.63915381203447
2019-11-05,TATASTEEL,INE081A01012,,414.0,417.9,401.6,403.95,20874434,8570115266.2,0.08221716683865202,33.21162454447348
2019-11-06,TATASTEEL,INE081A01012,,402.0,408.9,398.7,404.45,17935147,7237389422.6,0.08221716683865202,33.25273312789281
2019-11-07,TATASTEEL,INE081A01012,,404.0,408.85,388.8,403.1,40700760,16219980787.95,0.08221716683865202,33.14173995266063
2019-11-08,TATASTEEL,INE081A01012,,401.5,406.2,395.1,397.95,21423520,8579105102.25,0.08221716683865202,32.71832154344157
2019-11-11,TATASTEEL,INE081A01012,,395.5,403.75,394.0,401.45,13573974,5431300411.95,0.08221716683865202,33.00608162737685
2019-11-13,TATASTEEL,INE081A01012,,400.9,408.85,392.7,397.9,17511469,7066157296.1,0.08221716683865202,32.71421068509964
2019-11-14,TATASTEEL,INE081A01012,,396.1,398.7,389.4,391.95,10869425,4275639966.4,0.08221716683865202,32.22501854240966
2019-11-15,TATASTEEL,INE081A01012,,392.0,403.0,390.6,394.5,11813259,4680282213.85,0.08221716683865202,32.43467231784822
2019-11-18,TATASTEEL,INE081A01012,,396.4,412.6,396.0,410.05,18906528,7677620941.35,0.08221716683865202,33.71314926218926
2019-11-19,TATASTEEL,INE081A01012,,414.0,414.85,400.0,401.75,14265083,5801228681.8,0.08221716683865202,33.03074677742845
2019-11-20,TATASTEEL,INE081A01012,,401.0,408.5,397.3,398.7,12255602,4927384791.65,0.08221716683865202,32.77998441857056
2019-11-21,TATASTEEL,INE081A01012,,399.0,399.15,383.25,385.1,10208554,3997578569.7,0.08221716683865202,31.661830949564894
2019-11-22,TATASTEEL,INE081A01012,,386.0,402.8,383.1,400.0,17271949,6770144624.0,0.08221716683865202,32.886866735460806
2019-11-25,TATASTEEL,INE081A01012,,405.25,421.0,403.0,419.5,27612458,11451946653.85,0.08221716683865202,34.490101488814524
2019-11-26,TATASTEEL,INE081A01012,,425.0,429.3,416.75,424.15,28276312,11990386157.5,0.08221716683865202,34.872411314614254
2019-11-27,TATASTEEL,INE081A01012,,425.3,427.0,419.2,421.35,10984679,4640497190.05,0.08221716683865202,34.64220324746603
2019-11-28,TATASTEEL,INE081A01012,,422.2,434.3,422.15,432.1,15766073,6769014736.15,0.08221716683865202,35.52603779098154
2019-11-29,TATASTEEL,INE081A01012,,427.45,429.5,421.1,427.5,12631956,5377122959.7,0.08221716683865202,35.147838823523735
2019-12-02,TATASTEEL,INE081A01012,,424.95,426.95,419.0,420.85,8337171,3523717204.65,0.08221716683865202,34.601094664046705
2019-12-03,TATASTEEL,INE081A01012,,418.0,418.55,396.4,399.65,16870656,6836117586.55,0.08221716683865202,32.85809072706728
2019-12-04,TATASTEEL,INE081A01012,,392.8,411.45,389.0,409.3,26113249,10413706750.8,0.08221716683865202,33.651486387060274
2019-12-05,TATASTEEL,INE081A01012,,411.05,411.85,397.1,399.8,11110884,4479571870.45,0.08221716683865202,32.87042330209308
2019-12-06,TATASTEEL,INE081A01012,,401.45,407.5,393.85,403.25,16931082,6814977768.85,0.08221716683865202,33.154072527686424
2019-12-09,TATASTEEL,INE081A01012,,403.0,411.8,401.95,406.7,12318452,5029980261.85,0.08221716683865202,33.437721753279774
2019-12-10,TATASTEEL,INE081A01012,,405.0,409.6,400.2,402.05,9349585,3785915480.15,0.08221716683865202,33.055411927480044
2019-12-11,TATASTEEL,INE081A01012,,402.4,408.2,400.35,405.55,8227863,3324993820.55,0.08221716683865202,33.34317201141533
2019-12-12,TATASTEEL,INE081A01012,,408.3,420.9,406.8,418.7,14984671,6230711328.2,0.08221716683865202,34.4243277553436
2019-12-13,TATASTEEL,INE081A01012,,430.25,434.6,423.45,428.4,21628183,9275952058.45,0.08221716683865202,35.221834273678525
2019-12-16,TATASTEEL,INE081A01012,,432.0,432.0,420.15,421.0,9565831,4058967308.85,0.08221716683865202,34.6134272390725
2019-12-17,TATASTEEL,INE081A01012,,423.6,441.9,423.05,439.4,30757738,13416253671.45,0.08221716683865202,36.126223108903694
2019-12-18,TATASTEEL,INE081A01012,,439.4,454.8,436.05,444.75,40028398,17860189439.8,0.08221716683865202,36.56608495149048
2019-12-19,TATASTEEL,INE081A01012,,440.0,449.4,438.0,446.75,20547286,9101785800.45,0.08221716683865202,36.73051928516779
2019-12-20,TATASTEEL,INE081A01012,,446.0,463.4,443.1,461.0,26931262,12275913985.2,0.08221716683865202,37.90211391261858
2019-12-23,TATASTEEL,INE081A01012,,461.0,467.5,457.05,462.15,18631143,8616303425.1,0.08221716683865202,37.99666365448303
2019-12-24,TATASTEEL,INE081A01012,,462.2,464.7,459.4,463.0,11235505,5197495200.65,0.08221716683865202,38.06654824629588
2019-12-26,TATASTEEL,INE081A01012,,463.0,472.0,463.0,467.9,18255603,8559578182.8,0.08221716683865202,38.469412363805276
2019-12-27,TATASTEEL,INE081A01012,,469.25,471.8,463.2,469.5,11144333,5209183537.65,0.08221716683865202,38.60095983074712
2019-12-30,TATASTEEL,INE081A01012,,470.1,476.3,465.1,474.75,11462074,5394076406.2,0.08221716683865202,39.032599956650046
2019-12-31,TATASTEEL,INE081A01012,,472.65,475.3,469.5,472.05,9644145,4557793228.8,0.08221716683865202,38.81061360618568
2020-01-01,TATASTEEL,INE081A01012,,473.0,476.5,464.8,467.75,12100530,5684709148.0,0.08221716683865202,38.45707978877948
2020-01-02,TATASTEEL,INE081A01012,,472.0,487.8,472.0,484.85,21674961,10423060443.8,0.08221716683865202,39.86299334172043
2020-01-03,TATASTEEL,INE081A01012,,483.0,486.2,479.45,483.7,12956863,6253074226.4,0.08221716683865202,39.76844359985598
2020-01-06,TATASTEEL,INE081A01012,,480.0,480.0,470.55,473.25,9601608,4560244586.05,0.08221716683865202,38.90927420639207
2020-01-07,TATASTEEL,INE081A01012,,475.5,484.6,473.55,476.1,13195788,6325894944.9,0.08221716683865202,39.14359313188223
2020-01-08,TATASTEEL,INE081A01012,,471.65,478.15,467.0,475.25,13304841,6282533576.1,0.08221716683865202,39.07370854006937
2020-01-09,TATASTEEL,INE081A01012,,485.0,486.0,479.1,483.15,10131152,4891767486.85,0.08221716683865202,39.72322415809472
2020-01-10,TATASTEEL,INE081A01012,,485.5,493.85,480.0,486.2,15927634,7767626596.9,0.08221716683865202,39.97398651695261
2020-01-13,TATASTEEL,INE081A01012,,491.1,497.0,487.75,495.75,10942750,5390918649.8,0.08221716683865202,40.75916046026174
2020-01-14,TATASTEEL,INE081A01012,,496.45,506.0,495.75,498.6,15660822,7841540774.5,0.08221716683865202,40.9934793857519
2020-01-15,TATASTEEL,INE081A01012,,491.9,503.55,489.15,502.1,12117948,6030800139.7,0.08221716683865202,41.28123946968718
2020-01-16,TATASTEEL,INE081A01012,,502.0,504.05,492.1,494.4,10438369,5166607484.95,0.08221716683865202,40.64816728502956
2020-01-17,TATASTEEL,INE081A01012,,493.3,498.9,491.9,495.25,5682460,2817122074.85,0.08221716683865202,40.71805187684241
2020-01-20,TATASTEEL,INE081A01012,,497.0,499.8,489.15,490.65,7291878,3594231285.75,0.08221716683865202,40.33985290938461
2020-01-21,TATASTEEL,INE081A01012,,487.8,487.8,473.5,476.15,11315803,5443160301.1,0.08221716683865202,39.14770399022416
2020-01-22,TATASTEEL,INE081A01012,,478.65,479.85,473.2,475.05,7662171,3651519780.4,0.08221716683865202,39.05726510670164
2020-01-23,TATASTEEL,INE081A01012,,475.9,481.85,473.15,480.25,7200020,3448760303.0,0.08221716683865202,39.484794374262634
2020-01-24,TATASTEEL,INE081A01012,,480.3,485.1,476.45,483.4,7481130,3609061420.6,0.08221716683865202,39.74377844980438
2020-01-27,TATASTEEL,INE081A01012,,477.75,477.75,460.1,462.45,12963119,6050040151.8,0.08221716683865202,38.021328804534626
2020-01-28,TATASTEEL,INE081A01012,,460.0,462.0,442.0,446.25,18015283,8134839761.2,0.08221716683865202,36.689410701748464
2020-01-29,TATASTEEL,INE081A01012,,452.8,459.7,449.6,452.2,11081834,5038852123.95,0.08221716683865202,37.178602844438444
2020-01-30,TATASTEEL,INE081A01012,,451.9,454.45,441.4,448.55,14652016,6554832560.05,0.08221716683865202,36.87851018547736
2020-01-31,TATASTEEL,INE081A01012,,453.0,454.25,436.45,438.7,10738727,4773521334.0,0.08221716683865202,36.06867109211664
2020-02-03,TATASTEEL,INE081A01012,,418.0,439.0,416.6,436.05,16237126,6938896142.5,0.08221716683865202,35.850795599994214
2020-02-04,TATASTEEL,INE081A01012,,442.0,453.4,433.45,451.9,13336263,5952188084.8,0.08221716683865202,37.15393769438685
2020-02-05,TATASTEEL,INE081A01012,,452.25,479.7,448.0,475.05,16056765,7428094432.45,0.08221716683865202,39.05726510670164
2020-02-06,TATASTEEL,INE081A01012,,478.0,487.25,471.6,477.6,16666074,8017549957.1,0.08221716683865202,39.2669188821402
2020-02-07,TATASTEEL,INE081A01012,,475.7,479.7,468.85,471.0,11649909,5512185950.7,0.08221716683865202,38.7242855810051
2020-02-10,TATASTEEL,INE081A01012,,460.25,463.25,440.0,443.8,26796048,11996813737.1,0.08221716683865202,36.48797864299377
2020-02-11,TATASTEEL,INE081A01012,,448.35,457.7,442.7,444.1,16824371,7588614424.95,0.08221716683865202,36.51264379304536
2020-02-12,TATASTEEL,INE081A01012,,450.0,454.5,442.55,447.95,11785858,5280796934.2,0.08221716683865202,36.82917988537417
2020-02-13,TATASTEEL,INE081A01012,,448.75,451.7,439.35,441.25,9965221,4418899311.95,0.08221716683865202,36.278324867555206
2020-02-14,TATASTEEL,INE081A01012,,441.0,445.55,433.35,434.55,9484817,4176185868.1,0.08221716683865202,35.72746984973624
2020-02-17,TATASTEEL,INE081A01012,,435.5,440.9,433.0,436.85,9724765,4252482852.5,0.08221716683865202,35.916569333465134
2020-02-18,TATASTEEL,INE081A01012,,434.0,435.15,421.3,431.4,11502423,4908955875.9,0.08221716683865202,35.46848577419448
2020-02-19,TATASTEEL,INE081A01012,,436.45,438.5,428.15,433.2,8465109,3667058174.25,0.08221716683865202,35.61647667450405
2020-02-20,TATASTEEL,INE081A01012,,429.0,447.7,428.0,443.55,12980237,5723969543.25,0.08221716683865202,36.4674243512841
2020-02-24,TATASTEEL,INE081A01012,,434.85,434.85,413.35,415.45,17523142,7429334259.5,0.08221716683865202,34.15712196311798
2020-02-25,TATASTEEL,INE081A01012,,419.0,425.55,414.4,421.3,14558176,6120091722.5,0.08221716683865202,34.6380923891241
2020-02-26,TATASTEEL,INE081A01012,,411.3,419.4,411.3,416.3,14270706,5934249599.6,0.08221716683865202,34.22700655493084
2020-02-27,TATASTEEL,INE081A01012,,414.9,415.9,407.05,412.8,10226379,4204395291.5,0.08221716683865202,33.939246470995556
2020-02-28,TATASTEEL,INE081A01012,,398.7,398.95,375.0,381.75,24532833,9410451642.9,0.08221716683865202,31.386403440655407
2020-03-02,TATASTEEL,INE081A01012,,393.7,394.0,358.0,364.05,20220772,7680564293.85,0.08221716683865202,29.93115958761127
2020-03-03,TATASTEEL,INE081A01012,,373.5,391.0,370.1,387.55,18648933,7056030398.2,0.08221716683865202,31.86326300831959
2020-03-04,TATASTEEL,INE081A01012,,388.05,389.9,365.1,377.15,22937148,8572706132.0,0.08221716683865202,31.008204473197605
2020-03-05,TATASTEEL,INE081A01012,,383.95,387.8,374.3,375.75,14628468,5564489039.4,0.08221716683865202,30.893100439623495
2020-03-06,TATASTEEL,INE081A01012,,356.95,358.3,346.65,351.5,14848188,5235996665.0,0.08221716683865202,28.899334143786184
2020-03-09,TATASTEEL,INE081A01012,,337.5,337.7,319.75,322.3,20423826,6685868769.3,0.08221716683865202,26.498592872097547
2020-03-11,TATASTEEL,INE081A01012,,324.0,326.05,296.1,299.75,28693709,8840328886.7,0.08221716683865202,24.64459575988594
2020-03-12,TATASTEEL,INE081A01012,,275.0,291.8,267.2,287.45,43767763,12317269147.15,0.08221716683865202,23.633324607770522
2020-03-13,TATASTEEL,INE081A01012,,270.0,332.1,255.35,326.7,33842310,10211421110.45,0.08221716683865202,26.86034840618761
2020-03-16,TATASTEEL,INE081A01012,,304.0,317.65,287.1,289.6,23606452,7131488009.8,0.08221716683865202,23.810091516473626
2020-03-17,TATASTEEL,INE081A01012,,300.0,307.65,280.5,282.75,20654603,6082202960.2,0.08221716683865202,23.246903923628857
2020-03-18,TATASTEEL,INE081A01012,,290.0,293.15,275.7,280.85,18772675,5287435067.7,0.08221716683865202,23.09069130663542
2020-03-19,TATASTEEL,INE081A01012,,268.95,284.5,260.5,271.85,18723257,5138057805.8,0.08221716683865202,22.350736805087553
2020-03-20,TATASTEEL,INE081A01012,,279.7,305.0,274.15,297.75,17307882,4971827314.15,0.08221716683865202,24.48016142620864
2020-03-23,TATASTEEL,INE081A01012,,268.0,278.0,253.55,271.15,12100684,3202196946.3,0.08221716683865202,22.293184788300493
2020-03-24,TATASTEEL,INE081A01012,,277.05,285.65,258.6,271.9,12928877,3492518886.05,0.08221716683865202,22.35484766342948
2020-03-25,TATASTEEL,INE081A01012,,267.05,295.0,267.05,286.8,9442834,2644775539.45,0.08221716683865202,23.5798834493254
2020-03-26,TATASTEEL,INE081A01012,,290.0,295.5,280.1,284.45,11493837,3316356966.8,0.08221716683865202,23.386673107254566
2020-03-27,TATASTEEL,INE081A01012,,291.0,295.25,274.2,277.25,11184139,3159161558.7,0.08221716683865202,22.79470950601627
2020-03-30,TATASTEEL,INE081A01012,,267.0,270.75,250.85,254.05,15853761,4122028384.35,0.08221716683865202,20.887271235359545
2020-03-31,TATASTEEL,INE081A01012,,262.25,272.45,259.7,269.6,15787411,4207057234.2,0.08221716683865202,22.165748179700586
2020-04-01,TATASTEEL,INE081A01012,,266.0,267.95,258.1,266.35,11965031,3142149954.15,0.08221716683865202,21.898542387474965
2020-04-03,TATASTEEL,INE081A01012,,267.7,268.9,251.0,253.75,12528030,3203160554.55,0.08221716683865202,20.86260608530795
2020-04-07,TATASTEEL,INE081A01012,,266.05,277.7,261.2,276.2,15956873,4310467411.6,0.08221716683865202,22.708381480835687
2020-04-08,TATASTEEL,INE081A01012,,271.0,292.9,266.65,274.75,20435156,5760222351.5,0.08221716683865202,22.589166588919642
2020-04-09,TATASTEEL,INE081A01012,,280.5,289.6,277.65,284.85,13855788,3929956073.9,0.08221716683865202,23.41955997399003
2020-04-13,TATASTEEL,INE081A01012,,285.0,292.0,273.85,282.55,15510598,4359767281.25,0.08221716683865202,23.230460490261127
2020-04-15,TATASTEEL,INE081A01012,,287.4,295.65,281.9,285.15,20991943,6072528289.45,0.08221716683865202,23.44422512404162
2020-04-16,TATASTEEL,INE081A01012,,276.0,291.9,276.0,288.9,17248806,4928719772.1,0.08221716683865202,23.752539499686566
2020-04-17,TATASTEEL,INE081A01012,,297.5,299.7,285.5,293.35,17492884,5096770272.8,0.08221716683865202,24.11840589211857
2020-04-20,TATASTEEL,INE081A01012,,294.8,295.0,285.1,286.4,11961355,3460143136.05,0.08221716683865202,23.546996582589937
2020-04-21,TATASTEEL,INE081A01012,,280.05,281.0,263.25,265.95,16925417,4512317904.45,0.08221716683865202,21.8656555207395
2020-04-22,TATASTEEL,INE081A01012,,266.1,269.9,259.2,268.35,14789857,3926075621.85,0.08221716683865202,22.06297672115227
2020-04-23,TATASTEEL,INE081A01012,,270.0,279.0,269.0,270.3,15468122,4243125772.4,0.08221716683865202,22.223300196487642
2020-04-24,TATASTEEL,INE081A01012,,266.3,273.85,264.45,267.55,12383846,3340556827.25,0.08221716683865202,21.997202987681348
2020-04-27,TATASTEEL,INE081A01012,,274.0,276.9,270.5,271.65,12410812,3393162809.4,0.08221716683865202,22.33429337171982
2020-04-28,TATASTEEL,INE081A01012,,273.9,275.4,269.55,273.55,8548134,2329381054.0,0.08221716683865202,22.49050598871326
2020-04-29,TATASTEEL,INE081A01012,,273.0,286.15,271.25,282.65,19876696,5600679856.25,0.08221716683865202,23.23868220694499
2020-04-30,TATASTEEL,INE081A01012,,289.95,304.5,288.7,298.3,23636082,7026587166.55,0.08221716683865202,24.525380867969897
2020-05-04,TATASTEEL,INE081A01012,,285.0,286.15,270.1,273.6,12892158,3528725886.7,0.08221716683865202,22.494616847055195
2020-05-05,TATASTEEL,INE081A01012,,279.0,282.4,271.0,272.65,12182355,3372723173.35,0.08221716683865202,22.41651053855847
2020-05-06,TATASTEEL,INE081A01012,,274.1,280.45,272.05,277.75,9507731,2633168094.6,0.08221716683865202,22.835818089435598
2020-05-07,TATASTEEL,INE081A01012,,275.45,282.85,274.65,275.85,8958411,2494364184.9,0.08221716683865202,22.679605472442162
2020-05-08,TATASTEEL,INE081A01012,,282.8,284.0,272.0,272.9,9878213,2736816388.3,0.08221716683865202,22.437064830268135
2020-05-11,TATASTEEL,INE081A01012,,275.55,283.0,275.0,276.2,10907408,3043983356.8,0.08221716683865202,22.708381480835687
2020-05-12,TATASTEEL,INE081A01012,,273.3,276.8,264.5,273.95,15040334,4051062305.45,0.08221716683865202,22.52339285544872
2020-05-13,TATASTEEL,INE081A01012,,287.5,288.0,273.5,276.55,14723748,4136288213.5,0.08221716683865202,22.737157489229215
2020-05-14,TATASTEEL,INE081A01012,,272.0,275.2,267.3,268.55,10796959,2919511068.35,0.08221716683865202,22.07942015452
2020-05-15,TATASTEEL,INE081A01012,,270.0,276.8,268.8,273.45,14991458,4102996468.5,0.08221716683865202,22.482284272029393
2020-05-18,TATASTEEL,INE081A01012,,274.1,276.2,262.45,266.6,11616080,3102609332.35,0.08221716683865202,21.91909667918463
2020-05-19,TATASTEEL,INE081A01012,,271.95,280.4,267.5,272.0,16897173,4648458657.85,0.08221716683865202,22.363069380113348
2020-05-20,TATASTEEL,INE081A01012,,272.0,284.0,270.1,283.2,14423657,4037917086.25,0.08221716683865202,23.28390164870625
2020-05-21,TATASTEEL,INE081A01012,,283.9,286.25,278.5,283.7,13035881,3686249554.7,0.08221716683865202,23.325010232125575
2020-05-22,TATASTEEL,INE081A01012,,279.0,280.25,273.3,274.45,10656911,2943598776.45,0.08221716683865202,22.564501438868046
2020-05-26,TATASTEEL,INE081A01012,,277.5,284.4,277.0,280.45,12108740,3411278653.25,0.08221716683865202,23.057804439899957
2020-05-27,TATASTEEL,INE081A01012,,282.2,290.4,279.05,287.95,14007562,3966957647.45,0.08221716683865202,23.67443319118985
2020-05-28,TATASTEEL,INE081A01012,,291.9,298.6,289.4,295.5,16602462,4879513936.05,0.08221716683865202,24.29517280082167
2020-05-29,TATASTEEL,INE081A01012,,292.1,296.9,287.85,295.2,13128027,3834529453.7,0.08221716683865202,24.270507650770075
2020-06-01,TATASTEEL,INE081A01012,,302.0,317.8,302.0,315.2,24384633,7656243893.6,0.08221716683865202,25.914850987543115
2020-06-02,TATASTEEL,INE081A01012,,318.0,323.45,314.55,319.4,16563267,5284947430.2,0.08221716683865202,26.260163088265454
2020-06-03,TATASTEEL,INE081A01012,,325.45,326.3,315.05,317.4,10387136,3341109720.9,0.08221716683865202,26.095728754588148
2020-06-04,TATASTEEL,INE081A01012,,316.9,322.6,314.6,319.95,11251331,3591222083.45,0.08221716683865202,26.305382530026712
2020-06-05,TATASTEEL,INE081A01012,,325.8,343.65,325.05,338.95,30918495,10423983284.05,0.08221716683865202,27.8675086999611
2020-06-08,TATASTEEL,INE081A01012,,347.7,350.8,327.35,333.6,16481809,5584840098.3,0.08221716683865202,27.427646857374313
2020-06-09,TATASTEEL,INE081A01012,,336.0,344.0,328.85,332.2,14926862,5033688024.75,0.08221716683865202,27.3125428238002
2020-06-10,TATASTEEL,INE081A01012,,331.1,331.5,322.0,324.0,17218893,5601593198.55,0.08221716683865202,26.638362055723253
2020-06-11,TATASTEEL,INE081A01012,,322.0,323.5,311.0,313.15,13906985,4425184371.35,0.08221716683865202,25.746305795523877
2020-06-12,TATASTEEL,INE081A01012,,300.0,320.45,300.0,317.6,17558010,5409058690.9,0.08221716683865202,26.11217218795588
2020-06-15,TATASTEEL,INE081A01012,,313.75,315.0,302.6,306.2,18582927,5701281538.95,0.08221716683865202,25.174896485995248
2020-06-16,TATASTEEL,INE081A01012,,315.1,322.55,301.3,308.95,23442027,7338779481.25,0.08221716683865202,25.40099369480154
2020-06-17,TATASTEEL,INE081A01012,,307.2,314.8,305.05,308.2,11447411,3555621704.35,0.08221716683865202,25.33933081967255
2020-06-18,TATASTEEL,INE081A01012,,308.2,319.2,307.1,318.1,11369278,3578852511.9,0.08221716683865202,26.153280771375208
2020-06-19,TATASTEEL,INE081A01012,,321.0,325.85,317.3,320.55,15134693,4868043356.9,0.08221716683865202,26.354712830129905
2020-06-22,TATASTEEL,INE081A01012,,319.75,328.0,318.35,325.7,11031385,3560988131.35,0.08221716683865202,26.778131239348962
2020-06-23,TATASTEEL,INE081A01012,,327.7,333.5,326.15,332.0,12551154,4149267135.45,0.08221716683865202,27.29609939043247
2020-06-24,TATASTEEL,INE081A01012,,336.6,338.15,324.75,326.05,20782956,6905589579.45,0.08221716683865202,26.80690724774249
2020-06-25,TATASTEEL,INE081A01012,,322.0,327.4,321.0,323.1,11345728,3681441250.55,0.08221716683865202,26.56436660556847
2020-06-26,TATASTEEL,INE081A01012,,325.8,329.95,322.55,323.85,9706335,3171559658.9,0.08221716683865202,26.626029480697458
2020-06-29,TATASTEEL,INE081A01012,,323.0,326.0,312.1,320.85,11961198,3798868322.8,0.08221716683865202,26.379377980181502
2020-06-30,TATASTEEL,INE081A01012,,323.1,337.65,323.1,326.7,36523647,12115276397.4,0.08221716683865202,26.86034840618761
2020-07-01,TATASTEEL,INE081A01012,,329.0,329.6,320.3,323.7,10489533,3392236695.35,0.08221716683865202,26.613696905671656
2020-07-02,TATASTEEL,INE081A01012,,327.05,337.5,324.55,334.9,11971928,3960272227.95,0.08221716683865202,27.53452917426456
2020-07-03,TATASTEEL,INE081A01012,,337.0,337.0,327.35,329.9,10612730,3524440290.95,0.08221716683865202,27.123443340071297
2020-07-06,TATASTEEL,INE081A01012,,333.15,341.7,330.3,338.9,14144208,4778841166.3,0.08221716683865202,27.863397841619168
2020-07-07,TATASTEEL,INE081A01012,,338.8,338.85,328.05,330.3,10839521,3600974427.85,0.08221716683865202,27.15633020680676
2020-07-08,TATASTEEL,INE081A01012,,332.8,346.4,332.0,334.2,21561168,7326287444.85,0.08221716683865202,27.476977157477503
2020-07-09,TATASTEEL,INE081A01012,,337.0,348.5,336.5,344.5,24403806,8424483686.65,0.08221716683865202,28.32381397591562
2020-07-10,TATASTEEL,INE081A01012,,341.95,344.3,335.2,338.7,12526909,4246370351.4,0.08221716683865202,27.846954408251438
2020-07-13,TATASTEEL,INE081A01012,,343.3,347.0,338.5,342.1,12115002,4150555312.0,0.08221716683865202,28.126492775502857
2020-07-14,TATASTEEL,INE081A01012,,339.0,339.0,332.6,336.65,8307089,2790272023.65,0.08221716683865202,27.6784092162322
2020-07-15,TATASTEEL,INE081A01012,,340.65,346.5,338.0,339.3,9687663,3323081321.15,0.08221716683865202,27.89628470835463
2020-07-16,TATASTEEL,INE081A01012,,338.0,346.5,331.55,341.65,10586106,3582011512.4,0.08221716683865202,28.08949505042546
2020-07-17,TATASTEEL,INE081A01012,,346.0,356.8,345.15,350.95,24416975,8619826518.35,0.08221716683865202,28.854114702024926
2020-07-20,TATASTEEL,INE081A01012,,351.1,354.7,346.6,352.4,9532817,3341136548.65,0.08221716683865202,28.97332959394097
2020-07-21,TATASTEEL,INE081A01012,,356.0,360.6,349.5,359.15,11368275,4029261812.75,0.08221716683865202,29.52829547010187
2020-07-22,TATASTEEL,INE081A01012,,360.5,362.9,346.6,350.05,17844237,6353235528.45,0.08221716683865202,28.78011925187014
2020-07-23,TATASTEEL,INE081A01012,,350.1,356.4,347.65,351.9,9625277,3388015870.15,0.08221716683865202,28.932221010521644
2020-07-24,TATASTEEL,INE081A01012,,347.0,349.8,342.55,346.1,8918940,3085360337.8,0.08221716683865202,28.455361442857466
2020-07-27,TATASTEEL,INE081A01012,,351.0,353.9,344.25,352.85,11835628,4148070334.15,0.08221716683865202,29.010327319018366
2020-07-28,TATASTEEL,INE081A01012,,353.6,360.0,352.75,358.5,10640327,3796022209.05,0.08221716683865202,29.47485431165675
2020-07-29,TATASTEEL,INE081A01012,,359.0,378.45,356.15,373.75,30116131,11181538255.9,0.08221716683865202,30.728666105946193
2020-07-30,TATASTEEL,INE081A01012,,377.0,377.8,364.1,366.6,10399075,3845889062.05,0.08221716683865202,30.14081336304983
2020-07-31,TATASTEEL,INE081A01012,,365.6,370.4,360.4,366.3,9024955,3298435294.6,0.08221716683865202,30.116148212998233
2020-08-03,TATASTEEL,INE081A01012,,364.75,376.85,362.05,373.5,11137571,4140904825.7,0.08221716683865202,30.708111814236528
2020-08-04,TATASTEEL,INE081A01012,,374.5,378.0,367.65,372.25,11184430,4157495585.0,0.08221716683865202,30.605340355688213
2020-08-05,TATASTEEL,INE081A01012,,373.05,397.9,373.05,395.8,30559760,11868096905.0,0.08221716683865202,32.54155463473847
2020-08-06,TATASTEEL,INE081A01012,,389.75,402.8,385.5,400.45,22123358,8712704876.55,0.08434824944203853,33.77725648906433
2020-08-07,TATASTEEL,INE081A01012,,395.9,406.7,393.1,404.05,15176343,6107813365.35,0.08434824944203853,34.08091018705567
2020-08-10,TATASTEEL,INE081A01012,,405.75,411.55,399.6,410.2,12018305,4879476229.6,0.08434824944203853,34.599651921124206
2020-08-11,TATASTEEL,INE081A01012,,413.1,427.6,412.5,416.45,25885192,10903230075.6,0.08434824944203853,35.12682848013694
2020-08-12,TATASTEEL,INE081A01012,,413.7,417.35,407.55,414.5,11574692,4778924976.3,0.08434824944203853,34.96234939372497
2020-08-13,TATASTEEL,INE081A01012,,418.2,421.7,408.85,413.1,12422203,5140574042.65,0.08434824944203853,34.84426184450612
2020-08-14,TATASTEEL,INE081A01012,,410.0,430.95,409.1,418.5,47742372,20071593283.55,0.08434824944203853,35.299742391493126
2020-08-17,TATASTEEL,INE081A01012,,418.0,429.15,414.25,425.05,18145953,7687593644.9,0.08434824944203853,35.85222342533848
2020-08-18,TATASTEEL,INE081A01012,,421.65,436.8,419.7,434.5,17342261,7440728990.95,0.08434824944203853,36.64931438256574
2020-08-19,TATASTEEL,INE081A01012,,434.5,435.55,428.85,431.7,11843731,5111884629.95,0.08434824944203853,36.413139284128036
2020-08-20,TATASTEEL,INE081A01012,,425.0,438.3,423.05,432.6,15846609,6852510971.1,0.08434824944203853,36.48905270862587
2020-08-21,TATASTEEL,INE081A01012,,435.75,442.0,426.55,428.85,13482327,5874527926.45,0.08434824944203853,36.17274677321823
2020-08-24,TATASTEEL,INE081A01012,,433.6,437.75,428.1,429.5,9093889,3927951174.6,0.08434824944203853,36.22757313535555
2020-08-25,TATASTEEL,INE081A01012,,432.0,432.65,421.45,424.0,10554484,4492716617.8,0.08434824944203853,35.763657763424334
2020-08-26,TATASTEEL,INE081A01012,,425.0,427.75,422.2,425.0,7957164,3380481990.05,0.08434824944203853,35.84800601286638
2020-08-27,TATASTEEL,INE081A01012,,425.5,430.2,423.0,426.85,9549716,4067892911.1,0.08434824944203853,36.00405027433415
2020-08-28,TATASTEEL,INE081A01012,,429.65,438.0,423.05,424.2,15212017,6547488887.0,0.08434824944203853,35.78052741331275
2020-08-31,TATASTEEL,INE081A01012,,426.5,430.15,410.0,413.0,15746139,6612000623.5,0.08434824944203853,34.83582701956191
2020-09-01,TATASTEEL,INE081A01012,,413.9,432.7,411.95,428.65,14072848,5935761477.1,0.08434824944203853,36.155877123329816
2020-09-02,TATASTEEL,INE081A01012,,430.05,441.7,427.1,438.65,11739341,5088795789.75,0.08434824944203853,36.9993596177502
2020-09-03,TATASTEEL,INE081A01012,,442.5,443.65,435.9,438.1,10214289,4485216473.25,0.08434824944203853,36.952968080557085
2020-09-04,TATASTEEL,INE081A01012,,428.1,433.95,419.0,421.3,10530674,4507857768.5,0.08434824944203853,35.53591748993083
2020-09-07,TATASTEEL,INE081A01012,,423.7,428.4,418.45,422.5,9628406,4073304677.05,0.08434824944203853,35.63713538926128
2020-09-08,TATASTEEL,INE081A01012,,425.75,425.75,402.6,405.1,11637370,4821525228.95,0.08434824944203853,34.16947584896981
2020-09-09,TATASTEEL,INE081A01012,,398.8,420.15,386.5,417.4,31999875,12974163761.5,0.08434824944203853,35.20695931710688
2020-09-10,TATASTEEL,INE081A01012,,424.0,425.9,401.1,408.0,22920783,9439278033.35,0.08434824944203853,34.41408577235172
2020-09-11,TATASTEEL,INE081A01012,,408.75,412.65,402.5,407.5,13687127,5571840267.25,0.08434824944203853,34.371911647630704
2020-09-14,TATASTEEL,INE081A01012,,410.0,414.1,402.15,404.65,12331121,5030802282.35,0.08434824944203853,34.13151913672089
2020-09-15,TATASTEEL,INE081A01012,,407.0,410.55,403.55,405.25,9132749,3715307789.8,0.08434824944203853,34.182128086386115
2020-09-16,TATASTEEL,INE081A01012,,406.45,410.0,402.7,404.6,9987412,4053785909.5,0.08434824944203853,34.12730172424879
2020-09-17,TATASTEEL,INE081A01012,,401.95,407.5,393.2,398.7,14808022,5904984176.4,0.08434824944203853,33.62964705254076
2020-09-18,TATASTEEL,INE081A01012,,402.1,405.65,393.4,395.5,16842244,6727461108.35,0.08434824944203853,33.35973265432624
2020-09-21,TATASTEEL,INE081A01012,,396.0,399.2,371.0,373.4,14138761,5439017318.25,0.08434824944203853,31.495636341657185
2020-09-22,TATASTEEL,INE081A01012,,374.0,378.5,358.2,374.15,22013027,8137752374.45,0.08434824944203853,31.558897528738715
2020-09-23,TATASTEEL,INE081A01012,,377.0,378.0,356.45,361.3,16984600,6163628027.6,0.08434824944203853,30.475022523408523
2020-09-24,TATASTEEL,INE081A01012,,356.8,357.25,342.75,343.9,12495840,4359329729.7,0.08434824944203853,29.007362983117048
2020-09-25,TATASTEEL,INE081A01012,,348.0,355.6,344.2,352.1,12242576,4292027166.2,0.08434824944203853,29.69901862854177
2020-09-28,TATASTEEL,INE081A01012,,359.95,364.95,355.65,361.0,12270478,4421797957.7,0.08434824944203853,30.44971804857591
2020-09-29,TATASTEEL,INE081A01012,,365.0,371.8,361.7,370.05,17891719,6566484009.1,0.08434824944203853,31.21306970602636
2020-09-30,TATASTEEL,INE081A01012,,371.05,371.5,358.0,359.75,12963784,4706611719.6,0.08434824944203853,30.344282736773362
2020-10-01,TATASTEEL,INE081A01012,,364.3,370.3,363.15,364.95,9555123,3504988684.65,0.08434824944203853,30.78289363387196
2020-10-05,TATASTEEL,INE081A01012,,370.1,385.5,369.5,382.3,19590635,7459114268.6,0.08434824944203853,32.246335761691334
2020-10-06,TATASTEEL,INE081A01012,,386.8,387.25,373.1,377.4,14286376,5409262832.75,0.08434824944203853,31.83302933942534
2020-10-07,TATASTEEL,INE081A01012,,376.0,379.3,370.0,371.1,9694124,3621105229.05,0.08434824944203853,31.301635367940502
2020-10-08,TATASTEEL,INE081A01012,,374.45,383.0,371.7,373.65,14111169,5328566375.0,0.08434824944203853,31.516723404017696
2020-10-09,TATASTEEL,INE081A01012,,376.05,386.95,367.05,369.5,22006588,8320493766.2,0.08434824944203853,31.166678168833236
2020-10-12,TATASTEEL,INE081A01012,,373.5,377.15,362.5,371.1,15756861,5810087663.0,0.08434824944203853,31.301635367940502
2020-10-13,TATASTEEL,INE081A01012,,372.0,376.25,366.65,368.35,11902564,4418168481.2,0.08434824944203853,31.069677681974895
2020-10-14,TATASTEEL,INE081A01012,,370.4,377.25,369.55,375.55,14892188,5548163172.55,0.08434824944203853,31.67698507795757
2020-10-15,TATASTEEL,INE081A01012,,381.0,388.6,371.5,373.9,31651023,12071043573.35,0.08434824944203853,31.537810466378204
2020-10-16,TATASTEEL,INE081A01012,,377.1,395.9,375.2,393.85,28855527,11168334051.6,0.08434824944203853,33.22055804274688
2020-10-19,TATASTEEL,INE081A01012,,397.6,400.0,391.8,395.5,14729994,5833572799.6,0.08434824944203853,33.35973265432624
2020-10-20,TATASTEEL,INE081A01012,,392.0,397.35,389.6,392.4,10949682,4302317084.25,0.08434824944203853,33.098253081055915
2020-10-21,TATASTEEL,INE081A01012,,396.3,408.0,394.35,404.05,26351958,10602868352.7,0.08434824944203853,34.08091018705567
2020-10-22,TATASTEEL,INE081A01012,,401.9,413.55,400.1,409.65,20888422,8514814448.85,0.08434824944203853,34.55326038393108
2020-10-23,TATASTEEL,INE081A01012,,413.0,426.0,412.2,423.45,28588850,12020971391.8,0.08434824944203853,35.71726622623122
2020-10-26,TATASTEEL,INE081A01012,,423.35,423.35,404.15,408.4,16608780,6833121273.95,0.08434824944203853,34.44782507212853
2020-10-27,TATASTEEL,INE081A01012,,408.7,416.85,403.4,411.0,16062171,6610131340.5,0.08434824944203853,34.66713052067784
2020-10-28,TATASTEEL,INE081A01012,,411.45,418.2,400.45,402.3,16965755,6949604948.1,0.08434824944203853,33.933300750532105
2020-10-29,TATASTEEL,INE081A01012,,399.45,405.0,395.3,401.4,13860410,5549745454.8,0.08434824944203853,33.857387326034264
2020-10-30,TATASTEEL,INE081A01012,,402.7,412.9,395.2,410.55,18021051,7299282164.45,0.08434824944203853,34.62917380842892
2020-11-02,TATASTEEL,INE081A01012,,410.0,412.5,398.7,402.85,13143109,5323709071.95,0.08434824944203853,33.97969228772522
2020-11-03,TATASTEEL,INE081A01012,,407.5,412.2,404.45,406.9,12258034,5005194482.4,0.08434824944203853,34.32130269796548
2020-11-04,TATASTEEL,INE081A01012,,408.9,415.05,401.4,403.9,13614366,5530844611.7,0.08434824944203853,34.06825794963936
2020-11-05,TATASTEEL,INE081A01012,,412.0,428.25,409.15,425.5,26517756,11153242908.8,0.08434824944203853,35.89018013758739
2020-11-06,TATASTEEL,INE081A01012,,424.5,432.9,422.65,426.5,17398193,7442146779.15,0.08434824944203853,35.97452838702943
2020-11-09,TATASTEEL,INE081A01012,,433.0,439.9,427.4,438.3,15830862,6865693537.55,0.08434824944203853,36.96983773044549
2020-11-10,TATASTEEL,INE081A01012,,440.0,453.25,435.55,441.9,26200240,11634695847.85,0.08434824944203853,37.27349142843683
2020-11-11,TATASTEEL,INE081A01012,,441.9,477.35,439.6,473.95,36861833,16934613115.7,0.08434824944203853,39.97685282305416
2020-11-12,TATASTEEL,INE081A01012,,472.0,479.9,466.3,473.15,23493685,11105176938.75,0.08434824944203853,39.90937422350053
2020-11-13,TATASTEEL,INE081A01012,,470.85,488.4,465.0,486.55,23418187,11184286956.65,0.08434824944203853,41.03964076602385
2020-11-17,TATASTEEL,INE081A01012,,506.0,530.95,501.7,522.7,64284599,33601552639.95,0.08434824944203853,44.08882998335354
2020-11-18,TATASTEEL,INE081A01012,,518.0,523.8,510.65,517.2,17481513,9042950976.1,0.08434824944203853,43.624914611422334
2020-11-19,TATASTEEL,INE081A01012,,511.85,535.7,510.0,523.6,20137998,10623016368.55,0.08434824944203853,44.164743407851375
2020-11-20,TATASTEEL,INE081A01012,,526.0,541.7,521.0,532.9,26686000,14177101608.7,0.08434824944203853,44.94918212766233
2020-11-23,TATASTEEL,INE081A01012,,538.0,546.0,536.35,543.1,17025425,9220894854.4,0.08434824944203853,45.80953427197113
2020-11-24,TATASTEEL,INE081A01012,,547.95,550.45,541.4,548.3,13029126,7119980105.95,0.08434824944203853,46.24814516906972
2020-11-25,TATASTEEL,INE081A01012,,551.0,558.65,539.5,541.25,17680989,9704772513.85,0.08434824944203853,45.653490010503354
2020-11-26,TATASTEEL,INE081A01012,,546.0,571.1,541.25,568.4,22570185,12551386537.6,0.08434824944203853,47.9435449828547
2020-11-27,TATASTEEL,INE081A01012,,570.0,582.35,563.05,577.35,46291248,26644015159.6,0.08434824944203853,48.69846181536095
2020-12-01,TATASTEEL,INE081A01012,,592.0,592.0,576.95,585.8,14739109,8605778187.8,0.08434824944203853,49.41120452314617
2020-12-02,TATASTEEL,INE081A01012,,585.7,607.6,584.05,604.35,24997085,14993731974.05,0.08434824944203853,50.97586455029599
2020-12-03,TATASTEEL,INE081A01012,,609.0,624.75,608.0,620.9,24775652,15348475402.15,0.08434824944203853,52.37182807856172
2020-12-04,TATASTEEL,INE081A01012,,624.0,632.5,614.6,622.7,20153552,12590042591.05,0.08434824944203853,52.523654927557395
2020-12-07,TATASTEEL,INE081A01012,,623.6,629.0,609.45,614.55,15588321,9647130590.15,0.08434824944203853,51.83621669460477
2020-12-08,TATASTEEL,INE081A01012,,616.0,621.45,602.45,613.45,17015853,10416360254.6,0.08434824944203853,51.74343362021854
2020-12-09,TATASTEEL,INE081A01012,,618.0,620.7,607.1,609.35,12730731,7796931150.95,0.08434824944203853,51.39760579750618
2020-12-10,TATASTEEL,INE081A01012,,606.0,614.0,593.5,610.1,19829328,11967589060.65,0.08434824944203853,51.46086698458771
2020-12-11,TATASTEEL,INE081A01012,,614.9,625.45,614.25,621.7,16395698,10177073836.2,0.08434824944203853,52.43930667811536
2020-12-14,TATASTEEL,INE081A01012,,626.75,638.9,625.3,626.75,17722715,11195951655.25,0.08434824944203853,52.86526533779765
2020-12-15,TATASTEEL,INE081A01012,,623.45,637.1,617.35,635.35,13226312,8284281425.4,0.08434824944203853,53.59066028299918
2020-12-16,TATASTEEL,INE081A01012,,641.2,649.45,638.2,643.4,16040256,10324422415.3,0.08434824944203853,54.26966369100759
2020-12-17,TATASTEEL,INE081A01012,,643.4,646.0,631.45,635.3,7965186,5101865547.95,0.08434824944203853,53.58644287052707
2020-12-18,TATASTEEL,INE081A01012,,638.25,640.85,628.0,631.25,25351506,16051691583.9,0.08434824944203853,53.24483246028682
2020-12-21,TATASTEEL,INE081A01012,,624.0,627.7,585.6,595.85,19076654,11610936188.35,0.08434824944203853,50.25890443003866
2020-12-22,TATASTEEL,INE081A01012,,596.0,610.45,585.0,601.35,18846879,11266604876.1,0.08434824944203853,50.72281980196987
2020-12-23,TATASTEEL,INE081A01012,,599.0,624.2,596.3,621.4,12238343,7462308885.9,0.08434824944203853,52.41400220328274
2020-12-24,TATASTEEL,INE081A01012,,625.3,636.95,619.25,622.3,12090740,7578159934.4,0.08434824944203853,52.489915627780576
2020-12-28,TATASTEEL,INE081A01012,,628.25,635.35,626.6,632.65,10480517,6618711447.95,0.08434824944203853,53.36292000950567
2020-12-29,TATASTEEL,INE081A01012,,637.85,639.65,621.05,632.2,10416326,6558122778.4,0.08434824944203853,53.324963297256765
2020-12-30,TATASTEEL,INE081A01012,,632.95,643.95,624.05,640.45,11514428,7291736643.4,0.08434824944203853,54.020836355153584
2020-12-31,TATASTEEL,INE081A01012,,636.55,653.5,636.55,643.65,17713012,11427411341.05,0.08434824944203853,54.2907507533681
2021-01-01,TATASTEEL,INE081A01012,,645.0,649.7,640.0,643.1,8411396,5423065210.75,0.08434824944203853,54.24435921617498
2021-01-04,TATASTEEL,INE081A01012,,649.0,699.9,646.45,693.0,38184955,25733402949.8,0.08434824944203853,58.4533368633327
2021-01-05,TATASTEEL,INE081A01012,,687.0,693.85,675.1,680.55,21545254,14715494860.6,0.08434824944203853,57.40320115777932
2021-01-06,TATASTEEL,INE081A01012,,684.0,696.65,675.0,683.8,19610522,13439123541.6,0.08434824944203853,57.67733296846594
2021-01-07,TATASTEEL,INE081A01012,,693.0,731.5,691.7,722.8,38232194,27493977739.9,0.08434824944203853,60.966914696705444
2021-01-08,TATASTEEL,INE081A01012,,727.0,727.25,703.1,713.15,19329313,13844858404.6,0.08434824944203853,60.15295408958978
2021-01-11,TATASTEEL,INE081A01012,,712.0,712.0,688.2,695.65,17024509,11842214437.5,0.08434824944203853,58.6768597243541
2021-01-12,TATASTEEL,INE081A01012,,695.0,724.5,691.1,694.9,24525484,17361337025.5,0.08434824944203853,58.61359853727257
2021-01-13,TATASTEEL,INE081A01012,,701.45,714.55,693.0,709.15,19353871,13650428133.55,0.08434824944203853,59.81556109182162
2021-01-14,TATASTEEL,INE081A01012,,710.0,714.45,697.1,706.35,11540858,8129743383.7,0.08434824944203853,59.579385993383916
2021-01-15,TATASTEEL,INE081A01012,,712.0,721.5,697.65,705.9,20688437,14709952194.75,0.08434824944203853,59.541429281134995
2021-01-18,TATASTEEL,INE081A01012,,708.0,708.75,659.5,666.7,25045226,16910913557.45,0.08434824944203853,56.23497790300709
2021-01-19,TATASTEEL,INE081A01012,,672.0,683.95,647.0,681.1,31245118,20914543317.35,0.08434824944203853,57.449592694972445
2021-01-20,TATASTEEL,INE081A01012,,690.15,699.5,682.6,690.15,23313150,16099594807.05,0.08434824944203853,58.21294435242289
2021-01-21,TATASTEEL,INE081A01012,,691.0,694.75,661.6,666.7,16117867,10931160261.75,0.08434824944203853,56.23497790300709
2021-01-22,TATASTEEL,INE081A01012,,670.0,675.8,633.65,647.0,23715665,15472468751.5,0.08434824944203853,54.57331738899893
2021-01-25,TATASTEEL,INE081A01012,,651.0,661.85,631.0,651.95,16348473,10626667746.2,0.08434824944203853,54.99084122373702
2021-01-27,TATASTEEL,INE081A01012,,650.9,651.15,623.8,626.0,14918084,9486023640.0,0.08434824944203853,52.80200415071612
2021-01-28,TATASTEEL,INE081A01012,,618.0,630.6,612.6,623.7,17091752,10639282318.45,0.08434824944203853,52.60800317699943
2021-01-29,TATASTEEL,INE081A01012,,630.05,633.8,596.0,601.0,26826575,16357917554.45,0.08434824944203853,50.69329791466516
2021-02-01,TATASTEEL,INE081A01012,,604.9,640.0,597.45,636.1,21084694,13022325499.3,0.08434824944203853,53.65392147008071
2021-02-02,TATASTEEL,INE081A01012,,643.0,648.0,624.1,641.65,18048957,11520140268.85,0.08434824944203853,54.12205425448402
2021-02-03,TATASTEEL,INE081A01012,,644.9,664.3,637.25,653.15,14846381,9686252654.0,0.08434824944203853,55.092059123067465
2021-02-04,TATASTEEL,INE081A01012,,654.0,663.5,638.6,655.95,14764995,9662636397.35,0.08434824944203853,55.32823422150518
2021-02-05,TATASTEEL,INE081A01012,,656.9,690.6,651.4,685.05,29100888,19533828165.75,0.08434824944203853,57.78276828026849
2021-02-08,TATASTEEL,INE081A01012,,694.0,704.9,682.7,702.95,21462169,14913385592.9,0.08434824944203853,59.29260194528099
2021-02-09,TATASTEEL,INE081A01012,,706.5,716.45,691.6,699.2,29337028,20728056511.0,0.08434824944203853,58.976296009873344
2021-02-10,TATASTEEL,INE081A01012,,710.0,724.5,680.05,690.25,57397919,40058574746.75,0.08434824944203853,58.2213791773671
2021-02-11,TATASTEEL,INE081A01012,,687.6,704.6,682.85,694.7,16340705,11340162734.3,0.08434824944203853,58.596728887384174
2021-02-12,TATASTEEL,INE081A01012,,695.0,697.9,678.5,680.5,14705479,10106213808.7,0.08434824944203853,57.39898374530722
2021-02-15,TATASTEEL,INE081A01012,,687.1,688.0,670.0,672.15,13171672,8934100604.35,0.08434824944203853,56.6946758624662
2021-02-16,TATASTEEL,INE081A01012,,672.15,708.6,668.3,699.2,33661838,23534500614.35,0.08434824944203853,58.976296009873344
2021-02-17,TATASTEEL,INE081A01012,,697.65,703.5,687.5,696.8,15957483,11101975793.9,0.08434824944203853,58.773860211212444
2021-02-18,TATASTEEL,INE081A01012,,700.0,711.0,694.0,697.75,14856147,10453237241.55,0.08434824944203853,58.85399104818239
2021-02-19,TATASTEEL,INE081A01012,,696.0,696.0,655.95,670.7,22392386,15125221823.4,0.08434824944203853,56.57237090077525
2021-02-22,TATASTEEL,INE081A01012,,672.9,697.9,670.85,684.55,28149109,19334301377.25,0.08434824944203853,57.74059415554747
2021-02-23,TATASTEEL,INE081A01012,,689.6,736.0,682.2,729.3,38907071,27737881117.25,0.08434824944203853,61.515178318078696
2021-02-24,TATASTEEL,INE081A01012,,735.0,745.0,720.0,727.7,21676789,15896063821.9,0.08434824944203853,61.38022111897144
2021-02-25,TATASTEEL,INE081A01012,,735.2,753.0,731.95,742.9,21901596,16292369953.5,0.08434824944203853,62.662314510490425
2021-02-26,TATASTEEL,INE081A01012,,725.0,741.6,711.1,715.15,23551591,17024148014.0,0.08434824944203853,60.32165058847385
2021-03-01,TATASTEEL,INE081A01012,,724.0,738.25,711.35,730.4,14058646,10228368627.1,0.08434824944203853,61.607961392464944
2021-03-02,TATASTEEL,INE081A01012,,730.45,739.75,723.15,735.5,11113399,8156344541.25,0.08434824944203853,62.03813746461934
2021-03-03,TATASTEEL,INE081A01012,,741.0,782.5,741.0,777.15,28842835,22292977320.7,0.08434824944203853,65.55124205388024
2021-03-04,TATASTEEL,INE081A01012,,751.0,766.9,743.65,757.95,22873822,17321058013.55,0.08434824944203853,63.931755664593105
2021-03-05,TATASTEEL,INE081A01012,,748.5,756.0,727.0,733.3,16881960,12514681812.05,0.08434824944203853,61.85257131584685
2021-03-08,TATASTEEL,INE081A01012,,743.95,751.2,735.05,737.25,10614596,7897053394.6,0.08434824944203853,62.185746901142906
2021-03-09,TATASTEEL,INE081A01012,,745.0,750.95,702.25,706.75,19556438,14160911349.6,0.08434824944203853,59.613125293160735
2021-03-10,TATASTEEL,INE081A01012,,714.9,729.95,703.05,724.5,19685860,14079097741.95,0.08434824944203853,61.11030672075692
2021-03-12,TATASTEEL,INE081A01012,,740.0,745.0,714.0,719.95,16121409,11768346627.3,0.08434824944203853,60.726522185795645
2021-03-15,TATASTEEL,INE081A01012,,722.0,739.0,715.05,736.4,15543231,11276360726.0,0.08434824944203853,62.11405088911717
2021-03-16,TATASTEEL,INE081A01012,,740.1,740.1,719.2,724.05,12569998,9121742625.35,0.08434824944203853,61.072350008507996
2021-03-17,TATASTEEL,INE081A01012,,724.95,726.0,700.65,704.4,10540959,7516934897.65,0.08434824944203853,59.414906906971936
2021-03-18,TATASTEEL,INE081A01012,,716.25,722.9,698.3,704.85,14320651,10207930570.35,0.08434824944203853,59.452863619220864
2021-03-19,TATASTEEL,INE081A01012,,702.75,736.75,681.25,733.0,24637814,17599259809.75,0.08434824944203853,61.82726684101424
2021-03-22,TATASTEEL,INE081A01012,,731.1,745.65,725.0,743.5,13760370,10172182526.35,0.08434824944203853,62.71292346015565
2021-03-23,TATASTEEL,INE081A01012,,746.0,749.45,733.3,741.15,11873896,8805390821.0,0.08434824944203853,62.51470507396686
2021-03-24,TATASTEEL,INE081A01012,,731.0,733.0,698.95,702.8,21030283,15002632252.4,0.08434824944203853,59.279949707864674
2021-03-25,TATASTEEL,INE081A01012,,710.1,730.7,688.35,723.15,36722400,26182028255.75,0.08434824944203853,60.99643658401016
2021-03-26,TATASTEEL,INE081A01012,,730.4,774.9,725.2,766.85,42912247,32497556832.3,0.08434824944203853,64.68245508462725
2021-03-30,TATASTEEL,INE081A01012,,780.0,810.0,777.9,800.0,28480338,22717632763.75,0.08434824944203853,67.47859955363083
2021-03-31,TATASTEEL,INE081A01012,,794.0,823.5,790.1,811.85,28044585,22768892122.25,0.08434824944203853,68.47812630951898
2021-04-01,TATASTEEL,INE081A01012,,821.0,868.9,819.0,863.05,36842098,31030150334.05,0.08434824944203853,72.79675668095135
2021-04-05,TATASTEEL,INE081A01012,,862.0,877.85,837.15,867.75,30575986,26264995006.7,0.08434824944203853,73.19319345332893
2021-04-06,TATASTEEL,INE081A01012,,875.5,882.5,858.15,862.85,20778920,18058223023.75,0.08434824944203853,72.77988703106296
2021-04-07,TATASTEEL,INE081A01012,,869.5,885.0,864.65,874.85,17113208,14989472735.25,0.08434824944203853,73.79206602436741
2021-04-08,TATASTEEL,INE081A01012,,884.0,953.65,882.7,918.4,53063056,48811243412.3,0.08434824944203853,77.46543228756819
2021-04-09,TATASTEEL,INE081A01012,,921.0,930.0,885.7,899.5,32179069,29051631627.75,0.08434824944203853,75.87125037311365
2021-04-12,TATASTEEL,INE081A01012,,876.55,893.2,843.35,851.55,22135504,19221265866.4,0.08434824944203853,71.8267518123679
2021-04-13,TATASTEEL,INE081A01012,,862.0,881.6,849.0,879.0,20428502,17733271789.35,0.08434824944203853,74.14211125955187
2021-04-15,TATASTEEL,INE081A01012,,892.0,911.5,879.5,898.2,21856357,19566018525.2,0.08434824944203853,75.76159764883901
2021-04-16,TATASTEEL,INE081A01012,,903.8,914.4,886.25,890.25,17398598,15678826911.2,0.08434824944203853,75.0910290657748
2021-04-19,TATASTEEL,INE081A01012,,869.8,899.0,860.0,888.05,19146996,16959813271.25,0.08434824944203853,74.90546291700231
2021-04-20,TATASTEEL,INE081A01012,,900.0,905.75,882.0,894.0,16915293,15133270032.95,0.08434824944203853,75.40733500118245
2021-04-22,TATASTEEL,INE081A01012,,899.95,938.65,897.05,921.4,31902815,29546798526.25,0.08434824944203853,77.7184770358943
2021-04-23,TATASTEEL,INE081A01012,,929.8,945.0,910.75,925.6,24752386,23037863140.35,0.08434824944203853,78.07273968355086
2021-04-26,TATASTEEL,INE081A01012,,935.0,956.0,930.05,940.75,21234858,20024066611.35,0.08434824944203853,79.35061566259775
2021-04-27,TATASTEEL,INE081A01012,,948.3,983.0,944.3,977.75,24904515,24043462401.5,0.08434824944203853,82.47150089195317
2021-04-28,TATASTEEL,INE081A01012,,985.0,986.0,962.0,971.4,20447968,19877003898.35,0.08434824944203853,81.93588950799622
2021-04-29,TATASTEEL,INE081A01012,,983.0,1036.95,983.0,1031.35,44718647,45423591343.45,0.08434824944203853,86.99256706204643
2021-04-30,TATASTEEL,INE081A01012,,1024.0,1052.6,1011.1,1034.0,28129738,29028537385.5,0.08434824944203853,87.21608992306784
2021-05-03,TATASTEEL,INE081A01012,,1031.95,1069.0,1018.5,1064.75,26484100,27748424330.0,0.08434824944203853,89.80979859341052
2021-05-04,TATASTEEL,INE081A01012,,1074.45,1086.65,1057.55,1063.85,24961628,26775868250.65,0.08434824944203853,89.73388516891268
2021-05-05,TATASTEEL,INE081A01012,,1084.0,1088.35,1047.0,1070.15,19249839,20544363912.95,0.08434824944203853,90.26527914039754
2021-05-06,TATASTEEL,INE081A01012,,1055.0,1129.0,1042.5,1100.9,46434537,51239188167.35,0.08434824944203853,92.85898781074023
2021-05-07,TATASTEEL,INE081A01012,,1135.0,1192.0,1130.1,1182.35,54075433,62917775342.0,0.08434824944203853,99.72915272779424
2021-05-10,TATASTEEL,INE081A01012,,1210.0,1229.0,1200.0,1216.35,28080884,34099493809.45,0.08434824944203853,102.59699320882356
2021-05-11,TATASTEEL,INE081A01012,,1190.0,1246.0,1176.9,1233.9,41108381,50058054090.2,0.08434824944203853,104.07730498653135
2021-05-12,TATASTEEL,INE081A01012,,1231.95,1246.85,1163.25,1179.15,30889192,37454943942.3,0.08434824944203853,99.45923832957975
2021-05-14,TATASTEEL,INE081A01012,,1185.0,1185.0,1115.2,1132.1,37648032,43041005388.5,0.08434824944203853,95.49065319333181
2021-05-17,TATASTEEL,INE081A01012,,1138.0,1158.2,1103.5,1150.85,28753430,32460924909.1,0.08434824944203853,97.07218287037004
2021-05-18,TATASTEEL,INE081A01012,,1175.0,1196.45,1157.05,1180.0,24573880,29003646810.2,0.08434824944203853,99.53093434160547
2021-05-19,TATASTEEL,INE081A01012,,1173.0,1189.55,1158.0,1164.25,17435026,20430822775.25,0.08434824944203853,98.20244941289336
2021-05-20,TATASTEEL,INE081A01012,,1131.1,1135.5,1098.05,1105.05,28446253,31669851246.2,0.08434824944203853,93.20903304592467
2021-05-21,TATASTEEL,INE081A01012,,1114.0,1123.9,1105.85,1113.1,14104926,15727954213.7,0.08434824944203853,93.88803645393308
2021-05-24,TATASTEEL,INE081A01012,,1108.0,1108.95,1082.1,1092.0,18923842,20687205791.85,0.08434824944203853,92.10828839070608
2021-05-25,TATASTEEL,INE081A01012,,1101.95,1125.95,1100.0,1105.2,18113752,20137971434.75,0.08434824944203853,93.22168528334099
2021-05-26,TATASTEEL,INE081A01012,,1090.5,1094.0,1072.5,1082.15,15432703,16709352126.0,0.08434824944203853,91.277458133702
2021-05-27,TATASTEEL,INE081A01012,,1082.15,1109.75,1075.0,1096.65,22791032,24919251285.25,0.08434824944203853,92.50050775061156
2021-05-28,TATASTEEL,INE081A01012,,1131.0,1143.6,1097.45,1103.5,19208581,21581220030.25,0.08434824944203853,93.07829325928952
2021-05-31,TATASTEEL,INE081A01012,,1112.0,1129.65,1099.0,1125.65,15428647,17219310719.9,0.08434824944203853,94.94660698443067
2021-06-01,TATASTEEL,INE081A01012,,1120.0,1123.0,1085.5,1100.9,17690925,19454341857.6,0.08434824944203853,92.85898781074023
2021-06-02,TATASTEEL,INE081A01012,,1105.0,1129.8,1104.0,1124.05,12862591,14355587812.05,0.08434824944203853,94.81164978532341
2021-06-03,TATASTEEL,INE081A01012,,1129.55,1139.75,1113.0,1122.0,12109477,13627106848.35,0.08434824944203853,94.63873587396724
2021-06-04,TATASTEEL,INE081A01012,,1116.0,1128.8,1107.0,1120.7,9713347,10842004340.3,0.08434824944203853,94.52908314969258
2021-06-07,TATASTEEL,INE081A01012,,1130.0,1150.0,1125.55,1128.7,12218592,13884374724.3,0.08434824944203853,95.2038691452289
2021-06-08,TATASTEEL,INE081A01012,,1132.7,1132.7,1100.05,1111.1,10834373,12026137998.05,0.08434824944203853,93.71933995504901
2021-06-09,TATASTEEL,INE081A01012,,1117.0,1128.0,1093.95,1101.0,11114338,12334716005.65,0.08434824944203853,92.86742263568442
2021-06-10,TATASTEEL,INE081A01012,,1109.3,1125.8,1102.9,1114.45,7776764,8677578776.6,0.08434824944203853,94.00190659067985
2021-06-11,TATASTEEL,INE081A01012,,1127.8,1164.6,1113.1,1158.35,17445856,19870403850.4,0.08434824944203853,97.70479474118532
2021-06-14,TATASTEEL,INE081A01012,,1168.0,1178.65,1140.0,1164.8,16031264,18693178119.75,0.08434824944203853,98.24884095008647
2021-06-15,TATASTEEL,INE081A01012,,1170.0,1186.8,1160.1,1174.3,9768102,11489917319.05,0.08434824944203853,99.05014931978585
2021-06-16,TATASTEEL,INE081A01012,,1169.0,1184.75,1131.65,1142.15,17521107,20164413988.7,0.08434824944203853,96.33835310022431
2021-06-17,TATASTEEL,INE081A01012,,1118.95,1133.8,1095.65,1103.75,16207687,18024597695.6,0.08623582607548164,95.18279303081286
2021-06-18,TATASTEEL,INE081A01012,,1105.0,1109.9,1050.25,1092.3,40347077,43637094872.5,0.08623582607548164,94.19539282224859
2021-06-21,TATASTEEL,INE081A01012,,1070.0,1109.0,1063.65,1106.15,13001432,14214310071.05,0.08623582607548164,95.38975901339403
2021-06-22,TATASTEEL,INE081A01012,,1114.2,1131.0,1106.5,1112.3,9024634,10094635818.35,0.08623582607548164,95.92010934375823
2021-06-23,TATASTEEL,INE081A01012,,1120.5,1127.55,1097.85,1100.1,7806336,8692892936.4,0.08623582607548164,94.86803226563734
2021-06-24,TATASTEEL,INE081A01012,,1105.0,1120.5,1098.45,1113.15,7239470,8047856838.6,0.08623582607548164,95.99340979592239
2021-06-25,TATASTEEL,INE081A01012,,1135.0,1170.0,1130.0,1165.25,18022770,20860637702.5,0.08623582607548164,100.48629633445498
2021-06-28,TATASTEEL,INE081A01012,,1174.0,1189.0,1163.0,1184.0,11660335,13743323937.65,0.08623582607548164,102.10321807337026
2021-06-29,TATASTEEL,INE081A01012,,1184.5,1192.0,1165.55,1172.55,7803759,9183011302.9,0.08623582607548164,101.11581786480599
2021-06-30,TATASTEEL,INE081A01012,,1181.05,1191.0,1162.8,1166.6,8043267,9488862908.35,0.08623582607548164,100.60271469965687
2021-07-01,TATASTEEL,INE081A01012,,1171.9,1176.8,1156.45,1163.55,5614928,6549650935.9,0.08623582607548164,100.33969543012665
2021-07-02,TATASTEEL,INE081A01012,,1166.0,1166.8,1130.2,1136.0,7573407,8670900665.5,0.08623582607548164,97.96389842174713
2021-07-05,TATASTEEL,INE081A01012,,1146.0,1161.8,1136.0,1156.85,7679900,8817845701.8,0.08623582607548164,99.76191539542093
2021-07-06,TATASTEEL,INE081A01012,,1158.65,1178.0,1150.25,1167.25,9146835,10657528428.15,0.08623582607548164,100.65876798660594
2021-07-07,TATASTEEL,INE081A01012,,1167.95,1225.0,1158.5,1218.65,16745626,20025514634.1,0.08623582607548164,105.09128944688571
2021-07-08,TATASTEEL,INE081A01012,,1225.0,1230.0,1181.2,1189.75,12410585,14955901482.35,0.08623582607548164,102.59907407330428
2021-07-09,TATASTEEL,INE081A01012,,1192.0,1244.1,1188.0,1239.35,17859356,21795526924.75,0.08623582607548164,106.87637104664816
2021-07-12,TATASTEEL,INE081A01012,,1251.0,1258.5,1218.35,1226.95,16647775,20663248657.4,0.08623582607548164,105.8070468033122
2021-07-13,TATASTEEL,INE081A01012,,1238.0,1243.45,1223.1,1228.75,7915528,9760795661.35,0.08623582607548164,105.96227129024805
2021-07-14,TATASTEEL,INE081A01012,,1231.95,1247.7,1219.0,1244.7,8341388,10304419016.6,0.08623582607548164,107.33773271615199
2021-07-15,TATASTEEL,INE081A01012,,1246.1,1265.8,1237.7,1255.95,9655551,12104491972.8,0.08623582607548164,108.30788575950116
2021-07-16,TATASTEEL,INE081A01012,,1264.7,1281.3,1259.05,1278.45,8496925,10799441556.65,0.08623582607548164,110.2481918461995
2021-07-19,TATASTEEL,INE081A01012,,1259.0,1290.9,1253.7,1266.4,8904629,11346974829.05,0.08623582607548164,109.20905014198995
2021-07-20,TATASTEEL,INE081A01012,,1272.0,1272.3,1225.0,1233.35,8579940,10654293471.65,0.08623582607548164,106.35895609019526
2021-07-22,TATASTEEL,INE081A01012,,1249.0,1277.95,1248.0,1273.0,7894024,9993164000.85,0.08623582607548164,109.77820659408812
2021-07-23,TATASTEEL,INE081A01012,,1279.35,1295.5,1274.0,1281.4,8641865,11101867403.05,0.08623582607548164,110.50258753312218
2021-07-26,TATASTEEL,INE081A01012,,1289.0,1308.25,1278.05,1297.95,8678433,11237553130.25,0.08623582607548164,111.92979045467139
2021-07-27,TATASTEEL,INE081A01012,,1315.0,1334.5,1308.05,1330.65,10341382,13675547882.25,0.08623582607548164,114.74970196733965
2021-07-28,TATASTEEL,INE081A01012,,1332.0,1369.95,1306.2,1365.0,12835125,17170884417.6,0.08623582607548164,117.71190259303243
2021-07-29,TATASTEEL,INE081A01012,,1375.0,1481.8,1368.0,1458.6,30061041,43132588858.65,0.08623582607548164,125.7835759136975
2021-07-30,TATASTEEL,INE081A01012,,1455.65,1472.7,1427.8,1434.3,14049265,20394326177.2,0.08623582607548164,123.68804534006331
2021-08-02,TATASTEEL,INE081A01012,,1446.0,1447.0,1405.5,1410.05,9768920,13858239053.1,0.08623582607548164,121.59682655773288
2021-08-03,TATASTEEL,INE081A01012,,1414.0,1420.85,1390.35,1407.2,8640560,12142758072.35,0.08623582607548164,121.35105445341776
2021-08-04,TATASTEEL,INE081A01012,,1420.0,1448.0,1405.1,1416.2,11289435,16092199774.6,0.08623582607548164,122.1271768880971
2021-08-05,TATASTEEL,INE081A01012,,1415.3,1450.0,1387.5,1446.6,16221799,23004257192.75,0.08623582607548164,124.74874600079173
2021-08-06,TATASTEEL,INE081A01012,,1449.0,1457.0,1426.0,1428.85,9674025,13928012701.8,0.08623582607548164,123.21806008795193
2021-08-09,TATASTEEL,INE081A01012,,1434.0,1443.25,1405.4,1412.2,7859493,11183484133.25,0.08623582607548164,121.78223358379518
2021-08-10,TATASTEEL,INE081A01012,,1412.0,1418.0,1367.2,1373.6,8451623,11786965575.25,0.08623582607548164,118.45353069728156
2021-08-11,TATASTEEL,INE081A01012,,1390.0,1429.7,1384.2,1426.2,14535357,20468076905.85,0.08623582607548164,122.98953514885191
2021-08-12,TATASTEEL,INE081A01012,,1436.0,1444.7,1416.55,1435.35,10943108,15662916646.65,0.08623582607548164,123.77859295744256
2021-08-13,TATASTEEL,INE081A01012,,1405.0,1476.6,1390.65,1461.65,28969872,41577265262.5,0.08623582607548164,126.04659518322774
2021-08-16,TATASTEEL,INE081A01012,,1484.0,1534.5,1472.2,1519.4,27114488,40760162318.7,0.08623582607548164,131.0267141390868
2021-08-17,TATASTEEL,INE081A01012,,1519.4,1534.0,1491.75,1503.7,18970923,28728012846.3,0.08623582607548164,129.67281166970173
2021-08-18,TATASTEEL,INE081A01012,,1509.45,1518.9,1488.2,1500.45,12331745,18523955013.75,0.08623582607548164,129.39254523495643
2021-08-20,TATASTEEL,INE081A01012,,1445.05,1447.0,1362.8,1375.6,27340069,38618363329.5,0.08623582607548164,118.62600234943253
2021-08-23,TATASTEEL,INE081A01012,,1402.0,1409.8,1310.75,1358.65,22925729,31321397175.0,0.08623582607548164,117.16430509745314
2021-08-24,TATASTEEL,INE081A01012,,1382.0,1420.0,1377.0,1404.65,17607579,24646845916.0,0.08623582607548164,121.13115309692529
2021-08-25,TATASTEEL,INE081A01012,,1418.0,1426.0,1380.75,1390.2,12565010,17659452557.2,0.08623582607548164,119.88504541013458
2021-08-26,TATASTEEL,INE081A01012,,1390.4,1394.75,1365.0,1375.05,9157898,12613755303.65,0.08623582607548164,118.57857264509101
2021-08-27,TATASTEEL,INE081A01012,,1379.0,1394.45,1375.85,1384.15,7394081,10246183944.6,0.08623582607548164,119.36331866237792
2021-08-30,TATASTEEL,INE081A01012,,1399.0,1445.0,1398.0,1440.6,13444387,19231696469.15,0.08623582607548164,124.23133104433884
2021-08-31,TATASTEEL,INE081A01012,,1445.0,1459.0,1432.0,1450.25,24752108,35871918020.5,0.08623582607548164,125.06350676596725
2021-09-01,TATASTEEL,INE081A01012,,1451.25,1455.5,1407.0,1411.2,8812897,12532364367.3,0.08623582607548164,121.6959977577197
2021-09-02,TATASTEEL,INE081A01012,,1411.0,1432.0,1410.0,1425.1,6148046,8738634439.1,0.08623582607548164,122.89467574016888
2021-09-03,TATASTEEL,INE081A01012,,1428.0,1452.95,1416.45,1443.65,8452382,12142493020.3,0.08623582607548164,124.49435031386908
2021-09-06,TATASTEEL,INE081A01012,,1447.0,1451.95,1423.15,1437.0,6958676,9993857812.3,0.08623582607548164,123.92088207046712
2021-09-07,TATASTEEL,INE081A01012,,1444.0,1459.0,1420.65,1428.7,6352717,9144123989.0,0.08623582607548164,123.20512471404062
2021-09-08,TATASTEEL,INE081A01012,,1426.0,1442.65,1418.6,1429.85,4676224,6689152680.65,0.08623582607548164,123.3042959140274
2021-09-09,TATASTEEL,INE081A01012,,1420.0,1451.95,1420.0,1447.0,5313030,7656486787.9,0.08623582607548164,124.78324033122193
2021-09-13,TATASTEEL,INE081A01012,,1447.0,1472.0,1436.5,1463.45,5670208,8230985329.3,0.08623582607548164,126.2018196701636
2021-09-14,TATASTEEL,INE081A01012,,1476.0,1476.0,1449.0,1452.3,5503767,8043210155.5,0.08623582607548164,125.24029020942197
2021-09-15,TATASTEEL,INE081A01012,,1452.3,1463.7,1444.4,1455.1,4417464,6424749303.25,0.08623582607548164,125.48175052243332
2021-09-16,TATASTEEL,INE081A01012,,1460.0,1471.9,1431.25,1436.75,5606797,8106101676.1,0.08623582607548164,123.89932311394824
2021-09-17,TATASTEEL,INE081A01012,,1437.0,1440.3,1360.0,1385.9,19572030,27149960524.4,0.08623582607548164,119.51423135801001
2021-09-20,TATASTEEL,INE081A01012,,1350.0,1351.9,1247.35,1253.1,28238412,36512376240.2,0.08623582607548164,108.06211365518602
2021-09-21,TATASTEEL,INE081A01012,,1258.0,1296.9,1232.9,1292.2,25593540,32335688765.0,0.08623582607548164,111.43393445473737
2021-09-22,TATASTEEL,INE081A01012,,1299.4,1318.0,1283.1,1305.8,11124247,14482842665.95,0.08623582607548164,112.60674168936391
2021-09-23,TATASTEEL,INE081A01012,,1330.0,1339.45,1306.05,1318.7,9946251,13132342309.45,0.08623582607548164,113.71918384573763
2021-09-24,TATASTEEL,INE081A01012,,1320.0,1324.0,1258.45,1272.1,13286616,17072512017.75,0.08623582607548164,109.70059435062018
2021-09-27,TATASTEEL,INE081A01012,,1272.0,1288.7,1261.05,1270.5,8668877,11044379079.25,0.08623582607548164,109.56261702889942
2021-09-28,TATASTEEL,INE081A01012,,1273.45,1296.8,1263.0,1280.95,8100736,10378437351.35,0.08623582607548164,110.46378141138821
2021-09-29,TATASTEEL,INE081A01012,,1270.0,1309.8,1267.2,1295.55,9494577,12254427544.5,0.08623582607548164,111.72282447209022
2021-09-30,TATASTEEL,INE081A01012,,1303.0,1316.4,1283.85,1288.9,7514568,9746166693.75,0.08623582607548164,111.14935622868829
2021-10-01,TATASTEEL,INE081A01012,,1275.0,1311.0,1265.0,1297.85,9037470,11696219086.0,0.08623582607548164,111.92116687206384
2021-10-04,TATASTEEL,INE081A01012,,1297.85,1327.75,1280.4,1324.15,9690237,12666404492.7,0.08623582607548164,114.18916909784902
2021-10-05,TATASTEEL,INE081A01012,,1314.0,1332.7,1310.15,1316.85,5795216,7652041813.9,0.08623582607548164,113.55964756749799
2021-10-06,TATASTEEL,INE081A01012,,1319.9,1328.6,1273.15,1279.9,8631693,11208369774.4,0.08623582607548164,110.37323379400895
2021-10-07,TATASTEEL,INE081A01012,,1295.0,1306.8,1283.55,1289.2,4603367,5959881711.45,0.08623582607548164,111.17522697651093
2021-10-08,TATASTEEL,INE081A01012,,1302.0,1344.05,1296.35,1301.15,10722015,14131842227.65,0.08623582607548164,112.20574509811294
2021-10-11,TATASTEEL,INE081A01012,,1305.0,1327.35,1298.0,1313.2,6349658,8340010808.85,0.08623582607548164,113.24488680232248
2021-10-12,TATASTEEL,INE081A01012,,1313.2,1335.0,1305.0,1329.1,6097019,8060557067.1,0.08623582607548164,114.61603643692264
2021-10-13,TATASTEEL,INE081A01012,,1325.5,1376.55,1318.05,1354.3,13285718,18032705350.55,0.08623582607548164,116.78917925402477
2021-10-14,TATASTEEL,INE081A01012,,1374.0,1390.6,1354.0,1375.05,8227371,11315479685.4,0.08623582607548164,118.57857264509101
2021-10-18,TATASTEEL,INE081A01012,,1418.0,1424.75,1391.1,1411.05,10923230,15423638710.65,0.08623582607548164,121.68306238380836
2021-10-19,TATASTEEL,INE081A01012,,1421.0,1426.55,1357.55,1366.9,8756924,12218421090.85,0.08623582607548164,117.87575066257585
2021-10-20,TATASTEEL,INE081A01012,,1372.0,1376.0,1326.65,1343.3,6975774,9438143064.85,0.08623582607548164,115.84058516719448
2021-10-21,TATASTEEL,INE081A01012,,1356.7,1357.85,1289.7,1314.7,8357573,11052415947.65,0.08623582607548164,113.37424054143571
2021-10-22,TATASTEEL,INE081A01012,,1320.0,1324.65,1271.0,1296.25,8071289,10455863988.15,0.08623582607548164,111.78318955034307
2021-10-25,TATASTEEL,INE081A01012,,1302.0,1316.0,1267.25,1293.3,6418501,8318255045.9,0.08623582607548164,111.52879386342039
2021-10-26,TATASTEEL,INE081A01012,,1303.0,1351.0,1301.45,1343.65,7722875,10252844348.05,0.08623582607548164,115.8707677063209
2021-10-27,TATASTEEL,INE081A01012,,1346.0,1351.7,1321.25,1326.15,7241804,9706128183.35,0.08623582607548164,114.36164074999998
2021-10-28,TATASTEEL,INE081A01012,,1314.9,1315.95,1291.1,1299.6,9307682,12108636657.3,0.08623582607548164,112.07207956769592
2021-10-29,TATASTEEL,INE081A01012,,1290.25,1333.7,1290.0,1315.95,7914760,10434141529.65,0.08623582607548164,113.48203532403006
2021-11-01,TATASTEEL,INE081A01012,,1340.0,1372.9,1330.0,1364.9,9687533,13155551551.55,0.08623582607548164,117.7032790104249
2021-11-02,TATASTEEL,INE081A01012,,1370.0,1370.0,1310.8,1313.65,7216137,9645962698.75,0.08623582607548164,113.28369292405645
2021-11-03,TATASTEEL,INE081A01012,,1324.8,1332.0,1312.0,1326.05,5730244,7578272364.25,0.08623582607548164,114.35301716739242
2021-11-08,TATASTEEL,INE081A01012,,1340.9,1347.65,1306.1,1343.25,5493667,7313506276.3,0.08623582607548164,115.83627337589071
2021-11-09,TATASTEEL,INE081A01012,,1342.85,1360.3,1328.85,1335.95,4756516,6388069232.8,0.08623582607548164,115.2067518455397
2021-11-10,TATASTEEL,INE081A01012,,1328.0,1329.0,1287.1,1298.55,11880417,15450091711.3,0.08623582607548164,111.98153195031668
2021-11-11,TATASTEEL,INE081A01012,,1304.9,1324.5,1288.35,1299.6,13663860,17852875262.1,0.08623582607548164,112.07207956769592
2021-11-12,TATASTEEL,INE081A01012,,1340.0,1340.0,1271.1,1287.25,23239558,30133436224.85,0.08623582607548164,111.00706711566373
2021-11-15,TATASTEEL,INE081A01012,,1295.0,1299.0,1241.5,1245.45,12108215,15311346641.25,0.08623582607548164,107.40240958570861
2021-11-16,TATASTEEL,INE081A01012,,1245.45,1261.05,1223.7,1228.8,12314880,15285726669.75,0.08623582607548164,105.96658308155183
2021-11-17,TATASTEEL,INE081A01012,,1225.0,1237.4,1215.1,1220.05,8780204,10757564425.0,0.08623582607548164,105.21201960339137
2021-11-18,TATASTEEL,INE081A01012,,1223.6,1228.3,1182.0,1186.6,10108351,12110042265.25,0.08623582607548164,102.3274312211665
2021-11-22,TATASTEEL,INE081A01012,,1188.1,1196.8,1146.0,1165.05,9621001,11297225184.3,0.08623582607548164,100.46904916923988
2021-11-23,TATASTEEL,INE081A01012,,1168.05,1209.0,1165.15,1192.05,9382963,11210058495.3,0.08623582607548164,102.79741647327788
2021-11-24,TATASTEEL,INE081A01012,,1200.4,1202.95,1171.15,1178.5,6767101,8068650466.05,0.08623582607548164,101.62892102995511
2021-11-25,TATASTEEL,INE081A01012,,1180.0,1186.6,1166.0,1173.65,4750286,5583438162.65,0.08623582607548164,101.21067727348903
2021-11-26,TATASTEEL,INE081A01012,,1157.9,1159.5,1106.25,1112.3,10645526,12007942478.5,0.08623582607548164,95.92010934375823
2021-11-29,TATASTEEL,INE081A01012,,1112.3,1137.0,1075.05,1114.75,9392991,10473859931.15,0.08623582607548164,96.13138711764316
2021-11-30,TATASTEEL,INE081A01012,,1110.95,1127.9,1063.0,1071.2,13355984,14596419159.45,0.08623582607548164,92.37581689205594
2021-12-01,TATASTEEL,INE081A01012,,1092.0,1097.0,1066.5,1082.55,9379114,10129980506.1,0.08623582607548164,93.35459351801263
2021-12-02,TATASTEEL,INE081A01012,,1083.0,1116.0,1074.0,1112.4,9128681,9979555833.05,0.08623582607548164,95.92873292636578
2021-12-03,TATASTEEL,INE081A01012,,1115.0,1134.2,1102.25,1118.0,10073784,11279894784.45,0.08623582607548164,96.41165355238847
2021-12-06,TATASTEEL,INE081A01012,,1114.0,1141.0,1102.2,1108.8,8215940,9218970570.35,0.08623582607548164,95.61828395249404
2021-12-07,TATASTEEL,INE081A01012,,1121.1,1155.55,1121.0,1148.8,8505390,9702509838.55,0.08623582607548164,99.0677169955133
2021-12-08,TATASTEEL,INE081A01012,,1159.0,1177.0,1149.0,1173.0,7448501,8686359029.45,0.08623582607548164,101.15462398653996
2021-12-09,TATASTEEL,INE081A01012,,1182.0,1182.0,1159.0,1176.85,5212394,6102560472.7,0.08623582607548164,101.48663191693056
2021-12-10,TATASTEEL,INE081A01012,,1173.45,1188.9,1167.6,1180.0,4812130,5672591862.1,0.08623582607548164,101.75827476906834
2021-12-13,TATASTEEL,INE081A01012,,1188.0,1199.0,1161.65,1165.3,5353778,6319423485.45,0.08623582607548164,100.49060812575874
2021-12-14,TATASTEEL,INE081A01012,,1158.95,1177.9,1147.0,1167.2,5352264,6233369922.2,0.08623582607548164,100.65445619530217
2021-12-15,TATASTEEL,INE081A01012,,1170.05,1175.6,1149.0,1154.05,4430833,5154444408.55,0.08623582607548164,99.52045508240958
2021-12-16,TATASTEEL,INE081A01012,,1164.0,1168.8,1143.55,1153.2,4246008,4914506125.4,0.08623582607548164,99.44715463024542
2021-12-17,TATASTEEL,INE081A01012,,1154.0,1158.85,1125.0,1132.1,4743502,5393272365.2,0.08623582607548164,97.62757870005275
2021-12-20,TATASTEEL,INE081A01012,,1117.0,1117.2,1066.05,1072.95,7352650,7961618862.3,0.08623582607548164,92.52672958768802
2021-12-21,TATASTEEL,INE081A01012,,1090.0,1124.25,1085.0,1105.1,7026849,7793906415.1,0.08623582607548164,95.29921139601475
2021-12-22,TATASTEEL,INE081A01012,,1115.0,1131.0,1110.0,1128.85,4366917,4904148511.6,0.08623582607548164,97.34731226530744
2021-12-23,TATASTEEL,INE081A01012,,1138.0,1146.8,1120.2,1127.65,4621478,5244827387.0,0.08623582607548164,97.24382927401687
2021-12-24,TATASTEEL,INE081A01012,,1130.05,1133.45,1103.85,1115.45,4093630,4564828879.6,0.08623582607548164,96.191752195896
2021-12-27,TATASTEEL,INE081A01012,,1111.05,1124.7,1102.35,1121.8,2758851,3074721063.1,0.08623582607548164,96.7393496914753
2021-12-28,TATASTEEL,INE081A01012,,1127.0,1131.5,1122.0,1127.45,2880781,3247337620.3,0.08623582607548164,97.22658210880178
2021-12-29,TATASTEEL,INE081A01012,,1120.0,1126.65,1108.0,1116.25,4193520,4677259768.65,0.08623582607548164,96.26074085675637
2021-12-30,TATASTEEL,INE081A01012,,1117.9,1127.0,1099.0,1101.0,4114093,4567032963.05,0.08623582607548164,94.94564450910528
2021-12-31,TATASTEEL,INE081A01012,,1105.0,1123.5,1102.65,1111.45,3687021,4112828901.1,0.08623582607548164,95.84680889159407
2022-01-03,TATASTEEL,INE081A01012,,1115.0,1151.0,1115.0,1142.45,3865803,4366279501.5,0.08623582607548164,98.520119499934
2022-01-04,TATASTEEL,INE081A01012,,1153.0,1159.7,1136.5,1148.8,5975731,6859026649.55,0.08623582607548164,99.0677169955133
2022-01-05,TATASTEEL,INE081A01012,,1147.0,1180.8,1141.25,1177.6,6186176,7216800113.2,0.08623582607548164,101.55130878648717
2022-01-06,TATASTEEL,INE081A01012,,1172.0,1183.0,1155.55,1163.25,5335400,6225489082.45,0.08623582607548164,100.31382468230402
2022-01-07,TATASTEEL,INE081A01012,,1165.2,1174.0,1147.85,1160.35,3973857,4612154157.25,0.08623582607548164,100.0637407866851
2022-01-10,TATASTEEL,INE081A01012,,1165.0,1173.4,1153.85,1169.05,3822500,4456832468.05,0.08623582607548164,100.8139924735418
2022-01-11,TATASTEEL,INE081A01012,,1158.65,1162.7,1113.0,1130.25,9697885,11026712678.5,0.08623582607548164,97.46804242181312
2022-01-12,TATASTEEL,INE081A01012,,1139.85,1150.8,1132.4,1147.2,5035843,5751572117.0,0.08623582607548164,98.92973967379254
2022-01-13,TATASTEEL,INE081A01012,,1154.0,1225.5,1152.15,1221.15,15723116,18868961106.25,0.08623582607548164,105.3068790120744
2022-01-14,TATASTEEL,INE081A01012,,1213.0,1226.3,1206.1,1213.6,5267907,6402740872.75,0.08623582607548164,104.6557985252045
2022-01-17,TATASTEEL,INE081A01012,,1215.0,1245.0,1190.35,1229.75,8969607,10958788425.8,0.08623582607548164,106.04850711632355
2022-01-18,TATASTEEL,INE081A01012,,1230.0,1233.75,1190.0,1194.85,5840897,7066337357.8,0.08623582607548164,103.03887678628922
2022-01-19,TATASTEEL,INE081A01012,,1196.0,1220.9,1183.0,1209.6,7304321,8800884092.5,0.08623582607548164,104.31085522090258
2022-01-20,TATASTEEL,INE081A01012,,1210.1,1224.0,1197.0,1206.7,5920597,7175912863.9,0.08623582607548164,104.0607713252837
2022-01-21,TATASTEEL,INE081A01012,,1200.0,1204.3,1156.35,1169.7,7166267,8438184184.45,0.08623582607548164,100.87004576049087
2022-01-24,TATASTEEL,INE081A01012,,1160.0,1163.65,1090.0,1099.2,8392076,9407699634.2,0.08623582607548164,94.79042002216941
2022-01-25,TATASTEEL,INE081A01012,,1094.7,1121.0,1087.05,1109.1,5733063,6351334528.6,0.08623582607548164,95.64415470031668
2022-01-27,TATASTEEL,INE081A01012,,1090.0,1103.45,1061.3,1088.35,9056656,9799578271.55,0.08623582607548164,93.85476130925043
2022-01-28,TATASTEEL,INE081A01012,,1105.85,1125.75,1080.95,1084.65,7864893,8722067779.45,0.08623582607548164,93.53568875277116
2022-01-31,TATASTEEL,INE081A01012,,1109.9,1114.6,1080.5,1085.55,5570939,6106808797.4,0.08623582607548164,93.61330099623909
2022-02-01,TATASTEEL,INE081A01012,,1104.9,1174.45,1086.4,1167.35,17075268,19367952076.85,0.08623582607548164,100.66739156921348
2022-02-02,TATASTEEL,INE081A01012,,1179.9,1179.9,1158.3,1167.5,7524734,8778450173.45,0.08623582607548164,100.68032694312481
2022-02-03,TATASTEEL,INE081A01012,,1153.0,1181.7,1146.3,1166.6,6514090,7619418043.55,0.08623582607548164,100.60271469965687
2022-02-04,TATASTEEL,INE081A01012,,1173.8,1197.75,1170.25,1176.3,9317418,11032097305.3,0.08623582607548164,101.43920221258905
2022-02-07,TATASTEEL,INE081A01012,,1168.3,1214.6,1161.0,1183.0,14510525,17330102163.95,0.08623582607548164,102.01698224729478
2022-02-08,TATASTEEL,INE081A01012,,1195.0,1222.4,1171.5,1219.6,14083984,16936657066.7,0.08623582607548164,105.1732134816574
2022-02-09,TATASTEEL,INE081A01012,,1231.0,1234.0,1208.15,1222.35,7352060,8968009893.95,0.08623582607548164,105.41036200336497
2022-02-10,TATASTEEL,INE081A01012,,1230.0,1254.25,1226.0,1248.35,9392057,11684809977.1,0.08623582607548164,107.6524934813275
2022-02-11,TATASTEEL,INE081A01012,,1239.0,1264.95,1233.1,1254.45,9676226,12118883254.8,0.08623582607548164,108.17853202038795
2022-02-14,TATASTEEL,INE081A01012,,1220.1,1227.75,1180.1,1186.85,8021613,9648820655.15,0.08623582607548164,102.34899017768537
2022-02-15,TATASTEEL,INE081A01012,,1196.85,1212.0,1151.55,1207.75,10188921,12014582504.45,0.08623582607548164,104.15131894266294
2022-02-16,TATASTEEL,INE081A01012,,1215.0,1217.9,1186.5,1191.8,6609214,7925141990.1,0.08623582607548164,102.775857516759
2022-02-17,TATASTEEL,INE081A01012,,1201.1,1209.5,1186.15,1190.95,5655792,6771643720.6,0.08623582607548164,102.70255706459486
2022-02-18,TATASTEEL,INE081A01012,,1187.0,1205.0,1183.0,1190.8,4725120,5654746883.9,0.08623582607548164,102.68962169068352
2022-02-21,TATASTEEL,INE081A01012,,1188.0,1202.0,1174.4,1181.85,4978732,5916328122.2,0.08623582607548164,101.91781104730796
2022-02-22,TATASTEEL,INE081A01012,,1158.0,1166.65,1119.25,1138.7,9385857,10709565886.6,0.08623582607548164,98.19673515215095
2022-02-23,TATASTEEL,INE081A01012,,1148.0,1152.6,1134.0,1139.0,4960838,5673217190.3,0.08623582607548164,98.22260589997359
2022-02-24,TATASTEEL,INE081A01012,,1094.0,1119.95,1067.1,1074.0,12126867,13288073810.5,0.08623582607548164,92.61727720506728
2022-02-25,TATASTEEL,INE081A01012,,1097.7,1150.7,1095.6,1145.35,9212886,10467347648.45,0.08623582607548164,98.77020339555288
2022-02-28,TATASTEEL,INE081A01012,,1134.0,1225.0,1129.2,1220.75,17605446,21070773518.25,0.08623582607548164,105.27238468164421
2022-03-02,TATASTEEL,INE081A01012,,1220.75,1299.6,1218.55,1289.35,24847532,31820691227.6,0.08623582607548164,111.18816235042225
2022-03-03,TATASTEEL,INE081A01012,,1306.0,1328.65,1293.65,1303.3,17450338,22859407692.45,0.08623582607548164,112.3911521241752
2022-03-04,TATASTEEL,INE081A01012,,1302.4,1319.85,1273.0,1277.1,16282923,21134984241.95,0.08623582607548164,110.1317734809976
2022-03-07,TATASTEEL,INE081A01012,,1275.9,1301.8,1264.0,1291.9,11040001,14129580242.05,0.08623582607548164,111.40806370691473
2022-03-08,TATASTEEL,INE081A01012,,1293.0,1294.0,1244.0,1269.5,9107822,11504186252.6,0.08623582607548164,109.47638120282394
2022-03-09,TATASTEEL,INE081A01012,,1273.9,1276.8,1248.6,1255.35,6934888,8739970128.45,0.08623582607548164,108.25614426385586
2022-03-10,TATASTEEL,INE081A01012,,1257.85,1313.8,1241.0,1308.7,13674062,17504564980.75,0.08623582607548164,112.85682558498281
2022-03-11,TATASTEEL,INE081A01012,,1315.0,1339.9,1296.2,1301.7,11882299,15639524482.95,0.08623582607548164,112.25317480245445
2022-03-14,TATASTEEL,INE081A01012,,1305.0,1311.7,1277.7,1297.0,5278082,6826343839.5,0.08623582607548164,111.84786641989969
2022-03-15,TATASTEEL,INE081A01012,,1291.8,1293.0,1228.0,1233.75,9614313,12036820173.55,0.08623582607548164,106.39345042062547
2022-03-16,TATASTEEL,INE081A01012,,1245.0,1271.2,1240.2,1265.25,6302451,7931873085.6,0.08623582607548164,109.10987894200314
2022-03-17,TATASTEEL,INE081A01012,,1275.0,1317.8,1271.1,1303.45,10623976,13787547257.25,0.08623582607548164,112.40408749808654
2022-03-21,TATASTEEL,INE081A01012,,1308.0,1334.0,1294.5,1302.95,8422763,11107780248.7,0.08623582607548164,112.3609695850488
2022-03-22,TATASTEEL,INE081A01012,,1320.0,1330.0,1288.05,1302.0,8179588,10699083341.2,0.08623582607548164,112.27904555027709
2022-03-23,TATASTEEL,INE081A01012,,1324.0,1347.8,1292.35,1331.0,13055238,17255295796.55,0.08623582607548164,114.77988450646606
2022-03-24,TATASTEEL,INE081A01012,,1330.95,1359.5,1325.95,1350.55,9460527,12758222562.2,0.08623582607548164,116.46579490624173
2022-03-25,TATASTEEL,INE081A01012,,1354.9,1366.0,1333.55,1338.95,6945744,9377535055.2,0.08623582607548164,115.46545932376614
2022-03-28,TATASTEEL,INE081A01012,,1340.0,1355.0,1327.6,1338.95,4655491,6246355569.25,0.08623582607548164,115.46545932376614
2022-03-29,TATASTEEL,INE081A01012,,1344.0,1346.15,1327.0,1334.65,4320237,5770018655.25,0.08623582607548164,115.09464527164157
2022-03-30,TATASTEEL,INE081A01012,,1335.0,1335.55,1300.0,1308.05,5848316,7651963500.35,0.08623582607548164,112.80077229803375
2022-03-31,TATASTEEL,INE081A01012,,1308.0,1320.45,1300.1,1307.2,4006795,5253688052.7,0.08623582607548164,112.7274718458696
2022-04-01,TATASTEEL,INE081A01012,,1310.0,1340.9,1305.45,1317.1,5532159,7309088664.3,0.08623582607548164,113.58120652401685
2022-04-04,TATASTEEL,INE081A01012,,1317.1,1354.0,1314.45,1341.9,6967032,9314756763.0,0.08623582607548164,115.71985501068882
2022-04-05,TATASTEEL,INE081A01012,,1348.45,1358.0,1329.25,1344.9,6329642,8501575038.95,0.08623582607548164,115.97856248891526
2022-04-06,TATASTEEL,INE081A01012,,1350.0,1386.7,1346.8,1370.75,11409754,15635306605.7,0.08623582607548164,118.20775859296646
2022-04-07,TATASTEEL,INE081A01012,,1377.0,1381.0,1341.0,1349.5,5565064,7569859990.1,0.08623582607548164,116.37524728886247
2022-04-08,TATASTEEL,INE081A01012,,1360.95,1379.95,1356.25,1370.75,5228771,7156591391.4,0.08623582607548164,118.20775859296646
2022-04-11,TATASTEEL,INE081A01012,,1370.7,1384.0,1353.0,1357.9,4477882,6126268528.4,0.08623582607548164,117.09962822789652
2022-04-12,TATASTEEL,INE081A01012,,1353.0,1359.95,1296.1,1320.25,6919168,9103139739.75,0.08623582607548164,113.85284937615464
2022-04-13,TATASTEEL,INE081A01012,,1334.95,1346.0,1315.0,1319.5,4493780,5969226933.65,0.08623582607548164,113.78817250659802
2022-04-18,TATASTEEL,INE081A01012,,1331.9,1358.05,1328.85,1339.1,8070042,10838623713.5,0.08623582607548164,115.47839469767744
2022-04-19,TATASTEEL,INE081A01012,,1352.6,1366.65,1309.0,1326.6,6477219,8749930979.45,0.08623582607548164,114.40044687173393
2022-04-20,TATASTEEL,INE081A01012,,1329.7,1336.45,1303.05,1314.25,5410021,7133940458.5,0.08623582607548164,113.33543441970174
2022-04-21,TATASTEEL,INE081A01012,,1316.0,1322.75,1285.85,1302.15,6669028,8677427230.85,0.08623582607548164,112.29198092418842
2022-04-22,TATASTEEL,INE081A01012,,1301.6,1311.55,1273.75,1277.55,5584823,7210390040.9,0.08623582607548164,110.17057960273156
2022-04-25,TATASTEEL,INE081A01012,,1250.0,1262.95,1212.8,1220.35,7231046,8916844390.4,0.08623582607548164,105.237890351214
2022-04-26,TATASTEEL,INE081A01012,,1235.0,1241.7,1225.0,1233.6,4481271,5525948859.35,0.08623582607548164,106.38051504671414
2022-04-27,TATASTEEL,INE081A01012,,1227.0,1255.0,1210.4,1246.7,7120974,8771371654.4,0.08623582607548164,107.51020436830296
2022-04-28,TATASTEEL,INE081A01012,,1259.5,1268.65,1243.0,1260.85,5129583,6438734682.0,0.08623582607548164,108.73044130727101
2022-04-29,TATASTEEL,INE081A01012,,1268.0,1291.7,1265.65,1271.05,5717352,7315837150.15,0.08623582607548164,109.61004673324094
2022-05-02,TATASTEEL,INE081A01012,,1257.0,1302.75,1248.75,1295.2,5442617,6957139104.35,0.08623582607548164,111.69264193296382
2022-05-04,TATASTEEL,INE081A01012,,1327.3,1330.0,1254.5,1261.35,13837402,17844727443.05,0.08623582607548164,108.77355922030875
2022-05-05,TATASTEEL,INE081A01012,,1280.0,1316.5,1278.0,1284.25,8733816,11334156938.6,0.08623582607548164,110.74835963743729
2022-05-06,TATASTEEL,INE081A01012,,1268.0,1290.0,1243.0,1283.7,6925676,8748619578.85,0.08623582607548164,110.70092993309578
2022-05-09,TATASTEEL,INE081A01012,,1260.0,1274.2,1244.0,1252.25,5055297,6359852196.2,0.08623582607548164,107.98881320302188
2022-05-10,TATASTEEL,INE081A01012,,1251.0,1254.65,1158.55,1164.9,14553742,17418666398.75,0.08623582607548164,100.45611379532856
2022-05-11,TATASTEEL,INE081A01012,,1175.0,1190.9,1123.4,1165.7,10706315,12386051281.1,0.08623582607548164,100.52510245618895
2022-05-12,TATASTEEL,INE081A01012,,1156.9,1162.4,1103.0,1117.7,9419161,10586609044.2,0.08623582607548164,96.38578280456584
2022-05-13,TATASTEEL,INE081A01012,,1135.0,1151.8,1092.0,1097.0,8292441,9303075384.5,0.08623582607548164,94.60070120480336
2022-05-16,TATASTEEL,INE081A01012,,1119.0,1134.8,1094.0,1103.5,6266527,6977732748.35,0.08623582607548164,95.16123407429399
2022-05-17,TATASTEEL,INE081A01012,,1124.0,1197.2,1115.35,1188.7,11287601,13086910016.65,0.08623582607548164,102.50852645592502
2022-05-18,TATASTEEL,INE081A01012,,1197.0,1209.0,1175.0,1180.25,8157580,9692512041.05,0.08623582607548164,101.7798337255872
2022-05-19,TATASTEEL,INE081A01012,,1151.0,1154.9,1115.2,1122.15,6654563,7532244311.55,0.08623582607548164,96.76953223060173
2022-05-20,TATASTEEL,INE081A01012,,1162.35,1178.4,1141.2,1170.6,6552750,7606442066.55,0.08623582607548164,100.9476580039588
2022-05-23,TATASTEEL,INE081A01012,,1097.0,1097.0,1001.55,1022.95,27388346,28176958026.25,0.08623582607548164,88.21493828391394
2022-05-24,TATASTEEL,INE081A01012,,1031.0,1039.9,1002.0,1006.35,12311666,12552845856.45,0.08623582607548164,86.78342357106095
2022-05-25,TATASTEEL,INE081A01012,,1006.35,1018.35,991.8,999.1,9934340,9973206376.85,0.08623582607548164,86.1582138320137
2022-05-26,TATASTEEL,INE081A01012,,1007.0,1067.55,995.25,1052.0,15053673,15552552283.05,0.08623582607548164,90.72008903140669
2022-05-27,TATASTEEL,INE081A01012,,1062.5,1067.65,1032.0,1043.5,7477220,7825323762.2,0.08623582607548164,89.98708450976508
2022-05-30,TATASTEEL,INE081A01012,,1059.0,1063.8,1043.5,1047.45,7270159,7648867514.95,0.08623582607548164,90.32771602276324
2022-05-31,TATASTEEL,INE081A01012,,1045.0,1071.9,1037.0,1055.65,12124885,12845390666.15,0.08623582607548164,91.0348497965822
2022-06-01,TATASTEEL,INE081A01012,,1065.5,1079.0,1053.3,1063.55,9405529,10022443775.45,0.08623582607548164,91.7161128225785
2022-06-02,TATASTEEL,INE081A01012,,1067.75,1084.75,1059.1,1081.55,7917704,8483566200.8,0.08623582607548164,93.26835769193715
2022-06-03,TATASTEEL,INE081A01012,,1092.0,1092.8,1065.0,1067.3,5395486,5804071537.4,0.08623582607548164,92.03949717036154
2022-06-06,TATASTEEL,INE081A01012,,1065.0,1082.9,1049.2,1078.1,5726249,6131623842.3,0.08623582607548164,92.97084409197674
2022-06-07,TATASTEEL,INE081A01012,,1067.0,1081.5,1063.55,1068.5,4334157,4634674457.15,0.08623582607548164,92.14298016165213
2022-06-08,TATASTEEL,INE081A01012,,1081.0,1088.9,1074.05,1086.75,6473434,7015173441.45,0.08623582607548164,93.71678398752967
2022-06-09,TATASTEEL,INE081A01012,,1074.95,1087.25,1041.2,1044.85,9854781,10400542210.2,0.08623582607548164,90.10350287496698
2022-06-10,TATASTEEL,INE081A01012,,1030.0,1031.4,1010.65,1023.7,9522563,9720036515.1,0.08623582607548164,88.27961515347056
2022-06-13,TATASTEEL,INE081A01012,,1004.3,1012.0,990.0,991.95,8223575,8214919302.2,0.08623582607548164,85.54162767557402
2022-06-14,TATASTEEL,INE081A01012,,988.25,1013.7,985.55,996.15,7720260,7729330686.7,0.08623582607548164,85.90381814509104
2022-06-15,TATASTEEL,INE081A01012,,953.95,974.25,950.65,959.55,9244333,8890289549.6,0.09088908442584884,87.21262096082324
2022-06-16,TATASTEEL,INE081A01012,,975.0,975.0,898.2,901.7,12274105,11427723603.3,0.09088908442584884,81.9546874267879
2022-06-17,TATASTEEL,INE081A01012,,898.0,927.4,895.5,906.7,12129026,11065731966.85,0.09088908442584884,82.40913284891714
2022-06-20,TATASTEEL,INE081A01012,,905.0,905.0,842.65,861.4,13986689,12049109008.45,0.09088908442584884,78.29185732442619
2022-06-21,TATASTEEL,INE081A01012,,875.0,895.5,864.0,884.8,12452697,10916019464.45,0.09088908442584884,80.41866189999105
2022-06-22,TATASTEEL,INE081A01012,,872.95,873.85,835.7,838.1,10987739,9333787063.8,0.09088908442584884,76.1741416573039
2022-06-23,TATASTEEL,INE081A01012,,840.0,855.95,827.0,841.3,11151584,9384044004.3,0.09088908442584884,76.46498672746662
2022-06-24,TATASTEEL,INE081A01012,,850.0,864.75,844.65,852.85,8543381,7289500677.75,0.09088908442584884,77.51475565258518
2022-06-27,TATASTEEL,INE081A01012,,870.5,878.85,863.05,867.85,7281473,6337792524.0,0.09088908442584884,78.87809191897291
2022-06-28,TATASTEEL,INE081A01012,,866.0,884.4,860.4,878.9,8464733,7396932361.3,0.09088908442584884,79.88241630187854
2022-06-29,TATASTEEL,INE081A01012,,870.0,888.8,868.5,881.6,7231847,6371473361.5,0.09088908442584884,80.12781682982833
2022-06-30,TATASTEEL,INE081A01012,,881.5,894.5,863.3,867.05,8467209,7429607359.1,0.09088908442584884,78.80538065143223
2022-07-01,TATASTEEL,INE081A01012,,866.95,875.0,859.1,872.85,5476189,4747001323.25,0.09088908442584884,79.33253734110215
2022-07-04,TATASTEEL,INE081A01012,,868.5,871.2,843.3,854.55,7755441,6601228052.0,0.09088908442584884,77.66926709610912
2022-07-05,TATASTEEL,INE081A01012,,862.0,879.2,857.8,860.15,7905829,6866701254.25,0.09088908442584884,78.17824596889388
2022-07-06,TATASTEEL,INE081A01012,,858.45,861.1,838.05,858.15,8143971,6903395020.7,0.09088908442584884,77.99646780004218
2022-07-07,TATASTEEL,INE081A01012,,867.0,906.55,858.5,900.0,11100794,9781286467.0,0.09088908442584884,81.80017598326396
2022-07-08,TATASTEEL,INE081A01012,,917.9,917.9,880.5,885.9,11200063,9966519524.5,0.09088908442584884,80.51863989285948
2022-07-11,TATASTEEL,INE081A01012,,885.2,929.0,875.05,912.75,15019334,13636472253.1,0.09088908442584884,82.95901180969352
2022-07-12,TATASTEEL,INE081A01012,,904.9,915.95,893.6,902.1,10017505,9037768425.8,0.09088908442584884,81.99104306055824
2022-07-13,TATASTEEL,INE081A01012,,905.95,914.2,900.65,904.85,7013511,6360873098.65,0.09088908442584884,82.24098804272933
2022-07-14,TATASTEEL,INE081A01012,,910.0,911.0,895.0,908.0,7449858,6729154713.35,0.09088908442584884,82.52728865867074
2022-07-15,TATASTEEL,INE081A01012,,905.0,910.3,877.5,883.8,8125351,7242237144.35,0.09088908442584884,80.3277728155652
2022-07-18,TATASTEEL,INE081A01012,,897.0,908.0,892.25,904.3,7306081,6581015540.8,0.09088908442584884,82.1909990462951
2022-07-19,TATASTEEL,INE081A01012,,901.0,921.9,901.0,919.45,8534158,7825312413.05,0.09088908442584884,83.56796867534672
2022-07-20,TATASTEEL,INE081A01012,,935.95,938.0,925.2,928.45,7708865,7181425855.2,0.09088908442584884,84.38597043517936
2022-07-21,TATASTEEL,INE081A01012,,930.0,938.85,924.5,934.3,5087714,4750878150.95,0.09088908442584884,84.91767157907057
2022-07-22,TATASTEEL,INE081A01012,,942.5,944.0,932.0,936.05,4860894,4559941726.45,0.09088908442584884,85.0767274768158
2022-07-25,TATASTEEL,INE081A01012,,935.0,964.85,933.6,960.7,9963563,9515399224.15,0.09088908442584884,87.31714340791298
2022-07-26,TATASTEEL,INE081A01012,,972.0,976.7,946.05,949.5,12626469,12119595065.95,0.09088908442584884,86.29918566234348
2022-07-27,TATASTEEL,INE081A01012,,951.0,961.55,943.6,959.4,5255902,5011119637.7,0.09088908442584884,87.19898759815938
2022-07-28,TATASTEEL,INE081A01012,,98.1,102.0,97.15,100.35,137156107,13644336927.1,0.9088908442584883,91.2071962213393
2022-07-29,TATASTEEL,INE081A01020,,103.0,109.3,102.15,107.6,166959934,17816038805.05,0.9088908442584883,97.79665484221334
2022-08-01,TATASTEEL,INE081A01020,,110.5,111.45,106.15,108.25,125365761,13592194355.85,0.9088908442584883,98.38743389098136
2022-08-02,TATASTEEL,INE081A01020,,108.0,108.0,105.35,107.0,64935371,6937671692.0,0.9088908442584883,97.25132033565825
2022-08-03,TATASTEEL,INE081A01020,,107.0,108.45,106.0,107.05,61428846,6568325454.7,0.9088908442584883,97.29676487787117
2022-08-04,TATASTEEL,INE081A01020,,107.5,109.5,106.05,107.7,79526154,8577818116.05,0.9088908442584883,97.8875439266392
2022-08-05,TATASTEEL,INE081A01020,,107.65,109.25,107.1,107.35,54469112,5885013963.0,0.9088908442584883,97.56943213114872
2022-08-08,TATASTEEL,INE081A01020,,107.85,108.15,106.7,107.2,41384943,4442543901.95,0.9088908442584883,97.43309850450996
2022-08-10,TATASTEEL,INE081A01020,,107.9,109.9,106.5,109.2,73880698,7996457230.3,0.9088908442584883,99.25088019302693
2022-08-11,TATASTEEL,INE081A01020,,110.3,110.65,108.6,109.1,75321498,8247181079.65,0.9088908442584883,99.15999110860108
2022-08-12,TATASTEEL,INE081A01020,,109.35,112.9,108.8,112.65,95942333,10733610778.1,0.9088908442584883,102.38655360571872
2022-08-16,TATASTEEL,INE081A01020,,113.7,113.7,111.1,113.0,69207437,7789100716.7,0.9088908442584883,102.70466540120918
2022-08-17,TATASTEEL,INE081A01020,,113.5,113.5,112.25,112.5,54008422,6094999817.65,0.9088908442584883,102.25021997907993
2022-08-18,TATASTEEL,INE081A01020,,112.5,113.0,111.4,112.55,49396425,5548515767.75,0.9088908442584883,102.29566452129286
2022-08-19,TATASTEEL,INE081A01020,,112.55,112.9,109.55,110.05,57134813,6346785640.6,0.9088908442584883,100.02343741064664
2022-08-22,TATASTEEL,INE081A01020,,109.5,109.6,104.7,105.05,74037526,7906795316.15,0.9088908442584883,95.4789831893542
2022-08-23,TATASTEEL,INE081A01020,,104.2,108.25,103.5,107.6,70531639,7523872406.95,0.9088908442584883,97.79665484221334
2022-08-24,TATASTEEL,INE081A01020,,107.55,108.15,105.75,106.55,55686404,5941287674.1,0.9088908442584883,96.84231945574193
2022-08-25,TATASTEEL,INE081A01020,,107.05,107.9,105.75,106.25,42186335,4513082704.7,0.9088908442584883,96.56965220246438
2022-08-26,TATASTEEL,INE081A01020,,107.25,109.2,107.1,107.35,71257092,7705922708.05,0.9088908442584883,97.56943213114872
2022-08-29,TATASTEEL,INE081A01020,,104.05,105.65,103.25,104.85,59895805,6272782501.15,0.9088908442584883,95.29720502050249
2022-08-30,TATASTEEL,INE081A01020,,106.5,108.5,106.05,108.3,67401780,7241568190.85,0.9088908442584883,98.43287843319428
2022-09-01,TATASTEEL,INE081A01020,,107.0,107.75,105.9,106.4,52454732,5593727756.85,0.9088908442584883,96.70598582910316
2022-09-02,TATASTEEL,INE081A01020,,107.0,107.0,105.0,105.5,45601352,4824328207.9,0.9088908442584883,95.88798406927052
2022-09-05,TATASTEEL,INE081A01020,,106.05,107.3,105.8,106.9,40352735,4309547186.7,0.9088908442584883,97.16043125123241
2022-09-06,TATASTEEL,INE081A01020,,107.4,108.8,106.05,108.6,59505849,6395325841.4,0.9088908442584883,98.70554568647182
2022-09-07,TATASTEEL,INE081A01020,,107.55,108.9,107.1,107.6,43945660,4733600727.6,0.9088908442584883,97.79665484221334
2022-09-08,TATASTEEL,INE081A01020,,108.4,108.4,105.35,105.85,71228405,7571819644.9,0.9088908442584883,96.20609586476098
2022-09-09,TATASTEEL,INE081A01020,,107.0,107.35,105.5,105.7,63647166,6766144287.45,0.9088908442584883,96.06976223812222
2022-09-12,TATASTEEL,INE081A01020,,106.8,107.95,106.5,107.75,40838533,4380870294.6,0.9088908442584883,97.93298846885212
2022-09-13,TATASTEEL,INE081A01020,,108.0,108.7,107.55,107.75,44179394,4770125367.9,0.9088908442584883,97.93298846885212
2022-09-14,TATASTEEL,INE081A01020,,106.3,110.4,105.8,109.15,86379872,9367682710.85,0.9088908442584883,99.20543565081401
2022-09-15,TATASTEEL,INE081A01020,,108.65,109.0,106.5,107.0,62926791,6762926980.0,0.9088908442584883,97.25132033565825
2022-09-16,TATASTEEL,INE081A01020,,106.2,107.5,105.0,105.7,107967267,11438611861.2,0.9088908442584883,96.06976223812222
2022-09-19,TATASTEEL,INE081A01020,,106.2,106.2,103.0,103.1,51146568,5329092149.05,0.9088908442584883,93.70664604305014
2022-09-20,TATASTEEL,INE081A01020,,104.2,106.35,104.0,105.8,52140254,5498177496.75,0.9088908442584883,96.16065132254806
2022-09-21,TATASTEEL,INE081A01020,,105.8,107.2,104.3,104.45,46142823,4874375519.4,0.9088908442584883,94.9336486827991
2022-09-22,TATASTEEL,INE081A01020,,104.45,105.3,103.5,103.6,61380323,6390476684.45,0.9088908442584883,94.16109146517938
2022-09-23,TATASTEEL,INE081A01020,,106.2,107.9,103.75,104.3,109765520,11542851207.85,0.9088908442584883,94.79731505616033
2022-09-26,TATASTEEL,INE081A01020,,104.4,104.45,98.5,99.85,101291962,10142672607.35,0.9088908442584883,90.75275079921005
2022-09-27,TATASTEEL,INE081A01020,,101.35,101.35,96.5,97.65,104949032,10281458412.55,0.9088908442584883,88.7531909418414
2022-09-28,TATASTEEL,INE081A01020,,96.55,97.85,95.0,95.2,71724106,6920843177.9,0.9088908442584883,86.52640837340809
2022-09-29,TATASTEEL,INE081A01020,,97.0,98.25,96.4,96.85,60884592,5918516554.85,0.9088908442584883,88.0260782664346
2022-09-30,TATASTEEL,INE081A01020,,96.85,100.4,95.7,99.3,66436616,6522717206.05,0.9088908442584883,90.25286083486789
2022-10-03,TATASTEEL,INE081A01020,,99.6,99.65,98.0,98.35,37282313,3673372459.55,0.9088908442584883,89.38941453282231
2022-10-04,TATASTEEL,INE081A01020,,100.3,101.5,100.0,101.15,40186702,4050787705.9,0.9088908442584883,91.9343088967461
2022-10-06,TATASTEEL,INE081A01020,,102.0,103.8,101.75,103.55,48169310,4968384709.85,0.9088908442584883,94.11564692296646
2022-10-07,TATASTEEL,INE081A01020,,103.3,103.5,101.9,103.3,36080875,3701016169.55,0.9088908442584883,93.88842421190184
2022-10-10,TATASTEEL,INE081A01020,,102.0,103.5,101.15,103.2,36641275,3753418355.6,0.9088908442584883,93.797535127476
2022-10-11,TATASTEEL,INE081A01020,,103.55,103.65,99.8,100.35,41083734,4171955283.9,0.9088908442584883,91.2071962213393
2022-10-12,TATASTEEL,INE081A01020,,100.35,101.2,99.0,100.55,41357469,4145079977.55,0.9088908442584883,91.388974390191
2022-10-13,TATASTEEL,INE081A01020,,101.1,101.8,98.8,100.1,34668093,3467784413.05,0.9088908442584883,90.97997351027468
2022-10-14,TATASTEEL,INE081A01020,,101.85,102.8,99.9,100.1,32456805,3285919912.45,0.9088908442584883,90.97997351027468
2022-10-17,TATASTEEL,INE081A01020,,99.75,100.4,98.1,99.55,37568783,3736649675.55,0.9088908442584883,90.48008354593252
2022-10-18,TATASTEEL,INE081A01020,,100.3,101.0,99.8,100.65,30722156,3088365889.65,0.9088908442584883,91.47986347461685
2022-10-19,TATASTEEL,INE081A01020,,100.6,101.25,99.7,100.05,38764542,3895723116.05,0.9088908442584883,90.93452896806176
2022-10-20,TATASTEEL,INE081A01020,,99.5,101.2,98.8,100.9,38091315,3810489028.1,0.9088908442584883,91.70708618568148
2022-10-21,TATASTEEL,INE081A01020,,100.85,101.45,99.35,100.2,30973997,3105517885.0,0.9088908442584883,91.07086259470053
2022-10-25,TATASTEEL,INE081A01020,,101.15,102.5,100.7,101.2,37163180,3771578858.15,0.9088908442584883,91.97975343895902
2022-10-27,TATASTEEL,INE081A01020,,102.25,104.65,102.05,104.2,74349009,7722338849.35,0.9088908442584883,94.70642597173449
2022-10-28,TATASTEEL,INE081A01020,,104.1,104.6,100.8,101.6,51006232,5198345634.55,0.9088908442584883,92.34330977666241
2022-10-31,TATASTEEL,INE081A01020,,101.9,102.15,100.3,101.55,38715841,3919494016.6,0.9088908442584883,92.29786523444949
2022-11-01,TATASTEEL,INE081A01020,,98.55,101.45,98.55,101.2,69031178,6920926318.5,0.9088908442584883,91.97975343895902
2022-11-02,TATASTEEL,INE081A01020,,101.0,103.0,100.8,101.25,42336049,4310879559.9,0.9088908442584883,92.02519798117194
2022-11-03,TATASTEEL,INE081A01020,,100.75,102.45,100.0,102.0,39110676,3975105986.05,0.9088908442584883,92.70686611436581
2022-11-04,TATASTEEL,INE081A01020,,102.5,105.0,102.2,104.75,70299020,7289721600.05,0.9088908442584883,95.20631593607665
2022-11-07,TATASTEEL,INE081A01020,,105.9,107.45,104.6,106.7,74426059,7925231204.7,0.9088908442584883,96.9786530823807
2022-11-09,TATASTEEL,INE081A01020,,107.25,107.55,105.55,106.1,38295904,4071757227.05,0.9088908442584883,96.43331857582561
2022-11-10,TATASTEEL,INE081A01020,,105.2,106.0,104.45,104.7,27864285,2930887692.25,0.9088908442584883,95.16087139386373
2022-11-11,TATASTEEL,INE081A01020,,106.25,108.2,106.25,107.55,77933417,8374174601.75,0.9088908442584883,97.75121030000041
2022-11-14,TATASTEEL,INE081A01020,,108.5,110.0,108.25,108.7,55474425,6052718955.6,0.9088908442584883,98.79643477089768
2022-11-15,TATASTEEL,INE081A01020,,109.0,109.35,107.2,108.55,35007427,3782360832.2,0.9088908442584883,98.6601011442589
2022-11-16,TATASTEEL,INE081A01020,,108.45,108.8,105.2,106.55,40404167,4321518992.7,0.9088908442584883,96.84231945574193
2022-11-17,TATASTEEL,INE081A01020,,105.9,106.8,104.5,105.85,32894825,3468387429.4,0.9088908442584883,96.20609586476098
2022-11-18,TATASTEEL,INE081A01020,,105.85,106.3,104.7,105.5,28992538,3057045391.4,0.9088908442584883,95.88798406927052
2022-11-21,TATASTEEL,INE081A01020,,107.7,107.7,103.85,104.25,58404309,6155232063.4,0.9088908442584883,94.75187051394741
2022-11-22,TATASTEEL,INE081A01020,,104.4,105.4,103.55,105.2,27846186,2909218047.9,0.9088908442584883,95.61531681599297
2022-11-23,TATASTEEL,INE081A01020,,105.7,106.0,104.95,105.45,22809651,2405544449.55,0.9088908442584883,95.8425395270576
2022-11-24,TATASTEEL,INE081A01020,,105.85,105.95,104.6,105.5,23737867,2500041736.8,0.9088908442584883,95.88798406927052
2022-11-25,TATASTEEL,INE081A01020,,105.6,106.5,105.1,106.2,27361785,2899278217.3,0.9088908442584883,96.52420766025146
2022-11-28,TATASTEEL,INE081A01020,,106.0,106.4,104.5,104.9,33516118,3519507321.2,0.9088908442584883,95.34264956271544
2022-11-29,TATASTEEL,INE081A01020,,105.0,107.65,104.95,106.1,40661568,4332103822.55,0.9088908442584883,96.43331857582561
2022-11-30,TATASTEEL,INE081A01020,,106.1,107.95,105.9,107.65,61142050,6563796708.15,0.9088908442584883,97.84209938442628
2022-12-01,TATASTEEL,INE081A01020,,108.7,111.3,108.0,110.75,91702642,10064703817.75,0.9088908442584883,100.65966100162758
2022-12-02,TATASTEEL,INE081A01020,,110.8,112.5,110.15,112.0,70541914,7868561475.35,0.9088908442584883,101.79577455695069
2022-12-05,TATASTEEL,INE081A01020,,113.3,116.1,112.65,115.85,96441799,11070587626.6,0.9088908442584883,105.29500430734586
2022-12-06,TATASTEEL,INE081A01020,,115.35,115.35,112.25,112.95,50581245,5731246025.85,0.9088908442584883,102.65922085899626
2022-12-07,TATASTEEL,INE081A01020,,113.4,113.5,110.85,111.2,39494279,4420597087.65,0.9088908442584883,101.0686618815439
2022-12-08,TATASTEEL,INE081A01020,,111.75,113.0,110.8,111.85,32416724,3621976760.8,0.9088908442584883,101.65944093031192
2022-12-09,TATASTEEL,INE081A01020,,112.8,113.75,109.7,110.45,35665257,3979539564.25,0.9088908442584883,100.38699374835004
2022-12-12,TATASTEEL,INE081A01020,,110.2,112.1,108.7,111.7,37082389,4110851619.65,0.9088908442584883,101.52310730367314
2022-12-13,TATASTEEL,INE081A01020,,112.55,112.85,110.8,111.2,32264080,3596515740.25,0.9088908442584883,101.0686618815439
2022-12-14,TATASTEEL,INE081A01020,,111.6,113.2,111.1,113.05,38606984,4340715290.6,0.9088908442584883,102.7501099434221
2022-12-15,TATASTEEL,INE081A01020,,112.65,113.45,110.7,110.95,34361613,3838903320.85,0.9088908442584883,100.84143917047928
2022-12-16,TATASTEEL,INE081A01020,,110.35,112.1,109.45,111.05,34736665,3848127933.45,0.9088908442584883,100.93232825490513
2022-12-19,TATASTEEL,INE081A01020,,111.05,112.1,110.8,111.8,17297590,1928331474.4,0.9088908442584883,101.613996388099
2022-12-20,TATASTEEL,INE081A01020,,111.15,111.5,109.0,110.95,34836506,3841678276.75,0.9088908442584883,100.84143917047928
2022-12-21,TATASTEEL,INE081A01020,,111.8,112.0,108.7,109.4,32303565,3564029185.2,0.9088908442584883,99.43265836187862
2022-12-22,TATASTEEL,INE081A01020,,110.0,110.6,106.35,107.65,39639329,4272289160.15,0.9088908442584883,97.84209938442628
2022-12-23,TATASTEEL,INE081A01020,,106.0,106.75,101.95,102.25,46756489,4861179723.65,0.9088908442584883,92.93408882543044
2022-12-26,TATASTEEL,INE081A01020,,102.8,105.55,101.65,105.0,33995681,3548856093.4,0.9088908442584883,95.43353864714128
2022-12-27,TATASTEEL,INE081A01020,,106.65,111.55,105.85,111.15,76033410,8316497757.0,0.9088908442584883,101.02321733933098
2022-12-28,TATASTEEL,INE081A01020,,111.05,112.3,109.7,110.0,50660601,5620984092.1,0.9088908442584883,99.97799286843372
2022-12-29,TATASTEEL,INE081A01020,,109.0,112.0,108.85,111.75,51751642,5735642386.1,0.9088908442584883,101.56855184588606
2022-12-30,TATASTEEL,INE081A01020,,112.9,114.75,112.1,112.65,56048485,6360199033.4,0.9088908442584883,102.38655360571872
2023-01-02,TATASTEEL,INE081A01020,,114.4,119.7,113.75,119.25,143444095,16899938209.6,0.9088908442584883,108.38523317782473
2023-01-03,TATASTEEL,INE081A01020,,119.8,120.5,117.75,118.45,74419090,8859042586.45,0.9088908442584883,107.65812050241794
2023-01-04,TATASTEEL,INE081A01020,,118.75,119.05,115.35,115.75,55634568,6484836352.55,0.9088908442584883,105.20411522292002
2023-01-05,TATASTEEL,INE081A01020,,116.5,117.0,114.5,116.55,58806907,6806057647.8,0.9088908442584883,105.93122789832681
2023-01-06,TATASTEEL,INE081A01020,,117.0,117.85,115.25,115.65,58551863,6825354273.05,0.9088908442584883,105.11322613849418
2023-01-09,TATASTEEL,INE081A01020,,116.9,118.1,116.55,117.55,37763131,4438628753.1,0.9088908442584883,106.8401187425853
2023-01-10,TATASTEEL,INE081A01020,,117.65,119.75,117.55,118.85,56750710,6732375346.95,0.9088908442584883,108.02167684012133
2023-01-11,TATASTEEL,INE081A01020,,119.45,120.35,118.0,118.85,49321252,5871210496.25,0.9088908442584883,108.02167684012133
2023-01-12,TATASTEEL,INE081A01020,,118.95,119.25,117.6,118.1,33740024,3986728182.75,0.9088908442584883,107.34000870692746
2023-01-13,TATASTEEL,INE081A01020,,118.55,121.6,118.15,120.45,68884010,8287320121.45,0.9088908442584883,109.47590219093492
2023-01-16,TATASTEEL,INE081A01020,,121.45,121.45,118.8,119.95,44362359,5314417958.05,0.9088908442584883,109.02145676880568
2023-01-17,TATASTEEL,INE081A01020,,119.75,119.9,118.0,119.35,27880531,3317731473.65,0.9088908442584883,108.47612226225057
2023-01-18,TATASTEEL,INE081A01020,,120.0,123.0,120.0,122.45,64749065,7904467813.2,0.9088908442584883,111.29368387945189
2023-01-19,TATASTEEL,INE081A01020,,121.8,124.3,121.15,123.55,53564076,6609306267.85,0.9088908442584883,112.29346380813622
2023-01-20,TATASTEEL,INE081A01020,,123.4,124.2,122.0,122.95,37784498,4657678101.5,0.9088908442584883,111.74812930158114
2023-01-23,TATASTEEL,INE081A01020,,123.4,123.85,121.5,122.0,28601260,3506407861.1,0.9088908442584883,110.88468299953557
2023-01-24,TATASTEEL,INE081A01020,,122.5,122.55,120.1,120.4,27707765,3353043685.55,0.9088908442584883,109.430457648722
2023-01-25,TATASTEEL,INE081A01020,,120.35,122.25,120.1,121.0,46522102,5624860373.1,0.9088908442584883,109.97579215527709
2023-01-27,TATASTEEL,INE081A01020,,121.9,123.25,119.1,120.65,58771746,7113714095.55,0.9088908442584883,109.65768035978662
2023-01-30,TATASTEEL,INE081A01020,,120.45,121.1,116.9,118.75,46551837,5515300590.95,0.9088908442584883,107.93078775569549
2023-01-31,TATASTEEL,INE081A01020,,118.75,120.45,117.75,119.7,43986769,5255511455.05,0.9088908442584883,108.79423405774105
2023-02-01,TATASTEEL,INE081A01020,,120.1,124.15,119.3,122.05,72919626,8908255658.1,0.9088908442584883,110.93012754174849
2023-02-02,TATASTEEL,INE081A01020,,121.95,122.5,118.4,119.95,38768010,4640608722.05,0.9088908442584883,109.02145676880568
2023-02-03,TATASTEEL,INE081A01020,,120.05,121.0,117.2,120.35,46977350,5598705778.3,0.9088908442584883,109.38501310650906
2023-02-06,TATASTEEL,INE081A01020,,120.0,120.0,117.0,117.45,49546361,5838695548.5,0.9088908442584883,106.74922965815945
2023-02-07,TATASTEEL,INE081A01020,,112.6,115.35,110.55,111.45,110953246,12485538285.3,0.9088908442584883,101.29588459260853
2023-02-08,TATASTEEL,INE081A01020,,111.45,112.75,110.1,111.45,66523699,7415660810.8,0.9088908442584883,101.29588459260853
2023-02-09,TATASTEEL,INE081A01020,,112.15,112.95,109.95,111.25,64710455,7190126333.05,0.9088908442584883,101.11410642375682
2023-02-10,TATASTEEL,INE081A01020,,111.0,111.25,108.3,108.8,60810058,6633301056.7,0.9088908442584883,98.88732385532353
2023-02-13,TATASTEEL,INE081A01020,,108.8,110.6,108.4,108.75,56186469,6136999513.3,0.9088908442584883,98.84187931311061
2023-02-14,TATASTEEL,INE081A01020,,109.55,109.9,108.25,109.25,31163587,3399153115.15,0.9088908442584883,99.29632473523985
2023-02-15,TATASTEEL,INE081A01020,,109.0,110.6,108.8,110.3,35544190,3903313900.75,0.9088908442584883,100.25066012171126
2023-02-16,TATASTEEL,INE081A01020,,111.0,112.2,110.65,112.0,30956191,3447951206.65,0.9088908442584883,101.79577455695069
2023-02-17,TATASTEEL,INE081A01020,,111.55,113.1,111.3,112.25,34107244,3839275198.65,0.9088908442584883,102.02299726801532
2023-02-20,TATASTEEL,INE081A01020,,112.3,112.7,111.05,112.35,19896764,2231699003.55,0.9088908442584883,102.11388635244116
2023-02-21,TATASTEEL,INE081A01020,,112.9,114.2,112.75,113.15,29830864,3387474094.25,0.9088908442584883,102.84099902784796
2023-02-22,TATASTEEL,INE081A01020,,113.25,113.7,110.65,111.15,24391211,2728186737.25,0.9088908442584883,101.02321733933098
2023-02-23,TATASTEEL,INE081A01020,,111.55,113.65,111.35,112.05,30845778,3464472213.65,0.9088908442584883,101.84121909916361
2023-02-24,TATASTEEL,INE081A01020,,112.5,112.9,109.55,109.75,34326940,3792036662.95,0.9088908442584883,99.75077015736909
2023-02-27,TATASTEEL,INE081A01020,,109.8,110.05,105.15,106.1,56217189,5996571618.55,0.9088908442584883,96.43331857582561
2023-02-28,TATASTEEL,INE081A01020,,106.85,107.05,103.55,103.95,76540448,8012243048.1,0.9088908442584883,94.47920326066986
2023-03-01,TATASTEEL,INE081A01020,,104.7,107.1,104.5,105.5,76175319,8041859455.85,0.9088908442584883,95.88798406927052
2023-03-02,TATASTEEL,INE081A01020,,106.05,106.9,104.35,104.65,55276248,5811826485.25,0.9088908442584883,95.11542685165081
2023-03-03,TATASTEEL,INE081A01020,,106.0,107.45,105.0,107.0,117175295,12410956853.75,0.9088908442584883,97.25132033565825
2023-03-06,TATASTEEL,INE081A01020,,107.5,107.6,105.0,105.65,106868143,11331946650.0,0.9088908442584883,96.02431769590929
2023-03-08,TATASTEEL,INE081A01020,,105.3,106.9,104.0,106.5,43939583,4661890631.85,0.9088908442584883,96.79687491352901
2023-03-09,TATASTEEL,INE081A01020,,107.85,108.95,107.5,108.2,51967449,5633985537.85,0.9088908442584883,98.34198934876844
2023-03-10,TATASTEEL,INE081A01020,,107.0,108.35,106.6,108.1,47699832,5138944228.45,0.9088908442584883,98.25110026434258
2023-03-13,TATASTEEL,INE081A01020,,108.25,109.0,106.35,106.8,34552596,3720063116.85,0.9088908442584883,97.06954216680656
2023-03-14,TATASTEEL,INE081A01020,,107.0,108.55,106.2,106.4,48584984,5217199866.9,0.9088908442584883,96.70598582910316
2023-03-15,TATASTEEL,INE081A01020,,107.5,109.15,107.4,108.65,38930902,4225315557.85,0.9088908442584883,98.75099022868476
2023-03-16,TATASTEEL,INE081A01020,,107.25,107.25,103.7,105.05,81088340,8500165789.1,0.9088908442584883,95.4789831893542
2023-03-17,TATASTEEL,INE081A01020,,106.45,107.35,105.0,107.0,48962238,5202472538.4,0.9088908442584883,97.25132033565825
2023-03-20,TATASTEEL,INE081A01020,,106.1,106.45,103.85,104.5,41569640,4352603949.85,0.9088908442584883,94.97909322501202
2023-03-21,TATASTEEL,INE081A01020,,105.1,105.4,104.3,104.75,26434897,2768091153.4,0.9088908442584883,95.20631593607665
2023-03-22,TATASTEEL,INE081A01020,,104.75,105.95,104.4,104.8,25891259,2724080059.55,0.9088908442584883,95.25176047828957
2023-03-23,TATASTEEL,INE081A01020,,104.4,105.5,104.35,104.9,20913844,2197143347.9,0.9088908442584883,95.34264956271544
2023-03-24,TATASTEEL,INE081A01020,,105.0,105.05,101.55,102.1,39014278,4022377160.1,0.9088908442584883,92.79775519879165
2023-03-27,TATASTEEL,INE081A01020,,102.55,103.4,102.1,102.3,24753289,2540528569.55,0.9088908442584883,92.97953336764336
2023-03-28,TATASTEEL,INE081A01020,,102.85,103.1,102.35,102.5,18703734,1920212067.45,0.9088908442584883,93.16131153649505
2023-03-29,TATASTEEL,INE081A01020,,102.5,104.5,101.65,103.6,37221124,3817072842.05,0.9088908442584883,94.16109146517938
2023-03-31,TATASTEEL,INE081A01020,,105.0,105.5,104.1,104.5,34579415,3627314028.05,0.9088908442584883,94.97909322501202
2023-04-03,TATASTEEL,INE081A01020,,105.1,105.25,103.8,104.1,21840428,2278058629.4,0.9088908442584883,94.61553688730862
2023-04-05,TATASTEEL,INE081A01020,,104.1,105.0,103.2,104.85,25194802,2627043258.3,0.9088908442584883,95.29720502050249
2023-04-06,TATASTEEL,INE081A01020,,104.85,105.1,104.2,104.35,21053782,2201800059.7,0.9088908442584883,94.84275959837325
2023-04-10,TATASTEEL,INE081A01020,,104.5,105.75,104.5,104.95,19992257,2100642987.95,0.9088908442584883,95.38809410492836
2023-04-11,TATASTEEL,INE081A01020,,105.55,107.85,105.1,107.55,49304956,5236110495.1,0.9088908442584883,97.75121030000041
2023-04-12,TATASTEEL,INE081A01020,,108.2,108.4,106.95,107.6,27349538,2948517983.1,0.9088908442584883,97.79665484221334
2023-04-13,TATASTEEL,INE081A01020,,107.5,108.15,105.9,107.5,34880922,3728837192.45,0.9088908442584883,97.70576575778749
2023-04-17,TATASTEEL,INE081A01020,,107.6,108.3,106.75,107.15,24642162,2642835449.5,0.9088908442584883,97.38765396229702
2023-04-18,TATASTEEL,INE081A01020,,107.2,107.9,106.85,107.6,25476339,2734457761.1,0.9088908442584883,97.79665484221334
2023-04-19,TATASTEEL,INE081A01020,,107.85,110.4,107.75,108.1,62100775,6771763621.7,0.9088908442584883,98.25110026434258
2023-04-20,TATASTEEL,INE081A01020,,108.2,108.7,107.4,108.0,18337948,1980844661.65,0.9088908442584883,98.16021117991674
2023-04-21,TATASTEEL,INE081A01020,,108.0,108.1,105.35,106.15,37638506,3991843098.75,0.9088908442584883,96.47876311803854
2023-04-24,TATASTEEL,INE081A01020,,106.4,106.7,105.35,106.5,23475012,2493311630.9,0.9088908442584883,96.79687491352901
2023-04-25,TATASTEEL,INE081A01020,,106.7,107.6,106.25,107.05,23333425,2500546363.5,0.9088908442584883,97.29676487787117
2023-04-26,TATASTEEL,INE081A01020,,106.5,107.05,105.85,106.85,23590297,2514895123.15,0.9088908442584883,97.11498670901948
2023-04-27,TATASTEEL,INE081A01020,,106.3,107.85,106.3,107.65,22364308,2399360923.3,0.9088908442584883,97.84209938442628
2023-04-28,TATASTEEL,INE081A01020,,107.8,108.5,107.3,107.95,30072920,3241848071.05,0.9088908442584883,98.11476663770382
2023-05-02,TATASTEEL,INE081A01020,,108.0,110.85,108.0,110.3,52822162,5803926375.6,0.9088908442584883,100.25066012171126
2023-05-03,TATASTEEL,INE081A01020,,109.8,111.0,108.75,109.7,51272624,5625037044.3,0.9088908442584883,99.70532561515617
2023-05-04,TATASTEEL,INE081A01020,,110.0,111.9,109.5,111.05,38636907,4292397887.1,0.9088908442584883,100.93232825490513
2023-05-05,TATASTEEL,INE081A01020,,110.85,110.85,108.4,108.65,32958346,3600677932.4,0.9088908442584883,98.75099022868476
2023-05-08,TATASTEEL,INE081A01020,,109.25,109.85,108.25,109.55,23130472,2529484680.95,0.9088908442584883,99.5689919885174
2023-05-09,TATASTEEL,INE081A01020,,109.6,111.2,109.15,109.55,27999202,3085964389.15,0.9088908442584883,99.5689919885174
2023-05-10,TATASTEEL,INE081A01020,,109.6,110.0,108.6,109.25,19213215,2094912629.6,0.9088908442584883,99.29632473523985
2023-05-11,TATASTEEL,INE081A01020,,109.2,109.5,108.25,108.55,19817637,2156137340.3,0.9088908442584883,98.6601011442589
2023-05-12,TATASTEEL,INE081A01020,,108.35,108.4,106.55,106.75,36794838,3939190769.55,0.9088908442584883,97.02409762459362
2023-05-15,TATASTEEL,INE081A01020,,107.05,108.2,105.65,107.7,22148028,2373507495.9,0.9088908442584883,97.8875439266392
2023-05-16,TATASTEEL,INE081A01020,,108.2,108.65,107.2,107.4,18587658,2000332266.55,0.9088908442584883,97.61487667336165
2023-05-17,TATASTEEL,INE081A01020,,107.4,107.5,105.55,106.0,28895465,3070486552.55,0.9088908442584883,96.34242949139976
2023-05-18,TATASTEEL,INE081A01020,,106.5,107.15,105.1,105.2,24208481,2564275088.3,0.9088908442584883,95.61531681599297
2023-05-19,TATASTEEL,INE081A01020,,105.6,105.7,104.05,104.65,29848841,3120908345.85,0.9088908442584883,95.11542685165081
2023-05-22,TATASTEEL,INE081A01020,,105.0,105.25,104.3,105.0,21588716,2264331112.7,0.9088908442584883,95.43353864714128
2023-05-23,TATASTEEL,INE081A01020,,105.1,106.05,105.0,105.6,21304034,2249349513.1,0.9088908442584883,95.97887315369636
2023-05-24,TATASTEEL,INE081A01020,,105.1,105.8,104.9,105.2,28454367,2996344304.75,0.9088908442584883,95.61531681599297
2023-05-25,TATASTEEL,INE081A01020,,105.0,105.2,104.3,104.85,25885062,2709050705.2,0.9088908442584883,95.29720502050249
2023-05-26,TATASTEEL,INE081A01020,,105.0,106.75,104.95,106.4,28362042,3002217896.9,0.9088908442584883,96.70598582910316
2023-05-29,TATASTEEL,INE081A01020,,107.0,108.85,106.3,108.45,41062311,4431534295.9,0.9088908442584883,98.56921205983306
2023-05-30,TATASTEEL,INE081A01020,,108.95,108.95,106.9,107.05,33475211,3600917274.85,0.9088908442584883,97.29676487787117
2023-05-31,TATASTEEL,INE081A01020,,106.4,106.95,105.6,105.8,41249944,4378251037.75,0.9088908442584883,96.16065132254806
2023-06-01,TATASTEEL,INE081A01020,,105.9,106.7,105.8,105.95,21211538,2251551758.05,0.9088908442584883,96.29698494918684
2023-06-02,TATASTEEL,INE081A01020,,106.5,108.3,106.5,108.0,46686933,5017725667.7,0.9088908442584883,98.16021117991674
2023-06-05,TATASTEEL,INE081A01020,,108.65,109.9,107.8,109.4,39642539,4314334583.1,0.9088908442584883,99.43265836187862
2023-06-06,TATASTEEL,INE081A01020,,109.75,109.85,108.3,109.0,26751372,2914420221.25,0.9088908442584883,99.06910202417522
2023-06-07,TATASTEEL,INE081A01020,,109.5,111.75,108.9,111.5,45157197,4987884439.9,0.9088908442584883,101.34132913482145
2023-06-08,TATASTEEL,INE081A01020,,111.5,113.0,110.95,111.15,46380294,5185782963.2,0.9088908442584883,101.02321733933098
2023-06-09,TATASTEEL,INE081A01020,,111.25,111.65,108.65,108.9,36392617,3982174835.8,0.9088908442584883,98.97821293974938
2023-06-12,TATASTEEL,INE081A01020,,109.15,110.6,109.15,109.5,23472313,2577057322.15,0.9088908442584883,99.52354744630448
2023-06-13,TATASTEEL,INE081A01020,,110.0,111.85,109.65,111.15,30018212,3327632939.35,0.9088908442584883,101.02321733933098
2023-06-14,TATASTEEL,INE081A01020,,111.5,114.0,111.4,113.8,66696433,7551041425.2,0.9088908442584883,103.43177807661597
2023-06-15,TATASTEEL,INE081A01020,,113.9,114.2,113.25,113.75,39430138,4485256302.8,0.9088908442584883,103.38633353440305
2023-06-16,TATASTEEL,INE081A01020,,114.4,114.8,113.85,114.25,31715807,3623157859.1,0.9088908442584883,103.84077895653229
2023-06-19,TATASTEEL,INE081A01020,,115.45,115.6,113.05,114.1,33502185,3822038084.4,0.9088908442584883,103.70444532989352
2023-06-20,TATASTEEL,INE081A01020,,114.1,115.25,113.5,114.25,30371599,3478440270.4,0.9088908442584883,103.84077895653229
2023-06-21,TATASTEEL,INE081A01020,,114.9,114.9,112.85,113.9,35627983,4050186870.45,0.9088908442584883,103.52266716104182
2023-06-22,TATASTEEL,INE081A01020,,110.6,112.2,110.55,111.1,34769987,3872688551.2,0.938555459302283,104.27351152848364
2023-06-23,TATASTEEL,INE081A01020,,110.5,110.75,109.2,109.6,22190233,2440221682.95,0.938555459302283,102.86567833953022
2023-06-26,TATASTEEL,INE081A01020,,109.6,110.2,108.1,109.85,25332751,2763734572.75,0.938555459302283,103.10031720435579
2023-06-27,TATASTEEL,INE081A01020,,110.6,111.5,110.15,110.75,24129403,2675086307.85,0.938555459302283,103.94501711772784
2023-06-28,TATASTEEL,INE081A01020,,111.5,112.05,110.9,111.55,23895274,2665315375.2,0.938555459302283,104.69586148516967
2023-06-30,TATASTEEL,INE081A01020,,111.6,112.2,110.4,112.0,26741918,2985382486.2,0.938555459302283,105.11821144185569
2023-07-03,TATASTEEL,INE081A01020,,112.25,114.25,112.05,113.1,30979256,3512345035.75,0.938555459302283,106.15062244708821
2023-07-04,TATASTEEL,INE081A01020,,113.2,113.4,112.1,112.4,25080307,2825446861.1,0.938555459302283,105.49363362557662
2023-07-05,TATASTEEL,INE081A01020,,112.55,113.55,112.2,112.95,27877180,3149305413.45,0.938555459302283,106.00983912819287
2023-07-06,TATASTEEL,INE081A01020,,112.0,112.85,111.5,112.65,34320086,3849061350.15,0.938555459302283,105.72827249040219
2023-07-07,TATASTEEL,INE081A01020,,112.0,113.3,111.25,111.6,30034274,3367102319.95,0.938555459302283,104.74278925813478
2023-07-10,TATASTEEL,INE081A01020,,112.25,115.7,111.65,115.3,60652690,6943815581.6,0.938555459302283,108.21544445755323
2023-07-11,TATASTEEL,INE081A01020,,115.6,116.1,114.8,115.15,37999385,4386130159.45,0.938555459302283,108.07466113865789
2023-07-12,TATASTEEL,INE081A01020,,115.15,116.05,114.0,114.7,32771204,3761070520.6,0.938555459302283,107.65231118197187
2023-07-13,TATASTEEL,INE081A01020,,116.0,116.95,114.5,114.85,44847814,5190013535.6,0.938555459302283,107.7930945008672
2023-07-14,TATASTEEL,INE081A01020,,115.7,117.9,114.8,117.15,34521821,4013534242.35,0.938555459302283,109.95177205726246
2023-07-17,TATASTEEL,INE081A01020,,117.95,119.35,117.1,117.75,49115369,5812313828.95,0.938555459302283,110.51490533284382
2023-07-18,TATASTEEL,INE081A01020,,118.0,118.15,116.4,116.6,23433431,2743857232.85,0.938555459302283,109.4355665546462
2023-07-19,TATASTEEL,INE081A01020,,116.7,117.2,116.1,116.7,17222355,2009694774.1,0.938555459302283,109.52942210057643
2023-07-20,TATASTEEL,INE081A01020,,116.7,117.25,116.35,116.95,22303831,2606703327.15,0.938555459302283,109.764060965402
2023-07-21,TATASTEEL,INE081A01020,,116.6,117.95,115.5,116.6,31546136,3679825459.1,0.938555459302283,109.4355665546462
2023-07-24,TATASTEEL,INE081A01020,,116.5,116.5,114.35,115.5,38113555,4397247627.25,0.938555459302283,108.40315554941368
2023-07-25,TATASTEEL,INE081A01020,,115.0,119.9,114.35,119.25,88035259,10412164866.45,0.938555459302283,111.92273852179724
2023-07-26,TATASTEEL,INE081A01020,,119.8,120.6,118.85,119.95,29716336,3560354181.25,0.938555459302283,112.57972734330885
2023-07-27,TATASTEEL,INE081A01020,,120.25,121.45,119.15,119.8,39664251,4770485839.25,0.938555459302283,112.4389440244135
2023-07-28,TATASTEEL,INE081A01020,,120.2,121.1,118.7,120.6,33996691,4077360851.6,0.938555459302283,113.18978839185533
2023-07-31,TATASTEEL,INE081A01020,,120.6,123.85,120.6,123.15,52330311,6429027091.55,0.938555459302283,115.58310481307616
2023-08-01,TATASTEEL,INE081A01020,,123.55,124.15,122.55,123.2,27863562,3437363292.15,0.938555459302283,115.63003258604127
2023-08-02,TATASTEEL,INE081A01020,,122.9,122.9,118.25,118.95,54951586,6587887454.35,0.938555459302283,111.64117188400657
2023-08-03,TATASTEEL,INE081A01020,,118.7,119.65,117.5,118.2,34624188,4093884505.55,0.938555459302283,110.93725528952986
2023-08-04,TATASTEEL,INE081A01020,,119.4,119.75,118.0,119.0,22303966,2652551989.7,0.938555459302283,111.68809965697167
2023-08-07,TATASTEEL,INE081A01020,,119.6,119.6,118.0,118.85,20711952,2459082671.95,0.938555459302283,111.54731633807633
2023-08-08,TATASTEEL,INE081A01020,,119.0,119.5,117.95,118.15,21275054,2521377215.1,0.938555459302283,110.89032751656474
2023-08-09,TATASTEEL,INE081A01020,,118.35,120.5,116.9,120.2,34154214,4048450641.55,0.938555459302283,112.81436620813442
2023-08-10,TATASTEEL,INE081A01020,,120.0,120.65,119.25,120.0,24439101,2930627924.3,0.938555459302283,112.62665511627397
2023-08-11,TATASTEEL,INE081A01020,,120.3,121.4,119.15,120.3,26337436,3171761199.15,0.938555459302283,112.90822175406464
2023-08-14,TATASTEEL,INE081A01020,,120.3,120.4,117.35,118.15,33095516,3912829472.45,0.938555459302283,110.89032751656474
2023-08-16,TATASTEEL,INE081A01020,,117.95,117.95,115.4,115.95,31252473,3632061298.05,0.938555459302283,108.82550550609972
2023-08-17,TATASTEEL,INE081A01020,,115.9,116.8,114.7,116.05,28461865,3295420065.1,0.938555459302283,108.91936105202994
2023-08-18,TATASTEEL,INE081A01020,,116.3,116.4,114.75,115.8,30381609,3510516688.5,0.938555459302283,108.68472218720437
2023-08-21,TATASTEEL,INE081A01020,,116.75,117.1,115.85,116.9,22629651,2639628824.7,0.938555459302283,109.71713319243689
2023-08-22,TATASTEEL,INE081A01020,,117.15,117.75,116.5,117.55,17343131,2032761447.1,0.938555459302283,110.32719424098336
2023-08-23,TATASTEEL,INE081A01020,,117.85,119.25,117.65,118.95,43744909,5200886017.65,0.938555459302283,111.64117188400657
2023-08-24,TATASTEEL,INE081A01020,,119.5,120.1,118.05,118.25,27103446,3220087938.55,0.938555459302283,110.98418306249496
2023-08-25,TATASTEEL,INE081A01020,,118.0,118.15,116.7,116.9,23692527,2781176955.2,0.938555459302283,109.71713319243689
2023-08-28,TATASTEEL,INE081A01020,,117.0,118.25,117.0,117.6,19218821,2261679617.1,0.938555459302283,110.37412201394848
2023-08-29,TATASTEEL,INE081A01020,,118.5,120.15,117.75,119.55,36038317,4292328896.1,0.938555459302283,112.20430515958793
2023-08-30,TATASTEEL,INE081A01020,,120.5,122.7,120.25,122.1,51467177,6279989423.5,0.938555459302283,114.59762158080875
2023-08-31,TATASTEEL,INE081A01020,,122.85,123.6,122.15,122.9,60626985,7443473788.5,0.938555459302283,115.34846594825059
2023-09-01,TATASTEEL,INE081A01020,,123.5,128.7,123.4,127.05,76460408,9714089379.55,0.938555459302283,119.24347110435505
2023-09-04,TATASTEEL,INE081A01020,,129.2,132.9,128.85,131.75,68525900,9024225220.75,0.938555459302283,123.65468176307579
2023-09-05,TATASTEEL,INE081A01020,,131.75,132.45,128.85,131.7,36466807,4767857575.05,0.938555459302283,123.60775399011067
2023-09-06,TATASTEEL,INE081A01020,,132.4,132.4,128.2,129.6,36058850,4671465545.35,0.938555459302283,121.63678752557587
2023-09-07,TATASTEEL,INE081A01020,,129.5,130.8,128.6,130.15,30268235,3934781899.05,0.938555459302283,122.15299302819214
2023-09-08,TATASTEEL,INE081A01020,,131.4,131.65,129.2,129.5,34313523,4469052986.9,0.938555459302283,121.54293197964564
2023-09-11,TATASTEEL,INE081A01020,,129.5,131.85,129.2,131.15,33377857,4362862449.95,0.938555459302283,123.09154848749442
2023-09-12,TATASTEEL,INE081A01020,,132.8,133.15,128.65,129.0,38065283,4950314633.25,0.938555459302283,121.0736542499945
2023-09-13,TATASTEEL,INE081A01020,,129.6,130.5,127.7,129.55,23371459,3022484084.0,0.938555459302283,121.58985975261078
2023-09-14,TATASTEEL,INE081A01020,,131.0,134.2,130.8,131.7,58800620,7780313510.1,0.938555459302283,123.60775399011067
2023-09-15,TATASTEEL,INE081A01020,,132.6,133.3,129.85,131.95,85058495,11183754761.5,0.938555459302283,123.84239285493624
2023-09-18,TATASTEEL,INE081A01020,,135.0,135.0,130.05,130.45,62420823,8227968331.45,0.938555459302283,122.4345596659828
2023-09-20,TATASTEEL,INE081A01020,,130.45,131.8,128.0,128.3,43627379,5651983902.35,0.938555459302283,120.41666542848291
2023-09-21,TATASTEEL,INE081A01020,,128.3,129.25,127.2,127.8,29826091,3823296128.15,0.938555459302283,119.94738769883176
2023-09-22,TATASTEEL,INE081A01020,,127.15,128.7,125.5,126.75,34059194,4328563173.75,0.938555459302283,118.96190446656438
2023-09-25,TATASTEEL,INE081A01020,,127.3,128.3,126.1,127.4,23466981,2987046458.0,0.938555459302283,119.57196551511086
2023-09-26,TATASTEEL,INE081A01020,,129.0,130.55,128.4,128.9,48936598,6337243511.85,0.938555459302283,120.97979870406428
2023-09-27,TATASTEEL,INE081A01020,,128.75,128.75,126.7,128.15,33277329,4252437333.0,0.938555459302283,120.27588210958757
2023-09-28,TATASTEEL,INE081A01020,,128.35,129.3,126.3,126.8,29982233,3828288872.45,0.938555459302283,119.00883223952948
2023-09-29,TATASTEEL,INE081A01020,,128.2,129.55,127.55,128.9,28406435,3656717531.85,0.938555459302283,120.97979870406428
2023-10-03,TATASTEEL,INE081A01020,,129.0,129.1,127.25,128.0,18613557,2379107875.8,0.938555459302283,120.13509879069223
2023-10-04,TATASTEEL,INE081A01020,,127.0,127.1,124.5,125.3,33272725,4175249159.9,0.938555459302283,117.60099905057606
2023-10-05,TATASTEEL,INE081A01020,,125.9,126.15,124.55,125.25,27063441,3391365474.55,0.938555459302283,117.55407127761094
2023-10-06,TATASTEEL,INE081A01020,,126.5,127.0,125.1,125.9,21928671,2759725379.5,0.938555459302283,118.16413232615744
2023-10-09,TATASTEEL,INE081A01020,,124.8,124.9,122.6,123.85,21457836,2658219956.95,0.938555459302283,116.24009363458775
2023-10-10,TATASTEEL,INE081A01020,,124.7,125.9,123.75,125.3,28745957,3586819958.85,0.938555459302283,117.60099905057606
2023-10-11,TATASTEEL,INE081A01020,,126.0,126.3,124.7,124.95,24455932,3068616682.35,0.938555459302283,117.27250463982027
2023-10-12,TATASTEEL,INE081A01020,,125.35,126.9,125.1,125.9,19361688,2441391694.9,0.938555459302283,118.16413232615744
2023-10-13,TATASTEEL,INE081A01020,,125.0,125.75,124.0,125.05,26912800,3362090989.25,0.938555459302283,117.3663601857505
2023-10-16,TATASTEEL,INE081A01020,,125.1,127.25,124.95,127.0,23868700,3019547026.8,0.938555459302283,119.19654333138995
2023-10-17,TATASTEEL,INE081A01020,,127.9,128.55,127.0,127.4,24241710,3100588399.8,0.938555459302283,119.57196551511086
2023-10-18,TATASTEEL,INE081A01020,,127.85,128.7,126.6,127.1,20926079,2666501947.15,0.938555459302283,119.29039887732017
2023-10-19,TATASTEEL,INE081A01020,,125.5,126.5,124.35,126.0,30941319,3881944628.55,0.938555459302283,118.25798787208765
2023-10-20,TATASTEEL,INE081A01020,,125.0,125.75,122.7,123.1,30746140,3812744831.35,0.938555459302283,115.53617704011103
2023-10-23,TATASTEEL,INE081A01020,,123.35,123.4,119.7,120.0,30699479,3713736345.95,0.938555459302283,112.62665511627397
2023-10-25,TATASTEEL,INE081A01020,,121.2,122.8,120.75,121.35,27346103,3330569435.45,0.938555459302283,113.89370498633204
2023-10-26,TATASTEEL,INE081A01020,,120.85,120.9,118.9,119.9,36298907,4348929304.25,0.938555459302283,112.53279957034374
2023-10-27,TATASTEEL,INE081A01020,,120.5,121.8,119.5,119.9,28424007,3420565260.8,0.938555459302283,112.53279957034374
2023-10-30,TATASTEEL,INE081A01020,,121.05,121.25,118.95,119.15,18753217,2238532926.65,0.938555459302283,111.82888297586703
2023-10-31,TATASTEEL,INE081A01020,,120.0,120.15,118.4,118.75,22319950,2656447467.15,0.938555459302283,111.4534607921461
2023-11-01,TATASTEEL,INE081A01020,,119.0,119.1,116.0,116.6,24717941,2911236884.9,0.938555459302283,109.4355665546462
2023-11-02,TATASTEEL,INE081A01020,,114.6,118.55,114.6,118.1,72538804,8465495277.35,0.938555459302283,110.84339974359962
2023-11-03,TATASTEEL,INE081A01020,,118.2,118.6,117.1,117.3,31747230,3737515379.95,0.938555459302283,110.09255537615779
2023-11-06,TATASTEEL,INE081A01020,,118.5,119.65,117.5,119.4,27883152,3307444876.55,0.938555459302283,112.0635218406926
2023-11-07,TATASTEEL,INE081A01020,,119.3,120.2,118.4,119.65,25818033,3088435269.9,0.938555459302283,112.29816070551817
2023-11-08,TATASTEEL,INE081A01020,,119.75,120.5,118.55,119.05,22552386,2686143473.1,0.938555459302283,111.73502742993679
2023-11-09,TATASTEEL,INE081A01020,,119.2,120.5,118.85,119.65,22979112,2750517129.7,0.938555459302283,112.29816070551817
2023-11-10,TATASTEEL,INE081A01020,,119.5,120.45,118.8,120.05,23584510,2825663511.45,0.938555459302283,112.67358288923907
2023-11-13,TATASTEEL,INE081A01020,,120.85,121.25,119.9,121.0,17951775,2167412969.4,0.938555459302283,113.56521057557624
2023-11-15,TATASTEEL,INE081A01020,,121.7,124.4,121.5,124.05,38344393,4730975784.75,0.938555459302283,116.4278047264482
2023-11-16,TATASTEEL,INE081A01020,,124.0,125.25,123.0,124.7,30836413,3838518574.75,0.938555459302283,117.0378657749947
2023-11-17,TATASTEEL,INE081A01020,,124.7,125.75,124.3,125.2,23319439,2918581820.75,0.938555459302283,117.50714350464584
2023-11-20,TATASTEEL,INE081A01020,,125.05,125.65,124.05,124.35,18780290,2345428249.95,0.938555459302283,116.70937136423889
2023-11-21,TATASTEEL,INE081A01020,,125.05,126.4,124.95,126.25,29643312,3733534250.25,0.938555459302283,118.49262673691322
2023-11-22,TATASTEEL,INE081A01020,,126.4,126.9,125.5,126.1,19588063,2470314487.15,0.938555459302283,118.35184341801788
2023-11-23,TATASTEEL,INE081A01020,,126.35,127.4,125.9,126.7,30736851,3896787469.35,0.938555459302283,118.91497669359926
2023-11-24,TATASTEEL,INE081A01020,,126.7,127.0,125.55,125.95,14719450,1856793943.75,0.938555459302283,118.21106009912255
2023-11-28,TATASTEEL,INE081A01020,,127.0,127.0,126.0,126.85,18377843,2324566454.85,0.938555459302283,119.05576001249459
2023-11-29,TATASTEEL,INE081A01020,,127.15,128.15,126.7,127.75,23092165,2946445299.55,0.938555459302283,119.90045992586666
2023-11-30,TATASTEEL,INE081A01020,,127.8,128.85,126.5,127.9,40165104,5139985066.5,0.938555459302283,120.041243244762
2023-12-01,TATASTEEL,INE081A01020,,128.9,130.3,128.05,130.0,31192397,4036476816.0,0.938555459302283,122.0122097092968
2023-12-04,TATASTEEL,INE081A01020,,132.2,132.35,130.4,131.0,41230928,5404051813.1,0.938555459302283,122.95076516859908
2023-12-05,TATASTEEL,INE081A01020,,131.0,132.45,130.0,131.6,35192149,4623385317.75,0.938555459302283,123.51389844418044
2023-12-06,TATASTEEL,INE081A01020,,132.5,133.4,130.8,131.85,40753593,5379558472.95,0.938555459302283,123.74853730900601
2023-12-07,TATASTEEL,INE081A01020,,131.7,132.2,129.8,130.0,34686333,4527001638.35,0.938555459302283,122.0122097092968
2023-12-08,TATASTEEL,INE081A01020,,130.15,131.4,127.95,129.2,34393711,4459353470.85,0.938555459302283,121.26136534185495
2023-12-11,TATASTEEL,INE081A01020,,129.85,130.5,128.75,130.05,24038059,3120531964.3,0.938555459302283,122.05913748226192
2023-12-12,TATASTEEL,INE081A01020,,130.05,132.15,129.7,130.1,30696410,4017198896.85,0.938555459302283,122.10606525522701
2023-12-13,TATASTEEL,INE081A01020,,130.55,131.5,129.15,131.4,22767972,2973183996.2,0.938555459302283,123.32618735231999
2023-12-14,TATASTEEL,INE081A01020,,132.3,133.25,131.5,132.0,43372143,5739357415.2,0.938555459302283,123.88932062790136
2023-12-15,TATASTEEL,INE081A01020,,133.4,136.75,133.0,136.45,77377446,10464413045.45,0.938555459302283,128.06589242179652
2023-12-18,TATASTEEL,INE081A01020,,136.85,137.6,135.1,136.6,38461877,5258816795.55,0.938555459302283,128.20667574069185
2023-12-19,TATASTEEL,INE081A01020,,136.65,137.6,134.8,135.4,27726431,3765416442.2,0.938555459302283,127.08040918952912
2023-12-20,TATASTEEL,INE081A01020,,135.9,136.15,128.75,129.75,39495961,5247706866.6,0.938555459302283,121.77757084447123
2023-12-21,TATASTEEL,INE081A01020,,128.7,131.45,127.85,131.0,34914399,4539219050.25,0.938555459302283,122.95076516859908
2023-12-22,TATASTEEL,INE081A01020,,132.4,134.75,131.75,133.55,37357334,4984874945.75,0.938555459302283,125.34408158981991
2023-12-26,TATASTEEL,INE081A01020,,134.7,136.1,134.45,135.2,25936447,3512475189.45,0.938555459302283,126.89269809766866
2023-12-27,TATASTEEL,INE081A01020,,135.85,138.9,135.5,137.2,48101400,6609221199.1,0.938555459302283,128.76980901627323
2023-12-28,TATASTEEL,INE081A01020,,138.15,138.75,136.85,138.15,34661176,4779101020.6,0.938555459302283,129.66143670261042
2023-12-29,TATASTEEL,INE081A01020,,138.6,141.25,137.15,139.6,49202910,6864963120.6,0.938555459302283,131.02234211859871
2024-01-01,TATASTEEL,INE081A01020,TATA STEEL LIMITED,140.0,140.95,139.05,139.85,21186105,2969470656.95,0.938555459302283,131.25698098342428
2024-01-02,TATASTEEL,INE081A01020,TATA STEEL LIMITED,140.5,140.6,137.05,139.6,27764060,3863703836.75,0.938555459302283,131.02234211859871
2024-01-03,TATASTEEL,INE081A01020,TATA STEEL LIMITED,139.5,139.6,134.35,135.35,45176618,6164041917.5,0.938555459302283,127.033481416564
2024-01-04,TATASTEEL,INE081A01020,TATA STEEL LIMITED,136.0,136.35,134.0,134.25,43913498,5902644745.45,0.938555459302283,126.0010704113315
2024-01-05,TATASTEEL,INE081A01020,TATA STEEL LIMITED,135.0,135.95,132.85,133.65,71330190,9582167218.8,0.938555459302283,125.43793713575013
2024-01-08,TATASTEEL,INE081A01020,TATA STEEL LIMITED,135.3,135.95,131.75,132.0,39559717,5286469683.2,0.938555459302283,123.88932062790136
2024-01-09,TATASTEEL,INE081A01020,TATA STEEL LIMITED,133.5,134.8,132.5,133.65,30736868,4113002298.9,0.938555459302283,125.43793713575013
2024-01-10,TATASTEEL,INE081A01020,TATA STEEL LIMITED,133.8,134.7,132.1,134.1,27213624,3639089609.3,0.938555459302283,125.86028709243615
2024-01-11,TATASTEEL,INE081A01020,TATA STEEL LIMITED,134.85,135.65,134.2,134.9,23113349,3121521575.35,0.938555459302283,126.61113145987798
2024-01-12,TATASTEEL,INE081A01020,TATA STEEL LIMITED,135.8,136.25,134.65,135.3,32883921,4458550005.35,0.938555459302283,126.9865536435989
2024-01-15,TATASTEEL,INE081A01020,TATA STEEL LIMITED,136.0,136.25,133.95,134.9,34158775,4604327884.95,0.938555459302283,126.61113145987798
2024-01-16,TATASTEEL,INE081A01020,TATA STEEL LIMITED,134.7,138.5,134.0,137.25,56361287,7698143042.3,0.938555459302283,128.81673678923835
2024-01-17,TATASTEEL,INE081A01020,TATA STEEL LIMITED,135.45,135.75,131.4,131.65,58982971,7861046380.15,0.938555459302283,123.56082621714556
2024-01-18,TATASTEEL,INE081A01020,TATA STEEL LIMITED,131.65,132.25,128.2,131.0,45273496,5906640975.6,0.938555459302283,122.95076516859908
2024-01-19,TATASTEEL,INE081A01020,TATA STEEL LIMITED,132.6,134.7,131.6,134.25,32653013,4363534601.95,0.938555459302283,126.0010704113315
2024-01-20,TATASTEEL,INE081A01020,TATA STEEL LIMITED,134.25,135.2,133.3,133.95,16578179,2225719129.05,0.938555459302283,125.7195037735408
2024-01-23,TATASTEEL,INE081A01020,TATA STEEL LIMITED,134.8,135.2,129.3,130.1,35373970,4680431862.5,0.938555459302283,122.10606525522701
2024-01-24,TATASTEEL,INE081A01020,TATA STEEL LIMITED,130.2,135.55,130.1,135.15,39340119,5245853350.9,0.938555459302283,126.84577032470355
2024-01-25,TATASTEEL,INE081A01020,TATA STEEL LIMITED,136.5,136.5,132.0,133.75,61358839,8233755323.5,0.938555459302283,125.53179268168036
2024-01-29,TATASTEEL,INE081A01020,TATA STEEL LIMITED,134.7,135.4,133.5,135.0,29745400,4005683022.65,0.938555459302283,126.7049870058082
2024-01-30,TATASTEEL,INE081A01020,TATA STEEL LIMITED,135.6,137.7,134.5,134.7,35704185,4861961220.2,0.938555459302283,126.42342036801752
2024-01-31,TATASTEEL,INE081A01020,TATA STEEL LIMITED,135.0,136.7,134.5,135.95,36079354,4900953896.15,0.938555459302283,127.59661469214537
2024-02-01,TATASTEEL,INE081A01020,TATA STEEL LIMITED,136.4,136.75,134.5,134.8,31701793,4301505287.6,0.938555459302283,126.51727591394776
2024-02-02,TATASTEEL,INE081A01020,TATA STEEL LIMITED,135.3,139.6,134.8,138.7,69296192,9538094505.8,0.938555459302283,130.17764220522665
2024-02-05,TATASTEEL,INE081A01020,TATA STEEL LIMITED,140.0,143.35,139.35,141.55,80737626,11424281407.05,0.938555459302283,132.85252526423818
2024-02-06,TATASTEEL,INE081A01020,TATA STEEL LIMITED,143.0,145.1,140.45,144.65,53192936,7608022638.7,0.938555459302283,135.76204718807523
2024-02-07,TATASTEEL,INE081A01020,TATA STEEL LIMITED,146.85,147.4,144.05,144.4,61517064,8957448815.35,0.938555459302283,135.52740832324966
2024-02-08,TATASTEEL,INE081A01020,TATA STEEL LIMITED,145.3,145.65,143.05,143.65,38997666,5624977247.2,0.938555459302283,134.82349172877295
2024-02-09,TATASTEEL,INE081A01020,TATA STEEL LIMITED,144.2,144.45,139.15,141.3,35961925,5078064740.8,0.938555459302283,132.6178863994126
2024-02-12,TATASTEEL,INE081A01020,TATA STEEL LIMITED,142.0,142.95,136.65,137.4,36477544,5076268769.2,0.938555459302283,128.95752010813368
2024-02-13,TATASTEEL,INE081A01020,TATA STEEL LIMITED,137.75,138.25,134.1,137.85,39155909,5362327557.6,0.938555459302283,129.3798700648197
2024-02-14,TATASTEEL,INE081A01020,TATA STEEL LIMITED,137.0,141.5,135.75,141.2,29141690,4045831003.05,0.938555459302283,132.52403085348234
2024-02-15,TATASTEEL,INE081A01020,TATA STEEL LIMITED,141.5,143.45,141.0,141.2,31587387,4487016479.1,0.938555459302283,132.52403085348234
2024-02-16,TATASTEEL,INE081A01020,TATA STEEL LIMITED,142.05,143.45,141.5,142.3,22316127,3184104399.85,0.938555459302283,133.5564418587149
2024-02-19,TATASTEEL,INE081A01020,TATA STEEL LIMITED,142.95,143.35,141.35,141.95,16973568,2414947922.85,0.938555459302283,133.22794744795905
2024-02-20,TATASTEEL,INE081A01020,TATA STEEL LIMITED,141.95,142.25,140.05,141.05,24291123,3421558010.6,0.938555459302283,132.38324753458704
2024-02-21,TATASTEEL,INE081A01020,TATA STEEL LIMITED,141.55,146.2,141.45,143.9,88000833,12728088397.95,0.938555459302283,135.05813059359852
2024-02-22,TATASTEEL,INE081A01020,TATA STEEL LIMITED,145.0,146.15,143.5,145.9,46728176,6778128561.45,0.938555459302283,136.9352415122031
2024-02-23,TATASTEEL,INE081A01020,TATA STEEL LIMITED,146.4,147.1,145.0,145.45,28414697,4154798679.2,0.938555459302283,136.51289155551706
2024-02-26,TATASTEEL,INE081A01020,TATA STEEL LIMITED,145.85,145.95,142.25,142.65,22570277,3242862425.45,0.938555459302283,133.88493626947067
2024-02-27,TATASTEEL,INE081A01020,TATA STEEL LIMITED,142.65,144.5,142.0,144.2,24119469,3459828038.65,0.938555459302283,135.3396972313892
2024-02-28,TATASTEEL,INE081A01020,TATA STEEL LIMITED,144.05,144.95,140.05,140.75,20721926,2946618968.4,0.938555459302283,132.10168089679632
2024-02-29,TATASTEEL,INE081A01020,TATA STEEL LIMITED,140.8,141.85,139.4,140.85,32248156,4540048126.75,0.938555459302283,132.19553644272656
2024-03-01,TATASTEEL,INE081A01020,TATA STEEL LIMITED,143.0,150.65,143.0,149.95,123709943,18288283973.95,0.938555459302283,140.7363911223773
2024-03-04,TATASTEEL,INE081A01020,TATA STEEL LIMITED,154.9,154.9,151.05,153.1,67577785,10340752738.5,0.938555459302283,143.69284081917954
2024-03-05,TATASTEEL,INE081A01020,TATA STEEL LIMITED,153.2,154.0,150.75,151.85,37165490,5664192406.9,0.938555459302283,142.51964649505166
2024-03-06,TATASTEEL,INE081A01020,TATA STEEL LIMITED,151.8,152.65,147.9,151.6,51782444,7761123617.7,0.938555459302283,142.2850076302261
2024-03-07,TATASTEEL,INE081A01020,TATA STEEL LIMITED,152.4,159.15,152.25,157.25,124847699,19539009874.65,0.938555459302283,147.587845975284
2024-03-11,TATASTEEL,INE081A01020,TATA STEEL LIMITED,158.9,158.9,153.0,153.45,54155385,8354583831.05,0.938555459302283,144.02133522993532
2024-03-12,TATASTEEL,INE081A01020,TATA STEEL LIMITED,154.2,154.55,150.9,152.5,34947937,5328122657.4,0.938555459302283,143.12970754359816
2024-03-13,TATASTEEL,INE081A01020,TATA STEEL LIMITED,152.8,152.9,142.5,143.65,70937597,10379400488.5,0.938555459302283,134.82349172877295
2024-03-14,TATASTEEL,INE081A01020,TATA STEEL LIMITED,143.6,143.95,138.35,142.45,91956952,13001414682.75,0.938555459302283,133.6972251776102
2024-03-15,TATASTEEL,INE081A01020,TATA STEEL LIMITED,142.9,143.7,139.85,141.7,68482621,9707707220.45,0.938555459302283,132.99330858313348
2024-03-18,TATASTEEL,INE081A01020,TATA STEEL LIMITED,142.55,150.25,142.2,149.7,166913078,24613925688.7,0.938555459302283,140.50175225755174
2024-03-19,TATASTEEL,INE081A01020,TATA STEEL LIMITED,149.0,152.45,147.6,148.75,105004268,15716192714.6,0.938555459302283,139.61012457121458
2024-03-20,TATASTEEL,INE081A01020,TATA STEEL LIMITED,149.6,150.65,143.85,145.65,77550319,11341230039.55,0.938555459302283,136.70060264737754
2024-03-21,TATASTEEL,INE081A01020,TATA STEEL LIMITED,148.0,151.2,147.8,150.1,84225737,12641413031.4,0.938555459302283,140.87717444127267
2024-03-22,TATASTEEL,INE081A01020,TATA STEEL LIMITED,149.0,152.75,148.35,151.8,68241556,10325386812.25,0.938555459302283,142.47271872208657
2024-03-26,TATASTEEL,INE081A01020,TATA STEEL LIMITED,151.15,153.4,150.5,152.4,52965508,8052925286.5,0.938555459302283,143.03585199766795
2024-03-27,TATASTEEL,INE081A01020,TATA STEEL LIMITED,152.45,154.1,152.0,152.7,35328794,5406735730.8,0.938555459302283,143.3174186354586
2024-03-28,TATASTEEL,INE081A01020,TATA STEEL LIMITED,152.7,157.0,152.7,155.85,62575327,9710120664.75,0.938555459302283,146.2738683322608
2024-04-01,TATASTEEL,INE081A01020,TATA STEEL LIMITED,156.8,163.9,156.5,163.15,84583929,13652541333.45,0.938555459302283,153.12532318516747
2024-04-02,TATASTEEL,INE081A01020,TATA STEEL LIMITED,162.95,165.5,161.8,164.65,69533405,11394381243.0,0.938555459302283,154.5331563741209
2024-04-03,TATASTEEL,INE081A01020,TATA STEEL LIMITED,164.65,166.25,163.1,163.65,50938559,8391959653.7,0.938555459302283,153.5946009148186
2024-04-04,TATASTEEL,INE081A01020,TATA STEEL LIMITED,165.55,165.95,161.0,163.4,61094750,9976016855.6,0.938555459302283,153.35996204999304
2024-04-05,TATASTEEL,INE081A01020,TATA STEEL LIMITED,163.9,164.15,160.8,163.35,44668121,7256080475.65,0.938555459302283,153.31303427702792
2024-04-08,TATASTEEL,INE081A01020,TATA STEEL LIMITED,166.95,166.95,164.2,165.2,48255703,7979491102.0,0.938555459302283,155.04936187673715
2024-04-09,TATASTEEL,INE081A01020,TATA STEEL LIMITED,166.0,169.8,165.2,166.0,63884687,10704298236.3,0.938555459302283,155.80020624417898
2024-04-10,TATASTEEL,INE081A01020,TATA STEEL LIMITED,167.3,169.2,164.5,165.05,64134758,10690358754.0,0.938555459302283,154.90857855784182
2024-04-12,TATASTEEL,INE081A01020,TATA STEEL LIMITED,166.0,166.0,163.0,163.5,55317636,9090422774.55,0.938555459302283,153.45381759592328
2024-04-15,TATASTEEL,INE081A01020,TATA STEEL LIMITED,161.8,164.7,158.6,160.85,66426404,10731469727.25,0.938555459302283,150.96664562877223
2024-04-16,TATASTEEL,INE081A01020,TATA STEEL LIMITED,160.85,162.45,159.0,160.05,41391261,6655779993.65,0.938555459302283,150.2158012613304
2024-04-18,TATASTEEL,INE081A01020,TATA STEEL LIMITED,160.9,164.0,159.15,160.05,68093672,11028307685.7,0.938555459302283,150.2158012613304
2024-04-19,TATASTEEL,INE081A01020,TATA STEEL LIMITED,160.0,162.5,157.3,162.1,60078229,9640777692.75,0.938555459302283,152.13983995290008
2024-04-22,TATASTEEL,INE081A01020,TATA STEEL LIMITED,163.8,164.7,161.5,161.85,39304790,6394260034.35,0.938555459302283,151.9052010880745
2024-04-23,TATASTEEL,INE081A01020,TATA STEEL LIMITED,163.5,163.5,160.8,161.15,30295177,4907204050.1,0.938555459302283,151.24821226656292
2024-04-24,TATASTEEL,INE081A01020,TATA STEEL LIMITED,162.45,166.9,161.45,165.55,59894921,9875869663.5,0.938555459302283,155.37785628749296
2024-04-25,TATASTEEL,INE081A01020,TATA STEEL LIMITED,165.4,168.0,164.15,167.7,50128523,8328769807.6,0.938555459302283,157.39575052499285
2024-04-26,TATASTEEL,INE081A01020,TATA STEEL LIMITED,168.0,170.7,165.25,165.8,65355111,10959587744.55,0.938555459302283,155.61249515231853
2024-04-29,TATASTEEL,INE081A01020,TATA STEEL LIMITED,168.2,169.6,166.9,167.4,44906151,7542947752.55,0.938555459302283,157.1141838872022
2024-04-30,TATASTEEL,INE081A01020,TATA STEEL LIMITED,168.4,168.4,164.5,165.0,55043389,9133838759.1,0.938555459302283,154.8616507848767
2024-05-02,TATASTEEL,INE081A01020,TATA STEEL LIMITED,165.0,168.9,165.0,167.35,69320283,11613435326.65,0.938555459302283,157.06725611423707
2024-05-03,TATASTEEL,INE081A01020,TATA STEEL LIMITED,168.95,170.75,165.15,166.5,62573586,10520400677.3,0.938555459302283,156.26948397383012
2024-05-06,TATASTEEL,INE081A01020,TATA STEEL LIMITED,167.95,168.65,164.7,167.6,37621296,6289201845.55,0.938555459302283,157.30189497906264
2024-05-07,TATASTEEL,INE081A01020,TATA STEEL LIMITED,167.95,167.95,162.3,164.25,43611824,7185654180.0,0.938555459302283,154.1577341904
2024-05-08,TATASTEEL,INE081A01020,TATA STEEL LIMITED,164.2,167.1,163.5,166.05,30128705,4997867651.85,0.938555459302283,155.8471340171441
2024-05-09,TATASTEEL,INE081A01020,TATA STEEL LIMITED,165.95,166.7,161.5,161.9,30223088,4958123948.3,0.938555459302283,151.95212886103963
2024-05-10,TATASTEEL,INE081A01020,TATA STEEL LIMITED,163.2,164.35,161.85,162.25,31472419,5129334327.7,0.938555459302283,152.2806232717954
2024-05-13,TATASTEEL,INE081A01020,TATA STEEL LIMITED,162.45,164.5,158.05,163.85,36561003,5911680494.35,0.938555459302283,153.78231200667906
2024-05-14,TATASTEEL,INE081A01020,TATA STEEL LIMITED,164.1,166.55,163.5,164.95,46261468,7640742993.35,0.938555459302283,154.81472301191158
2024-05-15,TATASTEEL,INE081A01020,TATA STEEL LIMITED,164.95,167.55,164.95,165.6,29601304,4917756615.05,0.938555459302283,155.42478406045805
2024-05-16,TATASTEEL,INE081A01020,TATA STEEL LIMITED,167.25,168.0,162.3,165.9,41126570,6789914756.65,0.938555459302283,155.70635069824877
2024-05-17,TATASTEEL,INE081A01020,TATA STEEL LIMITED,166.6,168.45,165.45,167.35,39181277,6551640449.55,0.938555459302283,157.06725611423707
2024-05-21,TATASTEEL,INE081A01020,TATA STEEL LIMITED,168.5,175.2,167.95,174.35,84833644,14658480689.45,0.938555459302283,163.63714432935305
2024-05-22,TATASTEEL,INE081A01020,TATA STEEL LIMITED,175.45,175.5,171.5,173.3,42919832,7429555143.25,0.938555459302283,162.65166109708565
2024-05-23,TATASTEEL,INE081A01020,TATA STEEL LIMITED,173.05,175.8,170.5,175.5,49377680,8560407772.75,0.938555459302283,164.71648310755066
2024-05-24,TATASTEEL,INE081A01020,TATA STEEL LIMITED,174.95,177.55,174.15,174.85,38674485,6812356745.8,0.938555459302283,164.1064220590042
2024-05-27,TATASTEEL,INE081A01020,TATA STEEL LIMITED,177.7,177.7,174.85,175.5,30410585,5358926345.45,0.938555459302283,164.71648310755066
2024-05-28,TATASTEEL,INE081A01020,TATA STEEL LIMITED,175.9,177.5,173.45,174.9,39208456,6885522861.0,0.938555459302283,164.1533498319693
2024-05-29,TATASTEEL,INE081A01020,TATA STEEL LIMITED,174.75,176.0,173.5,174.25,36575550,6383286199.7,0.938555459302283,163.5432887834228
2024-05-30,TATASTEEL,INE081A01020,TATA STEEL LIMITED,172.0,172.0,163.35,164.15,108813875,18158403070.95,0.938555459302283,154.06387864446975
2024-05-31,TATASTEEL,INE081A01020,TATA STEEL LIMITED,166.05,167.95,164.0,167.2,83713848,13919326623.35,0.938555459302283,156.9264727953417
2024-06-03,TATASTEEL,INE081A01020,TATA STEEL LIMITED,173.25,175.0,168.85,174.25,86397540,14898311518.85,0.938555459302283,163.5432887834228
2024-06-04,TATASTEEL,INE081A01020,TATA STEEL LIMITED,174.5,174.65,148.15,158.95,125042158,20098994147.15,0.938555459302283,149.18339025609788
2024-06-05,TATASTEEL,INE081A01020,TATA STEEL LIMITED,162.15,169.6,159.0,169.2,60098501,9878009016.65,0.938555459302283,158.80358371394627
2024-06-06,TATASTEEL,INE081A01020,TATA STEEL LIMITED,170.0,174.7,169.4,172.05,57920819,9981849630.15,0.938555459302283,161.4784667729578
2024-06-07,TATASTEEL,INE081A01020,TATA STEEL LIMITED,172.0,179.65,170.8,178.9,84319867,14936104189.4,0.938555459302283,167.90757166917842
2024-06-10,TATASTEEL,INE081A01020,TATA STEEL LIMITED,180.21,182.1,177.36,180.29,74286848,13401077404.61,0.938555459302283,169.2121637576086
2024-06-11,TATASTEEL,INE081A01020,TATA STEEL LIMITED,180.5,183.75,180.5,181.33,55555544,10114635970.89,0.938555459302283,170.18826143528298
2024-06-12,TATASTEEL,INE081A01020,TATA STEEL LIMITED,182.25,183.87,181.5,182.23,33304643,6093095872.19,0.938555459302283,171.03296134865502
2024-06-13,TATASTEEL,INE081A01020,TATA STEEL LIMITED,183.4,184.1,180.51,182.56,36669164,6682115954.32,0.938555459302283,171.34268465022478
2024-06-14,TATASTEEL,INE081A01020,TATA STEEL LIMITED,182.95,183.5,181.4,183.15,28509237,5205931798.41,0.938555459302283,171.89643237121314
2024-06-18,TATASTEEL,INE081A01020,TATA STEEL LIMITED,183.8,184.6,180.6,181.12,35032118,6379881671.57,0.938555459302283,169.9911647888295
2024-06-19,TATASTEEL,INE081A01020,TATA STEEL LIMITED,182.45,182.49,179.31,180.02,27476795,4963157445.21,0.938555459302283,168.958753783597
2024-06-20,TATASTEEL,INE081A01020,TATA STEEL LIMITED,181.6,182.95,179.37,182.28,38837494,7064844872.79,0.938555459302283,171.07988912162014
2024-06-21,TATASTEEL,INE081A01020,TATA STEEL LIMITED,179.4,180.9,178.18,179.94,65494855,11773631523.51,0.957465240215022,172.28629532429105
2024-06-24,TATASTEEL,INE081A01020,TATA STEEL LIMITED,177.44,178.95,175.1,177.96,47597307,8437045247.9,0.957465240215022,170.39051414866532
2024-06-25,TATASTEEL,INE081A01020,TATA STEEL LIMITED,177.99,179.0,175.25,175.68,30599989,5404151626.85,0.957465240215022,168.20749340097507
2024-06-26,TATASTEEL,INE081A01020,TATA STEEL LIMITED,175.68,176.0,171.84,172.56,44006436,7607181995.48,0.957465240215022,165.22020185150419
2024-06-27,TATASTEEL,INE081A01020,TATA STEEL LIMITED,172.56,174.95,171.8,174.16,49767976,8630291052.14,0.957465240215022,166.75214623584822
2024-06-28,TATASTEEL,INE081A01020,TATA STEEL LIMITED,174.17,177.1,173.57,174.01,37521949,6577242858.11,0.957465240215022,166.60852644981597
2024-07-01,TATASTEEL,INE081A01020,TATA STEEL LIMITED,174.5,175.99,173.51,174.07,27807688,4855862130.02,0.957465240215022,166.66597436422887
2024-07-02,TATASTEEL,INE081A01020,TATA STEEL LIMITED,174.47,175.75,173.6,174.54,33359495,5822581444.09,0.957465240215022,167.11598302712994
2024-07-03,TATASTEEL,INE081A01020,TATA STEEL LIMITED,174.54,176.88,174.4,176.37,29090492,5107040274.06,0.957465240215022,168.86814441672342
2024-07-04,TATASTEEL,INE081A01020,TATA STEEL LIMITED,177.0,178.19,175.82,176.29,29504744,5217839029.17,0.957465240215022,168.79154719750622
2024-07-05,TATASTEEL,INE081A01020,TATA STEEL LIMITED,176.2,176.2,173.4,174.71,38123217,6658321110.79,0.957465240215022,167.2787521179665
2024-07-08,TATASTEEL,INE081A01020,TATA STEEL LIMITED,174.6,175.47,172.09,172.28,31479861,5457079671.28,0.957465240215022,164.952111584244
2024-07-09,TATASTEEL,INE081A01020,TATA STEEL LIMITED,173.6,173.7,171.51,171.8,25127904,4329905477.88,0.957465240215022,164.4925282689408
2024-07-10,TATASTEEL,INE081A01020,TATA STEEL LIMITED,172.5,172.89,167.02,167.98,41525591,7007841961.34,0.957465240215022,160.83501105131938
2024-07-11,TATASTEEL,INE081A01020,TATA STEEL LIMITED,170.0,170.95,168.67,168.92,33987236,5761712816.45,0.957465240215022,161.7350283771215
2024-07-12,TATASTEEL,INE081A01020,TATA STEEL LIMITED,170.2,170.39,168.01,168.69,33311402,5628797434.72,0.957465240215022,161.51481137187207
2024-07-15,TATASTEEL,INE081A01020,TATA STEEL LIMITED,168.69,168.99,165.8,166.76,32635187,5450597682.05,0.957465240215022,159.66690345825705
2024-07-16,TATASTEEL,INE081A01020,TATA STEEL LIMITED,167.8,169.82,166.7,167.07,26506026,4457105771.25,0.957465240215022,159.9637176827237
2024-07-18,TATASTEEL,INE081A01020,TATA STEEL LIMITED,167.61,167.61,164.44,166.36,36568852,6055894401.51,0.957465240215022,159.28391736217108
2024-07-19,TATASTEEL,INE081A01020,TATA STEEL LIMITED,166.0,166.09,157.2,157.77,77987514,12467382132.43,0.957465240215022,151.05929094872403
2024-07-22,TATASTEEL,INE081A01020,TATA STEEL LIMITED,158.4,160.7,156.41,160.32,40353690,6439780658.54,0.957465240215022,153.50082731127233
2024-07-23,TATASTEEL,INE081A01020,TATA STEEL LIMITED,161.6,161.97,155.0,160.02,37077411,5900678615.09,0.957465240215022,153.21358773920784
2024-07-24,TATASTEEL,INE081A01020,TATA STEEL LIMITED,160.02,162.02,159.19,160.31,28086566,4517254761.79,0.957465240215022,153.49125265887017
2024-07-25,TATASTEEL,INE081A01020,TATA STEEL LIMITED,158.5,158.5,156.9,157.39,45155876,7112129022.84,0.957465240215022,150.6954541574423
2024-07-26,TATASTEEL,INE081A01020,TATA STEEL LIMITED,158.75,162.95,158.21,162.55,45642032,7388688304.32,0.957465240215022,155.63597479695184
2024-07-29,TATASTEEL,INE081A01020,TATA STEEL LIMITED,164.7,164.7,162.33,162.87,31754833,5186346203.02,0.957465240215022,155.94236367382064
2024-07-30,TATASTEEL,INE081A01020,TATA STEEL LIMITED,162.9,165.3,161.31,164.07,42824600,6998937220.51,0.957465240215022,157.09132196207867
2024-07-31,TATASTEEL,INE081A01020,TATA STEEL LIMITED,166.29,166.5,163.55,165.33,52769925,8695459962.33,0.957465240215022,158.2977281647496
2024-08-01,TATASTEEL,INE081A01020,TATA STEEL LIMITED,168.2,168.95,160.9,163.06,118341338,19412642515.8,0.957465240215022,156.1242820694615
2024-08-02,TATASTEEL,INE081A01020,TATA STEEL LIMITED,161.0,161.19,154.72,158.22,72427529,11464627804.85,0.957465240215022,151.49015030682077
2024-08-05,TATASTEEL,INE081A01020,TATA STEEL LIMITED,153.66,154.0,149.0,149.82,102883971,15554900022.6,0.957465240215022,143.4474422890146
2024-08-06,TATASTEEL,INE081A01020,TATA STEEL LIMITED,151.21,153.8,149.61,150.32,53507102,8107188228.99,0.957465240215022,143.9261749091221
2024-08-07,TATASTEEL,INE081A01020,TATA STEEL LIMITED,153.7,154.3,151.9,153.86,32029697,4902170111.94,0.957465240215022,147.3156018594833
2024-08-08,TATASTEEL,INE081A01020,TATA STEEL LIMITED,153.4,153.44,150.0,150.28,51858615,7847312494.99,0.957465240215022,143.8878762995135
2024-08-09,TATASTEEL,INE081A01020,TATA STEEL LIMITED,153.0,153.0,151.25,151.81,23290101,3541492860.0,0.957465240215022,145.35279811704248
2024-08-12,TATASTEEL,INE081A01020,TATA STEEL LIMITED,151.0,153.4,149.88,152.06,30550334,4647383059.79,0.957465240215022,145.59216442709624
2024-08-13,TATASTEEL,INE081A01020,TATA STEEL LIMITED,152.1,152.95,148.5,148.88,29396493,4421844562.26,0.957465240215022,142.54742496321248
2024-08-14,TATASTEEL,INE081A01020,TATA STEEL LIMITED,149.9,149.9,142.35,146.17,97911180,14243851337.9,0.957465240215022,139.95269416222976
2024-08-16,TATASTEEL,INE081A01020,TATA STEEL LIMITED,148.0,150.0,146.46,149.52,54131721,8000249513.64,0.957465240215022,143.1602027169501
2024-08-19,TATASTEEL,INE081A01020,TATA STEEL LIMITED,150.85,154.3,150.39,153.96,62889770,9575347355.95,0.957465240215022,147.4113483835048
2024-08-20,TATASTEEL,INE081A01020,TATA STEEL LIMITED,155.7,155.7,152.8,153.93,37559016,5764044551.48,0.957465240215022,147.38262442629835
2024-08-21,TATASTEEL,INE081A01020,TATA STEEL LIMITED,153.0,154.18,151.77,151.92,49749381,7583311060.6,0.957465240215022,145.45811929346613
2024-08-22,TATASTEEL,INE081A01020,TATA STEEL LIMITED,152.51,154.35,152.51,154.14,36719176,5642770858.27,0.957465240215022,147.58369212674347
2024-08-23,TATASTEEL,INE081A01020,TATA STEEL LIMITED,154.0,154.39,152.55,154.2,31490857,4841154185.73,0.957465240215022,147.64114004115638
2024-08-26,TATASTEEL,INE081A01020,TATA STEEL LIMITED,154.61,156.4,153.7,155.7,32497603,5038136287.29,0.957465240215022,149.07733790147893
2024-08-27,TATASTEEL,INE081A01020,TATA STEEL LIMITED,155.8,156.5,154.6,154.7,24523684,3807846590.08,0.957465240215022,148.11987266126388
2024-08-28,TATASTEEL,INE081A01020,TATA STEEL LIMITED,154.7,155.0,153.05,153.7,25195197,3876960988.41,0.957465240215022,147.16240742104887
2024-08-29,TATASTEEL,INE081A01020,TATA STEEL LIMITED,153.21,153.56,151.2,152.97,44452983,6785477200.23,0.957465240215022,146.4634577956919
2024-08-30,TATASTEEL,INE081A01020,TATA STEEL LIMITED,153.0,155.25,152.47,152.76,55134023,8465202363.9,0.957465240215022,146.26239009524676
2024-09-02,TATASTEEL,INE081A01020,TATA STEEL LIMITED,153.9,153.9,152.14,152.88,19200143,2936209047.13,0.957465240215022,146.37728592407257
2024-09-03,TATASTEEL,INE081A01020,TATA STEEL LIMITED,152.84,153.45,152.01,152.15,19780066,3014827041.84,0.957465240215022,145.6783362987156
2024-09-04,TATASTEEL,INE081A01020,TATA STEEL LIMITED,149.5,152.18,149.16,151.18,39613696,5976722246.84,0.957465240215022,144.74959501570703
2024-09-05,TATASTEEL,INE081A01020,TATA STEEL LIMITED,151.0,152.79,151.0,151.72,28347324,4306027852.48,0.957465240215022,145.26662624542314
2024-09-06,TATASTEEL,INE081A01020,TATA STEEL LIMITED,151.94,152.9,149.65,151.22,30709532,4640728389.77,0.957465240215022,144.78789362531563
2024-09-09,TATASTEEL,INE081A01020,TATA STEEL LIMITED,150.9,150.9,148.05,149.47,32624586,4873687014.29,0.957465240215022,143.11232945493933
2024-09-10,TATASTEEL,INE081A01020,TATA STEEL LIMITED,150.5,151.59,148.81,149.42,41607844,6238134738.95,0.957465240215022,143.0644561929286
2024-09-11,TATASTEEL,INE081A01020,TATA STEEL LIMITED,149.9,150.2,147.62,148.17,24633287,3667899119.21,0.957465240215022,141.8676246426598
2024-09-12,TATASTEEL,INE081A01020,TATA STEEL LIMITED,152.0,152.44,148.75,151.74,73191476,11029500349.23,0.957465240215022,145.28577555022744
2024-09-13,TATASTEEL,INE081A01020,TATA STEEL LIMITED,152.78,155.4,152.5,153.49,54894255,8452936106.91,0.957465240215022,146.96133972060375
2024-09-16,TATASTEEL,INE081A01020,TATA STEEL LIMITED,155.0,155.66,153.5,154.21,32575460,5030530504.26,0.957465240215022,147.65071469355854
2024-09-17,TATASTEEL,INE081A01020,TATA STEEL LIMITED,154.0,154.24,152.27,152.82,18275113,2797251834.59,0.957465240215022,146.31983800965966
2024-09-18,TATASTEEL,INE081A01020,TATA STEEL LIMITED,152.4,152.98,149.61,150.6,24856345,3754898081.08,0.957465240215022,144.19426517638232
2024-09-19,TATASTEEL,INE081A01020,TATA STEEL LIMITED,151.89,152.19,147.79,149.54,36913781,5521818580.4,0.957465240215022,143.17935202175437
2024-09-20,TATASTEEL,INE081A01020,TATA STEEL LIMITED,151.0,153.34,150.65,152.02,53873369,8196175102.12,0.957465240215022,145.55386581748766
2024-09-23,TATASTEEL,INE081A01020,TATA STEEL LIMITED,154.38,154.39,152.8,153.99,33281905,5111194267.46,0.957465240215022,147.44007234071125
2024-09-24,TATASTEEL,INE081A01020,TATA STEEL LIMITED,155.15,161.5,154.85,160.53,137414352,21864032282.12,0.957465240215022,153.70189501171748
2024-09-25,TATASTEEL,INE081A01020,TATA STEEL LIMITED,161.5,162.69,159.52,161.66,58044967,9356242523.27,0.957465240215022,154.78383073316044
2024-09-26,TATASTEEL,INE081A01020,TATA STEEL LIMITED,162.0,165.9,160.48,165.61,88661662,14542131498.26,0.957465240215022,158.5658184320098
2024-09-27,TATASTEEL,INE081A01020,TATA STEEL LIMITED,167.0,169.01,165.89,166.55,72795668,12168793625.37,0.957465240215022,159.46583575781193
2024-09-30,TATASTEEL,INE081A01020,TATA STEEL LIMITED,167.5,170.18,167.26,168.55,92381529,15614600724.62,0.957465240215022,161.38076623824196
2024-10-01,TATASTEEL,INE081A01020,TATA STEEL LIMITED,169.49,169.49,165.1,167.03,50761579,8483829166.82,0.957465240215022,159.92541907311514
2024-10-03,TATASTEEL,INE081A01020,TATA STEEL LIMITED,165.5,169.99,164.52,166.98,75959797,12754992195.57,0.957465240215022,159.87754581110437
2024-10-04,TATASTEEL,INE081A01020,TATA STEEL LIMITED,167.0,169.1,164.0,166.75,53880875,8996465098.83,0.957465240215022,159.65732880585492
2024-10-07,TATASTEEL,INE081A01020,TATA STEEL LIMITED,167.1,167.95,162.33,164.36,48775098,8044365273.28,0.957465240215022,157.36898688174102
2024-10-08,TATASTEEL,INE081A01020,TATA STEEL LIMITED,163.0,163.59,156.7,159.52,74956764,11923016296.84,0.957465240215022,152.73485511910033
2024-10-09,TATASTEEL,INE081A01020,TATA STEEL LIMITED,159.52,162.2,158.11,159.06,42766218,6856906324.55,0.957465240215022,152.2944211086014
2024-10-10,TATASTEEL,INE081A01020,TATA STEEL LIMITED,158.3,161.18,156.6,159.72,46507936,7433063758.17,0.957465240215022,152.92634816714332
2024-10-11,TATASTEEL,INE081A01020,TATA STEEL LIMITED,159.3,163.78,159.2,160.66,53263433,8604175534.7,0.957465240215022,153.82636549294543
2024-10-14,TATASTEEL,INE081A01020,TATA STEEL LIMITED,161.88,163.38,158.04,158.32,35566857,5679804268.1,0.957465240215022,151.58589683084227
2024-10-15,TATASTEEL,INE081A01020,TATA STEEL LIMITED,159.5,159.53,155.05,155.63,38964393,6083846366.99,0.957465240215022,149.01031533466386
2024-10-16,TATASTEEL,INE081A01020,TATA STEEL LIMITED,155.19,156.55,154.02,155.24,28518262,4430322683.94,0.957465240215022,148.63690389098002
2024-10-17,TATASTEEL,INE081A01020,TATA STEEL LIMITED,155.65,156.3,152.1,152.4,28404223,4363740733.71,0.957465240215022,145.91770260876936
2024-10-18,TATASTEEL,INE081A01020,TATA STEEL LIMITED,152.4,156.2,151.1,155.39,34750795,5362210491.59,0.957465240215022,148.78052367701227
2024-10-21,TATASTEEL,INE081A01020,TATA STEEL LIMITED,156.1,157.93,154.59,155.03,25799090,4010016405.81,0.957465240215022,148.43583619053487
2024-10-22,TATASTEEL,INE081A01020,TATA STEEL LIMITED,154.9,154.9,150.1,150.39,39079846,5935426865.61,0.957465240215022,143.99319747593714
2024-10-23,TATASTEEL,INE081A01020,TATA STEEL LIMITED,150.3,151.95,148.05,148.78,42107893,6309547439.99,0.957465240215022,142.45167843919097
2024-10-24,TATASTEEL,INE081A01020,TATA STEEL LIMITED,149.49,149.83,148.01,148.98,22115070,3293453859.18,0.957465240215022,142.64317148723396
2024-10-25,TATASTEEL,INE081A01020,TATA STEEL LIMITED,149.0,149.5,144.43,145.86,39730802,5796263940.69,0.957465240215022,139.65587993776313
2024-10-28,TATASTEEL,INE081A01020,TATA STEEL LIMITED,146.0,149.73,144.73,149.38,28386897,4204485399.5,0.957465240215022,143.02615758331999
2024-10-29,TATASTEEL,INE081A01020,TATA STEEL LIMITED,149.85,150.45,146.55,150.06,32258407,4782062026.21,0.957465240215022,143.6772339466662
2024-10-30,TATASTEEL,INE081A01020,TATA STEEL LIMITED,148.1,150.95,148.1,148.97,21362130,3196926857.03,0.957465240215022,142.63359683483182
2024-10-31,TATASTEEL,INE081A01020,TATA STEEL LIMITED,149.08,149.95,148.2,148.56,26383702,3927661607.97,0.957465240215022,142.24103608634368
2024-11-04,TATASTEEL,INE081A01020,TATA STEEL LIMITED,150.0,150.0,145.1,146.95,25571021,3755435352.87,0.957465240215022,140.69951704959746
2024-11-05,TATASTEEL,INE081A01020,TATA STEEL LIMITED,147.0,152.55,146.95,152.29,42772283,6445142415.2,0.957465240215022,145.8123814323457
2024-11-06,TATASTEEL,INE081A01020,TATA STEEL LIMITED,154.0,154.95,149.59,153.62,48928986,7423963642.1,0.957465240215022,147.0858102018317
2024-11-07,TATASTEEL,INE081A01020,TATA STEEL LIMITED,156.11,156.92,150.2,150.95,88254789,13545412839.66,0.957465240215022,144.52937801045755
2024-11-08,TATASTEEL,INE081A01020,TATA STEEL LIMITED,152.0,152.0,146.94,147.57,61980989,9247404903.34,0.957465240215022,141.29314549853078
2024-11-11,TATASTEEL,INE081A01020,TATA STEEL LIMITED,147.57,147.69,144.1,145.01,47497863,6914506463.5,0.957465240215022,138.84203448358033
2024-11-12,TATASTEEL,INE081A01020,TATA STEEL LIMITED,145.65,147.13,143.6,144.17,28861672,4199799655.07,0.957465240215022,138.0377636817997
2024-11-13,TATASTEEL,INE081A01020,TATA STEEL LIMITED,143.6,143.6,138.6,139.17,57609083,8066778657.17,0.957465240215022,133.2504374807246
2024-11-14,TATASTEEL,INE081A01020,TATA STEEL LIMITED,139.71,140.73,137.5,137.98,36345184,5042969174.22,0.957465240215022,132.11105384486874
2024-11-18,TATASTEEL,INE081A01020,TATA STEEL LIMITED,139.49,143.25,138.0,141.21,40233848,5665274322.36,0.957465240215022,135.20366657076326
2024-11-19,TATASTEEL,INE081A01020,TATA STEEL LIMITED,142.0,142.49,139.06,139.46,37611903,5298700773.9,0.957465240215022,133.52810240038698
2024-11-21,TATASTEEL,INE081A01020,TATA STEEL LIMITED,139.5,141.6,137.25,140.22,58398744,8162840711.77,0.957465240215022,134.25577598295038
2024-11-22,TATASTEEL,INE081A01020,TATA STEEL LIMITED,140.15,143.19,139.65,142.78,43710169,6188014583.09,0.957465240215022,136.70688699790085
2024-11-25,TATASTEEL,INE081A01020,TATA STEEL LIMITED,144.94,146.15,142.84,143.67,53883890,7778849397.59,0.957465240215022,137.5590310616922
2024-11-26,TATASTEEL,INE081A01020,TATA STEEL LIMITED,144.22,145.8,143.58,144.47,25608469,3709654966.85,0.957465240215022,138.32500325386422
2024-11-27,TATASTEEL,INE081A01020,TATA STEEL LIMITED,144.31,144.9,142.9,144.53,24895631,3583450837.82,0.957465240215022,138.38245116827713
2024-11-28,TATASTEEL,INE081A01020,TATA STEEL LIMITED,144.0,145.25,143.09,143.39,30947861,4460528750.48,0.957465240215022,137.290940794432
2024-11-29,TATASTEEL,INE081A01020,TATA STEEL LIMITED,143.9,145.49,143.05,144.54,29742979,4297099540.79,0.957465240215022,138.39202582067927
2024-12-02,TATASTEEL,INE081A01020,TATA STEEL LIMITED,144.11,146.83,143.14,146.41,23840351,3463651919.14,0.957465240215022,140.18248581988138
2024-12-03,TATASTEEL,INE081A01020,TATA STEEL LIMITED,146.75,148.2,146.34,146.54,35527228,5218028534.67,0.957465240215022,140.30695630110932
2024-12-04,TATASTEEL,INE081A01020,TATA STEEL LIMITED,147.0,147.05,144.0,145.85,38537808,5604463660.25,0.957465240215022,139.64630528536097
2024-12-05,TATASTEEL,INE081A01020,TATA STEEL LIMITED,146.5,147.88,144.8,147.07,36328245,5321183497.69,0.957465240215022,140.81441287842327
2024-12-06,TATASTEEL,INE081A01020,TATA STEEL LIMITED,147.5,148.68,146.6,148.29,30604899,4515576192.18,0.957465240215022,141.9825204714856
2024-12-09,TATASTEEL,INE081A01020,TATA STEEL LIMITED,148.29,150.67,146.63,149.88,39059139,5809031759.51,0.957465240215022,143.5048902034275
2024-12-10,TATASTEEL,INE081A01020,TATA STEEL LIMITED,150.19,152.5,149.31,150.32,36278104,5475408272.35,0.957465240215022,143.9261749091221
2024-12-11,TATASTEEL,INE081A01020,TATA STEEL LIMITED,150.59,152.11,150.06,150.6,20499709,3100314497.16,0.957465240215022,144.19426517638232
2024-12-12,TATASTEEL,INE081A01020,TATA STEEL LIMITED,150.87,151.63,148.7,150.78,25761723,3870004937.04,0.957465240215022,144.36660891962103
2024-12-13,TATASTEEL,INE081A01020,TATA STEEL LIMITED,150.0,150.05,145.55,148.95,39701388,5853797485.13,0.957465240215022,142.61444753002752
2024-12-16,TATASTEEL,INE081A01020,TATA STEEL LIMITED,148.94,149.8,147.1,147.79,22634773,3350662277.23,0.957465240215022,141.5037878513781
2024-12-17,TATASTEEL,INE081A01020,TATA STEEL LIMITED,147.79,148.5,145.33,145.68,27110781,3982433031.75,0.957465240215022,139.48353619452442
2024-12-18,TATASTEEL,INE081A01020,TATA STEEL LIMITED,146.0,146.9,143.3,144.46,19850229,2871362747.44,0.957465240215022,138.3154286014621
2024-12-19,TATASTEEL,INE081A01020,TATA STEEL LIMITED,141.55,143.8,141.1,143.26,27104579,3858497950.48,0.957465240215022,137.16647031320403
2024-12-20,TATASTEEL,INE081A01020,TATA STEEL LIMITED,142.89,144.4,140.0,140.68,46503449,6614264006.51,0.957465240215022,134.6962099934493
2024-12-23,TATASTEEL,INE081A01020,TATA STEEL LIMITED,142.45,143.8,140.61,141.71,27514178,3917066565.54,0.957465240215022,135.68239919087077
2024-12-24,TATASTEEL,INE081A01020,TATA STEEL LIMITED,141.2,141.5,139.25,140.38,25882917,3631184790.95,0.957465240215022,134.4089704213848
2024-12-26,TATASTEEL,INE081A01020,TATA STEEL LIMITED,140.95,141.15,139.51,140.36,23939932,3357275738.9,0.957465240215022,134.3898211165805
2024-12-27,TATASTEEL,INE081A01020,TATA STEEL LIMITED,140.7,141.75,138.61,138.91,19562177,2737725744.49,0.957465240215022,133.0014965182687
2024-12-30,TATASTEEL,INE081A01020,TATA STEEL LIMITED,138.91,139.25,136.09,136.88,32555723,4484971555.03,0.957465240215022,131.0578420806322
2024-12-31,TATASTEEL,INE081A01020,TATA STEEL LIMITED,136.87,138.68,136.56,138.05,20080291,2763636940.24,0.957465240215022,132.1780764116838
2025-01-01,TATASTEEL,INE081A01020,TATA STEEL LIMITED,138.1,138.45,136.58,136.74,18169498,2490238878.67,0.957465240215022,130.9237969470021
2025-01-02,TATASTEEL,INE081A01020,TATA STEEL LIMITED,137.0,138.45,136.4,138.18,23388424,3214429963.27,0.957465240215022,132.30254689291175
2025-01-03,TATASTEEL,INE081A01020,TATA STEEL LIMITED,138.18,139.73,137.84,138.36,23351832,3238624775.28,0.957465240215022,132.47489063615046
2025-01-06,TATASTEEL,INE081A01020,TATA STEEL LIMITED,138.36,138.39,131.35,132.18,44620509,5954073554.56,0.957465240215022,126.55775545162162
2025-01-07,TATASTEEL,INE081A01020,TATA STEEL LIMITED,132.78,133.88,132.01,133.38,24239451,3224973077.16,0.957465240215022,127.70671373987963
2025-01-08,TATASTEEL,INE081A01020,TATA STEEL LIMITED,133.93,134.24,131.77,132.64,31570331,4187651105.64,0.957465240215022,126.99818946212051
2025-01-09,TATASTEEL,INE081A01020,TATA STEEL LIMITED,132.0,132.4,129.7,129.93,31903107,4164281728.67,0.957465240215022,124.40345866113782
2025-01-10,TATASTEEL,INE081A01020,TATA STEEL LIMITED,129.93,130.39,126.7,127.43,34855510,4462316144.21,0.957465240215022,122.00979556060025
2025-01-13,TATASTEEL,INE081A01020,TATA STEEL LIMITED,126.0,126.5,122.62,122.93,38968332,4848785035.5,0.957465240215022,117.70120197963266
2025-01-14,TATASTEEL,INE081A01020,TATA STEEL LIMITED,122.94,127.64,122.94,126.93,36877365,4651465899.79,0.957465240215022,121.53106294049275
2025-01-15,TATASTEEL,INE081A01020,TATA STEEL LIMITED,128.0,128.31,125.78,126.53,18773125,2384173457.53,0.957465240215022,121.14807684440673
2025-01-16,TATASTEEL,INE081A01020,TATA STEEL LIMITED,128.0,128.47,126.56,127.81,22164393,2826849469.18,0.957465240215022,122.37363235188197
2025-01-17,TATASTEEL,INE081A01020,TATA STEEL LIMITED,127.9,131.16,127.64,130.28,27421959,3553781052.65,0.957465240215022,124.73857149521307
2025-01-20,TATASTEEL,INE081A01020,TATA STEEL LIMITED,130.99,132.1,128.91,131.66,20571916,2686464953.32,0.957465240215022,126.0598735267098
2025-01-21,TATASTEEL,INE081A01020,TATA STEEL LIMITED,132.06,132.4,129.25,129.7,32238213,4213367366.39,0.957465240215022,124.18324165588834
2025-01-22,TATASTEEL,INE081A01020,TATA STEEL LIMITED,130.25,130.35,127.12,128.92,27505569,3533007239.3,0.957465240215022,123.43641876852062
2025-01-23,TATASTEEL,INE081A01020,TATA STEEL LIMITED,127.85,130.75,127.7,130.37,20722538,2694072514.27,0.957465240215022,124.82474336683242
2025-01-24,TATASTEEL,INE081A01020,TATA STEEL LIMITED,130.5,133.2,129.31,129.74,37092106,4859603275.51,0.957465240215022,124.22154026549697
2025-01-27,TATASTEEL,INE081A01020,TATA STEEL LIMITED,129.02,129.45,125.74,126.37,24650571,3153638220.92,0.957465240215022,120.99488240597233
2025-01-28,TATASTEEL,INE081A01020,TATA STEEL LIMITED,126.37,130.49,124.74,128.62,40373804,5184826348.23,0.957465240215022,123.14917919645613
2025-01-29,TATASTEEL,INE081A01020,TATA STEEL LIMITED,129.0,131.34,128.55,130.8,16674706,2175873479.85,0.957465240215022,125.23645342012489
2025-01-30,TATASTEEL,INE081A01020,TATA STEEL LIMITED,130.8,132.15,130.1,131.12,25256096,3316053251.18,0.957465240215022,125.54284229699368
2025-01-31,TATASTEEL,INE081A01020,TATA STEEL LIMITED,131.12,135.0,129.93,134.62,26689228,3566338275.87,0.957465240215022,128.89397063774626
2025-02-01,TATASTEEL,INE081A01020,TATA STEEL LIMITED,135.0,135.5,130.25,132.97,21173846,2821702724.62,0.957465240215022,127.31415299139147
2025-02-03,TATASTEEL,INE081A01020,TATA STEEL LIMITED,131.29,132.51,127.81,131.82,27765357,3610121727.84,0.957465240215022,126.21306796514419
2025-02-04,TATASTEEL,INE081A01020,TATA STEEL LIMITED,132.8,134.34,131.87,133.42,25032519,3331380045.26,0.957465240215022,127.74501234948822
2025-02-05,TATASTEEL,INE081A01020,TATA STEEL LIMITED,133.15,135.39,133.08,134.4,16958362,2282813794.56,0.957465240215022,128.68332828489895
2025-02-06,TATASTEEL,INE081A01020,TATA STEEL LIMITED,134.5,134.87,132.02,132.54,22408168,2973956819.77,0.957465240215022,126.90244293809901
2025-02-07,TATASTEEL,INE081A01020,TATA STEEL LIMITED,133.3,138.75,132.56,138.31,52950146,7241665875.06,0.957465240215022,132.4270173741397
2025-02-10,TATASTEEL,INE081A01020,TATA STEEL LIMITED,138.1,138.1,133.0,134.04,26120805,3503387611.66,0.957465240215022,128.33864079842155
2025-02-11,TATASTEEL,INE081A01020,TATA STEEL LIMITED,133.0,134.34,129.7,130.11,23635428,3113046800.7,0.957465240215022,124.57580240437653
2025-02-12,TATASTEEL,INE081A01020,TATA STEEL LIMITED,129.35,133.29,128.31,132.28,37927696,4965112642.36,0.957465240215022,126.65350197564311
2025-02-13,TATASTEEL,INE081A01020,TATA STEEL LIMITED,132.28,137.69,131.86,136.25,52036196,7080756827.59,0.957465240215022,130.45463897929676
2025-02-14,TATASTEEL,INE081A01020,TATA STEEL LIMITED,136.25,139.25,133.33,134.47,41469242,5619570218.29,0.957465240215022,128.75035085171402
2025-02-17,TATASTEEL,INE081A01020,TATA STEEL LIMITED,132.91,134.8,130.73,134.29,21189637,2824189592.79,0.957465240215022,128.5780071084753
2025-02-18,TATASTEEL,INE081A01020,TATA STEEL LIMITED,134.29,134.9,131.75,134.54,23957576,3193739383.77,0.957465240215022,128.81737341852906
2025-02-19,TATASTEEL,INE081A01020,TATA STEEL LIMITED,134.5,136.88,133.03,135.76,18447487,2506399510.52,0.957465240215022,129.9854810115914
2025-02-20,TATASTEEL,INE081A01020,TATA STEEL LIMITED,135.27,138.36,135.0,138.04,24139808,3312552015.27,0.957465240215022,132.16850175928164
2025-02-21,TATASTEEL,INE081A01020,TATA STEEL LIMITED,137.91,141.6,137.15,140.76,41987785,5886250057.98,0.957465240215022,134.7728072126665
2025-02-24,TATASTEEL,INE081A01020,TATA STEEL LIMITED,138.81,140.66,136.66,137.65,25193205,3498235797.8,0.957465240215022,131.79509031559778
2025-02-25,TATASTEEL,INE081A01020,TATA STEEL LIMITED,138.49,139.35,136.7,137.07,23575603,3243071564.86,0.957465240215022,131.23976047627306
2025-02-27,TATASTEEL,INE081A01020,TATA STEEL LIMITED,137.21,138.99,135.88,138.69,30747044,4219634170.42,0.957465240215022,132.7908541654214
2025-02-28,TATASTEEL,INE081A01020,TATA STEEL LIMITED,137.8,137.8,134.06,137.2,45540594,6203916419.27,0.957465240215022,131.364230957501
2025-03-03,TATASTEEL,INE081A01020,TATA STEEL LIMITED,137.0,139.05,134.31,138.57,31154401,4268841100.55,0.957465240215022,132.67595833659558
2025-03-04,TATASTEEL,INE081A01020,TATA STEEL LIMITED,136.15,140.94,135.81,139.34,28634645,3983876585.13,0.957465240215022,133.41320657156118
2025-03-05,TATASTEEL,INE081A01020,TATA STEEL LIMITED,139.0,146.49,139.0,146.1,62109377,8946872004.34,0.957465240215022,139.88567159541472
2025-03-06,TATASTEEL,INE081A01020,TATA STEEL LIMITED,146.79,152.2,146.2,150.44,79121467,11849800824.69,0.957465240215022,144.0410707379479
2025-03-07,TATASTEEL,INE081A01020,TATA STEEL LIMITED,149.74,152.45,149.27,151.56,81821791,12401572015.3,0.957465240215022,145.11343180698873
2025-03-10,TATASTEEL,INE081A01020,TATA STEEL LIMITED,151.56,154.24,150.41,151.05,54450331,8290275937.58,0.957465240215022,144.62512453447908
2025-03-11,TATASTEEL,INE081A01020,TATA STEEL LIMITED,148.1,151.7,148.0,150.75,35916900,5407720556.67,0.957465240215022,144.33788496241456
2025-03-12,TATASTEEL,INE081A01020,TATA STEEL LIMITED,151.0,152.28,147.7,150.3,26377549,3950005335.92,0.957465240215022,143.90702560431782
2025-03-13,TATASTEEL,INE081A01020,TATA STEEL LIMITED,152.0,153.56,150.02,150.88,48286431,7314085180.5,0.957465240215022,144.4623554436425
2025-03-17,TATASTEEL,INE081A01020,TATA STEEL LIMITED,151.99,152.64,150.9,151.81,35879781,5444435545.07,0.957465240215022,145.35279811704248
2025-03-18,TATASTEEL,INE081A01020,TATA STEEL LIMITED,153.0,154.83,152.22,154.66,38125586,5859164416.95,0.957465240215022,148.0815740516553
2025-03-19,TATASTEEL,INE081A01020,TATA STEEL LIMITED,156.8,159.2,156.5,158.6,66161413,10460845185.47,0.957465240215022,151.8539870981025
2025-03-20,TATASTEEL,INE081A01020,TATA STEEL LIMITED,160.0,160.1,156.65,159.04,39889517,6328046698.67,0.957465240215022,152.2752718037971
2025-03-21,TATASTEEL,INE081A01020,TATA STEEL LIMITED,159.03,159.75,156.82,157.28,49184821,7769239117.59,0.957465240215022,150.59013298101866
2025-03-24,TATASTEEL,INE081A01020,TATA STEEL LIMITED,158.0,159.0,157.11,158.42,30905773,4895984860.52,0.957465240215022,151.68164335486378
2025-03-25,TATASTEEL,INE081A01020,TATA STEEL LIMITED,159.0,159.0,156.05,156.73,28467187,4475745077.22,0.957465240215022,150.06352709890038
2025-03-26,TATASTEEL,INE081A01020,TATA STEEL LIMITED,156.2,157.54,155.01,155.81,23182869,3626732598.78,0.957465240215022,149.18265907790257
2025-03-27,TATASTEEL,INE081A01020,TATA STEEL LIMITED,154.8,156.1,154.2,155.42,25909068,4028014189.92,0.957465240215022,148.8092476342187
2025-03-28,TATASTEEL,INE081A01020,TATA STEEL LIMITED,155.38,156.91,153.37,154.24,24589315,3798935508.26,0.957465240215022,147.679438650765
2025-04-01,TATASTEEL,INE081A01020,TATA STEEL LIMITED,152.07,155.34,152.07,153.12,29142122,4470769084.97,0.957465240215022,146.60707758172418
2025-04-02,TATASTEEL,INE081A01020,TATA STEEL LIMITED,154.0,156.25,152.27,154.69,24977582,3855206531.03,0.957465240215022,148.11029800886175
2025-04-03,TATASTEEL,INE081A01020,TATA STEEL LIMITED,153.0,155.97,152.6,153.62,15117526,2334771453.89,0.957465240215022,147.0858102018317
2025-04-04,TATASTEEL,INE081A01020,TATA STEEL LIMITED,152.62,152.99,140.0,140.39,80846143,11589598417.4,0.957465240215022,134.41854507378693
2025-04-07,TATASTEEL,INE081A01020,TATA STEEL LIMITED,128.0,130.35,125.33,129.48,121806340,15544431644.89,0.957465240215022,123.97259930304104
2025-04-08,TATASTEEL,INE081A01020,TATA STEEL LIMITED,134.89,136.2,128.02,130.28,68999181,9043262229.44,0.957465240215022,124.73857149521307
2025-04-09,TATASTEEL,INE081A01020,TATA STEEL LIMITED,130.0,130.0,125.3,127.18,73399980,9326218503.85,0.957465240215022,121.7704292505465
2025-04-11,TATASTEEL,INE081A01020,TATA STEEL LIMITED,134.67,134.7,130.49,133.42,73706472,9803073537.58,0.957465240215022,127.74501234948822
2025-04-15,TATASTEEL,INE081A01020,TATA STEEL LIMITED,135.6,137.0,134.84,136.41,38967608,5298486163.86,0.957465240215022,130.60783341773114
2025-04-16,TATASTEEL,INE081A01020,TATA STEEL LIMITED,136.41,137.6,134.62,136.97,42684087,5799167230.47,0.957465240215022,131.14401395225156
2025-04-17,TATASTEEL,INE081A01020,TATA STEEL LIMITED,134.4,137.96,133.7,137.14,62282856,8470143514.15,0.957465240215022,131.3067830430881
2025-04-21,TATASTEEL,INE081A01020,TATA STEEL LIMITED,137.65,140.3,137.05,139.18,26503486,3686212972.38,0.957465240215022,133.26001213312676
2025-04-22,TATASTEEL,INE081A01020,TATA STEEL LIMITED,142.0,142.84,137.7,138.16,58429662,8165164937.32,0.957465240215022,132.28339758810745
2025-04-23,TATASTEEL,INE081A01020,TATA STEEL LIMITED,139.39,141.5,137.32,141.16,37851304,5283498279.14,0.957465240215022,135.1557933087525
2025-04-24,TATASTEEL,INE081A01020,TATA STEEL LIMITED,140.7,141.88,140.28,141.52,23061444,3260000657.11,0.957465240215022,135.50048079522992
2025-04-25,TATASTEEL,INE081A01020,TATA STEEL LIMITED,142.0,143.45,138.02,138.85,37764696,5285618336.86,0.957465240215022,132.9440486038558
2025-04-28,TATASTEEL,INE081A01020,TATA STEEL LIMITED,138.54,142.6,138.38,142.07,26971589,3809614109.69,0.957465240215022,136.02708667734817
2025-04-29,TATASTEEL,INE081A01020,TATA STEEL LIMITED,142.07,143.3,140.92,141.5,25758449,3655994014.18,0.957465240215022,135.48133149042562
2025-04-30,TATASTEEL,INE081A01020,TATA STEEL LIMITED,141.45,141.56,138.0,140.08,29205042,4107241617.98,0.957465240215022,134.1217308493203
2025-05-02,TATASTEEL,INE081A01020,TATA STEEL LIMITED,140.0,143.1,139.45,141.18,34852288,4932373274.49,0.957465240215022,135.17494261355682
2025-05-05,TATASTEEL,INE081A01020,TATA STEEL LIMITED,141.57,142.7,141.2,142.08,17213477,2445679467.61,0.957465240215022,136.03666132975033
2025-05-06,TATASTEEL,INE081A01020,TATA STEEL LIMITED,142.08,145.4,141.54,144.44,42658262,6142362668.1,0.957465240215022,138.2962792966578
2025-05-07,TATASTEEL,INE081A01020,TATA STEEL LIMITED,142.2,146.95,142.2,146.0,34674594,5031739767.38,0.957465240215022,139.7899250713932
2025-05-08,TATASTEEL,INE081A01020,TATA STEEL LIMITED,146.0,146.66,142.85,143.67,29687927,4282262715.18,0.957465240215022,137.5590310616922
2025-05-09,TATASTEEL,INE081A01020,TATA STEEL LIMITED,140.99,143.27,140.51,142.78,21875453,3111085069.45,0.957465240215022,136.70688699790085
2025-05-12,TATASTEEL,INE081A01020,TATA STEEL LIMITED,145.61,151.95,144.5,151.63,47087413,7053342672.26,0.957465240215022,145.18045437380377
2025-05-13,TATASTEEL,INE081A01020,TATA STEEL LIMITED,152.0,152.99,149.01,149.43,54389876,8176431830.42,0.957465240215022,143.07403084533075
2025-05-14,TATASTEEL,INE081A01020,TATA STEEL LIMITED,151.0,157.15,151.0,155.31,60002060,9330007517.78,0.957465240215022,148.70392645779506
2025-05-15,TATASTEEL,INE081A01020,TATA STEEL LIMITED,155.5,157.84,154.3,157.35,57066105,8947211738.95,0.957465240215022,150.6571555478337
2025-05-16,TATASTEEL,INE081A01020,TATA STEEL LIMITED,157.35,158.15,157.0,157.55,22884754,3604983002.25,0.957465240215022,150.84864859587674
2025-05-19,TATASTEEL,INE081A01020,TATA STEEL LIMITED,158.0,158.14,156.13,157.57,21839582,3432107324.54,0.957465240215022,150.867797900681
2025-05-20,TATASTEEL,INE081A01020,TATA STEEL LIMITED,158.35,162.1,158.0,158.69,58061639,9282578000.22,0.957465240215022,151.94015896972184
2025-05-21,TATASTEEL,INE081A01020,TATA STEEL LIMITED,159.45,161.85,158.53,161.64,36044599,5793634967.3,0.957465240215022,154.76468142835614
2025-05-22,TATASTEEL,INE081A01020,TATA STEEL LIMITED,160.98,163.6,160.36,161.29,60715453,9837642663.43,0.957465240215022,154.42956859428088
2025-05-23,TATASTEEL,INE081A01020,TATA STEEL LIMITED,161.6,163.53,161.5,162.97,29483665,4794611681.16,0.957465240215022,156.03811019784214
2025-05-26,TATASTEEL,INE081A01020,TATA STEEL LIMITED,163.1,165.55,162.05,162.51,25581584,4178534087.15,0.957465240215022,155.5976761873432
2025-05-27,TATASTEEL,INE081A01020,TATA STEEL LIMITED,162.51,163.9,160.62,161.66,23296776,3775535758.64,0.957465240215022,154.78383073316044
2025-05-28,TATASTEEL,INE081A01020,TATA STEEL LIMITED,162.4,162.69,160.65,161.24,13044476,2104098511.17,0.957465240215022,154.38169533227017
2025-05-29,TATASTEEL,INE081A01020,TATA STEEL LIMITED,162.19,163.95,161.5,163.12,26455081,4308711010.73,0.957465240215022,156.1817299838744
2025-05-30,TATASTEEL,INE081A01020,TATA STEEL LIMITED,163.11,163.89,160.51,161.02,32739340,5280769846.88,0.957465240215022,154.17105297942285
2025-06-02,TATASTEEL,INE081A01020,TATA STEEL LIMITED,159.0,160.12,157.3,159.04,31365564,4983082554.34,0.957465240215022,152.2752718037971
2025-06-03,TATASTEEL,INE081A01020,TATA STEEL LIMITED,159.04,160.65,157.17,157.35,28398746,4497179711.39,0.957465240215022,150.6571555478337
2025-06-04,TATASTEEL,INE081A01020,TATA STEEL LIMITED,157.5,158.98,156.81,158.18,16660138,2632549264.24,0.957465240215022,151.4518516972122
2025-06-05,TATASTEEL,INE081A01020,TATA STEEL LIMITED,158.86,159.09,157.05,157.97,23708504,3744325538.1,0.957465240215022,151.250783996767
2025-06-06,TATASTEEL,INE081A01020,TATA STEEL LIMITED,155.7,157.88,154.25,157.49,25804151,4035214926.14,0.9797938977571227,154.30774095776925
2025-06-09,TATASTEEL,INE081A01020,TATA STEEL LIMITED,157.69,158.2,156.82,157.32,15315437,2412461355.7,0.9797938977571227,154.14117599515052
2025-06-10,TATASTEEL,INE081A01020,TATA STEEL LIMITED,158.0,159.3,155.5,155.68,22764080,3570961629.98,0.9797938977571227,152.53431400282886
2025-06-11,TATASTEEL,INE081A01020,TATA STEEL LIMITED,156.45,157.53,155.31,156.41,17605668,2755981215.78,0.9797938977571227,153.24956354819156
2025-06-12,TATASTEEL,INE081A01020,TATA STEEL LIMITED,156.0,156.26,151.85,152.89,27846151,4273315865.0,0.9797938977571227,149.80068902808648
2025-06-13,TATASTEEL,INE081A01020,TATA STEEL LIMITED,149.8,152.5,149.8,152.13,24277592,3683271732.64,0.9797938977571227,149.05604566579106
2025-06-16,TATASTEEL,INE081A01020,TATA STEEL LIMITED,152.01,154.5,150.84,154.17,16188193,2480318213.73,0.9797938977571227,151.05482521721558
2025-06-17,TATASTEEL,INE081A01020,TATA STEEL LIMITED,153.81,154.89,152.35,152.6,16740382,2568277833.38,0.9797938977571227,149.5165487977369
2025-06-18,TATASTEEL,INE081A01020,TATA STEEL LIMITED,152.2,153.2,150.8,152.11,14860746,2258749524.45,0.9797938977571227,149.03644978783595
2025-06-19,TATASTEEL,INE081A01020,TATA STEEL LIMITED,152.0,152.45,150.5,151.0,20145922,3045343206.89,0.9797938977571227,147.94887856132553
2025-06-20,TATASTEEL,INE081A01020,TATA STEEL LIMITED,150.75,153.17,150.63,151.97,29944714,4551925313.29,0.9797938977571227,148.89927864214994
2025-06-23,TATASTEEL,INE081A01020,TATA STEEL LIMITED,150.5,153.3,150.48,152.43,17096676,2596169014.17,0.9797938977571227,149.34998383511822
2025-06-24,TATASTEEL,INE081A01020,TATA STEEL LIMITED,153.8,156.97,153.64,154.79,25403324,3944949688.49,0.9797938977571227,151.66229743382502
2025-06-25,TATASTEEL,INE081A01020,TATA STEEL LIMITED,155.9,156.9,155.51,156.39,18240433,2849980442.59,0.9797938977571227,153.2299676702364
2025-06-26,TATASTEEL,INE081A01020,TATA STEEL LIMITED,156.87,161.1,156.45,160.54,40650557,6459190605.7,0.9797938977571227,157.29611234592846
2025-06-27,TATASTEEL,INE081A01020,TATA STEEL LIMITED,161.0,163.3,160.7,161.45,31989509,5188045925.09,0.9797938977571227,158.18772479288745
2025-06-30,TATASTEEL,INE081A01020,TATA STEEL LIMITED,160.99,162.2,159.5,159.76,15842285,2544527360.88,0.9797938977571227,156.5318731056779
2025-07-01,TATASTEEL,INE081A01020,TATA STEEL LIMITED,160.01,160.44,157.73,160.06,17823415,2839198867.0,0.9797938977571227,156.82581127500507
2025-07-02,TATASTEEL,INE081A01020,TATA STEEL LIMITED,160.06,166.15,159.83,165.88,63315210,10394530770.33,0.9797938977571227,162.52821175995152
2025-07-03,TATASTEEL,INE081A01020,TATA STEEL LIMITED,166.0,168.78,165.21,165.91,60571824,10113675423.24,0.9797938977571227,162.5576055768842
2025-07-04,TATASTEEL,INE081A01020,TATA STEEL LIMITED,165.91,166.49,162.0,163.01,22938753,3747536836.05,0.9797938977571227,159.71620327338854
2025-07-07,TATASTEEL,INE081A01020,TATA STEEL LIMITED,163.0,163.35,160.05,162.4,17469909,2838287843.46,0.9797938977571227,159.11852899575672
2025-07-08,TATASTEEL,INE081A01020,TATA STEEL LIMITED,162.45,162.9,161.6,161.97,11398248,1846807797.96,0.9797938977571227,158.69721761972116
2025-07-09,TATASTEEL,INE081A01020,TATA STEEL LIMITED,161.95,161.95,157.51,159.0,29839077,4749012087.28,0.9797938977571227,155.7872297433825
2025-07-10,TATASTEEL,INE081A01020,TATA STEEL LIMITED,160.0,161.55,159.28,160.66,17566887,2818400050.43,0.9797938977571227,157.41368761365933
2025-07-11,TATASTEEL,INE081A01020,TATA STEEL LIMITED,160.64,161.62,159.32,159.84,20689511,3312758884.8,0.9797938977571227,156.6102566174985
2025-07-14,TATASTEEL,INE081A01020,TATA STEEL LIMITED,159.84,161.12,159.3,160.44,15152964,2427912916.42,0.9797938977571227,157.19813295615276
2025-07-15,TATASTEEL,INE081A01020,TATA STEEL LIMITED,160.26,160.85,157.95,159.0,17993051,2862995009.5,0.9797938977571227,155.7872297433825
2025-07-16,TATASTEEL,INE081A01020,TATA STEEL LIMITED,159.0,159.27,157.0,157.33,14591157,2297916076.7,0.9797938977571227,154.15097393412813
2025-07-17,TATASTEEL,INE081A01020,TATA STEEL LIMITED,157.5,160.7,157.12,159.9,21733241,3456871121.62,0.9797938977571227,156.6690442513639
2025-07-18,TATASTEEL,INE081A01020,TATA STEEL LIMITED,160.1,162.75,160.1,162.37,30728478,4970871355.15,0.9797938977571227,159.08913517882402
2025-07-21,TATASTEEL,INE081A01020,TATA STEEL LIMITED,162.5,165.6,162.49,163.02,29812899,4879117483.09,0.9797938977571227,159.72600121236616
2025-07-22,TATASTEEL,INE081A01020,TATA STEEL LIMITED,163.3,164.41,162.73,163.04,13615524,2227299724.19,0.9797938977571227,159.74559709032127
2025-07-23,TATASTEEL,INE081A01020,TATA STEEL LIMITED,163.25,164.14,161.88,162.77,14287149,2329066721.33,0.9797938977571227,159.48105273792686
2025-07-24,TATASTEEL,INE081A01020,TATA STEEL LIMITED,163.0,164.75,162.81,163.48,14377270,2353490655.47,0.9797938977571227,160.17670640533441
2025-07-25,TATASTEEL,INE081A01020,TATA STEEL LIMITED,163.5,163.59,161.05,161.43,12443495,2013177001.53,0.9797938977571227,158.1681289149323
2025-07-28,TATASTEEL,INE081A01020,TATA STEEL LIMITED,161.23,162.29,159.09,159.68,19296285,3097228521.77,0.9797938977571227,156.45348959385734
2025-07-29,TATASTEEL,INE081A01020,TATA STEEL LIMITED,158.2,162.45,158.2,161.69,15262937,2453935250.07,0.9797938977571227,158.42287532834916
2025-07-30,TATASTEEL,INE081A01020,TATA STEEL LIMITED,161.69,162.79,161.05,161.36,16083106,2601244577.73,0.9797938977571227,158.09954334208933
2025-07-31,TATASTEEL,INE081A01020,TATA STEEL LIMITED,161.0,162.13,156.56,157.94,26213891,4198175446.12,0.9797938977571227,154.74864821175996
2025-08-01,TATASTEEL,INE081A01020,TATA STEEL LIMITED,157.93,157.93,152.51,153.01,23927359,3690581798.45,0.9797938977571227,149.91826429581732
2025-08-04,TATASTEEL,INE081A01020,TATA STEEL LIMITED,153.5,159.92,153.5,159.56,30064719,4751962110.35,0.9797938977571227,156.3359143261265
2025-08-05,TATASTEEL,INE081A01020,TATA STEEL LIMITED,159.56,160.14,158.28,159.62,14441034,2301732501.24,0.9797938977571227,156.39470195999192
2025-08-06,TATASTEEL,INE081A01020,TATA STEEL LIMITED,159.62,159.8,157.8,158.66,13438851,2131211060.17,0.9797938977571227,155.45409981814507
2025-08-07,TATASTEEL,INE081A01020,TATA STEEL LIMITED,157.15,160.0,156.26,159.67,23159540,3657421986.21,0.9797938977571227,156.44369165487976
2025-08-08,TATASTEEL,INE081A01020,TATA STEEL LIMITED,159.5,159.95,157.01,157.95,11951173,1890859315.71,0.9797938977571227,154.7584461507375
2025-08-11,TATASTEEL,INE081A01020,TATA STEEL LIMITED,157.95,160.0,157.15,158.52,14325736,2265729580.4,0.9797938977571227,155.31692867245908
2025-08-12,TATASTEEL,INE081A01020,TATA STEEL LIMITED,158.52,161.65,158.5,160.16,20056598,3221539927.51,0.9797938977571227,156.92379066478077
2025-08-13,TATASTEEL,INE081A01020,TATA STEEL LIMITED,160.96,162.4,159.9,160.18,18079396,2911976062.73,0.9797938977571227,156.9433865427359
2025-08-14,TATASTEEL,INE081A01020,TATA STEEL LIMITED,160.02,160.6,154.83,155.3,47256126,7398980151.67,0.9797938977571227,152.16199232168117
2025-08-18,TATASTEEL,INE081A01020,TATA STEEL LIMITED,158.0,159.0,156.0,157.96,61022494,9607164180.05,0.9797938977571227,154.7682440897151
2025-08-19,TATASTEEL,INE081A01020,TATA STEEL LIMITED,158.5,159.46,156.76,159.23,21224239,3364366794.33,0.9797938977571227,156.01258233986664
2025-08-20,TATASTEEL,INE081A01020,TATA STEEL LIMITED,158.2,162.76,158.03,161.92,28520245,4595421094.45,0.9797938977571227,158.6482279248333
2025-08-21,TATASTEEL,INE081A01020,TATA STEEL LIMITED,161.92,162.54,161.19,161.51,17282594,2797293208.19,0.9797938977571227,158.24651242675287
2025-08-22,TATASTEEL,INE081A01020,TATA STEEL LIMITED,161.25,161.28,158.1,158.55,16063984,2566438480.54,0.9797938977571227,155.3463224893918
2025-08-25,TATASTEEL,INE081A01020,TATA STEEL LIMITED,159.2,160.33,158.64,159.63,16376542,2614049036.29,0.9797938977571227,156.40449989896948
2025-08-26,TATASTEEL,INE081A01020,TATA STEEL LIMITED,159.16,159.16,154.64,155.03,19621100,3061587758.38,0.9797938977571227,151.89744796928673
2025-08-28,TATASTEEL,INE081A01020,TATA STEEL LIMITED,155.78,155.87,153.16,153.63,22269875,3432503613.0,0.9797938977571227,150.52573651242676
2025-08-29,TATASTEEL,INE081A01020,TATA STEEL LIMITED,154.5,155.1,153.05,154.48,16971859,2620318128.23,0.9797938977571227,151.3585613255203
2025-09-01,TATASTEEL,INE081A01020,TATA STEEL LIMITED,154.48,156.36,153.7,156.17,10798622,1679836985.28,0.9797938977571227,153.01441301272985
2025-09-02,TATASTEEL,INE081A01020,TATA STEEL LIMITED,156.17,159.07,155.5,158.39,21202113,3348255578.36,0.9797938977571227,155.18955546575066
2025-09-03,TATASTEEL,INE081A01020,TATA STEEL LIMITED,158.4,168.0,158.4,167.85,82352014,13623659440.32,0.9797938977571227,164.45840573853303
2025-09-04,TATASTEEL,INE081A01020,TATA STEEL LIMITED,169.0,169.3,166.62,166.81,26316842,4401213165.94,0.9797938977571227,163.43942008486565
2025-09-05,TATASTEEL,INE081A01020,TATA STEEL LIMITED,167.0,168.0,165.94,167.68,16798170,2805813958.21,0.9797938977571227,164.29184077591432
2025-09-08,TATASTEEL,INE081A01020,TATA STEEL LIMITED,170.0,172.5,168.46,168.82,36402317,6221067174.56,0.9797938977571227,165.40880581935744
2025-09-09,TATASTEEL,INE081A01020,TATA STEEL LIMITED,169.3,169.72,167.99,169.15,14028910,2368538301.06,0.9797938977571227,165.7321378056173
2025-09-10,TATASTEEL,INE081A01020,TATA STEEL LIMITED,169.19,170.73,168.75,169.43,13128306,2227231877.32,0.9797938977571227,166.0064800969893
2025-09-11,TATASTEEL,INE081A01020,TATA STEEL LIMITED,169.35,170.9,168.46,169.41,13829526,2343467550.95,0.9797938977571227,165.98688421903415
2025-09-12,TATASTEEL,INE081A01020,TATA STEEL LIMITED,169.6,171.0,168.63,169.78,12119036,2056218064.83,0.9797938977571227,166.3494079612043
2025-09-15,TATASTEEL,INE081A01020,TATA STEEL LIMITED,169.77,170.2,168.63,169.23,10611401,1797327327.99,0.9797938977571227,165.81052131743786
2025-09-16,TATASTEEL,INE081A01020,TATA STEEL LIMITED,169.39,172.27,169.02,172.02,26629438,4561676072.33,0.9797938977571227,168.54414629218024
2025-09-17,TATASTEEL,INE081A01020,TATA STEEL LIMITED,172.5,172.9,169.35,171.36,21381306,3657411231.09,0.9797938977571227,167.89748231966055
2025-09-18,TATASTEEL,INE081A01020,TATA STEEL LIMITED,171.46,172.2,169.81,172.03,16413388,2813185969.57,0.9797938977571227,168.5539442311578
2025-09-19,TATASTEEL,INE081A01020,TATA STEEL LIMITED,172.1,172.67,170.6,171.48,25406461,4358290313.66,0.9797938977571227,168.0150575873914
2025-09-22,TATASTEEL,INE081A01020,TATA STEEL LIMITED,170.8,172.21,170.51,171.39,20970704,3594280078.95,0.9797938977571227,167.92687613659325
2025-09-23,TATASTEEL,INE081A01020,TATA STEEL LIMITED,171.45,173.81,171.2,173.29,24533561,4238737406.43,0.9797938977571227,169.7884845423318
2025-09-24,TATASTEEL,INE081A01020,TATA STEEL LIMITED,173.16,174.44,172.38,172.66,20168891,3497809846.07,0.9797938977571227,169.1712143867448
2025-09-25,TATASTEEL,INE081A01020,TATA STEEL LIMITED,172.9,173.85,171.86,172.38,17026549,2941335157.94,0.9797938977571227,168.8968720953728
2025-09-26,TATASTEEL,INE081A01020,TATA STEEL LIMITED,172.22,173.37,167.2,167.4,20157657,3406873943.17,0.9797938977571227,164.01749848454233
2025-09-29,TATASTEEL,INE081A01020,TATA STEEL LIMITED,167.6,170.28,167.56,168.98,16832342,2847970568.5,0.9797938977571227,165.5655728429986
2025-09-30,TATASTEEL,INE081A01020,TATA STEEL LIMITED,169.5,170.15,168.41,168.77,24553596,4150283055.3,0.9797938977571227,165.3598161244696
2025-10-01,TATASTEEL,INE081A01020,TATA STEEL LIMITED,169.0,169.74,166.13,167.51,17542776,2939351263.43,0.9797938977571227,164.12527581329562
2025-10-03,TATASTEEL,INE081A01020,TATA STEEL LIMITED,168.12,174.74,168.12,173.21,55172705,9558814164.1,0.9797938977571227,169.71010103051123
2025-10-06,TATASTEEL,INE081A01020,TATA STEEL LIMITED,173.3,173.48,169.3,170.06,21474004,3660241985.27,0.9797938977571227,166.6237502525763
2025-10-07,TATASTEEL,INE081A01020,TATA STEEL LIMITED,170.4,172.2,170.4,171.43,19189843,3288388049.36,0.9797938977571227,167.96606789250353
2025-10-08,TATASTEEL,INE081A01020,TATA STEEL LIMITED,172.0,173.63,170.06,171.94,22662699,3901325663.94,0.9797938977571227,168.46576278035968
2025-10-09,TATASTEEL,INE081A01020,TATA STEEL LIMITED,172.79,177.82,172.78,176.42,68504717,12073253375.17,0.9797938977571227,172.85523944231156
2025-10-10,TATASTEEL,INE081A01020,TATA STEEL LIMITED,176.0,176.14,172.9,173.86,18085975,3142770545.5,0.9797938977571227,170.34696706405336
2025-10-13,TATASTEEL,INE081A01020,TATA STEEL LIMITED,173.0,173.8,170.91,173.03,19386219,3341508151.04,0.9797938977571227,169.53373812891493
2025-10-14,TATASTEEL,INE081A01020,TATA STEEL LIMITED,174.91,176.45,169.25,170.51,22082970,3793485094.01,0.9797938977571227,167.064657506567
2025-10-15,TATASTEEL,INE081A01020,TATA STEEL LIMITED,170.83,174.0,170.11,173.24,15031989,2599342035.68,0.9797938977571227,169.73949484744395
2025-10-16,TATASTEEL,INE081A01020,TATA STEEL LIMITED,173.0,174.49,172.22,174.0,12205250,2117851922.07,0.9797938977571227,170.48413820973934
2025-10-17,TATASTEEL,INE081A01020,TATA STEEL LIMITED,173.6,174.31,170.99,172.22,21659007,3734059297.06,0.9797938977571227,168.74010507173168
2025-10-20,TATASTEEL,INE081A01020,TATA STEEL LIMITED,173.3,173.3,170.82,171.95,18049579,3102452657.1,0.9797938977571227,168.47556071933724
2025-10-23,TATASTEEL,INE081A01020,TATA STEEL LIMITED,173.9,176.08,173.64,174.16,31472510,5499440199.34,0.9797938977571227,170.6409052333805
2025-10-24,TATASTEEL,INE081A01020,TATA STEEL LIMITED,174.6,177.35,173.72,174.44,25226376,4418205824.99,0.9797938977571227,170.9152475247525
2025-10-27,TATASTEEL,INE081A01020,TATA STEEL LIMITED,175.89,177.9,175.53,176.66,23832477,4214208147.16,0.9797938977571227,173.0903899777733
2025-10-28,TATASTEEL,INE081A01020,TATA STEEL LIMITED,177.35,182.06,177.02,181.81,59511794,10753271781.54,0.9797938977571227,178.13632855122248
2025-10-29,TATASTEEL,INE081A01020,TATA STEEL LIMITED,183.67,186.94,182.05,185.19,51610530,9560013023.6,0.9797938977571227,181.44803192564154
2025-10-30,TATASTEEL,INE081A01020,TATA STEEL LIMITED,184.4,185.19,182.64,184.35,24270977,4452835993.47,0.9797938977571227,180.62500505152556
2025-10-31,TATASTEEL,INE081A01020,TATA STEEL LIMITED,184.0,184.3,182.12,182.84,16041321,2935957168.59,0.9797938977571227,179.1455162659123
2025-11-03,TATASTEEL,INE081A01020,TATA STEEL LIMITED,182.4,184.1,181.8,182.67,16652212,3045392729.64,0.9797938977571227,178.9789513032936
2025-11-04,TATASTEEL,INE081A01020,TATA STEEL LIMITED,183.0,183.09,178.9,179.29,18746387,3378420599.57,0.9797938977571227,175.6672479288745
2025-11-06,TATASTEEL,INE081A01020,TATA STEEL LIMITED,179.29,180.67,176.52,177.27,23664538,4208479735.84,0.9797938977571227,173.68806425540515
2025-11-07,TATASTEEL,INE081A01020,TATA STEEL LIMITED,177.0,182.25,175.01,181.37,19165876,3434411842.58,0.9797938977571227,177.70521923620933
2025-11-10,TATASTEEL,INE081A01020,TATA STEEL LIMITED,182.03,182.51,180.2,181.48,18376132,3334929236.83,0.9797938977571227,177.81299656496262
2025-11-11,TATASTEEL,INE081A01020,TATA STEEL LIMITED,182.9,182.9,179.02,181.04,14109340,2549626090.32,0.9797938977571227,177.38188724994947
2025-11-12,TATASTEEL,INE081A01020,TATA STEEL LIMITED,181.44,182.15,178.0,178.61,19037263,3418508992.03,0.9797938977571227,175.0009880783997
2025-11-13,TATASTEEL,INE081A01020,TATA STEEL LIMITED,184.0,184.0,175.1,176.65,82083661,14722085938.16,0.9797938977571227,173.08059203879571
2025-11-14,TATASTEEL,INE081A01020,TATA STEEL LIMITED,177.52,177.7,172.12,174.26,38345500,6669935058.64,0.9797938977571227,170.7388846231562
2025-11-17,TATASTEEL,INE081A01020,TATA STEEL LIMITED,175.13,175.25,172.62,173.17,28204282,4889508467.17,0.9797938977571227,169.67090927460092
2025-11-18,TATASTEEL,INE081A01020,TATA STEEL LIMITED,172.4,173.12,170.55,172.45,34278387,5889758002.57,0.9797938977571227,168.9654576682158
2025-11-19,TATASTEEL,INE081A01020,TATA STEEL LIMITED,172.45,173.9,172.06,173.21,19621610,3394614826.66,0.9797938977571227,169.71010103051123
2025-11-20,TATASTEEL,INE081A01020,TATA STEEL LIMITED,174.1,174.36,172.26,172.46,15968891,2761558163.58,0.9797938977571227,168.9752556071934
2025-11-21,TATASTEEL,INE081A01020,TATA STEEL LIMITED,171.8,171.9,167.7,168.0,28412865,4812979005.91,0.9797938977571227,164.6053748231966
2025-11-24,TATASTEEL,INE081A01020,TATA STEEL LIMITED,168.0,168.38,165.18,165.36,31202769,5180890017.52,0.9797938977571227,162.0187189331178
2025-11-25,TATASTEEL,INE081A01020,TATA STEEL LIMITED,166.0,167.27,165.08,166.33,19983310,3322947224.57,0.9797938977571227,162.96911901394222
2025-11-26,TATASTEEL,INE081A01020,TATA STEEL LIMITED,167.0,169.95,166.9,169.67,15044796,2546429211.91,0.9797938977571227,166.24163063245098
2025-11-27,TATASTEEL,INE081A01020,TATA STEEL LIMITED,170.45,171.0,167.18,168.13,17546627,2960271021.31,0.9797938977571227,164.73274802990503
2025-11-28,TATASTEEL,INE081A01020,TATA STEEL LIMITED,168.13,169.0,167.29,167.96,11975539,2012626665.65,0.9797938977571227,164.56618306728632
2025-12-01,TATASTEEL,INE081A01020,TATA STEEL LIMITED,169.0,169.65,167.7,168.63,11758473,1981977612.27,0.9797938977571227,165.2226449787836
2025-12-02,TATASTEEL,INE081A01020,TATA STEEL LIMITED,168.43,168.85,167.0,167.78,15355023,2576540329.95,0.9797938977571227,164.38982016569005
2025-12-03,TATASTEEL,INE081A01020,TATA STEEL LIMITED,167.78,167.99,165.0,166.92,18873943,3139182867.65,0.9797938977571227,163.5471974136189
2025-12-04,TATASTEEL,INE081A01020,TATA STEEL LIMITED,167.8,167.97,166.2,166.77,11419966,1906390648.7,0.9797938977571227,163.40022832895536
2025-12-05,TATASTEEL,INE081A01020,TATA STEEL LIMITED,167.0,167.65,165.0,167.11,33500436,5555023660.21,0.9797938977571227,163.73335825419278
2025-12-08,TATASTEEL,INE081A01020,TATA STEEL LIMITED,167.09,168.2,163.0,163.47,15772400,2598340828.31,0.9797938977571227,160.16690846635683
2025-12-09,TATASTEEL,INE081A01020,TATA STEEL LIMITED,163.39,163.39,160.06,160.67,25766371,4158939007.31,0.9797938977571227,157.4234855526369
2025-12-10,TATASTEEL,INE081A01020,TATA STEEL LIMITED,161.0,163.68,160.81,162.23,22537548,3657231933.78,0.9797938977571227,158.951964033138
2025-12-11,TATASTEEL,INE081A01020,TATA STEEL LIMITED,163.5,166.66,163.17,166.38,32603566,5378233256.81,0.9797938977571227,163.01810870883006
2025-12-12,TATASTEEL,INE081A01020,TATA STEEL LIMITED,167.6,172.5,167.4,171.89,41130927,7020942884.67,0.9797938977571227,168.4167730854718
2025-12-15,TATASTEEL,INE081A01020,TATA STEEL LIMITED,170.95,173.17,170.5,172.87,23254201,4010273717.67,0.9797938977571227,169.3769711052738
2025-12-16,TATASTEEL,INE081A01020,TATA STEEL LIMITED,172.7,172.7,169.25,169.83,22981935,3911860834.36,0.9797938977571227,166.39839765609216
2025-12-17,TATASTEEL,INE081A01020,TATA STEEL LIMITED,170.09,171.3,169.66,170.34,11624504,1979364368.97,0.9797938977571227,166.89809254394828
2025-12-18,TATASTEEL,INE081A01020,TATA STEEL LIMITED,169.92,170.45,167.56,168.12,13152378,2223352193.86,0.9797938977571227,164.72295009092747
2025-12-19,TATASTEEL,INE081A01020,TATA STEEL LIMITED,169.15,169.62,167.83,168.69,28448892,4796427579.5,0.9797938977571227,165.281432612649
2025-12-22,TATASTEEL,INE081A01020,TATA STEEL LIMITED,169.04,171.46,169.0,169.22,23729300,4034006284.29,0.9797938977571227,165.8007233784603
2025-12-23,TATASTEEL,INE081A01020,TATA STEEL LIMITED,169.35,171.35,169.25,170.9,17348078,2958538412.04,0.9797938977571227,167.44677712669227
2025-12-24,TATASTEEL,INE081A01020,TATA STEEL LIMITED,171.35,171.65,169.67,170.07,17430406,2974833228.87,0.9797938977571227,166.63354819155384
2025-12-26,TATASTEEL,INE081A01020,TATA STEEL LIMITED,169.89,169.9,167.82,169.12,16904834,2852049160.84,0.9797938977571227,165.7027439886846
2025-12-29,TATASTEEL,INE081A01020,TATA STEEL LIMITED,169.51,174.13,169.29,172.3,48001907,8291644748.2,0.9797938977571227,168.81848858355224
2025-12-30,TATASTEEL,INE081A01020,TATA STEEL LIMITED,172.78,176.35,170.8,175.8,33741158,5883171811.78,0.9797938977571227,172.24776722570218
2025-12-31,TATASTEEL,INE081A01020,TATA STEEL LIMITED,180.0,181.4,178.5,180.08,50897201,9166355732.62,0.9797938977571227,176.44128510810268
2026-01-01,TATASTEEL,INE081A01020,TATA STEEL LIMITED,180.6,182.2,180.2,181.89,21507757,3899881548.82,0.9797938977571227,178.21471206304304
2026-01-02,TATASTEEL,INE081A01020,TATA STEEL LIMITED,182.0,183.85,181.6,182.88,23006840,4208596517.14,0.9797938977571227,179.1847080218226
2026-01-05,TATASTEEL,INE081A01020,TATA STEEL LIMITED,182.88,186.89,182.87,185.72,30646009,5680401827.38,0.9797938977571227,181.9673226914528
2026-01-06,TATASTEEL,INE081A01020,TATA STEEL LIMITED,186.0,187.85,184.47,186.2,28514282,5317456496.59,0.9797938977571227,182.43762376237623
2026-01-07,TATASTEEL,INE081A01020,TATA STEEL LIMITED,186.2,186.65,182.9,183.8,18231588,3359558960.1,0.9797938977571227,180.08611840775916
2026-01-08,TATASTEEL,INE081A01020,TATA STEEL LIMITED,185.45,185.87,179.55,180.12,38454951,6976261295.31,0.9797938977571227,176.48047686401293
2026-01-09,TATASTEEL,INE081A01020,TATA STEEL LIMITED,179.05,181.5,177.33,178.4,25318701,4537682420.42,0.9797938977571227,174.79523135987068
2026-01-12,TATASTEEL,INE081A01020,TATA STEEL LIMITED,178.4,183.65,177.64,183.24,25782267,4666632319.28,0.9797938977571227,179.53743382501517
2026-01-13,TATASTEEL,INE081A01020,TATA STEEL LIMITED,183.5,184.39,181.1,182.57,19155081,3500409050.94,0.9797938977571227,178.88097191351787
2026-01-14,TATASTEEL,INE081A01020,TATA STEEL LIMITED,182.57,190.65,181.66,189.25,55907778,10517926531.12,0.9797938977571227,185.42599515053547
2026-01-16,TATASTEEL,INE081A01020,TATA STEEL LIMITED,190.05,191.0,187.31,188.21,26028519,4920382644.88,0.9797938977571227,184.40700949686806
2026-01-19,TATASTEEL,INE081A01020,TATA STEEL LIMITED,187.1,189.44,186.8,188.27,19709364,3709767886.51,0.9797938977571227,184.4657971307335
2026-01-20,TATASTEEL,INE081A01020,TATA STEEL LIMITED,188.27,190.0,183.03,183.56,20094927,3733729229.06,0.9797938977571227,179.85096787229745
2026-01-21,TATASTEEL,INE081A01020,TATA STEEL LIMITED,183.56,185.71,180.88,184.41,35037961,6427132712.03,0.9797938977571227,180.68379268539098
2026-01-22,TATASTEEL,INE081A01020,TATA STEEL LIMITED,185.89,189.99,185.79,189.1,35681682,6722734157.12,0.9797938977571227,185.2790260658719
2026-01-23,TATASTEEL,INE081A01020,TATA STEEL LIMITED,190.5,192.4,187.27,187.61,28492706,5408330190.68,0.9797938977571227,183.8191331582138
2026-01-27,TATASTEEL,INE081A01020,TATA STEEL LIMITED,189.67,193.14,187.72,192.28,42314287,8080832828.79,0.9797938977571227,188.39477066073954
2026-01-28,TATASTEEL,INE081A01020,TATA STEEL LIMITED,193.49,195.2,192.1,193.85,33310718,6455367645.07,0.9797938977571227,189.93304708021822
2026-01-29,TATASTEEL,INE081A01020,TATA STEEL LIMITED,194.45,202.99,194.11,202.32,60610904,12066145271.5,0.9797938977571227,198.23190139422104
2026-01-30,TATASTEEL,INE081A01020,TATA STEEL LIMITED,198.55,199.0,190.63,193.13,52262849,10105746545.19,0.9797938977571227,189.2275954738331
2026-02-02,TATASTEEL,INE081A01020,TATA STEEL LIMITED,185.38,189.0,182.55,188.51,25601945,4748095257.57,0.9797938977571227,184.7009476661952
2026-02-03,TATASTEEL,INE081A01020,TATA STEEL LIMITED,193.58,199.0,191.51,192.93,28467895,5504206296.71,0.9797938977571227,189.03163669428167
2026-02-04,TATASTEEL,INE081A01020,TATA STEEL LIMITED,193.99,196.14,193.45,195.4,13859145,2706925099.5,0.9797938977571227,191.45172762174178
2026-02-05,TATASTEEL,INE081A01020,TATA STEEL LIMITED,193.0,198.41,191.52,197.76,31293689,6135676594.73,0.9797938977571227,193.76404122044858
2026-02-06,TATASTEEL,INE081A01020,TATA STEEL LIMITED,197.6,197.6,194.37,197.06,18446912,3618159250.36,0.9797938977571227,193.0781854920186
2026-02-09,TATASTEEL,INE081A01020,TATA STEEL LIMITED,202.0,206.34,197.55,202.0,68967709,13918269579.09,0.9797938977571227,197.91836734693877
2026-02-10,TATASTEEL,INE081A01020,TATA STEEL LIMITED,202.99,211.1,201.08,208.01,82443790,17123186655.79,0.9797938977571227,203.80692867245907
2026-02-11,TATASTEEL,INE081A01020,TATA STEEL LIMITED,209.4,210.25,205.3,207.59,40897457,8498943451.03,0.9797938977571227,203.3954152354011
2026-02-12,TATASTEEL,INE081A01020,TATA STEEL LIMITED,208.0,210.39,206.2,208.11,24109860,5031615137.14,0.9797938977571227,203.90490806223482
2026-02-13,TATASTEEL,INE081A01020,TATA STEEL LIMITED,206.59,206.85,202.56,203.18,25870923,5292004652.71,0.9797938977571227,199.0745241462922
2026-02-16,TATASTEEL,INE081A01020,TATA STEEL LIMITED,201.0,206.12,200.55,205.81,17932490,3662125249.19,0.9797938977571227,201.65138209739342
2026-02-17,TATASTEEL,INE081A01020,TATA STEEL LIMITED,205.5,205.8,201.66,203.08,18506676,3759230373.66,0.9797938977571227,198.9765447565165
2026-02-18,TATASTEEL,INE081A01020,TATA STEEL LIMITED,203.55,209.7,203.55,209.03,48357001,10071442353.13,0.9797938977571227,204.80631844817134
2026-02-19,TATASTEEL,INE081A01020,TATA STEEL LIMITED,211.0,211.39,204.25,205.41,27749813,5770338722.38,0.9797938977571227,201.25946453829056
2026-02-20,TATASTEEL,INE081A01020,TATA STEEL LIMITED,206.41,209.3,204.73,208.36,26605844,5529692606.63,0.9797938977571227,204.1498565366741
2026-02-23,TATASTEEL,INE081A01020,TATA STEEL LIMITED,210.0,210.1,205.5,208.14,23377191,4857783993.4,0.9797938977571227,203.9343018791675
2026-02-24,TATASTEEL,INE081A01020,TATA STEEL LIMITED,207.21,209.54,206.75,209.13,23413086,4883616282.46,0.9797938977571227,204.90429783794707
2026-02-25,TATASTEEL,INE081A01020,TATA STEEL LIMITED,210.1,216.45,209.4,214.64,48873839,10472763121.31,0.9797938977571227,210.3029622145888
2026-02-26,TATASTEEL,INE081A01020,TATA STEEL LIMITED,215.95,215.95,213.01,215.52,25522669,5474144029.75,0.9797938977571227,211.1651808446151
2026-02-27,TATASTEEL,INE081A01020,TATA STEEL LIMITED,215.5,215.9,211.66,212.33,25598534,5466619064.83,0.9797938977571227,208.03963831076987
2026-03-02,TATASTEEL,INE081A01020,TATA STEEL LIMITED,205.0,214.34,204.5,211.01,30523310,6430986089.24,0.9797938977571227,206.74631036573044
2026-03-04,TATASTEEL,INE081A01020,TATA STEEL LIMITED,207.0,207.0,194.43,196.73,72096617,14258915692.0,0.9797938977571227,192.75485350575875
2026-03-05,TATASTEEL,INE081A01020,TATA STEEL LIMITED,198.5,203.04,197.63,200.57,41033397,8215952931.23,0.9797938977571227,196.5172620731461
2026-03-06,TATASTEEL,INE081A01020,TATA STEEL LIMITED,199.5,202.2,197.1,198.46,28551376,5703261980.33,0.9797938977571227,194.44989694887857
2026-03-09,TATASTEEL,INE081A01020,TATA STEEL LIMITED,193.45,193.7,187.03,191.01,43019965,8164270198.25,0.9797938977571227,187.150432410588
2026-03-10,TATASTEEL,INE081A01020,TATA STEEL LIMITED,194.01,196.64,192.0,195.0,25783308,5009045313.91,0.9797938977571227,191.05981006263892
2026-03-11,TATASTEEL,INE081A01020,TATA STEEL LIMITED,197.14,198.88,194.0,194.74,34207226,6710715267.17,0.9797938977571227,190.80506364922206
2026-03-12,TATASTEEL,INE081A01020,TATA STEEL LIMITED,193.99,194.66,190.1,193.47,24413736,4698943177.82,0.9797938977571227,189.56072539907052
2026-03-13,TATASTEEL,INE081A01020,TATA STEEL LIMITED,191.95,192.5,182.26,183.51,42683952,7921846030.46,0.9797938977571227,179.80197817740958
2026-03-16,TATASTEEL,INE081A01020,TATA STEEL LIMITED,183.0,187.65,181.25,186.94,44789516,8315004054.12,0.9797938977571227,183.1626712467165
2026-03-17,TATASTEEL,INE081A01020,TATA STEEL LIMITED,187.8,196.31,186.85,195.43,45672442,8812372587.9,0.9797938977571227,191.48112143867448
2026-03-18,TATASTEEL,INE081A01020,TATA STEEL LIMITED,196.4,196.43,193.17,195.41,26353743,5135339068.65,0.9797938977571227,191.46152556071934
2026-03-19,TATASTEEL,INE081A01020,TATA STEEL LIMITED,190.8,194.22,189.37,190.51,24146344,4639361111.66,0.9797938977571227,186.66053546170943
2026-03-20,TATASTEEL,INE081A01020,TATA STEEL LIMITED,193.4,199.44,193.34,196.77,46881257,9242507427.13,0.9797938977571227,192.79404526166903
2026-03-23,TATASTEEL,INE081A01020,TATA STEEL LIMITED,193.0,193.95,186.51,187.17,44393392,8350975100.96,0.9797938977571227,183.38802384320064
2026-03-24,TATASTEEL,INE081A01020,TATA STEEL LIMITED,192.0,192.19,187.78,190.79,34321983,6522794084.93,0.9797938977571227,186.93487775308142
2026-03-25,TATASTEEL,INE081A01020,TATA STEEL LIMITED,193.03,197.15,192.32,196.65,34767360,6798626728.64,0.9797938977571227,192.67646999393818
2026-03-27,TATASTEEL,INE081A01020,TATA STEEL LIMITED,194.32,195.5,192.64,193.22,36938046,7163811518.94,0.9797938977571227,189.31577692463125
2026-03-30,TATASTEEL,INE081A01020,TATA STEEL LIMITED,192.0,194.42,188.3,191.86,45914996,8803357572.67,0.9797938977571227,187.98325722368156
2026-04-01,TATASTEEL,INE081A01020,TATA STEEL LIMITED,200.0,200.2,194.0,194.6,35813622,7036027199.85,0.9797938977571227,190.66789250353605
2026-04-02,TATASTEEL,INE081A01020,TATA STEEL LIMITED,192.91,194.85,187.95,194.14,27633959,5278924464.71,0.9797938977571227,190.2171873105678
2026-04-06,TATASTEEL,INE081A01020,TATA STEEL LIMITED,193.02,196.65,190.25,196.1,28115748,5472782987.97,0.9797938977571227,192.13758335017175
2026-04-07,TATASTEEL,INE081A01020,TATA STEEL LIMITED,195.6,198.42,193.28,198.13,32090982,6304473667.29,0.9797938977571227,194.12656496261872
2026-04-08,TATASTEEL,INE081A01020,TATA STEEL LIMITED,202.01,206.4,202.0,204.18,37018381,7571517855.02,0.9797938977571227,200.05431804404932
2026-04-09,TATASTEEL,INE081A01020,TATA STEEL LIMITED,204.51,208.19,204.06,205.2,36853400,7583178409.67,0.9797938977571227,201.05370781976157
2026-04-10,TATASTEEL,INE081A01020,TATA STEEL LIMITED,207.98,209.0,204.8,206.61,28385501,5856811283.48,0.9797938977571227,202.43521721559912
2026-04-13,TATASTEEL,INE081A01020,TATA STEEL LIMITED,203.7,207.0,201.5,206.39,25848544,5282615109.23,0.9797938977571227,202.21966255809252
2026-04-15,TATASTEEL,INE081A01020,TATA STEEL LIMITED,209.0,211.15,207.6,208.72,30858355,6451871068.52,0.9797938977571227,204.50258233986665
2026-04-16,TATASTEEL,INE081A01020,TATA STEEL LIMITED,209.75,212.92,209.01,210.69,26751249,5636520456.73,0.9797938977571227,206.43277631844816
2026-04-17,TATASTEEL,INE081A01020,TATA STEEL LIMITED,210.69,212.46,208.5,212.12,22837792,4815505748.9,0.9797938977571227,207.83388159224086
2026-04-20,TATASTEEL,INE081A01020,TATA STEEL LIMITED,212.0,213.4,209.8,211.72,24992602,5289180627.43,0.9797938977571227,207.44196403313802
2026-04-21,TATASTEEL,INE081A01020,TATA STEEL LIMITED,211.72,214.49,211.08,212.01,17427021,3703768432.28,0.9797938977571227,207.72610426348757
2026-04-22,TATASTEEL,INE081A01020,TATA STEEL LIMITED,211.0,213.78,210.51,213.03,20795714,4424255827.33,0.9797938977571227,208.72549403919984
2026-04-23,TATASTEEL,INE081A01020,TATA STEEL LIMITED,213.04,213.1,210.16,210.91,19304122,4076983792.07,0.9797938977571227,206.64833097595474
2026-04-24,TATASTEEL,INE081A01020,TATA STEEL LIMITED,211.0,212.0,208.6,210.07,22379072,4700831852.61,0.9797938977571227,205.82530410183875
2026-04-27,TATASTEEL,INE081A01020,TATA STEEL LIMITED,211.0,215.0,210.93,213.27,33068230,7067361145.71,0.9797938977571227,208.96064457466156
2026-04-28,TATASTEEL,INE081A01020,TATA STEEL LIMITED,213.2,218.24,212.2,215.05,34950491,7548537437.54,0.9797938977571227,210.70467771266925
2026-04-29,TATASTEEL,INE081A01020,TATA STEEL LIMITED,216.1,217.0,211.36,215.88,32800573,7059002347.17,0.9797938977571227,211.51790664780765
2026-04-30,TATASTEEL,INE081A01020,TATA STEEL LIMITED,215.78,215.78,210.0,211.36,24894783,5264443783.78,0.9797938977571227,207.08923822994547
2026-05-04,TATASTEEL,INE081A01020,TATA STEEL LIMITED,212.55,214.5,211.4,212.24,23140911,4928391367.94,0.9797938977571227,207.95145685997173
2026-05-05,TATASTEEL,INE081A01020,TATA STEEL LIMITED,212.2,212.34,209.45,211.32,20733709,4377567294.65,0.9797938977571227,207.05004647403516
2026-05-06,TATASTEEL,INE081A01020,TATA STEEL LIMITED,214.0,216.73,212.42,215.47,24082651,5166396803.31,0.9797938977571227,211.11619114972723
2026-05-07,TATASTEEL,INE081A01020,TATA STEEL LIMITED,216.7,219.2,215.75,217.09,21243369,4618172066.23,0.9797938977571227,212.70345726409377
2026-05-08,TATASTEEL,INE081A01020,TATA STEEL LIMITED,217.0,217.4,214.25,214.49,17760366,3828093225.95,0.9797938977571227,210.15599312992526
2026-05-11,TATASTEEL,INE081A01020,TATA STEEL LIMITED,213.5,215.0,211.52,212.08,16301350,3475228852.6,0.9797938977571227,207.79468983633058
2026-05-12,TATASTEEL,INE081A01020,TATA STEEL LIMITED,212.0,216.33,211.5,212.0,28371348,6049149843.27,0.9797938977571227,207.71630632451001
2026-05-13,TATASTEEL,INE081A01020,TATA STEEL LIMITED,213.24,220.91,213.07,219.62,46231533,10072034414.35,0.9797938977571227,215.18233582541927
2026-05-14,TATASTEEL,INE081A01020,TATA STEEL LIMITED,222.3,222.9,219.02,221.13,34985006,7745306505.14,0.9797938977571227,216.66182461103253
2026-05-15,TATASTEEL,INE081A01020,TATA STEEL LIMITED,223.0,224.4,216.0,216.84,33231023,7288755315.59,0.9797938977571227,212.45850878965447
2026-05-18,TATASTEEL,INE081A01020,TATA STEEL LIMITED,211.0,211.82,205.05,209.71,73796001,15417815732.53,0.9797938977571227,205.4725782986462
2026-05-19,TATASTEEL,INE081A01020,TATA STEEL LIMITED,210.59,212.33,208.9,209.29,32573663,6857878246.42,0.9797938977571227,205.0610648615882
2026-05-20,TATASTEEL,INE081A01020,TATA STEEL LIMITED,207.5,207.5,203.04,207.01,56670462,11609116237.83,0.9797938977571227,202.82713477470196
2026-05-21,TATASTEEL,INE081A01020,TATA STEEL LIMITED,209.75,210.07,207.66,208.58,24385712,5091726277.92,0.9797938977571227,204.36541119418067
2026-05-22,TATASTEEL,INE081A01020,TATA STEEL LIMITED,209.6,210.88,208.26,209.19,22023114,4607829371.67,0.9797938977571227,204.9630854718125
2026-05-25,TATASTEEL,INE081A01020,TATA STEEL LIMITED,211.3,211.75,209.44,210.22,23090495,4852511379.8,0.9797938977571227,205.97227318650232
2026-05-26,TATASTEEL,INE081A01020,TATA STEEL LIMITED,209.9,211.14,209.51,210.47,17801824,3742134132.08,0.9797938977571227,206.21722166094162
2026-05-27,TATASTEEL,INE081A01020,TATA STEEL LIMITED,210.7,218.96,210.7,214.7,39110042,8418385061.17,0.9797938977571227,210.36174984845422
2026-05-29,TATASTEEL,INE081A01020,TATA STEEL LIMITED,215.69,215.7,206.7,208.02,67467374,14134169654.94,0.9797938977571227,203.81672661143668
2026-06-01,TATASTEEL,INE081A01020,TATA STEEL LIMITED,210.0,211.4,206.5,210.57,23733470,4966146510.54,0.9797938977571227,206.31520105071732
2026-06-02,TATASTEEL,INE081A01020,TATA STEEL LIMITED,209.01,213.46,208.57,210.6,29358964,6194009782.08,0.9797938977571227,206.34459486765002
2026-06-03,TATASTEEL,INE081A01020,TATA STEEL LIMITED,210.71,212.49,207.6,211.89,23198930,4876540793.24,0.9797938977571227,207.6085289957567
2026-06-04,TATASTEEL,INE081A01020,TATA STEEL LIMITED,210.42,212.24,209.31,210.57,18939468,3991247363.48,0.9797938977571227,206.31520105071732
2026-06-08,TATASTEEL,INE081A01020,TATA STEEL LIMITED,203.44,205.21,201.6,202.72,31036948,6319823914.24,0.9797938977571227,198.6238189533239
2026-06-09,TATASTEEL,INE081A01020,TATA STEEL LIMITED,203.0,204.0,200.34,203.18,42111455,8507860100.61,0.9797938977571227,199.0745241462922
2026-06-10,TATASTEEL,INE081A01020,TATA STEEL LIMITED,203.0,203.4,198.0,199.31,34008938,6819285087.2,0.9797938977571227,195.2827217619721
2026-06-11,TATASTEEL,INE081A01020,TATA STEEL LIMITED,197.44,199.35,196.05,197.96,38292223,7583633581.28,0.9797938977571227,193.96
2026-06-12,TATASTEEL,INE081A01020,TATA STEEL LIMITED,200.0,200.82,195.8,197.86,27622963,5445854338.36,1.0,197.86
2026-06-17,TATASTEEL,INE081A01020,TATA STEEL LIMITED,196.79,199.5,195.6,199.01,22491220,4454047517.07,1.0,199.01
2026-06-18,TATASTEEL,INE081A01020,TATA STEEL LIMITED,199.01,200.7,198.15,200.52,22111931,4414229199.47,1.0,200.52
2026-06-19,TATASTEEL,INE081A01020,TATA STEEL LIMITED,199.25,199.36,196.5,198.96,31571461,6264898192.72,1.0,198.96
2026-06-23,TATASTEEL,INE081A01020,TATA STEEL LIMITED,197.75,197.98,192.73,193.56,34634510,6734418978.55,1.0,193.56
2026-06-24,TATASTEEL,INE081A01020,TATA STEEL LIMITED,192.8,193.38,189.59,190.16,51305789,9793275669.49,1.0,190.16
2026-06-25,TATASTEEL,INE081A01020,TATA STEEL LIMITED,190.0,190.86,187.61,188.71,34151735,6445694439.45,1.0,188.71
2026-06-29,TATASTEEL,INE081A01020,TATA STEEL LIMITED,188.73,191.27,188.6,189.57,62549132,11870289687.52,1.0,189.57
2026-06-30,TATASTEEL,INE081A01020,TATA STEEL LIMITED,189.5,190.4,187.05,188.06,33686235,6342013503.46,1.0,188.06
2026-07-01,TATASTEEL,INE081A01020,TATA STEEL LIMITED,188.5,188.71,184.7,185.17,20614036,3850436782.03,1.0,185.17
2026-07-02,TATASTEEL,INE081A01020,TATA STEEL LIMITED,186.0,188.6,185.14,187.67,29139217,5446168761.0,1.0,187.67
2026-07-03,TATASTEEL,INE081A01020,TATA STEEL LIMITED,190.6,192.98,189.11,189.8,28474469,5442207149.71,1.0,189.8
2026-07-06,TATASTEEL,INE081A01020,TATA STEEL LIMITED,190.39,191.45,189.19,190.87,14466645,2760395058.67,1.0,190.87
2026-07-07,TATASTEEL,INE081A01020,TATA STEEL LIMITED,191.0,191.3,189.0,189.79,22805982,4330034880.52,1.0,189.79
2026-07-08,TATASTEEL,INE081A01020,TATA STEEL LIMITED,187.66,189.79,186.52,188.2,17816943,3356166013.23,1.0,188.2
2026-07-09,TATASTEEL,INE081A01020,TATA STEEL LIMITED,189.5,189.87,186.62,187.91,21203724,3982658955.84,1.0,187.91
2026-07-10,TATASTEEL,INE081A01020,TATA STEEL LIMITED,189.68,193.3,188.74,191.19,23145573,4424289783.46,1.0,191.19
2026-07-13,TATASTEEL,INE081A01020,TATA STEEL LIMITED,189.0,189.27,185.4,187.11,47597415,8896577266.76,1.0,187.11
2026-07-14,TATASTEEL,INE081A01020,TATA STEEL LIMITED,186.7,190.35,186.7,188.27,24096425,4545777942.27,1.0,188.27
2026-07-15,TATASTEEL,INE081A01020,TATA STEEL LIMITED,188.74,189.33,184.81,185.26,24924570,4657489374.81,1.0,185.26
2026-07-16,TATASTEEL,INE081A01020,TATA STEEL LIMITED,186.5,186.75,184.91,185.49,13166990,2444583765.31,1.0,185.49
2026-07-17,TATASTEEL,INE081A01020,TATA STEEL LIMITED,185.2,186.59,183.41,185.89,20132684,3729434982.5,1.0,185.89
2026-07-20,TATASTEEL,INE081A01020,TATA STEEL LIMITED,186.68,187.19,185.76,186.41,11188887,2086313974.46,1.0,186.41
2026-07-21,TATASTEEL,INE081A01020,TATA STEEL LIMITED,186.75,188.1,184.7,187.24,21618426,4030483034.51,1.0,187.24
2026-07-22,TATASTEEL,INE081A01020,TATA STEEL LIMITED,187.99,187.99,184.91,186.53,16643117,3098045460.29,1.0,186.53
2026-07-23,TATASTEEL,INE081A01020,TATA STEEL LIMITED,186.0,186.0,183.5,184.23,20581098,3800421199.59,1.0,184.23
2026-07-24,TATASTEEL,INE081A01020,TATA STEEL LIMITED,183.41,183.52,181.2,182.67,16117953,2942883760.8,1.0,182.67
2026-07-27,TATASTEEL,INE081A01020,TATA STEEL LIMITED,183.6,184.89,183.33,184.25,11857396,2184186222.82,1.0,184.25
2026-07-28,TATASTEEL,INE081A01020,TATA STEEL LIMITED,184.31,185.14,182.01,182.63,19135253,3504743365.78,1.0,182.63
2026-07-29,TATASTEEL,INE081A01020,TATA STEEL LIMITED,183.5,188.67,183.04,187.27,24872418,4649360447.69,1.0,187.27
2026-07-30,TATASTEEL,INE081A01020,TATA STEEL LIMITED,188.01,188.99,186.1,186.92,13769746,2576831530.63,1.0,186.92
2026-07-31,TATASTEEL,INE081A01020,TATA STEEL LIMITED,188.25,191.84,186.31,189.69,34249584,6482276023.29,1.0,189.69
2026-08-03,TATASTEEL,INE081A01020,TATA STEEL LIMITED,192.94,193.5,188.49,191.0,27563681,5247880994.5,1.0,191.0
2026-08-04,TATASTEEL,INE081A01020,TATA STEEL LIMITED,190.7,192.6,189.0,190.95,22165429,4229178364.79,1.0,190.95
2026-08-05,TATASTEEL,INE081A01020,TATA STEEL LIMITED,192.25,192.99,189.84,192.99,22780522,4360683023.72,1.0,192.99
2026-08-06,TATASTEEL,INE081A01020,TATA STEEL LIMITED,193.45,193.65,188.99,189.3,18802510,3585630562.5,1.0,189.3
2026-08-07,TATASTEEL,INE081A01020,TATA STEEL LIMITED,189.41,189.69,186.75,187.55,9924021,1867369223.2,1.0,187.55
2026-08-10,TATASTEEL,INE081A01020,TATA STEEL LIMITED,187.56,192.35,187.55,190.24,33338101,6361280505.28,1.0,190.24
2026-08-11,TATASTEEL,INE081A01020,TATA STEEL LIMITED,190.24,190.56,186.78,188.25,20973262,3943764867.43,1.0,188.25
2026-08-12,TATASTEEL,INE081A01020,TATA STEEL LIMITED,188.35,188.88,183.6,186.2,36484049,6765718726.67,1.0,186.2
2026-08-13,TATASTEEL,INE081A01020,TATA STEEL LIMITED,186.2,186.66,183.46,184.85,19940424,3673667449.76,1.0,184.85
2026-08-14,TATASTEEL,INE081A01020,TATA STEEL LIMITED,184.0,184.19,180.0,183.5,16131505,2940912716.43,1.0,183.5
2026-08-17,TATASTEEL,INE081A01020,TATA STEEL LIMITED,183.5,186.35,182.06,186.0,16278106,3004450129.37,1.0,186.0
2026-08-18,TATASTEEL,INE081A01020,TATA STEEL LIMITED,186.34,187.11,184.33,185.5,13393441,2481938987.78,1.0,185.5
2026-08-19,TATASTEEL,INE081A01020,TATA STEEL LIMITED,184.16,184.95,182.5,184.0,15509632,2850676548.54,1.0,184.0
2026-08-20,TATASTEEL,INE081A01020,TATA STEEL LIMITED,185.0,185.6,182.95,183.5,21782667,4006332381.46,1.0,183.5
2026-08-21,TATASTEEL,INE081A01020,TATA STEEL LIMITED,184.4,184.94,182.0,183.0,26299054,4818260525.3,1.0,183.0
2026-08-24,TATASTEEL,INE081A01020,TATA STEEL LIMITED,184.15,186.3,183.06,186.3,37800944,7000100638.46,1.0,186.3
2026-08-25,TATASTEEL,INE081A01020,TATA STEEL LIMITED,186.3,187.27,183.5,186.94,24578020,4538418286.6,1.0,186.94
2026-08-26,TATASTEEL,INE081A01020,TATA STEEL LIMITED,186.49,189.95,184.29,188.01,32199274,6009328384.72,1.0,188.01
2026-08-27,TATASTEEL,INE081A01020,TATA STEEL LIMITED,188.05,190.25,186.5,186.8,40921836,7704289211.01,1.0,186.8
2026-08-28,TATASTEEL,INE081A01020,TATA STEEL LIMITED,187.6,188.79,184.08,186.5,39370394,7309368090.87,1.0,186.5
2026-08-31,TATASTEEL,INE081A01020,TATA STEEL LIMITED,185.35,185.82,181.4,184.35,36802869,6718626126.96,1.0,184.35
2026-09-01,TATASTEEL,INE081A01020,TATA STEEL LIMITED,183.7,188.68,182.12,184.07,46663321,8618146081.01,1.0,184.07
2026-09-02,TATASTEEL,INE081A01020,TATA STEEL LIMITED,182.5,184.06,181.44,183.85,19496175,3566169254.13,1.0,183.85
2026-09-03,TATASTEEL,INE081A01020,TATA STEEL LIMITED,184.11,187.65,182.0,184.2,21964971,4042819276.96,1.0,184.2
2026-09-04,TATASTEEL,INE081A01020,TATA STEEL LIMITED,184.2,189.9,182.84,188.79,36500951,6838451656.64,1.0,188.79
2026-09-07,TATASTEEL,INE081A01020,TATA STEEL LIMITED,189.0,190.24,184.37,185.61,23695657,4397145357.16,1.0,185.61
2026-09-08,TATASTEEL,INE081A01020,TATA STEEL LIMITED,185.9,186.5,183.61,184.15,24272812,4490193611.23,1.0,184.15
2026-09-09,TATASTEEL,INE081A01020,TATA STEEL LIMITED,184.8,190.26,183.41,188.75,45985325,8627102945.09,1.0,188.75
2026-09-10,TATASTEEL,INE081A01020,TATA STEEL LIMITED,189.0,189.0,185.0,186.78,23334612,4353785274.52,1.0,186.78
2026-09-11,TATASTEEL,INE081A01020,TATA STEEL LIMITED,184.0,184.24,180.79,183.0,31510206,5746576106.6,1.0,183.0
2026-09-15,TATASTEEL,INE081A01020,TATA STEEL LIMITED,186.1,186.49,182.38,183.65,31857708,5846309696.85,1.0,183.65
2026-09-16,TATASTEEL,INE081A01020,TATA STEEL LIMITED,183.65,185.4,180.28,183.0,29476234,5400438594.0,1.0,183.0
2026-09-17,TATASTEEL,INE081A01020,TATA STEEL LIMITED,183.0,189.49,182.87,187.29,29397693,5457511338.49,1.0,187.29
2026-09-18,TATASTEEL,INE081A01020,TATA STEEL LIMITED,186.4,187.96,185.54,185.54,29014128,5406705963.82,1.0,185.54
